code,name,time_key,open,close,high,low,pe_ratio,turnover_rate,volume,turnover,change_rate,last_close
HK.00175,吉利汽车,2019-06-03,10.98253,11.00253,11.12253,10.74253,8.007,0.00432,39290735,499470824.0,-0.7218568323298026,11.08253
HK.00175,吉利汽车,2019-06-04,11.02253,10.72253,11.12253,10.60253,7.832,0.00449,40879141,511781142.0,-2.544869225532667,11.00253
HK.00175,吉利汽车,2019-06-05,11.00253,10.78253,11.24253,10.72253,7.869,0.00476,43342142,550720690.0,0.5595694299759358,10.72253
HK.00175,吉利汽车,2019-06-06,10.88253,11.06253,11.18253,10.78253,8.045,0.00542,49344197,630052031.0,2.596793145949987,10.78253
HK.00175,吉利汽车,2019-06-10,11.22253,11.14253,11.54253,11.06253,8.095,0.00738,67176387,877331732.0,0.7231618806909457,11.06253
HK.00175,吉利汽车,2019-06-11,11.02253,11.30253,11.36253,10.92253,8.195,0.00602,54749656,712879101.0,1.435939593611147,11.14253
HK.00175,吉利汽车,2019-06-12,11.24253,10.92253,11.28253,10.74253,7.957,0.00663,60319874,766545353.0,-3.362079109721458,11.30253
HK.00175,吉利汽车,2019-06-13,11.04253,10.80253,11.04253,10.54253,7.882,0.00566,51536387,642328681.0,-1.098646558993193,10.92253
HK.00175,吉利汽车,2019-06-14,10.93253,10.73253,10.95253,10.65253,7.619,0.00497,45255700,551921721.0,-0.6479963490034305,10.80253
HK.00175,吉利汽车,2019-06-17,10.93253,10.89253,11.33253,10.81253,7.719,0.00455,41472848,516797177.0,1.490794807934384,10.73253
HK.00175,吉利汽车,2019-06-18,10.87253,11.01253,11.05253,10.73253,7.794,0.00434,39500893,488387768.0,1.101672430555612,10.89253
HK.00175,吉利汽车,2019-06-19,11.57253,11.29253,11.63253,11.23253,7.969,0.00598,54478279,697012944.0,2.5425583403631986,11.01253
HK.00175,吉利汽车,2019-06-20,11.37253,11.91253,12.05253,11.31253,8.358,0.00985,89730498,1186235011.0,5.490355128567301,11.29253
HK.00175,吉利汽车,2019-06-21,11.95253,11.67253,12.01253,11.59253,8.208,0.00683,62174109,816766174.0,-2.014685377497477,11.91253
HK.00175,吉利汽车,2019-06-24,11.59253,11.73253,11.99253,11.59253,8.245,0.00422,38440297,507939511.0,0.5140273788116244,11.67253
HK.00175,吉利汽车,2019-06-25,11.83253,11.73253,11.87253,11.43253,8.245,0.0038,34649331,452780543.0,0.0,11.73253
HK.00175,吉利汽车,2019-06-26,11.67253,11.67253,11.69253,11.37253,8.208,0.00288,26248167,341287646.0,-0.5113986497371027,11.73253
HK.00175,吉利汽车,2019-06-27,11.73253,11.99253,12.07253,11.71253,8.408,0.00432,39360547,527071679.0,2.741479353661976,11.67253
HK.00175,吉利汽车,2019-06-28,12.03253,11.93253,12.05253,11.81253,8.37,0.00553,50399229,672420029.0,-0.5003114438738155,11.99253
HK.00175,吉利汽车,2019-07-02,12.19253,12.25253,12.57253,12.17253,8.571,0.00999,91012746,1254611057.0,2.681744776673516,11.93253
HK.00175,吉利汽车,2019-07-03,12.25253,12.39253,12.51253,12.03253,8.659,0.00489,44588642,613507793.0,1.1426211566101088,12.25253
HK.00175,吉利汽车,2019-07-04,12.39253,12.11253,12.57253,12.01253,8.483,0.00648,59057240,805534826.0,-2.2594256378641093,12.39253
HK.00175,吉利汽车,2019-07-05,11.95253,11.25253,11.97253,11.13253,7.944,0.01577,143699882,1831547459.0,-7.100085613823037,12.11253
HK.00175,吉利汽车,2019-07-08,11.07253,10.73253,11.11253,10.67253,7.619,0.00959,87415528,1065264284.0,-4.621182969518851,11.25253
HK.00175,吉利汽车,2019-07-09,10.01253,10.27253,10.53253,9.81253,7.33,0.01968,179329238,2069556333.0,-4.286035072811358,10.73253
HK.00175,吉利汽车,2019-07-10,10.47253,10.57253,10.65253,10.01253,7.518,0.00991,90316859,1068772734.0,2.920410064511865,10.27253
HK.00175,吉利汽车,2019-07-11,10.39253,10.39253,10.69253,10.27253,7.406,0.00665,60591552,719473912.0,-1.7025253179702466,10.57253
HK.00175,吉利汽车,2019-07-12,10.37253,10.17253,10.43253,10.07253,7.268,0.00574,52331829,608266032.0,-2.116905123199073,10.39253
HK.00175,吉利汽车,2019-07-15,10.15253,10.27253,10.33253,9.93253,7.33,0.00433,39422403,457940237.0,0.9830396174796204,10.17253
HK.00175,吉利汽车,2019-07-16,10.45253,10.43253,10.51253,10.23253,7.431,0.00462,42101069,498698523.0,1.557552034406326,10.27253
HK.00175,吉利汽车,2019-07-17,10.35253,10.79253,10.97253,10.31253,7.656,0.00695,63347137,774898088.0,3.450744929561664,10.43253
HK.00175,吉利汽车,2019-07-18,10.63253,10.69253,10.75253,10.57253,7.593,0.00195,17748781,214683469.0,-0.9265668012968196,10.79253
HK.00175,吉利汽车,2019-07-19,10.83253,10.77253,10.91253,10.63253,7.644,0.00203,18522501,225777542.0,0.748185883041713,10.69253
HK.00175,吉利汽车,2019-07-22,10.67253,10.69253,10.77253,10.55253,7.593,0.00329,30012896,363098196.0,-0.7426296329645875,10.77253
HK.00175,吉利汽车,2019-07-23,10.67253,10.65253,10.71253,10.51253,7.568,0.00282,25742328,309908451.0,-0.3740929415208481,10.69253
HK.00175,吉利汽车,2019-07-24,10.63253,11.05253,11.27253,10.63253,7.819,0.00622,56677698,709655686.0,3.754976517315608,10.65253
HK.00175,吉利汽车,2019-07-25,11.15253,11.17253,11.23253,11.01253,7.894,0.00408,37191290,467507681.0,1.0857242640372766,11.05253
HK.00175,吉利汽车,2019-07-26,10.95253,11.03253,11.15253,10.89253,7.807,0.00332,30213254,377161211.0,-1.2530733862428705,11.17253
HK.00175,吉利汽车,2019-07-29,11.05253,10.95253,11.11253,10.81253,7.756,0.00262,23858101,294648950.0,-0.725128325053275,11.03253
HK.00175,吉利汽车,2019-07-30,10.97253,10.95253,11.01253,10.81253,7.756,0.00162,14752240,181701186.0,0.0,10.95253
HK.00175,吉利汽车,2019-07-31,10.67253,10.71253,10.81253,10.53253,7.606,0.00271,24666371,297626802.0,-2.1912745274379546,10.95253
HK.00175,吉利汽车,2019-08-01,10.45253,10.49253,10.65253,10.37253,7.468,0.00479,43630146,519098417.0,-2.053669861367939,10.71253
HK.00175,吉利汽车,2019-08-02,10.07253,9.97253,10.21253,9.95253,7.142,0.00568,51799779,594256549.0,-4.9559067260231755,10.49253
HK.00175,吉利汽车,2019-08-05,9.67253,9.67253,9.85253,9.61253,6.954,0.00467,42565617,473697698.0,-3.0082637003849646,9.97253
HK.00175,吉利汽车,2019-08-06,9.51253,9.61253,9.81253,9.23253,6.917,0.0075,68370196,747675265.0,-0.6203134030083184,9.67253
HK.00175,吉利汽车,2019-08-07,9.57253,9.37253,9.67253,9.27253,6.766,0.00513,46726895,506549311.0,-2.496741232537118,9.61253
HK.00175,吉利汽车,2019-08-08,9.33253,9.79253,10.01253,9.33253,7.03,0.00667,60805622,682840712.0,4.481180641726406,9.37253
HK.00175,吉利汽车,2019-08-09,9.83253,9.65253,9.99253,9.63253,6.942,0.00329,29996345,336615173.0,-1.4296611805120718,9.79253
HK.00175,吉利汽车,2019-08-12,9.57253,9.59253,9.79253,9.47253,6.904,0.00312,28441914,315332574.0,-0.6215986896699672,9.65253
HK.00175,吉利汽车,2019-08-13,9.43253,9.37253,9.63253,9.31253,6.766,0.00341,31055449,336321751.0,-2.2934512584271367,9.59253
HK.00175,吉利汽车,2019-08-14,9.61253,9.31253,9.69253,9.25253,6.729,0.00377,34344541,373847389.0,-0.6401686631037588,9.37253
HK.00175,吉利汽车,2019-08-15,9.07253,9.35253,9.41253,8.97253,6.754,0.00369,33597551,358013406.0,0.4295288176252763,9.31253
HK.00175,吉利汽车,2019-08-16,9.31253,9.41253,9.67253,9.23253,6.791,0.00387,35256624,383197408.0,0.6415376374093481,9.35253
HK.00175,吉利汽车,2019-08-19,9.59253,9.63253,9.73253,9.35253,6.929,0.00571,52010474,570857489.0,2.337309947484883,9.41253
HK.00175,吉利汽车,2019-08-20,9.53253,9.67253,9.73253,9.47253,6.954,0.0033,30084341,333623481.0,0.4152595424047569,9.63253
HK.00175,吉利汽车,2019-08-21,9.57253,9.61253,9.95253,9.43253,6.917,0.0048,43765213,484771204.0,-0.6203134030083184,9.67253
HK.00175,吉利汽车,2019-08-22,9.69253,10.45253,10.51253,9.67253,7.443,0.01438,131102216,1532555474.0,8.738594313879904,9.61253
HK.00175,吉利汽车,2019-08-23,10.39253,10.51253,10.59253,10.23253,7.481,0.00625,56927543,675067159.0,0.57402370526562,10.45253
HK.00175,吉利汽车,2019-08-26,9.83253,10.37253,10.37253,9.81253,7.393,0.00703,64057108,747045195.0,-1.3317441186850414,10.51253
HK.00175,吉利汽车,2019-08-27,10.45253,10.67253,10.87253,10.43253,7.581,0.00789,71935139,873567189.0,2.892254830788638,10.37253
HK.00175,吉利汽车,2019-08-28,11.15253,10.61253,11.27253,10.59253,7.543,0.00712,64930257,799474593.0,-0.562190970650825,10.67253
HK.00175,吉利汽车,2019-08-29,10.61253,10.55253,10.69253,10.27253,7.506,0.0051,46472412,551296929.0,-0.5653694265175101,10.61253
HK.00175,吉利汽车,2019-08-30,10.77253,10.69253,10.93253,10.57253,7.593,0.00486,44264388,539622416.0,1.326696062460839,10.55253
HK.00175,吉利汽车,2019-09-02,10.57253,10.65253,10.89253,10.57253,7.568,0.00247,22536231,272942120.0,-0.3740929415208481,10.69253
HK.00175,吉利汽车,2019-09-03,10.57253,10.31253,10.71253,10.31253,7.355,0.00437,39802392,471814928.0,-3.191730039718263,10.65253
HK.00175,吉利汽车,2019-09-04,10.33253,10.73253,10.73253,10.33253,7.619,0.00636,58019931,697809838.0,4.072715424827853,10.31253
HK.00175,吉利汽车,2019-09-05,10.67253,11.19253,11.19253,10.65253,7.907,0.00794,72410181,904500830.0,4.286035072811342,10.73253
HK.00175,吉利汽车,2019-09-06,11.31253,11.33253,11.53253,11.13253,7.994,0.01518,138349252,1766111739.0,1.2508342617799602,11.19253
HK.00175,吉利汽车,2019-09-09,11.45253,11.99253,12.03253,11.43253,8.408,0.01355,123496147,1637467471.0,5.823942226493115,11.33253
HK.00175,吉利汽车,2019-09-10,12.13253,11.99253,12.45253,11.75253,8.408,0.00725,66104521,888042393.0,0.0,11.99253
HK.00175,吉利汽车,2019-09-11,12.09253,12.05253,12.17253,11.77253,8.446,0.00416,37956552,509729133.0,0.5003114438738155,11.99253
HK.00175,吉利汽车,2019-09-12,12.17253,12.05253,12.17253,11.89253,8.446,0.00318,28994355,389814905.0,0.0,12.05253
HK.00175,吉利汽车,2019-09-13,12.05253,12.69253,12.73253,12.01253,8.847,0.00721,65747785,916413323.0,5.310088421269217,12.05253
HK.00175,吉利汽车,2019-09-16,12.23253,12.25253,12.53253,12.07253,8.571,0.00687,62616030,855803359.0,-3.466605948538231,12.69253
HK.00175,吉利汽车,2019-09-17,12.15253,11.85253,12.15253,11.69253,8.32,0.00623,56796852,755532442.0,-3.264631876028872,12.25253
HK.00175,吉利汽车,2019-09-18,11.79253,11.85253,12.17253,11.73253,8.32,0.00387,35314328,471542079.0,0.0,11.85253
HK.00175,吉利汽车,2019-09-19,11.95253,11.79253,11.95253,11.55253,8.283,0.00461,42015422,550268283.0,-0.506221034665177,11.85253
HK.00175,吉利汽车,2019-09-20,11.85253,11.59253,11.89253,11.47253,8.157,0.00887,80875622,1054016246.0,-1.6959889014486231,11.79253
HK.00175,吉利汽车,2019-09-23,11.59253,11.47253,11.79253,11.41253,8.082,0.00425,38763584,502876614.0,-1.0351493591131462,11.59253
HK.00175,吉利汽车,2019-09-24,11.49253,11.43253,11.59253,11.31253,8.057,0.00452,41182304,529768700.0,-0.348658927019593,11.47253
HK.00175,吉利汽车,2019-09-25,11.23253,11.05253,11.31253,11.01253,7.819,0.005,45593335,571991869.0,-3.323848701905869,11.43253
HK.00175,吉利汽车,2019-09-26,11.19253,11.29253,11.33253,11.11253,7.969,0.00357,32553559,413014718.0,2.1714485280745532,11.05253
HK.00175,吉利汽车,2019-09-27,11.31253,11.75253,11.87253,11.21253,8.258,0.00532,48524127,637861580.0,4.073489288937031,11.29253
HK.00175,吉利汽车,2019-09-30,11.59253,11.87253,11.93253,11.45253,8.333,0.00401,36596094,483227961.0,1.0210567426758257,11.75253
HK.00175,吉利汽车,2019-10-02,11.67253,11.97253,12.11253,11.59253,8.395,0.00379,34528784,459507624.0,0.8422804574930652,11.87253
HK.00175,吉利汽车,2019-10-03,11.77253,12.01253,12.07253,11.73253,8.421,0.00196,17849117,238747287.0,0.3340981396580267,11.97253
HK.00175,吉利汽车,2019-10-04,12.05253,11.75253,12.09253,11.59253,8.258,0.0036,32836049,435004436.0,-2.164406665373571,12.01253
HK.00175,吉利汽车,2019-10-08,11.79253,12.09253,12.51253,11.75253,8.471,0.00658,59996140,817327129.0,2.8929941042481904,11.75253
HK.00175,吉利汽车,2019-10-09,12.03253,12.07253,12.17253,11.81253,8.458,0.00293,26751835,360068395.0,-0.1653913614437969,12.09253
HK.00175,吉利汽车,2019-10-10,12.07253,12.43253,12.65253,11.97253,8.684,0.00816,74386050,1035641766.0,2.981976437416179,12.07253
HK.00175,吉利汽车,2019-10-11,12.27253,12.45253,12.53253,11.95253,8.696,0.00626,57077673,782524046.0,0.160868302750925,12.43253
HK.00175,吉利汽车,2019-10-14,12.65253,12.23253,12.67253,12.19253,8.558,0.00386,35170554,484328895.0,-1.7667092550670334,12.45253
HK.00175,吉利汽车,2019-10-15,12.27253,11.89253,12.31253,11.83253,8.345,0.00548,49999804,669141586.0,-2.7794740744555693,12.23253
HK.00175,吉利汽车,2019-10-16,11.91253,12.07253,12.25253,11.81253,8.458,0.00327,29857195,403643129.0,1.513555147643098,11.89253
HK.00175,吉利汽车,2019-10-17,11.97253,12.31253,12.41253,11.97253,8.609,0.00267,24386372,334062921.0,1.9879842916107904,12.07253
HK.00175,吉利汽车,2019-10-18,12.39253,12.29253,12.61253,12.21253,8.596,0.00396,36102980,499952279.0,-0.1624361524398425,12.31253
HK.00175,吉利汽车,2019-10-21,12.23253,12.21253,12.31253,11.99253,8.44,0.0023,21022715,285813223.0,-0.6508017470772907,12.29253
HK.00175,吉利汽车,2019-10-22,12.55253,12.85253,13.03253,12.45253,8.836,0.00997,90993486,1292577926.0,5.240519368222642,12.21253
HK.00175,吉利汽车,2019-10-23,12.93253,12.73253,13.03253,12.59253,8.762,0.00399,36392833,516301061.0,-0.9336683127757666,12.85253
HK.00175,吉利汽车,2019-10-24,12.77253,12.77253,12.83253,12.47253,8.787,0.00279,25419055,358433322.0,0.3141559454405302,12.73253
HK.00175,吉利汽车,2019-10-25,12.53253,12.75253,12.97253,12.53253,8.78,0.0034,30980963,439989410.0,-0.1565860483396756,12.77253
HK.00175,吉利汽车,2019-10-28,13.07253,13.25253,13.47253,13.03253,9.089,0.00822,75049129,1106195334.0,3.9207906195868585,12.75253
HK.00175,吉利汽车,2019-10-29,13.65253,13.49253,13.73253,13.29253,9.238,0.0079,72114868,1076691101.0,1.8109749610074468,13.25253
HK.00175,吉利汽车,2019-10-30,13.67253,13.29253,13.67253,13.21253,9.114,0.00478,43633371,643197402.0,-1.482301688415746,13.49253
HK.00175,吉利汽车,2019-10-31,13.37253,13.47253,13.57253,13.35253,9.226,0.00325,29683891,442080690.0,1.3541440192348748,13.29253
HK.00175,吉利汽车,2019-11-01,13.31253,13.43253,13.53253,13.31253,9.201,0.00197,17945715,266821369.0,-0.2969004336973154,13.47253
HK.00175,吉利汽车,2019-11-04,13.59253,13.77253,13.85253,13.55253,9.411,0.00499,45596340,690667267.0,2.531168737386031,13.43253
HK.00175,吉利汽车,2019-11-05,13.91253,13.91253,13.95253,13.71253,9.498,0.00383,34946669,533826957.0,1.0165162101661829,13.77253
HK.00175,吉利汽车,2019-11-06,13.83253,13.77253,13.85253,13.45253,9.417,0.00491,44852723,678350872.0,-1.0062871382847014,13.91253
HK.00175,吉利汽车,2019-11-07,13.93253,13.83253,14.33253,13.71253,9.454,0.00497,45402747,699196065.0,0.4356498043569373,13.77253
HK.00175,吉利汽车,2019-11-08,13.95253,14.11253,14.35253,13.85253,9.634,0.00612,55878487,871886998.0,2.0242139362791867,13.83253
HK.00175,吉利汽车,2019-11-11,13.77253,13.69253,13.87253,13.61253,9.373,0.0043,39282064,595133595.0,-2.9760787045271115,14.11253
HK.00175,吉利汽车,2019-11-12,13.89253,13.77253,14.09253,13.59253,9.423,0.00271,24746264,377013728.0,0.5842601768993756,13.69253
HK.00175,吉利汽车,2019-11-13,13.57253,13.19253,13.57253,13.11253,9.069,0.00479,43777276,644037332.0,-4.211281442117026,13.77253
HK.00175,吉利汽车,2019-11-14,13.07253,13.19253,13.41253,13.07253,9.069,0.00373,34107604,498752212.0,0.0,13.19253
HK.00175,吉利汽车,2019-11-15,13.27253,13.35253,13.47253,13.19253,9.168,0.00301,27544912,406426997.0,1.2128075509398133,13.19253
HK.00175,吉利汽车,2019-11-18,13.41253,14.01253,14.05253,13.15253,9.578,0.00512,46811221,713166727.0,4.942883483504625,13.35253
HK.00175,吉利汽车,2019-11-19,13.91253,14.03253,14.07253,13.77253,9.59,0.0028,25597323,394291371.0,0.1427294000441003,14.01253
HK.00175,吉利汽车,2019-11-20,13.77253,13.63253,13.93253,13.59253,9.342,0.00304,27833380,422043968.0,-2.850519471542198,14.03253
HK.00175,吉利汽车,2019-11-21,13.51253,13.57253,13.75253,13.31253,9.305,0.00323,29514486,442203640.0,-0.4401237334522552,13.63253
HK.00175,吉利汽车,2019-11-22,13.73253,13.43253,13.73253,13.41253,9.218,0.00222,20257604,302727526.0,-1.0314952333868523,13.57253
HK.00175,吉利汽车,2019-11-25,13.47253,13.85253,13.93253,13.47253,9.478,0.00297,27127680,412431273.0,3.126737852065098,13.43253
HK.00175,吉利汽车,2019-11-26,14.03253,14.07253,14.29253,13.95253,9.615,0.00517,47271142,734498174.0,1.5881575423406458,13.85253
HK.00175,吉利汽车,2019-11-27,14.05253,13.87253,14.33253,13.79253,9.491,0.00342,31309648,483122660.0,-1.421208553117322,14.07253
HK.00175,吉利汽车,2019-11-28,13.69253,13.65253,13.81253,13.55253,9.354,0.00299,27345518,412737700.0,-1.5858678986457326,13.87253
HK.00175,吉利汽车,2019-11-29,13.63253,13.21253,13.63253,13.09253,9.081,0.00484,44298084,650324414.0,-3.222845875453131,13.65253
HK.00175,吉利汽车,2019-12-02,13.29253,13.37253,13.51253,13.21253,9.181,0.00276,25274009,374250004.0,1.2109717064029384,13.21253
HK.00175,吉利汽车,2019-12-03,13.31253,13.47253,13.57253,13.17253,9.243,0.00232,21185017,314710284.0,0.7478016500991318,13.37253
HK.00175,吉利汽车,2019-12-04,13.23253,13.55253,13.65253,13.21253,9.292,0.00369,33768692,504690193.0,0.5938008673946176,13.47253
HK.00175,吉利汽车,2019-12-05,13.81253,13.75253,13.81253,13.53253,9.416,0.00258,23608099,357053184.0,1.4757392162201397,13.55253
HK.00175,吉利汽车,2019-12-06,13.75253,13.93253,14.01253,13.71253,9.528,0.00367,33553228,514292975.0,1.3088500806760626,13.75253
HK.00175,吉利汽车,2019-12-09,14.07253,13.41253,14.07253,13.35253,9.205,0.00521,47689772,715994335.0,-3.732272602319892,13.93253
HK.00175,吉利汽车,2019-12-10,13.53253,13.45253,13.75253,13.39253,9.23,0.0041,37523857,562749196.0,0.2982285966927876,13.41253
HK.00175,吉利汽车,2019-12-11,13.43253,13.57253,13.69253,13.39253,9.31,0.00302,27636851,413244814.0,0.892025514903152,13.45253
HK.00175,吉利汽车,2019-12-12,13.71253,13.93253,13.95253,13.47253,9.534,0.00444,40652620,620607035.0,2.65241631442332,13.57253
HK.00175,吉利汽车,2019-12-13,14.31253,13.97253,14.35253,13.89253,9.559,0.00446,40820529,631256050.0,0.2870978924861523,13.93253
HK.00175,吉利汽车,2019-12-16,13.87253,13.91253,14.13253,13.75253,9.522,0.0034,31099748,479375929.0,-0.4294140001846515,13.97253
HK.00175,吉利汽车,2019-12-17,13.97253,13.81253,14.11253,13.73253,9.465,0.00431,39422190,604303390.0,-0.7187765273462098,13.91253
HK.00175,吉利汽车,2019-12-18,13.81253,13.53253,13.91253,13.43253,9.291,0.00539,49321648,741144578.0,-2.027144918418285,13.81253
HK.00175,吉利汽车,2019-12-19,13.61253,13.33253,13.61253,13.23253,9.173,0.00367,33590710,495367896.0,-1.4779202410783443,13.53253
HK.00175,吉利汽车,2019-12-20,13.25253,13.19253,13.35253,13.13253,9.092,0.00388,35579734,521529714.0,-1.0500632663117997,13.33253
HK.00175,吉利汽车,2019-12-23,13.25253,13.37253,13.45253,13.19253,9.203,0.00321,29417405,434252099.0,1.3644084948072863,13.19253
HK.00175,吉利汽车,2019-12-24,13.25253,13.35253,13.45253,13.25253,9.191,0.00106,9707809,143485898.0,-0.149560330019821,13.37253
HK.00175,吉利汽车,2019-12-27,13.35253,13.63253,13.73253,13.35253,9.365,0.00327,29934244,450304146.0,2.0969808717898357,13.35253
HK.00175,吉利汽车,2019-12-30,13.61253,13.89253,14.15253,13.51253,9.527,0.00516,47296189,726563522.0,1.9072028449598248,13.63253
HK.00175,吉利汽车,2019-12-31,13.83253,13.81253,14.07253,13.73253,9.477,0.00156,14334900,219577068.0,-0.5758490354168756,13.89253
HK.00175,吉利汽车,2020-01-02,13.85253,14.17253,14.19253,13.83253,9.701,0.00478,43850599,680428658.0,2.6063291808234945,13.81253
HK.00175,吉利汽车,2020-01-03,14.55253,14.33253,14.85253,14.27253,9.8,0.00932,85452600,1369922938.0,1.1289445144938846,14.17253
HK.00175,吉利汽车,2020-01-06,14.23253,14.01253,14.49253,13.89253,9.607,0.00414,37967642,591531035.0,-2.2326832736439437,14.33253
HK.00175,吉利汽车,2020-01-07,14.15253,14.25253,14.55253,14.09253,9.769,0.00595,54555489,860469774.0,1.7127528005292425,14.01253
HK.00175,吉利汽车,2020-01-08,14.05253,14.11253,14.25253,13.89253,9.682,0.00326,29886407,463942908.0,-0.9822817422590976,14.25253
HK.00175,吉利汽车,2020-01-09,14.37253,14.652529999,14.75253,14.29253,10.018,0.00487,44723813,716323398.0,3.8263868987346767,14.11253
HK.00175,吉利汽车,2020-01-10,14.59253,14.57253,14.77253,14.47253,9.968,0.00382,35089769,562474335.0,-0.5459807897029373,14.652529999
HK.00175,吉利汽车,2020-01-13,14.77253,14.91253,14.952529999,14.59253,10.187,0.00375,34464906,559874086.0,2.3331569741149947,14.57253
HK.00175,吉利汽车,2020-01-14,15.07253,14.61253,15.07253,14.57253,10.006,0.00416,38215775,617450059.0,-2.0117310744722774,14.91253
HK.00175,吉利汽车,2020-01-15,14.57253,14.49253,14.71253,14.27253,9.931,0.0039,35839403,569406350.0,-0.8212130274497245,14.61253
HK.00175,吉利汽车,2020-01-16,14.55253,14.37253,14.632529999,14.23253,9.856,0.00416,38290117,605100541.0,-0.8280127762371442,14.49253
HK.00175,吉利汽车,2020-01-17,14.43253,14.09253,14.45253,13.91253,9.681,0.00744,68385362,1057837003.0,-1.948160831809009,14.37253
HK.00175,吉利汽车,2020-01-20,14.07253,13.41253,14.11253,13.27253,9.263,0.00961,88367469,1323931487.0,-4.825251392049545,14.09253
HK.00175,吉利汽车,2020-01-21,13.17253,12.63253,13.39253,12.55253,8.776,0.01291,118755501,1686420492.0,-5.815457635509491,13.41253
HK.00175,吉利汽车,2020-01-22,12.77253,12.67253,12.99253,12.59253,8.801,0.01017,93602259,1326552977.0,0.3166428261005588,12.63253
HK.00175,吉利汽车,2020-01-23,12.57253,12.17253,12.65253,11.99253,8.489,0.00833,76655154,1044901736.0,-3.9455420504035104,12.67253
HK.00175,吉利汽车,2020-01-24,12.17253,12.01253,12.23253,11.87253,8.389,0.003,27604498,370730335.0,-1.3144350434954784,12.17253
HK.00175,吉利汽车,2020-01-29,11.31253,11.61253,11.73253,11.31253,8.144,0.0074,68124651,886124202.0,-3.3298564082670374,12.01253
HK.00175,吉利汽车,2020-01-30,11.57253,11.09253,11.63253,11.03253,7.82,0.00635,58434184,740488454.0,-4.477921693205525,11.61253
HK.00175,吉利汽车,2020-01-31,11.31253,11.11253,11.39253,11.07253,7.832,0.00535,49200031,620334774.0,0.1803015182289304,11.09253
HK.00175,吉利汽车,2020-02-03,11.07253,11.17253,11.49253,10.79253,7.87,0.01306,120231213,1517566404.0,0.5399310508048167,11.11253
HK.00175,吉利汽车,2020-02-04,11.07253,11.33253,11.39253,10.97253,7.97,0.00995,91534205,1155726153.0,1.4320838699918472,11.17253
HK.00175,吉利汽车,2020-02-05,11.87253,11.63253,12.09253,11.39253,8.157,0.01048,96425743,1266811546.0,2.6472464665877693,11.33253
HK.00175,吉利汽车,2020-02-06,11.81253,11.95253,12.07253,11.65253,8.357,0.00738,67885562,905873754.0,2.7509062946753655,11.63253
HK.00175,吉利汽车,2020-02-07,11.87253,12.07253,12.11253,11.79253,8.432,0.00515,47441694,635553143.0,1.0039715440998769,11.95253
HK.00175,吉利汽车,2020-02-10,12.13253,12.27253,12.57253,11.95253,8.557,0.00765,70382889,966012176.0,1.6566535763423182,12.07253
HK.00175,吉利汽车,2020-02-11,13.45253,13.05253,13.85253,12.95253,9.044,0.01574,144879314,2130658211.0,6.355657716868496,12.27253
HK.00175,吉利汽车,2020-02-12,13.17253,13.29253,13.47253,12.97253,9.194,0.007,64394477,949032107.0,1.8387239868439176,13.05253
HK.00175,吉利汽车,2020-02-13,13.37253,13.17253,13.41253,13.07253,9.119,0.00489,45047233,658759387.0,-0.9027626794899032,13.29253
HK.00175,吉利汽车,2020-02-14,13.05253,13.05253,13.23253,12.87253,9.044,0.00543,49968333,723480845.0,-0.9109867276825272,13.17253
HK.00175,吉利汽车,2020-02-17,13.01253,13.63253,13.77253,13.01253,9.406,0.00886,81562612,1223702970.0,4.443582968206151,13.05253
HK.00175,吉利汽车,2020-02-18,13.63253,13.63253,13.75253,13.33253,9.406,0.00498,45838900,686572260.0,0.0,13.63253
HK.00175,吉利汽车,2020-02-19,13.55253,13.63253,13.77253,13.53253,9.406,0.0029,26730134,403357352.0,0.0,13.63253
HK.00175,吉利汽车,2020-02-20,13.95253,13.67253,13.95253,13.51253,9.431,0.0049,45113143,681601361.0,0.2934158223015165,13.63253
HK.00175,吉利汽车,2020-02-21,13.57253,13.67253,13.77253,13.47253,9.431,0.00533,49089240,740973051.0,0.0,13.67253
HK.00175,吉利汽车,2020-02-24,13.37253,13.37253,13.57253,13.25253,9.244,0.00493,45344493,672090434.0,-2.1941805942279937,13.67253
HK.00175,吉利汽车,2020-02-25,13.37253,13.61253,13.63253,13.13253,9.394,0.00476,43815446,652023094.0,1.7947239602378924,13.37253
HK.00175,吉利汽车,2020-02-26,13.17253,13.43253,13.67253,13.13253,9.281,0.00366,33717982,500367662.0,-1.3223111354024544,13.61253
HK.00175,吉利汽车,2020-02-27,13.29253,13.31253,13.41253,13.07253,9.206,0.00352,32433580,474400414.0,-0.8933536720185937,13.43253
HK.00175,吉利汽车,2020-02-28,12.75253,12.43253,12.95253,12.29253,8.657,0.00798,73450408,1022197313.0,-6.610313742015986,13.31253
HK.00175,吉利汽车,2020-03-02,12.21253,12.83253,12.91253,12.21253,8.906,0.00521,47990464,679074108.0,3.2173660550185708,12.43253
HK.00175,吉利汽车,2020-03-03,13.05253,12.67253,13.11253,12.63253,8.806,0.00331,30431436,434614323.0,-1.2468312951538016,12.83253
HK.00175,吉利汽车,2020-03-04,12.77253,12.67253,12.89253,12.43253,8.806,0.00499,45955295,648094489.0,0.0,12.67253
HK.00175,吉利汽车,2020-03-05,12.77253,12.87253,12.95253,12.67253,8.931,0.00356,32742407,467297381.0,1.5782168201613984,12.67253
HK.00175,吉利汽车,2020-03-06,12.59253,12.65253,12.67253,12.47253,8.794,0.00362,33307233,466689350.0,-1.7090657392136503,12.87253
HK.00175,吉利汽车,2020-03-09,11.99253,12.01253,12.33253,11.87253,8.394,0.00665,61173918,828019253.0,-5.058276882172977,12.65253
HK.00175,吉利汽车,2020-03-10,11.97253,12.29253,12.51253,11.93253,8.569,0.00676,62216195,850967036.0,2.3308994857869187,12.01253
HK.00175,吉利汽车,2020-03-11,12.25253,11.97253,12.39253,11.87253,8.369,0.00401,36893771,497318970.0,-2.603206988309148,12.29253
HK.00175,吉利汽车,2020-03-12,11.47253,11.37253,11.53253,11.11253,7.995,0.00638,58749510,746510970.0,-5.011472094870519,11.97253
HK.00175,吉利汽车,2020-03-13,9.75253,11.43253,11.49253,9.75253,8.032,0.01076,99031244,1198155546.0,0.5275870892404813,11.37253
HK.00175,吉利汽车,2020-03-16,11.07253,10.51253,11.15253,10.35253,7.457,0.00718,66118656,800543644.0,-8.047212646719492,11.43253
HK.00175,吉利汽车,2020-03-17,10.97253,10.35253,10.97253,9.95253,7.357,0.00525,48354076,567607745.0,-1.5219932784971852,10.51253
HK.00175,吉利汽车,2020-03-18,9.97253,9.35253,10.39253,9.27253,6.733,0.00805,74126515,831201217.0,-9.65947454390376,10.35253
HK.00175,吉利汽车,2020-03-19,9.09253,8.87253,9.45253,8.57253,6.433,0.00967,89013044,919203822.0,-5.132301099274747,9.35253
HK.00175,吉利汽车,2020-03-20,8.79253,9.53253,9.53253,8.79253,6.845,0.00596,54818745,587829933.0,7.438689979070233,8.87253
HK.00175,吉利汽车,2020-03-23,8.93253,8.65253,9.01253,8.57253,6.296,0.00567,52141304,531219087.0,-9.231547133866863,9.53253
HK.00175,吉利汽车,2020-03-24,9.07253,9.73253,9.81253,8.97253,6.97,0.00792,72896500,794410453.0,12.4818983580525,8.65253
HK.00175,吉利汽车,2020-03-25,10.27253,10.55253,10.77253,10.21253,7.482,0.01052,96829173,1151781465.0,8.425352914401499,9.73253
HK.00175,吉利汽车,2020-03-26,10.57253,10.27253,10.57253,10.09253,7.307,0.00497,45719647,537327160.0,-2.653392124921712,10.55253
HK.00175,吉利汽车,2020-03-27,10.47253,10.33253,10.63253,10.21253,7.345,0.00426,39210553,463060024.0,0.5840820129023765,10.27253
HK.00175,吉利汽车,2020-03-30,9.97253,9.85253,10.15253,9.75253,7.045,0.0039,35878878,407294126.0,-4.645522442228577,10.33253
HK.00175,吉利汽车,2020-03-31,10.21253,10.01253,10.21253,9.77253,11.685,0.00507,46655776,532188918.0,1.6239483665616867,9.85253
HK.00175,吉利汽车,2020-04-01,9.77253,9.41253,10.07253,9.29253,11.072,0.00671,61795659,681581959.0,-5.99249140826544,10.01253
HK.00175,吉利汽车,2020-04-02,9.33253,9.45253,9.61253,9.19253,11.113,0.0037,34081784,370119335.0,0.4249654449972446,9.41253
HK.00175,吉利汽车,2020-04-03,9.55253,9.45253,9.61253,9.29253,11.113,0.00301,27704912,300750437.0,0.0,9.45253
HK.00175,吉利汽车,2020-04-06,9.75253,9.79253,9.79253,9.33253,11.46,0.00363,33437877,369035406.0,3.596920612788321,9.45253
HK.00175,吉利汽车,2020-04-07,9.97253,10.03253,10.13253,9.71253,11.705,0.00683,62907028,714388072.0,2.4508477380207183,9.79253
HK.00175,吉利汽车,2020-04-08,9.87253,9.69253,10.03253,9.63253,11.358,0.00548,50479074,567780923.0,-3.3889756621709566,10.03253
HK.00175,吉利汽车,2020-04-09,9.95253,10.07253,10.19253,9.69253,11.746,0.00819,75437631,855885561.0,3.9205449970234887,9.69253
HK.00175,吉利汽车,2020-04-14,10.15253,9.87253,10.17253,9.77253,11.542,0.00569,52371398,591784674.0,-1.9855984544101737,10.07253
HK.00175,吉利汽车,2020-04-15,10.01253,9.77253,10.15253,9.69253,11.44,0.00371,34162245,386550417.0,-1.012911583960744,9.87253
HK.00175,吉利汽车,2020-04-16,9.65253,9.63253,9.73253,9.49253,11.297,0.0049,45084068,497566291.0,-1.4325870578038702,9.77253
HK.00175,吉利汽车,2020-04-17,9.87253,10.27253,10.49253,9.81253,11.95,0.01085,99902398,1167394592.0,6.644152678475962,9.63253
HK.00175,吉利汽车,2020-04-20,10.47253,10.29253,10.51253,10.17253,11.971,0.00429,39529876,465902715.0,0.1946940043007864,10.27253
HK.00175,吉利汽车,2020-04-21,10.29253,9.83253,10.29253,9.71253,11.501,0.00595,54819714,617732561.0,-4.469260716267032,10.29253
HK.00175,吉利汽车,2020-04-22,9.57253,9.97253,10.11253,9.57253,11.644,0.00476,43834661,495173917.0,1.4238451344669232,9.83253
HK.00175,吉利汽车,2020-04-23,10.09253,10.05253,10.17253,9.89253,11.726,0.0027,24836454,284860917.0,0.8022036534359893,9.97253
HK.00175,吉利汽车,2020-04-24,9.87253,9.99253,10.15253,9.71253,11.664,0.00287,26464055,302672311.0,-0.5968646698890776,10.05253
HK.00175,吉利汽车,2020-04-27,10.15253,10.45253,10.47253,10.01253,12.134,0.00532,48969364,574917743.0,4.603438768760255,9.99253
HK.00175,吉利汽车,2020-04-28,10.53253,10.45253,10.53253,10.19253,12.134,0.00417,38431953,454263148.0,0.0,10.45253
HK.00175,吉利汽车,2020-04-29,10.53253,10.69253,10.83253,10.43253,12.379,0.00561,51638625,625100016.0,2.2960948210624625,10.45253
HK.00175,吉利汽车,2020-05-04,10.07253,10.11253,10.31253,10.05253,11.787,0.00541,49850658,578701373.0,-5.424347652052415,10.69253
HK.00175,吉利汽车,2020-05-05,10.29253,10.65253,10.73253,10.23253,12.339,0.00399,36784083,442531444.0,5.339909992850464,10.11253
HK.00175,吉利汽车,2020-05-06,10.59253,11.15253,11.25253,10.57253,12.862,0.00605,55763866,696907802.0,4.693720646644506,10.65253
HK.00175,吉利汽车,2020-05-07,11.29253,11.19253,11.41253,11.09253,12.903,0.00464,42781140,542448894.0,0.3586630118905678,11.15253
HK.00175,吉利汽车,2020-05-08,11.29253,11.53253,11.77253,11.23253,13.251,0.0061,56154482,729645649.0,3.037740350037033,11.19253
HK.00175,吉利汽车,2020-05-11,11.67253,11.65253,11.87253,11.59253,13.374,0.00514,47359201,622665150.0,1.0405349043098175,11.53253
HK.00175,吉利汽车,2020-05-12,11.47253,11.47253,11.59253,11.23253,13.19,0.00364,33519349,429842027.0,-1.544728912948516,11.65253
HK.00175,吉利汽车,2020-05-13,11.37253,11.37253,11.47253,11.17253,13.087,0.00284,26126099,333181979.0,-0.871647317548975,11.47253
HK.00175,吉利汽车,2020-05-14,11.21253,11.17253,11.31253,10.93253,12.883,0.00396,36507908,457992818.0,-1.7586236308015832,11.37253
HK.00175,吉利汽车,2020-05-15,11.03253,10.99253,11.23253,10.85253,12.699,0.00475,43727490,544488553.0,-1.6110943537408242,11.17253
HK.00175,吉利汽车,2020-05-18,10.97253,11.27253,11.37253,10.91253,12.985,0.00342,31475714,397422221.0,2.5471843151667484,10.99253
HK.00175,吉利汽车,2020-05-19,11.65253,11.55253,11.77253,11.37253,13.271,0.00458,42160379,548464896.0,2.48391443624458,11.27253
HK.00175,吉利汽车,2020-05-20,11.55253,11.43253,11.71253,11.33253,13.149,0.00379,34942004,449773497.0,-1.038733506859545,11.55253
HK.00175,吉利汽车,2020-05-21,11.45253,11.25253,11.61253,11.11253,12.965,0.00379,34918419,443946502.0,-1.5744546482712023,11.43253
HK.00175,吉利汽车,2020-05-22,10.97253,10.47253,11.07253,10.33253,12.167,0.00794,73152772,879055136.0,-6.931774454278276,11.25253
HK.00175,吉利汽车,2020-05-25,10.47253,10.61253,10.73253,10.31253,12.31,0.00313,28790310,343669779.0,1.3368307371762007,10.47253
HK.00175,吉利汽车,2020-05-26,10.87253,10.79253,10.99253,10.71253,12.494,0.00342,31470235,386715822.0,1.6961082795525642,10.61253
HK.00175,吉利汽车,2020-05-27,10.87253,10.67253,10.87253,10.49253,12.372,0.00432,39830953,480556944.0,-1.1118801615561802,10.79253
HK.00175,吉利汽车,2020-05-28,10.56253,10.54253,10.82253,10.32253,11.983,0.00481,44296164,520900655.0,-1.218080436410118,10.67253
HK.00175,吉利汽车,2020-05-29,9.52253,9.42253,9.52253,9.22253,10.838,0.03908,360072983,3812867230.0,-10.623635882468433,10.54253
HK.00175,吉利汽车,2020-06-01,9.60253,9.72253,9.86253,9.60253,11.145,0.01605,147889312,1615441287.0,3.1838582631204217,9.42253
HK.00175,吉利汽车,2020-06-02,9.84253,9.90253,10.12253,9.78253,11.329,0.01051,96869858,1071839560.0,1.851369962345189,9.72253
HK.00175,吉利汽车,2020-06-03,10.14253,10.28253,10.28253,10.02253,11.717,0.0166,152960783,1740202096.0,3.837403168685164,9.90253
HK.00175,吉利汽车,2020-06-04,10.48253,10.32253,10.62253,10.12253,11.758,0.0091,83868272,969752044.0,0.3890093196907855,10.28253
HK.00175,吉利汽车,2020-06-05,10.32253,10.58253,10.58253,10.16253,12.024,0.00742,68348742,791611040.0,2.518762357677815,10.32253
HK.00175,吉利汽车,2020-06-08,11.00253,10.78253,11.02253,10.62253,13.014,0.00815,80000571,960919919.0,1.889907233903417,10.58253
HK.00175,吉利汽车,2020-06-09,10.94253,11.24253,11.36253,10.88253,13.514,0.013,127562752,1587203986.0,4.266160168346398,10.78253
HK.00175,吉利汽车,2020-06-10,11.36253,10.96253,11.36253,10.96253,13.21,0.01203,118007567,1445660297.0,-2.4905426091813956,11.24253
HK.00175,吉利汽车,2020-06-11,11.00253,10.80253,11.28253,10.62253,13.035,0.00919,90174555,1090570279.0,-1.4595171005233132,10.96253
HK.00175,吉利汽车,2020-06-12,10.42253,10.86253,10.88253,10.32253,13.101,0.00572,56083997,664938102.0,0.5554254420029263,10.80253
HK.00175,吉利汽车,2020-06-15,10.52253,10.42253,10.84253,10.22253,12.622,0.00799,78375937,911612340.0,-4.050621724404899,10.86253
HK.00175,吉利汽车,2020-06-16,10.76253,10.64253,10.78253,10.62253,12.861,0.00363,35579555,422755588.0,2.11081186621675,10.42253
HK.00175,吉利汽车,2020-06-17,10.52253,10.72253,10.80253,10.52253,12.948,0.00292,28642157,339179695.0,0.7517009583247598,10.64253
HK.00175,吉利汽车,2020-06-18,11.62253,11.42253,11.62253,11.02253,13.71,0.01621,159073181,1990494465.0,6.52831001638605,10.72253
HK.00175,吉利汽车,2020-06-19,11.52253,11.34253,11.68253,11.32253,13.623,0.0081,79527315,1004596231.0,-0.7003702332145336,11.42253
HK.00175,吉利汽车,2020-06-22,11.44253,11.10253,11.46253,11.00253,13.362,0.00552,54178209,669803242.0,-2.1159300438262028,11.34253
HK.00175,吉利汽车,2020-06-23,11.10253,11.16253,11.22253,10.82253,13.427,0.00441,43270158,530504488.0,0.5404173643304768,11.10253
HK.00175,吉利汽车,2020-06-24,11.32253,11.10253,11.38253,11.10253,13.362,0.00363,35591017,441011338.0,-0.5375125531577563,11.16253
HK.00175,吉利汽车,2020-06-26,11.30253,11.46253,11.74253,11.16253,13.754,0.01,98081252,1248956284.0,3.2425041859828294,11.10253
HK.00175,吉利汽车,2020-06-29,11.54253,11.10253,11.54253,10.86253,13.362,0.00799,78372209,957869135.0,-3.140667897924799,11.46253
HK.00175,吉利汽车,2020-06-30,11.20253,11.02253,11.28253,10.82253,13.275,0.00591,58041437,705475255.0,-0.7205564857739639,11.10253
HK.00175,吉利汽车,2020-07-02,11.06253,11.40253,11.40253,11.06253,13.688,0.00828,81265045,1014712230.0,3.447484379720452,11.02253
HK.00175,吉利汽车,2020-07-03,11.58253,12.98253,12.98253,11.58253,15.408,0.02562,251359254,3430689526.0,13.856573935784429,11.40253
HK.00175,吉利汽车,2020-07-06,13.52253,15.222529999,15.26253,13.48253,17.845,0.03514,344774509,5345693659.0,17.253955885332058,12.98253
HK.00175,吉利汽车,2020-07-07,16.46253,15.76253,17.72253,15.26253,18.433,0.03478,341300272,5907213419.0,3.5473735380089444,15.222529999
HK.00175,吉利汽车,2020-07-08,15.42253,15.82253,15.92253,15.14253,18.498,0.01708,167591158,2805088875.0,0.3806495530857071,15.76253
HK.00175,吉利汽车,2020-07-09,16.02253,15.76253,16.22253,15.542529999,18.433,0.0126,123639485,2105073728.0,-0.379206106735146,15.82253
HK.00175,吉利汽车,2020-07-10,15.52253,16.42253,16.82253,15.36253,19.151,0.01842,180705226,3162926114.0,4.187145083942732,15.76253
HK.00175,吉利汽车,2020-07-13,16.90253,17.88253,18.18253,16.64253,20.739,0.02596,254704012,4769013709.0,8.890225805646274,16.42253
HK.00175,吉利汽车,2020-07-14,17.32253,16.92253,17.52253,16.42253,19.695,0.01825,179039716,3241740026.0,-5.368367898725745,17.88253
HK.00175,吉利汽车,2020-07-15,17.22253,16.52253,17.42253,16.20253,19.26,0.01325,129975915,2321935827.0,-2.3637127545349226,16.92253
HK.00175,吉利汽车,2020-07-16,16.34253,14.40253,16.52253,14.34253,16.953,0.02484,243720025,3980948655.0,-12.830964749345284,16.52253
HK.00175,吉利汽车,2020-07-17,14.32253,14.72253,15.222529999,14.32253,17.301,0.01332,130694663,2086669431.0,2.2218318587081596,14.40253
HK.00175,吉利汽车,2020-07-20,14.78253,14.94253,15.12253,13.70253,17.54,0.01217,119467593,1885625013.0,1.494308383137945,14.72253
HK.00175,吉利汽车,2020-07-21,15.62253,15.30253,15.62253,15.062529999,17.932,0.00905,88855943,1464192921.0,2.4092305653728068,14.94253
HK.00175,吉利汽车,2020-07-22,15.26253,14.46253,15.58253,14.46253,17.018,0.00988,96914078,1574373679.0,-5.4892883725763095,15.30253
HK.00175,吉利汽车,2020-07-23,14.62253,14.92253,15.042529999,14.36253,17.519,0.00743,72874717,1161365425.0,3.1806329874510255,14.46253
HK.00175,吉利汽车,2020-07-24,14.62253,14.70253,15.62253,14.46253,17.279,0.0109,106938126,1728118105.0,-1.4742808357564074,14.92253
HK.00175,吉利汽车,2020-07-27,14.76253,14.54253,15.042529999,14.28253,17.105,0.00589,57837597,914353338.0,-1.0882480770316412,14.70253
HK.00175,吉利汽车,2020-07-28,14.84253,14.82253,15.10253,14.66253,17.41,0.00598,58633754,938817083.0,1.925387123148456,14.54253
HK.00175,吉利汽车,2020-07-29,14.82253,15.24253,15.402529999,14.58253,17.867,0.0077,75523010,1229172803.0,2.8335243713455123,14.82253
HK.00175,吉利汽车,2020-07-30,15.48253,15.08253,16.02253,15.062529999,17.693,0.01103,108201427,1811977345.0,-1.049694506095774,15.24253
HK.00175,吉利汽车,2020-07-31,15.202529999,15.12253,15.542529999,15.00253,17.736,0.00597,58628840,962555504.0,0.2652074950290113,15.08253
HK.00175,吉利汽车,2020-08-03,15.10253,15.42253,15.60253,15.08253,18.063,0.00536,52584966,870712286.0,1.9837950395866344,15.12253
HK.00175,吉利汽车,2020-08-04,15.722529999,15.68253,16.00253,15.50253,18.346,0.00713,69952855,1185004233.0,1.6858453185048097,15.42253
HK.00175,吉利汽车,2020-08-05,15.74253,16.08253,16.14253,15.542529999,18.781,0.0056,54975849,939010586.0,2.5506088622180134,15.68253
HK.00175,吉利汽车,2020-08-06,16.20253,15.94253,16.26253,15.66253,18.628,0.005,49058878,837693773.0,-0.8705098016294625,16.08253
HK.00175,吉利汽车,2020-08-07,15.80253,15.66253,16.06253,15.28253,18.324,0.00538,52797776,886754299.0,-1.7563084403792832,15.94253
HK.00175,吉利汽车,2020-08-10,15.42253,15.58253,15.74253,15.222529999,18.237,0.00364,35742652,596016675.0,-0.5107731637225918,15.66253
HK.00175,吉利汽车,2020-08-11,15.722529999,15.702529999,16.10253,15.542529999,18.367,0.00427,41912200,713303523.0,0.7700931684392658,15.58253
HK.00175,吉利汽车,2020-08-12,15.62253,15.80253,15.82253,15.34253,18.476,0.00427,41903036,702835845.0,0.6368400570250139,15.702529999
HK.00175,吉利汽车,2020-08-13,16.02253,15.562529999,16.02253,15.48253,18.215,0.0039,38261552,645407506.0,-1.5187441567900857,15.80253
HK.00175,吉利汽车,2020-08-14,15.32253,15.52253,15.68253,15.24253,18.171,0.00333,32646487,544883841.0,-0.2570276105657056,15.562529999
HK.00175,吉利汽车,2020-08-17,15.42253,14.46253,15.60253,14.42253,17.018,0.01403,137682677,2203584004.0,-6.828783709872041,15.52253
HK.00175,吉利汽车,2020-08-18,14.72253,14.78253,15.10253,14.60253,17.366,0.0072,70651585,1129301797.0,2.212614252139842,14.46253
HK.00175,吉利汽车,2020-08-19,14.82253,14.82253,14.902529999,14.52253,17.41,0.00388,38108266,606169734.0,0.2705896757862214,14.78253
HK.00175,吉利汽车,2020-08-20,14.60253,14.36253,14.64253,14.16253,16.909,0.00634,62171902,960881210.0,-3.103383835283186,14.82253
HK.00175,吉利汽车,2020-08-21,14.50253,14.32253,14.52253,14.24253,16.866,0.00434,42626482,662702277.0,-0.2785024643986759,14.36253
HK.00175,吉利汽车,2020-08-24,14.32253,14.38253,14.48253,14.02253,16.931,0.00725,71111901,1094815025.0,0.4189204002365414,14.32253
HK.00175,吉利汽车,2020-08-25,14.28253,14.56253,14.74253,14.24253,17.127,0.00477,46767461,736847708.0,1.2515183350912635,14.38253
HK.00175,吉利汽车,2020-08-26,14.68253,14.38253,14.882529999,14.28253,16.931,0.00454,44549379,699204391.0,-1.2360489557789855,14.56253
HK.00175,吉利汽车,2020-08-27,14.44253,14.66253,14.66253,14.24253,17.236,0.00467,45863457,716401479.0,1.946806299030846,14.38253
HK.00175,吉利汽车,2020-08-28,14.52253,14.56253,14.76253,14.40253,17.127,0.00513,50377785,795497795.0,-0.6820105397908796,14.66253
HK.00175,吉利汽车,2020-08-31,15.32253,15.202529999,16.02253,15.14253,17.823,0.01882,184730827,3094638581.0,4.394840724791631,14.56253
HK.00175,吉利汽车,2020-09-01,15.222529999,15.92253,15.94253,15.08253,18.607,0.01034,101502692,1703679257.0,4.736053808460574,15.202529999
HK.00175,吉利汽车,2020-09-02,16.42253,16.48253,16.70253,16.04253,19.216,0.01365,133945672,2348783090.0,3.5170290148613352,15.92253
HK.00175,吉利汽车,2020-09-03,16.32253,15.34253,16.40253,15.34253,17.976,0.01186,116389913,1965729243.0,-6.916413924318661,16.48253
HK.00175,吉利汽车,2020-09-04,14.70253,15.16253,15.24253,14.52253,17.78,0.00903,88593839,1428847848.0,-1.1732093729000348,15.34253
HK.00175,吉利汽车,2020-09-07,15.16253,15.18253,15.48253,14.98253,17.801,0.00516,50672698,833314620.0,0.1319041083513079,15.16253
HK.00175,吉利汽车,2020-09-08,15.34253,15.16253,15.36253,14.72253,17.78,0.00437,42902495,696791311.0,-0.1317303506069118,15.18253
HK.00175,吉利汽车,2020-09-09,14.82253,14.76253,14.96253,14.62253,17.344,0.00446,43800086,698334723.0,-2.6380821670262176,15.16253
HK.00175,吉利汽车,2020-09-10,14.94253,14.62253,15.02253,14.62253,17.192,0.003,29460851,471184345.0,-0.9483469296929494,14.76253
HK.00175,吉利汽车,2020-09-11,14.62253,15.02253,15.10253,14.62253,17.627,0.0038,37269774,602483671.0,2.7355047313973735,14.62253
HK.00175,吉利汽车,2020-09-14,15.16253,14.78253,15.202529999,14.78253,17.366,0.00294,28838996,465715752.0,-1.597600404192904,15.02253
HK.00175,吉利汽车,2020-09-15,14.72253,15.00253,15.202529999,14.64253,17.606,0.00384,37687232,608534821.0,1.488243216824188,14.78253
HK.00175,吉利汽车,2020-09-16,14.98253,14.882529999,15.08253,14.74253,17.475,0.00414,40629521,652637729.0,-0.7998650960871219,15.00253
HK.00175,吉利汽车,2020-09-17,14.902529999,14.882529999,15.14253,14.74253,17.475,0.00545,53478413,860016050.0,0.0,14.882529999
HK.00175,吉利汽车,2020-09-18,14.84253,14.80253,15.02253,14.66253,17.388,0.00406,39853184,639737497.0,-0.537543005156888,14.882529999
HK.00175,吉利汽车,2020-09-21,14.902529999,14.82253,15.402529999,14.74253,17.41,0.00728,71487604,1161568925.0,0.1351120382799398,14.80253
HK.00175,吉利汽车,2020-09-22,14.902529999,14.12253,14.92253,14.04253,16.648,0.01084,106346940,1647924550.0,-4.7225406189091945,14.82253
HK.00175,吉利汽车,2020-09-23,14.20253,14.46253,14.58253,14.08253,17.018,0.00469,46056614,715264892.0,2.4075006390498013,14.12253
HK.00175,吉利汽车,2020-09-24,14.26253,14.12253,14.30253,14.04253,16.648,0.00498,48852936,750014798.0,-2.350902642898579,14.46253
HK.00175,吉利汽车,2020-09-25,14.32253,14.00253,14.42253,13.78253,16.517,0.00498,48834672,745065170.0,-0.8497061078999246,14.12253
HK.00175,吉利汽车,2020-09-28,14.06253,14.08253,14.24253,13.86253,16.605,0.00327,32040735,486775068.0,0.5713253247805937,14.00253
HK.00175,吉利汽车,2020-09-29,14.32253,13.94253,14.36253,13.94253,16.452,0.00385,37770380,575904006.0,-0.994139547368268,14.08253
HK.00175,吉利汽车,2020-09-30,14.08253,14.22253,14.48253,13.98253,16.757,0.00393,38570134,596057647.0,2.0082438409671783,13.94253
HK.00175,吉利汽车,2020-10-05,14.42253,13.54253,14.46253,13.54253,16.017,0.00599,58821955,877578443.0,-4.781146533000819,14.22253
HK.00175,吉利汽车,2020-10-06,13.60253,14.44253,14.52253,13.60253,16.996,0.00765,75055595,1160643231.0,6.645730155295948,13.54253
HK.00175,吉利汽车,2020-10-07,14.36253,14.32253,14.44253,14.20253,16.866,0.00241,23683295,367437378.0,-0.8308793542405605,14.44253
HK.00175,吉利汽车,2020-10-08,14.30253,14.42253,14.42253,13.98253,16.974,0.00413,40557384,624424551.0,0.6982006670609148,14.32253
HK.00175,吉利汽车,2020-10-09,14.60253,14.62253,14.86253,14.46253,17.192,0.00704,69114128,1095909483.0,1.386719251060662,14.42253
HK.00175,吉利汽车,2020-10-12,14.62253,15.24253,15.34253,14.62253,17.867,0.00852,83564422,1364649038.0,4.2400323336659325,14.62253
HK.00175,吉利汽车,2020-10-14,15.74253,15.562529999,15.92253,15.402529999,18.215,0.01251,122751135,2068698608.0,2.099389005630956,15.24253
HK.00175,吉利汽车,2020-10-15,15.64253,15.52253,16.22253,15.46253,18.171,0.01072,105225635,1793984028.0,-0.2570276105657056,15.562529999
HK.00175,吉利汽车,2020-10-16,15.562529999,15.222529999,15.68253,15.00253,17.845,0.00569,55788483,918169213.0,-1.9326746413116869,15.52253
HK.00175,吉利汽车,2020-10-19,15.36253,14.94253,15.44253,14.902529999,17.54,0.00299,29370430,477187007.0,-1.8393788615847353,15.222529999
HK.00175,吉利汽车,2020-10-20,15.00253,15.44253,15.50253,14.882529999,18.084,0.00379,37216897,611920314.0,3.3461535630177757,14.94253
HK.00175,吉利汽车,2020-10-21,15.42253,15.202529999,15.62253,15.16253,17.823,0.00407,39896475,658031334.0,-1.5541494884581757,15.44253
HK.00175,吉利汽车,2020-10-22,15.202529999,15.12253,15.34253,15.02253,17.736,0.00265,26025963,425820095.0,-0.5262281936313382,15.202529999
HK.00175,吉利汽车,2020-10-23,15.16253,15.12253,15.382529999,14.94253,17.736,0.00315,30866650,504353974.0,0.0,15.12253
HK.00175,吉利汽车,2020-10-27,15.042529999,15.00253,15.42253,14.86253,17.606,0.00506,49653331,809628674.0,-0.7935180158346468,15.12253
HK.00175,吉利汽车,2020-10-28,15.02253,14.72253,15.12253,14.50253,17.301,0.00553,54280744,863528531.0,-1.8663518753170256,15.00253
HK.00175,吉利汽车,2020-10-29,14.44253,14.882529999,15.12253,14.32253,17.475,0.00563,55198872,879389177.0,1.0867697263989278,14.72253
HK.00175,吉利汽车,2020-10-30,14.64253,14.74253,15.32253,14.42253,17.323,0.00806,79060362,1268181341.0,-0.9407002640640232,14.882529999
HK.00175,吉利汽车,2020-11-02,14.882529999,16.90253,17.12253,14.80253,19.673,0.03346,328324073,5767801510.0,14.651487906078524,14.74253
HK.00175,吉利汽车,2020-11-03,17.12253,17.90253,18.32253,17.02253,20.761,0.02835,278186944,5271546901.0,5.916274072579668,16.90253
HK.00175,吉利汽车,2020-11-04,17.84253,18.50253,19.27253,17.66253,21.414,0.01906,187007901,3719651997.0,3.351481606231083,17.90253
HK.00175,吉利汽车,2020-11-05,19.32253,20.22253,20.22253,18.97253,23.286,0.01858,182295985,3794210756.0,9.296026002930404,18.50253
HK.00175,吉利汽车,2020-11-06,20.42253,19.72253,20.97253,18.92253,22.742,0.01933,189679142,3960577683.0,-2.472489841775485,20.22253
HK.00175,吉利汽车,2020-11-09,20.37253,19.87253,21.02253,19.47253,22.905,0.01434,140681956,2997278483.0,0.760551511393326,19.72253
HK.00175,吉利汽车,2020-11-10,20.07253,19.22253,20.07253,18.62253,22.198,0.01149,112756071,2293413618.0,-3.270846741708288,19.87253
HK.00175,吉利汽车,2020-11-11,18.82253,18.06253,19.92253,18.00253,20.935,0.0142,139307569,2760099497.0,-6.034585457793538,19.22253
HK.00175,吉利汽车,2020-11-12,18.62253,19.32253,19.42253,18.54253,22.306,0.00848,83249527,1675212541.0,6.97576696066388,18.06253
HK.00175,吉利汽车,2020-11-13,19.82253,19.52253,20.02253,19.02253,22.524,0.0074,72583325,1499533533.0,1.0350611436494046,19.32253
HK.00175,吉利汽车,2020-11-16,19.82253,19.67253,20.02253,19.32253,22.687,0.0063,61783858,1292533073.0,0.7683430375058897,19.52253
HK.00175,吉利汽车,2020-11-17,20.02253,19.92253,20.82253,19.72253,22.959,0.00995,97632816,2099782022.0,1.2708075677098982,19.67253
HK.00175,吉利汽车,2020-11-18,20.62253,21.37253,21.77253,20.32253,24.537,0.01354,132896710,2977113886.0,7.278192077010315,19.92253
HK.00175,吉利汽车,2020-11-19,21.57253,21.47253,21.82253,20.52253,24.646,0.01583,155357486,3472840296.0,0.4678903246363339,21.37253
HK.00175,吉利汽车,2020-11-20,21.07253,21.92253,22.42253,21.07253,25.136,0.01049,102901193,2383939493.0,2.0957008792163725,21.47253
HK.00175,吉利汽车,2020-11-23,22.22253,22.22253,22.57253,21.42253,25.462,0.01004,98546496,2285901156.0,1.3684551919874246,21.92253
HK.00175,吉利汽车,2020-11-24,22.72253,22.77253,23.27253,22.12253,26.06,0.01144,112223718,2670201606.0,2.474965721724758,22.22253
HK.00175,吉利汽车,2020-11-25,23.02253,21.72253,23.12253,21.62253,24.945,0.00998,97944697,2294250856.0,-4.610818385133319,22.77253
HK.00175,吉利汽车,2020-11-26,21.82253,21.72253,22.02253,20.67253,24.945,0.00951,93305524,2094209433.0,0.0,21.72253
HK.00175,吉利汽车,2020-11-27,21.77253,21.52253,21.97253,21.27253,24.727,0.00496,48686443,1105868372.0,-0.9207030672762302,21.72253
HK.00175,吉利汽车,2020-11-30,21.37253,20.37253,21.52253,20.37253,23.474,0.01066,104628999,2288716495.0,-5.3432379929311224,21.52253
HK.00175,吉利汽车,2020-12-01,20.57253,20.47253,20.82253,20.32253,23.583,0.00534,52396690,1138089078.0,0.4908570511369862,20.37253
HK.00175,吉利汽车,2020-12-02,20.57253,19.57253,20.57253,19.02253,22.603,0.01478,145101645,2988231495.0,-4.396134722967795,20.47253
HK.00175,吉利汽车,2020-12-03,19.42253,19.42253,19.92253,19.17253,22.44,0.00681,66815039,1381407191.0,-0.7663802277988698,19.57253
HK.00175,吉利汽车,2020-12-04,19.52253,19.87253,20.07253,19.37253,22.93,0.00773,75855546,1585390598.0,2.3168969233153605,19.42253
HK.00175,吉利汽车,2020-12-07,19.87253,19.67253,19.87253,19.17253,22.712,0.00545,53522773,1103554308.0,-1.0064143820640998,19.87253
HK.00175,吉利汽车,2020-12-08,19.87253,19.77253,20.22253,19.37253,22.821,0.00697,68430260,1430406480.0,0.5083230270839665,19.67253
HK.00175,吉利汽车,2020-12-09,19.87253,20.57253,21.02253,19.87253,23.692,0.01086,106587082,2324973000.0,4.046017378656149,19.77253
HK.00175,吉利汽车,2020-12-10,20.27253,20.02253,20.57253,19.92253,23.093,0.00555,54524621,1163486528.0,-2.6734679691802645,20.57253
HK.00175,吉利汽车,2020-12-11,20.57253,20.82253,21.27253,20.22253,23.965,0.00939,92155565,2034538707.0,3.9954990702973134,20.02253
HK.00175,吉利汽车,2020-12-14,20.77253,21.27253,21.52253,20.47253,24.455,0.00708,69483961,1546559553.0,2.161120670735013,20.82253
HK.00175,吉利汽车,2020-12-15,21.32253,21.87253,22.52253,20.82253,25.108,0.01178,115614692,2658492470.0,2.820538976793082,21.27253
HK.00175,吉利汽车,2020-12-16,22.37253,21.67253,22.47253,21.42253,24.891,0.00647,63492577,1457056763.0,-0.914388961862221,21.87253
HK.00175,吉利汽车,2020-12-17,21.77253,21.67253,21.82253,21.12253,24.891,0.00476,46674299,1058085975.0,0.0,21.67253
HK.00175,吉利汽车,2020-12-18,21.47253,21.87253,22.22253,21.47253,25.108,0.00572,56101507,1294030476.0,0.9228271918414824,21.67253
HK.00175,吉利汽车,2020-12-21,21.82253,22.17253,22.52253,21.52253,25.435,0.00717,70377306,1641979024.0,1.371583442793299,21.87253
HK.00175,吉利汽车,2020-12-22,21.92253,20.92253,22.12253,20.82253,24.074,0.00842,82610964,1864560433.0,-5.63760653385067,22.17253
HK.00175,吉利汽车,2020-12-23,20.92253,22.32253,22.32253,20.77253,25.599,0.00963,94537762,2188574433.0,6.6913513805452896,20.92253
HK.00175,吉利汽车,2020-12-24,22.42253,22.17253,22.42253,21.77253,25.435,0.00303,29699948,689980381.0,-0.6719668424681348,22.32253
HK.00175,吉利汽车,2020-12-28,22.17253,23.32253,23.57253,22.17253,26.688,0.01186,116399007,2823002384.0,5.186598011142626,22.17253
HK.00175,吉利汽车,2020-12-29,23.62253,22.67253,23.72253,22.32253,25.98,0.00757,74340401,1778797675.0,-2.7870046688759844,23.32253
HK.00175,吉利汽车,2020-12-30,22.72253,23.27253,23.67253,22.72253,26.633,0.00689,67656450,1655840890.0,2.6463742687737164,22.67253
HK.00175,吉利汽车,2020-12-31,23.47253,25.32253,25.72253,23.47253,28.867,0.01331,130667976,3403721853.0,8.808668417228384,23.27253
HK.00175,吉利汽车,2021-01-04,25.32253,25.72253,25.92253,24.82253,29.302,0.01053,103389151,2765748621.0,1.579620993636886,25.32253
HK.00175,吉利汽车,2021-01-05,24.87253,25.17253,25.67253,24.87253,28.703,0.00826,81057545,2146488241.0,-2.1382033571347794,25.72253
HK.00175,吉利汽车,2021-01-06,25.42253,25.27253,25.77253,24.62253,28.812,0.0075,73651512,1939218255.0,0.3972584400535084,25.17253
HK.00175,吉利汽车,2021-01-07,25.42253,26.62253,27.32253,25.32253,30.283,0.01203,118060002,3301027337.0,5.341768315241891,25.27253
HK.00175,吉利汽车,2021-01-08,28.02253,32.07253,32.67253,27.82253,36.22,0.03709,364051364,11653651130.0,20.471382697286845,26.62253
HK.00175,吉利汽车,2021-01-11,33.17253,31.22253,34.32253,30.32253,35.294,0.02418,237336961,7839534572.0,-2.650243058467796,32.07253
HK.00175,吉利汽车,2021-01-12,31.02253,31.17253,31.52253,29.42253,35.239,0.01162,114117304,3634813837.0,-0.1601407701425884,31.22253
HK.00175,吉利汽车,2021-01-13,31.72253,31.52253,32.32253,30.42253,35.62,0.01085,106495434,3470599568.0,1.122783425021971,31.17253
HK.00175,吉利汽车,2021-01-14,32.27253,31.622529999,33.32253,31.57253,35.729,0.01141,112031931,3744194712.0,0.317233416860897,31.52253
HK.00175,吉利汽车,2021-01-15,31.622529999,30.02253,31.82253,29.02253,33.986,0.01524,149614847,4653737328.0,-5.05968370984421,31.622529999
HK.00175,吉利汽车,2021-01-18,29.47253,30.82253,31.122529999,29.12253,34.858,0.00763,74914649,2369327898.0,2.6646655028740107,30.02253
HK.00175,吉利汽车,2021-01-19,31.02253,30.82253,31.27253,30.02253,34.858,0.00922,90572075,2878900446.0,0.0,30.82253
HK.00175,吉利汽车,2021-01-20,33.02253,32.622529999,33.77253,31.82253,36.819,0.01632,160289899,5429407666.0,5.839884003681725,30.82253
HK.00175,吉利汽车,2021-01-21,32.92253,32.122529999,33.07253,31.82253,36.274,0.00867,85124710,2839577213.0,-1.532683087471532,32.622529999
HK.00175,吉利汽车,2021-01-22,31.872529999,30.82253,32.122529999,30.57253,34.858,0.01025,100642768,3238822488.0,-4.047003766641266,32.122529999
HK.00175,吉利汽车,2021-01-25,31.27253,32.622529999,33.07253,31.02253,36.819,0.01142,112124340,3765253759.0,5.839884003681725,30.82253
HK.00175,吉利汽车,2021-01-26,33.52253,32.22253,35.27253,31.872529999,36.383,0.01813,178000933,6150877859.0,-1.2261464669118658,32.622529999
HK.00175,吉利汽车,2021-01-27,32.372529999,30.52253,32.97253,29.82253,34.531,0.01406,138030782,4412351365.0,-5.275811675867784,32.22253
HK.00175,吉利汽车,2021-01-28,29.32253,28.32253,30.02253,28.22253,32.135,0.01533,150558748,4546685130.0,-7.207790442011194,30.52253
HK.00175,吉利汽车,2021-01-29,29.37253,27.17253,29.67253,26.42253,30.882,0.01828,179458341,5169694724.0,-4.0603717252660765,28.32253
HK.00175,吉利汽车,2021-02-01,27.17253,27.57253,27.97253,26.67253,31.318,0.00854,83876810,2404967574.0,1.472074922725275,27.17253
HK.00175,吉利汽车,2021-02-02,28.42253,28.82253,29.47253,28.02253,32.679,0.00976,95822499,2873878075.0,4.5334976514668766,27.57253
HK.00175,吉利汽车,2021-02-03,29.27253,28.27253,29.27253,27.87253,32.08,0.00678,66538938,1960917588.0,-1.9082294302408591,28.82253
HK.00175,吉利汽车,2021-02-04,27.82253,27.62253,28.07253,26.82253,31.372,0.00835,82029161,2333626507.0,-2.2990514113876563,28.27253
HK.00175,吉利汽车,2021-02-05,27.82253,26.92253,28.17253,26.42253,30.61,0.00859,84295948,2361632130.0,-2.5341632355906674,27.62253
HK.00175,吉利汽车,2021-02-08,27.52253,27.07253,27.62253,26.67253,30.773,0.00477,46860394,1324381761.0,0.5571541753319696,26.92253
HK.00175,吉利汽车,2021-02-09,27.42253,28.12253,28.62253,27.27253,31.917,0.00821,80605325,2360881505.0,3.8784701688390433,27.07253
HK.00175,吉利汽车,2021-02-10,28.67253,28.77253,28.92253,27.82253,32.625,0.00758,74463700,2209519806.0,2.311314095851257,28.12253
HK.00175,吉利汽车,2021-02-11,28.57253,28.67253,28.67253,27.67253,32.516,0.00243,23820173,701794306.0,-0.3475537257238116,28.77253
HK.00175,吉利汽车,2021-02-16,29.37253,29.07253,29.67253,28.42253,32.952,0.00521,51193346,1545968975.0,1.3950634980589511,28.67253
HK.00175,吉利汽车,2021-02-17,28.82253,29.02253,29.47253,28.42253,32.897,0.00467,45851899,1381692274.0,-0.1719836560492008,29.07253
HK.00175,吉利汽车,2021-02-18,29.17253,28.22253,29.32253,28.02253,32.026,0.00621,60971955,1807299514.0,-2.756479190477194,29.02253
HK.00175,吉利汽车,2021-02-19,28.32253,28.07253,28.42253,26.82253,31.862,0.00907,89102220,2551223334.0,-0.5314902668187387,28.22253
HK.00175,吉利汽车,2021-02-22,28.32253,27.17253,28.97253,26.92253,30.882,0.00982,96396340,2802596354.0,-3.2059810782996836,28.07253
HK.00175,吉利汽车,2021-02-23,26.82253,26.32253,27.07253,25.82253,29.956,0.01018,99943185,2748842577.0,-3.128159210791185,27.17253
HK.00175,吉利汽车,2021-02-24,26.22253,24.72253,26.62253,24.32253,28.213,0.01606,157663007,4117533507.0,-6.078443067592672,26.32253
HK.00175,吉利汽车,2021-02-25,25.22253,25.42253,25.97253,24.92253,28.976,0.0094,92289085,2462943488.0,2.831425424501454,24.72253
HK.00175,吉利汽车,2021-02-26,24.62253,24.02253,25.02253,23.82253,27.45,0.01164,114252998,2907376813.0,-5.506926336599853,25.42253
HK.00175,吉利汽车,2021-03-01,24.67253,24.87253,25.32253,24.22253,28.376,0.0059,57924048,1508427389.0,3.5383450452554395,24.02253
HK.00175,吉利汽车,2021-03-02,25.12253,24.77253,25.72253,24.47253,28.267,0.00575,56408654,1473384149.0,-0.402049972399275,24.87253
HK.00175,吉利汽车,2021-03-03,24.77253,24.97253,24.97253,24.37253,28.485,0.00407,39967886,1035660617.0,0.8073458786809392,24.77253
HK.00175,吉利汽车,2021-03-04,24.32253,23.47253,24.57253,23.42253,26.851,0.00793,77879836,1941006589.0,-6.006600052137288,24.97253
HK.00175,吉利汽车,2021-03-05,22.57253,23.17253,23.87253,21.92253,26.525,0.00791,77628222,1880831518.0,-1.278089750018429,23.47253
HK.00175,吉利汽车,2021-03-08,23.32253,20.87253,23.42253,20.52253,24.019,0.01326,130147540,2939295188.0,-9.925545462666344,23.17253
HK.00175,吉利汽车,2021-03-09,20.82253,21.27253,22.12253,19.72253,24.455,0.00997,97850780,2187812910.0,1.9163944188845268,20.87253
HK.00175,吉利汽车,2021-03-10,22.77253,21.87253,22.77253,21.57253,25.108,0.00663,65089357,1505903631.0,2.820538976793082,21.27253
HK.00175,吉利汽车,2021-03-11,21.87253,22.77253,22.92253,21.82253,26.089,0.00482,47305469,1124171616.0,4.114750328379929,21.87253
HK.00175,吉利汽车,2021-03-12,23.22253,22.57253,23.47253,22.42253,25.871,0.00544,53370874,1281038013.0,-0.8782511209777714,22.77253
HK.00175,吉利汽车,2021-03-15,22.62253,22.07253,22.97253,21.67253,25.326,0.00562,55173442,1285593164.0,-2.2150817830345115,22.57253
HK.00175,吉利汽车,2021-03-16,22.32253,22.77253,23.02253,22.32253,26.089,0.00474,46511449,1113074473.0,3.171362775359233,22.07253
HK.00175,吉利汽车,2021-03-17,22.97253,23.37253,23.67253,22.47253,26.742,0.00528,51850522,1272575863.0,2.63475336293333,22.77253
HK.00175,吉利汽车,2021-03-18,23.82253,23.52253,24.47253,23.37253,26.906,0.00589,57856295,1445076258.0,0.6417790457430094,23.37253
HK.00175,吉利汽车,2021-03-19,23.37253,22.77253,23.37253,22.37253,26.089,0.00704,69115567,1648196643.0,-3.1884325368062023,23.52253
HK.00175,吉利汽车,2021-03-22,22.87253,22.97253,23.27253,22.57253,26.307,0.00318,31192763,752732897.0,0.8782511209777714,22.77253
HK.00175,吉利汽车,2021-03-23,22.97253,21.37253,23.02253,21.12253,24.564,0.0139,136441063,3120632181.0,-6.964840180859479,22.97253
HK.00175,吉利汽车,2021-03-24,20.67253,18.72253,20.77253,18.26253,29.569,0.02942,288862991,5823873364.0,-12.399093602863124,21.37253
HK.00175,吉利汽车,2021-03-25,18.50253,18.50253,18.76253,17.72253,29.242,0.00834,81934099,1600457851.0,-1.1750548670505476,18.72253
HK.00175,吉利汽车,2021-03-26,18.78253,19.27253,19.52253,18.74253,30.386,0.0074,72633372,1480698275.0,4.161593036195589,18.50253
HK.00175,吉利汽车,2021-03-29,19.27253,18.72253,19.47253,18.44253,29.569,0.00562,55146998,1098427006.0,-2.853802796000321,19.27253
HK.00175,吉利汽车,2021-03-30,18.72253,18.82253,18.92253,18.16253,29.717,0.00559,54918112,1085981052.0,0.5341158486593501,18.72253
HK.00175,吉利汽车,2021-03-31,19.27253,18.60253,19.42253,18.34253,29.39,0.00663,65135364,1290095814.0,-1.168812056615125,18.82253
HK.00175,吉利汽车,2021-04-01,18.92253,19.37253,19.52253,18.78253,30.534,0.00644,63191949,1288293630.0,4.139221923039498,18.60253
HK.00175,吉利汽车,2021-04-07,19.52253,19.22253,19.77253,18.97253,30.312,0.00534,52390434,1068407181.0,-0.7742922581614385,19.37253
HK.00175,吉利汽车,2021-04-08,19.12253,19.57253,19.87253,18.87253,30.832,0.00506,49635190,1028636195.0,1.8207800950239197,19.22253
HK.00175,吉利汽车,2021-04-09,19.72253,19.52253,19.97253,19.27253,30.757,0.00429,42092518,872229021.0,-0.2554600759329566,19.57253
HK.00175,吉利汽车,2021-04-12,19.52253,18.06253,19.67253,17.88253,28.588,0.01158,113747601,2200539824.0,-7.478538898390736,19.52253
HK.00175,吉利汽车,2021-04-13,18.16253,18.06253,18.48253,17.94253,28.588,0.00518,50910710,983039243.0,0.0,18.06253
HK.00175,吉利汽车,2021-04-14,18.68253,19.02253,19.52253,18.62253,30.014,0.00857,84129662,1707144923.0,5.3148700652677165,18.06253
HK.00175,吉利汽车,2021-04-15,18.97253,19.17253,19.22253,18.70253,30.237,0.00328,32173051,647697904.0,0.7885386433875966,19.02253
HK.00175,吉利汽车,2021-04-16,20.07253,20.62253,21.17253,19.77253,32.392,0.01904,186955692,4065212510.0,7.562903800385254,19.17253
HK.00175,吉利汽车,2021-04-19,20.92253,21.67253,22.17253,20.82253,33.952,0.01265,124262016,2850751471.0,5.091518838862143,20.62253
HK.00175,吉利汽车,2021-04-20,21.67253,21.92253,22.32253,21.42253,34.323,0.0098,96239706,2222693384.0,1.1535339898018369,21.67253
HK.00175,吉利汽车,2021-04-21,21.47253,21.32253,21.62253,20.87253,33.432,0.00595,58400188,1307115669.0,-2.7369103839748328,21.92253
HK.00175,吉利汽车,2021-04-22,21.37253,20.92253,21.47253,20.07253,32.838,0.00926,90898630,1981961303.0,-1.875949992801052,21.32253
HK.00175,吉利汽车,2021-04-23,21.02253,21.02253,21.27253,20.72253,32.986,0.00427,41973621,928876017.0,0.4779536700389553,20.92253
HK.00175,吉利汽车,2021-04-26,21.02253,20.37253,21.12253,20.17253,32.02,0.00608,59670304,1292346879.0,-3.091920905809142,21.02253
HK.00175,吉利汽车,2021-04-27,20.52253,20.32253,20.62253,20.17253,31.946,0.00463,45471824,978519070.0,-0.2454285255685018,20.37253
HK.00175,吉利汽车,2021-04-28,20.52253,19.47253,20.52253,19.32253,30.683,0.00745,73192519,1519004534.0,-4.182550105720111,20.32253
HK.00175,吉利汽车,2021-04-29,19.47253,19.77253,20.07253,19.12253,31.129,0.00373,36616802,764085030.0,1.5406318542069302,19.47253
HK.00175,吉利汽车,2021-04-30,19.37253,18.97253,19.57253,18.87253,29.94,0.0047,46156288,935038800.0,-4.046017378656149,19.77253
HK.00175,吉利汽车,2021-05-03,18.92253,18.62253,19.02253,18.54253,29.42,0.00396,38853538,770697136.0,-1.8447724156978424,18.97253
HK.00175,吉利汽车,2021-05-04,18.64253,18.87253,18.97253,18.42253,29.791,0.00246,24178177,481939956.0,1.3424599128045436,18.62253
HK.00175,吉利汽车,2021-05-05,18.58253,18.87253,19.12253,18.52253,29.791,0.00223,21867463,439557170.0,0.0,18.87253
HK.00175,吉利汽车,2021-05-06,19.12253,18.58253,19.17253,18.32253,29.361,0.00578,56752604,1119676292.0,-1.5366249252220168,18.87253
HK.00175,吉利汽车,2021-05-07,18.56253,18.04253,18.70253,17.92253,28.558,0.00594,58313874,1124487824.0,-2.905955217077541,18.58253
HK.00175,吉利汽车,2021-05-10,18.12253,18.02253,18.46253,17.96253,28.528,0.00329,32262254,623578575.0,-0.1108491990868219,18.04253
HK.00175,吉利汽车,2021-05-11,17.68253,16.80253,17.68253,16.42253,26.716,0.0104,102159098,1839043103.0,-6.769304864522345,18.02253
HK.00175,吉利汽车,2021-05-12,16.72253,17.18253,17.36253,16.28253,27.28,0.00785,77134992,1395507182.0,2.261564181108434,16.80253
HK.00175,吉利汽车,2021-05-13,16.60253,16.50253,16.82253,16.42253,26.27,0.00609,59795266,1060400679.0,-3.9575080037689423,17.18253
HK.00175,吉利汽车,2021-05-14,16.52253,16.40253,16.64253,16.16253,26.121,0.00355,34882950,612426893.0,-0.6059676910146591,16.50253
HK.00175,吉利汽车,2021-05-17,16.64253,17.06253,17.40253,16.48253,27.102,0.00584,57305816,1044234082.0,4.023769503850931,16.40253
HK.00175,吉利汽车,2021-05-18,17.24253,17.12253,17.28253,16.82253,27.191,0.0039,38250152,695668191.0,0.351647733366636,17.06253
HK.00175,吉利汽车,2021-05-20,17.12253,17.90253,18.38253,17.08253,28.35,0.01073,105327672,2012536928.0,4.55540156740854,17.12253
HK.00175,吉利汽车,2021-05-21,18.12253,18.02253,18.30253,17.74253,28.528,0.00402,39484123,755879103.0,0.6702963212462205,17.90253
HK.00175,吉利汽车,2021-05-24,18.12253,17.70253,18.22253,17.30253,28.053,0.0039,38252718,717757886.0,-1.775555374300946,18.02253
HK.00175,吉利汽车,2021-05-25,17.74253,18.30253,18.36253,17.62253,28.945,0.00645,63322024,1223429456.0,3.389346042627813,17.70253
HK.00175,吉利汽车,2021-05-26,18.50253,18.52253,19.12253,18.44253,29.271,0.00608,59691321,1184317594.0,1.202019611496328,18.30253
HK.00175,吉利汽车,2021-05-27,18.58253,18.54253,18.87253,18.14253,29.301,0.0056,54960060,1084856488.0,0.1079766101067163,18.52253
HK.00175,吉利汽车,2021-05-28,18.82253,18.68253,19.52253,18.56253,29.212,0.0071,69764240,1397420122.0,0.7550210246390356,18.54253
HK.00175,吉利汽车,2021-05-31,18.74253,18.76253,18.94253,18.38253,29.331,0.00408,40046426,787081441.0,0.4282075286377265,18.68253
HK.00175,吉利汽车,2021-06-01,18.70253,19.22253,19.37253,18.60253,30.014,0.00425,41736193,838109555.0,2.4516949473231877,18.76253
HK.00175,吉利汽车,2021-06-02,19.57253,20.42253,21.02253,19.42253,31.797,0.01389,136391865,2923995722.0,6.2426746115105525,19.22253
HK.00175,吉利汽车,2021-06-03,20.87253,19.97253,21.32253,19.92253,31.129,0.00777,76346501,1643632852.0,-2.203448838121424,20.42253
HK.00175,吉利汽车,2021-06-04,19.97253,21.27253,21.92253,19.57253,33.06,0.01694,166314951,3703764268.0,6.508940029130014,19.97253
HK.00175,吉利汽车,2021-06-07,21.47253,20.12253,21.72253,19.97253,31.352,0.01321,129771138,2778295528.0,-5.406033038853388,21.27253
HK.00175,吉利汽车,2021-06-08,19.52253,20.42253,21.17253,19.52253,31.797,0.00833,81816492,1770347058.0,1.490866208175598,20.12253
HK.00175,吉利汽车,2021-06-09,20.07253,20.77253,21.02253,19.82253,32.317,0.00603,59235553,1280331653.0,1.7137935407611171,20.42253
HK.00175,吉利汽车,2021-06-10,20.82253,21.02253,21.57253,20.57253,32.689,0.00881,86475048,1915339909.0,1.2035125235106172,20.77253
HK.00175,吉利汽车,2021-06-11,21.42253,21.07253,21.52253,20.57253,32.763,0.00644,63194481,1395176462.0,0.2378400696776302,21.02253
HK.00175,吉利汽车,2021-06-15,21.37253,22.12253,22.27253,21.02253,34.323,0.01145,112432657,2559632755.0,4.982790391092102,21.07253
HK.00175,吉利汽车,2021-06-16,22.22253,21.17253,22.22253,20.92253,32.912,0.00869,85304596,1908648785.0,-4.294264715654145,22.12253
HK.00175,吉利汽车,2021-06-17,20.92253,21.82253,22.22253,20.67253,33.878,0.00798,78404769,1789352229.0,3.070015723203614,21.17253
HK.00175,吉利汽车,2021-06-18,22.12253,23.02253,23.32253,21.92253,35.661,0.01823,178987051,4256601483.0,5.4989041142342305,21.82253
HK.00175,吉利汽车,2021-06-21,22.67253,24.07253,24.77253,22.52253,37.221,0.01625,159582778,3997242671.0,4.560749839396455,23.02253
HK.00175,吉利汽车,2021-06-22,24.22253,23.97253,24.72253,23.52253,37.072,0.0085,83477022,2106326204.0,-0.4154112592236936,24.07253
HK.00175,吉利汽车,2021-06-23,24.17253,25.42253,26.12253,24.12253,39.227,0.01727,169565721,4516840722.0,6.048589781720992,23.97253
HK.00175,吉利汽车,2021-06-24,25.72253,25.12253,26.42253,24.92253,38.781,0.00937,92056833,2435161909.0,-1.1800556435571012,25.42253
HK.00175,吉利汽车,2021-06-25,25.77253,25.07253,25.77253,24.57253,38.707,0.00828,81347864,2120267496.0,-0.1990245409200455,25.12253
HK.00175,吉利汽车,2021-06-28,24.52253,24.52253,25.42253,23.82253,37.89,0.01081,106166984,2726303859.0,-2.193635823748145,25.07253
HK.00175,吉利汽车,2021-06-29,24.57253,24.32253,25.12253,24.17253,37.592,0.00835,81986253,2093873079.0,-0.81557653309018,24.52253
HK.00175,吉利汽车,2021-06-30,24.32253,23.47253,24.42253,22.62253,36.329,0.01403,137827252,3356575858.0,-3.4947022369794647,24.32253
HK.00175,吉利汽车,2021-07-02,23.12253,22.32253,23.17253,21.67253,34.621,0.01523,149586596,3462332335.0,-4.899344041737293,23.47253
HK.00175,吉利汽车,2021-07-05,22.17253,23.57253,23.87253,21.92253,36.478,0.00948,93091624,2267755365.0,5.599723687234377,22.32253
HK.00175,吉利汽车,2021-07-06,23.62253,23.27253,23.77253,22.72253,36.032,0.00494,48476593,1168289786.0,-1.2726678044316868,23.57253
HK.00175,吉利汽车,2021-07-07,22.32253,23.07253,23.42253,21.87253,35.735,0.00961,94366790,2231447178.0,-0.8593822846076439,23.27253
HK.00175,吉利汽车,2021-07-08,22.97253,23.17253,24.12253,22.82253,35.884,0.01081,106136369,2597246942.0,0.4334158412623057,23.07253
HK.00175,吉利汽车,2021-07-09,23.17253,22.67253,23.77253,22.52253,35.141,0.01048,102942131,2461081725.0,-2.1577272744926863,23.17253
HK.00175,吉利汽车,2021-07-12,23.02253,23.17253,23.77253,22.07253,35.884,0.00856,84081488,2025875797.0,2.2053118906447584,22.67253
HK.00175,吉利汽车,2021-07-13,23.47253,24.42253,24.87253,23.22253,37.741,0.00992,97465454,2466247766.0,5.3943181862317156,23.17253
HK.00175,吉利汽车,2021-07-14,24.22253,23.77253,24.27253,23.27253,36.775,0.0064,62805711,1548588582.0,-2.66147692315251,24.42253
HK.00175,吉利汽车,2021-07-15,23.62253,23.37253,23.62253,22.92253,36.181,0.00541,53126208,1287315862.0,-1.682614345212725,23.77253
HK.00175,吉利汽车,2021-07-16,23.37253,23.37253,24.02253,23.17253,36.181,0.00511,50168690,1232109742.0,0.0,23.37253
HK.00175,吉利汽车,2021-07-19,23.02253,22.72253,23.42253,22.62253,35.215,0.00436,42848082,1021256001.0,-2.7810425315530756,23.37253
HK.00175,吉利汽车,2021-07-20,22.27253,21.92253,22.47253,21.27253,34.026,0.01318,129475446,2931859662.0,-3.5207347069186428,22.72253
HK.00175,吉利汽车,2021-07-21,22.17253,22.42253,22.77253,22.17253,34.769,0.0075,73661340,1723319659.0,2.2807586533123687,21.92253
HK.00175,吉利汽车,2021-07-22,22.87253,22.97253,23.47253,22.52253,35.586,0.00864,84863199,2033266385.0,2.452890017317406,22.42253
HK.00175,吉利汽车,2021-07-23,22.97253,22.72253,23.42253,22.62253,35.215,0.00498,48928246,1173336343.0,-1.0882562782592948,22.97253
HK.00175,吉利汽车,2021-07-26,22.47253,22.42253,23.72253,22.22253,34.769,0.01321,129738770,3104980143.0,-1.320275515094493,22.72253
HK.00175,吉利汽车,2021-07-27,22.42253,21.77253,23.87253,20.57253,33.803,0.01791,175902028,4125856986.0,-2.8988700204660165,22.42253
HK.00175,吉利汽车,2021-07-28,22.27253,22.77253,22.82253,21.07253,35.289,0.01065,104564023,2422552083.0,4.592943493475494,21.77253
HK.00175,吉利汽车,2021-07-29,23.62253,24.57253,24.72253,23.32253,37.964,0.01513,148565693,3742514018.0,7.904260088799973,22.77253
HK.00175,吉利汽车,2021-07-30,24.02253,24.97253,25.47253,23.82253,38.558,0.00936,91872602,2377438016.0,1.6278340081383502,24.57253
HK.00175,吉利汽车,2021-08-02,25.52253,25.77253,26.27253,24.77253,39.747,0.01131,111079922,2956522574.0,3.203520027806557,24.97253
HK.00175,吉利汽车,2021-08-03,26.22253,25.87253,27.02253,25.57253,39.895,0.01381,135598940,3719422442.0,0.3880100246270018,25.77253
HK.00175,吉利汽车,2021-08-04,25.87253,27.22253,27.72253,25.67253,41.901,0.01383,135773283,3819303011.0,5.217889398524218,25.87253
HK.00175,吉利汽车,2021-08-05,27.37253,27.07253,27.77253,26.82253,41.679,0.00876,86072091,2431987050.0,-0.5510141783294887,27.22253
HK.00175,吉利汽车,2021-08-06,27.17253,26.32253,27.62253,25.97253,40.564,0.00851,83561889,2311688520.0,-2.7703358348850293,27.07253
HK.00175,吉利汽车,2021-08-09,25.32253,26.07253,26.67253,25.02253,40.193,0.00859,84346324,2266516464.0,-0.9497567293113542,26.32253
HK.00175,吉利汽车,2021-08-10,26.47253,26.42253,26.52253,25.12253,40.713,0.00701,68869187,1853091417.0,1.3424090412399483,26.07253
HK.00175,吉利汽车,2021-08-11,26.02253,27.32253,27.62253,25.87253,42.05,0.00994,97579456,2741347825.0,3.406184040665304,26.42253
HK.00175,吉利汽车,2021-08-12,27.02253,27.92253,28.82253,26.87253,42.942,0.01242,122005164,3540080030.0,2.195989902838419,27.32253
HK.00175,吉利汽车,2021-08-13,27.57253,27.47253,28.62253,27.22253,42.273,0.00658,64622672,1863922072.0,-1.6116018140189994,27.92253
HK.00175,吉利汽车,2021-08-16,27.12253,25.57253,27.47253,25.32253,39.45,0.01149,112875476,3032742563.0,-6.915999363728053,27.47253
HK.00175,吉利汽车,2021-08-17,25.52253,24.62253,26.07253,23.42253,38.038,0.01223,120112732,3073191900.0,-3.714923787360888,25.57253
HK.00175,吉利汽车,2021-08-18,24.52253,25.27253,25.82253,23.62253,39.004,0.00941,92387936,2397665563.0,2.6398586985171653,24.62253
HK.00175,吉利汽车,2021-08-19,26.22253,25.82253,27.02253,25.52253,39.821,0.01055,103642738,2812743639.0,2.1762759802837337,25.27253
HK.00175,吉利汽车,2021-08-20,25.67253,24.77253,25.87253,24.27253,38.261,0.00921,90440916,2341673179.0,-4.066216594578458,25.82253
HK.00175,吉利汽车,2021-08-23,25.32253,24.62253,26.17253,24.32253,38.038,0.00998,98040271,2552132883.0,-0.6055094090107009,24.77253
HK.00175,吉利汽车,2021-08-24,25.07253,24.42253,25.17253,23.97253,37.741,0.00897,88045305,2233005786.0,-0.8122642149283719,24.62253
HK.00175,吉利汽车,2021-08-25,24.57253,24.52253,24.72253,23.87253,37.89,0.00529,51936473,1314256630.0,0.4094579881773159,24.42253
HK.00175,吉利汽车,2021-08-26,24.32253,24.17253,24.47253,23.82253,37.369,0.0049,48151414,1206202385.0,-1.4272589329078256,24.52253
HK.00175,吉利汽车,2021-08-27,23.92253,24.82253,25.47253,23.87253,38.335,0.00651,63974991,1651461986.0,2.689002764708544,24.17253
HK.00175,吉利汽车,2021-08-30,25.52253,25.92253,26.47253,25.02253,39.97,0.00854,83863212,2253864337.0,4.431458034293836,24.82253
HK.00175,吉利汽车,2021-08-31,25.82253,27.12253,27.22253,25.72253,41.753,0.00986,96836454,2668470685.0,4.629177784730128,25.92253
HK.00175,吉利汽车,2021-09-01,26.82253,26.62253,27.32253,26.27253,41.01,0.00475,46617583,1293170248.0,-1.8434858400009144,27.12253
HK.00175,吉利汽车,2021-09-02,27.22253,27.12253,27.52253,26.62253,41.753,0.00526,51665991,1449472381.0,1.8781085043382428,26.62253
HK.00175,吉利汽车,2021-09-03,27.07253,26.42253,27.47253,26.22253,40.713,0.00632,62031182,1715688703.0,-2.5808801760012905,27.12253
HK.00175,吉利汽车,2021-09-06,26.17253,26.97253,27.07253,26.17253,41.53,0.00446,43782591,1211603976.0,2.081556913739906,26.42253
HK.00175,吉利汽车,2021-09-07,26.87253,27.67253,28.02253,26.52253,42.57,0.00736,72319109,2058874521.0,2.5952330018726433,26.97253
HK.00175,吉利汽车,2021-09-08,27.37253,26.77253,28.27253,26.62253,41.233,0.00607,59614765,1679974817.0,-3.252322790868774,27.67253
HK.00175,吉利汽车,2021-09-09,26.57253,26.12253,27.02253,25.52253,40.267,0.00584,57307449,1556829981.0,-2.4278616925632304,26.77253
HK.00175,吉利汽车,2021-09-10,26.12253,26.17253,26.47253,25.87253,40.341,0.00317,31163869,845664760.0,0.1914056563433831,26.12253
HK.00175,吉利汽车,2021-09-13,25.77253,25.82253,26.17253,25.42253,39.821,0.00462,45415864,1212456740.0,-1.3372799649097658,26.17253
HK.00175,吉利汽车,2021-09-14,25.82253,25.52253,26.12253,25.17253,39.375,0.00394,38669461,1026459116.0,-1.1617761698795614,25.82253
HK.00175,吉利汽车,2021-09-15,25.47253,25.42253,26.12253,25.22253,39.227,0.00296,29088327,772316987.0,-0.391810686479755,25.52253
HK.00175,吉利汽车,2021-09-16,25.92253,24.12253,25.92253,23.97253,37.295,0.0056,54980954,1390910332.0,-5.113574455414144,25.42253
HK.00175,吉利汽车,2021-09-17,24.12253,24.77253,24.77253,23.77253,38.261,0.00611,60009010,1536322650.0,2.694576398080958,24.12253
HK.00175,吉利汽车,2021-09-20,24.37253,23.27253,24.42253,22.47253,36.032,0.00609,59823107,1446738351.0,-6.055094090107066,24.77253
HK.00175,吉利汽车,2021-09-21,22.52253,23.42253,23.62253,22.52253,36.255,0.00224,21977541,532215431.0,0.644536713455729,23.27253
HK.00175,吉利汽车,2021-09-23,23.82253,22.17253,24.42253,21.87253,34.398,0.0113,111018261,2613465190.0,-5.336742017194556,23.42253
HK.00175,吉利汽车,2021-09-24,22.17253,22.02253,23.12253,21.82253,34.175,0.0058,56996367,1328709950.0,-0.676512784062074,22.17253
HK.00175,吉利汽车,2021-09-27,22.12253,20.97253,22.52253,20.07253,32.615,0.01216,119388205,2610530669.0,-4.767844566450815,22.02253
HK.00175,吉利汽车,2021-09-28,21.07253,21.47253,21.77253,20.72253,33.358,0.005,49122113,1103675239.0,2.384070972839233,20.97253
HK.00175,吉利汽车,2021-09-29,21.02253,21.57253,21.62253,20.42253,33.506,0.00287,28144516,628940240.0,0.4657113064925345,21.47253
HK.00175,吉利汽车,2021-09-30,21.27253,21.37253,21.92253,21.02253,33.209,0.00277,27186656,609754020.0,-0.9271049802688848,21.57253
HK.00175,吉利汽车,2021-10-04,20.87253,21.02253,21.22253,20.37253,32.689,0.00265,25985801,566495342.0,-1.6376161362272106,21.37253
HK.00175,吉利汽车,2021-10-05,20.62253,21.07253,21.27253,20.27253,32.763,0.00201,19772067,434351378.0,0.2378400696776302,21.02253
HK.00175,吉利汽车,2021-10-06,21.07253,20.52253,21.27253,20.37253,31.946,0.00277,27213740,587445139.0,-2.610033062000627,21.07253
HK.00175,吉利汽车,2021-10-07,20.67253,21.07253,21.22253,20.52253,32.763,0.00267,26182297,573149202.0,2.679981464273658,20.52253
HK.00175,吉利汽车,2021-10-08,21.07253,21.22253,21.82253,20.52253,32.986,0.00475,46636245,1030631038.0,0.711827198727436,21.07253
HK.00175,吉利汽车,2021-10-11,21.22253,21.72253,22.12253,21.07253,33.729,0.00437,42963366,977603077.0,2.355986774432643,21.22253
HK.00175,吉利汽车,2021-10-12,21.62253,21.62253,22.72253,21.42253,33.58,0.0046,45166124,1037550285.0,-0.4603515336381069,21.72253
HK.00175,吉利汽车,2021-10-15,22.97253,23.42253,23.77253,22.67253,36.255,0.00941,92440502,2248179447.0,8.32465026063091,21.62253
HK.00175,吉利汽车,2021-10-18,23.77253,23.82253,24.42253,23.47253,36.849,0.00616,60496300,1501080211.0,1.707757445502267,23.42253
HK.00175,吉利汽车,2021-10-19,24.72253,24.37253,24.82253,24.07253,37.667,0.00558,54843175,1389342232.0,2.3087388283276407,23.82253
HK.00175,吉利汽车,2021-10-20,24.37253,25.62253,25.92253,24.32253,39.524,0.00928,91134978,2404906073.0,5.128724838988812,24.37253
HK.00175,吉利汽车,2021-10-21,25.97253,25.12253,25.97253,24.97253,38.781,0.00488,47906765,1260378998.0,-1.951407608850492,25.62253
HK.00175,吉利汽车,2021-10-22,24.77253,25.72253,25.87253,24.77253,39.673,0.00337,33078141,879535911.0,2.3882944910405035,25.12253
HK.00175,吉利汽车,2021-10-25,25.52253,25.97253,26.47253,25.22253,40.044,0.00391,38359461,1034635060.0,0.9719106168794438,25.72253
HK.00175,吉利汽车,2021-10-26,26.57253,26.07253,27.02253,25.72253,40.193,0.00466,45788092,1248075866.0,0.3850221753521949,25.97253
HK.00175,吉利汽车,2021-10-27,25.57253,25.57253,25.82253,24.92253,39.45,0.00444,43649466,1155250561.0,-1.9177272017713665,26.07253
HK.00175,吉利汽车,2021-10-28,25.52253,25.37253,25.87253,25.07253,39.153,0.00304,29813204,785684077.0,-0.7820892183917637,25.57253
HK.00175,吉利汽车,2021-10-29,25.12253,26.07253,26.22253,24.77253,40.193,0.00427,41910045,1117263157.0,2.758889239661946,25.37253
HK.00175,吉利汽车,2021-11-01,26.37253,25.12253,26.72253,24.72253,38.781,0.006,58924555,1546561775.0,-3.6436816833655934,26.07253
HK.00175,吉利汽车,2021-11-02,25.52253,25.22253,26.12253,24.92253,38.93,0.00601,59035403,1560381382.0,0.3980490818400768,25.12253
HK.00175,吉利汽车,2021-11-03,25.12253,24.67253,25.37253,23.62253,38.112,0.00583,57275420,1445235485.0,-2.1805901311248346,25.22253
HK.00175,吉利汽车,2021-11-04,24.67253,25.22253,25.37253,24.57253,38.93,0.00356,34955281,909760457.0,2.22919984290221,24.67253
HK.00175,吉利汽车,2021-11-05,24.92253,25.52253,25.87253,24.67253,39.375,0.00568,55777506,1475890483.0,1.1894127987953655,25.22253
HK.00175,吉利汽车,2021-11-08,25.67253,24.42253,25.92253,24.27253,37.741,0.00551,54076878,1391336548.0,-4.309917551277249,25.52253
HK.00175,吉利汽车,2021-11-09,24.72253,25.07253,25.72253,24.42253,38.707,0.0042,41217781,1075953180.0,2.661476923152524,24.42253
HK.00175,吉利汽车,2021-11-10,25.02253,24.62253,25.07253,23.92253,38.038,0.00432,42454601,1075515677.0,-1.7947929467030226,25.07253
HK.00175,吉利汽车,2021-11-11,24.42253,24.87253,25.02253,24.22253,38.41,0.00233,22925502,585908450.0,1.0153302686604504,24.62253
HK.00175,吉利汽车,2021-11-12,25.12253,24.37253,25.22253,24.17253,37.667,0.0047,46199503,1174149713.0,-2.010249861996347,24.87253
HK.00175,吉利汽车,2021-11-15,24.37253,24.32253,24.57253,23.72253,37.592,0.00373,36618798,919345907.0,-0.2051489935595553,24.37253
HK.00175,吉利汽车,2021-11-16,24.47253,25.37253,25.77253,24.22253,39.153,0.00687,67435116,1770678533.0,4.3169851162687465,24.32253
HK.00175,吉利汽车,2021-11-17,25.52253,25.82253,26.07253,25.27253,39.821,0.00441,43270021,1158281156.0,1.773571654068393,25.37253
HK.00175,吉利汽车,2021-11-18,25.52253,25.32253,25.72253,25.07253,39.078,0.00351,34476539,906243075.0,-1.9362936164659312,25.82253
HK.00175,吉利汽车,2021-11-19,25.07253,25.02253,25.27253,24.52253,38.632,0.00345,33847787,875253410.0,-1.1847157452276718,25.32253
HK.00175,吉利汽车,2021-11-22,25.02253,26.12253,26.32253,24.72253,40.267,0.00699,68689979,1851224381.0,4.396038290292794,25.02253
HK.00175,吉利汽车,2021-11-23,25.62253,25.32253,26.12253,25.07253,39.078,0.00509,49941969,1319136543.0,-3.0624905014943065,26.12253
HK.00175,吉利汽车,2021-11-24,25.07253,24.37253,25.17253,23.92253,37.667,0.008,78569265,1991227889.0,-3.751599859887615,25.32253
HK.00175,吉利汽车,2021-11-25,24.32253,24.42253,24.57253,23.87253,37.741,0.00369,36237378,915307355.0,0.2051489935595408,24.37253
HK.00175,吉利汽车,2021-11-26,24.22253,23.72253,24.27253,23.62253,36.701,0.00406,39830327,987465780.0,-2.8662059172411674,24.42253
HK.00175,吉利汽车,2021-11-29,23.52253,22.97253,23.82253,22.67253,35.586,0.00678,66584770,1602845135.0,-3.1615514871305885,23.72253
HK.00175,吉利汽车,2021-11-30,23.17253,22.17253,23.57253,21.92253,34.398,0.00938,92135595,2144494643.0,-3.482420090429747,22.97253
HK.00175,吉利汽车,2021-12-01,22.47253,22.02253,22.82253,21.82253,34.175,0.00592,58124209,1348921855.0,-0.676512784062074,22.17253
HK.00175,吉利汽车,2021-12-02,21.87253,22.12253,22.52253,21.57253,34.323,0.00526,51662595,1188999601.0,0.4540804349000837,22.02253
HK.00175,吉利汽车,2021-12-03,22.07253,22.07253,22.32253,21.42253,34.249,0.00484,47497404,1087864385.0,-0.2260139324028522,22.12253
HK.00175,吉利汽车,2021-12-06,21.52253,21.27253,22.22253,21.07253,33.06,0.0064,62882830,1412813349.0,-3.624414600410559,22.07253
HK.00175,吉利汽车,2021-12-07,21.77253,22.27253,22.42253,21.22253,34.546,0.00591,58029823,1329294767.0,4.700898294655126,21.27253
HK.00175,吉利汽车,2021-12-08,22.62253,22.52253,22.82253,21.87253,34.918,0.0036,35329396,824177143.0,1.122458921370855,22.27253
HK.00175,吉利汽车,2021-12-09,22.72253,23.27253,23.47253,22.62253,36.032,0.00589,57853024,1394591462.0,3.329998894440367,22.52253
HK.00175,吉利汽车,2021-12-10,22.87253,23.22253,23.57253,22.87253,35.958,0.00281,27583488,666874890.0,-0.2148455711519148,23.27253
HK.00175,吉利汽车,2021-12-13,23.52253,22.82253,23.72253,22.72253,35.364,0.00344,33825466,812844935.0,-1.7224652094323858,23.22253
HK.00175,吉利汽车,2021-12-14,22.52253,22.12253,22.72253,21.72253,34.323,0.00391,38416362,883836749.0,-3.067144615430451,22.82253
HK.00175,吉利汽车,2021-12-15,22.22253,21.82253,22.32253,21.62253,33.878,0.00328,32194615,735424236.0,-1.3560835944170977,22.12253
HK.00175,吉利汽车,2021-12-16,21.47253,22.02253,22.17253,20.92253,34.175,0.00556,54651713,1230875565.0,0.9164840190390356,21.82253
HK.00175,吉利汽车,2021-12-17,21.97253,21.42253,21.97253,21.22253,33.283,0.00454,44596199,999750906.0,-2.72448260940047,22.02253
HK.00175,吉利汽车,2021-12-20,21.57253,20.97253,21.62253,20.82253,32.615,0.00381,37460659,826364354.0,-2.10059222696852,21.42253
HK.00175,吉利汽车,2021-12-21,20.77253,21.07253,21.32253,20.62253,32.763,0.00233,22843437,502428313.0,0.4768141945678534,20.97253
HK.00175,吉利汽车,2021-12-22,21.27253,21.22253,21.82253,21.07253,32.986,0.00267,26208939,584736807.0,0.711827198727436,21.07253
HK.00175,吉利汽车,2021-12-23,21.42253,21.37253,21.52253,21.07253,33.209,0.0018,17629644,392769066.0,0.7067960323298029,21.22253
HK.00175,吉利汽车,2021-12-24,21.52253,20.97253,21.62253,20.67253,32.615,0.00168,16477697,361558469.0,-1.8715612985453856,21.37253
HK.00175,吉利汽车,2021-12-28,20.92253,20.12253,20.97253,19.62253,31.352,0.00849,83412806,1757764523.0,-4.0529206538266855,20.97253
HK.00175,吉利汽车,2021-12-29,19.92253,19.97253,20.17253,19.72253,31.129,0.00205,20177491,423301449.0,-0.7454331040878166,20.12253
HK.00175,吉利汽车,2021-12-30,19.92253,19.87253,20.02253,19.57253,30.98,0.00209,20957735,435807318.0,-0.5006876945484516,19.97253
HK.00175,吉利汽车,2021-12-31,20.32253,20.32253,20.77253,20.12253,32.272,0.00186,18604556,398529875.0,2.2644323596441884,19.87253
HK.00175,吉利汽车,2022-01-03,20.52253,20.32253,20.62253,19.92253,32.272,0.00178,17861965,377641446.0,0.0,20.32253
HK.00175,吉利汽车,2022-01-04,20.52253,20.27253,21.07253,20.02253,32.196,0.00375,37603999,803404073.0,-0.2460323591600096,20.32253
HK.00175,吉利汽车,2022-01-05,20.27253,18.90253,20.27253,18.76253,30.121,0.00711,71202439,1429832297.0,-6.757913294492601,20.27253
HK.00175,吉利汽车,2022-01-06,18.92253,18.92253,19.22253,18.62253,30.151,0.00426,42679634,846918437.0,0.1058059423791396,18.90253
HK.00175,吉利汽车,2022-01-07,19.22253,18.46253,19.42253,17.94253,29.454,0.00775,77663899,1501065322.0,-2.430964569748322,18.92253
HK.00175,吉利汽车,2022-01-10,18.38253,18.62253,18.64253,17.66253,29.696,0.00449,44971889,862165563.0,0.8666201219442846,18.46253
HK.00175,吉利汽车,2022-01-11,18.30253,17.92253,18.38253,17.52253,28.636,0.00784,78494682,1482086556.0,-3.758887755852738,18.62253
HK.00175,吉利汽车,2022-01-12,18.14253,19.02253,19.07253,18.14253,30.303,0.00738,73916629,1455495044.0,6.137526342542049,17.92253
HK.00175,吉利汽车,2022-01-13,19.17253,19.12253,19.47253,18.72253,30.454,0.00469,47020569,944072802.0,0.5256924289250768,19.02253
HK.00175,吉利汽车,2022-01-14,18.92253,19.02253,19.42253,18.74253,30.303,0.00352,35276332,706018164.0,-0.5229433552987048,19.12253
HK.00175,吉利汽车,2022-01-17,18.82253,18.42253,18.84253,18.18253,29.438,0.00567,56853388,1100330343.0,-3.1541545735504237,19.02253
HK.00175,吉利汽车,2022-01-18,18.40253,18.26253,18.56253,18.08253,29.195,0.00377,37816080,727967956.0,-0.8685017747290769,18.42253
HK.00175,吉利汽车,2022-01-19,18.14253,17.94253,18.34253,17.76253,28.71,0.00395,39570188,750033714.0,-1.7522216253717324,18.26253
HK.00175,吉利汽车,2022-01-20,17.94253,18.24253,18.24253,17.62253,29.165,0.00537,53816233,1025141758.0,1.672005007097645,17.94253
HK.00175,吉利汽车,2022-01-21,18.24253,18.46253,18.58253,18.08253,29.499,0.00292,29302809,565914694.0,1.205973075006605,18.24253
HK.00175,吉利汽车,2022-01-24,17.94253,17.78253,18.02253,17.54253,28.467,0.00444,44457332,832762955.0,-3.6831355182632057,18.46253
HK.00175,吉利汽车,2022-01-25,17.52253,17.04253,17.66253,16.82253,27.344,0.00784,78542498,1414101664.0,-4.16138760907476,17.78253
HK.00175,吉利汽车,2022-01-26,16.96253,16.92253,17.14253,16.54253,27.162,0.00502,50328413,894959397.0,-0.7041208083541645,17.04253
HK.00175,吉利汽车,2022-01-27,16.58253,16.30253,16.66253,16.12253,26.221,0.00456,45722876,791118276.0,-3.663754769529127,16.92253
HK.00175,吉利汽车,2022-01-28,16.20253,15.64253,16.30253,15.242529999,25.22,0.00558,55934356,928716010.0,-4.048451375338675,16.30253
HK.00175,吉利汽车,2022-01-31,15.64253,15.66253,15.80253,15.32253,25.25,0.00267,26735765,441571332.0,0.1278565551736168,15.64253
HK.00175,吉利汽车,2022-02-04,16.082529999,16.26253,16.44253,15.742529999,26.16,0.00326,32635504,560558040.0,3.830798727919445,15.66253
HK.00175,吉利汽车,2022-02-07,16.34253,16.26253,16.44253,15.98253,26.16,0.00306,30638756,526970361.0,0.0,16.26253
HK.00175,吉利汽车,2022-02-08,16.30253,15.88253,16.32253,15.68253,25.584,0.00379,38005402,639265521.0,-2.3366597940173057,16.26253
HK.00175,吉利汽车,2022-02-09,16.06253,16.26253,16.46253,16.02253,26.16,0.00293,29410137,506377487.0,2.3925659199132796,15.88253
HK.00175,吉利汽车,2022-02-10,16.46253,16.42253,16.58253,16.02253,26.403,0.0037,37109633,639945699.0,0.98385675537568,16.26253
HK.00175,吉利汽车,2022-02-11,16.30253,16.02253,16.52253,15.80253,25.796,0.00536,53693407,914259981.0,-2.4356783029167772,16.42253
HK.00175,吉利汽车,2022-02-14,15.762529999,15.44253,15.98253,15.262529999,24.916,0.00659,66032942,1085672661.0,-3.6199027244760975,16.02253
HK.00175,吉利汽车,2022-02-15,15.30253,15.742529999,16.02253,15.22253,25.371,0.00452,45337963,757402248.0,1.94268684600257,15.44253
HK.00175,吉利汽车,2022-02-16,16.02253,16.12253,16.28253,15.94253,25.948,0.00445,44607519,763471301.0,2.413843270580646,15.742529999
HK.00175,吉利汽车,2022-02-17,16.16253,16.082529999,16.20253,15.80253,25.887,0.00302,30233082,513912927.0,-0.2481000252441941,16.12253
HK.00175,吉利汽车,2022-02-18,15.98253,15.68253,15.98253,15.52253,25.28,0.00259,25952218,434024164.0,-2.4871708557352,16.082529999
HK.00175,吉利汽车,2022-02-21,15.54253,15.38253,15.68253,15.30253,24.825,0.00366,36714130,601946310.0,-1.9129566466635213,15.68253
HK.00175,吉利汽车,2022-02-22,15.02253,14.66253,15.04253,14.40253,23.732,0.00765,76612139,1191858918.0,-4.680634460001046,15.38253
HK.00175,吉利汽车,2022-02-23,14.58253,14.94253,15.06253,14.58253,24.157,0.00278,27811350,442158840.0,1.9096295114144652,14.66253
HK.00175,吉利汽车,2022-02-24,14.66253,14.18253,14.68253,13.92253,23.004,0.00538,53907748,819652813.0,-5.086153415787018,14.94253
HK.00175,吉利汽车,2022-02-25,14.24253,14.18253,14.54253,14.08253,23.004,0.0028,28099578,427082053.0,0.0,14.18253
HK.00175,吉利汽车,2022-02-28,14.22253,13.44253,14.24253,13.18253,21.881,0.00819,82102182,1183400694.0,-5.217686830205896,14.18253
HK.00175,吉利汽车,2022-03-01,13.56253,13.52253,13.96253,13.30253,22.003,0.00574,57533800,838051593.0,0.5951260662985322,13.44253
HK.00175,吉利汽车,2022-03-02,13.42253,13.24253,13.58253,13.12253,21.578,0.00352,35237288,502296479.0,-2.070618441963149,13.52253
HK.00175,吉利汽车,2022-03-03,13.24253,12.42253,13.24253,12.26253,20.333,0.00899,90104268,1219744473.0,-6.192170227290406,13.24253
HK.00175,吉利汽车,2022-03-04,11.82253,12.14253,12.62253,11.64253,19.908,0.00672,67301023,883966625.0,-2.2539691995108835,12.42253
HK.00175,吉利汽车,2022-03-07,11.60253,11.12253,11.66253,10.98253,18.361,0.00882,88405149,1077978046.0,-8.400226311979475,12.14253
HK.00175,吉利汽车,2022-03-08,11.08253,10.22253,11.26253,10.16253,16.995,0.01227,122990517,1410625943.0,-8.091684176172135,11.12253
HK.00175,吉利汽车,2022-03-09,10.44253,10.76253,10.82253,9.88253,17.814,0.0131,131308663,1503339583.0,5.282449647983416,10.22253
HK.00175,吉利汽车,2022-03-10,11.32253,10.92253,11.42253,10.68253,18.057,0.00811,81243283,972929803.0,1.4866392939206687,10.76253
HK.00175,吉利汽车,2022-03-11,10.46253,10.46253,10.66253,10.00253,17.359,0.00774,77544522,877900415.0,-4.211478476140608,10.92253
HK.00175,吉利汽车,2022-03-14,10.22253,9.58253,10.22253,9.48253,16.024,0.00849,85028257,913527682.0,-8.410967519328489,10.46253
HK.00175,吉利汽车,2022-03-15,9.02253,9.32253,10.42253,9.02253,15.629,0.0146,146338516,1555972170.0,-2.71327092114504,9.58253
HK.00175,吉利汽车,2022-03-16,9.96253,10.66253,10.88253,9.42253,17.663,0.0143,143251998,1604951052.0,14.37378050808096,9.32253
HK.00175,吉利汽车,2022-03-17,11.52253,10.62253,11.60253,10.04253,17.602,0.01648,165188519,1912261797.0,-0.3751454861088402,10.66253
HK.00175,吉利汽车,2022-03-18,10.62253,10.96253,11.14253,10.32253,18.201,0.01188,119087330,1405199016.0,3.200744078858802,10.62253
HK.00175,吉利汽车,2022-03-21,11.20253,10.44253,11.22253,10.28253,17.408,0.00764,76547451,883386283.0,-4.7434305767008125,10.96253
HK.00175,吉利汽车,2022-03-22,10.50253,10.80253,10.80253,10.30253,17.957,0.00579,58021429,668824991.0,3.447440419132157,10.44253
HK.00175,吉利汽车,2022-03-23,10.86253,10.98253,11.52253,10.72253,18.231,0.01128,113025818,1369376396.0,1.6662763260088118,10.80253
HK.00175,吉利汽车,2022-03-24,10.98253,11.10253,11.28253,10.74253,20.405,0.00584,58551410,703267791.0,1.0926444088930256,10.98253
HK.00175,吉利汽车,2022-03-25,11.00253,10.60253,11.26253,10.58253,19.56,0.0056,56075746,658921632.0,-4.50347803608727,11.10253
HK.00175,吉利汽车,2022-03-28,10.60253,10.62253,10.74253,10.22253,19.594,0.00347,34758471,399946637.0,0.1886342222092234,10.60253
HK.00175,吉利汽车,2022-03-29,10.80253,11.14253,11.14253,10.72253,20.472,0.00409,40993243,492309599.0,4.895255650019359,10.62253
HK.00175,吉利汽车,2022-03-30,11.42253,11.68253,11.98253,11.38253,21.385,0.00866,86810685,1101537840.0,4.846296128437609,11.14253
HK.00175,吉利汽车,2022-03-31,11.76253,11.38253,11.80253,11.24253,20.878,0.00399,39940758,496812893.0,-2.567936910925978,11.68253
HK.00175,吉利汽车,2022-04-01,11.06253,11.40253,11.40253,10.94253,20.912,0.00308,30823113,376419097.0,0.1757078610818627,11.38253
HK.00175,吉利汽车,2022-04-04,11.54253,11.48253,11.68253,11.28253,21.047,0.00349,35015362,435313508.0,0.701598680292883,11.40253
HK.00175,吉利汽车,2022-04-06,11.62253,11.16253,11.62253,11.06253,20.506,0.00415,41555614,507136069.0,-2.786842272565369,11.48253
HK.00175,吉利汽车,2022-04-07,11.02253,10.88253,11.30253,10.84253,20.033,0.00344,34459227,411595492.0,-2.5083919147361855,11.16253
HK.00175,吉利汽车,2022-04-08,10.88253,11.02253,11.02253,10.66253,20.27,0.00267,26765487,316486836.0,1.286465555344213,10.88253
HK.00175,吉利汽车,2022-04-11,10.82253,10.16253,10.88253,10.02253,18.817,0.00658,65958297,736686880.0,-7.802201490946266,11.02253
HK.00175,吉利汽车,2022-04-12,10.30253,10.26253,10.46253,10.00253,18.986,0.00446,44702308,498606306.0,0.9840069352808763,10.16253
HK.00175,吉利汽车,2022-04-13,10.22253,10.24253,10.44253,10.08253,18.952,0.00218,21819425,244944315.0,-0.1948837177577027,10.26253
HK.00175,吉利汽车,2022-04-14,10.54253,10.82253,10.88253,10.52253,19.932,0.00537,53776933,631722092.0,5.662663423978255,10.24253
HK.00175,吉利汽车,2022-04-19,10.78253,10.80253,11.14253,10.74253,19.898,0.00452,45324550,537958014.0,-0.1847996725349763,10.82253
HK.00175,吉利汽车,2022-04-20,10.84253,11.18253,11.32253,10.82253,20.54,0.00528,52880373,640765154.0,3.517694466018599,10.80253
HK.00175,吉利汽车,2022-04-21,11.04253,10.82253,11.16253,10.66253,19.932,0.00335,33610811,397395128.0,-3.219307258733037,11.18253
HK.00175,吉利汽车,2022-04-22,10.52253,10.62253,10.72253,10.26253,19.594,0.00302,30294841,349223721.0,-1.8479967253498124,10.82253
HK.00175,吉利汽车,2022-04-25,10.26253,9.82253,10.28253,9.70253,18.243,0.00659,66052823,720118306.0,-7.531162538491292,10.62253
HK.00175,吉利汽车,2022-04-26,10.02253,10.22253,10.40253,9.88253,18.918,0.00503,50448791,563114187.0,4.072270586091367,9.82253
HK.00175,吉利汽车,2022-04-27,10.02253,10.60253,10.66253,9.88253,19.56,0.00499,50047739,568353983.0,3.717279381914252,10.22253
HK.00175,吉利汽车,2022-04-28,10.48253,11.10253,11.10253,10.44253,20.405,0.00528,52924462,627471638.0,4.715855555230686,10.60253
HK.00175,吉利汽车,2022-04-29,10.90253,11.46253,11.68253,10.90253,21.013,0.00564,56507057,697554127.0,3.2425041859828294,11.10253
HK.00175,吉利汽车,2022-05-03,11.20253,11.46253,11.68253,11.08253,21.013,0.0041,41039681,509375333.0,0.0,11.46253
HK.00175,吉利汽车,2022-05-04,11.46253,11.50253,11.70253,11.40253,21.081,0.00347,34763839,434749983.0,0.3489630997694307,11.46253
HK.00175,吉利汽车,2022-05-05,11.72253,11.44253,11.86253,11.22253,20.979,0.00422,42271378,526929428.0,-0.5216243730727109,11.50253
HK.00175,吉利汽车,2022-05-06,10.98253,10.62253,11.12253,10.62253,19.594,0.00419,41949088,494294095.0,-7.1662473246738285,11.44253
HK.00175,吉利汽车,2022-05-10,9.90253,10.18253,10.40253,9.88253,18.851,0.00547,54822077,609915489.0,-4.1421393961702115,10.62253
HK.00175,吉利汽车,2022-05-11,10.24253,10.94253,11.18253,10.10253,20.135,0.00605,60670548,720660021.0,7.463763917218999,10.18253
HK.00175,吉利汽车,2022-05-12,10.74253,10.82253,11.28253,10.70253,19.932,0.0046,46071379,547306147.0,-1.0966385287497429,10.94253
HK.00175,吉利汽车,2022-05-13,11.32253,11.78253,11.78253,11.12253,21.554,0.00972,97445136,1219946738.0,8.870384281679044,10.82253
HK.00175,吉利汽车,2022-05-16,11.84253,11.56253,11.92253,11.44253,21.182,0.00518,51908158,654361260.0,-1.8671711423607569,11.78253
HK.00175,吉利汽车,2022-05-17,11.62253,12.66253,12.78253,11.48253,23.04,0.01105,110723312,1484239360.0,9.513488829866816,11.56253
HK.00175,吉利汽车,2022-05-18,12.82253,12.78253,13.00253,12.38253,23.243,0.00909,91132922,1252970759.0,0.9476779127078018,12.66253
HK.00175,吉利汽车,2022-05-19,12.38253,12.46253,12.64253,12.12253,22.702,0.00639,64048201,854360644.0,-2.503416772735916,12.78253
HK.00175,吉利汽车,2022-05-20,12.76253,12.70253,12.98253,12.32253,23.108,0.00544,54482658,741198159.0,1.9257726962342336,12.46253
HK.00175,吉利汽车,2022-05-23,12.50253,12.66253,12.94253,12.38253,23.04,0.00512,51314305,696564529.0,-0.3148978982926956,12.70253
HK.00175,吉利汽车,2022-05-24,14.02253,13.14253,14.10253,13.12253,23.851,0.01437,143995219,2090061888.0,3.790711650831235,12.66253
HK.00175,吉利汽车,2022-05-25,13.18253,13.78253,14.00253,12.96253,24.932,0.01139,114179502,1662379079.0,4.869686430238309,13.14253
HK.00175,吉利汽车,2022-05-26,13.78253,13.52253,13.80253,13.06253,24.493,0.00773,77491079,1114763398.0,-1.886446102420962,13.78253
HK.00175,吉利汽车,2022-05-27,13.86253,13.62253,13.96253,13.30253,24.662,0.00597,59835771,869730700.0,0.7395065864154093,13.52253
HK.00175,吉利汽车,2022-05-30,13.82253,13.60253,13.82253,13.44253,24.628,0.00553,55439717,808759756.0,-0.1468156062053053,13.62253
HK.00175,吉利汽车,2022-05-31,13.58253,14.02253,14.02253,13.32253,25.337,0.01652,165511371,2451622937.0,3.087660898376993,13.60253
HK.00175,吉利汽车,2022-06-01,14.22253,14.26253,14.92253,14.00253,25.743,0.00977,97933447,1501145453.0,1.7115313713003302,14.02253
HK.00175,吉利汽车,2022-06-02,14.13253,14.55253,14.63253,14.03253,25.878,0.00496,49661316,755236401.0,2.033299842314098,14.26253
HK.00175,吉利汽车,2022-06-06,14.53253,14.43253,14.69253,14.11253,25.675,0.00567,56842988,859067541.0,-0.8245988841802834,14.55253
HK.00175,吉利汽车,2022-06-07,14.43253,14.13253,14.63253,13.85253,25.168,0.00767,76835688,1148468199.0,-2.0786376331800502,14.43253
HK.00175,吉利汽车,2022-06-08,14.13253,14.39253,14.67253,14.09253,25.608,0.00715,71644489,1086106873.0,1.8397272109098763,14.13253
HK.00175,吉利汽车,2022-06-09,14.23253,13.79253,14.45253,13.69253,24.594,0.00528,52917212,778404067.0,-4.168829246838474,14.39253
HK.00175,吉利汽车,2022-06-10,13.57253,14.59253,14.73253,13.45253,25.945,0.00894,89536970,1356254359.0,5.80024114502561,13.79253
HK.00175,吉利汽车,2022-06-13,14.01253,14.07253,14.55253,13.75253,25.067,0.00708,70910485,1064176353.0,-3.563467061571911,14.59253
HK.00175,吉利汽车,2022-06-14,13.91253,13.85253,13.99253,13.31253,24.695,0.00618,61905225,895433400.0,-1.5633294084290503,14.07253
HK.00175,吉利汽车,2022-06-15,13.97253,14.37253,14.65253,13.77253,25.574,0.00837,83870914,1269271027.0,3.7538269182596937,13.85253
HK.00175,吉利汽车,2022-06-16,14.53253,13.79253,14.71253,13.65253,24.594,0.00484,48507689,723023431.0,-4.035476008747243,14.37253
HK.00175,吉利汽车,2022-06-17,13.79253,14.15253,14.35253,13.69253,25.202,0.00551,55242773,824787808.0,2.610108515261531,13.79253
HK.00175,吉利汽车,2022-06-20,14.17253,14.35253,14.41253,13.91253,25.54,0.00437,43835258,657789906.0,1.4131748881648671,14.15253
HK.00175,吉利汽车,2022-06-21,14.43253,14.29253,14.51253,14.09253,25.439,0.00327,32734457,490670648.0,-0.4180447628397258,14.35253
HK.00175,吉利汽车,2022-06-22,14.35253,14.91253,15.23253,14.33253,26.486,0.01322,132478854,2081764158.0,4.337930373418849,14.29253
HK.00175,吉利汽车,2022-06-23,15.17253,16.07253,16.49253,15.15253,28.445,0.01773,177707026,2976428120.0,7.778693487959456,14.91253
HK.00175,吉利汽车,2022-06-24,16.35253,17.17253,17.67253,16.33253,30.304,0.01984,198829390,3562991900.0,6.843975403996744,16.07253
HK.00175,吉利汽车,2022-06-27,17.55253,17.87253,18.37253,17.55253,31.486,0.01471,147395859,2765381139.0,4.076277636434486,17.17253
HK.00175,吉利汽车,2022-06-28,17.69253,18.29253,18.43253,17.59253,32.195,0.0114,114202333,2157461560.0,2.3499750734786744,17.87253
HK.00175,吉利汽车,2022-06-29,17.99253,16.73253,18.35253,16.45253,29.56,0.01618,162115745,2897237397.0,-8.528071294676016,18.29253
HK.00175,吉利汽车,2022-06-30,16.73253,17.07253,17.53253,16.67253,30.135,0.00864,86609812,1556774497.0,2.031970060714069,16.73253
HK.00175,吉利汽车,2022-07-04,17.13253,16.41253,17.25253,16.21253,29.02,0.01012,101396722,1750268515.0,-3.865859365893632,17.07253
HK.00175,吉利汽车,2022-07-05,16.65253,16.05253,17.19253,15.85253,28.412,0.01143,114500030,1945926798.0,-2.1934461048966822,16.41253
HK.00175,吉利汽车,2022-07-06,16.07253,15.632529999,16.57253,15.35253,27.702,0.01003,100468583,1652877454.0,-2.616410005151836,16.05253
HK.00175,吉利汽车,2022-07-07,15.632529999,16.73253,16.89253,15.23253,29.56,0.0105,105237102,1791865316.0,7.0366089242775525,15.632529999
HK.00175,吉利汽车,2022-07-08,17.39253,16.61253,17.51253,16.39253,29.358,0.00999,100141198,1774075224.0,-0.7171659037814425,16.73253
HK.00175,吉利汽车,2022-07-11,16.51253,16.03253,16.51253,15.612529999,28.378,0.00762,76376662,1270710400.0,-3.4913405724474136,16.61253
HK.00175,吉利汽车,2022-07-12,15.972529999,16.23253,16.77253,15.69253,28.716,0.01019,102088310,1736331586.0,1.2474637502627426,16.03253
HK.00175,吉利汽车,2022-07-13,16.25253,15.91253,16.37253,15.69253,28.175,0.00618,61903907,1035737762.0,-1.9713501222545116,16.23253
HK.00175,吉利汽车,2022-07-14,15.75253,15.83253,16.05253,15.25253,28.04,0.00724,72515665,1192980290.0,-0.5027484630036837,15.91253
HK.00175,吉利汽车,2022-07-15,15.812529999,15.91253,16.51253,15.73253,28.175,0.00686,68712858,1155771249.0,0.5052887946525291,15.83253
HK.00175,吉利汽车,2022-07-18,16.01253,16.07253,16.09253,15.452529999,28.445,0.00583,58392186,972849020.0,1.0054969260073674,15.91253
HK.00175,吉利汽车,2022-07-19,16.03253,15.73253,16.05253,15.49253,27.871,0.00454,45528039,752351744.0,-2.1154105794171785,16.07253
HK.00175,吉利汽车,2022-07-20,16.03253,15.75253,16.112529999,15.59253,27.905,0.00285,28588793,475095896.0,0.127125134991,15.73253
HK.00175,吉利汽车,2022-07-21,15.75253,15.632529999,15.89253,15.51253,27.702,0.00265,26568847,436573924.0,-0.7617823993986954,15.75253
HK.00175,吉利汽车,2022-07-22,15.792529999,15.65253,16.01253,15.59253,27.736,0.00246,24645248,406864749.0,0.1279383503583811,15.632529999
HK.00175,吉利汽车,2022-07-25,15.69253,15.25253,15.69253,14.95253,27.06,0.00637,63852329,1018208932.0,-2.555497417989298,15.65253
HK.00175,吉利汽车,2022-07-26,15.27253,15.41253,15.59253,15.11253,27.331,0.00259,25992059,420210665.0,1.0490062960046638,15.25253
HK.00175,吉利汽车,2022-07-27,14.93253,14.81253,15.27253,14.51253,26.317,0.00725,72700337,1132705823.0,-3.892936461437542,15.41253
HK.00175,吉利汽车,2022-07-28,14.81253,14.59253,14.97253,14.47253,25.945,0.00532,53325158,821984434.0,-1.485229059451698,14.81253
HK.00175,吉利汽车,2022-07-29,14.63253,14.73253,15.13253,14.59253,26.182,0.005,50071761,781001088.0,0.9593949781155192,14.59253
HK.00175,吉利汽车,2022-08-01,14.61253,16.73253,16.97253,14.53253,29.56,0.01756,175984260,2991602369.0,13.575400830678776,14.73253
HK.00175,吉利汽车,2022-08-02,16.23253,16.23253,16.67253,16.01253,28.716,0.00916,91753895,1565303515.0,-2.9881912657559853,16.73253
HK.00175,吉利汽车,2022-08-03,16.51253,16.81253,17.47253,16.51253,29.695,0.0112,112236386,1998652477.0,3.573072096586288,16.23253
HK.00175,吉利汽车,2022-08-04,16.93253,17.45253,17.97253,16.93253,30.777,0.01116,111816965,2051349001.0,3.806684657216972,16.81253
HK.00175,吉利汽车,2022-08-05,17.59253,17.07253,17.85253,16.85253,30.135,0.00649,65053113,1172723501.0,-2.177334747454948,17.45253
HK.00175,吉利汽车,2022-08-08,16.73253,17.01253,17.03253,16.132529999,30.033,0.00627,62846772,1095933394.0,-0.3514417605357772,17.07253
HK.00175,吉利汽车,2022-08-09,17.11253,16.71253,17.41253,16.63253,29.527,0.00456,45729203,807359278.0,-1.7634061482918806,17.01253
HK.00175,吉利汽车,2022-08-10,16.53253,16.25253,16.59253,15.972529999,28.75,0.00568,56880365,965716683.0,-2.7524258744786145,16.71253
HK.00175,吉利汽车,2022-08-11,16.53253,16.57253,16.61253,16.17253,29.29,0.00365,36563911,629113780.0,1.96892422287484,16.25253
HK.00175,吉利汽车,2022-08-12,16.57253,16.67253,16.79253,16.27253,29.459,0.00289,28964085,502036872.0,0.6034081700259276,16.57253
HK.00175,吉利汽车,2022-08-15,16.55253,16.49253,16.71253,16.23253,29.155,0.00348,34905133,602316125.0,-1.079620189617291,16.67253
HK.00175,吉利汽车,2022-08-16,16.59253,16.67253,16.97253,16.53253,29.459,0.00452,45286706,792461051.0,1.0914031989027744,16.49253
HK.00175,吉利汽车,2022-08-17,16.67253,16.59253,16.79253,16.292529999,29.324,0.0026,26052069,452237611.0,-0.4798311953854532,16.67253
HK.00175,吉利汽车,2022-08-18,16.53253,16.05253,16.57253,15.77253,28.412,0.00645,64608336,1089213801.0,-3.254476562645957,16.59253
HK.00175,吉利汽车,2022-08-19,16.03253,16.65253,16.83253,15.91253,29.525,0.006,60297543,1045111990.0,3.73772856988897,16.05253
HK.00175,吉利汽车,2022-08-22,16.51253,16.47253,17.17253,16.23253,29.22,0.00502,50464813,879875468.0,-1.0809168336583073,16.65253
HK.00175,吉利汽车,2022-08-23,16.37253,15.39253,16.49253,15.13253,27.389,0.00924,92949304,1514281233.0,-6.556369907961912,16.47253
HK.00175,吉利汽车,2022-08-24,15.05253,14.67253,15.27253,14.55253,26.169,0.00851,85551136,1329661320.0,-4.677593611966327,15.39253
HK.00175,吉利汽车,2022-08-25,14.73253,15.17253,15.19253,14.37253,27.016,0.00473,47592780,742185022.0,3.407728592137825,14.67253
HK.00175,吉利汽车,2022-08-26,15.41253,15.39253,15.69253,15.17253,27.389,0.00393,39489946,639454226.0,1.4499888944032449,15.17253
HK.00175,吉利汽车,2022-08-29,15.01253,15.67253,15.91253,14.85253,27.864,0.0053,53297619,873476926.0,1.819064182431344,15.39253
HK.00175,吉利汽车,2022-08-30,15.69253,15.49253,15.792529999,15.25253,27.559,0.00266,26753677,433878907.0,-1.1485063356075866,15.67253
HK.00175,吉利汽车,2022-08-31,15.01253,15.13253,15.37253,14.57253,26.949,0.00614,61718524,972475184.0,-2.3237005188952433,15.49253
HK.00175,吉利汽车,2022-09-01,14.89253,14.67253,15.01253,14.45253,26.169,0.00438,44013100,680837891.0,-3.039808941399747,15.13253
HK.00175,吉利汽车,2022-09-02,14.65253,14.37253,14.79253,14.29253,25.661,0.00344,34588113,525568752.0,-2.0446371552827,14.67253
HK.00175,吉利汽车,2022-09-05,14.15253,13.31253,14.15253,13.27253,23.864,0.00922,92680748,1326499789.0,-7.375180291848399,14.37253
HK.00175,吉利汽车,2022-09-06,13.23253,13.77253,13.85253,13.23253,24.644,0.00505,50743439,724500174.0,3.4553912742356188,13.31253
HK.00175,吉利汽车,2022-09-07,13.33253,13.51253,13.83253,13.31253,24.203,0.00537,53986257,769616802.0,-1.887815818880045,13.77253
HK.00175,吉利汽车,2022-09-08,13.49253,13.07253,13.75253,13.03253,23.457,0.00544,54742750,766551495.0,-3.2562369889280505,13.51253
HK.00175,吉利汽车,2022-09-09,13.17253,13.39253,13.45253,12.85253,24.0,0.00549,55193479,775202166.0,2.447881167608721,13.07253
HK.00175,吉利汽车,2022-09-13,13.53253,13.37253,13.81253,13.13253,23.966,0.00576,57937453,820853671.0,-0.1493369811380026,13.39253
HK.00175,吉利汽车,2022-09-14,12.99253,12.91253,13.27253,12.71253,23.186,0.00404,40651693,554970234.0,-3.4398875904559505,13.37253
HK.00175,吉利汽车,2022-09-15,12.91253,12.61253,13.03253,12.39253,22.677,0.00536,53946877,719539366.0,-2.323324708635726,12.91253
HK.00175,吉利汽车,2022-09-16,12.35253,12.29253,12.53253,12.05253,22.135,0.00766,77061111,1004946925.0,-2.5371594755374245,12.61253
HK.00175,吉利汽车,2022-09-19,12.09253,12.09253,12.57253,11.97253,21.796,0.007,70371546,910172991.0,-1.627004367693219,12.29253
HK.00175,吉利汽车,2022-09-20,12.27253,12.25253,12.53253,12.19253,22.067,0.00445,44752290,585096412.0,1.3231308915504048,12.09253
HK.00175,吉利汽车,2022-09-21,12.19253,11.65253,12.19253,11.63253,21.05,0.00489,49199470,618597236.0,-4.896947814043301,12.25253
HK.00175,吉利汽车,2022-09-22,11.23253,11.55253,11.63253,11.07253,20.881,0.00485,48755867,594920194.0,-0.8581827294158404,11.65253
HK.00175,吉利汽车,2022-09-23,11.63253,11.37253,11.87253,11.29253,20.576,0.00369,37122968,453527443.0,-1.5581002602893177,11.55253
HK.00175,吉利汽车,2022-09-26,11.19253,11.37253,11.63253,11.03253,20.576,0.00434,43666646,529734514.0,0.0,11.37253
HK.00175,吉利汽车,2022-09-27,11.33253,11.35253,11.47253,11.03253,20.542,0.00305,30698644,369352708.0,-0.1758623630801552,11.37253
HK.00175,吉利汽车,2022-09-28,11.13253,10.57253,11.15253,10.41253,19.22,0.00847,85172508,968142766.0,-6.870715162170894,11.35253
HK.00175,吉利汽车,2022-09-29,10.79253,10.19253,10.85253,10.05253,18.576,0.00536,53882940,597812105.0,-3.594220115714978,10.57253
HK.00175,吉利汽车,2022-09-30,10.21253,10.05253,10.25253,9.83253,18.338,0.00387,38876525,419605274.0,-1.3735549466128507,10.19253
HK.00175,吉利汽车,2022-10-03,9.73253,9.99253,10.21253,9.73253,18.237,0.00224,22506504,241717926.0,-0.5968646698890776,10.05253
HK.00175,吉利汽车,2022-10-05,10.51253,10.73253,10.81253,10.39253,19.491,0.00586,58980300,672619114.0,7.405531932353469,9.99253
HK.00175,吉利汽车,2022-10-06,10.53253,10.29253,10.59253,10.13253,18.745,0.00358,35975596,397197614.0,-4.099685721819564,10.73253
HK.00175,吉利汽车,2022-10-07,10.17253,10.13253,10.19253,9.81253,18.474,0.00483,48616772,523425698.0,-1.5545254665276678,10.29253
HK.00175,吉利汽车,2022-10-10,9.83253,9.49253,9.85253,9.33253,17.389,0.00831,83566343,859326419.0,-6.31629020590118,10.13253
HK.00175,吉利汽车,2022-10-11,9.53253,9.45253,9.77253,9.37253,17.322,0.00565,56812611,585801510.0,-0.4213839724499256,9.49253
HK.00175,吉利汽车,2022-10-12,9.45253,9.41253,9.69253,9.06253,17.254,0.00839,84384774,852871021.0,-0.4231671309162642,9.45253
HK.00175,吉利汽车,2022-10-13,9.39253,9.05253,9.49253,9.03253,16.644,0.00722,72561782,720476108.0,-3.824689004975277,9.41253
HK.00175,吉利汽车,2022-10-14,9.27253,9.31253,9.51253,9.07253,17.084,0.00699,70310256,709890699.0,2.8721252511728737,9.05253
HK.00175,吉利汽车,2022-10-17,9.33253,9.10253,9.53253,8.93253,16.728,0.00597,60034864,591121272.0,-2.255026292532758,9.31253
HK.00175,吉利汽车,2022-10-18,9.31253,9.53253,9.55253,9.16253,17.457,0.00537,54051038,549118602.0,4.723961360193262,9.10253
HK.00175,吉利汽车,2022-10-19,9.35253,9.04253,9.45253,9.03253,16.627,0.00536,53954457,536557387.0,-5.140293290448604,9.53253
HK.00175,吉利汽车,2022-10-20,8.86253,8.56253,8.90253,8.43253,15.813,0.00952,95758306,897201328.0,-5.308248908214833,9.04253
HK.00175,吉利汽车,2022-10-21,8.60253,8.61253,8.69253,8.48253,15.898,0.00733,73715248,688682612.0,0.5839395599197775,8.56253
HK.00175,吉利汽车,2022-10-24,8.44253,8.00253,8.63253,7.95253,14.864,0.01165,117205532,1044889256.0,-7.082703920915219,8.61253
HK.00175,吉利汽车,2022-10-25,7.91253,8.08253,8.21253,7.62253,15.0,0.00965,97026631,845331530.0,0.999683849982444,8.00253
HK.00175,吉利汽车,2022-10-26,8.19253,8.10253,8.52253,8.04253,15.033,0.00943,94831512,853552764.0,0.2474472720794054,8.08253
HK.00175,吉利汽车,2022-10-27,8.36253,8.24253,8.71253,8.19253,15.271,0.00758,76202593,701966302.0,1.7278553735685098,8.10253
HK.00175,吉利汽车,2022-10-28,8.23253,7.65253,8.24253,7.55253,14.271,0.00739,74360691,635268221.0,-7.15799639188454,8.24253
HK.00175,吉利汽车,2022-10-31,7.682529999,7.672529999,7.99253,7.53253,14.305,0.00665,66868268,568632032.0,0.2613514615427889,7.65253
HK.00175,吉利汽车,2022-11-01,7.71253,8.25253,8.38253,7.71253,15.288,0.0074,74443676,658851231.0,7.559436080088243,7.672529999
HK.00175,吉利汽车,2022-11-02,8.13253,8.72253,8.76253,8.07253,16.084,0.00662,66603481,620796238.0,5.695223161866733,8.25253
HK.00175,吉利汽车,2022-11-03,8.43253,8.33253,8.60253,8.29253,15.423,0.00515,51781328,476497469.0,-4.4711798067762505,8.72253
HK.00175,吉利汽车,2022-11-04,8.36253,9.49253,9.71253,8.36253,17.389,0.01555,156419571,1583585219.0,13.921342017370474,8.33253
HK.00175,吉利汽车,2022-11-07,9.45253,10.05253,10.19253,9.29253,18.338,0.01199,120612272,1293476546.0,5.899375614298828,9.49253
HK.00175,吉利汽车,2022-11-08,10.25253,10.21253,10.59253,9.91253,18.61,0.00854,85892556,939008907.0,1.5916391197041777,10.05253
HK.00175,吉利汽车,2022-11-09,10.33253,9.55253,10.41253,9.53253,17.491,0.01024,103009805,1090677142.0,-6.462649314126846,10.21253
HK.00175,吉利汽车,2022-11-10,9.25253,8.97253,9.33253,8.77253,16.508,0.0104,104641669,1024545731.0,-6.071689908327952,9.55253
HK.00175,吉利汽车,2022-11-11,9.85253,9.53253,9.89253,9.27253,17.457,0.01036,104158660,1066483926.0,6.241271971227722,8.97253
HK.00175,吉利汽车,2022-11-14,10.33253,9.77253,10.35253,9.69253,17.864,0.01322,132991990,1431243231.0,2.5176946728727865,9.53253
HK.00175,吉利汽车,2022-11-15,9.81253,10.65253,10.79253,9.57253,19.355,0.01224,123071713,1378326063.0,9.004832934767157,9.77253
HK.00175,吉利汽车,2022-11-16,10.63253,10.11253,10.65253,9.95253,18.44,0.01084,109058741,1197131143.0,-5.069218298376075,10.65253
HK.00175,吉利汽车,2022-11-17,9.87253,9.99253,10.07253,9.63253,18.237,0.00563,56624426,600920621.0,-1.1866466650778709,10.11253
HK.00175,吉利汽车,2022-11-18,10.09253,9.67253,10.23253,9.63253,17.694,0.0069,69403508,738620661.0,-3.202392186963664,9.99253
HK.00175,吉利汽车,2022-11-21,9.39253,9.53253,9.61253,9.23253,17.457,0.00515,51771046,527616171.0,-1.4473979403527368,9.67253
HK.00175,吉利汽车,2022-11-22,9.49253,9.31253,9.59253,9.23253,17.084,0.00436,43808131,443268471.0,-2.307886783466707,9.53253
HK.00175,吉利汽车,2022-11-23,9.35253,9.25253,9.47253,9.17253,16.983,0.00521,52402235,526575804.0,-0.6442932264379335,9.31253
HK.00175,吉利汽车,2022-11-24,9.43253,9.22253,9.49253,9.07253,16.932,0.00506,50936874,509115185.0,-0.3242356414948059,9.25253
HK.00175,吉利汽车,2022-11-25,9.25253,8.92253,9.25253,8.81253,16.423,0.00494,49668132,482175184.0,-3.252903487437836,9.22253
HK.00175,吉利汽车,2022-11-28,8.63253,8.90253,8.96253,8.41253,16.389,0.00442,44494314,421756126.0,-0.2241516699859745,8.92253
HK.00175,吉利汽车,2022-11-29,9.01253,9.49253,9.49253,8.98253,17.389,0.00614,61757717,623289352.0,6.627329534413249,8.90253
HK.00175,吉利汽车,2022-11-30,9.31253,10.61253,10.61253,9.25253,19.288,0.02319,233177399,2571821657.0,11.798751228597636,9.49253
HK.00175,吉利汽车,2022-12-01,11.33253,10.83253,11.53253,10.73253,19.661,0.01642,165140321,1964792122.0,2.0730212305642546,10.61253
HK.00175,吉利汽车,2022-12-02,10.85253,10.81253,10.95253,10.45253,19.627,0.00706,70982918,814895235.0,-0.1846290755714461,10.83253
HK.00175,吉利汽车,2022-12-05,11.23253,11.33253,11.63253,11.15253,20.508,0.01146,115250619,1396945398.0,4.809235211370508,10.81253
HK.00175,吉利汽车,2022-12-06,11.13253,11.59253,12.13253,11.01253,20.949,0.01381,138931829,1727331933.0,2.2942802710427395,11.33253
HK.00175,吉利汽车,2022-12-07,11.59253,11.37253,12.23253,11.35253,20.576,0.01339,134680718,1709860024.0,-1.8977738250407865,11.59253
HK.00175,吉利汽车,2022-12-08,11.59253,11.85253,11.95253,11.47253,21.389,0.00933,93875231,1174269161.0,4.220696713923819,11.37253
HK.00175,吉利汽车,2022-12-09,11.91253,11.77253,12.23253,11.59253,21.254,0.00881,88555736,1120017775.0,-0.6749613795535643,11.85253
HK.00175,吉利汽车,2022-12-12,11.53253,11.25253,11.55253,10.99253,20.372,0.00775,77977203,934828786.0,-4.4170624326291765,11.77253
HK.00175,吉利汽车,2022-12-13,11.29253,11.41253,11.73253,11.23253,20.644,0.00523,52559853,644975423.0,1.4219024521596488,11.25253
HK.00175,吉利汽车,2022-12-14,11.61253,11.29253,11.71253,11.11253,20.44,0.00673,67724032,817335672.0,-1.0514758778290263,11.41253
HK.00175,吉利汽车,2022-12-15,11.23253,11.23253,11.37253,10.91253,20.338,0.00392,39378514,469482833.0,-0.5313246898613395,11.29253
HK.00175,吉利汽车,2022-12-16,11.19253,11.59253,11.99253,11.15253,20.949,0.00953,95884820,1187571531.0,3.2049769731307145,11.23253
HK.00175,吉利汽车,2022-12-19,11.45253,11.35253,11.81253,11.31253,20.542,0.00403,40531853,496503998.0,-2.070298718226308,11.59253
HK.00175,吉利汽车,2022-12-20,11.23253,10.85253,11.23253,10.63253,19.694,0.00617,62087203,721340661.0,-4.404304591135192,11.35253
HK.00175,吉利汽车,2022-12-21,10.91253,10.79253,10.95253,10.67253,19.593,0.00213,21456174,247957027.0,-0.5528664744534271,10.85253
HK.00175,吉利汽车,2022-12-22,11.07253,11.19253,11.29253,10.99253,20.271,0.0041,41239407,490902829.0,3.7062672051872942,10.79253
HK.00175,吉利汽车,2022-12-23,10.85253,10.89253,11.11253,10.71253,19.762,0.00275,27618113,322136252.0,-2.6803591323856084,11.19253
HK.00175,吉利汽车,2022-12-28,10.99253,10.59253,11.03253,10.43253,19.254,0.00823,82784693,939202890.0,-2.754181076389054,10.89253
HK.00175,吉利汽车,2022-12-29,10.43253,10.59253,10.67253,10.33253,19.254,0.00321,32322710,364050876.0,0.0,10.59253
HK.00175,吉利汽车,2022-12-30,10.77253,10.63253,10.91253,10.51253,19.322,0.0044,44276793,507085441.0,0.3776246090405139,10.59253
HK.00175,吉利汽车,2023-01-03,10.45253,11.09253,11.29253,10.29253,20.101,0.00728,73180883,856277963.0,4.326345658088911,10.63253
HK.00175,吉利汽车,2023-01-04,11.15253,11.27253,11.33253,10.93253,20.406,0.00533,53603674,641361927.0,1.6227136640604056,11.09253
HK.00175,吉利汽车,2023-01-05,11.53253,11.61253,11.79253,11.35253,20.983,0.00915,92058580,1137457584.0,3.0161818154398334,11.27253
HK.00175,吉利汽车,2023-01-06,11.71253,11.17253,11.71253,11.07253,20.237,0.00765,76921485,929527516.0,-3.789010663481597,11.61253
HK.00175,吉利汽车,2023-01-09,11.23253,10.89253,11.33253,10.75253,19.762,0.00965,97063515,1135102657.0,-2.506146772485725,11.17253
HK.00175,吉利汽车,2023-01-10,10.97253,11.59253,11.71253,10.65253,20.949,0.01278,128528501,1548058154.0,6.426422511574439,10.89253
HK.00175,吉利汽车,2023-01-11,11.47253,11.25253,11.69253,11.23253,20.372,0.00811,81570982,996798840.0,-2.9329231841539327,11.59253
HK.00175,吉利汽车,2023-01-12,11.37253,11.47253,12.11253,11.33253,20.745,0.01007,101284136,1258653519.0,1.9551158717195212,11.25253
HK.00175,吉利汽车,2023-01-13,11.55253,11.35253,11.65253,11.23253,20.542,0.00432,43458844,527674530.0,-1.0459767810587637,11.47253
HK.00175,吉利汽车,2023-01-16,11.45253,10.95253,11.45253,10.87253,19.864,0.00967,97266359,1147947220.0,-3.5234436729081566,11.35253
HK.00175,吉利汽车,2023-01-17,10.91253,10.73253,10.93253,10.59253,19.491,0.00689,69249948,796051571.0,-2.008668316818113,10.95253
HK.00175,吉利汽车,2023-01-18,10.69253,10.91253,11.01253,10.57253,19.796,0.00418,42058263,489749115.0,1.6771441589261775,10.73253
HK.00175,吉利汽车,2023-01-19,10.79253,11.09253,11.15253,10.79253,20.101,0.00242,24382859,288348753.0,1.6494800014295468,10.91253
HK.00175,吉利汽车,2023-01-20,11.09253,11.27253,11.31253,10.93253,20.406,0.00329,33054184,396067611.0,1.6227136640604056,11.09253
HK.00175,吉利汽车,2023-01-26,11.49253,12.09253,12.09253,11.41253,21.796,0.0088,88456128,1116896217.0,7.274320849001957,11.27253
HK.00175,吉利汽车,2023-01-27,12.15253,12.27253,12.41253,12.07253,22.101,0.00477,48012702,624381370.0,1.4885222529942015,12.09253
HK.00175,吉利汽车,2023-01-30,12.45253,12.09253,12.67253,11.97253,21.796,0.009,90554741,1179227125.0,-1.4666902423542638,12.27253
HK.00175,吉利汽车,2023-01-31,12.17253,11.87253,12.35253,11.69253,21.423,0.00552,55524402,705179660.0,-1.81930497588181,12.09253
HK.00175,吉利汽车,2023-02-01,11.87253,12.51253,12.51253,11.83253,22.508,0.00761,76556515,1001559505.0,5.390594927955546,11.87253
HK.00175,吉利汽车,2023-02-02,12.73253,12.07253,12.73253,12.05253,21.762,0.0066,66421911,865750370.0,-3.5164750853744167,12.51253
HK.00175,吉利汽车,2023-02-03,12.13253,11.87253,12.21253,11.69253,21.423,0.0051,51324593,646933555.0,-1.6566535763423331,12.07253
HK.00175,吉利汽车,2023-02-06,11.71253,11.39253,11.71253,11.25253,20.61,0.00523,52560952,639596110.0,-4.042946195966644,11.87253
HK.00175,吉利汽车,2023-02-07,11.43253,11.31253,11.59253,11.25253,20.474,0.00392,39431286,478282886.0,-0.7022145212696396,11.39253
HK.00175,吉利汽车,2023-02-08,11.23253,10.99253,11.31253,10.87253,19.932,0.00597,60013636,706680156.0,-2.828721780185337,11.31253
HK.00175,吉利汽车,2023-02-09,10.99253,11.25253,11.25253,10.95253,20.372,0.00392,39442435,470388185.0,2.365242578369127,10.99253
HK.00175,吉利汽车,2023-02-10,11.17253,10.85253,11.21253,10.83253,19.694,0.00418,42001117,490569359.0,-3.554756130399122,11.25253
HK.00175,吉利汽车,2023-02-13,10.77253,10.97253,10.97253,10.49253,19.898,0.00523,52642238,608900858.0,1.105732948906854,10.85253
HK.00175,吉利汽车,2023-02-14,11.01253,10.93253,11.05253,10.79253,19.83,0.00267,26881154,314119785.0,-0.364546736258647,10.97253
HK.00175,吉利汽车,2023-02-15,10.97253,10.85253,11.15253,10.67253,19.694,0.00382,38388546,445599849.0,-0.7317610836649895,10.93253
HK.00175,吉利汽车,2023-02-16,10.99253,10.93253,11.21253,10.87253,19.83,0.00405,40692703,481303624.0,0.7371552992712305,10.85253
HK.00175,吉利汽车,2023-02-17,10.93253,10.79253,11.13253,10.75253,19.593,0.00314,31622305,368227657.0,-1.2805818964137357,10.93253
HK.00175,吉利汽车,2023-02-20,10.79253,10.75253,10.93253,10.49253,19.525,0.00474,47706786,545304734.0,-0.3706267205187212,10.79253
HK.00175,吉利汽车,2023-02-21,10.79253,10.77253,11.09253,10.63253,19.559,0.00518,52076708,605743510.0,0.186002736100244,10.75253
HK.00175,吉利汽车,2023-02-22,10.69253,10.61253,10.71253,10.47253,19.288,0.00294,29551192,335655871.0,-1.485259265929175,10.77253
HK.00175,吉利汽车,2023-02-23,10.61253,10.65253,10.79253,10.57253,19.355,0.00379,38104502,435252741.0,0.3769129510116902,10.61253
HK.00175,吉利汽车,2023-02-24,10.53253,10.03253,10.67253,9.97253,18.305,0.00981,98650635,1077806502.0,-5.820213601839196,10.65253
HK.00175,吉利汽车,2023-02-27,9.79253,9.95253,10.07253,9.79253,18.169,0.00421,42327814,452923724.0,-0.7974060381578731,10.03253
HK.00175,吉利汽车,2023-02-28,10.05253,9.41253,10.07253,9.29253,17.254,0.01378,138615431,1421541200.0,-5.425756064035971,9.95253
HK.00175,吉利汽车,2023-03-01,9.47253,9.85253,9.89253,9.47253,18.0,0.00646,64966100,683175901.0,4.674619894969785,9.41253
HK.00175,吉利汽车,2023-03-02,9.73253,9.71253,9.89253,9.63253,17.762,0.00357,35863253,376004753.0,-1.4209548207414804,9.85253
HK.00175,吉利汽车,2023-03-03,9.89253,9.85253,9.97253,9.65253,18.0,0.00344,34590734,366169898.0,1.4414369891264232,9.71253
HK.00175,吉利汽车,2023-03-06,9.85253,9.83253,9.93253,9.57253,17.966,0.00363,36484302,384086987.0,-0.2029935458202063,9.85253
HK.00175,吉利汽车,2023-03-07,9.87253,9.93253,10.29253,9.73253,18.135,0.00673,67650101,730900234.0,1.017032238904937,9.83253
HK.00175,吉利汽车,2023-03-08,9.75253,9.47253,9.79253,9.37253,17.355,0.00637,64036165,656611682.0,-4.631247023668683,9.93253
HK.00175,吉利汽车,2023-03-09,9.47253,9.25253,9.49253,9.18253,16.983,0.00719,72300954,727001271.0,-2.322505180770086,9.47253
HK.00175,吉利汽车,2023-03-10,9.05253,8.70253,9.10253,8.53253,16.05,0.01484,149277223,1411359743.0,-5.944320094071575,9.25253
HK.00175,吉利汽车,2023-03-13,8.68253,8.51253,8.73253,8.34253,15.728,0.0085,85434874,788505143.0,-2.1832731401098244,8.70253
HK.00175,吉利汽车,2023-03-14,8.42253,8.14253,8.51253,8.01253,15.101,0.01005,101097481,906086708.0,-4.346533874183107,8.51253
HK.00175,吉利汽车,2023-03-15,8.31253,8.35253,8.53253,8.23253,15.457,0.00531,53388429,488430841.0,2.579050982925443,8.14253
HK.00175,吉利汽车,2023-03-16,8.32253,8.39253,8.53253,8.21253,15.525,0.0056,56287603,514443228.0,0.4788968133008911,8.35253
HK.00175,吉利汽车,2023-03-17,8.48253,8.53253,8.57253,8.40253,15.762,0.0052,52286720,484315135.0,1.6681501287454297,8.39253
HK.00175,吉利汽车,2023-03-20,8.49253,8.38253,8.52253,8.31253,15.508,0.00345,34691183,317212752.0,-1.757977997147392,8.53253
HK.00175,吉利汽车,2023-03-21,8.48253,8.73253,8.77253,8.41253,16.211,0.0046,46303648,435283801.0,4.175350401370487,8.38253
HK.00175,吉利汽车,2023-03-22,8.94253,8.99253,9.45253,8.94253,16.655,0.00771,77535131,770603241.0,2.9773731095112157,8.73253
HK.00175,吉利汽车,2023-03-23,9.01253,9.33253,9.33253,8.95253,17.235,0.00528,53113714,531033832.0,3.7809159380063218,8.99253
HK.00175,吉利汽车,2023-03-24,9.31253,9.25253,9.39253,9.17253,17.098,0.00331,33298935,333694723.0,-0.8572166390035721,9.33253
HK.00175,吉利汽车,2023-03-27,9.23253,9.01253,9.25253,8.93253,16.689,0.00532,53478495,525178689.0,-2.5938851319585043,9.25253
HK.00175,吉利汽车,2023-03-28,9.00253,9.20253,9.29253,9.00253,17.013,0.0059,59363308,589948931.0,2.1081760615498593,9.01253
HK.00175,吉利汽车,2023-03-29,9.43253,9.18253,9.51253,9.09253,16.979,0.00464,46674604,467101488.0,-0.2173315381748234,9.20253
HK.00175,吉利汽车,2023-03-30,9.13253,9.20253,9.29253,8.99253,17.013,0.00553,55631154,551692744.0,0.2178048969074925,9.18253
HK.00175,吉利汽车,2023-03-31,9.33253,9.33253,9.49253,9.27253,17.235,0.00646,64934456,658469082.0,1.4126549981363907,9.20253
HK.00175,吉利汽车,2023-04-03,9.33253,9.29253,9.39253,9.10253,17.167,0.00284,28549423,285854482.0,-0.4286083195017956,9.33253
HK.00175,吉利汽车,2023-04-04,9.29253,8.97253,9.31253,8.74253,16.621,0.00569,57205617,554947363.0,-3.4436262245050435,9.29253
HK.00175,吉利汽车,2023-04-06,8.81253,8.98253,8.99253,8.73253,16.638,0.00287,28883116,279066176.0,0.1114512852004929,8.97253
HK.00175,吉利汽车,2023-04-11,9.18253,9.20253,9.41253,9.10253,17.013,0.00432,43417478,432282457.0,2.4491986110817203,8.98253
HK.00175,吉利汽车,2023-04-12,9.29253,9.08253,9.29253,8.98253,16.808,0.00265,26609932,261607008.0,-1.3039892290489596,9.20253
HK.00175,吉利汽车,2023-04-13,8.87253,8.99253,9.01253,8.69253,16.655,0.00515,51804729,499095642.0,-0.9909133248114772,9.08253
HK.00175,吉利汽车,2023-04-14,9.09253,9.37253,9.49253,9.03253,17.303,0.00787,79149136,798323985.0,4.225729577771761,8.99253
HK.00175,吉利汽车,2023-04-17,9.33253,9.75253,9.91253,9.25253,17.952,0.00886,89112173,932464268.0,4.054401532990568,9.37253
HK.00175,吉利汽车,2023-04-18,9.75253,9.61253,9.87253,9.55253,17.713,0.0046,46295596,483874107.0,-1.4355249355808242,9.75253
HK.00175,吉利汽车,2023-04-19,9.61253,9.22253,9.67253,9.14253,17.047,0.00549,55228444,553045494.0,-4.057204502872801,9.61253
HK.00175,吉利汽车,2023-04-20,9.16253,9.10253,9.27253,8.99253,16.843,0.00297,29869123,295483182.0,-1.3011613949751422,9.22253
HK.00175,吉利汽车,2023-04-21,9.03253,8.91253,9.09253,8.86253,16.518,0.00377,37908007,368243055.0,-2.0873317638063207,9.10253
HK.00175,吉利汽车,2023-04-24,8.90253,8.87253,9.01253,8.72253,16.45,0.00387,38877976,373491553.0,-0.4488063434288684,8.91253
HK.00175,吉利汽车,2023-04-25,8.87253,8.80253,8.89253,8.55253,16.331,0.00864,86852663,824651329.0,-0.788951967477129,8.87253
HK.00175,吉利汽车,2023-04-26,8.73253,8.98253,9.13253,8.72253,16.638,0.0028,28140777,275428167.0,2.0448666462937326,8.80253
HK.00175,吉利汽车,2023-04-27,9.01253,8.97253,9.10253,8.91253,16.621,0.00264,26583622,259598245.0,-0.1113272095946218,8.98253
HK.00175,吉利汽车,2023-04-28,9.12253,8.88253,9.20253,8.87253,16.467,0.00354,35576907,346249825.0,-1.0030615668044758,8.97253
HK.00175,吉利汽车,2023-05-02,9.04253,8.73253,9.18253,8.63253,16.211,0.00392,39409708,375536157.0,-1.6887080595280692,8.88253
HK.00175,吉利汽车,2023-05-03,8.53253,8.63253,8.66253,8.40253,16.04,0.00265,26668438,248090193.0,-1.1451435036581772,8.73253
HK.00175,吉利汽车,2023-05-04,8.72253,8.82253,8.95253,8.65253,16.365,0.00387,38884221,373245275.0,2.2009770021071606,8.63253
HK.00175,吉利汽车,2023-05-05,8.91253,8.89253,8.98253,8.82253,16.484,0.00419,42167553,407745512.0,0.793423201734653,8.82253
HK.00175,吉利汽车,2023-05-08,8.94253,9.04253,9.23253,8.94253,16.74,0.00449,45155121,444203185.0,1.686809040846627,8.89253
HK.00175,吉利汽车,2023-05-09,9.10253,8.87253,9.10253,8.81253,16.45,0.00335,33681570,327625629.0,-1.8800048216594245,9.04253
HK.00175,吉利汽车,2023-05-10,8.87253,9.06253,9.27253,8.80253,16.774,0.0062,62344487,616062319.0,2.1414410545808384,8.87253
HK.00175,吉利汽车,2023-05-11,9.19253,9.10253,9.27253,9.04253,16.843,0.00301,30263392,299077418.0,0.4413778492319379,9.06253
HK.00175,吉利汽车,2023-05-12,9.20253,9.00253,9.23253,8.95253,16.672,0.00261,26267839,257790559.0,-1.0985956651612203,9.10253
HK.00175,吉利汽车,2023-05-15,9.07253,9.06253,9.15253,8.92253,16.774,0.00223,22397483,219932346.0,0.6664793119267639,9.00253
HK.00175,吉利汽车,2023-05-16,9.13253,8.96253,9.15253,8.90253,16.604,0.00264,26513129,258984165.0,-1.103444623079884,9.06253
HK.00175,吉利汽车,2023-05-17,8.96253,8.70253,9.01253,8.64253,16.16,0.0035,35151344,335821251.0,-2.9009665797492428,8.96253
HK.00175,吉利汽车,2023-05-18,8.78253,8.69253,8.90253,8.69253,16.143,0.00264,26596454,253389549.0,-0.114909112637357,8.70253
HK.00175,吉利汽车,2023-05-19,8.73253,8.65253,8.73253,8.55253,16.075,0.00285,28672829,269288754.0,-0.4601652223230653,8.69253
HK.00175,吉利汽车,2023-05-22,8.64253,8.85253,9.00253,8.63253,16.416,0.00315,31663782,305070764.0,2.311462658898603,8.65253
HK.00175,吉利汽车,2023-05-23,8.90253,8.91253,9.01253,8.85253,16.518,0.00231,23224512,225185430.0,0.6777723430476994,8.85253
HK.00175,吉利汽车,2023-05-24,8.94253,8.82253,8.95253,8.70253,16.365,0.00333,33497518,321045646.0,-1.0098142727149289,8.91253
HK.00175,吉利汽车,2023-05-25,8.63253,8.51253,8.71253,8.38253,15.836,0.00657,66042387,612845315.0,-3.5137313219677404,8.82253
HK.00175,吉利汽车,2023-05-29,8.51253,8.41253,8.58253,8.30253,15.665,0.00541,54361527,497920498.0,-1.1747388849143514,8.51253
HK.00175,吉利汽车,2023-05-30,8.44253,8.47253,8.71253,8.36253,15.767,0.00386,38828840,359461429.0,0.7132218250633341,8.41253
HK.00175,吉利汽车,2023-05-31,8.40253,8.34253,8.45253,8.25253,15.546,0.01179,118562711,1078761411.0,-1.5343704890983068,8.47253
HK.00175,吉利汽车,2023-06-01,8.28253,8.24253,8.46253,8.18253,15.375,0.00536,53897987,487529939.0,-1.1986771399083929,8.34253
HK.00175,吉利汽车,2023-06-02,8.31253,8.73253,8.77253,8.31253,16.211,0.00651,65513549,615668200.0,5.9447766644464775,8.24253
HK.00175,吉利汽车,2023-06-05,8.80253,8.82253,8.85253,8.64253,16.006,0.00385,38680335,361759961.0,1.030629153292343,8.73253
HK.00175,吉利汽车,2023-06-06,8.86253,8.88253,9.01253,8.77253,16.109,0.00284,28566698,269921600.0,0.6800770300582568,8.82253
HK.00175,吉利汽车,2023-06-07,8.97253,8.98253,9.02253,8.83253,16.279,0.00301,30221574,287220887.0,1.1258053730187394,8.88253
HK.00175,吉利汽车,2023-06-08,8.96253,8.84253,8.97253,8.75253,16.04,0.00187,18767975,176423333.0,-1.5585809343247456,8.98253
HK.00175,吉利汽车,2023-06-09,8.91253,8.98253,9.14253,8.87253,16.279,0.00266,26779280,255918112.0,1.583257280438976,8.84253
HK.00175,吉利汽车,2023-06-12,8.98253,8.98253,9.03253,8.90253,16.279,0.00166,16699549,159087656.0,0.0,8.98253
HK.00175,吉利汽车,2023-06-13,8.99253,9.11253,9.14253,8.96253,16.501,0.003,30152827,290293582.0,1.4472537247301038,8.98253
HK.00175,吉利汽车,2023-06-14,9.12253,9.17253,9.29253,9.07253,16.604,0.00296,29734738,289623511.0,0.658434046307672,9.11253
HK.00175,吉利汽车,2023-06-15,9.26253,9.37253,9.54253,9.23253,16.945,0.00588,59106334,587300932.0,2.1804235036571074,9.17253
HK.00175,吉利汽车,2023-06-16,9.41253,9.38253,9.54253,9.29253,16.962,0.00342,34390361,341817572.0,0.1066947771839598,9.37253
HK.00175,吉利汽车,2023-06-19,9.38253,9.42253,9.52253,9.26253,17.03,0.00391,39341872,391146306.0,0.4263242430346711,9.38253
HK.00175,吉利汽车,2023-06-20,9.35253,9.17253,9.42253,9.09253,16.604,0.00238,23954861,233527704.0,-2.6532152192670124,9.42253
HK.00175,吉利汽车,2023-06-21,9.06253,9.02253,9.14253,8.93253,16.348,0.00284,28549640,273079376.0,-1.6353176277428405,9.17253
HK.00175,吉利汽车,2023-06-23,8.93253,8.67253,8.93253,8.60253,15.75,0.00271,27233819,251543416.0,-3.8791780132623512,9.02253
HK.00175,吉利汽车,2023-06-26,8.66253,8.69253,8.97253,8.60253,15.784,0.0025,25156733,234730078.0,0.2306132120615273,8.67253
HK.00175,吉利汽车,2023-06-27,8.72253,8.84253,8.89253,8.69253,16.04,0.0018,18087375,169614251.0,1.7256195837115358,8.69253
HK.00175,吉利汽车,2023-06-28,8.84253,8.81253,8.92253,8.70253,15.989,0.00222,22345306,208882698.0,-0.3392694172369148,8.84253
HK.00175,吉利汽车,2023-06-29,8.76253,8.74253,8.89253,8.65253,15.87,0.00216,21707166,201617394.0,-0.7943235370546288,8.81253
HK.00175,吉利汽车,2023-06-30,8.77253,9.00253,9.07253,8.74253,16.313,0.00392,39407575,375707977.0,2.9739674899599975,8.74253
HK.00175,吉利汽车,2023-07-03,9.09253,9.60253,9.62253,9.02253,17.337,0.00926,93138796,932631728.0,6.66479311926758,9.00253
HK.00175,吉利汽车,2023-07-04,9.52253,9.58253,9.64253,9.40253,17.303,0.00366,36769724,371605635.0,-0.2082784432852547,9.60253
HK.00175,吉利汽车,2023-07-05,9.48253,9.34253,9.60253,9.25253,16.894,0.00237,23795496,236245013.0,-2.5045577733646565,9.58253
HK.00175,吉利汽车,2023-07-06,9.31253,9.22253,9.48253,9.17253,16.689,0.00255,25616855,252319706.0,-1.2844486450672272,9.34253
HK.00175,吉利汽车,2023-07-07,9.26253,9.08253,9.26253,9.08253,16.45,0.00216,21770015,211072558.0,-1.5180216274709928,9.22253
HK.00175,吉利汽车,2023-07-10,9.27253,9.04253,9.34253,8.95253,16.382,0.00249,25015071,240801019.0,-0.4404059221384451,9.08253
HK.00175,吉利汽车,2023-07-11,9.17253,9.16253,9.29253,9.06253,16.587,0.00264,26523295,258247308.0,1.327062227053723,9.04253
HK.00175,吉利汽车,2023-07-12,9.29253,9.22253,9.37253,9.10253,16.689,0.0024,24145261,235884553.0,0.6548409664143037,9.16253
HK.00175,吉利汽车,2023-07-13,9.28253,9.29253,9.36253,9.21253,16.808,0.00416,41877250,412415296.0,0.7590108137354772,9.22253
HK.00175,吉利汽车,2023-07-14,9.30253,9.21253,9.35253,9.00253,16.672,0.00382,38389701,372979619.0,-0.8609065561262657,9.29253
HK.00175,吉利汽车,2023-07-18,9.16253,9.17253,9.27253,8.93253,16.604,0.00292,29394361,284363144.0,-0.4341912590786586,9.21253
HK.00175,吉利汽车,2023-07-19,9.04253,9.13253,9.14253,8.90253,16.535,0.00212,21314369,204592050.0,-0.4360847007314332,9.17253
HK.00175,吉利汽车,2023-07-20,9.21253,9.07253,9.27253,9.04253,16.433,0.00184,18506154,179265965.0,-0.6569920931001455,9.13253
HK.00175,吉利汽车,2023-07-21,9.08253,9.00253,9.08253,8.84253,16.313,0.00243,24488711,232764662.0,-0.7715598625741693,9.07253
HK.00175,吉利汽车,2023-07-24,8.93253,8.81253,8.93253,8.69253,15.989,0.00316,31768941,297039951.0,-2.110517821101396,9.00253
HK.00175,吉利汽车,2023-07-25,9.09253,9.54253,9.58253,9.08253,17.235,0.01203,120940915,1207920329.0,8.283659743569652,8.81253
HK.00175,吉利汽车,2023-07-26,9.48253,9.48253,9.54253,9.29253,17.133,0.00346,34771503,347157004.0,-0.628764069905976,9.54253
HK.00175,吉利汽车,2023-07-27,9.62253,10.34253,10.40253,9.58253,18.6,0.0161,161957952,1736012685.0,9.069309561899614,9.48253
HK.00175,吉利汽车,2023-07-28,10.22253,10.38253,10.50253,10.08253,18.668,0.00795,79946128,872695192.0,0.3867525644112141,10.34253
HK.00175,吉利汽车,2023-07-31,10.66253,10.70253,11.08253,10.58253,19.215,0.01036,104189963,1186481031.0,3.082100412905143,10.38253
HK.00175,吉利汽车,2023-08-01,10.82253,10.42253,10.82253,10.32253,18.737,0.00555,55806411,619793443.0,-2.6162038321779932,10.70253
HK.00175,吉利汽车,2023-08-02,10.36253,10.26253,10.70253,10.20253,18.464,0.00503,50542190,553171294.0,-1.5351359027030878,10.42253
HK.00175,吉利汽车,2023-08-03,10.30253,10.20253,10.34253,10.08253,18.361,0.0026,26157831,282264690.0,-0.5846511532731257,10.26253
HK.00175,吉利汽车,2023-08-04,10.28253,10.24253,10.52253,10.20253,18.43,0.00245,24675192,267946032.0,0.392059616585307,10.20253
HK.00175,吉利汽车,2023-08-07,10.16253,10.14253,10.22253,9.94253,18.259,0.00254,25518849,271329159.0,-0.9763212799962476,10.24253
HK.00175,吉利汽车,2023-08-08,10.00253,9.82253,10.00253,9.70253,17.713,0.00287,28841408,299991261.0,-3.1550313383347177,10.14253
HK.00175,吉利汽车,2023-08-09,9.70253,9.76253,9.82253,9.58253,17.61,0.00231,23213791,238331242.0,-0.6108405879137095,9.82253
HK.00175,吉利汽车,2023-08-10,9.66253,9.70253,9.76253,9.54253,17.508,0.00203,20407323,208134511.0,-0.6145947822951683,9.76253
HK.00175,吉利汽车,2023-08-11,9.60253,9.41253,9.64253,9.33253,17.013,0.00411,41295992,412118913.0,-2.9889111396718087,9.70253
HK.00175,吉利汽车,2023-08-14,9.17253,9.21253,9.24253,9.00253,16.672,0.00454,45669865,442179128.0,-2.1248272249862796,9.41253
HK.00175,吉利汽车,2023-08-15,9.17253,9.11253,9.28253,9.10253,16.501,0.00203,20463422,198860222.0,-1.0854781476966655,9.21253
HK.00175,吉利汽车,2023-08-16,8.96253,9.01253,9.09253,8.95253,16.331,0.00259,26087080,249927082.0,-1.0973900771794405,9.11253
HK.00175,吉利汽车,2023-08-17,8.94253,9.15253,9.27253,8.85253,16.569,0.00328,32999977,319285015.0,1.5533928874578011,9.01253
HK.00175,吉利汽车,2023-08-18,9.04253,8.90253,9.08253,8.89253,16.143,0.0028,28141340,267697220.0,-2.731485174044772,9.15253
HK.00175,吉利汽车,2023-08-21,8.84253,8.68253,8.84253,8.60253,15.767,0.00393,39505216,365964693.0,-2.471207623001558,8.90253
HK.00175,吉利汽车,2023-08-22,8.83253,8.74253,8.91253,8.50253,15.87,0.00478,48084891,444914683.0,0.6910428181647572,8.68253
HK.00175,吉利汽车,2023-08-23,8.64253,8.64253,8.75253,8.54253,15.699,0.00402,40462798,372272880.0,-1.1438336499846111,8.74253
HK.00175,吉利汽车,2023-08-24,8.77253,8.89253,9.05253,8.76253,16.126,0.00347,34947906,331200936.0,2.8926714746723468,8.64253
HK.00175,吉利汽车,2023-08-25,8.92253,8.95253,9.15253,8.90253,16.228,0.00297,29860805,285814099.0,0.6747236163386429,8.89253
HK.00175,吉利汽车,2023-08-28,9.33253,8.99253,9.41253,8.97253,16.324,0.00336,33787119,328581568.0,0.4468010718757818,8.95253
HK.00175,吉利汽车,2023-08-29,9.00253,9.26253,9.39253,9.00253,16.786,0.00368,37000307,364044742.0,3.002492068416781,8.99253
HK.00175,吉利汽车,2023-08-30,9.38253,9.27253,9.46253,9.21253,16.803,0.00286,28750241,284460648.0,0.1079618635513168,9.26253
HK.00175,吉利汽车,2023-08-31,9.35253,9.18253,9.38253,9.11253,16.649,0.00376,37852590,369576453.0,-0.9706088845223456,9.27253
HK.00175,吉利汽车,2023-09-04,9.35253,9.52253,9.58253,9.31253,17.23,0.00464,46666048,468424411.0,3.7026832474274505,9.18253
HK.00175,吉利汽车,2023-09-05,9.28253,9.29253,9.43253,9.23253,16.837,0.00313,31461864,310508369.0,-2.4153244988464246,9.52253
HK.00175,吉利汽车,2023-09-06,9.23253,9.26253,9.34253,9.18253,16.786,0.00222,22350408,219103891.0,-0.3228399585473425,9.29253
HK.00175,吉利汽车,2023-09-07,9.27253,9.10253,9.27253,9.05253,16.512,0.00223,22485484,217102243.0,-1.7273898168211077,9.26253
HK.00175,吉利汽车,2023-09-11,8.95253,9.23253,9.30253,8.86253,16.735,0.00345,34693728,335302847.0,1.4281743647096004,9.10253
HK.00175,吉利汽车,2023-09-12,9.23253,9.29253,9.39253,9.07253,16.837,0.00327,32949955,324109928.0,0.6498760361460912,9.23253
HK.00175,吉利汽车,2023-09-13,9.29253,9.14253,9.33253,9.07253,16.581,0.00259,26043060,253022910.0,-1.6141997927367313,9.29253
HK.00175,吉利汽车,2023-09-14,9.21253,9.09253,9.21253,9.02253,16.495,0.0017,17118838,165141046.0,-0.5468945685712894,9.14253
HK.00175,吉利汽车,2023-09-15,9.11253,9.08253,9.21253,8.99253,16.478,0.00272,27357585,264098564.0,-0.1099803904963721,9.09253
HK.00175,吉利汽车,2023-09-18,9.08253,9.18253,9.43253,8.97253,16.649,0.00353,35524374,348456210.0,1.1010148053460835,9.08253
HK.00175,吉利汽车,2023-09-19,9.24253,9.09253,9.29253,9.02253,16.495,0.00161,16218928,156510193.0,-0.9801220360837356,9.18253
HK.00175,吉利汽车,2023-09-20,9.09253,8.92253,9.09253,8.92253,16.205,0.00202,20294382,193373382.0,-1.8696666384383656,9.09253
HK.00175,吉利汽车,2023-09-21,8.83253,8.80253,8.90253,8.70253,16.0,0.00272,27367595,255479553.0,-1.344910019915867,8.92253
HK.00175,吉利汽车,2023-09-22,8.74253,8.96253,8.97253,8.73253,16.273,0.0022,22118285,209057822.0,1.8176592411499688,8.80253
HK.00175,吉利汽车,2023-09-25,9.04253,8.75253,9.04253,8.75253,15.914,0.002,20176775,189238815.0,-2.3430883913359186,8.96253
HK.00175,吉利汽车,2023-09-26,8.66253,8.58253,8.73253,8.49253,15.623,0.00442,44508153,407108841.0,-1.9422955419747197,8.75253
HK.00175,吉利汽车,2023-09-27,8.59253,8.59253,8.74253,8.54253,15.641,0.00243,24443331,224109290.0,0.1165157593390269,8.58253
HK.00175,吉利汽车,2023-09-28,8.59253,8.51253,8.67253,8.48253,15.504,0.00222,22330804,203044261.0,-0.9310412649126634,8.59253
HK.00175,吉利汽车,2023-09-29,8.51253,8.68253,8.74253,8.51253,15.794,0.00187,18774922,173299752.0,1.9970561043544035,8.51253
HK.00175,吉利汽车,2023-10-03,8.51253,8.45253,8.54253,8.30253,15.401,0.0023,23140780,207312399.0,-2.6489974696315524,8.68253
HK.00175,吉利汽车,2023-10-04,8.45253,8.32253,8.50253,8.27253,15.179,0.00188,18899414,167630773.0,-1.5380010482068565,8.45253
HK.00175,吉利汽车,2023-10-05,8.26253,8.30253,8.39253,8.26253,15.145,0.00108,10836743,96212943.0,-0.2403115398802957,8.32253
HK.00175,吉利汽车,2023-10-06,8.35253,8.35253,8.48253,8.33253,15.23,0.00119,12021331,107487275.0,0.6022260684393664,8.30253
HK.00175,吉利汽车,2023-10-09,8.35253,8.41253,8.54253,8.26253,15.333,0.00105,10579036,95326571.0,0.718345219951326,8.35253
HK.00175,吉利汽车,2023-10-10,8.44253,8.48253,8.62253,8.44253,15.452,0.00171,17257840,156828507.0,0.8320921292405529,8.41253
HK.00175,吉利汽车,2023-10-11,8.63253,8.54253,8.74253,8.54253,15.555,0.00225,22661953,207823265.0,0.7073361367422069,8.48253
HK.00175,吉利汽车,2023-10-12,8.74253,8.89253,8.99253,8.68253,16.153,0.00534,53711174,506630202.0,4.097146863985277,8.54253
HK.00175,吉利汽车,2023-10-13,8.70253,8.76253,8.86253,8.68253,15.931,0.00178,17874829,166815784.0,-1.461901168733766,8.89253
HK.00175,吉利汽车,2023-10-16,8.79253,8.65253,8.84253,8.59253,15.743,0.00225,22639914,208930812.0,-1.2553452028124237,8.76253
HK.00175,吉利汽车,2023-10-17,8.75253,8.70253,8.81253,8.65253,15.829,0.00193,19439184,180362528.0,0.5778656647246404,8.65253
HK.00175,吉利汽车,2023-10-18,8.76253,8.77253,8.97253,8.70253,15.948,0.00357,35954359,338016719.0,0.8043637884615197,8.70253
HK.00175,吉利汽车,2023-10-19,8.64253,8.34253,8.64253,8.29253,15.213,0.00603,60650673,541923983.0,-4.9016646281061425,8.77253
HK.00175,吉利汽车,2023-10-20,8.31253,8.20253,8.40253,8.17253,14.974,0.00468,47064667,414890217.0,-1.6781479958717629,8.34253
HK.00175,吉利汽车,2023-10-24,8.16253,8.14253,8.24253,8.00253,14.871,0.0034,34168406,296680632.0,-0.7314816282293235,8.20253
HK.00175,吉利汽车,2023-10-25,8.35253,8.22253,8.47253,8.17253,15.008,0.00394,39643095,352068373.0,0.982495612543031,8.14253
HK.00175,吉利汽车,2023-10-26,8.23253,8.24253,8.34253,8.14253,15.042,0.00258,25928862,228518286.0,0.2432341383977871,8.22253
HK.00175,吉利汽车,2023-10-27,8.32253,8.36253,8.48253,8.21253,15.247,0.00421,42404728,378644529.0,1.4558636729256578,8.24253
HK.00175,吉利汽车,2023-10-30,8.29253,8.44253,8.47253,8.26253,15.384,0.00283,28447822,254472056.0,0.9566482870614524,8.36253
HK.00175,吉利汽车,2023-10-31,8.46253,8.31253,8.46253,8.25253,15.162,0.00457,45997268,408677113.0,-1.5398227782430032,8.44253
HK.00175,吉利汽车,2023-11-01,8.34253,8.29253,8.37253,8.24253,15.128,0.00179,18035103,159769916.0,-0.2406006354262943,8.31253
HK.00175,吉利汽车,2023-11-02,8.44253,8.63253,8.81253,8.41253,15.709,0.00691,69559952,639854326.0,4.1000756102178695,8.29253
HK.00175,吉利汽车,2023-11-03,8.74253,8.92253,8.99253,8.74253,16.205,0.00524,52732721,499451472.0,3.359385950584602,8.63253
HK.00175,吉利汽车,2023-11-06,9.03253,9.24253,9.31253,9.03253,16.752,0.00597,60120380,587658261.0,3.586426719775672,8.92253
HK.00175,吉利汽车,2023-11-07,9.16253,9.21253,9.36253,9.13253,16.7,0.0033,33252423,326336785.0,-0.3245864498140783,9.24253
HK.00175,吉利汽车,2023-11-08,9.18253,9.00253,9.19253,8.91253,16.341,0.00342,34434555,330327834.0,-2.2795041101629963,9.21253
HK.00175,吉利汽车,2023-11-09,9.00253,8.99253,9.14253,8.92253,16.324,0.00186,18740135,179593642.0,-0.111079885321124,9.00253
HK.00175,吉利汽车,2023-11-10,8.86253,8.71253,8.90253,8.66253,15.846,0.00297,29925257,278210838.0,-3.1136954783581605,8.99253
HK.00175,吉利汽车,2023-11-13,8.74253,8.73253,8.81253,8.57253,15.88,0.00208,20920961,193172983.0,0.2295544462974744,8.71253
HK.00175,吉利汽车,2023-11-14,8.83253,8.74253,8.92253,8.72253,15.897,0.00201,20247420,189559116.0,0.1145143503658136,8.73253
HK.00175,吉利汽车,2023-11-15,9.01253,9.13253,9.13253,8.88253,16.564,0.00392,39491783,379085509.0,4.460951234939986,8.74253
HK.00175,吉利汽车,2023-11-16,9.20253,8.99253,9.20253,8.93253,16.324,0.00199,20001603,191354041.0,-1.532981550567026,9.13253
HK.00175,吉利汽车,2023-11-17,8.89253,8.99253,9.08253,8.84253,16.324,0.00223,22394266,213487461.0,0.0,8.99253
HK.00175,吉利汽车,2023-11-20,9.04253,9.00253,9.19253,8.87253,16.341,0.00293,29493062,282154133.0,0.11120340994136,8.99253
HK.00175,吉利汽车,2023-11-21,9.14253,8.89253,9.20253,8.85253,16.153,0.00281,28255184,271448854.0,-1.2218787385323842,9.00253
HK.00175,吉利汽车,2023-11-22,8.89253,8.78253,8.91253,8.73253,15.965,0.00238,23961258,223856346.0,-1.2369932966208852,8.89253
HK.00175,吉利汽车,2023-11-23,8.78253,8.97253,8.98253,8.77253,16.29,0.00397,39990969,378365107.0,2.1633857214265286,8.78253
HK.00175,吉利汽车,2023-11-24,8.93253,8.61253,8.93253,8.61253,15.675,0.00463,46624991,431548678.0,-4.012246267217844,8.97253
HK.00175,吉利汽车,2023-11-27,8.71253,8.54253,8.71253,8.42253,15.555,0.00342,34444120,313200104.0,-0.812769302400111,8.61253
HK.00175,吉利汽车,2023-11-28,8.62253,8.49253,8.64253,8.47253,15.47,0.00417,41936006,381015373.0,-0.5853066948550246,8.54253
HK.00175,吉利汽车,2023-11-29,8.56253,8.20253,8.57253,8.14253,14.974,0.00845,85037200,748528686.0,-3.414765682311407,8.49253
HK.00175,吉利汽车,2023-11-30,8.23253,7.95253,8.24253,7.892529999,14.547,0.0081,81555242,696629480.0,-3.047840117622235,8.20253
HK.00175,吉利汽车,2023-12-01,7.95253,7.66253,7.99253,7.62253,14.051,0.00817,82195171,679486801.0,-3.6466382396545503,7.95253
HK.00175,吉利汽车,2023-12-04,7.66253,7.60253,7.82253,7.57253,13.948,0.00497,49966909,411051359.0,-0.7830311920475416,7.66253
HK.00175,吉利汽车,2023-12-05,7.60253,7.49253,7.642529999,7.38253,13.76,0.00547,55076467,443833581.0,-1.446886760065392,7.60253
HK.00175,吉利汽车,2023-12-06,7.50253,7.552529999,7.642529999,7.44253,13.863,0.00429,43135993,350133753.0,0.8007975810573935,7.49253
HK.00175,吉利汽车,2023-12-07,7.552529999,7.40253,7.57253,7.33253,13.606,0.0046,46288429,368119410.0,-1.9860894166572152,7.552529999
HK.00175,吉利汽车,2023-12-08,7.41253,7.27253,7.44253,7.14253,13.384,0.00534,53777344,419115696.0,-1.756156341142824,7.40253
HK.00175,吉利汽车,2023-12-11,7.09253,7.17253,7.24253,6.97253,13.213,0.00418,42110343,322439336.0,-1.3750372978867005,7.27253
HK.00175,吉利汽车,2023-12-12,7.24253,7.31253,7.39253,7.19253,13.452,0.00334,33572815,264800155.0,1.951891452527904,7.17253
HK.00175,吉利汽车,2023-12-13,7.24253,7.34253,7.38253,7.19253,13.504,0.0032,32250829,254063754.0,0.4102547271600971,7.31253
HK.00175,吉利汽车,2023-12-14,7.44253,7.42253,7.632529999,7.34253,13.641,0.00338,34061225,273239363.0,1.0895427053072997,7.34253
HK.00175,吉利汽车,2023-12-15,7.57253,7.52253,7.75253,7.472529999,13.811,0.00485,48833182,397626296.0,1.3472495227368515,7.42253
HK.00175,吉利汽车,2023-12-18,7.45253,7.38253,7.482529999,7.31253,13.572,0.00226,22709869,180483055.0,-1.8610759943795463,7.52253
HK.00175,吉利汽车,2023-12-19,7.32253,7.34253,7.36253,7.23253,13.504,0.00181,18242810,143415043.0,-0.5418196742851032,7.38253
HK.00175,吉利汽车,2023-12-20,7.43253,7.38253,7.49253,7.33253,13.572,0.00172,17326525,137825088.0,0.5447713526536498,7.34253
HK.00175,吉利汽车,2023-12-21,7.32253,7.33253,7.38253,7.23253,13.487,0.00195,19573990,154122233.0,-0.677274592856376,7.38253
HK.00175,吉利汽车,2023-12-22,7.33253,7.23253,7.43253,7.20253,13.316,0.00268,27000569,210930552.0,-1.363785760167371,7.33253
HK.00175,吉利汽车,2023-12-27,7.34253,7.36253,7.42253,7.23253,13.538,0.00271,27265123,215682471.0,1.797434645967592,7.23253
HK.00175,吉利汽车,2023-12-28,7.38253,7.892529999,7.93253,7.38253,14.444,0.00804,80896655,678816560.0,7.19861241991544,7.36253
HK.00175,吉利汽车,2023-12-29,7.94253,8.03253,8.08253,7.94253,14.683,0.00424,42660174,366432415.0,1.7738291906110977,7.892529999
HK.00175,吉利汽车,2024-01-02,8.09253,7.79253,8.09253,7.722529999,14.273,0.00284,28539048,239096004.0,-2.987850652285138,8.03253
HK.00175,吉利汽车,2024-01-03,7.66253,7.74253,7.76253,7.62253,14.188,0.00188,18886123,156338157.0,-0.6416401348470885,7.79253
HK.00175,吉利汽车,2024-01-04,7.75253,7.77253,7.802529999,7.69253,14.239,0.00178,17871111,148530077.0,0.3874702455140549,7.74253
HK.00175,吉利汽车,2024-01-05,7.77253,7.86253,8.06253,7.69253,14.393,0.00321,32343645,273908002.0,1.157924125091828,7.77253
HK.00175,吉利汽车,2024-01-08,7.892529999,7.57253,7.94253,7.482529999,13.897,0.00471,47430113,387058281.0,-3.688380203318768,7.86253
HK.00175,吉利汽车,2024-01-09,7.58253,7.59253,7.722529999,7.562529999,13.931,0.00196,19731834,161726286.0,0.2641125224990799,7.57253
HK.00175,吉利汽车,2024-01-10,7.59253,7.52253,7.68253,7.482529999,13.811,0.00166,16731688,135714159.0,-0.921958820050764,7.59253
HK.00175,吉利汽车,2024-01-11,7.58253,7.59253,7.70253,7.46253,13.931,0.00251,25279788,206183270.0,0.930537997189779,7.52253
HK.00175,吉利汽车,2024-01-12,7.53253,7.52253,7.62253,7.49253,13.811,0.00196,19716042,159677023.0,-0.921958820050764,7.59253
HK.00175,吉利汽车,2024-01-15,7.54253,7.472529999,7.54253,7.29253,13.726,0.00383,38516789,307264964.0,-0.6646700112860954,7.52253
HK.00175,吉利汽车,2024-01-16,7.44253,7.43253,7.562529999,7.38253,13.658,0.00258,25935962,207807191.0,-0.5352939232810426,7.472529999
HK.00175,吉利汽车,2024-01-17,7.43253,7.14253,7.43253,7.08253,13.162,0.00719,72343446,558242302.0,-3.9017669622591504,7.43253
HK.00175,吉利汽车,2024-01-18,7.15253,7.26253,7.31253,7.05253,13.367,0.00454,45708370,355372688.0,1.680076947524198,7.14253
HK.00175,吉利汽车,2024-01-19,7.29253,7.29253,7.39253,7.21253,13.418,0.00287,28898282,227034848.0,0.4130791886573997,7.26253
HK.00175,吉利汽车,2024-01-22,7.27253,6.94253,7.29253,6.75253,12.82,0.00618,62241157,468155699.0,-4.799431747281129,7.29253
HK.00175,吉利汽车,2024-01-23,6.96253,7.23253,7.31253,6.94253,13.316,0.00405,40769547,316479062.0,4.177151557141273,6.94253
HK.00175,吉利汽车,2024-01-24,7.31253,7.36253,7.41253,7.09253,13.538,0.00418,42082248,328836141.0,1.797434645967592,7.23253
HK.00175,吉利汽车,2024-01-25,7.41253,7.38253,7.41253,7.14253,13.572,0.0027,27127750,213309799.0,0.2716457522074675,7.36253
HK.00175,吉利汽车,2024-01-26,7.29253,7.21253,7.38253,7.17253,13.282,0.00237,23814427,185742833.0,-2.302733615711686,7.38253
HK.00175,吉利汽车,2024-01-29,7.26253,7.16253,7.30253,7.11253,13.196,0.00227,22890680,177065820.0,-0.6932380177274801,7.21253
HK.00175,吉利汽车,2024-01-30,7.06253,6.92253,7.08253,6.85253,12.786,0.00381,38291235,286326009.0,-3.350771305669926,7.16253
HK.00175,吉利汽车,2024-01-31,6.93253,6.82253,7.02253,6.78253,12.615,0.00257,25837068,191303795.0,-1.4445585645710404,6.92253
HK.00175,吉利汽车,2024-02-01,6.83253,6.78253,6.92253,6.68253,12.547,0.00403,40586288,298832625.0,-0.5862927682252776,6.82253
HK.00175,吉利汽车,2024-02-02,6.94253,7.10253,7.49253,6.91253,13.094,0.00747,75176207,585779842.0,4.718003458886277,6.78253
HK.00175,吉利汽车,2024-02-05,7.06253,7.06253,7.18253,6.91253,13.025,0.00269,27091520,206041422.0,-0.5631795993821925,7.10253
HK.00175,吉利汽车,2024-02-06,7.07253,7.632529999,7.71253,7.07253,14.0,0.00796,80135175,648921193.0,8.070762163134178,7.06253
HK.00175,吉利汽车,2024-02-07,7.78253,7.482529999,7.79253,7.42253,13.743,0.00462,46511595,378152521.0,-1.9652723280439524,7.632529999
HK.00175,吉利汽车,2024-02-08,7.49253,7.482529999,7.62253,7.44253,13.743,0.00289,29106029,235070944.0,0.0,7.482529999
HK.00175,吉利汽车,2024-02-09,7.44253,7.31253,7.44253,7.19253,13.452,0.00128,12876663,101000241.0,-2.271958803008066,7.482529999
HK.00175,吉利汽车,2024-02-14,7.23253,7.44253,7.472529999,7.02253,13.675,0.00169,17019899,133814077.0,1.7777704843604043,7.31253
HK.00175,吉利汽车,2024-02-15,7.35253,7.52253,7.562529999,7.33253,13.811,0.00097,9802411,78839532.0,1.0749032922944224,7.44253
HK.00175,吉利汽车,2024-02-16,7.552529999,7.732529999,7.83253,7.552529999,14.17,0.00215,21641569,179324728.0,2.791613978275924,7.52253
HK.00175,吉利汽车,2024-02-19,7.642529999,7.54253,7.71253,7.45253,13.846,0.00189,19005577,153538773.0,-2.4571517863438093,7.732529999
HK.00175,吉利汽车,2024-02-20,7.54253,7.53253,7.54253,7.34253,13.829,0.00182,18345550,146696829.0,-0.1325815077964527,7.54253
HK.00175,吉利汽车,2024-02-21,7.54253,7.66253,7.82253,7.46253,14.051,0.00362,36424075,300957638.0,1.7258477563315364,7.53253
HK.00175,吉利汽车,2024-02-22,7.67253,7.79253,7.79253,7.57253,14.273,0.00219,22060615,182527750.0,1.696567582769658,7.66253
HK.00175,吉利汽车,2024-02-23,7.77253,7.722529999,7.83253,7.62253,14.153,0.00187,18796220,155385258.0,-0.8982962016187344,7.79253
HK.00175,吉利汽车,2024-02-26,7.84253,7.86253,8.19253,7.84253,14.393,0.00546,54904530,468895616.0,1.8128773992218683,7.722529999
HK.00175,吉利汽车,2024-02-27,7.94253,8.07253,8.11253,7.79253,14.752,0.00505,50810434,433401265.0,2.6708960092998164,7.86253
HK.00175,吉利汽车,2024-02-28,8.22253,7.882529999,8.24253,7.85253,14.427,0.00372,37463251,320333690.0,-2.353661132259657,8.07253
HK.00175,吉利汽车,2024-02-29,7.84253,8.00253,8.13253,7.802529999,14.632,0.00582,58546610,502620611.0,1.522353876423226,7.882529999
HK.00175,吉利汽车,2024-03-01,8.00253,8.08253,8.16253,7.84253,14.769,0.00436,43849745,378089536.0,0.999683849982444,8.00253
HK.00175,吉利汽车,2024-03-04,8.16253,8.01253,8.16253,7.92253,14.649,0.00217,21794352,186360796.0,-0.8660654522779412,8.08253
HK.00175,吉利汽车,2024-03-05,7.882529999,7.74253,7.94253,7.66253,14.188,0.00363,36483287,303833985.0,-3.3697221726470863,8.01253
HK.00175,吉利汽车,2024-03-06,7.75253,7.92253,8.02253,7.71253,14.495,0.00305,30720364,259825433.0,2.3248214730843757,7.74253
HK.00175,吉利汽车,2024-03-07,7.96253,7.812529999,8.05253,7.77253,14.307,0.00213,21385136,180603272.0,-1.388445370355182,7.92253
HK.00175,吉利汽车,2024-03-08,7.90253,7.882529999,8.01253,7.86253,14.427,0.00213,21416791,181726567.0,0.8959965594879028,7.812529999
HK.00175,吉利汽车,2024-03-11,7.882529999,8.04253,8.07253,7.882529999,14.7,0.00293,29439113,252291102.0,2.0298051643355293,7.882529999
HK.00175,吉利汽车,2024-03-12,8.06253,8.28253,8.34253,7.94253,15.111,0.00546,54953729,480865054.0,2.9841355891740564,8.04253
HK.00175,吉利汽车,2024-03-13,8.23253,8.26253,8.68253,8.20253,15.076,0.00605,60879163,546968086.0,-0.2414721105749037,8.28253
HK.00175,吉利汽车,2024-03-14,8.26253,8.24253,8.50253,8.10253,15.042,0.00302,30353340,267240699.0,-0.2420566097793239,8.26253
HK.00175,吉利汽车,2024-03-15,8.10253,8.15253,8.15253,7.95253,14.888,0.00468,47145224,406978501.0,-1.0918977546942483,8.24253
HK.00175,吉利汽车,2024-03-18,8.17253,8.29253,8.37253,8.12253,15.128,0.00446,44849546,396568427.0,1.7172583234897485,8.15253
HK.00175,吉利汽车,2024-03-19,8.28253,8.31253,8.49253,8.16253,15.162,0.00344,34586814,307249146.0,0.2411809182481263,8.29253
HK.00175,吉利汽车,2024-03-20,8.31253,8.27253,8.46253,8.18253,15.171,0.00364,36679444,325213414.0,-0.4812012708525674,8.31253
HK.00175,吉利汽车,2024-03-21,8.44253,8.73253,8.74253,8.36253,15.962,0.00872,87785136,803600860.0,5.56057215869874,8.27253
HK.00175,吉利汽车,2024-03-22,8.74253,8.64253,8.77253,8.41253,15.807,0.00569,57249066,523625342.0,-1.030629153292343,8.73253
HK.00175,吉利汽车,2024-03-25,8.68253,8.32253,8.74253,8.22253,15.257,0.00472,47453842,422311577.0,-3.7026194875806073,8.64253
HK.00175,吉利汽车,2024-03-26,8.44253,8.63253,8.68253,8.36253,15.79,0.00627,63066544,576894167.0,3.7248288681446473,8.32253
HK.00175,吉利汽车,2024-03-27,8.54253,8.56253,8.71253,8.45253,15.67,0.00473,47561655,435561219.0,-0.8108862639341944,8.63253
HK.00175,吉利汽车,2024-03-28,8.55253,8.68253,8.76253,8.33253,15.876,0.00578,58147035,534003705.0,1.401454943807487,8.56253
HK.00175,吉利汽车,2024-04-02,8.86253,8.89253,9.07253,8.75253,16.237,0.00655,65923254,621762308.0,2.41864986357664,8.68253
HK.00175,吉利汽车,2024-04-03,8.91253,8.71253,8.91253,8.60253,15.927,0.00319,32118983,297234876.0,-2.0241708490159884,8.89253
HK.00175,吉利汽车,2024-04-05,8.71253,8.84253,8.92253,8.59253,16.151,0.00295,29679527,277211916.0,1.4921039009334922,8.71253
HK.00175,吉利汽车,2024-04-08,8.87253,8.85253,9.03253,8.79253,16.168,0.00425,42773914,405372250.0,0.1130898057456382,8.84253
HK.00175,吉利汽车,2024-04-09,8.89253,9.02253,9.21253,8.89253,16.46,0.00444,44705520,429591115.0,1.920354971968465,8.85253
HK.00175,吉利汽车,2024-04-10,9.05253,9.26253,9.33253,9.03253,16.872,0.00568,57137314,559376165.0,2.6600077805227604,9.02253
HK.00175,吉利汽车,2024-04-11,9.05253,9.23253,9.32253,9.04253,16.821,0.00326,32822351,320635796.0,-0.3238855906539505,9.26253
HK.00175,吉利汽车,2024-04-12,9.19253,8.90253,9.30253,8.81253,16.254,0.0057,57386822,546729855.0,-3.5743181988035793,9.23253
HK.00175,吉利汽车,2024-04-15,8.74253,8.70253,8.86253,8.56253,15.91,0.00368,37068582,341954261.0,-2.2465523845468764,8.90253
HK.00175,吉利汽车,2024-04-16,8.57253,8.37253,8.60253,8.26253,15.343,0.0047,47280033,423473176.0,-3.792000717032864,8.70253
HK.00175,吉利汽车,2024-04-17,8.30253,8.35253,8.43253,8.26253,15.309,0.00303,30456229,271394544.0,-0.2388764208668058,8.37253
HK.00175,吉利汽车,2024-04-18,8.34253,8.49253,8.59253,8.31253,15.549,0.00243,24429380,221201309.0,1.676138846553087,8.35253
HK.00175,吉利汽车,2024-04-19,8.41253,8.25253,8.41253,8.12253,15.137,0.00383,38552520,339324464.0,-2.8260129784646058,8.49253
HK.00175,吉利汽车,2024-04-22,8.35253,8.28253,8.43253,8.26253,15.189,0.00215,21642628,192480925.0,0.3635248826723363,8.25253
HK.00175,吉利汽车,2024-04-23,8.32253,8.35253,8.38253,8.24253,15.309,0.00168,16892086,150076637.0,0.8451523870121845,8.28253
HK.00175,吉利汽车,2024-04-24,8.47253,8.54253,8.59253,8.40253,15.635,0.00394,39600434,359638566.0,2.2747598631791743,8.35253
HK.00175,吉利汽车,2024-04-25,8.45253,8.64253,8.79253,8.45253,15.807,0.00386,38852113,358385732.0,1.170613389710091,8.54253
HK.00175,吉利汽车,2024-04-26,8.61253,8.83253,8.92253,8.56253,16.134,0.00437,44011925,413020057.0,2.198430320750978,8.64253
HK.00175,吉利汽车,2024-04-29,9.14253,8.99253,9.29253,8.96253,16.408,0.00612,61581188,594798570.0,1.8114854973603272,8.83253
HK.00175,吉利汽车,2024-04-30,9.06253,8.97253,9.27253,8.97253,16.374,0.00432,43430455,416667473.0,-0.2224068198827201,8.99253
HK.00175,吉利汽车,2024-05-02,9.07253,9.30253,9.41253,8.94253,16.941,0.00446,44902774,441410665.0,3.677892411616345,8.97253
HK.00175,吉利汽车,2024-05-03,9.56253,9.42253,9.64253,9.23253,17.147,0.00427,42974148,428517416.0,1.2899716528729197,9.30253
HK.00175,吉利汽车,2024-05-06,9.34253,9.35253,9.44253,9.20253,17.027,0.00569,57269543,565108857.0,-0.7429002613947664,9.42253
HK.00175,吉利汽车,2024-05-07,9.30253,9.32253,9.38253,9.15253,16.975,0.00369,37135920,365857781.0,-0.3207688187046645,9.35253
HK.00175,吉利汽车,2024-05-08,9.41253,9.18253,9.41253,9.15253,16.735,0.00268,26990825,263994294.0,-1.5017382620383153,9.32253
HK.00175,吉利汽车,2024-05-09,9.26253,9.31253,9.36253,9.11253,16.958,0.00269,27106293,266345471.0,1.41573182989874,9.18253
HK.00175,吉利汽车,2024-05-10,9.41253,9.33253,9.44253,9.14253,16.993,0.00417,41986090,413213212.0,0.2147644088126381,9.31253
HK.00175,吉利汽车,2024-05-13,9.30253,9.38253,9.41253,9.07253,17.079,0.00437,43933462,433222893.0,0.5357603993772206,9.33253
HK.00175,吉利汽车,2024-05-14,9.52253,9.66253,9.72253,9.43253,17.56,0.00734,73871848,752436605.0,2.9842697012426407,9.38253
HK.00175,吉利汽车,2024-05-16,9.70253,9.66253,9.80253,9.46253,17.56,0.00554,55715847,565164836.0,0.0,9.66253
HK.00175,吉利汽车,2024-05-17,9.66253,9.66253,9.74253,9.48253,17.56,0.00401,40314186,409453809.0,0.0,9.66253
HK.00175,吉利汽车,2024-05-20,9.70253,10.08253,10.20253,9.66253,18.281,0.00655,65936647,699010071.0,4.346687668757561,9.66253
HK.00175,吉利汽车,2024-05-21,9.96253,9.68253,10.00253,9.62253,17.594,0.00526,52925792,544281267.0,-3.967258217927448,10.08253
HK.00175,吉利汽车,2024-05-22,9.72253,9.82253,9.88253,9.70253,17.835,0.00408,41048953,425891601.0,1.4459030852473531,9.68253
HK.00175,吉利汽车,2024-05-23,9.74253,9.48253,9.74253,9.44253,17.25,0.00552,55547661,559783140.0,-3.4614299981776573,9.82253
HK.00175,吉利汽车,2024-05-24,9.43253,9.33253,9.48253,9.27253,16.993,0.00294,29596840,292879219.0,-1.5818563189359838,9.48253
HK.00175,吉利汽车,2024-05-27,9.36253,9.41253,9.44253,9.26253,17.13,0.00182,18266872,181455481.0,0.8572166390035721,9.33253
HK.00175,吉利汽车,2024-05-28,9.41253,9.46253,9.54253,9.41253,17.216,0.00198,19910245,199812108.0,0.5312068062465558,9.41253
HK.00175,吉利汽车,2024-05-29,9.36253,9.33253,9.41253,9.25253,16.993,0.00258,25960210,256739243.0,-1.3738397658976935,9.46253
HK.00175,吉利汽车,2024-05-30,9.25253,9.09253,9.38253,9.05253,16.58,0.00366,36794434,358322887.0,-2.5716499170107165,9.33253
HK.00175,吉利汽车,2024-05-31,9.14253,8.91253,9.29253,8.89253,16.271,0.00744,74862422,719331851.0,-1.979647028934738,9.09253
HK.00175,吉利汽车,2024-06-03,9.03253,9.24253,9.42253,9.03253,16.838,0.00307,30936497,304271940.0,3.702652333288079,8.91253
HK.00175,吉利汽车,2024-06-04,9.22253,9.14253,9.35253,9.12253,16.666,0.00223,22489830,219626329.0,-1.0819548327135495,9.24253
HK.00175,吉利汽车,2024-06-05,9.25253,9.27253,9.48253,9.17253,16.89,0.00263,26427253,261331985.0,1.4219258782853217,9.14253
HK.00175,吉利汽车,2024-06-06,9.34253,9.25253,9.39253,9.16253,16.855,0.00194,19525475,191757569.0,-0.2156908632271836,9.27253
HK.00175,吉利汽车,2024-06-07,9.31253,9.19253,9.31253,9.09253,16.752,0.00325,32727667,318329168.0,-0.6484712829896309,9.25253
HK.00175,吉利汽车,2024-06-11,9.10253,9.01253,9.10253,8.77253,16.065,0.00377,37962378,352621398.0,-1.9581116406473489,9.19253
HK.00175,吉利汽车,2024-06-12,8.91253,8.56253,8.92253,8.52253,15.292,0.00681,68482023,612195620.0,-4.993048566828619,9.01253
HK.00175,吉利汽车,2024-06-13,8.62253,8.71253,8.97253,8.62253,15.549,0.00611,61454148,560146092.0,1.7518186797593531,8.56253
HK.00175,吉利汽车,2024-06-14,8.64253,8.55253,8.67253,8.50253,15.274,0.00266,26798376,238468281.0,-1.836435570379653,8.71253
HK.00175,吉利汽车,2024-06-17,8.52253,8.53253,8.65253,8.39253,15.24,0.00187,18786222,166893701.0,-0.2338489312519377,8.55253
HK.00175,吉利汽车,2024-06-18,8.53253,8.54253,8.69253,8.48253,15.257,0.00258,26013799,232024543.0,0.1171985331431566,8.53253
HK.00175,吉利汽车,2024-06-19,8.60253,8.89253,9.03253,8.60253,15.859,0.00373,37552255,346312245.0,4.097146863985277,8.54253
HK.00175,吉利汽车,2024-06-20,8.86253,8.81253,8.88253,8.76253,15.721,0.0019,19116154,174746496.0,-0.8996314884515438,8.89253
HK.00175,吉利汽车,2024-06-21,8.82,8.58,8.82,8.53,15.309,0.00332,33393153,298005720.0,-2.6386293153044647,8.81253
HK.00175,吉利汽车,2024-06-24,8.54,8.48,8.54,8.33,15.137,0.00321,32335749,282188063.0,-1.1655011655011611,8.58
HK.00175,吉利汽车,2024-06-25,8.47,8.63,8.68,8.43,15.395,0.00367,36947170,328937512.0,1.768867924528306,8.48
HK.00175,吉利汽车,2024-06-26,8.63,8.82,8.85,8.59,15.721,0.00352,35383212,322186998.0,2.201622247972184,8.63
HK.00175,吉利汽车,2024-06-27,8.72,8.57,8.8,8.52,15.292,0.00376,37876360,337990952.0,-2.834467120181406,8.82
HK.00175,吉利汽车,2024-06-28,8.49,8.46,8.61,8.45,15.103,0.00363,36481156,321886564.0,-1.283547257876306,8.57
HK.00175,吉利汽车,2024-07-02,8.88,8.15,8.88,8.02,14.57,0.00914,91958340,797981088.0,-3.6643026004728183,8.46
HK.00175,吉利汽车,2024-07-03,8.28,8.29,8.36,8.18,14.81,0.00412,41486804,356760591.0,1.71779141104293,8.15
HK.00175,吉利汽车,2024-07-04,8.45,8.37,8.56,8.35,14.948,0.00287,28912324,253252016.0,0.9650180940892652,8.29
HK.00175,吉利汽车,2024-07-05,8.37,8.1,8.37,8.01,14.484,0.00443,44611709,375546165.0,-3.225806451612898,8.37
HK.00175,吉利汽车,2024-07-08,8.0,7.93,8.1,7.84,14.192,0.00499,50258758,414297956.0,-2.098765432098765,8.1
HK.00175,吉利汽车,2024-07-09,7.869999999,7.82,7.92,7.699999999,14.003,0.00728,73291351,595494638.0,-1.387137452711216,7.93
HK.00175,吉利汽车,2024-07-10,7.869999999,7.84,8.07,7.8,14.037,0.0045,45243145,373793911.0,0.2557544757033194,7.82
HK.00175,吉利汽车,2024-07-11,7.93,7.97,8.02,7.91,14.261,0.00433,43596640,361789430.0,1.6581632653061211,7.84
HK.00175,吉利汽车,2024-07-12,8.01,8.09,8.119999999,7.92,14.467,0.00525,52869910,441947785.0,1.5056461731493114,7.97
HK.00175,吉利汽车,2024-07-15,8.13,7.9,8.13,7.85,14.14,0.00345,34728250,287339356.0,-2.348578491965383,8.09
HK.00175,吉利汽车,2024-07-16,7.81,7.88,8.01,7.789999999,14.106,0.00435,43747511,360701202.0,-0.2531645569620311,7.9
HK.00175,吉利汽车,2024-07-17,7.89,7.9,8.029999999,7.859999999,14.14,0.00408,41086544,338540631.0,0.2538071065989906,7.88
HK.00175,吉利汽车,2024-07-18,7.869999999,7.84,7.89,7.75,14.037,0.00315,31655474,258094668.0,-0.7594936708860822,7.9
HK.00175,吉利汽车,2024-07-19,7.709999999,7.74,7.789999999,7.69,13.865,0.00454,45652740,367860535.0,-1.2755102040816282,7.84
HK.00175,吉利汽车,2024-07-22,7.73,7.68,7.77,7.6,13.762,0.00433,43547258,348495227.0,-0.7751937984496188,7.74
HK.00175,吉利汽车,2024-07-23,7.72,7.64,7.77,7.61,13.694,0.00378,38024537,304025736.0,-0.5208333333333338,7.68
HK.00175,吉利汽车,2024-07-24,7.64,7.56,7.73,7.53,13.556,0.00299,30111613,238489739.0,-1.0471204188481684,7.64
HK.00175,吉利汽车,2024-07-25,7.54,7.46,7.57,7.45,13.384,0.00283,28431348,222441868.0,-1.322751322751318,7.56
HK.00175,吉利汽车,2024-07-26,7.58,7.51,7.709999999,7.5,13.47,0.00232,23313686,184258079.0,0.6702412868632683,7.46
HK.00175,吉利汽车,2024-07-29,7.67,7.56,7.699999999,7.55,13.556,0.00213,21385225,169651324.0,0.6657789613848178,7.51
HK.00175,吉利汽车,2024-07-30,7.52,7.48,7.58,7.44,13.419,0.00237,23839259,185918872.0,-1.0582010582010477,7.56
HK.00175,吉利汽车,2024-07-31,7.59,7.63,7.68,7.49,13.676,0.00343,34558977,274872272.0,2.0053475935828806,7.48
HK.00175,吉利汽车,2024-08-01,7.64,7.67,7.72,7.57,13.745,0.0024,24111214,192322193.0,0.5242463958060293,7.63
HK.00175,吉利汽车,2024-08-02,7.57,7.39,7.57,7.3,13.264,0.0046,46282145,357120645.0,-3.6505867014341624,7.67
HK.00175,吉利汽车,2024-08-05,7.19,7.23,7.45,7.14,12.989,0.00355,35760396,270846934.0,-2.165087956698231,7.39
HK.00175,吉利汽车,2024-08-06,7.28,7.16,7.36,7.11,12.869,0.00291,29242920,219852336.0,-0.9681881051175696,7.23
HK.00175,吉利汽车,2024-08-07,7.1,7.14,7.23,7.1,12.835,0.00262,26318909,197077973.0,-0.2793296089385539,7.16
HK.00175,吉利汽车,2024-08-08,7.05,7.2,7.26,6.98,12.938,0.00274,27545071,205554390.0,0.8403361344537886,7.14
HK.00175,吉利汽车,2024-08-09,7.27,7.28,7.38,7.25,13.075,0.00242,24366082,186219028.0,1.111111111111112,7.2
HK.00175,吉利汽车,2024-08-12,7.28,7.3,7.37,7.2,13.109,0.00134,13451753,102466376.0,0.2747252747252688,7.28
HK.00175,吉利汽车,2024-08-13,7.3,7.33,7.33,7.2,13.161,0.00173,17362167,132134941.0,0.4109589041095924,7.3
HK.00175,吉利汽车,2024-08-14,7.4,7.34,7.49,7.29,13.178,0.00129,13001111,99903166.0,0.1364256480218252,7.33
HK.00175,吉利汽车,2024-08-15,7.29,7.37,7.48,7.24,13.23,0.00209,21061049,162548551.0,0.4087193460490497,7.34
HK.00175,吉利汽车,2024-08-16,7.39,7.43,7.49,7.39,13.333,0.00173,17395303,134994445.0,0.8141112618724506,7.37
HK.00175,吉利汽车,2024-08-19,7.5,7.56,7.65,7.48,13.556,0.00285,28722827,226701824.0,1.7496635262449516,7.43
HK.00175,吉利汽车,2024-08-20,7.61,7.54,7.65,7.46,13.522,0.00187,18837118,147868462.0,-0.2645502645502589,7.56
HK.00175,吉利汽车,2024-08-21,7.51,7.55,7.709999999,7.24,13.539,0.00605,60850241,475351684.0,0.1326259946949574,7.54
HK.00175,吉利汽车,2024-08-22,7.81,7.66,7.81,7.53,13.728,0.00516,51946091,414015645.0,1.4569536423841103,7.55
HK.00175,吉利汽车,2024-08-23,7.53,7.72,7.73,7.53,13.831,0.00322,32361459,258727200.0,0.7832898172323709,7.66
HK.00175,吉利汽车,2024-08-26,7.73,7.88,7.88,7.72,14.106,0.00416,41879618,341512704.0,2.072538860103629,7.72
HK.00175,吉利汽车,2024-08-27,7.859999999,8.27,8.4,7.84,14.776,0.01081,108765819,927933046.0,4.949238578680199,7.88
HK.00175,吉利汽车,2024-08-28,8.26,8.25,8.31,8.16,14.742,0.0035,35260129,301811804.0,-0.2418379685610589,8.27
HK.00175,吉利汽车,2024-08-29,8.17,8.3,8.33,8.02,14.828,0.00359,36106861,307647155.0,0.6060606060606146,8.25
HK.00175,吉利汽车,2024-08-30,8.36,8.49,8.64,8.36,15.154,0.00748,75234874,667670923.0,2.289156626506018,8.3
HK.00175,吉利汽车,2024-09-02,8.39,8.49,8.53,8.37,15.154,0.00299,30042577,264043283.0,0.0,8.49
HK.00175,吉利汽车,2024-09-03,8.49,8.6,8.74,8.39,15.343,0.0034,34257377,306684963.0,1.2956419316843275,8.49
HK.00175,吉利汽车,2024-09-04,8.55,8.65,8.65,8.44,15.429,0.00353,35512840,316863389.0,0.5813953488372177,8.6
HK.00175,吉利汽车,2024-09-05,8.61,8.59,8.8,8.48,15.326,0.00289,29080150,259885920.0,-0.6936416184971156,8.65
HK.00175,吉利汽车,2024-09-09,8.45,8.55,8.69,8.4,15.257,0.00394,39626839,350636718.0,-0.4656577415599435,8.59
HK.00175,吉利汽车,2024-09-10,8.55,8.46,8.63,8.4,15.103,0.00232,23327653,205588658.0,-1.0526315789473666,8.55
HK.00175,吉利汽车,2024-09-11,8.29,8.6,8.67,8.29,15.343,0.0036,36239278,322442615.0,1.6548463356973848,8.46
HK.00175,吉利汽车,2024-09-12,8.64,8.69,8.82,8.52,15.498,0.0036,36205607,327080723.0,1.0465116279069753,8.6
HK.00175,吉利汽车,2024-09-13,8.71,8.76,8.8,8.66,15.618,0.00253,25517804,231652453.0,0.8055235903337202,8.69
HK.00175,吉利汽车,2024-09-16,8.75,8.69,8.76,8.54,15.498,0.00101,10216104,91662233.0,-0.7990867579908708,8.76
HK.00175,吉利汽车,2024-09-17,8.68,8.74,8.79,8.64,15.584,0.00123,12387637,112290671.0,0.5753739930955203,8.69
HK.00175,吉利汽车,2024-09-19,8.82,8.99,9.03,8.77,16.013,0.00608,61267910,568453159.0,2.860411899313501,8.74
HK.00175,吉利汽车,2024-09-20,9.11,9.64,9.73,9.05,17.13,0.01352,136167786,1342609373.0,7.230255839822028,8.99
HK.00175,吉利汽车,2024-09-23,9.63,9.85,10.09,9.59,17.491,0.01098,110594610,1130348055.0,2.178423236514513,9.64
HK.00175,吉利汽车,2024-09-24,10.07,10.27,10.31,9.89,18.213,0.01223,123177530,1287172186.0,4.263959390862944,9.85
HK.00175,吉利汽车,2024-09-25,10.65,10.19,10.65,10.13,18.075,0.00962,96865046,1031006583.0,-0.7789678675754632,10.27
HK.00175,吉利汽车,2024-09-26,10.27,10.81,10.83,10.19,19.14,0.01327,133617152,1456972890.0,6.084396467124642,10.19
HK.00175,吉利汽车,2024-09-27,10.87,11.55,11.59,10.85,20.412,0.01603,161366477,1872798875.0,6.845513413506015,10.81
HK.00175,吉利汽车,2024-09-30,11.73,11.85,12.23,11.71,20.927,0.01573,158442524,1952905902.0,2.597402597402588,11.55
HK.00175,吉利汽车,2024-10-02,12.07,12.73,12.87,11.77,22.439,0.01187,119539760,1527576592.0,7.42616033755275,11.85
HK.00175,吉利汽车,2024-10-03,12.79,12.19,12.79,11.75,21.512,0.00822,82794839,1033077287.0,-4.241948153967014,12.73
HK.00175,吉利汽车,2024-10-04,12.37,12.67,12.69,11.97,22.336,0.00548,55161524,707710364.0,3.937653814602137,12.19
HK.00175,吉利汽车,2024-10-07,12.91,13.57,13.57,12.91,23.883,0.00894,89993082,1235656683.0,7.103393843725338,12.67
HK.00175,吉利汽车,2024-10-08,13.67,11.85,13.91,11.61,20.927,0.01867,187954632,2390753423.0,-12.6750184229919,13.57
HK.00175,吉利汽车,2024-10-09,11.91,11.45,12.09,10.85,20.24,0.01625,163634401,1925436628.0,-3.3755274261603407,11.85
HK.00175,吉利汽车,2024-10-10,11.87,12.55,12.87,11.87,22.13,0.01845,185828576,2377700346.0,9.606986899563331,11.45
HK.00175,吉利汽车,2024-10-14,12.55,12.43,12.73,11.91,21.924,0.01262,127063793,1607725836.0,-0.9561752988047888,12.55
HK.00175,吉利汽车,2024-10-15,12.31,11.67,12.67,11.51,20.618,0.00959,96598232,1186468407.0,-6.1142397425583255,12.43
HK.00175,吉利汽车,2024-10-16,11.47,11.77,12.07,11.25,20.79,0.00737,74174701,894433728.0,0.8568980291345298,11.67
HK.00175,吉利汽车,2024-10-17,11.85,11.65,12.23,11.57,20.584,0.00575,57927413,706457271.0,-1.0195412064570877,11.77
HK.00175,吉利汽车,2024-10-18,11.59,12.27,12.43,11.49,21.649,0.00762,76763342,951533202.0,5.32188841201716,11.65
HK.00175,吉利汽车,2024-10-21,12.35,12.41,12.65,12.17,21.89,0.00658,66221532,847414170.0,1.1409942950285297,12.27
HK.00175,吉利汽车,2024-10-22,12.35,13.31,13.57,12.31,23.436,0.01582,159294358,2167564071.0,7.252215954875103,12.41
HK.00175,吉利汽车,2024-10-23,13.51,14.21,14.57,13.31,24.982,0.01971,198422030,2862473568.0,6.7618332081142025,13.31
HK.00175,吉利汽车,2024-10-24,13.99,13.57,14.25,13.49,23.883,0.00852,85813570,1211527089.0,-4.503870513722734,14.21
HK.00175,吉利汽车,2024-10-25,13.61,14.71,14.83,13.57,25.841,0.01755,176673998,2615896420.0,8.40088430361091,13.57
HK.00175,吉利汽车,2024-10-28,14.95,14.57,15.21,14.27,25.601,0.01029,103636818,1555627295.0,-0.9517335146159114,14.71
HK.00175,吉利汽车,2024-10-29,14.65,14.53,15.07,14.47,25.532,0.00774,77938595,1169635782.0,-0.2745367192862109,14.57
HK.00175,吉利汽车,2024-10-30,13.97,14.09,14.31,13.73,24.776,0.01025,103166616,1482969366.0,-3.0282174810736375,14.53
HK.00175,吉利汽车,2024-10-31,13.97,13.33,14.15,13.27,23.47,0.01602,161289109,2233296297.0,-5.393896380411638,14.09
HK.00175,吉利汽车,2024-11-01,13.27,13.51,13.81,12.95,23.78,0.01057,106413741,1464271510.0,1.350337584396097,13.33
HK.00175,吉利汽车,2024-11-04,13.65,14.15,14.47,13.53,24.879,0.00971,97741763,1414827637.0,4.7372316802368655,13.51
HK.00175,吉利汽车,2024-11-05,13.85,14.65,14.79,13.81,25.738,0.00922,92828080,1381723299.0,3.53356890459364,14.15
HK.00175,吉利汽车,2024-11-06,14.61,14.21,14.71,13.95,24.982,0.00809,81485264,1187060283.0,-3.0034129692832727,14.65
HK.00175,吉利汽车,2024-11-07,13.81,14.01,14.47,13.43,24.639,0.01106,111407286,1596985666.0,-1.4074595355383606,14.21
HK.00175,吉利汽车,2024-11-08,14.27,14.41,15.17,14.27,25.326,0.01098,110582767,1659263644.0,2.855103497501787,14.01
HK.00175,吉利汽车,2024-11-11,14.07,14.27,14.39,13.93,25.085,0.00543,54681578,793003934.0,-0.9715475364330366,14.41
HK.00175,吉利汽车,2024-11-12,14.37,13.97,15.03,13.89,24.57,0.01194,120254340,1770129981.0,-2.1023125437981705,14.27
HK.00175,吉利汽车,2024-11-13,13.65,13.71,13.79,12.95,24.123,0.00999,100556770,1380262235.0,-1.8611309949892612,13.97
HK.00175,吉利汽车,2024-11-14,13.55,13.57,14.27,13.43,23.883,0.00926,93229988,1315321993.0,-1.0211524434719224,13.71
HK.00175,吉利汽车,2024-11-15,13.47,12.85,13.53,12.17,22.646,0.01719,173086957,2256629788.0,-5.305821665438472,13.57
HK.00175,吉利汽车,2024-11-18,12.89,13.43,13.73,12.81,23.642,0.00976,98277036,1339914515.0,4.513618677042802,12.85
HK.00175,吉利汽车,2024-11-19,13.49,13.27,13.59,12.87,23.367,0.00592,59580932,803516069.0,-1.1913626209977672,13.43
HK.00175,吉利汽车,2024-11-20,13.07,12.99,13.27,12.69,22.886,0.00657,66113686,875229780.0,-2.1100226073850745,13.27
HK.00175,吉利汽车,2024-11-21,12.81,13.11,13.43,12.71,23.092,0.00556,55965863,753198974.0,0.923787528868354,12.99
HK.00175,吉利汽车,2024-11-22,13.03,12.51,13.11,12.37,22.061,0.00656,66051848,857210686.0,-4.5766590389015995,13.11
HK.00175,吉利汽车,2024-11-25,12.75,12.67,12.99,12.61,22.336,0.00667,67149459,876359894.0,1.278976818545165,12.51
HK.00175,吉利汽车,2024-11-26,12.47,12.67,12.85,12.39,22.336,0.00549,55260387,717305102.0,0.0,12.67
HK.00175,吉利汽车,2024-11-27,12.67,12.81,12.83,12.11,22.577,0.00786,79120268,1013376216.0,1.1049723756906122,12.67
HK.00175,吉利汽车,2024-11-28,13.27,13.45,14.07,13.17,23.676,0.01349,135806945,1873744379.0,4.996096799375478,12.81
HK.00175,吉利汽车,2024-11-29,13.47,13.53,13.69,13.29,23.814,0.00704,70899141,980592909.0,0.5947955390334578,13.45
HK.00175,吉利汽车,2024-12-02,13.67,14.09,14.39,13.67,24.776,0.00935,94141001,1361319197.0,4.138950480413899,13.53
HK.00175,吉利汽车,2024-12-03,14.05,14.13,14.21,13.85,24.845,0.00416,41886799,603390780.0,0.2838892831795665,14.09
HK.00175,吉利汽车,2024-12-04,14.39,14.13,14.51,14.03,24.845,0.00502,50558026,734065362.0,0.0,14.13
HK.00175,吉利汽车,2024-12-05,13.87,14.19,14.23,13.81,24.948,0.00433,43559789,626521572.0,0.424628450106148,14.13
HK.00175,吉利汽车,2024-12-06,14.19,14.41,14.45,14.03,25.326,0.00934,94038494,1376866208.0,1.5503875968992291,14.19
HK.00175,吉利汽车,2024-12-09,14.41,15.09,15.17,14.29,26.494,0.01156,116477295,1755168859.0,4.7189451769604425,14.41
HK.00175,吉利汽车,2024-12-10,15.87,15.35,16.11,15.25,26.941,0.01301,131012823,2098415283.0,1.722995361166334,15.09
HK.00175,吉利汽车,2024-12-11,15.47,15.51,15.71,15.27,27.216,0.005,50352178,798470034.0,1.042345276872965,15.35
HK.00175,吉利汽车,2024-12-12,15.47,15.77,16.069999999,15.39,27.663,0.0065,65495196,1056024616.0,1.6763378465506111,15.51
HK.00175,吉利汽车,2024-12-13,15.69,14.95,15.69,14.85,26.299,0.00894,90090615,1389346011.0,-5.1997463538364,15.77
HK.00175,吉利汽车,2024-12-16,14.77,14.85,15.09,14.71,26.127,0.00635,63973219,971000222.0,-0.6688963210702318,14.95
HK.00175,吉利汽车,2024-12-17,14.67,14.73,14.99,14.49,25.92,0.0045,45351836,683763892.0,-0.8080808080808028,14.85
HK.00175,吉利汽车,2024-12-18,14.87,15.35,15.43,14.79,26.987,0.00557,56159804,874606667.0,4.209097080787503,14.73
HK.00175,吉利汽车,2024-12-19,15.07,15.15,15.21,14.73,26.643,0.00484,48763242,747452268.0,-1.302931596091201,15.35
HK.00175,吉利汽车,2024-12-20,15.07,14.99,15.33,14.97,26.368,0.00471,47443285,729896944.0,-1.056105610561057,15.15
HK.00175,吉利汽车,2024-12-23,14.99,14.77,15.13,14.59,25.989,0.00382,38464891,580214046.0,-1.4676450967311585,14.99
HK.00175,吉利汽车,2024-12-24,14.79,15.01,15.03,14.67,26.402,0.00206,20774194,316560618.0,1.6249153689911997,14.77
HK.00175,吉利汽车,2024-12-27,15.01,14.63,15.15,14.51,25.748,0.00616,62091330,930458013.0,-2.5316455696202467,15.01
HK.00175,吉利汽车,2024-12-30,14.67,14.31,14.67,14.03,25.197,0.00578,58249532,848579276.0,-2.1872863978127155,14.63
HK.00175,吉利汽车,2024-12-31,14.17,14.49,14.57,14.03,25.507,0.00393,39575286,581480648.0,1.2578616352201235,14.31
HK.00175,吉利汽车,2025-01-02,14.21,13.75,14.47,13.69,24.234,0.00706,71110563,1008040235.0,-5.1069703243616305,14.49
HK.00175,吉利汽车,2025-01-03,13.77,13.85,14.07,13.69,24.406,0.0039,39291348,557710008.0,0.7272727272727246,13.75
HK.00175,吉利汽车,2025-01-06,14.05,13.87,14.31,13.61,24.44,0.00461,46464234,661958856.0,0.1444043321299608,13.85
HK.00175,吉利汽车,2025-01-07,13.67,13.65,14.03,13.31,24.061,0.00665,66960538,931531576.0,-1.5861571737563005,13.87
HK.00175,吉利汽车,2025-01-08,13.63,13.65,13.65,13.35,24.061,0.00337,33974272,471130483.0,0.0,13.65
HK.00175,吉利汽车,2025-01-09,13.55,13.63,13.95,13.49,24.027,0.00345,34805769,489947816.0,-0.1465201465201434,13.65
HK.00175,吉利汽车,2025-01-10,13.63,13.43,13.85,13.33,23.683,0.00308,31053090,428832427.0,-1.4673514306676527,13.63
HK.00175,吉利汽车,2025-01-13,13.41,13.25,13.45,12.97,23.373,0.00591,59569267,803063328.0,-1.3402829486224848,13.43
HK.00175,吉利汽车,2025-01-14,13.29,13.63,13.81,13.17,24.027,0.00597,60189035,835233165.0,2.867924528301893,13.25
HK.00175,吉利汽车,2025-01-15,13.63,13.27,13.63,13.07,23.407,0.00458,46178749,627943377.0,-2.64123257520177,13.63
HK.00175,吉利汽车,2025-01-16,13.51,13.79,13.87,13.37,24.302,0.00537,54106386,760195819.0,3.918613413715144,13.27
HK.00175,吉利汽车,2025-01-17,13.71,13.95,14.05,13.65,24.578,0.00446,44915070,639663830.0,1.1602610587382172,13.79
HK.00175,吉利汽车,2025-01-20,14.17,13.97,14.31,13.89,24.612,0.00466,46978798,676765596.0,0.1433691756272498,13.95
HK.00175,吉利汽车,2025-01-21,14.23,14.41,14.45,13.95,25.37,0.00647,65213016,954158246.0,3.149606299212595,13.97
HK.00175,吉利汽车,2025-01-22,14.41,13.89,14.45,13.75,24.475,0.00473,47691249,681056409.0,-3.60860513532269,14.41
HK.00175,吉利汽车,2025-01-23,14.13,13.83,14.23,13.77,24.371,0.00334,33667896,481786097.0,-0.4319654427645824,13.89
HK.00175,吉利汽车,2025-01-24,13.97,14.13,14.23,13.85,24.888,0.00431,43475104,626845803.0,2.1691973969631286,13.83
HK.00175,吉利汽车,2025-01-27,14.01,14.13,14.27,13.99,24.888,0.00251,25311008,366291544.0,0.0,14.13
HK.00175,吉利汽车,2025-01-28,14.21,13.97,14.21,13.79,24.612,0.00113,11414629,163002835.0,-1.13234253361642,14.13
HK.00175,吉利汽车,2025-02-03,13.69,14.45,14.45,13.59,25.438,0.00338,34092774,491371434.0,3.4359341445955525,13.97
HK.00175,吉利汽车,2025-02-04,14.67,15.61,15.65,14.63,27.435,0.00771,77670552,1218300743.0,8.027681660899654,14.45
HK.00175,吉利汽车,2025-02-05,15.37,15.13,15.37,14.85,26.609,0.00585,58990348,910743031.0,-3.074951953875712,15.61
HK.00175,吉利汽车,2025-02-06,15.23,16.069999999,16.069999999,15.07,28.227,0.00827,83323882,1338655367.0,6.212822200925309,15.13
HK.00175,吉利汽车,2025-02-07,16.33,17.39,17.75,16.17,30.499,0.02295,231254536,4055950615.0,8.21406347904257,16.069999999
HK.00175,吉利汽车,2025-02-10,17.61,17.39,17.97,16.99,30.499,0.01587,159917090,2831570977.0,0.0,17.39
HK.00175,吉利汽车,2025-02-11,16.97,15.57,17.07,15.37,27.366,0.02406,242391396,3924217261.0,-10.465784933870042,17.39
HK.00175,吉利汽车,2025-02-12,15.69,16.65,16.95,15.41,29.225,0.01857,187140893,3101984799.0,6.936416184971088,15.57
HK.00175,吉利汽车,2025-02-13,16.87,16.13,17.03,16.09,28.33,0.01048,105551140,1781080648.0,-3.123123123123121,16.65
HK.00175,吉利汽车,2025-02-14,16.37,16.81,16.91,16.15,29.5,0.00867,87371099,1482379344.0,4.215747055176688,16.13
HK.00175,吉利汽车,2025-02-17,16.87,16.549999999,17.41,16.21,29.053,0.01025,103285892,1759039549.0,-1.5466983997620352,16.81
HK.00175,吉利汽车,2025-02-18,16.65,17.43,17.73,16.549999999,30.567,0.01263,127228286,2238688630.0,5.317220550170219,16.549999999
HK.00175,吉利汽车,2025-02-19,17.35,17.57,17.73,16.99,30.808,0.00829,83489550,1488403933.0,0.8032128514056257,17.43
HK.00175,吉利汽车,2025-02-20,17.37,17.03,17.85,16.89,29.879,0.00593,59748957,1047640105.0,-3.073420603301076,17.57
HK.00175,吉利汽车,2025-02-21,17.35,17.13,17.39,16.43,30.051,0.01303,131280788,2259863002.0,0.5871990604814907,17.03
HK.00175,吉利汽车,2025-02-24,17.25,17.13,17.61,16.87,30.051,0.00767,77245880,1353949830.0,0.0,17.13
HK.00175,吉利汽车,2025-02-25,16.67,17.67,18.05,16.59,30.981,0.01264,127347653,2286030978.0,3.1523642732049195,17.13
HK.00175,吉利汽车,2025-02-26,18.01,17.57,18.09,17.07,30.808,0.00952,95896378,1709669326.0,-0.5659309564233244,17.67
HK.00175,吉利汽车,2025-02-27,18.07,18.65,19.11,17.81,32.667,0.02129,214535085,4042982374.0,6.1468412066021525,17.57
HK.00175,吉利汽车,2025-02-28,18.67,17.21,18.75,17.01,30.189,0.01527,153858929,2744543132.0,-7.721179624664868,18.65
HK.00175,吉利汽车,2025-03-03,17.59,17.57,18.21,17.37,30.808,0.01081,108908860,1971050294.0,2.0918070889017977,17.21
HK.00175,吉利汽车,2025-03-04,16.67,16.549999999,16.729999999,15.77,29.053,0.01931,194576742,3229023024.0,-5.805350034149115,17.57
HK.00175,吉利汽车,2025-03-05,16.69,17.05,17.11,16.31,29.913,0.00917,92366599,1583024312.0,3.0211480424786195,16.549999999
HK.00175,吉利汽车,2025-03-06,17.47,17.61,17.85,17.29,30.877,0.00827,83322371,1491402314.0,3.2844574780058573,17.05
HK.00175,吉利汽车,2025-03-07,17.67,17.53,17.89,17.09,30.74,0.00737,74206451,1326149875.0,-0.4542873367404786,17.61
HK.00175,吉利汽车,2025-03-10,17.41,16.83,17.61,16.59,29.535,0.00878,88479636,1525090774.0,-3.993154592127797,17.53
HK.00175,吉利汽车,2025-03-11,16.31,16.91,16.99,16.17,29.672,0.00691,69652210,1182101097.0,0.4753416518122511,16.83
HK.00175,吉利汽车,2025-03-12,17.17,17.19,17.61,16.91,30.154,0.00925,93148079,1638665687.0,1.6558249556475526,16.91
HK.00175,吉利汽车,2025-03-13,17.29,16.81,17.47,16.549999999,29.5,0.00663,66760277,1148221188.0,-2.2105875509017014,17.19
HK.00175,吉利汽车,2025-03-14,17.05,17.35,17.47,16.63,30.43,0.00751,75649571,1325379103.0,3.2123735871505223,16.81
HK.00175,吉利汽车,2025-03-17,17.31,16.99,17.51,16.87,29.81,0.00531,53534663,936108902.0,-2.0749279538905068,17.35
HK.00175,吉利汽车,2025-03-18,17.37,17.65,17.83,17.27,30.946,0.00748,75386724,1346542846.0,3.884638022366099,16.99
HK.00175,吉利汽车,2025-03-19,17.67,17.65,18.01,17.23,30.946,0.00697,70214061,1257092365.0,0.0,17.65
HK.00175,吉利汽车,2025-03-20,17.85,17.91,18.51,17.23,10.229,0.01453,146346782,2676703158.0,1.4730878186968928,17.65
HK.00175,吉利汽车,2025-03-21,17.77,16.87,17.89,16.71,9.646,0.01559,157087408,2738630528.0,-5.806811836962586,17.91
HK.00175,吉利汽车,2025-03-24,17.11,17.33,17.47,16.85,9.904,0.00714,71894474,1257823448.0,2.726733847065781,16.87
HK.00175,吉利汽车,2025-03-25,17.01,16.35,17.05,16.249999999,9.355,0.01155,116339119,1959985506.0,-5.654933641084806,17.33
HK.00175,吉利汽车,2025-03-26,16.63,16.85,17.23,16.63,9.64,0.00905,91220584,1569462125.0,3.058103975535168,16.35
HK.00175,吉利汽车,2025-03-27,16.85,16.67,17.07,16.409999999,9.539,0.00613,61819211,1055883456.0,-1.0682492581602356,16.85
HK.00175,吉利汽车,2025-03-28,16.71,16.37,16.85,16.21,9.371,0.00615,62015943,1036949861.0,-1.799640071985607,16.67
HK.00175,吉利汽车,2025-03-31,16.31,16.31,16.45,16.01,9.337,0.0054,54379429,901155552.0,-0.3665241295052063,16.37
HK.00175,吉利汽车,2025-04-01,16.29,16.29,16.53,15.93,9.326,0.00521,52542776,872453221.0,-0.1226241569589183,16.31
HK.00175,吉利汽车,2025-04-02,16.549999999,17.07,17.25,16.45,9.764,0.01159,116797890,2016236741.0,4.788213627992641,16.29
HK.00175,吉利汽车,2025-04-03,16.47,16.65,16.97,16.43,9.528,0.00594,59829530,1015310058.0,-2.4604569420035247,17.07
HK.00175,吉利汽车,2025-04-07,14.25,13.09,15.11,12.93,7.53,0.02175,219238023,3108058445.0,-21.381381381381377,16.65
HK.00175,吉利汽车,2025-04-08,13.39,13.63,13.85,13.25,7.833,0.01306,131579782,1829166218.0,4.125286478227662,13.09
HK.00175,吉利汽车,2025-04-09,13.15,13.99,14.11,12.61,8.035,0.01257,126659177,1747712063.0,2.6412325752017565,13.63
HK.00175,吉利汽车,2025-04-10,14.71,14.59,15.19,14.41,8.372,0.01212,122146013,1851702357.0,4.288777698355966,13.99
HK.00175,吉利汽车,2025-04-11,15.19,15.55,15.729999999,14.83,8.911,0.01197,120667953,1890021247.0,6.579849211788902,14.59
HK.00175,吉利汽车,2025-04-14,16.29,16.21,16.43,16.01,9.281,0.00737,74238641,1226098166.0,4.244372990353699,15.55
HK.00175,吉利汽车,2025-04-15,16.21,16.03,16.43,15.909999999,9.18,0.00616,62107090,1020683528.0,-1.1104256631708802,16.21
HK.00175,吉利汽车,2025-04-16,15.729999999,15.13,15.79,15.07,8.675,0.00773,77885422,1216482187.0,-5.614472863381162,16.03
HK.00175,吉利汽车,2025-04-17,15.13,15.17,15.27,14.87,8.698,0.0045,45347254,699342640.0,0.2643754130865773,15.13
HK.00175,吉利汽车,2025-04-22,15.05,15.37,15.51,14.93,8.81,0.00451,45430071,708015748.0,1.3183915622939966,15.17
HK.00175,吉利汽车,2025-04-23,15.85,15.81,15.87,15.47,9.057,0.00659,66420564,1065500726.0,2.862719583604433,15.37
HK.00175,吉利汽车,2025-04-24,15.97,15.41,16.01,15.09,8.832,0.00688,69384773,1095347964.0,-2.5300442757748285,15.81
HK.00175,吉利汽车,2025-04-25,15.47,15.65,15.889999999,15.47,8.967,0.00432,43500504,698251496.0,1.55743024010383,15.41
HK.00175,吉利汽车,2025-04-28,15.83,15.47,15.83,15.27,8.866,0.00354,35685608,564705249.0,-1.1501597444089438,15.65
HK.00175,吉利汽车,2025-04-29,15.67,16.13,16.19,15.59,9.236,0.0076,76595032,1251386360.0,4.266321913380726,15.47
HK.00175,吉利汽车,2025-04-30,16.17,16.03,16.229999999,15.83,9.18,0.00441,44434371,725788741.0,-0.619962802231853,16.13
HK.00175,吉利汽车,2025-05-02,16.11,16.35,16.549999999,15.99,9.36,0.00311,31378992,523513959.0,1.996257018091081,16.03
HK.00175,吉利汽车,2025-05-06,16.389999999,16.409999999,16.45,16.15,9.393,0.00337,33988132,566898105.0,0.3669724709480038,16.35
HK.00175,吉利汽车,2025-05-07,16.81,16.45,16.97,16.33,9.416,0.00552,55660143,942296750.0,0.2437538147619547,16.409999999
HK.00175,吉利汽车,2025-05-08,16.45,17.19,17.57,16.01,9.831,0.01369,137972190,2404889515.0,4.498480243161106,16.45
HK.00175,吉利汽车,2025-05-09,17.27,18.03,18.07,17.25,10.303,0.01301,131131831,2363740037.0,4.886561954624781,17.19
HK.00175,吉利汽车,2025-05-12,18.57,18.65,18.97,18.09,10.65,0.01202,121089022,2286127949.0,3.4387132556849553,18.03
HK.00175,吉利汽车,2025-05-13,18.45,18.35,18.49,18.13,10.482,0.00636,64079523,1193531830.0,-1.6085790884718347,18.65
HK.00175,吉利汽车,2025-05-14,18.63,18.81,18.85,18.33,10.74,0.00598,60288438,1144989836.0,2.5068119891008025,18.35
HK.00175,吉利汽车,2025-05-15,18.83,19.25,19.33,18.53,10.987,0.01093,110181297,2135134920.0,2.3391812865497146,18.81
HK.00175,吉利汽车,2025-05-16,18.99,19.41,19.87,18.93,11.077,0.0099,99795195,1966918267.0,0.8311688311688319,19.25
HK.00175,吉利汽车,2025-05-19,19.41,18.91,19.41,18.57,10.796,0.00678,68326706,1313519256.0,-2.575991756826378,19.41
HK.00175,吉利汽车,2025-05-20,18.87,19.41,19.47,18.63,11.077,0.00662,66696221,1303384796.0,2.644103648863035,18.91
HK.00175,吉利汽车,2025-05-21,19.41,20.02,20.47,19.39,11.419,0.00891,89762275,1825611824.0,3.1427099433281787,19.41
HK.00175,吉利汽车,2025-05-22,20.12,19.77,20.52,19.63,11.279,0.00757,76309597,1542717007.0,-1.2487512487512489,20.02
HK.00175,吉利汽车,2025-05-23,19.97,19.97,20.57,19.59,11.398,0.00824,83055655,1697381784.0,1.0116337885685345,19.77
HK.00175,吉利汽车,2025-05-26,19.37,18.05,19.55,18.01,10.32,0.01998,201483660,3804468413.0,-9.614421632448664,19.97
HK.00175,吉利汽车,2025-05-27,17.93,17.73,18.17,17.37,10.14,0.0124,125016460,2251345717.0,-1.7728531855955694,18.05
HK.00175,吉利汽车,2025-05-28,17.87,17.31,18.15,17.25,9.904,0.00895,90204571,1608015934.0,-2.3688663282572007,17.73
HK.00175,吉利汽车,2025-05-29,17.31,17.37,17.75,17.15,9.938,0.00866,87333113,1556848571.0,0.3466204506065989,17.31
HK.00175,吉利汽车,2025-05-30,17.21,17.29,17.33,16.83,9.893,0.00857,86393363,1508005358.0,-0.4605641911341499,17.37
HK.00175,吉利汽车,2025-06-02,17.07,17.13,17.25,16.91,9.803,0.00291,29326868,510175080.0,-0.9253903990746104,17.29
HK.00175,吉利汽车,2025-06-03,17.25,17.41,17.65,17.17,9.96,0.00699,70487369,1250923706.0,1.6345592527729196,17.13
HK.00175,吉利汽车,2025-06-04,17.63,17.89,18.11,17.47,10.23,0.00964,97207501,1772820290.0,2.757036186099945,17.41
HK.00175,吉利汽车,2025-06-05,18.17,17.77,18.17,17.53,10.162,0.00608,61279027,1109392155.0,-0.6707657909446674,17.89
HK.00175,吉利汽车,2025-06-06,17.77,17.61,17.87,17.47,10.072,0.00461,46469420,835571943.0,-0.9003939223410249,17.77
HK.00175,吉利汽车,2025-06-09,17.13,17.23,17.51,16.89,9.859,0.0087,87750469,1542964203.0,-2.1578648495173143,17.61
HK.00175,吉利汽车,2025-06-10,17.21,17.19,17.35,16.93,9.837,0.00701,70654236,1232571887.0,-0.2321532211259381,17.23
HK.00175,吉利汽车,2025-06-11,17.56,17.24,17.7,17.22,9.679,0.00716,72240189,1257216256.0,0.2908667830133633,17.19
HK.00175,吉利汽车,2025-06-12,17.24,16.74,17.42,16.72,9.399,0.0076,76679788,1303506270.0,-2.900232018561485,17.24
HK.00175,吉利汽车,2025-06-13,16.52,16.34,16.6,16.14,9.174,0.00961,96893897,1578468364.0,-2.389486260453994,16.74
HK.00175,吉利汽车,2025-06-16,16.18,16.42,16.52,16.12,9.219,0.00495,49965291,816996626.0,0.4895960832313454,16.34
HK.00175,吉利汽车,2025-06-17,16.42,16.36,16.5,16.2,9.185,0.00375,37771675,616900068.0,-0.3654080389768713,16.42
HK.00175,吉利汽车,2025-06-18,16.36,16.18,16.42,16.06,9.084,0.00477,48056119,778785141.0,-1.1002444987775044,16.36
HK.00175,吉利汽车,2025-06-19,16.1,15.84,16.28,15.78,8.893,0.00453,45636179,728568748.0,-2.1013597033374527,16.18
HK.00175,吉利汽车,2025-06-20,16.0,16.18,16.18,15.9,9.084,0.00658,66374693,1067986863.0,2.1464646464646457,15.84
HK.00175,吉利汽车,2025-06-23,16.18,16.48,16.5,15.76,9.253,0.00761,76741494,1245790080.0,1.8541409147095225,16.18
HK.00175,吉利汽车,2025-06-24,16.74,17.0,17.12,16.74,9.545,0.00931,93908721,1592350095.0,3.15533980582524,16.48
HK.00175,吉利汽车,2025-06-25,17.12,16.8,17.22,16.68,9.432,0.00747,75279572,1271817391.0,-1.17647058823529,17.0
HK.00175,吉利汽车,2025-06-26,16.8,15.98,16.82,15.88,8.972,0.01085,109367819,1774955786.0,-4.880952380952382,16.8
HK.00175,吉利汽车,2025-06-27,15.88,15.98,16.08,15.5,8.972,0.00793,79941943,1267602206.0,0.0,15.98
HK.00175,吉利汽车,2025-06-30,16.12,15.96,16.36,15.84,8.961,0.0055,55486140,887320365.0,-0.1251564455569435,15.98
HK.00175,吉利汽车,2025-07-02,16.72,16.32,16.72,16.06,9.163,0.00913,92097089,1505499262.0,2.2556390977443574,15.96
HK.00175,吉利汽车,2025-07-03,16.52,16.46,16.52,16.16,9.241,0.00532,53632040,877118416.0,0.8578431372549055,16.32
HK.00175,吉利汽车,2025-07-04,16.46,16.26,16.46,16.18,9.129,0.0042,42314064,688665519.0,-1.2150668286755728,16.46
HK.00175,吉利汽车,2025-07-07,16.26,16.34,16.52,16.12,9.174,0.00322,32424632,527585838.0,0.4920049200491899,16.26
HK.00175,吉利汽车,2025-07-08,16.32,16.54,16.68,16.28,9.286,0.00631,63680540,1051179274.0,1.2239902080783311,16.34
HK.00175,吉利汽车,2025-07-09,16.54,17.0,17.14,16.42,9.545,0.0093,93745936,1586867801.0,2.7811366384522422,16.54
HK.00175,吉利汽车,2025-07-10,17.0,17.6,17.7,16.8,9.882,0.01157,116686529,2025662844.0,3.5294117647058907,17.0
HK.00175,吉利汽车,2025-07-11,17.7,17.58,17.88,17.38,9.87,0.00845,85224766,1502304024.0,-0.1136363636363814,17.6
HK.00175,吉利汽车,2025-07-14,17.44,17.98,18.08,17.4,10.095,0.00797,80334883,1431990863.0,2.275312855517646,17.58
HK.00175,吉利汽车,2025-07-15,18.12,18.24,18.5,17.96,10.241,0.00803,80933128,1478290688.0,1.4460511679643937,17.98
HK.00175,吉利汽车,2025-07-16,18.5,18.26,18.76,18.24,10.252,0.00863,87042911,1607983160.0,0.1096491228070346,18.24
HK.00175,吉利汽车,2025-07-17,18.44,19.02,19.18,18.24,10.679,0.01266,127668323,2410440318.0,4.162102957283669,18.26
HK.00175,吉利汽车,2025-07-18,19.3,18.92,19.38,18.64,10.623,0.00592,59653620,1127898155.0,-0.5257623554153411,19.02
HK.00175,吉利汽车,2025-07-21,18.56,18.44,18.82,18.14,10.353,0.00951,95951443,1762869727.0,-2.536997885835097,18.92
HK.00175,吉利汽车,2025-07-22,18.44,18.8,18.8,18.28,10.555,0.00528,53275966,990104461.0,1.952277657266808,18.44
HK.00175,吉利汽车,2025-07-23,18.98,18.9,19.06,18.72,10.612,0.00554,55913626,1056067686.0,0.5319148936170099,18.8
HK.00175,吉利汽车,2025-07-24,18.9,19.14,19.24,18.86,10.746,0.00552,55652142,1065245501.0,1.2698412698412804,18.9
HK.00175,吉利汽车,2025-07-25,19.06,19.46,19.72,18.9,10.926,0.0078,78616576,1526335443.0,1.6718913270637423,19.14
HK.00175,吉利汽车,2025-07-28,19.2,19.08,19.48,18.92,10.713,0.00545,54958944,1052073003.0,-1.952723535457361,19.46
HK.00175,吉利汽车,2025-07-29,18.94,19.14,19.14,18.76,10.746,0.00471,47502919,899662895.0,0.3144654088050433,19.08
HK.00175,吉利汽车,2025-07-30,19.0,18.34,19.0,18.28,10.297,0.00913,92077883,1708207662.0,-4.179728317659356,19.14
HK.00175,吉利汽车,2025-07-31,18.18,17.68,18.24,17.52,9.927,0.00801,80812259,1438489682.0,-3.5986913849509277,18.34
HK.00175,吉利汽车,2025-08-01,17.62,17.66,17.84,17.54,9.915,0.00481,48514712,858600883.0,-0.1131221719456989,17.68
HK.00175,吉利汽车,2025-08-04,17.61,18.1,18.1,17.41,10.162,0.00651,65663339,1172143669.0,2.491506228765579,17.66
HK.00175,吉利汽车,2025-08-05,18.04,18.18,18.3,18.0,10.207,0.00446,44977551,816866546.0,0.4419889502762337,18.1
HK.00175,吉利汽车,2025-08-06,18.16,18.38,18.5,18.03,10.32,0.00427,43012533,787973722.0,1.1001100110010962,18.18
HK.00175,吉利汽车,2025-08-07,18.54,18.41,18.59,18.29,10.336,0.00362,36485643,672140351.0,0.1632208922742173,18.38
HK.00175,吉利汽车,2025-08-08,18.22,18.41,18.49,18.2,10.336,0.0029,29242016,537020918.0,0.0,18.41
HK.00175,吉利汽车,2025-08-11,18.5,18.87,19.11,18.5,10.595,0.00674,67940325,1279601309.0,2.498642042368283,18.41
HK.00175,吉利汽车,2025-08-12,19.01,19.28,19.51,18.86,10.825,0.00795,80162963,1538377200.0,2.1727609962904086,18.87
HK.00175,吉利汽车,2025-08-13,19.32,19.3,19.44,18.91,10.836,0.00641,64632641,1238769652.0,0.1037344398340226,19.28
HK.00175,吉利汽车,2025-08-14,19.5,18.95,19.7,18.61,10.64,0.01013,102157985,1932700073.0,-1.813471502590681,19.3
HK.00175,吉利汽车,2025-08-15,18.79,19.24,19.24,17.83,10.802,0.01326,133695728,2487392088.0,1.5303430079155629,18.95
HK.00175,吉利汽车,2025-08-18,19.2,19.81,20.18,18.85,11.122,0.01292,130312934,2566723628.0,2.962577962577964,19.24
HK.00175,吉利汽车,2025-08-19,19.99,20.44,20.58,19.59,11.476,0.01151,116054833,2344313074.0,3.1802120141342884,19.81
HK.00175,吉利汽车,2025-08-20,20.1,20.06,20.3,19.84,11.263,0.00669,67433781,1354073055.0,-1.859099804305296,20.44
HK.00175,吉利汽车,2025-08-21,20.12,19.83,20.28,19.68,11.134,0.00529,53328521,1059733787.0,-1.1465603190428737,20.06
HK.00175,吉利汽车,2025-08-22,20.08,19.98,20.18,19.7,11.218,0.00581,58605143,1164973556.0,0.7564296520423708,19.83
HK.00175,吉利汽车,2025-08-25,20.46,19.71,20.78,19.53,11.066,0.01084,109330004,2177299535.0,-1.351351351351349,19.98
HK.00175,吉利汽车,2025-08-26,19.66,19.39,19.68,19.29,10.887,0.0065,65575050,1276717611.0,-1.623541349568748,19.71
HK.00175,吉利汽车,2025-08-27,19.56,19.21,19.75,19.12,10.786,0.00565,56944384,1105510146.0,-0.9283135636926236,19.39
HK.00175,吉利汽车,2025-08-28,19.25,19.22,19.34,18.84,10.791,0.00536,54073518,1032316749.0,0.0520562207183654,19.21
HK.00175,吉利汽车,2025-08-29,19.24,19.56,19.87,19.04,10.982,0.0075,75666127,1476558002.0,1.7689906347554625,19.22
HK.00175,吉利汽车,2025-09-01,19.85,19.12,20.12,19.0,10.735,0.01019,102737694,1986956984.0,-2.2494887525562257,19.56
HK.00175,吉利汽车,2025-09-02,19.22,18.87,19.4,18.75,10.595,0.00533,53789125,1021385477.0,-1.307531380753138,19.12
HK.00175,吉利汽车,2025-09-03,18.8,18.73,19.25,18.68,10.552,0.00555,56114426,1057823996.0,-0.7419183889772154,18.87
HK.00175,吉利汽车,2025-09-04,18.83,18.31,18.85,18.2,10.315,0.00866,87589890,1608900822.0,-2.242391884676998,18.73
HK.00175,吉利汽车,2025-09-05,18.24,18.68,18.95,18.24,10.523,0.00754,76264370,1421117647.0,2.0207536865101092,18.31
HK.00175,吉利汽车,2025-09-08,18.89,18.31,18.9,18.26,10.315,0.00733,74133034,1364569897.0,-1.980728051391868,18.68
HK.00175,吉利汽车,2025-09-09,18.38,18.92,19.25,18.38,10.659,0.00878,88868287,1683203865.0,3.331512834516674,18.31
HK.00175,吉利汽车,2025-09-10,18.99,18.89,19.2,18.82,10.642,0.00535,54122503,1026090622.0,-0.1585623678646994,18.92
HK.00175,吉利汽车,2025-09-11,18.8,18.65,18.8,18.56,10.507,0.00501,50711327,945927046.0,-1.2705134992059397,18.89
HK.00175,吉利汽车,2025-09-12,18.8,18.44,18.82,18.4,10.388,0.0061,61770479,1144702381.0,-1.1260053619302806,18.65
HK.00175,吉利汽车,2025-09-15,18.41,18.46,18.64,18.21,10.4,0.00528,53439993,986953280.0,0.1084598698481538,18.44
HK.00175,吉利汽车,2025-09-16,18.6,19.05,19.23,18.51,10.732,0.00827,83632509,1589701031.0,3.196099674972914,18.46
HK.00175,吉利汽车,2025-09-17,19.2,19.75,19.84,19.13,11.126,0.0102,103241409,2027338679.0,3.6745406824146944,19.05
HK.00175,吉利汽车,2025-09-18,19.8,18.81,19.83,18.5,10.597,0.01489,150635091,2858826411.0,-4.759493670886082,19.75
HK.00175,吉利汽车,2025-09-19,18.81,19.0,19.03,18.64,10.704,0.0056,56614235,1069955275.0,1.010101010101017,18.81
HK.00175,吉利汽车,2025-09-22,18.96,18.69,18.96,18.56,10.529,0.00384,38892460,725648823.0,-1.6315789473684146,19.0
HK.00175,吉利汽车,2025-09-23,18.68,18.24,18.94,18.11,10.276,0.00648,65603995,1204250059.0,-2.407704654895681,18.69
HK.00175,吉利汽车,2025-09-24,18.13,18.2,18.32,17.98,10.253,0.00584,59114740,1073395483.0,-0.2192982456140304,18.24
HK.00175,吉利汽车,2025-09-25,18.34,18.45,18.65,18.25,10.394,0.00478,48323735,892956286.0,1.3736263736263736,18.2
HK.00175,吉利汽车,2025-09-26,18.4,18.23,18.74,18.14,10.27,0.00508,51359309,947314073.0,-1.192411924119235,18.45
HK.00175,吉利汽车,2025-09-29,18.27,18.63,18.68,18.08,10.495,0.00548,55469354,1024313784.0,2.1941854086670243,18.23
HK.00175,吉利汽车,2025-09-30,18.71,19.55,19.55,18.71,11.014,0.01368,138423793,2671402159.0,4.938271604938281,18.63
HK.00175,吉利汽车,2025-10-02,19.6,19.74,19.87,19.55,11.121,0.00511,51712231,1019303554.0,0.9718670076726228,19.55
HK.00175,吉利汽车,2025-10-03,19.74,19.37,19.74,19.04,10.912,0.00318,32201047,621811853.0,-1.8743667679837763,19.74
HK.00175,吉利汽车,2025-10-06,19.11,19.03,19.25,18.88,10.721,0.0019,19272216,366196710.0,-1.7552916881775935,19.37
HK.00175,吉利汽车,2025-10-08,19.01,19.67,19.74,19.01,11.081,0.00486,49197481,961752980.0,3.363110877561747,19.03
HK.00175,吉利汽车,2025-10-09,19.71,19.75,19.98,19.22,11.126,0.00748,75717256,1484245914.0,0.4067107269954158,19.67
HK.00175,吉利汽车,2025-10-10,19.5,19.05,19.5,18.93,10.732,0.00676,68436585,1311337564.0,-3.544303797468351,19.75
HK.00175,吉利汽车,2025-10-13,18.3,18.91,18.93,18.3,10.653,0.00921,93225639,1735891687.0,-0.7349081364829426,19.05
HK.00175,吉利汽车,2025-10-14,18.93,18.41,19.5,18.32,10.371,0.00945,95574974,1795635109.0,-2.644103648863035,18.91
HK.00175,吉利汽车,2025-10-15,18.46,19.17,19.33,18.46,10.8,0.00736,74462242,1421895129.0,4.1281912004345545,18.41
HK.00175,吉利汽车,2025-10-16,19.01,19.25,19.59,19.01,10.845,0.00574,58057327,1120677794.0,0.4173187271778731,19.17
HK.00175,吉利汽车,2025-10-17,19.2,18.38,19.2,18.28,10.354,0.00779,78848933,1465596208.0,-4.519480519480525,19.25
HK.00175,吉利汽车,2025-10-20,18.93,19.18,19.41,18.69,10.805,0.00658,66548849,1269008103.0,4.3525571273123,18.38
HK.00175,吉利汽车,2025-10-21,19.33,19.8,20.0,19.25,11.154,0.01301,131602308,2613105120.0,3.232533889468201,19.18
HK.00175,吉利汽车,2025-10-22,19.61,19.52,19.73,19.32,10.997,0.00489,49509720,967014510.0,-1.4141414141414197,19.8
HK.00175,吉利汽车,2025-10-23,19.38,19.43,19.5,18.92,10.946,0.00439,44462697,855841360.0,-0.4610655737704911,19.52
HK.00175,吉利汽车,2025-10-24,19.6,19.52,19.76,19.4,10.997,0.00319,32237129,630678958.0,0.4632012352032932,19.43
HK.00175,吉利汽车,2025-10-27,19.68,19.13,19.85,19.11,10.777,0.00478,48317286,931196544.0,-1.997950819672134,19.52
HK.00175,吉利汽车,2025-10-28,19.3,18.92,19.3,18.84,10.659,0.00442,44698195,849825039.0,-1.0977522216413869,19.13
HK.00175,吉利汽车,2025-10-30,19.1,18.77,19.27,18.65,10.574,0.00491,49685274,940861258.0,-0.7928118393234784,18.92
HK.00175,吉利汽车,2025-10-31,18.77,18.4,18.77,18.4,10.366,0.00588,59459369,1099805668.0,-1.9712306872669207,18.77
HK.00175,吉利汽车,2025-11-03,18.5,17.77,18.62,17.6,10.011,0.01404,142029248,2535869263.0,-3.423913043478256,18.4
HK.00175,吉利汽车,2025-11-04,17.71,17.56,17.83,17.32,9.892,0.0086,86988212,1523579396.0,-1.1817670230725992,17.77
HK.00175,吉利汽车,2025-11-05,17.25,17.51,17.51,17.09,9.864,0.00487,49312941,857638788.0,-0.2847380410022617,17.56
HK.00175,吉利汽车,2025-11-06,17.6,17.88,18.09,17.48,10.073,0.00497,50241611,896901462.0,2.113078241005125,17.51
HK.00175,吉利汽车,2025-11-07,17.83,17.69,18.03,17.63,9.966,0.00304,30713634,546011602.0,-1.0626398210290702,17.88
HK.00175,吉利汽车,2025-11-10,17.73,17.88,17.96,17.29,10.073,0.00461,46688096,827950396.0,1.0740531373657305,17.69
HK.00175,吉利汽车,2025-11-11,17.98,18.12,18.4,17.88,10.208,0.00483,48904981,885502211.0,1.342281879194642,17.88
HK.00175,吉利汽车,2025-11-12,18.28,17.67,18.29,17.65,9.954,0.00443,44801563,800645137.0,-2.4834437086092676,18.12
HK.00175,吉利汽车,2025-11-13,17.39,17.75,17.79,17.31,10.0,0.00542,54798423,962031544.0,0.4527447651386433,17.67
HK.00175,吉利汽车,2025-11-14,17.53,17.53,17.81,17.47,9.876,0.00379,38366932,676576949.0,-1.239436619718303,17.75
HK.00175,吉利汽车,2025-11-17,17.48,17.2,17.58,17.11,9.69,0.00608,61553388,1063746678.0,-1.88248716486025,17.53
HK.00175,吉利汽车,2025-11-18,17.06,17.0,17.44,16.83,9.577,0.00868,87864050,1498875092.0,-1.162790697674415,17.2
HK.00175,吉利汽车,2025-11-19,17.21,17.04,17.39,17.03,9.6,0.00458,46308210,795838716.0,0.2352941176470538,17.0
HK.00175,吉利汽车,2025-11-20,17.16,17.01,17.19,16.84,9.583,0.00427,43175507,734648136.0,-0.1760563380281548,17.04
HK.00175,吉利汽车,2025-11-21,16.8,16.71,16.9,16.51,9.414,0.00727,73586447,1231250487.0,-1.7636684303351011,17.01
HK.00175,吉利汽车,2025-11-24,16.75,16.75,16.9,16.47,9.436,0.007,70844325,1181361191.0,0.2393776181926938,16.71
HK.00175,吉利汽车,2025-11-25,16.81,16.72,17.02,16.62,9.419,0.00351,35513692,596585989.0,-0.1791044776119471,16.75
HK.00175,吉利汽车,2025-11-26,16.88,16.82,16.99,16.78,9.476,0.00361,36497472,616408117.0,0.5980861244019223,16.72
HK.00175,吉利汽车,2025-11-27,16.9,17.0,17.12,16.8,9.577,0.00451,45623518,775671545.0,1.0701545778834702,16.82
HK.00175,吉利汽车,2025-11-28,16.98,16.94,17.08,16.88,9.543,0.0032,32415620,549949995.0,-0.3529411764705807,17.0
HK.00175,吉利汽车,2025-12-01,17.0,17.06,17.3,16.91,9.611,0.00509,51467024,880773493.0,0.7083825265643295,16.94
HK.00175,吉利汽车,2025-12-02,17.11,17.16,17.26,16.96,9.667,0.006,60700345,1037477797.0,0.5861664712778514,17.06
HK.00175,吉利汽车,2025-12-03,17.05,16.9,17.14,16.81,9.521,0.00631,63836239,1080913668.0,-1.5151515151515242,17.16
HK.00175,吉利汽车,2025-12-04,17.0,17.43,17.46,16.71,9.819,0.00619,62670159,1075242991.0,3.13609467455622,16.9
HK.00175,吉利汽车,2025-12-05,17.34,17.37,17.44,17.24,9.785,0.00413,41824820,725209343.0,-0.3442340791738308,17.43
HK.00175,吉利汽车,2025-12-08,17.4,17.68,17.93,17.38,9.96,0.00391,39585032,700312450.0,1.7846862406447823,17.37
HK.00175,吉利汽车,2025-12-09,17.68,17.51,17.92,17.4,9.864,0.00282,28503989,500812584.0,-0.9615384615384512,17.68
HK.00175,吉利汽车,2025-12-10,17.5,17.68,17.83,17.44,9.96,0.00295,29865114,527784394.0,0.9708737864077563,17.51
HK.00175,吉利汽车,2025-12-11,17.65,17.33,17.75,17.29,9.763,0.00257,25970015,452428731.0,-1.979638009049782,17.68
HK.00175,吉利汽车,2025-12-12,17.48,17.77,17.83,17.27,10.011,0.00356,36054840,636056023.0,2.5389497980380917,17.33
HK.00175,吉利汽车,2025-12-15,17.61,17.21,17.76,17.16,9.695,0.00297,30015913,521966397.0,-3.1513787281935777,17.77
HK.00175,吉利汽车,2025-12-16,17.15,16.81,17.2,16.71,9.47,0.00392,39686500,669089124.0,-2.3242300987797915,17.21
HK.00175,吉利汽车,2025-12-17,17.0,16.56,17.07,16.55,9.329,0.00559,56562017,942678523.0,-1.48720999405116,16.81
HK.00175,吉利汽车,2025-12-18,16.56,16.79,16.81,16.26,9.459,0.00469,47412409,789036703.0,1.3888888888888915,16.56
HK.00175,吉利汽车,2025-12-19,16.83,16.96,17.05,16.57,9.554,0.00453,45832473,774494406.0,1.0125074449076934,16.79
HK.00175,吉利汽车,2025-12-22,16.96,16.93,17.18,16.82,10.119,0.00288,30927993,525492212.0,-0.1768867924528369,16.96
HK.00175,吉利汽车,2025-12-23,17.16,16.96,17.26,16.88,10.143,0.00187,20073508,341010212.0,0.1772002362669884,16.93
HK.00175,吉利汽车,2025-12-24,16.95,16.92,17.05,16.87,10.119,0.00114,12211639,206942966.0,-0.2358490566037685,16.96
HK.00175,吉利汽车,2025-12-29,17.48,17.5,17.94,17.36,10.466,0.00746,80161761,1417972586.0,3.42789598108746,16.92
HK.00175,吉利汽车,2025-12-30,17.55,18.02,18.06,17.44,10.777,0.00638,68502362,1228417114.0,2.971428571428569,17.5
HK.00175,吉利汽车,2025-12-31,17.97,17.9,18.57,17.85,10.861,0.00352,38392753,698590061.0,-0.6659267480577191,18.02
HK.00175,吉利汽车,2026-01-02,17.9,18.2,18.35,17.7,11.043,0.00242,26322533,479250395.0,1.6759776536312891,17.9
HK.00175,吉利汽车,2026-01-05,17.98,17.6,18.06,17.51,10.679,0.00546,59457614,1049460714.0,-3.296703296703285,18.2
HK.00175,吉利汽车,2026-01-06,17.71,17.83,17.85,17.57,10.819,0.00358,38998520,691614378.0,1.306818181818164,17.6
HK.00175,吉利汽车,2026-01-07,17.83,17.51,17.83,17.37,10.625,0.00359,39092969,683424093.0,-1.794727986539522,17.83
HK.00175,吉利汽车,2026-01-08,17.31,17.39,17.39,17.16,10.552,0.00321,34943517,603047736.0,-0.6853226727584294,17.51
HK.00175,吉利汽车,2026-01-09,17.39,17.19,17.49,17.17,10.43,0.00266,28993611,500298388.0,-1.1500862564692311,17.39
HK.00175,吉利汽车,2026-01-12,17.16,16.92,17.24,16.62,10.266,0.00971,105770471,1773534193.0,-1.5706806282722487,17.19
HK.00175,吉利汽车,2026-01-13,17.22,17.17,17.34,16.98,10.418,0.00515,56114965,963144259.0,1.4775413711583922,16.92
HK.00175,吉利汽车,2026-01-14,17.17,17.0,17.41,16.97,10.315,0.00628,68477269,1173513858.0,-0.990099009901,17.17
HK.00175,吉利汽车,2026-01-15,17.0,17.26,17.52,16.96,10.473,0.00645,70282425,1214831073.0,1.5294117647058916,17.0
HK.00175,吉利汽车,2026-01-16,17.38,17.13,17.53,17.12,10.394,0.00383,41789867,722926638.0,-0.7531865585168166,17.26
HK.00175,吉利汽车,2026-01-19,17.13,17.03,17.26,16.92,10.333,0.00316,34408322,586506273.0,-0.5837711617045994,17.13
HK.00175,吉利汽车,2026-01-20,16.98,16.77,16.99,16.68,10.175,0.00411,44830150,753178159.0,-1.5267175572519176,17.03
HK.00175,吉利汽车,2026-01-21,16.62,16.75,16.85,16.6,10.163,0.00352,38355724,640682354.0,-0.1192605843768609,16.77
HK.00175,吉利汽车,2026-01-22,16.83,16.71,17.12,16.56,10.139,0.00411,44745820,748895810.0,-0.2388059701492486,16.75
HK.00175,吉利汽车,2026-01-23,16.85,16.89,17.04,16.81,10.248,0.00478,52064388,880035787.0,1.0771992818671436,16.71
HK.00175,吉利汽车,2026-01-26,16.89,16.62,16.93,16.42,10.084,0.00474,51710340,857521569.0,-1.598579040852573,16.89
HK.00175,吉利汽车,2026-01-27,16.66,16.53,16.71,16.49,10.03,0.00335,36529307,604470792.0,-0.5415162454873638,16.62
HK.00175,吉利汽车,2026-01-28,16.6,16.74,16.74,16.29,10.157,0.00508,55408967,917607711.0,1.2704174228674971,16.53
HK.00175,吉利汽车,2026-01-29,16.74,16.8,16.8,16.53,10.194,0.00333,36271114,606390726.0,0.3584229390681139,16.74
HK.00175,吉利汽车,2026-01-30,16.79,16.09,16.8,16.07,9.763,0.00643,70041627,1137861393.0,-4.226190476190482,16.8
HK.00175,吉利汽车,2026-02-02,16.27,15.85,16.27,15.59,9.617,0.0059,64329083,1015334536.0,-1.4916096954630218,16.09
HK.00175,吉利汽车,2026-02-03,16.01,15.83,16.1,15.53,9.605,0.00426,46381183,730845433.0,-0.1261829652996818,15.85
HK.00175,吉利汽车,2026-02-04,15.73,15.92,16.14,15.71,9.66,0.00283,30801997,491092742.0,0.5685407454200876,15.83
HK.00175,吉利汽车,2026-02-05,15.8,16.15,16.3,15.78,9.799,0.0034,37043274,596570756.0,1.4447236180904437,15.92
HK.00175,吉利汽车,2026-02-06,15.93,16.31,16.45,15.86,9.831,0.00366,39619806,644868011.0,0.9907120743034064,16.15
HK.00175,吉利汽车,2026-02-09,16.45,16.59,16.91,16.45,10.0,0.00357,38701251,645613433.0,1.7167381974248996,16.31
HK.00175,吉利汽车,2026-02-10,16.59,16.5,16.8,16.45,9.945,0.00279,30197087,500377963.0,-0.542495479204339,16.59
HK.00175,吉利汽车,2026-02-11,16.65,16.94,17.09,16.65,10.21,0.00489,52945181,895096855.0,2.6666666666666745,16.5
HK.00175,吉利汽车,2026-02-12,16.99,16.91,17.06,16.76,10.186,0.00246,26580849,448702767.0,-0.1770956316410928,16.94
HK.00175,吉利汽车,2026-02-13,16.77,16.97,16.98,16.7,10.222,0.0025,27056436,456933142.0,0.3548196333530379,16.91
HK.00175,吉利汽车,2026-02-16,16.74,17.05,17.05,16.66,10.271,0.00101,10937447,184498964.0,0.4714201532115607,16.97
HK.00175,吉利汽车,2026-02-20,17.01,16.8,17.1,16.67,10.12,0.00202,21897413,369252770.0,-1.4662756598240467,17.05
HK.00175,吉利汽车,2026-02-23,17.0,17.19,17.19,16.99,10.349,0.00301,32530398,556319520.0,2.3214285714285747,16.8
HK.00175,吉利汽车,2026-02-24,17.05,16.8,17.1,16.67,10.114,0.00378,40908845,686200808.0,-2.2687609075043658,17.19
HK.00175,吉利汽车,2026-02-25,16.8,16.65,17.02,16.61,10.024,0.00284,30673297,514058872.0,-0.8928571428571555,16.8
HK.00175,吉利汽车,2026-02-26,16.7,16.31,16.73,16.3,9.813,0.00397,42892033,704135818.0,-2.0420420420420413,16.65
HK.00175,吉利汽车,2026-02-27,16.23,16.15,16.33,16.1,9.717,0.00632,68248181,1103163278.0,-0.9809932556713684,16.31
HK.00175,吉利汽车,2026-03-02,15.95,15.77,16.0,15.6,9.482,0.00541,58474824,923866194.0,-2.352941176470582,16.15
HK.00175,吉利汽车,2026-03-03,15.86,15.41,16.13,15.34,9.26,0.00599,64661805,1004089891.0,-2.2828154724159764,15.77
HK.00175,吉利汽车,2026-03-04,15.32,15.13,15.49,14.96,9.087,0.00679,73246000,1108552340.0,-1.817001946787796,15.41
HK.00175,吉利汽车,2026-03-05,15.74,15.16,15.74,15.11,9.105,0.00324,34990173,537906865.0,0.1982815598149329,15.13
HK.00175,吉利汽车,2026-03-06,15.19,16.36,16.38,15.16,9.825,0.00701,75575862,1209248619.0,7.915567282321895,15.16
HK.00175,吉利汽车,2026-03-09,16.0,15.81,16.0,15.25,9.495,0.00711,76726990,1198851121.0,-3.36185819070904,16.36
HK.00175,吉利汽车,2026-03-10,16.05,16.07,16.44,16.02,9.651,0.00581,62689345,1014433114.0,1.6445287792536356,15.81
HK.00175,吉利汽车,2026-03-11,16.15,17.39,17.69,16.15,10.444,0.01608,173424483,2993349257.0,8.21406347230865,16.07
HK.00175,吉利汽车,2026-03-12,17.29,17.56,17.91,17.26,10.546,0.00751,81033591,1427600985.0,0.9775733179988392,17.39
HK.00175,吉利汽车,2026-03-13,17.39,17.4,17.61,17.31,10.45,0.00471,50767039,885286335.0,-0.9111617312072902,17.56
HK.00175,吉利汽车,2026-03-16,17.48,18.02,18.3,17.03,10.822,0.01075,115897572,2067126319.0,3.563218390804604,17.4
HK.00175,吉利汽车,2026-03-17,18.08,18.84,19.14,18.08,11.315,0.0135,145563087,2737885871.0,4.550499445061045,18.02
HK.00175,吉利汽车,2026-03-18,18.83,18.15,18.83,17.7,10.491,0.00978,105448519,1919651766.0,-3.662420382165612,18.84
HK.00175,吉利汽车,2026-03-19,17.79,18.34,18.74,17.54,10.601,0.00755,81472657,1494472457.0,1.046831955922872,18.15
HK.00175,吉利汽车,2026-03-20,18.71,19.52,19.88,18.68,11.283,0.01967,212126542,4123883353.0,6.4340239912758985,18.34
HK.00175,吉利汽车,2026-03-23,19.52,20.0,20.7,19.26,11.56,0.02142,231062885,4652608246.0,2.4590163934426252,19.52
HK.00175,吉利汽车,2026-03-24,20.3,20.9,21.06,19.82,12.087,0.01671,180312783,3704701756.0,4.499999999999993,20.0
HK.00175,吉利汽车,2026-03-25,20.8,21.24,21.58,20.62,12.284,0.0122,131617228,2782563340.0,1.6267942583732051,20.9
HK.00175,吉利汽车,2026-03-26,21.14,20.62,21.44,20.42,11.925,0.00905,97716736,2016910977.0,-2.9190207156308734,21.24
HK.00175,吉利汽车,2026-03-27,20.62,20.9,21.16,20.52,12.094,0.00776,83755134,1752540207.0,1.3579049466537223,20.62
HK.00175,吉利汽车,2026-03-30,20.6,21.06,21.48,20.5,12.187,0.00779,84133591,1770157031.0,0.7655502392344504,20.9
HK.00175,吉利汽车,2026-03-31,21.02,20.92,21.6,20.84,12.106,0.00674,72762887,1535853666.0,-0.6647673314339839,21.06
HK.00175,吉利汽车,2026-04-01,21.38,21.98,22.08,21.18,12.719,0.00832,89892436,1956756028.0,5.06692160611854,20.92
HK.00175,吉利汽车,2026-04-02,22.2,23.82,24.06,22.12,13.784,0.01739,187844078,4370215165.0,8.371246587807097,21.98
