code,name,time_key,open,close,high,low,pe_ratio,turnover_rate,volume,turnover,change_rate,last_close
HK.01038,长江基建集团,2019-06-03 00:00:00,44.22,45.22,45.22,44.17,14.746,0.00059,1554164,94530149.0,1.118067978533095,44.72
HK.01038,长江基建集团,2019-06-04 00:00:00,44.92,46.02,46.02,44.67,14.939,0.00061,1608652,98966149.0,1.7691287041132338,45.22
HK.01038,长江基建集团,2019-06-05 00:00:00,45.97,46.17,46.17,45.27,14.975,0.00095,2521680,155497324.0,0.3259452411994754,46.02
HK.01038,长江基建集团,2019-06-06 00:00:00,46.77,46.67,46.82,45.77,15.096,0.00065,1735413,108153001.0,1.0829542993285681,46.17
HK.01038,长江基建集团,2019-06-10 00:00:00,46.52,48.07,48.07,46.52,15.434,0.0011,2913743,184724950.0,2.9997857295907404,46.67
HK.01038,长江基建集团,2019-06-11 00:00:00,48.17,47.82,48.17,47.27,15.374,0.00067,1765027,112130015.0,-0.5200748907842729,48.07
HK.01038,长江基建集团,2019-06-12 00:00:00,47.67,47.67,47.77,47.22,15.338,0.00067,1777814,112618519.0,-0.3136762860727699,47.82
HK.01038,长江基建集团,2019-06-13 00:00:00,47.27,48.12,48.12,47.27,15.446,0.00073,1947623,124084688.0,0.9439899307740628,47.67
HK.01038,长江基建集团,2019-06-14 00:00:00,48.12,47.17,48.12,46.77,15.217,0.00171,4525429,285062800.0,-1.9742310889442973,48.12
HK.01038,长江基建集团,2019-06-17 00:00:00,47.37,47.07,47.67,46.77,15.193,0.00091,2401985,151436947.0,-0.21199915200339498,47.17
HK.01038,长江基建集团,2019-06-18 00:00:00,47.22,47.67,47.77,47.17,15.338,0.00038,999820,63454964.0,1.2746972594008954,47.07
HK.01038,长江基建集团,2019-06-19 00:00:00,48.02,48.17,48.47,47.67,15.458,0.00073,1947205,124244650.0,1.0488777008600796,47.67
HK.01038,长江基建集团,2019-06-20 00:00:00,48.17,48.269999999,48.42,47.92,15.483,0.00048,1270870,81409246.0,0.20759808802158558,48.17
HK.01038,长江基建集团,2019-06-21 00:00:00,47.97,48.17,48.519999999,47.82,15.458,0.00075,1988492,127338347.0,-0.20716801119135997,48.269999999
HK.01038,长江基建集团,2019-06-24 00:00:00,48.47,48.42,48.62,48.07,15.519,0.00023,610764,39236027.0,0.5189952252439277,48.17
HK.01038,长江基建集团,2019-06-25 00:00:00,48.519999999,48.32,48.519999999,48.02,15.495,0.00033,868215,55662191.0,-0.2065262288310645,48.42
HK.01038,长江基建集团,2019-06-26 00:00:00,47.92,48.37,48.47,47.67,15.507,0.00033,886560,56847042.0,0.1034768211920471,48.32
HK.01038,长江基建集团,2019-06-27 00:00:00,48.47,48.17,48.47,47.72,15.458,0.00042,1114815,71383454.0,-0.4134794293983787,48.37
HK.01038,长江基建集团,2019-06-28 00:00:00,48.37,47.87,48.37,47.77,15.386,0.0004,1061571,67736765.0,-0.622794270292722,48.17
HK.01038,长江基建集团,2019-07-02 00:00:00,48.67,48.92,48.92,48.269999999,15.64,0.00075,1998842,129070691.0,2.193440568205566,47.87
HK.01038,长江基建集团,2019-07-03 00:00:00,48.57,48.57,48.769999999,47.32,15.555,0.00037,993125,63894275.0,-0.7154538021259227,48.92
HK.01038,长江基建集团,2019-07-04 00:00:00,48.769999999,48.519999999,48.92,48.42,15.543,0.00026,693149,44687758.0,-0.10294420630018693,48.57
HK.01038,长江基建集团,2019-07-05 00:00:00,48.769999999,48.07,48.769999999,47.97,15.434,0.00035,935566,59961429.0,-0.9274525948253787,48.519999999
HK.01038,长江基建集团,2019-07-08 00:00:00,48.07,47.27,48.269999999,46.87,15.241,0.00059,1569411,99165575.0,-1.6642396505096673,48.07
HK.01038,长江基建集团,2019-07-09 00:00:00,47.17,46.92,47.72,46.87,15.157,0.00039,1027505,64668295.0,-0.7404273323460999,47.27
HK.01038,长江基建集团,2019-07-10 00:00:00,47.17,47.42,47.77,46.97,15.277,0.00062,1643567,103598445.0,1.0656436487638534,46.92
HK.01038,长江基建集团,2019-07-11 00:00:00,47.37,47.97,48.07,47.22,15.41,0.0003,802884,51101758.0,1.159848165331078,47.42
HK.01038,长江基建集团,2019-07-12 00:00:00,47.57,47.07,47.92,47.02,15.193,0.00071,1894740,119734534.0,-1.876172607879922,47.97
HK.01038,长江基建集团,2019-07-15 00:00:00,47.07,47.17,47.52,46.77,15.217,0.0005,1321632,83092858.0,0.21244954323348508,47.07
HK.01038,长江基建集团,2019-07-16 00:00:00,47.07,47.02,47.17,46.72,15.181,0.00041,1079271,67699768.0,-0.317998728005085,47.17
HK.01038,长江基建集团,2019-07-17 00:00:00,46.67,46.52,46.77,46.37,15.06,0.00056,1490500,93056926.0,-1.0633772862611655,47.02
HK.01038,长江基建集团,2019-07-18 00:00:00,46.57,46.37,46.67,46.07,15.024,0.00082,2169838,134753547.0,-0.32244196044713175,46.52
HK.01038,长江基建集团,2019-07-19 00:00:00,46.72,47.17,47.62,46.57,15.217,0.00059,1576715,99129574.0,1.725253396592634,46.37
HK.01038,长江基建集团,2019-07-22 00:00:00,47.22,46.17,47.22,45.92,14.975,0.00068,1792983,111684131.0,-2.1199915200339197,47.17
HK.01038,长江基建集团,2019-07-23 00:00:00,46.17,45.97,46.47,45.82,14.927,0.00031,808563,50045058.0,-0.4331817197314335,46.17
HK.01038,长江基建集团,2019-07-24 00:00:00,46.17,46.07,46.42,45.82,14.951,0.0005,1312943,81267426.0,0.217533173809009,45.97
HK.01038,长江基建集团,2019-07-25 00:00:00,46.02,44.72,46.12,44.72,14.625,0.00089,2348301,143399952.0,-2.9303234208812707,46.07
HK.01038,长江基建集团,2019-07-26 00:00:00,44.82,44.92,44.92,44.27,14.673,0.0008,2124753,128627907.0,0.4472271914132443,44.72
HK.01038,长江基建集团,2019-07-29 00:00:00,44.47,44.92,44.92,44.37,14.673,0.00036,963843,58260205.0,0.0,44.92
HK.01038,长江基建集团,2019-07-30 00:00:00,44.97,45.27,45.37,44.72,14.758,0.0004,1059735,64515182.0,0.7791629563668776,44.92
HK.01038,长江基建集团,2019-07-31 00:00:00,45.37,45.02,45.42,44.32,14.698,0.00052,1369095,83125130.0,-0.552242102937928,45.27
HK.01038,长江基建集团,2019-08-01 00:00:00,44.37,43.12,44.62,42.67,14.239,0.00147,3907905,231053667.0,-4.2203465126610515,45.02
HK.01038,长江基建集团,2019-08-02 00:00:00,42.17,42.37,42.97,42.17,14.057,0.00064,1686716,98026713.0,-1.7393320964749537,43.12
HK.01038,长江基建集团,2019-08-05 00:00:00,41.37,42.07,42.37,41.22,13.985,0.0007,1865736,107532261.0,-0.7080481472740079,42.37
HK.01038,长江基建集团,2019-08-06 00:00:00,40.67,42.27,42.42,40.67,14.033,0.00086,2273932,130966146.0,0.4753981459472376,42.07
HK.01038,长江基建集团,2019-08-07 00:00:00,42.17,41.92,42.27,41.27,13.949,0.00059,1561364,89797272.0,-0.8280104092737198,42.27
HK.01038,长江基建集团,2019-08-08 00:00:00,42.17,41.62,42.67,41.32,13.876,0.00063,1676827,96334288.0,-0.7156488549618422,41.92
HK.01038,长江基建集团,2019-08-09 00:00:00,41.92,40.97,42.32,40.97,13.719,0.00075,1977384,112940891.0,-1.5617491590581418,41.62
HK.01038,长江基建集团,2019-08-12 00:00:00,40.72,40.27,41.32,40.27,13.55,0.00038,1018270,57429747.0,-1.7085672443251056,40.97
HK.01038,长江基建集团,2019-08-13 00:00:00,40.17,39.07,40.42,38.37,13.26,0.00102,2715857,149634141.0,-2.97988577104545,40.27
HK.01038,长江基建集团,2019-08-14 00:00:00,39.37,37.92,39.67,37.77,12.983,0.00091,2401158,129626666.0,-2.943434860506779,39.07
HK.01038,长江基建集团,2019-08-15 00:00:00,37.67,38.67,38.97,37.42,13.164,0.00089,2351646,127203485.0,1.9778481012658227,37.92
HK.01038,长江基建集团,2019-08-16 00:00:00,39.47,39.37,39.67,38.37,13.333,0.00074,1961522,107885863.0,1.8101887768295726,38.67
HK.01038,长江基建集团,2019-08-19 00:00:00,39.37,40.27,40.42,39.27,13.55,0.00072,1907270,106594954.0,2.2860045720091584,39.37
HK.01038,长江基建集团,2019-08-20 00:00:00,40.27,40.32,40.52,39.92,13.562,0.00032,839628,47175522.0,0.1241619071268864,40.27
HK.01038,长江基建集团,2019-08-21 00:00:00,40.32,40.52,40.62,39.97,13.611,0.00041,1085078,60964072.0,0.4960317460317531,40.32
HK.01038,长江基建集团,2019-08-22 00:00:00,40.17,39.52,40.37,39.32,13.369,0.00041,1088388,60363184.0,-2.467917077986179,40.52
HK.01038,长江基建集团,2019-08-23 00:00:00,39.42,39.67,40.17,39.42,13.405,0.00038,1012329,56272409.0,0.37955465587044174,39.52
HK.01038,长江基建集团,2019-08-26 00:00:00,39.07,38.52,39.07,37.77,13.128,0.00057,1514663,81974233.0,-2.898916057474158,39.67
HK.01038,长江基建集团,2019-08-27 00:00:00,38.92,38.42,38.92,38.02,13.103,0.00061,1614047,87475718.0,-0.25960539979231934,38.52
HK.01038,长江基建集团,2019-08-28 00:00:00,38.42,38.47,39.02,38.22,13.115,0.00034,905319,49196737.0,0.13014055179593223,38.42
HK.01038,长江基建集团,2019-08-29 00:00:00,38.67,38.77,38.97,38.37,13.188,0.0003,795019,43301846.0,0.7798284377437075,38.47
HK.01038,长江基建集团,2019-08-30 00:00:00,39.35,37.7,39.45,37.45,12.765,0.00083,2192193,116817185.0,-2.7598658756770704,38.77
HK.01038,长江基建集团,2019-09-02 00:00:00,37.7,36.2,37.7,36.1,12.403,0.00101,2670245,137588250.0,-3.978779840848806,37.7
HK.01038,长江基建集团,2019-09-03 00:00:00,36.05,36.25,36.35,35.9,12.415,0.00083,2200608,112799659.0,0.13812154696131812,36.2
HK.01038,长江基建集团,2019-09-04 00:00:00,36.55,37.75,37.95,36.5,12.777,0.00194,5145760,269392001.0,4.137931034482759,36.25
HK.01038,长江基建集团,2019-09-05 00:00:00,38.15,37.45,38.15,36.85,12.705,0.00083,2207229,115727076.0,-0.7947019867549594,37.75
HK.01038,长江基建集团,2019-09-06 00:00:00,37.8,37.75,38.25,37.35,12.777,0.0006,1590907,84203538.0,0.8010680907877094,37.45
HK.01038,长江基建集团,2019-09-09 00:00:00,38.15,37.35,38.15,37.25,12.681,0.00055,1449958,76243755.0,-1.0596026490066186,37.75
HK.01038,长江基建集团,2019-09-10 00:00:00,37.65,37.3,37.8,36.85,12.669,0.00081,2135716,111948261.0,-0.13386880856761516,37.35
HK.01038,长江基建集团,2019-09-11 00:00:00,37.65,38.6,38.75,36.85,12.983,0.00253,6714258,356186150.0,3.48525469168902,37.3
HK.01038,长江基建集团,2019-09-12 00:00:00,39.15,38.25,39.2,38.2,12.898,0.00052,1388235,74549683.0,-0.9067357512953403,38.6
HK.01038,长江基建集团,2019-09-13 00:00:00,38.25,38.55,38.6,38.0,12.971,0.00049,1309707,70077237.0,0.7843137254901886,38.25
HK.01038,长江基建集团,2019-09-16 00:00:00,38.65,38.25,38.65,37.85,12.898,0.00026,682545,36381786.0,-0.7782101167315102,38.55
HK.01038,长江基建集团,2019-09-17 00:00:00,38.05,37.4,38.15,37.35,12.693,0.00063,1680871,88629551.0,-2.222222222222226,38.25
HK.01038,长江基建集团,2019-09-18 00:00:00,37.45,38.0,38.25,37.45,12.838,0.00036,949153,50492104.0,1.6042780748663141,37.4
HK.01038,长江基建集团,2019-09-19 00:00:00,38.25,37.4,38.25,37.35,12.693,0.00029,776391,40956108.0,-1.5789473684210564,38.0
HK.01038,长江基建集团,2019-09-20 00:00:00,37.3,37.9,38.1,37.3,12.814,0.00072,1919032,101723887.0,1.3368983957219251,37.4
HK.01038,长江基建集团,2019-09-23 00:00:00,37.9,37.65,38.3,37.45,12.753,0.00023,598257,31599867.0,-0.6596306068601583,37.9
HK.01038,长江基建集团,2019-09-24 00:00:00,37.85,37.35,38.25,37.35,12.681,0.00045,1180012,62275196.0,-0.7968127490039766,37.65
HK.01038,长江基建集团,2019-09-25 00:00:00,37.85,37.4,37.85,37.2,12.693,0.00046,1210270,63731285.0,0.13386880856759614,37.35
HK.01038,长江基建集团,2019-09-26 00:00:00,37.65,37.55,37.85,37.05,12.729,0.00066,1736247,91275348.0,0.40106951871657376,37.4
HK.01038,长江基建集团,2019-09-27 00:00:00,37.3,37.55,37.55,36.7,12.729,0.00039,1034303,54165567.0,0.0,37.55
HK.01038,长江基建集团,2019-09-30 00:00:00,37.35,37.6,37.95,36.9,12.741,0.00059,1571401,82893313.0,0.1331557922769754,37.55
HK.01038,长江基建集团,2019-10-02 00:00:00,37.1,38.1,38.2,37.05,12.862,0.00057,1504111,79682926.0,1.3297872340425532,37.6
HK.01038,长江基建集团,2019-10-03 00:00:00,37.85,38.15,38.6,37.6,12.874,0.00068,1805313,96099097.0,0.13123359580051747,38.1
HK.01038,长江基建集团,2019-10-04 00:00:00,38.25,37.1,38.35,36.4,12.62,0.00103,2735172,143126220.0,-2.7522935779816438,38.15
HK.01038,长江基建集团,2019-10-08 00:00:00,36.85,37.35,37.65,36.65,12.681,0.00092,2450998,128551036.0,0.6738544474393531,37.1
HK.01038,长江基建集团,2019-10-09 00:00:00,37.5,37.45,38.05,37.05,12.705,0.00118,3119434,164590951.0,0.2677376171352113,37.35
HK.01038,长江基建集团,2019-10-10 00:00:00,37.65,37.5,37.85,37.25,12.717,0.00078,2078891,109580513.0,0.1335113484646119,37.45
HK.01038,长江基建集团,2019-10-11 00:00:00,38.05,38.7,38.75,37.65,13.007,0.00094,2499976,133978807.0,3.2000000000000077,37.5
HK.01038,长江基建集团,2019-10-14 00:00:00,39.15,40.05,40.2,38.85,13.333,0.00146,3874142,213114431.0,3.488372093023241,38.7
HK.01038,长江基建集团,2019-10-15 00:00:00,40.35,40.25,40.5,40.0,13.381,0.00084,2224668,123387582.0,0.4993757802746638,40.05
HK.01038,长江基建集团,2019-10-16 00:00:00,40.45,40.55,40.7,39.85,13.454,0.00158,4200120,233268276.0,0.7453416149068253,40.25
HK.01038,长江基建集团,2019-10-17 00:00:00,40.15,40.45,40.85,40.05,13.429,0.00092,2428854,135305889.0,-0.2466091245375939,40.55
HK.01038,长江基建集团,2019-10-18 00:00:00,40.95,40.65,41.15,40.65,13.478,0.00109,2887996,161759833.0,0.4944375772558609,40.45
HK.01038,长江基建集团,2019-10-21 00:00:00,40.75,40.75,40.95,40.45,14.187,0.00065,1727357,96441304.0,0.24600246002460377,40.65
HK.01038,长江基建集团,2019-10-22 00:00:00,41.3,41.0,41.55,40.75,14.251,0.00144,3811418,214517230.0,0.6134969325153374,40.75
HK.01038,长江基建集团,2019-10-23 00:00:00,40.9,39.6,41.0,39.45,13.895,0.00104,2765344,151894325.0,-3.4146341463414602,41.0
HK.01038,长江基建集团,2019-10-24 00:00:00,39.85,39.6,40.1,39.35,13.895,0.00125,3316669,181839224.0,0.0,39.6
HK.01038,长江基建集团,2019-10-25 00:00:00,39.65,39.4,40.0,39.35,13.845,0.00139,3685478,201582610.0,-0.5050505050505122,39.6
HK.01038,长江基建集团,2019-10-28 00:00:00,40.05,40.05,40.25,39.45,14.01,0.00084,2235370,122987946.0,1.6497461928933976,39.4
HK.01038,长江基建集团,2019-10-29 00:00:00,40.2,40.5,40.65,39.85,14.124,0.00131,3480585,193127872.0,1.1235955056179847,40.05
HK.01038,长江基建集团,2019-10-30 00:00:00,40.7,41.05,41.15,40.35,14.263,0.00077,2037112,114238696.0,1.3580246913580178,40.5
HK.01038,长江基建集团,2019-10-31 00:00:00,41.35,41.3,41.65,41.0,14.327,0.00064,1686429,95313140.0,0.6090133982947625,41.05
HK.01038,长江基建集团,2019-11-01 00:00:00,41.65,41.5,41.75,41.0,14.378,0.00068,1810935,102553942.0,0.48426150121066064,41.3
HK.01038,长江基建集团,2019-11-04 00:00:00,41.7,42.2,42.35,41.55,14.555,0.00096,2553884,146175302.0,1.6867469879518142,41.5
HK.01038,长江基建集团,2019-11-05 00:00:00,41.8,41.75,42.15,41.35,14.441,0.00052,1368715,77814903.0,-1.0663507109004806,42.2
HK.01038,长江基建集团,2019-11-06 00:00:00,41.75,41.35,41.75,41.05,14.34,0.00065,1729577,97856077.0,-0.9580838323353259,41.75
HK.01038,长江基建集团,2019-11-07 00:00:00,41.05,42.3,42.75,41.05,14.581,0.0006,1582104,90458825.0,2.2974607013300985,41.35
HK.01038,长江基建集团,2019-11-08 00:00:00,42.25,41.55,42.25,41.45,14.39,0.00054,1428293,81100920.0,-1.773049645390071,42.3
HK.01038,长江基建集团,2019-11-11 00:00:00,41.35,40.05,41.35,39.8,14.01,0.00063,1665598,92161915.0,-3.6101083032490973,41.55
HK.01038,长江基建集团,2019-11-12 00:00:00,39.95,40.15,40.2,39.35,14.035,0.0007,1844964,101296386.0,0.2496878901373319,40.05
HK.01038,长江基建集团,2019-11-13 00:00:00,40.0,39.4,40.0,38.85,13.845,0.00068,1811963,98496535.0,-1.8679950186799503,40.15
HK.01038,长江基建集团,2019-11-14 00:00:00,39.75,39.65,39.75,39.2,13.908,0.00075,1983954,108448611.0,0.6345177664974619,39.4
HK.01038,长江基建集团,2019-11-15 00:00:00,40.05,39.3,40.05,39.15,13.819,0.00034,911949,49687628.0,-0.8827238335435093,39.65
HK.01038,长江基建集团,2019-11-18 00:00:00,39.05,39.7,39.8,38.95,13.921,0.00048,1278273,69891333.0,1.01781170483462,39.3
HK.01038,长江基建集团,2019-11-19 00:00:00,39.3,40.15,40.2,39.25,14.035,0.00075,1984652,108990971.0,1.133501259445833,39.7
HK.01038,长江基建集团,2019-11-20 00:00:00,39.85,39.55,40.1,39.35,13.883,0.00053,1412283,77470574.0,-1.4943960149439637,40.15
HK.01038,长江基建集团,2019-11-21 00:00:00,39.05,39.1,39.15,38.55,13.769,0.00072,1914700,103615357.0,-1.13780025284449,39.55
HK.01038,长江基建集团,2019-11-22 00:00:00,39.05,38.8,39.45,38.7,13.692,0.0006,1582716,85477249.0,-0.7672634271099853,39.1
HK.01038,长江基建集团,2019-11-25 00:00:00,39.05,39.25,39.6,38.85,13.807,0.00062,1634704,89011335.0,1.1597938144329971,38.8
HK.01038,长江基建集团,2019-11-26 00:00:00,39.35,38.7,39.75,38.45,13.667,0.00181,4799572,258521718.0,-1.4012738853503113,39.25
HK.01038,长江基建集团,2019-11-27 00:00:00,38.7,37.8,38.7,37.8,13.439,0.00137,3622882,193079004.0,-2.3255813953488516,38.7
HK.01038,长江基建集团,2019-11-28 00:00:00,37.6,38.2,38.35,37.4,13.54,0.00058,1526250,81071486.0,1.0582010582010732,37.8
HK.01038,长江基建集团,2019-11-29 00:00:00,38.15,37.85,38.2,37.5,13.451,0.00089,2348317,124608232.0,-0.9162303664921502,38.2
HK.01038,长江基建集团,2019-12-02 00:00:00,38.2,37.85,38.45,37.7,13.451,0.00034,890110,47260987.0,0.0,37.85
HK.01038,长江基建集团,2019-12-03 00:00:00,38.05,38.3,38.45,37.4,13.565,0.00031,823765,43835202.0,1.1889035667106889,37.85
HK.01038,长江基建集团,2019-12-04 00:00:00,37.65,37.55,38.3,37.5,13.375,0.00034,906376,47939366.0,-1.95822454308094,38.3
HK.01038,长江基建集团,2019-12-05 00:00:00,39.1,38.05,39.1,37.65,13.502,0.00061,1628428,86776072.0,1.3315579227696406,37.55
HK.01038,长江基建集团,2019-12-06 00:00:00,38.8,38.3,38.8,37.95,13.565,0.00038,1018144,54421362.0,0.6570302233902761,38.05
HK.01038,长江基建集团,2019-12-09 00:00:00,38.55,37.9,38.55,37.9,13.464,0.00039,1037729,55288309.0,-1.0443864229764976,38.3
HK.01038,长江基建集团,2019-12-10 00:00:00,38.15,37.95,38.15,37.8,13.477,0.00034,898687,47750247.0,0.1319261213720429,37.9
HK.01038,长江基建集团,2019-12-11 00:00:00,37.85,38.05,38.45,37.75,13.502,0.00074,1959137,104201641.0,0.2635046113306833,37.95
HK.01038,长江基建集团,2019-12-12 00:00:00,38.0,38.45,38.45,38.0,13.604,0.00082,2168002,115940774.0,1.0512483574244564,38.05
HK.01038,长江基建集团,2019-12-13 00:00:00,39.6,40.7,41.05,39.6,14.175,0.00272,7210297,401414148.0,5.851755526657997,38.45
HK.01038,长江基建集团,2019-12-16 00:00:00,40.85,42.1,42.65,40.85,14.53,0.0018,4783886,273926967.0,3.4398034398034363,40.7
HK.01038,长江基建集团,2019-12-17 00:00:00,41.95,41.35,42.05,41.2,14.34,0.00127,3363978,190218432.0,-1.7814726840855106,42.1
HK.01038,长江基建集团,2019-12-18 00:00:00,41.25,40.7,41.55,40.55,14.175,0.00084,2220622,124533226.0,-1.571946795646913,41.35
HK.01038,长江基建集团,2019-12-19 00:00:00,40.55,40.35,40.9,40.35,14.086,0.00062,1637635,91092466.0,-0.8599508599508634,40.7
HK.01038,长江基建集团,2019-12-20 00:00:00,40.75,40.45,40.75,40.2,14.111,0.00076,2001636,111439442.0,0.24783147459727736,40.35
HK.01038,长江基建集团,2019-12-23 00:00:00,41.25,40.35,41.25,40.1,14.086,0.0006,1603358,89180066.0,-0.24721878862793922,40.45
HK.01038,长江基建集团,2019-12-24 00:00:00,40.2,40.0,40.35,39.95,13.997,0.00016,416446,23005130.0,-0.867410161090462,40.35
HK.01038,长江基建集团,2019-12-27 00:00:00,40.35,40.5,40.85,40.05,14.124,0.00042,1105287,61488061.0,1.25,40.0
HK.01038,长江基建集团,2019-12-30 00:00:00,40.85,40.45,40.85,40.2,14.111,0.00042,1118992,62158380.0,-0.12345679012344976,40.5
HK.01038,长江基建集团,2019-12-31 00:00:00,40.35,40.3,40.65,40.3,14.073,0.00033,885718,49182244.0,-0.3708281829419176,40.45
HK.01038,长江基建集团,2020-01-02 00:00:00,40.7,40.2,40.7,40.05,14.048,0.00049,1288404,71433251.0,-0.24813895781636308,40.3
HK.01038,长江基建集团,2020-01-03 00:00:00,40.35,40.15,40.65,40.0,14.035,0.00053,1415923,78414248.0,-0.12437810945274692,40.2
HK.01038,长江基建集团,2020-01-06 00:00:00,40.15,39.75,40.4,39.25,13.934,0.00067,1787923,98026754.0,-0.9962640099626366,40.15
HK.01038,长江基建集团,2020-01-07 00:00:00,40.1,39.8,40.35,39.55,13.946,0.0007,1861972,102485580.0,0.12578616352200545,39.75
HK.01038,长江基建集团,2020-01-08 00:00:00,39.35,40.1,40.3,39.1,14.022,0.00063,1658438,91330068.0,0.7537688442211162,39.8
HK.01038,长江基建集团,2020-01-09 00:00:00,40.1,40.55,41.2,40.1,14.137,0.00097,2580568,143635658.0,1.1221945137157,40.1
HK.01038,长江基建集团,2020-01-10 00:00:00,40.85,41.25,41.45,40.85,14.314,0.00083,2212467,124578389.0,1.7262638717632623,40.55
HK.01038,长江基建集团,2020-01-13 00:00:00,41.45,42.45,42.65,41.35,14.619,0.00136,3607989,206798737.0,2.909090909090916,41.25
HK.01038,长江基建集团,2020-01-14 00:00:00,42.65,42.7,43.1,42.2,14.682,0.00104,2754806,159015333.0,0.5889281507656066,42.45
HK.01038,长江基建集团,2020-01-15 00:00:00,42.55,42.7,42.85,42.2,14.682,0.00093,2464231,142290513.0,0.0,42.7
HK.01038,长江基建集团,2020-01-16 00:00:00,42.55,42.2,42.65,41.85,14.555,0.00073,1922290,110550168.0,-1.17096018735363,42.7
HK.01038,长江基建集团,2020-01-17 00:00:00,41.95,42.35,42.65,41.95,14.593,0.00038,1002762,57555862.0,0.35545023696682126,42.2
HK.01038,长江基建集团,2020-01-20 00:00:00,42.35,42.45,42.6,42.15,14.619,0.00044,1166598,67133719.0,0.2361275088547849,42.35
HK.01038,长江基建集团,2020-01-21 00:00:00,41.65,41.15,42.15,41.05,14.289,0.00061,1603959,90741546.0,-3.062426383981164,42.45
HK.01038,长江基建集团,2020-01-22 00:00:00,41.15,41.55,42.15,41.1,14.39,0.00035,937273,52981633.0,0.9720534629404584,41.15
HK.01038,长江基建集团,2020-01-23 00:00:00,41.15,40.6,41.3,40.4,14.149,0.00075,1975126,110408791.0,-2.286401925391085,41.55
HK.01038,长江基建集团,2020-01-24 00:00:00,40.6,40.85,41.35,40.6,14.213,0.00022,581055,32493133.0,0.6157635467980295,40.6
HK.01038,长江基建集团,2020-01-29 00:00:00,40.3,40.15,40.35,39.85,14.035,0.00077,2032273,112341649.0,-1.7135862913096762,40.85
HK.01038,长江基建集团,2020-01-30 00:00:00,39.35,39.25,40.15,39.1,13.807,0.00079,2101889,114933162.0,-2.2415940224159367,40.15
HK.01038,长江基建集团,2020-01-31 00:00:00,39.2,39.35,40.05,39.1,13.832,0.00072,1899868,103745055.0,0.2547770700636979,39.25
HK.01038,长江基建集团,2020-02-03 00:00:00,39.25,38.8,39.65,38.65,13.692,0.00062,1649965,89187374.0,-1.3977128335451188,39.35
HK.01038,长江基建集团,2020-02-04 00:00:00,38.65,38.9,39.45,38.6,13.718,0.00053,1414084,76460419.0,0.2577319587628903,38.8
HK.01038,长江基建集团,2020-02-05 00:00:00,38.85,39.3,39.55,38.75,13.819,0.00056,1490696,80848606.0,1.028277634961436,38.9
HK.01038,长江基建集团,2020-02-06 00:00:00,39.75,40.25,40.3,39.35,14.06,0.00069,1833314,101116794.0,2.417302798982196,39.3
HK.01038,长江基建集团,2020-02-07 00:00:00,40.25,40.15,40.5,39.8,14.035,0.00067,1779138,98237923.0,-0.24844720496894762,40.25
HK.01038,长江基建集团,2020-02-10 00:00:00,39.7,39.65,40.05,39.35,13.908,0.00042,1118475,61243868.0,-1.2453300124533002,40.15
HK.01038,长江基建集团,2020-02-11 00:00:00,39.55,39.5,40.55,39.3,13.87,0.0007,1855251,101899243.0,-0.3783102143757846,39.65
HK.01038,长江基建集团,2020-02-12 00:00:00,39.65,39.6,40.0,39.4,13.895,0.00073,1940933,106300272.0,0.25316455696202894,39.5
HK.01038,长江基建集团,2020-02-13 00:00:00,39.6,39.85,39.95,39.6,13.959,0.00054,1435134,78799817.0,0.6313131313131313,39.6
HK.01038,长江基建集团,2020-02-14 00:00:00,40.05,40.1,40.55,39.9,14.022,0.00039,1042912,57661887.0,0.6273525721455459,39.85
HK.01038,长江基建集团,2020-02-17 00:00:00,40.4,40.35,40.4,39.95,14.086,0.00032,836595,46374733.0,0.6234413965087281,40.1
HK.01038,长江基建集团,2020-02-18 00:00:00,40.05,39.85,40.4,39.85,13.959,0.00045,1195371,65934202.0,-1.2391573729863692,40.35
HK.01038,长江基建集团,2020-02-19 00:00:00,39.65,39.7,39.95,39.65,13.921,0.00049,1290987,70902344.0,-0.3764115432873239,39.85
HK.01038,长江基建集团,2020-02-20 00:00:00,39.7,39.6,39.85,39.55,13.895,0.00048,1282464,70195685.0,-0.25188916876574663,39.7
HK.01038,长江基建集团,2020-02-21 00:00:00,39.55,39.4,39.8,39.3,13.845,0.00058,1541153,84247453.0,-0.5050505050505122,39.6
HK.01038,长江基建集团,2020-02-24 00:00:00,39.65,39.5,39.85,39.5,13.87,0.00059,1575244,86295029.0,0.2538071065989884,39.4
HK.01038,长江基建集团,2020-02-25 00:00:00,39.6,39.6,39.8,39.55,13.895,0.00038,996521,54609833.0,0.25316455696202894,39.5
HK.01038,长江基建集团,2020-02-26 00:00:00,39.6,39.0,39.65,38.9,13.743,0.00047,1243158,67439061.0,-1.5151515151515187,39.6
HK.01038,长江基建集团,2020-02-27 00:00:00,38.95,38.85,39.05,38.25,13.705,0.00075,1980111,106477294.0,-0.384615384615381,39.0
HK.01038,长江基建集团,2020-02-28 00:00:00,38.05,37.95,38.35,37.85,13.477,0.00092,2438813,129552435.0,-2.316602316602313,38.85
HK.01038,长江基建集团,2020-03-02 00:00:00,37.45,37.15,37.85,37.05,13.274,0.0008,2127680,111543016.0,-2.1080368906455975,37.95
HK.01038,长江基建集团,2020-03-03 00:00:00,37.6,37.45,37.8,37.4,13.35,0.00065,1711922,90200400.0,0.8075370121130666,37.15
HK.01038,长江基建集团,2020-03-04 00:00:00,37.75,37.7,38.65,37.55,13.413,0.00056,1492403,79087058.0,0.6675567423230974,37.45
HK.01038,长江基建集团,2020-03-05 00:00:00,37.75,39.3,39.45,37.75,13.819,0.00112,2965072,160144092.0,4.244031830238711,37.7
HK.01038,长江基建集团,2020-03-06 00:00:00,38.8,38.75,39.3,38.55,13.68,0.0005,1321453,71256844.0,-1.3994910941475756,39.3
HK.01038,长江基建集团,2020-03-09 00:00:00,37.55,37.65,38.35,37.15,13.401,0.00081,2141430,113096542.0,-2.8387096774193585,38.75
HK.01038,长江基建集团,2020-03-10 00:00:00,38.7,37.75,38.7,37.45,13.426,0.00084,2221855,117765061.0,0.2656042496679985,37.65
HK.01038,长江基建集团,2020-03-11 00:00:00,38.15,38.1,38.85,37.8,13.515,0.00078,2076023,110883806.0,0.9271523178807984,37.75
HK.01038,长江基建集团,2020-03-12 00:00:00,37.25,36.5,37.25,35.85,13.109,0.00149,3936698,202739180.0,-4.199475065616801,38.1
HK.01038,长江基建集团,2020-03-13 00:00:00,34.85,33.8,35.35,32.65,12.423,0.00236,6257201,304424833.0,-7.397260273972611,36.5
HK.01038,长江基建集团,2020-03-16 00:00:00,33.15,32.8,34.45,32.7,12.17,0.00141,3740524,180923979.0,-2.9585798816568047,33.8
HK.01038,长江基建集团,2020-03-17 00:00:00,33.1,31.6,33.95,31.6,11.865,0.00194,5130587,244161708.0,-3.658536585365841,32.8
HK.01038,长江基建集团,2020-03-18 00:00:00,32.35,29.3,32.95,29.3,11.281,0.0016,4239035,194877499.0,-7.278481012658229,31.6
HK.01038,长江基建集团,2020-03-19 00:00:00,29.35,23.7,29.6,23.65,9.8,0.004,10613640,423925148.0,-19.112627986348127,29.3
HK.01038,长江基建集团,2020-03-20 00:00:00,24.05,23.45,24.4,23.1,9.737,0.00317,8402786,326966617.0,-1.0548523206751055,23.7
HK.01038,长江基建集团,2020-03-23 00:00:00,21.85,20.5,22.35,20.3,8.993,0.00214,5668937,205470130.0,-12.579957356076758,23.45
HK.01038,长江基建集团,2020-03-24 00:00:00,21.6,21.95,22.25,21.25,9.359,0.00144,3821211,141166391.0,7.073170731707314,20.5
HK.01038,长江基建集团,2020-03-25 00:00:00,22.85,24.25,24.65,22.85,9.939,0.00249,6610587,257480081.0,10.47835990888383,21.95
HK.01038,长江基建集团,2020-03-26 00:00:00,24.45,23.85,24.75,23.65,9.838,0.00173,4582100,180314928.0,-1.6494845360824684,24.25
HK.01038,长江基建集团,2020-03-27 00:00:00,24.5,25.15,25.7,24.5,10.166,0.00153,4059534,163820372.0,5.450733752620533,23.85
HK.01038,长江基建集团,2020-03-30 00:00:00,24.75,24.5,25.05,24.15,10.002,0.00145,3832333,153056742.0,-2.5844930417494973,25.15
HK.01038,长江基建集团,2020-03-31 00:00:00,24.8,26.05,26.15,24.8,10.393,0.00106,2801698,114327515.0,6.3265306122449,24.5
HK.01038,长江基建集团,2020-04-01 00:00:00,25.4,25.25,26.45,24.95,10.191,0.0012,3170254,129156830.0,-3.0710172744721715,26.05
HK.01038,长江基建集团,2020-04-02 00:00:00,25.05,25.3,25.8,24.9,10.204,0.00071,1884238,76296540.0,0.19801980198020083,25.25
HK.01038,长江基建集团,2020-04-03 00:00:00,25.45,27.1,27.3,25.35,10.658,0.00129,3432275,143482880.0,7.114624505928855,25.3
HK.01038,长江基建集团,2020-04-06 00:00:00,27.35,29.4,29.45,27.35,11.238,0.00126,3342011,146998152.0,8.487084870848697,27.1
HK.01038,长江基建集团,2020-04-07 00:00:00,30.7,31.75,32.05,30.15,11.831,0.00226,5997354,276570528.0,7.99319727891157,29.4
HK.01038,长江基建集团,2020-04-08 00:00:00,31.55,30.95,32.0,30.5,11.629,0.00128,3391492,156940730.0,-2.519685039370081,31.75
HK.01038,长江基建集团,2020-04-09 00:00:00,31.85,32.2,32.5,31.5,11.945,0.00109,2898111,137026800.0,4.038772213247185,30.95
HK.01038,长江基建集团,2020-04-14 00:00:00,32.6,32.6,32.75,32.15,12.045,0.00094,2496750,118972828.0,1.242236024844716,32.2
HK.01038,长江基建集团,2020-04-15 00:00:00,32.75,31.85,33.1,31.65,11.856,0.00095,2517356,119202755.0,-2.3006134969325154,32.6
HK.01038,长江基建集团,2020-04-16 00:00:00,31.85,31.45,31.85,30.9,11.755,0.0007,1867625,87042716.0,-1.2558869701726911,31.85
HK.01038,长江基建集团,2020-04-17 00:00:00,32.3,32.6,32.75,31.9,12.045,0.00091,2411300,114895844.0,3.65659777424484,31.45
HK.01038,长江基建集团,2020-04-20 00:00:00,32.65,32.25,32.65,31.45,11.957,0.00057,1505299,71046339.0,-1.073619631901845,32.6
HK.01038,长江基建集团,2020-04-21 00:00:00,31.65,30.65,31.9,30.65,11.553,0.00108,2852371,131264127.0,-4.961240310077524,32.25
HK.01038,长江基建集团,2020-04-22 00:00:00,30.85,30.95,31.2,29.9,11.629,0.00068,1790875,82129755.0,0.978792822185973,30.65
HK.01038,长江基建集团,2020-04-23 00:00:00,31.05,31.05,31.65,30.5,11.654,0.00059,1564783,72308412.0,0.32310177705977844,30.95
HK.01038,长江基建集团,2020-04-24 00:00:00,31.0,30.15,31.15,30.05,11.427,0.00063,1658969,75418493.0,-2.898550724637688,31.05
HK.01038,长江基建集团,2020-04-27 00:00:00,29.85,30.75,30.85,29.85,11.579,0.00086,2281920,104214104.0,1.9900497512437858,30.15
HK.01038,长江基建集团,2020-04-28 00:00:00,30.55,31.2,31.45,30.25,11.692,0.00076,2019749,93170823.0,1.4634146341463392,30.75
HK.01038,长江基建集团,2020-04-29 00:00:00,31.55,31.05,31.55,30.5,11.654,0.00068,1810811,83429071.0,-0.4807692307692262,31.2
HK.01038,长江基建集团,2020-05-04 00:00:00,30.35,29.75,30.65,29.75,11.326,0.00073,1941395,87867871.0,-4.186795491143319,31.05
HK.01038,长江基建集团,2020-05-05 00:00:00,30.45,30.4,30.55,30.15,11.49,0.0004,1071193,48695429.0,2.1848739495798273,29.75
HK.01038,长江基建集团,2020-05-06 00:00:00,30.4,31.1,31.3,30.4,11.667,0.0003,784210,36137298.0,2.302631578947378,30.4
HK.01038,长江基建集团,2020-05-07 00:00:00,29.85,30.15,30.25,29.7,11.427,0.00094,2488608,112216358.0,-3.054662379421231,31.1
HK.01038,长江基建集团,2020-05-08 00:00:00,30.3,30.25,30.45,29.95,11.453,0.00049,1307357,59334803.0,0.3316749585406349,30.15
HK.01038,长江基建集团,2020-05-11 00:00:00,30.65,31.15,31.3,30.45,11.68,0.00078,2072767,95753380.0,2.975206611570243,30.25
HK.01038,长江基建集团,2020-05-12 00:00:00,31.05,30.6,31.15,30.5,11.541,0.0007,1866578,85503522.0,-1.765650080256813,31.15
HK.01038,长江基建集团,2020-05-13 00:00:00,30.15,31.15,31.2,29.85,11.68,0.00084,2213534,101419325.0,1.7973856209150232,30.6
HK.01038,长江基建集团,2020-05-14 00:00:00,30.7,31.85,31.95,30.65,11.856,0.00157,4168177,193540893.0,2.2471910112359645,31.15
HK.01038,长江基建集团,2020-05-15 00:00:00,31.55,31.9,32.0,31.35,11.869,0.00141,3737197,175501555.0,0.15698587127157662,31.85
HK.01038,长江基建集团,2020-05-18 00:00:00,31.88,30.43,31.88,30.43,11.049,0.00106,2819430,124830044.0,-4.6081504702194325,31.9
HK.01038,长江基建集团,2020-05-19 00:00:00,30.88,31.43,31.63,30.88,11.301,0.00076,2016432,90197854.0,3.286230693394676,30.43
HK.01038,长江基建集团,2020-05-20 00:00:00,31.48,30.48,31.48,30.43,11.062,0.00052,1389426,61222670.0,-3.0225898822780763,31.43
HK.01038,长江基建集团,2020-05-21 00:00:00,30.48,29.83,30.63,29.63,10.898,0.00074,1966102,85110323.0,-2.1325459317585373,30.48
HK.01038,长江基建集团,2020-05-22 00:00:00,28.93,26.73,28.98,26.48,10.116,0.00181,4789902,194149492.0,-10.392222594703313,29.83
HK.01038,长江基建集团,2020-05-25 00:00:00,25.63,26.33,26.63,25.28,10.015,0.00121,3208542,126675555.0,-1.4964459408903932,26.73
HK.01038,长江基建集团,2020-05-26 00:00:00,26.78,27.98,28.03,26.68,10.431,0.00098,2610814,106997385.0,6.2666160273452425,26.33
HK.01038,长江基建集团,2020-05-27 00:00:00,28.13,26.63,28.13,26.13,10.09,0.00138,3644702,145718582.0,-4.824874910650469,27.98
HK.01038,长江基建集团,2020-05-28 00:00:00,25.83,25.73,26.78,25.13,9.863,0.00135,3570290,139588911.0,-3.3796470146451316,26.63
HK.01038,长江基建集团,2020-05-29 00:00:00,25.23,25.33,25.88,25.23,9.762,0.00204,5409299,209940901.0,-1.5546055188496002,25.73
HK.01038,长江基建集团,2020-06-01 00:00:00,26.43,26.83,27.43,25.78,10.141,0.00171,4532674,182378387.0,5.921831819976313,25.33
HK.01038,长江基建集团,2020-06-02 00:00:00,27.43,27.78,28.43,26.98,10.38,0.00132,3498136,143119194.0,3.54081252329483,26.83
HK.01038,长江基建集团,2020-06-03 00:00:00,28.08,28.08,28.43,27.28,10.456,0.00138,3663537,150505763.0,1.0799136069114368,27.78
HK.01038,长江基建集团,2020-06-04 00:00:00,28.38,27.68,28.38,26.93,10.355,0.00143,3788677,154363598.0,-1.4245014245014196,28.08
HK.01038,长江基建集团,2020-06-05 00:00:00,27.73,28.83,28.83,27.03,10.645,0.00293,7773237,324378579.0,4.154624277456643,27.68
HK.01038,长江基建集团,2020-06-08 00:00:00,29.63,28.53,29.63,28.23,10.57,0.0012,3173334,133614640.0,-1.040582726326733,28.83
HK.01038,长江基建集团,2020-06-09 00:00:00,28.38,29.68,30.08,28.33,10.86,0.00123,3263217,139152639.0,4.030844724851028,28.53
HK.01038,长江基建集团,2020-06-10 00:00:00,29.43,28.93,30.08,28.73,10.671,0.00094,2500132,106438800.0,-2.526954177897574,29.68
HK.01038,长江基建集团,2020-06-11 00:00:00,29.23,28.33,29.23,27.93,10.519,0.00084,2215485,92719753.0,-2.07397165572071,28.93
HK.01038,长江基建集团,2020-06-12 00:00:00,27.23,27.78,27.78,26.93,10.38,0.00098,2605830,106287389.0,-1.9414048711613032,28.33
HK.01038,长江基建集团,2020-06-15 00:00:00,27.88,27.88,29.18,27.78,10.406,0.00183,4840725,201691636.0,0.359971202303808,27.78
HK.01038,长江基建集团,2020-06-16 00:00:00,28.43,29.28,29.53,28.43,10.759,0.00107,2846905,120988149.0,5.0215208034433365,27.88
HK.01038,长江基建集团,2020-06-17 00:00:00,29.13,29.53,29.93,29.08,10.822,0.0012,3182581,136501018.0,0.8538251366120218,29.28
HK.01038,长江基建集团,2020-06-18 00:00:00,29.93,29.28,29.93,29.03,10.759,0.00082,2182738,93290383.0,-0.8465966813410091,29.53
HK.01038,长江基建集团,2020-06-19 00:00:00,28.88,29.48,30.08,28.43,10.809,0.0049,12996172,556880900.0,0.683060109289615,29.28
HK.01038,长江基建集团,2020-06-22 00:00:00,29.23,28.53,29.43,28.18,10.57,0.00139,3684643,155189069.0,-3.2225237449118023,29.48
HK.01038,长江基建集团,2020-06-23 00:00:00,28.63,28.78,29.23,28.23,10.633,0.00092,2428746,102271768.0,0.8762705923589205,28.53
HK.01038,长江基建集团,2020-06-24 00:00:00,28.93,28.08,28.93,27.83,10.456,0.00104,2767046,114746691.0,-2.4322446143155063,28.78
HK.01038,长江基建集团,2020-06-26 00:00:00,27.63,27.23,27.98,27.13,10.242,0.00115,3046122,124398147.0,-3.0270655270655196,28.08
HK.01038,长江基建集团,2020-06-29 00:00:00,26.93,26.38,27.23,26.28,10.027,0.00113,3007330,120011230.0,-3.1215571061329466,27.23
HK.01038,长江基建集团,2020-06-30 00:00:00,27.03,26.53,27.08,26.33,10.065,0.00072,1915040,76606636.0,0.5686125852918958,26.38
HK.01038,长江基建集团,2020-07-02 00:00:00,26.93,27.28,27.48,26.53,10.254,0.00142,3773762,151877864.0,2.826988315114964,26.53
HK.01038,长江基建集团,2020-07-03 00:00:00,27.33,27.08,27.48,26.88,10.204,0.00089,2365854,95668786.0,-0.7331378299120338,27.28
HK.01038,长江基建集团,2020-07-06 00:00:00,27.33,28.93,28.93,27.33,10.671,0.00112,2963932,123716626.0,6.831610044313152,27.08
HK.01038,长江基建集团,2020-07-07 00:00:00,29.13,28.13,29.23,27.83,10.469,0.00125,3301751,137542010.0,-2.7652955409609428,28.93
HK.01038,长江基建集团,2020-07-08 00:00:00,28.23,27.78,28.53,27.23,10.38,0.00107,2831537,116114198.0,-1.2442232492001346,28.13
HK.01038,长江基建集团,2020-07-09 00:00:00,27.78,27.23,28.08,26.93,10.242,0.00099,2614761,106224825.0,-1.9798416126709888,27.78
HK.01038,长江基建集团,2020-07-10 00:00:00,27.18,26.53,27.33,26.23,10.065,0.00117,3112629,124214665.0,-2.5706940874035964,27.23
HK.01038,长江基建集团,2020-07-13 00:00:00,26.68,26.83,27.18,26.53,10.141,0.00069,1817173,73185944.0,1.1307953260459749,26.53
HK.01038,长江基建集团,2020-07-14 00:00:00,26.63,26.23,26.68,26.13,9.989,0.00115,3059160,121193750.0,-2.236302646291457,26.83
HK.01038,长江基建集团,2020-07-15 00:00:00,26.73,26.23,26.83,26.13,9.989,0.00063,1670488,66335843.0,0.0,26.23
HK.01038,长江基建集团,2020-07-16 00:00:00,26.53,26.18,26.83,26.08,9.977,0.00073,1941776,77209294.0,-0.19062142584826805,26.23
HK.01038,长江基建集团,2020-07-17 00:00:00,26.48,26.33,26.53,26.13,10.015,0.00045,1194154,47330046.0,0.5729564553093911,26.18
HK.01038,长江基建集团,2020-07-20 00:00:00,26.18,25.48,26.33,25.43,9.8,0.00114,3021651,118069261.0,-3.2282567413596577,26.33
HK.01038,长江基建集团,2020-07-21 00:00:00,25.43,26.03,26.08,25.43,9.939,0.00055,1450430,56918975.0,2.158555729984304,25.48
HK.01038,长江基建集团,2020-07-22 00:00:00,26.13,25.43,26.38,25.43,9.788,0.00054,1424237,55796071.0,-2.305032654629279,26.03
HK.01038,长江基建集团,2020-07-23 00:00:00,25.68,25.28,25.83,25.23,9.75,0.00112,2956473,114571703.0,-0.5898545025560307,25.43
HK.01038,长江基建集团,2020-07-24 00:00:00,25.23,24.93,25.43,24.63,9.661,0.00075,2000564,76530553.0,-1.3844936708860816,25.28
HK.01038,长江基建集团,2020-07-27 00:00:00,25.43,25.13,25.43,24.73,9.712,0.00066,1762630,67670765.0,0.8022462896109077,24.93
HK.01038,长江基建集团,2020-07-28 00:00:00,25.28,25.38,25.88,25.28,9.775,0.00075,1982119,76980930.0,0.9948269001193792,25.13
HK.01038,长江基建集团,2020-07-29 00:00:00,25.73,25.83,26.18,25.38,9.889,0.00129,3419396,133264575.0,1.7730496453900684,25.38
HK.01038,长江基建集团,2020-07-30 00:00:00,26.23,26.68,27.03,25.98,10.103,0.00118,3139540,125381330.0,3.2907471931862236,25.83
HK.01038,长江基建集团,2020-07-31 00:00:00,26.88,27.03,27.03,26.33,10.191,0.00119,3155014,126919585.0,1.3118440779610248,26.68
HK.01038,长江基建集团,2020-08-03 00:00:00,26.98,27.23,27.58,26.68,10.242,0.00139,3685115,149015125.0,0.7399186089530125,27.03
HK.01038,长江基建集团,2020-08-04 00:00:00,27.48,27.68,27.93,27.18,10.355,0.00091,2422131,98964449.0,1.6525890561880252,27.23
HK.01038,长江基建集团,2020-08-05 00:00:00,27.58,27.53,28.08,27.03,10.317,0.0008,2110984,86081023.0,-0.5419075144508619,27.68
HK.01038,长江基建集团,2020-08-06 00:00:00,27.03,26.33,27.08,25.83,10.015,0.00171,4528430,179136007.0,-4.358881220486752,27.53
HK.01038,长江基建集团,2020-08-07 00:00:00,26.38,26.43,26.83,26.13,10.04,0.00093,2456234,97854711.0,0.3797949107482014,26.33
HK.01038,长江基建集团,2020-08-10 00:00:00,26.48,26.78,27.13,26.43,10.128,0.0009,2380372,95631148.0,1.3242527430949733,26.43
HK.01038,长江基建集团,2020-08-11 00:00:00,27.18,27.38,27.53,26.78,10.28,0.00084,2214578,90076956.0,2.2404779686333005,26.78
HK.01038,长江基建集团,2020-08-12 00:00:00,27.48,28.18,28.28,27.03,10.481,0.00092,2430229,99814600.0,2.9218407596786,27.38
HK.01038,长江基建集团,2020-08-13 00:00:00,28.43,27.98,28.53,27.73,10.431,0.00059,1551492,64198239.0,-0.7097232079488974,28.18
HK.01038,长江基建集团,2020-08-14 00:00:00,28.33,28.18,28.33,27.63,10.481,0.0006,1585496,65660480.0,0.7147962830593255,27.98
HK.01038,长江基建集团,2020-08-17 00:00:00,28.18,28.08,28.53,27.93,10.456,0.00072,1910463,79409677.0,-0.35486160397445504,28.18
HK.01038,长江基建集团,2020-08-18 00:00:00,28.28,28.48,28.48,28.03,10.557,0.00054,1441960,60134033.0,1.4245014245014322,28.08
HK.01038,长江基建集团,2020-08-19 00:00:00,26.28,27.83,28.48,26.28,10.393,0.00039,1046123,43120425.0,-2.2823033707865243,28.48
HK.01038,长江基建集团,2020-08-20 00:00:00,27.43,27.43,27.93,27.23,10.292,0.00058,1541750,62983095.0,-1.437297879985622,27.83
HK.01038,长江基建集团,2020-08-21 00:00:00,27.98,27.68,27.98,27.23,10.355,0.00048,1284607,52626258.0,0.911410864017499,27.43
HK.01038,长江基建集团,2020-08-24 00:00:00,27.73,28.28,28.48,27.73,10.507,0.00061,1604416,66821467.0,2.1676300578034735,27.68
HK.01038,长江基建集团,2020-08-25 00:00:00,28.28,28.53,28.58,28.18,10.57,0.00052,1387299,57962859.0,0.884016973125884,28.28
HK.01038,长江基建集团,2020-08-26 00:00:00,28.58,27.98,28.58,27.83,10.431,0.00049,1304134,53982639.0,-1.9277953031896273,28.53
HK.01038,长江基建集团,2020-08-27 00:00:00,27.93,27.43,27.98,27.38,10.292,0.0006,1585269,64843402.0,-1.9656897784131548,27.98
HK.01038,长江基建集团,2020-08-28 00:00:00,27.43,27.83,28.43,27.28,10.393,0.00053,1415565,58452437.0,1.4582573824279934,27.43
HK.01038,长江基建集团,2020-08-31 00:00:00,27.98,27.63,28.38,27.48,10.343,0.00075,1988545,81838541.0,-0.718648939992811,27.83
HK.01038,长江基建集团,2020-09-01 00:00:00,27.48,27.53,27.73,27.28,10.317,0.00037,982303,40183697.0,-0.36192544335866045,27.63
HK.01038,长江基建集团,2020-09-02 00:00:00,27.33,27.33,27.63,27.13,10.267,0.0007,1864376,75852883.0,-0.7264802034144672,27.53
HK.01038,长江基建集团,2020-09-03 00:00:00,27.13,27.68,27.78,27.13,10.355,0.0006,1579730,64649229.0,1.2806439809732946,27.33
HK.01038,长江基建集团,2020-09-04 00:00:00,27.66,26.61,27.66,26.61,9.914,0.00157,4170316,164555395.0,-3.865606936416186,27.68
HK.01038,长江基建集团,2020-09-07 00:00:00,26.96,26.41,26.96,26.11,9.863,0.00087,2310017,90357888.0,-0.7515971439308504,26.61
HK.01038,长江基建集团,2020-09-08 00:00:00,26.31,25.81,26.41,25.51,9.712,0.00132,3503646,135255490.0,-2.271866717152599,26.41
HK.01038,长江基建集团,2020-09-09 00:00:00,25.36,25.61,25.76,25.36,9.661,0.00103,2718369,104081674.0,-0.7748934521503266,25.81
HK.01038,长江基建集团,2020-09-10 00:00:00,25.66,25.66,26.01,25.61,9.674,0.0005,1327405,51001265.0,0.19523623584537567,25.61
HK.01038,长江基建集团,2020-09-11 00:00:00,25.36,25.91,26.01,25.36,9.737,0.00077,2053061,78941157.0,0.9742790335151987,25.66
HK.01038,长江基建集团,2020-09-14 00:00:00,25.91,25.71,26.06,25.61,9.687,0.00051,1340001,51532662.0,-0.7719027402547252,25.91
HK.01038,长江基建集团,2020-09-15 00:00:00,25.61,25.41,25.71,25.31,9.611,0.00068,1792207,68437084.0,-1.1668611435239233,25.71
HK.01038,长江基建集团,2020-09-16 00:00:00,25.81,25.91,26.06,25.66,9.737,0.00071,1877375,72069851.0,1.967729240456513,25.41
HK.01038,长江基建集团,2020-09-17 00:00:00,26.11,25.71,26.11,25.36,9.687,0.00086,2282844,87657595.0,-0.7719027402547252,25.91
HK.01038,长江基建集团,2020-09-18 00:00:00,25.71,25.31,25.86,25.16,9.586,0.00165,4379710,166860715.0,-1.5558148580319024,25.71
HK.01038,长江基建集团,2020-09-21 00:00:00,25.41,24.66,25.46,24.41,9.422,0.00099,2616500,97846273.0,-2.5681548794942657,25.31
HK.01038,长江基建集团,2020-09-22 00:00:00,24.46,23.86,24.51,23.81,9.22,0.00103,2724851,99940430.0,-3.2441200324412036,24.66
HK.01038,长江基建集团,2020-09-23 00:00:00,24.11,23.86,24.26,23.61,9.22,0.00096,2543182,92836020.0,0.0,23.86
HK.01038,长江基建集团,2020-09-24 00:00:00,23.86,23.56,24.06,23.06,9.144,0.00108,2856035,103298875.0,-1.2573344509639595,23.86
HK.01038,长江基建集团,2020-09-25 00:00:00,23.56,23.81,23.81,23.41,9.207,0.00067,1788626,65006307.0,1.0611205432937183,23.56
HK.01038,长江基建集团,2020-09-28 00:00:00,23.76,23.66,23.91,23.26,9.17,0.00063,1665397,60284220.0,-0.629987400251989,23.81
HK.01038,长江基建集团,2020-09-29 00:00:00,23.91,23.56,23.91,23.16,9.144,0.0009,2397651,86609932.0,-0.42265426880812096,23.66
HK.01038,长江基建集团,2020-09-30 00:00:00,23.81,23.46,24.11,23.41,9.119,0.00056,1488575,54117710.0,-0.4244482173174783,23.56
HK.01038,长江基建集团,2020-10-05 00:00:00,23.26,23.61,23.91,23.06,9.157,0.00066,1750336,63430878.0,0.6393861892583059,23.46
HK.01038,长江基建集团,2020-10-06 00:00:00,23.86,24.51,24.51,23.81,9.384,0.00029,781107,28845161.0,3.811944091486667,23.61
HK.01038,长江基建集团,2020-10-07 00:00:00,24.51,24.46,24.66,23.91,9.371,0.0007,1865951,69217092.0,-0.20399836801305876,24.51
HK.01038,长江基建集团,2020-10-08 00:00:00,24.36,24.16,24.56,24.06,9.296,0.00063,1676206,61853619.0,-1.2264922322158656,24.46
HK.01038,长江基建集团,2020-10-09 00:00:00,24.46,23.91,24.51,23.81,9.233,0.00065,1720345,63051275.0,-1.03476821192053,24.16
HK.01038,长江基建集团,2020-10-12 00:00:00,23.71,24.11,24.26,23.71,9.283,0.00062,1631161,59889656.0,0.836470096194058,23.91
HK.01038,长江基建集团,2020-10-14 00:00:00,23.91,24.21,24.26,23.86,9.308,0.0008,2130823,78418601.0,0.4147656574035729,24.11
HK.01038,长江基建集团,2020-10-15 00:00:00,24.11,23.86,24.36,23.86,9.22,0.00049,1290432,47287618.0,-1.4456836018174366,24.21
HK.01038,长江基建集团,2020-10-16 00:00:00,23.96,23.91,24.06,23.81,9.233,0.00062,1648914,60334011.0,0.20955574182732906,23.86
HK.01038,长江基建集团,2020-10-19 00:00:00,23.96,24.01,24.26,23.86,9.258,0.00023,600267,22015367.0,0.4182350480970365,23.91
HK.01038,长江基建集团,2020-10-20 00:00:00,24.01,23.96,24.21,23.81,9.245,0.00053,1393487,51081761.0,-0.20824656393169808,24.01
HK.01038,长江基建集团,2020-10-21 00:00:00,24.16,24.16,24.26,23.96,9.296,0.00037,968306,35651053.0,0.8347245409014995,23.96
HK.01038,长江基建集团,2020-10-22 00:00:00,24.16,24.16,24.31,23.91,9.296,0.00054,1432535,52691454.0,0.0,24.16
HK.01038,长江基建集团,2020-10-23 00:00:00,23.91,24.46,24.51,23.91,9.371,0.00102,2708221,99932942.0,1.2417218543046387,24.16
HK.01038,长江基建集团,2020-10-27 00:00:00,24.11,24.11,24.21,23.91,9.283,0.00106,2804285,103048412.0,-1.4309076042518454,24.46
HK.01038,长江基建集团,2020-10-28 00:00:00,24.31,23.96,24.36,23.71,9.245,0.00145,3851203,141113307.0,-0.6221484861053446,24.11
HK.01038,长江基建集团,2020-10-29 00:00:00,23.61,23.71,23.81,23.41,9.182,0.00203,5381056,196041421.0,-1.0434056761268782,23.96
HK.01038,长江基建集团,2020-10-30 00:00:00,23.86,23.81,23.91,23.61,9.207,0.00108,2857662,104215928.0,0.4217629692112942,23.71
HK.01038,长江基建集团,2020-11-02 00:00:00,23.96,23.96,24.06,23.66,9.245,0.00066,1761993,64559635.0,0.629987400252004,23.81
HK.01038,长江基建集团,2020-11-03 00:00:00,24.06,25.11,25.41,24.01,9.535,0.00088,2327286,87295102.0,4.799666110183633,23.96
HK.01038,长江基建集团,2020-11-04 00:00:00,25.11,25.21,25.76,24.96,9.561,0.00071,1894340,72004973.0,0.3982477100756727,25.11
HK.01038,长江基建集团,2020-11-05 00:00:00,26.06,25.71,26.06,25.41,9.687,0.00082,2172603,83294746.0,1.9833399444664814,25.21
HK.01038,长江基建集团,2020-11-06 00:00:00,25.61,25.46,25.81,25.26,9.624,0.00057,1506490,57491507.0,-0.9723842862699339,25.71
HK.01038,长江基建集团,2020-11-09 00:00:00,25.56,25.71,26.11,25.41,9.687,0.00102,2692489,103092488.0,0.9819324430479183,25.46
HK.01038,长江基建集团,2020-11-10 00:00:00,26.31,26.76,26.76,26.11,9.952,0.00092,2450813,95776501.0,4.084014002333724,25.71
HK.01038,长江基建集团,2020-11-11 00:00:00,27.01,27.86,28.31,26.81,10.229,0.00126,3343306,135298860.0,4.110612855007465,26.76
HK.01038,长江基建集团,2020-11-12 00:00:00,28.01,27.06,28.01,26.61,10.027,0.00091,2417404,96097324.0,-2.8715003589375474,27.86
HK.01038,长江基建集团,2020-11-13 00:00:00,26.46,26.71,26.76,26.21,9.939,0.00064,1683193,66141417.0,-1.2934220251293342,27.06
HK.01038,长江基建集团,2020-11-16 00:00:00,27.21,27.26,27.41,26.86,10.078,0.00051,1348141,53655781.0,2.0591538749532035,26.71
HK.01038,长江基建集团,2020-11-17 00:00:00,27.31,27.26,27.41,27.01,10.078,0.00053,1400595,55949411.0,0.0,27.26
HK.01038,长江基建集团,2020-11-18 00:00:00,27.26,27.16,27.36,26.71,10.052,0.00046,1211284,48125708.0,-0.3668378576669164,27.26
HK.01038,长江基建集团,2020-11-19 00:00:00,27.26,27.36,27.46,26.81,10.103,0.00039,1026798,41042744.0,0.7363770250368162,27.16
HK.01038,长江基建集团,2020-11-20 00:00:00,27.01,26.46,27.21,26.21,9.876,0.00061,1616001,63448671.0,-3.289473684210521,27.36
HK.01038,长江基建集团,2020-11-23 00:00:00,26.41,26.61,26.66,26.31,9.914,0.00049,1305380,51134117.0,0.5668934240362757,26.46
HK.01038,长江基建集团,2020-11-24 00:00:00,26.76,27.26,27.26,26.51,10.078,0.00046,1206071,47858887.0,2.442690717775281,26.61
HK.01038,长江基建集团,2020-11-25 00:00:00,27.36,27.36,27.76,27.26,10.103,0.00058,1536434,61607799.0,0.3668378576669034,27.26
HK.01038,长江基建集团,2020-11-26 00:00:00,27.21,27.26,27.36,27.06,10.078,0.00046,1211631,48386070.0,-0.36549707602338405,27.36
HK.01038,长江基建集团,2020-11-27 00:00:00,27.41,27.36,27.51,27.11,10.103,0.00047,1242618,49752259.0,0.3668378576669034,27.26
HK.01038,长江基建集团,2020-11-30 00:00:00,27.51,26.96,27.56,26.86,10.002,0.00163,4329312,171980184.0,-1.4619883040935622,27.36
HK.01038,长江基建集团,2020-12-01 00:00:00,27.21,26.66,27.31,26.51,9.926,0.00047,1256393,49767734.0,-1.1127596439169167,26.96
HK.01038,长江基建集团,2020-12-02 00:00:00,26.81,27.71,27.76,26.81,10.191,0.00058,1536526,61722192.0,3.9384846211552915,26.66
HK.01038,长江基建集团,2020-12-03 00:00:00,27.66,27.71,28.06,27.36,10.191,0.00056,1473405,59564638.0,0.0,27.71
HK.01038,长江基建集团,2020-12-04 00:00:00,27.81,27.51,27.81,27.51,10.141,0.00078,2072063,83427789.0,-0.721761097076865,27.71
HK.01038,长江基建集团,2020-12-07 00:00:00,27.31,26.81,27.56,26.56,9.964,0.00049,1299787,51372015.0,-2.5445292620865243,27.51
HK.01038,长江基建集团,2020-12-08 00:00:00,27.01,27.06,27.11,26.61,10.027,0.00041,1098889,43554149.0,0.9324878776575904,26.81
HK.01038,长江基建集团,2020-12-09 00:00:00,26.71,26.86,27.11,26.71,9.977,0.00044,1162593,45985547.0,-0.7390983000739072,27.06
HK.01038,长江基建集团,2020-12-10 00:00:00,26.86,27.31,27.31,26.61,10.09,0.00041,1098784,43650167.0,1.6753536857781062,26.86
HK.01038,长江基建集团,2020-12-11 00:00:00,27.21,27.26,27.56,27.01,10.078,0.00038,1001009,40061350.0,-0.18308311973634991,27.31
HK.01038,长江基建集团,2020-12-14 00:00:00,27.61,27.11,27.61,27.11,10.04,0.00037,974354,38909937.0,-0.5502567865003747,27.26
HK.01038,长江基建集团,2020-12-15 00:00:00,26.81,26.81,27.11,26.51,9.964,0.00056,1483870,58557199.0,-1.106602729620069,27.11
HK.01038,长江基建集团,2020-12-16 00:00:00,26.81,26.81,27.31,26.76,9.964,0.00033,875029,34709627.0,0.0,26.81
HK.01038,长江基建集团,2020-12-17 00:00:00,26.71,26.96,27.11,26.71,10.002,0.00041,1083337,42845404.0,0.5594927265945623,26.81
HK.01038,长江基建集团,2020-12-18 00:00:00,26.76,27.41,27.41,26.76,10.116,0.00068,1814598,72510674.0,1.6691394658753682,26.96
HK.01038,长江基建集团,2020-12-21 00:00:00,26.91,26.86,27.11,26.71,9.977,0.00058,1536210,60697758.0,-2.0065669463699405,27.41
HK.01038,长江基建集团,2020-12-22 00:00:00,27.21,26.71,27.21,26.46,9.939,0.00083,2194769,86412675.0,-0.5584512285926977,26.86
HK.01038,长江基建集团,2020-12-23 00:00:00,26.66,27.26,27.46,26.51,10.078,0.00043,1147116,45512508.0,2.0591538749532035,26.71
HK.01038,长江基建集团,2020-12-24 00:00:00,27.31,27.21,27.41,27.11,10.065,0.00032,840823,33611423.0,-0.1834189288334582,27.26
HK.01038,长江基建集团,2020-12-28 00:00:00,27.21,28.56,28.81,27.21,10.406,0.00086,2283454,93715486.0,4.961411245865483,27.21
HK.01038,长江基建集团,2020-12-29 00:00:00,28.31,28.01,28.56,27.66,10.267,0.00042,1107343,44986554.0,-1.9257703081232393,28.56
HK.01038,长江基建集团,2020-12-30 00:00:00,28.01,28.56,28.61,28.01,10.406,0.00046,1209150,49683085.0,1.9635844341306572,28.01
HK.01038,长江基建集团,2020-12-31 00:00:00,28.56,28.96,29.06,28.46,10.507,0.00056,1483367,61598938.0,1.4005602240896433,28.56
HK.01038,长江基建集团,2021-01-04 00:00:00,29.06,29.56,30.01,28.91,10.658,0.00092,2434421,102894541.0,2.071823204419882,28.96
HK.01038,长江基建集团,2021-01-05 00:00:00,29.76,30.06,30.06,29.51,10.784,0.00062,1640531,69803646.0,1.6914749661705006,29.56
HK.01038,长江基建集团,2021-01-06 00:00:00,30.11,29.81,30.11,29.41,10.721,0.00042,1119065,47440821.0,-0.8316699933466402,30.06
HK.01038,长江基建集团,2021-01-07 00:00:00,29.56,29.01,29.56,28.86,10.519,0.0005,1327946,55503920.0,-2.6836632002683567,29.81
HK.01038,长江基建集团,2021-01-08 00:00:00,29.11,29.21,29.21,28.56,10.57,0.00083,2206587,91901981.0,0.6894174422612867,29.01
HK.01038,长江基建集团,2021-01-11 00:00:00,29.66,29.21,29.66,28.81,10.57,0.00059,1566063,65498567.0,0.0,29.21
HK.01038,长江基建集团,2021-01-12 00:00:00,29.46,29.66,30.06,29.31,10.683,0.0006,1598462,67721594.0,1.540568298527899,29.21
HK.01038,长江基建集团,2021-01-13 00:00:00,29.66,30.46,30.71,29.56,10.885,0.00066,1739484,74795780.0,2.6972353337828747,29.66
HK.01038,长江基建集团,2021-01-14 00:00:00,30.01,30.36,30.81,29.96,10.86,0.0005,1326082,56922246.0,-0.32829940906106836,30.46
HK.01038,长江基建集团,2021-01-15 00:00:00,30.76,30.21,30.76,30.21,10.822,0.00048,1263019,54416558.0,-0.4940711462450546,30.36
HK.01038,长江基建集团,2021-01-18 00:00:00,30.11,29.66,30.31,29.36,10.683,0.00039,1037197,43862648.0,-1.8205892088712368,30.21
HK.01038,长江基建集团,2021-01-19 00:00:00,29.46,30.16,30.31,29.46,10.809,0.0007,1844046,78750911.0,1.6857720836142953,29.66
HK.01038,长江基建集团,2021-01-20 00:00:00,29.71,30.36,30.46,29.71,10.86,0.00066,1739681,74491605.0,0.6631299734747986,30.16
HK.01038,长江基建集团,2021-01-21 00:00:00,30.41,31.31,31.31,30.26,11.099,0.00096,2549632,111515430.0,3.12911725955204,30.36
HK.01038,长江基建集团,2021-01-22 00:00:00,31.31,30.66,31.31,30.31,10.935,0.00055,1469220,63641157.0,-2.0760140530182007,31.31
HK.01038,长江基建集团,2021-01-25 00:00:00,30.66,29.96,30.71,29.61,10.759,0.00052,1389154,59187778.0,-2.283105022831048,30.66
HK.01038,长江基建集团,2021-01-26 00:00:00,30.21,30.11,30.56,29.71,10.797,0.00054,1423790,60841878.0,0.5006675567423183,29.96
HK.01038,长江基建集团,2021-01-27 00:00:00,30.11,30.21,30.71,29.51,10.822,0.00068,1789388,76585562.0,0.33211557622052945,30.11
HK.01038,长江基建集团,2021-01-28 00:00:00,30.26,29.76,30.31,29.36,10.708,0.00066,1746365,73939651.0,-1.4895729890764624,30.21
HK.01038,长江基建集团,2021-01-29 00:00:00,29.76,28.66,29.76,28.41,10.431,0.00127,3367030,139538975.0,-3.6962365591397894,29.76
HK.01038,长江基建集团,2021-02-01 00:00:00,28.56,28.86,29.06,28.46,10.481,0.00057,1506645,62482154.0,0.6978367062107441,28.66
HK.01038,长江基建集团,2021-02-02 00:00:00,28.86,29.11,29.61,28.61,10.544,0.00049,1304992,54347325.0,0.8662508662508662,28.86
HK.01038,长江基建集团,2021-02-03 00:00:00,29.11,29.01,29.11,28.51,10.519,0.00065,1714811,71096981.0,-0.34352456200617615,29.11
HK.01038,长江基建集团,2021-02-04 00:00:00,29.01,29.26,29.26,28.61,10.582,0.00069,1828211,76141542.0,0.8617718028266115,29.01
HK.01038,长江基建集团,2021-02-05 00:00:00,28.61,29.16,29.26,28.61,10.557,0.00038,1013254,42195248.0,-0.3417634996582414,29.26
HK.01038,长江基建集团,2021-02-08 00:00:00,29.16,29.26,29.51,28.96,10.582,0.00035,932512,39049890.0,0.3429355281207182,29.16
HK.01038,长江基建集团,2021-02-09 00:00:00,29.01,29.21,29.51,28.91,10.57,0.00042,1122207,46995070.0,-0.1708817498291207,29.26
HK.01038,长江基建集团,2021-02-10 00:00:00,29.31,29.26,29.46,28.91,10.582,0.00084,2221176,92893437.0,0.17117425539199146,29.21
HK.01038,长江基建集团,2021-02-11 00:00:00,29.26,29.66,29.81,29.11,10.683,0.00031,830479,35111460.0,1.367053998632941,29.26
HK.01038,长江基建集团,2021-02-16 00:00:00,29.81,30.51,30.81,29.66,10.898,0.00074,1949074,83907034.0,2.865812542144307,29.66
HK.01038,长江基建集团,2021-02-17 00:00:00,30.46,30.26,30.51,29.81,10.835,0.00075,1989172,85274263.0,-0.8194034742707308,30.51
HK.01038,长江基建集团,2021-02-18 00:00:00,29.91,29.81,30.11,29.66,10.721,0.0006,1596711,67911502.0,-1.4871116986120383,30.26
HK.01038,长江基建集团,2021-02-19 00:00:00,29.81,30.16,30.21,29.41,10.809,0.00066,1751909,74523975.0,1.174102650117415,29.81
HK.01038,长江基建集团,2021-02-22 00:00:00,30.16,30.06,30.76,29.96,10.784,0.00073,1924846,82662438.0,-0.33156498673740525,30.16
HK.01038,长江基建集团,2021-02-23 00:00:00,31.06,30.71,31.06,30.16,10.948,0.00069,1833040,79348324.0,2.162341982701271,30.06
HK.01038,长江基建集团,2021-02-24 00:00:00,30.91,30.66,31.81,30.46,10.935,0.00171,4534127,197977021.0,-0.16281341582546632,30.71
HK.01038,长江基建集团,2021-02-25 00:00:00,31.46,33.31,33.66,31.31,11.604,0.00196,5204094,236663012.0,8.643183300717554,30.66
HK.01038,长江基建集团,2021-02-26 00:00:00,32.66,32.26,33.21,32.01,11.339,0.00132,3504287,158453565.0,-3.1522065445812193,33.31
HK.01038,长江基建集团,2021-03-01 00:00:00,32.56,31.71,32.76,31.31,11.2,0.00085,2248957,100096220.0,-1.704897706137623,32.26
HK.01038,长江基建集团,2021-03-02 00:00:00,32.06,31.41,32.11,30.81,11.125,0.00104,2747897,120793728.0,-0.9460737937559152,31.71
HK.01038,长江基建集团,2021-03-03 00:00:00,31.91,31.91,32.26,31.31,11.251,0.00071,1876580,83634625.0,1.591849729385546,31.41
HK.01038,长江基建集团,2021-03-04 00:00:00,31.91,32.01,32.21,31.36,11.276,0.00069,1829891,81532953.0,0.3133813851457157,31.91
HK.01038,长江基建集团,2021-03-05 00:00:00,31.96,31.81,31.96,31.11,11.226,0.00048,1272889,56516621.0,-0.6248047485160865,32.01
HK.01038,长江基建集团,2021-03-08 00:00:00,31.81,33.46,33.81,31.81,11.642,0.00132,3496972,159967738.0,5.187048098082371,31.81
HK.01038,长江基建集团,2021-03-09 00:00:00,33.56,33.66,34.76,33.31,11.692,0.00117,3102070,144510236.0,0.5977286312014218,33.46
HK.01038,长江基建集团,2021-03-10 00:00:00,33.46,32.96,33.51,32.76,11.516,0.00108,2860954,130783558.0,-2.079619726678538,33.66
HK.01038,长江基建集团,2021-03-11 00:00:00,32.91,33.01,33.81,32.61,11.528,0.00057,1516104,69368126.0,0.15169902912620495,32.96
HK.01038,长江基建集团,2021-03-12 00:00:00,33.01,32.66,33.36,32.51,11.44,0.00066,1757217,80069968.0,-1.0602847621932792,33.01
HK.01038,长江基建集团,2021-03-15 00:00:00,32.66,33.31,33.41,32.66,11.604,0.00051,1356678,62122100.0,1.9902020820575805,32.66
HK.01038,长江基建集团,2021-03-16 00:00:00,33.66,33.26,33.81,32.91,11.591,0.00047,1232744,56622748.0,-0.15010507355149882,33.31
HK.01038,长江基建集团,2021-03-17 00:00:00,33.31,33.21,33.91,32.91,11.579,0.00066,1741906,80364171.0,-0.15033072760071306,33.26
HK.01038,长江基建集团,2021-03-18 00:00:00,33.21,33.86,34.56,33.21,16.853,0.00062,1644651,76588597.0,1.9572417946401643,33.21
HK.01038,长江基建集团,2021-03-19 00:00:00,33.76,32.91,34.11,32.46,16.509,0.00192,5100939,232681418.0,-2.805670407560552,33.86
HK.01038,长江基建集团,2021-03-22 00:00:00,33.16,33.71,33.86,33.16,16.799,0.0009,2395663,110504399.0,2.4308720753570476,32.91
HK.01038,长江基建集团,2021-03-23 00:00:00,34.51,33.46,34.51,33.06,16.708,0.00084,2237294,103238971.0,-0.7416196974191634,33.71
HK.01038,长江基建集团,2021-03-24 00:00:00,33.36,32.76,33.36,32.61,16.455,0.00073,1945191,88547459.0,-2.0920502092050297,33.46
HK.01038,长江基建集团,2021-03-25 00:00:00,32.51,33.06,33.31,32.36,16.564,0.0008,2116140,96669538.0,0.9157509157509288,32.76
HK.01038,长江基建集团,2021-03-26 00:00:00,34.21,33.36,34.21,33.11,16.672,0.00073,1933064,89144673.0,0.9074410163339297,33.06
HK.01038,长江基建集团,2021-03-29 00:00:00,33.41,33.86,34.26,33.36,16.853,0.00049,1309904,61059156.0,1.498800959232614,33.36
HK.01038,长江基建集团,2021-03-30 00:00:00,34.21,34.11,34.26,33.51,16.944,0.00041,1082971,50604247.0,0.7383343177790904,33.86
HK.01038,长江基建集团,2021-03-31 00:00:00,33.91,33.51,33.91,33.31,16.727,0.00075,1979037,91462230.0,-1.7590149516270932,34.11
HK.01038,长江基建集团,2021-04-01 00:00:00,33.51,33.51,34.06,33.31,16.727,0.00042,1117270,51588603.0,0.0,33.51
HK.01038,长江基建集团,2021-04-07 00:00:00,33.51,33.46,34.16,33.31,16.708,0.00046,1214350,56181766.0,-0.14920919128617477,33.51
HK.01038,长江基建集团,2021-04-08 00:00:00,33.51,33.76,34.01,33.46,16.817,0.00056,1484136,68880136.0,0.8965929468021433,33.46
HK.01038,长江基建集团,2021-04-09 00:00:00,33.91,33.86,34.01,33.61,16.853,0.0003,783749,36422774.0,0.29620853080569143,33.76
HK.01038,长江基建集团,2021-04-12 00:00:00,34.06,33.76,34.16,33.41,16.817,0.00108,2854800,132418245.0,-0.29533372711164035,33.86
HK.01038,长江基建集团,2021-04-13 00:00:00,34.16,34.61,35.06,33.86,17.125,0.00074,1973101,92999003.0,2.517772511848346,33.76
HK.01038,长江基建集团,2021-04-14 00:00:00,34.96,34.81,35.11,34.71,17.197,0.00044,1163190,55322919.0,0.5778676683039666,34.61
HK.01038,长江基建集团,2021-04-15 00:00:00,35.11,34.41,35.16,34.36,17.052,0.00038,1002071,47330373.0,-1.1490950876185169,34.81
HK.01038,长江基建集团,2021-04-16 00:00:00,34.51,34.41,34.86,34.16,17.052,0.00037,968173,45654627.0,0.0,34.41
HK.01038,长江基建集团,2021-04-19 00:00:00,34.51,35.01,35.46,34.46,17.27,0.00045,1198477,57274297.0,1.743679163034006,34.41
HK.01038,长江基建集团,2021-04-20 00:00:00,35.16,35.21,35.31,34.81,17.342,0.00029,776592,37207426.0,0.5712653527563635,35.01
HK.01038,长江基建集团,2021-04-21 00:00:00,35.16,35.06,35.26,34.66,17.288,0.00033,861555,41071485.0,-0.4260153365521119,35.21
HK.01038,长江基建集团,2021-04-22 00:00:00,35.06,34.96,35.61,34.81,17.251,0.00028,746041,35631885.0,-0.28522532800913125,35.06
HK.01038,长江基建集团,2021-04-23 00:00:00,34.91,35.11,35.16,34.66,17.306,0.0003,782169,37251060.0,0.4290617848970211,34.96
HK.01038,长江基建集团,2021-04-26 00:00:00,35.11,34.71,35.11,34.31,17.161,0.00028,743063,35159839.0,-1.1392765593847867,35.11
HK.01038,长江基建集团,2021-04-27 00:00:00,34.41,34.56,35.06,34.41,17.107,0.00015,390408,18476058.0,-0.43215211754537186,34.71
HK.01038,长江基建集团,2021-04-28 00:00:00,34.61,34.36,34.91,34.31,17.034,0.00038,1010762,47712884.0,-0.5787037037037119,34.56
HK.01038,长江基建集团,2021-04-29 00:00:00,34.56,35.11,35.21,34.56,17.306,0.0004,1048880,50071099.0,2.1827706635622817,34.36
HK.01038,长江基建集团,2021-04-30 00:00:00,34.81,34.91,34.91,34.41,17.233,0.00049,1301912,61817348.0,-0.5696382796924034,35.11
HK.01038,长江基建集团,2021-05-03 00:00:00,34.81,34.66,34.91,34.31,17.143,0.00036,947026,44679386.0,-0.7161271841879119,34.91
HK.01038,长江基建集团,2021-05-04 00:00:00,34.91,35.11,35.11,34.56,17.306,0.00034,909794,43288002.0,1.2983266012694832,34.66
HK.01038,长江基建集团,2021-05-05 00:00:00,35.21,36.51,36.51,35.11,17.813,0.00087,2295468,112162457.0,3.9874679578467633,35.11
HK.01038,长江基建集团,2021-05-06 00:00:00,36.71,36.51,37.11,35.91,17.813,0.00056,1477572,72527345.0,0.0,36.51
HK.01038,长江基建集团,2021-05-07 00:00:00,36.66,36.66,36.91,36.41,17.867,0.00059,1570201,77489976.0,0.41084634346753923,36.51
HK.01038,长江基建集团,2021-05-10 00:00:00,36.66,37.21,37.56,36.66,18.066,0.00049,1291500,64285352.0,1.5002727768685333,36.66
HK.01038,长江基建集团,2021-05-11 00:00:00,37.21,36.16,37.46,36.01,17.686,0.00068,1803169,88541083.0,-2.8218220908358083,37.21
HK.01038,长江基建集团,2021-05-12 00:00:00,36.11,36.56,36.61,35.91,17.831,0.00047,1248922,61212847.0,1.1061946902655024,36.16
HK.01038,长江基建集团,2021-05-13 00:00:00,36.61,37.01,37.46,36.61,17.994,0.00097,2559968,127373651.0,1.2308533916848896,36.56
HK.01038,长江基建集团,2021-05-14 00:00:00,37.21,36.76,37.26,36.71,17.903,0.00072,1912418,94802351.0,-0.6754931099702783,37.01
HK.01038,长江基建集团,2021-05-17 00:00:00,36.8,36.1,36.8,35.35,17.016,0.00079,2081266,97466787.0,-1.7954298150163128,36.76
HK.01038,长江基建集团,2021-05-18 00:00:00,36.1,36.9,37.45,36.1,17.306,0.0004,1070286,51174925.0,2.216066481994452,36.1
HK.01038,长江基建集团,2021-05-20 00:00:00,36.65,36.65,37.1,36.15,17.215,0.00061,1605990,76428466.0,-0.6775067750677507,36.9
HK.01038,长江基建集团,2021-05-21 00:00:00,37.0,35.95,37.0,35.9,16.962,0.00053,1391757,65390118.0,-1.909959072305582,36.65
HK.01038,长江基建集团,2021-05-24 00:00:00,36.35,36.2,36.5,36.05,17.052,0.00032,851342,40164819.0,0.6954102920723226,35.95
HK.01038,长江基建集团,2021-05-25 00:00:00,36.65,36.35,36.65,36.1,17.107,0.00042,1116761,52759566.0,0.41436464088397396,36.2
HK.01038,长江基建集团,2021-05-26 00:00:00,36.55,36.95,36.95,36.55,17.324,0.00051,1351640,64484364.0,1.6506189821182984,36.35
HK.01038,长江基建集团,2021-05-27 00:00:00,36.95,37.75,37.9,36.9,17.614,0.00113,2991806,145249881.0,2.165087956698233,36.95
HK.01038,长江基建集团,2021-05-28 00:00:00,38.05,38.5,38.6,37.9,17.885,0.00077,2044971,100737540.0,1.9867549668874174,37.75
HK.01038,长江基建集团,2021-05-31 00:00:00,38.4,37.45,38.5,37.2,17.505,0.00066,1753316,85125637.0,-2.72727272727272,38.5
HK.01038,长江基建集团,2021-06-01 00:00:00,37.45,37.75,37.75,37.05,17.614,0.0004,1058507,51249348.0,0.8010680907877094,37.45
HK.01038,长江基建集团,2021-06-02 00:00:00,37.85,37.7,38.2,37.4,17.595,0.00044,1159675,56276277.0,-0.1324503311258203,37.75
HK.01038,长江基建集团,2021-06-03 00:00:00,37.7,36.45,37.9,36.35,17.143,0.0007,1844007,87793958.0,-3.315649867374005,37.7
HK.01038,长江基建集团,2021-06-04 00:00:00,36.35,37.05,37.25,36.3,17.36,0.00066,1736438,83068623.0,1.646090534979408,36.45
HK.01038,长江基建集团,2021-06-07 00:00:00,37.0,37.4,37.4,36.6,17.487,0.00048,1260363,60464288.0,0.9446693657220012,37.05
HK.01038,长江基建集团,2021-06-08 00:00:00,37.4,36.95,37.5,36.7,17.324,0.00092,2438975,116721055.0,-1.2032085561497212,37.4
HK.01038,长江基建集团,2021-06-09 00:00:00,37.3,37.0,37.35,36.75,17.342,0.00024,639692,30610315.0,0.13531799729363234,36.95
HK.01038,长江基建集团,2021-06-10 00:00:00,36.95,37.15,37.4,36.95,17.396,0.00033,880186,42321147.0,0.40540540540540154,37.0
HK.01038,长江基建集团,2021-06-11 00:00:00,37.15,37.2,37.55,36.9,17.414,0.00043,1138842,54774511.0,0.134589502018854,37.15
HK.01038,长江基建集团,2021-06-15 00:00:00,37.2,37.1,37.4,36.5,17.378,0.00044,1159012,55507022.0,-0.2688172043010791,37.2
HK.01038,长江基建集团,2021-06-16 00:00:00,36.7,37.15,37.3,36.7,17.396,0.00024,642962,30883342.0,0.13477088948786295,37.1
HK.01038,长江基建集团,2021-06-17 00:00:00,36.55,37.2,37.25,36.55,17.414,0.00063,1676881,80276110.0,0.134589502018854,37.15
HK.01038,长江基建集团,2021-06-18 00:00:00,37.2,37.2,37.3,36.75,17.414,0.00077,2049703,98535687.0,0.0,37.2
HK.01038,长江基建集团,2021-06-21 00:00:00,36.55,36.3,36.9,36.0,17.089,0.00045,1180180,55696481.0,-2.4193548387096926,37.2
HK.01038,长江基建集团,2021-06-22 00:00:00,36.3,36.1,36.6,36.1,17.016,0.00026,698411,32949183.0,-0.550964187327812,36.3
HK.01038,长江基建集团,2021-06-23 00:00:00,36.25,36.75,36.9,36.1,17.251,0.00029,759578,36034857.0,1.8005540166204945,36.1
HK.01038,长江基建集团,2021-06-24 00:00:00,36.95,36.5,37.0,36.25,17.161,0.0006,1584683,75164191.0,-0.6802721088435374,36.75
HK.01038,长江基建集团,2021-06-25 00:00:00,37.25,36.25,37.25,36.2,17.07,0.00047,1238785,58596543.0,-0.684931506849315,36.5
HK.01038,长江基建集团,2021-06-28 00:00:00,36.5,36.35,37.1,36.1,17.107,0.00039,1046357,49349812.0,0.2758620689655212,36.25
HK.01038,长江基建集团,2021-06-29 00:00:00,36.5,35.5,36.5,35.5,16.799,0.00076,2010795,93859833.0,-2.338376891334254,36.35
HK.01038,长江基建集团,2021-06-30 00:00:00,35.4,35.4,35.8,35.15,16.763,0.00043,1128509,52388189.0,-0.28169014084507443,35.5
HK.01038,长江基建集团,2021-07-02 00:00:00,35.4,35.6,35.7,34.6,16.835,0.00067,1779905,82251496.0,0.5649717514124375,35.4
HK.01038,长江基建集团,2021-07-05 00:00:00,35.6,36.15,36.3,35.1,17.034,0.00043,1151719,53872253.0,1.544943820224711,35.6
HK.01038,长江基建集团,2021-07-06 00:00:00,36.1,35.9,36.3,35.6,16.944,0.00033,871770,40814211.0,-0.6915629322268327,36.15
HK.01038,长江基建集团,2021-07-07 00:00:00,36.05,35.65,36.05,35.3,16.853,0.00033,862206,40062246.0,-0.6963788300835655,35.9
HK.01038,长江基建集团,2021-07-08 00:00:00,35.6,34.8,35.6,34.6,16.545,0.00061,1629985,74653122.0,-2.3842917251051934,35.65
HK.01038,长江基建集团,2021-07-09 00:00:00,34.6,34.35,34.7,34.05,16.383,0.00066,1749826,79200323.0,-1.2931034482758499,34.8
HK.01038,长江基建集团,2021-07-12 00:00:00,34.75,34.55,34.8,34.05,16.455,0.0003,785950,35603682.0,0.5822416302765523,34.35
HK.01038,长江基建集团,2021-07-13 00:00:00,34.95,35.6,35.75,34.7,16.835,0.00056,1479999,68452901.0,3.0390738060781604,34.55
HK.01038,长江基建集团,2021-07-14 00:00:00,35.55,35.45,36.0,35.1,16.781,0.00034,905448,41911863.0,-0.42134831460673755,35.6
HK.01038,长江基建集团,2021-07-15 00:00:00,35.75,36.25,36.45,35.55,17.07,0.00037,977162,45991315.0,2.256699576868821,35.45
HK.01038,长江基建集团,2021-07-16 00:00:00,36.25,35.4,36.35,35.4,16.763,0.0005,1330739,61802758.0,-2.3448275862069003,36.25
HK.01038,长江基建集团,2021-07-19 00:00:00,35.4,35.0,35.6,34.65,16.618,0.0005,1331946,61092245.0,-1.1299435028248548,35.4
HK.01038,长江基建集团,2021-07-20 00:00:00,34.85,34.8,35.35,34.6,16.545,0.00032,840870,38563933.0,-0.5714285714285796,35.0
HK.01038,长江基建集团,2021-07-21 00:00:00,34.4,34.85,35.1,34.4,16.564,0.00019,514670,23524505.0,0.1436781609195525,34.8
HK.01038,长江基建集团,2021-07-22 00:00:00,35.35,35.5,35.9,35.0,16.799,0.00054,1444020,66964991.0,1.8651362984218034,34.85
HK.01038,长江基建集团,2021-07-23 00:00:00,35.5,35.7,35.95,35.45,16.871,0.00025,655416,30509719.0,0.5633802816901489,35.5
HK.01038,长江基建集团,2021-07-26 00:00:00,35.65,36.05,36.5,35.2,16.998,0.00082,2182299,102234197.0,0.9803921568627292,35.7
HK.01038,长江基建集团,2021-07-27 00:00:00,36.45,36.25,37.6,35.75,17.07,0.00091,2408912,114736471.0,0.5547850208044461,36.05
HK.01038,长江基建集团,2021-07-28 00:00:00,36.7,36.0,36.9,35.8,16.98,0.00057,1503529,70737278.0,-0.6896551724137931,36.25
HK.01038,长江基建集团,2021-07-29 00:00:00,35.8,36.05,36.4,35.5,16.998,0.00037,984347,46162348.0,0.138888888888881,36.0
HK.01038,长江基建集团,2021-07-30 00:00:00,36.05,36.05,36.75,35.2,16.998,0.00069,1822189,85762656.0,0.0,36.05
HK.01038,长江基建集团,2021-08-02 00:00:00,36.05,36.25,36.55,35.85,17.07,0.00019,515232,24261112.0,0.5547850208044461,36.05
HK.01038,长江基建集团,2021-08-03 00:00:00,36.25,36.3,36.3,35.8,17.089,0.00019,505332,23749152.0,0.1379310344827508,36.25
HK.01038,长江基建集团,2021-08-04 00:00:00,36.4,36.7,36.8,36.35,17.233,0.00026,699395,33211235.0,1.1019283746556632,36.3
HK.01038,长江基建集团,2021-08-05 00:00:00,36.7,36.7,36.85,36.15,17.233,0.00036,942428,44701914.0,0.0,36.7
HK.01038,长江基建集团,2021-08-06 00:00:00,36.7,36.6,36.9,36.15,17.197,0.0003,793010,37663081.0,-0.2724795640327014,36.7
HK.01038,长江基建集团,2021-08-09 00:00:00,36.65,36.6,37.45,36.55,17.197,0.00021,561133,26748777.0,0.0,36.6
HK.01038,长江基建集团,2021-08-10 00:00:00,36.55,35.9,36.75,35.85,16.944,0.00038,1017490,47694634.0,-1.9125683060109366,36.6
HK.01038,长江基建集团,2021-08-11 00:00:00,35.8,35.9,36.2,35.6,16.944,0.00049,1302252,60819069.0,0.0,35.9
HK.01038,长江基建集团,2021-08-12 00:00:00,35.95,36.5,36.7,35.8,17.161,0.00022,589486,27850477.0,1.671309192200561,35.9
HK.01038,长江基建集团,2021-08-13 00:00:00,36.5,36.1,36.6,35.9,17.016,0.00026,676284,31823421.0,-1.0958904109589003,36.5
HK.01038,长江基建集团,2021-08-16 00:00:00,36.4,36.6,37.05,36.25,17.197,0.0004,1055848,50197894.0,1.3850415512465373,36.1
HK.01038,长江基建集团,2021-08-17 00:00:00,37.0,36.05,37.0,36.05,16.998,0.00048,1261956,59507009.0,-1.5027322404371701,36.6
HK.01038,长江基建集团,2021-08-18 00:00:00,36.05,36.55,36.8,35.9,17.179,0.00019,516183,24460940.0,1.3869625520110958,36.05
HK.01038,长江基建集团,2021-08-19 00:00:00,36.85,36.1,36.85,36.05,17.016,0.00026,678175,31929111.0,-1.2311901504787846,36.55
HK.01038,长江基建集团,2021-08-20 00:00:00,36.7,36.05,36.7,36.0,16.998,0.00032,836267,39330466.0,-0.13850415512466555,36.1
HK.01038,长江基建集团,2021-08-23 00:00:00,36.05,36.5,36.8,36.05,17.161,0.00035,920545,43611930.0,1.248266296809994,36.05
HK.01038,长江基建集团,2021-08-24 00:00:00,36.4,36.1,36.5,36.0,17.016,0.00029,776523,36519464.0,-1.0958904109589003,36.5
HK.01038,长江基建集团,2021-08-25 00:00:00,35.8,35.95,36.1,35.8,16.962,0.00029,768157,35946364.0,-0.41551246537395725,36.1
HK.01038,长江基建集团,2021-08-26 00:00:00,35.95,36.25,36.3,35.8,17.07,0.00021,550353,25872044.0,0.8344923504867793,35.95
HK.01038,长江基建集团,2021-08-27 00:00:00,36.55,35.9,36.6,35.9,16.944,0.00018,478539,22479247.0,-0.9655172413793143,36.25
HK.01038,长江基建集团,2021-08-30 00:00:00,35.9,36.05,36.4,35.8,16.998,0.00029,773228,36363350.0,0.4178272980501353,35.9
HK.01038,长江基建集团,2021-08-31 00:00:00,36.05,36.35,36.4,35.7,17.107,0.00079,2098581,98925792.0,0.8321775312066694,36.05
HK.01038,长江基建集团,2021-09-01 00:00:00,36.35,36.05,36.35,35.9,16.998,0.00074,1963622,92329015.0,-0.8253094910591589,36.35
HK.01038,长江基建集团,2021-09-02 00:00:00,36.05,36.1,36.45,36.05,17.016,0.00036,958940,45138562.0,0.13869625520112142,36.05
HK.01038,长江基建集团,2021-09-03 00:00:00,36.09,35.59,36.19,35.59,16.582,0.00059,1565139,71919402.0,-1.4127423822714626,36.1
HK.01038,长江基建集团,2021-09-06 00:00:00,35.59,35.14,36.04,35.09,16.419,0.00051,1344220,61457824.0,-1.264400112391129,35.59
HK.01038,长江基建集团,2021-09-07 00:00:00,34.84,33.94,35.29,33.69,15.984,0.00124,3277150,145648675.0,-3.4149117814456544,35.14
HK.01038,长江基建集团,2021-09-08 00:00:00,33.94,33.94,34.29,33.79,15.984,0.00043,1142025,50418955.0,0.0,33.94
HK.01038,长江基建集团,2021-09-09 00:00:00,33.79,33.69,34.24,33.69,15.894,0.00032,849447,37415133.0,-0.7365939893930467,33.94
HK.01038,长江基建集团,2021-09-10 00:00:00,33.64,34.09,34.19,33.64,16.039,0.00017,461586,20383168.0,1.1872959335114448,33.69
HK.01038,长江基建集团,2021-09-13 00:00:00,33.99,33.84,34.19,33.49,15.948,0.00041,1096551,48363890.0,-0.7333528894103842,34.09
HK.01038,长江基建集团,2021-09-14 00:00:00,33.69,33.64,33.99,33.64,15.876,0.00024,638852,28087738.0,-0.5910165484633653,33.84
HK.01038,长江基建集团,2021-09-15 00:00:00,33.84,33.69,33.89,33.44,15.894,0.00032,842350,36954017.0,0.14863258026158488,33.64
HK.01038,长江基建集团,2021-09-16 00:00:00,33.99,34.19,34.24,33.49,16.075,0.00052,1377237,60708041.0,1.4841199168892847,33.69
HK.01038,长江基建集团,2021-09-17 00:00:00,33.89,33.34,34.14,33.09,15.767,0.0008,2108131,91934981.0,-2.486107048844675,34.19
HK.01038,长江基建集团,2021-09-20 00:00:00,33.39,32.59,33.59,32.54,15.496,0.0005,1322368,56815749.0,-2.2495500899820033,33.34
HK.01038,长江基建集团,2021-09-21 00:00:00,32.74,32.99,33.44,32.59,15.64,0.00048,1263099,54672247.0,1.2273703590058254,32.59
HK.01038,长江基建集团,2021-09-23 00:00:00,32.99,33.74,33.79,32.99,15.912,0.00042,1113252,48660830.0,2.2734161867232494,32.99
HK.01038,长江基建集团,2021-09-24 00:00:00,34.09,32.99,34.09,32.79,15.64,0.00045,1195869,51976380.0,-2.2228808535862474,33.74
HK.01038,长江基建集团,2021-09-27 00:00:00,33.54,32.94,33.54,32.89,15.622,0.00026,689389,29843960.0,-0.1515610791148962,32.99
HK.01038,长江基建集团,2021-09-28 00:00:00,33.04,32.84,33.09,32.69,15.586,0.00064,1699193,73182036.0,-0.3035822707953683,32.94
HK.01038,长江基建集团,2021-09-29 00:00:00,32.99,33.79,33.94,32.69,15.93,0.0006,1590227,69552035.0,2.8928136419001085,32.84
HK.01038,长江基建集团,2021-09-30 00:00:00,33.79,33.29,33.79,32.89,15.749,0.00068,1799469,78100568.0,-1.4797277300976621,33.79
HK.01038,长江基建集团,2021-10-04 00:00:00,32.89,33.29,33.29,32.74,15.749,0.00048,1266596,54772535.0,0.0,33.29
HK.01038,长江基建集团,2021-10-05 00:00:00,33.19,33.69,34.09,33.19,15.894,0.00048,1277221,56080931.0,1.2015620306398276,33.29
HK.01038,长江基建集团,2021-10-06 00:00:00,33.69,32.84,33.79,32.59,15.586,0.00055,1449614,62390124.0,-2.5230038587117676,33.69
HK.01038,长江基建集团,2021-10-07 00:00:00,32.89,33.09,33.59,32.89,15.677,0.00058,1548114,67080860.0,0.761266747868453,32.84
HK.01038,长江基建集团,2021-10-08 00:00:00,33.09,33.09,33.14,32.64,15.677,0.00028,751884,32456655.0,0.0,33.09
HK.01038,长江基建集团,2021-10-11 00:00:00,33.19,32.69,33.19,32.69,15.532,0.00029,772108,33226314.0,-1.2088244182532657,33.09
HK.01038,长江基建集团,2021-10-12 00:00:00,32.79,32.79,32.99,32.59,15.568,0.00039,1029361,44259185.0,0.3059039461609099,32.69
HK.01038,长江基建集团,2021-10-15 00:00:00,32.79,33.09,33.19,32.09,15.677,0.00063,1674337,72146646.0,0.9149130832571036,32.79
HK.01038,长江基建集团,2021-10-18 00:00:00,33.29,33.19,33.44,32.94,15.713,0.00056,1472593,63887340.0,0.30220610456329494,33.09
HK.01038,长江基建集团,2021-10-19 00:00:00,33.24,33.54,34.49,33.24,15.839,0.00066,1761967,77301897.0,1.0545344983428788,33.19
HK.01038,长江基建集团,2021-10-20 00:00:00,33.54,33.79,33.79,33.44,15.93,0.0007,1863040,81731602.0,0.7453786523553966,33.54
HK.01038,长江基建集团,2021-10-21 00:00:00,34.04,35.04,35.04,33.79,16.383,0.00077,2039131,91647074.0,3.6993193252441556,33.79
HK.01038,长江基建集团,2021-10-22 00:00:00,35.04,35.09,35.49,34.79,16.401,0.00049,1286875,58230718.0,0.14269406392695283,35.04
HK.01038,长江基建集团,2021-10-25 00:00:00,34.79,34.59,34.89,34.39,16.22,0.0002,538655,24126980.0,-1.4249073810202335,35.09
HK.01038,长江基建集团,2021-10-26 00:00:00,34.69,34.69,35.09,34.44,16.256,0.00059,1572020,70618070.0,0.2891008962127618,34.59
HK.01038,长江基建集团,2021-10-27 00:00:00,34.64,35.39,35.44,34.44,16.509,0.00053,1407838,63931293.0,2.0178725857595934,34.69
HK.01038,长江基建集团,2021-10-28 00:00:00,35.24,35.84,36.09,35.09,16.672,0.00075,1994042,91658272.0,1.2715456343599967,35.39
HK.01038,长江基建集团,2021-10-29 00:00:00,35.84,36.69,36.74,35.39,16.98,0.00098,2606087,121642074.0,2.3716517857142696,35.84
HK.01038,长江基建集团,2021-11-01 00:00:00,36.44,36.04,36.89,35.69,16.745,0.00044,1167028,54157076.0,-1.7715998909784643,36.69
HK.01038,长江基建集团,2021-11-02 00:00:00,36.69,36.59,36.79,36.04,16.944,0.00065,1729669,80682573.0,1.5260821309656056,36.04
HK.01038,长江基建集团,2021-11-03 00:00:00,36.19,36.14,36.39,35.94,16.781,0.00029,768458,35596170.0,-1.2298442197321748,36.59
HK.01038,长江基建集团,2021-11-04 00:00:00,35.79,35.99,36.29,35.59,16.727,0.0004,1060056,48853025.0,-0.41505257332595064,36.14
HK.01038,长江基建集团,2021-11-05 00:00:00,35.59,36.19,36.44,35.59,16.799,0.00043,1127961,52257694.0,0.5557099194220498,35.99
HK.01038,长江基建集团,2021-11-08 00:00:00,36.19,36.49,36.94,36.09,16.908,0.00053,1392012,65150806.0,0.8289582757667983,36.19
HK.01038,长江基建集团,2021-11-09 00:00:00,36.49,36.54,36.64,36.34,16.926,0.0004,1053238,49179227.0,0.13702384214852606,36.49
HK.01038,长江基建集团,2021-11-10 00:00:00,36.54,35.94,36.69,35.09,16.708,0.00072,1897407,87367632.0,-1.6420361247947495,36.54
HK.01038,长江基建集团,2021-11-11 00:00:00,35.94,35.94,36.29,35.39,16.708,0.00055,1460275,67315683.0,0.0,35.94
HK.01038,长江基建集团,2021-11-12 00:00:00,35.99,36.04,36.39,35.89,16.745,0.0004,1064500,49208075.0,0.27824151363383814,35.94
HK.01038,长江基建集团,2021-11-15 00:00:00,36.19,36.14,36.49,35.79,16.781,0.00036,964777,44598225.0,0.2774694783573846,36.04
HK.01038,长江基建集团,2021-11-16 00:00:00,36.14,35.74,36.44,35.69,16.636,0.00042,1119760,51669713.0,-1.1068068622025418,36.14
HK.01038,长江基建集团,2021-11-17 00:00:00,35.69,35.84,35.94,35.29,16.672,0.00042,1116716,51318795.0,0.27979854504756974,35.74
HK.01038,长江基建集团,2021-11-18 00:00:00,35.84,36.39,36.49,35.79,16.871,0.00043,1129027,52443015.0,1.5345982142857062,35.84
HK.01038,长江基建集团,2021-11-19 00:00:00,35.89,36.29,36.49,35.89,16.835,0.00028,730916,33984286.0,-0.27480076944215837,36.39
HK.01038,长江基建集团,2021-11-22 00:00:00,36.29,36.49,36.59,35.89,16.908,0.00044,1169374,54343342.0,0.551116009920096,36.29
HK.01038,长江基建集团,2021-11-23 00:00:00,36.49,36.34,36.74,36.09,16.853,0.00023,606687,28300916.0,-0.41107152644559763,36.49
HK.01038,长江基建集团,2021-11-24 00:00:00,36.34,37.29,37.29,36.34,17.197,0.00081,2152392,101762531.0,2.6141992294991625,36.34
HK.01038,长江基建集团,2021-11-25 00:00:00,37.29,37.79,37.79,37.09,17.378,0.001,2640124,126143030.0,1.3408420488066506,37.29
HK.01038,长江基建集团,2021-11-26 00:00:00,37.79,36.14,37.79,35.89,16.781,0.0009,2375136,111328923.0,-4.366234453559139,37.79
HK.01038,长江基建集团,2021-11-29 00:00:00,36.79,36.29,36.79,35.79,16.835,0.00043,1150219,53403967.0,0.41505257332595064,36.14
HK.01038,长江基建集团,2021-11-30 00:00:00,36.39,34.94,36.44,34.29,16.346,0.00157,4165316,188002587.0,-3.720033066960599,36.29
HK.01038,长江基建集团,2021-12-01 00:00:00,34.54,34.59,34.79,33.99,16.22,0.00058,1549128,69228585.0,-1.001717229536332,34.94
HK.01038,长江基建集团,2021-12-02 00:00:00,34.29,34.74,34.74,33.94,16.274,0.00065,1711877,76453293.0,0.4336513443191632,34.59
HK.01038,长江基建集团,2021-12-03 00:00:00,34.79,35.04,35.19,34.24,16.383,0.00064,1698997,76653664.0,0.8635578583765031,34.74
HK.01038,长江基建集团,2021-12-06 00:00:00,35.24,35.69,35.74,34.39,16.618,0.00082,2166992,98614194.0,1.8550228310502244,35.04
HK.01038,长江基建集团,2021-12-07 00:00:00,35.74,35.64,35.94,34.54,16.6,0.00074,1964325,89347583.0,-0.14009526478004247,35.69
HK.01038,长江基建集团,2021-12-08 00:00:00,35.64,35.69,35.69,34.99,16.618,0.00068,1808093,82479599.0,0.14029180695846566,35.64
HK.01038,长江基建集团,2021-12-09 00:00:00,35.79,35.49,36.04,35.34,16.545,0.00026,695284,31844973.0,-0.5603810591201898,35.69
HK.01038,长江基建集团,2021-12-10 00:00:00,35.49,35.94,35.99,35.49,16.708,0.00024,633753,29217677.0,1.2679628064243327,35.49
HK.01038,长江基建集团,2021-12-13 00:00:00,36.29,35.94,36.29,35.79,16.708,0.00063,1670788,77175240.0,0.0,35.94
HK.01038,长江基建集团,2021-12-14 00:00:00,35.94,36.59,36.59,35.59,16.944,0.00056,1487809,69350288.0,1.8085698386199378,35.94
HK.01038,长江基建集团,2021-12-15 00:00:00,36.79,36.89,37.39,36.34,17.052,0.00062,1640602,77510742.0,0.8198961464881036,36.59
HK.01038,长江基建集团,2021-12-16 00:00:00,36.84,36.89,37.24,36.39,17.052,0.00023,620541,29200095.0,0.0,36.89
HK.01038,长江基建集团,2021-12-17 00:00:00,37.29,37.04,37.29,36.84,17.107,0.0005,1319559,62391335.0,0.40661425860666456,36.89
HK.01038,长江基建集团,2021-12-20 00:00:00,37.09,37.09,37.19,36.59,17.125,0.00048,1260751,59507190.0,0.1349892008639424,37.04
HK.01038,长江基建集团,2021-12-21 00:00:00,37.09,37.04,37.59,36.94,17.107,0.00034,902740,42885906.0,-0.13480722566730724,37.09
HK.01038,长江基建集团,2021-12-22 00:00:00,36.84,37.24,37.29,36.79,17.179,0.00036,944024,44609089.0,0.5399568034557313,37.04
HK.01038,长江基建集团,2021-12-23 00:00:00,36.64,37.59,37.59,36.64,17.306,0.00038,1010986,48009631.0,0.9398496240601542,37.24
HK.01038,长江基建集团,2021-12-24 00:00:00,37.69,38.19,38.24,37.59,17.523,0.0004,1058937,51045144.0,1.5961691939345417,37.59
HK.01038,长江基建集团,2021-12-28 00:00:00,38.34,38.94,39.14,38.09,17.795,0.00057,1512556,74187757.0,1.9638648860958368,38.19
HK.01038,长江基建集团,2021-12-29 00:00:00,39.09,38.89,39.09,38.64,17.776,0.00016,412609,20224679.0,-0.12840267077554485,38.94
HK.01038,长江基建集团,2021-12-30 00:00:00,38.99,39.29,39.39,38.89,17.039,0.00049,1245498,61635217.0,1.028542041655949,38.89
HK.01038,长江基建集团,2021-12-31 00:00:00,39.29,39.44,39.44,38.49,17.091,0.00052,1313120,64897911.0,0.38177653346907253,39.29
HK.01038,长江基建集团,2022-01-03 00:00:00,39.44,39.34,39.74,38.99,17.056,0.00025,638242,31633299.0,-0.2535496957403507,39.44
HK.01038,长江基建集团,2022-01-04 00:00:00,39.64,38.74,39.64,38.64,16.85,0.00043,1081047,53177877.0,-1.5251652262328452,39.34
HK.01038,长江基建集团,2022-01-05 00:00:00,38.89,38.79,39.34,38.59,16.867,0.00056,1418488,69567530.0,0.1290655653071687,38.74
HK.01038,长江基建集团,2022-01-06 00:00:00,38.99,38.69,38.99,37.59,16.833,0.00039,991632,48287026.0,-0.2577984016499134,38.79
HK.01038,长江基建集团,2022-01-07 00:00:00,38.69,38.69,38.94,38.19,16.833,0.00035,886869,43298837.0,0.0,38.69
HK.01038,长江基建集团,2022-01-10 00:00:00,38.79,38.64,38.99,38.39,16.815,0.0002,514087,25131086.0,-0.1292323597828823,38.69
HK.01038,长江基建集团,2022-01-11 00:00:00,38.69,38.14,38.79,37.99,16.643,0.00069,1742366,84311409.0,-1.2939958592132503,38.64
HK.01038,长江基建集团,2022-01-12 00:00:00,38.09,38.34,38.59,37.94,16.712,0.00053,1324774,64093170.0,0.5243838489774589,38.14
HK.01038,长江基建集团,2022-01-13 00:00:00,38.34,38.59,38.64,38.19,16.798,0.00023,587048,28582644.0,0.6520605112154407,38.34
HK.01038,长江基建集团,2022-01-14 00:00:00,38.79,38.79,39.14,38.54,16.867,0.00041,1026303,50208038.0,0.5182689816014401,38.59
HK.01038,长江基建集团,2022-01-17 00:00:00,38.79,38.79,38.79,38.34,16.867,0.0002,492681,24053378.0,0.0,38.79
HK.01038,长江基建集团,2022-01-18 00:00:00,38.79,38.79,38.79,38.19,16.867,0.00022,556575,27180237.0,0.0,38.79
HK.01038,长江基建集团,2022-01-19 00:00:00,38.69,38.79,38.79,38.34,16.867,0.00033,830844,40612829.0,0.0,38.79
HK.01038,长江基建集团,2022-01-20 00:00:00,39.04,38.94,39.04,38.64,16.919,0.00035,887932,43609618.0,0.386697602474861,38.79
HK.01038,长江基建集团,2022-01-21 00:00:00,39.19,38.84,39.19,38.59,16.884,0.00044,1105250,54183363.0,-0.2568053415510897,38.94
HK.01038,长江基建集团,2022-01-24 00:00:00,38.89,39.24,39.24,38.59,17.022,0.00053,1340534,65865029.0,1.0298661174047337,38.84
HK.01038,长江基建集团,2022-01-25 00:00:00,38.99,38.39,38.99,37.99,16.729,0.00053,1344146,65201386.0,-2.1661569826707474,39.24
HK.01038,长江基建集团,2022-01-26 00:00:00,38.64,38.54,38.69,38.04,16.781,0.00029,728865,35455710.0,0.39072675175826665,38.39
HK.01038,长江基建集团,2022-01-27 00:00:00,38.54,38.59,38.79,38.09,16.798,0.0005,1253790,61108227.0,0.1297353399066016,38.54
HK.01038,长江基建集团,2022-01-28 00:00:00,38.74,38.04,38.94,37.89,16.609,0.00083,2079572,100809091.0,-1.4252396994040015,38.59
HK.01038,长江基建集团,2022-01-31 00:00:00,37.94,37.79,38.34,37.79,16.523,0.00057,1427941,68726985.0,-0.6572029442691903,38.04
HK.01038,长江基建集团,2022-02-04 00:00:00,37.69,38.44,38.54,37.59,16.746,0.00099,2504450,121257123.0,1.7200317544323855,37.79
HK.01038,长江基建集团,2022-02-07 00:00:00,38.39,38.29,38.54,38.09,16.695,0.00036,918075,44517698.0,-0.39021852237252497,38.44
HK.01038,长江基建集团,2022-02-08 00:00:00,38.09,38.84,38.89,38.09,16.884,0.00047,1174805,57436775.0,1.4364063724210088,38.29
HK.01038,长江基建集团,2022-02-09 00:00:00,39.44,39.49,39.49,38.94,17.108,0.00063,1578407,78236806.0,1.6735324407826946,38.84
HK.01038,长江基建集团,2022-02-10 00:00:00,39.64,39.89,39.89,39.29,17.246,0.00072,1816563,90634053.0,1.0129146619397278,39.49
HK.01038,长江基建集团,2022-02-11 00:00:00,40.04,40.79,40.79,39.89,17.555,0.00106,2659330,134890694.0,2.2562045625470004,39.89
HK.01038,长江基建集团,2022-02-14 00:00:00,40.99,40.74,40.99,40.14,17.538,0.00082,2057757,104240385.0,-0.12257906349594794,40.79
HK.01038,长江基建集团,2022-02-15 00:00:00,40.99,40.34,40.99,39.99,17.401,0.0006,1503793,75927461.0,-0.9818360333824216,40.74
HK.01038,长江基建集团,2022-02-16 00:00:00,40.84,40.19,40.84,39.79,17.349,0.00043,1079122,54444239.0,-0.3718393653941638,40.34
HK.01038,长江基建集团,2022-02-17 00:00:00,40.29,40.64,40.69,39.94,17.504,0.00051,1290588,65374790.0,1.1196815128141402,40.19
HK.01038,长江基建集团,2022-02-18 00:00:00,40.14,40.69,40.69,39.94,17.521,0.00042,1048432,53051393.0,0.12303149606298512,40.64
HK.01038,长江基建集团,2022-02-21 00:00:00,40.69,39.99,40.69,39.59,17.28,0.00051,1294535,64834136.0,-1.7203244040304642,40.69
HK.01038,长江基建集团,2022-02-22 00:00:00,39.49,38.94,39.99,38.69,16.919,0.00052,1322628,64991337.0,-2.6256564141035366,39.99
HK.01038,长江基建集团,2022-02-23 00:00:00,38.99,38.64,38.99,38.39,16.815,0.00041,1038656,50739003.0,-0.7704160246533055,38.94
HK.01038,长江基建集团,2022-02-24 00:00:00,38.29,38.29,38.64,37.69,16.695,0.00096,2423426,117000810.0,-0.905797101449279,38.64
HK.01038,长江基建集团,2022-02-25 00:00:00,38.34,39.24,39.29,38.04,17.022,0.00091,2305189,113278961.0,2.481065552363549,38.29
HK.01038,长江基建集团,2022-02-28 00:00:00,39.19,38.29,39.24,38.04,16.695,0.00151,3793122,184081421.0,-2.4209989806320156,39.24
HK.01038,长江基建集团,2022-03-01 00:00:00,37.99,37.79,38.19,37.64,16.523,0.00063,1578839,75871864.0,-1.3058239749281797,38.29
HK.01038,长江基建集团,2022-03-02 00:00:00,37.69,36.94,37.74,36.89,16.23,0.00069,1727513,81954191.0,-2.249272294257744,37.79
HK.01038,长江基建集团,2022-03-03 00:00:00,36.84,37.64,37.74,36.84,16.471,0.00054,1368723,65268994.0,1.8949648077964343,36.94
HK.01038,长江基建集团,2022-03-04 00:00:00,37.79,40.04,40.19,37.14,17.297,0.00246,6189427,306891301.0,6.37619553666312,37.64
HK.01038,长江基建集团,2022-03-07 00:00:00,40.19,41.39,41.54,39.09,17.762,0.00237,5963528,302329387.0,3.3716283716283755,40.04
HK.01038,长江基建集团,2022-03-08 00:00:00,41.69,42.24,42.29,41.39,18.055,0.0014,3527750,183968252.0,2.0536361439961377,41.39
HK.01038,长江基建集团,2022-03-09 00:00:00,42.39,40.54,42.69,39.79,17.469,0.0013,3271465,167037477.0,-4.024621212121219,42.24
HK.01038,长江基建集团,2022-03-10 00:00:00,40.84,42.29,42.49,40.59,18.072,0.00094,2371558,123270585.0,4.31672422298964,40.54
HK.01038,长江基建集团,2022-03-11 00:00:00,41.84,41.89,42.39,40.79,17.934,0.001,2521339,131187763.0,-0.945850082761879,42.29
HK.01038,长江基建集团,2022-03-14 00:00:00,41.89,42.29,42.34,40.99,18.072,0.00146,3680044,191312701.0,0.9548818333731166,41.89
HK.01038,长江基建集团,2022-03-15 00:00:00,41.99,40.24,42.39,39.44,17.366,0.00169,4248095,214534693.0,-4.84748167415464,42.29
HK.01038,长江基建集团,2022-03-16 00:00:00,40.39,39.94,41.04,39.34,17.263,0.00127,3195326,160300560.0,-0.7455268389662133,40.24
HK.01038,长江基建集团,2022-03-17 00:00:00,40.79,41.19,41.44,39.94,17.23,0.00118,2971958,151987420.0,3.1296945418127193,39.94
HK.01038,长江基建集团,2022-03-18 00:00:00,41.19,41.04,41.94,40.74,17.18,0.00359,9037912,463489839.0,-0.36416605972323035,41.19
HK.01038,长江基建集团,2022-03-21 00:00:00,40.74,41.59,41.59,40.74,17.365,0.00076,1924198,99023362.0,1.3401559454191136,41.04
HK.01038,长江基建集团,2022-03-22 00:00:00,41.59,40.99,41.79,40.89,17.163,0.00057,1427635,73378544.0,-1.4426544842510252,41.59
HK.01038,长江基建集团,2022-03-23 00:00:00,40.99,41.74,41.79,40.99,17.415,0.00057,1442856,74408101.0,1.8297145645279334,40.99
HK.01038,长江基建集团,2022-03-24 00:00:00,41.29,42.79,42.79,41.29,17.767,0.00077,1929348,101393885.0,2.5155725922376546,41.74
HK.01038,长江基建集团,2022-03-25 00:00:00,42.79,42.89,42.99,42.29,17.8,0.00044,1099021,58219497.0,0.2336994624912396,42.79
HK.01038,长江基建集团,2022-03-28 00:00:00,42.89,42.59,43.04,41.94,17.7,0.00035,890700,46866776.0,-0.6994637444625721,42.89
HK.01038,长江基建集团,2022-03-29 00:00:00,43.09,42.99,44.14,42.44,17.834,0.00068,1721091,91632359.0,0.9391876027236407,42.59
HK.01038,长江基建集团,2022-03-30 00:00:00,43.09,43.09,43.64,42.79,17.867,0.0005,1258840,67078679.0,0.23261223540358553,42.99
HK.01038,长江基建集团,2022-03-31 00:00:00,43.04,42.24,43.34,41.94,17.582,0.00055,1387582,72868875.0,-1.9726154560222822,43.09
HK.01038,长江基建集团,2022-04-01 00:00:00,42.09,43.74,43.74,42.09,18.085,0.00135,3407359,181633504.0,3.5511363636363633,42.24
HK.01038,长江基建集团,2022-04-04 00:00:00,43.74,43.39,43.74,43.04,17.968,0.00048,1212207,64827776.0,-0.8001828989483343,43.74
HK.01038,长江基建集团,2022-04-06 00:00:00,43.74,43.14,43.79,42.79,17.884,0.00051,1295948,69225216.0,-0.5761696243374049,43.39
HK.01038,长江基建集团,2022-04-07 00:00:00,43.14,43.29,43.44,42.89,17.934,0.00034,859751,45870715.0,0.34770514603615804,43.14
HK.01038,长江基建集团,2022-04-08 00:00:00,43.49,43.59,43.59,43.04,18.035,0.00044,1115393,59793138.0,0.6930006930007029,43.29
HK.01038,长江基建集团,2022-04-11 00:00:00,43.64,43.04,43.74,42.89,17.851,0.0005,1248865,66651867.0,-1.2617572837806934,43.59
HK.01038,长江基建集团,2022-04-12 00:00:00,43.04,43.14,43.49,43.04,17.884,0.00049,1241751,66288033.0,0.23234200743494754,43.04
HK.01038,长江基建集团,2022-04-13 00:00:00,43.39,43.49,43.49,42.94,18.002,0.00036,902417,48326529.0,0.8113120074177131,43.14
HK.01038,长江基建集团,2022-04-14 00:00:00,43.14,43.29,43.64,43.04,17.934,0.00052,1297695,69500103.0,-0.45987583352495476,43.49
HK.01038,长江基建集团,2022-04-19 00:00:00,43.79,43.29,43.79,42.89,17.934,0.00067,1696058,90641930.0,0.0,43.29
HK.01038,长江基建集团,2022-04-20 00:00:00,43.29,43.59,43.59,42.79,18.035,0.00033,828502,44448496.0,0.6930006930007029,43.29
HK.01038,长江基建集团,2022-04-21 00:00:00,43.64,44.09,44.09,43.29,18.203,0.00042,1067333,57602698.0,1.1470520761642578,43.59
HK.01038,长江基建集团,2022-04-22 00:00:00,43.79,43.79,43.84,43.29,18.102,0.00023,590853,31809520.0,-0.6804264005443508,44.09
HK.01038,长江基建集团,2022-04-25 00:00:00,43.49,43.79,43.99,42.79,18.102,0.00064,1615127,86569427.0,0.0,43.79
HK.01038,长江基建集团,2022-04-26 00:00:00,43.34,43.59,43.99,43.09,18.035,0.00057,1439036,77310843.0,-0.45672527974422417,43.79
HK.01038,长江基建集团,2022-04-27 00:00:00,43.49,43.34,43.79,42.89,17.951,0.00055,1389370,74342449.0,-0.5735260380821289,43.59
HK.01038,长江基建集团,2022-04-28 00:00:00,43.29,43.59,43.59,42.89,18.035,0.00058,1461187,78305297.0,0.5768343331795108,43.34
HK.01038,长江基建集团,2022-04-29 00:00:00,43.14,42.64,43.44,42.09,17.717,0.00114,2871802,151596812.0,-2.179398944712096,43.59
HK.01038,长江基建集团,2022-05-03 00:00:00,41.89,41.79,42.19,39.99,17.432,0.00072,1821075,94485365.0,-1.9934333958724237,42.64
HK.01038,长江基建集团,2022-05-04 00:00:00,41.79,43.04,43.09,41.79,17.851,0.00045,1131151,59822083.0,2.9911462072266093,41.79
HK.01038,长江基建集团,2022-05-05 00:00:00,43.19,43.29,43.59,43.04,17.934,0.00029,736587,39475068.0,0.5808550185873607,43.04
HK.01038,长江基建集团,2022-05-06 00:00:00,42.79,42.54,43.09,42.29,17.683,0.00047,1195597,63174131.0,-1.7325017325017324,43.29
HK.01038,长江基建集团,2022-05-10 00:00:00,42.29,42.79,42.99,41.44,17.767,0.00082,2068854,108553223.0,0.5876821814762577,42.54
HK.01038,长江基建集团,2022-05-11 00:00:00,42.94,43.19,43.49,42.59,17.901,0.00082,2069430,110204894.0,0.9347978499649418,42.79
HK.01038,长江基建集团,2022-05-12 00:00:00,43.49,43.39,43.49,42.89,17.968,0.00073,1831857,97902632.0,0.4630701551285085,43.19
HK.01038,长江基建集团,2022-05-13 00:00:00,43.49,44.94,44.94,43.44,18.488,0.0016,4037259,220394441.0,3.572251670891904,43.39
HK.01038,长江基建集团,2022-05-16 00:00:00,44.89,44.99,45.04,44.09,18.504,0.0009,2262797,124470710.0,0.11125945705385908,44.94
HK.01038,长江基建集团,2022-05-17 00:00:00,45.29,44.69,45.54,44.59,18.404,0.00056,1415170,77881858.0,-0.6668148477439525,44.99
HK.01038,长江基建集团,2022-05-18 00:00:00,44.29,44.64,44.79,44.29,18.387,0.00078,1968583,107883381.0,-0.11188185276347543,44.69
HK.01038,长江基建集团,2022-05-19 00:00:00,44.29,44.09,44.64,43.74,18.203,0.00083,2086850,113394625.0,-1.2320788530465885,44.64
HK.01038,长江基建集团,2022-05-20 00:00:00,43.8,44.25,44.4,43.45,17.65,0.0011,2779190,145429972.0,0.3628940802903075,44.09
HK.01038,长江基建集团,2022-05-23 00:00:00,44.05,43.65,44.3,43.5,17.448,0.00061,1526879,79703798.0,-1.3559322033898338,44.25
HK.01038,长江基建集团,2022-05-24 00:00:00,43.4,43.45,43.6,42.65,17.381,0.00062,1551051,79896608.0,-0.4581901489117886,43.65
HK.01038,长江基建集团,2022-05-25 00:00:00,44.0,43.45,44.25,43.3,17.381,0.00057,1423612,74158482.0,0.0,43.45
HK.01038,长江基建集团,2022-05-26 00:00:00,43.45,44.05,44.3,43.45,17.582,0.0005,1266484,66423922.0,1.3808975834292159,43.45
HK.01038,长江基建集团,2022-05-27 00:00:00,44.1,44.15,44.75,43.9,17.616,0.0007,1772189,93292894.0,0.22701475595914059,44.05
HK.01038,长江基建集团,2022-05-30 00:00:00,44.35,43.9,44.7,43.85,17.532,0.00055,1378476,72441248.0,-0.5662514156285391,44.15
HK.01038,长江基建集团,2022-05-31 00:00:00,43.9,44.15,44.15,43.05,17.616,0.00269,6779815,354945136.0,0.5694760820045558,43.9
HK.01038,长江基建集团,2022-06-01 00:00:00,43.6,43.6,43.75,42.95,17.432,0.00112,2811622,146246866.0,-1.2457531143827796,44.15
HK.01038,长江基建集团,2022-06-02 00:00:00,43.1,44.1,44.2,42.95,17.599,0.00051,1278176,66778340.0,1.1467889908256879,43.6
HK.01038,长江基建集团,2022-06-06 00:00:00,43.75,43.65,43.85,42.9,17.448,0.00071,1799096,93222030.0,-1.0204081632653124,44.1
HK.01038,长江基建集团,2022-06-07 00:00:00,43.2,43.7,43.85,43.2,17.465,0.00059,1496338,77813977.0,0.11454753722795936,43.65
HK.01038,长江基建集团,2022-06-08 00:00:00,44.05,42.85,44.05,42.6,17.18,0.00068,1711880,88004380.0,-1.9450800915331838,43.7
HK.01038,长江基建集团,2022-06-09 00:00:00,42.65,42.3,42.7,41.95,16.996,0.00093,2343681,118628473.0,-1.2835472578763225,42.85
HK.01038,长江基建集团,2022-06-10 00:00:00,42.1,42.35,42.75,42.05,17.013,0.0007,1761295,89476713.0,0.11820330969268147,42.3
HK.01038,长江基建集团,2022-06-13 00:00:00,42.15,42.7,42.7,41.8,17.13,0.00058,1457184,74080232.0,0.8264462809917389,42.35
HK.01038,长江基建集团,2022-06-14 00:00:00,42.6,42.95,43.0,42.35,17.214,0.00068,1712216,87679014.0,0.585480093676815,42.7
HK.01038,长江基建集团,2022-06-15 00:00:00,42.9,40.75,42.9,40.7,16.476,0.00112,2822079,140437496.0,-5.122235157159494,42.95
HK.01038,长江基建集团,2022-06-16 00:00:00,41.4,40.85,41.4,40.45,16.51,0.00103,2605307,128433370.0,0.24539877300613847,40.75
HK.01038,长江基建集团,2022-06-17 00:00:00,41.15,39.7,41.15,39.35,16.124,0.00139,3502158,168949381.0,-2.8151774785801678,40.85
HK.01038,长江基建集团,2022-06-20 00:00:00,39.6,39.55,40.15,39.1,16.074,0.00055,1389216,66806655.0,-0.37783375314862894,39.7
HK.01038,长江基建集团,2022-06-21 00:00:00,40.6,40.55,40.9,39.8,16.409,0.00085,2150152,105286323.0,2.5284450063211126,39.55
HK.01038,长江基建集团,2022-06-22 00:00:00,40.45,40.1,40.8,40.0,16.258,0.00053,1347042,65593720.0,-1.109741060419225,40.55
HK.01038,长江基建集团,2022-06-23 00:00:00,40.15,39.85,40.45,39.85,16.174,0.00051,1273973,61653903.0,-0.6234413965087281,40.1
HK.01038,长江基建集团,2022-06-24 00:00:00,39.8,40.05,40.4,39.8,16.242,0.0004,999256,48400674.0,0.5018820577164259,39.85
HK.01038,长江基建集团,2022-06-27 00:00:00,40.7,40.0,40.7,39.9,16.225,0.00053,1327663,64528515.0,-0.12484394506865708,40.05
HK.01038,长江基建集团,2022-06-28 00:00:00,40.4,40.35,40.7,40.0,16.342,0.00076,1926191,93796301.0,0.8750000000000036,40.0
HK.01038,长江基建集团,2022-06-29 00:00:00,40.35,39.9,40.5,39.75,16.191,0.00075,1877855,90795047.0,-1.1152416356877395,40.35
HK.01038,长江基建集团,2022-06-30 00:00:00,40.15,39.7,40.6,39.65,16.124,0.00095,2381679,115088769.0,-0.5012531328320695,39.9
HK.01038,长江基建集团,2022-07-04 00:00:00,39.7,40.35,40.55,39.4,16.342,0.00129,3257721,157998957.0,1.6372795969773264,39.7
HK.01038,长江基建集团,2022-07-05 00:00:00,40.4,40.5,40.7,40.35,16.392,0.00046,1147406,56115571.0,0.37174721189590726,40.35
HK.01038,长江基建集团,2022-07-06 00:00:00,40.2,40.35,40.5,39.85,16.342,0.00045,1135780,55254678.0,-0.37037037037036685,40.5
HK.01038,长江基建集团,2022-07-07 00:00:00,39.9,40.35,40.5,39.7,16.342,0.00124,3117741,151111876.0,0.0,40.35
HK.01038,长江基建集团,2022-07-08 00:00:00,40.4,40.35,40.6,40.1,16.342,0.0007,1767693,86118490.0,0.0,40.35
HK.01038,长江基建集团,2022-07-11 00:00:00,40.15,39.95,40.45,39.75,16.208,0.00046,1166028,56383812.0,-0.9913258983890918,40.35
HK.01038,长江基建集团,2022-07-12 00:00:00,39.8,40.25,40.45,39.75,16.309,0.00059,1478998,71914142.0,0.75093867334167,39.95
HK.01038,长江基建集团,2022-07-13 00:00:00,39.8,40.0,40.3,39.8,16.225,0.00072,1817333,87927180.0,-0.6211180124223602,40.25
HK.01038,长江基建集团,2022-07-14 00:00:00,40.3,40.0,40.3,39.65,16.225,0.00045,1123914,54371419.0,0.0,40.0
HK.01038,长江基建集团,2022-07-15 00:00:00,40.1,40.35,40.5,40.0,16.342,0.0009,2265455,110314207.0,0.8750000000000036,40.0
HK.01038,长江基建集团,2022-07-18 00:00:00,40.4,40.5,40.65,40.3,16.392,0.00059,1487267,72734550.0,0.37174721189590726,40.35
HK.01038,长江基建集团,2022-07-19 00:00:00,40.3,40.05,40.4,39.9,16.242,0.00034,860680,41724749.0,-1.111111111111118,40.5
HK.01038,长江基建集团,2022-07-20 00:00:00,40.0,40.3,40.4,39.95,16.325,0.00026,665329,32318305.0,0.6242197253433209,40.05
HK.01038,长江基建集团,2022-07-21 00:00:00,40.3,40.2,40.45,40.1,16.292,0.00035,887681,43176459.0,-0.24813895781636308,40.3
HK.01038,长江基建集团,2022-07-22 00:00:00,40.45,40.05,40.45,39.75,16.242,0.00044,1109974,53575431.0,-0.3731343283582231,40.2
HK.01038,长江基建集团,2022-07-25 00:00:00,40.1,40.25,40.3,39.8,16.309,0.00049,1244800,60398649.0,0.4993757802746638,40.05
HK.01038,长江基建集团,2022-07-26 00:00:00,40.25,40.05,40.35,40.0,16.242,0.0006,1510877,73372370.0,-0.49689440993789524,40.25
HK.01038,长江基建集团,2022-07-27 00:00:00,40.2,40.5,40.5,40.0,16.392,0.00102,2566389,124539338.0,1.1235955056179847,40.05
HK.01038,长江基建集团,2022-07-28 00:00:00,40.75,40.55,40.75,40.2,16.409,0.00034,852238,41608029.0,0.12345679012344976,40.5
HK.01038,长江基建集团,2022-07-29 00:00:00,40.4,40.8,41.0,40.3,16.493,0.00076,1921170,94502168.0,0.6165228113440198,40.55
HK.01038,长江基建集团,2022-08-01 00:00:00,40.8,40.75,40.9,40.4,16.476,0.00025,637036,31251653.0,-0.12254901960783618,40.8
HK.01038,长江基建集团,2022-08-02 00:00:00,40.6,40.25,40.7,40.0,16.309,0.00062,1550862,75412114.0,-1.2269938650306749,40.75
HK.01038,长江基建集团,2022-08-03 00:00:00,40.2,40.3,40.5,40.0,16.325,0.00061,1537919,74818403.0,0.12422360248446498,40.25
HK.01038,长江基建集团,2022-08-04 00:00:00,41.1,40.35,41.1,40.2,16.342,0.00098,2479899,121433235.0,0.12406947890819917,40.3
HK.01038,长江基建集团,2022-08-05 00:00:00,40.3,40.8,40.85,40.0,16.493,0.00066,1667814,81511776.0,1.1152416356877217,40.35
HK.01038,长江基建集团,2022-08-08 00:00:00,40.7,40.85,41.0,40.2,16.51,0.00052,1318431,64620383.0,0.12254901960785358,40.8
HK.01038,长江基建集团,2022-08-09 00:00:00,40.55,40.75,40.85,40.2,16.476,0.00038,968804,47447745.0,-0.24479804161567056,40.85
HK.01038,长江基建集团,2022-08-10 00:00:00,40.85,40.45,40.9,40.25,16.376,0.0005,1250548,61200194.0,-0.736196319018398,40.75
HK.01038,长江基建集团,2022-08-11 00:00:00,40.8,41.4,41.5,40.6,16.694,0.00066,1674763,83095566.0,2.3485784919653785,40.45
HK.01038,长江基建集团,2022-08-12 00:00:00,41.25,42.2,42.25,41.05,16.962,0.00093,2350161,118246987.0,1.9323671497584645,41.4
HK.01038,长江基建集团,2022-08-15 00:00:00,41.95,41.75,41.95,41.4,16.811,0.00055,1377675,68958229.0,-1.0663507109004806,42.2
HK.01038,长江基建集团,2022-08-16 00:00:00,41.75,41.7,41.95,41.55,16.795,0.00039,980228,49127464.0,-0.11976047904190935,41.75
HK.01038,长江基建集团,2022-08-17 00:00:00,41.7,42.1,42.3,41.6,16.929,0.00044,1109066,56010199.0,0.9592326139088694,41.7
HK.01038,长江基建集团,2022-08-18 00:00:00,41.8,42.0,42.45,41.7,16.895,0.00059,1481227,74790309.0,-0.23752969121140477,42.1
HK.01038,长江基建集团,2022-08-19 00:00:00,42.0,42.0,42.35,41.75,16.895,0.00046,1169159,59046996.0,0.0,42.0
HK.01038,长江基建集团,2022-08-22 00:00:00,41.75,41.7,41.95,41.55,16.795,0.00034,850311,42643575.0,-0.7142857142857075,42.0
HK.01038,长江基建集团,2022-08-23 00:00:00,41.5,40.35,41.65,40.0,16.342,0.0009,2264624,110891718.0,-3.2374100719424495,41.7
HK.01038,长江基建集团,2022-08-24 00:00:00,40.55,40.1,40.55,39.75,16.258,0.00045,1126831,54562300.0,-0.6195786864931846,40.35
HK.01038,长江基建集团,2022-08-25 00:00:00,40.0,39.85,40.15,39.7,16.174,0.00029,719694,34779518.0,-0.6234413965087281,40.1
HK.01038,长江基建集团,2022-08-26 00:00:00,40.0,40.3,40.45,40.0,16.325,0.00039,994603,48441886.0,1.1292346298619718,39.85
HK.01038,长江基建集团,2022-08-29 00:00:00,40.0,39.9,40.15,39.75,16.191,0.00024,597213,28830641.0,-0.9925558312655052,40.3
HK.01038,长江基建集团,2022-08-30 00:00:00,39.9,39.4,40.05,38.9,16.024,0.00055,1381811,66075575.0,-1.2531328320802007,39.9
HK.01038,长江基建集团,2022-08-31 00:00:00,38.8,39.4,39.55,38.8,16.024,0.00094,2375426,113337363.0,0.0,39.4
HK.01038,长江基建集团,2022-09-01 00:00:00,39.0,38.25,39.3,38.2,15.638,0.00087,2198226,102903054.0,-2.9187817258883215,39.4
HK.01038,长江基建集团,2022-09-02 00:00:00,38.25,37.75,38.5,37.5,15.236,0.00072,1822478,82755559.0,-1.3071895424836601,38.25
HK.01038,长江基建集团,2022-09-05 00:00:00,37.35,37.55,37.65,36.85,15.169,0.00057,1433254,64749309.0,-0.5298013245033188,37.75
HK.01038,长江基建集团,2022-09-06 00:00:00,38.0,37.4,38.0,37.2,15.119,0.00082,2074692,93575555.0,-0.3994673768308884,37.55
HK.01038,长江基建集团,2022-09-07 00:00:00,37.0,37.4,37.8,37.0,15.119,0.00053,1333986,60052864.0,0.0,37.4
HK.01038,长江基建集团,2022-09-08 00:00:00,37.0,37.1,37.45,37.0,15.018,0.00032,797934,35817881.0,-0.8021390374331475,37.4
HK.01038,长江基建集团,2022-09-09 00:00:00,37.1,37.3,37.5,36.6,15.085,0.00033,826469,37133298.0,0.539083557951471,37.1
HK.01038,长江基建集团,2022-09-13 00:00:00,36.95,37.15,37.95,36.95,15.035,0.0006,1500656,67419604.0,-0.4021447721179587,37.3
HK.01038,长江基建集团,2022-09-14 00:00:00,37.05,36.1,37.05,35.95,14.683,0.00047,1173234,51596521.0,-2.826379542395686,37.15
HK.01038,长江基建集团,2022-09-15 00:00:00,36.25,35.45,36.3,35.4,14.465,0.00053,1330989,57656688.0,-1.8005540166204945,36.1
HK.01038,长江基建集团,2022-09-16 00:00:00,35.4,36.0,36.05,34.95,14.649,0.00144,3618154,157470899.0,1.551480959097312,35.45
HK.01038,长江基建集团,2022-09-19 00:00:00,35.85,36.25,36.4,35.5,14.733,0.00052,1312672,57517044.0,0.6944444444444444,36.0
HK.01038,长江基建集团,2022-09-20 00:00:00,36.7,36.45,36.7,36.3,14.8,0.00032,797591,35252444.0,0.5517241379310424,36.25
HK.01038,长江基建集团,2022-09-21 00:00:00,36.8,36.1,36.8,35.95,14.683,0.00027,673345,29582559.0,-0.9602194787380012,36.45
HK.01038,长江基建集团,2022-09-22 00:00:00,36.1,35.45,36.2,35.05,14.465,0.00058,1467423,63267645.0,-1.8005540166204945,36.1
HK.01038,长江基建集团,2022-09-23 00:00:00,35.45,35.5,35.65,34.8,14.482,0.00054,1357234,58193888.0,0.14104372355429382,35.45
HK.01038,长江基建集团,2022-09-26 00:00:00,35.05,34.2,35.4,33.9,14.046,0.00251,6322485,266115472.0,-3.661971830985907,35.5
HK.01038,长江基建集团,2022-09-27 00:00:00,33.95,33.8,34.9,33.65,13.912,0.0013,3284567,137421676.0,-1.1695906432748704,34.2
HK.01038,长江基建集团,2022-09-28 00:00:00,33.85,31.35,34.0,31.0,13.09,0.00174,4395725,175255298.0,-7.24852071005916,33.8
HK.01038,长江基建集团,2022-09-29 00:00:00,31.9,31.9,32.65,31.6,13.275,0.00132,3319585,132243227.0,1.7543859649122715,31.35
HK.01038,长江基建集团,2022-09-30 00:00:00,31.9,32.35,32.5,31.7,13.426,0.00111,2807493,112381089.0,1.4106583072100403,31.9
HK.01038,长江基建集团,2022-10-03 00:00:00,31.85,31.85,32.25,31.7,13.258,0.00108,2708791,107442059.0,-1.545595054095827,32.35
HK.01038,长江基建集团,2022-10-05 00:00:00,32.9,32.75,33.25,32.05,13.56,0.00113,2840332,114812609.0,2.8257456828885354,31.85
HK.01038,长江基建集团,2022-10-06 00:00:00,32.75,32.3,32.9,32.25,13.409,0.00043,1078461,43276765.0,-1.3740458015267263,32.75
HK.01038,长江基建集团,2022-10-07 00:00:00,32.3,32.05,32.3,31.55,13.325,0.00061,1539898,61259868.0,-0.7739938080495357,32.3
HK.01038,长江基建集团,2022-10-10 00:00:00,31.3,31.2,31.6,30.6,13.04,0.00082,2058191,80069390.0,-2.6521060842433632,32.05
HK.01038,长江基建集团,2022-10-11 00:00:00,31.35,30.35,31.95,30.2,12.755,0.00086,2163504,83340286.0,-2.7243589743589673,31.2
HK.01038,长江基建集团,2022-10-12 00:00:00,30.3,28.45,30.35,28.1,12.118,0.00147,3696437,135292089.0,-6.260296540362445,30.35
HK.01038,长江基建集团,2022-10-13 00:00:00,28.55,28.8,29.05,28.2,12.236,0.00117,2950919,107230084.0,1.2302284710017624,28.45
HK.01038,长江基建集团,2022-10-14 00:00:00,29.3,28.35,29.7,28.1,12.085,0.00098,2460698,89864986.0,-1.5624999999999976,28.8
HK.01038,长江基建集团,2022-10-17 00:00:00,28.35,27.95,28.65,27.8,11.951,0.00054,1365075,48791325.0,-1.410934744268085,28.35
HK.01038,长江基建集团,2022-10-18 00:00:00,28.3,27.8,28.45,27.6,11.9,0.00094,2365355,84297403.0,-0.5366726296958805,27.95
HK.01038,长江基建集团,2022-10-19 00:00:00,27.8,28.7,29.55,27.8,12.202,0.0009,2277055,82991473.0,3.237410071942441,27.8
HK.01038,长江基建集团,2022-10-20 00:00:00,28.45,28.3,28.9,28.1,12.068,0.00056,1407131,50824027.0,-1.393728222996511,28.7
HK.01038,长江基建集团,2022-10-21 00:00:00,28.5,27.5,28.8,27.2,11.8,0.00071,1782835,63085145.0,-2.826855123674914,28.3
HK.01038,长江基建集团,2022-10-24 00:00:00,27.45,28.95,29.2,27.35,12.286,0.00155,3908416,141590718.0,5.27272727272727,27.5
HK.01038,长江基建集团,2022-10-25 00:00:00,29.3,28.05,29.55,28.0,11.984,0.00091,2281347,82378707.0,-3.1088082901554355,28.95
HK.01038,长江基建集团,2022-10-26 00:00:00,28.3,29.6,29.85,27.9,12.504,0.00122,3065366,113771685.0,5.525846702317293,28.05
HK.01038,长江基建集团,2022-10-27 00:00:00,30.1,30.65,31.3,28.85,12.856,0.00176,4443737,169532737.0,3.5472972972972876,29.6
HK.01038,长江基建集团,2022-10-28 00:00:00,30.65,30.3,31.7,29.95,12.738,0.00133,3358930,128851645.0,-1.141924959216959,30.65
HK.01038,长江基建集团,2022-10-31 00:00:00,30.2,29.6,30.65,29.3,12.504,0.00095,2404604,90406340.0,-2.310231023102308,30.3
HK.01038,长江基建集团,2022-11-01 00:00:00,30.0,29.9,30.25,29.45,12.604,0.00057,1429891,53581255.0,1.0135135135135038,29.6
HK.01038,长江基建集团,2022-11-02 00:00:00,29.8,30.6,30.95,29.45,12.839,0.00048,1197766,45315925.0,2.341137123745829,29.9
HK.01038,长江基建集团,2022-11-03 00:00:00,29.8,29.6,30.05,29.45,12.504,0.00044,1114411,41627710.0,-3.2679738562091507,30.6
HK.01038,长江基建集团,2022-11-04 00:00:00,29.3,29.85,30.15,29.3,12.587,0.0007,1766065,66117034.0,0.8445945945945945,29.6
HK.01038,长江基建集团,2022-11-07 00:00:00,29.9,30.65,31.0,29.45,12.856,0.00044,1111222,42421939.0,2.6800670016750323,29.85
HK.01038,长江基建集团,2022-11-08 00:00:00,30.65,30.8,30.9,30.35,12.906,0.00041,1043332,40078792.0,0.4893964110929923,30.65
HK.01038,长江基建集团,2022-11-09 00:00:00,30.8,30.3,31.15,30.1,12.738,0.0005,1251804,47722906.0,-1.6233766233766231,30.8
HK.01038,长江基建集团,2022-11-10 00:00:00,30.3,29.65,30.3,29.2,12.52,0.00063,1599907,59619385.0,-2.1452145214521523,30.3
HK.01038,长江基建集团,2022-11-11 00:00:00,30.9,31.0,31.7,30.4,12.973,0.00141,3540527,137276243.0,4.553119730185502,29.65
HK.01038,长江基建集团,2022-11-14 00:00:00,31.65,30.75,31.65,30.35,12.889,0.00086,2177455,83957703.0,-0.8064516129032258,31.0
HK.01038,长江基建集团,2022-11-15 00:00:00,30.9,30.8,31.2,30.45,12.906,0.00124,3124816,120123339.0,0.1626016260162625,30.75
HK.01038,长江基建集团,2022-11-16 00:00:00,31.0,32.1,32.3,30.75,13.342,0.00097,2438538,96163149.0,4.220779220779223,30.8
HK.01038,长江基建集团,2022-11-17 00:00:00,32.1,31.65,32.2,31.35,13.191,0.00067,1683704,66281810.0,-1.4018691588785135,32.1
HK.01038,长江基建集团,2022-11-18 00:00:00,31.65,31.05,31.65,30.8,12.99,0.0008,2025483,78570462.0,-1.8957345971563913,31.65
HK.01038,长江基建集团,2022-11-21 00:00:00,31.0,31.2,31.35,30.3,13.04,0.00032,815313,31494012.0,0.4830917874396089,31.05
HK.01038,长江基建集团,2022-11-22 00:00:00,31.6,31.2,31.8,31.0,13.04,0.00069,1736581,67584083.0,0.0,31.2
HK.01038,长江基建集团,2022-11-23 00:00:00,31.6,31.15,31.95,31.05,13.023,0.00106,2671591,104512725.0,-0.16025641025641252,31.2
HK.01038,长江基建集团,2022-11-24 00:00:00,31.6,32.25,32.4,31.35,13.392,0.00054,1363912,54102751.0,3.5313001605136485,31.15
HK.01038,长江基建集团,2022-11-25 00:00:00,32.2,31.7,32.2,31.7,13.208,0.00025,641929,25406093.0,-1.7054263565891494,32.25
HK.01038,长江基建集团,2022-11-28 00:00:00,31.15,30.9,31.25,30.1,12.939,0.00063,1592613,61223067.0,-2.5236593059936934,31.7
HK.01038,长江基建集团,2022-11-29 00:00:00,31.05,31.2,31.25,30.65,13.04,0.00069,1729394,66964008.0,0.9708737864077693,30.9
HK.01038,长江基建集团,2022-11-30 00:00:00,31.2,31.6,31.75,30.8,13.174,0.00156,3941128,154454713.0,1.282051282051289,31.2
HK.01038,长江基建集团,2022-12-01 00:00:00,32.2,32.05,32.3,31.9,13.325,0.00083,2100214,83523793.0,1.424050632911379,31.6
HK.01038,长江基建集团,2022-12-02 00:00:00,32.45,31.75,32.6,31.2,13.224,0.00159,4004216,157782292.0,-0.9360374414976511,32.05
HK.01038,长江基建集团,2022-12-05 00:00:00,31.85,31.85,32.2,31.55,13.258,0.00088,2223629,87819997.0,0.3149606299212643,31.75
HK.01038,长江基建集团,2022-12-06 00:00:00,31.55,32.5,32.65,31.55,13.476,0.00169,4246287,168676188.0,2.0408163265306074,31.85
HK.01038,长江基建集团,2022-12-07 00:00:00,32.7,32.45,33.4,32.35,13.459,0.00104,2631409,106755102.0,-0.1538461538461451,32.5
HK.01038,长江基建集团,2022-12-08 00:00:00,32.6,32.3,32.6,31.95,13.409,0.00065,1646428,65869491.0,-0.46224961479200516,32.45
HK.01038,长江基建集团,2022-12-09 00:00:00,32.15,32.85,32.95,32.15,13.593,0.00059,1496763,60440333.0,1.7027863777089918,32.3
HK.01038,长江基建集团,2022-12-12 00:00:00,32.85,32.45,33.25,32.3,13.459,0.00051,1296031,52138337.0,-1.2176560121765556,32.85
HK.01038,长江基建集团,2022-12-13 00:00:00,32.6,31.8,32.6,31.5,13.241,0.00136,3420178,135639366.0,-2.00308166409862,32.45
HK.01038,长江基建集团,2022-12-14 00:00:00,32.25,32.2,32.4,31.9,13.375,0.00104,2614942,103621933.0,1.2578616352201324,31.8
HK.01038,长江基建集团,2022-12-15 00:00:00,32.5,31.9,32.5,31.65,13.275,0.00046,1160491,46003808.0,-0.9316770186335536,32.2
HK.01038,长江基建集团,2022-12-16 00:00:00,32.15,31.75,32.15,31.45,13.224,0.00109,2746279,108217733.0,-0.47021943573667274,31.9
HK.01038,长江基建集团,2022-12-19 00:00:00,31.75,32.15,32.15,31.55,13.359,0.00029,742736,29439529.0,1.259842519685035,31.75
HK.01038,长江基建集团,2022-12-20 00:00:00,31.8,32.35,32.75,31.65,13.426,0.00053,1324847,53084728.0,0.6220839813374894,32.15
HK.01038,长江基建集团,2022-12-21 00:00:00,32.95,32.5,32.95,32.15,13.476,0.0005,1254848,50451299.0,0.4636785162287436,32.35
HK.01038,长江基建集团,2022-12-22 00:00:00,32.75,33.25,33.55,32.35,13.727,0.00052,1298900,53050106.0,2.307692307692308,32.5
HK.01038,长江基建集团,2022-12-23 00:00:00,32.65,32.6,33.45,32.55,13.509,0.00019,477208,19319342.0,-1.9548872180451087,33.25
HK.01038,长江基建集团,2022-12-28 00:00:00,32.9,32.7,33.3,32.55,13.543,0.0012,3020435,122354059.0,0.30674846625767305,32.6
HK.01038,长江基建集团,2022-12-29 00:00:00,32.35,33.0,33.0,32.35,13.643,0.00047,1191846,48204330.0,0.9174311926605416,32.7
HK.01038,长江基建集团,2022-12-30 00:00:00,33.15,33.15,33.35,32.7,13.694,0.00043,1070985,43733833.0,0.45454545454545026,33.0
HK.01038,长江基建集团,2023-01-03 00:00:00,33.0,33.4,33.55,32.3,13.778,0.00044,1100760,44906142.0,0.7541478129713424,33.15
HK.01038,长江基建集团,2023-01-04 00:00:00,33.45,34.0,34.05,33.2,13.979,0.00046,1151265,47739751.0,1.796407185628747,33.4
HK.01038,长江基建集团,2023-01-05 00:00:00,34.25,34.15,34.45,34.05,14.029,0.00089,2246754,94191579.0,0.4411764705882311,34.0
HK.01038,长江基建集团,2023-01-06 00:00:00,34.35,33.15,34.45,32.8,13.694,0.001,2531279,103781333.0,-2.9282576866764276,34.15
HK.01038,长江基建集团,2023-01-09 00:00:00,33.4,33.85,34.2,33.4,13.928,0.00067,1678026,69596520.0,2.1116138763197676,33.15
HK.01038,长江基建集团,2023-01-10 00:00:00,34.15,34.55,34.7,34.0,14.163,0.00085,2151809,90184857.0,2.0679468242245074,33.85
HK.01038,长江基建集团,2023-01-11 00:00:00,34.7,34.6,35.25,34.45,14.18,0.00075,1889457,80366160.0,0.14471780028944795,34.55
HK.01038,长江基建集团,2023-01-12 00:00:00,34.65,34.45,34.8,34.15,14.13,0.00063,1597747,67458265.0,-0.43352601156068954,34.6
HK.01038,长江基建集团,2023-01-13 00:00:00,34.45,34.9,35.25,34.45,14.28,0.00053,1325667,56519573.0,1.306240928882426,34.45
HK.01038,长江基建集团,2023-01-16 00:00:00,35.15,35.9,36.25,35.15,14.616,0.00054,1371482,59779525.0,2.865329512893983,34.9
HK.01038,长江基建集团,2023-01-17 00:00:00,36.05,36.0,36.05,35.6,14.649,0.00053,1326766,57807871.0,0.2785515320334302,35.9
HK.01038,长江基建集团,2023-01-18 00:00:00,35.8,36.3,36.3,35.8,14.75,0.00046,1154644,50587138.0,0.8333333333333255,36.0
HK.01038,长江基建集团,2023-01-19 00:00:00,35.95,36.0,36.25,35.8,14.649,0.00059,1476334,64605025.0,-0.8264462809917278,36.3
HK.01038,长江基建集团,2023-01-20 00:00:00,36.0,36.3,36.35,35.7,14.75,0.00045,1121329,49161785.0,0.8333333333333255,36.0
HK.01038,长江基建集团,2023-01-26 00:00:00,36.7,36.2,36.95,36.0,14.716,0.00068,1709042,75259132.0,-0.2754820936638962,36.3
HK.01038,长江基建集团,2023-01-27 00:00:00,36.3,36.35,36.5,36.0,14.767,0.00029,718617,31590427.0,0.41436464088397396,36.2
HK.01038,长江基建集团,2023-01-30 00:00:00,36.35,36.6,37.25,36.3,14.85,0.00052,1316114,58591511.0,0.6877579092159559,36.35
HK.01038,长江基建集团,2023-01-31 00:00:00,36.65,35.85,36.7,35.6,14.599,0.00061,1545858,67596822.0,-2.0491803278688523,36.6
HK.01038,长江基建集团,2023-02-01 00:00:00,35.9,36.7,36.7,35.55,14.884,0.00071,1789993,78831843.0,2.3709902370990275,35.85
HK.01038,长江基建集团,2023-02-02 00:00:00,36.7,36.9,37.15,36.7,14.951,0.00046,1152655,51428337.0,0.5449591280653835,36.7
HK.01038,长江基建集团,2023-02-03 00:00:00,36.8,37.0,37.05,36.4,14.984,0.00084,2122975,94441135.0,0.27100271002710413,36.9
HK.01038,长江基建集团,2023-02-06 00:00:00,36.55,36.35,36.9,36.05,14.767,0.00035,875103,38589901.0,-1.756756756756753,37.0
HK.01038,长江基建集团,2023-02-07 00:00:00,36.4,36.2,36.7,35.8,14.716,0.0003,751580,32986168.0,-0.41265474552956966,36.35
HK.01038,长江基建集团,2023-02-08 00:00:00,36.45,36.6,36.7,36.1,14.85,0.0003,762484,33722547.0,1.1049723756906038,36.2
HK.01038,长江基建集团,2023-02-09 00:00:00,36.55,36.25,36.8,36.2,14.733,0.00032,805054,35504828.0,-0.9562841530054683,36.6
HK.01038,长江基建集团,2023-02-10 00:00:00,36.0,36.45,37.1,36.0,14.8,0.00039,985282,43586175.0,0.5517241379310424,36.25
HK.01038,长江基建集团,2023-02-13 00:00:00,36.2,35.9,36.6,35.3,14.616,0.0005,1256913,54637072.0,-1.50891632373115,36.45
HK.01038,长江基建集团,2023-02-14 00:00:00,36.1,36.3,36.4,35.95,14.75,0.0002,492893,21655944.0,1.1142061281337008,35.9
HK.01038,长江基建集团,2023-02-15 00:00:00,36.3,35.6,36.3,35.35,14.515,0.00037,921900,39909158.0,-1.928374655647371,36.3
HK.01038,长江基建集团,2023-02-16 00:00:00,35.85,35.15,35.85,35.1,14.364,0.00034,859480,37039024.0,-1.2640449438202326,35.6
HK.01038,长江基建集团,2023-02-17 00:00:00,35.15,34.8,35.15,34.55,14.247,0.00037,927828,39403520.0,-0.9957325746799472,35.15
HK.01038,长江基建集团,2023-02-20 00:00:00,34.55,35.25,35.5,34.55,14.398,0.00027,669438,28685366.0,1.2931034482758703,34.8
HK.01038,长江基建集团,2023-02-21 00:00:00,35.2,35.55,35.7,35.15,14.498,0.00025,634076,27389362.0,0.851063829787226,35.25
HK.01038,长江基建集团,2023-02-22 00:00:00,35.35,35.05,35.6,35.05,14.331,0.00037,921804,39554555.0,-1.4064697609001409,35.55
HK.01038,长江基建集团,2023-02-23 00:00:00,35.0,34.3,35.0,34.3,14.079,0.00063,1588584,67026053.0,-2.139800285306705,35.05
HK.01038,长江基建集团,2023-02-24 00:00:00,34.3,34.55,34.65,34.0,14.163,0.00031,768571,32380507.0,0.728862973760933,34.3
HK.01038,长江基建集团,2023-02-27 00:00:00,34.5,34.0,34.7,33.85,13.979,0.00042,1050304,43929888.0,-1.5918958031837835,34.55
HK.01038,长江基建集团,2023-02-28 00:00:00,34.5,33.7,34.7,33.7,13.878,0.00137,3452582,143548340.0,-0.8823529411764622,34.0
HK.01038,长江基建集团,2023-03-01 00:00:00,33.7,34.3,34.65,33.65,14.079,0.00071,1794331,74848774.0,1.7804154302670454,33.7
HK.01038,长江基建集团,2023-03-02 00:00:00,34.2,34.2,34.55,34.05,14.046,0.00029,727050,30524368.0,-0.29154518950435665,34.3
HK.01038,长江基建集团,2023-03-03 00:00:00,34.45,34.35,34.8,34.35,14.096,0.0003,757024,31966322.0,0.438596491228066,34.2
HK.01038,长江基建集团,2023-03-06 00:00:00,34.55,35.4,35.5,34.55,14.448,0.00056,1415125,60703713.0,3.0567685589519566,34.35
HK.01038,长江基建集团,2023-03-07 00:00:00,35.4,35.45,35.9,35.15,14.465,0.00038,960230,41505064.0,0.1412429378531194,35.4
HK.01038,长江基建集团,2023-03-08 00:00:00,35.0,34.85,35.2,34.7,14.264,0.0004,1004921,42787492.0,-1.692524682651626,35.45
HK.01038,长江基建集团,2023-03-09 00:00:00,34.85,34.7,35.1,34.55,14.213,0.00061,1527069,64701810.0,-0.4304160688665669,34.85
HK.01038,长江基建集团,2023-03-10 00:00:00,34.55,34.65,34.95,34.4,14.197,0.00055,1386608,58701034.0,-0.14409221902018518,34.7
HK.01038,长江基建集团,2023-03-13 00:00:00,34.7,35.1,35.6,34.6,14.347,0.00065,1627895,69859123.0,1.298701298701307,34.65
HK.01038,长江基建集团,2023-03-14 00:00:00,35.1,36.1,36.25,35.05,14.683,0.00092,2325412,101290066.0,2.849002849002849,35.1
HK.01038,长江基建集团,2023-03-15 00:00:00,36.3,36.3,36.5,35.7,14.75,0.00077,1943847,85199246.0,0.5540166204986031,36.1
HK.01038,长江基建集团,2023-03-16 00:00:00,36.45,35.3,36.45,34.4,13.983,0.00139,3498030,150222937.0,-2.7548209366391188,36.3
HK.01038,长江基建集团,2023-03-17 00:00:00,35.45,34.95,35.8,34.55,13.869,0.00304,7651734,327310110.0,-0.9915014164305789,35.3
HK.01038,长江基建集团,2023-03-20 00:00:00,34.95,34.55,34.95,34.35,13.739,0.00055,1396005,59029812.0,-1.1444921316166112,34.95
HK.01038,长江基建集团,2023-03-21 00:00:00,34.55,34.0,34.95,33.95,13.56,0.00056,1420556,59623169.0,-1.5918958031837835,34.55
HK.01038,长江基建集团,2023-03-22 00:00:00,33.85,34.25,34.55,33.85,13.642,0.00044,1118279,46967807.0,0.7352941176470588,34.0
HK.01038,长江基建集团,2023-03-23 00:00:00,34.35,34.55,34.6,33.85,13.739,0.00076,1915595,80358268.0,0.8759124087591158,34.25
HK.01038,长江基建集团,2023-03-24 00:00:00,34.5,34.55,34.95,34.35,13.739,0.00026,661266,28024541.0,0.0,34.55
HK.01038,长江基建集团,2023-03-27 00:00:00,34.55,34.6,35.05,34.3,13.756,0.00031,769862,32615332.0,0.14471780028944795,34.55
HK.01038,长江基建集团,2023-03-28 00:00:00,34.9,34.7,34.9,34.3,13.788,0.00034,860116,36409283.0,0.28901734104046656,34.6
HK.01038,长江基建集团,2023-03-29 00:00:00,34.8,34.55,35.0,34.35,13.739,0.00026,652613,27586437.0,-0.4322766570605351,34.7
HK.01038,长江基建集团,2023-03-30 00:00:00,34.45,34.55,34.95,34.3,13.739,0.00037,922984,38980453.0,0.0,34.55
HK.01038,长江基建集团,2023-03-31 00:00:00,34.7,35.0,35.15,34.55,13.886,0.00047,1181250,50389504.0,1.3024602026049288,34.55
HK.01038,长江基建集团,2023-04-03 00:00:00,35.0,35.0,35.45,34.7,13.886,0.00032,811229,34601485.0,0.0,35.0
HK.01038,长江基建集团,2023-04-04 00:00:00,34.7,34.9,35.3,34.7,13.853,0.00025,637834,27212479.0,-0.2857142857142898,35.0
HK.01038,长江基建集团,2023-04-06 00:00:00,34.85,35.45,35.45,34.75,14.032,0.00029,740572,31784926.0,1.5759312320917027,34.9
HK.01038,长江基建集团,2023-04-11 00:00:00,35.9,35.65,36.25,35.35,14.097,0.00056,1407038,60906185.0,0.5641748942171952,35.45
HK.01038,长江基建集团,2023-04-12 00:00:00,35.85,36.05,36.15,35.75,14.227,0.00038,949760,41489104.0,1.1220196353436145,35.65
HK.01038,长江基建集团,2023-04-13 00:00:00,36.05,36.2,36.2,35.65,14.276,0.0003,757414,33154940.0,0.4160887656033445,36.05
HK.01038,长江基建集团,2023-04-14 00:00:00,36.3,36.45,36.45,36.2,14.357,0.00028,706240,31108981.0,0.6906077348066298,36.2
HK.01038,长江基建集团,2023-04-17 00:00:00,36.4,36.8,36.95,36.05,14.471,0.00035,883997,39239045.0,0.9602194787379815,36.45
HK.01038,长江基建集团,2023-04-18 00:00:00,36.45,36.1,36.85,36.0,14.243,0.00034,861092,37865116.0,-1.902173913043467,36.8
HK.01038,长江基建集团,2023-04-19 00:00:00,36.4,36.15,36.45,36.0,14.26,0.00027,690831,30310152.0,0.13850415512464587,36.1
HK.01038,长江基建集团,2023-04-20 00:00:00,36.15,36.0,36.15,35.85,14.211,0.00023,567087,24775811.0,-0.41493775933609567,36.15
HK.01038,长江基建集团,2023-04-21 00:00:00,36.4,36.15,36.7,35.9,14.26,0.00024,601034,26381634.0,0.41666666666666274,36.0
HK.01038,长江基建集团,2023-04-24 00:00:00,36.3,36.2,36.35,35.95,14.276,0.00023,574772,25202532.0,0.13831258644537833,36.15
HK.01038,长江基建集团,2023-04-25 00:00:00,36.2,35.95,36.3,35.85,14.195,0.0003,750027,32744903.0,-0.6906077348066298,36.2
HK.01038,长江基建集团,2023-04-26 00:00:00,35.95,36.45,36.7,35.95,14.357,0.00031,775310,34240306.0,1.3908205841446453,35.95
HK.01038,长江基建集团,2023-04-27 00:00:00,36.25,36.75,36.8,36.25,14.455,0.00021,525174,23300268.0,0.823045267489704,36.45
HK.01038,长江基建集团,2023-04-28 00:00:00,36.7,36.9,37.0,36.7,14.504,0.00039,990862,44181269.0,0.4081632653061186,36.75
HK.01038,长江基建集团,2023-05-02 00:00:00,36.95,37.5,37.6,36.95,14.699,0.00043,1085382,48924267.0,1.6260162601626056,36.9
HK.01038,长江基建集团,2023-05-03 00:00:00,37.2,37.4,37.65,37.15,14.666,0.00034,847046,38150816.0,-0.2666666666666705,37.5
HK.01038,长江基建集团,2023-05-04 00:00:00,37.7,38.45,38.7,37.4,15.008,0.00054,1370860,63098440.0,2.8074866310160544,37.4
HK.01038,长江基建集团,2023-05-05 00:00:00,38.5,39.05,39.05,38.15,15.203,0.00041,1037575,48356231.0,1.5604681404421177,38.45
HK.01038,长江基建集团,2023-05-08 00:00:00,39.15,39.05,39.6,38.8,15.203,0.00087,2196056,102589247.0,0.0,39.05
HK.01038,长江基建集团,2023-05-09 00:00:00,39.05,38.8,39.1,38.5,14.312,0.00071,1789222,83138055.0,-0.6402048655569783,39.05
HK.01038,长江基建集团,2023-05-10 00:00:00,39.0,38.85,39.0,38.6,14.327,0.00044,1112904,51719371.0,0.12886597938145428,38.8
HK.01038,长江基建集团,2023-05-11 00:00:00,38.95,39.05,39.3,38.05,14.389,0.00054,1353380,63103453.0,0.5148005148005038,38.85
HK.01038,长江基建集团,2023-05-12 00:00:00,38.95,38.85,39.0,38.65,14.327,0.00053,1347840,62741219.0,-0.5121638924455717,39.05
HK.01038,长江基建集团,2023-05-15 00:00:00,38.85,39.0,39.0,38.75,14.373,0.00042,1050863,48956749.0,0.38610038610038244,38.85
HK.01038,长江基建集团,2023-05-16 00:00:00,38.95,39.0,39.5,38.8,14.373,0.00046,1161699,54266416.0,0.0,39.0
HK.01038,长江基建集团,2023-05-17 00:00:00,38.8,38.9,38.95,38.6,14.342,0.00045,1125676,52369680.0,-0.25641025641026005,39.0
HK.01038,长江基建集团,2023-05-18 00:00:00,39.1,38.85,39.1,38.7,14.327,0.00052,1312907,61096177.0,-0.12853470437017264,38.9
HK.01038,长江基建集团,2023-05-19 00:00:00,38.85,38.4,38.85,38.35,14.188,0.0008,2024462,93606542.0,-1.1583011583011655,38.85
HK.01038,长江基建集团,2023-05-22 00:00:00,38.13,36.58,38.28,36.38,13.065,0.00122,3071089,131718284.0,-4.739583333333335,38.4
HK.01038,长江基建集团,2023-05-23 00:00:00,36.63,35.38,36.73,35.28,12.696,0.0013,3267182,135269823.0,-3.2804811372334495,36.58
HK.01038,长江基建集团,2023-05-24 00:00:00,35.63,36.33,36.43,35.38,12.988,0.0005,1261589,53105835.0,2.685132843414346,35.38
HK.01038,长江基建集团,2023-05-25 00:00:00,35.98,36.98,37.13,35.88,13.188,0.00081,2044406,86942833.0,1.789154968345716,36.33
HK.01038,长江基建集团,2023-05-29 00:00:00,36.98,37.33,37.63,36.88,13.296,0.00052,1309067,56575197.0,0.9464575446187168,36.98
HK.01038,长江基建集团,2023-05-30 00:00:00,37.13,37.03,37.33,36.48,13.204,0.00061,1535603,65725384.0,-0.8036431824269947,37.33
HK.01038,长江基建集团,2023-05-31 00:00:00,37.08,37.43,37.63,37.03,13.327,0.00163,4109993,177540884.0,1.0802052389954053,37.03
HK.01038,长江基建集团,2023-06-01 00:00:00,37.43,37.13,37.43,36.68,13.234,0.00057,1432996,61575755.0,-0.8014961261020496,37.43
HK.01038,长江基建集团,2023-06-02 00:00:00,37.13,36.38,37.88,36.28,13.004,0.00083,2094126,89165525.0,-2.01992997576084,37.13
HK.01038,长江基建集团,2023-06-05 00:00:00,36.33,37.68,37.68,36.33,13.404,0.00038,954481,41231023.0,3.5733919736118667,36.38
HK.01038,长江基建集团,2023-06-06 00:00:00,37.33,37.13,37.83,37.03,13.234,0.00044,1117986,48301728.0,-1.4596602972399075,37.68
HK.01038,长江基建集团,2023-06-07 00:00:00,37.33,36.93,37.38,36.78,13.173,0.0005,1266993,54366464.0,-0.5386479935362317,37.13
HK.01038,长江基建集团,2023-06-08 00:00:00,36.93,36.18,37.08,35.93,12.942,0.0006,1503610,63398871.0,-2.0308692120227456,36.93
HK.01038,长江基建集团,2023-06-09 00:00:00,36.08,36.68,36.83,36.03,13.096,0.00044,1114848,47239714.0,1.3819789939192924,36.18
HK.01038,长江基建集团,2023-06-12 00:00:00,36.53,36.38,36.98,36.13,13.004,0.00043,1075186,45475536.0,-0.8178844056706575,36.68
HK.01038,长江基建集团,2023-06-13 00:00:00,36.23,36.43,36.63,36.13,13.019,0.00035,892241,37729157.0,0.13743815283121813,36.38
HK.01038,长江基建集团,2023-06-14 00:00:00,36.58,35.88,36.58,35.83,12.85,0.00047,1175654,49432458.0,-1.5097447158934865,36.43
HK.01038,长江基建集团,2023-06-15 00:00:00,36.13,35.93,36.13,35.68,12.865,0.00039,985328,41129568.0,0.1393534002229575,35.88
HK.01038,长江基建集团,2023-06-16 00:00:00,35.68,36.38,36.78,35.68,13.004,0.00105,2641052,111639696.0,1.2524352908433143,35.93
HK.01038,长江基建集团,2023-06-19 00:00:00,36.58,36.63,36.88,36.23,13.821,0.00035,891332,37860353.0,0.6871907641561297,36.38
HK.01038,长江基建集团,2023-06-20 00:00:00,36.38,36.63,36.93,36.38,13.821,0.0003,756921,32141243.0,0.0,36.63
HK.01038,长江基建集团,2023-06-21 00:00:00,36.58,35.98,36.58,35.93,13.609,0.00025,636179,26712639.0,-1.77450177450179,36.63
HK.01038,长江基建集团,2023-06-23 00:00:00,35.78,35.28,35.88,35.18,13.382,0.00042,1068200,44093610.0,-1.945525291828782,35.98
HK.01038,长江基建集团,2023-06-26 00:00:00,35.38,34.88,35.73,34.78,13.252,0.00063,1587381,64941020.0,-1.1337868480725584,35.28
HK.01038,长江基建集团,2023-06-27 00:00:00,34.88,35.48,35.78,34.78,13.447,0.00036,909722,37635576.0,1.7201834862385155,34.88
HK.01038,长江基建集团,2023-06-28 00:00:00,35.28,35.78,35.88,35.28,13.544,0.00019,488453,20323989.0,0.8455467869222218,35.48
HK.01038,长江基建集团,2023-06-29 00:00:00,35.98,35.78,36.23,35.43,13.544,0.00031,791829,32932497.0,0.0,35.78
HK.01038,长江基建集团,2023-06-30 00:00:00,35.83,35.58,36.03,35.58,13.479,0.00032,799299,33191770.0,-0.5589714924538928,35.78
HK.01038,长江基建集团,2023-07-03 00:00:00,35.58,35.88,36.18,35.53,13.577,0.00037,931643,38864576.0,0.8431703204047338,35.58
HK.01038,长江基建集团,2023-07-04 00:00:00,36.18,35.98,36.18,35.68,13.609,0.00021,532290,22209433.0,0.278706800445915,35.88
HK.01038,长江基建集团,2023-07-05 00:00:00,35.83,35.48,35.98,35.48,13.447,0.00015,387246,16111251.0,-1.3896609227348529,35.98
HK.01038,长江基建集团,2023-07-06 00:00:00,35.43,34.78,35.88,34.63,13.219,0.0007,1761520,71864707.0,-1.9729425028184775,35.48
HK.01038,长江基建集团,2023-07-07 00:00:00,35.28,34.08,35.28,34.08,12.991,0.00037,943339,37929570.0,-2.01265094882117,34.78
HK.01038,长江基建集团,2023-07-10 00:00:00,34.38,34.43,35.03,34.18,13.105,0.00031,789052,31856375.0,1.0269953051643235,34.08
HK.01038,长江基建集团,2023-07-11 00:00:00,34.53,34.13,34.68,34.13,13.008,0.0007,1760787,70627528.0,-0.8713331397037385,34.43
HK.01038,长江基建集团,2023-07-12 00:00:00,34.13,34.03,34.33,33.78,12.975,0.00055,1387424,55323624.0,-0.29299736302373697,34.13
HK.01038,长江基建集团,2023-07-13 00:00:00,34.48,34.73,35.03,34.43,13.203,0.00064,1603624,64911266.0,2.057008521892435,34.03
HK.01038,长江基建集团,2023-07-14 00:00:00,34.73,34.98,35.08,34.48,13.284,0.00042,1046943,42684436.0,0.7198387561186295,34.73
HK.01038,长江基建集团,2023-07-18 00:00:00,34.38,34.48,34.78,34.18,13.121,0.00092,2329488,94075143.0,-1.429388221841052,34.98
HK.01038,长江基建集团,2023-07-19 00:00:00,34.48,34.48,34.83,34.03,13.121,0.00055,1383662,55841481.0,0.0,34.48
HK.01038,长江基建集团,2023-07-20 00:00:00,34.88,34.48,34.93,34.33,13.121,0.00026,659109,26718625.0,0.0,34.48
HK.01038,长江基建集团,2023-07-21 00:00:00,34.48,34.83,34.93,34.23,13.235,0.00031,785255,31866519.0,1.015081206496524,34.48
HK.01038,长江基建集团,2023-07-24 00:00:00,35.03,34.68,35.03,34.33,13.186,0.00028,714374,28911660.0,-0.43066322136089175,34.83
HK.01038,长江基建集团,2023-07-25 00:00:00,34.68,34.83,35.13,34.68,13.235,0.00039,993036,40449116.0,0.4325259515570893,34.68
HK.01038,长江基建集团,2023-07-26 00:00:00,34.83,35.03,35.53,34.73,13.3,0.00036,913697,37398158.0,0.5742176284812025,34.83
HK.01038,长江基建集团,2023-07-27 00:00:00,35.53,35.58,35.63,35.03,13.479,0.00052,1322282,54645710.0,1.5700827861832634,35.03
HK.01038,长江基建集团,2023-07-28 00:00:00,35.13,35.58,35.63,35.13,13.479,0.00033,843510,34928420.0,0.0,35.58
HK.01038,长江基建集团,2023-07-31 00:00:00,35.58,35.38,35.83,35.13,13.414,0.00061,1532077,63343568.0,-0.5621135469364692,35.58
HK.01038,长江基建集团,2023-08-01 00:00:00,35.68,35.53,35.78,35.38,13.463,0.00032,796071,33001373.0,0.4239683436969999,35.38
HK.01038,长江基建集团,2023-08-02 00:00:00,35.53,34.38,35.63,34.23,13.089,0.00068,1715738,69495995.0,-3.236701379116236,35.53
HK.01038,长江基建集团,2023-08-03 00:00:00,34.38,34.63,35.18,34.38,13.17,0.00036,906368,36874570.0,0.7271669575334496,34.38
HK.01038,长江基建集团,2023-08-04 00:00:00,34.83,33.93,34.98,33.88,12.943,0.00066,1663775,66762327.0,-2.0213687554143887,34.63
HK.01038,长江基建集团,2023-08-07 00:00:00,34.13,34.33,34.58,33.98,13.073,0.00028,703141,28242955.0,1.1788977306218644,33.93
HK.01038,长江基建集团,2023-08-08 00:00:00,34.33,34.48,34.68,33.93,13.121,0.00047,1179790,47549933.0,0.43693562481793935,34.33
HK.01038,长江基建集团,2023-08-09 00:00:00,34.38,34.28,34.48,34.13,13.056,0.00022,550080,22105034.0,-0.5800464037122847,34.48
HK.01038,长江基建集团,2023-08-10 00:00:00,34.48,34.68,34.83,34.23,13.186,0.0003,763601,30916754.0,1.1668611435239165,34.28
HK.01038,长江基建集团,2023-08-11 00:00:00,34.98,34.63,34.98,34.63,13.17,0.00048,1218323,49464202.0,-0.14417531718568963,34.68
HK.01038,长江基建集团,2023-08-14 00:00:00,34.63,34.03,34.63,33.93,12.975,0.00035,886656,35476479.0,-1.7326017903551876,34.63
HK.01038,长江基建集团,2023-08-15 00:00:00,34.03,33.63,34.13,33.48,12.845,0.00039,976410,38624629.0,-1.1754334410813945,34.03
HK.01038,长江基建集团,2023-08-16 00:00:00,33.38,33.83,33.83,33.33,12.91,0.00081,2032529,80318365.0,0.594707106749913,33.63
HK.01038,长江基建集团,2023-08-17 00:00:00,33.78,33.28,33.78,33.23,12.731,0.00054,1364000,53504385.0,-1.6257759385161017,33.83
HK.01038,长江基建集团,2023-08-18 00:00:00,33.23,32.33,33.23,32.28,12.422,0.00114,2868681,111039640.0,-2.8545673076923164,33.28
HK.01038,长江基建集团,2023-08-21 00:00:00,32.58,32.03,32.58,31.98,12.325,0.00067,1679017,63776205.0,-0.9279307145066414,32.33
HK.01038,长江基建集团,2023-08-22 00:00:00,32.03,31.88,32.43,31.83,12.276,0.00033,841507,31889330.0,-0.468310958476435,32.03
HK.01038,长江基建集团,2023-08-23 00:00:00,32.28,32.38,32.58,31.78,12.439,0.00048,1208999,46134963.0,1.5683814303638757,31.88
HK.01038,长江基建集团,2023-08-24 00:00:00,32.38,32.73,32.93,32.38,12.552,0.00025,623840,24076608.0,1.0809141445336452,32.38
HK.01038,长江基建集团,2023-08-25 00:00:00,32.68,32.68,32.88,32.43,12.536,0.00022,566616,21860526.0,-0.15276504735715601,32.73
HK.01038,长江基建集团,2023-08-28 00:00:00,33.33,32.88,33.43,32.88,12.601,0.00031,791758,30861827.0,0.6119951040391763,32.68
HK.01038,长江基建集团,2023-08-29 00:00:00,32.73,33.63,33.68,32.73,12.845,0.00036,905059,35632765.0,2.281021897810219,32.88
HK.01038,长江基建集团,2023-08-30 00:00:00,33.63,33.78,33.98,33.53,12.894,0.00037,941125,37255672.0,0.44603033006244003,33.63
HK.01038,长江基建集团,2023-08-31 00:00:00,33.93,33.83,34.13,33.63,12.91,0.00074,1875926,74452158.0,0.14801657785671155,33.78
HK.01038,长江基建集团,2023-09-04 00:00:00,33.94,33.89,34.64,33.44,12.699,0.00048,1203611,47147203.0,0.1773573751108551,33.83
HK.01038,长江基建集团,2023-09-05 00:00:00,33.89,33.54,33.89,33.49,12.585,0.00018,452368,17564741.0,-1.0327530244910046,33.89
HK.01038,长江基建集团,2023-09-06 00:00:00,33.49,33.09,33.49,32.94,12.439,0.0003,766768,29331863.0,-1.341681574239701,33.54
HK.01038,长江基建集团,2023-09-07 00:00:00,33.04,33.19,33.39,32.94,12.471,0.00029,727555,27888273.0,0.30220610456329494,33.09
HK.01038,长江基建集团,2023-09-11 00:00:00,33.19,33.19,33.34,32.69,12.471,0.00039,971559,37173605.0,0.0,33.19
HK.01038,长江基建集团,2023-09-12 00:00:00,33.14,33.19,33.44,33.04,12.471,0.00028,705728,27082265.0,0.0,33.19
HK.01038,长江基建集团,2023-09-13 00:00:00,33.19,33.19,33.44,33.04,12.471,0.00022,543788,20866491.0,0.0,33.19
HK.01038,长江基建集团,2023-09-14 00:00:00,33.19,33.29,33.64,32.99,12.504,0.00045,1143062,43942100.0,0.3012955709551113,33.19
HK.01038,长江基建集团,2023-09-15 00:00:00,33.29,33.39,33.94,33.14,12.536,0.00065,1635841,63165462.0,0.3003905076599622,33.29
HK.01038,长江基建集团,2023-09-18 00:00:00,33.79,33.39,33.79,33.19,12.536,0.00022,556773,21479958.0,0.0,33.39
HK.01038,长江基建集团,2023-09-19 00:00:00,33.74,33.39,33.84,33.29,12.536,0.00019,489007,18884496.0,0.0,33.39
HK.01038,长江基建集团,2023-09-20 00:00:00,33.79,33.24,34.04,33.24,12.487,0.00032,818420,31569494.0,-0.44923629829289785,33.39
HK.01038,长江基建集团,2023-09-21 00:00:00,33.19,32.64,33.29,32.59,12.292,0.00047,1171681,44469590.0,-1.8050541516245528,33.24
HK.01038,长江基建集团,2023-09-22 00:00:00,32.74,33.09,33.14,32.44,12.439,0.00037,937085,35644999.0,1.378676470588244,32.64
HK.01038,长江基建集团,2023-09-25 00:00:00,32.99,32.34,33.04,32.34,12.195,0.0004,995999,37560308.0,-2.266545784224841,33.09
HK.01038,长江基建集团,2023-09-26 00:00:00,32.24,31.99,32.44,31.94,12.081,0.00099,2492252,93334801.0,-1.0822510822510976,32.34
HK.01038,长江基建集团,2023-09-27 00:00:00,32.04,32.34,32.59,32.04,12.195,0.00027,675178,25320682.0,1.0940919037199281,31.99
HK.01038,长江基建集团,2023-09-28 00:00:00,32.14,32.09,32.64,31.99,12.113,0.00035,874881,32646459.0,-0.7730364873222015,32.34
HK.01038,长江基建集团,2023-09-29 00:00:00,32.09,31.89,32.59,31.89,12.048,0.00057,1444329,53730721.0,-0.6232471174820904,32.09
HK.01038,长江基建集团,2023-10-03 00:00:00,31.54,31.49,31.89,30.74,11.918,0.00077,1951061,71096199.0,-1.2543116964565761,31.89
HK.01038,长江基建集团,2023-10-04 00:00:00,31.14,30.39,31.49,30.04,11.56,0.0007,1761810,62744941.0,-3.4931724356938645,31.49
HK.01038,长江基建集团,2023-10-05 00:00:00,30.64,31.04,31.14,30.44,11.772,0.00035,890959,32176901.0,2.1388614675880175,30.39
HK.01038,长江基建集团,2023-10-06 00:00:00,31.04,31.34,31.84,31.04,11.869,0.00044,1115020,40767102.0,0.9664948453608271,31.04
HK.01038,长江基建集团,2023-10-09 00:00:00,31.34,31.34,31.64,31.19,11.869,0.0003,745809,27243051.0,0.0,31.34
HK.01038,长江基建集团,2023-10-10 00:00:00,31.84,31.84,32.29,31.84,12.032,0.00037,922315,34272328.0,1.595405232929164,31.34
HK.01038,长江基建集团,2023-10-11 00:00:00,31.94,32.24,32.54,31.94,12.162,0.00041,1030920,38666004.0,1.2562814070351824,31.84
HK.01038,长江基建集团,2023-10-12 00:00:00,32.74,32.69,32.84,32.44,12.308,0.00027,692234,26169313.0,1.3957816377171082,32.24
HK.01038,长江基建集团,2023-10-13 00:00:00,32.64,31.84,32.69,31.84,12.032,0.00045,1123615,41843271.0,-2.6001835423676902,32.69
HK.01038,长江基建集团,2023-10-16 00:00:00,32.19,32.04,32.39,31.89,12.097,0.00034,846916,31550550.0,0.6281407035175857,31.84
HK.01038,长江基建集团,2023-10-17 00:00:00,31.89,32.04,32.24,31.89,12.097,0.00024,610022,22710767.0,0.0,32.04
HK.01038,长江基建集团,2023-10-18 00:00:00,31.89,32.19,32.34,31.89,12.146,0.00035,882630,32940024.0,0.46816479400748623,32.04
HK.01038,长江基建集团,2023-10-19 00:00:00,32.19,31.24,32.19,31.09,11.837,0.00075,1893898,69200834.0,-2.9512270891581216,32.19
HK.01038,长江基建集团,2023-10-20 00:00:00,31.44,31.04,31.44,30.94,11.772,0.00037,920522,33387688.0,-0.640204865556976,31.24
HK.01038,长江基建集团,2023-10-24 00:00:00,31.04,31.54,31.94,30.99,11.934,0.00045,1146067,42090216.0,1.6108247422680415,31.04
HK.01038,长江基建集团,2023-10-25 00:00:00,31.94,31.24,32.14,31.14,11.837,0.00025,627707,23079324.0,-0.9511731135066605,31.54
HK.01038,长江基建集团,2023-10-26 00:00:00,31.19,31.29,31.49,30.74,11.853,0.00079,1989559,72130879.0,0.16005121638924685,31.24
HK.01038,长江基建集团,2023-10-27 00:00:00,31.54,31.69,31.99,31.29,11.983,0.00036,910557,33496666.0,1.2783636944710839,31.29
HK.01038,长江基建集团,2023-10-30 00:00:00,31.69,31.39,31.69,31.19,11.886,0.0004,1002731,36697189.0,-0.946670874092776,31.69
HK.01038,长江基建集团,2023-10-31 00:00:00,31.34,31.09,31.69,30.84,11.788,0.00054,1367530,49611074.0,-0.9557183816502094,31.39
HK.01038,长江基建集团,2023-11-01 00:00:00,31.14,31.29,31.44,30.74,11.853,0.00032,804419,29227670.0,0.6432936635574117,31.09
HK.01038,长江基建集团,2023-11-02 00:00:00,31.44,31.89,31.99,31.44,12.048,0.0002,495824,18322252.0,1.9175455417066203,31.29
HK.01038,长江基建集团,2023-11-03 00:00:00,32.19,32.79,32.89,31.94,12.341,0.00054,1363980,51488178.0,2.822201317027277,31.89
HK.01038,长江基建集团,2023-11-06 00:00:00,33.04,32.64,33.09,32.44,12.292,0.00043,1082760,40985136.0,-0.457456541628541,32.79
HK.01038,长江基建集团,2023-11-07 00:00:00,32.34,31.54,32.54,31.39,11.934,0.00036,896858,33167955.0,-3.3700980392156903,32.64
HK.01038,长江基建集团,2023-11-08 00:00:00,31.64,31.44,31.69,31.04,11.902,0.00047,1193217,43645248.0,-0.31705770450221266,31.54
HK.01038,长江基建集团,2023-11-09 00:00:00,31.44,31.14,31.49,30.94,11.804,0.00047,1174847,42672615.0,-0.954198473282445,31.44
HK.01038,长江基建集团,2023-11-10 00:00:00,31.14,30.84,31.14,30.84,11.707,0.00033,833571,30140779.0,-0.9633911368015436,31.14
HK.01038,长江基建集团,2023-11-13 00:00:00,31.34,31.69,31.84,31.04,11.983,0.00029,725697,26625156.0,2.756160830090796,30.84
HK.01038,长江基建集团,2023-11-14 00:00:00,31.94,31.99,32.24,31.79,12.081,0.00026,656968,24407731.0,0.9466708740927648,31.69
HK.01038,长江基建集团,2023-11-15 00:00:00,32.54,33.64,33.74,32.39,12.617,0.00102,2559562,98552937.0,5.157861831822451,31.99
HK.01038,长江基建集团,2023-11-16 00:00:00,33.64,32.89,33.64,32.89,12.373,0.00036,895183,34206437.0,-2.2294887039239,33.64
HK.01038,长江基建集团,2023-11-17 00:00:00,32.89,33.04,33.24,32.64,12.422,0.00029,730360,27896456.0,0.45606567345697346,32.89
HK.01038,长江基建集团,2023-11-20 00:00:00,33.49,33.49,33.64,32.94,12.569,0.00038,958572,36995757.0,1.3619854721549722,33.04
HK.01038,长江基建集团,2023-11-21 00:00:00,33.64,33.29,34.34,33.14,12.504,0.00036,916160,35408554.0,-0.5971931919976197,33.49
HK.01038,长江基建集团,2023-11-22 00:00:00,33.44,33.34,33.44,33.04,12.52,0.00017,427008,16394192.0,0.1501952538299918,33.29
HK.01038,长江基建集团,2023-11-23 00:00:00,33.14,33.79,33.84,33.14,12.666,0.00021,531430,20600581.0,1.3497300539891892,33.34
HK.01038,长江基建集团,2023-11-24 00:00:00,33.34,33.39,33.94,33.24,12.536,0.00019,472618,18246487.0,-1.1837821840781253,33.79
HK.01038,长江基建集团,2023-11-27 00:00:00,33.69,33.24,33.69,33.09,12.487,0.00027,679100,26108684.0,-0.44923629829289785,33.39
HK.01038,长江基建集团,2023-11-28 00:00:00,33.29,33.39,33.59,33.09,12.536,0.00034,850637,32768360.0,0.45126353790613283,33.24
HK.01038,长江基建集团,2023-11-29 00:00:00,33.74,32.94,33.74,32.64,12.39,0.00052,1306989,49856364.0,-1.3477088948787148,33.39
HK.01038,长江基建集团,2023-11-30 00:00:00,32.94,33.54,33.59,32.74,12.585,0.00132,3315969,127950078.0,1.8214936247723177,32.94
HK.01038,长江基建集团,2023-12-01 00:00:00,33.44,32.49,33.44,32.29,12.243,0.00095,2392523,90480165.0,-3.130590339892657,33.54
HK.01038,长江基建集团,2023-12-04 00:00:00,32.94,33.44,33.64,32.94,12.552,0.00053,1335948,51366340.0,2.9239766081871212,32.49
HK.01038,长江基建集团,2023-12-05 00:00:00,33.44,33.49,33.74,33.24,12.569,0.00058,1466992,56689708.0,0.1495215311004912,33.44
HK.01038,长江基建集团,2023-12-06 00:00:00,33.24,33.99,34.24,33.24,12.731,0.00058,1453685,56862483.0,1.492982979994028,33.49
HK.01038,长江基建集团,2023-12-07 00:00:00,33.99,34.14,34.24,33.54,12.78,0.00056,1401683,54890269.0,0.4413062665489808,33.99
HK.01038,长江基建集团,2023-12-08 00:00:00,34.44,34.64,35.14,34.14,12.943,0.00097,2438826,97106656.0,1.4645577035735209,34.14
HK.01038,长江基建集团,2023-12-11 00:00:00,34.14,34.64,34.94,34.04,12.943,0.00055,1395743,55402672.0,0.0,34.64
HK.01038,长江基建集团,2023-12-12 00:00:00,34.19,35.64,35.79,34.19,13.268,0.00087,2196476,89089334.0,2.886836027713626,34.64
HK.01038,长江基建集团,2023-12-13 00:00:00,35.64,34.59,35.64,34.44,12.926,0.00059,1480524,59200952.0,-2.9461279461279384,35.64
HK.01038,长江基建集团,2023-12-14 00:00:00,35.09,38.04,38.14,35.04,14.048,0.00257,6472425,273347929.0,9.973980919340837,34.59
HK.01038,长江基建集团,2023-12-15 00:00:00,38.24,38.09,38.24,36.89,14.065,0.00178,4488269,193215186.0,0.1314405888538493,38.04
HK.01038,长江基建集团,2023-12-18 00:00:00,37.84,38.09,38.34,37.24,14.065,0.00089,2231056,96178915.0,0.0,38.09
HK.01038,长江基建集团,2023-12-19 00:00:00,38.04,37.99,38.09,37.69,14.032,0.00056,1410418,60804566.0,-0.2625360987135768,38.09
HK.01038,长江基建集团,2023-12-20 00:00:00,38.14,37.69,38.29,37.39,13.934,0.0006,1501066,64303819.0,-0.7896814951303087,37.99
HK.01038,长江基建集团,2023-12-21 00:00:00,37.24,37.54,37.89,37.24,13.886,0.00043,1071262,45778081.0,-0.39798355001326235,37.69
HK.01038,长江基建集团,2023-12-22 00:00:00,37.94,37.44,37.94,37.24,13.853,0.00037,942315,40264048.0,-0.2663825253063437,37.54
HK.01038,长江基建集团,2023-12-27 00:00:00,37.69,37.44,37.84,37.34,13.853,0.0004,1005628,42970274.0,0.0,37.44
HK.01038,长江基建集团,2023-12-28 00:00:00,37.44,37.94,37.99,37.04,14.016,0.00039,994592,42673099.0,1.3354700854700856,37.44
HK.01038,长江基建集团,2023-12-29 00:00:00,37.94,38.04,38.04,37.54,14.048,0.0004,998599,43032210.0,0.2635740643120755,37.94
HK.01038,长江基建集团,2024-01-02 00:00:00,38.09,38.39,38.44,37.54,14.162,0.00057,1429493,61875377.0,0.9200841219768703,38.04
HK.01038,长江基建集团,2024-01-03 00:00:00,37.99,38.39,38.64,37.49,14.162,0.0007,1752786,75982633.0,0.0,38.39
HK.01038,长江基建集团,2024-01-04 00:00:00,37.94,38.19,38.34,37.79,14.097,0.00063,1588220,68596259.0,-0.5209690023443678,38.39
HK.01038,长江基建集团,2024-01-05 00:00:00,38.24,38.09,38.24,37.44,14.065,0.00056,1406576,60804123.0,-0.26184865147943004,38.19
HK.01038,长江基建集团,2024-01-08 00:00:00,38.09,37.49,38.19,37.09,13.869,0.00063,1575603,67207777.0,-1.5752165922814425,38.09
HK.01038,长江基建集团,2024-01-09 00:00:00,37.84,37.79,38.04,37.24,13.967,0.0004,1007902,43355209.0,0.800213390237389,37.49
HK.01038,长江基建集团,2024-01-10 00:00:00,37.99,37.64,37.99,37.44,13.918,0.00029,731566,31257526.0,-0.39693040486900916,37.79
HK.01038,长江基建集团,2024-01-11 00:00:00,37.59,38.19,38.39,37.04,14.097,0.00096,2415038,104575953.0,1.4612114771519584,37.64
HK.01038,长江基建集团,2024-01-12 00:00:00,38.09,38.09,38.24,37.74,14.065,0.00031,770423,33240313.0,-0.26184865147943004,38.19
HK.01038,长江基建集团,2024-01-15 00:00:00,37.84,39.64,40.24,37.84,14.569,0.00151,3808363,169544690.0,4.069309530060376,38.09
HK.01038,长江基建集团,2024-01-16 00:00:00,39.19,39.24,39.74,39.14,14.439,0.00068,1713044,76260437.0,-1.0090817356205817,39.64
HK.01038,长江基建集团,2024-01-17 00:00:00,39.04,37.74,39.24,37.29,13.951,0.001,2509849,108339014.0,-3.82262996941896,39.24
HK.01038,长江基建集团,2024-01-18 00:00:00,37.74,38.89,38.99,37.54,14.325,0.00103,2605872,114251447.0,3.04716481187069,37.74
HK.01038,长江基建集团,2024-01-19 00:00:00,39.29,38.29,39.29,37.89,14.13,0.00093,2338530,101935414.0,-1.5428130624839327,38.89
HK.01038,长江基建集团,2024-01-22 00:00:00,38.29,38.34,38.59,37.54,14.146,0.00112,2821922,122246532.0,0.1305823974928291,38.29
HK.01038,长江基建集团,2024-01-23 00:00:00,38.34,39.64,39.89,38.29,14.569,0.00152,3841765,170622624.0,3.3907146583202845,38.34
HK.01038,长江基建集团,2024-01-24 00:00:00,39.64,40.54,40.59,38.59,14.861,0.0019,4779535,215650542.0,2.270433905146313,39.64
HK.01038,长江基建集团,2024-01-25 00:00:00,40.54,40.84,40.99,40.04,14.959,0.00116,2912138,133634038.0,0.7400098667982344,40.54
HK.01038,长江基建集团,2024-01-26 00:00:00,40.84,40.84,41.64,40.49,14.959,0.00119,3007873,139116627.0,0.0,40.84
HK.01038,长江基建集团,2024-01-29 00:00:00,40.89,40.94,41.59,40.44,14.991,0.00094,2374260,109742928.0,0.24485798237021134,40.84
HK.01038,长江基建集团,2024-01-30 00:00:00,40.94,40.94,41.39,40.29,14.991,0.00122,3073634,141739595.0,0.0,40.94
HK.01038,长江基建集团,2024-01-31 00:00:00,40.94,41.29,41.34,40.29,15.105,0.0013,3272333,151442781.0,0.854909623839769,40.94
HK.01038,长江基建集团,2024-02-01 00:00:00,41.34,41.34,41.84,40.99,15.121,0.00084,2119680,98756232.0,0.12109469605232324,41.29
HK.01038,长江基建集团,2024-02-02 00:00:00,41.44,41.84,42.09,41.34,15.284,0.00103,2593595,121748484.0,1.209482341557813,41.34
HK.01038,长江基建集团,2024-02-05 00:00:00,41.64,42.44,43.34,41.54,15.479,0.0021,5284053,253111369.0,1.43403441682599,41.84
HK.01038,长江基建集团,2024-02-06 00:00:00,42.09,41.64,42.29,40.89,15.219,0.00191,4804690,224546332.0,-1.8850141376060252,42.44
HK.01038,长江基建集团,2024-02-07 00:00:00,41.74,41.34,41.79,40.89,15.121,0.00156,3938700,183150165.0,-0.7204610951008577,41.64
HK.01038,长江基建集团,2024-02-08 00:00:00,41.44,40.34,42.29,40.14,14.796,0.00137,3451255,158634962.0,-2.418964683115626,41.34
HK.01038,长江基建集团,2024-02-09 00:00:00,40.34,39.84,40.34,39.84,14.634,0.00045,1131972,51030748.0,-1.2394645513138323,40.34
HK.01038,长江基建集团,2024-02-14 00:00:00,39.74,39.69,39.74,38.64,14.585,0.00084,2118368,94603658.0,-0.37650602409639977,39.84
HK.01038,长江基建集团,2024-02-15 00:00:00,39.34,39.44,39.84,38.94,14.504,0.00077,1950777,87107829.0,-0.6298815822625347,39.69
HK.01038,长江基建集团,2024-02-16 00:00:00,39.44,39.94,40.39,39.44,14.666,0.00044,1102492,49884413.0,1.2677484787018256,39.44
HK.01038,长江基建集团,2024-02-19 00:00:00,39.99,41.04,41.19,39.89,15.024,0.00066,1651820,75920919.0,2.7541311967951962,39.94
HK.01038,长江基建集团,2024-02-20 00:00:00,40.64,41.64,41.89,40.64,15.219,0.0007,1755582,82054495.0,1.4619883040935708,41.04
HK.01038,长江基建集团,2024-02-21 00:00:00,41.54,41.74,42.04,41.09,15.252,0.00177,4465493,209496400.0,0.24015369836695827,41.64
HK.01038,长江基建集团,2024-02-22 00:00:00,41.54,41.39,41.89,40.94,15.138,0.00098,2458867,114261840.0,-0.8385241974125573,41.74
HK.01038,长江基建集团,2024-02-23 00:00:00,41.44,41.64,41.94,41.44,15.219,0.00097,2438724,114138821.0,0.6040106305870983,41.39
HK.01038,长江基建集团,2024-02-26 00:00:00,41.34,41.24,41.64,40.89,15.089,0.00102,2573091,119495632.0,-0.960614793467816,41.64
HK.01038,长江基建集团,2024-02-27 00:00:00,40.74,41.29,41.49,40.74,15.105,0.00083,2082778,96614485.0,0.1212415130940765,41.24
HK.01038,长江基建集团,2024-02-28 00:00:00,41.29,42.24,42.49,41.29,15.414,0.00111,2801518,132272361.0,2.3007992249939524,41.29
HK.01038,长江基建集团,2024-02-29 00:00:00,42.24,40.89,42.29,40.74,14.975,0.00194,4884328,225537468.0,-3.1960227272727306,42.24
HK.01038,长江基建集团,2024-03-01 00:00:00,40.84,40.84,41.29,40.79,14.959,0.00082,2072612,95590963.0,-0.12227928588896346,40.89
HK.01038,长江基建集团,2024-03-04 00:00:00,41.14,40.99,41.34,40.74,15.008,0.00074,1859013,85803982.0,0.3672869735553344,40.84
HK.01038,长江基建集团,2024-03-05 00:00:00,40.94,40.59,40.94,40.19,14.878,0.0006,1504628,68746324.0,-0.9758477677482278,40.99
HK.01038,长江基建集团,2024-03-06 00:00:00,40.09,40.84,40.89,40.09,14.959,0.00114,2868145,131175021.0,0.6159152500615914,40.59
HK.01038,长江基建集团,2024-03-07 00:00:00,40.84,40.94,40.99,40.69,14.991,0.00071,1781867,82005929.0,0.24485798237021134,40.84
HK.01038,长江基建集团,2024-03-08 00:00:00,40.79,40.34,41.44,40.34,14.796,0.00058,1463163,67071190.0,-1.46555935515387,40.94
HK.01038,长江基建集团,2024-03-11 00:00:00,40.24,40.24,40.79,39.89,14.764,0.00073,1829494,83202508.0,-0.24789291026276997,40.34
HK.01038,长江基建集团,2024-03-12 00:00:00,40.29,40.24,40.59,40.09,14.764,0.00065,1632531,74245393.0,0.0,40.24
HK.01038,长江基建集团,2024-03-13 00:00:00,40.24,41.19,41.34,39.84,15.073,0.00062,1570491,72505693.0,2.3608349900596313,40.24
HK.01038,长江基建集团,2024-03-14 00:00:00,41.19,41.19,41.54,40.24,15.073,0.00065,1633668,75536452.0,0.0,41.19
HK.01038,长江基建集团,2024-03-15 00:00:00,41.19,41.04,41.19,40.34,15.024,0.00363,9139161,421240099.0,-0.36416605972323035,41.19
HK.01038,长江基建集团,2024-03-18 00:00:00,41.29,40.64,41.29,40.64,14.894,0.00036,917795,42191660.0,-0.974658869395708,41.04
HK.01038,长江基建集团,2024-03-19 00:00:00,40.34,40.74,41.49,40.09,14.926,0.00073,1835835,84813186.0,0.24606299212598776,40.64
HK.01038,长江基建集团,2024-03-20 00:00:00,40.54,40.34,40.99,40.34,14.796,0.00035,882633,40304870.0,-0.9818360333824216,40.74
HK.01038,长江基建集团,2024-03-21 00:00:00,40.69,40.74,41.29,40.59,14.406,0.0012,3033867,139464866.0,0.9915716410510623,40.34
HK.01038,长江基建集团,2024-03-22 00:00:00,40.74,41.44,41.59,39.34,14.626,0.00137,3456898,158113226.0,1.7182130584192334,40.74
HK.01038,长江基建集团,2024-03-25 00:00:00,41.49,42.04,42.29,40.89,14.814,0.00068,1724479,81081915.0,1.4478764478764514,41.44
HK.01038,长江基建集团,2024-03-26 00:00:00,41.99,41.29,42.24,41.14,14.579,0.00061,1546573,72038340.0,-1.784015223596575,42.04
HK.01038,长江基建集团,2024-03-27 00:00:00,41.29,40.64,41.29,40.64,14.375,0.00067,1696937,78095940.0,-1.5742310486800644,41.29
HK.01038,长江基建集团,2024-03-28 00:00:00,40.69,40.64,40.99,40.54,14.375,0.00032,795400,36459729.0,0.0,40.64
HK.01038,长江基建集团,2024-04-02 00:00:00,40.94,41.24,41.84,40.94,14.563,0.00113,2834712,131659488.0,1.4763779527559089,40.64
HK.01038,长江基建集团,2024-04-03 00:00:00,41.29,40.89,41.29,40.74,14.453,0.00047,1189940,54805567.0,-0.8486905916585873,41.24
HK.01038,长江基建集团,2024-04-05 00:00:00,40.84,40.89,41.09,40.54,14.453,0.00054,1350180,62005545.0,0.0,40.89
HK.01038,长江基建集团,2024-04-08 00:00:00,40.89,40.19,40.99,39.99,14.234,0.00054,1359276,61902659.0,-1.7119100024455924,40.89
HK.01038,长江基建集团,2024-04-09 00:00:00,40.79,40.54,41.44,40.19,14.344,0.00038,961894,44297972.0,0.8708633988554402,40.19
HK.01038,长江基建集团,2024-04-10 00:00:00,41.19,41.09,41.39,40.64,14.516,0.00053,1325635,61325078.0,1.3566847557967545,40.54
HK.01038,长江基建集团,2024-04-11 00:00:00,40.19,40.99,41.19,40.09,14.485,0.00048,1198969,55120883.0,-0.24336821611097934,41.09
HK.01038,长江基建集团,2024-04-12 00:00:00,40.94,39.34,40.94,39.19,13.967,0.00121,3044027,136634567.0,-4.02537204196145,40.99
HK.01038,长江基建集团,2024-04-15 00:00:00,39.64,38.29,39.64,37.34,13.637,0.00116,2927450,126560606.0,-2.6690391459074836,39.34
HK.01038,长江基建集团,2024-04-16 00:00:00,38.44,37.44,38.44,37.24,13.37,0.00096,2410430,103141014.0,-2.2199007573779093,38.29
HK.01038,长江基建集团,2024-04-17 00:00:00,37.84,38.14,38.34,37.44,13.59,0.00063,1582427,68476665.0,1.8696581196581272,37.44
HK.01038,长江基建集团,2024-04-18 00:00:00,38.14,37.39,38.19,37.24,13.355,0.00085,2148287,91758350.0,-1.9664394336654432,38.14
HK.01038,长江基建集团,2024-04-19 00:00:00,37.39,37.44,37.49,36.84,13.37,0.00069,1739741,73669691.0,0.13372559507889048,37.39
HK.01038,长江基建集团,2024-04-22 00:00:00,37.74,38.29,38.39,37.74,13.637,0.0009,2267327,98279384.0,2.2702991452991492,37.44
HK.01038,长江基建集团,2024-04-23 00:00:00,38.49,38.54,38.74,38.24,13.716,0.00118,2975096,130044988.0,0.6529119874640898,38.29
HK.01038,长江基建集团,2024-04-24 00:00:00,38.44,39.19,39.29,38.39,13.92,0.00048,1201851,53113984.0,1.6865594187856734,38.54
HK.01038,长江基建集团,2024-04-25 00:00:00,39.34,39.49,39.84,38.94,14.014,0.00046,1160075,51807642.0,0.7655014034192505,39.19
HK.01038,长江基建集团,2024-04-26 00:00:00,39.64,39.64,40.04,39.44,14.061,0.00088,2211428,99209835.0,0.37984299822739576,39.49
HK.01038,长江基建集团,2024-04-29 00:00:00,39.64,39.39,39.99,39.29,13.983,0.00061,1546234,69107412.0,-0.6306760847628659,39.64
HK.01038,长江基建集团,2024-04-30 00:00:00,39.09,39.14,39.84,39.09,13.904,0.00043,1094741,48669922.0,-0.6346788525006346,39.39
HK.01038,长江基建集团,2024-05-02 00:00:00,38.84,39.14,39.79,38.84,13.904,0.00036,918491,40803314.0,0.0,39.14
HK.01038,长江基建集团,2024-05-03 00:00:00,39.79,39.14,39.79,38.74,13.904,0.00044,1107972,49088889.0,0.0,39.14
HK.01038,长江基建集团,2024-05-06 00:00:00,39.14,39.54,39.59,38.94,14.03,0.00051,1294704,57674438.0,1.0219724067450142,39.14
HK.01038,长江基建集团,2024-05-07 00:00:00,39.64,39.99,40.04,39.49,14.171,0.00045,1146233,51584112.0,1.1380880121396126,39.54
HK.01038,长江基建集团,2024-05-08 00:00:00,40.09,40.04,40.69,39.94,14.187,0.00084,2126503,96755092.0,0.1250312578144465,39.99
HK.01038,长江基建集团,2024-05-09 00:00:00,39.84,40.44,40.54,39.84,14.312,0.00026,650406,29589420.0,0.9990009990009955,40.04
HK.01038,长江基建集团,2024-05-10 00:00:00,40.64,41.84,41.94,40.04,14.752,0.00114,2871566,134120047.0,3.461918892185969,40.44
HK.01038,长江基建集团,2024-05-13 00:00:00,41.69,42.79,42.79,41.69,15.05,0.00107,2687100,128020652.0,2.270554493307829,41.84
HK.01038,长江基建集团,2024-05-14 00:00:00,42.64,42.19,42.84,42.04,14.861,0.00075,1878872,89438369.0,-1.402196774947421,42.79
HK.01038,长江基建集团,2024-05-16 00:00:00,42.89,42.14,42.89,41.74,14.846,0.00088,2216076,105038926.0,-0.11851149561506794,42.19
HK.01038,长江基建集团,2024-05-17 00:00:00,42.24,42.19,42.54,41.79,14.861,0.00046,1167117,55384451.0,0.11865211200758699,42.14
HK.01038,长江基建集团,2024-05-20 00:00:00,42.64,42.19,42.64,41.94,14.861,0.00035,872533,41318779.0,0.0,42.19
HK.01038,长江基建集团,2024-05-21 00:00:00,42.24,42.09,42.39,41.79,14.83,0.00042,1060220,50125691.0,-0.23702299123013587,42.19
HK.01038,长江基建集团,2024-05-22 00:00:00,42.24,42.34,42.49,41.94,14.908,0.00074,1853598,87969601.0,0.5939653124257543,42.09
HK.01038,长江基建集团,2024-05-23 00:00:00,42.09,42.09,42.39,41.94,14.83,0.00049,1246187,59016046.0,-0.5904581955597543,42.34
HK.01038,长江基建集团,2024-05-24 00:00:00,41.84,41.59,42.04,41.44,14.673,0.00066,1655384,77510300.0,-1.1879306248515087,42.09
HK.01038,长江基建集团,2024-05-27 00:00:00,41.64,41.74,41.99,41.19,14.139,0.00045,1135732,51072703.0,0.360663621062752,41.59
HK.01038,长江基建集团,2024-05-28 00:00:00,41.69,42.94,43.34,41.69,14.516,0.0013,3263847,151337168.0,2.8749401054144603,41.74
HK.01038,长江基建集团,2024-05-29 00:00:00,42.69,41.49,42.84,41.14,14.061,0.00077,1947108,87526215.0,-3.3768048439683183,42.94
HK.01038,长江基建集团,2024-05-30 00:00:00,41.49,41.19,41.64,41.04,13.967,0.00067,1700042,75832915.0,-0.7230657989877181,41.49
HK.01038,长江基建集团,2024-05-31 00:00:00,41.19,41.79,42.29,41.19,14.155,0.00174,4378902,197816350.0,1.4566642388929387,41.19
HK.01038,长江基建集团,2024-06-03 00:00:00,42.14,42.44,43.24,42.14,14.359,0.00128,3220631,147050308.0,1.5553960277578334,41.79
HK.01038,长江基建集团,2024-06-04 00:00:00,42.29,41.84,42.44,41.74,14.171,0.00059,1485845,67406482.0,-1.4137606032045107,42.44
HK.01038,长江基建集团,2024-06-05 00:00:00,41.84,41.74,42.24,41.59,14.139,0.00069,1746053,78838386.0,-0.23900573613767068,41.84
HK.01038,长江基建集团,2024-06-06 00:00:00,42.04,41.49,42.29,41.29,14.061,0.00051,1286692,57919229.0,-0.5989458552946813,41.74
HK.01038,长江基建集团,2024-06-07 00:00:00,41.54,42.29,42.49,41.54,14.312,0.00066,1657410,75532031.0,1.928175463967214,41.49
HK.01038,长江基建集团,2024-06-11 00:00:00,41.69,40.89,41.94,40.84,13.873,0.00095,2395743,106752176.0,-3.3104752896665848,42.29
HK.01038,长江基建集团,2024-06-12 00:00:00,40.74,40.24,41.39,40.19,13.669,0.00076,1905796,83519814.0,-1.589630716556612,40.89
HK.01038,长江基建集团,2024-06-13 00:00:00,40.39,40.74,40.99,40.39,13.826,0.00068,1714085,75364527.0,1.242544731610338,40.24
HK.01038,长江基建集团,2024-06-14 00:00:00,40.74,40.34,40.74,40.24,13.7,0.00035,879460,38497797.0,-0.9818360333824216,40.74
HK.01038,长江基建集团,2024-06-17 00:00:00,39.94,40.14,40.59,39.69,13.637,0.00045,1133989,49308142.0,-0.49578582052553993,40.34
HK.01038,长江基建集团,2024-06-18 00:00:00,40.44,40.34,40.44,39.84,13.7,0.00045,1137065,49395598.0,0.4982561036372767,40.14
HK.01038,长江基建集团,2024-06-19 00:00:00,39.94,40.44,40.64,39.94,13.731,0.00026,665825,29105897.0,0.24789291026275237,40.34
HK.01038,长江基建集团,2024-06-20 00:00:00,40.44,40.24,40.59,40.24,13.669,0.00024,595921,26006367.0,-0.4945598417408401,40.44
HK.01038,长江基建集团,2024-06-21 00:00:00,39.69,39.29,40.19,38.89,13.37,0.00113,2857052,121859271.0,-2.360834990059649,40.24
HK.01038,长江基建集团,2024-06-24 00:00:00,39.39,39.59,39.59,39.04,13.465,0.00038,961499,41033117.0,0.763553066938163,39.29
HK.01038,长江基建集团,2024-06-25 00:00:00,39.59,39.19,39.59,38.74,13.339,0.00064,1608103,68325672.0,-1.0103561505430807,39.59
HK.01038,长江基建集团,2024-06-26 00:00:00,39.19,40.44,40.49,38.89,13.731,0.00081,2050942,89167572.0,3.189589180913498,39.19
HK.01038,长江基建集团,2024-06-27 00:00:00,39.99,39.84,40.54,39.79,13.543,0.00092,2325755,100691114.0,-1.4836795252225379,40.44
HK.01038,长江基建集团,2024-06-28 00:00:00,39.59,40.79,41.24,39.59,13.841,0.0006,1515726,67005749.0,2.384538152610431,39.84
HK.01038,长江基建集团,2024-07-02 00:00:00,40.79,40.64,41.44,40.39,13.794,0.0006,1511374,66674519.0,-0.36773719048786124,40.79
HK.01038,长江基建集团,2024-07-03 00:00:00,41.09,40.64,41.09,40.34,13.794,0.00031,786472,34526469.0,0.0,40.64
HK.01038,长江基建集团,2024-07-04 00:00:00,40.84,40.69,41.04,40.39,13.81,0.00016,393105,17269673.0,0.12303149606298512,40.64
HK.01038,长江基建集团,2024-07-05 00:00:00,40.99,40.99,41.34,40.64,13.904,0.00051,1284458,57011898.0,0.7372818874416424,40.69
HK.01038,长江基建集团,2024-07-08 00:00:00,40.74,41.29,41.39,40.64,13.998,0.00045,1129144,50226010.0,0.7318858258111665,40.99
HK.01038,长江基建集团,2024-07-09 00:00:00,41.04,41.59,41.84,40.89,14.092,0.00083,2080174,93055565.0,0.7265681763138878,41.29
HK.01038,长江基建集团,2024-07-10 00:00:00,41.59,41.79,42.74,41.44,14.155,0.00079,2001630,90878922.0,0.48088482808366373,41.59
HK.01038,长江基建集团,2024-07-11 00:00:00,42.14,42.99,43.29,42.04,14.532,0.00124,3124524,143909706.0,2.871500358937552,41.79
HK.01038,长江基建集团,2024-07-12 00:00:00,44.39,45.94,46.44,44.39,15.458,0.00303,7626441,373636608.0,6.862060944405665,42.99
HK.01038,长江基建集团,2024-07-15 00:00:00,45.99,45.59,45.99,45.09,15.348,0.0011,2767435,135179823.0,-0.7618632999564526,45.94
HK.01038,长江基建集团,2024-07-16 00:00:00,44.94,44.74,45.34,44.34,15.081,0.00083,2099978,101126224.0,-1.864443957008119,45.59
HK.01038,长江基建集团,2024-07-17 00:00:00,44.54,46.29,46.44,44.54,15.568,0.00131,3297637,162395732.0,3.464461332141254,44.74
HK.01038,长江基建集团,2024-07-18 00:00:00,46.24,47.74,47.99,45.94,16.023,0.0014,3530297,179297552.0,3.1324260099373578,46.29
HK.01038,长江基建集团,2024-07-19 00:00:00,47.29,47.54,47.74,46.99,15.96,0.00116,2934781,148788667.0,-0.4189359028068764,47.74
HK.01038,长江基建集团,2024-07-22 00:00:00,47.19,48.19,48.44,47.09,16.164,0.00102,2582143,132280039.0,1.3672696676482932,47.54
HK.01038,长江基建集团,2024-07-23 00:00:00,48.19,48.14,48.39,47.39,16.148,0.00109,2756071,141663856.0,-0.10375596596803728,48.19
HK.01038,长江基建集团,2024-07-24 00:00:00,48.24,48.59,48.99,47.94,16.29,0.00127,3206294,166554712.0,0.9347735770668941,48.14
HK.01038,长江基建集团,2024-07-25 00:00:00,48.54,48.99,49.34,48.44,16.415,0.00112,2811820,147137944.0,0.8232146532208243,48.59
HK.01038,长江基建集团,2024-07-26 00:00:00,48.94,48.54,48.94,48.09,16.274,0.0016,4034738,209366103.0,-0.9185548071034962,48.99
HK.01038,长江基建集团,2024-07-29 00:00:00,48.29,49.14,49.29,48.14,16.462,0.00125,3149429,163847750.0,1.2360939431396816,48.54
HK.01038,长江基建集团,2024-07-30 00:00:00,49.34,48.74,49.44,48.39,16.337,0.00193,4860345,253617316.0,-0.8140008140008111,49.14
HK.01038,长江基建集团,2024-07-31 00:00:00,48.64,48.84,49.29,48.39,16.368,0.00138,3486190,182319177.0,0.2051702913418166,48.74
HK.01038,长江基建集团,2024-08-01 00:00:00,48.54,50.29,50.54,47.69,16.823,0.00191,4803071,256548714.0,2.9688779688779596,48.84
HK.01038,长江基建集团,2024-08-02 00:00:00,49.79,50.24,50.59,49.39,16.807,0.00164,4123737,220638985.0,-0.09942334460130674,50.29
HK.01038,长江基建集团,2024-08-05 00:00:00,50.19,48.74,50.29,48.19,16.337,0.00246,6207245,325561467.0,-2.9856687898089174,50.24
HK.01038,长江基建集团,2024-08-06 00:00:00,48.79,49.89,50.19,48.79,16.698,0.00147,3693177,195780082.0,2.3594583504308546,48.74
HK.01038,长江基建集团,2024-08-07 00:00:00,50.14,51.19,51.79,50.04,17.106,0.00158,3991740,217834194.0,2.605732611745835,49.89
HK.01038,长江基建集团,2024-08-08 00:00:00,50.79,51.84,52.19,49.39,17.31,0.00163,4097245,225220282.0,1.2697792537605113,51.19
HK.01038,长江基建集团,2024-08-09 00:00:00,52.34,51.94,52.44,51.19,17.341,0.00138,3486012,192030117.0,0.19290123456789024,51.84
HK.01038,长江基建集团,2024-08-12 00:00:00,51.94,52.14,52.29,51.64,17.404,0.00131,3313098,183069447.0,0.3850596842510644,51.94
HK.01038,长江基建集团,2024-08-13 00:00:00,52.14,53.44,53.64,51.94,17.812,0.00124,3116366,175986901.0,2.4932873034138803,52.14
HK.01038,长江基建集团,2024-08-14 00:00:00,53.69,53.04,53.69,52.24,17.686,0.00125,3146707,177111845.0,-0.7485029940119734,53.44
HK.01038,长江基建集团,2024-08-15 00:00:00,52.84,53.69,54.04,50.34,17.89,0.00209,5261409,294972100.0,1.2254901960784288,53.04
HK.01038,长江基建集团,2024-08-16 00:00:00,53.69,52.94,53.84,51.79,17.655,0.00195,4925325,275677714.0,-1.3969081765691937,53.69
HK.01038,长江基建集团,2024-08-19 00:00:00,52.74,53.24,53.49,52.54,17.749,0.00129,3240142,182355719.0,0.5666792595391089,52.94
HK.01038,长江基建集团,2024-08-20 00:00:00,53.29,53.84,54.54,52.99,17.937,0.00164,4129988,236250100.0,1.1269722013523693,53.24
HK.01038,长江基建集团,2024-08-21 00:00:00,53.69,53.29,53.69,52.94,17.765,0.00088,2228842,126009610.0,-1.0215453194650896,53.84
HK.01038,长江基建集团,2024-08-22 00:00:00,53.34,52.64,53.34,51.59,17.561,0.00105,2639183,146627240.0,-1.219741039594668,53.29
HK.01038,长江基建集团,2024-08-23 00:00:00,52.49,52.19,52.69,51.99,17.419,0.00037,943560,52434237.0,-0.8548632218845038,52.64
HK.01038,长江基建集团,2024-08-26 00:00:00,52.44,53.54,53.79,52.29,17.843,0.00091,2285177,129682604.0,2.586702433416366,52.19
HK.01038,长江基建集团,2024-08-27 00:00:00,52.74,53.94,54.14,52.74,17.969,0.00053,1325100,75741827.0,0.7471049682480362,53.54
HK.01038,长江基建集团,2024-08-28 00:00:00,53.44,54.89,55.09,53.44,18.267,0.00125,3151147,182964008.0,1.7612161661104984,53.94
HK.01038,长江基建集团,2024-08-29 00:00:00,54.89,54.49,55.49,54.09,18.141,0.00083,2081720,120494301.0,-0.7287301876480208,54.89
HK.01038,长江基建集团,2024-08-30 00:00:00,54.49,54.59,55.04,53.94,18.173,0.00121,3054606,177002030.0,0.18351991191044487,54.49
HK.01038,长江基建集团,2024-09-02 00:00:00,54.59,54.69,54.74,53.59,18.204,0.0005,1256234,72632767.0,0.18318373328447393,54.59
HK.01038,长江基建集团,2024-09-03 00:00:00,54.64,53.84,54.89,53.14,17.937,0.00065,1639061,93637791.0,-1.5542146644724708,54.69
HK.01038,长江基建集团,2024-09-04 00:00:00,53.79,53.39,53.99,53.04,17.796,0.00062,1570500,89112511.0,-0.835809806835072,53.84
HK.01038,长江基建集团,2024-09-05 00:00:00,53.39,54.49,54.69,53.39,18.141,0.00109,2740125,157877215.0,2.060310919647877,53.39
HK.01038,长江基建集团,2024-09-09 00:00:00,54.04,54.39,55.14,53.84,18.11,0.00117,2950015,170019942.0,-0.18351991191044487,54.49
HK.01038,长江基建集团,2024-09-10 00:00:00,54.54,54.29,54.74,54.14,18.079,0.00124,3129672,180629340.0,-0.18385732671447216,54.39
HK.01038,长江基建集团,2024-09-11 00:00:00,54.09,53.59,54.24,53.49,17.859,0.00125,3145300,179597405.0,-1.2893718916927532,54.29
HK.01038,长江基建集团,2024-09-12 00:00:00,53.61,53.21,53.81,51.56,17.514,0.00305,7687256,426361661.0,-0.7090875163276779,53.59
HK.01038,长江基建集团,2024-09-13 00:00:00,53.21,53.36,53.66,52.56,17.561,0.00131,3300225,183802186.0,0.2819018981394448,53.21
HK.01038,长江基建集团,2024-09-16 00:00:00,52.41,54.46,54.56,52.41,17.906,0.00046,1160350,65794672.0,2.061469265367319,53.36
HK.01038,长江基建集团,2024-09-17 00:00:00,54.51,55.31,55.56,53.66,18.173,0.0005,1262683,73044812.0,1.5607785530664733,54.46
HK.01038,长江基建集团,2024-09-19 00:00:00,54.46,54.01,54.91,52.81,17.765,0.00137,3445112,194711017.0,-2.3503887181341607,55.31
HK.01038,长江基建集团,2024-09-20 00:00:00,53.61,52.86,53.81,51.81,17.404,0.00325,8180989,451543717.0,-2.129235326791332,54.01
HK.01038,长江基建集团,2024-09-23 00:00:00,52.86,53.01,53.16,52.16,17.451,0.00144,3629249,200756979.0,0.283768444948919,52.86
HK.01038,长江基建集团,2024-09-24 00:00:00,53.31,51.31,53.71,50.91,16.917,0.00218,5490855,299358630.0,-3.2069420863987848,53.01
HK.01038,长江基建集团,2024-09-25 00:00:00,52.21,52.41,52.91,51.31,17.263,0.00183,4613543,253718721.0,2.143831611771573,51.31
HK.01038,长江基建集团,2024-09-26 00:00:00,51.81,51.46,52.56,50.76,16.964,0.00259,6523140,351934670.0,-1.812631177256241,52.41
HK.01038,长江基建集团,2024-09-27 00:00:00,51.16,51.91,51.91,49.96,17.106,0.00254,6402469,343611290.0,0.8744656043528871,51.46
HK.01038,长江基建集团,2024-09-30 00:00:00,51.51,50.61,51.66,49.76,16.698,0.00251,6328803,336215108.0,-2.5043344249662822,51.91
HK.01038,长江基建集团,2024-10-02 00:00:00,50.91,49.76,51.01,49.16,16.431,0.00237,5968292,313065756.0,-1.6795099782651677,50.61
HK.01038,长江基建集团,2024-10-03 00:00:00,49.56,49.46,50.36,49.16,16.337,0.00136,3432686,179179867.0,-0.6028938906752355,49.76
HK.01038,长江基建集团,2024-10-04 00:00:00,49.16,49.91,49.96,48.71,16.478,0.001,2508771,130970533.0,0.9098261221188753,49.46
HK.01038,长江基建集团,2024-10-07 00:00:00,49.81,49.61,50.11,49.01,16.384,0.00104,2631985,137008865.0,-0.6010819475055043,49.91
HK.01038,长江基建集团,2024-10-08 00:00:00,49.61,48.81,50.26,47.96,16.133,0.00163,4110417,212045300.0,-1.6125781092521612,49.61
HK.01038,长江基建集团,2024-10-09 00:00:00,48.81,50.11,50.31,48.11,16.541,0.00256,6448216,335466291.0,2.6633886498668247,48.81
HK.01038,长江基建集团,2024-10-10 00:00:00,50.06,50.16,50.56,49.56,16.556,0.00132,3334642,175173948.0,0.09978048293753175,50.11
HK.01038,长江基建集团,2024-10-14 00:00:00,50.16,51.21,51.76,49.71,16.886,0.00157,3950937,211929124.0,2.093301435406707,50.16
HK.01038,长江基建集团,2024-10-15 00:00:00,51.46,52.11,52.76,51.06,17.168,0.00255,6422533,351796686.0,1.757469244288222,51.21
HK.01038,长江基建集团,2024-10-16 00:00:00,52.51,51.91,52.81,50.96,17.106,0.00157,3952773,215280469.0,-0.3838034926117882,52.11
HK.01038,长江基建集团,2024-10-17 00:00:00,51.86,52.11,52.86,51.86,17.168,0.00096,2412855,132583144.0,0.38528221922558825,51.91
HK.01038,长江基建集团,2024-10-18 00:00:00,52.41,52.61,52.86,52.21,17.325,0.00107,2704000,148949207.0,0.9595087315294568,52.11
HK.01038,长江基建集团,2024-10-21 00:00:00,52.36,52.81,53.01,51.71,17.388,0.00095,2381057,131468532.0,0.38015586390420614,52.61
HK.01038,长江基建集团,2024-10-22 00:00:00,52.26,52.81,53.21,52.26,17.388,0.00081,2037717,113051213.0,0.0,52.81
HK.01038,长江基建集团,2024-10-23 00:00:00,52.41,52.16,53.11,51.96,17.184,0.00082,2060950,113054892.0,-1.2308274947926636,52.81
HK.01038,长江基建集团,2024-10-24 00:00:00,52.16,52.36,52.51,51.51,17.247,0.00041,1031725,56548747.0,0.38343558282209134,52.16
HK.01038,长江基建集团,2024-10-25 00:00:00,52.16,52.31,52.51,51.71,17.231,0.00066,1671968,91538720.0,-0.09549274255156065,52.36
HK.01038,长江基建集团,2024-10-28 00:00:00,52.16,52.21,52.51,51.96,17.2,0.00046,1164266,63849168.0,-0.19116803670426577,52.31
HK.01038,长江基建集团,2024-10-29 00:00:00,52.16,52.41,52.71,51.76,17.263,0.00062,1573044,86449268.0,0.38306837770541224,52.21
HK.01038,长江基建集团,2024-10-30 00:00:00,52.41,51.76,52.81,51.51,17.059,0.00116,2921868,159261042.0,-1.2402213318069044,52.41
HK.01038,长江基建集团,2024-10-31 00:00:00,52.31,52.41,52.46,51.71,17.263,0.00107,2706824,148441575.0,1.2557959814528568,51.76
HK.01038,长江基建集团,2024-11-01 00:00:00,52.41,52.41,52.76,51.76,17.263,0.00066,1659208,91231597.0,0.0,52.41
HK.01038,长江基建集团,2024-11-04 00:00:00,52.21,52.31,52.61,52.01,17.231,0.00049,1235805,67833843.0,-0.1908032818164364,52.41
HK.01038,长江基建集团,2024-11-05 00:00:00,51.81,50.91,52.41,49.56,16.792,0.00159,3996490,213356880.0,-2.6763525138596935,52.31
HK.01038,长江基建集团,2024-11-06 00:00:00,50.96,51.31,51.36,50.01,16.917,0.00121,3036180,161717457.0,0.7857002553525942,50.91
HK.01038,长江基建集团,2024-11-07 00:00:00,51.26,50.41,51.61,49.91,16.635,0.00117,2943487,156181852.0,-1.7540440459949438,51.31
HK.01038,长江基建集团,2024-11-08 00:00:00,50.81,51.21,51.86,50.76,16.886,0.00107,2686850,144666188.0,1.5869867089863205,50.41
HK.01038,长江基建集团,2024-11-11 00:00:00,51.66,50.96,51.66,50.61,16.807,0.00048,1200331,64189459.0,-0.4881859011911736,51.21
HK.01038,长江基建集团,2024-11-12 00:00:00,51.51,51.51,51.76,50.61,16.98,0.00112,2817843,151366798.0,1.079277864992145,50.96
HK.01038,长江基建集团,2024-11-13 00:00:00,51.36,50.51,51.41,50.26,16.666,0.0007,1759721,93773824.0,-1.941370607649,51.51
HK.01038,长江基建集团,2024-11-14 00:00:00,50.51,49.81,50.61,49.51,16.446,0.00084,2128651,111531596.0,-1.3858641853098312,50.51
HK.01038,长江基建集团,2024-11-15 00:00:00,49.41,50.96,51.96,49.41,16.807,0.00075,1894902,101610220.0,2.3087733386870077,49.81
HK.01038,长江基建集团,2024-11-18 00:00:00,51.01,50.91,51.46,50.46,16.792,0.00033,826004,44242567.0,-0.09811616954474933,50.96
HK.01038,长江基建集团,2024-11-19 00:00:00,50.91,51.56,51.86,50.61,16.996,0.00051,1296469,70137328.0,1.2767629149479587,50.91
HK.01038,长江基建集团,2024-11-20 00:00:00,51.11,51.36,51.61,50.91,16.933,0.00037,937658,50597087.0,-0.3878975950349163,51.56
HK.01038,长江基建集团,2024-11-21 00:00:00,51.01,51.66,51.76,50.86,17.027,0.00061,1529366,82840511.0,0.5841121495327048,51.36
HK.01038,长江基建集团,2024-11-22 00:00:00,51.16,50.76,51.86,50.61,16.745,0.00071,1788607,95854528.0,-1.742160278745642,51.66
HK.01038,长江基建集团,2024-11-25 00:00:00,51.11,51.36,51.51,50.61,16.933,0.00126,3181142,171387641.0,1.1820330969267168,50.76
HK.01038,长江基建集团,2024-11-26 00:00:00,51.36,51.61,51.61,51.26,17.011,0.00059,1475358,79749444.0,0.48676012461059187,51.36
HK.01038,长江基建集团,2024-11-27 00:00:00,51.51,51.06,52.11,50.36,16.839,0.00163,4095132,220164235.0,-1.0656849447781382,51.61
HK.01038,长江基建集团,2024-11-28 00:00:00,51.26,51.81,51.81,50.56,17.074,0.00064,1606929,86615174.0,1.4688601645123385,51.06
HK.01038,长江基建集团,2024-11-29 00:00:00,52.16,51.01,52.16,50.61,16.823,0.00062,1562819,83826764.0,-1.5441034549314887,51.81
HK.01038,长江基建集团,2024-12-02 00:00:00,51.01,50.91,51.26,50.66,16.792,0.00059,1491853,79767367.0,-0.19603999215840312,51.01
HK.01038,长江基建集团,2024-12-03 00:00:00,50.91,52.61,52.71,50.66,17.325,0.00121,3046516,166937502.0,3.3392260852484834,50.91
HK.01038,长江基建集团,2024-12-04 00:00:00,52.06,51.21,52.51,50.81,16.886,0.00097,2440566,131365699.0,-2.6610910473294025,52.61
HK.01038,长江基建集团,2024-12-05 00:00:00,51.21,51.81,51.81,50.66,17.074,0.00043,1085510,58824110.0,1.1716461628588195,51.21
HK.01038,长江基建集团,2024-12-06 00:00:00,51.81,51.51,52.11,51.36,16.98,0.00095,2402314,130276929.0,-0.5790387955993134,51.81
HK.01038,长江基建集团,2024-12-09 00:00:00,51.56,51.56,52.11,51.31,16.996,0.00067,1675766,90858494.0,0.09706853038245829,51.51
HK.01038,长江基建集团,2024-12-10 00:00:00,51.61,51.31,52.21,51.16,16.917,0.00116,2925615,158686805.0,-0.48487199379363843,51.56
HK.01038,长江基建集团,2024-12-11 00:00:00,51.31,51.11,51.66,50.86,16.854,0.00051,1294274,69685414.0,-0.38978756577665724,51.31
HK.01038,长江基建集团,2024-12-12 00:00:00,51.11,50.56,51.46,50.56,16.682,0.00082,2054133,109836830.0,-1.0761103502249993,51.11
HK.01038,长江基建集团,2024-12-13 00:00:00,50.51,50.46,50.91,50.16,16.65,0.00072,1817233,96409007.0,-0.19778481012658505,50.56
HK.01038,长江基建集团,2024-12-16 00:00:00,50.91,51.06,51.16,50.36,16.839,0.00057,1425322,76209426.0,1.1890606420927496,50.46
HK.01038,长江基建集团,2024-12-17 00:00:00,51.06,50.46,51.11,50.26,16.65,0.00042,1047818,55780341.0,-1.1750881316098736,51.06
HK.01038,长江基建集团,2024-12-18 00:00:00,50.46,51.36,51.71,50.46,16.933,0.00057,1436267,77468392.0,1.7835909631391171,50.46
HK.01038,长江基建集团,2024-12-19 00:00:00,50.91,51.06,51.66,50.76,16.839,0.00064,1621352,87293976.0,-0.5841121495327048,51.36
HK.01038,长江基建集团,2024-12-20 00:00:00,50.81,51.61,52.26,50.81,17.011,0.00126,3184745,173115005.0,1.0771641206423759,51.06
HK.01038,长江基建集团,2024-12-23 00:00:00,51.61,53.31,53.86,51.61,17.545,0.00148,3734006,208515704.0,3.2939352838597227,51.61
HK.01038,长江基建集团,2024-12-24 00:00:00,53.31,53.91,54.21,53.31,17.733,0.0005,1254755,70962551.0,1.1254924029262696,53.31
HK.01038,长江基建集团,2024-12-27 00:00:00,53.56,54.36,54.41,53.36,17.875,0.00076,1914347,108435353.0,0.8347245409015078,53.91
HK.01038,长江基建集团,2024-12-30 00:00:00,54.26,55.01,55.41,54.16,18.079,0.00093,2349732,135203884.0,1.195732155997054,54.36
HK.01038,长江基建集团,2024-12-31 00:00:00,54.76,55.16,55.51,54.76,18.126,0.00047,1173720,67906891.0,0.2726776949645493,55.01
HK.01038,长江基建集团,2025-01-02 00:00:00,55.11,53.86,55.16,53.56,17.718,0.00043,1081315,61203576.0,-2.3567802755619964,55.16
HK.01038,长江基建集团,2025-01-03 00:00:00,53.81,53.91,54.11,53.61,17.733,0.00048,1216889,68758421.0,0.09283327144448042,53.86
HK.01038,长江基建集团,2025-01-06 00:00:00,53.51,54.51,54.66,53.51,17.922,0.00058,1462239,83248778.0,1.1129660545353395,53.91
HK.01038,长江基建集团,2025-01-07 00:00:00,54.06,53.66,54.26,53.36,17.655,0.00043,1086061,61105789.0,-1.5593469088240717,54.51
HK.01038,长江基建集团,2025-01-08 00:00:00,53.21,53.11,54.16,52.76,17.482,0.00041,1040337,58031534.0,-1.024972046216916,53.66
HK.01038,长江基建集团,2025-01-09 00:00:00,53.36,53.26,53.71,53.01,17.529,0.00038,961841,53871739.0,0.2824326868762918,53.11
HK.01038,长江基建集团,2025-01-10 00:00:00,53.26,53.51,54.16,53.11,17.608,0.00037,930312,52249615.0,0.4693954187007135,53.26
HK.01038,长江基建集团,2025-01-13 00:00:00,53.51,51.46,53.51,51.41,16.964,0.00084,2106556,114710692.0,-3.831059615025224,53.51
HK.01038,长江基建集团,2025-01-14 00:00:00,51.41,50.91,51.76,50.76,16.792,0.00092,2328402,125161532.0,-1.0687912942091027,51.46
HK.01038,长江基建集团,2025-01-15 00:00:00,50.96,51.56,51.66,50.96,16.996,0.00061,1536692,82927433.0,1.2767629149479587,50.91
HK.01038,长江基建集团,2025-01-16 00:00:00,51.61,51.71,52.11,51.41,17.043,0.00075,1886107,102404242.0,0.2909231962761803,51.56
HK.01038,长江基建集团,2025-01-17 00:00:00,51.81,52.31,52.86,51.31,17.231,0.00091,2280401,125408403.0,1.160317153355253,51.71
HK.01038,长江基建集团,2025-01-20 00:00:00,52.86,52.26,52.96,51.71,17.215,0.00053,1344517,73805848.0,-0.09558401835213967,52.31
HK.01038,长江基建集团,2025-01-21 00:00:00,53.11,51.81,53.11,51.81,17.074,0.00051,1275572,69841628.0,-0.8610792192881664,52.26
HK.01038,长江基建集团,2025-01-22 00:00:00,52.11,51.31,52.11,51.31,16.917,0.00057,1445703,78237013.0,-0.9650646593321752,51.81
HK.01038,长江基建集团,2025-01-23 00:00:00,51.31,51.21,51.86,51.11,16.886,0.00073,1827137,98685859.0,-0.19489378288832862,51.31
HK.01038,长江基建集团,2025-01-24 00:00:00,51.86,52.01,52.51,51.06,17.137,0.00063,1577904,86247077.0,1.5621948838117499,51.21
HK.01038,长江基建集团,2025-01-27 00:00:00,52.01,51.26,52.01,51.16,16.902,0.00061,1524558,82455561.0,-1.4420303787733129,52.01
HK.01038,长江基建集团,2025-01-28 00:00:00,51.11,50.41,51.81,49.96,16.635,0.00052,1310827,69950815.0,-1.6582130316035923,51.26
HK.01038,长江基建集团,2025-02-03 00:00:00,49.91,50.16,50.71,49.71,16.556,0.00074,1876020,98778066.0,-0.49593334655822263,50.41
HK.01038,长江基建集团,2025-02-04 00:00:00,50.41,50.21,51.36,49.66,16.572,0.001,2521021,133347919.0,0.09968102073366082,50.16
HK.01038,长江基建集团,2025-02-05 00:00:00,49.91,49.41,50.36,49.31,16.321,0.00081,2041351,106932321.0,-1.5933081059549974,50.21
HK.01038,长江基建集团,2025-02-06 00:00:00,49.61,49.86,50.01,49.26,16.462,0.00052,1314414,68701025.0,0.9107468123861625,49.41
HK.01038,长江基建集团,2025-02-07 00:00:00,49.61,49.21,49.81,49.06,16.258,0.00057,1436469,74468936.0,-1.3036502206177267,49.86
HK.01038,长江基建集团,2025-02-10 00:00:00,49.41,48.91,49.46,48.76,16.164,0.00088,2229381,115001227.0,-0.6096321885795657,49.21
HK.01038,长江基建集团,2025-02-11 00:00:00,48.91,48.81,49.26,48.56,16.133,0.00123,3099901,159484036.0,-0.20445716622366455,48.91
HK.01038,长江基建集团,2025-02-12 00:00:00,48.81,48.81,49.16,48.71,16.133,0.00093,2349709,120919821.0,0.0,48.81
HK.01038,长江基建集团,2025-02-13 00:00:00,48.86,48.76,49.06,48.56,16.117,0.00119,3005930,154482659.0,-0.10243802499488683,48.81
HK.01038,长江基建集团,2025-02-14 00:00:00,49.06,48.41,49.16,48.21,16.007,0.00128,3230618,164899236.0,-0.7178014766201835,48.76
HK.01038,长江基建集团,2025-02-17 00:00:00,48.41,49.36,49.41,48.01,16.305,0.00111,2805176,144362908.0,1.9624044618880458,48.41
HK.01038,长江基建集团,2025-02-18 00:00:00,49.36,49.11,49.36,48.56,16.227,0.00092,2317408,119393034.0,-0.506482982171799,49.36
HK.01038,长江基建集团,2025-02-19 00:00:00,48.61,49.26,49.31,48.56,16.274,0.00096,2420644,124624176.0,0.30543677458765744,49.11
HK.01038,长江基建集团,2025-02-20 00:00:00,49.26,49.56,49.96,48.91,16.368,0.0013,3269065,170526389.0,0.6090133982947711,49.26
HK.01038,长江基建集团,2025-02-21 00:00:00,49.71,49.61,49.86,49.31,16.384,0.00092,2312812,120469237.0,0.1008878127522138,49.56
HK.01038,长江基建集团,2025-02-24 00:00:00,49.21,50.56,51.21,49.01,16.682,0.00123,3103071,165303255.0,1.914936504736954,49.61
HK.01038,长江基建集团,2025-02-25 00:00:00,50.61,50.61,51.11,50.11,16.698,0.00108,2709952,144173191.0,0.0988924050632855,50.56
HK.01038,长江基建集团,2025-02-26 00:00:00,50.91,50.81,51.66,50.71,16.76,0.00099,2494712,133845515.0,0.3951788184153386,50.61
HK.01038,长江基建集团,2025-02-27 00:00:00,50.81,51.01,51.31,50.06,16.823,0.00087,2188022,116946258.0,0.39362330249949956,50.81
HK.01038,长江基建集团,2025-02-28 00:00:00,50.76,50.76,51.11,49.96,16.745,0.00115,2900183,154327729.0,-0.49009998039600083,51.01
HK.01038,长江基建集团,2025-03-03 00:00:00,50.76,49.71,51.01,49.46,16.415,0.00087,2198016,115328243.0,-2.068557919621744,50.76
HK.01038,长江基建集团,2025-03-04 00:00:00,49.66,50.21,50.31,49.41,16.572,0.00081,2043915,107677668.0,1.0058338362502515,49.71
HK.01038,长江基建集团,2025-03-05 00:00:00,50.41,51.36,52.06,50.41,16.933,0.0014,3526978,190254610.0,2.290380402310294,50.21
HK.01038,长江基建集团,2025-03-06 00:00:00,51.21,51.51,51.61,51.06,16.98,0.00088,2213748,119510975.0,0.2920560747663524,51.36
HK.01038,长江基建集团,2025-03-07 00:00:00,51.51,52.21,52.46,51.51,17.2,0.00108,2718406,148630038.0,1.3589594253543056,51.51
HK.01038,长江基建集团,2025-03-10 00:00:00,52.21,52.06,52.26,51.51,17.153,0.00065,1628351,88666169.0,-0.28730128327906257,52.21
HK.01038,长江基建集团,2025-03-11 00:00:00,52.01,51.71,52.36,51.66,17.043,0.00062,1549948,84303304.0,-0.6723011909335409,52.06
HK.01038,长江基建集团,2025-03-12 00:00:00,51.71,52.31,52.36,50.86,17.231,0.00065,1640168,89350155.0,1.160317153355253,51.71
HK.01038,长江基建集团,2025-03-13 00:00:00,52.11,51.96,52.81,51.76,17.121,0.00053,1331816,73012559.0,-0.6690881284649234,52.31
HK.01038,长江基建集团,2025-03-14 00:00:00,51.91,50.36,52.26,50.21,16.619,0.00141,3541326,189069591.0,-3.0792917628945373,51.96
HK.01038,长江基建集团,2025-03-17 00:00:00,50.11,50.36,51.16,50.01,16.619,0.00083,2099104,111259975.0,0.0,50.36
HK.01038,长江基建集团,2025-03-18 00:00:00,50.41,48.81,50.46,48.16,16.133,0.0029,7300185,375516024.0,-3.077839555202536,50.36
HK.01038,长江基建集团,2025-03-19 00:00:00,48.81,48.11,49.36,47.46,15.74,0.00259,6532179,330803220.0,-1.4341323499282992,48.81
HK.01038,长江基建集团,2025-03-20 00:00:00,47.51,45.21,47.66,45.06,14.84,0.0047,11848244,572419510.0,-6.027852837247971,48.11
HK.01038,长江基建集团,2025-03-21 00:00:00,45.41,45.51,46.01,45.26,14.933,0.00216,5435882,261945775.0,0.6635700066356938,45.21
HK.01038,长江基建集团,2025-03-24 00:00:00,45.41,44.76,45.61,44.61,14.7,0.0014,3536499,167829905.0,-1.6479894528675019,45.51
HK.01038,长江基建集团,2025-03-25 00:00:00,44.76,44.46,45.01,44.46,14.607,0.00083,2081609,98324783.0,-0.6702412868632645,44.76
HK.01038,长江基建集团,2025-03-26 00:00:00,45.21,44.86,45.51,44.51,14.731,0.00084,2108430,100023181.0,0.8996851102114228,44.46
HK.01038,长江基建集团,2025-03-27 00:00:00,44.86,44.16,45.26,44.11,14.514,0.00118,2985507,140550767.0,-1.5604101649576523,44.86
HK.01038,长江基建集团,2025-03-28 00:00:00,44.56,44.41,44.81,44.01,14.591,0.00063,1596550,74935754.0,0.5661231884057972,44.16
HK.01038,长江基建集团,2025-03-31 00:00:00,44.31,44.01,44.86,43.96,14.467,0.00106,2665661,124785702.0,-0.9006980409817577,44.41
HK.01038,长江基建集团,2025-04-01 00:00:00,44.41,44.76,45.36,44.41,14.7,0.00104,2613887,124190163.0,1.7041581458759374,44.01
HK.01038,长江基建集团,2025-04-02 00:00:00,44.66,45.06,45.26,44.31,14.793,0.00094,2361710,112323482.0,0.6702412868632803,44.76
HK.01038,长江基建集团,2025-04-03 00:00:00,44.41,45.51,45.56,44.11,14.933,0.0013,3283104,156354099.0,0.9986684420772208,45.06
HK.01038,长江基建集团,2025-04-07 00:00:00,44.51,44.71,46.36,43.61,14.684,0.00429,10798468,518297371.0,-1.7578554163919957,45.51
HK.01038,长江基建集团,2025-04-08 00:00:00,44.21,43.76,45.66,43.21,14.389,0.00197,4973333,232091808.0,-2.124804294341317,44.71
HK.01038,长江基建集团,2025-04-09 00:00:00,42.66,44.26,44.36,42.66,14.545,0.0013,3266937,151274537.0,1.1425959780621573,43.76
HK.01038,长江基建集团,2025-04-10 00:00:00,44.76,44.86,45.91,43.61,14.731,0.00357,8988922,429537807.0,1.3556258472661578,44.26
HK.01038,长江基建集团,2025-04-11 00:00:00,45.11,45.51,45.66,44.66,14.933,0.00093,2346502,112337943.0,1.4489522960320966,44.86
HK.01038,长江基建集团,2025-04-14 00:00:00,45.86,45.56,46.11,45.46,14.948,0.00099,2486644,120043870.0,0.10986596352450949,45.51
HK.01038,长江基建集团,2025-04-15 00:00:00,45.61,45.31,45.91,45.01,14.871,0.00106,2673137,128042998.0,-0.5487269534679543,45.56
HK.01038,长江基建集团,2025-04-16 00:00:00,45.01,45.36,45.61,44.76,14.886,0.00142,3579605,170896235.0,0.1103509159125958,45.31
HK.01038,长江基建集团,2025-04-17 00:00:00,45.36,46.71,46.91,45.36,15.305,0.00096,2419332,118814811.0,2.9761904761904794,45.36
HK.01038,长江基建集团,2025-04-22 00:00:00,47.01,47.26,47.36,46.46,15.476,0.00122,3073979,152700931.0,1.1774780560907667,46.71
HK.01038,长江基建集团,2025-04-23 00:00:00,47.21,48.16,48.31,47.21,15.755,0.00139,3512992,177555562.0,1.9043588658484947,47.26
HK.01038,长江基建集团,2025-04-24 00:00:00,47.51,48.11,48.46,47.51,15.74,0.00089,2233091,113154908.0,-0.10382059800663863,48.16
HK.01038,长江基建集团,2025-04-25 00:00:00,48.01,49.16,49.61,48.01,16.066,0.0015,3773290,195386046.0,2.182498441072536,48.11
HK.01038,长江基建集团,2025-04-28 00:00:00,49.21,49.16,49.71,49.11,16.066,0.00091,2303375,119649271.0,0.0,49.16
HK.01038,长江基建集团,2025-04-29 00:00:00,49.16,49.16,50.21,49.01,16.066,0.00075,1890549,98584527.0,0.0,49.16
HK.01038,长江基建集团,2025-04-30 00:00:00,49.16,49.71,49.91,49.01,16.237,0.00104,2623647,136992205.0,1.118795768917828,49.16
HK.01038,长江基建集团,2025-05-02 00:00:00,49.51,49.41,49.96,48.86,16.144,0.00061,1548393,80457966.0,-0.6035003017501595,49.71
HK.01038,长江基建集团,2025-05-06 00:00:00,49.46,49.96,49.96,49.41,16.314,0.00077,1946633,101861898.0,1.1131349929164223,49.41
HK.01038,长江基建集团,2025-05-07 00:00:00,50.21,49.96,50.26,49.61,16.314,0.0006,1518803,79755281.0,0.0,49.96
HK.01038,长江基建集团,2025-05-08 00:00:00,50.31,50.41,50.51,49.56,16.454,0.0006,1503502,79475157.0,0.9007205764611604,49.96
HK.01038,长江基建集团,2025-05-09 00:00:00,50.56,50.26,50.56,50.06,16.407,0.0002,511041,26999172.0,-0.29756000793493076,50.41
HK.01038,长江基建集团,2025-05-12 00:00:00,50.26,50.66,51.26,50.26,16.532,0.00069,1738275,92696001.0,0.7958615200955007,50.26
HK.01038,长江基建集团,2025-05-13 00:00:00,50.66,49.41,50.66,49.11,16.144,0.00066,1664755,86868091.0,-2.4674299249901304,50.66
HK.01038,长江基建集团,2025-05-14 00:00:00,49.86,49.66,49.86,49.21,16.221,0.00037,942227,49114280.0,0.5059704513256426,49.41
HK.01038,长江基建集团,2025-05-15 00:00:00,49.66,49.36,49.66,48.91,16.128,0.00031,775679,40222580.0,-0.6041079339508603,49.66
HK.01038,长江基建集团,2025-05-16 00:00:00,49.36,49.21,49.36,48.96,16.081,0.00052,1307783,67677542.0,-0.30388978930307653,49.36
HK.01038,长江基建集团,2025-05-19 00:00:00,49.01,49.51,49.61,48.96,16.175,0.00043,1082466,56320345.0,0.6096321885795513,49.21
HK.01038,长江基建集团,2025-05-20 00:00:00,49.76,49.76,50.01,49.51,16.252,0.00058,1455565,76147601.0,0.5049484952534842,49.51
HK.01038,长江基建集团,2025-05-21 00:00:00,49.76,49.56,49.86,49.51,16.19,0.00047,1182098,61712524.0,-0.40192926045015226,49.76
HK.01038,长江基建集团,2025-05-22 00:00:00,49.56,49.61,49.86,49.36,16.206,0.00051,1285521,67092780.0,0.1008878127522138,49.56
HK.01038,长江基建集团,2025-05-23 00:00:00,49.36,49.26,49.66,49.16,16.097,0.0008,2016413,104702389.0,-0.7055029227978259,49.61
HK.01038,长江基建集团,2025-05-26 00:00:00,49.47,49.87,50.17,49.22,15.709,0.00069,1729099,87550429.0,1.2383272431993493,49.26
HK.01038,长江基建集团,2025-05-27 00:00:00,49.92,49.07,50.27,49.07,15.461,0.00046,1149091,57443787.0,-1.604170844194901,49.87
HK.01038,长江基建集团,2025-05-28 00:00:00,49.07,49.22,49.27,48.52,15.507,0.00086,2165780,107596406.0,0.30568575504381207,49.07
HK.01038,长江基建集团,2025-05-29 00:00:00,49.02,48.97,49.12,48.62,15.429,0.00051,1284049,63661405.0,-0.5079236082893134,49.22
HK.01038,长江基建集团,2025-05-30 00:00:00,48.77,50.02,50.02,48.77,15.755,0.00209,5270436,265578581.0,2.144169899938747,48.97
HK.01038,长江基建集团,2025-06-02 00:00:00,49.57,49.92,50.02,49.32,15.724,0.00083,2085664,105297511.0,-0.19992003198720792,50.02
HK.01038,长江基建集团,2025-06-03 00:00:00,49.97,51.02,51.67,49.97,16.066,0.0015,3774122,195421252.0,2.203525641025644,49.92
HK.01038,长江基建集团,2025-06-04 00:00:00,50.97,50.52,51.07,50.07,15.911,0.00101,2557288,131130556.0,-0.9800078400627206,51.02
HK.01038,长江基建集团,2025-06-05 00:00:00,50.77,51.57,51.62,50.67,16.237,0.00122,3075264,159982847.0,2.0783847980997567,50.52
HK.01038,长江基建集团,2025-06-06 00:00:00,51.62,51.32,51.72,51.32,16.159,0.00072,1802637,94045322.0,-0.48477797168896647,51.57
HK.01038,长江基建集团,2025-06-09 00:00:00,51.37,51.17,51.42,50.97,16.113,0.00061,1530067,79413698.0,-0.29228371005455683,51.32
HK.01038,长江基建集团,2025-06-10 00:00:00,51.27,50.97,51.32,50.92,16.05,0.00048,1205850,62506195.0,-0.39085401602502023,51.17
HK.01038,长江基建集团,2025-06-11 00:00:00,51.12,50.67,51.17,50.67,15.957,0.00057,1439600,74220464.0,-0.5885815185403123,50.97
HK.01038,长江基建集团,2025-06-12 00:00:00,50.62,51.07,51.17,50.62,16.081,0.00044,1097549,56862735.0,0.7894217485691702,50.67
HK.01038,长江基建集团,2025-06-13 00:00:00,51.17,50.77,51.32,50.72,15.988,0.00061,1543929,79735181.0,-0.5874290189935327,51.07
HK.01038,长江基建集团,2025-06-16 00:00:00,50.77,51.72,51.77,50.77,16.283,0.00082,2062537,107725500.0,1.871183769942871,50.77
HK.01038,长江基建集团,2025-06-17 00:00:00,51.72,51.77,51.97,51.17,16.299,0.00046,1148174,60177013.0,0.09667440061872441,51.72
HK.01038,长江基建集团,2025-06-18 00:00:00,51.82,51.57,52.17,51.52,16.237,0.00055,1397071,73300476.0,-0.3863241259416705,51.77
HK.01038,长江基建集团,2025-06-19 00:00:00,51.57,50.92,51.57,50.77,16.035,0.00028,702233,36298481.0,-1.2604227263913101,51.57
HK.01038,长江基建集团,2025-06-20 00:00:00,50.92,51.07,51.57,50.77,16.081,0.00089,2233091,115779719.0,0.2945797329143727,50.92
HK.01038,长江基建集团,2025-06-23 00:00:00,51.07,50.92,51.42,50.77,16.035,0.00047,1196301,61808554.0,-0.29371450949676636,51.07
HK.01038,长江基建集团,2025-06-24 00:00:00,50.87,51.57,51.82,50.87,16.237,0.0006,1500481,78522769.0,1.2765121759622908,50.92
HK.01038,长江基建集团,2025-06-25 00:00:00,52.07,52.62,52.77,51.97,16.563,0.00082,2071490,110411630.0,2.0360674810936534,51.57
HK.01038,长江基建集团,2025-06-26 00:00:00,52.62,52.22,52.82,52.12,16.438,0.00079,1994751,106035943.0,-0.7601672367920916,52.62
HK.01038,长江基建集团,2025-06-27 00:00:00,52.77,51.42,52.77,51.22,16.19,0.00066,1657825,86596175.0,-1.5319800842588993,52.22
HK.01038,长江基建集团,2025-06-30 00:00:00,51.27,51.22,51.57,50.82,16.128,0.00079,1992461,103451539.0,-0.3889537145079791,51.42
HK.01038,长江基建集团,2025-07-02 00:00:00,51.37,51.42,52.22,51.27,16.19,0.00101,2552305,133563202.0,0.39047247169075133,51.22
HK.01038,长江基建集团,2025-07-03 00:00:00,51.87,51.92,52.17,51.47,16.345,0.00056,1398957,73638136.0,0.9723842862699339,51.42
HK.01038,长江基建集团,2025-07-04 00:00:00,52.27,52.22,52.27,51.42,16.438,0.00031,769801,40564488.0,0.5778120184899791,51.92
HK.01038,长江基建集团,2025-07-07 00:00:00,52.17,51.52,52.27,51.17,16.221,0.00049,1241411,64846338.0,-1.3404825737265333,52.22
HK.01038,长江基建集团,2025-07-08 00:00:00,51.52,51.22,51.67,50.97,16.128,0.00046,1162360,60355564.0,-0.582298136645971,51.52
HK.01038,长江基建集团,2025-07-09 00:00:00,51.27,50.62,51.27,50.42,15.942,0.00064,1601603,82297337.0,-1.1714174150722403,51.22
HK.01038,长江基建集团,2025-07-10 00:00:00,50.62,50.32,50.87,50.27,15.849,0.00044,1112511,56912226.0,-0.5926511260371339,50.62
HK.01038,长江基建集团,2025-07-11 00:00:00,50.62,50.42,50.72,50.27,15.88,0.00089,2234670,114371904.0,0.1987281399046133,50.32
HK.01038,长江基建集团,2025-07-14 00:00:00,50.37,50.42,50.57,50.07,15.88,0.00046,1167219,59553500.0,0.0,50.42
HK.01038,长江基建集团,2025-07-15 00:00:00,50.72,51.12,51.22,50.62,16.097,0.00077,1936447,100048104.0,1.3883379611265285,50.42
HK.01038,长江基建集团,2025-07-16 00:00:00,50.82,51.77,51.87,50.82,16.299,0.00083,2096844,109439530.0,1.2715179968701207,51.12
HK.01038,长江基建集团,2025-07-17 00:00:00,51.87,52.12,52.22,51.62,16.407,0.00056,1420197,74939092.0,0.6760672203979029,51.77
HK.01038,长江基建集团,2025-07-18 00:00:00,52.32,51.67,52.47,51.47,16.268,0.00064,1608744,84359430.0,-0.8633921719109665,52.12
HK.01038,长江基建集团,2025-07-21 00:00:00,51.52,51.82,51.92,51.42,16.314,0.00032,814577,42721016.0,0.2903038513644254,51.67
HK.01038,长江基建集团,2025-07-22 00:00:00,51.82,52.27,52.27,51.82,16.454,0.00064,1600373,84644361.0,0.8683905827865743,51.82
HK.01038,长江基建集团,2025-07-23 00:00:00,52.42,52.67,52.77,52.12,16.578,0.00064,1623053,86548438.0,0.7652573177730985,52.27
HK.01038,长江基建集团,2025-07-24 00:00:00,52.77,52.82,52.92,52.52,16.625,0.00056,1407246,75268726.0,0.2847921017657083,52.67
HK.01038,长江基建集团,2025-07-25 00:00:00,52.57,53.12,53.97,52.57,16.718,0.00079,1985468,107273341.0,0.567966679288143,52.82
HK.01038,长江基建集团,2025-07-28 00:00:00,53.12,54.77,55.27,53.12,17.23,0.00137,3442695,190315167.0,3.1061746987951917,53.12
HK.01038,长江基建集团,2025-07-29 00:00:00,55.07,55.22,55.27,54.12,17.37,0.00093,2334815,129729550.0,0.8216176739090664,54.77
HK.01038,长江基建集团,2025-07-30 00:00:00,55.17,54.47,55.17,54.22,17.137,0.00068,1717064,94909052.0,-1.358203549438609,55.22
HK.01038,长江基建集团,2025-07-31 00:00:00,54.37,54.62,55.22,54.37,17.184,0.00103,2582883,143514326.0,0.2753809436386976,54.47
HK.01038,长江基建集团,2025-08-01 00:00:00,54.62,53.77,54.87,53.62,16.92,0.00061,1537305,84202863.0,-1.5562065177590523,54.62
HK.01038,长江基建集团,2025-08-04 00:00:00,53.57,54.07,54.42,53.57,17.013,0.00044,1114103,61046177.0,0.5579319323042535,53.77
HK.01038,长江基建集团,2025-08-05 00:00:00,53.67,54.22,54.42,53.67,17.059,0.0006,1510299,82794692.0,0.27741816164231287,54.07
HK.01038,长江基建集团,2025-08-06 00:00:00,54.22,53.77,54.27,53.37,16.92,0.00042,1057572,57568267.0,-0.8299520472150419,54.22
HK.01038,长江基建集团,2025-08-07 00:00:00,53.57,54.32,54.52,53.57,17.09,0.00037,941393,51694081.0,1.0228752092244693,53.77
HK.01038,长江基建集团,2025-08-08 00:00:00,54.47,54.77,55.02,54.17,17.23,0.00047,1177431,65297177.0,0.8284241531664264,54.32
HK.01038,长江基建集团,2025-08-11 00:00:00,54.87,55.27,55.37,54.77,17.385,0.00037,926967,51868486.0,0.912908526565638,54.77
HK.01038,长江基建集团,2025-08-12 00:00:00,55.37,54.52,55.37,54.47,17.153,0.00039,970838,53819954.0,-1.3569748507327664,55.27
HK.01038,长江基建集团,2025-08-13 00:00:00,54.77,54.42,54.87,54.07,17.122,0.00061,1549264,85241758.0,-0.1834189288334582,54.52
HK.01038,长江基建集团,2025-08-14 00:00:00,54.52,53.57,55.02,52.87,16.858,0.00111,2803100,151916546.0,-1.5619257625872867,54.42
HK.01038,长江基建集团,2025-08-15 00:00:00,53.57,52.87,53.57,52.77,16.64,0.00083,2101037,112939299.0,-1.3067015120403263,53.57
HK.01038,长江基建集团,2025-08-18 00:00:00,53.27,52.37,53.27,52.27,16.485,0.00096,2429723,129306090.0,-0.9457159069415547,52.87
HK.01038,长江基建集团,2025-08-19 00:00:00,52.27,51.77,53.07,51.72,16.299,0.00064,1607936,84620932.0,-1.1456940996753757,52.37
HK.01038,长江基建集团,2025-08-20 00:00:00,51.92,51.77,52.12,51.47,16.299,0.0008,2011984,105450344.0,0.0,51.77
HK.01038,长江基建集团,2025-08-21 00:00:00,51.77,52.17,52.47,51.77,16.423,0.00052,1307912,69162722.0,0.7726482518833273,51.77
HK.01038,长江基建集团,2025-08-22 00:00:00,52.17,51.92,52.47,51.87,16.345,0.00061,1539690,81251218.0,-0.47920260686218136,52.17
HK.01038,长江基建集团,2025-08-25 00:00:00,52.47,51.92,52.67,51.77,16.345,0.00088,2210657,116872270.0,0.0,51.92
HK.01038,长江基建集团,2025-08-26 00:00:00,52.12,51.97,52.27,51.77,16.361,0.00113,2842384,149789529.0,0.09630200308165862,51.92
HK.01038,长江基建集团,2025-08-27 00:00:00,52.22,51.37,52.27,51.12,16.175,0.00132,3326754,173583186.0,-1.1545122185876495,51.97
HK.01038,长江基建集团,2025-08-28 00:00:00,51.07,51.47,51.67,51.07,16.206,0.00043,1073985,56072378.0,0.19466614755694261,51.37
HK.01038,长江基建集团,2025-08-29 00:00:00,51.72,51.52,51.72,51.32,16.221,0.00053,1327728,69371257.0,0.09714396735963526,51.47
HK.01038,长江基建集团,2025-09-01 00:00:00,51.67,51.87,51.92,51.37,16.33,0.00052,1310585,68676210.0,0.6793478260869454,51.52
HK.01038,长江基建集团,2025-09-02 00:00:00,51.87,51.87,52.12,51.67,16.33,0.00068,1716914,90260052.0,0.0,51.87
HK.01038,长江基建集团,2025-09-03 00:00:00,51.87,51.57,52.17,51.42,16.237,0.00069,1726308,90406120.0,-0.5783689994216256,51.87
HK.01038,长江基建集团,2025-09-04 00:00:00,51.82,51.52,51.87,51.37,16.221,0.00038,958859,50171380.0,-0.09695559433778778,51.57
HK.01038,长江基建集团,2025-09-05 00:00:00,51.52,52.22,52.22,51.52,16.438,0.00044,1107713,58504264.0,1.3586956521739046,51.52
HK.01038,长江基建集团,2025-09-08 00:00:00,52.22,51.77,52.27,51.57,16.299,0.00054,1362114,71514084.0,-0.8617387973956256,52.22
HK.01038,长江基建集团,2025-09-09 00:00:00,51.82,51.67,51.97,51.47,16.268,0.00082,2061039,108018426.0,-0.19316206297083524,51.77
HK.01038,长江基建集团,2025-09-10 00:00:00,51.6,51.65,51.9,51.25,16.035,0.0007,1754088,90360184.0,-0.0387071801819298,51.67
HK.01038,长江基建集团,2025-09-11 00:00:00,51.5,52.0,52.05,51.5,16.144,0.00051,1290088,66923113.0,0.6776379477250754,51.65
HK.01038,长江基建集团,2025-09-12 00:00:00,52.45,52.6,52.6,52.1,16.33,0.00039,976940,51239734.0,1.1538461538461564,52.0
HK.01038,长江基建集团,2025-09-15 00:00:00,52.5,53.85,54.25,52.5,16.718,0.00124,3124008,168034531.0,2.376425855513308,52.6
HK.01038,长江基建集团,2025-09-16 00:00:00,53.5,54.1,54.15,53.4,16.796,0.00051,1292873,69757504.0,0.4642525533890436,53.85
HK.01038,长江基建集团,2025-09-17 00:00:00,54.1,53.35,54.4,53.3,16.563,0.00062,1555048,83207227.0,-1.3863216266173752,54.1
HK.01038,长江基建集团,2025-09-18 00:00:00,53.8,53.25,53.8,53.1,16.532,0.00039,988181,52691215.0,-0.18744142455482926,53.35
HK.01038,长江基建集团,2025-09-19 00:00:00,53.65,52.2,53.65,52.0,16.206,0.00118,2963137,155037370.0,-1.9718309859154877,53.25
HK.01038,长江基建集团,2025-09-22 00:00:00,52.4,52.15,52.5,52.05,16.19,0.00036,911108,47557529.0,-0.09578544061303498,52.2
HK.01038,长江基建集团,2025-09-23 00:00:00,52.15,52.15,52.5,52.1,16.19,0.00033,834973,43638072.0,0.0,52.15
HK.01038,长江基建集团,2025-09-24 00:00:00,52.15,51.95,52.3,51.6,16.128,0.00087,2191634,113704197.0,-0.3835091083413149,52.15
HK.01038,长江基建集团,2025-09-25 00:00:00,52.2,51.3,52.2,51.1,15.926,0.00094,2365709,121576323.0,-1.2512030798845153,51.95
HK.01038,长江基建集团,2025-09-26 00:00:00,51.3,51.3,51.6,51.05,15.926,0.00072,1811460,93015595.0,0.0,51.3
HK.01038,长江基建集团,2025-09-29 00:00:00,51.8,51.35,51.8,50.8,15.942,0.00068,1709407,87648431.0,0.09746588693957947,51.3
HK.01038,长江基建集团,2025-09-30 00:00:00,51.7,51.1,51.7,51.05,15.864,0.00053,1339472,68510835.0,-0.486854917234664,51.35
HK.01038,长江基建集团,2025-10-02 00:00:00,51.2,51.7,51.9,51.2,16.05,0.00051,1289848,66670328.0,1.1741682974559713,51.1
HK.01038,长江基建集团,2025-10-03 00:00:00,51.7,52.15,52.2,51.6,16.19,0.00041,1037841,53973351.0,0.8704061895551174,51.7
HK.01038,长江基建集团,2025-10-06 00:00:00,52.0,51.45,52.05,51.25,15.973,0.00025,633153,32571250.0,-1.3422818791946227,52.15
HK.01038,长江基建集团,2025-10-08 00:00:00,51.4,51.5,51.8,51.15,15.988,0.00038,946328,48591612.0,0.09718172983478553,51.45
HK.01038,长江基建集团,2025-10-09 00:00:00,51.5,51.0,51.7,50.95,15.833,0.00071,1785946,91514349.0,-0.9708737864077669,51.5
HK.01038,长江基建集团,2025-10-10 00:00:00,51.0,51.75,51.75,50.9,16.066,0.00063,1599510,82314096.0,1.4705882352941175,51.0
HK.01038,长江基建集团,2025-10-13 00:00:00,51.5,51.35,51.5,50.75,15.942,0.00051,1282128,65721068.0,-0.772946859903379,51.75
HK.01038,长江基建集团,2025-10-14 00:00:00,51.35,51.75,52.0,50.95,16.066,0.00068,1717471,88773699.0,0.7789678675754598,51.35
HK.01038,长江基建集团,2025-10-15 00:00:00,51.9,52.35,52.4,51.75,16.252,0.00109,2734550,142620005.0,1.1594202898550752,51.75
HK.01038,长江基建集团,2025-10-16 00:00:00,52.35,52.6,52.7,51.95,16.33,0.00062,1566046,82165548.0,0.4775549188156638,52.35
HK.01038,长江基建集团,2025-10-17 00:00:00,52.65,52.9,53.0,52.3,16.423,0.00098,2457420,129640580.0,0.5703422053231885,52.6
HK.01038,长江基建集团,2025-10-20 00:00:00,52.8,52.8,53.25,52.45,16.392,0.00057,1437263,75886528.0,-0.1890359168241993,52.9
HK.01038,长江基建集团,2025-10-21 00:00:00,53.0,52.25,53.0,51.9,16.221,0.00103,2589302,135218318.0,-1.0416666666666614,52.8
HK.01038,长江基建集团,2025-10-22 00:00:00,52.2,51.7,52.4,51.55,16.05,0.00086,2161291,111831055.0,-1.052631578947363,52.25
HK.01038,长江基建集团,2025-10-23 00:00:00,51.7,51.2,51.75,51.1,15.895,0.00095,2389978,122522403.0,-0.9671179883945841,51.7
HK.01038,长江基建集团,2025-10-24 00:00:00,51.5,51.9,52.0,51.15,16.113,0.00107,2700378,139314803.0,1.3671874999999916,51.2
HK.01038,长江基建集团,2025-10-27 00:00:00,51.9,51.35,52.1,51.15,15.942,0.0005,1263585,64914306.0,-1.0597302504816901,51.9
HK.01038,长江基建集团,2025-10-28 00:00:00,51.55,51.45,51.8,51.25,15.973,0.00072,1812728,93284656.0,0.19474196689386838,51.35
HK.01038,长江基建集团,2025-10-30 00:00:00,51.8,51.0,51.8,50.5,15.833,0.00118,2978946,151704223.0,-0.874635568513125,51.45
HK.01038,长江基建集团,2025-10-31 00:00:00,51.0,50.55,51.05,50.5,15.693,0.00076,1909898,96822705.0,-0.8823529411764761,51.0
HK.01038,长江基建集团,2025-11-03 00:00:00,50.55,50.8,50.8,50.2,15.771,0.00077,1937289,97909217.0,0.4945598417408507,50.55
HK.01038,长江基建集团,2025-11-04 00:00:00,50.8,51.0,51.25,50.65,15.833,0.00051,1273256,64984166.0,0.39370078740158043,50.8
HK.01038,长江基建集团,2025-11-05 00:00:00,50.95,51.35,51.35,50.75,15.942,0.0004,1018768,52177976.0,0.6862745098039243,51.0
HK.01038,长江基建集团,2025-11-06 00:00:00,51.35,52.15,52.4,51.25,16.19,0.00097,2452601,127708182.0,1.5579357351509195,51.35
HK.01038,长江基建集团,2025-11-07 00:00:00,52.0,52.95,52.95,52.0,16.438,0.00101,2555416,134739817.0,1.5340364333653007,52.15
HK.01038,长江基建集团,2025-11-10 00:00:00,52.95,53.3,53.4,52.9,16.547,0.00085,2135794,113629858.0,0.6610009442870525,52.95
HK.01038,长江基建集团,2025-11-11 00:00:00,53.1,53.75,53.85,53.1,16.687,0.00112,2825142,151312459.0,0.8442776735459716,53.3
HK.01038,长江基建集团,2025-11-12 00:00:00,53.8,54.0,54.2,53.6,16.764,0.00137,3461418,186593192.0,0.46511627906976744,53.75
HK.01038,长江基建集团,2025-11-13 00:00:00,54.0,54.5,54.5,53.85,16.92,0.00091,2280352,123755258.0,0.9259259259259258,54.0
HK.01038,长江基建集团,2025-11-14 00:00:00,54.0,54.25,54.65,54.0,16.842,0.00074,1861847,101092842.0,-0.45871559633027525,54.5
HK.01038,长江基建集团,2025-11-17 00:00:00,54.25,54.35,54.55,54.0,16.873,0.00065,1632971,88670816.0,0.18433179723502566,54.25
HK.01038,长江基建集团,2025-11-18 00:00:00,54.45,53.95,54.6,53.85,16.749,0.00058,1458492,79041441.0,-0.7359705611775503,54.35
HK.01038,长江基建集团,2025-11-19 00:00:00,53.9,54.5,54.8,53.85,16.92,0.00087,2180655,118925119.0,1.0194624652455924,53.95
HK.01038,长江基建集团,2025-11-20 00:00:00,54.4,53.9,54.65,53.7,16.733,0.00048,1207324,65339577.0,-1.1009174311926633,54.5
HK.01038,长江基建集团,2025-11-21 00:00:00,53.9,53.95,54.2,53.55,16.749,0.00119,2998969,161663049.0,0.09276437847867211,53.9
HK.01038,长江基建集团,2025-11-24 00:00:00,54.0,54.25,54.85,53.6,16.842,0.00337,8491586,461212778.0,0.5560704355885026,53.95
HK.01038,长江基建集团,2025-11-25 00:00:00,54.3,53.7,54.7,53.7,16.671,0.00072,1812223,97690334.0,-1.0138248847926215,54.25
HK.01038,长江基建集团,2025-11-26 00:00:00,53.5,53.4,54.0,53.3,16.578,0.00037,937106,50220769.0,-0.5586592178771029,53.7
HK.01038,长江基建集团,2025-11-27 00:00:00,53.65,53.45,53.75,53.2,16.594,0.00082,2060898,110226161.0,0.09363295880150611,53.4
HK.01038,长江基建集团,2025-11-28 00:00:00,53.7,53.9,54.0,53.35,16.733,0.00077,1937350,104169905.0,0.8419083255378778,53.45
HK.01038,长江基建集团,2025-12-01 00:00:00,53.9,55.1,55.1,53.9,17.106,0.00075,1893185,103871130.0,2.226345083487946,53.9
HK.01038,长江基建集团,2025-12-02 00:00:00,55.1,55.1,55.25,54.85,17.106,0.00058,1450667,79870989.0,0.0,55.1
HK.01038,长江基建集团,2025-12-03 00:00:00,55.1,54.8,55.25,54.5,17.013,0.00046,1153773,63212422.0,-0.5444646098003707,55.1
HK.01038,长江基建集团,2025-12-04 00:00:00,55.0,54.95,55.0,54.55,17.059,0.00047,1182697,64796608.0,0.27372262773723666,54.8
HK.01038,长江基建集团,2025-12-05 00:00:00,54.95,54.05,54.95,53.9,16.78,0.00064,1603859,86800001.0,-1.6378525932666161,54.95
HK.01038,长江基建集团,2025-12-08 00:00:00,53.95,52.55,54.05,52.3,16.314,0.00131,3303966,174722741.0,-2.775208140610546,54.05
HK.01038,长江基建集团,2025-12-09 00:00:00,52.55,51.9,52.55,51.65,16.113,0.00132,3321303,172481270.0,-1.2369172216936226,52.55
HK.01038,长江基建集团,2025-12-10 00:00:00,51.8,52.05,52.05,51.4,16.159,0.00099,2491201,129100726.0,0.2890173410404597,51.9
HK.01038,长江基建集团,2025-12-11 00:00:00,52.45,52.8,52.95,52.05,16.392,0.00108,2727375,143618205.0,1.4409221902017293,52.05
HK.01038,长江基建集团,2025-12-12 00:00:00,52.8,55.2,55.2,52.8,17.137,0.00197,4964047,270318522.0,4.5454545454545565,52.8
HK.01038,长江基建集团,2025-12-15 00:00:00,54.8,55.85,55.9,54.25,17.339,0.00172,4334566,240956443.0,1.1775362318840554,55.2
HK.01038,长江基建集团,2025-12-16 00:00:00,55.4,53.4,56.5,53.3,16.578,0.00099,2497047,135112630.0,-4.3867502238137925,55.85
HK.01038,长江基建集团,2025-12-17 00:00:00,53.4,55.0,55.15,53.2,17.075,0.00157,3966843,216594420.0,2.996254681647943,53.4
HK.01038,长江基建集团,2025-12-18 00:00:00,54.6,55.8,56.0,54.35,17.323,0.00162,4085304,227140985.0,1.4545454545454493,55.0
HK.01038,长江基建集团,2025-12-19 00:00:00,55.4,56.7,57.05,55.3,17.603,0.00202,5094468,288631281.0,1.612903225806462,55.8
HK.01038,长江基建集团,2025-12-22 00:00:00,56.7,57.2,57.4,56.45,17.758,0.00231,5829125,332897103.0,0.8818342151675485,56.7
HK.01038,长江基建集团,2025-12-23 00:00:00,57.35,57.5,57.7,56.9,17.851,0.00137,3441047,197577616.0,0.5244755244755195,57.2
HK.01038,长江基建集团,2025-12-24 00:00:00,57.4,58.55,58.65,57.4,18.177,0.00208,5248318,305833643.0,1.8260869565217341,57.5
HK.01038,长江基建集团,2025-12-29 00:00:00,58.55,58.4,58.85,57.15,18.131,0.00245,6185035,360129549.0,-0.2561912894961547,58.55
HK.01038,长江基建集团,2025-12-30 00:00:00,58.0,58.5,58.95,57.8,18.162,0.00202,5090791,297862601.0,0.1712328767123312,58.4
HK.01038,长江基建集团,2025-12-31 00:00:00,58.5,57.6,59.2,56.75,17.882,0.00128,3236383,187665988.0,-1.538461538461536,58.5
HK.01038,长江基建集团,2026-01-02 00:00:00,57.6,57.1,57.6,56.65,17.727,0.00055,1398106,79611409.0,-0.8680555555555556,57.6
HK.01038,长江基建集团,2026-01-05 00:00:00,57.4,58.4,59.2,57.4,18.131,0.00098,2463118,143728022.0,2.2767075306479807,57.1
HK.01038,长江基建集团,2026-01-06 00:00:00,58.8,58.3,59.1,58.3,18.099,0.0015,3776258,221359058.0,-0.1712328767123312,58.4
HK.01038,长江基建集团,2026-01-07 00:00:00,58.1,58.75,58.8,57.5,18.239,0.00156,3926100,229557555.0,0.771869639794173,58.3
HK.01038,长江基建集团,2026-01-08 00:00:00,58.95,59.55,59.95,58.9,18.488,0.00202,5077922,301708402.0,1.3617021276595696,58.75
HK.01038,长江基建集团,2026-01-09 00:00:00,59.55,60.8,61.0,58.95,18.876,0.00247,6216161,376590093.0,2.0990764063811924,59.55
HK.01038,长江基建集团,2026-01-12 00:00:00,60.85,60.6,61.6,60.1,18.814,0.00318,8019152,488140089.0,-0.3289473684210456,60.8
HK.01038,长江基建集团,2026-01-13 00:00:00,59.5,60.05,62.7,59.5,18.643,0.00177,4467696,274300968.0,-0.9075907590759146,60.6
HK.01038,长江基建集团,2026-01-14 00:00:00,60.5,58.95,60.5,57.95,18.301,0.00099,2497980,146552776.0,-1.831806827643621,60.05
HK.01038,长江基建集团,2026-01-15 00:00:00,59.0,59.15,59.65,58.65,18.363,0.00045,1123685,66487553.0,0.33927056827819463,58.95
HK.01038,长江基建集团,2026-01-16 00:00:00,59.8,59.9,60.5,59.3,18.596,0.00056,1402113,84031939.0,1.267962806424345,59.15
HK.01038,长江基建集团,2026-01-19 00:00:00,59.9,59.4,60.15,59.2,18.441,0.00052,1304401,77751676.0,-0.8347245409015025,59.9
HK.01038,长江基建集团,2026-01-20 00:00:00,59.6,60.25,60.4,59.35,18.705,0.0008,2005190,120407635.0,1.4309764309764335,59.4
HK.01038,长江基建集团,2026-01-21 00:00:00,60.35,62.2,62.45,60.35,19.31,0.00165,4162624,257249458.0,3.2365145228215813,60.25
HK.01038,长江基建集团,2026-01-22 00:00:00,62.2,63.25,63.5,61.75,19.636,0.00146,3687165,232268161.0,1.6881028938906706,62.2
HK.01038,长江基建集团,2026-01-23 00:00:00,63.5,63.45,63.65,62.8,19.698,0.00186,4698594,297783555.0,0.31620553359684245,63.25
HK.01038,长江基建集团,2026-01-26 00:00:00,63.45,63.15,64.1,62.85,19.605,0.00137,3458695,219158343.0,-0.47281323877069226,63.45
HK.01038,长江基建集团,2026-01-27 00:00:00,63.3,63.7,63.95,63.25,19.776,0.00092,2315347,147221100.0,0.8709422011084788,63.15
HK.01038,长江基建集团,2026-01-28 00:00:00,63.7,64.1,64.4,63.2,19.9,0.00149,3759437,240579375.0,0.6279434850863288,63.7
HK.01038,长江基建集团,2026-01-29 00:00:00,63.5,64.75,65.0,63.4,20.102,0.0011,2770090,179070924.0,1.0140405616224737,64.1
HK.01038,长江基建集团,2026-01-30 00:00:00,64.9,64.25,64.9,63.8,19.947,0.00236,5935793,381840813.0,-0.7722007722007722,64.75
HK.01038,长江基建集团,2026-02-02 00:00:00,63.55,63.75,64.15,62.65,19.791,0.00144,3633871,230493166.0,-0.7782101167315175,64.25
HK.01038,长江基建集团,2026-02-03 00:00:00,63.65,64.7,65.15,63.05,20.086,0.00159,3994885,258267418.0,1.490196078431377,63.75
HK.01038,长江基建集团,2026-02-04 00:00:00,64.35,64.35,64.6,63.85,19.978,0.00101,2549562,164004518.0,-0.5409582689335526,64.7
HK.01038,长江基建集团,2026-02-05 00:00:00,64.35,64.95,65.0,63.9,20.164,0.00106,2679589,173492001.0,0.9324009324009458,64.35
HK.01038,长江基建集团,2026-02-06 00:00:00,64.9,64.95,65.3,62.75,20.164,0.00179,4519369,292690983.0,0.0,64.95
HK.01038,长江基建集团,2026-02-09 00:00:00,63.9,64.4,65.45,63.45,19.993,0.00124,3129632,202658946.0,-0.8468052347959925,64.95
HK.01038,长江基建集团,2026-02-10 00:00:00,64.1,63.95,64.7,63.7,19.854,0.00091,2301271,147646055.0,-0.6987577639751597,64.4
HK.01038,长江基建集团,2026-02-11 00:00:00,63.5,64.35,64.7,63.5,19.978,0.00046,1165384,74920007.0,0.6254886630179695,63.95
HK.01038,长江基建集团,2026-02-12 00:00:00,64.35,64.5,64.9,64.2,20.024,0.00052,1300114,83909045.0,0.23310023310024194,64.35
HK.01038,长江基建集团,2026-02-13 00:00:00,64.75,64.4,64.8,64.0,19.993,0.00044,1096610,70664275.0,-0.15503875968991368,64.5
HK.01038,长江基建集团,2026-02-16 00:00:00,64.05,65.0,65.0,64.05,20.18,0.00014,357591,23151654.0,0.9316770186335316,64.4
HK.01038,长江基建集团,2026-02-20 00:00:00,64.8,64.2,65.25,63.8,19.931,0.00048,1221939,78502444.0,-1.2307692307692264,65.0
HK.01038,长江基建集团,2026-02-23 00:00:00,64.75,64.6,65.1,63.8,20.055,0.00048,1210688,78078605.0,0.6230529595015444,64.2
HK.01038,长江基建集团,2026-02-24 00:00:00,63.95,65.85,65.85,63.95,20.443,0.0013,3266000,213830221.0,1.9349845201238391,64.6
HK.01038,长江基建集团,2026-02-25 00:00:00,65.85,64.1,65.85,63.75,19.9,0.0005,1258951,81127386.0,-2.657555049354594,65.85
HK.01038,长江基建集团,2026-02-26 00:00:00,65.0,67.0,67.8,64.9,20.8,0.00151,3797808,253728409.0,4.524180967238698,64.1
HK.01038,长江基建集团,2026-02-27 00:00:00,67.0,66.45,67.0,65.55,20.63,0.00126,3183204,210912057.0,-0.8208955223880555,67.0
HK.01038,长江基建集团,2026-03-02 00:00:00,66.0,65.75,66.75,65.4,20.412,0.00071,1776783,117182466.0,-1.0534236267870623,66.45
HK.01038,长江基建集团,2026-03-03 00:00:00,65.75,66.1,66.45,65.75,20.521,0.00044,1112105,73530298.0,0.5323193916349723,65.75
HK.01038,长江基建集团,2026-03-04 00:00:00,66.1,64.7,66.35,64.15,20.086,0.00074,1862508,120361605.0,-2.1180030257185956,66.1
HK.01038,长江基建集团,2026-03-05 00:00:00,64.95,65.85,66.65,64.9,20.443,0.00058,1469985,96942502.0,1.7774343122101874,64.7
HK.01038,长江基建集团,2026-03-06 00:00:00,66.15,65.55,66.2,64.75,20.35,0.00059,1490437,97446764.0,-0.45558086560364036,65.85
HK.01038,长江基建集团,2026-03-09 00:00:00,64.0,64.5,64.9,63.55,20.024,0.00071,1787339,115049478.0,-1.6018306636155566,65.55
HK.01038,长江基建集团,2026-03-10 00:00:00,65.0,66.15,66.15,65.0,20.537,0.00061,1530549,100817982.0,2.55813953488373,64.5
HK.01038,长江基建集团,2026-03-11 00:00:00,66.45,65.85,66.45,65.5,20.443,0.00035,872017,57343640.0,-0.4535147392290421,66.15
HK.01038,长江基建集团,2026-03-12 00:00:00,65.85,64.4,66.15,63.8,19.993,0.00053,1332634,85923164.0,-2.201974183750932,65.85
HK.01038,长江基建集团,2026-03-13 00:00:00,64.4,64.25,65.15,63.85,19.947,0.00051,1294669,83216381.0,-0.23291925465839391,64.4
HK.01038,长江基建集团,2026-03-16 00:00:00,64.8,64.0,64.9,63.75,19.869,0.00034,858261,54950073.0,-0.38910505836575876,64.25
HK.01038,长江基建集团,2026-03-17 00:00:00,64.0,64.1,64.65,64.0,19.9,0.00043,1084533,69589946.0,0.15624999999999112,64.0
HK.01038,长江基建集团,2026-03-18 00:00:00,65.35,64.85,65.35,63.95,19.771,0.00044,1102766,71301270.0,1.1700468018720749,64.1
HK.01038,长江基建集团,2026-03-19 00:00:00,64.8,65.85,66.5,63.7,20.076,0.00071,1801406,118282277.0,1.5420200462606015,64.85
HK.01038,长江基建集团,2026-03-20 00:00:00,66.15,64.95,66.15,64.75,19.801,0.00115,2890813,187988039.0,-1.366742596810921,65.85
HK.01038,长江基建集团,2026-03-23 00:00:00,64.5,61.9,64.5,61.45,18.871,0.00107,2686803,167356865.0,-4.695919938414171,64.95
HK.01038,长江基建集团,2026-03-24 00:00:00,62.6,62.75,63.8,62.2,19.131,0.00083,2094530,131131151.0,1.373182552504041,61.9
HK.01038,长江基建集团,2026-03-25 00:00:00,63.0,63.6,63.9,62.25,19.39,0.00207,5216991,328557201.0,1.354581673306775,62.75
HK.01038,长江基建集团,2026-03-26 00:00:00,63.2,61.1,63.2,60.8,18.628,0.00194,4890438,299563602.0,-3.930817610062893,63.6
HK.01038,长江基建集团,2026-03-27 00:00:00,61.3,61.45,61.7,60.6,18.734,0.00115,2901544,177292163.0,0.572831423895256,61.1
HK.01038,长江基建集团,2026-03-30 00:00:00,60.6,62.75,62.85,60.5,19.131,0.00119,3002164,187110354.0,2.1155410903173264,61.45
HK.01038,长江基建集团,2026-03-31 00:00:00,62.75,62.55,62.8,62.0,19.07,0.00123,3089463,192995321.0,-0.31872509960159817,62.75
HK.01038,长江基建集团,2026-04-01 00:00:00,63.0,63.7,63.85,63.0,19.42,0.00075,1891488,120373321.0,1.8385291766586824,62.55
