code,name,time_key,open,close,high,low,pe_ratio,turnover_rate,volume,turnover,change_rate,last_close
HK.00386,中国石油化工股份,2019-06-03 00:00:00,2.86216,2.88216,2.90216,2.84216,8.965,0.00568,144897162,751747958.0,-0.6891418805303642,2.90216
HK.00386,中国石油化工股份,2019-06-04 00:00:00,2.90216,2.84216,2.90216,2.81216,8.896,0.00277,70653114,364971789.0,-1.387848002886725,2.88216
HK.00386,中国石油化工股份,2019-06-05 00:00:00,2.91216,2.83216,2.91216,2.82216,8.879,0.00262,66815159,345472750.0,-0.3518450755763148,2.84216
HK.00386,中国石油化工股份,2019-06-06 00:00:00,2.83216,2.78216,2.83216,2.72216,8.793,0.00375,95728930,487042500.0,-1.7654369809615216,2.83216
HK.00386,中国石油化工股份,2019-06-10 00:00:00,2.76216,2.88216,2.92216,2.76216,8.965,0.00434,110607910,573978949.0,3.5943295856456725,2.78216
HK.00386,中国石油化工股份,2019-06-11 00:00:00,2.90216,2.91216,2.94216,2.84216,9.017,0.00389,99149749,517530391.0,1.0408860021650514,2.88216
HK.00386,中国石油化工股份,2019-06-12 00:00:00,2.84216,2.80216,2.87216,2.77216,8.827,0.004,101930080,521931808.0,-3.777264985440356,2.91216
HK.00386,中国石油化工股份,2019-06-13 00:00:00,2.75216,2.74216,2.76216,2.69216,8.724,0.00413,105322543,531650243.0,-2.141205355868332,2.80216
HK.00386,中国石油化工股份,2019-06-14 00:00:00,2.71216,2.77216,2.79216,2.71216,8.775,0.00391,99740633,506392519.0,1.0940280654666323,2.74216
HK.00386,中国石油化工股份,2019-06-17 00:00:00,2.74216,2.75216,2.83216,2.74216,8.741,0.00407,103893839,529349625.0,-0.7214590788410488,2.77216
HK.00386,中国石油化工股份,2019-06-18 00:00:00,2.72216,2.77216,2.80216,2.72216,8.775,0.00257,65590059,333735701.0,0.726701935933958,2.75216
HK.00386,中国石油化工股份,2019-06-19 00:00:00,2.86216,2.92216,2.93216,2.86216,9.034,0.00454,115818839,604685268.0,5.410943091307858,2.77216
HK.00386,中国石油化工股份,2019-06-20 00:00:00,2.92216,2.98216,2.99216,2.91216,9.137,0.00333,85034229,450021836.0,2.0532756591014887,2.92216
HK.00386,中国石油化工股份,2019-06-21 00:00:00,3.03216,3.02216,3.06216,3.00216,9.206,0.00587,149639635,800246176.0,1.3413096547468961,2.98216
HK.00386,中国石油化工股份,2019-06-24 00:00:00,3.00216,3.00216,3.00216,2.94216,9.172,0.0034,86710500,459379874.0,-0.6617783307303391,3.02216
HK.00386,中国石油化工股份,2019-06-25 00:00:00,3.03216,2.98216,3.05216,2.96216,9.137,0.00337,85905061,456493286.0,-0.6661870120180143,3.00216
HK.00386,中国石油化工股份,2019-06-26 00:00:00,2.98216,2.98216,3.00216,2.93216,9.137,0.00151,38629748,204553099.0,0.0,2.98216
HK.00386,中国石油化工股份,2019-06-27 00:00:00,3.03216,3.03216,3.07216,3.01216,9.224,0.00268,68326503,366147231.0,1.6766370684336274,2.98216
HK.00386,中国石油化工股份,2019-06-28 00:00:00,3.00216,2.99216,3.03216,2.94216,9.155,0.0035,89388555,473903610.0,-1.3191915993878962,3.03216
HK.00386,中国石油化工股份,2019-07-02 00:00:00,3.01216,3.02216,3.08216,3.00216,9.206,0.00397,101169082,542459426.0,1.0026201807389914,2.99216
HK.00386,中国石油化工股份,2019-07-03 00:00:00,3.01216,2.95216,3.02216,2.92216,9.086,0.00373,95197809,501630337.0,-2.3162241575561797,3.02216
HK.00386,中国石油化工股份,2019-07-04 00:00:00,2.93216,2.92216,2.95216,2.90216,9.034,0.0023,58578276,307087140.0,-1.0162050837353074,2.95216
HK.00386,中国石油化工股份,2019-07-05 00:00:00,2.90216,2.92216,2.93216,2.89216,9.034,0.00118,30160351,157865385.0,0.0,2.92216
HK.00386,中国石油化工股份,2019-07-08 00:00:00,2.89216,2.85216,2.90216,2.80216,8.913,0.00284,72417263,373167520.0,-2.395488268951729,2.92216
HK.00386,中国石油化工股份,2019-07-09 00:00:00,2.82216,2.80216,2.85216,2.79216,8.827,0.00212,54069010,277334830.0,-1.753057331986979,2.85216
HK.00386,中国石油化工股份,2019-07-10 00:00:00,2.82216,2.78216,2.83216,2.78216,8.793,0.00386,98514334,503669481.0,-0.7137351186227773,2.80216
HK.00386,中国石油化工股份,2019-07-11 00:00:00,2.81216,2.87216,2.93216,2.81216,8.948,0.0054,137691294,717601768.0,3.2348966270811115,2.78216
HK.00386,中国石油化工股份,2019-07-12 00:00:00,2.84216,2.88216,2.93216,2.84216,8.965,0.00244,62331620,324983610.0,0.3481700183833696,2.87216
HK.00386,中国石油化工股份,2019-07-15 00:00:00,2.88216,2.88216,2.90216,2.80216,8.965,0.00402,102499918,532130624.0,0.0,2.88216
HK.00386,中国石油化工股份,2019-07-16 00:00:00,2.84216,2.87216,2.88216,2.82216,8.948,0.00247,62911432,325410039.0,-0.3469620007216736,2.88216
HK.00386,中国石油化工股份,2019-07-17 00:00:00,2.83216,2.84216,2.84216,2.79216,8.896,0.00276,70506020,362277635.0,-1.0445100551501396,2.87216
HK.00386,中国石油化工股份,2019-07-18 00:00:00,2.83216,2.81216,2.83216,2.79216,8.844,0.00289,73829433,378597094.0,-1.05553522672896,2.84216
HK.00386,中国石油化工股份,2019-07-19 00:00:00,2.86216,2.91216,2.96216,2.83216,9.017,0.00375,95669477,500694386.0,3.5559854346836626,2.81216
HK.00386,中国石油化工股份,2019-07-22 00:00:00,2.86216,2.84216,2.91216,2.83216,8.896,0.00277,70646580,365739564.0,-2.4037140816438756,2.91216
HK.00386,中国石油化工股份,2019-07-23 00:00:00,2.84216,2.84216,2.86216,2.81216,8.896,0.00277,70559438,363690857.0,0.0,2.84216
HK.00386,中国石油化工股份,2019-07-24 00:00:00,2.85216,2.83216,2.87216,2.80216,8.879,0.0019,48414837,249951062.0,-0.3518450755763148,2.84216
HK.00386,中国石油化工股份,2019-07-25 00:00:00,2.83216,2.84216,2.86216,2.81216,8.896,0.00182,46527862,239743057.0,0.353087396192298,2.83216
HK.00386,中国石油化工股份,2019-07-26 00:00:00,2.84216,2.83216,2.85216,2.79216,8.879,0.00284,72378201,372207528.0,-0.3518450755763148,2.84216
HK.00386,中国石油化工股份,2019-07-29 00:00:00,2.81216,2.78216,2.83216,2.75216,8.793,0.00215,54881144,279667025.0,-1.7654369809615216,2.83216
HK.00386,中国石油化工股份,2019-07-30 00:00:00,2.74216,2.77216,2.80216,2.74216,8.775,0.00168,42914392,218723953.0,-0.3594329585645768,2.78216
HK.00386,中国石油化工股份,2019-07-31 00:00:00,2.80216,2.74216,2.80216,2.72216,8.724,0.00281,71661175,363052179.0,-1.0821886182615652,2.77216
HK.00386,中国石油化工股份,2019-08-01 00:00:00,2.76216,2.73216,2.77216,2.71216,8.706,0.00327,83506143,422167962.0,-0.3646760218222216,2.74216
HK.00386,中国石油化工股份,2019-08-02 00:00:00,2.67216,2.59216,2.67216,2.58216,8.465,0.0053,135109344,664302006.0,-5.124150855001176,2.73216
HK.00386,中国石油化工股份,2019-08-05 00:00:00,2.49216,2.47216,2.51216,2.44216,8.258,0.00453,115528208,552747818.0,-4.629343867662477,2.59216
HK.00386,中国石油化工股份,2019-08-06 00:00:00,2.38216,2.40216,2.42216,2.32216,8.137,0.00709,180937103,848058242.0,-2.831531939680291,2.47216
HK.00386,中国石油化工股份,2019-08-07 00:00:00,2.40216,2.40216,2.41216,2.32216,8.137,0.00335,85411534,400266680.0,0.0,2.40216
HK.00386,中国石油化工股份,2019-08-08 00:00:00,2.36216,2.40216,2.41216,2.36216,8.137,0.00343,87423489,411734012.0,0.0,2.40216
HK.00386,中国石油化工股份,2019-08-09 00:00:00,2.39216,2.38216,2.43216,2.33216,8.103,0.00252,64194250,301326378.0,-0.8325840077263804,2.40216
HK.00386,中国石油化工股份,2019-08-12 00:00:00,2.39216,2.35216,2.42216,2.35216,8.051,0.00152,38672232,181657274.0,-1.2593612519729913,2.38216
HK.00386,中国石油化工股份,2019-08-13 00:00:00,2.30216,2.27216,2.33216,2.25216,7.913,0.00336,85722303,393258488.0,-3.4011291748860653,2.35216
HK.00386,中国石油化工股份,2019-08-14 00:00:00,2.43216,2.32216,2.43216,2.29216,8.0,0.00372,94789088,443111456.0,2.200549257094563,2.27216
HK.00386,中国石油化工股份,2019-08-15 00:00:00,2.23216,2.31216,2.33216,2.23216,7.982,0.00333,84961057,392169232.0,-0.4306335480759202,2.32216
HK.00386,中国石油化工股份,2019-08-16 00:00:00,2.26216,2.30216,2.32216,2.25216,7.965,0.00332,84600037,389635164.0,-0.43249602103659723,2.31216
HK.00386,中国石油化工股份,2019-08-19 00:00:00,2.32216,2.35216,2.39216,2.31216,8.051,0.00307,78374166,366128426.0,2.171873371094964,2.30216
HK.00386,中国石油化工股份,2019-08-20 00:00:00,2.32216,2.40216,2.42216,2.31216,8.137,0.00408,104065013,489839462.0,2.1257057343037813,2.35216
HK.00386,中国石油化工股份,2019-08-21 00:00:00,2.35216,2.39216,2.40216,2.34216,8.12,0.00172,43878646,205903571.0,-0.41629200386318094,2.40216
HK.00386,中国石油化工股份,2019-08-22 00:00:00,2.35216,2.33216,2.38216,2.29216,8.017,0.00477,121773062,566297479.0,-2.5081934318774683,2.39216
HK.00386,中国石油化工股份,2019-08-23 00:00:00,2.34216,2.36216,2.41216,2.32216,8.068,0.00329,83892733,392917881.0,1.2863611416026262,2.33216
HK.00386,中国石油化工股份,2019-08-26 00:00:00,2.22216,2.24216,2.26216,2.17216,7.862,0.0049,124973317,566388544.0,-5.080096183154388,2.36216
HK.00386,中国石油化工股份,2019-08-27 00:00:00,2.21216,2.19216,2.25216,2.18216,7.775,0.00469,119777529,540984088.0,-2.2299925072251874,2.24216
HK.00386,中国石油化工股份,2019-08-28 00:00:00,2.20216,2.19216,2.23216,2.17216,7.775,0.00316,80721386,364318794.0,0.0,2.19216
HK.00386,中国石油化工股份,2019-08-29 00:00:00,2.16216,2.21216,2.22216,2.16216,7.81,0.00368,93813951,423145334.0,0.9123421648054896,2.19216
HK.00386,中国石油化工股份,2019-08-30 00:00:00,2.25216,2.27216,2.35216,2.23216,7.913,0.00388,98916376,456222195.0,2.712281209315784,2.21216
HK.00386,中国石油化工股份,2019-09-02 00:00:00,2.31216,2.33216,2.34216,2.26216,8.017,0.00309,78720925,364272117.0,2.6406591085134874,2.27216
HK.00386,中国石油化工股份,2019-09-03 00:00:00,2.34216,2.26216,2.34216,2.25216,7.896,0.00237,60419778,278188840.0,-3.00150933040614,2.33216
HK.00386,中国石油化工股份,2019-09-04 00:00:00,2.26216,2.34216,2.36216,2.24216,8.034,0.00537,136955312,634552276.0,3.536443045584734,2.26216
HK.00386,中国石油化工股份,2019-09-05 00:00:00,2.36216,2.41216,2.44216,2.36216,8.155,0.00428,109282616,516453055.0,2.988694196809795,2.34216
HK.00386,中国石油化工股份,2019-09-06 00:00:00,2.48543,2.45543,2.48543,2.43543,8.0,0.00314,80152432,372052866.0,1.7938279384451983,2.41216
HK.00386,中国石油化工股份,2019-09-09 00:00:00,2.49543,2.49543,2.55543,2.46543,8.068,0.00395,100717284,473039586.0,1.6290425709549872,2.45543
HK.00386,中国石油化工股份,2019-09-10 00:00:00,2.53543,2.59543,2.63543,2.53543,8.241,0.0052,132743009,635077361.0,4.007325390814413,2.49543
HK.00386,中国石油化工股份,2019-09-11 00:00:00,2.73543,2.72543,2.75543,2.67543,8.465,0.00795,202930978,996161764.0,5.008803936149304,2.59543
HK.00386,中国石油化工股份,2019-09-12 00:00:00,2.73543,2.70543,2.77543,2.70543,8.431,0.00397,101253678,497470983.0,-0.7338291572339051,2.72543
HK.00386,中国石油化工股份,2019-09-13 00:00:00,2.69543,2.76543,2.78543,2.69543,8.534,0.00384,97947136,482338620.0,2.2177620563089806,2.70543
HK.00386,中国石油化工股份,2019-09-16 00:00:00,2.93543,2.85543,2.96543,2.78543,8.689,0.00623,158881089,801458762.0,3.2544667556221025,2.76543
HK.00386,中国石油化工股份,2019-09-17 00:00:00,2.80543,2.67543,2.81543,2.64543,8.379,0.00731,186561935,911798328.0,-6.303779115579795,2.85543
HK.00386,中国石油化工股份,2019-09-18 00:00:00,2.69543,2.57543,2.70543,2.54543,8.206,0.00595,151682031,722939189.0,-3.737716927746197,2.67543
HK.00386,中国石油化工股份,2019-09-19 00:00:00,2.57543,2.55543,2.58543,2.52543,8.172,0.00267,68246602,323531040.0,-0.776569349584342,2.57543
HK.00386,中国石油化工股份,2019-09-20 00:00:00,2.59543,2.59543,2.59543,2.54543,8.241,0.00399,101892353,485757162.0,1.56529429489362,2.55543
HK.00386,中国石油化工股份,2019-09-23 00:00:00,2.53543,2.55543,2.57543,2.52543,8.172,0.00276,70329517,333506956.0,-1.5411704418920964,2.59543
HK.00386,中国石油化工股份,2019-09-24 00:00:00,2.53543,2.51543,2.56543,2.51543,8.103,0.00269,68603311,323683198.0,-1.56529429489362,2.55543
HK.00386,中国石油化工股份,2019-09-25 00:00:00,2.44543,2.48543,2.55543,2.44543,8.051,0.00286,73033843,341489678.0,-1.1926390318951354,2.51543
HK.00386,中国石油化工股份,2019-09-26 00:00:00,2.45543,2.43543,2.49543,2.41543,7.965,0.00356,90925632,420716339.0,-2.0117243293916878,2.48543
HK.00386,中国石油化工股份,2019-09-27 00:00:00,2.41543,2.41543,2.43543,2.39543,7.931,0.00186,47451643,218317114.0,-0.8212102174975268,2.43543
HK.00386,中国石油化工股份,2019-09-30 00:00:00,2.39543,2.47543,2.52543,2.39543,8.034,0.00308,78510072,366651409.0,2.484029758676493,2.41543
HK.00386,中国石油化工股份,2019-10-02 00:00:00,2.46543,2.48543,2.54543,2.44543,8.051,0.00215,54831622,256854926.0,0.4039702193154414,2.47543
HK.00386,中国石油化工股份,2019-10-03 00:00:00,2.43543,2.48543,2.51543,2.43543,8.051,0.00177,45096014,210214232.0,0.0,2.48543
HK.00386,中国石油化工股份,2019-10-04 00:00:00,2.45543,2.41543,2.47543,2.40543,7.931,0.00255,65159029,300701651.0,-2.8164140611483663,2.48543
HK.00386,中国石油化工股份,2019-10-08 00:00:00,2.36543,2.39543,2.44543,2.36543,7.896,0.00323,82431248,378882463.0,-0.828009919558837,2.41543
HK.00386,中国石油化工股份,2019-10-09 00:00:00,2.37543,2.36543,2.39543,2.35543,7.844,0.00295,75235318,343050101.0,-1.2523847492934566,2.39543
HK.00386,中国石油化工股份,2019-10-10 00:00:00,2.35543,2.36543,2.38543,2.33543,7.844,0.00271,69252326,314658283.0,0.0,2.36543
HK.00386,中国石油化工股份,2019-10-11 00:00:00,2.41543,2.50543,2.53543,2.40543,8.086,0.00406,103563837,484218083.0,5.918585627137566,2.36543
HK.00386,中国石油化工股份,2019-10-14 00:00:00,2.53543,2.51543,2.55543,2.44543,8.103,0.00301,76763423,360646927.0,0.3991330829438374,2.50543
HK.00386,中国石油化工股份,2019-10-15 00:00:00,2.47543,2.47543,2.52543,2.46543,8.034,0.00228,58196024,271780352.0,-1.5901853758601925,2.51543
HK.00386,中国石油化工股份,2019-10-16 00:00:00,2.47543,2.45543,2.47543,2.39543,8.0,0.00298,75943761,351128815.0,-0.8079404386308648,2.47543
HK.00386,中国石油化工股份,2019-10-17 00:00:00,2.42543,2.46543,2.47543,2.41543,8.017,0.00257,65497824,303811558.0,0.4072606427387558,2.45543
HK.00386,中国石油化工股份,2019-10-18 00:00:00,2.43543,2.42543,2.46543,2.39543,7.948,0.003,76439186,352466140.0,-1.6224350316172043,2.46543
HK.00386,中国石油化工股份,2019-10-21 00:00:00,2.41543,2.41543,2.43543,2.40543,7.705,0.00163,41682176,191896953.0,-0.4122980255047471,2.42543
HK.00386,中国石油化工股份,2019-10-22 00:00:00,2.39543,2.41543,2.43543,2.39543,7.705,0.00174,44338977,203864657.0,0.0,2.41543
HK.00386,中国石油化工股份,2019-10-23 00:00:00,2.36543,2.40543,2.47543,2.36543,7.688,0.00235,60029387,275629675.0,-0.41400495977942764,2.41543
HK.00386,中国石油化工股份,2019-10-24 00:00:00,2.41543,2.43543,2.45543,2.37543,7.738,0.00245,62621003,288796828.0,1.247178259188596,2.40543
HK.00386,中国石油化工股份,2019-10-25 00:00:00,2.41543,2.45543,2.48543,2.41543,7.772,0.00216,55014517,255493438.0,0.8212102174975086,2.43543
HK.00386,中国石油化工股份,2019-10-28 00:00:00,2.46543,2.50543,2.53543,2.45543,7.855,0.00218,55684027,261331262.0,2.036303213693743,2.45543
HK.00386,中国石油化工股份,2019-10-29 00:00:00,2.51543,2.48543,2.54543,2.44543,7.822,0.00263,67124215,313307988.0,-0.7982661658876925,2.50543
HK.00386,中国石油化工股份,2019-10-30 00:00:00,2.42543,2.41543,2.44543,2.37543,7.705,0.00368,93889309,431387832.0,-2.8164140611483663,2.48543
HK.00386,中国石油化工股份,2019-10-31 00:00:00,2.36543,2.31543,2.39543,2.29543,7.537,0.00597,152396242,686273600.0,-4.140049597794185,2.41543
HK.00386,中国石油化工股份,2019-11-01 00:00:00,2.26543,2.32543,2.35543,2.26543,7.554,0.00345,87973482,395933111.0,0.43188522218334335,2.31543
HK.00386,中国石油化工股份,2019-11-04 00:00:00,2.35543,2.38543,2.42543,2.33543,7.654,0.00495,126279786,578535189.0,2.5801679689347803,2.32543
HK.00386,中国石油化工股份,2019-11-05 00:00:00,2.40543,2.46543,2.48543,2.38543,7.788,0.00487,124364661,576747674.0,3.353693044859839,2.38543
HK.00386,中国石油化工股份,2019-11-06 00:00:00,2.45543,2.51543,2.53543,2.44543,7.872,0.00332,84785251,397600650.0,2.0280437895214964,2.46543
HK.00386,中国石油化工股份,2019-11-07 00:00:00,2.46543,2.50543,2.53543,2.46543,7.855,0.00336,85660173,400696894.0,-0.3975463439650393,2.51543
HK.00386,中国石油化工股份,2019-11-08 00:00:00,2.54543,2.51543,2.54543,2.49543,7.872,0.00319,81336053,382328980.0,0.3991330829438374,2.50543
HK.00386,中国石油化工股份,2019-11-11 00:00:00,2.50543,2.39543,2.51543,2.34543,7.671,0.00443,113001237,519673303.0,-4.7705561275805595,2.51543
HK.00386,中国石油化工股份,2019-11-12 00:00:00,2.37543,2.38543,2.40543,2.33543,7.654,0.0026,66267669,301868105.0,-0.417461583097825,2.39543
HK.00386,中国石油化工股份,2019-11-13 00:00:00,2.36543,2.30543,2.37543,2.26543,7.52,0.0043,109755225,492489840.0,-3.353693044859839,2.38543
HK.00386,中国石油化工股份,2019-11-14 00:00:00,2.31543,2.25543,2.31543,2.24543,7.437,0.00425,108439758,482890309.0,-2.1687928065480118,2.30543
HK.00386,中国石油化工股份,2019-11-15 00:00:00,2.29543,2.24543,2.29543,2.24543,7.42,0.00171,43678654,193878591.0,-0.4433744341433886,2.25543
HK.00386,中国石油化工股份,2019-11-18 00:00:00,2.26543,2.24543,2.28543,2.22543,7.42,0.00353,89948971,399321195.0,0.0,2.24543
HK.00386,中国石油化工股份,2019-11-19 00:00:00,2.21543,2.26543,2.28543,2.20543,7.453,0.00486,124013381,548315783.0,0.890697995484162,2.24543
HK.00386,中国石油化工股份,2019-11-20 00:00:00,2.21543,2.27543,2.29543,2.21543,7.47,0.00394,100421858,446644456.0,0.44141730267544044,2.26543
HK.00386,中国石油化工股份,2019-11-21 00:00:00,2.21543,2.23543,2.25543,2.19543,7.403,0.00434,110679150,488562839.0,-1.7579094940297013,2.27543
HK.00386,中国石油化工股份,2019-11-22 00:00:00,2.21543,2.23543,2.26543,2.21543,7.403,0.00455,115981408,512532847.0,0.0,2.23543
HK.00386,中国石油化工股份,2019-11-25 00:00:00,2.26543,2.32543,2.34543,2.25543,7.554,0.00359,91642990,412861388.0,4.0260710467337315,2.23543
HK.00386,中国石油化工股份,2019-11-26 00:00:00,2.34543,2.31543,2.36543,2.31543,7.537,0.00646,164732768,743117891.0,-0.4300279948224538,2.32543
HK.00386,中国石油化工股份,2019-11-27 00:00:00,2.32543,2.32543,2.34543,2.30543,7.554,0.0025,63910983,288238563.0,0.43188522218334335,2.31543
HK.00386,中国石油化工股份,2019-11-28 00:00:00,2.28543,2.31543,2.33543,2.28543,7.537,0.00191,48768361,219473358.0,-0.4300279948224538,2.32543
HK.00386,中国石油化工股份,2019-11-29 00:00:00,2.28543,2.20543,2.30543,2.19543,7.353,0.00383,97841292,430770359.0,-4.750737444016892,2.31543
HK.00386,中国石油化工股份,2019-12-02 00:00:00,2.22543,2.22543,2.23543,2.19543,7.386,0.00148,37651398,165849842.0,0.9068526319130519,2.20543
HK.00386,中国石油化工股份,2019-12-03 00:00:00,2.19543,2.18543,2.21543,2.14543,7.319,0.00286,72855838,318287403.0,-1.7974054452397783,2.22543
HK.00386,中国石油化工股份,2019-12-04 00:00:00,2.15543,2.14543,2.17543,2.13543,7.252,0.00313,79944192,346879998.0,-1.8303034185492113,2.18543
HK.00386,中国石油化工股份,2019-12-05 00:00:00,2.15543,2.17543,2.18543,2.13543,7.303,0.0033,84177188,366061963.0,1.3983210824869514,2.14543
HK.00386,中国石油化工股份,2019-12-06 00:00:00,2.19543,2.16543,2.21543,2.15543,7.286,0.00621,158448936,690476917.0,-0.45967923582922854,2.17543
HK.00386,中国石油化工股份,2019-12-09 00:00:00,2.16543,2.21543,2.25543,2.16543,7.37,0.00333,85024664,374606534.0,2.309010219679224,2.16543
HK.00386,中国石油化工股份,2019-12-10 00:00:00,2.18543,2.20543,2.23543,2.18543,7.353,0.00222,56540079,248779286.0,-0.4513796418754026,2.21543
HK.00386,中国石油化工股份,2019-12-11 00:00:00,2.16543,2.21543,2.24543,2.16543,7.37,0.00305,77811825,341366136.0,0.45342631595653604,2.20543
HK.00386,中国石油化工股份,2019-12-12 00:00:00,2.21543,2.25543,2.27543,2.21543,7.437,0.00241,61499218,273318079.0,1.8055185675015701,2.21543
HK.00386,中国石油化工股份,2019-12-13 00:00:00,2.31543,2.34543,2.36543,2.30543,7.587,0.0037,94311365,426266653.0,3.9903699072903995,2.25543
HK.00386,中国石油化工股份,2019-12-16 00:00:00,2.31543,2.30543,2.35543,2.29543,7.52,0.00335,85404237,384540207.0,-1.705444204261054,2.34543
HK.00386,中国石油化工股份,2019-12-17 00:00:00,2.30543,2.37543,2.40543,2.30543,7.638,0.00362,92356064,420735579.0,3.0363099291672397,2.30543
HK.00386,中国石油化工股份,2019-12-18 00:00:00,2.43543,2.40543,2.43543,2.38543,7.688,0.00334,85320163,391706630.0,1.2629292380747825,2.37543
HK.00386,中国石油化工股份,2019-12-19 00:00:00,2.38543,2.37543,2.42543,2.36543,7.638,0.00239,60898072,278042517.0,-1.2471782591885776,2.40543
HK.00386,中国石油化工股份,2019-12-20 00:00:00,2.40543,2.41543,2.42543,2.36543,7.705,0.00399,101816092,467820465.0,1.6839056507663888,2.37543
HK.00386,中国石油化工股份,2019-12-23 00:00:00,2.43543,2.43543,2.45543,2.41543,7.738,0.00292,74466022,344151340.0,0.828009919558837,2.41543
HK.00386,中国石油化工股份,2019-12-24 00:00:00,2.45543,2.43543,2.45543,2.42543,7.738,0.00072,18244560,84416183.0,0.0,2.43543
HK.00386,中国石油化工股份,2019-12-27 00:00:00,2.45543,2.50543,2.52543,2.44543,7.855,0.00275,70057729,328499925.0,2.8742357612413345,2.43543
HK.00386,中国石油化工股份,2019-12-30 00:00:00,2.52543,2.49543,2.52543,2.48543,7.839,0.00272,69412096,325256648.0,-0.3991330829438552,2.50543
HK.00386,中国石油化工股份,2019-12-31 00:00:00,2.51543,2.50543,2.51543,2.45543,7.855,0.00153,38957103,181991172.0,0.4007325390814501,2.49543
HK.00386,中国石油化工股份,2020-01-02 00:00:00,2.50543,2.51543,2.53543,2.46543,7.872,0.00284,72397123,339840592.0,0.3991330829438374,2.50543
HK.00386,中国石油化工股份,2020-01-03 00:00:00,2.54543,2.58543,2.65543,2.54543,7.989,0.00575,146580319,700698111.0,2.7828244077553457,2.51543
HK.00386,中国石油化工股份,2020-01-06 00:00:00,2.59543,2.61543,2.66543,2.58543,8.04,0.00475,121101800,582803193.0,1.1603485687100328,2.58543
HK.00386,中国石油化工股份,2020-01-07 00:00:00,2.63543,2.59543,2.63543,2.56543,8.006,0.00321,82009961,392429027.0,-0.7646926126870158,2.61543
HK.00386,中国石油化工股份,2020-01-08 00:00:00,2.62543,2.55543,2.62543,2.52543,7.939,0.00439,112087671,531788022.0,-1.5411704418920964,2.59543
HK.00386,中国石油化工股份,2020-01-09 00:00:00,2.57543,2.58543,2.59543,2.53543,7.989,0.00248,63172984,300409305.0,1.1739707211702237,2.55543
HK.00386,中国石油化工股份,2020-01-10 00:00:00,2.57543,2.56543,2.59543,2.54543,7.956,0.0024,61234582,290583525.0,-0.7735657124733609,2.58543
HK.00386,中国石油化工股份,2020-01-13 00:00:00,2.58543,2.55543,2.60543,2.50543,7.939,0.00327,83425895,394586074.0,-0.3897982014711074,2.56543
HK.00386,中国石油化工股份,2020-01-14 00:00:00,2.61543,2.50543,2.61543,2.47543,7.855,0.00452,115441051,542604438.0,-1.9566178686170166,2.55543
HK.00386,中国石油化工股份,2020-01-15 00:00:00,2.47543,2.48543,2.50543,2.45543,7.822,0.00259,66036525,308156236.0,-0.7982661658876925,2.50543
HK.00386,中国石油化工股份,2020-01-16 00:00:00,2.51543,2.50543,2.54543,2.49543,7.855,0.00317,80916902,380582966.0,0.8046897317566786,2.48543
HK.00386,中国石油化工股份,2020-01-17 00:00:00,2.51543,2.53543,2.54543,2.48543,7.906,0.00226,57765371,271443197.0,1.1973992488315301,2.50543
HK.00386,中国石油化工股份,2020-01-20 00:00:00,2.55543,2.51543,2.56543,2.50543,7.872,0.00311,79285690,373829066.0,-0.7888208311805105,2.53543
HK.00386,中国石油化工股份,2020-01-21 00:00:00,2.49543,2.38543,2.51543,2.36543,7.654,0.00474,120856518,555804375.0,-5.168102471545617,2.51543
HK.00386,中国石油化工股份,2020-01-22 00:00:00,2.36543,2.38543,2.40543,2.32543,7.654,0.00314,80073667,365276941.0,0.0,2.38543
HK.00386,中国石油化工股份,2020-01-23 00:00:00,2.33543,2.29543,2.35543,2.27543,7.504,0.00414,105747751,474904382.0,-3.7729046754673106,2.38543
HK.00386,中国石油化工股份,2020-01-24 00:00:00,2.28543,2.29543,2.30543,2.26543,7.504,0.00156,39730234,177613056.0,0.0,2.29543
HK.00386,中国石油化工股份,2020-01-29 00:00:00,2.13543,2.14543,2.16543,2.07543,7.252,0.00645,164684127,711597237.0,-6.534723341596124,2.29543
HK.00386,中国石油化工股份,2020-01-30 00:00:00,2.07543,2.04543,2.11543,2.00543,7.085,0.00591,150805450,639755458.0,-4.661070274956539,2.14543
HK.00386,中国石油化工股份,2020-01-31 00:00:00,2.04543,1.94543,2.05543,1.93543,6.917,0.00633,161477299,672309065.0,-4.888947556259568,2.04543
HK.00386,中国石油化工股份,2020-02-03 00:00:00,1.875429999,1.88543,1.97543,1.86543,6.817,0.00513,130974016,536005690.0,-3.0841510617190058,1.94543
HK.00386,中国石油化工股份,2020-02-04 00:00:00,1.85543,1.915429999,1.93543,1.85543,6.867,0.00563,143547578,586511083.0,1.5911489156319867,1.88543
HK.00386,中国石油化工股份,2020-02-05 00:00:00,1.92543,1.93543,1.98543,1.875429999,6.901,0.00538,137368351,565192432.0,1.0441520186298323,1.915429999
HK.00386,中国石油化工股份,2020-02-06 00:00:00,2.01543,2.085429999,2.12543,1.995429999,7.152,0.00609,155337088,662104897.0,7.75021566266928,1.93543
HK.00386,中国石油化工股份,2020-02-07 00:00:00,2.01543,2.02543,2.06543,1.995429999,7.051,0.0035,89410133,376111077.0,-2.8771044354771442,2.085429999
HK.00386,中国石油化工股份,2020-02-10 00:00:00,1.995429999,2.01543,2.06543,1.97543,7.035,0.00377,96072644,404086839.0,-0.4937223206924076,2.02543
HK.00386,中国石油化工股份,2020-02-11 00:00:00,2.06543,2.035429999,2.10543,2.02543,7.068,0.00442,112867367,479701498.0,0.9923440159172178,2.01543
HK.00386,中国石油化工股份,2020-02-12 00:00:00,2.035429999,2.07543,2.10543,2.035429999,7.135,0.00361,91984833,392240228.0,1.9651867673981194,2.035429999
HK.00386,中国石油化工股份,2020-02-13 00:00:00,2.07543,2.02543,2.09543,2.01543,7.051,0.0048,122524980,517538011.0,-2.409139310889783,2.07543
HK.00386,中国石油化工股份,2020-02-14 00:00:00,2.01543,2.02543,2.05543,2.01543,7.051,0.00251,64158005,270920612.0,0.0,2.02543
HK.00386,中国石油化工股份,2020-02-17 00:00:00,2.06543,2.085429999,2.10543,2.035429999,7.152,0.00339,86436625,369502481.0,2.9623338747821437,2.02543
HK.00386,中国石油化工股份,2020-02-18 00:00:00,2.05543,2.035429999,2.085429999,2.01543,7.068,0.00365,93103532,393740151.0,-2.3975870695240644,2.085429999
HK.00386,中国石油化工股份,2020-02-19 00:00:00,2.01543,2.04543,2.06543,2.01543,7.085,0.00227,58014523,245573554.0,0.4912967286967784,2.035429999
HK.00386,中国石油化工股份,2020-02-20 00:00:00,2.09543,2.04543,2.09543,2.02543,7.085,0.00331,84570434,357728643.0,0.0,2.04543
HK.00386,中国石油化工股份,2020-02-21 00:00:00,2.02543,2.02543,2.05543,2.01543,7.051,0.00365,93155587,393160208.0,-0.9777895112519136,2.04543
HK.00386,中国石油化工股份,2020-02-24 00:00:00,2.01543,1.93543,2.01543,1.92543,6.901,0.00406,103509251,428332110.0,-4.443500886231569,2.02543
HK.00386,中国石油化工股份,2020-02-25 00:00:00,1.915429999,1.90543,1.93543,1.88543,6.85,0.00434,110667210,452244831.0,-1.550043142867478,1.93543
HK.00386,中国石油化工股份,2020-02-26 00:00:00,1.85543,1.86543,1.92543,1.81543,6.783,0.00557,142195736,576821821.0,-2.0992636832630973,1.90543
HK.00386,中国石油化工股份,2020-02-27 00:00:00,1.86543,1.915429999,1.94543,1.835429999,6.867,0.00451,115074164,469731311.0,2.680347104957044,1.86543
HK.00386,中国石油化工股份,2020-02-28 00:00:00,1.84543,1.835429999,1.88543,1.81543,6.733,0.0081,206758164,831804626.0,-4.176607865688966,1.915429999
HK.00386,中国石油化工股份,2020-03-02 00:00:00,1.835429999,1.88543,1.93543,1.835429999,6.817,0.00527,134422908,547978138.0,2.7241573379121773,1.835429999
HK.00386,中国石油化工股份,2020-03-03 00:00:00,1.88543,1.86543,1.915429999,1.85543,6.783,0.0054,137745316,559315636.0,-1.0607659791135189,1.88543
HK.00386,中国石油化工股份,2020-03-04 00:00:00,1.85543,1.835429999,1.875429999,1.82543,6.733,0.0034,86691399,349523948.0,-1.6082083487453234,1.86543
HK.00386,中国石油化工股份,2020-03-05 00:00:00,1.81543,1.82543,1.84543,1.80543,6.716,0.01034,263827718,1058441596.0,-0.5448314022026577,1.835429999
HK.00386,中国石油化工股份,2020-03-06 00:00:00,1.75543,1.74543,1.80543,1.74543,6.582,0.01035,264148317,1044655768.0,-4.382529047950349,1.82543
HK.00386,中国石油化工股份,2020-03-09 00:00:00,1.45543,1.63543,1.65543,1.42543,6.398,0.0178,454262868,1708980828.0,-6.302171957626493,1.74543
HK.00386,中国石油化工股份,2020-03-10 00:00:00,1.64543,1.67543,1.74543,1.64543,6.465,0.01039,265131043,1028422998.0,2.445839932005652,1.63543
HK.00386,中国石油化工股份,2020-03-11 00:00:00,1.67543,1.64543,1.70543,1.64543,6.415,0.00575,146734389,565605921.0,-1.790585103525664,1.67543
HK.00386,中国石油化工股份,2020-03-12 00:00:00,1.53543,1.48543,1.55543,1.43543,6.147,0.01206,307588689,1132041883.0,-9.723901958758496,1.64543
HK.00386,中国石油化工股份,2020-03-13 00:00:00,1.26543,1.50543,1.53543,1.23543,6.18,0.01502,383125418,1369135699.0,1.3464114768114295,1.48543
HK.00386,中国石油化工股份,2020-03-16 00:00:00,1.42543,1.53543,1.70543,1.42543,6.231,0.01364,348053591,1306353193.0,1.9927861142663574,1.50543
HK.00386,中国石油化工股份,2020-03-17 00:00:00,1.48543,1.53543,1.65543,1.43543,6.231,0.01082,276002942,1020941352.0,0.0,1.53543
HK.00386,中国石油化工股份,2020-03-18 00:00:00,1.48543,1.27543,1.49543,1.25543,5.795,0.01185,302294553,1069403387.0,-16.933367200067735,1.53543
HK.00386,中国石油化工股份,2020-03-19 00:00:00,1.23543,1.01543,1.30543,1.01543,5.36,0.01754,447570256,1463948836.0,-20.38528182652125,1.27543
HK.00386,中国石油化工股份,2020-03-20 00:00:00,1.09543,1.31543,1.35543,1.09543,5.862,0.00991,252831309,864931107.0,29.54413401219188,1.01543
HK.00386,中国石油化工股份,2020-03-23 00:00:00,1.09543,1.20543,1.27543,1.09543,5.678,0.00779,198802407,671730815.0,-8.36228457614621,1.31543
HK.00386,中国石油化工股份,2020-03-24 00:00:00,1.31543,1.23543,1.35543,1.22543,5.728,0.01044,266464526,918917665.0,2.4887384584754013,1.20543
HK.00386,中国石油化工股份,2020-03-25 00:00:00,1.33543,1.46543,1.50543,1.33543,6.113,0.0118,301164324,1079199577.0,18.61699974907522,1.23543
HK.00386,中国石油化工股份,2020-03-26 00:00:00,1.42543,1.42543,1.50543,1.39543,6.046,0.0055,140249004,509892405.0,-2.7295742546556325,1.46543
HK.00386,中国石油化工股份,2020-03-27 00:00:00,1.46543,1.45543,1.49543,1.42543,6.097,0.00389,99142787,361075932.0,2.104628077141636,1.42543
HK.00386,中国石油化工股份,2020-03-30 00:00:00,1.36543,1.49543,1.55543,1.35543,6.164,0.00611,155784754,569841561.0,2.748328672625962,1.45543
HK.00386,中国石油化工股份,2020-03-31 00:00:00,1.55543,1.63543,1.64543,1.51543,7.304,0.00801,204468151,770218880.0,9.36185578729863,1.49543
HK.00386,中国石油化工股份,2020-04-01 00:00:00,1.55543,1.54543,1.64543,1.53543,7.131,0.00589,150316953,567328297.0,-5.5031398470127035,1.63543
HK.00386,中国石油化工股份,2020-04-02 00:00:00,1.49543,1.875429999,1.955429999,1.47543,7.762,0.01547,394777455,1572115281.0,21.35328025209812,1.54543
HK.00386,中国石油化工股份,2020-04-03 00:00:00,1.88543,1.74543,1.90543,1.69543,7.514,0.00781,199221701,786866467.0,-6.931743603830453,1.875429999
HK.00386,中国石油化工股份,2020-04-06 00:00:00,1.78543,1.82543,1.85543,1.68543,7.667,0.00448,114219434,454256103.0,4.5833977873647225,1.74543
HK.00386,中国石油化工股份,2020-04-07 00:00:00,1.82543,1.84543,1.875429999,1.71543,7.705,0.00803,204865352,814198852.0,1.0956322619875754,1.82543
HK.00386,中国石油化工股份,2020-04-08 00:00:00,1.84543,1.76543,1.85543,1.74543,7.552,0.00465,118616712,470344064.0,-4.33503302753287,1.84543
HK.00386,中国石油化工股份,2020-04-09 00:00:00,1.78543,1.82543,1.82543,1.77543,7.667,0.00373,95249611,379599159.0,3.3986054389015736,1.76543
HK.00386,中国石油化工股份,2020-04-14 00:00:00,1.81543,1.85543,1.85543,1.76543,7.724,0.00628,160271653,643371152.0,1.6434483929813688,1.82543
HK.00386,中国石油化工股份,2020-04-15 00:00:00,1.80543,1.69543,1.85543,1.67543,7.418,0.00506,129106379,509211617.0,-8.623337986342785,1.85543
HK.00386,中国石油化工股份,2020-04-16 00:00:00,1.66543,1.69543,1.73543,1.62543,7.432,0.00428,109258577,422895033.0,0.0,1.69543
HK.00386,中国石油化工股份,2020-04-17 00:00:00,1.73543,1.68543,1.77543,1.66543,7.413,0.0044,112340122,438927126.0,-0.589820871401356,1.69543
HK.00386,中国石油化工股份,2020-04-20 00:00:00,1.65543,1.70543,1.78543,1.65543,7.452,0.00373,95050709,372080472.0,1.1866407978972735,1.68543
HK.00386,中国石油化工股份,2020-04-21 00:00:00,1.67543,1.60543,1.69543,1.53543,7.26,0.00637,162642536,614961840.0,-5.863623836803627,1.70543
HK.00386,中国石油化工股份,2020-04-22 00:00:00,1.55543,1.57543,1.59543,1.51543,7.203,0.00418,106735259,399838483.0,-1.8686582410942743,1.60543
HK.00386,中国石油化工股份,2020-04-23 00:00:00,1.64543,1.59543,1.68543,1.57543,7.241,0.00376,96025304,364742860.0,1.269494677643551,1.57543
HK.00386,中国石油化工股份,2020-04-24 00:00:00,1.53543,1.55543,1.59543,1.53543,7.164,0.00362,92281246,345832944.0,-2.5071610788314005,1.59543
HK.00386,中国石油化工股份,2020-04-27 00:00:00,1.56543,1.60543,1.63543,1.56543,7.26,0.00403,102842279,388466046.0,3.2145451740033186,1.55543
HK.00386,中国石油化工股份,2020-04-28 00:00:00,1.62543,1.66543,1.67543,1.57543,7.375,0.00377,96066890,367334602.0,3.737316482188576,1.60543
HK.00386,中国石油化工股份,2020-04-29 00:00:00,1.71543,1.73543,1.76543,1.69543,7.509,0.00468,119455106,467383112.0,4.203118714085856,1.66543
HK.00386,中国石油化工股份,2020-05-04 00:00:00,1.58543,1.40543,1.60543,1.37543,6.877,0.00884,225660732,814935345.0,-19.015460145324216,1.73543
HK.00386,中国石油化工股份,2020-05-05 00:00:00,1.44543,1.46543,1.49543,1.38543,6.992,0.00311,79271412,287547507.0,4.269156058999741,1.40543
HK.00386,中国石油化工股份,2020-05-06 00:00:00,1.43543,1.49543,1.53543,1.43543,7.049,0.00597,152252444,561107992.0,2.0471806909917243,1.46543
HK.00386,中国石油化工股份,2020-05-07 00:00:00,1.50543,1.49543,1.50543,1.43543,7.049,0.00269,68609349,250927574.0,0.0,1.49543
HK.00386,中国石油化工股份,2020-05-08 00:00:00,1.48543,1.51543,1.53543,1.46543,7.088,0.00478,121950813,449680639.0,1.3374079696140921,1.49543
HK.00386,中国石油化工股份,2020-05-11 00:00:00,1.56543,1.57543,1.64543,1.54543,7.203,0.00388,98878995,374023811.0,3.9592722857538822,1.51543
HK.00386,中国石油化工股份,2020-05-12 00:00:00,1.56543,1.46543,1.56543,1.46543,6.992,0.00351,89649798,329131188.0,-6.982220727039608,1.57543
HK.00386,中国石油化工股份,2020-05-13 00:00:00,1.45543,1.47543,1.49543,1.43543,7.011,0.00308,78702994,287730754.0,0.6823935636639081,1.46543
HK.00386,中国石油化工股份,2020-05-14 00:00:00,1.41543,1.37543,1.43543,1.36543,6.819,0.00472,120430352,430934425.0,-6.777685149414076,1.47543
HK.00386,中国石油化工股份,2020-05-15 00:00:00,1.39543,1.33543,1.42543,1.32543,6.743,0.00423,108025835,381915499.0,-2.908181441440134,1.37543
HK.00386,中国石油化工股份,2020-05-18 00:00:00,1.35543,1.47543,1.49543,1.35543,7.011,0.00635,162019761,589011530.0,10.48351467317644,1.33543
HK.00386,中国石油化工股份,2020-05-19 00:00:00,1.59543,1.57543,1.63543,1.54543,7.203,0.00472,120331864,453871049.0,6.777685149414076,1.47543
HK.00386,中国石油化工股份,2020-05-20 00:00:00,1.56543,1.52543,1.57543,1.49543,7.107,0.00322,82217852,305013296.0,-3.1737366941089125,1.57543
HK.00386,中国石油化工股份,2020-05-21 00:00:00,1.52543,1.49543,1.57543,1.47543,7.049,0.00356,90909262,335983132.0,-1.9666585815147222,1.52543
HK.00386,中国石油化工股份,2020-05-22 00:00:00,1.39543,1.29543,1.42543,1.28543,6.666,0.00928,236745005,831020957.0,-13.374079696140907,1.49543
HK.00386,中国石油化工股份,2020-05-25 00:00:00,1.25543,1.29543,1.32543,1.22543,6.666,0.00525,133911188,465413566.0,0.0,1.29543
HK.00386,中国石油化工股份,2020-05-26 00:00:00,1.35543,1.33543,1.36543,1.31543,6.743,0.00417,106337828,375655624.0,3.087777803509245,1.29543
HK.00386,中国石油化工股份,2020-05-27 00:00:00,1.35543,1.35543,1.39543,1.33543,6.781,0.00393,100272681,355775695.0,1.49764495331092,1.33543
HK.00386,中国石油化工股份,2020-05-28 00:00:00,1.33543,1.41543,1.43543,1.33543,6.896,0.00652,166310378,595090982.0,4.426639516610969,1.35543
HK.00386,中国石油化工股份,2020-05-29 00:00:00,1.36543,1.40543,1.44543,1.36543,6.877,0.01259,321097505,1155951042.0,-0.7064990850836854,1.41543
HK.00386,中国石油化工股份,2020-06-01 00:00:00,1.47459,1.49459,1.52459,1.42459,6.647,0.00499,127235759,441356046.0,6.343965903673618,1.40543
HK.00386,中国石油化工股份,2020-06-02 00:00:00,1.45459,1.46459,1.50459,1.41459,6.59,0.00476,121376409,415353712.0,-2.007239443593228,1.49459
HK.00386,中国石油化工股份,2020-06-03 00:00:00,1.52459,1.58459,1.61459,1.51459,6.819,0.00758,193398013,688350931.0,8.193419318717176,1.46459
HK.00386,中国石油化工股份,2020-06-04 00:00:00,1.65459,1.55459,1.65459,1.53459,6.762,0.00382,97556268,345812185.0,-1.8932342120043688,1.58459
HK.00386,中国石油化工股份,2020-06-05 00:00:00,1.56459,1.61459,1.62459,1.52459,6.877,0.00337,85917975,305152735.0,3.8595385278433576,1.55459
HK.00386,中国石油化工股份,2020-06-08 00:00:00,1.67459,1.62459,1.70459,1.61459,6.896,0.00388,99110072,360143265.0,0.619352281384129,1.61459
HK.00386,中国石油化工股份,2020-06-09 00:00:00,1.66459,1.70459,1.74459,1.65459,7.049,0.00691,176333967,649355491.0,4.924319366732534,1.62459
HK.00386,中国石油化工股份,2020-06-10 00:00:00,1.74459,1.63459,1.74459,1.62459,6.915,0.00433,110371307,401624600.0,-4.106559348582361,1.70459
HK.00386,中国石油化工股份,2020-06-11 00:00:00,1.60459,1.53459,1.62459,1.52459,6.724,0.00419,106856405,377970772.0,-6.117742063759113,1.63459
HK.00386,中国石油化工股份,2020-06-12 00:00:00,1.42459,1.43459,1.46459,1.41459,6.532,0.00436,111157366,379483881.0,-6.51639851686769,1.53459
HK.00386,中国石油化工股份,2020-06-15 00:00:00,1.40459,1.36459,1.44459,1.33459,6.398,0.00464,118392684,397564875.0,-4.879442907032676,1.43459
HK.00386,中国石油化工股份,2020-06-16 00:00:00,1.41459,1.45459,1.47459,1.41459,6.57,0.00352,89708469,307740174.0,6.595387625587179,1.36459
HK.00386,中国石油化工股份,2020-06-17 00:00:00,1.42459,1.46459,1.49459,1.41459,6.59,0.00168,42809527,146954914.0,0.6874789459572807,1.45459
HK.00386,中国石油化工股份,2020-06-18 00:00:00,1.43459,1.43459,1.47459,1.40459,6.532,0.00322,82245610,280685109.0,-2.0483548296792975,1.46459
HK.00386,中国石油化工股份,2020-06-19 00:00:00,1.41459,1.45459,1.46459,1.38459,6.57,0.00517,132016348,450526277.0,1.3941265448664788,1.43459
HK.00386,中国石油化工股份,2020-06-22 00:00:00,1.42459,1.41459,1.47459,1.39459,6.494,0.00401,102243514,347898585.0,-2.7499157838291226,1.45459
HK.00386,中国石油化工股份,2020-06-23 00:00:00,1.40459,1.40459,1.42459,1.34459,6.475,0.00497,126692267,425054434.0,-0.7069186124601481,1.41459
HK.00386,中国石油化工股份,2020-06-24 00:00:00,1.42459,1.35459,1.43459,1.34459,6.379,0.00419,106939952,358068330.0,-3.5597576516990754,1.40459
HK.00386,中国石油化工股份,2020-06-26 00:00:00,1.34459,1.30459,1.37459,1.29459,6.283,0.005,127589821,422024312.0,-3.6911537808488206,1.35459
HK.00386,中国石油化工股份,2020-06-29 00:00:00,1.31459,1.29459,1.34459,1.25459,6.264,0.00583,148738116,485501989.0,-0.7665243486459355,1.30459
HK.00386,中国石油化工股份,2020-06-30 00:00:00,1.33459,1.25459,1.34459,1.25459,6.187,0.00409,104394004,339194610.0,-3.0897813207270115,1.29459
HK.00386,中国石油化工股份,2020-07-02 00:00:00,1.29459,1.34459,1.36459,1.28459,6.36,0.00631,160959512,532023290.0,7.173658326624623,1.25459
HK.00386,中国石油化工股份,2020-07-03 00:00:00,1.37459,1.40459,1.43459,1.36459,6.475,0.00428,109247102,369854684.0,4.462326805940848,1.34459
HK.00386,中国石油化工股份,2020-07-06 00:00:00,1.44459,1.51459,1.57459,1.43459,6.685,0.00958,244531575,854191132.0,7.831466833737966,1.40459
HK.00386,中国石油化工股份,2020-07-07 00:00:00,1.55459,1.44459,1.62459,1.42459,6.551,0.00834,212677807,740646362.0,-4.621712806766191,1.51459
HK.00386,中国石油化工股份,2020-07-08 00:00:00,1.42459,1.46459,1.48459,1.40459,6.59,0.00453,115555911,394833211.0,1.384475872046741,1.44459
HK.00386,中国石油化工股份,2020-07-09 00:00:00,1.49459,1.51459,1.57459,1.48459,6.685,0.00554,141348123,495834846.0,3.4139247161321626,1.46459
HK.00386,中国石油化工股份,2020-07-10 00:00:00,1.45459,1.43459,1.49459,1.40459,6.532,0.00379,96672452,330905418.0,-5.281957493447075,1.51459
HK.00386,中国石油化工股份,2020-07-13 00:00:00,1.46459,1.44459,1.49459,1.42459,6.551,0.00424,108122804,371133000.0,0.6970632724332394,1.43459
HK.00386,中国石油化工股份,2020-07-14 00:00:00,1.43459,1.39459,1.44459,1.36459,6.455,0.00402,102520611,344897070.0,-3.461189680116853,1.44459
HK.00386,中国石油化工股份,2020-07-15 00:00:00,1.44459,1.38459,1.44459,1.34459,6.436,0.00325,82833742,277519904.0,-0.7170566259617529,1.39459
HK.00386,中国石油化工股份,2020-07-16 00:00:00,1.40459,1.34459,1.40459,1.32459,6.36,0.00393,100333700,334000906.0,-2.88894185282286,1.38459
HK.00386,中国石油化工股份,2020-07-17 00:00:00,1.37459,1.31459,1.38459,1.28459,6.302,0.00417,106336026,349671388.0,-2.231163402970424,1.34459
HK.00386,中国石油化工股份,2020-07-20 00:00:00,1.31459,1.33459,1.37459,1.29459,6.34,0.00344,87814866,290205068.0,1.5213868962946635,1.31459
HK.00386,中国石油化工股份,2020-07-21 00:00:00,1.34459,1.34459,1.35459,1.31459,6.36,0.00456,116360708,384716981.0,0.749293790602358,1.33459
HK.00386,中国石油化工股份,2020-07-22 00:00:00,1.37459,1.49459,1.53459,1.36459,6.647,0.01371,349836172,1210695220.0,11.15581701485212,1.34459
HK.00386,中国石油化工股份,2020-07-23 00:00:00,1.48459,1.47459,1.50459,1.42459,6.609,0.00643,163979632,562993171.0,-1.3381596290621518,1.49459
HK.00386,中国石油化工股份,2020-07-24 00:00:00,1.54459,1.47459,1.55459,1.42459,6.609,0.00707,180285155,620874539.0,0.0,1.47459
HK.00386,中国石油化工股份,2020-07-27 00:00:00,1.52459,1.49459,1.53459,1.43459,6.647,0.00399,101925501,351939758.0,1.35630921137401,1.47459
HK.00386,中国石油化工股份,2020-07-28 00:00:00,1.52459,1.46459,1.52459,1.45459,6.59,0.00243,61932545,213545418.0,-2.007239443593228,1.49459
HK.00386,中国石油化工股份,2020-07-29 00:00:00,1.47459,1.44459,1.48459,1.42459,6.551,0.00247,63100648,215708371.0,-1.3655698864528651,1.46459
HK.00386,中国石油化工股份,2020-07-30 00:00:00,1.43459,1.42459,1.46459,1.41459,6.513,0.00268,68379036,233188130.0,-1.384475872046741,1.44459
HK.00386,中国石油化工股份,2020-07-31 00:00:00,1.42459,1.34459,1.43459,1.34459,6.36,0.00497,126760506,423787527.0,-5.61565081883209,1.42459
HK.00386,中国石油化工股份,2020-08-03 00:00:00,1.32459,1.33459,1.37459,1.31459,6.34,0.00528,134789540,446868894.0,-0.7437211343234748,1.34459
HK.00386,中国石油化工股份,2020-08-04 00:00:00,1.35459,1.37459,1.39459,1.34459,6.417,0.00637,162471954,543786127.0,2.997175162409432,1.33459
HK.00386,中国石油化工股份,2020-08-05 00:00:00,1.37459,1.45459,1.47459,1.37459,6.57,0.00448,114209388,390011083.0,5.819917211677669,1.37459
HK.00386,中国石油化工股份,2020-08-06 00:00:00,1.48459,1.50459,1.55459,1.46459,6.666,0.00703,179417069,624524170.0,3.4373947297864036,1.45459
HK.00386,中国石油化工股份,2020-08-07 00:00:00,1.50459,1.46459,1.51459,1.45459,6.59,0.00332,84780957,292680288.0,-2.658531560092785,1.50459
HK.00386,中国石油化工股份,2020-08-10 00:00:00,1.45459,1.43459,1.46459,1.42459,6.532,0.00265,67636742,231232618.0,-2.0483548296792975,1.46459
HK.00386,中国石油化工股份,2020-08-11 00:00:00,1.46459,1.49459,1.50459,1.45459,6.647,0.00316,80592072,278837382.0,4.182379634599436,1.43459
HK.00386,中国石油化工股份,2020-08-12 00:00:00,1.45459,1.48459,1.50459,1.44459,6.628,0.00241,61432126,212002666.0,-0.6690798145310759,1.49459
HK.00386,中国石油化工股份,2020-08-13 00:00:00,1.51459,1.49459,1.55459,1.47459,6.647,0.00375,95695122,332698202.0,0.673586646818314,1.48459
HK.00386,中国石油化工股份,2020-08-14 00:00:00,1.46459,1.50459,1.52459,1.46459,6.666,0.00346,88244018,306757965.0,0.6690798145310759,1.49459
HK.00386,中国石油化工股份,2020-08-17 00:00:00,1.50459,1.63459,1.65459,1.50459,6.915,0.00827,211105120,755955552.0,8.640227570301537,1.50459
HK.00386,中国石油化工股份,2020-08-18 00:00:00,1.64459,1.57459,1.64459,1.55459,6.8,0.0051,130189544,463389599.0,-3.670645238255468,1.63459
HK.00386,中国石油化工股份,2020-08-19 00:00:00,1.57459,1.55459,1.59459,1.54459,6.762,0.00207,52879024,187030431.0,-1.2701719177690713,1.57459
HK.00386,中国石油化工股份,2020-08-20 00:00:00,1.54459,1.51459,1.54459,1.47459,6.685,0.00621,158509962,551944958.0,-2.573025685228891,1.55459
HK.00386,中国石油化工股份,2020-08-21 00:00:00,1.52459,1.54459,1.57459,1.51459,6.743,0.0022,56091037,197633104.0,1.9807340600426389,1.51459
HK.00386,中国石油化工股份,2020-08-24 00:00:00,1.57459,1.58459,1.60459,1.55459,6.819,0.00302,76991775,274179486.0,2.5896839938106577,1.54459
HK.00386,中国石油化工股份,2020-08-25 00:00:00,1.58459,1.57459,1.59459,1.53459,6.8,0.0028,71563861,252814703.0,-0.6310780706681229,1.58459
HK.00386,中国石油化工股份,2020-08-26 00:00:00,1.55459,1.60459,1.64459,1.55459,6.858,0.00355,90591691,324748165.0,1.9052578766536068,1.57459
HK.00386,中国石油化工股份,2020-08-27 00:00:00,1.60459,1.51459,1.63459,1.50459,6.685,0.00622,158612615,556753063.0,-5.608909441041004,1.60459
HK.00386,中国石油化工股份,2020-08-28 00:00:00,1.49459,1.51459,1.57459,1.49459,6.685,0.00389,99309992,348556359.0,0.0,1.51459
HK.00386,中国石油化工股份,2020-08-31 00:00:00,1.49459,1.60459,1.67459,1.49459,6.858,0.01261,321668156,1160498524.0,5.942202180127945,1.51459
HK.00386,中国石油化工股份,2020-09-01 00:00:00,1.59459,1.53459,1.60459,1.51459,6.724,0.00535,136613107,483772774.0,-4.362485120809681,1.60459
HK.00386,中国石油化工股份,2020-09-02 00:00:00,1.49459,1.50459,1.53459,1.47459,6.666,0.00391,99861449,347102130.0,-1.9549195550602967,1.53459
HK.00386,中国石油化工股份,2020-09-03 00:00:00,1.47459,1.44459,1.50459,1.43459,6.551,0.0043,109752743,376812339.0,-3.9877973401391773,1.50459
HK.00386,中国石油化工股份,2020-09-04 00:00:00,1.42459,1.45459,1.48459,1.39459,6.57,0.0077,196409652,672516628.0,0.6922379360233705,1.44459
HK.00386,中国石油化工股份,2020-09-07 00:00:00,1.49459,1.53459,1.55459,1.45459,6.724,0.00328,83687343,292614822.0,5.499831567658229,1.45459
HK.00386,中国石油化工股份,2020-09-08 00:00:00,1.53459,1.50459,1.56459,1.50459,6.666,0.00308,78614682,275127321.0,-1.9549195550602967,1.53459
HK.00386,中国石油化工股份,2020-09-09 00:00:00,1.48459,1.44459,1.48459,1.40459,6.551,0.00486,123884846,422405225.0,-3.9877973401391773,1.50459
HK.00386,中国石油化工股份,2020-09-10 00:00:00,1.42459,1.43459,1.46459,1.42459,6.532,0.00244,62158803,212603569.0,-0.6922379360233705,1.44459
HK.00386,中国石油化工股份,2020-09-11 00:00:00,1.43459,1.41459,1.43459,1.39459,6.494,0.00267,68052594,230381772.0,-1.3941265448664788,1.43459
HK.00386,中国石油化工股份,2020-09-14 00:00:00,1.41459,1.39459,1.41459,1.39459,6.455,0.00178,45437787,153538686.0,-1.4138372249202962,1.41459
HK.00386,中国石油化工股份,2020-09-15 00:00:00,1.38459,1.38459,1.40459,1.37459,6.436,0.00308,78526753,264172657.0,-0.7170566259617529,1.39459
HK.00386,中国石油化工股份,2020-09-16 00:00:00,1.42459,1.37459,1.42459,1.36459,6.417,0.00254,64755690,217338301.0,-0.722235463205715,1.38459
HK.00386,中国石油化工股份,2020-09-17 00:00:00,1.40459,1.36459,1.46459,1.36459,6.398,0.00421,107509232,363100683.0,-0.7274896514597087,1.37459
HK.00386,中国石油化工股份,2020-09-18 00:00:00,1.39459,1.35459,1.40459,1.35459,6.379,0.00471,120292665,401728502.0,-0.7328208472874643,1.36459
HK.00386,中国石油化工股份,2020-09-21 00:00:00,1.35459,1.31459,1.40459,1.31459,6.302,0.00288,73475384,244280150.0,-2.9529230246790568,1.35459
HK.00386,中国石油化工股份,2020-09-22 00:00:00,1.30459,1.24459,1.30459,1.24459,6.168,0.00468,119501683,387110364.0,-5.3248541370313065,1.31459
HK.00386,中国石油化工股份,2020-09-23 00:00:00,1.23459,1.18459,1.24459,1.18459,6.053,0.00445,113466903,360701594.0,-4.8208647024321305,1.24459
HK.00386,中国石油化工股份,2020-09-24 00:00:00,1.18459,1.11459,1.18459,1.10459,5.919,0.00439,111988824,347310527.0,-5.909217535180954,1.18459
HK.00386,中国石油化工股份,2020-09-25 00:00:00,1.13459,1.16459,1.18459,1.12459,6.015,0.00324,82721605,258786962.0,4.485954476533976,1.11459
HK.00386,中国石油化工股份,2020-09-28 00:00:00,1.13459,1.16459,1.17459,1.10459,6.015,0.00176,44822422,140022767.0,0.0,1.16459
HK.00386,中国石油化工股份,2020-09-29 00:00:00,1.13459,1.14459,1.17459,1.11459,5.977,0.00231,58975212,183614098.0,-1.717342584085388,1.16459
HK.00386,中国石油化工股份,2020-09-30 00:00:00,1.14459,1.13459,1.17459,1.11459,5.957,0.00198,50613214,157831000.0,-0.8736752898417781,1.14459
HK.00386,中国石油化工股份,2020-10-05 00:00:00,1.13459,1.13459,1.15459,1.07459,5.957,0.0029,73942400,229462879.0,0.0,1.13459
HK.00386,中国石油化工股份,2020-10-06 00:00:00,1.14459,1.19459,1.22459,1.14459,6.072,0.00206,52672407,167262685.0,5.288253906697578,1.13459
HK.00386,中国石油化工股份,2020-10-07 00:00:00,1.19459,1.20459,1.23459,1.18459,6.091,0.0016,40877130,130261462.0,0.8371072920416217,1.19459
HK.00386,中国石油化工股份,2020-10-08 00:00:00,1.21459,1.19459,1.22459,1.17459,6.072,0.00144,36734066,116752416.0,-0.8301579790634164,1.20459
HK.00386,中国石油化工股份,2020-10-09 00:00:00,1.23459,1.19459,1.24459,1.19459,6.072,0.00258,65899854,209714158.0,0.0,1.19459
HK.00386,中国石油化工股份,2020-10-12 00:00:00,1.22459,1.23459,1.25459,1.20459,6.149,0.00232,59296913,190204905.0,3.348429168166487,1.19459
HK.00386,中国石油化工股份,2020-10-14 00:00:00,1.26449,1.14449,1.26449,1.13449,5.823,0.00418,106768009,327633620.0,-7.297969366348347,1.23459
HK.00386,中国石油化工股份,2020-10-15 00:00:00,1.13449,1.11449,1.15449,1.11449,5.766,0.00297,75869127,230117936.0,-2.62125488208722,1.14449
HK.00386,中国石油化工股份,2020-10-16 00:00:00,1.11449,1.11449,1.15449,1.11449,5.766,0.00259,66186951,200307355.0,0.0,1.11449
HK.00386,中国石油化工股份,2020-10-19 00:00:00,1.10449,1.11449,1.16449,1.09449,5.766,0.00587,149837341,453056535.0,0.0,1.11449
HK.00386,中国石油化工股份,2020-10-20 00:00:00,1.10449,1.07449,1.12449,1.06449,5.689,0.00494,126046072,376163264.0,-3.5890855907186276,1.11449
HK.00386,中国石油化工股份,2020-10-21 00:00:00,1.10449,1.08449,1.10449,1.07449,5.708,0.00277,70545861,210467770.0,0.9306740872413899,1.07449
HK.00386,中国石油化工股份,2020-10-22 00:00:00,1.06449,1.10449,1.10449,1.05449,5.747,0.00547,139465652,415851844.0,1.8441848242030834,1.08449
HK.00386,中国石油化工股份,2020-10-23 00:00:00,1.12449,1.30449,1.34449,1.10449,6.13,0.00968,246867110,779983720.0,18.107905005930334,1.10449
HK.00386,中国石油化工股份,2020-10-27 00:00:00,1.25449,1.24449,1.28449,1.21449,6.015,0.00546,139299003,437264075.0,-4.599498654646631,1.30449
HK.00386,中国石油化工股份,2020-10-28 00:00:00,1.26449,1.14449,1.26449,1.14449,5.823,0.00409,104350362,321694166.0,-8.035420131941605,1.24449
HK.00386,中国石油化工股份,2020-10-29 00:00:00,1.12449,1.13449,1.21449,1.12449,5.804,0.00514,131053452,401820820.0,-0.8737516273624066,1.14449
HK.00386,中国石油化工股份,2020-10-30 00:00:00,1.16449,1.11449,1.18449,1.09449,5.766,0.00461,117715058,356231300.0,-1.7629066805348677,1.13449
HK.00386,中国石油化工股份,2020-11-02 00:00:00,1.14449,1.19449,1.22449,1.13449,5.919,0.00417,106288797,327587942.0,7.178171181437255,1.11449
HK.00386,中国石油化工股份,2020-11-03 00:00:00,1.23449,1.27449,1.28449,1.23449,6.072,0.00412,105030155,331331160.0,6.697418982159737,1.19449
HK.00386,中国石油化工股份,2020-11-04 00:00:00,1.28449,1.20449,1.29449,1.18449,5.938,0.00254,64737595,202111547.0,-5.492393035645619,1.27449
HK.00386,中国石油化工股份,2020-11-05 00:00:00,1.27449,1.24449,1.29449,1.19449,6.015,0.0034,86715042,271102854.0,3.3209076040481893,1.20449
HK.00386,中国石油化工股份,2020-11-06 00:00:00,1.28449,1.29449,1.29449,1.23449,6.111,0.00438,111757334,354619755.0,4.0177100659707845,1.24449
HK.00386,中国石油化工股份,2020-11-09 00:00:00,1.34449,1.33449,1.35449,1.30449,6.187,0.00367,93632285,302137244.0,3.090020007879554,1.29449
HK.00386,中国石油化工股份,2020-11-10 00:00:00,1.53449,1.65449,1.69449,1.51449,6.8,0.01884,480635614,1678922273.0,23.979198045695366,1.33449
HK.00386,中国石油化工股份,2020-11-11 00:00:00,1.70449,1.77449,1.79449,1.65449,7.03,0.01384,353130602,1284731978.0,7.252990347478672,1.65449
HK.00386,中国石油化工股份,2020-11-12 00:00:00,1.79449,1.70449,1.79449,1.63449,6.896,0.00807,205948753,741113664.0,-3.9447954060039696,1.77449
HK.00386,中国石油化工股份,2020-11-13 00:00:00,1.62449,1.62449,1.63449,1.57449,6.743,0.00523,133336238,467042649.0,-4.693486028078784,1.70449
HK.00386,中国石油化工股份,2020-11-16 00:00:00,1.68449,1.68449,1.70449,1.63449,6.858,0.00488,124565515,444520021.0,3.693466872680044,1.62449
HK.00386,中国石油化工股份,2020-11-17 00:00:00,1.77449,1.71449,1.78449,1.69449,6.915,0.00733,187085342,680717053.0,1.7809544728671602,1.68449
HK.00386,中国石油化工股份,2020-11-18 00:00:00,1.74449,1.68449,1.77449,1.67449,6.858,0.00577,147276900,531685971.0,-1.749791483181589,1.71449
HK.00386,中国石油化工股份,2020-11-19 00:00:00,1.67449,1.64449,1.69449,1.63449,6.781,0.00414,105702055,375989881.0,-2.3746059638228805,1.68449
HK.00386,中国石油化工股份,2020-11-20 00:00:00,1.67449,1.59449,1.67449,1.57449,6.685,0.00584,148894354,521075546.0,-3.0404563116832604,1.64449
HK.00386,中国石油化工股份,2020-11-23 00:00:00,1.60449,1.64449,1.67449,1.57449,6.781,0.00571,145759988,513701521.0,3.1357989074876635,1.59449
HK.00386,中国石油化工股份,2020-11-24 00:00:00,1.70449,1.62449,1.70449,1.61449,6.743,0.00395,100713859,357928140.0,-1.216182524673304,1.64449
HK.00386,中国石油化工股份,2020-11-25 00:00:00,1.70449,1.75449,1.85449,1.69449,6.992,0.01,255260863,939134670.0,8.00251155747343,1.62449
HK.00386,中国石油化工股份,2020-11-26 00:00:00,1.77449,1.93449,1.94449,1.75449,7.337,0.01311,334506097,1259676192.0,10.259391618077043,1.75449
HK.00386,中国石油化工股份,2020-11-27 00:00:00,1.88449,1.87449,1.92449,1.82449,7.222,0.00665,169646143,640722814.0,-3.101592667834936,1.93449
HK.00386,中国石油化工股份,2020-11-30 00:00:00,1.80449,1.61449,1.84449,1.61449,6.724,0.0119,303607655,1086230536.0,-13.870439426190591,1.87449
HK.00386,中国石油化工股份,2020-12-01 00:00:00,1.62449,1.66449,1.71449,1.60449,6.819,0.0062,158106966,561729750.0,3.0969532174247005,1.61449
HK.00386,中国石油化工股份,2020-12-02 00:00:00,1.66449,1.73449,1.73449,1.62449,6.954,0.00432,110312115,396732413.0,4.205492373039193,1.66449
HK.00386,中国石油化工股份,2020-12-03 00:00:00,1.74449,1.73449,1.77449,1.70449,6.954,0.00408,104154216,378651295.0,0.0,1.73449
HK.00386,中国石油化工股份,2020-12-04 00:00:00,1.72449,1.64449,1.74449,1.64449,6.781,0.00671,171109679,609287802.0,-5.188845136034228,1.73449
HK.00386,中国石油化工股份,2020-12-07 00:00:00,1.64449,1.67449,1.71449,1.61449,6.839,0.00392,100063382,356848335.0,1.8242737870099561,1.64449
HK.00386,中国石油化工股份,2020-12-08 00:00:00,1.67449,1.50449,1.67449,1.48449,6.513,0.00739,188624433,649718511.0,-10.152344893071916,1.67449
HK.00386,中国石油化工股份,2020-12-09 00:00:00,1.51449,1.46449,1.57449,1.45449,6.436,0.00694,177114944,600059530.0,-2.6587082665886803,1.50449
HK.00386,中国石油化工股份,2020-12-10 00:00:00,1.43449,1.42449,1.47449,1.42449,6.36,0.00316,80671196,269677475.0,-2.731326263750523,1.46449
HK.00386,中国石油化工股份,2020-12-11 00:00:00,1.48449,1.57449,1.58449,1.47449,6.647,0.0042,107277336,368370988.0,10.530084451277293,1.42449
HK.00386,中国石油化工股份,2020-12-14 00:00:00,1.57449,1.54449,1.58449,1.53449,6.59,0.00343,87573127,302586965.0,-1.9053788845912027,1.57449
HK.00386,中国石油化工股份,2020-12-15 00:00:00,1.50449,1.52449,1.55449,1.48449,6.551,0.00247,63101088,215881860.0,-1.294925833122909,1.54449
HK.00386,中国石油化工股份,2020-12-16 00:00:00,1.52449,1.54449,1.58449,1.52449,6.59,0.00155,39424973,136143032.0,1.311914148338134,1.52449
HK.00386,中国石油化工股份,2020-12-17 00:00:00,1.53449,1.54449,1.55449,1.48449,6.59,0.00203,51775144,177487689.0,0.0,1.54449
HK.00386,中国石油化工股份,2020-12-18 00:00:00,1.58449,1.56449,1.63449,1.55449,6.628,0.00583,148856749,517282765.0,1.294925833122909,1.54449
HK.00386,中国石油化工股份,2020-12-21 00:00:00,1.55449,1.49449,1.58449,1.49449,6.494,0.00307,78283149,267884812.0,-4.474301529571927,1.56449
HK.00386,中国石油化工股份,2020-12-22 00:00:00,1.47449,1.45449,1.51449,1.43449,6.417,0.00298,76074258,255426219.0,-2.6764983372254103,1.49449
HK.00386,中国石油化工股份,2020-12-23 00:00:00,1.45449,1.45449,1.51449,1.43449,6.417,0.00346,88356393,297423360.0,0.0,1.45449
HK.00386,中国石油化工股份,2020-12-24 00:00:00,1.46449,1.50449,1.54449,1.46449,6.513,0.00114,28999098,98988355.0,3.4376310596841533,1.45449
HK.00386,中国石油化工股份,2020-12-28 00:00:00,1.53449,1.58449,1.60449,1.52449,6.666,0.00294,75095257,261034363.0,5.3174165331773455,1.50449
HK.00386,中国石油化工股份,2020-12-29 00:00:00,1.59449,1.60449,1.61449,1.55449,6.704,0.00245,62387184,217336021.0,1.2622357982694759,1.58449
HK.00386,中国石油化工股份,2020-12-30 00:00:00,1.64449,1.62449,1.65449,1.55449,6.743,0.00677,172599974,603722322.0,1.2465020037519723,1.60449
HK.00386,中国石油化工股份,2020-12-31 00:00:00,1.61449,1.57449,1.62449,1.51449,6.647,0.00575,146763366,508243123.0,-3.0778890605667035,1.62449
HK.00386,中国石油化工股份,2021-01-04 00:00:00,1.57449,1.63449,1.64449,1.52449,6.762,0.0037,94352075,329703904.0,3.8107577691824055,1.57449
HK.00386,中国石油化工股份,2021-01-05 00:00:00,1.56449,1.63449,1.65449,1.56449,6.762,0.004,102172968,359147392.0,0.0,1.63449
HK.00386,中国石油化工股份,2021-01-06 00:00:00,1.69449,1.74449,1.74449,1.65449,6.973,0.00494,126137358,453942018.0,6.729927989770515,1.63449
HK.00386,中国石油化工股份,2021-01-07 00:00:00,1.74449,1.82449,1.84449,1.74449,7.126,0.00829,211463864,783605884.0,4.585867502823166,1.74449
HK.00386,中国石油化工股份,2021-01-08 00:00:00,1.89449,1.86449,1.92449,1.84449,7.203,0.0096,244988477,925299558.0,2.192393490783728,1.82449
HK.00386,中国石油化工股份,2021-01-11 00:00:00,1.84449,1.83449,1.88449,1.76449,7.145,0.00437,111597426,414602531.0,-1.609019088329786,1.86449
HK.00386,中国石油化工股份,2021-01-12 00:00:00,1.83449,1.88449,1.88449,1.80449,7.241,0.00318,81169362,305277840.0,2.7255531510120004,1.83449
HK.00386,中国石油化工股份,2021-01-13 00:00:00,1.90449,2.07449,2.07449,1.88449,7.605,0.01161,296247401,1153404366.0,10.082303434881583,1.88449
HK.00386,中国石油化工股份,2021-01-14 00:00:00,2.10449,2.05449,2.15449,2.03449,7.567,0.00954,243347879,966554347.0,-0.9640923793317885,2.07449
HK.00386,中国石油化工股份,2021-01-15 00:00:00,2.09449,2.08449,2.10449,1.99449,7.624,0.00801,204266539,805215009.0,1.4602164040710954,2.05449
HK.00386,中国石油化工股份,2021-01-18 00:00:00,2.05449,2.06449,2.07449,2.03449,7.586,0.00515,131472488,519305739.0,-0.9594673037529571,2.08449
HK.00386,中国石油化工股份,2021-01-19 00:00:00,2.08449,2.18449,2.19449,2.06449,7.816,0.00853,217749454,879842107.0,5.81257356538417,2.06449
HK.00386,中国石油化工股份,2021-01-20 00:00:00,2.244489999,2.17449,2.244489999,2.14449,7.796,0.00666,169960597,692326690.0,-0.4577727524502189,2.18449
HK.00386,中国石油化工股份,2021-01-21 00:00:00,2.18449,2.22449,2.244489999,2.15449,7.892,0.0057,145459390,597307343.0,2.299389741962475,2.17449
HK.00386,中国石油化工股份,2021-01-22 00:00:00,2.29449,2.06449,2.29449,2.02449,7.586,0.00793,202397094,810226680.0,-7.192659890581648,2.22449
HK.00386,中国石油化工股份,2021-01-25 00:00:00,2.05449,1.97449,2.09449,1.96449,7.413,0.00672,171552727,670553046.0,-4.359430174038144,2.06449
HK.00386,中国石油化工股份,2021-01-26 00:00:00,1.94449,1.86449,1.99449,1.86449,7.203,0.00664,169360230,643546688.0,-5.571058855704516,1.97449
HK.00386,中国石油化工股份,2021-01-27 00:00:00,1.96449,1.92449,1.97449,1.86449,7.318,0.00514,131036539,499160936.0,3.218038176659572,1.86449
HK.00386,中国石油化工股份,2021-01-28 00:00:00,1.91449,1.89449,1.93449,1.84449,7.26,0.00436,111265791,419250495.0,-1.5588545536739618,1.92449
HK.00386,中国石油化工股份,2021-01-29 00:00:00,1.87449,1.81449,1.89449,1.78449,7.107,0.00471,120065924,446709566.0,-4.222772355620777,1.89449
HK.00386,中国石油化工股份,2021-02-01 00:00:00,1.77449,1.84449,1.86449,1.76449,7.164,0.00338,86199583,321122409.0,1.653357141676175,1.81449
HK.00386,中国石油化工股份,2021-02-02 00:00:00,1.88449,1.85449,1.93449,1.84449,7.183,0.00328,83687039,315935967.0,0.5421552841164771,1.84449
HK.00386,中国石油化工股份,2021-02-03 00:00:00,1.86449,1.85449,1.92449,1.82449,7.183,0.00334,85130352,319689626.0,0.0,1.85449
HK.00386,中国石油化工股份,2021-02-04 00:00:00,1.88449,1.87449,1.96449,1.84449,7.222,0.00459,117088000,444259403.0,1.0784636207259148,1.85449
HK.00386,中国石油化工股份,2021-02-05 00:00:00,1.87449,1.87449,1.92449,1.85449,7.222,0.00253,64429200,243365556.0,0.0,1.87449
HK.00386,中国石油化工股份,2021-02-08 00:00:00,1.90449,1.86449,1.93449,1.84449,7.203,0.00335,85452372,322854517.0,-0.5334784394688694,1.87449
HK.00386,中国石油化工股份,2021-02-09 00:00:00,1.88449,1.95449,1.95449,1.86449,7.375,0.00383,97748876,372130807.0,4.827057264989358,1.86449
HK.00386,中国石油化工股份,2021-02-10 00:00:00,1.95449,1.93449,1.97449,1.92449,7.337,0.00304,77583925,297733923.0,-1.023284846686349,1.95449
HK.00386,中国石油化工股份,2021-02-11 00:00:00,1.90449,1.91449,1.94449,1.88449,7.298,0.0014,35717747,136055451.0,-1.0338642226116452,1.93449
HK.00386,中国石油化工股份,2021-02-16 00:00:00,1.97449,2.22449,2.244489999,1.97449,7.892,0.01051,268182973,1090242188.0,16.192301866293366,1.91449
HK.00386,中国石油化工股份,2021-02-17 00:00:00,2.22449,2.44449,2.47449,2.19449,8.314,0.01511,385442339,1644803593.0,9.889907349549794,2.22449
HK.00386,中国石油化工股份,2021-02-18 00:00:00,2.43449,2.44449,2.53449,2.38449,8.314,0.01493,381007255,1655952388.0,0.0,2.44449
HK.00386,中国石油化工股份,2021-02-19 00:00:00,2.41449,2.33449,2.42449,2.244489999,8.103,0.00676,172596300,727196191.0,-4.499916137926515,2.44449
HK.00386,中国石油化工股份,2021-02-22 00:00:00,2.35449,2.50449,2.58449,2.34449,8.429,0.01117,285054835,1253607262.0,7.282104442512065,2.33449
HK.00386,中国石油化工股份,2021-02-23 00:00:00,2.60449,2.65449,2.67449,2.55449,8.716,0.01336,340812598,1543348704.0,5.989243318999074,2.50449
HK.00386,中国石油化工股份,2021-02-24 00:00:00,2.65449,2.53449,2.73449,2.47449,8.486,0.01201,306446886,1373260104.0,-4.520642383282668,2.65449
HK.00386,中国石油化工股份,2021-02-25 00:00:00,2.60449,2.62449,2.68449,2.59449,8.659,0.00759,193773595,878801288.0,3.55101026241967,2.53449
HK.00386,中国石油化工股份,2021-02-26 00:00:00,2.51449,2.39449,2.57449,2.36449,8.218,0.00752,191946190,833450987.0,-8.7636074056293,2.62449
HK.00386,中国石油化工股份,2021-03-01 00:00:00,2.43449,2.36449,2.45449,2.31449,8.16,0.00568,144972338,616869921.0,-1.2528763953910773,2.39449
HK.00386,中国石油化工股份,2021-03-02 00:00:00,2.36449,2.26449,2.36449,2.18449,7.969,0.00647,164975879,682510493.0,-4.229241823818248,2.36449
HK.00386,中国石油化工股份,2021-03-03 00:00:00,2.26449,2.44449,2.46449,2.23449,8.314,0.00444,113243162,485825088.0,7.948809665752561,2.26449
HK.00386,中国石油化工股份,2021-03-04 00:00:00,2.38449,2.43449,2.48449,2.33449,8.295,0.00436,111197983,479401583.0,-0.4090832852660567,2.44449
HK.00386,中国石油化工股份,2021-03-05 00:00:00,2.49449,2.48449,2.54449,2.42449,8.39,0.00473,120767956,528618151.0,2.053818253515121,2.43449
HK.00386,中国石油化工股份,2021-03-08 00:00:00,2.57449,2.54449,2.79449,2.54449,8.505,0.00812,207094824,939486507.0,2.4149825517510655,2.48449
HK.00386,中国石油化工股份,2021-03-09 00:00:00,2.59449,2.46449,2.63449,2.41449,8.352,0.00734,187387214,828072750.0,-3.1440485126685536,2.54449
HK.00386,中国石油化工股份,2021-03-10 00:00:00,2.41449,2.39449,2.47449,2.33449,8.218,0.00465,118752724,508553320.0,-2.8403442497230778,2.46449
HK.00386,中国石油化工股份,2021-03-11 00:00:00,2.42449,2.44449,2.49449,2.38449,8.314,0.00652,166358323,722915437.0,2.0881273256518202,2.39449
HK.00386,中国石油化工股份,2021-03-12 00:00:00,2.48449,2.41449,2.54449,2.38449,8.256,0.00667,170145673,740535702.0,-1.227249855798152,2.44449
HK.00386,中国石油化工股份,2021-03-15 00:00:00,2.48449,2.57449,2.60449,2.45449,8.563,0.00671,171068181,760661931.0,6.626658217677446,2.41449
HK.00386,中国石油化工股份,2021-03-16 00:00:00,2.59449,2.57449,2.59449,2.47449,8.563,0.00459,117065052,521104562.0,0.0,2.57449
HK.00386,中国石油化工股份,2021-03-17 00:00:00,2.50449,2.45449,2.53449,2.42449,8.333,0.0036,91910346,400261296.0,-4.661117347513493,2.57449
HK.00386,中国石油化工股份,2021-03-18 00:00:00,2.46449,2.42449,2.49449,2.36449,8.275,0.00443,113150826,486865864.0,-1.2222498360148057,2.45449
HK.00386,中国石油化工股份,2021-03-19 00:00:00,2.31449,2.18449,2.33449,2.18449,7.816,0.01106,282279175,1163162209.0,-9.89898906574167,2.42449
HK.00386,中国石油化工股份,2021-03-22 00:00:00,2.204489999,2.204489999,2.284489999,2.18449,7.854,0.00439,111928010,462969675.0,0.9155454591231994,2.18449
HK.00386,中国石油化工股份,2021-03-23 00:00:00,2.204489999,2.164489999,2.244489999,2.14449,7.777,0.00454,115791215,472067434.0,-1.8144786330690916,2.204489999
HK.00386,中国石油化工股份,2021-03-24 00:00:00,2.07449,2.08449,2.15449,2.07449,7.624,0.0061,155740258,621469984.0,-3.6960207271440475,2.164489999
HK.00386,中国石油化工股份,2021-03-25 00:00:00,2.13449,2.08449,2.19449,2.05449,7.624,0.00464,118364518,473081455.0,0.0,2.08449
HK.00386,中国石油化工股份,2021-03-26 00:00:00,2.08449,2.09449,2.124489999,2.04449,7.643,0.00522,133279151,531150983.0,0.4797336518764679,2.08449
HK.00386,中国石油化工股份,2021-03-29 00:00:00,2.18449,2.31449,2.33449,2.13449,8.065,0.00995,253792362,1062004319.0,10.503750316306126,2.09449
HK.00386,中国石油化工股份,2021-03-30 00:00:00,2.31449,2.30449,2.40449,2.26449,12.923,0.00628,160308933,675606406.0,-0.4320606267471551,2.31449
HK.00386,中国石油化工股份,2021-03-31 00:00:00,2.33449,2.244489999,2.33449,2.21449,12.738,0.00395,100732695,417060420.0,-2.603612990292869,2.30449
HK.00386,中国石油化工股份,2021-04-01 00:00:00,2.284489999,2.27449,2.29449,2.23449,12.83,0.00462,117807954,489877924.0,1.336606579372882,2.244489999
HK.00386,中国石油化工股份,2021-04-07 00:00:00,2.26449,2.22449,2.324489999,2.19449,12.676,0.00405,103297397,427767507.0,-2.1982950023961534,2.27449
HK.00386,中国石油化工股份,2021-04-08 00:00:00,2.22449,2.244489999,2.29449,2.204489999,12.738,0.00367,93548782,387686494.0,0.8990824413685806,2.22449
HK.00386,中国石油化工股份,2021-04-09 00:00:00,2.22449,2.164489999,2.29449,2.13449,12.492,0.00571,145667338,597929011.0,-3.5642840928514925,2.244489999
HK.00386,中国石油化工股份,2021-04-12 00:00:00,2.204489999,2.17449,2.26449,2.164489999,12.523,0.00472,120446881,492165400.0,0.46200264286829207,2.164489999
HK.00386,中国石油化工股份,2021-04-13 00:00:00,2.17449,2.27449,2.284489999,2.14449,12.83,0.00492,125638428,520532660.0,4.598779483924971,2.17449
HK.00386,中国石油化工股份,2021-04-14 00:00:00,2.30449,2.36449,2.36449,2.284489999,13.107,0.00327,83444254,352589509.0,3.956931004313048,2.27449
HK.00386,中国石油化工股份,2021-04-15 00:00:00,2.43449,2.30449,2.43449,2.284489999,12.923,0.00526,134276779,568783126.0,-2.5375450942909485,2.36449
HK.00386,中国石油化工股份,2021-04-16 00:00:00,2.324489999,2.374489999,2.39449,2.284489999,13.138,0.00473,120602809,514006233.0,3.0375483946556594,2.30449
HK.00386,中国石油化工股份,2021-04-19 00:00:00,2.374489999,2.374489999,2.39449,2.33449,13.138,0.00184,46972391,199835770.0,0.0,2.374489999
HK.00386,中国石油化工股份,2021-04-20 00:00:00,2.36449,2.35449,2.39449,2.324489999,13.076,0.00278,70803639,301031699.0,-0.8422860912626624,2.374489999
HK.00386,中国石油化工股份,2021-04-21 00:00:00,2.284489999,2.10449,2.284489999,2.10449,12.307,0.00921,234879548,949101926.0,-10.618010694460372,2.35449
HK.00386,中国石油化工股份,2021-04-22 00:00:00,2.124489999,2.10449,2.164489999,2.09449,12.307,0.00401,102313796,411138660.0,0.0,2.10449
HK.00386,中国石油化工股份,2021-04-23 00:00:00,2.08449,2.02449,2.09449,2.00449,12.061,0.00705,179808464,706885019.0,-3.801396062704031,2.10449
HK.00386,中国石油化工股份,2021-04-26 00:00:00,2.02449,2.02449,2.05449,2.00449,12.061,0.00364,92834380,365060758.0,0.0,2.02449
HK.00386,中国石油化工股份,2021-04-27 00:00:00,2.02449,2.02449,2.06449,2.00449,12.061,0.00335,85509735,335554914.0,0.0,2.02449
HK.00386,中国石油化工股份,2021-04-28 00:00:00,2.02449,1.99449,2.03449,1.98449,11.969,0.00318,81162667,316094219.0,-1.4818546893291655,2.02449
HK.00386,中国石油化工股份,2021-04-29 00:00:00,2.02449,2.06449,2.11449,2.02449,12.184,0.00658,167983129,667226639.0,3.509669138476506,1.99449
HK.00386,中国石油化工股份,2021-04-30 00:00:00,2.05449,1.97449,2.06449,1.97449,11.907,0.0055,140367651,547179091.0,-4.359430174038144,2.06449
HK.00386,中国石油化工股份,2021-05-03 00:00:00,1.94449,2.02449,2.03449,1.91449,12.061,0.00454,115804904,449362272.0,2.532299479865689,1.97449
HK.00386,中国石油化工股份,2021-05-04 00:00:00,2.07449,2.18449,2.204489999,2.04449,12.553,0.00608,155195965,628140685.0,7.903225009755528,2.02449
HK.00386,中国石油化工股份,2021-05-05 00:00:00,2.18449,2.18449,2.22449,2.15449,12.553,0.00428,109276963,446379030.0,0.0,2.18449
HK.00386,中国石油化工股份,2021-05-06 00:00:00,2.21449,2.22449,2.29449,2.204489999,12.676,0.00605,154377354,638792272.0,1.8310910098009163,2.18449
HK.00386,中国石油化工股份,2021-05-07 00:00:00,2.25449,2.26449,2.29449,2.21449,12.8,0.00488,124575035,517563896.0,1.798164972645417,2.22449
HK.00386,中国石油化工股份,2021-05-10 00:00:00,2.31449,2.33449,2.38449,2.284489999,13.015,0.00573,146071055,618100809.0,3.0912037589037835,2.26449
HK.00386,中国石油化工股份,2021-05-11 00:00:00,2.33449,2.21449,2.33449,2.15449,12.646,0.00576,146926049,605134452.0,-5.140309018243817,2.33449
HK.00386,中国石油化工股份,2021-05-12 00:00:00,2.26449,2.25449,2.30449,2.18449,12.769,0.00619,157875481,652916159.0,1.8062849685480646,2.21449
HK.00386,中国石油化工股份,2021-05-13 00:00:00,2.22449,2.17449,2.284489999,2.17449,12.523,0.00248,63190849,259163477.0,-3.5484743777971985,2.25449
HK.00386,中国石油化工股份,2021-05-14 00:00:00,2.204489999,2.13449,2.22449,2.11449,12.4,0.00329,84006531,339926632.0,-1.839511793569988,2.17449
HK.00386,中国石油化工股份,2021-05-17 00:00:00,2.164489999,2.164489999,2.25449,2.15449,12.492,0.00432,110187614,450428017.0,1.4054879151460147,2.13449
HK.00386,中国石油化工股份,2021-05-18 00:00:00,2.26449,2.34449,2.39449,2.23449,13.046,0.00713,181981001,771071691.0,8.316046786224943,2.164489999
HK.00386,中国石油化工股份,2021-05-20 00:00:00,2.244489999,2.19449,2.25449,2.17449,12.584,0.00644,164327834,673184162.0,-6.39797994446553,2.34449
HK.00386,中国石油化工股份,2021-05-21 00:00:00,2.19449,2.19449,2.23449,2.15449,12.584,0.00395,100904753,412621058.0,0.0,2.19449
HK.00386,中国石油化工股份,2021-05-24 00:00:00,2.164489999,2.204489999,2.244489999,2.164489999,12.615,0.00342,87338687,358591424.0,0.45568669713692694,2.19449
HK.00386,中国石油化工股份,2021-05-25 00:00:00,2.244489999,2.25449,2.284489999,2.21449,12.769,0.00348,88687959,367673586.0,2.268098336698324,2.204489999
HK.00386,中国石油化工股份,2021-05-26 00:00:00,2.25449,2.22449,2.27449,2.204489999,12.676,0.00415,105861233,436629384.0,-1.3306778916739594,2.25449
HK.00386,中国石油化工股份,2021-05-27 00:00:00,2.21449,2.26449,2.31449,2.21449,12.8,0.00769,196249025,815173665.0,1.798164972645417,2.22449
HK.00386,中国石油化工股份,2021-05-28 00:00:00,2.324489999,2.31449,2.33449,2.27449,12.953,0.0048,122586986,515201085.0,2.208002684931277,2.26449
HK.00386,中国石油化工股份,2021-05-31 00:00:00,2.284489999,2.23449,2.31449,2.204489999,12.707,0.00346,88346042,364694181.0,-3.456485013977164,2.31449
HK.00386,中国石油化工股份,2021-06-01 00:00:00,2.244489999,2.324489999,2.33449,2.204489999,12.984,0.00251,63982072,267503728.0,4.027764680083588,2.23449
HK.00386,中国石油化工股份,2021-06-02 00:00:00,2.33449,2.36449,2.42449,2.324489999,13.107,0.00362,92391057,394053342.0,1.7208076187554342,2.324489999
HK.00386,中国石油化工股份,2021-06-03 00:00:00,2.34449,2.36449,2.43449,2.324489999,13.107,0.00414,105737451,451666914.0,0.0,2.36449
HK.00386,中国石油化工股份,2021-06-04 00:00:00,2.35449,2.38449,2.40449,2.324489999,13.169,0.0044,112226223,479694358.0,0.8458483647636496,2.36449
HK.00386,中国石油化工股份,2021-06-07 00:00:00,2.36449,2.39449,2.40449,2.36449,13.2,0.00337,86068232,368946468.0,0.41937688981710075,2.38449
HK.00386,中国石油化工股份,2021-06-08 00:00:00,2.40899,2.34899,2.42899,2.33899,12.584,0.00423,107811174,442941666.0,-1.9001958663431315,2.39449
HK.00386,中国石油化工股份,2021-06-09 00:00:00,2.36899,2.41899,2.438989999,2.358989999,12.8,0.00328,83707099,347841457.0,2.9800041720058337,2.34899
HK.00386,中国石油化工股份,2021-06-10 00:00:00,2.38899,2.398989999,2.44899,2.37899,12.738,0.00271,69126056,286797177.0,-0.8267913881413359,2.41899
HK.00386,中国石油化工股份,2021-06-11 00:00:00,2.398989999,2.48899,2.54899,2.398989999,13.015,0.00477,121673189,514835625.0,3.7515788326552313,2.398989999
HK.00386,中国石油化工股份,2021-06-15 00:00:00,2.48899,2.40899,2.54899,2.40899,12.769,0.00344,87748691,367420902.0,-3.2141551392331684,2.48899
HK.00386,中国石油化工股份,2021-06-16 00:00:00,2.41899,2.42899,2.48899,2.41899,12.83,0.00307,78428883,328185956.0,0.8302234546428178,2.40899
HK.00386,中国石油化工股份,2021-06-17 00:00:00,2.37899,2.38899,2.42899,2.33899,12.707,0.00329,83885265,346298791.0,-1.6467749970152217,2.42899
HK.00386,中国石油化工股份,2021-06-18 00:00:00,2.318989999,2.22899,2.33899,2.21899,12.215,0.00902,230198568,916528204.0,-6.697390947638966,2.38899
HK.00386,中国石油化工股份,2021-06-21 00:00:00,2.16899,2.20899,2.22899,2.15899,12.153,0.00388,99010827,389450080.0,-0.8972673722179112,2.22899
HK.00386,中国石油化工股份,2021-06-22 00:00:00,2.278989999,2.34899,2.40899,2.26899,12.584,0.00536,136643094,560564822.0,6.337738061285933,2.20899
HK.00386,中国石油化工股份,2021-06-23 00:00:00,2.38899,2.358989999,2.40899,2.32899,12.615,0.0033,84250872,345492180.0,0.4257148391436193,2.34899
HK.00386,中国石油化工股份,2021-06-24 00:00:00,2.36899,2.40899,2.40899,2.34899,12.769,0.00247,62899728,259607618.0,2.119551207135082,2.358989999
HK.00386,中国石油化工股份,2021-06-25 00:00:00,2.37899,2.38899,2.438989999,2.358989999,12.707,0.00322,82191095,340286947.0,-0.8302234546428178,2.40899
HK.00386,中国石油化工股份,2021-06-28 00:00:00,2.438989999,2.398989999,2.438989999,2.278989999,12.738,0.00257,65674721,270976271.0,0.4185868923687292,2.38899
HK.00386,中国石油化工股份,2021-06-29 00:00:00,2.34899,2.20899,2.34899,2.19899,12.153,0.0087,221855948,883496070.0,-7.919999628143505,2.398989999
HK.00386,中国石油化工股份,2021-06-30 00:00:00,2.20899,2.18899,2.25899,2.18899,12.092,0.00455,116020970,457568198.0,-0.905391151612276,2.20899
HK.00386,中国石油化工股份,2021-07-02 00:00:00,2.28899,2.16899,2.28899,2.12899,12.03,0.00719,183515987,721735170.0,-0.9136633790012753,2.18899
HK.00386,中国石油化工股份,2021-07-05 00:00:00,2.17899,2.17899,2.23899,2.17899,12.061,0.00242,61801078,243714212.0,0.4610440804245401,2.16899
HK.00386,中国石油化工股份,2021-07-06 00:00:00,2.17899,2.13899,2.20899,2.12899,11.938,0.00396,101044006,393912084.0,-1.835712876149043,2.17899
HK.00386,中国石油化工股份,2021-07-07 00:00:00,2.12899,2.10899,2.13899,2.06899,11.846,0.00378,96426882,370565099.0,-1.402531101127179,2.13899
HK.00386,中国石油化工股份,2021-07-08 00:00:00,2.08899,1.98899,2.09899,1.96899,11.476,0.00663,169216538,634641748.0,-5.689927406009506,2.10899
HK.00386,中国石油化工股份,2021-07-09 00:00:00,1.97899,1.96899,1.99899,1.90899,11.415,0.0056,142929955,528835483.0,-1.0055354727776418,1.98899
HK.00386,中国石油化工股份,2021-07-12 00:00:00,1.97899,1.92899,2.01899,1.91899,11.292,0.00516,131585959,485445315.0,-2.031498382419415,1.96899
HK.00386,中国石油化工股份,2021-07-13 00:00:00,1.94899,2.00899,2.04899,1.93899,11.538,0.0047,120020035,449435551.0,4.147248041721308,1.92899
HK.00386,中国石油化工股份,2021-07-14 00:00:00,2.01899,2.02899,2.05899,1.96899,11.6,0.00331,84459442,316993572.0,0.9955251146098298,2.00899
HK.00386,中国石油化工股份,2021-07-15 00:00:00,2.01899,2.01899,2.05899,1.98899,11.569,0.00246,62809521,236698786.0,-0.49285605153301826,2.02899
HK.00386,中国石油化工股份,2021-07-16 00:00:00,2.01899,1.99899,2.03899,1.96899,11.507,0.00263,67042857,250824377.0,-0.9905943070545183,2.01899
HK.00386,中国石油化工股份,2021-07-19 00:00:00,1.96899,1.91899,1.96899,1.90899,11.261,0.00565,144142489,529229218.0,-4.002021020615414,1.99899
HK.00386,中国石油化工股份,2021-07-20 00:00:00,1.85899,1.81899,1.87899,1.75899,10.953,0.00873,222756023,791266249.0,-5.2110745756882455,1.91899
HK.00386,中国石油化工股份,2021-07-21 00:00:00,1.85899,1.80899,1.87899,1.78899,10.923,0.0028,71501805,254733886.0,-0.549755633620856,1.81899
HK.00386,中国石油化工股份,2021-07-22 00:00:00,1.90899,1.93899,1.97899,1.87899,11.323,0.00425,108507057,399168816.0,7.186330493811457,1.80899
HK.00386,中国石油化工股份,2021-07-23 00:00:00,1.91899,1.90899,1.95899,1.87899,11.23,0.00187,47696898,174392951.0,-1.5471972521776816,1.93899
HK.00386,中国石油化工股份,2021-07-26 00:00:00,1.85899,1.80899,1.86899,1.78899,10.923,0.0042,107234305,382877707.0,-5.238372123478901,1.90899
HK.00386,中国石油化工股份,2021-07-27 00:00:00,1.84899,1.82899,1.94899,1.74899,10.984,0.00702,179128856,643918260.0,1.1055893067402138,1.80899
HK.00386,中国石油化工股份,2021-07-28 00:00:00,1.88899,1.85899,1.89899,1.78899,11.076,0.00467,119185911,428458665.0,1.6402495366295073,1.82899
HK.00386,中国石油化工股份,2021-07-29 00:00:00,1.84899,1.82899,1.85899,1.75899,10.984,0.00509,129772810,461959256.0,-1.6137795254412355,1.85899
HK.00386,中国石油化工股份,2021-07-30 00:00:00,1.79899,1.81899,1.87899,1.75899,10.953,0.00423,107858269,384296208.0,-0.5467498455431571,1.82899
HK.00386,中国石油化工股份,2021-08-02 00:00:00,1.77899,1.85899,1.87899,1.77899,11.076,0.00269,68578829,245801439.0,2.199022534483412,1.81899
HK.00386,中国石油化工股份,2021-08-03 00:00:00,1.81899,1.85899,1.89899,1.79899,11.076,0.00267,68200629,244159426.0,0.0,1.85899
HK.00386,中国石油化工股份,2021-08-04 00:00:00,1.83899,1.87899,1.92899,1.83899,11.138,0.00242,61855363,224763767.0,1.0758530169608238,1.85899
HK.00386,中国石油化工股份,2021-08-05 00:00:00,1.84899,1.85899,1.86899,1.80899,11.076,0.00245,62388854,223598217.0,-1.0644016200192667,1.87899
HK.00386,中国石油化工股份,2021-08-06 00:00:00,1.83899,1.83899,1.87899,1.78899,11.015,0.00349,89081796,318597586.0,-1.0758530169608238,1.85899
HK.00386,中国石油化工股份,2021-08-09 00:00:00,1.80899,1.85899,1.88899,1.80899,11.076,0.00179,45753105,164768724.0,1.087553494037489,1.83899
HK.00386,中国石油化工股份,2021-08-10 00:00:00,1.84899,1.83899,1.84899,1.79899,11.015,0.00297,75676979,269597648.0,-1.0758530169608238,1.85899
HK.00386,中国石油化工股份,2021-08-11 00:00:00,1.82899,1.90899,1.92899,1.80899,11.23,0.00387,98657294,357947432.0,3.806437229131211,1.83899
HK.00386,中国石油化工股份,2021-08-12 00:00:00,1.92899,1.93899,1.98899,1.91899,11.323,0.00309,78908902,290974276.0,1.571511637043674,1.90899
HK.00386,中国石油化工股份,2021-08-13 00:00:00,1.89899,1.88899,1.92899,1.86899,11.169,0.00268,68310242,248140503.0,-2.5786620869628027,1.93899
HK.00386,中国石油化工股份,2021-08-16 00:00:00,1.88899,1.93899,1.97899,1.87899,11.323,0.00346,88343217,326289864.0,2.646917135612155,1.88899
HK.00386,中国石油化工股份,2021-08-17 00:00:00,1.92899,1.86899,1.95899,1.83899,11.107,0.00444,113337160,410522347.0,-3.6101269217479235,1.93899
HK.00386,中国石油化工股份,2021-08-18 00:00:00,1.85899,1.89899,1.90899,1.85899,11.2,0.00256,65198934,236967224.0,1.6051450248529968,1.86899
HK.00386,中国石油化工股份,2021-08-19 00:00:00,1.84899,1.78899,1.84899,1.75899,10.861,0.00496,126575648,445868926.0,-5.79255288337484,1.89899
HK.00386,中国石油化工股份,2021-08-20 00:00:00,1.75899,1.70899,1.78899,1.65899,10.615,0.00603,153831176,530648428.0,-4.471796935701153,1.78899
HK.00386,中国石油化工股份,2021-08-23 00:00:00,1.72899,1.77899,1.79899,1.72899,10.83,0.00333,84841982,298286563.0,4.095986518352949,1.70899
HK.00386,中国石油化工股份,2021-08-24 00:00:00,1.86899,1.76899,1.86899,1.74899,10.8,0.00406,103566883,364648993.0,-0.5621167066706395,1.77899
HK.00386,中国石油化工股份,2021-08-25 00:00:00,1.76899,1.79899,1.82899,1.75899,10.892,0.00426,108760427,384905866.0,1.6958829614638877,1.76899
HK.00386,中国石油化工股份,2021-08-26 00:00:00,1.80899,1.73899,1.83899,1.72899,10.707,0.00437,111590392,391203233.0,-3.3352047537785117,1.79899
HK.00386,中国石油化工股份,2021-08-27 00:00:00,1.71899,1.78899,1.78899,1.71899,10.861,0.00285,72800404,255034375.0,2.8752321749981333,1.73899
HK.00386,中国石油化工股份,2021-08-30 00:00:00,1.86899,1.95899,1.98899,1.84899,11.384,0.00879,224229159,825494945.0,9.50256848836494,1.78899
HK.00386,中国石油化工股份,2021-08-31 00:00:00,1.95899,2.02899,2.07899,1.95899,11.6,0.00736,187896819,708153831.0,3.5732698992848277,1.95899
HK.00386,中国石油化工股份,2021-09-01 00:00:00,2.01899,2.03899,2.07899,1.98899,11.63,0.00592,150952656,570973607.0,0.4928560515330402,2.02899
HK.00386,中国石油化工股份,2021-09-02 00:00:00,2.01899,2.05899,2.06899,1.96899,11.692,0.0044,112218840,423494032.0,0.9808777875320633,2.03899
HK.00386,中国石油化工股份,2021-09-03 00:00:00,2.07899,2.17899,2.23899,2.06899,12.061,0.00827,210937119,828810022.0,5.828100185042186,2.05899
HK.00386,中国石油化工股份,2021-09-06 00:00:00,2.18899,2.16899,2.23899,2.15899,12.03,0.00336,85760738,336107270.0,-0.4589282190372709,2.17899
HK.00386,中国石油化工股份,2021-09-07 00:00:00,2.16899,2.21899,2.25899,2.15899,12.184,0.00512,130728901,518878059.0,2.305220402122639,2.16899
HK.00386,中国石油化工股份,2021-09-08 00:00:00,2.23899,2.19899,2.25899,2.18899,12.123,0.00484,123545840,488217476.0,-0.9013109567866471,2.21899
HK.00386,中国石油化工股份,2021-09-09 00:00:00,2.2111,2.2511,2.3411,2.1811,11.692,0.00673,171606499,654866133.0,2.3697242825115317,2.19899
HK.00386,中国石油化工股份,2021-09-10 00:00:00,2.2511,2.2911,2.3211,2.2211,11.815,0.00408,104220809,399542675.0,1.7769090666785141,2.2511
HK.00386,中国石油化工股份,2021-09-13 00:00:00,2.2911,2.3811,2.3911,2.2611,12.092,0.00577,147094002,574614393.0,3.928244074898514,2.2911
HK.00386,中国石油化工股份,2021-09-14 00:00:00,2.4111,2.3511,2.4411,2.3211,12.0,0.0067,171042431,671919247.0,-1.2599218848431315,2.3811
HK.00386,中国石油化工股份,2021-09-15 00:00:00,2.3511,2.3311,2.4111,2.3011,11.938,0.00509,129843722,505573939.0,-0.8506656458678923,2.3511
HK.00386,中国石油化工股份,2021-09-16 00:00:00,2.4511,2.3611,2.4511,2.2811,12.03,0.00598,152514343,595426817.0,1.286946076959367,2.3311
HK.00386,中国石油化工股份,2021-09-17 00:00:00,2.3511,2.3211,2.3811,2.2711,11.907,0.00684,174550563,674264486.0,-1.6941256194146812,2.3611
HK.00386,中国石油化工股份,2021-09-20 00:00:00,2.3111,2.2611,2.3111,2.1711,11.723,0.0038,96906679,366480401.0,-2.5849812588858754,2.3211
HK.00386,中国石油化工股份,2021-09-21 00:00:00,2.2411,2.3011,2.3411,2.1811,11.846,0.00343,87548970,334859217.0,1.769050462164435,2.2611
HK.00386,中国石油化工股份,2021-09-23 00:00:00,2.3711,2.3711,2.4411,2.3311,12.061,0.0057,145326422,571110694.0,3.0420233801225627,2.3011
HK.00386,中国石油化工股份,2021-09-24 00:00:00,2.3811,2.2911,2.3911,2.2611,11.815,0.00332,84719250,327846075.0,-3.373961452490408,2.3711
HK.00386,中国石油化工股份,2021-09-27 00:00:00,2.3311,2.3111,2.4011,2.2811,11.876,0.0052,132750655,514008344.0,0.8729431277552274,2.2911
HK.00386,中国石油化工股份,2021-09-28 00:00:00,2.3211,2.3811,2.4411,2.2911,12.092,0.00367,93536927,367672778.0,3.028860715676511,2.3111
HK.00386,中国石油化工股份,2021-09-29 00:00:00,2.3411,2.3211,2.3611,2.2511,11.907,0.00521,132810534,513258467.0,-2.5198437696862817,2.3811
HK.00386,中国石油化工股份,2021-09-30 00:00:00,2.3011,2.3111,2.3411,2.2511,11.876,0.00185,47127745,181365689.0,-0.43083020981430303,2.3211
HK.00386,中国石油化工股份,2021-10-04 00:00:00,2.3211,2.2811,2.3411,2.2511,11.784,0.00243,61973074,237556321.0,-1.2980831638613755,2.3111
HK.00386,中国石油化工股份,2021-10-05 00:00:00,2.3111,2.3711,2.4011,2.2911,12.061,0.00304,77623960,304183618.0,3.945464907281588,2.2811
HK.00386,中国石油化工股份,2021-10-06 00:00:00,2.4011,2.4911,2.5311,2.3911,12.43,0.0083,211683258,852303819.0,5.060942178735593,2.3711
HK.00386,中国石油化工股份,2021-10-07 00:00:00,2.4911,2.5311,2.5411,2.4611,12.553,0.00476,121396252,491844520.0,1.6057163502067378,2.4911
HK.00386,中国石油化工股份,2021-10-08 00:00:00,2.5411,2.4411,2.5411,2.4011,12.276,0.00367,93602891,374394835.0,-3.555766267630669,2.5311
HK.00386,中国石油化工股份,2021-10-11 00:00:00,2.5411,2.471099999,2.5411,2.4411,12.369,0.00421,107459392,434886987.0,1.2289541190446998,2.4411
HK.00386,中国石油化工股份,2021-10-12 00:00:00,2.4911,2.4611,2.5311,2.3811,12.338,0.0035,89199169,355998217.0,-0.4046780382844453,2.471099999
HK.00386,中国石油化工股份,2021-10-15 00:00:00,2.4011,2.4111,2.4311,2.3311,12.184,0.00502,128204209,505618452.0,-2.03161188086629,2.4611
HK.00386,中国石油化工股份,2021-10-18 00:00:00,2.4411,2.4511,2.4811,2.3811,12.307,0.00283,72160062,287977685.0,1.6589938202480212,2.4111
HK.00386,中国石油化工股份,2021-10-19 00:00:00,2.4811,2.471099999,2.5011,2.4311,12.369,0.00236,60187038,241921658.0,0.8159601403451667,2.4511
HK.00386,中国石油化工股份,2021-10-20 00:00:00,2.471099999,2.3911,2.471099999,2.3911,12.123,0.00396,101130970,401405139.0,-3.237424589550187,2.471099999
HK.00386,中国石油化工股份,2021-10-21 00:00:00,2.4211,2.3911,2.4311,2.3711,12.123,0.00413,105457960,416000210.0,0.0,2.3911
HK.00386,中国石油化工股份,2021-10-22 00:00:00,2.3811,2.3211,2.4011,2.2911,11.907,0.00343,87438586,339233943.0,-2.927522897411227,2.3911
HK.00386,中国石油化工股份,2021-10-25 00:00:00,2.3011,2.3211,2.3511,2.2911,11.907,0.00328,83570795,323567447.0,0.0,2.3211
HK.00386,中国石油化工股份,2021-10-26 00:00:00,2.3611,2.3411,2.3611,2.3111,11.969,0.00201,51178425,198538270.0,0.861660419628625,2.3211
HK.00386,中国石油化工股份,2021-10-27 00:00:00,2.3411,2.2411,2.3411,2.2111,11.661,0.00426,108607720,412851282.0,-4.2714963051557,2.3411
HK.00386,中国石油化工股份,2021-10-28 00:00:00,2.1911,2.2311,2.2311,2.1411,11.63,0.00448,114357129,429581816.0,-0.4462094507161567,2.2411
HK.00386,中国石油化工股份,2021-10-29 00:00:00,2.2711,2.2711,2.2911,2.2011,11.753,0.00412,105065621,400374408.0,1.7928376137331374,2.2311
HK.00386,中国石油化工股份,2021-11-01 00:00:00,2.2711,2.2711,2.2911,2.2111,11.753,0.0022,56150000,213448581.0,0.0,2.2711
HK.00386,中国石油化工股份,2021-11-02 00:00:00,2.3311,2.2611,2.3311,2.2111,11.723,0.00374,95453950,363922939.0,-0.440315265730273,2.2711
HK.00386,中国石油化工股份,2021-11-03 00:00:00,2.2211,2.2311,2.2711,2.2111,11.63,0.0042,107105758,405606722.0,-1.3267878466233163,2.2611
HK.00386,中国石油化工股份,2021-11-04 00:00:00,2.2611,2.2711,2.3011,2.1911,11.753,0.00322,82129481,312531153.0,1.7928376137331374,2.2311
HK.00386,中国石油化工股份,2021-11-05 00:00:00,2.2511,2.1911,2.2611,2.1511,11.507,0.00428,109172098,409468247.0,-3.5225221258421056,2.2711
HK.00386,中国石油化工股份,2021-11-08 00:00:00,2.1911,2.2311,2.2611,2.1911,11.63,0.00202,51585388,195325322.0,1.825567066770117,2.1911
HK.00386,中国石油化工股份,2021-11-09 00:00:00,2.2311,2.2311,2.2611,2.2011,11.63,0.00226,57671861,217629180.0,0.0,2.2311
HK.00386,中国石油化工股份,2021-11-10 00:00:00,2.2311,2.2511,2.2711,2.1911,11.692,0.00261,66535394,251181522.0,0.8964188068665687,2.2311
HK.00386,中国石油化工股份,2021-11-11 00:00:00,2.2411,2.2711,2.3111,2.2211,11.753,0.00359,91689794,349969083.0,0.8884545333392571,2.2511
HK.00386,中国石油化工股份,2021-11-12 00:00:00,2.3011,2.2311,2.3011,2.2211,11.63,0.00295,75358641,286331744.0,-1.7612610629210528,2.2711
HK.00386,中国石油化工股份,2021-11-15 00:00:00,2.2111,2.2211,2.2511,2.1911,11.6,0.00176,44808942,168671634.0,-0.44820940343329435,2.2311
HK.00386,中国石油化工股份,2021-11-16 00:00:00,2.2411,2.2711,2.2911,2.2211,11.753,0.00288,73460245,280327710.0,2.2511368240961804,2.2211
HK.00386,中国石油化工股份,2021-11-17 00:00:00,2.2411,2.2311,2.2711,2.2111,11.63,0.00195,49787075,188390482.0,-1.7612610629210528,2.2711
HK.00386,中国石油化工股份,2021-11-18 00:00:00,2.2111,2.1811,2.2311,2.1711,11.476,0.003,76610725,286185147.0,-2.241047017166432,2.2311
HK.00386,中国石油化工股份,2021-11-19 00:00:00,2.1511,2.1811,2.1911,2.1311,11.476,0.00391,99782267,370687010.0,0.0,2.1811
HK.00386,中国石油化工股份,2021-11-22 00:00:00,2.1511,2.0711,2.1611,2.0611,11.138,0.00585,149300508,544171904.0,-5.04332676172573,2.1811
HK.00386,中国石油化工股份,2021-11-23 00:00:00,2.0811,2.1011,2.1311,2.0511,11.23,0.00374,95348824,348029017.0,1.448505625030189,2.0711
HK.00386,中国石油化工股份,2021-11-24 00:00:00,2.1611,2.1611,2.2011,2.1511,11.415,0.00377,96292559,358564742.0,2.855647042025587,2.1011
HK.00386,中国石油化工股份,2021-11-25 00:00:00,2.1611,2.1211,2.1611,2.1011,11.292,0.00189,48233016,177322344.0,-1.8509092591735503,2.1611
HK.00386,中国石油化工股份,2021-11-26 00:00:00,2.0911,2.0111,2.0911,2.0111,10.953,0.00518,132102219,473663103.0,-5.185988402244133,2.1211
HK.00386,中国石油化工股份,2021-11-29 00:00:00,1.9611,1.9711,2.0411,1.9511,10.83,0.005,127535189,450683246.0,-1.9889612649793553,2.0111
HK.00386,中国石油化工股份,2021-11-30 00:00:00,1.9511,1.8611,2.0111,1.8611,10.492,0.0098,250062872,860219760.0,-5.580640251636147,1.9711
HK.00386,中国石油化工股份,2021-12-01 00:00:00,1.8811,1.9611,2.0111,1.8711,10.8,0.00688,175444650,613977365.0,5.3731664069636285,1.8611
HK.00386,中国石油化工股份,2021-12-02 00:00:00,1.9311,2.0511,2.1311,1.9311,11.076,0.00712,181720375,653668740.0,4.58926112895823,1.9611
HK.00386,中国石油化工股份,2021-12-03 00:00:00,2.0411,2.1211,2.1611,2.0011,11.292,0.00732,186841399,683555466.0,3.4128028862561695,2.0511
HK.00386,中国石油化工股份,2021-12-06 00:00:00,2.1111,2.1011,2.1711,2.0811,11.23,0.00265,67499919,247627147.0,-0.9429069822262042,2.1211
HK.00386,中国石油化工股份,2021-12-07 00:00:00,2.1111,2.1511,2.1911,2.1111,11.384,0.0027,68826152,254743772.0,2.379705868354663,2.1011
HK.00386,中国石油化工股份,2021-12-08 00:00:00,2.2011,2.1811,2.2011,2.1311,11.476,0.00282,71892291,267541142.0,1.3946353028682907,2.1511
HK.00386,中国石油化工股份,2021-12-09 00:00:00,2.1911,2.1811,2.2411,2.1711,11.476,0.00279,71132611,266594170.0,0.0,2.1811
HK.00386,中国石油化工股份,2021-12-10 00:00:00,2.1511,2.1311,2.2011,2.1111,11.323,0.00276,70318068,259765004.0,-2.2924212553298715,2.1811
HK.00386,中国石油化工股份,2021-12-13 00:00:00,2.1411,2.1711,2.2011,2.1111,11.446,0.00238,60664937,225626328.0,1.8769649476796035,2.1311
HK.00386,中国石油化工股份,2021-12-14 00:00:00,2.1711,2.1311,2.1811,2.1211,11.323,0.0022,56244293,207559335.0,-1.8423840449541724,2.1711
HK.00386,中国石油化工股份,2021-12-15 00:00:00,2.1111,2.1211,2.1511,2.0811,11.292,0.00125,31884257,116983771.0,-0.4692412369198905,2.1311
HK.00386,中国石油化工股份,2021-12-16 00:00:00,2.1011,2.1511,2.1711,2.1011,11.384,0.00201,51341656,189664976.0,1.4143604733392958,2.1211
HK.00386,中国石油化工股份,2021-12-17 00:00:00,2.1711,2.1211,2.2011,2.1211,11.292,0.00265,67667456,249616828.0,-1.3946353028682907,2.1511
HK.00386,中国石油化工股份,2021-12-20 00:00:00,2.1211,2.0711,2.1411,2.0611,11.138,0.00276,70418469,255455178.0,-2.3572674555655206,2.1211
HK.00386,中国石油化工股份,2021-12-21 00:00:00,2.0811,2.0411,2.1011,2.0311,11.046,0.00304,77641015,279934540.0,-1.4485056250301678,2.0711
HK.00386,中国石油化工股份,2021-12-22 00:00:00,2.0611,2.0511,2.0711,2.0311,11.076,0.00116,29568179,106397798.0,0.4899318994659637,2.0411
HK.00386,中国石油化工股份,2021-12-23 00:00:00,2.0911,2.1411,2.1511,2.0711,11.353,0.00193,49249178,180995595.0,4.387889425186478,2.0511
HK.00386,中国石油化工股份,2021-12-24 00:00:00,2.1511,2.1411,2.1711,2.1211,11.353,0.00071,18058269,66680860.0,0.0,2.1411
HK.00386,中国石油化工股份,2021-12-28 00:00:00,2.1511,2.1611,2.2011,2.1311,11.415,0.00184,46960904,174401463.0,0.9340992947550334,2.1411
HK.00386,中国石油化工股份,2021-12-29 00:00:00,2.2011,2.1211,2.2011,2.1111,11.292,0.00128,32778759,120518524.0,-1.8509092591735503,2.1611
HK.00386,中国石油化工股份,2021-12-30 00:00:00,2.1511,2.0711,2.1511,2.0511,11.138,0.00311,79435536,288727236.0,-2.3572674555655206,2.1211
HK.00386,中国石油化工股份,2021-12-31 00:00:00,2.0611,2.0811,2.1211,2.0611,11.169,0.00108,27546059,100230420.0,0.4828352083434036,2.0711
HK.00386,中国石油化工股份,2022-01-03 00:00:00,2.1211,2.1411,2.1611,2.0811,11.353,0.00161,41141981,151651307.0,2.8830906732016532,2.0811
HK.00386,中国石油化工股份,2022-01-04 00:00:00,2.1811,2.1711,2.2011,2.1311,11.446,0.0029,74097733,276143281.0,1.4011489421325605,2.1411
HK.00386,中国石油化工股份,2022-01-05 00:00:00,2.2211,2.2911,2.3111,2.1911,11.815,0.0068,173606897,663533730.0,5.527152134862517,2.1711
HK.00386,中国石油化工股份,2022-01-06 00:00:00,2.3111,2.2811,2.3211,2.2311,11.784,0.0028,71416064,273062636.0,-0.4364715638776234,2.2911
HK.00386,中国石油化工股份,2022-01-07 00:00:00,2.2911,2.3611,2.3711,2.2811,12.03,0.00409,104354612,406114148.0,3.5070799175836256,2.2811
HK.00386,中国石油化工股份,2022-01-10 00:00:00,2.3111,2.3111,2.3511,2.2811,11.876,0.00322,82201344,317395210.0,-2.117657024268342,2.3611
HK.00386,中国石油化工股份,2022-01-11 00:00:00,2.2811,2.3311,2.3511,2.2811,11.938,0.00219,55792976,216156986.0,0.8653887759075771,2.3111
HK.00386,中国石油化工股份,2022-01-12 00:00:00,2.4011,2.3811,2.4111,2.3511,12.092,0.00395,100903030,396142113.0,2.144910128265618,2.3311
HK.00386,中国石油化工股份,2022-01-13 00:00:00,2.4211,2.4811,2.511099999,2.4211,12.4,0.00558,142258574,573603961.0,4.199739616143803,2.3811
HK.00386,中国石油化工股份,2022-01-14 00:00:00,2.4911,2.4511,2.5011,2.4211,12.307,0.00305,77859951,311620767.0,-1.2091411067671698,2.4811
HK.00386,中国石油化工股份,2022-01-17 00:00:00,2.5011,2.5011,2.5011,2.4311,12.461,0.00293,74695918,300754381.0,2.0399004528579114,2.4511
HK.00386,中国石油化工股份,2022-01-18 00:00:00,2.4811,2.5711,2.5711,2.4411,12.676,0.00376,95972307,391224659.0,2.798768541841583,2.5011
HK.00386,中国石油化工股份,2022-01-19 00:00:00,2.5811,2.6111,2.6411,2.5711,12.8,0.00489,124751826,518259337.0,1.5557543463887067,2.5711
HK.00386,中国石油化工股份,2022-01-20 00:00:00,2.6511,2.5611,2.6511,2.511099999,12.646,0.00516,131739620,541097013.0,-1.9149017655394212,2.6111
HK.00386,中国石油化工股份,2022-01-21 00:00:00,2.5011,2.5611,2.5811,2.4811,12.646,0.0067,170819191,695110549.0,0.0,2.5611
HK.00386,中国石油化工股份,2022-01-24 00:00:00,2.551099999,2.5811,2.6011,2.511099999,12.707,0.00335,85415791,352257702.0,0.7809144508219131,2.5611
HK.00386,中国石油化工股份,2022-01-25 00:00:00,2.5011,2.5011,2.5211,2.4511,12.461,0.00411,104868309,422949414.0,-3.099453721281627,2.5811
HK.00386,中国石油化工股份,2022-01-26 00:00:00,2.471099999,2.511099999,2.5811,2.471099999,12.492,0.00356,90800708,370480022.0,0.39982403742352174,2.5011
HK.00386,中国石油化工股份,2022-01-27 00:00:00,2.471099999,2.511099999,2.5211,2.4511,12.492,0.00367,93746364,378640279.0,0.0,2.511099999
HK.00386,中国石油化工股份,2022-01-28 00:00:00,2.5311,2.511099999,2.5611,2.471099999,12.492,0.00354,90439408,367350967.0,0.0,2.511099999
HK.00386,中国石油化工股份,2022-01-31 00:00:00,2.5211,2.5311,2.5711,2.4811,12.553,0.00174,44503830,181641484.0,0.7964637413071857,2.511099999
HK.00386,中国石油化工股份,2022-02-04 00:00:00,2.6011,2.591099999,2.6011,2.5411,12.738,0.00295,75240225,310715902.0,2.370510805578601,2.5311
HK.00386,中国石油化工股份,2022-02-07 00:00:00,2.5711,2.6611,2.6811,2.551099999,12.953,0.00503,128265604,536652798.0,2.7015553636299443,2.591099999
HK.00386,中国石油化工股份,2022-02-08 00:00:00,2.6911,2.6511,2.7311,2.591099999,12.923,0.00424,108102339,455042865.0,-0.3757844500394494,2.6611
HK.00386,中国石油化工股份,2022-02-09 00:00:00,2.6511,2.671099999,2.7011,2.6011,12.984,0.00346,88317685,371783048.0,0.7544037946512744,2.6511
HK.00386,中国石油化工股份,2022-02-10 00:00:00,2.6411,2.6411,2.7011,2.631099999,12.892,0.0032,81588381,342647240.0,-1.123132754716465,2.671099999
HK.00386,中国石油化工股份,2022-02-11 00:00:00,2.6411,2.6611,2.6811,2.6111,12.953,0.00323,82405836,346781626.0,0.7572602324788921,2.6411
HK.00386,中国石油化工股份,2022-02-14 00:00:00,2.6611,2.631099999,2.721099999,2.6211,12.861,0.00385,98130348,412099957.0,-1.127353387696813,2.6611
HK.00386,中国石油化工股份,2022-02-15 00:00:00,2.631099999,2.4811,2.631099999,2.4511,12.4,0.00579,147807423,597299027.0,-5.701037553001035,2.631099999
HK.00386,中国石油化工股份,2022-02-16 00:00:00,2.4411,2.4911,2.511099999,2.4211,12.43,0.00488,124585659,501118970.0,0.4030470355890446,2.4811
HK.00386,中国石油化工股份,2022-02-17 00:00:00,2.5411,2.5411,2.5711,2.511099999,12.584,0.0027,68930593,282063783.0,2.007145437758431,2.4911
HK.00386,中国石油化工股份,2022-02-18 00:00:00,2.511099999,2.5211,2.551099999,2.4911,12.523,0.00408,104195471,424155736.0,-0.7870607217346824,2.5411
HK.00386,中国石油化工股份,2022-02-21 00:00:00,2.551099999,2.5311,2.551099999,2.4911,12.553,0.00213,54348305,221702413.0,0.396652254968061,2.5211
HK.00386,中国石油化工股份,2022-02-22 00:00:00,2.5311,2.511099999,2.5811,2.471099999,12.492,0.00358,91436670,370879424.0,-0.7901703212042236,2.5311
HK.00386,中国石油化工股份,2022-02-23 00:00:00,2.511099999,2.5011,2.5311,2.4611,12.461,0.00209,53300573,215931320.0,-0.3982318109188014,2.511099999
HK.00386,中国石油化工股份,2022-02-24 00:00:00,2.5011,2.4611,2.551099999,2.4511,12.338,0.00558,142325696,574444918.0,-1.599296309623767,2.5011
HK.00386,中国石油化工股份,2022-02-25 00:00:00,2.4511,2.3411,2.471099999,2.2911,11.969,0.00776,197886786,771867031.0,-4.875868514079074,2.4611
HK.00386,中国石油化工股份,2022-02-28 00:00:00,2.3611,2.3111,2.3811,2.2511,11.876,0.00689,175777604,676642926.0,-1.2814488915467004,2.3411
HK.00386,中国石油化工股份,2022-03-01 00:00:00,2.3111,2.3111,2.3511,2.2711,11.876,0.00356,90902412,350625757.0,0.0,2.3111
HK.00386,中国石油化工股份,2022-03-02 00:00:00,2.2911,2.3011,2.3811,2.2911,11.846,0.00485,123748550,479265350.0,-0.4326943879537982,2.3111
HK.00386,中国石油化工股份,2022-03-03 00:00:00,2.3011,2.3411,2.3611,2.2911,11.969,0.00315,80323629,312536218.0,1.7382990743557445,2.3011
HK.00386,中国石油化工股份,2022-03-04 00:00:00,2.3211,2.3511,2.3611,2.2711,12.0,0.00396,100923504,391838422.0,0.4271496305155794,2.3411
HK.00386,中国石油化工股份,2022-03-07 00:00:00,2.4011,2.2511,2.4111,2.2311,11.692,0.00522,133231329,512234886.0,-4.253328229339461,2.3511
HK.00386,中国石油化工股份,2022-03-08 00:00:00,2.2711,2.1211,2.2811,2.1011,11.292,0.00757,193074382,719333220.0,-5.774954466705162,2.2511
HK.00386,中国石油化工股份,2022-03-09 00:00:00,2.1111,1.9411,2.1511,1.8711,10.738,0.01487,379502954,1337956877.0,-8.486162840035837,2.1211
HK.00386,中国石油化工股份,2022-03-10 00:00:00,1.9811,2.0011,2.0111,1.9311,10.923,0.00809,206343981,728436801.0,3.0910308587914095,1.9411
HK.00386,中国石油化工股份,2022-03-11 00:00:00,1.9611,1.9711,2.0011,1.9111,10.83,0.00512,130548262,457542587.0,-1.499175453500576,2.0011
HK.00386,中国石油化工股份,2022-03-14 00:00:00,1.9611,1.8811,1.9611,1.8611,10.553,0.00613,156317699,541053621.0,-4.565978387702302,1.9711
HK.00386,中国石油化工股份,2022-03-15 00:00:00,1.8411,1.7611,1.8611,1.7011,10.184,0.01148,292905993,972354168.0,-6.379246185742379,1.8811
HK.00386,中国石油化工股份,2022-03-16 00:00:00,1.8111,1.8311,1.8911,1.7511,10.4,0.00643,164082485,553167607.0,3.9747884844699244,1.7611
HK.00386,中国石油化工股份,2022-03-17 00:00:00,1.8811,2.0511,2.0611,1.8511,11.076,0.00784,200002806,704577490.0,12.014636011140842,1.8311
HK.00386,中国石油化工股份,2022-03-18 00:00:00,2.0611,2.1211,2.1311,2.0211,11.292,0.00892,227695635,830988157.0,3.4128028862561695,2.0511
HK.00386,中国石油化工股份,2022-03-21 00:00:00,2.1311,2.0811,2.1611,2.0611,11.169,0.0053,135119701,493780126.0,-1.8858139644524083,2.1211
HK.00386,中国石油化工股份,2022-03-22 00:00:00,2.1311,2.1711,2.1811,2.1011,11.446,0.00412,105242768,389802902.0,4.324636009802501,2.0811
HK.00386,中国石油化工股份,2022-03-23 00:00:00,2.1111,2.1711,2.1811,2.1111,11.446,0.00385,98233351,363328165.0,0.0,2.1711
HK.00386,中国石油化工股份,2022-03-24 00:00:00,2.1811,2.1911,2.2811,2.1711,11.507,0.00412,105168282,395084875.0,0.9211920224770862,2.1711
HK.00386,中国石油化工股份,2022-03-25 00:00:00,2.1611,2.1611,2.2411,2.1411,11.415,0.00364,92774767,345254657.0,-1.369175300077598,2.1911
HK.00386,中国石油化工股份,2022-03-28 00:00:00,2.3411,2.3111,2.3811,2.2611,11.876,0.01149,293245301,1134631803.0,6.940909721900901,2.1611
HK.00386,中国石油化工股份,2022-03-29 00:00:00,2.3111,2.3411,2.3611,2.2811,5.35,0.00725,185028587,717628671.0,1.2980831638613561,2.3111
HK.00386,中国石油化工股份,2022-03-30 00:00:00,2.3411,2.3611,2.3711,2.3311,5.378,0.0042,107242646,418283725.0,0.85429926103114,2.3411
HK.00386,中国石油化工股份,2022-03-31 00:00:00,2.3611,2.3811,2.4511,2.3511,5.405,0.00547,139609390,552645425.0,0.8470628097073406,2.3611
HK.00386,中国石油化工股份,2022-04-01 00:00:00,2.3811,2.4511,2.4611,2.3611,5.502,0.00798,203603883,811382264.0,2.9398177313006526,2.3811
HK.00386,中国石油化工股份,2022-04-04 00:00:00,2.471099999,2.471099999,2.5211,2.471099999,5.529,0.00443,113086904,456326930.0,0.8159601403451667,2.4511
HK.00386,中国石油化工股份,2022-04-06 00:00:00,2.4911,2.4911,2.5211,2.471099999,5.557,0.00627,160086570,647288094.0,0.8093561979722883,2.471099999
HK.00386,中国石油化工股份,2022-04-07 00:00:00,2.4811,2.3811,2.4911,2.3711,5.405,0.0082,209236355,828971126.0,-4.415719963068519,2.4911
HK.00386,中国石油化工股份,2022-04-08 00:00:00,2.3911,2.4311,2.4511,2.3911,5.474,0.0048,122438795,485790413.0,2.099869808071892,2.3811
HK.00386,中国石油化工股份,2022-04-11 00:00:00,2.4311,2.4211,2.4511,2.3811,5.46,0.00439,111885721,443675271.0,-0.4113364320677795,2.4311
HK.00386,中国石油化工股份,2022-04-12 00:00:00,2.4111,2.3911,2.4311,2.3611,5.419,0.00381,97168455,383117475.0,-1.2391061914006134,2.4211
HK.00386,中国石油化工股份,2022-04-13 00:00:00,2.4111,2.4511,2.471099999,2.3911,5.502,0.00433,110390464,441242837.0,2.5093053406382024,2.3911
HK.00386,中国石油化工股份,2022-04-14 00:00:00,2.4511,2.4511,2.4911,2.4311,5.502,0.0036,91872770,367889241.0,0.0,2.4511
HK.00386,中国石油化工股份,2022-04-19 00:00:00,2.471099999,2.4511,2.5211,2.4211,5.502,0.00365,93230752,374429289.0,0.0,2.4511
HK.00386,中国石油化工股份,2022-04-20 00:00:00,2.4511,2.4111,2.471099999,2.4011,5.447,0.00339,86490469,344026304.0,-1.631920362286322,2.4511
HK.00386,中国石油化工股份,2022-04-21 00:00:00,2.4311,2.4111,2.4511,2.3811,5.447,0.00353,90047207,356405701.0,0.0,2.4111
HK.00386,中国石油化工股份,2022-04-22 00:00:00,2.3811,2.4411,2.4411,2.3611,5.488,0.00383,97668365,387626656.0,1.244245365186025,2.4111
HK.00386,中国石油化工股份,2022-04-25 00:00:00,2.3511,2.3111,2.3811,2.2811,5.309,0.00763,194681566,755704336.0,-5.325468026709266,2.4411
HK.00386,中国石油化工股份,2022-04-26 00:00:00,2.2911,2.2611,2.3211,2.2511,5.24,0.00352,89916767,343817127.0,-2.163471939768953,2.3111
HK.00386,中国石油化工股份,2022-04-27 00:00:00,2.2611,2.2711,2.3011,2.2511,5.254,0.00469,119592011,458051253.0,0.44226261554111856,2.2611
HK.00386,中国石油化工股份,2022-04-28 00:00:00,2.2911,2.3311,2.3711,2.2711,5.337,0.00587,149672328,578321779.0,2.6418915943815793,2.2711
HK.00386,中国石油化工股份,2022-04-29 00:00:00,2.3511,2.3411,2.3611,2.2811,5.35,0.0056,142918775,552874093.0,0.428982025653116,2.3311
HK.00386,中国石油化工股份,2022-05-03 00:00:00,2.3111,2.3611,2.3811,2.3011,5.378,0.00216,55172393,215412842.0,0.85429926103114,2.3411
HK.00386,中国石油化工股份,2022-05-04 00:00:00,2.3911,2.3811,2.4011,2.3611,5.405,0.0017,43300876,170063471.0,0.8470628097073406,2.3611
HK.00386,中国石油化工股份,2022-05-05 00:00:00,2.4311,2.4011,2.4411,2.3911,5.433,0.00367,93593373,370902855.0,0.8399479232287606,2.3811
HK.00386,中国石油化工股份,2022-05-06 00:00:00,2.3711,2.3611,2.3811,2.3311,5.378,0.00287,73168213,285645766.0,-1.665903127733124,2.4011
HK.00386,中国石油化工股份,2022-05-10 00:00:00,2.3011,2.2811,2.3111,2.2211,5.268,0.00651,166188672,633848516.0,-3.3882512388293624,2.3611
HK.00386,中国石油化工股份,2022-05-11 00:00:00,2.2511,2.3211,2.3311,2.2511,5.323,0.00361,92224192,355134225.0,1.7535399587918128,2.2811
HK.00386,中国石油化工股份,2022-05-12 00:00:00,2.3411,2.2811,2.3411,2.2711,5.268,0.0037,94433697,362917617.0,-1.72332083925725,2.3211
HK.00386,中国石油化工股份,2022-05-13 00:00:00,2.2911,2.3211,2.3411,2.2911,5.323,0.00405,103331745,399311245.0,1.7535399587918128,2.2811
HK.00386,中国石油化工股份,2022-05-16 00:00:00,2.3411,2.3311,2.3511,2.3011,5.337,0.00249,63455469,245711030.0,0.4308302098143222,2.3211
HK.00386,中国石油化工股份,2022-05-17 00:00:00,2.3611,2.3911,2.4011,2.3411,5.419,0.00489,124820901,490573785.0,2.573892153918734,2.3311
HK.00386,中国石油化工股份,2022-05-18 00:00:00,2.3811,2.4111,2.4311,2.3711,5.447,0.00412,105152563,415980547.0,0.8364351135460675,2.3911
HK.00386,中国石油化工股份,2022-05-19 00:00:00,2.3611,2.3811,2.4111,2.3511,5.405,0.00322,82199826,323463494.0,-1.2442453651860066,2.4111
HK.00386,中国石油化工股份,2022-05-20 00:00:00,2.4311,2.4611,2.471099999,2.4211,5.515,0.00448,114222195,457144194.0,3.359791692915042,2.3811
HK.00386,中国石油化工股份,2022-05-23 00:00:00,2.4311,2.4311,2.4511,2.4111,5.474,0.00329,84057446,334556072.0,-1.2189671285197776,2.4611
HK.00386,中国石油化工股份,2022-05-24 00:00:00,2.4311,2.4311,2.471099999,2.4211,5.474,0.0041,104597139,417963775.0,0.0,2.4311
HK.00386,中国石油化工股份,2022-05-25 00:00:00,2.4611,2.5411,2.551099999,2.4511,5.625,0.00596,151999512,618297916.0,4.524700752745684,2.4311
HK.00386,中国石油化工股份,2022-05-26 00:00:00,2.5411,2.5311,2.551099999,2.5011,5.612,0.00389,99286753,404496203.0,-0.39353036086735,2.5411
HK.00386,中国石油化工股份,2022-05-27 00:00:00,2.5611,2.5811,2.6011,2.5611,5.68,0.00847,216089477,891631761.0,1.9754257042392742,2.5311
HK.00386,中国石油化工股份,2022-05-30 00:00:00,2.6211,2.6011,2.6411,2.591099999,5.708,0.0095,242496074,1010755559.0,0.7748634303204067,2.5811
HK.00386,中国石油化工股份,2022-05-31 00:00:00,2.6427,2.6027,2.6527,2.5727,5.213,0.01081,275897741,1045214273.0,0.06151243704585844,2.6011
HK.00386,中国石油化工股份,2022-06-01 00:00:00,2.6127,2.5727,2.6227,2.5627,5.171,0.00576,146895120,553684783.0,-1.1526491720136705,2.6027
HK.00386,中国石油化工股份,2022-06-02 00:00:00,2.5927,2.5427,2.5927,2.5127,5.13,0.00595,151850781,564969462.0,-1.1660900998950614,2.5727
HK.00386,中国石油化工股份,2022-06-06 00:00:00,2.6027,2.6127,2.6127,2.5627,5.226,0.00493,125767731,475047140.0,2.75297911668698,2.5427
HK.00386,中国石油化工股份,2022-06-07 00:00:00,2.6527,2.5827,2.6627,2.5727,5.185,0.00386,98448110,373449325.0,-1.1482374555057913,2.6127
HK.00386,中国石油化工股份,2022-06-08 00:00:00,2.6227,2.6227,2.6227,2.5427,5.24,0.0059,150549229,569583907.0,1.5487667944399286,2.5827
HK.00386,中国石油化工股份,2022-06-09 00:00:00,2.5927,2.6027,2.6327,2.5827,5.213,0.00386,98513790,373743479.0,-0.7625729210355747,2.6227
HK.00386,中国石油化工股份,2022-06-10 00:00:00,2.5627,2.5227,2.5827,2.4927,5.103,0.00465,118651736,441025353.0,-3.073731125369811,2.6027
HK.00386,中国石油化工股份,2022-06-13 00:00:00,2.4927,2.4627,2.5027,2.4427,5.02,0.00474,120866931,442295549.0,-2.3784040908550383,2.5227
HK.00386,中国石油化工股份,2022-06-14 00:00:00,2.4327,2.4427,2.4627,2.3927,4.993,0.00373,95169204,344140631.0,-0.8121167823933089,2.4627
HK.00386,中国石油化工股份,2022-06-15 00:00:00,2.4127,2.3927,2.4427,2.3727,4.924,0.00559,142495480,512682645.0,-2.046915298644935,2.4427
HK.00386,中国石油化工股份,2022-06-16 00:00:00,2.3927,2.3227,2.4127,2.2927,4.828,0.00672,171457874,603749596.0,-2.9255652610022085,2.3927
HK.00386,中国石油化工股份,2022-06-17 00:00:00,2.2727,2.3127,2.3227,2.2727,4.814,0.00721,183849593,642136552.0,-0.43053343092092095,2.3227
HK.00386,中国石油化工股份,2022-06-20 00:00:00,2.2427,2.2927,2.3027,2.1927,4.786,0.00615,156877629,538264005.0,-0.8647900722099718,2.3127
HK.00386,中国石油化工股份,2022-06-21 00:00:00,2.2827,2.3427,2.3527,2.2627,4.855,0.00401,102381314,359429292.0,2.1808348235704553,2.2927
HK.00386,中国石油化工股份,2022-06-22 00:00:00,2.3227,2.2427,2.3327,2.2327,4.718,0.00555,141693797,490116030.0,-4.268578990054197,2.3427
HK.00386,中国石油化工股份,2022-06-23 00:00:00,2.2427,2.2927,2.3027,2.2427,4.786,0.00347,88442993,306309410.0,2.2294555669505427,2.2427
HK.00386,中国石油化工股份,2022-06-24 00:00:00,2.2827,2.2927,2.3027,2.2427,4.786,0.00329,83864255,289731945.0,0.0,2.2927
HK.00386,中国石油化工股份,2022-06-27 00:00:00,2.3127,2.3327,2.3327,2.2927,4.841,0.0036,91751630,321568357.0,1.744667858856372,2.2927
HK.00386,中国石油化工股份,2022-06-28 00:00:00,2.3327,2.4127,2.4127,2.3227,4.951,0.0045,114741210,410341709.0,3.4295022934796617,2.3327
HK.00386,中国石油化工股份,2022-06-29 00:00:00,2.3927,2.3727,2.4527,2.3627,4.896,0.00328,83711997,300175341.0,-1.6578936461226026,2.4127
HK.00386,中国石油化工股份,2022-06-30 00:00:00,2.3627,2.3427,2.3927,2.3427,4.855,0.00326,83094635,295251483.0,-1.2643823492224153,2.3727
HK.00386,中国石油化工股份,2022-07-04 00:00:00,2.3227,2.3527,2.3627,2.3227,4.869,0.00222,56644616,199736126.0,0.426857899005431,2.3427
HK.00386,中国石油化工股份,2022-07-05 00:00:00,2.3427,2.3427,2.4027,2.3427,4.855,0.00357,91191238,323506711.0,-0.4250435669656238,2.3527
HK.00386,中国石油化工股份,2022-07-06 00:00:00,2.3127,2.3127,2.3227,2.2627,4.814,0.00466,118868727,413264074.0,-1.2805736970162551,2.3427
HK.00386,中国石油化工股份,2022-07-07 00:00:00,2.2727,2.3027,2.3127,2.2627,4.8,0.00228,58167338,202223871.0,-0.4323950361049763,2.3127
HK.00386,中国石油化工股份,2022-07-08 00:00:00,2.3327,2.2927,2.3527,2.2827,4.786,0.00258,65903555,230512814.0,-0.4342728101793647,2.3027
HK.00386,中国石油化工股份,2022-07-11 00:00:00,2.2927,2.2727,2.3227,2.2627,4.759,0.00235,59937301,207998706.0,-0.872333929428186,2.2927
HK.00386,中国石油化工股份,2022-07-12 00:00:00,2.2727,2.2827,2.3227,2.2727,4.773,0.00195,49654449,172606635.0,0.4400052800633709,2.2727
HK.00386,中国石油化工股份,2022-07-13 00:00:00,2.2827,2.2827,2.3127,2.2727,4.773,0.002,51042318,177451346.0,0.0,2.2827
HK.00386,中国石油化工股份,2022-07-14 00:00:00,2.2827,2.2527,2.2927,2.2527,4.731,0.00247,63118608,217990161.0,-1.3142331449599267,2.2827
HK.00386,中国石油化工股份,2022-07-15 00:00:00,2.2327,2.2327,2.2927,2.2227,4.704,0.00506,129122946,444449552.0,-0.887823500688064,2.2527
HK.00386,中国石油化工股份,2022-07-18 00:00:00,2.2727,2.3927,2.4127,2.2527,4.924,0.00509,129796323,460468650.0,7.166211313656118,2.2327
HK.00386,中国石油化工股份,2022-07-19 00:00:00,2.3627,2.4027,2.4127,2.3627,4.938,0.00171,43595294,156320072.0,0.41793789442887896,2.3927
HK.00386,中国石油化工股份,2022-07-20 00:00:00,2.4227,2.4027,2.4327,2.3927,4.938,0.00171,43621014,156878491.0,0.0,2.4027
HK.00386,中国石油化工股份,2022-07-21 00:00:00,2.3727,2.3827,2.4027,2.3527,4.91,0.00244,62262890,221912826.0,-0.832396886835644,2.4027
HK.00386,中国石油化工股份,2022-07-22 00:00:00,2.3927,2.3727,2.4027,2.3527,4.896,0.00154,39298008,139804638.0,-0.41969194611154514,2.3827
HK.00386,中国石油化工股份,2022-07-25 00:00:00,2.3727,2.4027,2.4227,2.3627,4.938,0.00239,60949894,218945268.0,1.2643823492223967,2.3727
HK.00386,中国石油化工股份,2022-07-26 00:00:00,2.4427,2.4827,2.5027,2.4227,5.048,0.004,101979675,373268111.0,3.329587547342576,2.4027
HK.00386,中国石油化工股份,2022-07-27 00:00:00,2.4827,2.4727,2.5027,2.4527,5.034,0.00211,53800577,197255893.0,-0.4027872880331811,2.4827
HK.00386,中国石油化工股份,2022-07-28 00:00:00,2.4827,2.5027,2.5227,2.4727,5.075,0.00337,85863212,316736840.0,1.2132486755368546,2.4727
HK.00386,中国石油化工股份,2022-07-29 00:00:00,2.5027,2.5127,2.5327,2.4427,5.089,0.00337,85969866,316571131.0,0.39956846605666807,2.5027
HK.00386,中国石油化工股份,2022-08-01 00:00:00,2.5227,2.5127,2.5327,2.4727,5.089,0.00205,52252118,193023898.0,0.0,2.5127
HK.00386,中国石油化工股份,2022-08-02 00:00:00,2.4427,2.4127,2.4627,2.3827,4.951,0.00405,103431756,373321187.0,-3.9797827038643723,2.5127
HK.00386,中国石油化工股份,2022-08-03 00:00:00,2.4127,2.4127,2.4527,2.3827,4.951,0.00169,43071901,155088953.0,0.0,2.4127
HK.00386,中国石油化工股份,2022-08-04 00:00:00,2.4127,2.4027,2.4427,2.3727,4.938,0.00266,67969675,244148637.0,-0.4144734115306599,2.4127
HK.00386,中国石油化工股份,2022-08-05 00:00:00,2.4127,2.3927,2.4127,2.3727,4.924,0.00169,43010201,154010176.0,-0.4161984434178128,2.4027
HK.00386,中国石油化工股份,2022-08-08 00:00:00,2.3827,2.4427,2.4427,2.3727,4.993,0.00189,48214195,173996546.0,2.089689472144432,2.3927
HK.00386,中国石油化工股份,2022-08-09 00:00:00,2.4127,2.4827,2.4927,2.4127,5.048,0.00287,73310491,267875665.0,1.6375322389159552,2.4427
HK.00386,中国石油化工股份,2022-08-10 00:00:00,2.5027,2.4627,2.5027,2.4427,5.02,0.00147,37473278,136923236.0,-0.80557457606638,2.4827
HK.00386,中国石油化工股份,2022-08-11 00:00:00,2.4627,2.4727,2.5027,2.4427,5.034,0.0018,46006886,168547333.0,0.4060583911966635,2.4627
HK.00386,中国石油化工股份,2022-08-12 00:00:00,2.5027,2.5427,2.5627,2.4927,5.13,0.00343,87632965,326660800.0,2.8309135762526725,2.4727
HK.00386,中国石油化工股份,2022-08-15 00:00:00,2.4827,2.4327,2.4927,2.4227,4.979,0.00499,127311563,463253346.0,-4.326110040508117,2.5427
HK.00386,中国石油化工股份,2022-08-16 00:00:00,2.4127,2.3727,2.4127,2.3627,4.896,0.0044,112286592,400227423.0,-2.4663953631767193,2.4327
HK.00386,中国石油化工股份,2022-08-17 00:00:00,2.3827,2.4327,2.4627,2.3727,4.979,0.00302,77024625,278487201.0,2.528764698444812,2.3727
HK.00386,中国石油化工股份,2022-08-18 00:00:00,2.4327,2.4327,2.4627,2.4127,4.979,0.00253,64632339,234076239.0,0.0,2.4327
HK.00386,中国石油化工股份,2022-08-19 00:00:00,2.4327,2.4627,2.5027,2.4327,5.02,0.00336,85741641,313726242.0,1.2331976815883505,2.4327
HK.00386,中国石油化工股份,2022-08-22 00:00:00,2.4527,2.4827,2.5027,2.4427,5.048,0.00456,116359658,426853430.0,0.8121167823933089,2.4627
HK.00386,中国石油化工股份,2022-08-23 00:00:00,2.4627,2.4727,2.5127,2.4527,5.034,0.00418,106659069,391551476.0,-0.4027872880331811,2.4827
HK.00386,中国石油化工股份,2022-08-24 00:00:00,2.5027,2.4827,2.5227,2.4427,5.048,0.00312,79540704,291543992.0,0.40441622517894554,2.4727
HK.00386,中国石油化工股份,2022-08-25 00:00:00,2.4727,2.5327,2.5527,2.4527,5.116,0.00385,98287646,364686422.0,2.013936440165959,2.4827
HK.00386,中国石油化工股份,2022-08-26 00:00:00,2.5527,2.6327,2.6327,2.5327,5.254,0.00724,184626015,699981499.0,3.9483555099301,2.5327
HK.00386,中国石油化工股份,2022-08-29 00:00:00,2.5827,2.5727,2.6127,2.5127,5.171,0.00692,176535898,663933692.0,-2.279029133589076,2.6327
HK.00386,中国石油化工股份,2022-08-30 00:00:00,2.5827,2.5627,2.5927,2.5427,5.158,0.00413,105371210,395631910.0,-0.3886966999650262,2.5727
HK.00386,中国石油化工股份,2022-08-31 00:00:00,2.5327,2.5227,2.5527,2.4927,5.103,0.00623,158873747,588506704.0,-1.5608537870215022,2.5627
HK.00386,中国石油化工股份,2022-09-01 00:00:00,2.4927,2.4527,2.5127,2.4327,5.006,0.0061,155601992,568498888.0,-2.7748047726642024,2.5227
HK.00386,中国石油化工股份,2022-09-02 00:00:00,2.4327,2.4427,2.4627,2.4127,4.993,0.00389,99169622,359568283.0,-0.4077139478941669,2.4527
HK.00386,中国石油化工股份,2022-09-05 00:00:00,2.4427,2.5127,2.5227,2.4327,5.089,0.00563,143611121,528684860.0,2.8656814181029304,2.4427
HK.00386,中国石油化工股份,2022-09-06 00:00:00,2.5027,2.4827,2.5327,2.4827,5.048,0.00382,97522424,359996218.0,-1.1939348111593207,2.5127
HK.00386,中国石油化工股份,2022-09-07 00:00:00,2.4727,2.4627,2.4827,2.4327,5.02,0.00351,89476183,325507732.0,-0.80557457606638,2.4827
HK.00386,中国石油化工股份,2022-09-08 00:00:00,2.4478,2.4478,2.4778,2.4278,4.745,0.00501,127774883,441589477.0,-0.6050270028830111,2.4627
HK.00386,中国石油化工股份,2022-09-09 00:00:00,2.4578,2.5278,2.5478,2.4478,4.855,0.00387,98702588,346729343.0,3.2682408693520744,2.4478
HK.00386,中国石油化工股份,2022-09-13 00:00:00,2.5378,2.5678,2.5778,2.5378,4.91,0.00351,89640501,319088727.0,1.5824036711765184,2.5278
HK.00386,中国石油化工股份,2022-09-14 00:00:00,2.4978,2.5078,2.5378,2.4878,4.828,0.00241,61402318,215791419.0,-2.336630578705509,2.5678
HK.00386,中国石油化工股份,2022-09-15 00:00:00,2.4978,2.4978,2.5378,2.4778,4.814,0.00204,51943196,182062102.0,-0.3987558816492635,2.5078
HK.00386,中国石油化工股份,2022-09-16 00:00:00,2.4678,2.4678,2.4978,2.4478,4.773,0.00467,119132294,413021642.0,-1.201056930098479,2.4978
HK.00386,中国石油化工股份,2022-09-19 00:00:00,2.4678,2.4478,2.4978,2.4478,4.745,0.00311,79340678,274389111.0,-0.8104384471999359,2.4678
HK.00386,中国石油化工股份,2022-09-20 00:00:00,2.4478,2.4478,2.4778,2.4378,4.745,0.00328,83808213,289397123.0,0.0,2.4478
HK.00386,中国石油化工股份,2022-09-21 00:00:00,2.4578,2.4478,2.4678,2.4178,4.745,0.00366,93464030,321780392.0,0.0,2.4478
HK.00386,中国石油化工股份,2022-09-22 00:00:00,2.4078,2.4878,2.5078,2.4078,4.8,0.00489,124761244,432203912.0,1.6341204346760372,2.4478
HK.00386,中国石油化工股份,2022-09-23 00:00:00,2.4678,2.5378,2.5978,2.4678,4.869,0.00679,173324652,617025230.0,2.0098078623683504,2.4878
HK.00386,中国石油化工股份,2022-09-26 00:00:00,2.4978,2.4278,2.5278,2.3978,4.718,0.00608,155124275,535295762.0,-4.33446292063992,2.5378
HK.00386,中国石油化工股份,2022-09-27 00:00:00,2.3978,2.4078,2.4578,2.3678,4.69,0.00485,123618441,420276383.0,-0.823791086580444,2.4278
HK.00386,中国石油化工股份,2022-09-28 00:00:00,2.3678,2.3078,2.3978,2.2978,4.552,0.00594,151513622,506407051.0,-4.153168867846171,2.4078
HK.00386,中国石油化工股份,2022-09-29 00:00:00,2.3278,2.2878,2.4178,2.2578,4.525,0.00478,121914842,404638601.0,-0.8666262241095424,2.3078
HK.00386,中国石油化工股份,2022-09-30 00:00:00,2.3078,2.3678,2.3878,2.2878,4.635,0.004,102137173,343094320.0,3.496809161640007,2.2878
HK.00386,中国石油化工股份,2022-10-03 00:00:00,2.3278,2.3478,2.3578,2.2978,4.607,0.0019,48514330,162023476.0,-0.8446659346228574,2.3678
HK.00386,中国石油化工股份,2022-10-05 00:00:00,2.4378,2.4878,2.4978,2.3878,4.8,0.00481,122618237,422872799.0,5.963029218843178,2.3478
HK.00386,中国石油化工股份,2022-10-06 00:00:00,2.4878,2.4678,2.5078,2.4578,4.773,0.00234,59816545,208056781.0,-0.8039231449473436,2.4878
HK.00386,中国石油化工股份,2022-10-07 00:00:00,2.4578,2.4478,2.4878,2.4378,4.745,0.00166,42279479,146263173.0,-0.8104384471999359,2.4678
HK.00386,中国石油化工股份,2022-10-10 00:00:00,2.4178,2.4078,2.4678,2.3978,4.69,0.00327,83493999,286558387.0,-1.6341204346760372,2.4478
HK.00386,中国石油化工股份,2022-10-11 00:00:00,2.4178,2.3878,2.4378,2.3578,4.662,0.00336,85642095,290463374.0,-0.8306337735692341,2.4078
HK.00386,中国石油化工股份,2022-10-12 00:00:00,2.3878,2.3478,2.4178,2.3478,4.607,0.00386,98495904,332025600.0,-1.6751821760616483,2.3878
HK.00386,中国石油化工股份,2022-10-13 00:00:00,2.3378,2.3178,2.3578,2.2978,4.566,0.00419,106906050,355013082.0,-1.2777919754663858,2.3478
HK.00386,中国石油化工股份,2022-10-14 00:00:00,2.3278,2.3678,2.4178,2.3278,4.635,0.00405,103235457,349010923.0,2.157218051600648,2.3178
HK.00386,中国石油化工股份,2022-10-17 00:00:00,2.3478,2.3678,2.3878,2.3278,4.635,0.00287,72977696,245345188.0,0.0,2.3678
HK.00386,中国石油化工股份,2022-10-18 00:00:00,2.3978,2.4078,2.4078,2.3678,4.69,0.00292,74420800,252635134.0,1.6893318692457149,2.3678
HK.00386,中国石油化工股份,2022-10-19 00:00:00,2.3978,2.3878,2.4278,2.3678,4.662,0.0023,58599745,198848958.0,-0.8306337735692341,2.4078
HK.00386,中国石油化工股份,2022-10-20 00:00:00,2.3778,2.3978,2.4078,2.3478,4.676,0.00329,83678537,283475594.0,0.41879554401542135,2.3878
HK.00386,中国石油化工股份,2022-10-21 00:00:00,2.4178,2.4578,2.4778,2.3878,4.759,0.0041,104496832,358593487.0,2.5022937692885163,2.3978
HK.00386,中国石油化工股份,2022-10-24 00:00:00,2.4378,2.3778,2.4578,2.3378,4.649,0.00582,148173076,502386945.0,-3.2549434453576396,2.4578
HK.00386,中国石油化工股份,2022-10-25 00:00:00,2.3978,2.3878,2.3978,2.3178,4.662,0.0065,165413768,557114779.0,0.4205568172259982,2.3778
HK.00386,中国石油化工股份,2022-10-26 00:00:00,2.3678,2.3478,2.3978,2.3278,4.607,0.00476,121061309,407376313.0,-1.6751821760616483,2.3878
HK.00386,中国石油化工股份,2022-10-27 00:00:00,2.3778,2.3678,2.3978,2.3378,4.635,0.0035,89032400,300159052.0,0.8518613169775969,2.3478
HK.00386,中国石油化工股份,2022-10-28 00:00:00,2.3678,2.2978,2.3778,2.2478,4.539,0.00881,224280065,741321484.0,-2.9563307711799918,2.3678
HK.00386,中国石油化工股份,2022-10-31 00:00:00,2.2078,2.0978,2.2278,2.0578,4.264,0.01473,374987882,1177422978.0,-8.70397771781705,2.2978
HK.00386,中国石油化工股份,2022-11-01 00:00:00,2.1478,2.1878,2.2078,2.1278,4.387,0.00625,159165272,505524621.0,4.290208790161136,2.0978
HK.00386,中国石油化工股份,2022-11-02 00:00:00,2.1678,2.2378,2.2578,2.1378,4.456,0.0034,86641049,278998206.0,2.2854008593107147,2.1878
HK.00386,中国石油化工股份,2022-11-03 00:00:00,2.1978,2.2278,2.2578,2.1778,4.442,0.00391,99469979,320032684.0,-0.4468674591116378,2.2378
HK.00386,中国石油化工股份,2022-11-04 00:00:00,2.2578,2.3178,2.3778,2.2178,4.566,0.00616,156945627,521246979.0,4.039859951521694,2.2278
HK.00386,中国石油化工股份,2022-11-07 00:00:00,2.2978,2.3578,2.3978,2.2978,4.621,0.00368,93648060,314751263.0,1.725774441280526,2.3178
HK.00386,中国石油化工股份,2022-11-08 00:00:00,2.3778,2.3778,2.4078,2.3378,4.649,0.00465,118287842,398842187.0,0.8482483671218941,2.3578
HK.00386,中国石油化工股份,2022-11-09 00:00:00,2.3878,2.3778,2.4178,2.3478,4.649,0.00336,85488839,289024430.0,0.0,2.3778
HK.00386,中国石油化工股份,2022-11-10 00:00:00,2.3378,2.3478,2.3478,2.2978,4.607,0.00234,59548102,198062230.0,-1.2616704516780322,2.3778
HK.00386,中国石油化工股份,2022-11-11 00:00:00,2.4378,2.3978,2.4378,2.3678,4.676,0.00567,144426973,489981581.0,2.1296532924440013,2.3478
HK.00386,中国石油化工股份,2022-11-14 00:00:00,2.4478,2.4078,2.4478,2.3878,4.69,0.00559,142437011,486934856.0,0.4170489615480768,2.3978
HK.00386,中国石油化工股份,2022-11-15 00:00:00,2.4378,2.4378,2.4578,2.3978,4.731,0.00483,122870883,421894013.0,1.2459506603538604,2.4078
HK.00386,中国石油化工股份,2022-11-16 00:00:00,2.4478,2.4478,2.4878,2.4178,4.745,0.00431,109761554,379797223.0,0.41020592337352474,2.4378
HK.00386,中国石油化工股份,2022-11-17 00:00:00,2.3978,2.4178,2.4278,2.3878,4.704,0.00475,121027631,412355874.0,-1.225590326007019,2.4478
HK.00386,中国石油化工股份,2022-11-18 00:00:00,2.3978,2.3878,2.4178,2.3678,4.662,0.00292,74282658,251815166.0,-1.2407974191413784,2.4178
HK.00386,中国石油化工股份,2022-11-21 00:00:00,2.3778,2.3978,2.4078,2.3378,4.676,0.00242,61652209,208454414.0,0.41879554401542135,2.3878
HK.00386,中国石油化工股份,2022-11-22 00:00:00,2.3978,2.4678,2.4978,2.3978,4.773,0.00495,125914393,436116127.0,2.9193427308365933,2.3978
HK.00386,中国石油化工股份,2022-11-23 00:00:00,2.4778,2.5078,2.5378,2.4778,4.828,0.00406,103291084,363215645.0,1.6208768943998717,2.4678
HK.00386,中国石油化工股份,2022-11-24 00:00:00,2.5078,2.5278,2.5478,2.4778,4.855,0.0034,86528287,305084217.0,0.7975117632985094,2.5078
HK.00386,中国石油化工股份,2022-11-25 00:00:00,2.5378,2.5578,2.5678,2.5078,4.896,0.00351,89349966,317574481.0,1.1868027533823802,2.5278
HK.00386,中国石油化工股份,2022-11-28 00:00:00,2.5078,2.4978,2.5178,2.4378,4.814,0.00344,87460900,305244474.0,-2.3457658925639246,2.5578
HK.00386,中国石油化工股份,2022-11-29 00:00:00,2.5178,2.5778,2.5978,2.5078,4.924,0.00505,128664208,458296051.0,3.2028184802626343,2.4978
HK.00386,中国石油化工股份,2022-11-30 00:00:00,2.5578,2.6678,2.6778,2.5478,5.048,0.00946,240735112,878516702.0,3.491349212506801,2.5778
HK.00386,中国石油化工股份,2022-12-01 00:00:00,2.6578,2.5978,2.6778,2.5778,4.951,0.00676,172083571,624145562.0,-2.6238848489392113,2.6678
HK.00386,中国石油化工股份,2022-12-02 00:00:00,2.5978,2.5778,2.6178,2.5478,4.924,0.00494,125747717,450450113.0,-0.7698822080221733,2.5978
HK.00386,中国石油化工股份,2022-12-05 00:00:00,2.6178,2.6578,2.6778,2.5778,5.034,0.00559,142263085,517896291.0,3.1034215222282597,2.5778
HK.00386,中国石油化工股份,2022-12-06 00:00:00,2.6578,2.7278,2.7478,2.6278,5.13,0.00609,155114180,574693401.0,2.633757242832412,2.6578
HK.00386,中国石油化工股份,2022-12-07 00:00:00,2.7178,2.6478,2.7278,2.6378,5.02,0.0056,142474024,523929613.0,-2.932766331842497,2.7278
HK.00386,中国石油化工股份,2022-12-08 00:00:00,2.6478,2.6478,2.6678,2.6178,5.02,0.00293,74483044,271321171.0,0.0,2.6478
HK.00386,中国石油化工股份,2022-12-09 00:00:00,2.6678,2.6978,2.7078,2.6578,5.089,0.00406,103369009,381741431.0,1.8883601480474288,2.6478
HK.00386,中国石油化工股份,2022-12-12 00:00:00,2.6478,2.7178,2.7378,2.6478,5.116,0.00406,103363283,384078917.0,0.7413447994662324,2.6978
HK.00386,中国石油化工股份,2022-12-13 00:00:00,2.7278,2.7378,2.7578,2.6978,5.144,0.004,101782258,380689183.0,0.7358893222459348,2.7178
HK.00386,中国石油化工股份,2022-12-14 00:00:00,2.7678,2.7378,2.7878,2.7278,5.144,0.00323,82300734,309312185.0,0.0,2.7378
HK.00386,中国石油化工股份,2022-12-15 00:00:00,2.7378,2.7278,2.7678,2.6978,5.13,0.00232,58965782,219743648.0,-0.3652567755131942,2.7378
HK.00386,中国石油化工股份,2022-12-16 00:00:00,2.7478,2.7378,2.7778,2.7078,5.144,0.0044,112039706,419177348.0,0.3665957914803223,2.7278
HK.00386,中国石油化工股份,2022-12-19 00:00:00,2.7278,2.6978,2.7478,2.6478,5.089,0.00298,75890401,279538954.0,-1.4610271020527443,2.7378
HK.00386,中国石油化工股份,2022-12-20 00:00:00,2.6478,2.6678,2.7078,2.6478,5.048,0.00246,62536169,229970727.0,-1.1120171991993404,2.6978
HK.00386,中国石油化工股份,2022-12-21 00:00:00,2.6978,2.6978,2.7078,2.6578,5.089,0.00154,39184896,144629673.0,1.1245220781167928,2.6678
HK.00386,中国石油化工股份,2022-12-22 00:00:00,2.7378,2.7378,2.7578,2.7078,5.144,0.00208,52979696,198307633.0,1.4826895989324649,2.6978
HK.00386,中国石油化工股份,2022-12-23 00:00:00,2.7178,2.7178,2.7478,2.6978,5.116,0.00123,31343362,116793304.0,-0.7305135510263722,2.7378
HK.00386,中国石油化工股份,2022-12-28 00:00:00,2.7478,2.8078,2.8578,2.7378,5.24,0.00441,112351380,428450306.0,3.311501950106699,2.7178
HK.00386,中国石油化工股份,2022-12-29 00:00:00,2.7578,2.7878,2.8078,2.7578,5.213,0.00209,53171358,201099030.0,-0.712301445971936,2.8078
HK.00386,中国石油化工股份,2022-12-30 00:00:00,2.8178,2.7678,2.8178,2.7678,5.15,0.00191,47247202,179109477.0,-0.7174115790228861,2.7878
HK.00386,中国石油化工股份,2023-01-03 00:00:00,2.7378,2.8178,2.8378,2.7378,5.204,0.00234,58084791,221169723.0,1.8064889081581135,2.7678
HK.00386,中国石油化工股份,2023-01-04 00:00:00,2.8178,2.8278,2.8278,2.7778,5.217,0.00295,72997430,278104572.0,0.3548867911136272,2.8178
HK.00386,中国石油化工股份,2023-01-05 00:00:00,2.8378,2.8078,2.8478,2.7978,5.19,0.00284,70281193,268124456.0,-0.7072635971426557,2.8278
HK.00386,中国石油化工股份,2023-01-06 00:00:00,2.8278,2.7978,2.8278,2.7878,5.177,0.00206,50935388,193993275.0,-0.35615072298596007,2.8078
HK.00386,中国石油化工股份,2023-01-09 00:00:00,2.8278,2.8378,2.8478,2.8078,5.231,0.00227,56317277,215881086.0,1.4296947601687051,2.7978
HK.00386,中国石油化工股份,2023-01-10 00:00:00,2.8378,2.8378,2.8578,2.8178,5.231,0.00268,66480816,255418201.0,0.0,2.8378
HK.00386,中国石油化工股份,2023-01-11 00:00:00,2.8378,2.8778,2.9178,2.8378,5.286,0.0055,136384472,530203940.0,1.4095426034251897,2.8378
HK.00386,中国石油化工股份,2023-01-12 00:00:00,2.8678,2.9478,2.9578,2.8678,5.381,0.00499,123655194,486896719.0,2.4324136493154436,2.8778
HK.00386,中国石油化工股份,2023-01-13 00:00:00,2.9778,2.9878,2.9878,2.9278,5.435,0.00332,82369860,327953315.0,1.3569441617477453,2.9478
HK.00386,中国石油化工股份,2023-01-16 00:00:00,2.9878,3.0078,3.0478,2.9678,5.463,0.00368,91168722,366295814.0,0.6693888479817932,2.9878
HK.00386,中国石油化工股份,2023-01-17 00:00:00,3.0278,3.0478,3.0678,2.9878,5.517,0.00394,97528293,393053786.0,1.3298756566261065,3.0078
HK.00386,中国石油化工股份,2023-01-18 00:00:00,3.0478,3.097799999,3.1178,3.0378,5.585,0.00447,110816836,453022459.0,1.6405275608635652,3.0478
HK.00386,中国石油化工股份,2023-01-19 00:00:00,3.057799999,3.0478,3.097799999,3.0378,5.517,0.00237,58672225,238214690.0,-1.6140486479482286,3.097799999
HK.00386,中国石油化工股份,2023-01-20 00:00:00,3.0678,3.177799999,3.177799999,3.057799999,5.694,0.00474,117509559,486804849.0,4.265371710742168,3.0478
HK.00386,中国石油化工股份,2023-01-26 00:00:00,3.217799999,3.2278,3.2578,3.177799999,5.762,0.0039,96699061,408265055.0,1.5734156024839216,3.177799999
HK.00386,中国石油化工股份,2023-01-27 00:00:00,3.2378,3.2978,3.2978,3.2078,5.858,0.00415,102964632,440935549.0,2.1686597682632223,3.2278
HK.00386,中国石油化工股份,2023-01-30 00:00:00,3.2878,3.2578,3.3178,3.2278,5.803,0.00623,154391757,659468148.0,-1.2129298320092192,3.2978
HK.00386,中国石油化工股份,2023-01-31 00:00:00,3.2578,3.217799999,3.2878,3.177799999,5.749,0.00564,139865465,591726517.0,-1.2278224875683013,3.2578
HK.00386,中国石油化工股份,2023-02-01 00:00:00,3.1978,3.2878,3.3078,3.1978,5.844,0.00499,123700290,528431738.0,2.175399372917954,3.217799999
HK.00386,中国石油化工股份,2023-02-02 00:00:00,3.3078,3.2578,3.3078,3.2278,5.803,0.00301,74496031,317133277.0,-0.9124642618164062,3.2878
HK.00386,中国石油化工股份,2023-02-03 00:00:00,3.2578,3.1478,3.2578,3.1178,5.653,0.00525,130145567,540781913.0,-3.3765117564000207,3.2578
HK.00386,中国石油化工股份,2023-02-06 00:00:00,3.1078,3.1078,3.1478,3.0678,5.599,0.00313,77682078,319734891.0,-1.2707287629455504,3.1478
HK.00386,中国石油化工股份,2023-02-07 00:00:00,3.1178,3.1478,3.2378,3.1178,5.653,0.00318,78692555,328297125.0,1.2870841109466515,3.1078
HK.00386,中国石油化工股份,2023-02-08 00:00:00,3.1678,3.1978,3.2478,3.1678,5.722,0.00362,89796077,377793543.0,1.5884109536819309,3.1478
HK.00386,中国石油化工股份,2023-02-09 00:00:00,3.1678,3.2078,3.217799999,3.1578,5.735,0.00337,83460148,349577649.0,0.31271499155670246,3.1978
HK.00386,中国石油化工股份,2023-02-10 00:00:00,3.1878,3.1878,3.2278,3.177799999,5.708,0.00208,51428942,216244707.0,-0.6234802668495547,3.2078
HK.00386,中国石油化工股份,2023-02-13 00:00:00,3.177799999,3.1978,3.2278,3.1278,5.722,0.00202,49961515,209447445.0,0.31369596586987225,3.1878
HK.00386,中国石油化工股份,2023-02-14 00:00:00,3.1978,3.2078,3.2378,3.1678,5.735,0.00214,53023282,223084136.0,0.31271499155670246,3.1978
HK.00386,中国石油化工股份,2023-02-15 00:00:00,3.2078,3.177799999,3.2278,3.1478,5.694,0.00235,58318828,243654605.0,-0.935220431448355,3.2078
HK.00386,中国石油化工股份,2023-02-16 00:00:00,3.1978,3.1578,3.217799999,3.1478,5.667,0.00254,62986722,263337158.0,-0.6293661969379318,3.177799999
HK.00386,中国石油化工股份,2023-02-17 00:00:00,3.1878,3.1578,3.1978,3.137799999,5.667,0.00215,53157966,221591391.0,0.0,3.1578
HK.00386,中国石油化工股份,2023-02-20 00:00:00,3.137799999,3.1878,3.217799999,3.137799999,5.708,0.00277,68537358,286605988.0,0.9500285008550334,3.1578
HK.00386,中国石油化工股份,2023-02-21 00:00:00,3.1978,3.2278,3.267799999,3.177799999,5.762,0.00295,73099986,309331482.0,1.2547838634795028,3.1878
HK.00386,中国石油化工股份,2023-02-22 00:00:00,3.2278,3.1978,3.2478,3.177799999,5.722,0.00376,93264659,392780467.0,-0.9294256149699426,3.2278
HK.00386,中国石油化工股份,2023-02-23 00:00:00,3.1878,3.1678,3.2078,3.1578,5.681,0.00257,63799927,266865594.0,-0.9381449746700795,3.1978
HK.00386,中国石油化工股份,2023-02-24 00:00:00,3.1678,3.1278,3.1678,3.1178,5.626,0.0034,84195600,348523826.0,-1.2627059789128112,3.1678
HK.00386,中国石油化工股份,2023-02-27 00:00:00,3.1078,3.0478,3.137799999,3.0278,5.517,0.00362,89805024,365424105.0,-2.5577082933691435,3.1278
HK.00386,中国石油化工股份,2023-02-28 00:00:00,3.057799999,3.0078,3.0778,2.9778,5.463,0.0041,101599261,409292961.0,-1.3124220749393016,3.0478
HK.00386,中国石油化工股份,2023-03-01 00:00:00,3.0078,3.1078,3.1278,3.0078,5.599,0.00532,131884629,538315322.0,3.3246891415652664,3.0078
HK.00386,中国石油化工股份,2023-03-02 00:00:00,3.0878,3.177799999,3.1978,3.0878,5.694,0.00406,100492651,418392984.0,2.2523971619795273,3.1078
HK.00386,中国石油化工股份,2023-03-03 00:00:00,3.1978,3.3478,3.3478,3.1678,5.926,0.00924,228992993,984321650.0,5.349612972921397,3.177799999
HK.00386,中国石油化工股份,2023-03-06 00:00:00,3.3478,3.4978,3.5178,3.3278,6.13,0.01135,281307850,1253375571.0,4.48055439393034,3.3478
HK.00386,中国石油化工股份,2023-03-07 00:00:00,3.5078,3.6878,3.7478,3.4978,6.389,0.01683,417073997,1952236694.0,5.431985819658082,3.4978
HK.00386,中国石油化工股份,2023-03-08 00:00:00,3.6078,3.6278,3.6478,3.5578,6.307,0.00794,196861544,909490665.0,-1.6269862790823812,3.6878
HK.00386,中国石油化工股份,2023-03-09 00:00:00,3.5878,3.5778,3.6878,3.5578,6.239,0.00483,119696666,551387780.0,-1.378245768785497,3.6278
HK.00386,中国石油化工股份,2023-03-10 00:00:00,3.5478,3.5278,3.5778,3.4778,6.171,0.00751,186097529,841096070.0,-1.3975068477835493,3.5778
HK.00386,中国石油化工股份,2023-03-13 00:00:00,3.5878,3.7878,3.7978,3.4978,6.525,0.01079,267324864,1260098998.0,7.370032314757066,3.5278
HK.00386,中国石油化工股份,2023-03-14 00:00:00,3.7878,3.6378,3.7978,3.6078,6.321,0.00673,166704396,781610064.0,-3.960082369713288,3.7878
HK.00386,中国石油化工股份,2023-03-15 00:00:00,3.6778,3.7278,3.7578,3.6178,6.444,0.00711,176311517,830607110.0,2.4740227610093974,3.6378
HK.00386,中国石油化工股份,2023-03-16 00:00:00,3.6378,3.6178,3.7078,3.5878,6.294,0.00705,174803627,812236775.0,-2.9508020816567377,3.7278
HK.00386,中国石油化工股份,2023-03-17 00:00:00,3.6578,3.8978,3.9178,3.6478,6.675,0.01485,368017156,1789623597.0,7.739510199568805,3.6178
HK.00386,中国石油化工股份,2023-03-20 00:00:00,3.8378,3.6778,3.9678,3.6578,6.376,0.01158,286854795,1380380444.0,-5.644209554107451,3.8978
HK.00386,中国石油化工股份,2023-03-21 00:00:00,3.6978,3.6878,3.7578,3.5978,6.389,0.00522,129379902,602694525.0,0.2719016803523909,3.6778
HK.00386,中国石油化工股份,2023-03-22 00:00:00,3.7178,3.7678,3.8278,3.7178,6.498,0.00552,136763006,652385492.0,2.169315038776496,3.6878
HK.00386,中国石油化工股份,2023-03-23 00:00:00,3.7778,3.8278,3.8378,3.7478,6.58,0.00647,160335090,770798311.0,1.5924412123785778,3.7678
HK.00386,中国石油化工股份,2023-03-24 00:00:00,3.8178,3.6878,3.8178,3.6478,6.389,0.00632,156600912,740024460.0,-3.6574533674695564,3.8278
HK.00386,中国石油化工股份,2023-03-27 00:00:00,3.4978,3.5278,3.5778,3.3278,7.33,0.0145,359258951,1611393460.0,-4.338630077553017,3.6878
HK.00386,中国石油化工股份,2023-03-28 00:00:00,3.6178,3.6678,3.6878,3.5578,7.556,0.00707,175221999,812695086.0,3.96847893871535,3.5278
HK.00386,中国石油化工股份,2023-03-29 00:00:00,3.6978,3.6178,3.7278,3.5778,7.475,0.00416,103148638,477146840.0,-1.3632150062707964,3.6678
HK.00386,中国石油化工股份,2023-03-30 00:00:00,3.5778,3.7178,3.7378,3.5678,7.637,0.00692,171543938,802058706.0,2.764110785560288,3.6178
HK.00386,中国石油化工股份,2023-03-31 00:00:00,3.7378,3.6378,3.7478,3.6178,7.508,0.00708,175336252,822260117.0,-2.15181021033945,3.7178
HK.00386,中国石油化工股份,2023-04-03 00:00:00,3.7378,3.6178,3.7678,3.5978,7.475,0.00582,144334546,671501735.0,-0.5497828357798674,3.6378
HK.00386,中国石油化工股份,2023-04-04 00:00:00,3.6078,3.7078,3.7378,3.5978,7.621,0.0055,136230449,638880228.0,2.487699707004265,3.6178
HK.00386,中国石油化工股份,2023-04-06 00:00:00,3.6878,3.7178,3.7578,3.6678,7.637,0.00417,103323134,487180065.0,0.2697017099088351,3.7078
HK.00386,中国石油化工股份,2023-04-11 00:00:00,3.7978,3.8178,3.8878,3.7678,7.799,0.01003,248560523,1201047019.0,2.689762762924312,3.7178
HK.00386,中国石油化工股份,2023-04-12 00:00:00,3.8578,3.9178,3.9278,3.8378,7.961,0.00508,125968279,618100024.0,2.6193095500026216,3.8178
HK.00386,中国石油化工股份,2023-04-13 00:00:00,3.8478,3.8878,3.9678,3.8478,7.912,0.0071,176046833,862598309.0,-0.7657358721731647,3.9178
HK.00386,中国石油化工股份,2023-04-14 00:00:00,3.9078,3.9678,3.9878,3.8878,8.042,0.00498,123325162,611491548.0,2.0577190184680303,3.8878
HK.00386,中国石油化工股份,2023-04-17 00:00:00,3.9678,4.1178,4.1478,3.9178,8.284,0.01093,270735518,1369779288.0,3.780432481475879,3.9678
HK.00386,中国石油化工股份,2023-04-18 00:00:00,4.1178,4.0778,4.1278,4.0178,8.22,0.00465,115126222,584164781.0,-0.9713924911360444,4.1178
HK.00386,中国石油化工股份,2023-04-19 00:00:00,4.0978,4.0478,4.1278,4.0278,8.171,0.00458,113406863,573518670.0,-0.7356908136740461,4.0778
HK.00386,中国石油化工股份,2023-04-20 00:00:00,4.0378,4.0978,4.1278,3.9878,8.252,0.00431,106919249,542456102.0,1.2352388952023499,4.0478
HK.00386,中国石油化工股份,2023-04-21 00:00:00,4.0878,4.0478,4.1478,4.0178,8.171,0.00414,102711102,522102116.0,-1.220166918834514,4.0978
HK.00386,中国石油化工股份,2023-04-24 00:00:00,4.1078,4.1478,4.1778,4.0678,8.333,0.00706,174928370,897815318.0,2.4704777904046775,4.0478
HK.00386,中国石油化工股份,2023-04-25 00:00:00,4.1478,4.0978,4.2178,4.0878,8.252,0.00469,116148909,598154018.0,-1.2054583152514544,4.1478
HK.00386,中国石油化工股份,2023-04-26 00:00:00,4.0978,4.1778,4.2178,4.0678,8.381,0.00562,139193072,717996269.0,1.952267070135196,4.0978
HK.00386,中国石油化工股份,2023-04-27 00:00:00,4.1378,4.1078,4.1578,4.0578,8.268,0.00379,93940625,479570397.0,-1.6755230025372274,4.1778
HK.00386,中国石油化工股份,2023-04-28 00:00:00,4.0478,4.1278,4.1778,4.0478,8.3,0.00686,169880852,870266816.0,0.48687862115973446,4.1078
HK.00386,中国石油化工股份,2023-05-02 00:00:00,4.1478,4.1678,4.2078,4.1078,8.365,0.00251,62270519,321546937.0,0.9690391976355452,4.1278
HK.00386,中国石油化工股份,2023-05-03 00:00:00,4.0778,4.0178,4.0978,3.9378,8.122,0.00429,106259401,530843224.0,-3.599021066269962,4.1678
HK.00386,中国石油化工股份,2023-05-04 00:00:00,3.9678,4.0878,4.1678,3.8778,8.236,0.00595,147332687,748371435.0,1.7422470008462192,4.0178
HK.00386,中国石油化工股份,2023-05-05 00:00:00,4.0878,4.0778,4.1578,4.0278,8.22,0.00301,74621009,379229235.0,-0.244630363520715,4.0878
HK.00386,中国石油化工股份,2023-05-08 00:00:00,4.1278,4.3778,4.3778,4.1078,8.705,0.0089,220634395,1170135952.0,7.356908136740395,4.0778
HK.00386,中国石油化工股份,2023-05-09 00:00:00,4.3478,4.3078,4.4678,4.2878,8.592,0.00664,164478073,885477625.0,-1.598976654940824,4.3778
HK.00386,中国石油化工股份,2023-05-10 00:00:00,4.3078,4.2178,4.3578,4.2078,8.446,0.00522,129312454,680859633.0,-2.089233483448625,4.3078
HK.00386,中国石油化工股份,2023-05-11 00:00:00,4.1878,4.1478,4.2078,4.0678,8.333,0.00427,105786295,543798422.0,-1.6596329840201116,4.2178
HK.00386,中国石油化工股份,2023-05-12 00:00:00,4.1278,4.1278,4.1778,4.0278,8.3,0.00419,103921159,531768399.0,-0.48218332610059456,4.1478
HK.00386,中国石油化工股份,2023-05-15 00:00:00,4.0378,4.1578,4.1978,3.9978,8.349,0.00418,103504942,529510175.0,0.7267793982266644,4.1278
HK.00386,中国石油化工股份,2023-05-16 00:00:00,4.1778,4.1578,4.2978,4.1478,8.349,0.00323,80021029,415654524.0,0.0,4.1578
HK.00386,中国石油化工股份,2023-05-17 00:00:00,4.1278,4.0678,4.1978,4.0578,8.203,0.00301,74708206,382115426.0,-2.164606282168451,4.1578
HK.00386,中国石油化工股份,2023-05-18 00:00:00,4.0878,4.2478,4.2678,4.0878,8.495,0.00361,89466552,466686506.0,4.424996312503065,4.0678
HK.00386,中国石油化工股份,2023-05-19 00:00:00,4.2478,4.1678,4.2478,4.1078,8.365,0.00378,93597716,485080933.0,-1.8833278402938007,4.2478
HK.00386,中国石油化工股份,2023-05-22 00:00:00,4.1678,4.1478,4.2478,4.1278,8.333,0.00266,65898054,341732354.0,-0.4798694755026531,4.1678
HK.00386,中国石油化工股份,2023-05-23 00:00:00,4.1478,4.1178,4.2178,4.0978,8.284,0.00328,81307593,419270454.0,-0.7232749891508812,4.1478
HK.00386,中国石油化工股份,2023-05-24 00:00:00,4.1178,4.0578,4.1278,4.0478,8.187,0.00333,82528200,419462892.0,-1.457088736704056,4.1178
HK.00386,中国石油化工股份,2023-05-25 00:00:00,4.0578,4.0178,4.0578,3.9678,8.122,0.00446,110515584,554617465.0,-0.9857558282813355,4.0578
HK.00386,中国石油化工股份,2023-05-29 00:00:00,3.9978,4.1178,4.2178,3.9978,8.284,0.00496,122915394,631595444.0,2.488924286923183,4.0178
HK.00386,中国石油化工股份,2023-05-30 00:00:00,4.1378,4.0878,4.1778,4.0478,8.236,0.00367,90927874,464225040.0,-0.7285443683520387,4.1178
HK.00386,中国石油化工股份,2023-05-31 00:00:00,4.0078,3.9278,4.0478,3.8778,7.977,0.00984,243829443,1201954206.0,-3.914085816331516,4.0878
HK.00386,中国石油化工股份,2023-06-01 00:00:00,3.8278,3.9478,3.9978,3.8078,8.009,0.0057,141354953,696279342.0,0.509190895666786,3.9278
HK.00386,中国石油化工股份,2023-06-02 00:00:00,3.9878,3.9978,4.0978,3.9778,8.09,0.0071,175949046,883999255.0,1.2665281929175698,3.9478
HK.00386,中国石油化工股份,2023-06-05 00:00:00,4.0478,3.9878,4.0978,3.9478,8.074,0.0047,116457921,581566240.0,-0.2501375756666113,3.9978
HK.00386,中国石油化工股份,2023-06-06 00:00:00,3.9778,4.0578,4.1578,3.9378,8.187,0.00584,144609141,735539704.0,1.755353829179003,3.9878
HK.00386,中国石油化工股份,2023-06-07 00:00:00,3.9978,4.0078,4.0378,3.9578,8.106,0.00759,188054201,940540984.0,-1.2321947853516857,4.0578
HK.00386,中国石油化工股份,2023-06-08 00:00:00,3.9978,4.0578,4.0678,3.9678,8.187,0.00372,92071000,463371234.0,1.2475672438744627,4.0078
HK.00386,中国石油化工股份,2023-06-09 00:00:00,4.0178,4.1678,4.1778,4.0178,8.365,0.00652,161527081,829720544.0,2.710828527773656,4.0578
HK.00386,中国石油化工股份,2023-06-12 00:00:00,4.2045,4.0645,4.2145,4.0345,7.847,0.00356,88118811,429842744.0,-2.4785258409712547,4.1678
HK.00386,中国石油化工股份,2023-06-13 00:00:00,4.0445,3.9745,4.0845,3.9145,7.702,0.00496,122831997,582702983.0,-2.214294501168652,4.0645
HK.00386,中国石油化工股份,2023-06-14 00:00:00,3.9945,3.9445,4.0645,3.9145,7.653,0.00298,73781145,351352839.0,-0.7548119260284264,3.9745
HK.00386,中国石油化工股份,2023-06-15 00:00:00,3.9745,3.9145,3.9745,3.8145,7.605,0.00559,138544285,646744030.0,-0.7605526682722842,3.9445
HK.00386,中国石油化工股份,2023-06-16 00:00:00,3.9445,3.8245,3.9945,3.7845,7.459,0.01258,311761940,1442176412.0,-2.299144207433896,3.9145
HK.00386,中国石油化工股份,2023-06-19 00:00:00,3.8145,3.8445,3.8645,3.7845,7.491,0.00377,93405092,430705606.0,0.5229441757092436,3.8245
HK.00386,中国石油化工股份,2023-06-20 00:00:00,3.8245,3.7145,3.8345,3.6945,7.281,0.00552,136743540,616976581.0,-3.3814540252308465,3.8445
HK.00386,中国石油化工股份,2023-06-21 00:00:00,3.6545,3.7345,3.7545,3.5845,7.313,0.0054,133770162,597195728.0,0.5384304751648948,3.7145
HK.00386,中国石油化工股份,2023-06-23 00:00:00,3.6745,3.6445,3.6945,3.5945,7.168,0.00375,92835720,409573645.0,-2.4099611728477788,3.7345
HK.00386,中国石油化工股份,2023-06-26 00:00:00,3.6445,3.6345,3.6645,3.6145,7.152,0.00289,71654572,316554057.0,-0.2743860611880858,3.6445
HK.00386,中国石油化工股份,2023-06-27 00:00:00,3.6145,3.7445,3.7745,3.6145,7.33,0.00239,59175844,267103952.0,3.026551107442561,3.6345
HK.00386,中国石油化工股份,2023-06-28 00:00:00,3.7145,3.7445,3.7745,3.7145,7.33,0.00209,51715576,234285291.0,0.0,3.7445
HK.00386,中国石油化工股份,2023-06-29 00:00:00,3.7645,3.7045,3.7945,3.6845,7.265,0.00147,36352575,163477213.0,-1.0682334089998675,3.7445
HK.00386,中国石油化工股份,2023-06-30 00:00:00,3.7345,3.8045,3.8645,3.7045,7.427,0.00304,75400330,345918253.0,2.6994196247806745,3.7045
HK.00386,中国石油化工股份,2023-07-03 00:00:00,3.7845,3.8645,3.8645,3.7845,7.524,0.00178,44063148,203997539.0,1.5770797739519005,3.8045
HK.00386,中国石油化工股份,2023-07-04 00:00:00,3.8345,3.8645,3.9045,3.8145,7.524,0.00138,34231905,158650571.0,0.0,3.8645
HK.00386,中国石油化工股份,2023-07-05 00:00:00,3.8445,3.7645,3.8745,3.7645,7.362,0.00149,36877600,168686679.0,-2.5876568766981523,3.8645
HK.00386,中国石油化工股份,2023-07-06 00:00:00,3.7545,3.7445,3.8345,3.7045,7.33,0.00317,78432427,356136532.0,-0.5312790543232837,3.7645
HK.00386,中国石油化工股份,2023-07-07 00:00:00,3.7045,3.6945,3.7545,3.6645,7.249,0.00242,60091471,270184567.0,-1.3352917612498283,3.7445
HK.00386,中国石油化工股份,2023-07-10 00:00:00,3.7845,3.6345,3.7845,3.6045,7.152,0.0028,69509754,307793522.0,-1.6240357287860347,3.6945
HK.00386,中国石油化工股份,2023-07-11 00:00:00,3.6845,3.6345,3.6945,3.6145,7.152,0.00233,57730148,256220411.0,0.0,3.6345
HK.00386,中国石油化工股份,2023-07-12 00:00:00,3.6845,3.6945,3.7245,3.6545,7.249,0.00233,57863158,259003162.0,1.6508460586050364,3.6345
HK.00386,中国石油化工股份,2023-07-13 00:00:00,3.6945,3.8145,3.8545,3.6945,7.443,0.00376,93194325,428848140.0,3.2480714575720575,3.6945
HK.00386,中国石油化工股份,2023-07-14 00:00:00,3.8245,3.8845,3.8945,3.8145,7.556,0.00273,67539403,314862274.0,1.835102896841009,3.8145
HK.00386,中国石油化工股份,2023-07-18 00:00:00,3.8545,3.7545,3.8645,3.7545,7.346,0.00235,58331236,267629781.0,-3.346634058437376,3.8845
HK.00386,中国石油化工股份,2023-07-19 00:00:00,3.7345,3.7945,3.8045,3.7245,7.411,0.0016,39603618,180722610.0,1.0653882008256768,3.7545
HK.00386,中国石油化工股份,2023-07-20 00:00:00,3.8145,3.7545,3.8345,3.7445,7.346,0.00187,46383000,211466772.0,-1.0541573329819485,3.7945
HK.00386,中国石油化工股份,2023-07-21 00:00:00,3.7745,3.8145,3.8145,3.7345,7.443,0.00178,44136870,201265650.0,1.5980823012385033,3.7545
HK.00386,中国石油化工股份,2023-07-24 00:00:00,3.7545,3.7445,3.8045,3.7145,7.33,0.00202,50162794,227418308.0,-1.8351028968409973,3.8145
HK.00386,中国石油化工股份,2023-07-25 00:00:00,3.8345,3.8445,3.8645,3.7645,7.491,0.0033,81867272,377205071.0,2.6705835224996686,3.7445
HK.00386,中国石油化工股份,2023-07-26 00:00:00,3.8245,3.6845,3.8545,3.6345,7.233,0.00391,96983051,435176958.0,-4.1617895695148945,3.8445
HK.00386,中国石油化工股份,2023-07-27 00:00:00,3.7145,3.6045,3.7345,3.5445,7.103,0.00629,155799080,685970459.0,-2.17125797258787,3.6845
HK.00386,中国石油化工股份,2023-07-28 00:00:00,3.5545,3.5845,3.5945,3.484499999,7.071,0.00653,161836224,704388568.0,-0.5548619780829523,3.6045
HK.00386,中国石油化工股份,2023-07-31 00:00:00,3.5845,3.5645,3.6045,3.5145,7.038,0.00807,199929449,867938036.0,-0.5579578741804999,3.5845
HK.00386,中国石油化工股份,2023-08-01 00:00:00,3.5445,3.5645,3.6445,3.5345,7.038,0.00406,100665676,438989046.0,0.0,3.5645
HK.00386,中国石油化工股份,2023-08-02 00:00:00,3.5645,3.5245,3.5845,3.5145,6.974,0.00322,79851382,345118101.0,-1.1221770234254338,3.5645
HK.00386,中国石油化工股份,2023-08-03 00:00:00,3.5145,3.4545,3.5445,3.4545,6.86,0.00428,106063290,452475651.0,-1.9860973187686277,3.5245
HK.00386,中国石油化工股份,2023-08-04 00:00:00,3.5145,3.5245,3.5645,3.484499999,6.974,0.00273,67554093,291944012.0,2.0263424518743753,3.4545
HK.00386,中国石油化工股份,2023-08-07 00:00:00,3.5245,3.5945,3.6145,3.5045,7.087,0.0034,84356907,369383937.0,1.9860973187686153,3.5245
HK.00386,中国石油化工股份,2023-08-08 00:00:00,3.5745,3.5945,3.6645,3.5445,7.087,0.00569,141063478,621457122.0,0.0,3.5945
HK.00386,中国石油化工股份,2023-08-09 00:00:00,3.5745,3.6745,3.6745,3.5645,7.216,0.00364,90096020,399138796.0,2.225622478787038,3.5945
HK.00386,中国石油化工股份,2023-08-10 00:00:00,3.7145,3.7545,3.7745,3.6745,7.346,0.00418,103503369,467932911.0,2.1771669614913614,3.6745
HK.00386,中国石油化工股份,2023-08-11 00:00:00,3.7345,3.6645,3.7445,3.6445,7.2,0.00305,75582614,337066721.0,-2.3971234518577784,3.7545
HK.00386,中国石油化工股份,2023-08-14 00:00:00,3.5845,3.5945,3.6045,3.5245,7.087,0.00319,78991939,344018403.0,-1.9102196752626508,3.6645
HK.00386,中国石油化工股份,2023-08-15 00:00:00,3.5345,3.5745,3.6245,3.5345,7.055,0.00226,55958581,244858494.0,-0.5564056196967595,3.5945
HK.00386,中国石油化工股份,2023-08-16 00:00:00,3.5345,3.5245,3.5745,3.4745,6.974,0.00271,67079130,288543983.0,-1.3987970345502818,3.5745
HK.00386,中国石油化工股份,2023-08-17 00:00:00,3.4545,3.5045,3.5245,3.4545,6.941,0.00267,66175618,283020746.0,-0.5674563767910347,3.5245
HK.00386,中国石油化工股份,2023-08-18 00:00:00,3.5045,3.4545,3.5545,3.4445,6.86,0.00327,81103122,347490082.0,-1.4267370523612573,3.5045
HK.00386,中国石油化工股份,2023-08-21 00:00:00,3.4245,3.394499999,3.4545,3.354499999,6.763,0.00424,105168931,441046498.0,-1.7368649876971978,3.4545
HK.00386,中国石油化工股份,2023-08-22 00:00:00,3.3645,3.4545,3.4645,3.354499999,6.86,0.00377,93368794,392834537.0,1.7675652089460994,3.394499999
HK.00386,中国石油化工股份,2023-08-23 00:00:00,3.4245,3.5145,3.5745,3.4245,6.957,0.00375,92840830,398890201.0,1.7368649587494587,3.4545
HK.00386,中国石油化工股份,2023-08-24 00:00:00,3.5645,3.5845,3.6045,3.5145,7.071,0.00379,93878089,407859794.0,1.9917484706217057,3.5145
HK.00386,中国石油化工股份,2023-08-25 00:00:00,3.5745,3.5845,3.6445,3.5645,7.071,0.00298,73838439,324246978.0,0.0,3.5845
HK.00386,中国石油化工股份,2023-08-28 00:00:00,3.6645,3.7045,3.7645,3.6545,7.265,0.00609,150817842,679157868.0,3.3477472450829993,3.5845
HK.00386,中国石油化工股份,2023-08-29 00:00:00,3.7645,3.7645,3.7945,3.7345,7.362,0.00457,113218675,514383919.0,1.619651774868405,3.7045
HK.00386,中国石油化工股份,2023-08-30 00:00:00,3.7845,3.7845,3.8445,3.7645,7.394,0.00568,140879301,646148434.0,0.5312790543232837,3.7645
HK.00386,中国石油化工股份,2023-08-31 00:00:00,3.7845,3.8045,3.8245,3.7245,7.427,0.0059,146245025,668790936.0,0.5284713964856658,3.7845
HK.00386,中国石油化工股份,2023-09-04 00:00:00,3.8745,3.8845,3.9145,3.8345,7.556,0.00583,144423328,674397001.0,2.1027730319358673,3.8045
HK.00386,中国石油化工股份,2023-09-05 00:00:00,3.8745,3.8745,3.8945,3.8345,7.54,0.00454,112536695,523879683.0,-0.25743338911057356,3.8845
HK.00386,中国石油化工股份,2023-09-06 00:00:00,3.8545,3.8245,3.8845,3.8045,7.459,0.00501,124165562,572808485.0,-1.2904890953671395,3.8745
HK.00386,中国石油化工股份,2023-09-07 00:00:00,3.8323,3.8323,3.8923,3.8023,7.216,0.00395,97925670,438567902.0,0.20394822852660555,3.8245
HK.00386,中国石油化工股份,2023-09-11 00:00:00,3.8623,3.7723,3.8723,3.7323,7.119,0.00418,103504326,456914318.0,-1.5656394332385266,3.8323
HK.00386,中国石油化工股份,2023-09-12 00:00:00,3.8323,3.6523,3.8323,3.6223,6.925,0.00428,105812106,455344555.0,-3.1810831588155795,3.7723
HK.00386,中国石油化工股份,2023-09-13 00:00:00,3.6823,3.6223,3.7123,3.6123,6.877,0.0033,81717378,348882751.0,-0.8214002135640502,3.6523
HK.00386,中国石油化工股份,2023-09-14 00:00:00,3.6523,3.6923,3.7123,3.592299999,6.99,0.00201,49678195,213710062.0,1.9324738425861976,3.6223
HK.00386,中国石油化工股份,2023-09-15 00:00:00,3.6823,3.6323,3.7623,3.6323,6.893,0.0074,183212456,785974345.0,-1.6250033854237214,3.6923
HK.00386,中国石油化工股份,2023-09-18 00:00:00,3.6323,3.6323,3.6523,3.592299999,6.893,0.00282,69879574,297422251.0,0.0,3.6323
HK.00386,中国石油化工股份,2023-09-19 00:00:00,3.6323,3.6823,3.6823,3.6123,6.974,0.00384,94953280,405926469.0,1.3765382815296168,3.6323
HK.00386,中国石油化工股份,2023-09-20 00:00:00,3.6723,3.6523,3.7123,3.6123,6.925,0.00212,52446354,225524991.0,-0.8147081986801795,3.6823
HK.00386,中国石油化工股份,2023-09-21 00:00:00,3.642299999,3.6323,3.7123,3.6223,6.893,0.00302,74815555,319751464.0,-0.5476001423760375,3.6523
HK.00386,中国石油化工股份,2023-09-22 00:00:00,3.6023,3.7923,3.7923,3.6023,7.152,0.0046,113941772,497728138.0,4.404922500894754,3.6323
HK.00386,中国石油化工股份,2023-09-25 00:00:00,3.7623,3.7023,3.7923,3.6923,7.006,0.00215,53269693,231836959.0,-2.3732299659837,3.7923
HK.00386,中国石油化工股份,2023-09-26 00:00:00,3.7323,3.6523,3.7423,3.6223,6.925,0.00336,83046883,357150663.0,-1.3505118439888788,3.7023
HK.00386,中国石油化工股份,2023-09-27 00:00:00,3.6923,3.7623,3.7923,3.6923,7.103,0.00431,106651613,467052179.0,3.0118007830682125,3.6523
HK.00386,中国石油化工股份,2023-09-28 00:00:00,3.7723,3.6623,3.8023,3.6623,6.941,0.00362,89474640,387788832.0,-2.6579485952741693,3.7623
HK.00386,中国石油化工股份,2023-09-29 00:00:00,3.6323,3.6523,3.7023,3.6323,6.925,0.00373,92432555,396606674.0,-0.2730524533762999,3.6623
HK.00386,中国石油化工股份,2023-10-03 00:00:00,3.6123,3.432299999,3.6123,3.4023,6.569,0.00602,149030962,605876899.0,-6.0236015935164104,3.6523
HK.00386,中国石油化工股份,2023-10-04 00:00:00,3.4023,3.4023,3.4223,3.3523,6.521,0.00172,42656169,171130632.0,-0.8740494423197465,3.432299999
HK.00386,中国石油化工股份,2023-10-05 00:00:00,3.3523,3.4123,3.4523,3.3423,6.537,0.00245,60650046,244710490.0,0.2939188196220272,3.4023
HK.00386,中国石油化工股份,2023-10-06 00:00:00,3.4223,3.432299999,3.4823,3.4223,6.569,0.00171,42387749,172845701.0,0.5861149078334242,3.4123
HK.00386,中国石油化工股份,2023-10-09 00:00:00,3.472299999,3.4923,3.5423,3.3823,6.666,0.00387,95703206,394354483.0,1.7480989720444344,3.432299999
HK.00386,中国石油化工股份,2023-10-10 00:00:00,3.5423,3.4823,3.5823,3.472299999,6.65,0.00297,73383058,303532389.0,-0.28634424304900014,3.4923
HK.00386,中国石油化工股份,2023-10-11 00:00:00,3.552299999,3.5323,3.5623,3.4923,6.731,0.00459,113606621,472908387.0,1.4358326393475653,3.4823
HK.00386,中国石油化工股份,2023-10-12 00:00:00,3.6523,3.5823,3.6523,3.5623,6.812,0.0056,138554507,583646566.0,1.415508309033769,3.5323
HK.00386,中国石油化工股份,2023-10-13 00:00:00,3.5823,3.5323,3.6223,3.5223,6.731,0.00487,120519261,504891695.0,-1.395751332942518,3.5823
HK.00386,中国石油化工股份,2023-10-16 00:00:00,3.592299999,3.5423,3.6323,3.512299999,6.747,0.00521,128934063,538811410.0,0.28310166180674873,3.5323
HK.00386,中国石油化工股份,2023-10-17 00:00:00,3.5423,3.6523,3.6723,3.5323,6.925,0.00565,139911864,594580389.0,3.1053270473985792,3.5423
HK.00386,中国石油化工股份,2023-10-18 00:00:00,3.6823,3.6623,3.7023,3.6123,6.941,0.00709,175459040,751354490.0,0.27380007118802485,3.6523
HK.00386,中国石油化工股份,2023-10-19 00:00:00,3.6123,3.5023,3.6323,3.5023,6.682,0.00315,78072607,325192746.0,-4.368839254020701,3.6623
HK.00386,中国石油化工股份,2023-10-20 00:00:00,3.4823,3.4523,3.5223,3.432299999,6.601,0.00442,109322170,449300916.0,-1.4276332695657088,3.5023
HK.00386,中国石油化工股份,2023-10-24 00:00:00,3.392299999,3.432299999,3.4423,3.3523,6.569,0.0028,69296919,279381040.0,-0.5793239579410856,3.4523
HK.00386,中国石油化工股份,2023-10-25 00:00:00,3.5223,3.3723,3.5223,3.3723,6.472,0.00391,96728358,391074051.0,-1.7480989137744647,3.432299999
HK.00386,中国石油化工股份,2023-10-26 00:00:00,3.4423,3.4023,3.4523,3.3423,6.521,0.00368,90995271,366434581.0,0.8896005693443586,3.3723
HK.00386,中国石油化工股份,2023-10-27 00:00:00,3.4623,3.512299999,3.5223,3.4423,6.699,0.003,74235830,305408839.0,3.233106986450349,3.4023
HK.00386,中国石油化工股份,2023-10-30 00:00:00,3.472299999,3.4123,3.4823,3.3723,6.537,0.00421,104087789,419222975.0,-2.8471371758810857,3.512299999
HK.00386,中国石油化工股份,2023-10-31 00:00:00,3.4123,3.3723,3.4123,3.3723,6.472,0.00304,75218174,301791561.0,-1.172229874278347,3.4123
HK.00386,中国石油化工股份,2023-11-01 00:00:00,3.4023,3.392299999,3.4223,3.3523,6.504,0.00205,50623310,203288412.0,0.593067016576222,3.3723
HK.00386,中国石油化工股份,2023-11-02 00:00:00,3.4223,3.432299999,3.472299999,3.4123,6.569,0.0021,52034532,211408336.0,1.1791409961321653,3.392299999
HK.00386,中国石油化工股份,2023-11-03 00:00:00,3.472299999,3.472299999,3.512299999,3.4423,6.634,0.00241,59687109,245425511.0,1.1653992952729664,3.432299999
HK.00386,中国石油化工股份,2023-11-06 00:00:00,3.4823,3.4423,3.4823,3.4123,6.585,0.00344,85096851,345973436.0,-0.8639806182829817,3.472299999
HK.00386,中国石油化工股份,2023-11-07 00:00:00,3.4223,3.392299999,3.4423,3.392299999,6.504,0.00303,74878727,302577993.0,-1.4525172413793075,3.4423
HK.00386,中国石油化工股份,2023-11-08 00:00:00,3.4023,3.3723,3.4123,3.3523,6.472,0.0029,71848062,287490075.0,-0.5895704685875554,3.392299999
HK.00386,中国石油化工股份,2023-11-09 00:00:00,3.392299999,3.392299999,3.4423,3.3623,6.504,0.00304,75321137,303281035.0,0.593067016576222,3.3723
HK.00386,中国石油化工股份,2023-11-10 00:00:00,3.3723,3.3523,3.392299999,3.3423,6.44,0.00261,64699044,258306696.0,-1.179140966653638,3.392299999
HK.00386,中国石油化工股份,2023-11-13 00:00:00,3.392299999,3.4223,3.432299999,3.3623,6.553,0.00177,43834745,176836368.0,2.088118605136767,3.3523
HK.00386,中国石油化工股份,2023-11-14 00:00:00,3.4623,3.432299999,3.5023,3.432299999,6.569,0.00163,40357756,164673991.0,0.2922011220524252,3.4223
HK.00386,中国石油化工股份,2023-11-15 00:00:00,3.512299999,3.5723,3.5823,3.4823,6.796,0.00413,102285606,426229559.0,4.078897562590354,3.432299999
HK.00386,中国石油化工股份,2023-11-16 00:00:00,3.5823,3.5723,3.6123,3.512299999,6.796,0.00344,85204844,358064283.0,0.0,3.5723
HK.00386,中国石油化工股份,2023-11-17 00:00:00,3.552299999,3.4823,3.5623,3.4623,6.65,0.00273,67556525,278636123.0,-2.5193852699941175,3.5723
HK.00386,中国石油化工股份,2023-11-20 00:00:00,3.512299999,3.5423,3.5623,3.472299999,6.747,0.00239,59157120,246098033.0,1.7229991672170708,3.4823
HK.00386,中国石油化工股份,2023-11-21 00:00:00,3.5723,3.5223,3.6023,3.5223,6.715,0.00267,65963325,276256416.0,-0.5646049177088337,3.5423
HK.00386,中国石油化工股份,2023-11-22 00:00:00,3.5223,3.5223,3.5423,3.5023,6.715,0.00163,40258942,166966530.0,0.0,3.5223
HK.00386,中国石油化工股份,2023-11-23 00:00:00,3.5223,3.552299999,3.5623,3.4823,6.763,0.00206,50871533,211281332.0,0.8517161797689058,3.5223
HK.00386,中国石油化工股份,2023-11-24 00:00:00,3.4923,3.4823,3.5223,3.472299999,6.65,0.00213,52742124,217257934.0,-1.9705542611746119,3.552299999
HK.00386,中国石油化工股份,2023-11-27 00:00:00,3.512299999,3.4623,3.5223,3.4423,6.618,0.00256,63475174,259823178.0,-0.5743330557390236,3.4823
HK.00386,中国石油化工股份,2023-11-28 00:00:00,3.4823,3.4223,3.4923,3.4123,6.553,0.00325,80527784,326604616.0,-1.1553013892499215,3.4623
HK.00386,中国石油化工股份,2023-11-29 00:00:00,3.4523,3.3823,3.472299999,3.3523,6.488,0.00434,107375348,431405444.0,-1.1688046050901453,3.4223
HK.00386,中国石油化工股份,2023-11-30 00:00:00,3.3823,3.392299999,3.4023,3.3423,6.504,0.00474,117199988,469897405.0,0.2956567720190447,3.3823
HK.00386,中国石油化工股份,2023-12-01 00:00:00,3.3823,3.3823,3.4223,3.3723,6.488,0.00278,68735449,276218800.0,-0.29478521955452053,3.392299999
HK.00386,中国石油化工股份,2023-12-04 00:00:00,3.392299999,3.3623,3.4223,3.3623,6.456,0.0029,71858338,288382796.0,-0.5913136031694415,3.3823
HK.00386,中国石油化工股份,2023-12-05 00:00:00,3.3623,3.2923,3.3723,3.2523,6.343,0.00513,126932798,498543281.0,-2.0819082175891457,3.3623
HK.00386,中国石油化工股份,2023-12-06 00:00:00,3.2523,3.2823,3.3323,3.2323,6.326,0.00286,70668610,276516080.0,-0.3037390274276277,3.2923
HK.00386,中国石油化工股份,2023-12-07 00:00:00,3.2623,3.2523,3.2723,3.1923,6.278,0.00297,73573167,284331605.0,-0.9139932364500577,3.2823
HK.00386,中国石油化工股份,2023-12-08 00:00:00,3.3023,3.2723,3.3223,3.2523,6.31,0.00184,45630834,178340971.0,0.6149494204101719,3.2523
HK.00386,中国石油化工股份,2023-12-11 00:00:00,3.2123,3.2223,3.2523,3.1523,6.229,0.00609,150754512,577157635.0,-1.5279772636983107,3.2723
HK.00386,中国石油化工股份,2023-12-12 00:00:00,3.2323,3.2423,3.2523,3.1823,6.262,0.00414,102394701,394417832.0,0.6206746733699536,3.2223
HK.00386,中国石油化工股份,2023-12-13 00:00:00,3.2223,3.1923,3.2523,3.1823,6.181,0.00323,79990504,305956665.0,-1.5421151651605423,3.2423
HK.00386,中国石油化工股份,2023-12-14 00:00:00,3.2523,3.2123,3.2523,3.1923,6.213,0.0023,56808413,218665380.0,0.6265075337530939,3.1923
HK.00386,中国石油化工股份,2023-12-15 00:00:00,3.2523,3.2823,3.3523,3.2523,6.326,0.00516,127753906,502068176.0,2.179123992155162,3.2123
HK.00386,中国石油化工股份,2023-12-18 00:00:00,3.2623,3.2723,3.3023,3.2323,6.31,0.00313,77401536,302055909.0,-0.30466441215002377,3.2823
HK.00386,中国石油化工股份,2023-12-19 00:00:00,3.2523,3.2723,3.2923,3.2323,6.31,0.0018,44605313,173716848.0,0.0,3.2723
HK.00386,中国石油化工股份,2023-12-20 00:00:00,3.3023,3.2923,3.3323,3.2723,6.343,0.0017,41950249,164530596.0,0.611190905479327,3.2723
HK.00386,中国石油化工股份,2023-12-21 00:00:00,3.2423,3.2623,3.2923,3.2123,6.294,0.00219,54084958,209784706.0,-0.9112170822828966,3.2923
HK.00386,中国石油化工股份,2023-12-22 00:00:00,3.2823,3.3023,3.3423,3.2623,6.359,0.00184,45556145,179340059.0,1.226128804830935,3.2623
HK.00386,中国石油化工股份,2023-12-27 00:00:00,3.3223,3.4023,3.4223,3.3023,6.489,0.00344,83750050,336291711.0,3.028192471913518,3.3023
HK.00386,中国石油化工股份,2023-12-28 00:00:00,3.432299999,3.4423,3.4623,3.4023,6.553,0.00223,54244955,220754641.0,1.1756752784880828,3.4023
HK.00386,中国石油化工股份,2023-12-29 00:00:00,3.432299999,3.4623,3.472299999,3.4223,6.586,0.00147,35852939,146483494.0,0.581006884931587,3.4423
HK.00386,中国石油化工股份,2024-01-02 00:00:00,3.472299999,3.4423,3.4923,3.4223,6.553,0.00162,39473440,160810253.0,-0.5776506946249608,3.4623
HK.00386,中国石油化工股份,2024-01-03 00:00:00,3.4423,3.4623,3.4923,3.432299999,6.586,0.00226,55170226,225334926.0,0.581006884931587,3.4423
HK.00386,中国石油化工股份,2024-01-04 00:00:00,3.472299999,3.4423,3.512299999,3.4423,6.553,0.00234,57002264,233325017.0,-0.5776506946249608,3.4623
HK.00386,中国石油化工股份,2024-01-05 00:00:00,3.4423,3.4523,3.5323,3.4223,6.57,0.00298,72559613,297524208.0,0.2905034424657999,3.4423
HK.00386,中国石油化工股份,2024-01-08 00:00:00,3.4623,3.4023,3.5023,3.3723,6.489,0.00251,61132007,247163420.0,-1.4483098224372235,3.4523
HK.00386,中国石油化工股份,2024-01-09 00:00:00,3.3823,3.3723,3.4223,3.3523,6.441,0.0031,75529951,303378707.0,-0.8817564588660555,3.4023
HK.00386,中国石油化工股份,2024-01-10 00:00:00,3.3623,3.2923,3.4023,3.2923,6.312,0.00365,88916278,352441941.0,-2.372268184918307,3.3723
HK.00386,中国石油化工股份,2024-01-11 00:00:00,3.3123,3.2723,3.3323,3.2623,6.28,0.00294,71645513,280631861.0,-0.6074780548552688,3.2923
HK.00386,中国石油化工股份,2024-01-12 00:00:00,3.2723,3.3023,3.3223,3.2523,6.328,0.00232,56606324,222515214.0,0.9167863582189838,3.2723
HK.00386,中国石油化工股份,2024-01-15 00:00:00,3.3423,3.3223,3.3523,3.3023,6.36,0.00208,50790778,201013031.0,0.6056384943827036,3.3023
HK.00386,中国石油化工股份,2024-01-16 00:00:00,3.2923,3.2423,3.3223,3.2423,6.231,0.00429,104499835,407491311.0,-2.4079703819642906,3.3223
HK.00386,中国石油化工股份,2024-01-17 00:00:00,3.2423,3.1323,3.2523,3.1123,6.054,0.00716,174444810,661445632.0,-3.3926533633531846,3.2423
HK.00386,中国石油化工股份,2024-01-18 00:00:00,3.1423,3.1423,3.1823,3.0923,6.07,0.00429,104588473,393766813.0,0.31925422213709514,3.1323
HK.00386,中国石油化工股份,2024-01-19 00:00:00,3.1623,3.1223,3.1923,3.1023,6.038,0.00386,94212589,354942128.0,-0.6364764662826597,3.1423
HK.00386,中国石油化工股份,2024-01-22 00:00:00,3.1223,3.0523,3.1323,3.0123,5.925,0.00481,117217060,431753032.0,-2.2419370335970368,3.1223
HK.00386,中国石油化工股份,2024-01-23 00:00:00,3.0523,3.0723,3.1423,3.0123,5.958,0.0059,143935195,533665177.0,0.6552435868033948,3.0523
HK.00386,中国石油化工股份,2024-01-24 00:00:00,3.0823,3.2323,3.2523,3.0823,6.215,0.00827,201610511,763708500.0,5.207824756696942,3.0723
HK.00386,中国石油化工股份,2024-01-25 00:00:00,3.2423,3.512299999,3.512299999,3.2423,6.666,0.01368,333442224,1350276689.0,8.662562231228542,3.2323
HK.00386,中国石油化工股份,2024-01-26 00:00:00,3.512299999,3.432299999,3.512299999,3.4023,6.537,0.0052,126673893,517736312.0,-2.277709763481968,3.512299999
HK.00386,中国石油化工股份,2024-01-29 00:00:00,3.472299999,3.5323,3.6123,3.472299999,6.698,0.00763,186066678,775347513.0,2.913498267317401,3.432299999
HK.00386,中国石油化工股份,2024-01-30 00:00:00,3.472299999,3.4623,3.512299999,3.432299999,6.586,0.00503,122668130,503228864.0,-1.9817116326472917,3.5323
HK.00386,中国石油化工股份,2024-01-31 00:00:00,3.472299999,3.432299999,3.4923,3.4023,6.537,0.00379,92398473,375132024.0,-0.866476070819972,3.4623
HK.00386,中国石油化工股份,2024-02-01 00:00:00,3.432299999,3.432299999,3.4923,3.392299999,6.537,0.00409,99678675,404600279.0,0.0,3.432299999
HK.00386,中国石油化工股份,2024-02-02 00:00:00,3.4223,3.4523,3.5223,3.4123,6.57,0.00423,103045542,421776245.0,0.5826996767714681,3.432299999
HK.00386,中国石油化工股份,2024-02-05 00:00:00,3.392299999,3.472299999,3.512299999,3.3823,6.602,0.0038,92753840,380120234.0,0.5793239000086879,3.4523
HK.00386,中国石油化工股份,2024-02-06 00:00:00,3.4623,3.5623,3.5723,3.4523,6.747,0.00504,122833620,511281302.0,2.5919419700463484,3.472299999
HK.00386,中国石油化工股份,2024-02-07 00:00:00,3.4823,3.552299999,3.5723,3.4823,6.731,0.00457,111283924,464614176.0,-0.28071754203744403,3.5623
HK.00386,中国石油化工股份,2024-02-08 00:00:00,3.5423,3.5223,3.5823,3.5023,6.682,0.0029,70789378,295169370.0,-0.8445232387029642,3.552299999
HK.00386,中国石油化工股份,2024-02-09 00:00:00,3.4823,3.4923,3.512299999,3.432299999,6.634,0.00098,23878439,97811669.0,-0.8517162081594358,3.5223
HK.00386,中国石油化工股份,2024-02-14 00:00:00,3.4023,3.4523,3.472299999,3.392299999,6.57,0.0027,65720029,266926245.0,-1.145376972195975,3.4923
HK.00386,中国石油化工股份,2024-02-15 00:00:00,3.4423,3.5023,3.5223,3.4223,6.65,0.00187,45607982,187083624.0,1.4483098224372106,3.4523
HK.00386,中国石油化工股份,2024-02-16 00:00:00,3.5223,3.552299999,3.5723,3.5223,6.731,0.00194,47385757,197895987.0,1.4276332410130539,3.5023
HK.00386,中国石油化工股份,2024-02-19 00:00:00,3.552299999,3.6323,3.6823,3.512299999,6.859,0.0061,148779386,633556586.0,2.252062073094061,3.552299999
HK.00386,中国石油化工股份,2024-02-20 00:00:00,3.6523,3.7123,3.7523,3.6523,6.988,0.00642,156473944,678914198.0,2.202461250447377,3.6323
HK.00386,中国石油化工股份,2024-02-21 00:00:00,3.6723,3.7223,3.7723,3.6723,7.004,0.0065,158518898,691991930.0,0.26937478113299657,3.7123
HK.00386,中国石油化工股份,2024-02-22 00:00:00,3.7223,3.8723,3.8923,3.7123,7.246,0.00618,150547496,671198036.0,4.029766542191653,3.7223
HK.00386,中国石油化工股份,2024-02-23 00:00:00,3.8623,3.8523,3.9423,3.8323,7.214,0.00411,100303252,451068071.0,-0.5164889084006925,3.8723
HK.00386,中国石油化工股份,2024-02-26 00:00:00,3.8223,3.8223,3.8923,3.7823,7.165,0.00336,81984600,365029221.0,-0.7787555486332904,3.8523
HK.00386,中国石油化工股份,2024-02-27 00:00:00,3.7723,3.8023,3.8323,3.7323,7.133,0.00356,86835084,383121686.0,-0.5232451665227746,3.8223
HK.00386,中国石油化工股份,2024-02-28 00:00:00,3.8023,3.7423,3.8023,3.6823,7.037,0.0055,134035473,584311696.0,-1.5779922678378775,3.8023
HK.00386,中国石油化工股份,2024-02-29 00:00:00,3.6923,3.7023,3.7423,3.6923,6.972,0.00474,115464385,500944434.0,-1.0688613953985526,3.7423
HK.00386,中国石油化工股份,2024-03-01 00:00:00,3.6723,3.7023,3.7323,3.6223,6.972,0.00381,92864676,401749059.0,0.0,3.7023
HK.00386,中国石油化工股份,2024-03-04 00:00:00,3.7223,3.7523,3.7923,3.7023,7.053,0.00309,75302097,329434967.0,1.3505118439888668,3.7023
HK.00386,中国石油化工股份,2024-03-05 00:00:00,3.7223,3.6923,3.7723,3.6723,6.956,0.00316,77109491,334364946.0,-1.599019268182183,3.7523
HK.00386,中国石油化工股份,2024-03-06 00:00:00,3.6823,3.7423,3.7623,3.6623,7.037,0.00251,61107447,266412651.0,1.354169487853107,3.6923
HK.00386,中国石油化工股份,2024-03-07 00:00:00,3.7623,3.7423,3.8823,3.7223,7.037,0.00444,108176977,478063522.0,0.0,3.7423
HK.00386,中国石油化工股份,2024-03-08 00:00:00,3.7523,3.7923,3.8523,3.7423,7.117,0.00348,84929166,376614841.0,1.336076744248185,3.7423
HK.00386,中国石油化工股份,2024-03-11 00:00:00,3.7923,3.7923,3.8523,3.7623,7.117,0.00321,78348039,346395375.0,0.0,3.7923
HK.00386,中国石油化工股份,2024-03-12 00:00:00,3.8023,3.8323,3.8723,3.7723,7.181,0.0044,107320408,478967324.0,1.054768873770536,3.7923
HK.00386,中国石油化工股份,2024-03-13 00:00:00,3.8223,3.8823,3.9223,3.8023,7.262,0.00446,108695840,489570305.0,1.3046995276987663,3.8323
HK.00386,中国石油化工股份,2024-03-14 00:00:00,3.9123,3.9823,4.0723,3.9123,7.423,0.00843,205399043,952458412.0,2.57579270020349,3.8823
HK.00386,中国石油化工股份,2024-03-15 00:00:00,3.9723,3.9223,4.0223,3.8723,7.326,0.00613,149481562,680224526.0,-1.5066670014815573,3.9823
HK.00386,中国石油化工股份,2024-03-18 00:00:00,3.8823,3.9023,4.0023,3.8723,7.294,0.00335,81705930,373323311.0,-0.5099049027356403,3.9223
HK.00386,中国石油化工股份,2024-03-19 00:00:00,3.8723,3.9123,3.9923,3.8423,7.31,0.00333,81070478,369531409.0,0.2562591292314848,3.9023
HK.00386,中国石油化工股份,2024-03-20 00:00:00,3.9323,3.9323,4.0023,3.8823,7.5,0.00242,59065666,270305437.0,0.5112082406768401,3.9123
HK.00386,中国石油化工股份,2024-03-21 00:00:00,3.9723,3.9523,4.0323,3.9523,7.532,0.0032,77973845,359740160.0,0.5086081936780006,3.9323
HK.00386,中国石油化工股份,2024-03-22 00:00:00,3.8923,3.8223,3.9723,3.7823,7.319,0.0065,158427020,708806568.0,-3.289223996154147,3.9523
HK.00386,中国石油化工股份,2024-03-25 00:00:00,3.7923,3.8623,3.9723,3.7923,8.487,0.00444,108185828,489406277.0,1.0464903330455493,3.8223
HK.00386,中国石油化工股份,2024-03-26 00:00:00,3.9323,3.8423,3.9523,3.7823,8.449,0.00522,127232512,568211152.0,-0.5178261657561561,3.8623
HK.00386,中国石油化工股份,2024-03-27 00:00:00,3.8123,3.7723,3.8223,3.7323,8.317,0.00601,146539636,644394514.0,-1.8218254691200542,3.8423
HK.00386,中国石油化工股份,2024-03-28 00:00:00,3.7323,3.8123,3.8423,3.6823,8.393,0.00591,144185976,636585177.0,1.0603610529385266,3.7723
HK.00386,中国石油化工股份,2024-04-02 00:00:00,3.8823,4.0323,4.0423,3.8723,8.809,0.00795,193865487,897145309.0,5.770794533483729,3.8123
HK.00386,中国石油化工股份,2024-04-03 00:00:00,4.0023,4.0123,4.0723,3.9823,8.771,0.00371,90468852,420674280.0,-0.49599484165365826,4.0323
HK.00386,中国石油化工股份,2024-04-05 00:00:00,4.0123,3.9023,4.0123,3.8023,8.563,0.00423,103179845,465336562.0,-2.7415696732547388,4.0123
HK.00386,中国石油化工股份,2024-04-08 00:00:00,3.9423,3.9423,4.0123,3.8723,8.638,0.00477,116212344,532376265.0,1.0250365169259166,3.9023
HK.00386,中国石油化工股份,2024-04-09 00:00:00,3.9523,3.9023,3.9823,3.9023,8.563,0.00258,62850985,286372751.0,-1.0146361261192716,3.9423
HK.00386,中国石油化工股份,2024-04-10 00:00:00,3.9123,3.9823,3.9923,3.9123,8.714,0.00219,53488507,245958203.0,2.050073033851833,3.9023
HK.00386,中国石油化工股份,2024-04-11 00:00:00,3.8723,3.9723,4.0123,3.8723,8.695,0.00365,88892653,408657240.0,-0.2511111669135873,3.9823
HK.00386,中国石油化工股份,2024-04-12 00:00:00,3.9523,3.9423,3.9723,3.9123,8.638,0.00332,81032726,370967891.0,-0.7552299675251176,3.9723
HK.00386,中国石油化工股份,2024-04-15 00:00:00,3.9123,4.0223,4.0423,3.9123,8.79,0.00461,112352091,521167834.0,2.0292722522385542,3.9423
HK.00386,中国石油化工股份,2024-04-16 00:00:00,3.9623,3.9323,4.0523,3.9323,8.62,0.00422,102886920,473499569.0,-2.2375257937001294,4.0223
HK.00386,中国石油化工股份,2024-04-17 00:00:00,3.9223,3.8923,3.9423,3.8923,8.544,0.00332,81035719,367735601.0,-1.0172163873560012,3.9323
HK.00386,中国石油化工股份,2024-04-18 00:00:00,3.8923,3.9523,3.9923,3.8523,8.657,0.00493,120299421,548488117.0,1.5415050227372005,3.8923
HK.00386,中国石油化工股份,2024-04-19 00:00:00,3.9423,4.0223,4.0423,3.9123,8.79,0.00608,148214675,687645684.0,1.7711206133137738,3.9523
HK.00386,中国石油化工股份,2024-04-22 00:00:00,4.0423,3.9923,4.1623,3.9723,8.733,0.00619,150776768,707687187.0,-0.74584193123338,4.0223
HK.00386,中国石油化工股份,2024-04-23 00:00:00,3.9923,4.0823,4.0923,3.9723,8.903,0.00586,142800468,669004665.0,2.2543396037371903,3.9923
HK.00386,中国石油化工股份,2024-04-24 00:00:00,4.0923,4.0823,4.1423,4.0623,8.903,0.00418,101912074,481311554.0,0.0,4.0823
HK.00386,中国石油化工股份,2024-04-25 00:00:00,4.0423,4.1423,4.1523,4.0423,9.017,0.00292,71221629,338684317.0,1.469759694289974,4.0823
HK.00386,中国石油化工股份,2024-04-26 00:00:00,4.1423,4.1723,4.2523,4.1423,9.073,0.00496,120896471,584667507.0,0.7242353281993156,4.1423
HK.00386,中国石油化工股份,2024-04-29 00:00:00,4.1723,4.0423,4.1723,3.9823,8.827,0.00669,163083683,762421265.0,-3.1157874553603504,4.1723
HK.00386,中国石油化工股份,2024-04-30 00:00:00,4.0523,4.0923,4.2523,4.0123,8.922,0.00479,116774720,558970168.0,1.2369195754891973,4.0423
HK.00386,中国石油化工股份,2024-05-02 00:00:00,4.0723,3.9923,4.1023,3.9723,8.733,0.00389,94913346,439819851.0,-2.4436136158150585,4.0923
HK.00386,中国石油化工股份,2024-05-03 00:00:00,3.9923,4.0523,4.0723,3.9823,8.846,0.00214,52068390,242766022.0,1.5028930691581197,3.9923
HK.00386,中国石油化工股份,2024-05-06 00:00:00,4.0723,4.1323,4.1423,4.0023,8.998,0.00426,103894996,490724494.0,1.974187498457668,4.0523
HK.00386,中国石油化工股份,2024-05-07 00:00:00,4.1323,4.1823,4.2123,4.1223,9.092,0.00314,76506860,368005922.0,1.2099799143334178,4.1323
HK.00386,中国石油化工股份,2024-05-08 00:00:00,4.2023,4.2023,4.2923,4.1823,9.13,0.00439,107005756,521083790.0,0.47820577194367847,4.1823
HK.00386,中国石油化工股份,2024-05-09 00:00:00,4.2323,4.2023,4.2523,4.1823,9.13,0.00268,65242327,315708447.0,0.0,4.2023
HK.00386,中国石油化工股份,2024-05-10 00:00:00,4.2223,4.4623,4.4723,4.2223,9.621,0.01482,361359824,1802206095.0,6.187088023225371,4.2023
HK.00386,中国石油化工股份,2024-05-13 00:00:00,4.4123,4.4923,4.5123,4.3823,9.678,0.00558,135998313,691809059.0,0.6722990386123804,4.4623
HK.00386,中国石油化工股份,2024-05-14 00:00:00,4.5123,4.4223,4.5123,4.4023,9.546,0.00348,84931624,430407752.0,-1.5582218462702908,4.4923
HK.00386,中国石油化工股份,2024-05-16 00:00:00,4.4323,4.4823,4.5123,4.4023,9.659,0.00339,82523991,420303929.0,1.3567600569839335,4.4223
HK.00386,中国石油化工股份,2024-05-17 00:00:00,4.5123,4.5823,4.6123,4.5023,9.848,0.00566,137866410,715223130.0,2.230997478972841,4.4823
HK.00386,中国石油化工股份,2024-05-20 00:00:00,4.5723,4.5523,4.6523,4.5323,9.792,0.00436,106272333,552072934.0,-0.6546930580712796,4.5823
HK.00386,中国石油化工股份,2024-05-21 00:00:00,4.5323,4.5123,4.5623,4.4623,9.716,0.00431,104995262,539343078.0,-0.878676712870418,4.5523
HK.00386,中国石油化工股份,2024-05-22 00:00:00,4.5123,4.5123,4.6023,4.5123,9.716,0.00234,57020384,294949964.0,0.0,4.5123
HK.00386,中国石油化工股份,2024-05-23 00:00:00,4.4723,4.4923,4.5123,4.4323,9.678,0.00273,66534506,339849038.0,-0.44323294107217104,4.5123
HK.00386,中国石油化工股份,2024-05-24 00:00:00,4.4723,4.4723,4.5323,4.4523,9.64,0.00251,61161702,312624240.0,-0.44520624179152024,4.4923
HK.00386,中国石油化工股份,2024-05-27 00:00:00,4.4823,4.5223,4.5623,4.4723,9.735,0.00402,98037608,504231211.0,1.1179929790041077,4.4723
HK.00386,中国石油化工股份,2024-05-28 00:00:00,4.5323,4.5223,4.5923,4.4923,9.735,0.00462,112668227,582799779.0,0.0,4.5223
HK.00386,中国石油化工股份,2024-05-29 00:00:00,4.5023,4.5123,4.5823,4.4823,9.716,0.00397,96682995,499767865.0,-0.22112641797317015,4.5223
HK.00386,中国石油化工股份,2024-05-30 00:00:00,4.4923,4.3923,4.5323,4.3823,9.489,0.00423,103058275,520614947.0,-2.6593976464330855,4.5123
HK.00386,中国石油化工股份,2024-05-31 00:00:00,4.4123,4.3323,4.4623,4.3323,9.376,0.00579,141033384,704937143.0,-1.3660269107301326,4.3923
HK.00386,中国石油化工股份,2024-06-03 00:00:00,4.3623,4.3823,4.4623,4.3223,9.47,0.00373,90821135,455900297.0,1.154121367402992,4.3323
HK.00386,中国石油化工股份,2024-06-04 00:00:00,4.2923,4.2923,4.3423,4.2623,9.3,0.00531,129412362,637624333.0,-2.053716085160757,4.3823
HK.00386,中国石油化工股份,2024-06-05 00:00:00,4.2923,4.2423,4.3523,4.2123,9.206,0.00544,132678971,649103609.0,-1.1648766395638661,4.2923
HK.00386,中国石油化工股份,2024-06-06 00:00:00,4.2623,4.2823,4.3723,4.2523,9.281,0.00498,121511374,600206897.0,0.9428847559107096,4.2423
HK.00386,中国石油化工股份,2024-06-07 00:00:00,4.3123,4.2623,4.3623,4.2423,9.243,0.00509,124161379,610200779.0,-0.4670387408635654,4.2823
HK.00386,中国石油化工股份,2024-06-11 00:00:00,4.2423,4.1923,4.2723,4.1223,9.111,0.00462,112501163,541823638.0,-1.6423057973394506,4.2623
HK.00386,中国石油化工股份,2024-06-12 00:00:00,4.1623,4.1923,4.2323,4.1023,9.111,0.00438,106844966,513038415.0,0.0,4.1923
HK.00386,中国石油化工股份,2024-06-13 00:00:00,4.2523,4.1623,4.2523,4.1523,9.054,0.00282,68841490,332313187.0,-0.7155976432984339,4.1923
HK.00386,中国石油化工股份,2024-06-14 00:00:00,4.1523,4.0723,4.1723,4.0723,8.884,0.00361,87949152,416414193.0,-2.1622660548254538,4.1623
HK.00386,中国石油化工股份,2024-06-17 00:00:00,4.0623,4.0323,4.1023,3.9923,8.809,0.00341,83234751,389050191.0,-0.9822459052623833,4.0723
HK.00386,中国石油化工股份,2024-06-18 00:00:00,4.0523,4.0623,4.1123,4.0123,8.865,0.00312,76070170,357415683.0,0.7439922624804542,4.0323
HK.00386,中国石油化工股份,2024-06-19 00:00:00,4.0923,4.2223,4.2323,4.0923,9.168,0.0053,129142531,623282842.0,3.9386554414986628,4.0623
HK.00386,中国石油化工股份,2024-06-20 00:00:00,4.2423,4.3123,4.3623,4.2223,9.338,0.00524,127755474,630923795.0,2.1315396821637465,4.2223
HK.00386,中国石油化工股份,2024-06-21 00:00:00,4.2723,4.2223,4.3223,4.2023,9.168,0.00511,124585743,606351462.0,-2.087053312617394,4.3123
HK.00386,中国石油化工股份,2024-06-24 00:00:00,4.2223,4.2923,4.3223,4.1823,9.3,0.00493,120127221,588171579.0,1.6578641972384789,4.2223
HK.00386,中国石油化工股份,2024-06-25 00:00:00,4.3223,4.3423,4.3723,4.2823,9.395,0.00342,83313149,413431929.0,1.1648766395638661,4.2923
HK.00386,中国石油化工股份,2024-06-26 00:00:00,4.3123,4.3823,4.4223,4.2723,9.47,0.0041,99848447,498848709.0,0.9211708080970924,4.3423
HK.00386,中国石油化工股份,2024-06-27 00:00:00,4.3523,4.3123,4.3923,4.2923,9.338,0.00375,91488574,453042405.0,-1.5973347329028202,4.3823
HK.00386,中国石油化工股份,2024-06-28 00:00:00,4.2923,4.4323,4.4923,4.2923,9.565,0.00545,132895278,671308473.0,2.7827377501565316,4.3123
HK.00386,中国石油化工股份,2024-07-02 00:00:00,4.4523,4.4923,4.5323,4.4423,9.678,0.00528,128413578,657364594.0,1.3536989824696095,4.4323
HK.00386,中国石油化工股份,2024-07-03 00:00:00,4.5423,4.6323,4.6423,4.5123,9.943,0.00733,178507120,935261941.0,3.116443692540562,4.4923
HK.00386,中国石油化工股份,2024-07-04 00:00:00,4.6323,4.7723,4.7923,4.6123,10.207,0.00812,197670238,1059090460.0,3.022256762299518,4.6323
HK.00386,中国石油化工股份,2024-07-05 00:00:00,4.7623,4.6823,4.8023,4.6823,10.037,0.00559,135963919,727740304.0,-1.8858831171552657,4.7723
HK.00386,中国石油化工股份,2024-07-08 00:00:00,4.6817,4.7017,4.7917,4.6617,9.659,0.00358,87068253,446851760.0,0.41432629263396376,4.6823
HK.00386,中国石油化工股份,2024-07-09 00:00:00,4.6817,4.6317,4.6917,4.6117,9.527,0.00356,86720672,438182778.0,-1.488823191611532,4.7017
HK.00386,中国石油化工股份,2024-07-10 00:00:00,4.6317,4.4517,4.6617,4.4317,9.187,0.00562,136673561,668982574.0,-3.8862620636051686,4.6317
HK.00386,中国石油化工股份,2024-07-11 00:00:00,4.4817,4.4717,4.5217,4.4417,9.224,0.00238,57825782,282046009.0,0.4492665723206969,4.4517
HK.00386,中国石油化工股份,2024-07-12 00:00:00,4.5017,4.5017,4.5417,4.4617,9.281,0.0028,68052688,334401571.0,0.6708857928751785,4.4717
HK.00386,中国石油化工股份,2024-07-15 00:00:00,4.4917,4.5617,4.6317,4.4717,9.395,0.00389,94591753,470398804.0,1.3328298198458473,4.5017
HK.00386,中国石油化工股份,2024-07-16 00:00:00,4.5217,4.6117,4.6517,4.5217,9.489,0.0049,119168563,598670449.0,1.0960826007847912,4.5617
HK.00386,中国石油化工股份,2024-07-17 00:00:00,4.6117,4.3917,4.6317,4.3517,9.073,0.0066,160684291,774890181.0,-4.770475095951596,4.6117
HK.00386,中国石油化工股份,2024-07-18 00:00:00,4.3917,4.4817,4.5017,4.3917,9.243,0.00387,94278292,459831136.0,2.0493203087642566,4.3917
HK.00386,中国石油化工股份,2024-07-19 00:00:00,4.4417,4.3217,4.4417,4.2617,8.941,0.00747,181705325,861638137.0,-3.5700738559028973,4.4817
HK.00386,中国石油化工股份,2024-07-22 00:00:00,4.3417,4.3917,4.4017,4.2117,9.073,0.00398,96941548,458860556.0,1.6197329754494825,4.3217
HK.00386,中国石油化工股份,2024-07-23 00:00:00,4.3717,4.3817,4.4417,4.3517,9.054,0.0034,82644256,397379536.0,-0.22770225652935733,4.3917
HK.00386,中国石油化工股份,2024-07-24 00:00:00,4.3817,4.5317,4.5717,4.3817,9.338,0.0048,116789972,574633100.0,3.423328844968835,4.3817
HK.00386,中国石油化工股份,2024-07-25 00:00:00,4.5217,4.4417,4.5517,4.4317,9.168,0.00325,78980349,385313690.0,-1.9860096652470345,4.5317
HK.00386,中国石油化工股份,2024-07-26 00:00:00,4.4617,4.4517,4.5617,4.4117,9.187,0.00304,73933616,361029596.0,0.22513902334691194,4.4417
HK.00386,中国石油化工股份,2024-07-29 00:00:00,4.5017,4.5217,4.5817,4.4617,9.319,0.0043,104699622,517774977.0,1.5724330031224092,4.4517
HK.00386,中国石油化工股份,2024-07-30 00:00:00,4.4917,4.4317,4.4917,4.3917,9.149,0.00478,116366680,564616889.0,-1.99040184001592,4.5217
HK.00386,中国石油化工股份,2024-07-31 00:00:00,4.4917,4.6117,4.6317,4.4817,9.489,0.00677,164738635,822218484.0,4.061646772119045,4.4317
HK.00386,中国石油化工股份,2024-08-01 00:00:00,4.6317,4.5517,4.6917,4.5517,9.376,0.00337,82048886,410551809.0,-1.3010386625322465,4.6117
HK.00386,中国石油化工股份,2024-08-02 00:00:00,4.4617,4.6017,4.6217,4.4617,9.47,0.00445,108262685,538101786.0,1.0984906738141753,4.5517
HK.00386,中国石油化工股份,2024-08-05 00:00:00,4.5517,4.4617,4.5817,4.3817,9.206,0.00726,176798763,863099817.0,-3.042353912684436,4.6017
HK.00386,中国石油化工股份,2024-08-06 00:00:00,4.4717,4.4117,4.5317,4.4117,9.111,0.00264,64153587,311484941.0,-1.1206490799471212,4.4617
HK.00386,中国石油化工股份,2024-08-07 00:00:00,4.4417,4.5517,4.6217,4.4117,9.376,0.00485,118006250,585538123.0,3.1733798762381977,4.4117
HK.00386,中国石油化工股份,2024-08-08 00:00:00,4.5517,4.5117,4.5817,4.4417,9.3,0.00282,68525832,336263770.0,-0.8787925390513441,4.5517
HK.00386,中国石油化工股份,2024-08-09 00:00:00,4.5317,4.5217,4.5917,4.5117,9.319,0.00191,46489422,230256124.0,0.22164594277101282,4.5117
HK.00386,中国石油化工股份,2024-08-12 00:00:00,4.5517,4.5517,4.6117,4.5017,9.376,0.00151,36788304,182708395.0,0.6634672800053133,4.5217
HK.00386,中国石油化工股份,2024-08-13 00:00:00,4.5817,4.5817,4.6417,4.5317,9.432,0.00169,41167384,205370401.0,0.6590944042884935,4.5517
HK.00386,中国石油化工股份,2024-08-14 00:00:00,4.5817,4.5817,4.6417,4.5517,9.432,0.00166,40401227,201708216.0,0.0,4.5817
HK.00386,中国石油化工股份,2024-08-15 00:00:00,4.5617,4.5417,4.6117,4.5317,9.357,0.00209,50948672,253353717.0,-0.8730383918632831,4.5817
HK.00386,中国石油化工股份,2024-08-16 00:00:00,4.5617,4.5417,4.6517,4.5417,9.357,0.00286,69516623,346931591.0,0.0,4.5417
HK.00386,中国石油化工股份,2024-08-19 00:00:00,4.5617,4.6117,4.6417,4.5417,9.489,0.00258,62855959,314705233.0,1.5412730915736461,4.5417
HK.00386,中国石油化工股份,2024-08-20 00:00:00,4.6017,4.5517,4.6117,4.5117,9.376,0.00251,61159283,303177709.0,-1.3010386625322465,4.6117
HK.00386,中国石油化工股份,2024-08-21 00:00:00,4.5217,4.5517,4.5717,4.4717,9.376,0.00299,72834926,359285097.0,0.0,4.5517
HK.00386,中国石油化工股份,2024-08-22 00:00:00,4.5717,4.6317,4.6417,4.5317,9.527,0.0033,80238525,402113921.0,1.7575850781026883,4.5517
HK.00386,中国石油化工股份,2024-08-23 00:00:00,4.6017,4.6917,4.7217,4.6017,9.64,0.00369,89879721,457548783.0,1.2954206878683767,4.6317
HK.00386,中国石油化工股份,2024-08-26 00:00:00,4.7317,4.7517,4.7917,4.7117,9.754,0.00418,101613664,524430752.0,1.2788541466845624,4.6917
HK.00386,中国石油化工股份,2024-08-27 00:00:00,4.7517,5.0217,5.0517,4.7417,10.264,0.00867,210986993,1133390702.0,5.6821769051076565,4.7517
HK.00386,中国石油化工股份,2024-08-28 00:00:00,4.9417,4.9517,5.0117,4.8917,10.132,0.00371,90259184,482249553.0,-1.3939502558894454,5.0217
HK.00386,中国石油化工股份,2024-08-29 00:00:00,4.9017,4.8917,4.9517,4.8217,10.018,0.00262,63746807,337319144.0,-1.2117050709857142,4.9517
HK.00386,中国石油化工股份,2024-08-30 00:00:00,4.9017,4.8917,4.9517,4.8517,10.018,0.0046,111907864,593349654.0,0.0,4.8917
HK.00386,中国石油化工股份,2024-09-02 00:00:00,4.8917,4.9017,4.9317,4.8017,10.037,0.00432,105053907,556229221.0,0.2044279084980638,4.8917
HK.00386,中国石油化工股份,2024-09-03 00:00:00,4.8917,4.8317,4.9117,4.7617,9.905,0.00388,94529710,494084429.0,-1.4280759736418036,4.9017
HK.00386,中国石油化工股份,2024-09-04 00:00:00,4.7517,4.7017,4.7517,4.5917,9.659,0.00601,146309685,743657184.0,-2.6905643976240228,4.8317
HK.00386,中国石油化工股份,2024-09-05 00:00:00,4.701,4.401,4.741,4.341,8.79,0.01211,294841550,1385858679.0,-6.3955590531084505,4.7017
HK.00386,中国石油化工股份,2024-09-09 00:00:00,4.331,4.141,4.381,4.111,8.298,0.01237,301113989,1334918489.0,-5.907748239036578,4.401
HK.00386,中国石油化工股份,2024-09-10 00:00:00,4.111,4.161,4.181,4.081,8.336,0.00554,134783217,592340054.0,0.48297512678096044,4.141
HK.00386,中国石油化工股份,2024-09-11 00:00:00,4.031,4.031,4.051,3.921,8.09,0.00808,196635536,833589869.0,-3.1242489786109084,4.161
HK.00386,中国石油化工股份,2024-09-12 00:00:00,4.001,4.011,4.051,3.911,8.052,0.00772,187994967,797619652.0,-0.49615480029768233,4.031
HK.00386,中国石油化工股份,2024-09-13 00:00:00,4.041,4.101,4.181,4.041,8.223,0.00557,135465175,590340838.0,2.2438294689603553,4.011
HK.00386,中国石油化工股份,2024-09-16 00:00:00,4.071,4.141,4.171,4.051,8.298,0.00194,47200046,206699075.0,0.9753718605218249,4.101
HK.00386,中国石油化工股份,2024-09-17 00:00:00,4.141,4.241,4.251,4.141,8.487,0.00271,65855684,294223075.0,2.4148756339048454,4.141
HK.00386,中国石油化工股份,2024-09-19 00:00:00,4.211,4.201,4.211,4.081,8.412,0.00947,230494874,1016380152.0,-0.9431737797689234,4.241
HK.00386,中国石油化工股份,2024-09-20 00:00:00,4.241,4.281,4.331,4.211,8.563,0.0073,177751542,803493983.0,1.9043084979766742,4.201
HK.00386,中国石油化工股份,2024-09-23 00:00:00,4.311,4.341,4.371,4.281,8.676,0.00479,116520893,534698121.0,1.4015416958654638,4.281
HK.00386,中国石油化工股份,2024-09-24 00:00:00,4.431,4.511,4.541,4.391,8.998,0.00743,180783815,854513347.0,3.9161483529140737,4.341
HK.00386,中国石油化工股份,2024-09-25 00:00:00,4.651,4.581,4.761,4.561,9.13,0.0104,253206071,1236371408.0,1.5517623586787914,4.511
HK.00386,中国石油化工股份,2024-09-26 00:00:00,4.641,4.521,4.641,4.401,9.017,0.01428,347439198,1654310980.0,-1.3097576948264678,4.581
HK.00386,中国石油化工股份,2024-09-27 00:00:00,4.551,4.611,4.671,4.451,9.187,0.01304,317398359,1528537128.0,1.9907100199070973,4.521
HK.00386,中国石油化工股份,2024-09-30 00:00:00,4.641,4.591,4.741,4.551,9.149,0.01072,260998587,1270000099.0,-0.4337453914552066,4.611
HK.00386,中国石油化工股份,2024-10-02 00:00:00,4.721,4.951,5.031,4.611,9.829,0.01077,262110428,1344281632.0,7.841428882596372,4.591
HK.00386,中国石油化工股份,2024-10-03 00:00:00,4.951,4.911,5.001,4.821,9.754,0.0071,172876314,891781050.0,-0.8079175924055755,4.951
HK.00386,中国石油化工股份,2024-10-04 00:00:00,5.001,5.091,5.151,4.931,10.094,0.00693,168660345,895175006.0,3.6652412950519366,4.911
HK.00386,中国石油化工股份,2024-10-07 00:00:00,5.151,5.181,5.221,5.071,10.264,0.00623,151733541,820383978.0,1.7678255745433087,5.091
HK.00386,中国石油化工股份,2024-10-08 00:00:00,5.171,4.731,5.211,4.701,9.413,0.0136,330884167,1692565351.0,-8.68558193398958,5.181
HK.00386,中国石油化工股份,2024-10-09 00:00:00,4.691,4.551,4.711,4.461,9.073,0.0097,236182684,1139016434.0,-3.804692454026627,4.731
HK.00386,中国石油化工股份,2024-10-10 00:00:00,4.611,4.671,4.801,4.581,9.3,0.0083,202087336,997136986.0,2.636783124588005,4.551
HK.00386,中国石油化工股份,2024-10-14 00:00:00,4.671,4.631,4.791,4.581,9.224,0.0069,168039546,822972095.0,-0.8563476771569264,4.671
HK.00386,中国石油化工股份,2024-10-15 00:00:00,4.601,4.521,4.631,4.481,9.017,0.00467,113583653,544335325.0,-2.3752969121140213,4.631
HK.00386,中国石油化工股份,2024-10-16 00:00:00,4.491,4.471,4.541,4.451,8.922,0.00515,125232689,593890123.0,-1.1059500110594962,4.521
HK.00386,中国石油化工股份,2024-10-17 00:00:00,4.511,4.401,4.571,4.341,8.79,0.00672,163570764,765491388.0,-1.5656452695146563,4.471
HK.00386,中国石油化工股份,2024-10-18 00:00:00,4.401,4.461,4.481,4.351,8.903,0.0062,150838944,703706728.0,1.363326516700761,4.401
HK.00386,中国石油化工股份,2024-10-21 00:00:00,4.541,4.381,4.571,4.371,8.752,0.00455,110825139,519049142.0,-1.793319883434209,4.461
HK.00386,中国石油化工股份,2024-10-22 00:00:00,4.381,4.381,4.431,4.361,8.752,0.0034,82644027,383485193.0,0.0,4.381
HK.00386,中国石油化工股份,2024-10-23 00:00:00,4.381,4.411,4.431,4.371,8.809,0.00289,70291438,327389474.0,0.6847751654873171,4.381
HK.00386,中国石油化工股份,2024-10-24 00:00:00,4.361,4.341,4.411,4.341,8.676,0.00404,98234453,453092529.0,-1.5869417365676584,4.411
HK.00386,中国石油化工股份,2024-10-25 00:00:00,4.331,4.311,4.381,4.291,8.62,0.00502,122280773,559340999.0,-0.6910850034554307,4.341
HK.00386,中国石油化工股份,2024-10-28 00:00:00,4.261,4.261,4.301,4.221,8.525,0.00759,184804578,830810648.0,-1.1598237067965629,4.311
HK.00386,中国石油化工股份,2024-10-29 00:00:00,4.121,4.171,4.191,4.101,8.355,0.00902,219601652,964781529.0,-2.112180239380424,4.261
HK.00386,中国石油化工股份,2024-10-30 00:00:00,4.151,4.111,4.171,4.081,8.241,0.0047,114416151,500108231.0,-1.4385039558858905,4.171
HK.00386,中国石油化工股份,2024-10-31 00:00:00,4.141,4.131,4.171,4.101,8.279,0.0054,131305036,576046842.0,0.4864996351252849,4.111
HK.00386,中国石油化工股份,2024-11-01 00:00:00,4.181,4.161,4.231,4.131,8.336,0.00492,119815635,528990440.0,0.7262164124909068,4.131
HK.00386,中国石油化工股份,2024-11-04 00:00:00,4.151,4.131,4.171,4.081,8.279,0.00447,108872123,476724587.0,-0.7209805335255794,4.161
HK.00386,中国石油化工股份,2024-11-05 00:00:00,4.131,4.211,4.231,4.121,8.431,0.00509,123939270,551419477.0,1.9365770999757943,4.131
HK.00386,中国石油化工股份,2024-11-06 00:00:00,4.211,4.101,4.231,4.091,8.223,0.00708,172262250,755316044.0,-2.6122061268107415,4.211
HK.00386,中国石油化工股份,2024-11-07 00:00:00,4.081,4.141,4.151,4.051,8.298,0.00685,166779583,728249810.0,0.9753718605218249,4.101
HK.00386,中国石油化工股份,2024-11-08 00:00:00,4.151,4.111,4.181,4.111,8.241,0.005,121622646,533511953.0,-0.7244626901714621,4.141
HK.00386,中国石油化工股份,2024-11-11 00:00:00,4.051,4.061,4.081,4.001,8.147,0.00602,146628792,629358746.0,-1.21624908781318,4.111
HK.00386,中国石油化工股份,2024-11-12 00:00:00,4.031,3.991,4.071,3.951,8.015,0.00806,196191759,833827048.0,-1.7237133710908605,4.061
HK.00386,中国石油化工股份,2024-11-13 00:00:00,3.961,3.970999999,4.011,3.930999999,7.977,0.00514,125083456,527021575.0,-0.5011275620145351,3.991
HK.00386,中国石油化工股份,2024-11-14 00:00:00,3.930999999,3.941,4.001,3.911,7.92,0.00514,125142335,525271764.0,-0.7554771847785178,3.970999999
HK.00386,中国石油化工股份,2024-11-15 00:00:00,3.941,3.941,4.001,3.930999999,7.92,0.00592,144065413,606395416.0,0.0,3.941
HK.00386,中国石油化工股份,2024-11-18 00:00:00,3.941,3.941,4.020999999,3.901,7.92,0.00777,189007982,795461660.0,0.0,3.941
HK.00386,中国石油化工股份,2024-11-19 00:00:00,4.001,3.930999999,4.011,3.901,7.901,0.00634,154370122,646834734.0,-0.2537427302715014,3.941
HK.00386,中国石油化工股份,2024-11-20 00:00:00,3.911,3.951,3.981,3.911,7.939,0.00521,126775342,532521796.0,0.5087764183436242,3.930999999
HK.00386,中国石油化工股份,2024-11-21 00:00:00,3.930999999,3.921,3.961,3.911,7.882,0.00545,132534060,554442106.0,-0.7593014426727474,3.951
HK.00386,中国石油化工股份,2024-11-22 00:00:00,3.941,3.871,3.961,3.841,7.788,0.00677,164727437,681458857.0,-1.275184901810758,3.921
HK.00386,中国石油化工股份,2024-11-25 00:00:00,3.890999999,3.911,3.941,3.890999999,7.863,0.00833,202791522,844205129.0,1.0333247222939819,3.871
HK.00386,中国石油化工股份,2024-11-26 00:00:00,3.871,3.890999999,3.921,3.841,7.826,0.00249,60590866,250749049.0,-0.5113781897213014,3.911
HK.00386,中国石油化工股份,2024-11-27 00:00:00,3.911,3.930999999,3.951,3.871,7.901,0.00261,63475641,264582134.0,1.0280133644379381,3.890999999
HK.00386,中国石油化工股份,2024-11-28 00:00:00,3.930999999,3.921,3.961,3.901,7.882,0.00208,50646894,211182408.0,-0.2543881710135851,3.930999999
HK.00386,中国石油化工股份,2024-11-29 00:00:00,3.930999999,3.911,3.961,3.901,7.863,0.00331,80590199,335914286.0,-0.25503698036214706,3.921
HK.00386,中国石油化工股份,2024-12-02 00:00:00,3.941,3.911,3.970999999,3.890999999,7.863,0.00281,68291995,284435099.0,0.0,3.911
HK.00386,中国石油化工股份,2024-12-03 00:00:00,3.911,3.970999999,3.981,3.881,7.977,0.00393,95688473,400499099.0,1.534134466888263,3.911
HK.00386,中国石油化工股份,2024-12-04 00:00:00,3.970999999,4.061,4.111,3.951,8.147,0.0073,177690509,764305213.0,2.266431655065834,3.970999999
HK.00386,中国石油化工股份,2024-12-05 00:00:00,4.020999999,4.011,4.081,3.991,8.052,0.00452,110090395,469773511.0,-1.2312238364934702,4.061
HK.00386,中国石油化工股份,2024-12-06 00:00:00,4.031,4.061,4.091,4.031,8.147,0.0049,119308538,514790897.0,1.2465719272001952,4.011
HK.00386,中国石油化工股份,2024-12-09 00:00:00,4.051,4.141,4.151,4.031,8.298,0.00602,146415909,635330870.0,1.969958138389561,4.061
HK.00386,中国石油化工股份,2024-12-10 00:00:00,4.251,4.081,4.251,4.071,8.185,0.00654,159287974,697953897.0,-1.448925380342903,4.141
HK.00386,中国石油化工股份,2024-12-11 00:00:00,4.081,4.051,4.151,4.011,8.128,0.0062,150874778,651152819.0,-0.7351139426611185,4.081
HK.00386,中国石油化工股份,2024-12-12 00:00:00,4.011,4.071,4.121,4.011,8.166,0.00498,121293559,524474150.0,0.4937052579609868,4.051
HK.00386,中国石油化工股份,2024-12-13 00:00:00,4.031,4.011,4.051,3.970999999,8.052,0.00619,150537367,640099676.0,-1.4738393515106758,4.071
HK.00386,中国石油化工股份,2024-12-16 00:00:00,4.001,4.031,4.051,4.001,8.09,0.00436,106002516,453764279.0,0.4986287708800692,4.011
HK.00386,中国石油化工股份,2024-12-17 00:00:00,4.031,4.031,4.061,4.001,8.09,0.00328,79809904,341717475.0,0.0,4.031
HK.00386,中国石油化工股份,2024-12-18 00:00:00,4.031,4.051,4.091,4.031,8.128,0.00436,106162852,456913843.0,0.49615480029770437,4.031
HK.00386,中国石油化工股份,2024-12-19 00:00:00,4.031,4.041,4.061,3.991,8.109,0.00478,116318530,497121617.0,-0.2468526289804934,4.051
HK.00386,中国石油化工股份,2024-12-20 00:00:00,4.031,4.001,4.061,3.981,8.034,0.0041,99864134,424261713.0,-0.9898539965355119,4.041
HK.00386,中国石油化工股份,2024-12-23 00:00:00,4.041,4.061,4.101,4.001,8.147,0.00538,130822320,564079250.0,1.4996250937265585,4.001
HK.00386,中国石油化工股份,2024-12-24 00:00:00,4.061,4.121,4.171,4.061,8.26,0.00402,97724188,428923681.0,1.4774686037921818,4.061
HK.00386,中国石油化工股份,2024-12-27 00:00:00,4.131,4.141,4.181,4.121,8.298,0.00403,98009229,431031541.0,0.48531909730646866,4.121
HK.00386,中国石油化工股份,2024-12-30 00:00:00,4.161,4.131,4.221,4.131,8.248,0.00429,103231283,455276401.0,-0.24148756339048022,4.141
HK.00386,中国石油化工股份,2024-12-31 00:00:00,4.151,4.201,4.251,4.151,8.38,0.00477,114653162,512005830.0,1.694504962478804,4.131
HK.00386,中国石油化工股份,2025-01-02 00:00:00,4.191,4.181,4.221,4.121,8.342,0.00593,142500965,629226427.0,-0.47607712449415795,4.201
HK.00386,中国石油化工股份,2025-01-03 00:00:00,4.171,4.191,4.241,4.161,8.361,0.00337,80931792,359905793.0,0.23917723032766772,4.181
HK.00386,中国石油化工股份,2025-01-06 00:00:00,4.191,4.201,4.231,4.141,8.38,0.00304,72989799,324667936.0,0.2386065378191312,4.191
HK.00386,中国石油化工股份,2025-01-07 00:00:00,4.181,4.161,4.201,4.121,8.305,0.0042,101040707,444597017.0,-0.9521542489883371,4.201
HK.00386,中国石油化工股份,2025-01-08 00:00:00,4.151,4.181,4.211,4.111,8.342,0.0055,132285275,583436932.0,0.4806536890170744,4.161
HK.00386,中国石油化工股份,2025-01-09 00:00:00,4.191,4.151,4.201,4.131,8.286,0.00428,102926728,452942310.0,-0.7175316909830244,4.181
HK.00386,中国石油化工股份,2025-01-10 00:00:00,4.171,4.091,4.181,4.071,8.173,0.00499,119899343,521374399.0,-1.4454348349795136,4.151
HK.00386,中国石油化工股份,2025-01-13 00:00:00,4.121,4.041,4.131,3.991,8.079,0.00521,125278817,537617223.0,-1.2221950623319437,4.091
HK.00386,中国石油化工股份,2025-01-14 00:00:00,4.041,4.071,4.081,4.020999999,8.135,0.00527,126822876,545811891.0,0.7423904974016173,4.041
HK.00386,中国石油化工股份,2025-01-15 00:00:00,4.071,4.091,4.111,4.031,8.173,0.00351,84417255,364561256.0,0.4912797838369065,4.071
HK.00386,中国石油化工股份,2025-01-16 00:00:00,4.121,4.101,4.141,4.071,8.192,0.00252,60505293,263315611.0,0.24443901246638441,4.091
HK.00386,中国石油化工股份,2025-01-17 00:00:00,4.091,4.041,4.101,4.020999999,8.079,0.00484,116447011,500042890.0,-1.4630577907827265,4.101
HK.00386,中国石油化工股份,2025-01-20 00:00:00,4.061,4.061,4.071,4.020999999,8.116,0.0035,84261266,362370059.0,0.4949269982677449,4.041
HK.00386,中国石油化工股份,2025-01-21 00:00:00,4.081,4.051,4.081,4.020999999,8.097,0.0028,67396020,289352194.0,-0.24624476729868966,4.061
HK.00386,中国石油化工股份,2025-01-22 00:00:00,4.020999999,4.001,4.051,3.981,8.003,0.00468,112529497,479023270.0,-1.2342631449024888,4.051
HK.00386,中国石油化工股份,2025-01-23 00:00:00,4.001,3.991,4.031,3.981,7.984,0.00408,98057455,417101411.0,-0.2499375156211005,4.001
HK.00386,中国石油化工股份,2025-01-24 00:00:00,3.991,4.011,4.041,3.970999999,8.022,0.00344,82633532,352105413.0,0.5011275369581564,3.991
HK.00386,中国石油化工股份,2025-01-27 00:00:00,4.020999999,4.041,4.071,4.011,8.079,0.0044,105897359,454450149.0,0.7479431563201258,4.011
HK.00386,中国石油化工股份,2025-01-28 00:00:00,4.051,4.031,4.061,4.001,8.06,0.00199,47968150,204583595.0,-0.24746349913389443,4.041
HK.00386,中国石油化工股份,2025-02-03 00:00:00,3.961,4.001,4.041,3.961,8.003,0.00378,90883387,384741525.0,-0.7442322004465235,4.031
HK.00386,中国石油化工股份,2025-02-04 00:00:00,4.061,4.051,4.101,3.981,8.097,0.00431,103627766,445431545.0,1.249687578105469,4.001
HK.00386,中国石油化工股份,2025-02-05 00:00:00,4.051,4.041,4.061,4.001,8.079,0.00288,69161187,295871640.0,-0.2468526289804934,4.051
HK.00386,中国石油化工股份,2025-02-06 00:00:00,4.051,4.081,4.091,4.041,8.154,0.00312,75069665,324435595.0,0.9898539965355119,4.041
HK.00386,中国石油化工股份,2025-02-07 00:00:00,4.081,4.071,4.101,4.031,8.135,0.00372,89462154,386028742.0,-0.245037980887054,4.081
HK.00386,中国石油化工股份,2025-02-10 00:00:00,4.091,4.091,4.121,4.061,8.173,0.00392,94302314,408465736.0,0.4912797838369065,4.071
HK.00386,中国石油化工股份,2025-02-11 00:00:00,4.111,4.101,4.141,4.071,8.192,0.00473,113827687,495797278.0,0.24443901246638441,4.091
HK.00386,中国石油化工股份,2025-02-12 00:00:00,4.121,4.161,4.181,4.121,8.305,0.00611,146937578,647729334.0,1.4630577907827265,4.101
HK.00386,中国石油化工股份,2025-02-13 00:00:00,4.161,4.121,4.181,4.101,8.229,0.00845,203258422,892565678.0,-0.961307378034106,4.161
HK.00386,中国石油化工股份,2025-02-14 00:00:00,4.151,4.101,4.161,4.061,8.192,0.00903,217049286,942180500.0,-0.48531909730649014,4.121
HK.00386,中国石油化工股份,2025-02-17 00:00:00,4.081,4.031,4.091,4.011,8.06,0.01119,269183636,1153969887.0,-1.7069007559131988,4.101
HK.00386,中国石油化工股份,2025-02-18 00:00:00,4.041,3.991,4.051,3.970999999,7.984,0.01119,269212690,1145921479.0,-0.9923096005953758,4.031
HK.00386,中国石油化工股份,2025-02-19 00:00:00,3.981,3.981,4.001,3.970999999,7.966,0.00628,150996860,639034156.0,-0.25056376847908374,3.991
HK.00386,中国石油化工股份,2025-02-20 00:00:00,3.970999999,3.981,4.011,3.970999999,7.966,0.00557,133981394,566836748.0,0.0,3.981
HK.00386,中国石油化工股份,2025-02-21 00:00:00,4.001,3.991,4.011,3.970999999,7.984,0.00598,143804607,608517960.0,0.2511931675458486,3.981
HK.00386,中国石油化工股份,2025-02-24 00:00:00,3.991,3.981,4.011,3.961,7.966,0.00593,142645278,604489794.0,-0.25056376847908374,3.991
HK.00386,中国石油化工股份,2025-02-25 00:00:00,4.011,3.970999999,4.011,3.941,7.947,0.00675,162427551,684969428.0,-0.2511931926651563,3.981
HK.00386,中国石油化工股份,2025-02-26 00:00:00,3.970999999,3.951,3.981,3.941,7.909,0.00655,157548169,662235275.0,-0.5036514481248162,3.970999999
HK.00386,中国石油化工股份,2025-02-27 00:00:00,3.930999999,3.941,3.961,3.901,7.89,0.00855,205567998,857400905.0,-0.2531004808909195,3.951
HK.00386,中国石油化工股份,2025-02-28 00:00:00,3.930999999,3.881,3.941,3.861,7.777,0.01073,257950722,1067391234.0,-1.5224562293834067,3.941
HK.00386,中国石油化工股份,2025-03-03 00:00:00,3.881,3.861,3.911,3.850999999,7.74,0.00571,137428086,567047272.0,-0.515331100231888,3.881
HK.00386,中国石油化工股份,2025-03-04 00:00:00,3.850999999,3.831,3.871,3.801,7.683,0.00641,154153210,628261299.0,-0.7770007770007834,3.861
HK.00386,中国石油化工股份,2025-03-05 00:00:00,3.850999999,3.890999999,3.911,3.841,7.796,0.00713,171460911,708558281.0,1.5661706865048284,3.831
HK.00386,中国石油化工股份,2025-03-06 00:00:00,3.901,3.921,3.921,3.871,7.853,0.00658,158218712,656664800.0,0.7710100490287841,3.890999999
HK.00386,中国石油化工股份,2025-03-07 00:00:00,3.921,3.941,3.970999999,3.921,7.89,0.00667,160516574,672943893.0,0.5100739607243056,3.921
HK.00386,中国石油化工股份,2025-03-10 00:00:00,3.951,3.921,3.981,3.901,7.853,0.00492,118253379,493471731.0,-0.5074854097944689,3.941
HK.00386,中国石油化工股份,2025-03-11 00:00:00,3.901,3.921,3.941,3.871,7.853,0.00352,84670416,351950168.0,0.0,3.921
HK.00386,中国石油化工股份,2025-03-12 00:00:00,3.890999999,3.930999999,3.951,3.890999999,7.871,0.00524,126047746,526590884.0,0.25503695485845823,3.921
HK.00386,中国石油化工股份,2025-03-13 00:00:00,3.930999999,3.951,3.970999999,3.911,7.909,0.00514,123700539,518849521.0,0.5087764183436242,3.930999999
HK.00386,中国石油化工股份,2025-03-14 00:00:00,3.970999999,3.961,3.981,3.930999999,7.928,0.00538,129337543,544437853.0,0.2531004808909083,3.951
HK.00386,中国石油化工股份,2025-03-17 00:00:00,3.930999999,4.001,4.031,3.930999999,8.003,0.00511,123004109,522424064.0,1.009845998485243,3.961
HK.00386,中国石油化工股份,2025-03-18 00:00:00,4.031,4.031,4.051,4.001,8.06,0.00456,109745623,469707990.0,0.7498125468632681,4.001
HK.00386,中国石油化工股份,2025-03-19 00:00:00,4.041,4.051,4.071,4.031,8.097,0.00449,108095372,465390508.0,0.49615480029770437,4.031
HK.00386,中国石油化工股份,2025-03-20 00:00:00,4.041,4.020999999,4.051,4.011,8.041,0.00634,152391885,651524290.0,-0.740557911626767,4.051
HK.00386,中国石油化工股份,2025-03-21 00:00:00,4.020999999,4.001,4.051,3.991,8.003,0.00624,150050850,639709540.0,-0.4973886845305491,4.020999999
HK.00386,中国石油化工股份,2025-03-24 00:00:00,3.911,3.911,3.930999999,3.810999999,9.541,0.01441,346548248,1427058053.0,-2.2494376405898597,4.001
HK.00386,中国石油化工股份,2025-03-25 00:00:00,3.890999999,3.841,3.901,3.821,9.38,0.01015,244150993,999877284.0,-1.7898235745333633,3.911
HK.00386,中国石油化工股份,2025-03-26 00:00:00,3.871,3.850999999,3.871,3.821,9.403,0.00418,100634225,412397013.0,0.26034884144753195,3.841
HK.00386,中国石油化工股份,2025-03-27 00:00:00,3.861,3.901,3.911,3.841,9.518,0.00554,133172909,551228625.0,1.2983640875872124,3.850999999
HK.00386,中国石油化工股份,2025-03-28 00:00:00,3.921,3.881,3.921,3.861,9.472,0.0042,101012785,417070430.0,-0.5126890540886957,3.901
HK.00386,中国石油化工股份,2025-03-31 00:00:00,3.861,3.850999999,3.901,3.841,9.403,0.0052,125053224,514162882.0,-0.7729966761144007,3.881
HK.00386,中国石油化工股份,2025-04-01 00:00:00,3.871,3.861,3.901,3.850999999,9.426,0.00456,109689670,451542940.0,0.2596728382912761,3.850999999
HK.00386,中国石油化工股份,2025-04-02 00:00:00,3.890999999,3.890999999,3.901,3.850999999,9.495,0.00539,129592892,535537119.0,0.7770007511007438,3.861
HK.00386,中国石油化工股份,2025-04-03 00:00:00,3.850999999,3.850999999,3.871,3.841,9.403,0.00563,135325442,555398316.0,-1.0280133644379381,3.890999999
HK.00386,中国石油化工股份,2025-04-07 00:00:00,3.651,3.511,3.701,3.501,8.623,0.02522,606495261,2309873773.0,-8.828875593048261,3.850999999
HK.00386,中国石油化工股份,2025-04-08 00:00:00,3.451,3.581,3.581,3.451,8.784,0.01714,412274164,1560412340.0,1.9937339789233792,3.511
HK.00386,中国石油化工股份,2025-04-09 00:00:00,3.511,3.531,3.551,3.441,8.669,0.01296,311769188,1167690240.0,-1.396258028483659,3.581
HK.00386,中国石油化工股份,2025-04-10 00:00:00,3.561,3.561,3.591,3.541,8.738,0.01136,273269486,1041907409.0,0.8496176720475731,3.531
HK.00386,中国石油化工股份,2025-04-11 00:00:00,3.561,3.571,3.571,3.501,8.761,0.0086,206931252,783793590.0,0.2808199943836066,3.561
HK.00386,中国石油化工股份,2025-04-14 00:00:00,3.601,3.601,3.621,3.571,8.83,0.00841,202301058,778331018.0,0.8401008120974461,3.571
HK.00386,中国石油化工股份,2025-04-15 00:00:00,3.611,3.631,3.641,3.601,8.899,0.00551,132603194,513036946.0,0.8331019161344017,3.601
HK.00386,中国石油化工股份,2025-04-16 00:00:00,3.611,3.591,3.631,3.571,8.807,0.00492,118405841,455055203.0,-1.1016248967226547,3.631
HK.00386,中国石油化工股份,2025-04-17 00:00:00,3.611,3.641,3.641,3.591,8.922,0.00341,81922013,317321945.0,1.39236981342244,3.591
HK.00386,中国石油化工股份,2025-04-22 00:00:00,3.621,3.671,3.681,3.621,8.99,0.00454,109064436,424905568.0,0.8239494644328428,3.641
HK.00386,中国石油化工股份,2025-04-23 00:00:00,3.681,3.691,3.701,3.661,9.036,0.00462,111004182,436519726.0,0.544810678289295,3.671
HK.00386,中国石油化工股份,2025-04-24 00:00:00,3.661,3.671,3.691,3.631,8.99,0.00303,72973604,285189593.0,-0.5418585749119486,3.691
HK.00386,中国石油化工股份,2025-04-25 00:00:00,3.681,3.681,3.711,3.661,9.013,0.00334,80229806,316150361.0,0.27240533914465354,3.671
HK.00386,中国石油化工股份,2025-04-28 00:00:00,3.681,3.691,3.701,3.671,9.036,0.00372,89528994,352194428.0,0.27166530834011915,3.681
HK.00386,中国石油化工股份,2025-04-29 00:00:00,3.661,3.651,3.671,3.611,8.944,0.00644,154854464,601844975.0,-1.083717149823897,3.691
HK.00386,中国石油化工股份,2025-04-30 00:00:00,3.641,3.721,3.721,3.621,9.105,0.0081,194845299,765559275.0,1.9172829361818757,3.651
HK.00386,中国石油化工股份,2025-05-02 00:00:00,3.721,3.731,3.770999999,3.701,9.128,0.00214,51379834,204390853.0,0.2687449610319749,3.721
HK.00386,中国石油化工股份,2025-05-06 00:00:00,3.701,3.741,3.751,3.681,9.151,0.0055,132192447,526094211.0,0.2680246582685669,3.731
HK.00386,中国石油化工股份,2025-05-07 00:00:00,3.751,3.751,3.791,3.741,9.174,0.00412,99020030,397232589.0,0.26730820636192965,3.741
HK.00386,中国石油化工股份,2025-05-08 00:00:00,3.731,3.721,3.751,3.701,9.105,0.00596,143422713,569341689.0,-0.7997867235403842,3.751
HK.00386,中国石油化工股份,2025-05-09 00:00:00,3.731,3.741,3.761,3.721,9.151,0.00266,64080224,255495150.0,0.5374899220639617,3.721
HK.00386,中国石油化工股份,2025-05-12 00:00:00,3.751,3.831,3.850999999,3.751,9.357,0.00786,189011733,767095367.0,2.405773857257414,3.741
HK.00386,中国石油化工股份,2025-05-13 00:00:00,3.821,3.831,3.861,3.810999999,9.357,0.00522,125647841,513156953.0,0.0,3.831
HK.00386,中国石油化工股份,2025-05-14 00:00:00,3.850999999,3.861,3.871,3.831,9.426,0.00677,162863177,668000332.0,0.7830853563038436,3.831
HK.00386,中国石油化工股份,2025-05-15 00:00:00,3.850999999,3.831,3.881,3.810999999,9.357,0.00542,130447483,532595507.0,-0.7770007770007834,3.861
HK.00386,中国石油化工股份,2025-05-16 00:00:00,3.831,3.781,3.841,3.770999999,9.243,0.00448,107840987,434737642.0,-1.3051422605063905,3.831
HK.00386,中国石油化工股份,2025-05-19 00:00:00,3.781,3.810999999,3.831,3.770999999,9.311,0.00344,82789527,335703976.0,0.7934408622057583,3.781
HK.00386,中国石油化工股份,2025-05-20 00:00:00,3.810999999,3.871,3.881,3.791,9.449,0.00561,134803467,552678563.0,1.5743899505574401,3.810999999
HK.00386,中国石油化工股份,2025-05-21 00:00:00,3.881,3.901,3.941,3.861,9.518,0.00611,146910583,611230465.0,0.7749935417204806,3.871
HK.00386,中国石油化工股份,2025-05-22 00:00:00,3.901,3.901,3.941,3.881,9.518,0.0049,117855895,489684448.0,0.0,3.901
HK.00386,中国石油化工股份,2025-05-23 00:00:00,3.901,3.941,3.951,3.890999999,9.61,0.00639,153588431,641642120.0,1.0253781081773914,3.901
HK.00386,中国石油化工股份,2025-05-26 00:00:00,3.930999999,3.951,4.001,3.921,9.633,0.00658,158358212,667527055.0,0.2537427048972401,3.941
HK.00386,中国石油化工股份,2025-05-27 00:00:00,3.981,4.001,4.020999999,3.951,9.747,0.00622,149656961,635512388.0,1.265502404454575,3.951
HK.00386,中国石油化工股份,2025-05-28 00:00:00,4.001,4.011,4.031,3.991,9.77,0.00584,140462342,598955169.0,0.2499375156210894,4.001
HK.00386,中国石油化工股份,2025-05-29 00:00:00,4.011,4.020999999,4.031,3.991,9.793,0.00495,119074195,507926936.0,0.24931436050859396,4.011
HK.00386,中国石油化工股份,2025-05-30 00:00:00,3.991,3.991,4.031,3.981,9.724,0.00824,198201199,841400613.0,-0.7460830392305534,4.020999999
HK.00386,中国石油化工股份,2025-06-02 00:00:00,3.970999999,3.951,3.991,3.861,9.633,0.00492,118258472,491689853.0,-1.0022550739163127,3.991
HK.00386,中国石油化工股份,2025-06-03 00:00:00,3.951,4.011,4.020999999,3.951,9.77,0.00715,171616741,727798206.0,1.5186028853454836,3.951
HK.00386,中国石油化工股份,2025-06-04 00:00:00,4.011,4.031,4.071,4.001,9.816,0.00684,164171938,705282307.0,0.4986287708800692,4.011
HK.00386,中国石油化工股份,2025-06-05 00:00:00,4.031,4.041,4.051,4.011,9.839,0.00622,149414724,639827496.0,0.2480774001488632,4.031
HK.00386,中国石油化工股份,2025-06-06 00:00:00,4.041,4.001,4.051,4.001,9.747,0.00939,225468508,963794871.0,-0.9898539965355119,4.041
HK.00386,中国石油化工股份,2025-06-09 00:00:00,4.083299999,4.0133,4.0933,3.9733,9.426,0.00909,218288538,897374600.0,0.3074231442139404,4.001
HK.00386,中国石油化工股份,2025-06-10 00:00:00,4.0133,4.0133,4.0333,3.9933,9.426,0.00392,94069112,386590716.0,0.0,4.0133
HK.00386,中国石油化工股份,2025-06-11 00:00:00,4.0333,4.1133,4.1433,4.003299999,9.655,0.00804,193067363,810295510.0,2.4917150474671628,4.0133
HK.00386,中国石油化工股份,2025-06-12 00:00:00,4.123299999,4.0933,4.1333,4.0633,9.61,0.00611,146782455,614323269.0,-0.48622760314102,4.1133
HK.00386,中国石油化工股份,2025-06-13 00:00:00,4.1133,4.1533,4.173299999,4.083299999,9.747,0.01069,256812506,1085130748.0,1.465809982165969,4.0933
HK.00386,中国石油化工股份,2025-06-16 00:00:00,4.173299999,4.083299999,4.1833,4.0633,9.587,0.00871,209125345,874845811.0,-1.6854068090433987,4.1533
HK.00386,中国石油化工股份,2025-06-17 00:00:00,4.083299999,4.043299999,4.0933,4.003299999,9.495,0.00863,207237101,856498728.0,-0.979599833707933,4.083299999
HK.00386,中国石油化工股份,2025-06-18 00:00:00,4.0333,4.003299999,4.0633,3.9733,9.403,0.00697,167295481,685006855.0,-0.9892909259736586,4.043299999
HK.00386,中国石油化工股份,2025-06-19 00:00:00,3.9933,3.9433,3.9933,3.8933,9.266,0.01153,276841938,1112302990.0,-1.4987634954909212,4.003299999
HK.00386,中国石油化工股份,2025-06-20 00:00:00,3.9533,3.9433,3.9933,3.923299999,9.266,0.01016,243983319,987819385.0,0.0,3.9433
HK.00386,中国石油化工股份,2025-06-23 00:00:00,3.9733,3.9533,3.9933,3.923299999,9.288,0.00356,85563728,346439866.0,0.2535947049425667,3.9433
HK.00386,中国石油化工股份,2025-06-24 00:00:00,3.9433,3.9933,4.003299999,3.9133,9.38,0.00676,162224361,661670256.0,1.011812915791871,3.9533
HK.00386,中国石油化工股份,2025-06-25 00:00:00,4.003299999,4.003299999,4.0133,3.963299999,9.403,0.00501,120292810,492867523.0,0.2504194275411351,3.9933
HK.00386,中国石油化工股份,2025-06-26 00:00:00,4.003299999,4.0233,4.043299999,3.9833,9.449,0.00337,80972244,333742543.0,0.49958786513615105,4.003299999
HK.00386,中国石油化工股份,2025-06-27 00:00:00,4.0233,4.0233,4.0533,3.9933,9.449,0.00507,121659514,500984206.0,0.0,4.0233
HK.00386,中国石油化工股份,2025-06-30 00:00:00,4.003299999,4.0133,4.0533,3.9933,9.426,0.00466,111831646,461028363.0,-0.248552183530927,4.0233
HK.00386,中国石油化工股份,2025-07-02 00:00:00,4.0333,4.083299999,4.1033,4.0333,9.587,0.00625,150140937,626990560.0,1.7442005083098746,4.0133
HK.00386,中国石油化工股份,2025-07-03 00:00:00,4.083299999,4.0933,4.1133,4.0733,9.61,0.00369,88707310,371967695.0,0.2448999829169757,4.083299999
HK.00386,中国石油化工股份,2025-07-04 00:00:00,4.0633,4.083299999,4.1033,4.0633,9.587,0.00453,108887730,455156422.0,-0.2443016881244929,4.0933
HK.00386,中国石油化工股份,2025-07-07 00:00:00,4.0733,4.0633,4.0933,4.043299999,9.541,0.00366,87777081,365012109.0,-0.4897998923639795,4.083299999
HK.00386,中国石油化工股份,2025-07-08 00:00:00,4.0633,4.0633,4.0933,4.043299999,9.541,0.00372,89215679,371253838.0,0.0,4.0633
HK.00386,中国石油化工股份,2025-07-09 00:00:00,4.0533,4.083299999,4.1133,4.0533,9.587,0.00428,102678933,429706564.0,0.49221074003889403,4.0633
HK.00386,中国石油化工股份,2025-07-10 00:00:00,4.083299999,4.1333,4.1533,4.0733,9.701,0.00564,135455824,571645500.0,1.2244998166249088,4.083299999
HK.00386,中国石油化工股份,2025-07-11 00:00:00,4.1333,4.1833,4.2233,4.123299999,9.816,0.01039,249465841,1070339501.0,1.2096871748965674,4.1333
HK.00386,中国石油化工股份,2025-07-14 00:00:00,4.173299999,4.2233,4.2333,4.173299999,9.908,0.00594,142529838,615444598.0,0.9561829177921745,4.1833
HK.00386,中国石油化工股份,2025-07-15 00:00:00,4.2333,4.2333,4.2433,4.1833,9.931,0.00496,119211090,513611772.0,0.23678166362796363,4.2233
HK.00386,中国石油化工股份,2025-07-16 00:00:00,4.2333,4.2333,4.2633,4.2233,9.931,0.00398,95498386,414782160.0,0.0,4.2333
HK.00386,中国石油化工股份,2025-07-17 00:00:00,4.2133,4.2033,4.2433,4.1933,9.862,0.00387,93017270,400913814.0,-0.708666997377938,4.2333
HK.00386,中国石油化工股份,2025-07-18 00:00:00,4.2233,4.2433,4.2633,4.1933,9.954,0.00391,93829255,406994190.0,0.9516332405490933,4.2033
HK.00386,中国石油化工股份,2025-07-21 00:00:00,4.2633,4.4833,4.4933,4.2433,10.504,0.01806,433791707,1956608384.0,5.655975302241186,4.2433
HK.00386,中国石油化工股份,2025-07-22 00:00:00,4.4633,4.5733,4.5733,4.4433,10.711,0.01171,281179369,1298348080.0,2.007449869515755,4.4833
HK.00386,中国石油化工股份,2025-07-23 00:00:00,4.5933,4.5833,4.6333,4.5633,10.733,0.00992,238271534,1116543893.0,0.21866048586361436,4.5733
HK.00386,中国石油化工股份,2025-07-24 00:00:00,4.5633,4.6233,4.6333,4.5433,10.825,0.00627,150640743,708595831.0,0.8727336198808725,4.5833
HK.00386,中国石油化工股份,2025-07-25 00:00:00,4.6033,4.5233,4.6733,4.5033,10.596,0.00946,227220273,1060408696.0,-2.1629571950771207,4.6233
HK.00386,中国石油化工股份,2025-07-28 00:00:00,4.5033,4.4233,4.5133,4.3933,10.366,0.00828,198719413,900459488.0,-2.210775318904332,4.5233
HK.00386,中国石油化工股份,2025-07-29 00:00:00,4.4533,4.5033,4.5233,4.4333,10.55,0.0063,151269463,692021440.0,1.80860443560238,4.4233
HK.00386,中国石油化工股份,2025-07-30 00:00:00,4.5033,4.6333,4.6633,4.5033,10.848,0.01214,291599484,1374781739.0,2.8867719228121573,4.5033
HK.00386,中国石油化工股份,2025-07-31 00:00:00,4.6333,4.5033,4.6333,4.4933,10.55,0.00586,140691331,650773898.0,-2.805775581119286,4.6333
HK.00386,中国石油化工股份,2025-08-01 00:00:00,4.3933,4.2333,4.4133,4.2333,9.931,0.0179,429843395,1888796223.0,-5.995603224302188,4.5033
HK.00386,中国石油化工股份,2025-08-04 00:00:00,4.2133,4.2033,4.2333,4.1333,9.862,0.00713,171265286,735240672.0,-0.708666997377938,4.2333
HK.00386,中国石油化工股份,2025-08-05 00:00:00,4.1933,4.173299999,4.2133,4.1533,9.793,0.00623,149653494,639580229.0,-0.713724954202637,4.2033
HK.00386,中国石油化工股份,2025-08-06 00:00:00,4.173299999,4.2333,4.2533,4.173299999,9.931,0.00421,101181812,437626264.0,1.4377111881335347,4.173299999
HK.00386,中国石油化工股份,2025-08-07 00:00:00,4.2333,4.2933,4.3133,4.2333,10.068,0.00509,122241522,534299391.0,1.417333994755876,4.2333
HK.00386,中国石油化工股份,2025-08-08 00:00:00,4.2833,4.2733,4.3233,4.2633,10.022,0.00271,65120674,285363267.0,-0.46584212610347425,4.2933
HK.00386,中国石油化工股份,2025-08-11 00:00:00,4.2933,4.2933,4.3133,4.2433,10.068,0.00323,77515229,340282463.0,0.46802237146936704,4.2733
HK.00386,中国石油化工股份,2025-08-12 00:00:00,4.2833,4.3433,4.3633,4.2833,10.183,0.00367,88025132,390786476.0,1.1646053152586546,4.2933
HK.00386,中国石油化工股份,2025-08-13 00:00:00,4.3633,4.3733,4.3833,4.3433,10.252,0.00377,90599561,404585726.0,0.6907190385191041,4.3433
HK.00386,中国石油化工股份,2025-08-14 00:00:00,4.3833,4.3833,4.4333,4.3633,10.275,0.00507,121701517,546066973.0,0.22866027942285658,4.3733
HK.00386,中国石油化工股份,2025-08-15 00:00:00,4.3733,4.3333,4.3933,4.3233,10.16,0.0049,117666457,522407921.0,-1.140693085118514,4.3833
HK.00386,中国石油化工股份,2025-08-18 00:00:00,4.3333,4.2733,4.3533,4.2733,10.022,0.00392,94142848,414576678.0,-1.3846260355849005,4.3333
HK.00386,中国石油化工股份,2025-08-19 00:00:00,4.3033,4.2633,4.3133,4.2633,10.0,0.00368,88256961,386361972.0,-0.23401118573467317,4.2733
HK.00386,中国石油化工股份,2025-08-20 00:00:00,4.2633,4.3133,4.3233,4.2433,10.114,0.00482,115687322,506871976.0,1.1728004128257412,4.2633
HK.00386,中国石油化工股份,2025-08-21 00:00:00,4.3433,4.3933,4.4233,4.3333,10.298,0.0087,208944391,938268059.0,1.8547283982101888,4.3133
HK.00386,中国石油化工股份,2025-08-22 00:00:00,4.3333,4.3133,4.3833,4.2233,10.114,0.01312,315154079,1382504519.0,-1.8209546354676456,4.3933
HK.00386,中国石油化工股份,2025-08-25 00:00:00,4.3433,4.3033,4.3733,4.2933,10.091,0.00658,158014517,699405282.0,-0.23184104977626843,4.3133
HK.00386,中国石油化工股份,2025-08-26 00:00:00,4.3033,4.2933,4.3533,4.2933,10.068,0.00756,181566337,799318715.0,-0.23237980154764454,4.3033
HK.00386,中国石油化工股份,2025-08-27 00:00:00,4.2833,4.2433,4.3133,4.2433,9.954,0.00493,118349558,517258833.0,-1.1646053152586753,4.2933
HK.00386,中国石油化工股份,2025-08-28 00:00:00,4.2433,4.2533,4.2833,4.2133,9.977,0.00546,131201678,570130791.0,0.23566563759339845,4.2433
HK.00386,中国石油化工股份,2025-08-29 00:00:00,4.2633,4.2133,4.2933,4.2133,9.885,0.00507,121726996,528096599.0,-0.9404462417417072,4.2533
HK.00386,中国石油化工股份,2025-09-01 00:00:00,4.2133,4.2033,4.2433,4.1933,9.862,0.00374,89863218,387520776.0,-0.23734364987066373,4.2133
HK.00386,中国石油化工股份,2025-09-02 00:00:00,4.1933,4.2333,4.2633,4.173299999,9.931,0.00463,111278513,481482553.0,0.7137249304118253,4.2033
HK.00386,中国石油化工股份,2025-09-03 00:00:00,4.2333,4.1933,4.2633,4.1833,9.839,0.00434,104139219,447831214.0,-0.9448893298372438,4.2333
HK.00386,中国石油化工股份,2025-09-04 00:00:00,4.22,4.13,4.24,4.1,9.472,0.00814,194887138,805374804.0,-1.5095509503255171,4.1933
HK.00386,中国石油化工股份,2025-09-05 00:00:00,4.12,4.13,4.16,4.11,9.472,0.00699,167352888,690902289.0,0.0,4.13
HK.00386,中国石油化工股份,2025-09-08 00:00:00,4.13,4.18,4.21,4.11,9.587,0.00579,138748867,579268852.0,1.2106537530266301,4.13
HK.00386,中国石油化工股份,2025-09-09 00:00:00,4.2,4.19,4.24,4.15,9.61,0.00533,127584503,534521888.0,0.23923444976078173,4.18
HK.00386,中国石油化工股份,2025-09-10 00:00:00,4.2,4.23,4.24,4.18,9.701,0.00355,84926130,358228607.0,0.9546539379474948,4.19
HK.00386,中国石油化工股份,2025-09-11 00:00:00,4.23,4.23,4.26,4.19,9.701,0.00325,77710664,328542815.0,0.0,4.23
HK.00386,中国石油化工股份,2025-09-12 00:00:00,4.25,4.23,4.26,4.19,9.701,0.00505,120904600,509964036.0,0.0,4.23
HK.00386,中国石油化工股份,2025-09-15 00:00:00,4.22,4.22,4.24,4.19,9.678,0.00403,96613911,407247645.0,-0.23640661938535873,4.23
HK.00386,中国石油化工股份,2025-09-16 00:00:00,4.24,4.22,4.3,4.2,9.678,0.00456,109193457,462762080.0,0.0,4.22
HK.00386,中国石油化工股份,2025-09-17 00:00:00,4.22,4.22,4.24,4.17,9.678,0.00479,114657225,481897906.0,0.0,4.22
HK.00386,中国石油化工股份,2025-09-18 00:00:00,4.21,4.14,4.22,4.13,9.495,0.00626,149832289,623367433.0,-1.8957345971564,4.22
HK.00386,中国石油化工股份,2025-09-19 00:00:00,4.13,4.12,4.17,4.12,9.449,0.00622,148858653,615216257.0,-0.4830917874396033,4.14
HK.00386,中国石油化工股份,2025-09-22 00:00:00,4.12,4.08,4.14,4.06,9.357,0.00647,154902770,633597795.0,-0.9708737864077678,4.12
HK.00386,中国石油化工股份,2025-09-23 00:00:00,4.1,4.07,4.1,4.06,9.334,0.00384,91899814,374660448.0,-0.24509803921568107,4.08
HK.00386,中国石油化工股份,2025-09-24 00:00:00,4.07,4.07,4.12,4.06,9.334,0.005,119841650,489398905.0,0.0,4.07
HK.00386,中国石油化工股份,2025-09-25 00:00:00,4.08,4.05,4.09,4.05,9.288,0.00503,120432118,490215323.0,-0.49140049140050274,4.07
HK.00386,中国石油化工股份,2025-09-26 00:00:00,4.06,4.07,4.09,4.05,9.334,0.00436,104412402,424487616.0,0.4938271604938386,4.05
HK.00386,中国石油化工股份,2025-09-29 00:00:00,4.08,4.1,4.11,4.07,9.403,0.00411,98441941,403013444.0,0.7371007371007213,4.07
HK.00386,中国石油化工股份,2025-09-30 00:00:00,4.09,4.05,4.11,4.0,9.288,0.00804,192418429,776498581.0,-1.219512195121947,4.1
HK.00386,中国石油化工股份,2025-10-02 00:00:00,4.07,4.09,4.12,4.05,9.38,0.0023,55154023,225803542.0,0.9876543209876552,4.05
HK.00386,中国石油化工股份,2025-10-03 00:00:00,4.09,4.06,4.1,4.04,9.311,0.00206,49424618,200665157.0,-0.7334963325183435,4.09
HK.00386,中国石油化工股份,2025-10-06 00:00:00,4.03,4.08,4.09,4.03,9.357,0.00214,51217535,208400774.0,0.4926108374384351,4.06
HK.00386,中国石油化工股份,2025-10-08 00:00:00,4.08,4.08,4.1,4.03,9.357,0.00331,79300616,322471624.0,0.0,4.08
HK.00386,中国石油化工股份,2025-10-09 00:00:00,4.06,4.11,4.13,4.06,9.426,0.00483,115551150,474788211.0,0.7352941176470649,4.08
HK.00386,中国石油化工股份,2025-10-10 00:00:00,4.1,4.11,4.12,4.07,9.426,0.00503,120546842,493675162.0,0.0,4.11
HK.00386,中国石油化工股份,2025-10-13 00:00:00,4.05,4.1,4.12,4.01,9.403,0.00666,159488566,648296793.0,-0.24330900243310644,4.11
HK.00386,中国石油化工股份,2025-10-14 00:00:00,4.09,4.04,4.11,4.03,9.266,0.00737,176405381,717078955.0,-1.463414634146332,4.1
HK.00386,中国石油化工股份,2025-10-15 00:00:00,4.07,4.06,4.08,4.03,9.311,0.00708,169618019,686775027.0,0.4950495049504845,4.04
HK.00386,中国石油化工股份,2025-10-16 00:00:00,4.05,4.09,4.1,4.04,9.38,0.00812,194482273,792107235.0,0.7389162561576417,4.06
HK.00386,中国石油化工股份,2025-10-17 00:00:00,4.08,4.04,4.09,4.02,9.266,0.00786,188253447,760679952.0,-1.222493887530558,4.09
HK.00386,中国石油化工股份,2025-10-20 00:00:00,4.06,4.1,4.11,4.03,9.403,0.00509,121810601,497029066.0,1.4851485148514756,4.04
HK.00386,中国石油化工股份,2025-10-21 00:00:00,4.1,4.12,4.14,4.09,9.449,0.00557,133275464,549547378.0,0.48780487804879175,4.1
HK.00386,中国石油化工股份,2025-10-22 00:00:00,4.11,4.13,4.14,4.09,9.472,0.00313,75016338,309324797.0,0.24271844660193656,4.12
HK.00386,中国石油化工股份,2025-10-23 00:00:00,4.14,4.2,4.2,4.14,9.633,0.00498,119279188,498194605.0,1.6949152542372952,4.13
HK.00386,中国石油化工股份,2025-10-24 00:00:00,4.2,4.21,4.22,4.19,9.655,0.0039,93303659,392341376.0,0.238095238095233,4.2
HK.00386,中国石油化工股份,2025-10-27 00:00:00,4.23,4.23,4.25,4.19,9.701,0.00419,100398841,424504050.0,0.4750593824228138,4.21
HK.00386,中国石油化工股份,2025-10-28 00:00:00,4.25,4.22,4.26,4.21,9.678,0.00298,71359527,301529642.0,-0.23640661938535873,4.23
HK.00386,中国石油化工股份,2025-10-30 00:00:00,4.22,4.12,4.22,4.09,9.449,0.00941,225442205,931185184.0,-2.3696682464454897,4.22
HK.00386,中国石油化工股份,2025-10-31 00:00:00,4.11,4.13,4.18,4.1,9.472,0.00475,113760322,471822961.0,0.24271844660193656,4.12
HK.00386,中国石油化工股份,2025-11-03 00:00:00,4.15,4.21,4.23,4.14,9.655,0.00521,124683305,523694198.0,1.9370460048426168,4.13
HK.00386,中国石油化工股份,2025-11-04 00:00:00,4.2,4.23,4.28,4.2,9.701,0.00716,171485172,728771200.0,0.4750593824228138,4.21
HK.00386,中国石油化工股份,2025-11-05 00:00:00,4.22,4.2,4.22,4.16,9.633,0.00403,96609211,404860675.0,-0.7092198581560342,4.23
HK.00386,中国石油化工股份,2025-11-06 00:00:00,4.21,4.25,4.25,4.2,9.747,0.00336,80471291,340511224.0,1.1904761904761862,4.2
HK.00386,中国石油化工股份,2025-11-07 00:00:00,4.25,4.29,4.3,4.23,9.839,0.00466,111698910,477967089.0,0.9411764705882361,4.25
HK.00386,中国石油化工股份,2025-11-10 00:00:00,4.29,4.39,4.41,4.29,10.068,0.00744,178223525,779564241.0,2.3310023310023227,4.29
HK.00386,中国石油化工股份,2025-11-11 00:00:00,4.39,4.39,4.42,4.34,10.068,0.00359,86065503,376988713.0,0.0,4.39
HK.00386,中国石油化工股份,2025-11-12 00:00:00,4.39,4.47,4.5,4.38,10.252,0.0082,196251370,875933850.0,1.8223234624145803,4.39
HK.00386,中国石油化工股份,2025-11-13 00:00:00,4.44,4.44,4.45,4.38,10.183,0.00347,83015626,366870523.0,-0.6711409395973011,4.47
HK.00386,中国石油化工股份,2025-11-14 00:00:00,4.4,4.42,4.46,4.4,10.137,0.0043,102851646,455199990.0,-0.45045045045046084,4.44
HK.00386,中国石油化工股份,2025-11-17 00:00:00,4.41,4.43,4.45,4.38,10.16,0.00381,91196639,403117113.0,0.2262443438913979,4.42
HK.00386,中国石油化工股份,2025-11-18 00:00:00,4.42,4.44,4.49,4.41,10.183,0.0067,160405706,711879166.0,0.22573363431152765,4.43
HK.00386,中国石油化工股份,2025-11-19 00:00:00,4.45,4.57,4.65,4.44,10.481,0.01524,364809123,1670563223.0,2.9279279279279256,4.44
HK.00386,中国石油化工股份,2025-11-20 00:00:00,4.57,4.56,4.61,4.54,10.458,0.00574,137529897,629198531.0,-0.21881838074399723,4.57
HK.00386,中国石油化工股份,2025-11-21 00:00:00,4.56,4.43,4.56,4.41,10.16,0.00716,171405093,764345869.0,-2.8508771929824537,4.56
HK.00386,中国石油化工股份,2025-11-24 00:00:00,4.44,4.41,4.47,4.36,10.114,0.00761,182107495,800552382.0,-0.4514672686230152,4.43
HK.00386,中国石油化工股份,2025-11-25 00:00:00,4.41,4.41,4.44,4.36,10.114,0.00442,105917955,466994183.0,0.0,4.41
HK.00386,中国石油化工股份,2025-11-26 00:00:00,4.42,4.42,4.45,4.4,10.137,0.00324,77523661,342832146.0,0.22675736961450763,4.41
HK.00386,中国石油化工股份,2025-11-27 00:00:00,4.42,4.47,4.52,4.41,10.252,0.00559,133826554,599241550.0,1.1312217194570096,4.42
HK.00386,中国石油化工股份,2025-11-28 00:00:00,4.48,4.41,4.49,4.4,10.114,0.00372,89089087,394255008.0,-1.3422818791946223,4.47
HK.00386,中国石油化工股份,2025-12-01 00:00:00,4.41,4.45,4.46,4.4,10.206,0.00468,112026068,497248953.0,0.9070294784580506,4.41
HK.00386,中国石油化工股份,2025-12-02 00:00:00,4.45,4.55,4.55,4.43,10.435,0.00957,229084689,1035124106.0,2.2471910112359472,4.45
HK.00386,中国石油化工股份,2025-12-03 00:00:00,4.49,4.51,4.57,4.49,10.344,0.00438,104764147,474934181.0,-0.87912087912088,4.55
HK.00386,中国石油化工股份,2025-12-04 00:00:00,4.51,4.5,4.54,4.47,10.321,0.00404,96649165,434596105.0,-0.2217294900221682,4.51
HK.00386,中国石油化工股份,2025-12-05 00:00:00,4.49,4.53,4.53,4.47,10.389,0.0039,93433563,421025391.0,0.6666666666666722,4.5
HK.00386,中国石油化工股份,2025-12-08 00:00:00,4.53,4.52,4.54,4.49,10.366,0.00494,118253515,534453718.0,-0.22075055187639456,4.53
HK.00386,中国石油化工股份,2025-12-09 00:00:00,4.5,4.39,4.51,4.37,10.068,0.00637,152542332,672015087.0,-2.8761061946902635,4.52
HK.00386,中国石油化工股份,2025-12-10 00:00:00,4.39,4.34,4.39,4.29,9.954,0.0054,129404676,560032903.0,-1.1389521640091078,4.39
HK.00386,中国石油化工股份,2025-12-11 00:00:00,4.35,4.29,4.37,4.28,9.839,0.00359,85974232,370492390.0,-1.15207373271889,4.34
HK.00386,中国石油化工股份,2025-12-12 00:00:00,4.32,4.34,4.35,4.29,9.954,0.00369,88272789,381501577.0,1.1655011655011613,4.29
HK.00386,中国石油化工股份,2025-12-15 00:00:00,4.3,4.42,4.46,4.27,10.137,0.00972,232666606,1024484684.0,1.8433179723502322,4.34
HK.00386,中国石油化工股份,2025-12-16 00:00:00,4.41,4.37,4.42,4.31,10.022,0.00514,122966449,534990950.0,-1.1312217194570096,4.42
HK.00386,中国石油化工股份,2025-12-17 00:00:00,4.36,4.45,4.47,4.31,10.206,0.00604,144668002,641196082.0,1.8306636155606424,4.37
HK.00386,中国石油化工股份,2025-12-18 00:00:00,4.44,4.6,4.62,4.43,10.55,0.01331,318768777,1456674870.0,3.370786516853921,4.45
HK.00386,中国石油化工股份,2025-12-19 00:00:00,4.59,4.53,4.59,4.5,10.389,0.00705,168743306,765113189.0,-1.5217391304347696,4.6
HK.00386,中国石油化工股份,2025-12-22 00:00:00,4.54,4.51,4.55,4.47,10.344,0.00348,83366430,375492358.0,-0.4415011037527695,4.53
HK.00386,中国石油化工股份,2025-12-23 00:00:00,4.51,4.53,4.56,4.49,10.389,0.0027,64714422,292741008.0,0.44345898004435613,4.51
HK.00386,中国石油化工股份,2025-12-24 00:00:00,4.53,4.53,4.56,4.5,10.389,0.00268,64200630,291107827.0,0.0,4.53
HK.00386,中国石油化工股份,2025-12-29 00:00:00,4.54,4.59,4.64,4.53,10.527,0.00714,171003780,786722633.0,1.3245033112582694,4.53
HK.00386,中国石油化工股份,2025-12-30 00:00:00,4.58,4.68,4.75,4.57,10.709,0.01193,283639620,1325889795.0,1.960784313725487,4.59
HK.00386,中国石油化工股份,2025-12-31 00:00:00,4.68,4.67,4.75,4.66,10.686,0.0046,109303837,514760062.0,-0.21367521367520914,4.68
HK.00386,中国石油化工股份,2026-01-02 00:00:00,4.66,4.7,4.72,4.65,10.755,0.0023,54701539,256149415.0,0.6423982869379069,4.67
HK.00386,中国石油化工股份,2026-01-05 00:00:00,4.66,4.61,4.67,4.55,10.549,0.00808,192124643,885737852.0,-1.9148936170212734,4.7
HK.00386,中国石油化工股份,2026-01-06 00:00:00,4.62,4.7,4.71,4.5,10.755,0.01176,279683971,1299095233.0,1.9522776572668081,4.61
HK.00386,中国石油化工股份,2026-01-07 00:00:00,4.68,4.74,4.75,4.59,10.846,0.01636,388968535,1819919439.0,0.8510638297872347,4.7
HK.00386,中国石油化工股份,2026-01-08 00:00:00,4.72,4.67,4.74,4.63,10.686,0.00945,224848830,1051630540.0,-1.4767932489451536,4.74
HK.00386,中国石油化工股份,2026-01-09 00:00:00,4.75,4.69,4.85,4.64,10.732,0.018,427978164,2017705310.0,0.42826552462527756,4.67
HK.00386,中国石油化工股份,2026-01-12 00:00:00,4.71,4.62,4.72,4.57,10.572,0.00861,204743016,943853053.0,-1.4925373134328417,4.69
HK.00386,中国石油化工股份,2026-01-13 00:00:00,4.65,4.65,4.71,4.61,10.64,0.00559,132981330,620309003.0,0.6493506493506547,4.62
HK.00386,中国石油化工股份,2026-01-14 00:00:00,4.67,4.82,4.85,4.65,11.029,0.01562,371478261,1773067034.0,3.6559139784946217,4.65
HK.00386,中国石油化工股份,2026-01-15 00:00:00,4.78,4.83,4.9,4.76,11.052,0.00899,213758694,1038551182.0,0.20746887966804536,4.82
HK.00386,中国石油化工股份,2026-01-16 00:00:00,4.88,4.79,4.92,4.76,10.961,0.0059,140389983,676716250.0,-0.828157349896481,4.83
HK.00386,中国石油化工股份,2026-01-19 00:00:00,4.77,4.95,4.97,4.74,11.327,0.01169,278003877,1365147591.0,3.340292275574116,4.79
HK.00386,中国石油化工股份,2026-01-20 00:00:00,4.92,4.92,4.98,4.89,11.258,0.00532,126411789,624078355.0,-0.6060606060606111,4.95
HK.00386,中国石油化工股份,2026-01-21 00:00:00,4.91,4.98,5.03,4.9,11.395,0.0102,242488759,1210649352.0,1.2195121951219614,4.92
HK.00386,中国石油化工股份,2026-01-22 00:00:00,5.0,5.15,5.2,4.96,11.784,0.01687,401141911,2051464760.0,3.4136546184738936,4.98
HK.00386,中国石油化工股份,2026-01-23 00:00:00,5.15,5.11,5.2,5.06,11.693,0.00764,181744191,929393740.0,-0.7766990291262142,5.15
HK.00386,中国石油化工股份,2026-01-26 00:00:00,5.1,5.26,5.29,5.08,12.036,0.01236,293897193,1539422410.0,2.935420743639911,5.11
HK.00386,中国石油化工股份,2026-01-27 00:00:00,5.25,5.26,5.3,5.18,12.036,0.00877,208650474,1096116170.0,0.0,5.26
HK.00386,中国石油化工股份,2026-01-28 00:00:00,5.26,5.45,5.5,5.24,12.471,0.01942,461803715,2497569942.0,3.6121673003802353,5.26
HK.00386,中国石油化工股份,2026-01-29 00:00:00,5.43,5.45,5.52,5.37,12.471,0.01225,291453462,1591814196.0,0.0,5.45
HK.00386,中国石油化工股份,2026-01-30 00:00:00,5.42,5.38,5.54,5.33,12.311,0.01009,240046443,1293644744.0,-1.2844036697247758,5.45
HK.00386,中国石油化工股份,2026-02-02 00:00:00,5.35,5.25,5.38,5.19,12.013,0.01514,360065390,1898679406.0,-2.4163568773234183,5.38
HK.00386,中国石油化工股份,2026-02-03 00:00:00,5.27,5.32,5.34,5.21,12.173,0.00603,143450406,759224458.0,1.3333333333333388,5.25
HK.00386,中国石油化工股份,2026-02-04 00:00:00,5.36,5.44,5.46,5.31,12.448,0.00844,200775063,1087456740.0,2.2556390977443628,5.32
HK.00386,中国石油化工股份,2026-02-05 00:00:00,5.36,5.31,5.45,5.25,12.151,0.00507,120590142,641903312.0,-2.3897058823529553,5.44
HK.00386,中国石油化工股份,2026-02-06 00:00:00,5.23,5.35,5.38,5.21,12.242,0.00549,130514202,694341239.0,0.7532956685499066,5.31
HK.00386,中国石油化工股份,2026-02-09 00:00:00,5.4,5.33,5.44,5.3,12.196,0.00464,110451952,591807241.0,-0.3738317757009266,5.35
HK.00386,中国石油化工股份,2026-02-10 00:00:00,5.37,5.42,5.45,5.36,12.402,0.00506,120284331,649618939.0,1.6885553470919297,5.33
HK.00386,中国石油化工股份,2026-02-11 00:00:00,5.37,5.51,5.54,5.32,12.608,0.00751,178592037,976448550.0,1.660516605166049,5.42
HK.00386,中国石油化工股份,2026-02-12 00:00:00,5.51,5.66,5.7,5.49,12.951,0.01061,252355614,1423815300.0,2.7223230490018215,5.51
HK.00386,中国石油化工股份,2026-02-13 00:00:00,5.59,5.37,5.6,5.36,12.288,0.00618,146973017,799282715.0,-5.123674911660777,5.66
HK.00386,中国石油化工股份,2026-02-16 00:00:00,5.37,5.44,5.44,5.37,12.448,0.00113,26977333,146253274.0,1.3035381750465602,5.37
HK.00386,中国石油化工股份,2026-02-20 00:00:00,5.44,5.41,5.52,5.41,12.379,0.00247,58780088,320674555.0,-0.5514705882352987,5.44
HK.00386,中国石油化工股份,2026-02-23 00:00:00,5.41,5.46,5.49,5.41,12.494,0.00227,53964533,294374623.0,0.9242144177449136,5.41
HK.00386,中国石油化工股份,2026-02-24 00:00:00,5.46,5.52,5.57,5.39,12.631,0.00498,118550257,652975749.0,1.0989010989010917,5.46
HK.00386,中国石油化工股份,2026-02-25 00:00:00,5.52,5.52,5.64,5.5,12.631,0.00614,145917025,813427690.0,0.0,5.52
HK.00386,中国石油化工股份,2026-02-26 00:00:00,5.52,5.43,5.54,5.42,12.425,0.00507,120677209,658555297.0,-1.6304347826086931,5.52
HK.00386,中国石油化工股份,2026-02-27 00:00:00,5.41,5.45,5.49,5.38,12.471,0.00558,132732695,722740578.0,0.3683241252302111,5.43
HK.00386,中国石油化工股份,2026-03-02 00:00:00,5.58,5.59,5.66,5.43,12.791,0.01212,288144949,1599597522.0,2.568807339449535,5.45
HK.00386,中国石油化工股份,2026-03-03 00:00:00,5.59,5.44,5.7,5.39,12.448,0.02246,534258364,2942632089.0,-2.683363148479418,5.59
HK.00386,中国石油化工股份,2026-03-04 00:00:00,5.43,5.31,5.43,5.17,12.151,0.0188,447144738,2349574084.0,-2.3897058823529553,5.44
HK.00386,中国石油化工股份,2026-03-05 00:00:00,5.31,5.2,5.34,5.18,11.899,0.01292,307175711,1610254365.0,-2.0715630885122303,5.31
HK.00386,中国石油化工股份,2026-03-06 00:00:00,5.18,5.22,5.22,5.06,11.945,0.00996,236927367,1222044905.0,0.3846153846153764,5.2
HK.00386,中国石油化工股份,2026-03-09 00:00:00,5.29,4.99,5.34,4.93,11.418,0.02815,669423311,3371371144.0,-4.406130268199225,5.22
HK.00386,中国石油化工股份,2026-03-10 00:00:00,4.99,5.06,5.1,4.96,11.578,0.01187,282192133,1424589277.0,1.4028056112224327,4.99
HK.00386,中国石油化工股份,2026-03-11 00:00:00,5.06,5.05,5.11,5.02,11.556,0.00522,124164823,628190908.0,-0.19762845849801955,5.06
HK.00386,中国石油化工股份,2026-03-12 00:00:00,5.05,4.98,5.09,4.94,11.395,0.00979,232814073,1164034093.0,-1.3861386138613743,5.05
HK.00386,中国石油化工股份,2026-03-13 00:00:00,4.98,4.84,5.01,4.76,11.075,0.01312,312130178,1502682675.0,-2.8112449799196897,4.98
HK.00386,中国石油化工股份,2026-03-16 00:00:00,4.84,4.77,4.85,4.72,10.915,0.00766,182183387,871212335.0,-1.446280991735543,4.84
HK.00386,中国石油化工股份,2026-03-17 00:00:00,4.77,4.78,4.81,4.72,10.938,0.00591,140543585,670419584.0,0.2096436058700351,4.77
HK.00386,中国石油化工股份,2026-03-18 00:00:00,4.82,4.78,4.82,4.71,10.938,0.00467,111047027,529234107.0,0.0,4.78
HK.00386,中国石油化工股份,2026-03-19 00:00:00,4.78,4.68,4.78,4.63,10.709,0.01054,250661069,1176498715.0,-2.092050209205032,4.78
HK.00386,中国石油化工股份,2026-03-20 00:00:00,4.68,4.68,4.71,4.63,10.709,0.00739,175655104,821973804.0,0.0,4.68
HK.00386,中国石油化工股份,2026-03-23 00:00:00,4.58,4.53,4.59,4.45,15.252,0.01185,281793491,1273684682.0,-3.2051282051281937,4.68
HK.00386,中国石油化工股份,2026-03-24 00:00:00,4.62,4.57,4.63,4.47,15.387,0.01025,243739724,1109087546.0,0.8830022075055195,4.53
HK.00386,中国石油化工股份,2026-03-25 00:00:00,4.6,4.59,4.63,4.52,15.454,0.01335,317425750,1453482785.0,0.4376367614879556,4.57
HK.00386,中国石油化工股份,2026-03-26 00:00:00,4.58,4.48,4.61,4.45,15.084,0.01129,268558733,1206684389.0,-2.3965141612200314,4.59
HK.00386,中国石油化工股份,2026-03-27 00:00:00,4.5,4.58,4.59,4.48,15.42,0.00801,190451248,868402287.0,2.2321428571428488,4.48
HK.00386,中国石油化工股份,2026-03-30 00:00:00,4.56,4.51,4.57,4.45,15.185,0.01039,247142552,1113077278.0,-1.5283842794759888,4.58
HK.00386,中国石油化工股份,2026-03-31 00:00:00,4.5,4.49,4.54,4.45,15.117,0.00623,148222510,665294696.0,-0.4434589800443364,4.51
HK.00386,中国石油化工股份,2026-04-01 00:00:00,4.51,4.58,4.63,4.51,15.42,0.00779,185354865,850129229.0,2.0044543429844066,4.49
