code,name,time_key,open,close,high,low,pe_ratio,turnover_rate,volume,turnover,change_rate,last_close
HK.03690,美团-W,2019-06-03,60.2,60.35,60.5,59.4,0.0,0.00149,8568959,515317210.0,-0.3303055326176643,60.55
HK.03690,美团-W,2019-06-04,59.85,58.0,60.0,57.0,0.0,0.00229,13152006,770291324.0,-3.893951946975976,60.35
HK.03690,美团-W,2019-06-05,59.15,59.65,60.0,58.65,0.0,0.00209,12042759,717257721.0,2.844827586206894,58.0
HK.03690,美团-W,2019-06-06,59.65,59.65,60.3,59.5,0.0,0.00281,16157212,968044583.0,0.0,59.65
HK.03690,美团-W,2019-06-10,59.75,60.2,60.85,59.75,0.0,0.00235,13508055,813718481.0,0.922045264040242,59.65
HK.03690,美团-W,2019-06-11,60.45,61.3,61.8,60.25,0.0,0.00532,30595369,1874670537.0,1.827242524916934,60.2
HK.03690,美团-W,2019-06-12,60.3,61.3,62.7,59.2,0.0,0.00353,20333947,1252564675.0,0.0,61.3
HK.03690,美团-W,2019-06-13,61.8,61.5,62.2,61.15,0.0,0.00215,12385321,764078083.0,0.3262642740619949,61.3
HK.03690,美团-W,2019-06-14,62.1,61.0,62.1,59.5,0.0,0.00245,14119496,859065846.0,-0.8130081300813009,61.5
HK.03690,美团-W,2019-06-17,60.2,61.05,61.7,60.2,0.0,0.00176,10110593,616616181.0,0.0819672131147494,61.0
HK.03690,美团-W,2019-06-18,60.5,61.3,61.85,60.0,0.0,0.00337,19385679,1187219921.0,0.4095004095004095,61.05
HK.03690,美团-W,2019-06-19,62.0,62.45,62.55,61.15,0.0,0.00519,29876592,1861267867.0,1.876019575856453,61.3
HK.03690,美团-W,2019-06-20,62.2,62.7,62.95,61.8,0.0,0.00667,38370544,2395834577.0,0.4003202562049639,62.45
HK.03690,美团-W,2019-06-21,62.55,64.3,65.2,62.45,0.0,0.02644,152072807,9769731071.0,2.55183413078149,62.7
HK.03690,美团-W,2019-06-24,63.65,63.75,64.2,62.75,0.0,0.00353,20324507,1300236241.0,-0.8553654743390313,64.3
HK.03690,美团-W,2019-06-25,64.0,63.6,64.05,62.95,0.0,0.00162,9355148,595510155.0,-0.2352941176470566,63.75
HK.03690,美团-W,2019-06-26,63.6,64.35,64.8,63.1,0.0,0.00249,14358058,920481215.0,1.179245283018857,63.6
HK.03690,美团-W,2019-06-27,64.3,68.5,68.95,64.3,0.0,0.0062,35694681,2392386385.0,6.449106449106458,64.35
HK.03690,美团-W,2019-06-28,69.05,68.5,69.35,67.65,0.0,0.00438,25251530,1722751238.0,0.0,68.5
HK.03690,美团-W,2019-07-02,68.5,69.25,70.05,68.3,0.0,0.00523,30128642,2086326527.0,1.094890510948905,68.5
HK.03690,美团-W,2019-07-03,69.25,68.8,69.25,67.9,0.0,0.00255,14705242,1008803835.0,-0.6498194945848417,69.25
HK.03690,美团-W,2019-07-04,68.9,70.0,70.5,68.3,0.0,0.00361,20880309,1458213963.0,1.744186046511632,68.8
HK.03690,美团-W,2019-07-05,70.1,69.1,70.1,69.0,0.0,0.00139,8020760,556352601.0,-1.2857142857142938,70.0
HK.03690,美团-W,2019-07-08,69.0,68.65,69.0,67.25,0.0,0.00176,10175769,694840730.0,-0.6512301013024439,69.1
HK.03690,美团-W,2019-07-09,67.5,68.0,68.1,65.75,0.0,0.00201,11639925,780921415.0,-0.946831755280416,68.65
HK.03690,美团-W,2019-07-10,69.1,67.45,69.1,66.45,0.0,0.00174,10079576,678033714.0,-0.8088235294117605,68.0
HK.03690,美团-W,2019-07-11,67.45,66.0,67.95,65.55,0.0,0.00319,18408072,1216977372.0,-2.149740548554489,67.45
HK.03690,美团-W,2019-07-12,65.75,65.0,66.9,64.95,0.0,0.00161,9304511,609507950.0,-1.5151515151515151,66.0
HK.03690,美团-W,2019-07-15,64.5,65.05,65.25,62.9,0.0,0.00271,15651895,999753345.0,0.0769230769230725,65.0
HK.03690,美团-W,2019-07-16,65.0,64.5,65.0,63.8,0.0,0.00161,9335441,601874249.0,-0.845503458877782,65.05
HK.03690,美团-W,2019-07-17,63.65,65.75,65.8,63.3,0.0,0.00156,9037281,586083062.0,1.937984496124031,64.5
HK.03690,美团-W,2019-07-18,65.0,65.55,65.8,64.7,0.0,0.0009,5198008,340026103.0,-0.3041825095057077,65.75
HK.03690,美团-W,2019-07-19,65.25,67.25,68.0,64.25,0.0,0.00235,13608634,905622327.0,2.5934401220442456,65.55
HK.03690,美团-W,2019-07-22,66.65,65.6,66.85,65.0,0.0,0.0016,9256578,609412825.0,-2.4535315985130195,67.25
HK.03690,美团-W,2019-07-23,66.0,65.05,66.1,64.05,0.0,0.00158,9154604,593924957.0,-0.8384146341463372,65.6
HK.03690,美团-W,2019-07-24,65.55,65.75,67.0,65.35,0.0,0.00121,7020274,463856094.0,1.0760953112990053,65.05
HK.03690,美团-W,2019-07-25,65.95,65.3,66.0,64.9,0.0,0.0012,6931545,453504635.0,-0.6844106463878371,65.75
HK.03690,美团-W,2019-07-26,65.0,64.8,65.5,64.2,0.0,0.00104,5999055,388102980.0,-0.7656967840735069,65.3
HK.03690,美团-W,2019-07-29,64.0,64.95,65.4,63.85,0.0,0.0015,8682965,562065204.0,0.2314814814814902,64.8
HK.03690,美团-W,2019-07-30,65.0,64.75,66.45,64.2,0.0,0.00154,8932321,580678644.0,-0.3079291762894577,64.95
HK.03690,美团-W,2019-07-31,64.0,63.95,64.55,63.35,0.0,0.00185,10730690,689226910.0,-1.2355212355212313,64.75
HK.03690,美团-W,2019-08-01,63.95,66.45,66.8,63.65,0.0,0.00224,12968925,851498774.0,3.909304143862392,63.95
HK.03690,美团-W,2019-08-02,65.1,63.9,65.2,63.4,0.0,0.00378,21872163,1408548186.0,-3.837471783295717,66.45
HK.03690,美团-W,2019-08-05,63.5,62.15,63.9,60.9,0.0,0.00372,21516471,1335237964.0,-2.7386541471048513,63.9
HK.03690,美团-W,2019-08-06,59.15,61.6,62.25,59.15,0.0,0.00427,24736543,1495273279.0,-0.8849557522123849,62.15
HK.03690,美团-W,2019-08-07,62.3,61.35,62.35,60.5,0.0,0.00184,10634711,652235018.0,-0.4058441558441558,61.6
HK.03690,美团-W,2019-08-08,61.0,62.5,63.1,61.0,0.0,0.00167,9681334,605557997.0,1.87449062754686,61.35
HK.03690,美团-W,2019-08-09,63.0,63.5,64.5,62.0,0.0,0.00175,10146663,643771932.0,1.6,62.5
HK.03690,美团-W,2019-08-12,63.45,63.65,64.15,62.7,0.0,0.00162,9387494,598097424.0,0.2362204724409426,63.5
HK.03690,美团-W,2019-08-13,63.6,62.35,64.0,62.05,0.0,0.0014,8126546,509796225.0,-2.0424194815396657,63.65
HK.03690,美团-W,2019-08-14,63.0,63.7,64.2,63.0,0.0,0.00278,16122341,1026195017.0,2.1651964715316785,62.35
HK.03690,美团-W,2019-08-15,62.5,65.0,65.25,62.25,0.0,0.00257,14884737,956267945.0,2.0408163265306074,63.7
HK.03690,美团-W,2019-08-16,65.15,66.15,67.0,65.15,0.0,0.00404,23426251,1549154638.0,1.769230769230778,65.0
HK.03690,美团-W,2019-08-19,66.8,69.25,69.4,66.6,0.0,0.00583,33792172,2322496132.0,4.6863189720332485,66.15
HK.03690,美团-W,2019-08-20,68.45,68.95,69.6,67.9,0.0,0.00225,13029393,898244551.0,-0.4332129963898876,69.25
HK.03690,美团-W,2019-08-21,69.2,68.75,69.5,68.0,0.0,0.00248,14345837,986635185.0,-0.2900652646845582,68.95
HK.03690,美团-W,2019-08-22,68.75,70.1,70.25,68.75,0.0,0.00507,29389615,2052689429.0,1.9636363636363552,68.75
HK.03690,美团-W,2019-08-23,69.15,70.0,70.05,68.55,0.0,0.00313,18152829,1258186814.0,-0.1426533523537722,70.1
HK.03690,美团-W,2019-08-26,74.0,76.2,77.0,72.55,0.0,0.01544,89445215,6688250521.0,8.857142857142861,70.0
HK.03690,美团-W,2019-08-27,76.6,75.0,76.85,74.7,0.0,0.00508,29432576,2225610571.0,-1.574803149606303,76.2
HK.03690,美团-W,2019-08-28,75.5,74.8,75.85,73.8,0.0,0.00246,14263087,1067374613.0,-0.2666666666666705,75.0
HK.03690,美团-W,2019-08-29,75.2,74.65,75.9,74.15,0.0,0.00223,12924786,966285933.0,-0.2005347593582774,74.8
HK.03690,美团-W,2019-08-30,73.85,74.35,75.1,72.6,0.0,0.00334,19349446,1430938746.0,-0.4018754186202429,74.65
HK.03690,美团-W,2019-09-02,73.75,74.05,74.3,72.7,0.0,0.00314,18203157,1342127637.0,-0.4034969737726929,74.35
HK.03690,美团-W,2019-09-03,74.4,73.55,74.4,72.95,0.0,0.00137,7960222,584203977.0,-0.675219446320054,74.05
HK.03690,美团-W,2019-09-04,73.1,74.05,75.0,72.7,0.0,0.00277,16037852,1182842621.0,0.6798096532970768,73.55
HK.03690,美团-W,2019-09-05,74.4,73.55,74.4,72.8,0.0,0.00249,14418173,1057065911.0,-0.675219446320054,74.05
HK.03690,美团-W,2019-09-06,74.4,73.75,74.4,72.8,0.0,0.00292,16909859,1240416304.0,0.2719238613188346,73.55
HK.03690,美团-W,2019-09-09,73.8,72.45,73.9,71.9,0.0,0.00254,14719316,1068144589.0,-1.762711864406776,73.75
HK.03690,美团-W,2019-09-10,71.75,70.3,72.0,69.85,0.0,0.00538,31181310,2193161184.0,-2.9675638371290622,72.45
HK.03690,美团-W,2019-09-11,70.3,71.6,72.15,70.1,0.0,0.00358,20733611,1481545409.0,1.8492176386913188,70.3
HK.03690,美团-W,2019-09-12,72.45,72.2,72.95,71.5,0.0,0.00167,9668264,698651118.0,0.8379888268156545,71.6
HK.03690,美团-W,2019-09-13,72.55,73.6,75.15,71.9,0.0,0.00393,22783233,1683094667.0,1.9390581717451405,72.2
HK.03690,美团-W,2019-09-16,73.25,72.3,73.75,71.6,0.0,0.00406,23549767,1714333898.0,-1.7663043478260834,73.6
HK.03690,美团-W,2019-09-17,72.5,72.0,72.75,71.15,0.0,0.00124,7196364,517742318.0,-0.4149377593360956,72.3
HK.03690,美团-W,2019-09-18,73.05,75.4,75.4,72.7,0.0,0.00548,31800819,2366319375.0,4.72222222222223,72.0
HK.03690,美团-W,2019-09-19,76.25,75.3,76.9,74.9,0.0,0.00361,20945123,1581177441.0,-0.1326259946949715,75.4
HK.03690,美团-W,2019-09-20,75.55,77.5,77.7,74.6,0.0,0.00449,26008639,1991612563.0,2.9216467463479456,75.3
HK.03690,美团-W,2019-09-23,76.95,76.05,77.05,75.4,0.0,0.00371,21538931,1643355253.0,-1.8709677419354875,77.5
HK.03690,美团-W,2019-09-24,76.75,78.25,78.6,76.35,0.0,0.00681,39508283,3050230195.0,2.8928336620644353,76.05
HK.03690,美团-W,2019-09-25,77.7,79.5,80.1,77.55,0.0,0.00421,24436456,1940364730.0,1.5974440894568689,78.25
HK.03690,美团-W,2019-09-26,81.0,79.65,81.1,78.4,0.0,0.00343,19871441,1578972671.0,0.188679245283026,79.5
HK.03690,美团-W,2019-09-27,79.6,81.0,81.4,79.0,0.0,0.00529,30693195,2458227991.0,1.694915254237281,79.65
HK.03690,美团-W,2019-09-30,80.15,80.1,81.05,78.8,0.0,0.00373,21639095,1727532837.0,-1.111111111111118,81.0
HK.03690,美团-W,2019-10-02,79.55,81.5,82.0,79.45,0.0,0.00286,16599934,1346371617.0,1.7478152309613058,80.1
HK.03690,美团-W,2019-10-03,82.0,82.4,83.0,81.1,0.0,0.00377,21877932,1790590984.0,1.1042944785276143,81.5
HK.03690,美团-W,2019-10-04,82.85,84.7,85.05,82.05,0.0,0.00539,31287712,2624376634.0,2.7912621359223264,82.4
HK.03690,美团-W,2019-10-08,85.25,89.0,89.25,84.9,0.0,0.00634,36749893,3237614723.0,5.076741440377801,84.7
HK.03690,美团-W,2019-10-09,88.55,89.45,89.55,86.8,0.0,0.00408,23667266,2085312215.0,0.5056179775280931,89.0
HK.03690,美团-W,2019-10-10,88.6,91.15,93.65,88.5,0.0,0.00492,28544676,2609150898.0,1.9005030743432116,89.45
HK.03690,美团-W,2019-10-11,91.0,88.45,91.0,87.4,0.0,0.00697,40424956,3603346486.0,-2.962150301700497,91.15
HK.03690,美团-W,2019-10-14,87.5,88.0,88.7,85.9,0.0,0.00414,24041618,2101634796.0,-0.508762012436408,88.45
HK.03690,美团-W,2019-10-15,87.5,90.75,91.2,87.1,0.0,0.00381,22096289,1988901674.0,3.125,88.0
HK.03690,美团-W,2019-10-16,90.25,90.45,90.8,88.4,0.0,0.00238,13823160,1242693475.0,-0.330578512396691,90.75
HK.03690,美团-W,2019-10-17,90.75,90.9,93.45,89.2,0.0,0.00322,18668368,1706260815.0,0.4975124378109484,90.45
HK.03690,美团-W,2019-10-18,89.95,92.75,93.2,89.95,0.0,0.00262,15181872,1396763171.0,2.0352035203520287,90.9
HK.03690,美团-W,2019-10-21,93.55,96.75,97.4,93.25,0.0,0.00495,28708708,2758425923.0,4.31266846361186,92.75
HK.03690,美团-W,2019-10-22,95.65,90.55,95.75,89.95,0.0,0.00504,29228808,2697635232.0,-6.408268733850132,96.75
HK.03690,美团-W,2019-10-23,89.85,89.0,91.5,87.55,0.0,0.00487,28268574,2533748646.0,-1.7117614577581417,90.55
HK.03690,美团-W,2019-10-24,89.85,88.6,90.3,87.85,0.0,0.00322,18666203,1654016343.0,-0.4494382022471974,89.0
HK.03690,美团-W,2019-10-25,88.15,90.55,92.5,88.15,0.0,0.00314,18215274,1660904142.0,2.2009029345372495,88.6
HK.03690,美团-W,2019-10-28,92.8,93.7,97.15,92.5,0.0,0.00663,38486205,3656477502.0,3.4787410270568806,90.55
HK.03690,美团-W,2019-10-29,93.45,92.0,93.9,90.6,0.0,0.00454,26328764,2436060729.0,-1.814300960512276,93.7
HK.03690,美团-W,2019-10-30,91.4,94.0,94.15,91.1,0.0,0.00354,20547096,1914321540.0,2.1739130434782608,92.0
HK.03690,美团-W,2019-10-31,93.6,93.65,96.1,93.15,0.0,0.00344,19955274,1889609034.0,-0.3723404255319088,94.0
HK.03690,美团-W,2019-11-01,94.15,93.8,94.4,92.1,0.0,0.00233,13496191,1257077351.0,0.16017084890549,93.65
HK.03690,美团-W,2019-11-04,94.8,98.4,99.25,93.9,0.0,0.00482,27999815,2711546733.0,4.904051172707899,93.8
HK.03690,美团-W,2019-11-05,98.5,97.15,100.0,95.8,0.0,0.00536,31135892,3030970316.0,-1.2703252032520325,98.4
HK.03690,美团-W,2019-11-06,97.6,96.6,97.7,96.05,0.0,0.0031,17987208,1741579910.0,-0.5661348430262597,97.15
HK.03690,美团-W,2019-11-07,97.0,98.5,99.0,96.15,0.0,0.00412,23915467,2339855416.0,1.9668737060041468,96.6
HK.03690,美团-W,2019-11-08,97.6,94.6,97.6,93.2,0.0,0.00547,31777567,3011053843.0,-3.959390862944169,98.5
HK.03690,美团-W,2019-11-11,93.75,91.35,93.8,91.0,0.0,0.00439,25487094,2353279895.0,-3.4355179704016914,94.6
HK.03690,美团-W,2019-11-12,92.0,95.5,95.65,92.0,0.0,0.00342,19863000,1871597026.0,4.542966611932136,91.35
HK.03690,美团-W,2019-11-13,95.0,95.05,96.3,94.2,0.0,0.00195,11302062,1075392170.0,-0.4712041884816783,95.5
HK.03690,美团-W,2019-11-14,96.0,93.75,96.0,93.55,0.0,0.00201,11676331,1106614932.0,-1.367701209889529,95.05
HK.03690,美团-W,2019-11-15,94.0,96.85,97.2,93.8,0.0,0.00335,19431007,1860921413.0,3.3066666666666604,93.75
HK.03690,美团-W,2019-11-18,96.1,97.65,97.8,96.1,0.0,0.00205,11899480,1156988754.0,0.8260196179659386,96.85
HK.03690,美团-W,2019-11-19,96.65,96.0,96.95,94.8,0.0,0.00292,16938955,1630024893.0,-1.6897081413210502,97.65
HK.03690,美团-W,2019-11-20,95.55,97.3,97.7,94.35,0.0,0.00206,11958536,1151679796.0,1.354166666666664,96.0
HK.03690,美团-W,2019-11-21,95.6,91.9,95.85,90.8,0.0,0.0059,34271134,3175657480.0,-5.549845837615614,97.3
HK.03690,美团-W,2019-11-22,101.3,98.05,103.5,98.0,0.0,0.01296,75214905,7496876475.0,6.692056583242644,91.9
HK.03690,美团-W,2019-11-25,100.0,98.3,100.8,98.05,0.0,0.00427,24765281,2453083345.0,0.2549719530851606,98.05
HK.03690,美团-W,2019-11-26,98.75,100.8,101.2,97.65,0.0,0.00608,35316746,3538563973.0,2.5432349949135302,98.3
HK.03690,美团-W,2019-11-27,101.5,104.2,105.5,101.1,0.0,0.00636,36943629,3854385990.0,3.3730158730158792,100.8
HK.03690,美团-W,2019-11-28,104.2,106.5,106.9,103.2,0.0,0.00358,20796272,2192835061.0,2.2072936660268683,104.2
HK.03690,美团-W,2019-11-29,106.5,103.2,106.7,102.1,0.0,0.005,29051574,3019488120.0,-3.098591549295772,106.5
HK.03690,美团-W,2019-12-02,104.0,104.7,107.4,103.6,0.0,0.00284,16459897,1737064471.0,1.4534883720930232,103.2
HK.03690,美团-W,2019-12-03,103.5,103.6,104.9,102.3,0.0,0.00273,15868970,1641550400.0,-1.0506208213944683,104.7
HK.03690,美团-W,2019-12-04,102.0,100.5,102.8,100.4,0.0,0.00388,22543511,2278827570.0,-2.992277992277987,103.6
HK.03690,美团-W,2019-12-05,102.0,102.2,102.4,100.0,0.0,0.0023,13361164,1353291665.0,1.6915422885572169,100.5
HK.03690,美团-W,2019-12-06,102.9,103.6,104.1,101.8,0.0,0.0023,13377936,1382118239.0,1.3698630136986218,102.2
HK.03690,美团-W,2019-12-09,103.6,103.3,104.8,102.3,0.0,0.00198,11509299,1191468835.0,-0.2895752895752868,103.6
HK.03690,美团-W,2019-12-10,102.4,101.0,102.9,100.0,0.0,0.00331,19245424,1947205388.0,-2.226524685382379,103.3
HK.03690,美团-W,2019-12-11,101.5,101.7,101.7,98.7,0.0,0.00314,18225965,1828681968.0,0.6930693069306959,101.0
HK.03690,美团-W,2019-12-12,102.0,100.2,103.0,99.8,0.0,0.0024,13946346,1407545691.0,-1.4749262536873156,101.7
HK.03690,美团-W,2019-12-13,101.5,101.1,102.2,99.75,0.0,0.00327,18973665,1915720877.0,0.8982035928143627,100.2
HK.03690,美团-W,2019-12-16,101.3,102.3,103.4,100.0,0.0,0.00255,14800762,1510784069.0,1.1869436201780443,101.1
HK.03690,美团-W,2019-12-17,102.8,104.5,105.5,102.0,0.0,0.00357,20752130,2166509202.0,2.150537634408605,102.3
HK.03690,美团-W,2019-12-18,104.5,103.1,105.0,102.8,0.0,0.00274,15894394,1648242317.0,-1.3397129186602923,104.5
HK.03690,美团-W,2019-12-19,102.9,103.5,103.9,101.6,0.0,0.00191,11110344,1141316825.0,0.3879728419010725,103.1
HK.03690,美团-W,2019-12-20,102.5,102.0,103.3,100.8,0.0,0.00284,16487106,1682065616.0,-1.4492753623188406,103.5
HK.03690,美团-W,2019-12-23,101.4,101.0,102.1,100.2,0.0,0.00257,14951263,1510180649.0,-0.9803921568627452,102.0
HK.03690,美团-W,2019-12-24,100.3,102.3,103.7,100.3,0.0,0.00135,7841205,801615648.0,1.2871287128712845,101.0
HK.03690,美团-W,2019-12-27,102.5,102.7,103.2,100.9,0.0,0.00288,16741121,1707744194.0,0.3910068426197514,102.3
HK.03690,美团-W,2019-12-30,102.4,102.5,103.9,101.7,0.0,0.00207,11994444,1234186506.0,-0.1947419668938683,102.7
HK.03690,美团-W,2019-12-31,102.5,101.9,102.5,100.6,0.0,0.00134,7805602,790953489.0,-0.585365853658531,102.5
HK.03690,美团-W,2020-01-02,102.0,103.5,104.1,101.4,0.0,0.00246,14288070,1480457053.0,1.570166830225706,101.9
HK.03690,美团-W,2020-01-03,105.0,104.2,106.5,103.1,0.0,0.0023,13356117,1396969295.0,0.6763285024154617,103.5
HK.03690,美团-W,2020-01-06,104.1,109.5,110.9,103.2,0.0,0.00493,28660335,3089055306.0,5.086372360844527,104.2
HK.03690,美团-W,2020-01-07,108.5,110.4,112.4,108.5,0.0,0.00409,23744196,2615366819.0,0.8219178082191833,109.5
HK.03690,美团-W,2020-01-08,108.9,106.4,110.1,104.9,0.0,0.00583,33875920,3640113957.0,-3.6231884057971016,110.4
HK.03690,美团-W,2020-01-09,108.0,108.4,109.1,106.7,0.0,0.00329,19103001,2064191116.0,1.8796992481203008,106.4
HK.03690,美团-W,2020-01-10,108.0,109.6,110.5,107.9,0.0,0.00269,15634833,1698673689.0,1.1070110701106906,108.4
HK.03690,美团-W,2020-01-13,109.2,113.1,113.9,108.5,0.0,0.00433,25155698,2834256222.0,3.1934306569343067,109.6
HK.03690,美团-W,2020-01-14,114.2,112.3,116.0,111.5,0.0,0.00426,24724051,2817634188.0,-0.7073386383731186,113.1
HK.03690,美团-W,2020-01-15,112.0,114.1,114.5,112.0,0.0,0.00275,15959916,1810811028.0,1.6028495102404248,112.3
HK.03690,美团-W,2020-01-16,112.6,112.3,113.0,110.9,0.0,0.00378,21980179,2463622502.0,-1.5775635407537223,114.1
HK.03690,美团-W,2020-01-17,110.6,111.9,111.9,109.2,0.0,0.00409,23800547,2632846525.0,-0.3561887800534207,112.3
HK.03690,美团-W,2020-01-20,111.8,110.6,112.7,110.2,0.0,0.00245,14254059,1588679651.0,-1.161751563896346,111.9
HK.03690,美团-W,2020-01-21,110.4,105.8,110.4,105.2,0.0,0.00586,34056516,3638984685.0,-4.339963833634718,110.6
HK.03690,美团-W,2020-01-22,105.8,108.3,109.5,105.2,0.0,0.00411,23890941,2568333275.0,2.3629489603024574,105.8
HK.03690,美团-W,2020-01-23,106.2,102.6,106.8,98.65,0.0,0.00905,52641390,5362245604.0,-5.263157894736844,108.3
HK.03690,美团-W,2020-01-24,101.9,102.3,103.5,100.2,0.0,0.00276,16029235,1635369958.0,-0.2923976608187107,102.6
HK.03690,美团-W,2020-01-29,100.0,101.2,105.7,99.0,0.0,0.00622,36153481,3680170685.0,-1.0752688172042957,102.3
HK.03690,美团-W,2020-01-30,101.5,96.85,102.8,96.3,0.0,0.00521,30309810,2981142392.0,-4.2984189723320245,101.2
HK.03690,美团-W,2020-01-31,98.95,99.3,100.2,97.0,0.0,0.00572,33231367,3293235079.0,2.5296850800206534,96.85
HK.03690,美团-W,2020-02-03,96.9,99.5,103.9,94.85,0.0,0.00764,44393731,4430633532.0,0.2014098690835879,99.3
HK.03690,美团-W,2020-02-04,101.9,101.0,102.7,99.9,0.0,0.00705,40976416,4155028253.0,1.507537688442211,99.5
HK.03690,美团-W,2020-02-05,102.6,99.5,102.7,97.85,0.0,0.00703,40890598,4090660980.0,-1.4851485148514851,101.0
HK.03690,美团-W,2020-02-06,100.5,101.7,102.0,98.9,0.0,0.00476,27663612,2801959448.0,2.2110552763819125,99.5
HK.03690,美团-W,2020-02-07,101.8,101.9,102.4,100.2,0.0,0.00374,21770713,2206889266.0,0.1966568338249782,101.7
HK.03690,美团-W,2020-02-10,99.9,95.8,100.0,95.55,0.0,0.01058,61544538,5987930781.0,-5.986261040235533,101.9
HK.03690,美团-W,2020-02-11,97.2,99.2,100.8,97.0,0.0,0.00627,36482070,3607742241.0,3.549060542797501,95.8
HK.03690,美团-W,2020-02-12,100.0,103.0,104.7,99.7,0.0,0.00767,44634881,4585060387.0,3.83064516129032,99.2
HK.03690,美团-W,2020-02-13,103.0,102.5,104.3,100.6,0.0,0.00491,28535994,2922578525.0,-0.4854368932038834,103.0
HK.03690,美团-W,2020-02-14,100.0,100.9,101.6,99.0,0.0,0.00485,28218540,2828889597.0,-1.560975609756092,102.5
HK.03690,美团-W,2020-02-17,100.9,101.5,103.2,100.5,0.0,0.00413,24027282,2445578050.0,0.594648166501481,100.9
HK.03690,美团-W,2020-02-18,101.0,100.6,101.9,99.75,0.0,0.00453,26365705,2671278168.0,-0.8866995073891681,101.5
HK.03690,美团-W,2020-02-19,101.5,100.4,101.5,99.7,0.0,0.00391,22716309,2276976519.0,-0.1988071570576428,100.6
HK.03690,美团-W,2020-02-20,101.0,103.3,104.5,99.8,0.0,0.00496,28828743,2954159130.0,2.8884462151394334,100.4
HK.03690,美团-W,2020-02-21,101.8,103.2,104.4,101.2,0.0,0.0042,24401923,2517005781.0,-0.0968054211035762,103.3
HK.03690,美团-W,2020-02-24,101.5,100.5,101.6,99.65,0.0,0.00439,25507817,2561307231.0,-2.6162790697674443,103.2
HK.03690,美团-W,2020-02-25,99.8,103.3,103.9,99.7,0.0,0.00493,28664568,2932836173.0,2.7860696517412906,100.5
HK.03690,美团-W,2020-02-26,101.5,102.0,103.7,100.8,0.0,0.00461,26810093,2742541300.0,-1.258470474346561,103.3
HK.03690,美团-W,2020-02-27,101.7,103.3,103.8,101.6,0.0,0.00319,18526257,1907983095.0,1.274509803921566,102.0
HK.03690,美团-W,2020-02-28,100.9,98.9,101.8,98.4,0.0,0.00577,33581650,3348401068.0,-4.259438528557591,103.3
HK.03690,美团-W,2020-03-02,98.0,99.3,100.9,96.6,0.0,0.00525,30556369,3013803131.0,0.4044489383215282,98.9
HK.03690,美团-W,2020-03-03,101.0,98.85,101.0,98.65,0.0,0.00405,23547875,2351313014.0,-0.4531722054380693,99.3
HK.03690,美团-W,2020-03-04,100.4,99.2,100.4,98.0,0.0,0.00237,13808574,1364663308.0,0.354071825998997,98.85
HK.03690,美团-W,2020-03-05,100.0,103.5,103.8,99.3,0.0,0.00637,37054428,3783792033.0,4.334677419354835,99.2
HK.03690,美团-W,2020-03-06,102.0,100.7,102.7,99.7,0.0,0.00431,25100105,2521070628.0,-2.705314009661833,103.5
HK.03690,美团-W,2020-03-09,96.0,96.0,98.2,95.3,0.0,0.00729,42406135,4090858753.0,-4.667328699106259,100.7
HK.03690,美团-W,2020-03-10,97.5,98.75,100.3,94.05,0.0,0.00579,33666426,3300929444.0,2.864583333333333,96.0
HK.03690,美团-W,2020-03-11,99.6,95.65,100.0,95.2,0.0,0.00537,31246955,3028471142.0,-3.139240506329108,98.75
HK.03690,美团-W,2020-03-12,93.4,90.8,93.8,89.5,0.0,0.00742,43161237,3928543598.0,-5.070569785676956,95.65
HK.03690,美团-W,2020-03-13,84.5,89.0,90.0,81.85,0.0,0.01049,61009136,5289549276.0,-1.9823788546255476,90.8
HK.03690,美团-W,2020-03-16,87.0,82.2,89.0,80.1,0.0,0.00775,45102949,3773529639.0,-7.6404494382022445,89.0
HK.03690,美团-W,2020-03-17,83.0,82.15,85.2,78.5,0.0,0.00749,43552157,3563481299.0,-0.060827250608269,82.2
HK.03690,美团-W,2020-03-18,82.75,75.55,83.3,75.15,0.0,0.00973,56631055,4522729242.0,-8.034083992696297,82.15
HK.03690,美团-W,2020-03-19,76.0,72.4,76.2,70.1,0.0,0.01229,71479686,5161366334.0,-4.169424222369281,75.55
HK.03690,美团-W,2020-03-20,77.0,84.0,84.0,75.35,0.0,0.01141,66390320,5324787488.0,16.022099447513803,72.4
HK.03690,美团-W,2020-03-23,79.0,80.8,83.9,78.85,0.0,0.00549,31954360,2603420963.0,-3.809523809523813,84.0
HK.03690,美团-W,2020-03-24,84.2,85.5,89.4,84.2,0.0,0.00647,37653710,3260683016.0,5.816831683168321,80.8
HK.03690,美团-W,2020-03-25,89.8,90.75,91.0,89.1,0.0,0.00654,38052204,3423027582.0,6.140350877192982,85.5
HK.03690,美团-W,2020-03-26,89.0,90.15,92.0,89.0,0.0,0.00373,21703366,1967943904.0,-0.6611570247933821,90.75
HK.03690,美团-W,2020-03-27,92.05,89.3,92.8,88.25,0.0,0.00363,21140875,1904058208.0,-0.9428729894620173,90.15
HK.03690,美团-W,2020-03-30,88.2,88.0,88.35,85.3,0.0,0.00342,19881242,1731808845.0,-1.455767077267634,89.3
HK.03690,美团-W,2020-03-31,96.8,93.65,96.9,91.5,221.394,0.00948,55186910,5204629809.0,6.420454545454551,88.0
HK.03690,美团-W,2020-04-01,95.0,92.85,96.0,92.05,219.503,0.005,29073218,2739702011.0,-0.8542445274960078,93.65
HK.03690,美团-W,2020-04-02,93.95,93.95,94.2,92.2,222.104,0.00211,12280441,1149175123.0,1.1847065158858467,92.85
HK.03690,美团-W,2020-04-03,93.95,92.85,94.8,91.7,219.503,0.00246,14291484,1326830584.0,-1.1708355508249155,93.95
HK.03690,美团-W,2020-04-06,94.2,94.45,95.4,92.3,223.286,0.00321,18678438,1758750394.0,1.7232094776521365,92.85
HK.03690,美团-W,2020-04-07,96.7,97.55,98.0,95.7,230.614,0.00483,28111239,2723821949.0,3.2821598729486436,94.45
HK.03690,美团-W,2020-04-08,98.0,96.8,98.0,96.3,228.841,0.00405,23599264,2290957369.0,-0.768836494105587,97.55
HK.03690,美团-W,2020-04-09,98.1,97.25,98.5,96.8,229.905,0.00225,13094386,1276503041.0,0.4648760330578542,96.8
HK.03690,美团-W,2020-04-14,96.0,97.75,98.55,94.3,231.087,0.00511,29714370,2860935196.0,0.5141388174807198,97.25
HK.03690,美团-W,2020-04-15,99.4,97.85,100.5,97.8,231.323,0.00414,24099396,2391514627.0,0.1023017902813241,97.75
HK.03690,美团-W,2020-04-16,98.5,98.85,100.0,97.65,233.687,0.00344,20048529,1987909113.0,1.0219724067450178,97.85
HK.03690,美团-W,2020-04-17,101.5,100.0,102.2,99.35,236.406,0.00362,21048085,2120081193.0,1.1633788568538246,98.85
HK.03690,美团-W,2020-04-20,100.8,100.9,102.0,99.0,238.534,0.00233,13557548,1369469571.0,0.9000000000000057,100.0
HK.03690,美团-W,2020-04-21,100.4,98.55,100.5,98.05,232.978,0.00236,13739667,1358561797.0,-2.329038652130831,100.9
HK.03690,美团-W,2020-04-22,96.85,101.3,102.0,96.85,239.479,0.0033,19234466,1929976998.0,2.7904616945712837,98.55
HK.03690,美团-W,2020-04-23,101.1,100.0,102.0,99.6,236.406,0.00278,16168597,1626856942.0,-1.2833168805528106,101.3
HK.03690,美团-W,2020-04-24,101.0,99.2,101.0,99.0,234.515,0.00175,10203920,1019193051.0,-0.7999999999999973,100.0
HK.03690,美团-W,2020-04-27,100.1,100.1,101.2,99.75,236.643,0.00267,15529292,1559377260.0,0.9072580645161205,99.2
HK.03690,美团-W,2020-04-28,101.1,101.0,102.0,99.5,238.77,0.00326,18959053,1917248553.0,0.899100899100905,100.1
HK.03690,美团-W,2020-04-29,100.0,103.8,104.8,99.95,245.39,0.00356,20746153,2135539191.0,2.7722772277227694,101.0
HK.03690,美团-W,2020-05-04,101.8,100.7,102.2,99.8,238.061,0.00344,20024153,2018919197.0,-2.986512524084773,103.8
HK.03690,美团-W,2020-05-05,101.8,104.3,105.3,101.0,246.572,0.00326,19022272,1977299517.0,3.5749751737835096,100.7
HK.03690,美团-W,2020-05-06,104.2,108.0,109.0,102.8,255.319,0.00478,27860086,2983409262.0,3.5474592521572417,104.3
HK.03690,美团-W,2020-05-07,107.9,107.7,109.2,107.2,254.609,0.00244,14227118,1539912189.0,-0.2777777777777751,108.0
HK.03690,美团-W,2020-05-08,109.8,111.6,111.6,108.4,263.829,0.00341,19884788,2193656422.0,3.621169916434532,107.7
HK.03690,美团-W,2020-05-11,113.5,109.7,114.0,107.0,259.338,0.00451,26306523,2888717902.0,-1.7025089605734691,111.6
HK.03690,美团-W,2020-05-12,111.0,112.0,112.0,109.0,264.775,0.00354,20614348,2284883518.0,2.0966271649954393,109.7
HK.03690,美团-W,2020-05-13,116.4,118.1,119.8,113.0,279.196,0.00903,52602980,6182058513.0,5.446428571428567,112.0
HK.03690,美团-W,2020-05-14,117.7,121.5,123.0,117.0,287.234,0.00644,37538299,4530479121.0,2.8789161727349755,118.1
HK.03690,美团-W,2020-05-15,120.5,119.4,121.0,117.7,282.269,0.00466,27130737,3238019066.0,-1.7283950617283903,121.5
HK.03690,美团-W,2020-05-18,120.5,121.9,123.1,120.0,288.179,0.00383,22301521,2704098522.0,2.0938023450586263,119.4
HK.03690,美团-W,2020-05-19,123.4,125.8,126.9,121.4,297.399,0.0044,25630912,3190143394.0,3.1993437243642258,121.9
HK.03690,美团-W,2020-05-20,126.5,128.5,128.6,125.9,303.782,0.00345,20080940,2566480813.0,2.146263910969796,125.8
HK.03690,美团-W,2020-05-21,128.0,127.6,131.4,125.1,301.654,0.00446,25975197,3351154804.0,-0.7003891050583702,128.5
HK.03690,美团-W,2020-05-22,126.7,118.5,127.0,118.0,280.141,0.00787,45856204,5574469825.0,-7.131661442006266,127.6
HK.03690,美团-W,2020-05-25,116.9,125.8,126.0,116.1,297.399,0.00781,45525402,5597275576.0,6.160337552742614,118.5
HK.03690,美团-W,2020-05-26,129.0,138.9,138.9,127.8,328.368,0.01037,60406645,8177658113.0,10.413354531001596,125.8
HK.03690,美团-W,2020-05-27,137.8,135.3,138.0,132.6,319.858,0.00619,36068646,4864768250.0,-2.5917926565874687,138.9
HK.03690,美团-W,2020-05-28,135.0,137.0,138.8,133.6,323.877,0.00642,37421853,5107996617.0,1.2564671101256382,135.3
HK.03690,美团-W,2020-05-29,140.4,146.7,146.7,134.8,346.808,0.02517,146640627,21051585876.0,7.080291970802912,137.0
HK.03690,美团-W,2020-06-01,145.0,150.0,150.0,144.0,354.609,0.0242,140983930,20712924474.0,2.2494887525562453,146.7
HK.03690,美团-W,2020-06-02,149.0,147.1,149.8,144.0,347.754,0.00667,38861465,5700452330.0,-1.9333333333333371,150.0
HK.03690,美团-W,2020-06-03,149.8,155.3,160.7,148.4,367.139,0.00891,51943176,8051263179.0,5.574439157036042,147.1
HK.03690,美团-W,2020-06-04,164.0,164.2,164.2,158.1,388.179,0.00763,44440881,7167167677.0,5.730843528654202,155.3
HK.03690,美团-W,2020-06-05,165.9,159.0,165.9,156.5,375.886,0.00653,38060221,6070899510.0,-3.1668696711327584,164.2
HK.03690,美团-W,2020-06-08,159.4,154.8,160.7,149.4,365.957,0.00624,36350448,5608294134.0,-2.641509433962257,159.0
HK.03690,美团-W,2020-06-09,153.0,151.5,155.7,151.5,358.156,0.00493,28730754,4391950417.0,-2.1317829457364414,154.8
HK.03690,美团-W,2020-06-10,153.5,159.6,159.6,152.1,377.304,0.00477,27780038,4346756679.0,5.346534653465343,151.5
HK.03690,美团-W,2020-06-11,160.1,165.0,169.5,160.1,390.07,0.00625,36443116,6019180153.0,3.3834586466165453,159.6
HK.03690,美团-W,2020-06-12,161.7,165.6,170.1,160.0,391.489,0.00465,27087242,4507744508.0,0.3636363636363602,165.0
HK.03690,美团-W,2020-06-15,164.0,159.5,165.0,155.2,377.068,0.00646,37623943,6019583418.0,-3.68357487922705,165.6
HK.03690,美团-W,2020-06-16,164.0,172.0,172.5,163.0,406.619,0.00698,40681271,6863547935.0,7.836990595611286,159.5
HK.03690,美团-W,2020-06-17,174.5,172.4,175.9,167.8,407.565,0.0039,22720335,3912579440.0,0.232558139534887,172.0
HK.03690,美团-W,2020-06-18,173.0,172.5,173.8,168.1,407.801,0.00357,20822859,3574248142.0,0.0580046403712264,172.4
HK.03690,美团-W,2020-06-19,170.0,174.0,175.5,170.0,411.347,0.00361,21055960,3643876913.0,0.8695652173913043,172.5
HK.03690,美团-W,2020-06-22,174.1,170.5,174.1,169.4,403.073,0.00342,19948128,3413229723.0,-2.0114942528735633,174.0
HK.03690,美团-W,2020-06-23,169.4,176.8,176.8,169.1,419.952,0.0033,19336308,3374220521.0,3.695014662756605,170.5
HK.03690,美团-W,2020-06-24,177.0,178.4,180.0,175.0,423.752,0.00329,19255837,3432533478.0,0.9049773755656076,176.8
HK.03690,美团-W,2020-06-26,178.0,174.7,179.0,172.5,414.964,0.00298,17442067,3049678691.0,-2.073991031390144,178.4
HK.03690,美团-W,2020-06-29,176.0,171.7,176.0,166.9,407.838,0.00357,20919315,3557301611.0,-1.7172295363480254,174.7
HK.03690,美团-W,2020-06-30,173.0,171.9,175.5,170.0,408.313,0.00225,13157270,2272559733.0,0.1164822364589499,171.7
HK.03690,美团-W,2020-07-02,176.5,179.4,181.0,171.6,426.128,0.00509,29789962,5271056373.0,4.363001745200698,171.9
HK.03690,美团-W,2020-07-03,181.0,191.7,193.1,179.4,455.344,0.00519,30371583,5707683650.0,6.856187290969889,179.4
HK.03690,美团-W,2020-07-06,192.0,191.0,193.0,189.0,453.681,0.00411,24030535,4581816516.0,-0.3651538862806409,191.7
HK.03690,美团-W,2020-07-07,189.4,185.0,190.4,180.7,439.429,0.00624,36545415,6792311183.0,-3.1413612565445024,191.0
HK.03690,美团-W,2020-07-08,183.0,199.8,199.8,183.0,474.584,0.00569,33295773,6459313611.0,8.000000000000005,185.0
HK.03690,美团-W,2020-07-09,204.0,209.8,212.0,203.0,498.337,0.00538,31514113,6542147608.0,5.005005005005005,199.8
HK.03690,美团-W,2020-07-10,205.8,208.2,213.4,203.2,494.536,0.00381,22300662,4658448934.0,-0.7626310772164074,209.8
HK.03690,美团-W,2020-07-13,205.0,206.0,212.0,203.0,489.311,0.00452,26487237,5493419537.0,-1.056676272814596,208.2
HK.03690,美团-W,2020-07-14,200.0,197.1,201.0,186.1,470.405,0.00476,27969125,5519656700.0,-4.320388349514566,206.0
HK.03690,美团-W,2020-07-15,205.0,200.6,205.0,197.1,478.758,0.00403,23712419,4766884327.0,1.7757483510908167,197.1
HK.03690,美团-W,2020-07-16,200.4,185.1,201.8,183.3,441.766,0.00647,38006106,7177367183.0,-7.726819541375872,200.6
HK.03690,美团-W,2020-07-17,188.8,191.1,191.6,184.2,456.085,0.00497,29238035,5507266013.0,3.2414910858995136,185.1
HK.03690,美团-W,2020-07-20,192.3,188.4,192.6,184.0,449.642,0.00387,22737903,4252273757.0,-1.4128728414442642,191.1
HK.03690,美团-W,2020-07-21,194.0,205.0,205.8,192.9,489.26,0.00529,31120694,6233750934.0,8.811040339702757,188.4
HK.03690,美团-W,2020-07-22,195.6,192.2,201.8,190.2,458.711,0.00618,36332990,7147408829.0,-6.243902439024396,205.0
HK.03690,美团-W,2020-07-23,192.0,199.0,201.2,191.8,474.94,0.00416,24454384,4837939048.0,3.537981269510932,192.2
HK.03690,美团-W,2020-07-24,192.9,190.7,197.8,188.8,455.131,0.00456,26785560,5150272084.0,-4.17085427135679,199.0
HK.03690,美团-W,2020-07-27,192.7,185.0,195.0,182.1,441.527,0.00362,21301234,3997134852.0,-2.9889879391714675,190.7
HK.03690,美团-W,2020-07-28,190.1,191.0,192.1,188.2,455.847,0.00298,17496333,3325226933.0,3.243243243243243,185.0
HK.03690,美团-W,2020-07-29,187.0,193.0,193.6,187.0,460.62,0.00233,13712426,2635659512.0,1.0471204188481675,191.0
HK.03690,美团-W,2020-07-30,192.2,195.0,199.9,192.2,465.393,0.00322,18918222,3720210537.0,1.0362694300518136,193.0
HK.03690,美团-W,2020-07-31,198.3,191.9,201.0,191.9,457.995,0.00273,16055919,3151689652.0,-1.5897435897435868,195.0
HK.03690,美团-W,2020-08-03,200.0,200.6,202.8,195.4,478.758,0.00532,31273989,6230813962.0,4.533611255862422,191.9
HK.03690,美团-W,2020-08-04,205.0,218.0,221.6,203.4,520.286,0.00757,44481265,9529612355.0,8.673978065802595,200.6
HK.03690,美团-W,2020-08-05,215.0,218.4,220.2,215.0,521.241,0.00468,27493304,5989253281.0,0.1834862385321127,218.0
HK.03690,美团-W,2020-08-06,219.0,221.2,229.2,218.8,527.923,0.00434,25504916,5692996199.0,1.2820512820512742,218.4
HK.03690,美团-W,2020-08-07,218.6,222.4,225.8,208.0,530.787,0.00523,30723455,6715479249.0,0.5424954792043477,221.2
HK.03690,美团-W,2020-08-10,220.8,223.0,228.8,219.0,532.219,0.00377,22146672,4997295386.0,0.2697841726618679,222.4
HK.03690,美团-W,2020-08-11,225.0,218.4,227.0,216.8,521.241,0.00408,24009014,5333030647.0,-2.0627802690582935,223.0
HK.03690,美团-W,2020-08-12,218.0,213.8,218.0,202.6,510.262,0.00513,30180144,6340530245.0,-2.1062271062271036,218.4
HK.03690,美团-W,2020-08-13,220.2,211.4,220.2,211.0,504.534,0.00238,13979736,2998130173.0,-1.122544434050517,213.8
HK.03690,美团-W,2020-08-14,212.2,219.8,226.0,209.2,524.582,0.00349,20487919,4528014036.0,3.973509933774837,211.4
HK.03690,美团-W,2020-08-17,209.2,218.2,223.4,209.0,520.763,0.00311,18258785,3972479695.0,-0.7279344858962797,219.8
HK.03690,美团-W,2020-08-18,220.4,235.0,236.6,220.4,560.859,0.00447,26274365,6079540902.0,7.699358386801106,218.2
HK.03690,美团-W,2020-08-19,240.0,231.0,243.4,230.8,551.312,0.00232,13658640,3210806645.0,-1.702127659574468,235.0
HK.03690,美团-W,2020-08-20,236.0,234.6,236.0,227.4,559.904,0.00237,13907223,3219003978.0,1.558441558441556,231.0
HK.03690,美团-W,2020-08-21,239.8,245.2,247.4,238.4,585.202,0.00374,22000701,5341185250.0,4.518329070758735,234.6
HK.03690,美团-W,2020-08-24,244.2,265.8,272.0,236.2,634.367,0.00755,44379871,11230610494.0,8.401305057096257,245.2
HK.03690,美团-W,2020-08-25,264.6,257.6,267.6,253.2,614.797,0.00536,31491733,8172337053.0,-3.0850263355906655,265.8
HK.03690,美团-W,2020-08-26,258.6,258.8,263.4,251.6,617.661,0.00402,23624566,6067000347.0,0.4658385093167658,257.6
HK.03690,美团-W,2020-08-27,262.0,271.0,273.0,258.2,646.778,0.00423,24864353,6651339061.0,4.714064914992267,258.8
HK.03690,美团-W,2020-08-28,269.0,265.2,274.4,261.2,632.935,0.00422,24829281,6652288537.0,-2.1402214022140265,271.0
HK.03690,美团-W,2020-08-31,272.8,255.6,272.8,255.6,610.023,0.00414,24316298,6386308415.0,-3.6199095022624417,265.2
HK.03690,美团-W,2020-09-01,256.2,264.6,269.2,255.6,631.503,0.00352,20663943,5474247445.0,3.5211267605633916,255.6
HK.03690,美团-W,2020-09-02,280.0,272.8,280.0,269.0,651.073,0.00344,20239932,5537405937.0,3.0990173847316655,264.6
HK.03690,美团-W,2020-09-03,274.0,262.6,274.2,259.6,626.73,0.00465,27314059,7231336643.0,-3.739002932551315,272.8
HK.03690,美团-W,2020-09-04,250.0,261.8,265.2,244.2,624.821,0.00764,44935057,11554077907.0,-0.3046458492003089,262.6
HK.03690,美团-W,2020-09-07,264.0,248.2,265.0,248.0,592.362,0.00458,26942910,6809349686.0,-5.194805194805204,261.8
HK.03690,美团-W,2020-09-08,252.0,238.0,252.2,228.4,568.019,0.00752,44212637,10499867793.0,-4.109589041095886,248.2
HK.03690,美团-W,2020-09-09,231.8,232.0,239.0,227.2,553.699,0.00491,28843775,6685070811.0,-2.5210084033613445,238.0
HK.03690,美团-W,2020-09-10,240.0,233.0,244.8,233.0,556.085,0.00348,20449441,4902112254.0,0.4310344827586206,232.0
HK.03690,美团-W,2020-09-11,233.0,242.8,245.0,232.6,579.474,0.00316,18598115,4472733820.0,4.206008583690992,233.0
HK.03690,美团-W,2020-09-14,248.0,244.6,248.2,240.6,583.77,0.00238,14014049,3427388033.0,0.7413509060955449,242.8
HK.03690,美团-W,2020-09-15,246.0,243.6,247.4,241.4,581.384,0.00174,10234327,2500309527.0,-0.4088307440719542,244.6
HK.03690,美团-W,2020-09-16,245.0,248.2,252.6,243.6,592.362,0.00295,17346852,4310900977.0,1.888341543513955,243.6
HK.03690,美团-W,2020-09-17,248.2,240.8,250.2,238.4,574.701,0.00287,16847300,4072952531.0,-2.9814665592264213,248.2
HK.03690,美团-W,2020-09-18,240.8,241.6,241.6,233.6,576.61,0.00418,24578097,5876213819.0,0.3322259136212553,240.8
HK.03690,美团-W,2020-09-21,245.0,241.6,248.8,239.6,576.61,0.00242,14231614,3469180489.0,0.0,241.6
HK.03690,美团-W,2020-09-22,240.8,242.6,247.4,235.8,578.997,0.0018,10565588,2565207024.0,0.4139072847682119,241.6
HK.03690,美团-W,2020-09-23,244.2,250.0,251.0,243.0,596.658,0.00237,13948018,3449030385.0,3.050288540807917,242.6
HK.03690,美团-W,2020-09-24,245.8,238.6,248.0,236.0,569.451,0.00368,21647967,5192423565.0,-4.560000000000002,250.0
HK.03690,美团-W,2020-09-25,240.0,232.0,241.0,230.8,553.699,0.00272,15986303,3759885683.0,-2.7661357921207017,238.6
HK.03690,美团-W,2020-09-28,236.0,237.0,239.2,233.6,565.632,0.00214,12597151,2988694840.0,2.1551724137931036,232.0
HK.03690,美团-W,2020-09-29,238.0,234.6,239.0,234.6,559.904,0.00136,8024314,1898487709.0,-1.0126582278481038,237.0
HK.03690,美团-W,2020-09-30,238.0,241.8,244.4,237.0,577.088,0.00228,13417820,3234271265.0,3.069053708439905,234.6
HK.03690,美团-W,2020-10-05,248.8,245.8,248.8,242.0,586.634,0.00186,10951714,2690236901.0,1.654259718775848,241.8
HK.03690,美团-W,2020-10-06,247.0,258.0,258.4,245.8,615.751,0.00325,19094559,4859820011.0,4.963384865744503,245.8
HK.03690,美团-W,2020-10-07,262.0,267.8,269.4,257.2,639.14,0.00356,20947573,5548483783.0,3.798449612403105,258.0
HK.03690,美团-W,2020-10-08,268.0,266.8,272.4,263.0,636.754,0.00219,12907550,3449923302.0,-0.373412994772218,267.8
HK.03690,美团-W,2020-10-09,270.0,270.0,278.6,267.8,644.391,0.00392,23045243,6304380984.0,1.1994002998500706,266.8
HK.03690,美团-W,2020-10-12,274.0,275.2,282.0,270.0,656.801,0.00313,18399473,5107018077.0,1.9259259259259216,270.0
HK.03690,美团-W,2020-10-14,283.6,278.4,283.6,273.8,664.439,0.00321,18889360,5254970019.0,1.162790697674415,275.2
HK.03690,美团-W,2020-10-15,279.8,265.0,279.8,263.8,632.458,0.00318,18704788,5042381531.0,-4.81321839080459,278.4
HK.03690,美团-W,2020-10-16,268.0,265.8,273.8,264.6,634.367,0.00201,11796799,3164447854.0,0.3018867924528344,265.0
HK.03690,美团-W,2020-10-19,269.8,259.0,270.4,258.0,618.138,0.00297,17467959,4584350735.0,-2.558314522197145,265.8
HK.03690,美团-W,2020-10-20,264.0,260.8,264.0,255.2,622.434,0.00282,16586507,4287203612.0,0.6949806949806994,259.0
HK.03690,美团-W,2020-10-21,264.0,269.0,270.8,263.4,642.004,0.00249,14657160,3928156177.0,3.1441717791411,260.8
HK.03690,美团-W,2020-10-22,269.0,269.0,269.4,260.8,642.004,0.00217,12747563,3394662984.0,0.0,269.0
HK.03690,美团-W,2020-10-23,269.6,262.4,269.6,260.0,626.252,0.00204,11993449,3160108060.0,-2.4535315985130195,269.0
HK.03690,美团-W,2020-10-27,258.0,266.0,267.0,257.0,634.844,0.00205,12041346,3176553396.0,1.371951219512204,262.4
HK.03690,美团-W,2020-10-28,266.0,280.0,281.2,265.0,668.257,0.00435,25568706,7079679754.0,5.263157894736842,266.0
HK.03690,美团-W,2020-10-29,276.0,297.2,299.8,274.6,709.307,0.00545,32069783,9288839369.0,6.142857142857139,280.0
HK.03690,美团-W,2020-10-30,294.8,288.2,300.4,286.0,687.828,0.00408,24007250,7033944040.0,-3.028263795423957,297.2
HK.03690,美团-W,2020-11-02,291.0,294.6,296.8,287.4,703.102,0.00234,13753164,4021588326.0,2.220680083275515,288.2
HK.03690,美团-W,2020-11-03,292.6,296.0,302.4,291.2,706.443,0.0032,18843133,5594669431.0,0.4752206381534206,294.6
HK.03690,美团-W,2020-11-04,297.0,313.8,319.6,292.0,748.926,0.00453,26667676,8233198702.0,6.013513513513518,296.0
HK.03690,美团-W,2020-11-05,329.8,329.6,334.6,317.8,786.634,0.00455,26756098,8703393640.0,5.035054174633528,313.8
HK.03690,美团-W,2020-11-06,332.2,326.8,333.0,317.0,779.952,0.00333,19579471,6346493558.0,-0.8495145631067995,329.6
HK.03690,美团-W,2020-11-09,333.8,335.2,338.2,328.4,800.0,0.00279,16412022,5489954677.0,2.5703794369644974,326.8
HK.03690,美团-W,2020-11-10,322.8,300.0,323.0,289.0,715.99,0.01112,65445971,19969385578.0,-10.501193317422432,335.2
HK.03690,美团-W,2020-11-11,282.0,271.0,301.0,270.0,646.778,0.01191,70096624,19828578003.0,-9.666666666666666,300.0
HK.03690,美团-W,2020-11-12,282.0,286.8,298.0,282.0,684.486,0.00657,38676503,11180959933.0,5.83025830258303,271.0
HK.03690,美团-W,2020-11-13,292.6,305.8,309.6,288.2,729.832,0.00483,28408342,8566972691.0,6.624825662482565,286.8
HK.03690,美团-W,2020-11-16,321.0,318.4,321.0,308.0,759.904,0.00433,25489057,8048679740.0,4.120340091563102,305.8
HK.03690,美团-W,2020-11-17,315.0,303.0,317.8,293.0,723.15,0.00579,34051196,10348015519.0,-4.83668341708542,318.4
HK.03690,美团-W,2020-11-18,300.0,300.0,301.2,290.8,715.99,0.00387,22789844,6792409848.0,-0.99009900990099,303.0
HK.03690,美团-W,2020-11-19,297.0,294.0,297.0,287.8,701.67,0.00331,19472151,5697765908.0,-2.0,300.0
HK.03690,美团-W,2020-11-20,300.6,304.2,307.4,298.2,726.014,0.00234,13753149,4176926763.0,3.4693877551020367,294.0
HK.03690,美团-W,2020-11-23,308.0,308.0,313.4,301.2,735.083,0.00281,16504923,5053761667.0,1.2491781722550992,304.2
HK.03690,美团-W,2020-11-24,313.0,303.4,313.0,301.0,724.105,0.00234,13755656,4201906838.0,-1.493506493506501,308.0
HK.03690,美团-W,2020-11-25,305.0,293.6,309.0,293.0,700.715,0.0033,19435890,5797885434.0,-3.230059327620288,303.4
HK.03690,美团-W,2020-11-26,298.6,308.0,309.0,297.0,735.083,0.00311,18281482,5552636278.0,4.9046321525885475,293.6
HK.03690,美团-W,2020-11-27,307.4,312.0,316.6,305.0,744.63,0.00306,18017888,5627892825.0,1.2987012987012987,308.0
HK.03690,美团-W,2020-11-30,310.0,290.0,310.2,290.0,692.124,0.00598,35189702,10445792549.0,-7.051282051282051,312.0
HK.03690,美团-W,2020-12-01,292.0,289.2,299.6,287.0,690.214,0.00698,41060884,11946615725.0,-0.2758620689655212,290.0
HK.03690,美团-W,2020-12-02,290.2,277.8,290.2,267.2,663.007,0.00676,39765106,10977387886.0,-3.9419087136929383,289.2
HK.03690,美团-W,2020-12-03,282.8,275.8,285.0,274.0,658.233,0.00492,28926729,8033580601.0,-0.7199424046076314,277.8
HK.03690,美团-W,2020-12-04,277.0,288.6,295.0,276.0,688.782,0.00918,54036264,15562626519.0,4.641044234952868,275.8
HK.03690,美团-W,2020-12-07,290.8,282.4,290.8,278.0,673.985,0.00535,31479260,8978427037.0,-2.1483021483021636,288.6
HK.03690,美团-W,2020-12-08,285.0,287.6,294.6,281.2,686.396,0.0032,18850755,5454360695.0,1.8413597733711211,282.4
HK.03690,美团-W,2020-12-09,295.6,286.4,295.6,283.4,683.532,0.003,17640016,5082864991.0,-0.4172461752434094,287.6
HK.03690,美团-W,2020-12-10,283.0,287.0,290.0,281.2,684.964,0.00197,11597567,3320724213.0,0.2094972067039185,286.4
HK.03690,美团-W,2020-12-11,294.0,293.8,295.0,288.6,701.193,0.00307,18035695,5280926399.0,2.3693379790940807,287.0
HK.03690,美团-W,2020-12-14,281.0,282.6,285.8,272.2,674.463,0.00574,33772473,9492405452.0,-3.8121170864533656,293.8
HK.03690,美团-W,2020-12-15,283.0,274.2,283.2,273.6,654.415,0.00449,26407250,7298561527.0,-2.9723991507431116,282.6
HK.03690,美团-W,2020-12-16,274.0,279.2,280.0,271.0,666.348,0.00252,14807242,4099155523.0,1.8234865061998544,274.2
HK.03690,美团-W,2020-12-17,284.0,285.0,286.0,280.0,680.19,0.00234,13738871,3900039054.0,2.0773638968481416,279.2
HK.03690,美团-W,2020-12-18,284.4,278.4,287.0,275.0,664.439,0.00341,20075054,5600932900.0,-2.3157894736842186,285.0
HK.03690,美团-W,2020-12-21,278.4,278.4,282.8,275.0,664.439,0.00231,13574376,3784055949.0,0.0,278.4
HK.03690,美团-W,2020-12-22,280.0,276.2,281.8,275.0,659.188,0.00193,11373811,3162740520.0,-0.7902298850574672,278.4
HK.03690,美团-W,2020-12-23,276.2,287.0,290.8,274.0,684.964,0.00456,26855263,7653221028.0,3.9102099927588743,276.2
HK.03690,美团-W,2020-12-24,285.0,279.2,285.0,274.2,666.348,0.00366,21514905,5995944760.0,-2.7177700348432094,287.0
HK.03690,美团-W,2020-12-28,273.0,260.0,276.4,258.2,620.525,0.00799,46994103,12417287297.0,-6.876790830945555,279.2
HK.03690,美团-W,2020-12-29,265.0,273.4,278.2,261.0,652.505,0.00383,22513268,6138580188.0,5.153846153846145,260.0
HK.03690,美团-W,2020-12-30,275.2,287.8,289.8,275.0,686.873,0.00413,24274147,6938161718.0,5.267008046817862,273.4
HK.03690,美团-W,2020-12-31,287.8,294.6,296.6,286.6,703.102,0.00223,13114144,3847619702.0,2.362751911049344,287.8
HK.03690,美团-W,2021-01-04,293.4,292.6,300.0,288.4,698.329,0.00335,19704573,5825577299.0,-0.678886625933469,294.6
HK.03690,美团-W,2021-01-05,296.0,296.6,296.6,286.4,707.875,0.0025,14735494,4322723109.0,1.367053998632946,292.6
HK.03690,美团-W,2021-01-06,297.2,310.0,313.8,296.6,739.856,0.00463,27240173,8412945435.0,4.517869184086303,296.6
HK.03690,美团-W,2021-01-07,310.0,308.0,310.0,296.2,735.083,0.00312,18341782,5612742449.0,-0.6451612903225806,310.0
HK.03690,美团-W,2021-01-08,309.2,318.0,318.0,308.8,758.949,0.00381,22420414,7059592759.0,3.2467532467532463,308.0
HK.03690,美团-W,2021-01-11,320.4,309.6,321.6,305.0,738.902,0.00362,21270725,6596380924.0,-2.641509433962257,318.0
HK.03690,美团-W,2021-01-12,310.0,302.0,310.0,301.0,720.763,0.00358,21074145,6399114698.0,-2.454780361757113,309.6
HK.03690,美团-W,2021-01-13,300.0,296.4,304.2,293.0,707.398,0.0038,22376999,6660050601.0,-1.8543046357615969,302.0
HK.03690,美团-W,2021-01-14,302.8,313.2,315.0,300.0,747.494,0.0033,19436205,6041743645.0,5.6680161943319884,296.4
HK.03690,美团-W,2021-01-15,314.8,307.6,315.0,300.4,734.128,0.00285,16771942,5157913262.0,-1.7879948914431565,313.2
HK.03690,美团-W,2021-01-18,307.6,325.0,327.0,305.0,775.656,0.00383,22557709,7261577811.0,5.656697009102722,307.6
HK.03690,美团-W,2021-01-19,334.0,341.0,348.0,329.8,813.842,0.00575,33824229,11498559451.0,4.923076923076923,325.0
HK.03690,美团-W,2021-01-20,346.0,372.0,374.6,344.4,887.828,0.00627,36876123,13353318805.0,9.090909090909092,341.0
HK.03690,美团-W,2021-01-21,364.2,375.2,381.6,359.0,895.465,0.00473,27820117,10313361079.0,0.8602150537634378,372.0
HK.03690,美团-W,2021-01-22,370.0,380.2,387.6,369.2,907.398,0.00331,19474199,7410324022.0,1.332622601279318,375.2
HK.03690,美团-W,2021-01-25,384.6,399.8,407.6,384.0,954.176,0.00507,29854313,11908424348.0,5.1551814834297796,380.2
HK.03690,美团-W,2021-01-26,390.6,378.6,395.4,372.0,903.579,0.00481,28319599,10829428160.0,-5.302651325662828,399.8
HK.03690,美团-W,2021-01-27,372.0,364.0,378.4,358.4,868.735,0.00652,38354634,14099165820.0,-3.856312731114639,378.6
HK.03690,美团-W,2021-01-28,360.0,355.6,375.8,352.4,848.687,0.00435,25616292,9234646607.0,-2.3076923076923017,364.0
HK.03690,美团-W,2021-01-29,369.6,355.8,377.0,355.8,849.164,0.00394,23194119,8468446381.0,0.0562429696287931,355.6
HK.03690,美团-W,2021-02-01,369.0,391.0,392.4,364.0,933.174,0.00411,24165176,9238136351.0,9.893198426082066,355.8
HK.03690,美团-W,2021-02-02,400.0,395.0,410.6,391.2,942.72,0.00452,26607201,10693182579.0,1.0230179028132993,391.0
HK.03690,美团-W,2021-02-03,410.0,414.2,414.4,399.0,990.909,0.0043,25297659,10368671488.0,4.860759493670884,395.0
HK.03690,美团-W,2021-02-04,403.0,401.0,406.0,388.2,959.33,0.00449,26446610,10546009675.0,-3.186866248189278,414.2
HK.03690,美团-W,2021-02-05,403.4,401.4,415.6,396.0,960.287,0.00279,16427318,6659015332.0,0.0997506234413908,401.0
HK.03690,美团-W,2021-02-08,411.6,406.4,413.8,403.0,972.248,0.00199,11703461,4776207241.0,1.245640259093174,401.4
HK.03690,美团-W,2021-02-09,407.0,409.0,411.0,403.6,978.468,0.00204,11997750,4883933445.0,0.6397637795275647,406.4
HK.03690,美团-W,2021-02-10,415.6,430.4,436.6,409.0,1029.665,0.00361,21259665,9050718786.0,5.232273838630801,409.0
HK.03690,美团-W,2021-02-11,429.4,445.0,445.0,421.6,1064.593,0.00171,10085497,4387692247.0,3.3921933085501914,430.4
HK.03690,美团-W,2021-02-16,455.0,439.2,458.8,430.2,1050.717,0.00357,21028101,9268472400.0,-1.3033707865168564,445.0
HK.03690,美团-W,2021-02-17,430.6,451.4,452.0,430.0,1079.904,0.00218,12859183,5720530104.0,2.777777777777775,439.2
HK.03690,美团-W,2021-02-18,454.6,428.0,460.0,426.2,1023.923,0.00461,27160897,11869213692.0,-5.183872396987146,451.4
HK.03690,美团-W,2021-02-19,422.2,423.6,426.6,411.0,1013.397,0.00403,23715622,9949611018.0,-1.0280373831775649,428.0
HK.03690,美团-W,2021-02-22,435.8,400.2,435.8,400.2,957.416,0.00502,29567738,12093953685.0,-5.524079320113322,423.6
HK.03690,美团-W,2021-02-23,392.0,392.8,408.2,381.2,939.712,0.00404,23775442,9387015170.0,-1.84907546226886,400.2
HK.03690,美团-W,2021-02-24,393.0,365.8,403.0,361.0,875.119,0.00754,44418612,16564339052.0,-6.873727087576374,392.8
HK.03690,美团-W,2021-02-25,383.0,370.4,383.0,358.8,886.124,0.00477,28113890,10418389815.0,1.2575177692728174,365.8
HK.03690,美团-W,2021-02-26,349.0,340.0,355.0,340.0,813.397,0.00728,42878713,14897841209.0,-8.207343412526992,370.4
HK.03690,美团-W,2021-03-01,355.0,366.8,366.8,350.4,877.511,0.0059,34725734,12456557683.0,7.882352941176474,340.0
HK.03690,美团-W,2021-03-02,388.0,362.4,388.0,360.6,866.985,0.00531,31246598,11615313698.0,-1.1995637949836515,366.8
HK.03690,美团-W,2021-03-03,365.0,372.6,375.0,352.8,891.387,0.00333,19621974,7131366031.0,2.814569536423854,362.4
HK.03690,美团-W,2021-03-04,360.0,340.0,360.4,340.0,813.397,0.00547,32230252,11187344457.0,-8.749329039184117,372.6
HK.03690,美团-W,2021-03-05,325.0,337.0,345.6,321.4,806.22,0.00582,34290648,11432192294.0,-0.8823529411764706,340.0
HK.03690,美团-W,2021-03-08,343.2,308.8,344.0,301.8,738.755,0.00874,51449220,16290797840.0,-8.36795252225519,337.0
HK.03690,美团-W,2021-03-09,303.6,302.0,320.8,289.2,722.488,0.00918,54064527,16420919112.0,-2.2020725388601075,308.8
HK.03690,美团-W,2021-03-10,325.0,317.0,329.0,314.6,758.373,0.00566,33352900,10686803332.0,4.966887417218543,302.0
HK.03690,美团-W,2021-03-11,315.0,344.6,345.0,314.0,824.401,0.00589,34663277,11636471352.0,8.706624605678241,317.0
HK.03690,美团-W,2021-03-12,355.0,333.0,355.2,330.0,796.65,0.00485,28533683,9689602990.0,-3.3662217063261815,344.6
HK.03690,美团-W,2021-03-15,335.4,317.2,343.4,312.2,758.851,0.00404,23814532,7698068873.0,-4.7447447447447475,333.0
HK.03690,美团-W,2021-03-16,323.6,329.6,333.0,323.0,788.516,0.0024,14112999,4621343212.0,3.909205548549822,317.2
HK.03690,美团-W,2021-03-17,326.0,325.4,331.8,318.0,778.468,0.00244,14358388,4657443468.0,-1.274271844660208,329.6
HK.03690,美团-W,2021-03-18,331.6,337.4,345.0,331.4,807.177,0.00348,20482557,6963786857.0,3.687768899815612,325.4
HK.03690,美团-W,2021-03-19,329.0,333.0,333.0,321.2,796.65,0.00349,20546621,6729738092.0,-1.304090100770592,337.4
HK.03690,美团-W,2021-03-22,326.0,320.6,335.8,319.0,766.985,0.00319,18792228,6102881354.0,-3.7237237237237166,333.0
HK.03690,美团-W,2021-03-23,325.0,303.8,325.8,301.6,726.794,0.00458,26994042,8321147190.0,-5.240174672489086,320.6
HK.03690,美团-W,2021-03-24,306.0,292.0,311.8,287.4,698.564,0.00633,37248107,10922932604.0,-3.884134298880846,303.8
HK.03690,美团-W,2021-03-25,282.0,287.4,292.6,274.6,687.559,0.00477,28097756,8010293821.0,-1.5753424657534325,292.0
HK.03690,美团-W,2021-03-26,290.0,302.0,305.2,289.0,722.488,0.0044,25880764,7734028959.0,5.080027835768972,287.4
HK.03690,美团-W,2021-03-29,295.0,280.4,295.0,274.4,295.157,0.00835,49192404,13873742911.0,-7.152317880794709,302.0
HK.03690,美团-W,2021-03-30,278.0,293.6,295.4,278.0,309.052,0.0042,24752892,7198023218.0,4.707560627674767,280.4
HK.03690,美团-W,2021-03-31,295.0,298.2,304.0,294.8,313.894,0.00354,20828610,6236658136.0,1.566757493187999,293.6
HK.03690,美团-W,2021-04-01,307.0,325.8,328.0,305.8,342.947,0.00497,29295048,9333423787.0,9.25553319919518,298.2
HK.03690,美团-W,2021-04-07,335.0,318.0,335.0,315.0,334.736,0.00435,25621849,8270348398.0,-2.39410681399632,325.8
HK.03690,美团-W,2021-04-08,313.2,320.8,326.6,310.8,337.684,0.00218,12818367,4109059435.0,0.8805031446540916,318.0
HK.03690,美团-W,2021-04-09,324.4,314.0,324.4,309.8,330.526,0.00198,11658356,3669916706.0,-2.1197007481296795,320.8
HK.03690,美团-W,2021-04-12,314.0,298.2,314.6,292.6,313.894,0.00423,24890065,7425673479.0,-5.0318471337579656,314.0
HK.03690,美团-W,2021-04-13,296.2,276.0,301.0,274.2,290.526,0.00735,43263925,12250194295.0,-7.444668008048286,298.2
HK.03690,美团-W,2021-04-14,287.0,286.0,290.8,283.0,301.052,0.0049,28878747,8293805727.0,3.6231884057971016,276.0
HK.03690,美团-W,2021-04-15,286.0,284.8,290.4,280.0,299.789,0.00216,12718239,3613106394.0,-0.4195804195804156,286.0
HK.03690,美团-W,2021-04-16,286.0,290.2,294.8,283.8,305.473,0.00306,18016614,5220144174.0,1.8960674157303288,284.8
HK.03690,美团-W,2021-04-19,290.2,289.2,301.0,285.0,304.421,0.00324,19089091,5591502930.0,-0.3445899379738111,290.2
HK.03690,美团-W,2021-04-20,288.6,293.6,296.0,284.0,309.052,0.0412,242615551,67400013287.0,1.5214384508990435,289.2
HK.03690,美团-W,2021-04-21,287.2,282.2,292.0,280.6,297.052,0.00483,28467362,8117212338.0,-3.882833787465952,293.6
HK.03690,美团-W,2021-04-22,288.4,292.0,292.6,283.8,307.368,0.00475,27941527,8098564902.0,3.472714386959607,282.2
HK.03690,美团-W,2021-04-23,293.0,306.4,311.4,292.0,322.526,0.00551,32455805,9896366063.0,4.931506849315061,292.0
HK.03690,美团-W,2021-04-26,310.0,305.0,321.6,303.4,321.052,0.00519,30584797,9553749716.0,-0.456919060052212,306.4
HK.03690,美团-W,2021-04-27,300.0,313.0,319.0,296.4,329.473,0.00735,43285503,13355938929.0,2.622950819672131,305.0
HK.03690,美团-W,2021-04-28,309.8,309.4,311.6,306.2,335.939,0.00205,12079410,3735496879.0,-1.1501597444089529,313.0
HK.03690,美团-W,2021-04-29,313.0,309.2,314.8,304.0,335.722,0.00273,16583681,5109644076.0,-0.0646412411118256,309.4
HK.03690,美团-W,2021-04-30,304.0,298.0,305.0,297.2,323.561,0.00252,15334320,4590560786.0,-3.622250970245792,309.2
HK.03690,美团-W,2021-05-03,297.4,293.2,297.8,290.0,318.349,0.00166,10072434,2946874090.0,-1.6107382550335607,298.0
HK.03690,美团-W,2021-05-04,293.2,291.8,295.6,290.6,316.829,0.00149,9074489,2653129029.0,-0.4774897680763906,293.2
HK.03690,美团-W,2021-05-05,288.0,287.0,293.8,285.6,311.617,0.00202,12284824,3536727074.0,-1.6449623029472278,291.8
HK.03690,美团-W,2021-05-06,285.4,285.8,293.6,280.0,310.314,0.00317,19249251,5479741833.0,-0.4181184668989507,287.0
HK.03690,美团-W,2021-05-07,288.0,282.8,290.4,279.2,307.057,0.00319,19379263,5491295057.0,-1.0496850944716585,285.8
HK.03690,美团-W,2021-05-10,280.0,262.8,280.0,255.0,285.342,0.01217,73924579,19510359155.0,-7.072135785007072,282.8
HK.03690,美团-W,2021-05-11,250.2,249.0,252.0,240.0,270.358,0.01049,63727234,15673064248.0,-5.251141552511419,262.8
HK.03690,美团-W,2021-05-12,251.0,255.2,262.6,251.0,277.09,0.00532,32343072,8270808670.0,2.489959839357425,249.0
HK.03690,美团-W,2021-05-13,247.6,251.6,257.0,245.0,273.181,0.00349,21199638,5358327403.0,-1.4106583072100292,255.2
HK.03690,美团-W,2021-05-14,245.2,244.0,251.0,242.2,264.929,0.00463,28110988,6880641138.0,-3.020667726550077,251.6
HK.03690,美团-W,2021-05-17,246.4,254.2,256.0,244.6,276.004,0.00449,27285020,6899375337.0,4.180327868852454,244.0
HK.03690,美团-W,2021-05-18,255.8,260.0,261.8,255.8,282.301,0.00294,17873111,4633702984.0,2.281667977970107,254.2
HK.03690,美团-W,2021-05-20,256.2,273.2,276.8,255.0,296.634,0.00607,36907302,10024913655.0,5.076923076923072,260.0
HK.03690,美团-W,2021-05-21,280.0,275.2,280.8,267.2,298.805,0.00345,20946889,5769386788.0,0.7320644216691069,273.2
HK.03690,美团-W,2021-05-24,276.8,271.0,279.0,265.2,295.851,0.00232,14192265,3831156107.0,-1.5261627906976705,275.2
HK.03690,美团-W,2021-05-25,270.0,276.6,278.2,265.8,301.965,0.00235,14353423,3927733865.0,2.0664206642066505,271.0
HK.03690,美团-W,2021-05-26,277.2,279.6,290.0,277.2,305.24,0.00288,17575426,4974947753.0,1.084598698481562,276.6
HK.03690,美团-W,2021-05-27,279.6,271.8,279.6,265.2,296.724,0.00489,29857723,8096246457.0,-2.7896995708154546,279.6
HK.03690,美团-W,2021-05-28,272.6,265.2,274.4,263.0,289.519,0.00278,16971893,4532851254.0,-2.428256070640185,271.8
HK.03690,美团-W,2021-05-31,276.2,294.0,294.8,271.6,320.96,0.0072,44006174,12585624235.0,10.859728506787334,265.2
HK.03690,美团-W,2021-06-01,296.2,313.0,315.2,294.4,341.703,0.00684,41772699,12925398209.0,6.462585034013606,294.0
HK.03690,美团-W,2021-06-02,312.0,311.8,313.4,304.0,340.393,0.00397,24252954,7507146897.0,-0.3833865814696449,313.0
HK.03690,美团-W,2021-06-03,311.8,307.4,321.0,305.6,335.589,0.0038,23234022,7268778734.0,-1.4111610006414477,311.8
HK.03690,美团-W,2021-06-04,297.8,302.2,311.0,297.8,329.912,0.00665,40645528,12310511950.0,-1.6916070266753382,307.4
HK.03690,美团-W,2021-06-07,302.6,300.0,305.4,296.6,327.51,0.00445,27170971,8181395994.0,-0.7279947054930472,302.2
HK.03690,美团-W,2021-06-08,300.0,297.0,303.6,293.0,324.235,0.00219,13395646,3974604331.0,-1.0,300.0
HK.03690,美团-W,2021-06-09,295.8,293.2,298.8,290.8,320.087,0.00177,10810536,3178021799.0,-1.2794612794612832,297.0
HK.03690,美团-W,2021-06-10,295.2,298.0,305.2,291.2,325.327,0.00236,14448149,4315350554.0,1.6371077762619413,293.2
HK.03690,美团-W,2021-06-11,302.6,307.2,311.8,300.0,335.371,0.00304,18599815,5698003329.0,3.087248322147647,298.0
HK.03690,美团-W,2021-06-15,307.0,302.4,311.0,299.0,330.131,0.00226,13806094,4187713187.0,-1.5625000000000038,307.2
HK.03690,美团-W,2021-06-16,299.4,288.8,301.6,287.4,315.283,0.00324,19770810,5765215920.0,-4.497354497354487,302.4
HK.03690,美团-W,2021-06-17,285.0,290.0,294.2,283.4,316.593,0.00198,12109734,3500670230.0,0.4155124653739572,288.8
HK.03690,美团-W,2021-06-18,297.6,300.6,304.4,294.4,328.165,0.0029,17708557,5312494158.0,3.655172413793111,290.0
HK.03690,美团-W,2021-06-21,296.8,301.8,303.2,292.8,329.475,0.00202,12340521,3681882941.0,0.3992015968063834,300.6
HK.03690,美团-W,2021-06-22,302.8,292.8,303.8,292.0,319.65,0.00211,12894472,3804774865.0,-2.982107355864811,301.8
HK.03690,美团-W,2021-06-23,295.8,308.0,309.4,292.6,336.244,0.00318,19408354,5904763923.0,5.191256830601089,292.8
HK.03690,美团-W,2021-06-24,310.0,315.0,319.6,310.0,343.886,0.00339,20689334,6516414789.0,2.272727272727273,308.0
HK.03690,美团-W,2021-06-25,317.0,330.0,333.0,315.4,360.262,0.00516,31517759,10291625489.0,4.761904761904762,315.0
HK.03690,美团-W,2021-06-28,333.0,328.6,338.0,325.2,358.733,0.00202,12324384,4058040750.0,-0.4242424242424173,330.0
HK.03690,美团-W,2021-06-29,329.6,323.8,331.8,322.0,353.493,0.0025,15304408,4982519176.0,-1.460742544126601,328.6
HK.03690,美团-W,2021-06-30,329.0,320.4,329.2,317.6,349.781,0.00224,13672818,4390001198.0,-1.050030883261283,323.8
HK.03690,美团-W,2021-07-02,318.2,304.0,318.6,300.4,331.877,0.00382,23363439,7182686096.0,-5.118601747815224,320.4
HK.03690,美团-W,2021-07-05,300.2,287.0,300.8,280.0,313.318,0.00623,38091180,10975439984.0,-5.592105263157895,304.0
HK.03690,美团-W,2021-07-06,287.0,289.8,292.8,277.0,316.375,0.00317,19388472,5544174213.0,0.975609756097565,287.0
HK.03690,美团-W,2021-07-07,287.0,286.0,287.8,279.2,312.227,0.00259,15809580,4489864672.0,-1.3112491373360975,289.8
HK.03690,美团-W,2021-07-08,281.8,267.6,283.8,265.8,292.139,0.00709,43323881,11726618211.0,-6.433566433566426,286.0
HK.03690,美团-W,2021-07-09,264.2,279.2,285.4,258.0,304.803,0.00768,46931905,12853167729.0,4.3348281016442325,267.6
HK.03690,美团-W,2021-07-12,287.0,285.2,291.4,281.8,311.353,0.00371,22668759,6481960802.0,2.1489971346704873,279.2
HK.03690,美团-W,2021-07-13,284.0,295.0,302.0,280.8,322.052,0.00412,25187613,7442205735.0,3.4361851332398357,285.2
HK.03690,美团-W,2021-07-14,293.0,290.0,294.8,281.6,317.634,0.00392,24001923,6903524841.0,-1.694915254237288,295.0
HK.03690,美团-W,2021-07-15,289.4,290.4,294.8,287.2,318.072,0.00219,13427920,3904874270.0,0.1379310344827508,290.0
HK.03690,美团-W,2021-07-16,287.6,290.8,295.6,284.2,318.51,0.002,12235819,3551127057.0,0.1377410468319676,290.4
HK.03690,美团-W,2021-07-19,284.8,276.2,285.0,272.0,302.519,0.00379,23214788,6441795780.0,-5.020632737276486,290.8
HK.03690,美团-W,2021-07-20,272.4,275.2,279.8,271.6,301.423,0.00241,14740972,4050355340.0,-0.3620564808110065,276.2
HK.03690,美团-W,2021-07-21,271.6,270.2,274.0,266.4,295.947,0.00347,21252300,5723575644.0,-1.8168604651162792,275.2
HK.03690,美团-W,2021-07-22,273.8,279.8,281.8,272.4,306.462,0.00289,17738480,4942636927.0,3.552923760177655,270.2
HK.03690,美团-W,2021-07-23,280.4,273.2,280.8,270.8,299.233,0.00251,15386626,4208081505.0,-2.358827734095791,279.8
HK.03690,美团-W,2021-07-26,259.2,235.6,265.0,232.4,258.05,0.0135,82759612,20526287961.0,-13.762811127379209,273.2
HK.03690,美团-W,2021-07-27,235.6,194.0,235.6,194.0,212.486,0.02704,165740968,34667847820.0,-17.657045840407466,235.6
HK.03690,美团-W,2021-07-28,196.8,208.6,217.6,190.4,228.477,0.02083,127665813,25850692257.0,7.525773195876286,194.0
HK.03690,美团-W,2021-07-29,230.6,228.4,231.4,220.2,250.164,0.01457,89287107,20263630608.0,9.491850431447752,208.6
HK.03690,美团-W,2021-07-30,219.0,215.0,220.6,204.6,235.487,0.00805,49329194,10498499680.0,-5.8669001751313505,228.4
HK.03690,美团-W,2021-08-02,217.0,216.0,219.6,205.0,236.582,0.00422,25875297,5508124214.0,0.4651162790697674,215.0
HK.03690,美团-W,2021-08-03,218.6,211.6,218.6,199.8,231.763,0.00499,30559039,6376749464.0,-2.0370370370370394,216.0
HK.03690,美团-W,2021-08-04,208.8,213.6,223.6,204.0,233.953,0.00455,27873850,5975593008.0,0.945179584120983,211.6
HK.03690,美团-W,2021-08-05,213.6,211.2,220.0,208.4,231.325,0.00287,17599873,3770808533.0,-1.1235955056179805,213.6
HK.03690,美团-W,2021-08-06,220.4,213.8,220.4,205.0,234.173,0.00299,18318848,3880039918.0,1.2310606060606168,211.2
HK.03690,美团-W,2021-08-09,212.0,220.4,230.8,209.8,241.401,0.00493,30191591,6716629724.0,3.086997193638912,213.8
HK.03690,美团-W,2021-08-10,226.0,239.0,241.0,225.0,261.774,0.00681,41723449,9804228234.0,8.439201451905623,220.4
HK.03690,美团-W,2021-08-11,236.0,237.2,243.0,232.6,259.802,0.00403,24673817,5842162614.0,-0.7531380753138123,239.0
HK.03690,美团-W,2021-08-12,233.0,236.6,244.4,233.0,259.145,0.00418,25626912,6122089897.0,-0.2529510961214141,237.2
HK.03690,美团-W,2021-08-13,232.0,233.4,238.8,230.6,255.64,0.00261,16019697,3751675133.0,-1.3524936601859632,236.6
HK.03690,美团-W,2021-08-16,231.0,221.4,234.6,217.0,242.497,0.00443,27143724,6046895287.0,-5.141388174807198,233.4
HK.03690,美团-W,2021-08-17,217.6,213.6,224.0,211.0,233.953,0.00367,22502996,4856941698.0,-3.523035230352309,221.4
HK.03690,美团-W,2021-08-18,219.0,218.2,225.6,211.8,238.992,0.00444,27194037,5978594692.0,2.1535580524344544,213.6
HK.03690,美团-W,2021-08-19,217.4,202.6,222.6,200.0,221.905,0.00602,36878005,7607193115.0,-7.149404216315306,218.2
HK.03690,美团-W,2021-08-20,200.0,193.4,200.4,183.2,211.829,0.00893,54748972,10540466195.0,-4.540967423494565,202.6
HK.03690,美团-W,2021-08-23,200.0,195.4,203.6,190.0,214.019,0.00525,32157538,6348878336.0,1.034126163391934,193.4
HK.03690,美团-W,2021-08-24,200.4,221.8,224.2,200.4,242.935,0.00714,43795211,9448331163.0,13.510747185261003,195.4
HK.03690,美团-W,2021-08-25,231.8,227.0,235.8,223.4,248.63,0.00685,41974276,9634970655.0,2.344454463480608,221.8
HK.03690,美团-W,2021-08-26,227.0,226.8,231.0,221.0,248.411,0.00282,17311459,3906816826.0,-0.0881057268722416,227.0
HK.03690,美团-W,2021-08-27,226.8,225.0,234.4,224.0,246.44,0.00344,21087902,4818429034.0,-0.7936507936507986,226.8
HK.03690,美团-W,2021-08-30,229.0,228.4,231.0,221.4,250.164,0.00325,19898069,4513473880.0,1.5111111111111135,225.0
HK.03690,美团-W,2021-08-31,236.2,249.0,249.0,223.6,272.727,0.01263,77441090,18595498796.0,9.01926444833625,228.4
HK.03690,美团-W,2021-09-01,249.0,253.4,257.0,244.0,277.546,0.00916,56121987,14087844254.0,1.7670682730923717,249.0
HK.03690,美团-W,2021-09-02,263.4,253.6,267.6,250.0,277.765,0.00714,43736792,11309876433.0,0.0789265982636103,253.4
HK.03690,美团-W,2021-09-03,249.4,244.8,251.0,239.4,268.127,0.00752,46118676,11261452231.0,-3.4700315457413184,253.6
HK.03690,美团-W,2021-09-06,239.0,247.4,249.4,238.8,270.974,0.00381,23335163,5705480089.0,1.0620915032679714,244.8
HK.03690,美团-W,2021-09-07,251.0,257.4,263.0,249.2,281.927,0.00581,35642442,9192471883.0,4.042037186742106,247.4
HK.03690,美团-W,2021-09-08,261.6,261.0,267.8,256.4,285.87,0.00444,27199752,7135105141.0,1.3986013986014076,257.4
HK.03690,美团-W,2021-09-09,255.4,248.6,258.0,245.6,272.289,0.00472,28952413,7279692057.0,-4.750957854406133,261.0
HK.03690,美团-W,2021-09-10,252.0,259.4,262.6,251.6,284.118,0.00307,18803186,4870191934.0,4.344328238133541,248.6
HK.03690,美团-W,2021-09-13,251.2,247.8,254.0,239.0,271.412,0.00407,24934818,6110075124.0,-4.471858134155731,259.4
HK.03690,美团-W,2021-09-14,247.8,245.0,251.0,238.6,268.346,0.00307,18788167,4594418781.0,-1.1299435028248632,247.8
HK.03690,美团-W,2021-09-15,236.2,234.0,241.4,232.6,256.297,0.00357,21866401,5166493263.0,-4.489795918367347,245.0
HK.03690,美团-W,2021-09-16,231.0,232.6,238.2,230.4,254.764,0.00262,16031559,3738443377.0,-0.5982905982906007,234.0
HK.03690,美团-W,2021-09-17,230.8,240.8,243.8,228.4,263.745,0.00324,19870460,4758415183.0,3.5253654342218477,232.6
HK.03690,美团-W,2021-09-20,237.0,234.6,237.4,230.4,256.955,0.0019,11665337,2737436470.0,-2.574750830564791,240.8
HK.03690,美团-W,2021-09-21,230.0,230.6,232.0,224.8,252.573,0.00298,18293893,4178421470.0,-1.7050298380221656,234.6
HK.03690,美团-W,2021-09-23,238.0,242.6,247.8,237.0,265.717,0.00463,28399235,6861533112.0,5.203816131830009,230.6
HK.03690,美团-W,2021-09-24,242.2,244.6,252.0,241.2,267.907,0.00391,23980206,5933197480.0,0.8244023083264632,242.6
HK.03690,美团-W,2021-09-27,243.2,248.4,256.8,243.2,272.07,0.0037,22688044,5707969794.0,1.5535568274734306,244.6
HK.03690,美团-W,2021-09-28,252.0,251.8,256.8,249.2,275.794,0.00326,20017062,5072472909.0,1.3687600644122406,248.4
HK.03690,美团-W,2021-09-29,245.0,250.0,250.8,238.0,273.822,0.00216,13265074,3263219792.0,-0.7148530579825303,251.8
HK.03690,美团-W,2021-09-30,243.0,246.6,248.4,241.6,270.098,0.0021,12907162,3172068981.0,-1.3600000000000023,250.0
HK.03690,美团-W,2021-10-04,242.4,236.8,246.2,235.4,259.364,0.00244,14934956,3563079895.0,-3.974047039740464,246.6
HK.03690,美团-W,2021-10-05,231.2,233.6,237.0,229.8,255.859,0.00254,15546940,3633810850.0,-1.3513513513513586,236.8
HK.03690,美团-W,2021-10-06,237.0,228.6,237.0,228.2,250.383,0.00249,15286557,3521554574.0,-2.1404109589041096,233.6
HK.03690,美团-W,2021-10-07,236.8,250.8,252.8,234.6,274.698,0.00362,22228487,5459897101.0,9.711286089238854,228.6
HK.03690,美团-W,2021-10-08,258.2,256.0,258.2,248.8,280.701,0.0043,26350580,6696252108.0,2.0733652312599635,250.8
HK.03690,美团-W,2021-10-11,270.0,277.4,280.6,265.6,304.166,0.0089,54578979,15032979204.0,8.359374999999991,256.0
HK.03690,美团-W,2021-10-12,273.0,269.0,277.6,268.0,294.956,0.00456,27949555,7602221031.0,-3.0281182408074905,277.4
HK.03690,美团-W,2021-10-15,275.0,280.8,281.0,272.8,307.894,0.00746,45778121,12702160471.0,4.386617100371751,269.0
HK.03690,美团-W,2021-10-18,280.0,280.4,280.6,269.2,307.456,0.00334,20471250,5631673152.0,-0.1424501424501546,280.8
HK.03690,美团-W,2021-10-19,280.4,285.6,288.0,278.0,313.157,0.00285,17509802,5000354537.0,1.8544935805991605,280.4
HK.03690,美团-W,2021-10-20,290.0,293.8,297.8,289.0,322.149,0.00625,38356351,11276452749.0,2.871148459383749,285.6
HK.03690,美团-W,2021-10-21,295.4,288.4,298.0,284.4,316.228,0.00471,28901998,8432664521.0,-1.8379850238257431,293.8
HK.03690,美团-W,2021-10-22,290.0,289.2,292.8,283.2,317.105,0.00197,12113045,3500333958.0,0.277392510402223,288.4
HK.03690,美团-W,2021-10-25,285.4,286.8,294.8,285.0,314.473,0.0026,15930495,4610574555.0,-0.8298755186721913,289.2
HK.03690,美团-W,2021-10-26,286.0,283.0,288.0,280.8,310.307,0.00222,13595769,3859581280.0,-1.3249651324965173,286.8
HK.03690,美团-W,2021-10-27,275.0,268.6,275.8,267.6,294.517,0.00388,23823732,6435615164.0,-5.088339222614833,283.0
HK.03690,美团-W,2021-10-28,275.2,272.2,277.2,269.8,298.464,0.00221,13575181,3701396723.0,1.340282948622474,268.6
HK.03690,美团-W,2021-10-29,271.4,269.6,276.0,269.2,295.614,0.00234,14380080,3912608587.0,-0.9551800146950647,272.2
HK.03690,美团-W,2021-11-01,267.0,267.4,272.4,263.2,293.201,0.00218,13360881,3567201697.0,-0.8160237388724203,269.6
HK.03690,美团-W,2021-11-02,278.2,271.0,285.4,269.4,297.149,0.00336,20579374,5705805816.0,1.346297681376224,267.4
HK.03690,美团-W,2021-11-03,277.4,277.0,277.6,267.8,303.728,0.00235,14426808,3951494562.0,2.214022140221402,271.0
HK.03690,美团-W,2021-11-04,282.0,286.0,286.8,280.4,313.596,0.00269,16494718,4680235938.0,3.2490974729241873,277.0
HK.03690,美团-W,2021-11-05,279.4,276.8,282.4,274.0,303.508,0.0024,14726028,4105310073.0,-3.216783216783213,286.0
HK.03690,美团-W,2021-11-08,274.6,271.2,275.8,267.2,297.368,0.00235,14403163,3906468972.0,-2.023121387283245,276.8
HK.03690,美团-W,2021-11-09,276.4,270.4,276.6,268.0,296.491,0.00167,10236993,2772381522.0,-0.2949852507374673,271.2
HK.03690,美团-W,2021-11-10,270.4,277.4,277.6,266.8,304.166,0.00198,12138458,3311673267.0,2.5887573964497044,270.4
HK.03690,美团-W,2021-11-11,275.2,282.4,285.8,272.0,309.649,0.00245,15036145,4211293783.0,1.8024513338139871,277.4
HK.03690,美团-W,2021-11-12,289.8,289.8,292.6,287.2,317.763,0.0037,22694413,6586125051.0,2.6203966005665844,282.4
HK.03690,美团-W,2021-11-15,291.0,289.6,293.4,284.2,317.543,0.00185,11339494,3272724791.0,-0.0690131124913694,289.8
HK.03690,美团-W,2021-11-16,289.6,297.4,297.6,287.6,326.096,0.00317,19416943,5728439061.0,2.6933701657458404,289.6
HK.03690,美团-W,2021-11-17,295.0,292.6,296.6,290.4,320.833,0.0019,11680027,3420010051.0,-1.6139878950907718,297.4
HK.03690,美团-W,2021-11-18,285.0,285.4,286.4,277.6,312.938,0.00248,15189245,4303656068.0,-2.460697197539318,292.6
HK.03690,美团-W,2021-11-19,279.4,280.8,282.2,273.0,307.894,0.00285,17487510,4863745404.0,-1.611772950245258,285.4
HK.03690,美团-W,2021-11-22,278.0,274.0,279.4,268.8,300.438,0.00321,19704966,5379133477.0,-2.421652421652426,280.8
HK.03690,美团-W,2021-11-23,267.0,265.4,268.8,264.6,291.008,0.00254,15575043,4149844741.0,-3.1386861313868697,274.0
HK.03690,美团-W,2021-11-24,265.4,273.4,281.8,265.0,299.78,0.00354,21714997,5938339494.0,3.0143180105501135,265.4
HK.03690,美团-W,2021-11-25,273.4,274.2,276.8,268.0,300.657,0.00208,12784951,3482133865.0,0.2926115581565514,273.4
HK.03690,美团-W,2021-11-26,268.0,263.6,269.4,260.2,289.035,0.0032,19649028,5187536420.0,-3.8657913931436783,274.2
HK.03690,美团-W,2021-11-29,240.4,245.0,248.4,240.4,268.64,0.00897,55011133,13402738126.0,-7.056145675265562,263.6
HK.03690,美团-W,2021-11-30,242.0,238.0,244.0,230.2,260.964,0.00676,41440947,9781214357.0,-2.857142857142857,245.0
HK.03690,美团-W,2021-12-01,238.0,244.6,249.0,237.4,268.201,0.00356,21863166,5356206969.0,2.7731092436974767,238.0
HK.03690,美团-W,2021-12-02,240.2,247.8,252.0,238.2,271.71,0.00278,17078175,4221375033.0,1.3082583810302604,244.6
HK.03690,美团-W,2021-12-03,243.2,241.2,244.6,234.6,264.473,0.00505,30985281,7423373971.0,-2.663438256658605,247.8
HK.03690,美团-W,2021-12-06,236.2,232.4,245.8,231.0,254.824,0.00559,34298272,8108274107.0,-3.648424543946925,241.2
HK.03690,美团-W,2021-12-07,239.8,245.8,246.6,236.4,269.517,0.00439,26956099,6502421400.0,5.765920826161793,232.4
HK.03690,美团-W,2021-12-08,250.0,245.2,253.4,245.0,268.859,0.00293,17961861,4454403899.0,-0.2441008950366243,245.8
HK.03690,美团-W,2021-12-09,251.2,247.0,252.0,245.2,270.833,0.00269,16500427,4095229132.0,0.7340946166394827,245.2
HK.03690,美团-W,2021-12-10,247.0,243.0,251.0,240.2,266.447,0.00362,22238652,5450328934.0,-1.6194331983805668,247.0
HK.03690,美团-W,2021-12-13,246.2,248.0,256.6,245.6,271.929,0.00391,23961728,6031867013.0,2.05761316872428,243.0
HK.03690,美团-W,2021-12-14,243.0,246.2,248.0,242.2,269.956,0.00233,14275556,3506625822.0,-0.7258064516129078,248.0
HK.03690,美团-W,2021-12-15,243.4,241.8,246.2,240.2,265.131,0.00204,12522375,3043843690.0,-1.787164906580007,246.2
HK.03690,美团-W,2021-12-16,238.8,238.4,240.2,229.2,261.403,0.00316,19372057,4540794738.0,-1.406120760959473,241.8
HK.03690,美团-W,2021-12-17,237.0,225.8,237.0,225.2,247.587,0.00406,24909630,5670816692.0,-5.285234899328857,238.4
HK.03690,美团-W,2021-12-20,224.6,219.2,228.2,215.2,240.35,0.00318,19537037,4313600177.0,-2.9229406554473085,225.8
HK.03690,美团-W,2021-12-21,216.8,229.0,231.8,216.2,251.096,0.00367,22538844,5095509732.0,4.470802919708035,219.2
HK.03690,美团-W,2021-12-22,233.0,230.4,239.8,228.2,252.631,0.00211,12951440,3019277679.0,0.6113537117903955,229.0
HK.03690,美团-W,2021-12-23,224.4,226.6,228.2,217.8,248.464,0.00356,21859122,4889485776.0,-1.6493055555555605,230.4
HK.03690,美团-W,2021-12-24,229.8,226.0,229.8,224.0,247.807,0.00098,6023974,1363964212.0,-0.2647837599293885,226.6
HK.03690,美团-W,2021-12-28,227.6,223.4,228.4,217.0,244.956,0.00318,19511435,4325497052.0,-1.1504424778761038,226.0
HK.03690,美团-W,2021-12-29,222.8,216.0,222.8,214.8,236.842,0.00229,14075343,3054259161.0,-3.31244404655327,223.4
HK.03690,美团-W,2021-12-30,215.6,218.4,221.8,213.4,239.473,0.00172,10527641,2295319223.0,1.1111111111111138,216.0
HK.03690,美团-W,2021-12-31,228.8,225.4,232.4,225.4,247.149,0.00157,9609156,2193947387.0,3.205128205128205,218.4
HK.03690,美团-W,2022-01-03,229.0,223.4,232.2,221.2,244.956,0.00098,6017145,1349511800.0,-0.8873114463176575,225.4
HK.03690,美团-W,2022-01-04,222.8,219.6,225.8,216.4,240.789,0.00217,13311694,2933279064.0,-1.7009847806624938,223.4
HK.03690,美团-W,2022-01-05,211.0,195.1,212.0,193.6,213.925,0.00867,53165889,10632894434.0,-11.15664845173042,219.6
HK.03690,美团-W,2022-01-06,195.0,202.2,203.6,191.8,221.71,0.0048,29435398,5825377887.0,3.6391594054331087,195.1
HK.03690,美团-W,2022-01-07,208.0,204.0,209.2,201.4,223.684,0.00375,23027044,4714854081.0,0.8902077151335369,202.2
HK.03690,美团-W,2022-01-10,202.0,206.6,210.6,198.3,226.535,0.00341,20952466,4315804531.0,1.274509803921566,204.0
HK.03690,美团-W,2022-01-11,209.4,208.0,211.8,203.4,228.07,0.00249,15263461,3181208138.0,0.6776379477250754,206.6
HK.03690,美团-W,2022-01-12,216.0,227.0,228.4,215.0,248.903,0.00504,30954151,6936030012.0,9.134615384615383,208.0
HK.03690,美团-W,2022-01-13,228.0,226.2,231.2,221.8,248.026,0.00301,18464506,4174513323.0,-0.3524229074889918,227.0
HK.03690,美团-W,2022-01-14,215.0,220.6,221.0,212.2,241.885,0.00386,23662887,5144457886.0,-2.4756852343059217,226.2
HK.03690,美团-W,2022-01-17,219.0,216.6,221.0,213.0,237.5,0.0024,14712314,3181525128.0,-1.813236627379873,220.6
HK.03690,美团-W,2022-01-18,216.6,215.8,228.0,213.4,236.622,0.00269,16482922,3623370439.0,-0.3693444136657354,216.6
HK.03690,美团-W,2022-01-19,216.8,214.4,220.0,210.8,235.087,0.00284,17405542,3737573534.0,-0.6487488415199284,215.8
HK.03690,美团-W,2022-01-20,217.0,238.0,241.2,215.2,260.964,0.00714,43804700,10146170301.0,11.00746268656716,214.4
HK.03690,美团-W,2022-01-21,235.0,238.0,242.4,233.6,260.964,0.00492,30191207,7156720288.0,0.0,238.0
HK.03690,美团-W,2022-01-24,233.2,232.8,238.0,226.6,255.263,0.00371,22769733,5317952249.0,-2.1848739495798273,238.0
HK.03690,美团-W,2022-01-25,226.8,225.8,230.6,221.0,247.587,0.00408,25026259,5678747732.0,-3.0068728522336765,232.8
HK.03690,美团-W,2022-01-26,224.2,225.0,229.8,220.0,246.71,0.00359,22040731,4949034412.0,-0.35429583702392,225.8
HK.03690,美团-W,2022-01-27,216.4,209.4,217.0,203.6,229.605,0.00557,34183417,7141956577.0,-6.93333333333333,225.0
HK.03690,美团-W,2022-01-28,203.2,208.0,210.4,200.4,228.07,0.0036,22081953,4553698914.0,-0.668576886341932,209.4
HK.03690,美团-W,2022-01-31,212.4,219.6,222.4,212.2,240.789,0.00266,16342741,3559365707.0,5.576923076923075,208.0
HK.03690,美团-W,2022-02-04,226.6,226.8,228.8,221.2,248.684,0.00195,11967427,2707355394.0,3.2786885245901716,219.6
HK.03690,美团-W,2022-02-07,229.6,225.8,229.6,218.2,247.587,0.00245,15057139,3359281351.0,-0.4409171075837742,226.8
HK.03690,美团-W,2022-02-08,225.6,221.0,225.6,215.2,242.324,0.00219,13414299,2950951903.0,-2.125775022143495,225.8
HK.03690,美团-W,2022-02-09,228.8,229.2,232.2,227.8,251.315,0.00261,16036174,3680968663.0,3.710407239819,221.0
HK.03690,美团-W,2022-02-10,233.0,233.0,235.8,225.4,255.482,0.00226,13890467,3200155218.0,1.6579406631762703,229.2
HK.03690,美团-W,2022-02-11,228.2,227.8,233.0,224.4,249.78,0.0025,15331337,3489563609.0,-2.231759656652355,233.0
HK.03690,美团-W,2022-02-14,222.8,219.6,224.8,216.6,240.789,0.003,18413678,4042939012.0,-3.5996488147497874,227.8
HK.03690,美团-W,2022-02-15,218.0,214.0,220.0,212.2,234.649,0.00247,15144429,3261738811.0,-2.550091074681236,219.6
HK.03690,美团-W,2022-02-16,219.0,219.4,222.0,216.2,240.57,0.00206,12648841,2770056871.0,2.523364485981311,214.0
HK.03690,美团-W,2022-02-17,216.0,220.8,224.0,216.0,242.105,0.00182,11182758,2463838685.0,0.6381039197812242,219.4
HK.03690,美团-W,2022-02-18,217.4,188.0,221.0,182.0,206.14,0.01347,82653856,16086080935.0,-14.85507246376812,220.8
HK.03690,美团-W,2022-02-21,178.0,180.5,194.1,178.0,197.916,0.01317,80793669,14866486628.0,-3.98936170212766,188.0
HK.03690,美团-W,2022-02-22,176.8,171.3,180.3,166.8,187.828,0.01006,61729725,10605031204.0,-5.096952908587251,180.5
HK.03690,美团-W,2022-02-23,172.2,176.6,184.6,171.0,193.64,0.00704,43212550,7733222968.0,3.0939871570344324,171.3
HK.03690,美团-W,2022-02-24,172.9,170.2,177.0,166.4,186.622,0.00634,38922085,6665916631.0,-3.624009060022653,176.6
HK.03690,美团-W,2022-02-25,174.1,170.2,179.2,170.2,186.622,0.00445,27281680,4741136841.0,0.0,170.2
HK.03690,美团-W,2022-02-28,172.0,172.2,172.8,165.3,188.815,0.00466,28598348,4840419269.0,1.1750881316098707,170.2
HK.03690,美团-W,2022-03-01,174.6,173.4,178.2,170.6,190.131,0.0045,27631263,4807603737.0,0.6968641114982678,172.2
HK.03690,美团-W,2022-03-02,177.0,176.4,181.9,175.1,193.421,0.00474,29068743,5171496067.0,1.7301038062283736,173.4
HK.03690,美团-W,2022-03-03,175.6,174.2,178.1,169.5,191.008,0.0036,22115571,3810440064.0,-1.247165532879828,176.4
HK.03690,美团-W,2022-03-04,165.0,164.8,167.9,161.2,180.701,0.00787,48303297,7921279626.0,-5.396096440872547,174.2
HK.03690,美团-W,2022-03-07,157.0,146.2,157.8,145.8,160.307,0.01087,66684818,10057513446.0,-11.286407766990305,164.8
HK.03690,美团-W,2022-03-08,146.0,145.5,152.8,144.5,159.539,0.00782,47995870,7107981010.0,-0.4787961696306352,146.2
HK.03690,美团-W,2022-03-09,149.1,148.5,151.3,139.3,162.828,0.00661,40551427,5910709128.0,2.061855670103093,145.5
HK.03690,美团-W,2022-03-10,155.7,144.2,155.8,141.0,158.114,0.00585,35919402,5292328827.0,-2.8956228956229033,148.5
HK.03690,美团-W,2022-03-11,135.0,135.4,140.8,126.0,148.464,0.01183,72625389,9583799908.0,-6.10263522884881,144.2
HK.03690,美团-W,2022-03-14,128.0,112.6,129.7,111.4,123.464,0.01678,103004664,12309130798.0,-16.838995568685384,135.4
HK.03690,美团-W,2022-03-15,104.1,106.0,120.7,103.5,116.228,0.01712,105044140,11539158830.0,-5.861456483126106,112.6
HK.03690,美团-W,2022-03-16,114.3,140.0,144.7,110.0,153.508,0.02234,137116536,17579414808.0,32.075471698113205,106.0
HK.03690,美团-W,2022-03-17,160.3,157.2,166.0,147.2,172.368,0.01831,112339654,17453763508.0,12.285714285714278,140.0
HK.03690,美团-W,2022-03-18,150.0,153.3,158.0,142.0,168.092,0.01016,62369007,9362951437.0,-2.480916030534337,157.2
HK.03690,美团-W,2022-03-21,157.7,143.9,158.3,140.8,157.785,0.00773,47464792,6975151026.0,-6.131767775603395,153.3
HK.03690,美团-W,2022-03-22,145.0,153.0,154.0,142.6,167.763,0.00485,29758929,4431901624.0,6.323835997220288,143.9
HK.03690,美团-W,2022-03-23,158.5,156.2,165.0,155.2,171.271,0.00718,44059464,7042174792.0,2.091503267973849,153.0
HK.03690,美团-W,2022-03-24,156.2,147.0,157.7,144.3,161.184,0.00599,36791648,5553028957.0,-5.8898847631241935,156.2
HK.03690,美团-W,2022-03-25,145.6,135.0,149.4,132.6,148.026,0.00736,45154541,6227057702.0,-8.16326530612245,147.0
HK.03690,美团-W,2022-03-28,143.0,150.6,155.9,137.0,0.0,0.0091,55833698,8252029288.0,11.55555555555555,135.0
HK.03690,美团-W,2022-03-29,153.1,159.3,162.3,152.6,0.0,0.0061,37739214,6004508388.0,5.776892430278896,150.6
HK.03690,美团-W,2022-03-30,161.7,160.1,165.4,156.8,0.0,0.00571,35317236,5688113112.0,0.5021971123665931,159.3
HK.03690,美团-W,2022-03-31,160.1,155.6,160.3,152.7,0.0,0.00309,19121653,2983196330.0,-2.810743285446596,160.1
HK.03690,美团-W,2022-04-01,148.4,155.5,156.8,145.6,0.0,0.00374,23095390,3517883141.0,-0.0642673521850863,155.6
HK.03690,美团-W,2022-04-04,160.1,167.0,167.6,158.6,0.0,0.00493,30498933,4979444792.0,7.395498392282958,155.5
HK.03690,美团-W,2022-04-06,160.0,160.9,165.4,158.8,0.0,0.00482,29819804,4831705912.0,-3.65269461077844,167.0
HK.03690,美团-W,2022-04-07,158.2,159.3,172.5,157.6,0.0,0.00594,36718605,6022144448.0,-0.99440646364201,160.9
HK.03690,美团-W,2022-04-08,154.1,156.5,158.1,152.0,0.0,0.00365,22560050,3501351645.0,-1.7576898932831204,159.3
HK.03690,美团-W,2022-04-11,150.1,147.5,151.6,146.0,0.0,0.00459,28364129,4212279057.0,-5.7507987220447285,156.5
HK.03690,美团-W,2022-04-12,147.0,153.9,159.2,145.2,0.0,0.00596,36838492,5622203037.0,4.338983050847461,147.5
HK.03690,美团-W,2022-04-13,150.1,154.1,157.5,150.1,0.0,0.00325,20107516,3099861864.0,0.1299545159194208,153.9
HK.03690,美团-W,2022-04-14,156.5,155.2,157.4,153.6,0.0,0.00355,21940716,3417360700.0,0.7138221933809179,154.1
HK.03690,美团-W,2022-04-19,146.5,146.0,151.7,144.7,0.0,0.00501,30988940,4566779576.0,-5.927835051546385,155.2
HK.03690,美团-W,2022-04-20,147.4,144.9,148.7,144.4,0.0,0.00317,19599415,2867596358.0,-0.7534246575342427,146.0
HK.03690,美团-W,2022-04-21,139.0,137.8,140.6,132.8,0.0,0.0075,46359101,6337080157.0,-4.8999309868875045,144.9
HK.03690,美团-W,2022-04-22,130.1,141.4,143.3,130.1,0.0,0.00522,32263734,4464357905.0,2.6124818577648723,137.8
HK.03690,美团-W,2022-04-25,138.3,138.6,145.6,135.0,0.0,0.00578,35712522,4987865612.0,-1.980198019801988,141.4
HK.03690,美团-W,2022-04-26,141.9,145.3,150.8,141.9,0.0,0.00582,35974757,5262801928.0,4.834054834054847,138.6
HK.03690,美团-W,2022-04-27,144.6,147.9,156.0,142.5,0.0,0.00852,52702988,7903993236.0,1.789401238816238,145.3
HK.03690,美团-W,2022-04-28,152.1,148.9,152.1,144.2,0.0,0.00406,25114706,3714039848.0,0.676132521974307,147.9
HK.03690,美团-W,2022-04-29,150.4,172.0,177.8,145.5,0.0,0.0143,88434684,14475952502.0,15.513767629281393,148.9
HK.03690,美团-W,2022-05-03,173.9,172.4,178.0,165.9,0.0,0.00628,38798509,6725137787.0,0.232558139534887,172.0
HK.03690,美团-W,2022-05-04,169.3,164.5,169.9,161.6,0.0,0.00369,22784991,3747705646.0,-4.582366589327149,172.4
HK.03690,美团-W,2022-05-05,170.4,164.7,173.4,164.3,0.0,0.00642,39710521,6708153539.0,0.1215805471124551,164.5
HK.03690,美团-W,2022-05-06,155.0,157.0,161.3,153.0,0.0,0.00624,38554679,6069166118.0,-4.675166970248931,164.7
HK.03690,美团-W,2022-05-10,146.0,151.8,155.4,144.0,0.0,0.00747,46205079,6914313331.0,-3.3121019108280185,157.0
HK.03690,美团-W,2022-05-11,149.4,161.4,168.6,149.0,0.0,0.00752,46522147,7497114576.0,6.324110671936754,151.8
HK.03690,美团-W,2022-05-12,156.9,157.0,166.4,154.3,0.0,0.00768,47512447,7589097579.0,-2.726146220570016,161.4
HK.03690,美团-W,2022-05-13,161.8,167.6,168.2,159.7,0.0,0.00673,41625770,6838357504.0,6.751592356687894,157.0
HK.03690,美团-W,2022-05-16,172.3,163.5,172.6,159.3,0.0,0.00561,34701721,5720558058.0,-2.44630071599045,167.6
HK.03690,美团-W,2022-05-17,168.3,173.7,175.6,166.0,0.0,0.00748,46239919,7929933542.0,6.238532110091736,163.5
HK.03690,美团-W,2022-05-18,174.0,172.0,174.9,167.0,0.0,0.0059,36512734,6254633922.0,-0.9786989061600396,173.7
HK.03690,美团-W,2022-05-19,165.0,165.5,167.8,160.1,0.0,0.00613,37890659,6227118287.0,-3.77906976744186,172.0
HK.03690,美团-W,2022-05-20,171.1,173.0,174.5,169.1,0.0,0.00459,28364485,4882959210.0,4.531722054380665,165.5
HK.03690,美团-W,2022-05-23,172.5,167.7,173.7,165.5,0.0,0.00462,28566571,4799700442.0,-3.0635838150289083,173.0
HK.03690,美团-W,2022-05-24,167.5,159.6,169.4,156.0,0.0,0.00558,34499947,5535044863.0,-4.830053667262966,167.7
HK.03690,美团-W,2022-05-25,159.3,159.7,163.4,156.2,0.0,0.00381,23534891,3751217066.0,0.0626566416040064,159.6
HK.03690,美团-W,2022-05-26,161.7,158.6,161.8,152.4,0.0,0.00359,22184712,3481518780.0,-0.6887914840325576,159.7
HK.03690,美团-W,2022-05-27,166.5,163.9,169.4,160.9,0.0,0.00524,32424080,5356301849.0,3.3417402269861363,158.6
HK.03690,美团-W,2022-05-30,168.8,175.1,176.8,167.9,0.0,0.00718,44394745,7697474102.0,6.833435021354477,163.9
HK.03690,美团-W,2022-05-31,174.7,187.0,187.1,173.7,0.0,0.0085,52536707,9621101287.0,6.796116504854373,175.1
HK.03690,美团-W,2022-06-01,184.7,182.5,187.3,178.8,0.0,0.00465,28745719,5254550763.0,-2.406417112299465,187.0
HK.03690,美团-W,2022-06-02,178.5,180.2,183.6,175.6,0.0,0.00447,27650843,4944945246.0,-1.260273972602746,182.5
HK.03690,美团-W,2022-06-06,192.0,198.1,198.1,187.2,0.0,0.00855,52844539,10221851402.0,9.933407325194231,180.2
HK.03690,美团-W,2022-06-07,197.6,199.0,202.4,193.4,0.0,0.00591,36520966,7238801650.0,0.4543160020191851,198.1
HK.03690,美团-W,2022-06-08,204.4,208.2,210.0,202.4,0.0,0.00801,49529296,10245670972.0,4.6231155778894415,199.0
HK.03690,美团-W,2022-06-09,209.4,201.8,211.6,197.2,0.0,0.00729,45094591,9143693876.0,-3.0739673390970115,208.2
HK.03690,美团-W,2022-06-10,195.3,201.2,208.6,195.0,0.0,0.00966,59757791,12125461086.0,-0.2973240832507546,201.8
HK.03690,美团-W,2022-06-13,195.4,188.2,199.3,186.8,0.0,0.00774,47852863,9195732398.0,-6.461232604373758,201.2
HK.03690,美团-W,2022-06-14,186.4,194.4,197.4,183.0,0.0,0.00738,45630900,8701977136.0,3.2943676939426236,188.2
HK.03690,美团-W,2022-06-15,200.2,197.0,202.8,196.1,0.0,0.00513,31702659,6303687523.0,1.337448559670779,194.4
HK.03690,美团-W,2022-06-16,202.6,189.2,202.6,186.6,0.0,0.005,30923811,5972215635.0,-3.959390862944169,197.0
HK.03690,美团-W,2022-06-17,189.0,199.1,200.0,187.5,0.0,0.00672,41539099,8179812760.0,5.232558139534887,189.2
HK.03690,美团-W,2022-06-20,200.0,199.4,200.8,194.8,0.0,0.00316,19567596,3880349781.0,0.1506780512305431,199.1
HK.03690,美团-W,2022-06-21,200.0,201.2,202.2,195.3,0.0,0.00325,20084578,3999130995.0,0.9027081243731108,199.4
HK.03690,美团-W,2022-06-22,201.2,191.6,201.2,190.3,0.0,0.00395,24450049,4747663003.0,-4.771371769383696,201.2
HK.03690,美团-W,2022-06-23,193.2,192.6,195.5,185.6,0.0,0.00384,23729076,4532590949.0,0.5219206680584552,191.6
HK.03690,美团-W,2022-06-24,195.1,198.1,200.2,188.0,0.0,0.00494,30535036,5969439714.0,2.8556593977154727,192.6
HK.03690,美团-W,2022-06-27,201.0,205.0,210.0,200.0,0.0,0.00661,40891219,8408899104.0,3.483089348813733,198.1
HK.03690,美团-W,2022-06-28,205.0,207.6,210.8,197.5,0.0,0.00519,32122986,6553564795.0,1.2682926829268266,205.0
HK.03690,美团-W,2022-06-29,204.6,202.8,206.8,198.3,0.0,0.00431,26639598,5388158583.0,-2.312138728323691,207.6
HK.03690,美团-W,2022-06-30,199.8,194.2,204.0,191.9,0.0,0.00525,32444184,6382418164.0,-4.240631163708098,202.8
HK.03690,美团-W,2022-07-04,196.0,201.2,203.4,193.3,0.0,0.00392,24212667,4837067275.0,3.604531410916581,194.2
HK.03690,美团-W,2022-07-05,205.0,197.7,205.6,196.0,0.0,0.00253,15618630,3111888524.0,-1.7395626242544733,201.2
HK.03690,美团-W,2022-07-06,197.2,195.9,199.8,190.1,0.0,0.00294,18181782,3545669410.0,-0.9104704097116756,197.7
HK.03690,美团-W,2022-07-07,192.1,194.4,195.3,188.1,0.0,0.00296,18290219,3517746225.0,-0.7656967840735069,195.9
HK.03690,美团-W,2022-07-08,198.0,192.3,198.2,190.2,0.0,0.00243,15029795,2902568915.0,-1.080246913580244,194.4
HK.03690,美团-W,2022-07-11,188.5,181.6,188.5,180.0,0.0,0.00495,30615208,5585060771.0,-5.564222568902764,192.3
HK.03690,美团-W,2022-07-12,179.8,178.0,183.1,174.5,0.0,0.00412,25505508,4544697675.0,-1.9823788546255476,181.6
HK.03690,美团-W,2022-07-13,179.0,180.5,185.7,179.0,0.0,0.0028,17343497,3159024640.0,1.4044943820224718,178.0
HK.03690,美团-W,2022-07-14,181.1,182.5,185.4,179.7,0.0,0.00267,16538169,3023015628.0,1.10803324099723,180.5
HK.03690,美团-W,2022-07-15,180.2,179.2,184.0,176.2,0.0,0.00348,21497378,3853717158.0,-1.808219178082198,182.5
HK.03690,美团-W,2022-07-18,185.0,189.7,191.9,183.6,0.0,0.0056,34638466,6530582815.0,5.859375000000001,179.2
HK.03690,美团-W,2022-07-19,190.4,189.1,192.4,187.2,0.0,0.00251,15552498,2949232906.0,-0.316288877174483,189.7
HK.03690,美团-W,2022-07-20,193.6,194.7,197.8,193.4,0.0,0.003,18575240,3637254920.0,2.9613960867265967,189.1
HK.03690,美团-W,2022-07-21,193.7,190.4,196.0,189.2,0.0,0.00362,22373294,4304680144.0,-2.208525937339488,194.7
HK.03690,美团-W,2022-07-22,194.0,191.7,194.9,189.6,0.0,0.00243,15008353,2885846231.0,0.6827731092436885,190.4
HK.03690,美团-W,2022-07-25,190.7,188.2,191.5,184.1,0.0,0.00252,15606282,2917790315.0,-1.8257694314032344,191.7
HK.03690,美团-W,2022-07-26,188.7,190.7,192.4,185.3,0.0,0.00181,11205025,2128086516.0,1.328374070138151,188.2
HK.03690,美团-W,2022-07-27,188.8,190.1,192.4,187.8,0.0,0.00152,9431352,1785538125.0,-0.3146303093864679,190.7
HK.03690,美团-W,2022-07-28,191.2,188.0,191.6,187.4,0.0,0.00227,14058776,2653625995.0,-1.1046817464492342,190.1
HK.03690,美团-W,2022-07-29,188.9,176.3,189.8,173.3,0.0,0.00601,37161599,6620045023.0,-6.223404255319142,188.0
HK.03690,美团-W,2022-08-01,177.3,180.0,181.5,173.7,0.0,0.0029,17921551,3200428424.0,2.0986954055587,176.3
HK.03690,美团-W,2022-08-02,175.0,176.2,177.3,171.9,0.0,0.00457,28277651,4942775838.0,-2.111111111111118,180.0
HK.03690,美团-W,2022-08-03,179.1,177.1,180.5,175.4,0.0,0.00308,19046985,3380888779.0,0.5107832009080623,176.2
HK.03690,美团-W,2022-08-04,181.5,183.8,184.4,180.3,0.0,0.00251,15527963,2830922063.0,3.7831733483907497,177.1
HK.03690,美团-W,2022-08-05,186.9,183.5,187.0,182.6,0.0,0.00167,10321784,1901972353.0,-0.1632208922742173,183.8
HK.03690,美团-W,2022-08-08,181.1,179.6,183.5,178.5,0.0,0.00205,12690016,2281062411.0,-2.125340599455044,183.5
HK.03690,美团-W,2022-08-09,179.7,176.0,180.0,174.2,0.0,0.00259,15998055,2826369586.0,-2.0044543429844066,179.6
HK.03690,美团-W,2022-08-10,174.7,169.6,176.5,167.0,0.0,0.00381,23557035,3994347499.0,-3.63636363636364,176.0
HK.03690,美团-W,2022-08-11,172.0,176.4,176.9,171.1,0.0,0.00334,20644773,3599420066.0,4.009433962264158,169.6
HK.03690,美团-W,2022-08-12,177.8,179.1,179.9,175.9,0.0,0.00232,14324286,2550314256.0,1.530612244897953,176.4
HK.03690,美团-W,2022-08-15,179.0,180.9,185.0,178.5,0.0,0.00236,14582497,2652963535.0,1.005025125628147,179.1
HK.03690,美团-W,2022-08-16,184.3,164.5,184.5,159.5,0.0,0.01082,66970466,11191442122.0,-9.06578220011056,180.9
HK.03690,美团-W,2022-08-17,169.6,170.0,173.2,165.7,0.0,0.00615,38079991,6482358468.0,3.343465045592705,164.5
HK.03690,美团-W,2022-08-18,173.0,171.1,174.9,169.5,0.0,0.00305,18845951,3231010580.0,0.6470588235294084,170.0
HK.03690,美团-W,2022-08-19,169.4,169.9,174.4,165.4,0.0,0.00331,20464820,3479759915.0,-0.7013442431326644,171.1
HK.03690,美团-W,2022-08-22,166.4,171.1,175.5,165.7,0.0,0.00303,18756016,3217085466.0,0.7062978222483747,169.9
HK.03690,美团-W,2022-08-23,171.1,168.7,173.4,167.1,0.0,0.00273,16913154,2865545680.0,-1.4026884862653453,171.1
HK.03690,美团-W,2022-08-24,170.9,164.1,171.2,163.1,0.0,0.00391,24176621,3993237450.0,-2.7267338470657942,168.7
HK.03690,美团-W,2022-08-25,164.9,177.3,179.5,164.9,0.0,0.00451,27920623,4862147743.0,8.043875685557596,164.1
HK.03690,美团-W,2022-08-26,180.3,181.9,183.8,177.7,0.0,0.00462,28586308,5152428676.0,2.594472645234063,177.3
HK.03690,美团-W,2022-08-29,188.0,186.7,191.0,184.0,0.0,0.00805,49828941,9386009372.0,2.638812534359529,181.9
HK.03690,美团-W,2022-08-30,189.4,185.0,189.4,179.7,0.0,0.00434,26865792,4926095157.0,-0.9105516871987084,186.7
HK.03690,美团-W,2022-08-31,181.2,189.8,193.6,180.2,0.0,0.00982,60734926,11497327931.0,2.5945945945946005,185.0
HK.03690,美团-W,2022-09-01,185.0,178.7,186.5,177.0,0.0,0.00493,30511180,5533289774.0,-5.848261327713394,189.8
HK.03690,美团-W,2022-09-02,182.0,176.2,182.4,174.2,0.0,0.00317,19643601,3471405432.0,-1.398992725237829,178.7
HK.03690,美团-W,2022-09-05,174.0,173.6,175.6,169.6,0.0,0.00264,16340553,2830019357.0,-1.4755959137343897,176.2
HK.03690,美团-W,2022-09-06,175.6,173.4,177.7,172.0,0.0,0.0021,12974024,2256406527.0,-0.1152073732718828,173.6
HK.03690,美团-W,2022-09-07,170.4,172.1,173.6,167.8,0.0,0.00224,13830921,2354672803.0,-0.7497116493656352,173.4
HK.03690,美团-W,2022-09-08,172.7,171.5,175.2,170.4,0.0,0.00148,9187502,1584880514.0,-0.3486345148169636,172.1
HK.03690,美团-W,2022-09-09,172.6,179.9,181.1,172.3,0.0,0.00295,18276352,3273123049.0,4.897959183673473,171.5
HK.03690,美团-W,2022-09-13,181.1,177.8,181.6,177.4,0.0,0.00213,13153478,2360756933.0,-1.167315175097273,179.9
HK.03690,美团-W,2022-09-14,173.1,173.8,176.2,172.4,0.0,0.00192,11858668,2063215147.0,-2.249718785151856,177.8
HK.03690,美团-W,2022-09-15,173.8,175.4,177.2,173.3,0.0,0.00168,10370843,1817559940.0,0.920598388952816,173.8
HK.03690,美团-W,2022-09-16,172.4,171.9,175.0,170.0,0.0,0.00248,15356162,2646672400.0,-1.9954389965792472,175.4
HK.03690,美团-W,2022-09-19,172.0,169.4,172.0,167.2,0.0,0.00222,13739607,2328278332.0,-1.4543339150668992,171.9
HK.03690,美团-W,2022-09-20,172.0,172.6,176.7,171.4,0.0,0.00224,13838467,2407603745.0,1.889020070838246,169.4
HK.03690,美团-W,2022-09-21,172.3,167.5,172.3,166.1,0.0,0.00252,15593525,2617350578.0,-2.9548088064889884,172.6
HK.03690,美团-W,2022-09-22,163.9,164.9,165.0,160.3,0.0,0.00287,17788120,2899572063.0,-1.552238805970146,167.5
HK.03690,美团-W,2022-09-23,162.4,160.3,164.7,160.3,0.0,0.00205,12682207,2051913232.0,-2.7895694360218277,164.9
HK.03690,美团-W,2022-09-26,160.0,167.5,170.6,159.4,0.0,0.00331,20487619,3418971827.0,4.491578290704921,160.3
HK.03690,美团-W,2022-09-27,168.1,174.2,174.8,166.5,0.0,0.0038,23512367,4011839828.0,3.999999999999994,167.5
HK.03690,美团-W,2022-09-28,172.0,168.8,172.9,167.7,0.0,0.00306,18959922,3230942292.0,-3.0998851894374155,174.2
HK.03690,美团-W,2022-09-29,174.5,170.2,174.7,167.5,0.0,0.00277,17156821,2933681602.0,0.8293838862559108,168.8
HK.03690,美团-W,2022-09-30,171.6,165.6,171.6,160.9,0.0,0.0031,19211935,3173009111.0,-2.7027027027026995,170.2
HK.03690,美团-W,2022-10-03,164.4,161.7,165.9,159.8,0.0,0.00215,13299004,2156123393.0,-2.3550724637681193,165.6
HK.03690,美团-W,2022-10-05,168.4,174.9,177.0,168.0,0.0,0.00381,23594372,4082401950.0,8.16326530612246,161.7
HK.03690,美团-W,2022-10-06,177.5,177.1,179.4,173.3,0.0,0.00193,11941492,2110140344.0,1.2578616352201193,174.9
HK.03690,美团-W,2022-10-07,175.4,172.9,177.5,172.8,0.0,0.00104,6408263,1118484483.0,-2.371541501976278,177.1
HK.03690,美团-W,2022-10-10,168.0,161.3,168.0,159.6,0.0,0.00499,30853484,5008951138.0,-6.7090803932909155,172.9
HK.03690,美团-W,2022-10-11,161.3,151.4,161.5,146.7,0.0,0.00617,38209080,5793751581.0,-6.137631742095477,161.3
HK.03690,美团-W,2022-10-12,151.8,150.4,158.6,142.0,0.0,0.00688,42562313,6343715524.0,-0.6605019815059444,151.4
HK.03690,美团-W,2022-10-13,149.8,146.0,149.8,144.5,0.0,0.00316,19571364,2875921021.0,-2.9255319148936207,150.4
HK.03690,美团-W,2022-10-14,148.7,149.0,155.3,148.7,0.0,0.00425,26274605,3975681110.0,2.054794520547945,146.0
HK.03690,美团-W,2022-10-17,146.0,149.7,153.5,141.6,0.0,0.00389,24052728,3535780731.0,0.4697986577181131,149.0
HK.03690,美团-W,2022-10-18,153.2,154.0,155.8,149.5,0.0,0.00408,25249963,3869177785.0,2.8724114896459665,149.7
HK.03690,美团-W,2022-10-19,153.4,144.5,153.6,144.4,0.0,0.00416,25715958,3790444432.0,-6.1688311688311686,154.0
HK.03690,美团-W,2022-10-20,139.5,140.8,141.8,133.7,0.0,0.00815,50447486,6959559686.0,-2.5605536332179852,144.5
HK.03690,美团-W,2022-10-21,141.2,141.6,143.8,139.2,0.0,0.00285,17633947,2496654188.0,0.568181818181806,140.8
HK.03690,美团-W,2022-10-24,135.0,120.6,137.8,119.1,0.0,0.01413,87427196,11067631023.0,-14.83050847457627,141.6
HK.03690,美团-W,2022-10-25,120.9,123.5,127.7,112.8,0.0,0.01265,78266339,9467572033.0,2.4046434494195736,120.6
HK.03690,美团-W,2022-10-26,121.7,129.7,134.6,121.3,0.0,0.00843,52186329,6765763805.0,5.020242914979748,123.5
HK.03690,美团-W,2022-10-27,138.4,131.8,139.2,131.1,0.0,0.00664,41077734,5543639924.0,1.619121048573649,129.7
HK.03690,美团-W,2022-10-28,131.5,121.8,131.6,120.2,0.0,0.00736,45546979,5654136705.0,-7.587253414264046,131.8
HK.03690,美团-W,2022-10-31,122.0,124.8,130.8,118.8,0.0,0.00669,41381680,5197295647.0,2.4630541871921183,121.8
HK.03690,美团-W,2022-11-01,128.0,139.6,145.0,127.6,0.0,0.01023,63316429,8714106089.0,11.858974358974358,124.8
HK.03690,美团-W,2022-11-02,139.0,146.7,149.0,134.7,0.0,0.0065,40243112,5740238397.0,5.085959885386815,139.6
HK.03690,美团-W,2022-11-03,141.0,141.5,146.0,138.2,0.0,0.00438,27092886,3853748523.0,-3.5446489434219424,146.7
HK.03690,美团-W,2022-11-04,145.0,149.5,158.8,144.5,0.0,0.01017,62912735,9562905174.0,5.6537102473498235,141.5
HK.03690,美团-W,2022-11-07,145.0,153.0,157.1,142.2,0.0,0.00596,36876150,5608865632.0,2.341137123745819,149.5
HK.03690,美团-W,2022-11-08,153.3,148.8,155.9,146.6,0.0,0.00487,30156050,4497334328.0,-2.7450980392156787,153.0
HK.03690,美团-W,2022-11-09,147.0,144.3,149.7,141.4,0.0,0.00492,30446854,4387580159.0,-3.0241935483870965,148.8
HK.03690,美团-W,2022-11-10,140.0,141.9,143.0,138.7,0.0,0.00353,21861746,3088300306.0,-1.663201663201667,144.3
HK.03690,美团-W,2022-11-11,160.0,159.6,160.7,152.6,0.0,0.00963,59572296,9387425592.0,12.473572938689207,141.9
HK.03690,美团-W,2022-11-14,167.0,156.5,168.0,155.4,0.0,0.00978,60532565,9673549155.0,-1.9423558897243072,159.6
HK.03690,美团-W,2022-11-15,155.7,166.4,170.3,153.6,0.0,0.00832,51487473,8525358804.0,6.325878594249206,156.5
HK.03690,美团-W,2022-11-16,164.0,162.3,167.8,157.7,0.0,0.00732,45330585,7334772433.0,-2.463942307692304,166.4
HK.03690,美团-W,2022-11-17,152.0,153.0,154.8,149.0,0.0,0.01265,78316760,11924413125.0,-5.730129390018491,162.3
HK.03690,美团-W,2022-11-18,158.6,160.4,167.0,156.9,0.0,0.00804,49770374,8034949396.0,4.836601307189546,153.0
HK.03690,美团-W,2022-11-21,153.0,152.5,154.4,150.1,0.0,0.0052,32192357,4897286292.0,-4.925187032418956,160.4
HK.03690,美团-W,2022-11-22,152.0,139.9,153.0,137.1,0.0,0.0116,71799046,10239125095.0,-8.26229508196721,152.5
HK.03690,美团-W,2022-11-23,139.5,138.4,142.0,134.1,0.0,0.00604,37356864,5190490163.0,-1.072194424588992,139.9
HK.03690,美团-W,2022-11-24,140.0,138.9,141.7,135.1,0.0,0.0033,20411741,2815388941.0,0.361271676300578,138.4
HK.03690,美团-W,2022-11-25,137.9,136.6,137.9,133.3,0.0,0.00415,25695319,3471769883.0,-1.6558675305975603,138.9
HK.03690,美团-W,2022-11-28,129.0,139.4,140.7,128.5,0.0,0.00767,47477623,6440315266.0,2.0497803806735075,136.6
HK.03690,美团-W,2022-11-29,143.3,155.4,156.0,141.3,0.0,0.01104,68348315,10241838581.0,11.477761836441896,139.4
HK.03690,美团-W,2022-11-30,152.4,163.6,165.9,150.7,0.0,0.01086,67182966,10724910384.0,5.276705276705269,155.4
HK.03690,美团-W,2022-12-01,172.0,163.0,177.5,161.0,0.0,0.00989,61192587,10343919376.0,-0.3667481662591652,163.6
HK.03690,美团-W,2022-12-02,162.7,168.0,171.5,162.0,0.0,0.00696,43061411,7194109000.0,3.067484662576687,163.0
HK.03690,美团-W,2022-12-05,175.0,174.3,176.0,168.9,0.0,0.00844,52254576,9036931402.0,3.750000000000006,168.0
HK.03690,美团-W,2022-12-06,170.0,173.8,178.9,169.0,0.0,0.00631,39055024,6776387477.0,-0.2868617326448651,174.3
HK.03690,美团-W,2022-12-07,172.5,167.5,182.3,167.0,0.0,0.00768,47537009,8273206395.0,-3.624856156501732,173.8
HK.03690,美团-W,2022-12-08,171.1,178.3,180.0,170.2,0.0,0.00604,37406352,6607076111.0,6.447761194029858,167.5
HK.03690,美团-W,2022-12-09,177.5,188.5,188.9,175.3,0.0,0.00814,50368648,9224399904.0,5.720695457094777,178.3
HK.03690,美团-W,2022-12-12,182.0,175.4,187.0,172.6,0.0,0.00605,37430376,6656196537.0,-6.949602122015912,188.5
HK.03690,美团-W,2022-12-13,175.2,179.0,183.9,174.9,0.0,0.00459,28408770,5112047204.0,2.052451539338651,175.4
HK.03690,美团-W,2022-12-14,181.9,182.8,185.4,179.4,0.0,0.00402,24871987,4545182899.0,2.1229050279329673,179.0
HK.03690,美团-W,2022-12-15,181.4,176.8,181.9,175.3,0.0,0.00296,18337831,3256781507.0,-3.282275711159737,182.8
HK.03690,美团-W,2022-12-16,174.2,175.9,179.1,170.7,0.0,0.00392,24271580,4248938380.0,-0.5090497737556593,176.8
HK.03690,美团-W,2022-12-19,180.0,178.8,187.0,177.1,0.0,0.00404,24976402,4523216437.0,1.6486640136441193,175.9
HK.03690,美团-W,2022-12-20,176.1,175.5,178.9,171.8,0.0,0.00304,18837092,3289752181.0,-1.845637583892624,178.8
HK.03690,美团-W,2022-12-21,176.2,174.2,176.8,172.5,0.0,0.00171,10613803,1850019863.0,-0.7407407407407471,175.5
HK.03690,美团-W,2022-12-22,179.7,186.2,186.8,178.2,0.0,0.00576,35630667,6555281004.0,6.888633754305397,174.2
HK.03690,美团-W,2022-12-23,180.4,183.2,185.6,180.4,0.0,0.0028,17329993,3173082000.0,-1.611170784103115,186.2
HK.03690,美团-W,2022-12-28,186.2,184.2,189.6,182.8,0.0,0.00467,28927593,5387521977.0,0.5458515283842795,183.2
HK.03690,美团-W,2022-12-29,180.8,183.8,185.0,179.9,0.0,0.00276,17062318,3120787446.0,-0.2171552660151885,184.2
HK.03690,美团-W,2022-12-30,188.4,174.7,188.5,174.7,0.0,0.00505,31271880,5576976568.0,-4.9510337323177485,183.8
HK.03690,美团-W,2023-01-03,173.0,176.8,177.8,164.7,0.0,0.00611,37814940,6499986603.0,1.2020606754436307,174.7
HK.03690,美团-W,2023-01-04,175.2,181.3,184.9,173.6,0.0,0.00693,42884019,7767311872.0,2.5452488687782804,176.8
HK.03690,美团-W,2023-01-05,188.8,190.8,195.6,187.2,0.0,0.00733,45355119,8653699380.0,5.239933811362382,181.3
HK.03690,美团-W,2023-01-06,191.0,182.7,192.6,181.6,0.0,0.00557,34445779,6402793415.0,-4.245283018867936,190.8
HK.03690,美团-W,2023-01-09,185.1,180.6,186.5,177.2,0.0,0.00701,43409393,7864797436.0,-1.1494252873563189,182.7
HK.03690,美团-W,2023-01-10,178.2,178.5,179.1,175.0,0.0,0.00504,31231825,5536053381.0,-1.1627906976744156,180.6
HK.03690,美团-W,2023-01-11,179.8,174.0,181.9,172.2,0.0,0.00778,48156549,8506046558.0,-2.5210084033613445,178.5
HK.03690,美团-W,2023-01-12,175.7,173.0,177.8,169.4,0.0,0.00585,36223970,6263626517.0,-0.5747126436781609,174.0
HK.03690,美团-W,2023-01-13,173.0,171.2,173.2,168.0,0.0,0.00609,37740104,6411471671.0,-1.040462427745671,173.0
HK.03690,美团-W,2023-01-16,171.6,165.6,172.6,161.6,0.0,0.0094,58214816,9636307936.0,-3.2710280373831746,171.2
HK.03690,美团-W,2023-01-17,165.8,164.8,169.8,162.3,0.0,0.00551,34147894,5634360208.0,-0.4830917874396033,165.6
HK.03690,美团-W,2023-01-18,162.1,163.6,165.8,161.0,0.0,0.00522,32337925,5281548700.0,-0.7281553398058355,164.8
HK.03690,美团-W,2023-01-19,161.0,160.2,162.0,159.0,0.0,0.00339,20979883,3366055075.0,-2.0782396088019595,163.6
HK.03690,美团-W,2023-01-20,163.9,168.1,168.9,163.8,0.0,0.00448,27743295,4632210569.0,4.931335830212238,160.2
HK.03690,美团-W,2023-01-26,171.1,172.4,173.4,169.5,0.0,0.00483,29899068,5132193196.0,2.558001189768002,168.1
HK.03690,美团-W,2023-01-27,173.0,174.9,175.2,171.0,0.0,0.00314,19439756,3381020361.0,1.4501160092807424,172.4
HK.03690,美团-W,2023-01-30,172.0,173.5,181.1,172.0,0.0,0.00893,55331550,9746200311.0,-0.8004574042309923,174.9
HK.03690,美团-W,2023-01-31,175.8,174.6,178.5,170.3,0.0,0.00525,32516625,5646904972.0,0.6340057636887575,173.5
HK.03690,美团-W,2023-02-01,176.6,180.1,182.4,174.1,0.0,0.0058,35916222,6426258609.0,3.150057273768614,174.6
HK.03690,美团-W,2023-02-02,183.1,176.6,185.0,176.0,0.0,0.00429,26580738,4785554707.0,-1.943364797334814,180.1
HK.03690,美团-W,2023-02-03,173.2,172.8,174.8,169.0,0.0,0.00466,28869669,4961476482.0,-2.151755379388439,176.6
HK.03690,美团-W,2023-02-06,167.8,164.1,170.0,160.4,0.0,0.00699,43310208,7098755086.0,-5.034722222222232,172.8
HK.03690,美团-W,2023-02-07,165.0,163.7,166.5,162.4,0.0,0.0037,22939843,3772963446.0,-0.2437538086532636,164.1
HK.03690,美团-W,2023-02-08,159.0,153.1,159.0,148.3,0.0,0.01709,105815798,16180058838.0,-6.475259621258396,163.7
HK.03690,美团-W,2023-02-09,149.0,153.5,155.0,148.5,0.0,0.00681,42178820,6437679771.0,0.2612671456564374,153.1
HK.03690,美团-W,2023-02-10,152.5,148.1,153.4,145.0,0.0,0.00745,46144143,6815332384.0,-3.5179153094462574,153.5
HK.03690,美团-W,2023-02-13,145.0,148.2,151.2,143.6,0.0,0.00597,36985397,5470033181.0,0.0675219446320015,148.1
HK.03690,美团-W,2023-02-14,149.0,147.7,150.1,146.7,0.0,0.00435,26961707,3997353585.0,-0.3373819163292847,148.2
HK.03690,美团-W,2023-02-15,148.6,145.9,148.6,143.3,0.0,0.00516,31980470,4653779189.0,-1.2186865267433873,147.7
HK.03690,美团-W,2023-02-16,144.5,148.3,151.7,144.2,0.0,0.00562,34797292,5175400254.0,1.6449623029472278,145.9
HK.03690,美团-W,2023-02-17,147.9,144.2,149.8,144.1,0.0,0.00411,25463180,3717048953.0,-2.764666217127459,148.3
HK.03690,美团-W,2023-02-20,144.7,145.8,147.6,142.2,0.0,0.00321,19909280,2896986222.0,1.1095700416088925,144.2
HK.03690,美团-W,2023-02-21,146.1,139.8,146.8,139.3,0.0,0.00551,34114924,4817283542.0,-4.11522633744856,145.8
HK.03690,美团-W,2023-02-22,138.8,140.0,143.4,137.1,0.0,0.00434,26855616,3762599073.0,0.1430615164520662,139.8
HK.03690,美团-W,2023-02-23,138.7,139.1,142.2,138.5,0.0,0.00354,21932466,3069069077.0,-0.6428571428571469,140.0
HK.03690,美团-W,2023-02-24,137.9,134.4,138.1,133.8,0.0,0.00562,34832905,4717595774.0,-3.3788641265276698,139.1
HK.03690,美团-W,2023-02-27,132.3,136.2,138.8,132.1,0.0,0.00456,28234666,3852001224.0,1.3392857142857015,134.4
HK.03690,美团-W,2023-02-28,138.3,136.1,140.4,135.1,0.0,0.00508,31464557,4316032322.0,-0.0734214390602014,136.2
HK.03690,美团-W,2023-03-01,135.3,142.8,143.6,135.3,0.0,0.00568,35180578,4954435851.0,4.922850844966948,136.1
HK.03690,美团-W,2023-03-02,140.6,141.3,142.5,139.7,0.0,0.0029,17983015,2538383034.0,-1.0504201680672267,142.8
HK.03690,美团-W,2023-03-03,145.3,142.3,146.0,141.8,0.0,0.00356,22071347,3165216316.0,0.7077140835102618,141.3
HK.03690,美团-W,2023-03-06,141.0,142.9,146.5,140.8,0.0,0.00331,20474166,2951255576.0,0.4216444132115209,142.3
HK.03690,美团-W,2023-03-07,141.1,137.9,144.0,135.7,0.0,0.00546,33805962,4695112393.0,-3.498950314905528,142.9
HK.03690,美团-W,2023-03-08,135.1,131.9,136.3,130.3,0.0,0.00632,39112924,5175339975.0,-4.35097897026831,137.9
HK.03690,美团-W,2023-03-09,131.1,129.4,132.0,129.2,0.0,0.00442,27384196,3567054543.0,-1.8953752843062923,131.9
HK.03690,美团-W,2023-03-10,125.9,127.4,127.4,122.1,0.0,0.01129,69948713,8821102787.0,-1.545595054095827,129.4
HK.03690,美团-W,2023-03-13,129.1,129.0,131.4,127.0,0.0,0.00511,31670535,4099718420.0,1.25588697017268,127.4
HK.03690,美团-W,2023-03-14,127.7,125.4,130.9,124.5,0.0,0.00397,24599054,3105670589.0,-2.7906976744186003,129.0
HK.03690,美团-W,2023-03-15,127.9,126.7,130.3,125.6,0.0,0.00339,20973761,2679245392.0,1.0366826156299818,125.4
HK.03690,美团-W,2023-03-16,124.5,126.3,129.5,124.2,0.0,0.0035,21703846,2746961420.0,-0.3157063930544638,126.7
HK.03690,美团-W,2023-03-17,128.7,130.4,131.4,127.8,0.0,0.00596,36936345,4798928038.0,3.2462391132224933,126.3
HK.03690,美团-W,2023-03-20,129.2,128.9,130.8,126.4,0.0,0.00331,20529878,2628735062.0,-1.1503067484662577,130.4
HK.03690,美团-W,2023-03-21,129.6,130.1,130.5,125.6,0.0,0.00305,18879916,2423378828.0,0.930954228083777,128.9
HK.03690,美团-W,2023-03-22,131.4,130.3,132.9,128.4,0.0,0.00443,27442623,3573506525.0,0.1537279016141561,130.1
HK.03690,美团-W,2023-03-23,130.7,141.1,142.0,129.3,0.0,0.00894,55356860,7570895086.0,8.288564850345342,130.3
HK.03690,美团-W,2023-03-24,140.8,140.2,143.7,136.9,0.0,0.00704,43628145,6098092346.0,-0.6378454996456454,141.1
HK.03690,美团-W,2023-03-27,138.0,131.4,139.7,130.5,0.0,0.01546,95718074,12747066032.0,-6.276747503566322,140.2
HK.03690,美团-W,2023-03-28,128.0,134.6,136.6,128.0,0.0,0.00803,50100100,6614392532.0,2.4353120243531112,131.4
HK.03690,美团-W,2023-03-29,140.0,140.0,144.4,138.0,0.0,0.01222,76240940,10745046580.0,4.011887072808325,134.6
HK.03690,美团-W,2023-03-30,140.2,142.0,142.4,138.0,0.0,0.00559,34864662,4899240050.0,1.4285714285714286,140.0
HK.03690,美团-W,2023-03-31,144.8,143.5,148.0,143.3,0.0,0.0076,47423368,6898999061.0,1.056338028169014,142.0
HK.03690,美团-W,2023-04-03,140.6,140.0,142.5,139.1,0.0,0.00514,32056637,4503106234.0,-2.4390243902439024,143.5
HK.03690,美团-W,2023-04-04,136.3,133.9,137.7,132.0,0.0,0.00663,41379452,5551985760.0,-4.357142857142853,140.0
HK.03690,美团-W,2023-04-06,131.0,133.8,133.9,129.2,0.0,0.00457,28511889,3760891513.0,-0.0746825989544393,133.9
HK.03690,美团-W,2023-04-11,134.2,135.4,137.2,132.7,0.0,0.00377,23521030,3167145442.0,1.1958146487294423,133.8
HK.03690,美团-W,2023-04-12,134.8,131.0,137.6,130.3,0.0,0.00389,24250489,3200441543.0,-3.2496307237813924,135.4
HK.03690,美团-W,2023-04-13,128.0,130.9,130.9,126.5,0.0,0.00443,27623109,3554848849.0,-0.076335877862591,131.0
HK.03690,美团-W,2023-04-14,131.3,129.5,131.9,127.6,0.0,0.00371,23135639,2991776573.0,-1.0695187165775444,130.9
HK.03690,美团-W,2023-04-17,128.5,135.6,136.7,128.0,0.0,0.00494,30802735,4099541671.0,4.7104247104247055,129.5
HK.03690,美团-W,2023-04-18,133.3,135.3,136.6,133.3,0.0,0.00248,15484880,2090532259.0,-0.2212389380530847,135.6
HK.03690,美团-W,2023-04-19,135.6,135.6,138.6,133.9,0.0,0.0039,24319557,3309185201.0,0.2217294900221603,135.3
HK.03690,美团-W,2023-04-20,135.8,140.4,142.2,135.8,0.0,0.00563,35146544,4926315905.0,3.5398230088495657,135.6
HK.03690,美团-W,2023-04-21,140.0,137.7,140.6,136.4,0.0,0.00361,22543597,3125698947.0,-1.923076923076935,140.4
HK.03690,美团-W,2023-04-24,137.7,137.6,141.0,134.9,0.0,0.00284,17718915,2435364068.0,-0.0726216412490881,137.7
HK.03690,美团-W,2023-04-25,136.7,131.6,136.8,129.5,0.0,0.00497,31004357,4080695404.0,-4.3604651162790695,137.6
HK.03690,美团-W,2023-04-26,130.8,133.1,135.7,130.4,0.0,0.00302,18835502,2514002270.0,1.1398176291793314,131.6
HK.03690,美团-W,2023-04-27,132.3,134.0,134.2,131.4,0.0,0.00254,15864433,2111073163.0,0.6761833208114243,133.1
HK.03690,美团-W,2023-04-28,134.1,133.0,136.6,132.6,0.0,0.00241,15047849,2014867626.0,-0.7462686567164178,134.0
HK.03690,美团-W,2023-05-02,135.9,132.5,137.4,131.5,0.0,0.00166,10384370,1388418129.0,-0.3759398496240601,133.0
HK.03690,美团-W,2023-05-03,130.0,131.3,131.4,128.9,0.0,0.00148,9248479,1204854367.0,-0.905660377358482,132.5
HK.03690,美团-W,2023-05-04,131.9,132.0,133.5,130.4,0.0,0.0024,14987634,1979496750.0,0.5331302361005245,131.3
HK.03690,美团-W,2023-05-05,134.0,135.6,137.0,132.8,0.0,0.00305,19031107,2576991181.0,2.727272727272723,132.0
HK.03690,美团-W,2023-05-08,135.7,134.2,137.7,132.7,0.0,0.00215,13434802,1804887915.0,-1.032448377581125,135.6
HK.03690,美团-W,2023-05-09,133.0,130.3,135.3,129.8,0.0,0.00337,21017532,2767917386.0,-2.906110283159447,134.2
HK.03690,美团-W,2023-05-10,129.3,129.0,130.0,126.6,0.0,0.00353,22057043,2829540242.0,-0.9976976208749128,130.3
HK.03690,美团-W,2023-05-11,128.6,128.5,129.9,126.2,0.0,0.00347,21665041,2768531372.0,-0.3875968992248062,129.0
HK.03690,美团-W,2023-05-12,130.8,131.8,134.6,130.0,0.0,0.00485,30262695,4017864817.0,2.568093385214017,128.5
HK.03690,美团-W,2023-05-15,131.8,136.3,139.2,131.2,0.0,0.00527,32892977,4462328002.0,3.414264036418816,131.8
HK.03690,美团-W,2023-05-16,138.9,137.4,139.8,137.0,0.0,0.00287,17895478,2477583142.0,0.8070432868672005,136.3
HK.03690,美团-W,2023-05-17,137.4,133.0,139.0,132.8,0.0,0.00257,16045180,2170724863.0,-3.2023289665211103,137.4
HK.03690,美团-W,2023-05-18,133.5,133.5,135.3,131.7,0.0,0.00245,15303929,2039765893.0,0.3759398496240601,133.0
HK.03690,美团-W,2023-05-19,130.7,128.6,131.1,127.6,0.0,0.00473,29496414,3793832381.0,-3.670411985018731,133.5
HK.03690,美团-W,2023-05-22,129.7,132.6,134.0,127.5,0.0,0.0039,24354632,3206342750.0,3.1104199066874028,128.6
HK.03690,美团-W,2023-05-23,132.7,132.8,135.7,132.0,0.0,0.00303,18896202,2530776451.0,0.1508295625942813,132.6
HK.03690,美团-W,2023-05-24,130.8,130.4,131.9,129.6,0.0,0.00248,15450737,2019147427.0,-1.8072289156626544,132.8
HK.03690,美团-W,2023-05-25,128.9,126.0,129.6,123.3,0.0,0.00554,34594015,4356445154.0,-3.37423312883436,130.4
HK.03690,美团-W,2023-05-29,126.0,115.8,126.0,115.3,0.0,0.01493,93174015,11024168209.0,-8.095238095238097,126.0
HK.03690,美团-W,2023-05-30,116.5,116.4,117.6,113.0,0.0,0.00735,45855807,5284283733.0,0.5181347150259141,115.8
HK.03690,美团-W,2023-05-31,112.1,110.2,113.4,109.2,0.0,0.01403,87568473,9710096709.0,-5.326460481099658,116.4
HK.03690,美团-W,2023-06-01,110.9,112.8,117.0,110.8,0.0,0.00728,45431448,5176696326.0,2.359346642468234,110.2
HK.03690,美团-W,2023-06-02,116.8,121.6,122.0,115.5,0.0,0.01019,63586477,7634293288.0,7.801418439716309,112.8
HK.03690,美团-W,2023-06-05,120.1,121.6,122.4,118.7,0.0,0.00472,29492833,3572442082.0,0.0,121.6
HK.03690,美团-W,2023-06-06,122.0,121.8,125.3,120.4,0.0,0.00382,23872365,2930160122.0,0.1644736842105286,121.6
HK.03690,美团-W,2023-06-07,125.2,123.5,126.5,123.2,0.0,0.00324,20229163,2516223023.0,1.395730706075536,121.8
HK.03690,美团-W,2023-06-08,124.0,124.4,124.8,120.2,0.0,0.00331,20637994,2534261986.0,0.7287449392712596,123.5
HK.03690,美团-W,2023-06-09,126.2,127.1,128.0,124.5,0.0,0.00445,27792192,3527010460.0,2.170418006430859,124.4
HK.03690,美团-W,2023-06-12,128.6,127.6,128.8,125.2,0.0,0.00273,17065634,2168802142.0,0.3933910306845004,127.1
HK.03690,美团-W,2023-06-13,127.6,128.0,129.5,126.2,0.0,0.0039,24358052,3117433800.0,0.3134796238244559,127.6
HK.03690,美团-W,2023-06-14,129.2,127.3,130.4,125.6,0.0,0.00289,18064760,2311089824.0,-0.5468750000000022,128.0
HK.03690,美团-W,2023-06-15,130.2,137.2,137.3,128.9,0.0,0.00844,52675219,7025369097.0,7.776904948939506,127.3
HK.03690,美团-W,2023-06-16,139.0,138.0,139.8,136.0,0.0,0.01153,71956565,9929994620.0,0.5830903790087547,137.2
HK.03690,美团-W,2023-06-19,136.7,137.0,137.5,132.9,0.0,0.00375,23414744,3166754778.0,-0.7246376811594203,138.0
HK.03690,美团-W,2023-06-20,137.2,132.3,137.2,130.8,0.0,0.00348,21691469,2871913559.0,-3.4306569343065614,137.0
HK.03690,美团-W,2023-06-21,129.0,127.6,129.5,126.0,0.0,0.00405,25298667,3223822536.0,-3.552532123960708,132.3
HK.03690,美团-W,2023-06-23,125.7,124.7,126.0,122.6,0.0,0.0026,16208306,2012379741.0,-2.2727272727272663,127.6
HK.03690,美团-W,2023-06-26,124.5,124.0,126.6,122.9,0.0,0.00289,18021336,2238865284.0,-0.5613472333600664,124.7
HK.03690,美团-W,2023-06-27,123.4,126.2,127.5,123.1,0.0,0.00267,16670910,2100171832.0,1.7741935483870992,124.0
HK.03690,美团-W,2023-06-28,125.3,127.1,128.0,124.7,0.0,0.00271,16886084,2138652599.0,0.7131537242472199,126.2
HK.03690,美团-W,2023-06-29,126.8,124.7,128.1,123.2,0.0,0.00291,18153464,2257795924.0,-1.8882769472855951,127.1
HK.03690,美团-W,2023-06-30,123.4,122.3,124.4,121.6,0.0,0.00356,22205599,2722244483.0,-1.9246190858059389,124.7
HK.03690,美团-W,2023-07-03,123.9,126.4,127.2,123.3,0.0,0.0029,18128687,2280567809.0,3.3524121013900317,122.3
HK.03690,美团-W,2023-07-04,126.6,127.6,128.8,124.9,0.0,0.00203,12694880,1617373084.0,0.949367088607586,126.4
HK.03690,美团-W,2023-07-05,127.1,124.5,127.9,123.6,0.0,0.00196,12203478,1523906351.0,-2.429467084639494,127.6
HK.03690,美团-W,2023-07-06,123.0,120.6,124.6,119.7,0.0,0.00357,22254934,2695868742.0,-3.132530120481932,124.5
HK.03690,美团-W,2023-07-07,119.0,119.1,121.2,117.3,0.0,0.0031,19381215,2307376658.0,-1.2437810945273633,120.6
HK.03690,美团-W,2023-07-10,122.7,121.1,123.9,120.6,0.0,0.0023,14335857,1744062677.0,1.6792611251049538,119.1
HK.03690,美团-W,2023-07-11,124.0,122.0,124.0,121.5,0.0,0.00193,12052968,1477872641.0,0.7431874483897652,121.1
HK.03690,美团-W,2023-07-12,124.0,127.3,128.2,123.1,0.0,0.00417,26018894,3292962007.0,4.344262295081965,122.0
HK.03690,美团-W,2023-07-13,131.5,134.6,135.4,131.1,0.0,0.0075,46811946,6268466040.0,5.734485467399841,127.3
HK.03690,美团-W,2023-07-14,137.3,132.5,137.4,131.5,0.0,0.00403,25152849,3350207970.0,-1.5601783060921206,134.6
HK.03690,美团-W,2023-07-18,131.2,129.1,132.0,128.1,0.0,0.00276,17254666,2230394497.0,-2.566037735849061,132.5
HK.03690,美团-W,2023-07-19,125.5,127.7,128.3,125.2,0.0,0.00346,21572134,2732862205.0,-1.084430673896198,129.1
HK.03690,美团-W,2023-07-20,128.8,126.7,131.9,126.2,0.0,0.00244,15235978,1956690609.0,-0.7830853563038371,127.7
HK.03690,美团-W,2023-07-21,126.0,128.2,129.2,126.0,0.0,0.00231,14407358,1843745718.0,1.1838989739542112,126.7
HK.03690,美团-W,2023-07-24,125.6,125.0,127.4,123.7,0.0,0.00269,16798364,2105799589.0,-2.496099843993751,128.2
HK.03690,美团-W,2023-07-25,131.0,134.8,135.2,129.8,0.0,0.00666,41601348,5532442212.0,7.84000000000001,125.0
HK.03690,美团-W,2023-07-26,133.0,134.9,135.5,131.8,0.0,0.0028,17449621,2340733906.0,0.0741839762611233,134.8
HK.03690,美团-W,2023-07-27,136.7,136.6,138.2,135.7,0.0,0.00384,23954776,3283108889.0,1.260192735359517,134.9
HK.03690,美团-W,2023-07-28,134.2,142.4,143.0,133.9,0.0,0.00656,40948029,5750093090.0,4.245973645680828,136.6
HK.03690,美团-W,2023-07-31,149.3,146.3,150.0,145.4,0.0,0.00777,48528755,7187354918.0,2.738764044943824,142.4
HK.03690,美团-W,2023-08-01,149.0,145.5,150.0,143.5,0.0,0.00431,26924963,3951564267.0,-0.5468215994531862,146.3
HK.03690,美团-W,2023-08-02,143.9,140.7,144.7,138.8,0.0,0.00404,25201177,3551923717.0,-3.2989690721649563,145.5
HK.03690,美团-W,2023-08-03,140.3,140.2,142.8,139.3,0.0,0.00221,13772924,1943792877.0,-0.3553660270078181,140.7
HK.03690,美团-W,2023-08-04,144.0,144.0,146.9,142.0,0.0,0.00319,19915828,2877664371.0,2.7104136947218342,140.2
HK.03690,美团-W,2023-08-07,144.8,144.7,146.2,141.4,0.0,0.00185,11552859,1663945710.0,0.4861111111111032,144.0
HK.03690,美团-W,2023-08-08,141.1,140.1,142.5,138.7,0.0,0.00322,20110425,2822365797.0,-3.178991015894951,144.7
HK.03690,美团-W,2023-08-09,137.6,140.9,141.4,137.6,0.0,0.00176,10966324,1533865350.0,0.571020699500365,140.1
HK.03690,美团-W,2023-08-10,139.4,141.0,142.0,137.6,0.0,0.00201,12527662,1751006037.0,0.0709723207948859,140.9
HK.03690,美团-W,2023-08-11,141.2,137.2,141.5,136.9,0.0,0.00275,17193808,2371071219.0,-2.6950354609929157,141.0
HK.03690,美团-W,2023-08-14,133.0,135.4,135.9,131.6,0.0,0.00259,16180085,2163066539.0,-1.311953352769667,137.2
HK.03690,美团-W,2023-08-15,134.0,133.9,135.8,132.8,0.0,0.00177,11024207,1476906264.0,-1.1078286558345642,135.4
HK.03690,美团-W,2023-08-16,131.0,132.4,133.7,130.9,0.0,0.00168,10505315,1387046116.0,-1.1202389843166545,133.9
HK.03690,美团-W,2023-08-17,129.7,133.6,135.0,129.1,0.0,0.00269,16806999,2221203863.0,0.9063444108761244,132.4
HK.03690,美团-W,2023-08-18,131.8,129.9,133.8,129.4,0.0,0.00283,17637567,2309515967.0,-2.769461077844303,133.6
HK.03690,美团-W,2023-08-21,128.2,127.0,129.9,125.6,0.0,0.00337,21050493,2686306303.0,-2.2324865280985415,129.9
HK.03690,美团-W,2023-08-22,128.0,129.2,131.6,125.7,0.0,0.00376,23483185,3023649941.0,1.73228346456692,127.0
HK.03690,美团-W,2023-08-23,129.7,130.3,133.2,127.3,0.0,0.00259,16176065,2104074237.0,0.8513931888545068,129.2
HK.03690,美团-W,2023-08-24,131.9,140.0,140.4,131.3,0.0,0.00683,42613537,5849382161.0,7.444359171143505,130.3
HK.03690,美团-W,2023-08-25,135.2,132.2,135.8,130.2,0.0,0.00695,43410345,5779664405.0,-5.571428571428579,140.0
HK.03690,美团-W,2023-08-28,138.0,134.7,139.3,134.2,0.0,0.00395,24644805,3355373369.0,1.8910741301059,132.2
HK.03690,美团-W,2023-08-29,136.6,137.3,138.9,135.0,0.0,0.00329,20565514,2826745845.0,1.9302152932442636,134.7
HK.03690,美团-W,2023-08-30,138.8,134.2,140.0,133.4,0.0,0.00392,24450563,3321123363.0,-2.257829570284066,137.3
HK.03690,美团-W,2023-08-31,134.1,128.5,134.2,128.3,0.0,0.00676,42183417,5478707590.0,-4.247391952309977,134.2
HK.03690,美团-W,2023-09-04,131.9,132.7,134.9,130.5,0.0,0.00677,42270768,5625579603.0,3.2684824902723646,128.5
HK.03690,美团-W,2023-09-05,132.3,128.6,132.5,128.3,0.0,0.00323,20179605,2621654801.0,-3.089675960813862,132.7
HK.03690,美团-W,2023-09-06,128.0,128.3,129.0,125.2,0.0,0.00328,20503896,2610581754.0,-0.2332814930015419,128.6
HK.03690,美团-W,2023-09-07,129.0,125.0,129.0,124.2,0.0,0.00386,24107147,3025132120.0,-2.5720966484801333,128.3
HK.03690,美团-W,2023-09-11,122.4,125.7,127.1,122.0,0.0,0.00376,23497040,2928870453.0,0.5600000000000023,125.0
HK.03690,美团-W,2023-09-12,124.6,124.8,126.0,122.7,0.0,0.00253,15824406,1969566335.0,-0.7159904534606251,125.7
HK.03690,美团-W,2023-09-13,124.6,123.1,125.2,122.5,0.0,0.00218,13579391,1674808317.0,-1.3621794871794894,124.8
HK.03690,美团-W,2023-09-14,123.5,123.0,124.3,121.6,0.0,0.00234,14635798,1798974852.0,-0.0812347684809052,123.1
HK.03690,美团-W,2023-09-15,124.5,124.3,126.3,122.2,0.0,0.00358,22337043,2786571137.0,1.0569105691056888,123.0
HK.03690,美团-W,2023-09-18,122.2,122.0,123.6,121.3,0.0,0.00216,13494852,1654248272.0,-1.8503620273531756,124.3
HK.03690,美团-W,2023-09-19,121.4,121.7,122.4,118.7,0.0,0.00337,21026601,2532972370.0,-0.24590163934426,122.0
HK.03690,美团-W,2023-09-20,120.7,119.2,121.3,118.6,0.0,0.00296,18468116,2206486807.0,-2.0542317173377156,121.7
HK.03690,美团-W,2023-09-21,117.5,116.3,117.8,115.2,0.0,0.00405,25261260,2934952937.0,-2.432885906040273,119.2
HK.03690,美团-W,2023-09-22,114.8,120.8,121.5,114.8,0.0,0.00394,24610941,2934364535.0,3.869303525365434,116.3
HK.03690,美团-W,2023-09-25,119.9,117.2,120.0,116.6,0.0,0.00313,19533949,2299818825.0,-2.980132450331121,120.8
HK.03690,美团-W,2023-09-26,116.4,116.3,118.4,115.9,0.0,0.00295,18430577,2157140083.0,-0.7679180887372062,117.2
HK.03690,美团-W,2023-09-27,115.5,114.8,117.2,113.7,0.0,0.00516,32223497,3705009502.0,-1.289767841788478,116.3
HK.03690,美团-W,2023-09-28,113.1,110.8,114.3,110.2,0.0,0.00723,45106314,5014137917.0,-3.484320557491289,114.8
HK.03690,美团-W,2023-09-29,112.3,114.6,115.7,111.3,0.0,0.00307,19167952,2193202044.0,3.42960288808664,110.8
HK.03690,美团-W,2023-10-03,111.5,110.0,111.9,107.6,0.0,0.00404,25231513,2760165937.0,-4.013961605584637,114.6
HK.03690,美团-W,2023-10-04,109.0,106.9,109.8,105.7,0.0,0.00367,22890772,2442358516.0,-2.818181818181813,110.0
HK.03690,美团-W,2023-10-05,108.0,105.9,108.8,105.5,0.0,0.0027,16875152,1801723405.0,-0.9354536950420954,106.9
HK.03690,美团-W,2023-10-06,107.8,108.3,109.5,107.3,0.0,0.00232,14467080,1566519900.0,2.2662889518413514,105.9
HK.03690,美团-W,2023-10-09,108.8,108.9,110.6,106.0,0.0,0.003,18733292,2040939851.0,0.5540166204986229,108.3
HK.03690,美团-W,2023-10-10,111.9,112.3,115.2,111.0,0.0,0.00527,32929871,3730901299.0,3.1221303948576593,108.9
HK.03690,美团-W,2023-10-11,115.5,116.5,118.3,115.1,0.0,0.00569,35533689,4160304205.0,3.739982190561,112.3
HK.03690,美团-W,2023-10-12,120.0,118.4,120.0,118.0,0.0,0.00373,23289955,2765800491.0,1.630901287553653,116.5
HK.03690,美团-W,2023-10-13,114.5,114.6,115.8,113.3,0.0,0.00388,24256165,2776296555.0,-3.209459459459469,118.4
HK.03690,美团-W,2023-10-16,113.5,113.7,114.7,112.5,0.0,0.00277,17292685,1962833076.0,-0.7853403141361184,114.6
HK.03690,美团-W,2023-10-17,115.6,114.5,116.1,114.0,0.0,0.00178,11089439,1273251836.0,0.703605980650833,113.7
HK.03690,美团-W,2023-10-18,113.4,113.7,115.1,111.6,0.0,0.003,18746586,2127905353.0,-0.6986899563318753,114.5
HK.03690,美团-W,2023-10-19,111.8,110.4,112.0,109.4,0.0,0.0038,23721099,2625242797.0,-2.902374670184694,113.7
HK.03690,美团-W,2023-10-20,108.5,107.8,109.5,107.3,0.0,0.00421,26300972,2843346298.0,-2.3550724637681237,110.4
HK.03690,美团-W,2023-10-24,107.0,107.5,109.0,104.6,0.0,0.00516,32208971,3457946650.0,-0.27829313543599,107.8
HK.03690,美团-W,2023-10-25,112.8,109.6,113.5,108.2,0.0,0.00455,28410868,3164119298.0,1.9534883720930176,107.5
HK.03690,美团-W,2023-10-26,109.5,109.8,110.4,107.5,0.0,0.00278,17363252,1892096801.0,0.1824817518248201,109.6
HK.03690,美团-W,2023-10-27,110.0,113.0,113.9,109.0,0.0,0.00352,21965604,2469991919.0,2.914389799635704,109.8
HK.03690,美团-W,2023-10-30,111.1,114.0,115.5,111.1,0.0,0.00328,20470904,2321411355.0,0.8849557522123894,113.0
HK.03690,美团-W,2023-10-31,113.0,110.6,113.6,110.3,0.0,0.00284,17728879,1972835175.0,-2.9824561403508825,114.0
HK.03690,美团-W,2023-11-01,111.1,109.0,112.2,107.7,0.0,0.00247,15437450,1684697122.0,-1.446654611211568,110.6
HK.03690,美团-W,2023-11-02,110.7,108.0,112.0,106.6,0.0,0.00374,23363522,2538715037.0,-0.9174311926605504,109.0
HK.03690,美团-W,2023-11-03,109.0,111.0,111.7,108.1,0.0,0.00445,27757555,3053322011.0,2.7777777777777777,108.0
HK.03690,美团-W,2023-11-06,114.3,117.2,118.3,113.8,0.0,0.00629,39276922,4575491871.0,5.585585585585588,111.0
HK.03690,美团-W,2023-11-07,116.3,115.5,118.1,114.8,0.0,0.003,18753172,2176480171.0,-1.4505119453924935,117.2
HK.03690,美团-W,2023-11-08,115.8,115.0,117.3,114.3,0.0,0.00299,18691337,2159846328.0,-0.4329004329004329,115.5
HK.03690,美团-W,2023-11-09,114.5,115.0,116.2,114.2,0.0,0.00186,11629715,1335612769.0,0.0,115.0
HK.03690,美团-W,2023-11-10,113.2,110.7,113.4,110.3,0.0,0.0033,20602660,2289474393.0,-3.7391304347826058,115.0
HK.03690,美团-W,2023-11-13,111.1,111.6,112.8,107.6,0.0,0.00399,24889362,2725796874.0,0.8130081300812931,110.7
HK.03690,美团-W,2023-11-14,111.2,108.3,111.4,108.1,0.0,0.00342,21343531,2324106234.0,-2.9569892473118258,111.6
HK.03690,美团-W,2023-11-15,112.1,113.3,113.9,110.9,0.0,0.00541,33797257,3798175171.0,4.616805170821792,108.3
HK.03690,美团-W,2023-11-16,114.8,111.7,114.8,110.0,0.0,0.00401,25049103,2802683373.0,-1.412180052956747,113.3
HK.03690,美团-W,2023-11-17,108.9,107.3,110.5,106.8,0.0,0.00464,28968535,3127409176.0,-3.9391226499552423,111.7
HK.03690,美团-W,2023-11-20,109.7,109.0,109.7,106.5,0.0,0.00506,31587831,3415395593.0,1.584342963653311,107.3
HK.03690,美团-W,2023-11-21,111.8,110.5,114.0,109.6,0.0,0.00547,34164065,3823918007.0,1.376146788990826,109.0
HK.03690,美团-W,2023-11-22,110.2,111.4,113.0,110.1,0.0,0.0029,18106009,2022276652.0,0.8144796380090549,110.5
HK.03690,美团-W,2023-11-23,111.3,112.2,112.5,109.3,0.0,0.00329,20531919,2278510790.0,0.7181328545780944,111.4
HK.03690,美团-W,2023-11-24,111.0,109.1,111.5,108.9,0.0,0.00287,17937066,1966444347.0,-2.762923351158653,112.2
HK.03690,美团-W,2023-11-27,111.0,108.6,111.0,107.6,0.0,0.00307,19162668,2080585337.0,-0.458295142071494,109.1
HK.03690,美团-W,2023-11-28,109.3,103.0,109.3,100.7,0.0,0.01126,70295663,7276217439.0,-5.156537753222831,108.6
HK.03690,美团-W,2023-11-29,95.0,90.45,96.55,90.1,0.0,0.03323,207480684,19228661709.0,-12.184466019417473,103.0
HK.03690,美团-W,2023-11-30,88.0,90.6,92.3,88.0,0.0,0.01034,64543444,5855742202.0,0.1658374792703056,90.45
HK.03690,美团-W,2023-12-01,90.15,87.9,90.5,85.35,0.0,0.01629,101718394,8942551823.0,-2.9801324503311135,90.6
HK.03690,美团-W,2023-12-04,88.65,86.45,88.9,85.8,0.0,0.0087,54326852,4717649401.0,-1.6496018202502878,87.9
HK.03690,美团-W,2023-12-05,85.65,84.65,86.0,83.7,0.0,0.00906,56576963,4787764506.0,-2.0821283979178684,86.45
HK.03690,美团-W,2023-12-06,84.5,86.4,88.1,83.7,0.0,0.00599,37426397,3237105908.0,2.067336089781453,84.65
HK.03690,美团-W,2023-12-07,84.2,86.1,86.45,83.15,0.0,0.00684,42729794,3621101344.0,-0.3472222222222353,86.4
HK.03690,美团-W,2023-12-08,86.35,86.65,87.55,84.2,0.0,0.00791,49376170,4248423041.0,0.6387921022067495,86.1
HK.03690,美团-W,2023-12-11,84.8,83.5,85.15,82.6,0.0,0.00629,39284636,3280991930.0,-3.635314483554536,86.65
HK.03690,美团-W,2023-12-12,83.15,84.6,85.55,82.7,0.0,0.00418,26096513,2205511691.0,1.317365269461071,83.5
HK.03690,美团-W,2023-12-13,84.55,82.2,84.6,80.9,0.0,0.00588,36705341,3017125534.0,-2.836879432624104,84.6
HK.03690,美团-W,2023-12-14,83.8,81.75,84.5,81.2,0.0,0.00419,26137737,2155795064.0,-0.547445255474456,82.2
HK.03690,美团-W,2023-12-15,82.45,84.95,87.5,82.4,0.0,0.00984,61429877,5232089346.0,3.9143730886850183,81.75
HK.03690,美团-W,2023-12-18,83.65,83.15,84.4,82.6,0.0,0.00448,28002417,2336267563.0,-2.1188934667451407,84.95
HK.03690,美团-W,2023-12-19,81.65,78.45,82.15,76.2,0.0,0.01505,93956024,7360310244.0,-5.652435357787135,83.15
HK.03690,美团-W,2023-12-20,79.6,78.8,79.9,77.9,0.0,0.00672,41943164,3312016914.0,0.446144040790305,78.45
HK.03690,美团-W,2023-12-21,76.7,79.7,80.75,76.2,0.0,0.00562,35084557,2775509111.0,1.1421319796954388,78.8
HK.03690,美团-W,2023-12-22,79.6,76.6,80.4,76.0,0.0,0.00781,48774861,3795366348.0,-3.8895859473023946,79.7
HK.03690,美团-W,2023-12-27,78.5,78.3,78.95,76.35,0.0,0.00448,27957023,2180841669.0,2.219321148825069,76.6
HK.03690,美团-W,2023-12-28,78.45,82.35,84.15,78.15,0.0,0.00796,49732197,4090014723.0,5.172413793103445,78.3
HK.03690,美团-W,2023-12-29,84.0,81.9,84.25,81.6,0.0,0.00394,24613929,2027953555.0,-0.5464480874316802,82.35
HK.03690,美团-W,2024-01-02,82.75,79.4,83.2,78.65,0.0,0.00367,22897005,1827567798.0,-3.0525030525030523,81.9
HK.03690,美团-W,2024-01-03,77.45,78.0,78.5,77.45,0.0,0.00337,21074008,1641476536.0,-1.7632241813602083,79.4
HK.03690,美团-W,2024-01-04,78.0,77.5,78.45,76.05,0.0,0.00394,24609222,1893588843.0,-0.641025641025641,78.0
HK.03690,美团-W,2024-01-05,76.8,77.75,79.6,76.2,0.0,0.00309,19320699,1508628652.0,0.3225806451612903,77.5
HK.03690,美团-W,2024-01-08,77.75,73.95,77.75,73.55,0.0,0.00524,32722832,2444756777.0,-4.8874598070739514,77.75
HK.03690,美团-W,2024-01-09,74.05,70.55,75.15,70.4,0.0,0.00839,52400400,3769345782.0,-4.597701149425295,73.95
HK.03690,美团-W,2024-01-10,70.0,71.75,72.85,69.55,0.0,0.00732,45733628,3247483126.0,1.7009213323883812,70.55
HK.03690,美团-W,2024-01-11,72.65,75.6,77.05,72.4,0.0,0.00901,56259716,4240718599.0,5.365853658536578,71.75
HK.03690,美团-W,2024-01-12,74.95,75.25,77.1,74.6,0.0,0.00557,34751944,2638802400.0,-0.4629629629629554,75.6
HK.03690,美团-W,2024-01-15,75.25,75.65,76.9,73.6,0.0,0.00546,34093032,2567162227.0,0.5315614617940275,75.25
HK.03690,美团-W,2024-01-16,73.85,73.9,76.2,72.55,0.0,0.00673,42021462,3111564189.0,-2.313284864507601,75.65
HK.03690,美团-W,2024-01-17,72.45,68.75,72.6,68.15,0.0,0.01137,70999330,4935025382.0,-6.968876860622469,73.9
HK.03690,美团-W,2024-01-18,69.15,69.8,71.55,68.35,0.0,0.00962,60041641,4197259448.0,1.5272727272727231,68.75
HK.03690,美团-W,2024-01-19,69.6,68.65,71.3,68.35,0.0,0.00647,40400550,2811285144.0,-1.6475644699140275,69.8
HK.03690,美团-W,2024-01-22,68.6,65.4,68.65,64.3,0.0,0.00978,61089885,3999909703.0,-4.7341587764020385,68.65
HK.03690,美团-W,2024-01-23,65.65,66.3,69.4,63.45,0.0,0.01055,65894453,4422394132.0,1.3761467889908126,65.4
HK.03690,美团-W,2024-01-24,69.15,70.3,70.75,67.3,0.0,0.00977,61021190,4213806916.0,6.033182503770739,66.3
HK.03690,美团-W,2024-01-25,70.3,69.4,70.5,67.3,0.0,0.00717,44747046,3100322981.0,-1.2802275960170575,70.3
HK.03690,美团-W,2024-01-26,68.5,66.7,68.75,66.05,0.0,0.00596,37208078,2499933177.0,-3.890489913544672,69.4
HK.03690,美团-W,2024-01-29,67.35,67.3,68.3,65.55,0.0,0.00445,27797193,1860351404.0,0.8995502248875477,66.7
HK.03690,美团-W,2024-01-30,66.0,65.4,66.6,65.05,0.0,0.00464,28952811,1902429082.0,-2.8231797919762136,67.3
HK.03690,美团-W,2024-01-31,65.15,62.55,65.4,61.9,0.0,0.00663,41410699,2609416743.0,-4.357798165137627,65.4
HK.03690,美团-W,2024-02-01,62.95,64.1,65.9,62.55,0.0,0.00511,31904342,2050207915.0,2.4780175859312505,62.55
HK.03690,美团-W,2024-02-02,67.0,63.25,67.0,62.85,0.0,0.00569,35526659,2291971227.0,-1.326053042121676,64.1
HK.03690,美团-W,2024-02-05,61.2,65.05,66.75,61.1,0.0,0.00715,44622116,2891241789.0,2.845849802371537,63.25
HK.03690,美团-W,2024-02-06,64.7,69.25,69.55,64.7,0.0,0.00922,57567225,3944646294.0,6.4565718677940085,65.05
HK.03690,美团-W,2024-02-07,70.3,68.25,72.45,67.75,0.0,0.00765,47795239,3343770510.0,-1.444043321299639,69.25
HK.03690,美团-W,2024-02-08,68.15,68.15,69.85,67.2,0.0,0.00476,29755332,2036247579.0,-0.1465201465201382,68.25
HK.03690,美团-W,2024-02-09,67.1,67.3,68.25,66.25,0.0,0.00116,7218799,484615734.0,-1.2472487160675103,68.15
HK.03690,美团-W,2024-02-14,66.8,71.1,71.35,66.1,0.0,0.00422,26359051,1839674079.0,5.646359583952448,67.3
HK.03690,美团-W,2024-02-15,70.8,71.35,72.2,69.95,0.0,0.00338,21096630,1499196789.0,0.3516174402250352,71.1
HK.03690,美团-W,2024-02-16,72.5,74.65,75.0,70.85,0.0,0.00498,31111357,2291511279.0,4.625087596356008,71.35
HK.03690,美团-W,2024-02-19,75.0,72.75,75.0,70.4,0.0,0.00633,39524524,2874967832.0,-2.545210984594783,74.65
HK.03690,美团-W,2024-02-20,73.75,73.4,74.4,71.7,0.0,0.00339,21163619,1544770610.0,0.8934707903780146,72.75
HK.03690,美团-W,2024-02-21,73.0,77.0,79.15,72.6,0.0,0.00996,62086475,4810780824.0,4.9046321525885475,73.4
HK.03690,美团-W,2024-02-22,78.25,79.75,79.9,75.8,0.0,0.00672,41887709,3281342593.0,3.571428571428571,77.0
HK.03690,美团-W,2024-02-23,80.0,81.5,81.95,79.5,0.0,0.008,49886870,4046818613.0,2.19435736677116,79.75
HK.03690,美团-W,2024-02-26,81.5,81.15,83.0,80.65,0.0,0.00493,30721936,2508527958.0,-0.4294478527607292,81.5
HK.03690,美团-W,2024-02-27,80.8,81.65,82.0,77.4,0.0,0.00741,46228362,3681418917.0,0.6161429451632778,81.15
HK.03690,美团-W,2024-02-28,81.65,78.35,82.3,78.2,0.0,0.00638,39805027,3171654833.0,-4.041641151255372,81.65
HK.03690,美团-W,2024-02-29,77.5,79.8,80.85,77.15,0.0,0.00731,45596242,3619018628.0,1.850670070197834,78.35
HK.03690,美团-W,2024-03-01,79.0,88.4,88.7,78.2,0.0,0.0181,112823802,9675008682.0,10.776942355889735,79.8
HK.03690,美团-W,2024-03-04,90.0,91.5,92.4,87.45,0.0,0.01291,80510164,7285367739.0,3.506787330316735,88.4
HK.03690,美团-W,2024-03-05,89.55,86.35,90.2,85.7,0.0,0.00875,54549058,4767902016.0,-5.628415300546454,91.5
HK.03690,美团-W,2024-03-06,86.45,88.7,90.75,85.8,0.0,0.00709,44220022,3912789428.0,2.7214823393167444,86.35
HK.03690,美团-W,2024-03-07,89.75,85.4,90.15,82.45,0.0,0.00884,55120852,4754703670.0,-3.720405862457719,88.7
HK.03690,美团-W,2024-03-08,84.95,84.7,87.85,84.4,0.0,0.00413,25732322,2202102492.0,-0.8196721311475443,85.4
HK.03690,美团-W,2024-03-11,86.05,89.2,90.1,85.9,0.0,0.00526,32784520,2920610261.0,5.312868949232586,84.7
HK.03690,美团-W,2024-03-12,91.0,93.4,94.45,88.45,0.0,0.01056,65843507,6075380349.0,4.708520179372201,89.2
HK.03690,美团-W,2024-03-13,94.3,94.35,95.5,92.85,0.0,0.00835,52081620,4926956874.0,1.0171306209849984,93.4
HK.03690,美团-W,2024-03-14,94.5,92.9,96.0,91.8,0.0,0.00476,29698359,2769907404.0,-1.5368309485956424,94.35
HK.03690,美团-W,2024-03-15,90.9,89.4,91.3,87.1,0.0,0.00972,60598885,5389438719.0,-3.767491926803014,92.9
HK.03690,美团-W,2024-03-18,89.4,90.4,91.85,88.3,0.0,0.00481,30006515,2707371107.0,1.1185682326621922,89.4
HK.03690,美团-W,2024-03-19,89.9,89.2,90.35,87.3,0.0,0.00361,22526449,2006912069.0,-1.3274336283185872,90.4
HK.03690,美团-W,2024-03-20,89.2,88.8,89.8,86.6,0.0,0.0038,23666436,2097991425.0,-0.4484304932735489,89.2
HK.03690,美团-W,2024-03-21,90.0,92.3,93.4,90.0,0.0,0.00601,37444742,3453142708.0,3.941441441441442,88.8
HK.03690,美团-W,2024-03-22,91.65,88.25,91.85,86.25,0.0,0.00651,40590379,3592173229.0,-4.387865655471286,92.3
HK.03690,美团-W,2024-03-25,92.65,93.3,96.8,92.35,38.05,0.01396,87057189,8234110998.0,5.72237960339943,88.25
HK.03690,美团-W,2024-03-26,95.65,93.4,95.85,92.05,38.091,0.00578,36035734,3363027011.0,0.107181136120052,93.3
HK.03690,美团-W,2024-03-27,91.5,91.1,93.4,90.4,37.153,0.00526,32797948,3005241414.0,-2.462526766595301,93.4
HK.03690,美团-W,2024-03-28,91.1,96.8,99.25,91.1,39.477,0.01094,68225499,6568309588.0,6.256860592755217,91.1
HK.03690,美团-W,2024-04-02,99.8,101.4,101.8,98.9,41.353,0.00768,47901184,4817315947.0,4.752066115702489,96.8
HK.03690,美团-W,2024-04-03,102.9,98.95,102.9,98.3,40.354,0.00414,25820529,2579984865.0,-2.4161735700197267,101.4
HK.03690,美团-W,2024-04-05,99.0,100.4,101.2,96.65,40.946,0.00371,23113479,2296765594.0,1.465386558868118,98.95
HK.03690,美团-W,2024-04-08,99.0,99.4,100.7,97.55,40.538,0.00381,23724590,2351195522.0,-0.99601593625498,100.4
HK.03690,美团-W,2024-04-09,99.95,99.7,102.3,99.2,40.66,0.00325,20265683,2029661006.0,0.301810865191144,99.4
HK.03690,美团-W,2024-04-10,100.5,103.8,104.9,99.65,42.332,0.00582,36264390,3738261699.0,4.112337011033094,99.7
HK.03690,美团-W,2024-04-11,100.6,104.5,105.7,100.6,42.618,0.00481,29968182,3118810403.0,0.6743737957610818,103.8
HK.03690,美团-W,2024-04-12,103.7,102.1,104.6,102.0,41.639,0.00406,25336583,2613400453.0,-2.2966507177033546,104.5
HK.03690,美团-W,2024-04-15,100.2,101.6,102.1,99.05,41.435,0.0038,23691075,2389285173.0,-0.4897159647404506,102.1
HK.03690,美团-W,2024-04-16,99.45,98.7,101.5,97.7,40.252,0.00522,32570899,3230315338.0,-2.854330708661409,101.6
HK.03690,美团-W,2024-04-17,100.0,97.55,100.8,96.3,39.783,0.00374,23341654,2279774049.0,-1.1651469098277667,98.7
HK.03690,美团-W,2024-04-18,97.55,97.75,98.5,94.9,39.865,0.00408,25433968,2470330984.0,0.205023065094826,97.55
HK.03690,美团-W,2024-04-19,94.9,95.3,95.5,92.4,38.866,0.00702,43757725,4120639771.0,-2.506393861892586,97.75
HK.03690,美团-W,2024-04-22,97.7,100.6,101.4,96.35,41.027,0.00546,34032651,3405984845.0,5.561385099685202,95.3
HK.03690,美团-W,2024-04-23,102.6,108.6,108.8,102.0,44.29,0.0108,67329893,7170784677.0,7.952286282306163,100.6
HK.03690,美团-W,2024-04-24,109.9,113.6,113.6,108.2,46.329,0.01205,75120018,8373420332.0,4.6040515653775325,108.6
HK.03690,美团-W,2024-04-25,113.6,111.5,113.6,109.9,45.473,0.00667,41607467,4643246026.0,-1.84859154929577,113.6
HK.03690,美团-W,2024-04-26,113.0,115.6,117.5,111.3,47.145,0.00934,58244146,6735121902.0,3.677130044843045,111.5
HK.03690,美团-W,2024-04-29,115.6,111.4,116.0,110.4,45.432,0.00945,58947214,6658411419.0,-3.633217993079575,115.6
HK.03690,美团-W,2024-04-30,112.9,109.5,113.3,109.4,44.657,0.00503,31352217,3450741583.0,-1.7055655296229852,111.4
HK.03690,美团-W,2024-05-02,111.5,119.1,119.9,109.6,48.572,0.00872,54349618,6385335421.0,8.767123287671227,109.5
HK.03690,美团-W,2024-05-03,120.6,119.7,122.9,116.4,48.817,0.00758,47271453,5635507316.0,0.5037783375314934,119.1
HK.03690,美团-W,2024-05-06,120.0,120.3,120.6,117.2,49.061,0.00786,49035480,5837528453.0,0.5012531328320754,119.7
HK.03690,美团-W,2024-05-07,120.0,115.5,120.0,114.8,47.104,0.00674,42001964,4886405581.0,-3.9900249376558583,120.3
HK.03690,美团-W,2024-05-08,115.9,113.5,118.6,113.2,46.288,0.0049,30580670,3518075137.0,-1.7316017316017316,115.5
HK.03690,美团-W,2024-05-09,113.5,117.9,118.9,113.4,48.083,0.00611,38108570,4467181915.0,3.87665198237886,113.5
HK.03690,美团-W,2024-05-10,119.6,118.6,119.7,116.1,48.368,0.00438,27327103,3231431004.0,0.5937234944868436,117.9
HK.03690,美团-W,2024-05-13,117.1,122.3,123.2,116.2,49.877,0.00565,35200441,4264871583.0,3.119730185497473,118.6
HK.03690,美团-W,2024-05-14,124.1,121.9,125.9,121.8,49.714,0.00614,38288586,4729602301.0,-0.3270645952575564,122.3
HK.03690,美团-W,2024-05-16,126.0,125.6,128.0,122.3,51.223,0.00685,42701385,5361179384.0,3.035274815422468,121.9
HK.03690,美团-W,2024-05-17,127.8,125.0,129.2,124.3,50.978,0.00508,31704186,3990908696.0,-0.4777070063694222,125.6
HK.03690,美团-W,2024-05-20,125.0,124.0,126.6,121.4,50.57,0.00465,28982420,3577638709.0,-0.8,125.0
HK.03690,美团-W,2024-05-21,122.0,121.4,123.2,120.1,49.51,0.00477,29710345,3605942055.0,-2.0967741935483826,124.0
HK.03690,美团-W,2024-05-22,122.1,120.6,122.5,119.2,49.184,0.00314,19562007,2368178082.0,-0.6589785831960555,121.4
HK.03690,美团-W,2024-05-23,120.1,119.5,120.5,117.6,48.735,0.00396,24699425,2948631449.0,-0.9121061359867284,120.6
HK.03690,美团-W,2024-05-24,118.1,116.3,118.9,115.1,47.43,0.00422,26306133,3062809162.0,-2.677824267782429,119.5
HK.03690,美团-W,2024-05-27,116.3,118.7,119.8,114.0,48.409,0.00343,21389207,2510379609.0,2.06362854686157,116.3
HK.03690,美团-W,2024-05-28,118.6,119.0,121.4,117.5,48.531,0.00254,15835259,1888007664.0,0.2527379949452377,118.7
HK.03690,美团-W,2024-05-29,116.5,112.7,117.7,111.9,45.962,0.00667,41575906,4734954317.0,-5.294117647058822,119.0
HK.03690,美团-W,2024-05-30,112.7,108.9,114.0,107.7,44.412,0.00788,49115730,5401911522.0,-3.371783496007096,112.7
HK.03690,美团-W,2024-05-31,110.9,105.1,112.5,104.2,42.862,0.01134,70686575,7572884381.0,-3.489439853076227,108.9
HK.03690,美团-W,2024-06-03,107.4,109.0,110.4,106.4,44.453,0.00517,32263292,3498362776.0,3.710751665080881,105.1
HK.03690,美团-W,2024-06-04,109.0,113.5,115.0,108.6,46.288,0.00588,36668490,4140344620.0,4.128440366972478,109.0
HK.03690,美团-W,2024-06-05,113.5,112.6,116.0,111.5,45.921,0.00459,28629666,3248138402.0,-0.7929515418502253,113.5
HK.03690,美团-W,2024-06-06,114.4,112.7,116.0,111.0,45.962,0.00598,37302723,4207164720.0,0.0888099467140395,112.6
HK.03690,美团-W,2024-06-07,115.0,110.4,115.0,109.8,45.024,0.01181,73605024,8195250704.0,-2.0408163265306096,112.7
HK.03690,美团-W,2024-06-11,108.0,115.3,116.6,107.0,47.022,0.01168,72840707,8224382234.0,4.438405797101441,110.4
HK.03690,美团-W,2024-06-12,115.0,112.6,116.7,112.5,45.921,0.00535,33337950,3795113242.0,-2.3417172593235067,115.3
HK.03690,美团-W,2024-06-13,114.4,116.7,116.9,112.3,47.593,0.00605,37711546,4334135818.0,3.6412078152753184,112.6
HK.03690,美团-W,2024-06-14,116.7,114.7,118.0,113.8,46.778,0.00609,37941208,4379252169.0,-1.713796058269066,116.7
HK.03690,美团-W,2024-06-17,114.0,116.8,117.7,112.4,47.634,0.00463,28862165,3355085255.0,1.830863121185697,114.7
HK.03690,美团-W,2024-06-18,118.0,115.0,118.9,114.5,46.766,0.00452,28072090,3255753264.0,-1.5410958904109566,116.8
HK.03690,美团-W,2024-06-19,116.7,121.4,121.9,115.0,49.329,0.00575,35696099,4256860048.0,5.565217391304353,115.0
HK.03690,美团-W,2024-06-20,122.0,119.9,122.4,118.9,48.7,0.00337,20924768,2511556816.0,-1.2355848434925865,121.4
HK.03690,美团-W,2024-06-21,119.7,116.2,121.0,114.0,47.178,0.00654,40576486,4726048263.0,-3.0859049207673084,119.9
HK.03690,美团-W,2024-06-24,113.8,115.4,115.8,112.4,46.815,0.0042,26037487,2968914437.0,-0.6884681583476739,116.2
HK.03690,美团-W,2024-06-25,116.2,116.8,119.0,115.5,47.364,0.00397,24626406,2885281012.0,1.213171577123043,115.4
HK.03690,美团-W,2024-06-26,115.0,117.0,117.5,114.2,47.406,0.00292,18098098,2104004519.0,0.1712328767123312,116.8
HK.03690,美团-W,2024-06-27,115.5,113.7,116.7,112.6,46.032,0.00445,27528943,3140285765.0,-2.820512820512818,117.0
HK.03690,美团-W,2024-06-28,111.5,111.1,114.3,110.6,44.961,0.00461,28512066,3186119411.0,-2.2867194371152233,113.7
HK.03690,美团-W,2024-07-02,111.4,112.2,113.3,108.6,45.369,0.00444,27443010,3060537263.0,0.9900990099009978,111.1
HK.03690,美团-W,2024-07-03,114.3,117.1,117.4,112.5,47.351,0.00506,31244921,3605672588.0,4.367201426024947,112.2
HK.03690,美团-W,2024-07-04,119.9,119.7,121.6,118.8,48.363,0.0058,35834785,4298962399.0,2.2203245089667023,117.1
HK.03690,美团-W,2024-07-05,119.7,119.1,121.0,117.7,48.062,0.0038,23440790,2797407959.0,-0.5012531328320873,119.7
HK.03690,美团-W,2024-07-08,118.7,117.0,118.9,116.3,47.177,0.00283,17430565,2044743717.0,-1.7632241813601968,119.1
HK.03690,美团-W,2024-07-09,115.3,114.7,115.9,112.5,46.212,0.00535,32986108,3770374662.0,-1.9658119658119633,117.0
HK.03690,美团-W,2024-07-10,116.2,114.9,118.9,114.6,46.256,0.005,30789640,3591160857.0,0.1743679163034026,114.7
HK.03690,美团-W,2024-07-11,115.8,116.1,117.7,114.8,46.739,0.00411,25270801,2930613766.0,1.0443864229764914,114.9
HK.03690,美团-W,2024-07-12,119.1,121.8,122.3,118.0,48.994,0.00695,42746740,5156390368.0,4.909560723514215,116.1
HK.03690,美团-W,2024-07-15,119.9,119.1,121.6,118.7,47.869,0.00334,20533862,2456932221.0,-2.216748768472909,121.8
HK.03690,美团-W,2024-07-16,117.6,117.5,118.8,116.6,47.207,0.00305,18714084,2202057129.0,-1.3434089000839584,119.1
HK.03690,美团-W,2024-07-17,117.5,119.1,120.5,116.0,47.812,0.00378,23222975,2757051788.0,1.3617021276595696,117.5
HK.03690,美团-W,2024-07-18,117.1,119.4,120.4,116.8,47.894,0.00361,22116025,2630887423.0,0.2518891687657526,119.1
HK.03690,美团-W,2024-07-19,118.1,117.5,119.3,117.1,47.094,0.00484,29688510,3505940875.0,-1.5912897822445606,119.4
HK.03690,美团-W,2024-07-22,118.9,121.3,121.9,118.5,48.617,0.005,30662005,3695238184.0,3.2340425531914874,117.5
HK.03690,美团-W,2024-07-23,121.1,118.1,121.4,117.2,47.277,0.0047,28762101,3414508010.0,-2.6380873866446852,121.3
HK.03690,美团-W,2024-07-24,118.1,113.3,118.3,111.5,45.301,0.00702,42947253,4894942101.0,-4.064352243861133,118.1
HK.03690,美团-W,2024-07-25,110.6,107.1,111.6,106.2,42.788,0.00858,52401441,5647885045.0,-5.472197705207416,113.3
HK.03690,美团-W,2024-07-26,108.5,107.6,108.7,105.1,42.971,0.00445,27148879,2909993793.0,0.4668534080298786,107.1
HK.03690,美团-W,2024-07-29,109.3,108.4,110.5,107.7,43.29,0.00281,17136896,1869939413.0,0.7434944237918322,107.6
HK.03690,美团-W,2024-07-30,108.6,106.4,108.6,105.8,42.492,0.00294,17955125,1911911381.0,-1.8450184501845015,108.4
HK.03690,美团-W,2024-07-31,106.7,109.3,110.3,106.0,43.65,0.00356,21711841,2364092911.0,2.725563909774428,106.4
HK.03690,美团-W,2024-08-01,108.1,109.2,111.2,108.1,43.61,0.0025,15275269,1674418098.0,-0.0914913083257038,109.3
HK.03690,美团-W,2024-08-02,107.8,104.0,107.8,100.7,41.533,0.00661,40365144,4182048100.0,-4.7619047619047645,109.2
HK.03690,美团-W,2024-08-05,102.8,106.8,107.6,101.4,42.651,0.00684,41740738,4410792717.0,2.69230769230769,104.0
HK.03690,美团-W,2024-08-06,109.1,105.6,109.9,105.6,42.172,0.00406,24808382,2650800836.0,-1.1235955056179805,106.8
HK.03690,美团-W,2024-08-07,106.2,106.0,108.3,105.1,42.332,0.00334,20383337,2171777172.0,0.3787878787878841,105.6
HK.03690,美团-W,2024-08-08,104.5,104.6,107.2,102.8,41.773,0.00415,25310352,2654022201.0,-1.3207547169811376,106.0
HK.03690,美团-W,2024-08-09,106.2,106.2,108.5,105.6,42.412,0.00322,19633016,2098894936.0,1.529636711281079,104.6
HK.03690,美团-W,2024-08-12,105.9,104.0,106.7,101.9,41.533,0.00361,22028432,2280099089.0,-2.0715630885122436,106.2
HK.03690,美团-W,2024-08-13,104.0,103.4,105.3,101.3,41.293,0.00406,24773088,2548732011.0,-0.5769230769230715,104.0
HK.03690,美团-W,2024-08-14,104.6,102.1,104.6,101.3,40.774,0.00244,14885295,1523251293.0,-1.2572533849129703,103.4
HK.03690,美团-W,2024-08-15,101.9,102.4,104.4,100.1,40.894,0.00377,23016192,2349924412.0,0.2938295788442814,102.1
HK.03690,美团-W,2024-08-16,104.0,107.7,108.3,103.8,43.011,0.0061,37261404,3964523632.0,5.175781249999997,102.4
HK.03690,美团-W,2024-08-19,109.8,108.7,110.4,108.2,43.41,0.00282,17188364,1873853152.0,0.9285051067780872,107.7
HK.03690,美团-W,2024-08-20,110.0,108.1,110.2,107.5,43.17,0.0024,14669733,1593032551.0,-0.5519779208831725,108.7
HK.03690,美团-W,2024-08-21,105.5,107.7,108.8,105.2,43.011,0.00251,15349800,1650830920.0,-0.3700277520813982,108.1
HK.03690,美团-W,2024-08-22,109.1,109.0,109.3,105.3,43.53,0.00296,18083963,1943392923.0,1.2070566388115107,107.7
HK.03690,美团-W,2024-08-23,107.2,107.5,107.9,106.3,42.931,0.00273,16679813,1787522466.0,-1.376146788990826,109.0
HK.03690,美团-W,2024-08-26,108.5,109.0,111.0,108.0,43.53,0.00307,18754675,2047842886.0,1.3953488372093024,107.5
HK.03690,美团-W,2024-08-27,106.0,106.2,107.0,103.0,42.412,0.007,42738256,4505374297.0,-2.5688073394495388,109.0
HK.03690,美团-W,2024-08-28,104.8,102.8,105.5,101.6,41.054,0.00718,43855211,4530179928.0,-3.201506591337105,106.2
HK.03690,美团-W,2024-08-29,110.0,115.7,116.5,108.2,46.206,0.01456,88880692,10003663554.0,12.548638132295723,102.8
HK.03690,美团-W,2024-08-30,116.9,118.2,121.9,116.0,47.204,0.01227,74886388,8934570566.0,2.16076058772688,115.7
HK.03690,美团-W,2024-09-02,118.5,116.3,119.3,115.8,46.445,0.00446,27217094,3193465234.0,-1.6074450084602416,118.2
HK.03690,美团-W,2024-09-03,116.7,118.9,119.4,116.4,47.484,0.00321,19616696,2322804223.0,2.2355975924333693,116.3
HK.03690,美团-W,2024-09-04,118.9,119.2,120.4,117.0,47.603,0.00451,27521023,3271849669.0,0.2523128679562633,118.9
HK.03690,美团-W,2024-09-05,119.2,119.3,120.9,117.8,47.643,0.00409,24972705,2975224776.0,0.0838926174496596,119.2
HK.03690,美团-W,2024-09-09,118.3,118.6,120.2,117.2,47.364,0.00625,38187905,4524753286.0,-0.5867560771165155,119.3
HK.03690,美团-W,2024-09-10,119.4,118.9,119.8,116.9,47.295,0.00359,21838708,2592759580.0,0.2529510961214261,118.6
HK.03690,美团-W,2024-09-11,116.7,119.4,119.9,116.7,47.494,0.00379,23022020,2736485102.0,0.4205214465937762,118.9
HK.03690,美团-W,2024-09-12,120.9,122.3,124.9,119.9,48.647,0.00678,41248772,5079727718.0,2.4288107202679994,119.4
HK.03690,美团-W,2024-09-13,123.6,123.0,126.0,122.6,48.926,0.0047,28574247,3551542329.0,0.5723630417007383,122.3
HK.03690,美团-W,2024-09-16,123.2,126.5,127.0,122.2,50.318,0.00351,21336151,2683847216.0,2.845528455284553,123.0
HK.03690,美团-W,2024-09-17,126.7,128.6,128.9,126.2,51.153,0.0029,17621881,2260390361.0,1.6600790513833947,126.5
HK.03690,美团-W,2024-09-19,128.8,133.8,134.7,127.7,53.221,0.00887,53919649,7110994633.0,4.043545878693637,128.6
HK.03690,美团-W,2024-09-20,135.6,135.9,138.1,133.8,54.057,0.0099,60241060,8174574196.0,1.5695067264573943,133.8
HK.03690,美团-W,2024-09-23,135.8,132.8,138.3,131.3,52.824,0.00624,37934059,5072962093.0,-2.281089036055919,135.9
HK.03690,美团-W,2024-09-24,136.8,139.8,139.9,134.9,55.608,0.00959,58311925,8067174042.0,5.271084337349397,132.8
HK.03690,美团-W,2024-09-25,147.2,141.3,148.0,139.7,56.205,0.01238,75294115,10765691308.0,1.072961373390558,139.8
HK.03690,美团-W,2024-09-26,143.8,152.2,153.3,142.6,60.54,0.01385,84240850,12505740689.0,7.714083510261838,141.3
HK.03690,美团-W,2024-09-27,160.0,164.6,170.0,159.6,65.473,0.02092,127235353,20835345196.0,8.147174770039427,152.2
HK.03690,美团-W,2024-09-30,176.4,172.0,178.0,167.6,68.416,0.0169,102848272,17708900215.0,4.495747266099639,164.6
HK.03690,美团-W,2024-10-02,178.0,197.2,201.4,178.0,78.471,0.01825,111032616,21390913356.0,14.651162790697668,172.0
HK.03690,美团-W,2024-10-03,198.0,205.0,209.8,189.0,81.575,0.01283,78089168,15514923092.0,3.9553752535497018,197.2
HK.03690,美团-W,2024-10-04,199.9,213.4,213.8,197.3,84.918,0.01184,72028503,14933098677.0,4.097560975609759,205.0
HK.03690,美团-W,2024-10-07,212.0,213.2,217.0,206.2,84.838,0.00833,50709476,10783014713.0,-0.0937207122774213,213.4
HK.03690,美团-W,2024-10-08,204.8,180.2,207.6,177.7,71.707,0.02121,129061135,24708532544.0,-15.47842401500938,213.2
HK.03690,美团-W,2024-10-09,189.4,184.4,198.4,175.3,73.378,0.01779,108218713,20178267892.0,2.3307436182020074,180.2
HK.03690,美团-W,2024-10-10,193.2,193.7,200.0,189.7,77.079,0.01129,68711009,13354745626.0,5.043383947939254,184.4
HK.03690,美团-W,2024-10-14,189.9,183.6,190.8,177.8,73.06,0.01025,62345605,11495666215.0,-5.214248838409909,193.7
HK.03690,美团-W,2024-10-15,182.8,170.8,185.4,168.4,67.966,0.01144,69635778,12129061802.0,-6.971677559912845,183.6
HK.03690,美团-W,2024-10-16,170.0,173.2,177.6,167.1,68.921,0.00792,48202224,8374350044.0,1.4051522248243429,170.8
HK.03690,美团-W,2024-10-17,176.7,170.2,180.3,168.4,67.727,0.0061,37092810,6452344454.0,-1.7321016166281755,173.2
HK.03690,美团-W,2024-10-18,170.1,185.4,187.8,170.0,73.776,0.00915,55680008,10037683247.0,8.930669800235028,170.2
HK.03690,美团-W,2024-10-21,182.3,181.2,187.3,179.1,72.105,0.0053,32248970,5903474820.0,-2.2653721682847987,185.4
HK.03690,美团-W,2024-10-22,181.2,184.8,188.6,180.5,73.537,0.00426,25949808,4789199645.0,1.9867549668874296,181.2
HK.03690,美团-W,2024-10-23,187.3,194.9,197.5,186.2,77.556,0.00742,45149007,8764179961.0,5.465367965367962,184.8
HK.03690,美团-W,2024-10-24,190.6,187.0,194.2,186.5,74.413,0.00479,29157453,5525835043.0,-4.053360697793743,194.9
HK.03690,美团-W,2024-10-25,186.5,184.9,189.8,182.6,73.577,0.00408,24837829,4617209291.0,-1.122994652406414,187.0
HK.03690,美团-W,2024-10-28,185.9,185.2,189.0,183.7,73.696,0.00322,19619475,3642555441.0,0.1622498647917701,184.9
HK.03690,美团-W,2024-10-29,189.2,189.3,192.9,186.9,75.328,0.00537,32660150,6204712780.0,2.2138228941684788,185.2
HK.03690,美团-W,2024-10-30,186.5,184.7,190.2,182.6,73.497,0.00413,25149030,4659105348.0,-2.4300052826201917,189.3
HK.03690,美团-W,2024-10-31,185.4,182.5,186.4,182.3,72.622,0.00306,18630573,3425203144.0,-1.1911207363291765,184.7
HK.03690,美团-W,2024-11-01,186.4,187.6,190.4,184.6,74.651,0.00353,21507197,4035753876.0,2.7945205479452024,182.5
HK.03690,美团-W,2024-11-04,188.0,187.7,190.4,185.0,74.691,0.00231,14033434,2631009671.0,0.0533049040511696,187.6
HK.03690,美团-W,2024-11-05,184.4,193.8,193.9,184.4,77.118,0.00467,28395939,5386755844.0,3.249866808737359,187.7
HK.03690,美团-W,2024-11-06,191.0,189.3,193.0,183.3,75.328,0.00626,38093891,7161648216.0,-2.3219814241486065,193.8
HK.03690,美团-W,2024-11-07,188.0,199.9,200.4,186.1,79.546,0.00694,42255252,8287126730.0,5.599577390385628,189.3
HK.03690,美团-W,2024-11-08,203.0,191.8,205.4,190.4,76.323,0.00648,39449252,7708009189.0,-4.0520260130065004,199.9
HK.03690,美团-W,2024-11-11,185.0,185.6,187.1,181.3,73.855,0.00644,39159080,7202967282.0,-3.2325338894682045,191.8
HK.03690,美团-W,2024-11-12,182.8,175.7,184.8,171.8,69.916,0.00995,60520914,10711866301.0,-5.334051724137934,185.6
HK.03690,美团-W,2024-11-13,173.0,175.4,175.6,168.6,69.797,0.00594,36152267,6238892593.0,-0.1707455890722726,175.7
HK.03690,美团-W,2024-11-14,171.0,169.3,177.8,168.1,67.369,0.00549,33412299,5715455713.0,-3.477765108323828,175.4
HK.03690,美团-W,2024-11-15,171.0,169.6,174.0,166.6,67.489,0.00435,26486305,4513609058.0,0.1772002362669716,169.3
HK.03690,美团-W,2024-11-18,171.0,169.0,173.0,166.7,67.25,0.00464,28205598,4784863769.0,-0.353773584905657,169.6
HK.03690,美团-W,2024-11-19,169.1,171.9,172.6,167.2,68.404,0.00428,26059344,4430973299.0,1.7159763313609502,169.0
HK.03690,美团-W,2024-11-20,171.9,174.8,176.0,170.9,69.558,0.00386,23492659,4078124695.0,1.6870273414776067,171.9
HK.03690,美团-W,2024-11-21,174.8,172.7,175.9,172.1,68.722,0.00232,14104129,2450838360.0,-1.2013729977116834,174.8
HK.03690,美团-W,2024-11-22,172.5,167.1,174.4,165.1,66.494,0.00423,25731303,4333002442.0,-3.242617255356106,172.7
HK.03690,美团-W,2024-11-25,165.9,162.0,168.2,158.2,64.464,0.00903,54935851,8902161289.0,-3.0520646319569087,167.1
HK.03690,美团-W,2024-11-26,161.0,164.3,168.6,160.2,65.38,0.00424,25797668,4255800222.0,1.41975308641976,162.0
HK.03690,美团-W,2024-11-27,165.8,176.2,176.8,163.7,70.115,0.00686,41736756,7166659546.0,7.242848447961032,164.3
HK.03690,美团-W,2024-11-28,176.9,172.2,176.9,170.7,68.523,0.00399,24252235,4190326377.0,-2.270147559591374,176.2
HK.03690,美团-W,2024-11-29,171.1,168.7,177.0,165.2,67.13,0.00663,40356999,6881047881.0,-2.032520325203252,172.2
HK.03690,美团-W,2024-12-02,160.0,167.4,169.2,159.9,66.613,0.01091,66398327,10916901728.0,-0.7705986959098892,168.7
HK.03690,美团-W,2024-12-03,167.2,165.5,167.3,160.7,65.857,0.00686,41771143,6842320339.0,-1.1350059737156546,167.4
HK.03690,美团-W,2024-12-04,166.3,165.2,170.6,164.8,65.738,0.00533,32453687,5408164672.0,-0.1812688821752334,165.5
HK.03690,美团-W,2024-12-05,162.8,159.2,163.3,157.0,63.35,0.00765,46562493,7426508317.0,-3.631961259079904,165.2
HK.03690,美团-W,2024-12-06,160.8,162.4,163.7,156.9,64.623,0.0105,63874792,10264621427.0,2.0100502512562923,159.2
HK.03690,美团-W,2024-12-09,159.0,171.7,172.5,158.9,68.324,0.00967,58871653,9736726223.0,5.726600985221665,162.4
HK.03690,美团-W,2024-12-10,182.0,171.8,182.9,171.0,68.364,0.01164,70828812,12496546941.0,0.0582411182294832,171.7
HK.03690,美团-W,2024-12-11,172.1,167.0,175.2,165.4,66.454,0.00485,29501888,4990135019.0,-2.7939464493597272,171.8
HK.03690,美团-W,2024-12-12,169.0,168.9,173.0,163.2,67.21,0.00656,39912261,6705027452.0,1.137724550898207,167.0
HK.03690,美团-W,2024-12-13,165.0,162.6,165.8,161.6,64.703,0.00611,37180662,6070473166.0,-3.7300177619893495,168.9
HK.03690,美团-W,2024-12-16,161.6,159.6,162.7,158.2,63.509,0.00446,27168729,4338973425.0,-1.8450184501845015,162.6
HK.03690,美团-W,2024-12-17,156.9,158.6,164.8,155.6,63.111,0.00556,33855934,5379055022.0,-0.6265664160401003,159.6
HK.03690,美团-W,2024-12-18,164.8,160.1,164.8,159.2,63.708,0.00306,18611465,2988467839.0,0.9457755359394704,158.6
HK.03690,美团-W,2024-12-19,157.3,158.4,159.2,156.4,63.032,0.00338,20597561,3253411009.0,-1.061836352279818,160.1
HK.03690,美团-W,2024-12-20,158.0,158.6,161.2,157.3,62.712,0.00564,34086217,5418177427.0,0.126262626262619,158.4
HK.03690,美团-W,2024-12-23,161.2,155.6,161.5,153.6,61.526,0.00522,31530269,4905774443.0,-1.8915510718789408,158.6
HK.03690,美团-W,2024-12-24,156.8,155.1,157.3,153.1,61.328,0.00334,20197571,3115123333.0,-0.3213367609254499,155.6
HK.03690,美团-W,2024-12-27,153.1,154.7,157.0,151.6,61.17,0.0039,23550112,3640007686.0,-0.2578981302385594,155.1
HK.03690,美团-W,2024-12-30,155.9,152.8,156.6,151.4,60.419,0.00421,25450241,3893607693.0,-1.228183581124743,154.7
HK.03690,美团-W,2024-12-31,152.7,151.7,154.8,151.7,59.984,0.00193,11665658,1783303292.0,-0.71989528795813,152.8
HK.03690,美团-W,2025-01-02,151.7,150.6,154.3,148.4,59.549,0.00475,28715165,4322192014.0,-0.725115359261697,151.7
HK.03690,美团-W,2025-01-03,151.3,153.7,155.7,148.8,60.775,0.00505,30511065,4665644080.0,2.0584329349269552,150.6
HK.03690,美团-W,2025-01-06,153.8,150.7,153.8,148.4,59.588,0.0046,27783624,4169062743.0,-1.951854261548471,153.7
HK.03690,美团-W,2025-01-07,150.7,148.7,152.8,145.8,58.797,0.00512,30932550,4601183930.0,-1.3271400132714002,150.7
HK.03690,美团-W,2025-01-08,148.9,146.7,149.1,143.9,58.007,0.00427,25790556,3767426622.0,-1.3449899125756557,148.7
HK.03690,美团-W,2025-01-09,145.9,144.4,146.8,142.5,57.097,0.00439,26551311,3827119336.0,-1.5678254942058507,146.7
HK.03690,美团-W,2025-01-10,146.1,140.1,146.4,139.0,55.397,0.00511,30901748,4361305500.0,-2.977839335180063,144.4
HK.03690,美团-W,2025-01-13,139.0,137.4,139.0,133.5,54.329,0.00625,37818018,5143929719.0,-1.9271948608136964,140.1
HK.03690,美团-W,2025-01-14,138.8,144.3,146.7,138.1,57.058,0.00972,58761811,8450457857.0,5.021834061135375,137.4
HK.03690,美团-W,2025-01-15,143.3,144.5,146.0,141.2,57.137,0.00488,29515844,4258124537.0,0.1386001386001307,144.3
HK.03690,美团-W,2025-01-16,146.7,147.6,150.5,144.5,58.362,0.00624,37707184,5562490982.0,2.1453287197231794,144.5
HK.03690,美团-W,2025-01-17,148.2,147.8,149.1,145.0,58.442,0.00339,20474850,3013558783.0,0.1355013550135617,147.6
HK.03690,美团-W,2025-01-20,151.0,155.5,158.8,150.6,61.486,0.01039,62838210,9774753994.0,5.209742895805134,147.8
HK.03690,美团-W,2025-01-21,159.7,158.5,160.4,155.0,62.672,0.00678,41021524,6497398959.0,1.929260450160772,155.5
HK.03690,美团-W,2025-01-22,157.5,152.5,157.5,151.3,60.3,0.00657,39709233,6079426128.0,-3.785488958990536,158.5
HK.03690,美团-W,2025-01-23,153.7,151.1,155.7,150.0,59.746,0.00422,25525543,3879430886.0,-0.9180327868852496,152.5
HK.03690,美团-W,2025-01-24,153.3,150.0,153.7,149.0,59.311,0.00651,39355209,5943655544.0,-0.7279947054930472,151.1
HK.03690,美团-W,2025-01-27,151.8,149.7,155.3,149.3,59.193,0.0062,37485511,5685904600.0,-0.2000000000000076,150.0
HK.03690,美团-W,2025-01-28,151.8,148.2,152.4,146.8,58.6,0.00276,16691789,2490598983.0,-1.0020040080160322,149.7
HK.03690,美团-W,2025-02-03,148.2,142.3,148.2,140.0,56.267,0.00706,42691211,6079819589.0,-3.981106612685545,148.2
HK.03690,美团-W,2025-02-04,144.9,150.8,151.9,144.2,59.628,0.00862,52094377,7730114263.0,5.973295853829937,142.3
HK.03690,美团-W,2025-02-05,154.0,150.9,154.2,146.8,59.667,0.00794,48027206,7248641159.0,0.0663129973474763,150.8
HK.03690,美团-W,2025-02-06,152.8,150.1,152.9,146.8,59.351,0.00592,35817495,5345501267.0,-0.5301524188204184,150.9
HK.03690,美团-W,2025-02-07,148.0,154.1,155.8,146.0,60.933,0.00827,49976855,7598158293.0,2.664890073284477,150.1
HK.03690,美团-W,2025-02-10,155.0,162.7,163.3,154.5,64.333,0.0108,65305089,10493577109.0,5.5807916937053825,154.1
HK.03690,美团-W,2025-02-11,166.2,161.8,167.6,161.3,63.977,0.00932,56360376,9231266082.0,-0.5531653349723278,162.7
HK.03690,美团-W,2025-02-12,162.6,155.2,162.7,150.2,61.368,0.01893,114470084,17558341011.0,-4.079110012360953,161.8
HK.03690,美团-W,2025-02-13,155.2,159.7,167.5,155.2,63.147,0.0157,94924956,15360136721.0,2.899484536082474,155.2
HK.03690,美团-W,2025-02-14,162.0,169.9,170.0,161.9,67.18,0.01253,75772482,12647316682.0,6.3869755792110325,159.7
HK.03690,美团-W,2025-02-17,174.2,168.9,179.3,166.1,66.785,0.01421,85909353,14789129199.0,-0.5885815185403178,169.9
HK.03690,美团-W,2025-02-18,170.2,172.9,177.0,167.0,68.366,0.01104,66733331,11444481540.0,2.3682652457075193,168.9
HK.03690,美团-W,2025-02-19,169.6,167.7,171.8,166.0,66.31,0.00777,46995938,7891005062.0,-3.0075187969924913,172.9
HK.03690,美团-W,2025-02-20,158.0,156.9,160.2,156.1,62.04,0.01501,90728227,14304964022.0,-6.440071556350617,167.7
HK.03690,美团-W,2025-02-21,158.8,162.9,163.2,155.3,64.412,0.01422,85995656,13768266680.0,3.824091778202677,156.9
HK.03690,美团-W,2025-02-24,164.7,166.5,168.9,160.0,65.836,0.01035,62554358,10360491958.0,2.209944751381212,162.9
HK.03690,美团-W,2025-02-25,160.0,158.6,163.3,157.2,62.712,0.00872,52752020,8439533200.0,-4.7447447447447475,166.5
HK.03690,美团-W,2025-02-26,161.1,174.2,177.0,160.0,68.88,0.0167,100972406,17210522372.0,9.836065573770489,158.6
HK.03690,美团-W,2025-02-27,175.1,172.8,176.0,167.8,68.327,0.01032,62385994,10748875378.0,-0.8036739380022832,174.2
HK.03690,美团-W,2025-02-28,169.8,162.0,170.5,160.3,64.056,0.0106,64070709,10520064732.0,-6.250000000000005,172.8
HK.03690,美团-W,2025-03-03,162.8,162.6,166.1,160.8,64.294,0.00612,36975379,6043577521.0,0.3703703703703668,162.0
HK.03690,美团-W,2025-03-04,158.9,161.2,163.1,158.0,63.74,0.00386,23331992,3747599653.0,-0.8610086100861045,162.6
HK.03690,美团-W,2025-03-05,165.1,171.5,172.7,163.5,67.813,0.00795,48079120,8146225914.0,6.38957816377172,161.2
HK.03690,美团-W,2025-03-06,174.7,180.3,181.5,174.2,71.293,0.01133,68514831,12258828781.0,5.131195335276974,171.5
HK.03690,美团-W,2025-03-07,180.3,183.5,189.6,177.0,73.312,0.01243,75915127,13978005470.0,1.7748197448696552,180.3
HK.03690,美团-W,2025-03-10,183.5,174.9,184.0,173.0,69.876,0.00819,50030702,8869019143.0,-4.686648501362395,183.5
HK.03690,美团-W,2025-03-11,170.0,171.6,173.3,167.7,68.557,0.00775,47328733,8053843464.0,-1.8867924528301951,174.9
HK.03690,美团-W,2025-03-12,174.2,168.3,175.6,165.1,67.239,0.00643,39260107,6645979850.0,-1.9230769230769131,171.6
HK.03690,美团-W,2025-03-13,168.3,164.5,168.9,161.4,65.721,0.00636,38849089,6376260924.0,-2.2578728461081465,168.3
HK.03690,美团-W,2025-03-14,168.4,173.4,175.5,165.4,69.276,0.00723,44151948,7596574144.0,5.410334346504563,164.5
HK.03690,美团-W,2025-03-17,177.8,175.1,178.9,174.2,69.956,0.00615,37555448,6636558241.0,0.9803921568627384,173.4
HK.03690,美团-W,2025-03-18,181.5,177.3,181.8,174.7,70.834,0.00672,41082229,7254489122.0,1.2564249000571202,175.1
HK.03690,美团-W,2025-03-19,176.6,175.9,176.6,172.4,70.275,0.00636,38845173,6772195671.0,-0.789622109419067,177.3
HK.03690,美团-W,2025-03-20,175.9,168.1,175.9,167.7,67.159,0.00721,44029819,7503060559.0,-4.434337691870387,175.9
HK.03690,美团-W,2025-03-21,168.9,167.6,172.4,165.6,26.481,0.00817,49899045,8410185674.0,-0.297441998810232,168.1
HK.03690,美团-W,2025-03-24,163.0,165.7,166.2,158.8,26.181,0.01002,61238376,9919146988.0,-1.1336515513126526,167.6
HK.03690,美团-W,2025-03-25,162.9,158.5,163.0,158.1,25.043,0.00718,43845502,6995163724.0,-4.34520217260108,165.7
HK.03690,美团-W,2025-03-26,159.0,159.9,161.2,156.7,25.264,0.00434,26504416,4216989432.0,0.8832807570977954,158.5
HK.03690,美团-W,2025-03-27,162.2,162.8,165.8,159.6,25.722,0.0042,25666765,4189296452.0,1.8136335209505976,159.9
HK.03690,美团-W,2025-03-28,163.1,160.1,165.5,159.0,25.296,0.00387,23655795,3811133066.0,-1.6584766584766688,162.8
HK.03690,美团-W,2025-03-31,156.2,155.8,160.1,154.1,24.616,0.00585,35770136,5601821876.0,-2.6858213616489586,160.1
HK.03690,美团-W,2025-04-01,157.7,157.9,160.3,156.9,24.948,0.00375,22898803,3628239055.0,1.3478818998716269,155.8
HK.03690,美团-W,2025-04-02,157.0,157.8,160.3,155.5,24.932,0.00307,18784941,2962780279.0,-0.0633312222925866,157.9
HK.03690,美团-W,2025-04-03,152.4,157.9,160.8,152.4,24.948,0.00539,32917192,5179460374.0,0.0633713561470179,157.8
HK.03690,美团-W,2025-04-07,145.1,134.3,148.9,132.7,21.219,0.01605,98058866,13652926321.0,-14.946168461051291,157.9
HK.03690,美团-W,2025-04-08,135.8,140.6,144.5,135.8,22.215,0.01318,80514588,11293580960.0,4.690990320178692,134.3
HK.03690,美团-W,2025-04-09,135.0,146.4,149.4,133.3,23.131,0.01153,70467850,10024524763.0,4.125177809388344,140.6
HK.03690,美团-W,2025-04-10,148.3,145.4,152.3,144.0,22.973,0.01185,72400269,10670537221.0,-0.6830601092896175,146.4
HK.03690,美团-W,2025-04-11,144.9,143.5,146.2,141.0,22.673,0.00839,51245697,7357395627.0,-1.3067400275103205,145.4
HK.03690,美团-W,2025-04-14,146.6,145.9,147.1,143.1,23.052,0.00554,33857822,4927203763.0,1.6724738675958226,143.5
HK.03690,美团-W,2025-04-15,146.5,146.8,147.3,143.9,23.194,0.00398,24286799,3540742245.0,0.616860863605213,145.9
HK.03690,美团-W,2025-04-16,143.1,134.9,144.5,133.5,21.314,0.01286,78561767,10729263547.0,-8.106267029972756,146.8
HK.03690,美团-W,2025-04-17,133.2,136.5,136.5,129.6,21.567,0.00931,56895776,7622679577.0,1.186063750926608,134.9
HK.03690,美团-W,2025-04-22,131.1,130.2,131.5,125.6,20.571,0.01805,110254462,14160794731.0,-4.615384615384624,136.5
HK.03690,美团-W,2025-04-23,133.0,133.9,134.7,130.7,21.156,0.00899,54953599,7309573507.0,2.841781874039952,130.2
HK.03690,美团-W,2025-04-24,132.0,127.0,132.6,125.8,20.066,0.01242,75864030,9712800529.0,-5.153099327856613,133.9
HK.03690,美团-W,2025-04-25,125.6,127.6,130.7,125.6,20.161,0.00926,56566102,7250730679.0,0.4724409448818852,127.0
HK.03690,美团-W,2025-04-28,127.6,128.4,129.8,125.0,20.287,0.00903,55141223,7007747333.0,0.6269592476489118,127.6
HK.03690,美团-W,2025-04-29,129.5,132.1,134.8,128.2,20.872,0.00907,55426571,7347111302.0,2.881619937694695,128.4
HK.03690,美团-W,2025-04-30,132.1,130.3,134.6,128.3,20.587,0.00777,47460144,6197149445.0,-1.3626040878122505,132.1
HK.03690,美团-W,2025-05-02,129.6,132.5,133.1,128.8,20.935,0.00473,28920212,3804511282.0,1.6884113584036748,130.3
HK.03690,美团-W,2025-05-06,133.2,138.5,141.0,131.2,21.883,0.01424,87006642,11947586912.0,4.528301886792453,132.5
HK.03690,美团-W,2025-05-07,144.0,139.0,145.0,138.5,21.962,0.00962,58771688,8309768947.0,0.3610108303249097,138.5
HK.03690,美团-W,2025-05-08,139.0,141.4,144.3,138.7,22.341,0.00642,39204516,5572776871.0,1.7266187050359754,139.0
HK.03690,美团-W,2025-05-09,143.0,141.0,143.3,139.2,22.278,0.00442,26978060,3798730546.0,-0.2828854314002869,141.4
HK.03690,美团-W,2025-05-12,145.0,144.5,145.9,139.0,22.831,0.0109,66601665,9523521533.0,2.4822695035460995,141.0
HK.03690,美团-W,2025-05-13,144.4,137.4,144.4,137.0,21.709,0.0089,54387262,7553637532.0,-4.9134948096885775,144.5
HK.03690,美团-W,2025-05-14,139.4,139.4,141.6,137.7,22.025,0.00779,47614723,6636310080.0,1.455604075691412,137.4
HK.03690,美团-W,2025-05-15,138.0,135.4,138.4,134.8,21.393,0.00721,44033746,6003008306.0,-2.8694404591104736,139.4
HK.03690,美团-W,2025-05-16,132.6,131.4,134.1,130.3,20.761,0.00993,60689121,7996943142.0,-2.954209748892171,135.4
HK.03690,美团-W,2025-05-19,129.1,134.4,136.2,127.8,21.235,0.00861,52631525,7002578851.0,2.28310502283105,131.4
HK.03690,美团-W,2025-05-20,132.9,136.4,137.4,132.9,21.551,0.0058,35438230,4805527040.0,1.488095238095238,134.4
HK.03690,美团-W,2025-05-21,136.4,137.3,138.6,135.2,21.693,0.00525,32045978,4394352758.0,0.6598240469208252,136.4
HK.03690,美团-W,2025-05-22,136.5,136.0,138.4,135.1,21.488,0.00506,30893775,4212664323.0,-0.946831755280416,137.3
HK.03690,美团-W,2025-05-23,136.0,136.9,139.5,136.0,21.63,0.0061,37290455,5134012932.0,0.6617647058823571,136.0
HK.03690,美团-W,2025-05-26,136.2,129.4,136.5,128.2,20.445,0.01563,95490174,12427180306.0,-5.47845142439737,136.9
HK.03690,美团-W,2025-05-27,123.0,132.1,132.4,122.3,20.872,0.01518,92728255,11893986405.0,2.086553323029358,129.4
HK.03690,美团-W,2025-05-28,131.0,131.4,132.0,129.6,20.761,0.00734,44849657,5859071698.0,-0.5299015897047605,132.1
HK.03690,美团-W,2025-05-29,131.0,140.1,140.9,129.9,22.136,0.01807,110427776,15176913534.0,6.621004566210037,131.4
HK.03690,美团-W,2025-05-30,137.4,138.0,140.1,135.8,21.804,0.01109,67729328,9328657249.0,-1.4989293361884328,140.1
HK.03690,美团-W,2025-06-02,136.3,135.7,136.4,131.1,21.44,0.00489,29861371,4006443228.0,-1.666666666666675,138.0
HK.03690,美团-W,2025-06-03,135.7,136.6,138.1,134.8,21.583,0.00521,31827489,4336400496.0,0.6632277081798126,135.7
HK.03690,美团-W,2025-06-04,134.7,140.7,142.8,134.7,22.231,0.00991,60551727,8504143572.0,3.001464128843334,136.6
HK.03690,美团-W,2025-06-05,141.4,144.4,147.6,141.4,22.815,0.00917,56000955,8116800723.0,2.629708599857866,140.7
HK.03690,美团-W,2025-06-06,145.7,141.7,146.3,141.0,22.389,0.00686,41913440,5975393588.0,-1.8698060941828372,144.4
HK.03690,美团-W,2025-06-09,145.0,148.4,149.8,144.7,23.447,0.00982,59982755,8889285199.0,4.728299223712081,141.7
HK.03690,美团-W,2025-06-10,148.0,144.4,148.2,143.1,22.815,0.00903,55184136,8013990157.0,-2.6954177897574123,148.4
HK.03690,美团-W,2025-06-11,144.4,143.8,145.5,143.2,22.72,0.0068,41562132,6003056890.0,-0.4155124653739572,144.4
HK.03690,美团-W,2025-06-12,141.0,141.0,144.8,140.2,22.278,0.00679,41489094,5897442626.0,-1.9471488178025111,143.8
HK.03690,美团-W,2025-06-13,139.3,138.2,140.6,136.0,21.835,0.00944,57660518,7949183935.0,-1.9858156028368872,141.0
HK.03690,美团-W,2025-06-16,136.3,138.8,139.5,134.8,21.93,0.00718,43857495,6018468191.0,0.4341534008683233,138.2
HK.03690,美团-W,2025-06-17,139.3,138.1,141.4,137.1,21.82,0.00424,25920440,3598307313.0,-0.5043227665706174,138.8
HK.03690,美团-W,2025-06-18,137.0,133.3,137.1,132.7,21.061,0.00748,45725864,6117115370.0,-3.47574221578565,138.1
HK.03690,美团-W,2025-06-19,132.3,128.3,132.5,127.5,20.271,0.01006,61441168,7946431934.0,-3.750937734433609,133.3
HK.03690,美团-W,2025-06-20,128.0,128.6,129.7,127.6,20.319,0.00745,45495479,5848163521.0,0.2338269680436344,128.3
HK.03690,美团-W,2025-06-23,126.3,131.4,132.9,126.0,20.761,0.00953,58256443,7591920690.0,2.1772939346811913,128.6
HK.03690,美团-W,2025-06-24,133.0,130.0,134.4,127.8,20.54,0.01097,67005171,8772871308.0,-1.0654490106544945,131.4
HK.03690,美团-W,2025-06-25,130.4,131.8,133.0,129.9,20.824,0.00847,51771073,6809388778.0,1.3846153846153932,130.0
HK.03690,美团-W,2025-06-26,130.1,130.0,131.2,128.6,20.54,0.00591,36118238,4688438944.0,-1.365705614567535,131.8
HK.03690,美团-W,2025-06-27,129.6,129.4,131.2,128.5,20.445,0.00734,44855347,5807365167.0,-0.4615384615384572,130.0
HK.03690,美团-W,2025-06-30,128.6,125.3,128.9,125.3,19.797,0.01177,71889200,9110888227.0,-3.168469860896451,129.4
HK.03690,美团-W,2025-07-02,127.2,126.0,127.8,124.0,19.908,0.00812,49628850,6241884733.0,0.5586592178770973,125.3
HK.03690,美团-W,2025-07-03,124.9,122.8,125.5,122.4,19.402,0.0111,67794577,8346799499.0,-2.539682539682542,126.0
HK.03690,美团-W,2025-07-04,121.3,120.8,123.2,119.5,19.086,0.01014,61959326,7509491526.0,-1.6286644951140066,122.8
HK.03690,美团-W,2025-07-07,119.4,119.0,119.4,115.8,18.802,0.01361,83139176,9778342901.0,-1.4900662251655603,120.8
HK.03690,美团-W,2025-07-08,117.6,122.2,122.5,116.8,19.307,0.01008,61606923,7408084049.0,2.6890756302521033,119.0
HK.03690,美团-W,2025-07-09,121.5,119.2,122.1,118.8,18.833,0.00811,49539878,5953496504.0,-2.454991816693944,122.2
HK.03690,美团-W,2025-07-10,118.0,118.6,120.5,117.5,18.739,0.00767,46874068,5569256997.0,-0.5033557046979937,119.2
HK.03690,美团-W,2025-07-11,118.5,120.0,122.9,117.2,18.96,0.0097,59292989,7178497458.0,1.1804384485666153,118.6
HK.03690,美团-W,2025-07-14,119.8,120.9,121.6,118.3,19.102,0.00617,37669963,4529048561.0,0.7500000000000048,120.0
HK.03690,美团-W,2025-07-15,121.0,126.2,126.5,120.8,19.939,0.01463,89410007,11134362646.0,4.383788254755994,120.9
HK.03690,美团-W,2025-07-16,127.8,124.1,129.6,123.8,19.608,0.01126,68803291,8722600929.0,-1.664025356576869,126.2
HK.03690,美团-W,2025-07-17,125.4,125.5,127.4,125.0,19.829,0.00667,40731440,5139007491.0,1.1281224818694648,124.1
HK.03690,美团-W,2025-07-18,127.8,127.3,129.1,126.7,20.113,0.0066,40295446,5145781769.0,1.4342629482071692,125.5
HK.03690,美团-W,2025-07-21,133.0,130.8,133.7,130.1,20.666,0.01362,83230227,10964742718.0,2.7494108405341824,127.3
HK.03690,美团-W,2025-07-22,130.9,129.0,131.5,127.2,20.382,0.00919,56136421,7223747568.0,-1.3761467889908343,130.8
HK.03690,美团-W,2025-07-23,131.0,133.2,134.2,128.2,21.045,0.01189,72661334,9599166055.0,3.255813953488363,129.0
HK.03690,美团-W,2025-07-24,133.0,134.4,136.1,132.0,21.235,0.00927,56625778,7610103644.0,0.9009009009009136,133.2
HK.03690,美团-W,2025-07-25,134.4,130.1,135.4,129.7,20.556,0.00831,50780870,6669210254.0,-3.19940476190477,134.4
HK.03690,美团-W,2025-07-28,130.7,129.4,131.3,129.0,20.445,0.00581,35482986,4606670499.0,-0.5380476556494916,130.1
HK.03690,美团-W,2025-07-29,129.1,128.6,129.2,126.2,20.319,0.00703,42962406,5473167808.0,-0.6182380216383395,129.4
HK.03690,美团-W,2025-07-30,127.0,127.4,130.6,125.8,20.129,0.00756,46172472,5921838169.0,-0.933125972006212,128.6
HK.03690,美团-W,2025-07-31,123.5,121.6,123.6,120.5,19.213,0.01572,96061772,11712066014.0,-4.55259026687599,127.4
HK.03690,美团-W,2025-08-01,121.1,122.2,125.9,121.1,19.307,0.00907,55437231,6844131526.0,0.4934210526315859,121.6
HK.03690,美团-W,2025-08-04,122.2,123.0,123.2,119.9,19.434,0.00569,34769687,4230830239.0,0.6546644844517162,122.2
HK.03690,美团-W,2025-08-05,122.6,122.9,123.2,121.0,19.418,0.00492,30068857,3676937414.0,-0.0813008130081254,123.0
HK.03690,美团-W,2025-08-06,122.8,121.1,122.8,120.3,19.134,0.00738,45089472,5459457789.0,-1.4646053702197,122.9
HK.03690,美团-W,2025-08-07,121.8,122.0,122.7,120.9,19.282,0.00476,29091754,3543346004.0,0.7431874483897652,121.1
HK.03690,美团-W,2025-08-08,121.0,120.8,122.2,120.5,19.092,0.00359,21911956,2652028107.0,-0.9836065573770516,122.0
HK.03690,美团-W,2025-08-11,121.1,119.2,121.3,118.6,18.839,0.00649,39684143,4736078320.0,-1.3245033112582734,120.8
HK.03690,美团-W,2025-08-12,118.4,119.4,119.9,117.8,18.871,0.00524,32006831,3801177308.0,0.1677852348993312,119.2
HK.03690,美团-W,2025-08-13,121.0,124.3,124.9,120.5,19.645,0.009,54998562,6772082453.0,4.1038525963149,119.4
HK.03690,美团-W,2025-08-14,126.2,124.4,127.0,123.7,19.661,0.00731,44651247,5588056782.0,0.0804505229284058,124.3
HK.03690,美团-W,2025-08-15,121.9,121.7,122.1,119.6,19.235,0.01022,62448840,7555710225.0,-2.1704180064308702,124.4
HK.03690,美团-W,2025-08-18,121.7,121.5,124.3,120.9,19.203,0.00645,39442216,4836410194.0,-0.1643385373870196,121.7
HK.03690,美团-W,2025-08-19,121.6,120.8,121.8,120.4,19.092,0.00509,31105236,3760503834.0,-0.5761316872428007,121.5
HK.03690,美团-W,2025-08-20,120.0,120.8,121.3,119.7,19.092,0.00415,25371797,3057170751.0,0.0,120.8
HK.03690,美团-W,2025-08-21,121.0,117.1,121.0,116.2,18.507,0.01152,70414468,8308405570.0,-3.062913907284771,120.8
HK.03690,美团-W,2025-08-22,117.1,118.4,118.6,116.0,18.713,0.0091,55624919,6512929250.0,1.1101622544833574,117.1
HK.03690,美团-W,2025-08-25,119.1,122.3,122.9,118.8,19.329,0.0135,82491028,10023564090.0,3.293918918918912,118.4
HK.03690,美团-W,2025-08-26,122.0,120.0,122.0,120.0,18.966,0.00753,46013154,5552060207.0,-1.880621422730987,122.3
HK.03690,美团-W,2025-08-27,120.0,116.3,120.3,116.1,18.381,0.01318,80540435,9476608969.0,-3.0833333333333357,120.0
HK.03690,美团-W,2025-08-28,105.0,101.7,108.3,101.0,16.073,0.05066,309557433,32178614349.0,-12.55374032674118,116.3
HK.03690,美团-W,2025-08-29,102.4,102.7,103.4,100.2,16.232,0.01854,113304631,11561609130.0,0.983284169124877,101.7
HK.03690,美团-W,2025-09-01,101.5,103.0,104.8,98.0,16.279,0.02171,132661260,13474700223.0,0.2921129503407956,102.7
HK.03690,美团-W,2025-09-02,101.7,101.1,102.8,99.8,15.979,0.01208,73829916,7460781818.0,-1.844660194174763,103.0
HK.03690,美团-W,2025-09-03,101.0,100.5,102.0,99.8,15.884,0.01049,64088481,6434646110.0,-0.5934718100890152,101.1
HK.03690,美团-W,2025-09-04,100.8,101.4,101.9,100.2,16.026,0.01032,63068026,6381494835.0,0.8955223880597071,100.5
HK.03690,美团-W,2025-09-05,101.3,103.0,104.2,101.0,16.279,0.01669,101979886,10505462746.0,1.5779092702169568,101.4
HK.03690,美团-W,2025-09-08,102.5,102.0,103.8,100.8,16.121,0.01584,96814388,9919662678.0,-0.9708737864077668,103.0
HK.03690,美团-W,2025-09-09,102.0,99.65,102.0,97.1,15.749,0.02433,148686738,14766702150.0,-2.3039215686274455,102.0
HK.03690,美团-W,2025-09-10,98.45,101.7,103.4,98.45,16.073,0.01539,94064361,9569403431.0,2.057200200702456,99.65
HK.03690,美团-W,2025-09-11,100.2,96.55,101.0,96.4,15.259,0.02274,138996794,13560486401.0,-5.063913470993123,101.7
HK.03690,美团-W,2025-09-12,97.0,96.55,98.05,95.35,15.259,0.01774,108406343,10499837691.0,0.0,96.55
HK.03690,美团-W,2025-09-15,95.7,97.35,97.85,95.35,15.386,0.01027,62754919,6075424291.0,0.8285862247540107,96.55
HK.03690,美团-W,2025-09-16,98.0,100.3,101.8,97.55,15.852,0.01569,95908509,9604222984.0,3.0303030303030334,97.35
HK.03690,美团-W,2025-09-17,101.1,105.2,106.7,101.0,16.627,0.02276,139083488,14604464247.0,4.885343968095719,100.3
HK.03690,美团-W,2025-09-18,104.9,105.5,109.7,104.0,16.674,0.02044,124934835,13341089177.0,0.2851711026615942,105.2
HK.03690,美团-W,2025-09-19,105.6,106.3,107.6,104.3,16.801,0.01062,64899879,6880077370.0,0.7582938388625565,105.5
HK.03690,美团-W,2025-09-22,105.2,103.9,105.5,102.3,16.421,0.01146,70033614,7253293565.0,-2.257761053621817,106.3
HK.03690,美团-W,2025-09-23,103.8,101.0,104.0,100.3,15.963,0.00965,58944762,5970150758.0,-2.7911453320500534,103.9
HK.03690,美团-W,2025-09-24,100.3,102.2,104.1,100.3,16.152,0.00994,60736788,6227841128.0,1.188118811881191,101.0
HK.03690,美团-W,2025-09-25,101.6,102.3,103.0,100.7,16.168,0.00752,45966392,4684903311.0,0.0978473581213251,102.2
HK.03690,美团-W,2025-09-26,101.0,100.6,102.0,100.3,15.9,0.0066,40317300,4072455182.0,-1.6617790811339226,102.3
HK.03690,美团-W,2025-09-29,101.0,102.8,103.8,101.0,16.247,0.00959,58610731,6018687826.0,2.186878727634198,100.6
HK.03690,美团-W,2025-09-30,102.4,104.5,105.3,101.9,16.516,0.01163,71076759,7364012704.0,1.6536964980544775,102.8
HK.03690,美团-W,2025-10-02,104.2,105.8,107.5,104.1,16.721,0.01018,62226576,6630323979.0,1.244019138755978,104.5
HK.03690,美团-W,2025-10-03,105.8,106.1,106.6,105.1,16.769,0.00545,33287609,3521204990.0,0.2835538752362922,105.8
HK.03690,美团-W,2025-10-06,106.1,105.6,107.8,104.9,16.69,0.00494,30205074,3206359024.0,-0.4712535344015081,106.1
HK.03690,美团-W,2025-10-08,105.0,103.7,105.2,102.5,16.39,0.00606,37052377,3824739800.0,-1.7992424242424163,105.6
HK.03690,美团-W,2025-10-09,104.8,103.6,105.8,102.5,16.374,0.00791,48363814,5030679608.0,-0.0964320154291306,103.7
HK.03690,美团-W,2025-10-10,102.5,101.7,103.7,101.2,16.073,0.00783,47852870,4885307270.0,-1.833976833976826,103.6
HK.03690,美团-W,2025-10-13,98.55,99.8,101.0,97.2,15.773,0.01396,85317769,8463502669.0,-1.868239921337272,101.7
HK.03690,美团-W,2025-10-14,100.1,98.3,101.2,97.85,15.536,0.00928,56742746,5626928644.0,-1.5030060120240485,99.8
HK.03690,美团-W,2025-10-15,99.8,99.9,100.3,98.95,15.789,0.00642,39259817,3914500793.0,1.6276703967446675,98.3
HK.03690,美团-W,2025-10-16,99.05,98.75,100.1,97.9,15.607,0.00541,33048302,3263048054.0,-1.1511511511511567,99.9
HK.03690,美团-W,2025-10-17,98.55,94.5,98.6,94.05,14.935,0.01182,72221262,6909172232.0,-4.30379746835443,98.75
HK.03690,美团-W,2025-10-20,97.5,96.65,97.5,96.05,15.275,0.00653,39887843,3857625360.0,2.275132275132281,94.5
HK.03690,美团-W,2025-10-21,97.5,96.5,98.9,96.4,15.252,0.00644,39365037,3838220843.0,-0.1551991722710871,96.65
HK.03690,美团-W,2025-10-22,96.0,96.1,97.15,95.4,15.188,0.00524,31999681,3075527896.0,-0.4145077720207312,96.5
HK.03690,美团-W,2025-10-23,95.25,100.0,102.7,95.25,15.805,0.0175,106954704,10621247720.0,4.058272632674304,96.1
HK.03690,美团-W,2025-10-24,101.3,100.6,101.9,98.4,15.9,0.00883,53974824,5389310286.0,0.5999999999999943,100.0
HK.03690,美团-W,2025-10-27,101.5,102.0,103.6,101.0,16.121,0.0092,56223912,5750306261.0,1.3916500994035843,100.6
HK.03690,美团-W,2025-10-28,102.0,100.0,102.5,99.75,15.805,0.00622,38000867,3822206064.0,-1.96078431372549,102.0
HK.03690,美团-W,2025-10-30,101.2,102.4,105.3,99.15,16.184,0.01645,100543878,10366753435.0,2.4000000000000057,100.0
HK.03690,美团-W,2025-10-31,102.6,102.0,104.6,102.0,16.121,0.0064,39102336,4024880247.0,-0.3906250000000055,102.4
HK.03690,美团-W,2025-11-03,102.9,102.3,103.8,101.4,16.168,0.00508,31041608,3181967633.0,0.2941176470588207,102.0
HK.03690,美团-W,2025-11-04,101.8,99.9,102.2,99.2,15.789,0.00724,44273602,4446132063.0,-2.3460410557184668,102.3
HK.03690,美团-W,2025-11-05,98.6,101.2,102.0,98.3,15.994,0.00688,42049675,4230579008.0,1.3013013013012984,99.9
HK.03690,美团-W,2025-11-06,102.1,103.3,103.6,101.5,16.326,0.00702,42887298,4413807614.0,2.0750988142292432,101.2
HK.03690,美团-W,2025-11-07,101.9,102.0,102.2,100.8,16.121,0.00487,29757750,3022506737.0,-1.258470474346561,103.3
HK.03690,美团-W,2025-11-10,102.0,103.3,103.6,101.2,16.326,0.00496,30303643,3112785548.0,1.274509803921566,102.0
HK.03690,美团-W,2025-11-11,103.3,102.0,104.4,100.6,16.121,0.00675,41269159,4197723581.0,-1.258470474346561,103.3
HK.03690,美团-W,2025-11-12,102.0,101.8,102.4,100.8,16.089,0.00409,24968884,2537600016.0,-0.1960784313725518,102.0
HK.03690,美团-W,2025-11-13,101.0,102.1,103.0,99.5,16.137,0.00553,33815896,3421970520.0,0.2946954813359501,101.8
HK.03690,美团-W,2025-11-14,100.6,100.0,101.6,99.5,15.805,0.0058,35419273,3545426568.0,-2.056807051909887,102.1
HK.03690,美团-W,2025-11-17,99.5,100.3,102.5,99.5,15.852,0.00473,28915570,2907676038.0,0.2999999999999971,100.0
HK.03690,美团-W,2025-11-18,99.35,98.6,100.1,98.05,15.584,0.00553,33786187,3335585514.0,-1.694915254237291,100.3
HK.03690,美团-W,2025-11-19,98.65,98.0,99.65,97.7,15.489,0.00411,25108369,2468961726.0,-0.6085192697768705,98.6
HK.03690,美团-W,2025-11-20,98.95,98.5,99.4,97.2,15.568,0.00409,24966349,2453894932.0,0.5102040816326531,98.0
HK.03690,美团-W,2025-11-21,97.0,95.55,97.25,95.15,15.101,0.00755,46164332,4433509373.0,-2.9949238578680233,98.5
HK.03690,美团-W,2025-11-24,96.05,98.15,98.6,95.65,15.512,0.00637,38950345,3810237349.0,2.7210884353741585,95.55
HK.03690,美团-W,2025-11-25,99.2,98.25,99.6,97.45,15.528,0.00482,29485452,2900235574.0,0.1018848700967848,98.15
HK.03690,美团-W,2025-11-26,102.4,103.8,105.2,102.1,16.405,0.02097,128129815,13326934186.0,5.6488549618320585,98.25
HK.03690,美团-W,2025-11-27,103.6,104.0,104.8,101.9,16.437,0.00949,58022656,6003642459.0,0.192678227360311,103.8
HK.03690,美团-W,2025-11-28,104.5,102.5,104.8,102.3,16.2,0.00716,43785936,4522753722.0,-1.4423076923076923,104.0
HK.03690,美团-W,2025-12-01,100.1,99.55,103.4,98.6,15.734,0.01415,86464495,8686237171.0,-2.878048780487808,102.5
HK.03690,美团-W,2025-12-02,99.5,96.5,99.7,95.7,15.252,0.01321,80744936,7831610695.0,-3.063787041687591,99.55
HK.03690,美团-W,2025-12-03,96.5,95.9,97.4,95.4,15.157,0.00639,39051180,3751362894.0,-0.6217616580310822,96.5
HK.03690,美团-W,2025-12-04,96.8,98.1,98.8,96.25,15.504,0.00817,49912883,4876753385.0,2.294056308654837,95.9
HK.03690,美团-W,2025-12-05,97.6,99.05,99.75,96.65,15.655,0.00729,44529788,4375516456.0,0.968399592252806,98.1
HK.03690,美团-W,2025-12-08,98.4,99.5,101.2,98.4,15.726,0.0051,31145522,3102147104.0,0.4543160020191851,99.05
HK.03690,美团-W,2025-12-09,99.5,97.35,99.7,97.2,15.386,0.0059,36058225,3530965460.0,-2.160804020100508,99.5
HK.03690,美团-W,2025-12-10,98.4,100.0,100.5,97.65,15.805,0.00843,51497713,5117375615.0,2.7221366204417112,97.35
HK.03690,美团-W,2025-12-11,100.2,101.5,102.0,99.8,16.042,0.00678,41406607,4188543769.0,1.5,100.0
HK.03690,美团-W,2025-12-12,102.0,102.4,104.0,101.4,16.184,0.01394,85213513,8775018771.0,0.8866995073891681,101.5
HK.03690,美团-W,2025-12-15,101.6,100.9,102.8,100.5,15.947,0.00631,38535431,3912560231.0,-1.46484375,102.4
HK.03690,美团-W,2025-12-16,100.2,99.5,101.3,98.65,15.726,0.00525,32115324,3197773753.0,-1.3875123885034744,100.9
HK.03690,美团-W,2025-12-17,99.6,101.3,103.0,98.9,16.01,0.00624,38155110,3857350663.0,1.8090452261306504,99.5
HK.03690,美团-W,2025-12-18,100.7,101.4,102.1,100.2,16.026,0.00372,22759882,2299834130.0,0.0987166831194556,101.3
HK.03690,美团-W,2025-12-19,102.2,102.7,104.5,101.7,16.232,0.0083,50727640,5225878129.0,1.2820512820512793,101.4
HK.03690,美团-W,2025-12-22,104.2,102.8,105.2,102.4,16.247,0.00516,31556484,3259380430.0,0.0973709834469272,102.7
HK.03690,美团-W,2025-12-23,103.7,103.2,104.0,102.5,16.311,0.00345,21108052,2176705961.0,0.3891050583657643,102.8
HK.03690,美团-W,2025-12-24,102.8,103.2,104.2,102.7,16.311,0.00197,12043868,1245784801.0,0.0,103.2
HK.03690,美团-W,2025-12-29,104.0,104.2,106.7,103.8,16.469,0.0093,56811243,5981620110.0,0.9689922480620154,103.2
HK.03690,美团-W,2025-12-30,104.0,104.3,105.1,103.7,16.484,0.00539,32946951,3440189361.0,0.0959692898272498,104.2
HK.03690,美团-W,2025-12-31,103.7,103.3,104.3,102.5,16.326,0.00357,21806552,2247874001.0,-0.9587727708533078,104.3
HK.03690,美团-W,2026-01-02,103.3,104.6,105.8,102.2,16.532,0.004,24476486,2563068459.0,1.258470474346561,103.3
HK.03690,美团-W,2026-01-05,104.2,105.4,106.2,103.7,16.658,0.00669,40887247,4296123546.0,0.7648183556405462,104.6
HK.03690,美团-W,2026-01-06,106.2,106.1,108.0,105.7,16.769,0.0078,47681423,5099690915.0,0.664136622390881,105.4
HK.03690,美团-W,2026-01-07,106.1,104.5,106.1,103.5,16.516,0.00718,43863326,4570699811.0,-1.5080113100848205,106.1
HK.03690,美团-W,2026-01-08,103.7,101.0,103.9,99.65,15.963,0.01174,71725824,7253550959.0,-3.349282296650718,104.5
HK.03690,美团-W,2026-01-09,100.0,98.5,100.6,98.2,15.568,0.01172,71605201,7076085798.0,-2.4752475247524752,101.0
HK.03690,美团-W,2026-01-12,101.3,105.0,106.4,100.8,16.595,0.01779,108743770,11309799466.0,6.598984771573605,98.5
HK.03690,美团-W,2026-01-13,106.5,104.9,107.0,103.9,16.579,0.00851,52013088,5460947281.0,-0.0952380952380898,105.0
HK.03690,美团-W,2026-01-14,104.9,101.5,104.9,100.4,16.042,0.0131,80092305,8142038421.0,-3.241182078169691,104.9
HK.03690,美团-W,2026-01-15,102.0,100.8,102.3,100.2,15.931,0.0064,39093176,3945024952.0,-0.6896551724137958,101.5
HK.03690,美团-W,2026-01-16,101.9,100.0,102.5,99.35,15.805,0.00614,37523001,3754492445.0,-0.7936507936507908,100.8
HK.03690,美团-W,2026-01-19,98.8,98.5,99.9,98.3,15.568,0.0061,37288820,3688128614.0,-1.5,100.0
HK.03690,美团-W,2026-01-20,98.3,97.35,99.45,97.05,15.386,0.00743,45401371,4439900206.0,-1.1675126903553357,98.5
HK.03690,美团-W,2026-01-21,97.0,97.3,98.0,96.3,15.378,0.0063,38515912,3732826134.0,-0.0513610683102179,97.35
HK.03690,美团-W,2026-01-22,97.35,97.0,98.1,96.2,15.331,0.00564,34480371,3337220654.0,-0.3083247687564205,97.3
HK.03690,美团-W,2026-01-23,97.3,97.55,98.8,97.0,15.418,0.00609,37200891,3638783224.0,0.5670103092783475,97.0
HK.03690,美团-W,2026-01-26,97.95,97.1,97.95,96.2,15.346,0.00511,31250095,3025217107.0,-0.4613018964633551,97.55
HK.03690,美团-W,2026-01-27,97.1,96.55,97.55,96.2,15.259,0.00448,27407450,2650166329.0,-0.5664263645726026,97.1
HK.03690,美团-W,2026-01-28,97.0,98.35,98.4,96.1,15.544,0.00654,39950423,3897711004.0,1.8643190056965273,96.55
HK.03690,美团-W,2026-01-29,97.3,98.6,98.9,97.05,15.584,0.00453,27680308,2719596956.0,0.2541942043721403,98.35
HK.03690,美团-W,2026-01-30,98.05,97.2,98.95,97.2,15.362,0.00474,28956959,2833933063.0,-1.419878296146036,98.6
HK.03690,美团-W,2026-02-02,96.5,94.85,96.95,94.05,14.991,0.00894,54620063,5177245156.0,-2.4176954732510376,97.2
HK.03690,美团-W,2026-02-03,95.1,93.2,95.65,91.15,14.73,0.00825,50436330,4696946989.0,-1.7395888244596642,94.85
HK.03690,美团-W,2026-02-04,91.5,92.15,92.65,90.7,14.564,0.00873,53329150,4889303425.0,-1.1266094420600827,93.2
HK.03690,美团-W,2026-02-05,90.2,93.8,93.95,90.2,14.825,0.00651,39784843,3680101063.0,1.790558871405308,92.15
HK.03690,美团-W,2026-02-06,92.55,91.4,94.5,91.15,14.448,0.00642,39226920,3613023452.0,-2.5586353944562807,93.8
HK.03690,美团-W,2026-02-09,93.0,91.05,93.2,90.4,14.392,0.00695,42466515,3873803561.0,-0.3829321663019787,91.4
HK.03690,美团-W,2026-02-10,91.05,88.8,91.7,88.1,14.037,0.01217,74372071,6639467254.0,-2.471169686985173,91.05
HK.03690,美团-W,2026-02-11,88.4,88.85,89.4,87.25,14.045,0.00619,37829736,3353428398.0,0.0563063063063031,88.8
HK.03690,美团-W,2026-02-12,86.65,84.85,87.8,84.3,13.412,0.01479,90415198,7718365047.0,-4.501969611705121,88.85
HK.03690,美团-W,2026-02-13,84.05,82.15,84.25,80.8,12.986,0.01631,99656113,8163046696.0,-3.182086034177948,84.85
HK.03690,美团-W,2026-02-16,81.65,82.05,82.4,79.25,12.97,0.00387,23648794,1916737788.0,-0.1217285453438935,82.15
HK.03690,美团-W,2026-02-20,81.15,80.75,82.0,80.1,12.764,0.00445,27220396,2198664138.0,-1.5843997562461878,82.05
HK.03690,美团-W,2026-02-23,83.2,85.0,87.5,82.65,13.436,0.01067,65205703,5570943448.0,5.263157894736842,80.75
HK.03690,美团-W,2026-02-24,84.2,81.4,84.2,80.65,12.867,0.01109,67807380,5524281029.0,-4.235294117647053,85.0
HK.03690,美团-W,2026-02-25,82.4,82.7,83.6,81.5,13.073,0.00653,39932923,3307337539.0,1.5970515970515935,81.4
HK.03690,美团-W,2026-02-26,82.7,80.45,83.2,80.35,12.717,0.00655,40036885,3249845503.0,-2.720677146311971,82.7
HK.03690,美团-W,2026-02-27,81.0,81.15,82.45,80.45,12.828,0.00695,42462533,3462342574.0,0.8701056556867655,80.45
HK.03690,美团-W,2026-03-02,79.6,77.4,80.2,77.1,12.235,0.00934,57081668,4466838101.0,-4.621072088724584,81.15
HK.03690,美团-W,2026-03-03,77.25,75.65,78.15,75.35,11.958,0.01054,64441703,4915585675.0,-2.2609819121447026,77.4
HK.03690,美团-W,2026-03-04,74.65,75.4,75.65,73.6,11.919,0.01023,62511701,4655016653.0,-0.3304692663582286,75.65
HK.03690,美团-W,2026-03-05,76.65,74.5,76.65,73.85,11.897,0.0072,44459291,3321256933.0,-1.1936339522546493,75.4
HK.03690,美团-W,2026-03-06,74.5,76.85,77.95,73.65,12.272,0.01319,81436279,6248516834.0,3.154362416107375,74.5
HK.03690,美团-W,2026-03-09,74.4,78.7,79.0,74.0,12.567,0.01088,67180598,5207113498.0,2.407286922576459,76.85
HK.03690,美团-W,2026-03-10,80.0,79.1,80.55,77.55,12.631,0.00749,46241432,3634937609.0,0.5082592121982102,78.7
HK.03690,美团-W,2026-03-11,79.15,77.4,79.6,76.65,12.36,0.00646,39917143,3092097298.0,-2.1491782553729313,79.1
HK.03690,美团-W,2026-03-12,76.5,76.7,77.2,75.4,12.248,0.00615,37947010,2890556280.0,-0.9043927648578848,77.4
HK.03690,美团-W,2026-03-13,76.0,75.95,77.4,75.85,12.128,0.00305,18836697,1439696706.0,-0.9778357235984356,76.7
HK.03690,美团-W,2026-03-16,76.9,78.3,79.0,76.5,12.503,0.0062,38287519,2994178671.0,3.0941408821593077,75.95
HK.03690,美团-W,2026-03-17,78.45,80.0,82.2,78.4,12.775,0.00847,52313278,4227247116.0,2.1711366538952785,78.3
HK.03690,美团-W,2026-03-18,80.55,80.3,81.4,79.6,12.823,0.00435,26863720,2159489930.0,0.3749999999999964,80.0
HK.03690,美团-W,2026-03-19,78.7,80.7,81.55,78.5,12.887,0.0082,50616607,4077022588.0,0.4981320049813271,80.3
HK.03690,美团-W,2026-03-20,81.55,79.15,82.65,78.15,12.639,0.01047,64632837,5140724068.0,-1.9206939281288689,80.7
HK.03690,美团-W,2026-03-23,77.8,76.55,78.5,75.85,12.224,0.00879,54303511,4181270814.0,-3.2849020846494104,79.15
HK.03690,美团-W,2026-03-24,76.75,79.0,79.2,76.75,12.615,0.00723,44636705,3493274588.0,3.200522534291317,76.55
HK.03690,美团-W,2026-03-25,79.95,90.0,91.55,78.55,14.372,0.04094,252756064,21966766070.0,13.924050632911392,79.0
HK.03690,美团-W,2026-03-26,90.0,86.7,90.65,85.5,0.0,0.01962,121140962,10557625757.0,-3.6666666666666634,90.0
HK.03690,美团-W,2026-03-27,86.15,85.9,90.7,84.7,0.0,0.0161,99424658,8699086277.0,-0.9227220299884628,86.7
HK.03690,美团-W,2026-03-30,83.7,84.2,86.6,82.7,0.0,0.00975,60221748,5086758600.0,-1.9790454016298051,85.9
HK.03690,美团-W,2026-03-31,83.8,82.95,84.8,82.5,0.0,0.00669,41291471,3443633182.0,-1.4845605700712587,84.2
HK.03690,美团-W,2026-04-01,85.0,81.95,85.6,80.95,0.0,0.00936,57818900,4757192100.0,-1.2055455093429777,82.95
HK.03690,美团-W,2026-04-02,81.3,80.25,81.5,78.7,0.0,0.00764,47181021,3763110967.0,-2.0744356314826145,81.95
