code,name,time_key,open,close,high,low,pe_ratio,turnover_rate,volume,turnover,change_rate,last_close
HK.00241,阿里健康,2019-06-03 00:00:00,7.45,7.43,7.49,7.29,0.0,0.00054,6304691,46705653.0,0.0,7.43
HK.00241,阿里健康,2019-06-04 00:00:00,7.53,7.1,7.58,7.03,0.0,0.00079,9266310,66705581.0,-4.441453566621805,7.43
HK.00241,阿里健康,2019-06-05 00:00:00,7.2,7.16,7.3,7.09,0.0,0.0005,5888547,42375901.0,0.8450704225352182,7.1
HK.00241,阿里健康,2019-06-06 00:00:00,7.17,7.11,7.23,7.06,0.0,0.00039,4574286,32630913.0,-0.6983240223463663,7.16
HK.00241,阿里健康,2019-06-10 00:00:00,7.1,7.4,7.42,7.1,0.0,0.00098,11427804,83800251.0,4.078762306610408,7.11
HK.00241,阿里健康,2019-06-11 00:00:00,7.52,7.67,7.7,7.45,0.0,0.00119,13975663,106230926.0,3.6486486486486425,7.4
HK.00241,阿里健康,2019-06-12 00:00:00,7.52,7.42,7.6,7.34,0.0,0.00074,8642243,64377335.0,-3.259452411994785,7.67
HK.00241,阿里健康,2019-06-13 00:00:00,7.42,7.46,7.51,7.22,0.0,0.00069,8129780,59872133.0,0.539083557951483,7.42
HK.00241,阿里健康,2019-06-14 00:00:00,7.39,7.15,7.4,7.1,0.0,0.00089,10450188,75136966.0,-4.155495978552273,7.46
HK.00241,阿里健康,2019-06-17 00:00:00,7.15,7.15,7.28,7.1,0.0,0.00037,4293072,30804771.0,0.0,7.15
HK.00241,阿里健康,2019-06-18 00:00:00,7.21,7.24,7.26,7.12,0.0,0.00032,3707649,26733145.0,1.2587412587412568,7.15
HK.00241,阿里健康,2019-06-19 00:00:00,7.5,7.69,7.79,7.43,0.0,0.00154,18081202,138162775.0,6.21546961325967,7.24
HK.00241,阿里健康,2019-06-20 00:00:00,7.73,7.77,7.78,7.56,0.0,0.00098,11456830,88193095.0,1.0403120936280776,7.69
HK.00241,阿里健康,2019-06-21 00:00:00,7.8,7.69,7.8,7.56,0.0,0.00097,11363949,86935840.0,-1.0296010296010192,7.77
HK.00241,阿里健康,2019-06-24 00:00:00,7.6,7.67,7.85,7.6,0.0,0.00053,6169372,47471343.0,-0.2600780234070281,7.69
HK.00241,阿里健康,2019-06-25 00:00:00,7.64,7.49,7.66,7.41,0.0,0.00051,5926028,44316724.0,-2.346805736636241,7.67
HK.00241,阿里健康,2019-06-26 00:00:00,7.4,7.53,7.54,7.36,0.0,0.00022,2608447,19506469.0,0.5340453938584784,7.49
HK.00241,阿里健康,2019-06-27 00:00:00,7.57,7.58,7.74,7.51,0.0,0.00053,6178051,46963141.0,0.6640106241699844,7.53
HK.00241,阿里健康,2019-06-28 00:00:00,7.59,7.48,7.64,7.45,0.0,0.0004,4723374,35473942.0,-1.319261213720312,7.58
HK.00241,阿里健康,2019-07-02 00:00:00,7.63,7.66,7.75,7.56,0.0,0.00096,11204971,85630138.0,2.4064171122994615,7.48
HK.00241,阿里健康,2019-07-03 00:00:00,7.68,7.56,7.7,7.5,0.0,0.00041,4818553,36431423.0,-1.3054830287206336,7.66
HK.00241,阿里健康,2019-07-04 00:00:00,7.59,7.4,7.61,7.36,0.0,0.00053,6192000,45944610.0,-2.1164021164021065,7.56
HK.00241,阿里健康,2019-07-05 00:00:00,7.4,7.44,7.55,7.37,0.0,0.00053,6232808,46354963.0,0.540540540540541,7.4
HK.00241,阿里健康,2019-07-08 00:00:00,7.4,7.21,7.4,7.15,0.0,0.00088,10288756,74155474.0,-3.0913978494623713,7.44
HK.00241,阿里健康,2019-07-09 00:00:00,7.06,7.23,7.28,7.06,0.0,0.00054,6328467,45331047.0,0.27739251040222557,7.21
HK.00241,阿里健康,2019-07-10 00:00:00,7.27,7.38,7.41,7.2,0.0,0.00044,5165043,37865317.0,2.0746887966804906,7.23
HK.00241,阿里健康,2019-07-11 00:00:00,7.4,7.25,7.5,7.21,0.0,0.0004,4693140,34338164.0,-1.7615176151761502,7.38
HK.00241,阿里健康,2019-07-12 00:00:00,7.25,7.15,7.25,7.15,0.0,0.00037,4304077,30905061.0,-1.3793103448275814,7.25
HK.00241,阿里健康,2019-07-15 00:00:00,7.16,7.3,7.33,7.1,0.0,0.00027,3145085,22763196.0,2.0979020979020904,7.15
HK.00241,阿里健康,2019-07-16 00:00:00,7.36,7.38,7.53,7.33,0.0,0.00036,4346000,32322480.0,1.0958904109589052,7.3
HK.00241,阿里健康,2019-07-17 00:00:00,7.47,7.3,7.47,7.25,0.0,0.00037,4388000,32060960.0,-1.084010840108402,7.38
HK.00241,阿里健康,2019-07-18 00:00:00,7.3,7.17,7.3,7.15,0.0,0.00029,3540355,25422330.0,-1.7808219178082179,7.3
HK.00241,阿里健康,2019-07-19 00:00:00,7.24,7.2,7.27,7.15,0.0,0.00033,3974856,28630354.0,0.4184100418410076,7.17
HK.00241,阿里健康,2019-07-22 00:00:00,7.2,7.13,7.21,7.1,0.0,0.00033,3931478,28081130.0,-0.9722222222222262,7.2
HK.00241,阿里健康,2019-07-23 00:00:00,7.17,7.11,7.18,7.06,0.0,0.0004,4814237,34251636.0,-0.2805049088358986,7.13
HK.00241,阿里健康,2019-07-24 00:00:00,7.12,7.11,7.25,7.1,0.0,0.00037,4402500,31472105.0,0.0,7.11
HK.00241,阿里健康,2019-07-25 00:00:00,7.12,7.39,7.45,7.12,0.0,0.00092,11016601,80865062.0,3.938115330520384,7.11
HK.00241,阿里健康,2019-07-26 00:00:00,7.33,7.22,7.4,7.22,0.0,0.00036,4362558,31721716.0,-2.30040595399188,7.39
HK.00241,阿里健康,2019-07-29 00:00:00,7.22,7.33,7.4,7.15,0.0,0.0005,5972700,43559745.0,1.5235457063711957,7.22
HK.00241,阿里健康,2019-07-30 00:00:00,7.33,7.23,7.38,7.19,0.0,0.00034,4092000,29695160.0,-1.3642564802182762,7.33
HK.00241,阿里健康,2019-07-31 00:00:00,7.23,7.11,7.23,7.1,0.0,0.00025,2971224,21228323.0,-1.6597510373443998,7.23
HK.00241,阿里健康,2019-08-01 00:00:00,7.12,7.12,7.22,7.05,0.0,0.00059,7035040,50042446.0,0.14064697609001106,7.11
HK.00241,阿里健康,2019-08-02 00:00:00,6.82,6.99,7.07,6.68,0.0,0.00201,24161140,165114284.0,-1.825842696629212,7.12
HK.00241,阿里健康,2019-08-05 00:00:00,6.97,6.62,6.97,6.52,0.0,0.00132,15816975,105329552.0,-5.2932761087267535,6.99
HK.00241,阿里健康,2019-08-06 00:00:00,6.54,6.5,6.57,6.22,0.0,0.00182,21825972,139411071.0,-1.8126888217522674,6.62
HK.00241,阿里健康,2019-08-07 00:00:00,6.5,6.63,6.67,6.44,0.0,0.00103,12433853,82105159.0,1.9999999999999982,6.5
HK.00241,阿里健康,2019-08-08 00:00:00,6.63,6.66,6.79,6.57,0.0,0.0007,8374000,55814040.0,0.4524886877828092,6.63
HK.00241,阿里健康,2019-08-09 00:00:00,6.75,6.5,6.75,6.5,0.0,0.00049,5840342,38398384.0,-2.4024024024024047,6.66
HK.00241,阿里健康,2019-08-12 00:00:00,6.41,6.65,6.7,6.4,0.0,0.00056,6721800,44419560.0,2.307692307692313,6.5
HK.00241,阿里健康,2019-08-13 00:00:00,6.6,6.28,6.6,6.28,0.0,0.00082,9850958,62741676.0,-5.563909774436092,6.65
HK.00241,阿里健康,2019-08-14 00:00:00,6.48,6.25,6.5,6.23,0.0,0.00069,8293552,52462789.0,-0.4777070063694307,6.28
HK.00241,阿里健康,2019-08-15 00:00:00,6.2,6.3,6.44,6.1,0.0,0.00062,7446797,46921706.0,0.7999999999999973,6.25
HK.00241,阿里健康,2019-08-16 00:00:00,6.4,6.4,6.55,6.22,0.0,0.0008,9610546,61656024.0,1.5873015873015959,6.3
HK.00241,阿里健康,2019-08-19 00:00:00,6.52,6.7,6.76,6.52,0.0,0.00087,10456500,69564720.0,4.687499999999997,6.4
HK.00241,阿里健康,2019-08-20 00:00:00,6.67,6.9,7.02,6.66,0.0,0.00165,19803395,136734659.0,2.9850746268656745,6.7
HK.00241,阿里健康,2019-08-21 00:00:00,6.9,6.73,6.9,6.71,0.0,0.0016,19260470,130390992.0,-2.4637681159420275,6.9
HK.00241,阿里健康,2019-08-22 00:00:00,6.81,6.56,6.81,6.49,0.0,0.00085,10211033,67423597.0,-2.526002971768214,6.73
HK.00241,阿里健康,2019-08-23 00:00:00,6.54,7.32,7.43,6.54,0.0,0.00326,39190847,278598007.0,11.585365853658548,6.56
HK.00241,阿里健康,2019-08-26 00:00:00,7.0,7.56,8.2,6.92,0.0,0.0047,56495577,428637628.0,3.2786885245901543,7.32
HK.00241,阿里健康,2019-08-27 00:00:00,7.7,7.43,7.79,7.17,0.0,0.00289,34763638,259052621.0,-1.7195767195767182,7.56
HK.00241,阿里健康,2019-08-28 00:00:00,7.5,7.34,7.82,7.3,0.0,0.00257,30856260,232638035.0,-1.2113055181695809,7.43
HK.00241,阿里健康,2019-08-29 00:00:00,7.4,7.48,7.57,7.15,0.0,0.00172,20708900,153001459.0,1.9073569482288906,7.34
HK.00241,阿里健康,2019-08-30 00:00:00,7.69,7.43,7.69,7.35,0.0,0.00109,13059426,97629118.0,-0.668449197860972,7.48
HK.00241,阿里健康,2019-09-02 00:00:00,7.33,7.35,7.52,7.3,0.0,0.00076,9100134,67117527.0,-1.0767160161507412,7.43
HK.00241,阿里健康,2019-09-03 00:00:00,7.41,7.3,7.5,7.3,0.0,0.00076,9188567,67687231.0,-0.6802721088435351,7.35
HK.00241,阿里健康,2019-09-04 00:00:00,7.3,7.31,7.38,7.2,0.0,0.00112,13487638,98172437.0,0.1369863013698601,7.3
HK.00241,阿里健康,2019-09-05 00:00:00,7.35,7.33,7.57,7.26,0.0,0.00124,14854090,109790112.0,0.2735978112175166,7.31
HK.00241,阿里健康,2019-09-06 00:00:00,7.45,7.32,7.53,7.26,0.0,0.00086,10346147,76336595.0,-0.1364256480218252,7.33
HK.00241,阿里健康,2019-09-09 00:00:00,7.41,7.27,7.42,7.19,0.0,0.00064,7636730,55525334.0,-0.6830601092896271,7.32
HK.00241,阿里健康,2019-09-10 00:00:00,7.22,7.1,7.29,7.0,0.0,0.00119,14325935,101543441.0,-2.3383768913342493,7.27
HK.00241,阿里健康,2019-09-11 00:00:00,7.14,7.09,7.17,6.93,0.0,0.00064,7673639,53922285.0,-0.14084507042253222,7.1
HK.00241,阿里健康,2019-09-12 00:00:00,7.13,7.14,7.19,7.01,0.0,0.00032,3794150,27004399.0,0.7052186177715067,7.09
HK.00241,阿里健康,2019-09-13 00:00:00,7.19,7.27,7.28,7.03,0.0,0.00035,4228952,30406872.0,1.8207282913165252,7.14
HK.00241,阿里健康,2019-09-16 00:00:00,7.28,7.13,7.38,7.08,0.0,0.00072,8650360,62197457.0,-1.9257221458046723,7.27
HK.00241,阿里健康,2019-09-17 00:00:00,7.17,6.89,7.17,6.84,0.0,0.00123,14773886,103048933.0,-3.366058906030859,7.13
HK.00241,阿里健康,2019-09-18 00:00:00,6.89,6.93,7.09,6.88,0.0,0.00062,7478309,51959002.0,0.5805515239477509,6.89
HK.00241,阿里健康,2019-09-19 00:00:00,6.97,6.92,6.98,6.87,0.0,0.00049,5913379,40802291.0,-0.1443001443001412,6.93
HK.00241,阿里健康,2019-09-20 00:00:00,6.97,6.93,6.99,6.86,0.0,0.00063,7591648,52464289.0,0.14450867052022812,6.92
HK.00241,阿里健康,2019-09-23 00:00:00,6.93,7.09,7.34,6.86,0.0,0.00139,16704192,119216702.0,2.308802308802311,6.93
HK.00241,阿里健康,2019-09-24 00:00:00,7.12,7.05,7.12,6.89,0.0,0.00079,9474231,65926166.0,-0.5641748942172078,7.09
HK.00241,阿里健康,2019-09-25 00:00:00,7.05,6.9,7.05,6.84,0.0,0.00067,7996221,55095185.0,-2.127659574468078,7.05
HK.00241,阿里健康,2019-09-26 00:00:00,6.94,6.89,7.01,6.86,0.0,0.00043,5188150,35783435.0,-0.14492753623189383,6.9
HK.00241,阿里健康,2019-09-27 00:00:00,6.92,6.9,6.95,6.85,0.0,0.00036,4382517,30224963.0,0.14513788098694738,6.89
HK.00241,阿里健康,2019-09-30 00:00:00,6.81,6.85,6.91,6.8,0.0,0.00051,6096130,41715410.0,-0.7246376811594305,6.9
HK.00241,阿里健康,2019-10-02 00:00:00,6.81,6.88,6.92,6.75,0.0,0.00024,2912150,20009448.0,0.43795620437956573,6.85
HK.00241,阿里健康,2019-10-03 00:00:00,6.7,6.86,6.95,6.7,0.0,0.00032,3826060,26310466.0,-0.29069767441859845,6.88
HK.00241,阿里健康,2019-10-04 00:00:00,6.92,6.9,7.05,6.78,0.0,0.00058,6983359,48294380.0,0.5830903790087468,6.86
HK.00241,阿里健康,2019-10-08 00:00:00,6.9,6.95,7.05,6.8,0.0,0.00055,6619500,46065355.0,0.7246376811594177,6.9
HK.00241,阿里健康,2019-10-09 00:00:00,6.94,6.82,6.97,6.8,0.0,0.0005,6064719,41607231.0,-1.8705035971223007,6.95
HK.00241,阿里健康,2019-10-10 00:00:00,6.85,7.16,7.27,6.78,0.0,0.00185,22203687,157889746.0,4.985337243401757,6.82
HK.00241,阿里健康,2019-10-11 00:00:00,7.22,7.09,7.35,7.07,0.0,0.00112,13418213,96111297.0,-0.9776536312849202,7.16
HK.00241,阿里健康,2019-10-14 00:00:00,7.12,7.11,7.27,7.06,0.0,0.0007,8454242,60394725.0,0.28208744710861017,7.09
HK.00241,阿里健康,2019-10-15 00:00:00,7.11,7.02,7.11,6.9,0.0,0.00074,8889685,62002580.0,-1.2658227848101369,7.11
HK.00241,阿里健康,2019-10-16 00:00:00,6.97,7.24,7.28,6.95,0.0,0.00138,16630120,118506363.0,3.133903133903143,7.02
HK.00241,阿里健康,2019-10-17 00:00:00,7.2,7.18,7.38,7.13,0.0,0.00077,9255776,67054021.0,-0.8287292817679627,7.24
HK.00241,阿里健康,2019-10-18 00:00:00,7.06,7.08,7.26,7.06,0.0,0.00066,7909578,56361890.0,-1.392757660167126,7.18
HK.00241,阿里健康,2019-10-21 00:00:00,7.13,7.08,7.22,7.0,0.0,0.00055,6662000,47242020.0,0.0,7.08
HK.00241,阿里健康,2019-10-22 00:00:00,7.1,7.35,7.49,7.05,0.0,0.00171,20513403,150219895.0,3.813559322033892,7.08
HK.00241,阿里健康,2019-10-23 00:00:00,7.32,7.11,7.39,7.05,0.0,0.00101,12170389,87158760.0,-3.265306122448971,7.35
HK.00241,阿里健康,2019-10-24 00:00:00,7.15,7.32,7.32,7.08,0.0,0.00073,8739948,62877298.0,2.953586497890295,7.11
HK.00241,阿里健康,2019-10-25 00:00:00,7.32,7.48,7.51,7.24,0.0,0.00114,13707750,101851267.0,2.1857923497267775,7.32
HK.00241,阿里健康,2019-10-28 00:00:00,7.5,7.85,7.88,7.43,0.0,0.00179,21539800,166398030.0,4.946524064171112,7.48
HK.00241,阿里健康,2019-10-29 00:00:00,7.91,7.84,8.08,7.71,0.0,0.00172,20668984,163126444.0,-0.1273885350318444,7.85
HK.00241,阿里健康,2019-10-30 00:00:00,7.9,8.02,8.3,7.81,0.0,0.00198,23804403,192312443.0,2.295918367346935,7.84
HK.00241,阿里健康,2019-10-31 00:00:00,8.16,7.91,8.2,7.83,0.0,0.001,11969726,95139485.0,-1.371571072319195,8.02
HK.00241,阿里健康,2019-11-01 00:00:00,8.01,7.99,8.03,7.88,0.0,0.00059,7123498,56785157.0,1.011378002528446,7.91
HK.00241,阿里健康,2019-11-04 00:00:00,8.05,8.21,8.35,8.03,0.0,0.00157,18878984,155290094.0,2.753441802252824,7.99
HK.00241,阿里健康,2019-11-05 00:00:00,8.3,8.12,8.3,8.04,0.0,0.00089,10682549,86852694.0,-1.0962241169305922,8.21
HK.00241,阿里健康,2019-11-06 00:00:00,8.15,8.17,8.23,8.08,0.0,0.00085,10249394,83615116.0,0.6157635467980384,8.12
HK.00241,阿里健康,2019-11-07 00:00:00,8.13,8.26,8.28,8.12,0.0,0.00091,10889790,89345204.0,1.1015911872705002,8.17
HK.00241,阿里健康,2019-11-08 00:00:00,8.28,8.26,8.34,8.14,0.0,0.00097,11710273,96319213.0,0.0,8.26
HK.00241,阿里健康,2019-11-11 00:00:00,8.26,7.96,8.26,7.9,0.0,0.00131,15807105,126485306.0,-3.6319612590799006,8.26
HK.00241,阿里健康,2019-11-12 00:00:00,7.99,8.22,8.22,7.93,0.0,0.00081,9739855,78875420.0,3.266331658291466,7.96
HK.00241,阿里健康,2019-11-13 00:00:00,8.02,8.18,8.33,8.0,0.0,0.00109,13136659,107478017.0,-0.4866180048661912,8.22
HK.00241,阿里健康,2019-11-14 00:00:00,8.14,8.13,8.3,8.08,0.0,0.00088,10590643,86659417.0,-0.6112469437652682,8.18
HK.00241,阿里健康,2019-11-15 00:00:00,8.13,8.0,8.14,7.9,0.0,0.00075,9046000,72365430.0,-1.5990159901599112,8.13
HK.00241,阿里健康,2019-11-18 00:00:00,8.01,8.0,8.09,7.95,0.0,0.00065,7756000,62147136.0,0.0,8.0
HK.00241,阿里健康,2019-11-19 00:00:00,8.02,8.16,8.24,7.97,0.0,0.00071,8509032,69272998.0,2.0000000000000018,8.0
HK.00241,阿里健康,2019-11-20 00:00:00,8.16,8.19,8.23,8.08,0.0,0.00065,7844908,63977811.0,0.36764705882352156,8.16
HK.00241,阿里健康,2019-11-21 00:00:00,8.19,8.58,8.75,8.07,0.0,0.00253,30460763,259983337.0,4.761904761904769,8.19
HK.00241,阿里健康,2019-11-22 00:00:00,8.66,8.5,8.66,8.34,0.0,0.00116,13966610,117770702.0,-0.9324009324009332,8.58
HK.00241,阿里健康,2019-11-25 00:00:00,8.45,8.44,8.54,8.29,0.0,0.00089,10687687,89708217.0,-0.7058823529411823,8.5
HK.00241,阿里健康,2019-11-26 00:00:00,8.54,8.24,8.62,8.16,0.0,0.00131,15702764,130461345.0,-2.3696682464454897,8.44
HK.00241,阿里健康,2019-11-27 00:00:00,8.5,8.59,8.78,8.24,0.0,0.00317,38089608,324412973.0,4.247572815533976,8.24
HK.00241,阿里健康,2019-11-28 00:00:00,8.55,9.12,9.2,8.55,0.0,0.00401,48274924,432846088.0,6.169965075669376,8.59
HK.00241,阿里健康,2019-11-29 00:00:00,9.1,8.86,9.1,8.7,0.0,0.00175,21053201,186922479.0,-2.8508771929824537,9.12
HK.00241,阿里健康,2019-12-02 00:00:00,8.96,8.49,8.96,8.4,0.0,0.00199,23981541,206454095.0,-4.176072234762971,8.86
HK.00241,阿里健康,2019-12-03 00:00:00,8.5,8.7,8.74,8.41,0.0,0.00105,12580569,108914687.0,2.473498233215537,8.49
HK.00241,阿里健康,2019-12-04 00:00:00,8.59,8.58,8.69,8.53,0.0,0.00062,7425782,63963827.0,-1.3793103448275774,8.7
HK.00241,阿里健康,2019-12-05 00:00:00,8.66,8.89,8.92,8.62,0.0,0.00117,14111210,124316063.0,3.6130536130536193,8.58
HK.00241,阿里健康,2019-12-06 00:00:00,8.88,8.94,8.97,8.8,0.0,0.0006,7216141,64103942.0,0.562429696287952,8.89
HK.00241,阿里健康,2019-12-09 00:00:00,9.02,8.74,9.02,8.67,0.0,0.00087,10404174,91101892.0,-2.237136465324377,8.94
HK.00241,阿里健康,2019-12-10 00:00:00,8.74,8.66,8.87,8.62,0.0,0.00068,8148151,70846091.0,-0.9153318077803212,8.74
HK.00241,阿里健康,2019-12-11 00:00:00,8.68,8.78,8.78,8.65,0.0,0.00055,6667279,58228015.0,1.3856812933025313,8.66
HK.00241,阿里健康,2019-12-12 00:00:00,8.9,8.64,8.91,8.56,0.0,0.00095,11401190,99179948.0,-1.5945330296127425,8.78
HK.00241,阿里健康,2019-12-13 00:00:00,8.72,8.68,8.79,8.6,0.0,0.00085,10219801,88684577.0,0.46296296296295303,8.64
HK.00241,阿里健康,2019-12-16 00:00:00,8.7,8.73,8.87,8.65,0.0,0.00075,9046167,79140774.0,0.5760368663594552,8.68
HK.00241,阿里健康,2019-12-17 00:00:00,8.74,8.9,8.96,8.74,0.0,0.00154,18462453,164133496.0,1.9473081328751423,8.73
HK.00241,阿里健康,2019-12-18 00:00:00,8.89,9.11,9.14,8.73,0.0,0.00131,15715174,140851434.0,2.359550561797742,8.9
HK.00241,阿里健康,2019-12-19 00:00:00,9.13,9.18,9.25,9.03,0.0,0.00121,14528934,133017452.0,0.7683863885839768,9.11
HK.00241,阿里健康,2019-12-20 00:00:00,9.16,9.01,9.22,8.92,0.0,0.00125,15022822,135835326.0,-1.851851851851851,9.18
HK.00241,阿里健康,2019-12-23 00:00:00,9.01,9.18,9.22,8.99,0.0,0.00071,8587398,78643756.0,1.8867924528301878,9.01
HK.00241,阿里健康,2019-12-24 00:00:00,9.19,9.25,9.3,9.04,0.0,0.00049,5872028,54352649.0,0.7625272331154715,9.18
HK.00241,阿里健康,2019-12-27 00:00:00,9.18,9.21,9.3,8.86,0.0,0.00177,21265063,192511046.0,-0.43243243243242324,9.25
HK.00241,阿里健康,2019-12-30 00:00:00,9.23,9.03,9.25,8.9,0.0,0.00126,15134388,136451331.0,-1.954397394136824,9.21
HK.00241,阿里健康,2019-12-31 00:00:00,9.03,9.0,9.06,8.82,0.0,0.00094,11299432,100861046.0,-0.3322259136212554,9.03
HK.00241,阿里健康,2020-01-02 00:00:00,9.05,9.13,9.13,8.92,0.0,0.00085,10282339,92843213.0,1.444444444444453,9.0
HK.00241,阿里健康,2020-01-03 00:00:00,9.19,9.12,9.25,9.01,0.0,0.0008,9612253,87295601.0,-0.1095290251916929,9.13
HK.00241,阿里健康,2020-01-06 00:00:00,9.12,8.81,9.12,8.72,0.0,0.00127,15290259,135535833.0,-3.3991228070175303,9.12
HK.00241,阿里健康,2020-01-07 00:00:00,9.1,9.86,9.96,9.02,0.0,0.00444,53424000,509331866.0,11.918274687854698,8.81
HK.00241,阿里健康,2020-01-08 00:00:00,9.79,9.87,10.26,9.78,0.0,0.0041,49366749,492296204.0,0.10141987829614389,9.86
HK.00241,阿里健康,2020-01-09 00:00:00,9.65,9.61,10.0,9.47,0.0,0.01161,139633875,1329320472.0,-2.634245187436675,9.87
HK.00241,阿里健康,2020-01-10 00:00:00,9.69,9.48,9.7,9.39,0.0,0.00232,27845472,264466371.0,-1.3527575442247557,9.61
HK.00241,阿里健康,2020-01-13 00:00:00,9.55,9.9,9.97,9.44,0.0,0.00277,33283265,327456215.0,4.430379746835443,9.48
HK.00241,阿里健康,2020-01-14 00:00:00,10.0,9.8,10.16,9.72,0.0,0.00236,28427024,280762149.0,-1.0101010101010066,9.9
HK.00241,阿里健康,2020-01-15 00:00:00,9.83,9.91,9.91,9.7,0.0,0.00156,18820685,184754695.0,1.1224489795918309,9.8
HK.00241,阿里健康,2020-01-16 00:00:00,10.02,10.06,10.16,9.9,0.0,0.00192,23102128,231257570.0,1.5136226034308815,9.91
HK.00241,阿里健康,2020-01-17 00:00:00,10.14,10.06,10.26,9.93,0.0,0.00174,20894315,209637581.0,0.0,10.06
HK.00241,阿里健康,2020-01-20 00:00:00,10.14,9.92,10.14,9.83,0.0,0.00172,20662654,205118446.0,-1.391650099403584,10.06
HK.00241,阿里健康,2020-01-21 00:00:00,9.9,10.16,10.4,9.8,0.0,0.00379,45559935,459247174.0,2.4193548387096793,9.92
HK.00241,阿里健康,2020-01-22 00:00:00,10.26,10.48,10.56,9.95,0.0,0.00322,38747574,399537790.0,3.1496062992126013,10.16
HK.00241,阿里健康,2020-01-23 00:00:00,10.76,10.38,10.98,10.0,0.0,0.00432,51955450,547611565.0,-0.9541984732824393,10.48
HK.00241,阿里健康,2020-01-24 00:00:00,10.54,10.76,10.78,10.4,0.0,0.00119,14276396,151715843.0,3.6608863198458477,10.38
HK.00241,阿里健康,2020-01-29 00:00:00,10.38,11.78,11.88,10.38,0.0,0.00593,71320574,813261606.0,9.479553903345721,10.76
HK.00241,阿里健康,2020-01-30 00:00:00,11.84,11.16,11.94,11.06,0.0,0.00398,47814936,544640462.0,-5.263157894736835,11.78
HK.00241,阿里健康,2020-01-31 00:00:00,11.36,10.96,11.42,10.7,0.0,0.002,24035590,265306804.0,-1.7921146953404954,11.16
HK.00241,阿里健康,2020-02-03 00:00:00,10.78,10.48,10.94,10.42,0.0,0.0029,34915626,370543832.0,-4.379562043795624,10.96
HK.00241,阿里健康,2020-02-04 00:00:00,10.68,11.24,11.3,10.6,0.0,0.00305,36742555,407697942.0,7.251908396946563,10.48
HK.00241,阿里健康,2020-02-05 00:00:00,11.4,11.16,11.46,10.94,0.0,0.00197,23696535,265705572.0,-0.7117437722419936,11.24
HK.00241,阿里健康,2020-02-06 00:00:00,11.36,11.62,11.68,11.22,0.0,0.00298,35807315,412735018.0,4.121863799283146,11.16
HK.00241,阿里健康,2020-02-07 00:00:00,11.8,12.08,12.28,11.62,0.0,0.00607,73032990,872817248.0,3.958691910499147,11.62
HK.00241,阿里健康,2020-02-10 00:00:00,11.68,13.66,13.78,11.68,0.0,0.01038,124907972,1641704347.0,13.079470198675496,12.08
HK.00241,阿里健康,2020-02-11 00:00:00,13.8,13.58,14.06,13.22,0.0,0.00656,78877860,1079238638.0,-0.5856515373352861,13.66
HK.00241,阿里健康,2020-02-12 00:00:00,13.62,13.7,13.8,13.02,0.0,0.0053,63810674,858296699.0,0.8836524300441769,13.58
HK.00241,阿里健康,2020-02-13 00:00:00,13.86,14.2,14.38,13.66,0.0,0.00538,64821888,913829599.0,3.649635036496351,13.7
HK.00241,阿里健康,2020-02-14 00:00:00,14.12,13.96,14.36,13.86,0.0,0.00216,25982926,365408632.0,-1.6901408450704116,14.2
HK.00241,阿里健康,2020-02-17 00:00:00,14.0,14.6,14.88,13.86,0.0,0.00334,40168178,584552953.0,4.584527220630363,13.96
HK.00241,阿里健康,2020-02-18 00:00:00,14.6,14.8,14.94,14.5,0.0,0.00275,33125010,488644206.0,1.3698630136986376,14.6
HK.00241,阿里健康,2020-02-19 00:00:00,14.66,15.02,15.42,14.66,0.0,0.00399,48072301,724450345.0,1.4864864864864789,14.8
HK.00241,阿里健康,2020-02-20 00:00:00,15.4,15.48,15.48,14.8,0.0,0.00358,43089372,653523146.0,3.0625832223701788,15.02
HK.00241,阿里健康,2020-02-21 00:00:00,15.32,15.06,15.38,15.0,0.0,0.00201,24176914,366969099.0,-2.713178294573643,15.48
HK.00241,阿里健康,2020-02-24 00:00:00,15.0,14.4,15.06,14.3,0.0,0.00382,46122292,671929609.0,-4.382470119521913,15.06
HK.00241,阿里健康,2020-02-25 00:00:00,14.0,14.42,14.62,13.88,0.0,0.0029,35070210,503505733.0,0.13888888888888593,14.4
HK.00241,阿里健康,2020-02-26 00:00:00,14.2,14.06,14.58,13.9,0.0,0.00222,26780122,380105368.0,-2.4965325936199685,14.42
HK.00241,阿里健康,2020-02-27 00:00:00,14.02,15.4,15.44,14.02,0.0,0.00391,47201455,706298207.0,9.530583214793738,14.06
HK.00241,阿里健康,2020-02-28 00:00:00,15.0,14.94,15.4,14.42,0.0,0.00389,46986850,695944661.0,-2.9870129870129927,15.4
HK.00241,阿里健康,2020-03-02 00:00:00,14.76,14.68,15.04,14.44,0.0,0.00232,28015122,412399376.0,-1.7402945113788475,14.94
HK.00241,阿里健康,2020-03-03 00:00:00,15.4,15.94,16.54,15.12,0.0,0.00581,70138063,1122924273.0,8.583106267029972,14.68
HK.00241,阿里健康,2020-03-04 00:00:00,16.1,15.64,16.4,15.48,0.0,0.00361,43522381,688601991.0,-1.8820577164366308,15.94
HK.00241,阿里健康,2020-03-05 00:00:00,15.9,15.88,16.08,15.62,0.0,0.00188,22691199,358842343.0,1.5345268542199502,15.64
HK.00241,阿里健康,2020-03-06 00:00:00,15.7,15.98,16.44,15.7,0.0,0.00212,25617892,411808267.0,0.6297229219143554,15.88
HK.00241,阿里健康,2020-03-09 00:00:00,15.34,14.86,15.88,14.7,0.0,0.00358,43176553,657770099.0,-7.008760951188993,15.98
HK.00241,阿里健康,2020-03-10 00:00:00,14.68,14.74,15.2,13.92,0.0,0.00478,57686699,843950520.0,-0.80753701211305,14.86
HK.00241,阿里健康,2020-03-11 00:00:00,14.88,14.54,15.34,14.26,0.0,0.00248,29908803,439044391.0,-1.356852103120767,14.74
HK.00241,阿里健康,2020-03-12 00:00:00,14.1,13.28,14.26,13.16,0.0,0.00434,52429743,713492821.0,-8.665749656121044,14.54
HK.00241,阿里健康,2020-03-13 00:00:00,11.8,12.88,13.2,11.66,0.0,0.00734,88595174,1112660745.0,-3.012048192771074,13.28
HK.00241,阿里健康,2020-03-16 00:00:00,12.58,12.06,13.62,12.0,0.0,0.00402,48564059,608304055.0,-6.366459627329195,12.88
HK.00241,阿里健康,2020-03-17 00:00:00,12.22,12.0,12.54,10.8,0.0,0.00575,69448420,814803293.0,-0.49751243781094934,12.06
HK.00241,阿里健康,2020-03-18 00:00:00,12.0,11.84,12.64,11.7,0.0,0.00498,60080774,727590749.0,-1.3333333333333344,12.0
HK.00241,阿里健康,2020-03-19 00:00:00,12.0,11.52,12.3,11.02,0.0,0.00406,49012074,562737854.0,-2.7027027027027053,11.84
HK.00241,阿里健康,2020-03-20 00:00:00,11.72,12.3,12.36,11.7,0.0,0.00317,38245694,459797615.0,6.770833333333344,11.52
HK.00241,阿里健康,2020-03-23 00:00:00,11.6,11.12,11.94,11.12,0.0,0.00311,37514407,429702113.0,-9.593495934959362,12.3
HK.00241,阿里健康,2020-03-24 00:00:00,11.6,11.76,11.82,11.4,0.0,0.00265,31997566,373504026.0,5.755395683453243,11.12
HK.00241,阿里健康,2020-03-25 00:00:00,12.34,12.58,12.74,12.04,0.0,0.00319,38504711,476612666.0,6.972789115646261,11.76
HK.00241,阿里健康,2020-03-26 00:00:00,12.6,13.32,13.46,12.4,0.0,0.00416,50278979,660308211.0,5.882352941176473,12.58
HK.00241,阿里健康,2020-03-27 00:00:00,13.74,13.12,13.96,12.94,0.0,0.00315,38037868,506992650.0,-1.5015015015015094,13.32
HK.00241,阿里健康,2020-03-30 00:00:00,12.92,12.76,13.14,12.48,0.0,0.00217,26173955,335656194.0,-2.743902439024386,13.12
HK.00241,阿里健康,2020-03-31 00:00:00,13.2,12.96,13.36,12.76,0.0,0.0016,19274182,249283855.0,1.5673981191222657,12.76
HK.00241,阿里健康,2020-04-01 00:00:00,12.8,12.86,13.3,12.68,0.0,0.0024,28992014,375571406.0,-0.7716049382716158,12.96
HK.00241,阿里健康,2020-04-02 00:00:00,12.94,14.46,14.46,12.86,0.0,0.00514,62029516,856565604.0,12.441679626749623,12.86
HK.00241,阿里健康,2020-04-03 00:00:00,14.36,14.22,14.56,13.86,0.0,0.00279,33716164,478425878.0,-1.6597510373443998,14.46
HK.00241,阿里健康,2020-04-06 00:00:00,14.58,15.0,15.26,14.3,0.0,0.00283,34123313,508065287.0,5.485232067510544,14.22
HK.00241,阿里健康,2020-04-07 00:00:00,15.32,15.12,15.32,14.8,0.0,0.0028,33844031,507734538.0,0.7999999999999948,15.0
HK.00241,阿里健康,2020-04-08 00:00:00,15.1,15.0,15.28,14.82,0.0,0.00196,23697093,355441578.0,-0.7936507936507886,15.12
HK.00241,阿里健康,2020-04-09 00:00:00,15.38,15.08,15.38,14.9,0.0,0.00163,19674864,296485318.0,0.5333333333333339,15.0
HK.00241,阿里健康,2020-04-14 00:00:00,15.2,16.1,16.3,15.12,0.0,0.0042,50659694,806939991.0,6.763925729442979,15.08
HK.00241,阿里健康,2020-04-15 00:00:00,16.5,16.22,16.98,16.06,0.0,0.00342,44237887,729183208.0,0.7453416149068163,16.1
HK.00241,阿里健康,2020-04-16 00:00:00,16.38,16.84,16.98,16.28,0.0,0.00291,37625781,627804398.0,3.822441430332929,16.22
HK.00241,阿里健康,2020-04-17 00:00:00,17.02,16.62,17.34,16.42,0.0,0.00316,40903225,685433865.0,-1.306413301662701,16.84
HK.00241,阿里健康,2020-04-20 00:00:00,16.68,17.36,17.38,16.5,0.0,0.00248,32066152,547228653.0,4.452466907340543,16.62
HK.00241,阿里健康,2020-04-21 00:00:00,17.44,17.08,17.46,16.56,0.0,0.00319,41252946,700749278.0,-1.6129032258064582,17.36
HK.00241,阿里健康,2020-04-22 00:00:00,16.72,18.94,19.4,16.68,0.0,0.00723,93510325,1720972488.0,10.889929742388778,17.08
HK.00241,阿里健康,2020-04-23 00:00:00,19.28,19.6,19.98,19.0,0.0,0.00508,65662306,1284163139.0,3.4846884899683217,18.94
HK.00241,阿里健康,2020-04-24 00:00:00,19.68,18.34,19.88,18.3,0.0,0.00451,58327028,1104369631.0,-6.428571428571436,19.6
HK.00241,阿里健康,2020-04-27 00:00:00,18.6,19.12,19.32,18.16,0.0,0.00289,37419553,705268084.0,4.252998909487466,18.34
HK.00241,阿里健康,2020-04-28 00:00:00,19.26,19.0,19.4,18.8,0.0,0.00126,16264010,310781817.0,-0.6276150627615115,19.12
HK.00241,阿里健康,2020-04-29 00:00:00,19.3,18.76,19.3,18.48,0.0,0.00169,21864524,412760364.0,-1.2631578947368338,19.0
HK.00241,阿里健康,2020-05-04 00:00:00,17.86,17.86,18.44,17.8,0.0,0.00246,31859442,575015471.0,-4.797441364605555,18.76
HK.00241,阿里健康,2020-05-05 00:00:00,18.04,17.92,18.56,17.92,0.0,0.00149,19276492,349178010.0,0.3359462486002367,17.86
HK.00241,阿里健康,2020-05-06 00:00:00,18.22,17.78,18.4,17.62,0.0,0.00298,38502753,689448366.0,-0.7812500000000031,17.92
HK.00241,阿里健康,2020-05-07 00:00:00,17.9,18.14,18.26,17.42,0.0,0.00179,23132095,415488935.0,2.024746906636667,17.78
HK.00241,阿里健康,2020-05-08 00:00:00,18.32,18.24,18.46,18.02,0.0,0.00153,19821896,361262895.0,0.551267916207265,18.14
HK.00241,阿里健康,2020-05-11 00:00:00,18.5,18.7,18.7,18.18,0.0,0.00177,22944102,423847996.0,2.5219298245614086,18.24
HK.00241,阿里健康,2020-05-12 00:00:00,18.8,20.15,20.2,18.7,0.0,0.00413,53498865,1052470639.0,7.754010695187162,18.7
HK.00241,阿里健康,2020-05-13 00:00:00,20.0,20.3,21.5,19.6,0.0,0.00431,55780305,1149598218.0,0.7444168734491422,20.15
HK.00241,阿里健康,2020-05-14 00:00:00,20.65,20.3,20.75,20.05,0.0,0.00167,21633416,440714827.0,0.0,20.3
HK.00241,阿里健康,2020-05-15 00:00:00,20.45,21.3,21.5,20.45,0.0,0.00238,30765341,648813606.0,4.926108374384236,20.3
HK.00241,阿里健康,2020-05-18 00:00:00,21.15,20.4,21.2,20.05,0.0,0.0026,33674702,690633536.0,-4.225352112676066,21.3
HK.00241,阿里健康,2020-05-19 00:00:00,20.75,19.9,20.8,19.7,0.0,0.00261,33761596,674566172.0,-2.450980392156863,20.4
HK.00241,阿里健康,2020-05-20 00:00:00,20.0,20.0,20.4,19.76,0.0,0.00229,29687782,593699302.0,0.5025125628140775,19.9
HK.00241,阿里健康,2020-05-21 00:00:00,20.25,19.66,20.75,19.5,0.0,0.00293,37957091,761947072.0,-1.6999999999999995,20.0
HK.00241,阿里健康,2020-05-22 00:00:00,19.0,18.18,19.34,17.62,0.0,0.00503,65096741,1190201080.0,-7.527975584944051,19.66
HK.00241,阿里健康,2020-05-25 00:00:00,18.2,18.72,18.84,17.5,0.0,0.00262,33958222,621698709.0,2.970297029702966,18.18
HK.00241,阿里健康,2020-05-26 00:00:00,19.24,19.08,19.38,18.68,0.0,0.00201,26049108,495890092.0,1.92307692307692,18.72
HK.00241,阿里健康,2020-05-27 00:00:00,19.2,18.08,19.2,17.8,0.0,0.00263,34017884,617904694.0,-5.241090146750524,19.08
HK.00241,阿里健康,2020-05-28 00:00:00,18.52,17.38,18.56,16.56,0.0,0.0052,67333110,1163580783.0,-3.8716814159291997,18.08
HK.00241,阿里健康,2020-05-29 00:00:00,17.7,18.16,18.2,17.2,0.0,0.00433,56062962,1003481563.0,4.487917146145001,17.38
HK.00241,阿里健康,2020-06-01 00:00:00,18.48,19.42,19.64,18.44,0.0,0.00334,43164760,829618327.0,6.938325991189435,18.16
HK.00241,阿里健康,2020-06-02 00:00:00,19.68,19.9,19.98,19.32,0.0,0.00251,32484012,639984472.0,2.4716786817713534,19.42
HK.00241,阿里健康,2020-06-03 00:00:00,20.2,20.2,20.4,19.84,0.0,0.00257,33302412,669047020.0,1.507537688442215,19.9
HK.00241,阿里健康,2020-06-04 00:00:00,20.7,20.0,20.8,19.58,0.0,0.00247,32039581,640023891.0,-0.9900990099009866,20.2
HK.00241,阿里健康,2020-06-05 00:00:00,20.1,19.68,20.2,19.64,0.0,0.00116,15075942,298032953.0,-1.6000000000000014,20.0
HK.00241,阿里健康,2020-06-08 00:00:00,19.7,18.96,19.86,18.7,0.0,0.00234,30278418,575694539.0,-3.658536585365848,19.68
HK.00241,阿里健康,2020-06-09 00:00:00,18.92,19.7,20.0,18.86,0.0,0.0024,31009309,609118703.0,3.9029535864978824,18.96
HK.00241,阿里健康,2020-06-10 00:00:00,19.8,19.4,20.1,19.34,0.0,0.00219,28298170,555532375.0,-1.5228426395939123,19.7
HK.00241,阿里健康,2020-06-11 00:00:00,19.66,19.72,20.05,19.54,0.0,0.00244,31560413,624881687.0,1.6494845360824757,19.4
HK.00241,阿里健康,2020-06-12 00:00:00,19.26,20.65,20.75,19.12,0.0,0.00527,68276391,1387439625.0,4.71602434077079,19.72
HK.00241,阿里健康,2020-06-15 00:00:00,20.3,19.94,21.4,19.72,0.0,0.0039,50463246,1029973000.0,-3.4382566585956287,20.65
HK.00241,阿里健康,2020-06-16 00:00:00,20.5,20.55,21.0,20.15,0.0,0.0021,27251209,561180670.0,3.0591775325977903,19.94
HK.00241,阿里健康,2020-06-17 00:00:00,20.65,20.4,20.65,20.05,0.0,0.00142,18331607,372879176.0,-0.7299270072992805,20.55
HK.00241,阿里健康,2020-06-18 00:00:00,20.6,20.5,20.9,20.1,0.0,0.00144,18619409,381092087.0,0.4901960784313796,20.4
HK.00241,阿里健康,2020-06-19 00:00:00,20.65,22.05,22.8,20.6,0.0,0.00944,122264236,2687593230.0,7.560975609756102,20.5
HK.00241,阿里健康,2020-06-22 00:00:00,22.25,21.95,22.6,21.6,0.0,0.00294,38020899,836858894.0,-0.45351473922903135,22.05
HK.00241,阿里健康,2020-06-23 00:00:00,22.45,23.7,23.7,22.1,0.0,0.00326,42277831,972383289.0,7.972665148063782,21.95
HK.00241,阿里健康,2020-06-24 00:00:00,23.85,23.7,23.95,23.05,0.0,0.00241,31190694,735245130.0,0.0,23.7
HK.00241,阿里健康,2020-06-26 00:00:00,23.55,23.3,24.5,23.2,0.0,0.00192,24800979,590991934.0,-1.6877637130801628,23.7
HK.00241,阿里健康,2020-06-29 00:00:00,23.1,22.75,23.6,22.35,0.0,0.00262,33958643,775178696.0,-2.3605150214592303,23.3
HK.00241,阿里健康,2020-06-30 00:00:00,23.0,22.6,23.25,22.35,0.0,0.00183,23726252,536853691.0,-0.6593406593406531,22.75
HK.00241,阿里健康,2020-07-02 00:00:00,22.9,22.55,23.15,22.45,0.0,0.00273,35334057,803070047.0,-0.22123893805310046,22.6
HK.00241,阿里健康,2020-07-03 00:00:00,22.8,23.15,23.4,22.2,0.0,0.00268,34642395,793790649.0,2.660753880266066,22.55
HK.00241,阿里健康,2020-07-06 00:00:00,23.45,22.75,23.5,22.55,0.0,0.0036,46646976,1063635983.0,-1.7278617710583093,23.15
HK.00241,阿里健康,2020-07-07 00:00:00,23.0,22.9,23.15,21.95,0.0,0.00282,36475742,820931132.0,0.6593406593406531,22.75
HK.00241,阿里健康,2020-07-08 00:00:00,23.0,23.55,24.25,22.65,0.0,0.00402,52096500,1236710962.0,2.838427947598263,22.9
HK.00241,阿里健康,2020-07-09 00:00:00,24.0,23.55,24.15,23.4,0.0,0.00272,35176094,835030208.0,0.0,23.55
HK.00241,阿里健康,2020-07-10 00:00:00,22.8,22.2,23.0,21.85,0.0,0.01771,229335345,5178941415.0,-5.732484076433127,23.55
HK.00241,阿里健康,2020-07-13 00:00:00,22.2,21.8,22.35,20.7,0.0,0.00536,69417904,1482546442.0,-1.8018018018017956,22.2
HK.00241,阿里健康,2020-07-14 00:00:00,21.35,21.0,21.4,20.5,0.0,0.00276,35725163,745100873.0,-3.6697247706422047,21.8
HK.00241,阿里健康,2020-07-15 00:00:00,21.5,20.65,21.75,20.45,0.0,0.00304,39404491,825225604.0,-1.6666666666666736,21.0
HK.00241,阿里健康,2020-07-16 00:00:00,21.0,19.14,21.1,18.88,0.0,0.00453,58714856,1139694096.0,-7.312348668280863,20.65
HK.00241,阿里健康,2020-07-17 00:00:00,19.02,19.7,20.45,19.02,0.0,0.00305,39498214,778144747.0,2.92580982236154,19.14
HK.00241,阿里健康,2020-07-20 00:00:00,19.9,19.9,20.3,19.34,0.0,0.00216,27948306,551580702.0,1.0152284263959355,19.7
HK.00241,阿里健康,2020-07-21 00:00:00,21.2,22.65,22.65,20.85,0.0,0.00656,84982068,1856156670.0,13.819095477386936,19.9
HK.00241,阿里健康,2020-07-22 00:00:00,22.7,21.65,23.2,21.5,0.0,0.00412,53420067,1200875160.0,-4.415011037527594,22.65
HK.00241,阿里健康,2020-07-23 00:00:00,22.3,22.35,22.55,21.35,0.0,0.00232,30090266,663185237.0,3.2332563510392744,21.65
HK.00241,阿里健康,2020-07-24 00:00:00,21.8,20.85,22.1,20.45,0.0,0.00284,36778433,775729490.0,-6.7114093959731544,22.35
HK.00241,阿里健康,2020-07-27 00:00:00,21.0,20.5,21.45,19.84,0.0,0.00263,34051221,697273166.0,-1.6786570743405342,20.85
HK.00241,阿里健康,2020-07-28 00:00:00,21.0,21.5,21.6,20.7,0.0,0.00214,27692315,585768170.0,4.878048780487805,20.5
HK.00241,阿里健康,2020-07-29 00:00:00,21.45,21.2,21.75,21.0,0.0,0.00159,20575478,437998328.0,-1.3953488372093057,21.5
HK.00241,阿里健康,2020-07-30 00:00:00,21.7,21.4,22.4,21.2,0.0,0.00333,43128403,939464997.0,0.943396226415091,21.2
HK.00241,阿里健康,2020-07-31 00:00:00,21.85,21.4,22.0,20.9,0.0,0.00154,20000455,428058710.0,0.0,21.4
HK.00241,阿里健康,2020-08-03 00:00:00,21.8,21.05,21.8,20.55,0.0,0.00173,22377189,469356531.0,-1.6355140186915789,21.4
HK.00241,阿里健康,2020-08-04 00:00:00,21.6,21.8,21.8,21.3,0.0,0.00236,30582680,659116384.0,3.5629453681710213,21.05
HK.00241,阿里健康,2020-08-05 00:00:00,21.0,21.25,21.35,20.5,0.0,0.00905,117162982,2451450740.0,-2.522935779816517,21.8
HK.00241,阿里健康,2020-08-06 00:00:00,21.35,21.2,21.45,20.8,0.0,0.00276,35805016,752886724.0,-0.23529411764706218,21.25
HK.00241,阿里健康,2020-08-07 00:00:00,21.4,20.85,21.4,20.25,0.0,0.00333,43118626,892187196.0,-1.650943396226405,21.2
HK.00241,阿里健康,2020-08-10 00:00:00,20.65,20.45,20.65,20.0,0.0,0.002,25897588,524947698.0,-1.9184652278177556,20.85
HK.00241,阿里健康,2020-08-11 00:00:00,20.8,19.84,20.9,19.54,0.0,0.00312,40450365,809086886.0,-2.982885085574569,20.45
HK.00241,阿里健康,2020-08-12 00:00:00,19.84,19.4,19.88,18.7,0.0,0.00469,60699987,1164929361.0,-2.217741935483877,19.84
HK.00241,阿里健康,2020-08-13 00:00:00,19.22,19.52,19.7,19.1,0.0,0.00264,34134434,659687261.0,0.618556701030933,19.4
HK.00241,阿里健康,2020-08-14 00:00:00,19.5,19.38,19.88,19.2,0.0,0.0015,20129932,391393264.0,-0.7172131147541013,19.52
HK.00241,阿里健康,2020-08-17 00:00:00,19.4,19.18,19.4,18.9,0.0,0.00126,16896687,323711489.0,-1.0319917440660438,19.38
HK.00241,阿里健康,2020-08-18 00:00:00,19.42,19.84,20.2,19.14,0.0,0.00232,31209975,614983641.0,3.441084462982274,19.18
HK.00241,阿里健康,2020-08-19 00:00:00,19.84,19.48,20.25,19.38,0.0,0.00134,18089070,356544942.0,-1.8145161290322551,19.84
HK.00241,阿里健康,2020-08-20 00:00:00,19.5,19.18,19.56,18.9,0.0,0.00165,22243472,423762775.0,-1.5400410677618106,19.48
HK.00241,阿里健康,2020-08-21 00:00:00,19.46,18.88,19.46,18.6,0.0,0.00193,25974752,489132545.0,-1.5641293013555824,19.18
HK.00241,阿里健康,2020-08-24 00:00:00,19.1,19.02,19.18,18.78,0.0,0.00209,28159383,534898004.0,0.7415254237288166,18.88
HK.00241,阿里健康,2020-08-25 00:00:00,19.1,17.72,19.1,17.5,0.0,0.00548,73729286,1321487655.0,-6.834910620399583,19.02
HK.00241,阿里健康,2020-08-26 00:00:00,18.0,18.06,18.4,17.8,0.0,0.00369,49573242,892162170.0,1.9187358916478547,17.72
HK.00241,阿里健康,2020-08-27 00:00:00,18.2,18.76,19.0,18.12,0.0,0.00354,47621365,889536842.0,3.875968992248078,18.06
HK.00241,阿里健康,2020-08-28 00:00:00,19.0,19.18,19.46,18.48,0.0,0.00287,38537205,736197411.0,2.2388059701492438,18.76
HK.00241,阿里健康,2020-08-31 00:00:00,19.48,18.72,19.66,18.66,0.0,0.00461,61972640,1169203165.0,-2.3983315954118916,19.18
HK.00241,阿里健康,2020-09-01 00:00:00,18.9,18.62,19.06,18.5,0.0,0.00148,19881352,372781264.0,-0.5341880341880229,18.72
HK.00241,阿里健康,2020-09-02 00:00:00,19.04,19.7,19.7,18.78,0.0,0.00302,40616980,785343971.0,5.800214822771204,18.62
HK.00241,阿里健康,2020-09-03 00:00:00,19.9,19.74,19.9,19.32,0.0,0.00229,30739233,604100685.0,0.20304568527918349,19.7
HK.00241,阿里健康,2020-09-04 00:00:00,19.04,19.46,19.46,18.2,0.0,0.00368,49517614,936280906.0,-1.4184397163120446,19.74
HK.00241,阿里健康,2020-09-07 00:00:00,19.5,18.36,19.5,18.28,0.0,0.0028,37719169,702388206.0,-5.652620760534437,19.46
HK.00241,阿里健康,2020-09-08 00:00:00,18.7,17.86,18.7,17.76,0.0,0.00183,24662632,443361444.0,-2.7233115468409586,18.36
HK.00241,阿里健康,2020-09-09 00:00:00,17.6,17.4,17.8,17.26,0.0,0.00243,32721626,570943277.0,-2.575587905935055,17.86
HK.00241,阿里健康,2020-09-10 00:00:00,17.8,17.62,18.22,17.6,0.0,0.00187,25150852,448322217.0,1.264367816091968,17.4
HK.00241,阿里健康,2020-09-11 00:00:00,17.64,18.06,18.14,17.5,0.0,0.00139,18692790,334501167.0,2.497162315550498,17.62
HK.00241,阿里健康,2020-09-14 00:00:00,18.2,18.76,18.86,18.16,0.0,0.00174,23388226,436407747.0,3.875968992248078,18.06
HK.00241,阿里健康,2020-09-15 00:00:00,18.8,18.66,18.8,18.24,0.0,0.00134,18029108,334494570.0,-0.5330490405117346,18.76
HK.00241,阿里健康,2020-09-16 00:00:00,18.9,19.64,19.64,18.8,0.0,0.00272,36593351,710260436.0,5.251875669882103,18.66
HK.00241,阿里健康,2020-09-17 00:00:00,19.52,18.86,19.52,18.62,0.0,0.00171,23039685,436140802.0,-3.9714867617108,19.64
HK.00241,阿里健康,2020-09-18 00:00:00,19.18,19.18,19.18,18.72,0.0,0.0012,16159113,308160210.0,1.6967126193001076,18.86
HK.00241,阿里健康,2020-09-21 00:00:00,19.18,18.84,19.24,18.64,0.0,0.00078,10462844,197237938.0,-1.772679874869655,19.18
HK.00241,阿里健康,2020-09-22 00:00:00,18.56,19.1,19.2,18.52,0.0,0.0012,16151066,307491393.0,1.380042462845019,18.84
HK.00241,阿里健康,2020-09-23 00:00:00,19.12,19.38,19.76,19.1,0.0,0.00142,19136543,372819957.0,1.4659685863874217,19.1
HK.00241,阿里健康,2020-09-24 00:00:00,19.22,18.46,19.22,18.42,0.0,0.00147,19793880,368601357.0,-4.747162022703809,19.38
HK.00241,阿里健康,2020-09-25 00:00:00,18.9,18.4,18.9,18.34,0.0,0.00108,14567580,270283927.0,-0.3250270855904782,18.46
HK.00241,阿里健康,2020-09-28 00:00:00,18.56,18.54,18.78,18.2,0.0,0.00134,17988587,332359760.0,0.7608695652173945,18.4
HK.00241,阿里健康,2020-09-29 00:00:00,18.8,18.1,18.8,18.02,0.0,0.00138,18567121,340781728.0,-2.373247033441196,18.54
HK.00241,阿里健康,2020-09-30 00:00:00,18.16,18.88,19.08,18.16,0.0,0.00153,20578926,387273700.0,4.309392265193356,18.1
HK.00241,阿里健康,2020-10-05 00:00:00,19.6,19.2,19.6,19.02,0.0,0.00105,14185417,273199115.0,1.6949152542372898,18.88
HK.00241,阿里健康,2020-10-06 00:00:00,19.2,20.55,20.6,19.2,0.0,0.00339,45629110,922323286.0,7.031250000000008,19.2
HK.00241,阿里健康,2020-10-07 00:00:00,20.8,20.8,21.0,20.2,0.0,0.00246,33086025,683505306.0,1.21654501216545,20.55
HK.00241,阿里健康,2020-10-08 00:00:00,21.4,21.1,21.4,20.9,0.0,0.00168,22647948,477516454.0,1.4423076923076956,20.8
HK.00241,阿里健康,2020-10-09 00:00:00,21.5,21.35,21.5,20.95,0.0,0.00202,27109693,577130276.0,1.1848341232227488,21.1
HK.00241,阿里健康,2020-10-12 00:00:00,21.5,21.25,21.75,21.0,0.0,0.00192,25765938,548519289.0,-0.46838407494145856,21.35
HK.00241,阿里健康,2020-10-14 00:00:00,21.6,22.2,22.35,21.0,0.0,0.00478,64370499,1409165739.0,4.470588235294114,21.25
HK.00241,阿里健康,2020-10-15 00:00:00,22.3,20.65,22.35,20.55,0.0,0.00348,46864108,991419080.0,-6.981981981981986,22.2
HK.00241,阿里健康,2020-10-16 00:00:00,21.1,20.85,21.4,20.55,0.0,0.00155,20817856,436222328.0,0.9685230024213213,20.65
HK.00241,阿里健康,2020-10-19 00:00:00,21.4,20.4,21.4,20.1,0.0,0.00166,22294902,457147034.0,-2.1582733812949777,20.85
HK.00241,阿里健康,2020-10-20 00:00:00,20.4,20.45,20.75,20.15,0.0,0.00103,13892385,283701621.0,0.2450980392156898,20.4
HK.00241,阿里健康,2020-10-21 00:00:00,20.9,20.45,21.15,20.15,0.0,0.00115,15461272,315999716.0,0.0,20.45
HK.00241,阿里健康,2020-10-22 00:00:00,20.9,20.65,20.9,20.2,0.0,0.00083,11147278,228169897.0,0.9779951100244464,20.45
HK.00241,阿里健康,2020-10-23 00:00:00,20.55,20.35,20.6,19.92,0.0,0.00121,16242468,328346712.0,-1.4527845036319476,20.65
HK.00241,阿里健康,2020-10-27 00:00:00,20.95,21.0,21.95,20.65,0.0,0.00322,43339996,921515881.0,3.194103194103187,20.35
HK.00241,阿里健康,2020-10-28 00:00:00,21.15,21.3,21.7,20.85,0.0,0.0018,24181093,515307267.0,1.428571428571432,21.0
HK.00241,阿里健康,2020-10-29 00:00:00,20.9,20.7,21.1,20.55,0.0,0.00126,16999848,353254842.0,-2.8169014084507107,21.3
HK.00241,阿里健康,2020-10-30 00:00:00,21.0,20.25,21.1,20.05,0.0,0.00183,24681104,506154137.0,-2.173913043478257,20.7
HK.00241,阿里健康,2020-11-02 00:00:00,20.45,20.3,20.65,19.9,0.0,0.00123,16488934,332109776.0,0.2469135802469171,20.25
HK.00241,阿里健康,2020-11-03 00:00:00,20.7,20.7,20.9,20.3,0.0,0.0013,17489153,361661545.0,1.9704433497536877,20.3
HK.00241,阿里健康,2020-11-04 00:00:00,19.96,20.8,21.0,19.68,0.0,0.00199,26789313,543627401.0,0.48309178743962045,20.7
HK.00241,阿里健康,2020-11-05 00:00:00,21.6,21.6,21.8,21.35,0.0,0.00282,37965766,819678724.0,3.8461538461538494,20.8
HK.00241,阿里健康,2020-11-06 00:00:00,22.0,21.8,22.0,21.3,0.0,0.00254,34140017,740643518.0,0.9259259259259226,21.6
HK.00241,阿里健康,2020-11-09 00:00:00,22.0,23.0,23.0,22.0,0.0,0.0037,49803153,1132410797.0,5.5045871559633,21.8
HK.00241,阿里健康,2020-11-10 00:00:00,22.45,21.5,22.5,21.1,0.0,0.00342,46053906,997150982.0,-6.521739130434782,23.0
HK.00241,阿里健康,2020-11-11 00:00:00,21.0,18.94,21.25,18.5,0.0,0.00623,83854582,1637103944.0,-11.906976744186041,21.5
HK.00241,阿里健康,2020-11-12 00:00:00,19.58,19.5,19.98,19.16,0.0,0.00297,40012707,779771208.0,2.9567053854276595,18.94
HK.00241,阿里健康,2020-11-13 00:00:00,19.74,20.3,20.7,19.44,0.0,0.00259,34880707,701683846.0,4.102564102564106,19.5
HK.00241,阿里健康,2020-11-16 00:00:00,20.9,20.0,20.9,19.68,0.0,0.00212,28464205,568376162.0,-1.4778325123152742,20.3
HK.00241,阿里健康,2020-11-17 00:00:00,20.0,19.66,20.0,19.2,0.0,0.00217,29203097,568679901.0,-1.6999999999999995,20.0
HK.00241,阿里健康,2020-11-18 00:00:00,19.98,19.96,19.98,19.32,0.0,0.00153,20617083,406439108.0,1.5259409969481215,19.66
HK.00241,阿里健康,2020-11-19 00:00:00,20.0,20.25,20.25,19.48,0.0,0.00126,16942943,339247698.0,1.4529058116232423,19.96
HK.00241,阿里健康,2020-11-20 00:00:00,20.95,20.55,20.95,20.3,0.0,0.00138,18501898,380647638.0,1.481481481481485,20.25
HK.00241,阿里健康,2020-11-23 00:00:00,20.5,20.3,20.75,20.05,0.0,0.00141,19010988,384604025.0,-1.21654501216545,20.55
HK.00241,阿里健康,2020-11-24 00:00:00,20.6,19.96,20.6,19.82,0.0,0.00177,23779279,475805952.0,-1.6748768472906395,20.3
HK.00241,阿里健康,2020-11-25 00:00:00,20.05,19.7,20.2,19.58,0.0,0.00237,31858106,630609485.0,-1.3026052104208494,19.96
HK.00241,阿里健康,2020-11-26 00:00:00,20.2,21.2,21.35,20.0,0.0,0.0048,64532289,1342400106.0,7.614213197969544,19.7
HK.00241,阿里健康,2020-11-27 00:00:00,21.5,22.5,22.95,21.5,0.0,0.00622,83681831,1881100833.0,6.1320754716981165,21.2
HK.00241,阿里健康,2020-11-30 00:00:00,22.9,22.8,23.35,22.3,0.0,0.00757,101841328,2328607218.0,1.3333333333333366,22.5
HK.00241,阿里健康,2020-12-01 00:00:00,23.2,22.2,23.2,21.95,0.0,0.00275,36988504,834202575.0,-2.631578947368427,22.8
HK.00241,阿里健康,2020-12-02 00:00:00,22.4,22.55,22.7,21.5,0.0,0.00211,28435680,631803146.0,1.5765765765765831,22.2
HK.00241,阿里健康,2020-12-03 00:00:00,22.6,23.2,23.3,22.3,0.0,0.00211,28394160,650114356.0,2.882483370288242,22.55
HK.00241,阿里健康,2020-12-04 00:00:00,23.35,22.55,23.35,22.4,0.0,0.00503,67690594,1532956892.0,-2.8017241379310285,23.2
HK.00241,阿里健康,2020-12-07 00:00:00,22.55,23.0,23.1,22.4,0.0,0.00254,34145578,779300893.0,1.9955654101995532,22.55
HK.00241,阿里健康,2020-12-08 00:00:00,23.2,23.9,24.2,22.45,0.0,0.00508,68285670,1608758392.0,3.913043478260864,23.0
HK.00241,阿里健康,2020-12-09 00:00:00,24.3,25.0,25.8,24.15,0.0,0.00793,106690124,2676441106.0,4.602510460251052,23.9
HK.00241,阿里健康,2020-12-10 00:00:00,25.0,25.4,25.5,24.55,0.0,0.00315,42342058,1062957096.0,1.5999999999999945,25.0
HK.00241,阿里健康,2020-12-11 00:00:00,25.75,25.1,25.75,24.85,0.0,0.00238,32001192,805190127.0,-1.1811023622047132,25.4
HK.00241,阿里健康,2020-12-14 00:00:00,24.95,25.45,25.6,24.6,0.0,0.00195,26275145,662345852.0,1.3944223107569635,25.1
HK.00241,阿里健康,2020-12-15 00:00:00,25.6,26.25,27.15,25.3,0.0,0.00317,42697985,1126800115.0,3.1434184675834995,25.45
HK.00241,阿里健康,2020-12-16 00:00:00,26.5,25.85,26.65,25.6,0.0,0.00266,35728998,912642657.0,-1.5238095238095184,26.25
HK.00241,阿里健康,2020-12-17 00:00:00,26.1,26.4,26.5,25.8,0.0,0.00184,24695076,646609693.0,2.127659574468074,25.85
HK.00241,阿里健康,2020-12-18 00:00:00,26.6,26.75,27.1,26.0,0.0,0.0031,41681706,1114405746.0,1.3257575757575812,26.4
HK.00241,阿里健康,2020-12-21 00:00:00,26.9,26.55,27.7,26.55,0.0,0.00281,37763432,1020433828.0,-0.7476635514018665,26.75
HK.00241,阿里健康,2020-12-22 00:00:00,26.55,25.65,27.0,25.3,0.0,0.00247,33246074,862377752.0,-3.389830508474584,26.55
HK.00241,阿里健康,2020-12-23 00:00:00,25.85,26.55,26.85,25.8,0.0,0.00206,27771073,735660383.0,3.50877192982457,25.65
HK.00241,阿里健康,2020-12-24 00:00:00,26.05,23.65,26.2,23.5,0.0,0.00467,62779067,1508903297.0,-10.922787193973642,26.55
HK.00241,阿里健康,2020-12-28 00:00:00,23.05,20.55,23.1,20.35,0.0,0.00865,116321117,2443044608.0,-13.107822410147985,23.65
HK.00241,阿里健康,2020-12-29 00:00:00,21.5,20.9,22.15,20.55,0.0,0.00531,71465910,1510125243.0,1.7031630170316197,20.55
HK.00241,阿里健康,2020-12-30 00:00:00,21.25,22.8,22.8,21.1,0.0,0.00583,78439567,1738068769.0,9.090909090909102,20.9
HK.00241,阿里健康,2020-12-31 00:00:00,23.0,22.9,23.4,22.2,0.0,0.00212,28486766,646956573.0,0.43859649122806077,22.8
HK.00241,阿里健康,2021-01-04 00:00:00,23.0,21.6,23.0,21.6,0.0,0.00368,49570539,1092011105.0,-5.6768558951964945,22.9
HK.00241,阿里健康,2021-01-05 00:00:00,21.85,22.8,22.8,21.7,0.0,0.00285,38308260,857667617.0,5.555555555555552,21.6
HK.00241,阿里健康,2021-01-06 00:00:00,23.0,23.15,23.8,22.5,0.0,0.00298,40128596,926188749.0,1.5350877192982362,22.8
HK.00241,阿里健康,2021-01-07 00:00:00,23.15,22.45,23.15,21.85,0.0,0.00266,35799770,797318111.0,-3.0237580993520488,23.15
HK.00241,阿里健康,2021-01-08 00:00:00,22.8,22.6,23.15,22.4,0.0,0.00228,30739037,699736046.0,0.6681514476614795,22.45
HK.00241,阿里健康,2021-01-11 00:00:00,23.15,22.85,23.4,22.55,0.0,0.00167,22492002,514402721.0,1.1061946902654867,22.6
HK.00241,阿里健康,2021-01-12 00:00:00,22.6,22.75,22.95,22.45,0.0,0.0014,18820026,427048627.0,-0.4376367614879712,22.85
HK.00241,阿里健康,2021-01-13 00:00:00,22.95,22.15,23.0,22.0,0.0,0.00224,30111326,670238167.0,-2.6373626373626435,22.75
HK.00241,阿里健康,2021-01-14 00:00:00,22.2,22.35,22.35,21.9,0.0,0.00183,24581062,546562650.0,0.9029345372460627,22.15
HK.00241,阿里健康,2021-01-15 00:00:00,22.55,22.2,22.6,21.8,0.0,0.00177,23856791,526913473.0,-0.671140939597325,22.35
HK.00241,阿里健康,2021-01-18 00:00:00,22.2,23.0,23.0,21.85,0.0,0.00184,24725370,561757565.0,3.603603603603607,22.2
HK.00241,阿里健康,2021-01-19 00:00:00,23.4,23.45,23.75,22.95,0.0,0.00249,33533795,783887917.0,1.956521739130432,23.0
HK.00241,阿里健康,2021-01-20 00:00:00,24.15,27.45,27.65,23.85,0.0,0.00793,106724648,2798594191.0,17.057569296375267,23.45
HK.00241,阿里健康,2021-01-21 00:00:00,27.7,26.75,27.75,25.8,0.0,0.00388,52205086,1382584151.0,-2.550091074681236,27.45
HK.00241,阿里健康,2021-01-22 00:00:00,27.0,27.8,28.6,26.75,0.0,0.0039,52522691,1464308364.0,3.9252336448598157,26.75
HK.00241,阿里健康,2021-01-25 00:00:00,27.2,27.05,27.5,26.15,0.0,0.01517,204080299,5486135993.0,-2.697841726618705,27.8
HK.00241,阿里健康,2021-01-26 00:00:00,27.5,26.05,27.8,25.65,0.0,0.00367,49378884,1305353267.0,-3.696857670979667,27.05
HK.00241,阿里健康,2021-01-27 00:00:00,26.55,26.3,26.7,25.0,0.0,0.00309,41638348,1080504719.0,0.9596928982725527,26.05
HK.00241,阿里健康,2021-01-28 00:00:00,25.7,24.5,26.0,24.3,0.0,0.00308,41419410,1032256329.0,-6.8441064638783295,26.3
HK.00241,阿里健康,2021-01-29 00:00:00,25.35,24.3,25.9,23.75,0.0,0.00286,38539613,951783089.0,-0.816326530612242,24.5
HK.00241,阿里健康,2021-02-01 00:00:00,25.0,25.3,25.7,24.55,0.0,0.00234,31511491,795460381.0,4.11522633744856,24.3
HK.00241,阿里健康,2021-02-02 00:00:00,26.3,26.5,26.5,25.75,0.0,0.00224,30147032,790376764.0,4.743083003952566,25.3
HK.00241,阿里健康,2021-02-03 00:00:00,27.0,26.5,27.4,26.15,0.0,0.00221,29756403,791251512.0,0.0,26.5
HK.00241,阿里健康,2021-02-04 00:00:00,26.7,26.5,26.75,25.45,0.0,0.00213,28710961,750384827.0,0.0,26.5
HK.00241,阿里健康,2021-02-05 00:00:00,26.9,26.15,26.9,25.95,0.0,0.00122,16459609,431718459.0,-1.3207547169811376,26.5
HK.00241,阿里健康,2021-02-08 00:00:00,26.9,26.4,27.2,26.2,0.0,0.00135,18130529,481820651.0,0.9560229445506693,26.15
HK.00241,阿里健康,2021-02-09 00:00:00,26.65,26.35,26.7,25.85,0.0,0.00139,18715999,489888761.0,-0.18939393939392865,26.4
HK.00241,阿里健康,2021-02-10 00:00:00,26.5,26.8,27.15,26.1,0.0,0.00193,25929719,695726239.0,1.707779886148005,26.35
HK.00241,阿里健康,2021-02-11 00:00:00,26.75,27.4,27.6,26.35,0.0,0.0016,21586836,585273535.0,2.2388059701492455,26.8
HK.00241,阿里健康,2021-02-16 00:00:00,27.8,28.9,29.8,27.75,0.0,0.00394,52996623,1537156201.0,5.474452554744526,27.4
HK.00241,阿里健康,2021-02-17 00:00:00,29.6,29.9,29.95,28.6,0.0,0.00258,34691906,1016783805.0,3.4602076124567476,28.9
HK.00241,阿里健康,2021-02-18 00:00:00,30.15,29.1,30.15,28.85,0.0,0.00299,40232409,1180639963.0,-2.675585284280927,29.9
HK.00241,阿里健康,2021-02-19 00:00:00,29.15,29.4,29.4,28.35,0.0,0.00232,31153343,902447139.0,1.0309278350515367,29.1
HK.00241,阿里健康,2021-02-22 00:00:00,30.0,27.15,30.0,27.0,0.0,0.00375,50492979,1400509925.0,-7.653061224489796,29.4
HK.00241,阿里健康,2021-02-23 00:00:00,26.85,27.55,28.0,25.9,0.0,0.00287,38646891,1052564282.0,1.473296500920818,27.15
HK.00241,阿里健康,2021-02-24 00:00:00,28.2,26.9,28.4,26.3,0.0,0.00335,45136904,1216901644.0,-2.3593466424682474,27.55
HK.00241,阿里健康,2021-02-25 00:00:00,28.0,27.6,28.0,26.7,0.0,0.00191,25667609,700060915.0,2.602230483271386,26.9
HK.00241,阿里健康,2021-02-26 00:00:00,26.8,26.0,27.0,25.8,0.0,0.00349,46956135,1232930617.0,-5.797101449275368,27.6
HK.00241,阿里健康,2021-03-01 00:00:00,27.95,28.45,29.0,27.5,0.0,0.00461,62067574,1730817525.0,9.42307692307692,26.0
HK.00241,阿里健康,2021-03-02 00:00:00,28.5,27.85,28.8,27.7,0.0,0.0028,37667662,1060341576.0,-2.1089630931458623,28.45
HK.00241,阿里健康,2021-03-03 00:00:00,27.9,28.7,28.7,26.65,0.0,0.00236,31785034,888123744.0,3.0520646319569043,27.85
HK.00241,阿里健康,2021-03-04 00:00:00,28.25,26.5,28.45,26.3,0.0,0.00347,46653115,1257661862.0,-7.6655052264808345,28.7
HK.00241,阿里健康,2021-03-05 00:00:00,25.0,24.35,25.15,23.7,0.0,0.00475,63847501,1562619074.0,-8.113207547169806,26.5
HK.00241,阿里健康,2021-03-08 00:00:00,24.45,22.8,24.6,22.6,0.0,0.00397,53460244,1238359903.0,-6.365503080082139,24.35
HK.00241,阿里健康,2021-03-09 00:00:00,23.0,22.45,23.2,21.45,0.0,0.00449,60516068,1353902285.0,-1.5350877192982517,22.8
HK.00241,阿里健康,2021-03-10 00:00:00,23.95,22.6,23.95,22.3,0.0,0.00329,44332358,1015965361.0,0.6681514476614795,22.45
HK.00241,阿里健康,2021-03-11 00:00:00,22.6,24.35,24.5,22.5,0.0,0.00335,45213841,1081007566.0,7.7433628318584065,22.6
HK.00241,阿里健康,2021-03-12 00:00:00,25.0,23.9,25.2,23.75,0.0,0.00713,96162421,2315091289.0,-1.8480492813141798,24.35
HK.00241,阿里健康,2021-03-15 00:00:00,23.95,23.5,24.25,23.1,0.0,0.00495,66694568,1581223076.0,-1.673640167364011,23.9
HK.00241,阿里健康,2021-03-16 00:00:00,23.6,24.0,24.25,23.4,0.0,0.00157,21155727,504243159.0,2.127659574468085,23.5
HK.00241,阿里健康,2021-03-17 00:00:00,24.0,24.2,24.2,23.1,0.0,0.00199,26850094,636167423.0,0.8333333333333304,24.0
HK.00241,阿里健康,2021-03-18 00:00:00,24.45,24.55,24.6,23.95,0.0,0.00195,26304985,641262559.0,1.446280991735543,24.2
HK.00241,阿里健康,2021-03-19 00:00:00,23.7,23.35,24.0,22.7,0.0,0.0022,29631024,688021956.0,-4.887983706720974,24.55
HK.00241,阿里健康,2021-03-22 00:00:00,22.85,23.35,23.6,22.7,0.0,0.00103,13890919,322494441.0,0.0,23.35
HK.00241,阿里健康,2021-03-23 00:00:00,23.5,22.85,23.55,22.4,0.0,0.0011,14817964,338335630.0,-2.141327623126338,23.35
HK.00241,阿里健康,2021-03-24 00:00:00,22.6,22.25,22.65,21.85,0.0,0.00184,24866001,551233406.0,-2.625820568927796,22.85
HK.00241,阿里健康,2021-03-25 00:00:00,22.0,21.75,22.2,21.2,0.0,0.00267,35996420,783922748.0,-2.247191011235955,22.25
HK.00241,阿里健康,2021-03-26 00:00:00,22.0,22.35,22.35,21.0,0.0,0.00306,41287519,898679713.0,2.758620689655179,21.75
HK.00241,阿里健康,2021-03-29 00:00:00,22.75,21.5,22.75,21.25,0.0,0.00183,24679817,533833087.0,-3.80313199105146,22.35
HK.00241,阿里健康,2021-03-30 00:00:00,21.5,22.45,22.8,21.45,0.0,0.00246,33175420,741937194.0,4.418604651162787,21.5
HK.00241,阿里健康,2021-03-31 00:00:00,22.65,22.0,22.65,21.7,0.0,0.0015,20283221,447200641.0,-2.0044543429844066,22.45
HK.00241,阿里健康,2021-04-01 00:00:00,22.2,23.15,23.2,22.1,0.0,0.00167,22579381,515131935.0,5.22727272727272,22.0
HK.00241,阿里健康,2021-04-07 00:00:00,23.25,22.35,23.35,22.15,0.0,0.00168,22667531,510817025.0,-3.4557235421166186,23.15
HK.00241,阿里健康,2021-04-08 00:00:00,22.2,22.85,23.0,21.8,0.0,0.00113,15240586,345969494.0,2.2371364653243844,22.35
HK.00241,阿里健康,2021-04-09 00:00:00,22.9,22.35,23.0,22.15,0.0,0.00072,9735701,218364927.0,-2.1881838074398248,22.85
HK.00241,阿里健康,2021-04-12 00:00:00,22.5,22.0,22.8,21.85,0.0,0.00188,25369101,560639781.0,-1.5659955257270757,22.35
HK.00241,阿里健康,2021-04-13 00:00:00,22.25,21.95,22.65,21.7,0.0,0.00079,10640840,235211393.0,-0.2272727272727305,22.0
HK.00241,阿里健康,2021-04-14 00:00:00,22.45,22.65,23.25,22.3,0.0,0.00142,19160439,435985214.0,3.1890660592255093,21.95
HK.00241,阿里健康,2021-04-15 00:00:00,22.85,22.5,22.85,22.0,0.0,0.00089,12071179,269798970.0,-0.6622516556291328,22.65
HK.00241,阿里健康,2021-04-16 00:00:00,22.6,22.25,22.75,22.05,0.0,0.00121,16334928,362915367.0,-1.1111111111111112,22.5
HK.00241,阿里健康,2021-04-19 00:00:00,22.25,23.0,23.3,22.1,0.0,0.00126,16966491,389111774.0,3.3707865168539324,22.25
HK.00241,阿里健康,2021-04-20 00:00:00,22.8,22.8,23.05,22.45,0.0,0.00086,11661573,264968265.0,-0.8695652173913012,23.0
HK.00241,阿里健康,2021-04-21 00:00:00,22.25,22.5,22.75,22.2,0.0,0.00064,8569218,192191971.0,-1.3157894736842135,22.8
HK.00241,阿里健康,2021-04-22 00:00:00,22.5,22.6,22.8,22.2,0.0,0.00068,9110379,205606482.0,0.44444444444445075,22.5
HK.00241,阿里健康,2021-04-23 00:00:00,22.75,23.8,24.15,22.65,0.0,0.00181,24426617,578225483.0,5.309734513274333,22.6
HK.00241,阿里健康,2021-04-26 00:00:00,23.8,24.0,24.5,23.7,0.0,0.00154,20770368,500781249.0,0.8403361344537785,23.8
HK.00241,阿里健康,2021-04-27 00:00:00,24.1,24.45,24.7,23.95,0.0,0.00147,19888010,486526482.0,1.8749999999999971,24.0
HK.00241,阿里健康,2021-04-28 00:00:00,24.45,24.0,24.45,23.65,0.0,0.00153,20628239,493649479.0,-1.8404907975460092,24.45
HK.00241,阿里健康,2021-04-29 00:00:00,24.2,23.85,24.35,23.7,0.0,0.00073,9782394,233964211.0,-0.624999999999994,24.0
HK.00241,阿里健康,2021-04-30 00:00:00,23.5,23.7,24.15,23.3,0.0,0.00122,16464380,391568972.0,-0.6289308176100717,23.85
HK.00241,阿里健康,2021-05-03 00:00:00,23.9,23.1,24.4,22.9,0.0,0.00095,12865704,299151450.0,-2.531645569620244,23.7
HK.00241,阿里健康,2021-05-04 00:00:00,23.2,23.4,23.45,22.95,0.0,0.0004,5381242,125082171.0,1.2987012987012863,23.1
HK.00241,阿里健康,2021-05-05 00:00:00,23.3,22.85,23.35,22.7,0.0,0.00071,9622786,220502549.0,-2.350427350427338,23.4
HK.00241,阿里健康,2021-05-06 00:00:00,23.1,22.8,23.4,22.6,0.0,0.00084,11353199,260215794.0,-0.2188183807439856,22.85
HK.00241,阿里健康,2021-05-07 00:00:00,23.0,22.9,23.2,22.6,0.0,0.0009,12175009,278085039.0,0.43859649122806077,22.8
HK.00241,阿里健康,2021-05-10 00:00:00,23.1,23.3,23.95,22.9,0.0,0.00125,16860943,395672584.0,1.7467248908297035,22.9
HK.00241,阿里健康,2021-05-11 00:00:00,22.9,22.95,23.25,22.4,0.0,0.00149,20098258,460492076.0,-1.5021459227467873,23.3
HK.00241,阿里健康,2021-05-12 00:00:00,23.05,22.4,23.1,22.25,0.0,0.00235,31763251,716222214.0,-2.3965141612200465,22.95
HK.00241,阿里健康,2021-05-13 00:00:00,22.3,21.7,22.3,21.45,0.0,0.00205,27680782,605642734.0,-3.124999999999997,22.4
HK.00241,阿里健康,2021-05-14 00:00:00,21.85,21.3,21.9,20.45,0.0,0.0015,20213726,426783192.0,-1.8433179723502238,21.7
HK.00241,阿里健康,2021-05-17 00:00:00,21.5,21.45,21.75,21.05,0.0,0.00186,25020266,534848224.0,0.7042253521126693,21.3
HK.00241,阿里健康,2021-05-18 00:00:00,21.45,21.7,21.75,21.2,0.0,0.00157,21190004,456970169.0,1.1655011655011656,21.45
HK.00241,阿里健康,2021-05-20 00:00:00,21.45,21.6,21.7,20.9,0.0,0.00241,32550319,695618512.0,-0.4608294930875478,21.7
HK.00241,阿里健康,2021-05-21 00:00:00,21.85,21.9,22.1,21.35,0.0,0.00209,28222239,615321464.0,1.3888888888888755,21.6
HK.00241,阿里健康,2021-05-24 00:00:00,21.7,21.45,22.1,20.95,0.0,0.00138,18645421,397796186.0,-2.054794520547942,21.9
HK.00241,阿里健康,2021-05-25 00:00:00,21.75,21.85,21.95,21.45,0.0,0.0014,18886735,410341545.0,1.864801864801875,21.45
HK.00241,阿里健康,2021-05-26 00:00:00,21.5,20.6,21.55,20.0,664.516,0.00508,68556538,1396715182.0,-5.720823798627002,21.85
HK.00241,阿里健康,2021-05-27 00:00:00,20.45,20.25,20.5,20.0,653.225,0.00377,50859923,1026955990.0,-1.699029126213599,20.6
HK.00241,阿里健康,2021-05-28 00:00:00,20.25,19.22,20.25,19.02,620.0,0.00511,68953135,1337154721.0,-5.0864197530864255,20.25
HK.00241,阿里健康,2021-05-31 00:00:00,19.22,19.26,19.26,18.82,621.29,0.00237,31943179,609794967.0,0.20811654526536266,19.22
HK.00241,阿里健康,2021-06-01 00:00:00,19.28,19.72,19.86,19.24,636.129,0.00207,27959847,548685309.0,2.38836967808929,19.26
HK.00241,阿里健康,2021-06-02 00:00:00,19.8,19.4,19.8,19.2,625.806,0.0023,30960910,598618077.0,-1.622718052738338,19.72
HK.00241,阿里健康,2021-06-03 00:00:00,19.4,19.58,19.86,19.28,631.612,0.00183,24646626,482935801.0,0.9278350515463903,19.4
HK.00241,阿里健康,2021-06-04 00:00:00,19.26,19.66,19.68,19.24,634.193,0.00212,28623324,560353023.0,0.4085801838610922,19.58
HK.00241,阿里健康,2021-06-07 00:00:00,19.56,18.72,19.6,18.5,603.87,0.00314,42343718,798000166.0,-4.781281790437443,19.66
HK.00241,阿里健康,2021-06-08 00:00:00,18.5,18.54,18.68,18.32,598.064,0.00169,22791014,421957233.0,-0.96153846153846,18.72
HK.00241,阿里健康,2021-06-09 00:00:00,18.4,18.08,18.4,17.62,583.225,0.00476,64244688,1150071641.0,-2.4811218985976313,18.54
HK.00241,阿里健康,2021-06-10 00:00:00,18.08,17.82,18.1,17.68,574.838,0.00313,42248264,752437704.0,-1.4380530973451218,18.08
HK.00241,阿里健康,2021-06-11 00:00:00,17.72,17.9,18.04,17.52,577.419,0.00247,33288064,592357027.0,0.448933782267106,17.82
HK.00241,阿里健康,2021-06-15 00:00:00,17.98,17.5,17.98,17.32,564.516,0.00262,35299421,617271648.0,-2.234636871508372,17.9
HK.00241,阿里健康,2021-06-16 00:00:00,17.52,17.64,17.8,17.22,569.032,0.00205,27656653,486194943.0,0.8000000000000033,17.5
HK.00241,阿里健康,2021-06-17 00:00:00,17.34,17.3,17.56,17.12,558.064,0.00236,31832271,549857066.0,-1.9274376417233552,17.64
HK.00241,阿里健康,2021-06-18 00:00:00,17.32,17.34,17.44,17.2,559.354,0.0027,36380136,630909022.0,0.23121387283236502,17.3
HK.00241,阿里健康,2021-06-21 00:00:00,17.22,17.02,17.32,16.86,549.032,0.00225,30285172,515636444.0,-1.8454440599769337,17.34
HK.00241,阿里健康,2021-06-22 00:00:00,17.14,17.06,17.2,16.54,550.322,0.00229,30938760,522506746.0,0.23501762632196915,17.02
HK.00241,阿里健康,2021-06-23 00:00:00,17.0,17.02,17.08,16.66,549.032,0.00247,33312015,565921766.0,-0.2344665885111322,17.06
HK.00241,阿里健康,2021-06-24 00:00:00,17.06,17.46,17.7,16.82,563.225,0.00289,38961509,679862244.0,2.5851938895417232,17.02
HK.00241,阿里健康,2021-06-25 00:00:00,17.6,17.8,18.06,17.54,574.193,0.00494,66597667,1184793454.0,1.9473081328751423,17.46
HK.00241,阿里健康,2021-06-28 00:00:00,18.0,18.1,18.16,17.82,583.87,0.00193,26014805,468975894.0,1.68539325842697,17.8
HK.00241,阿里健康,2021-06-29 00:00:00,18.22,17.64,18.22,17.4,569.032,0.00211,28405646,501486071.0,-2.5414364640884024,18.1
HK.00241,阿里健康,2021-06-30 00:00:00,17.74,17.22,17.74,17.1,555.483,0.00209,28161216,485176100.0,-2.3809523809523907,17.64
HK.00241,阿里健康,2021-07-02 00:00:00,17.22,16.56,17.22,16.42,534.193,0.00316,42611690,708586588.0,-3.832752613240419,17.22
HK.00241,阿里健康,2021-07-05 00:00:00,16.46,16.2,16.66,16.02,522.58,0.0022,29719385,481555361.0,-2.1739130434782576,16.56
HK.00241,阿里健康,2021-07-06 00:00:00,16.2,15.3,16.2,15.04,493.548,0.00577,77785223,1194648464.0,-5.5555555555555465,16.2
HK.00241,阿里健康,2021-07-07 00:00:00,15.28,15.42,15.54,14.9,497.419,0.00232,31339806,479802050.0,0.7843137254901908,15.3
HK.00241,阿里健康,2021-07-08 00:00:00,15.36,14.74,15.44,14.68,475.483,0.00295,39773236,592655039.0,-4.409857328145264,15.42
HK.00241,阿里健康,2021-07-09 00:00:00,14.88,15.16,15.46,14.7,489.032,0.00276,37229298,564827829.0,2.849389416553595,14.74
HK.00241,阿里健康,2021-07-12 00:00:00,15.3,15.68,15.8,15.22,505.806,0.00193,25982279,404855496.0,3.43007915567282,15.16
HK.00241,阿里健康,2021-07-13 00:00:00,15.72,15.7,15.98,15.58,506.451,0.00175,23591595,370173523.0,0.12755102040816055,15.68
HK.00241,阿里健康,2021-07-14 00:00:00,15.62,15.9,16.38,15.6,512.903,0.00193,25974140,416784241.0,1.2738853503184782,15.7
HK.00241,阿里健康,2021-07-15 00:00:00,15.82,15.74,16.08,15.42,507.741,0.00148,19948627,313080719.0,-1.0062893081761015,15.9
HK.00241,阿里健康,2021-07-16 00:00:00,15.66,15.22,15.72,15.1,490.967,0.00208,28111868,428206483.0,-3.303684879288434,15.74
HK.00241,阿里健康,2021-07-19 00:00:00,15.0,15.42,15.5,14.82,497.419,0.00187,25219034,398587841.0,1.3140604467805472,15.22
HK.00241,阿里健康,2021-07-20 00:00:00,15.56,14.28,15.56,14.2,460.645,0.00421,56785116,824433378.0,-7.39299610894942,15.42
HK.00241,阿里健康,2021-07-21 00:00:00,14.4,14.26,14.64,14.04,460.0,0.0026,35114458,501160920.0,-0.14005602240896062,14.28
HK.00241,阿里健康,2021-07-22 00:00:00,14.64,14.52,14.64,14.24,468.387,0.00131,17677915,256117081.0,1.8232819074333786,14.26
HK.00241,阿里健康,2021-07-23 00:00:00,14.54,14.04,14.54,14.0,452.903,0.00164,22087139,311935809.0,-3.305785123966945,14.52
HK.00241,阿里健康,2021-07-26 00:00:00,13.62,12.42,13.62,12.28,400.645,0.00526,70885951,904825697.0,-11.538461538461533,14.04
HK.00241,阿里健康,2021-07-27 00:00:00,11.6,10.12,11.94,9.88,326.451,0.01547,208623189,2169932755.0,-18.518518518518523,12.42
HK.00241,阿里健康,2021-07-28 00:00:00,10.22,10.5,10.78,10.1,338.709,0.00884,119231240,1246501532.0,3.7549407114624587,10.12
HK.00241,阿里健康,2021-07-29 00:00:00,11.1,12.88,12.88,11.0,415.483,0.00911,122939794,1492214118.0,22.666666666666675,10.5
HK.00241,阿里健康,2021-07-30 00:00:00,13.0,12.08,13.0,11.52,389.677,0.00478,64454394,769024719.0,-6.211180124223608,12.88
HK.00241,阿里健康,2021-08-02 00:00:00,12.0,11.92,12.0,11.22,384.516,0.00194,26130496,307072989.0,-1.3245033112582794,12.08
HK.00241,阿里健康,2021-08-03 00:00:00,12.0,12.0,12.18,11.72,387.096,0.00205,27717008,332460025.0,0.671140939597316,11.92
HK.00241,阿里健康,2021-08-04 00:00:00,12.18,12.64,12.88,12.0,407.741,0.0049,66062081,831513743.0,5.3333333333333375,12.0
HK.00241,阿里健康,2021-08-05 00:00:00,12.48,11.86,12.48,11.82,382.58,0.00293,39567213,477392713.0,-6.170886075949376,12.64
HK.00241,阿里健康,2021-08-06 00:00:00,11.86,11.58,11.92,11.44,373.548,0.002,27025010,313685572.0,-2.3608768971332155,11.86
HK.00241,阿里健康,2021-08-09 00:00:00,11.3,11.88,12.06,11.3,383.225,0.00187,25220125,298437677.0,2.5906735751295398,11.58
HK.00241,阿里健康,2021-08-10 00:00:00,11.86,12.6,12.62,11.7,406.451,0.00317,42691422,529360906.0,6.060606060606051,11.88
HK.00241,阿里健康,2021-08-11 00:00:00,12.3,12.74,13.18,12.3,410.967,0.00364,49050802,627032013.0,1.1111111111111156,12.6
HK.00241,阿里健康,2021-08-12 00:00:00,12.76,12.18,12.8,12.02,392.903,0.00244,32864007,401951530.0,-4.3956043956043995,12.74
HK.00241,阿里健康,2021-08-13 00:00:00,11.88,12.26,12.34,11.88,395.483,0.00144,19446384,236169957.0,0.6568144499178987,12.18
HK.00241,阿里健康,2021-08-16 00:00:00,12.2,11.88,12.32,11.78,383.225,0.00212,28587873,341169162.0,-3.0995106035888993,12.26
HK.00241,阿里健康,2021-08-17 00:00:00,11.88,11.76,12.02,11.6,379.354,0.0019,25603397,301702911.0,-1.0101010101010184,11.88
HK.00241,阿里健康,2021-08-18 00:00:00,11.72,11.84,12.04,11.72,381.935,0.00101,13651164,161940938.0,0.680272108843538,11.76
HK.00241,阿里健康,2021-08-19 00:00:00,11.94,11.5,11.96,11.22,370.967,0.00253,34130705,390980812.0,-2.8716216216216206,11.84
HK.00241,阿里健康,2021-08-20 00:00:00,11.48,9.97,11.58,9.78,321.612,0.01017,137172586,1400928054.0,-13.304347826086952,11.5
HK.00241,阿里健康,2021-08-23 00:00:00,10.28,10.58,11.18,10.26,341.29,0.0058,78174617,834289818.0,6.118355065195581,9.97
HK.00241,阿里健康,2021-08-24 00:00:00,10.94,11.26,11.28,10.9,363.225,0.003,40524997,452188668.0,6.427221172022682,10.58
HK.00241,阿里健康,2021-08-25 00:00:00,11.8,11.54,12.6,11.14,372.258,0.00652,88005590,1024997274.0,2.4866785079928895,11.26
HK.00241,阿里健康,2021-08-26 00:00:00,11.58,11.48,11.92,11.16,370.322,0.00329,44412896,507394179.0,-0.5199306759098676,11.54
HK.00241,阿里健康,2021-08-27 00:00:00,11.6,11.28,12.0,11.18,363.87,0.00283,38145633,439541663.0,-1.7421602787456538,11.48
HK.00241,阿里健康,2021-08-30 00:00:00,11.24,11.92,11.98,11.24,384.516,0.00257,34631817,407888646.0,5.6737588652482325,11.28
HK.00241,阿里健康,2021-08-31 00:00:00,11.94,12.76,12.76,11.9,411.612,0.00586,79079830,980986788.0,7.046979865771812,11.92
HK.00241,阿里健康,2021-09-01 00:00:00,12.66,12.92,13.2,12.22,416.774,0.00346,46619488,596517156.0,1.2539184952978069,12.76
HK.00241,阿里健康,2021-09-02 00:00:00,13.0,13.32,13.94,13.0,429.677,0.0048,64709533,873219049.0,3.0959752321981453,12.92
HK.00241,阿里健康,2021-09-03 00:00:00,13.56,13.3,13.68,13.04,429.032,0.00294,39612099,529406865.0,-0.15015015015014693,13.32
HK.00241,阿里健康,2021-09-06 00:00:00,13.22,13.04,13.36,12.86,420.645,0.00199,26811989,351122256.0,-1.9548872180451242,13.3
HK.00241,阿里健康,2021-09-07 00:00:00,13.04,13.12,13.3,12.82,423.225,0.00168,22658921,296091289.0,0.6134969325153381,13.04
HK.00241,阿里健康,2021-09-08 00:00:00,13.06,13.12,13.46,12.84,423.225,0.00163,21971907,287098994.0,0.0,13.12
HK.00241,阿里健康,2021-09-09 00:00:00,12.9,12.66,13.18,12.62,408.387,0.00165,22263426,285842470.0,-3.5060975609756033,13.12
HK.00241,阿里健康,2021-09-10 00:00:00,12.74,13.26,13.3,12.74,427.741,0.00136,18345955,241337170.0,4.739336492890992,12.66
HK.00241,阿里健康,2021-09-13 00:00:00,13.12,12.62,13.12,12.36,407.096,0.00248,33494612,421025211.0,-4.826546003016595,13.26
HK.00241,阿里健康,2021-09-14 00:00:00,12.6,11.76,12.72,11.58,379.354,0.0042,56722049,674992895.0,-6.8145800316957175,12.62
HK.00241,阿里健康,2021-09-15 00:00:00,11.82,11.22,11.82,11.02,361.935,0.00322,43404137,491965081.0,-4.59183673469387,11.76
HK.00241,阿里健康,2021-09-16 00:00:00,11.28,11.04,11.28,10.8,356.129,0.00193,26017993,285839748.0,-1.6042780748663235,11.22
HK.00241,阿里健康,2021-09-17 00:00:00,11.24,12.02,12.02,11.12,387.741,0.00594,80102404,953420667.0,8.876811594202904,11.04
HK.00241,阿里健康,2021-09-20 00:00:00,11.88,11.66,11.88,11.24,376.129,0.00172,23193341,267375180.0,-2.995008319467549,12.02
HK.00241,阿里健康,2021-09-21 00:00:00,11.4,11.54,11.88,11.34,372.258,0.00143,19289542,222895661.0,-1.029159519725566,11.66
HK.00241,阿里健康,2021-09-23 00:00:00,11.78,11.96,12.18,11.78,385.806,0.00229,30917340,370096148.0,3.639514731369166,11.54
HK.00241,阿里健康,2021-09-24 00:00:00,12.02,11.2,12.16,11.14,361.29,0.0022,29682846,338309495.0,-6.354515050167237,11.96
HK.00241,阿里健康,2021-09-27 00:00:00,11.2,11.0,11.44,10.84,354.838,0.00211,28478221,314881963.0,-1.7857142857142794,11.2
HK.00241,阿里健康,2021-09-28 00:00:00,10.9,10.76,11.08,10.54,347.096,0.0033,44501883,478034602.0,-2.181818181818184,11.0
HK.00241,阿里健康,2021-09-29 00:00:00,10.68,10.98,11.02,10.42,354.193,0.00154,20737364,223933900.0,2.044609665427515,10.76
HK.00241,阿里健康,2021-09-30 00:00:00,10.56,11.2,11.36,10.5,361.29,0.00201,27049052,302153697.0,2.0036429872495343,10.98
HK.00241,阿里健康,2021-10-04 00:00:00,11.06,10.68,11.1,10.46,344.516,0.00235,31719208,339202138.0,-4.64285714285714,11.2
HK.00241,阿里健康,2021-10-05 00:00:00,10.48,10.62,10.72,10.38,342.58,0.00165,22289462,236000843.0,-0.5617977528089935,10.68
HK.00241,阿里健康,2021-10-06 00:00:00,10.62,10.4,10.62,10.16,335.483,0.00178,24065003,249059499.0,-2.0715630885122303,10.62
HK.00241,阿里健康,2021-10-07 00:00:00,10.58,10.88,11.1,10.56,350.967,0.00197,26530914,288007208.0,4.615384615384619,10.4
HK.00241,阿里健康,2021-10-08 00:00:00,11.02,11.36,11.46,10.92,366.451,0.00332,44723198,507517698.0,4.41176470588234,10.88
HK.00241,阿里健康,2021-10-11 00:00:00,11.48,11.4,11.7,11.14,367.741,0.00226,30546143,347989456.0,0.35211267605634616,11.36
HK.00241,阿里健康,2021-10-12 00:00:00,11.08,10.88,11.22,10.72,350.967,0.00259,34966777,382296579.0,-4.561403508771926,11.4
HK.00241,阿里健康,2021-10-15 00:00:00,10.9,10.64,11.04,10.58,343.225,0.00272,36747915,393021935.0,-2.2058823529411784,10.88
HK.00241,阿里健康,2021-10-18 00:00:00,10.64,10.56,10.66,10.44,340.645,0.00207,27923375,294106491.0,-0.7518796992481209,10.64
HK.00241,阿里健康,2021-10-19 00:00:00,10.48,11.12,11.16,10.44,358.709,0.00197,26627870,291177783.0,5.30303030303029,10.56
HK.00241,阿里健康,2021-10-20 00:00:00,11.36,12.62,13.08,11.3,407.096,0.00698,94093742,1175177643.0,13.489208633093527,11.12
HK.00241,阿里健康,2021-10-21 00:00:00,12.62,12.6,13.08,12.44,406.451,0.00344,46357900,588746744.0,-0.15847860538826922,12.62
HK.00241,阿里健康,2021-10-22 00:00:00,12.7,12.6,12.74,12.42,406.451,0.00135,18187080,229102303.0,0.0,12.6
HK.00241,阿里健康,2021-10-25 00:00:00,12.4,12.32,12.42,12.1,397.419,0.00178,24034444,294303972.0,-2.222222222222217,12.6
HK.00241,阿里健康,2021-10-26 00:00:00,11.94,10.98,11.94,10.8,354.193,0.0049,66086438,738118193.0,-10.876623376623375,12.32
HK.00241,阿里健康,2021-10-27 00:00:00,10.82,10.32,10.82,10.22,332.903,0.00355,47824633,496343327.0,-6.010928961748635,10.98
HK.00241,阿里健康,2021-10-28 00:00:00,10.16,10.16,10.52,10.08,327.741,0.00229,30939081,316892421.0,-1.5503875968992262,10.32
HK.00241,阿里健康,2021-10-29 00:00:00,10.1,9.83,10.16,9.76,317.096,0.00364,49042759,486226850.0,-3.2480314960629926,10.16
HK.00241,阿里健康,2021-11-01 00:00:00,9.83,9.03,9.88,9.02,291.29,0.00517,69716591,639471177.0,-8.138351983723304,9.83
HK.00241,阿里健康,2021-11-02 00:00:00,9.35,9.18,9.66,9.08,296.129,0.00335,45230544,420089668.0,1.6611295681063163,9.03
HK.00241,阿里健康,2021-11-03 00:00:00,9.07,8.93,9.3,8.79,288.064,0.00339,45696938,410080739.0,-2.7233115468409586,9.18
HK.00241,阿里健康,2021-11-04 00:00:00,8.85,8.96,9.25,8.81,289.032,0.00169,22846971,205018356.0,0.3359462486002367,8.93
HK.00241,阿里健康,2021-11-05 00:00:00,8.96,9.07,9.31,8.88,292.58,0.00171,23126510,210925618.0,1.227678571428565,8.96
HK.00241,阿里健康,2021-11-08 00:00:00,9.0,8.96,9.06,8.8,289.032,0.00176,23683398,211042367.0,-1.2127894156560026,9.07
HK.00241,阿里健康,2021-11-09 00:00:00,9.05,9.23,9.49,9.01,297.741,0.00198,26669181,246541354.0,3.013392857142852,8.96
HK.00241,阿里健康,2021-11-10 00:00:00,9.16,9.55,9.6,9.09,308.064,0.00241,32531983,304683766.0,3.4669555796316387,9.23
HK.00241,阿里健康,2021-11-11 00:00:00,9.5,9.64,9.84,9.29,310.967,0.00207,27987396,268032028.0,0.9424083769633492,9.55
HK.00241,阿里健康,2021-11-12 00:00:00,9.83,9.9,9.98,9.57,319.354,0.00275,37139403,363822801.0,2.697095435684645,9.64
HK.00241,阿里健康,2021-11-15 00:00:00,9.97,9.97,10.18,9.88,321.612,0.0021,28319130,283191505.0,0.7070707070707098,9.9
HK.00241,阿里健康,2021-11-16 00:00:00,9.91,10.04,10.14,9.65,323.87,0.00216,29117891,289908901.0,0.7021063189568556,9.97
HK.00241,阿里健康,2021-11-17 00:00:00,10.02,9.99,10.1,9.85,322.258,0.00114,15352837,153106602.0,-0.49800796812747944,10.04
HK.00241,阿里健康,2021-11-18 00:00:00,9.83,9.38,9.84,9.33,302.58,0.00206,27811005,264172279.0,-6.1061061061061,9.99
HK.00241,阿里健康,2021-11-19 00:00:00,9.13,8.98,9.15,8.72,289.677,0.00427,57597244,511619382.0,-4.26439232409382,9.38
HK.00241,阿里健康,2021-11-22 00:00:00,8.91,8.89,9.09,8.81,286.774,0.00184,24800475,220785640.0,-1.0022271714922033,8.98
HK.00241,阿里健康,2021-11-23 00:00:00,8.7,8.51,8.8,8.49,274.516,0.00317,42695746,366607025.0,-4.274465691788535,8.89
HK.00241,阿里健康,2021-11-24 00:00:00,8.54,7.91,8.56,7.68,255.161,0.00628,84735054,673477025.0,-7.050528789659221,8.51
HK.00241,阿里健康,2021-11-25 00:00:00,7.91,7.78,7.91,7.52,250.967,0.00467,62986057,485704214.0,-1.6434892541087216,7.91
HK.00241,阿里健康,2021-11-26 00:00:00,7.7,7.41,7.72,7.34,239.032,0.0044,59420935,444392197.0,-4.75578406169666,7.78
HK.00241,阿里健康,2021-11-29 00:00:00,7.3,7.41,7.8,7.24,239.032,0.00409,55138466,414686028.0,0.0,7.41
HK.00241,阿里健康,2021-11-30 00:00:00,7.36,7.19,7.45,7.13,231.935,0.00476,64266632,463466156.0,-2.9689608636977023,7.41
HK.00241,阿里健康,2021-12-01 00:00:00,7.19,7.08,7.4,7.06,228.387,0.00424,57209721,409895098.0,-1.5299026425591142,7.19
HK.00241,阿里健康,2021-12-02 00:00:00,7.05,7.13,7.28,6.95,230.0,0.00276,37218817,265621023.0,0.7062146892655342,7.08
HK.00241,阿里健康,2021-12-03 00:00:00,7.06,7.22,7.32,7.01,232.903,0.00404,54453603,391763234.0,1.262272089761569,7.13
HK.00241,阿里健康,2021-12-06 00:00:00,7.06,6.92,7.27,6.91,223.225,0.0042,56643185,400463879.0,-4.15512465373961,7.22
HK.00241,阿里健康,2021-12-07 00:00:00,7.22,7.38,7.45,7.09,238.064,0.0058,78236515,571248354.0,6.6473988439306355,6.92
HK.00241,阿里健康,2021-12-08 00:00:00,7.44,7.22,7.56,7.18,232.903,0.00345,46605046,341696415.0,-2.168021680216804,7.38
HK.00241,阿里健康,2021-12-09 00:00:00,7.33,7.68,7.7,7.3,247.741,0.00421,56850287,431462222.0,6.3711911357340725,7.22
HK.00241,阿里健康,2021-12-10 00:00:00,7.53,7.32,7.63,7.26,236.129,0.00276,37197252,274669452.0,-4.687499999999993,7.68
HK.00241,阿里健康,2021-12-13 00:00:00,7.52,7.62,7.84,7.44,245.806,0.00402,54192488,416607436.0,4.098360655737703,7.32
HK.00241,阿里健康,2021-12-14 00:00:00,7.47,7.35,7.64,7.31,237.096,0.00278,37478279,277484876.0,-3.5433070866141794,7.62
HK.00241,阿里健康,2021-12-15 00:00:00,7.46,7.28,7.57,7.16,234.838,0.00276,37174379,272062144.0,-0.9523809523809441,7.35
HK.00241,阿里健康,2021-12-16 00:00:00,7.22,7.42,7.46,7.1,239.354,0.00175,23588484,172098582.0,1.9230769230769187,7.28
HK.00241,阿里健康,2021-12-17 00:00:00,7.42,7.0,7.42,6.95,225.806,0.0044,59329151,418845643.0,-5.660377358490566,7.42
HK.00241,阿里健康,2021-12-20 00:00:00,6.93,6.74,7.15,6.68,217.419,0.00307,41444866,284975836.0,-3.714285714285711,7.0
HK.00241,阿里健康,2021-12-21 00:00:00,6.73,6.8,6.9,6.58,219.354,0.00187,25268940,170656351.0,0.8902077151335253,6.74
HK.00241,阿里健康,2021-12-22 00:00:00,6.92,6.9,7.2,6.74,222.58,0.00321,43246643,300235511.0,1.4705882352941255,6.8
HK.00241,阿里健康,2021-12-23 00:00:00,6.95,6.61,6.95,6.55,213.225,0.00299,40291184,268779659.0,-4.202898550724639,6.9
HK.00241,阿里健康,2021-12-24 00:00:00,6.62,6.55,6.69,6.47,211.29,0.00111,14971016,97993284.0,-0.9077155824508396,6.61
HK.00241,阿里健康,2021-12-28 00:00:00,6.55,6.41,6.6,6.24,206.774,0.0025,33713360,214829804.0,-2.137404580152667,6.55
HK.00241,阿里健康,2021-12-29 00:00:00,6.4,6.36,6.4,6.15,205.161,0.00228,30700920,193137139.0,-0.7800312012480471,6.41
HK.00241,阿里健康,2021-12-30 00:00:00,6.36,6.3,6.38,6.2,203.225,0.00109,14656553,92222106.0,-0.9433962264151021,6.36
HK.00241,阿里健康,2021-12-31 00:00:00,6.7,6.59,6.72,6.4,212.58,0.00131,17726098,116555666.0,4.603174603174605,6.3
HK.00241,阿里健康,2022-01-03 00:00:00,6.59,6.23,6.59,6.16,200.967,0.00237,31943231,201000169.0,-5.4628224582700975,6.59
HK.00241,阿里健康,2022-01-04 00:00:00,6.3,6.23,6.33,6.13,200.967,0.00202,27265067,169382659.0,0.0,6.23
HK.00241,阿里健康,2022-01-05 00:00:00,6.13,5.77,6.16,5.75,186.129,0.00483,65147245,384018585.0,-7.383627608346723,6.23
HK.00241,阿里健康,2022-01-06 00:00:00,5.76,5.87,5.9,5.52,189.354,0.00414,55799731,317989492.0,1.7331022530329383,5.77
HK.00241,阿里健康,2022-01-07 00:00:00,5.98,6.28,6.37,5.81,202.58,0.00539,72655431,445506710.0,6.984667802385011,5.87
HK.00241,阿里健康,2022-01-10 00:00:00,6.26,6.96,7.16,6.21,224.516,0.00884,119306802,823507678.0,10.828025477707001,6.28
HK.00241,阿里健康,2022-01-11 00:00:00,6.82,7.03,7.26,6.76,226.774,0.00509,68614186,482327396.0,1.0057471264367857,6.96
HK.00241,阿里健康,2022-01-12 00:00:00,7.22,7.29,7.38,7.11,235.161,0.00322,43442797,314649091.0,3.6984352773826425,7.03
HK.00241,阿里健康,2022-01-13 00:00:00,7.35,6.78,7.37,6.76,218.709,0.00389,52488904,363675607.0,-6.9958847736625485,7.29
HK.00241,阿里健康,2022-01-14 00:00:00,6.74,6.89,6.9,6.53,222.258,0.00218,29468472,200067343.0,1.6224188790560388,6.78
HK.00241,阿里健康,2022-01-17 00:00:00,6.8,6.6,6.91,6.51,212.903,0.00282,37996471,251678995.0,-4.2089985486211905,6.89
HK.00241,阿里健康,2022-01-18 00:00:00,6.6,6.55,6.79,6.5,211.29,0.00159,21496754,142288332.0,-0.7575757575757549,6.6
HK.00241,阿里健康,2022-01-19 00:00:00,6.58,6.49,6.64,6.39,209.354,0.00159,21389225,139201629.0,-0.9160305343511391,6.55
HK.00241,阿里健康,2022-01-20 00:00:00,6.49,6.98,7.0,6.32,225.161,0.00365,49256525,335190138.0,7.550077041602468,6.49
HK.00241,阿里健康,2022-01-21 00:00:00,6.83,6.94,7.14,6.82,223.87,0.00348,46982256,328357120.0,-0.5730659025787971,6.98
HK.00241,阿里健康,2022-01-24 00:00:00,6.79,6.85,6.95,6.68,220.967,0.00241,32474278,222905409.0,-1.2968299711815667,6.94
HK.00241,阿里健康,2022-01-25 00:00:00,6.61,6.37,6.83,6.25,205.483,0.00338,45538444,294626943.0,-7.007299270072986,6.85
HK.00241,阿里健康,2022-01-26 00:00:00,6.37,6.26,6.47,6.21,201.935,0.00259,34934092,220462515.0,-1.7268445839874462,6.37
HK.00241,阿里健康,2022-01-27 00:00:00,6.1,5.99,6.1,5.7,193.225,0.00374,50492266,296541786.0,-4.3130990415335395,6.26
HK.00241,阿里健康,2022-01-28 00:00:00,6.06,5.92,6.07,5.81,190.967,0.00217,29322928,173540760.0,-1.1686143572621082,5.99
HK.00241,阿里健康,2022-01-31 00:00:00,5.92,5.83,5.96,5.77,188.064,0.00127,17092237,100181826.0,-1.520270270270268,5.92
HK.00241,阿里健康,2022-02-04 00:00:00,5.96,6.16,6.16,5.75,198.709,0.00262,35406776,212773346.0,5.660377358490567,5.83
HK.00241,阿里健康,2022-02-07 00:00:00,6.12,6.25,6.29,6.02,201.612,0.00217,29212479,180052997.0,1.4610389610389587,6.16
HK.00241,阿里健康,2022-02-08 00:00:00,6.15,5.78,6.18,5.76,186.451,0.00446,60143599,351101994.0,-7.519999999999996,6.25
HK.00241,阿里健康,2022-02-09 00:00:00,5.98,5.91,6.01,5.81,190.645,0.00288,38844709,228768069.0,2.249134948096884,5.78
HK.00241,阿里健康,2022-02-10 00:00:00,6.06,6.1,6.13,5.96,196.774,0.0035,47252721,286433515.0,3.214890016920465,5.91
HK.00241,阿里健康,2022-02-11 00:00:00,6.0,6.03,6.17,5.91,194.516,0.00229,30917515,186477030.0,-1.1475409836065475,6.1
HK.00241,阿里健康,2022-02-14 00:00:00,5.95,5.93,6.02,5.8,191.29,0.00193,26049317,153320659.0,-1.6583747927031596,6.03
HK.00241,阿里健康,2022-02-15 00:00:00,5.85,6.03,6.03,5.85,194.516,0.00173,23346113,139455196.0,1.6863406408094523,5.93
HK.00241,阿里健康,2022-02-16 00:00:00,6.12,6.04,6.13,5.95,194.838,0.00188,25429018,152829535.0,0.16583747927031153,6.03
HK.00241,阿里健康,2022-02-17 00:00:00,6.04,6.06,6.11,5.94,195.483,0.00129,17447991,105435189.0,0.33112582781456246,6.04
HK.00241,阿里健康,2022-02-18 00:00:00,6.01,5.94,6.13,5.93,191.612,0.0017,22911406,138228803.0,-1.9801980198019673,6.06
HK.00241,阿里健康,2022-02-21 00:00:00,5.82,5.87,6.05,5.82,189.354,0.00167,22483893,132680246.0,-1.178451178451183,5.94
HK.00241,阿里健康,2022-02-22 00:00:00,5.82,5.59,5.85,5.53,180.322,0.00347,46745389,262219511.0,-4.770017035775132,5.87
HK.00241,阿里健康,2022-02-23 00:00:00,5.59,5.43,5.61,5.41,175.161,0.00333,44916833,245474129.0,-2.862254025044725,5.59
HK.00241,阿里健康,2022-02-24 00:00:00,5.26,5.08,5.36,4.97,163.87,0.00492,66397420,339471926.0,-6.445672191528538,5.43
HK.00241,阿里健康,2022-02-25 00:00:00,5.12,5.33,5.41,5.12,171.935,0.0036,48514732,258023928.0,4.921259842519684,5.08
HK.00241,阿里健康,2022-02-28 00:00:00,5.33,5.44,5.45,5.2,175.483,0.00232,31284583,168103228.0,2.0637898686679232,5.33
HK.00241,阿里健康,2022-03-01 00:00:00,5.44,5.47,5.53,5.34,176.451,0.00152,20528268,111785874.0,0.5514705882352824,5.44
HK.00241,阿里健康,2022-03-02 00:00:00,5.4,5.28,5.45,5.22,170.322,0.0018,24335903,128851900.0,-3.473491773308949,5.47
HK.00241,阿里健康,2022-03-03 00:00:00,5.28,5.14,5.32,5.1,165.806,0.00181,24367425,125759902.0,-2.651515151515162,5.28
HK.00241,阿里健康,2022-03-04 00:00:00,5.0,4.95,5.07,4.9,159.677,0.00365,49289864,245216877.0,-3.6964980544746986,5.14
HK.00241,阿里健康,2022-03-07 00:00:00,4.76,4.79,4.92,4.66,154.516,0.00295,39906455,190585236.0,-3.232323232323235,4.95
HK.00241,阿里健康,2022-03-08 00:00:00,4.89,4.47,4.89,4.44,144.193,0.00432,58416953,267363235.0,-6.680584551148232,4.79
HK.00241,阿里健康,2022-03-09 00:00:00,4.47,4.37,4.47,4.21,140.967,0.00564,76203581,328470773.0,-2.237136465324377,4.47
HK.00241,阿里健康,2022-03-10 00:00:00,4.49,4.35,4.54,4.32,140.322,0.00426,57646939,254439093.0,-0.45766590389017076,4.37
HK.00241,阿里健康,2022-03-11 00:00:00,4.19,4.25,4.4,3.99,137.096,0.0061,82419767,344785678.0,-2.2988505747126355,4.35
HK.00241,阿里健康,2022-03-14 00:00:00,4.12,3.76,4.21,3.74,121.29,0.006,81118503,320211908.0,-11.529411764705888,4.25
HK.00241,阿里健康,2022-03-15 00:00:00,3.58,3.3,3.82,3.28,106.451,0.01079,145816512,513202183.0,-12.23404255319149,3.76
HK.00241,阿里健康,2022-03-16 00:00:00,3.52,4.21,4.27,3.37,135.806,0.01123,151804622,584417438.0,27.57575757575758,3.3
HK.00241,阿里健康,2022-03-17 00:00:00,4.8,4.73,4.91,4.54,152.58,0.01069,144503212,679591209.0,12.351543942992885,4.21
HK.00241,阿里健康,2022-03-18 00:00:00,4.66,4.61,4.68,4.28,148.709,0.00526,71082494,320828717.0,-2.536997885835097,4.73
HK.00241,阿里健康,2022-03-21 00:00:00,4.88,4.62,4.88,4.6,149.032,0.00419,56670898,268332111.0,0.21691973969630773,4.61
HK.00241,阿里健康,2022-03-22 00:00:00,4.62,5.02,5.05,4.52,161.935,0.00699,94452149,454949088.0,8.658008658008647,4.62
HK.00241,阿里健康,2022-03-23 00:00:00,5.08,5.07,5.39,5.01,163.548,0.00639,86405688,449534334.0,0.9960159362549943,5.02
HK.00241,阿里健康,2022-03-24 00:00:00,5.05,5.01,5.23,4.99,161.612,0.00459,62063966,316055631.0,-1.1834319526627315,5.07
HK.00241,阿里健康,2022-03-25 00:00:00,4.98,4.55,5.01,4.46,146.774,0.00495,66890282,311564969.0,-9.181636726546905,5.01
HK.00241,阿里健康,2022-03-28 00:00:00,4.55,4.72,4.81,4.4,152.258,0.00614,83047330,387876739.0,3.736263736263735,4.55
HK.00241,阿里健康,2022-03-29 00:00:00,4.82,5.11,5.18,4.82,164.838,0.0059,79798070,404958462.0,8.262711864406793,4.72
HK.00241,阿里健康,2022-03-30 00:00:00,5.26,5.22,5.31,5.09,168.387,0.00547,73923830,382901462.0,2.1526418786692645,5.11
HK.00241,阿里健康,2022-03-31 00:00:00,5.2,5.08,5.2,4.94,163.87,0.00356,48185319,243526022.0,-2.6819923371647447,5.22
HK.00241,阿里健康,2022-04-01 00:00:00,4.96,4.97,4.99,4.76,160.322,0.00238,32156632,157607826.0,-2.165354330708668,5.08
HK.00241,阿里健康,2022-04-04 00:00:00,5.08,5.43,5.46,4.96,175.161,0.0043,58060048,307669681.0,9.25553319919517,4.97
HK.00241,阿里健康,2022-04-06 00:00:00,5.17,5.2,5.3,5.12,167.741,0.0048,64918879,338282259.0,-4.235727440147322,5.43
HK.00241,阿里健康,2022-04-07 00:00:00,5.2,5.0,5.4,4.95,161.29,0.00341,46084179,236476453.0,-3.8461538461538494,5.2
HK.00241,阿里健康,2022-04-08 00:00:00,4.95,4.95,5.0,4.79,159.677,0.00207,27955037,136814606.0,-0.9999999999999963,5.0
HK.00241,阿里健康,2022-04-11 00:00:00,4.91,4.71,4.93,4.65,151.935,0.00269,36333369,172440009.0,-4.848484848484853,4.95
HK.00241,阿里健康,2022-04-12 00:00:00,4.81,4.71,4.86,4.51,151.935,0.0029,39233679,183891960.0,0.0,4.71
HK.00241,阿里健康,2022-04-13 00:00:00,4.72,4.66,4.77,4.57,150.322,0.00192,25979612,121369670.0,-1.061571125265389,4.71
HK.00241,阿里健康,2022-04-14 00:00:00,4.73,4.8,4.82,4.62,154.838,0.00177,23960771,113617995.0,3.0042918454935554,4.66
HK.00241,阿里健康,2022-04-19 00:00:00,4.62,4.51,4.68,4.43,145.483,0.00306,41381289,185861183.0,-6.041666666666668,4.8
HK.00241,阿里健康,2022-04-20 00:00:00,4.51,4.39,4.54,4.33,141.612,0.00237,32008127,141315878.0,-2.660753880266078,4.51
HK.00241,阿里健康,2022-04-21 00:00:00,4.29,4.12,4.29,4.08,132.903,0.00366,49422944,205249521.0,-6.1503416856491935,4.39
HK.00241,阿里健康,2022-04-22 00:00:00,4.01,4.07,4.12,3.91,131.29,0.0033,44550811,178980045.0,-1.2135922330097044,4.12
HK.00241,阿里健康,2022-04-25 00:00:00,3.92,3.88,4.0,3.81,125.161,0.00193,26122928,101782904.0,-4.668304668304677,4.07
HK.00241,阿里健康,2022-04-26 00:00:00,3.99,4.0,4.16,3.94,129.032,0.00246,33206239,133977119.0,3.092783505154642,3.88
HK.00241,阿里健康,2022-04-27 00:00:00,3.94,3.99,4.09,3.87,128.709,0.00352,47544180,189823197.0,-0.24999999999999467,4.0
HK.00241,阿里健康,2022-04-28 00:00:00,4.03,4.03,4.05,3.78,130.0,0.00381,51482349,201546467.0,1.0025062656641612,3.99
HK.00241,阿里健康,2022-04-29 00:00:00,3.94,4.55,4.61,3.88,146.774,0.00612,82695488,363471305.0,12.903225806451601,4.03
HK.00241,阿里健康,2022-05-03 00:00:00,4.43,4.41,4.58,4.27,142.258,0.00325,43880161,193928346.0,-3.07692307692307,4.55
HK.00241,阿里健康,2022-05-04 00:00:00,4.35,4.08,4.39,4.02,131.612,0.00318,42969379,177625096.0,-7.482993197278913,4.41
HK.00241,阿里健康,2022-05-05 00:00:00,4.2,4.14,4.26,4.08,133.548,0.00336,45441884,189112906.0,1.470588235294108,4.08
HK.00241,阿里健康,2022-05-06 00:00:00,3.96,3.79,3.96,3.76,122.258,0.00457,61817666,236875734.0,-8.454106280193228,4.14
HK.00241,阿里健康,2022-05-10 00:00:00,3.52,3.71,3.76,3.5,119.677,0.00388,52499033,191924314.0,-2.110817941952509,3.79
HK.00241,阿里健康,2022-05-11 00:00:00,3.62,3.85,4.01,3.61,124.193,0.0038,51348442,200099180.0,3.7735849056603805,3.71
HK.00241,阿里健康,2022-05-12 00:00:00,3.78,3.72,3.86,3.71,120.0,0.00237,32019234,120515429.0,-3.3766233766233738,3.85
HK.00241,阿里健康,2022-05-13 00:00:00,3.9,4.12,4.15,3.88,132.903,0.00663,89643070,361690411.0,10.752688172043008,3.72
HK.00241,阿里健康,2022-05-16 00:00:00,4.17,4.12,4.37,4.08,132.903,0.00471,63653299,267040457.0,0.0,4.12
HK.00241,阿里健康,2022-05-17 00:00:00,4.22,4.43,4.45,4.18,142.903,0.00443,59933319,259132433.0,7.524271844660184,4.12
HK.00241,阿里健康,2022-05-18 00:00:00,4.48,4.41,4.48,4.3,142.258,0.0029,39238272,172138848.0,-0.4514672686230152,4.43
HK.00241,阿里健康,2022-05-19 00:00:00,4.2,4.19,4.25,4.12,135.161,0.00331,44766465,186979020.0,-4.988662131519268,4.41
HK.00241,阿里健康,2022-05-20 00:00:00,4.33,4.43,4.45,4.26,142.903,0.00396,53590230,234749440.0,5.727923627684948,4.19
HK.00241,阿里健康,2022-05-23 00:00:00,4.31,4.0,4.36,3.96,129.032,0.00935,126345568,515715310.0,-9.706546275395029,4.43
HK.00241,阿里健康,2022-05-24 00:00:00,4.01,3.87,4.04,3.82,124.838,0.0048,64845512,253589092.0,-3.2499999999999973,4.0
HK.00241,阿里健康,2022-05-25 00:00:00,3.87,3.8,3.97,3.78,122.58,0.00604,81695823,314349557.0,-1.8087855297157693,3.87
HK.00241,阿里健康,2022-05-26 00:00:00,3.94,3.7,3.99,3.69,0.0,0.01176,159007623,604856218.0,-2.631578947368412,3.8
HK.00241,阿里健康,2022-05-27 00:00:00,3.84,3.7,3.93,3.69,0.0,0.00974,131669923,498903408.0,0.0,3.7
HK.00241,阿里健康,2022-05-30 00:00:00,3.77,3.91,3.93,3.76,0.0,0.01224,165429773,636164182.0,5.6756756756756745,3.7
HK.00241,阿里健康,2022-05-31 00:00:00,3.9,4.0,4.07,3.84,0.0,0.01388,187589995,747807901.0,2.3017902813299194,3.91
HK.00241,阿里健康,2022-06-01 00:00:00,4.0,4.0,4.0,3.88,0.0,0.00564,76211807,300878201.0,0.0,4.0
HK.00241,阿里健康,2022-06-02 00:00:00,3.93,3.92,3.97,3.88,0.0,0.00454,61370536,239935227.0,-2.0000000000000018,4.0
HK.00241,阿里健康,2022-06-06 00:00:00,3.94,4.03,4.07,3.88,0.0,0.00641,86711045,344113306.0,2.8061224489796,3.92
HK.00241,阿里健康,2022-06-07 00:00:00,4.0,4.33,4.36,3.97,0.0,0.01221,165004092,695786187.0,7.444168734491311,4.03
HK.00241,阿里健康,2022-06-08 00:00:00,4.46,4.83,4.89,4.4,0.0,0.0178,240614276,1131502235.0,11.547344110854503,4.33
HK.00241,阿里健康,2022-06-09 00:00:00,4.95,4.82,5.1,4.78,0.0,0.01441,194800922,959509078.0,-0.20703933747411568,4.83
HK.00241,阿里健康,2022-06-10 00:00:00,4.74,5.07,5.1,4.52,0.0,0.01421,192073256,952210294.0,5.186721991701244,4.82
HK.00241,阿里健康,2022-06-13 00:00:00,4.87,4.68,4.99,4.63,0.0,0.00896,121180980,580024578.0,-7.692307692307702,5.07
HK.00241,阿里健康,2022-06-14 00:00:00,4.5,4.74,4.85,4.5,0.0,0.00554,74873960,352401643.0,1.2820512820512928,4.68
HK.00241,阿里健康,2022-06-15 00:00:00,4.78,4.92,5.03,4.78,0.0,0.00785,106115298,525860061.0,3.797468354430374,4.74
HK.00241,阿里健康,2022-06-16 00:00:00,4.99,4.67,5.05,4.59,0.0,0.00764,103256512,493223648.0,-5.08130081300813,4.92
HK.00241,阿里健康,2022-06-17 00:00:00,4.71,4.91,4.93,4.6,0.0,0.00666,90070471,436865940.0,5.139186295503217,4.67
HK.00241,阿里健康,2022-06-20 00:00:00,4.97,4.96,4.98,4.83,0.0,0.00506,68339227,335643245.0,1.0183299389002,4.91
HK.00241,阿里健康,2022-06-21 00:00:00,5.1,5.56,5.65,4.95,0.0,0.01686,227894496,1223372123.0,12.09677419354838,4.96
HK.00241,阿里健康,2022-06-22 00:00:00,5.4,4.79,5.4,4.62,0.0,0.02518,340387690,1680764816.0,-13.848920863309347,5.56
HK.00241,阿里健康,2022-06-23 00:00:00,4.8,4.98,5.07,4.68,0.0,0.01396,188649854,923310569.0,3.9665970772442667,4.79
HK.00241,阿里健康,2022-06-24 00:00:00,5.1,5.21,5.29,5.07,0.0,0.00926,125165990,652843408.0,4.618473895582319,4.98
HK.00241,阿里健康,2022-06-27 00:00:00,5.39,5.76,5.8,5.33,0.0,0.01497,202340893,1136128604.0,10.556621880998076,5.21
HK.00241,阿里健康,2022-06-28 00:00:00,5.6,5.76,5.8,5.48,0.0,0.00809,109337648,619855517.0,0.0,5.76
HK.00241,阿里健康,2022-06-29 00:00:00,5.62,5.48,5.72,5.35,0.0,0.00778,105225609,577926736.0,-4.8611111111111,5.76
HK.00241,阿里健康,2022-06-30 00:00:00,5.4,5.4,5.58,5.31,0.0,0.00544,73503052,399327660.0,-1.4598540145985412,5.48
HK.00241,阿里健康,2022-07-04 00:00:00,5.32,5.48,5.54,5.27,0.0,0.00455,61549576,335929022.0,1.4814814814814827,5.4
HK.00241,阿里健康,2022-07-05 00:00:00,5.6,5.74,5.95,5.58,0.0,0.00859,116119649,672079076.0,4.744525547445251,5.48
HK.00241,阿里健康,2022-07-06 00:00:00,5.79,5.7,5.99,5.51,0.0,0.00702,94913856,545213720.0,-0.6968641114982584,5.74
HK.00241,阿里健康,2022-07-07 00:00:00,5.64,5.63,5.67,5.4,0.0,0.00374,50612193,281398876.0,-1.2280701754386014,5.7
HK.00241,阿里健康,2022-07-08 00:00:00,5.74,5.53,5.78,5.44,0.0,0.0048,64904448,362133912.0,-1.776198934280633,5.63
HK.00241,阿里健康,2022-07-11 00:00:00,5.52,5.31,5.52,5.22,0.0,0.00429,58020565,309191320.0,-3.9783001808318375,5.53
HK.00241,阿里健康,2022-07-12 00:00:00,5.13,5.13,5.27,5.07,0.0,0.00505,68237558,351294844.0,-3.3898305084745712,5.31
HK.00241,阿里健康,2022-07-13 00:00:00,5.15,5.18,5.29,5.12,0.0,0.00286,38622033,200695675.0,0.974658869395708,5.13
HK.00241,阿里健康,2022-07-14 00:00:00,5.18,5.32,5.47,5.17,0.0,0.00498,67312377,359467126.0,2.702702702702714,5.18
HK.00241,阿里健康,2022-07-15 00:00:00,5.24,5.03,5.31,4.96,0.0,0.00429,57962920,294008715.0,-5.451127819548873,5.32
HK.00241,阿里健康,2022-07-18 00:00:00,5.1,5.21,5.23,4.9,0.0,0.00349,47186020,243138062.0,3.5785288270377675,5.03
HK.00241,阿里健康,2022-07-19 00:00:00,5.19,5.17,5.27,5.09,0.0,0.00198,26791789,138530578.0,-0.7677543186180429,5.21
HK.00241,阿里健康,2022-07-20 00:00:00,5.3,5.28,5.47,5.26,0.0,0.00368,49757767,266184623.0,2.1276595744680913,5.17
HK.00241,阿里健康,2022-07-21 00:00:00,5.27,5.21,5.33,5.15,0.0,0.00243,32812353,170791097.0,-1.325757575757581,5.28
HK.00241,阿里健康,2022-07-22 00:00:00,5.24,5.15,5.26,5.06,0.0,0.00233,31490885,162066332.0,-1.151631477927056,5.21
HK.00241,阿里健康,2022-07-25 00:00:00,5.08,5.13,5.14,4.98,0.0,0.00193,26044601,131867098.0,-0.3883495145631158,5.15
HK.00241,阿里健康,2022-07-26 00:00:00,5.18,5.2,5.24,5.06,0.0,0.0018,24279191,125864085.0,1.3645224171540018,5.13
HK.00241,阿里健康,2022-07-27 00:00:00,5.1,5.08,5.17,5.02,0.0,0.0021,28377073,143784826.0,-2.3076923076923097,5.2
HK.00241,阿里健康,2022-07-28 00:00:00,5.13,5.02,5.14,5.0,0.0,0.00325,44006684,221967458.0,-1.181102362204734,5.08
HK.00241,阿里健康,2022-07-29 00:00:00,5.0,4.72,5.04,4.61,0.0,0.00677,91512466,430926663.0,-5.976095617529877,5.02
HK.00241,阿里健康,2022-08-01 00:00:00,4.6,4.68,4.71,4.51,0.0,0.00252,34079184,157987482.0,-0.8474576271186449,4.72
HK.00241,阿里健康,2022-08-02 00:00:00,4.52,4.51,4.6,4.33,0.0,0.00411,55528954,247608031.0,-3.6324786324786316,4.68
HK.00241,阿里健康,2022-08-03 00:00:00,4.58,4.49,4.66,4.46,0.0,0.00197,26587984,120813204.0,-0.4434589800443364,4.51
HK.00241,阿里健康,2022-08-04 00:00:00,4.61,4.75,4.85,4.61,0.0,0.00373,50449105,239366017.0,5.790645879732734,4.49
HK.00241,阿里健康,2022-08-05 00:00:00,4.84,4.75,4.86,4.71,0.0,0.00203,27401222,130584682.0,0.0,4.75
HK.00241,阿里健康,2022-08-08 00:00:00,4.73,4.74,4.76,4.62,0.0,0.00137,18460770,86619253.0,-0.2105263157894692,4.75
HK.00241,阿里健康,2022-08-09 00:00:00,4.78,4.65,4.79,4.63,0.0,0.00171,23151177,108455424.0,-1.898734177215187,4.74
HK.00241,阿里健康,2022-08-10 00:00:00,4.64,4.5,4.64,4.42,0.0,0.00263,35541173,159182640.0,-3.2258064516129106,4.65
HK.00241,阿里健康,2022-08-11 00:00:00,4.6,4.64,4.64,4.52,0.0,0.00212,28665958,131981622.0,3.111111111111104,4.5
HK.00241,阿里健康,2022-08-12 00:00:00,4.67,4.67,4.68,4.53,0.0,0.0021,28333411,131181807.0,0.6465517241379364,4.64
HK.00241,阿里健康,2022-08-15 00:00:00,4.58,4.7,4.8,4.58,0.0,0.00148,20048943,94336658.0,0.6423982869379069,4.67
HK.00241,阿里健康,2022-08-16 00:00:00,4.7,4.59,4.74,4.5,0.0,0.00215,29010500,133352688.0,-2.3404255319149003,4.7
HK.00241,阿里健康,2022-08-17 00:00:00,4.56,4.55,4.6,4.49,0.0,0.00147,19830524,90205518.0,-0.8714596949891076,4.59
HK.00241,阿里健康,2022-08-18 00:00:00,4.55,4.42,4.55,4.39,0.0,0.00199,26887054,119282001.0,-2.857142857142855,4.55
HK.00241,阿里健康,2022-08-19 00:00:00,4.4,4.34,4.43,4.3,0.0,0.00224,30306128,131994725.0,-1.8099547511312233,4.42
HK.00241,阿里健康,2022-08-22 00:00:00,4.32,4.4,4.46,4.29,0.0,0.00298,40295974,176695353.0,1.3824884792626844,4.34
HK.00241,阿里健康,2022-08-23 00:00:00,4.4,4.38,4.41,4.28,0.0,0.0018,24282284,105466555.0,-0.454545454545465,4.4
HK.00241,阿里健康,2022-08-24 00:00:00,4.42,4.28,4.42,4.21,0.0,0.00319,43154442,184591202.0,-2.2831050228310423,4.38
HK.00241,阿里健康,2022-08-25 00:00:00,4.5,4.48,4.51,4.3,0.0,0.00233,31511982,139536378.0,4.672897196261686,4.28
HK.00241,阿里健康,2022-08-26 00:00:00,4.56,4.56,4.63,4.53,0.0,0.00274,36983634,169015887.0,1.7857142857142672,4.48
HK.00241,阿里健康,2022-08-29 00:00:00,4.46,4.53,4.56,4.42,0.0,0.00189,25531414,114658333.0,-0.6578947368420912,4.56
HK.00241,阿里健康,2022-08-30 00:00:00,4.55,4.41,4.55,4.29,0.0,0.00256,34574959,150761418.0,-2.6490066225165583,4.53
HK.00241,阿里健康,2022-08-31 00:00:00,4.3,4.55,4.6,4.29,0.0,0.00347,46916675,210176558.0,3.1746031746031673,4.41
HK.00241,阿里健康,2022-09-01 00:00:00,4.47,4.41,4.55,4.35,0.0,0.00263,35561000,157688524.0,-3.07692307692307,4.55
HK.00241,阿里健康,2022-09-02 00:00:00,4.46,4.47,4.65,4.39,0.0,0.00447,60446358,273034673.0,1.360544217687066,4.41
HK.00241,阿里健康,2022-09-05 00:00:00,4.45,4.43,4.53,4.37,0.0,0.00225,30460997,134961502.0,-0.8948545861297548,4.47
HK.00241,阿里健康,2022-09-06 00:00:00,4.44,4.31,4.48,4.2,0.0,0.00291,39409032,168546087.0,-2.7088036117381518,4.43
HK.00241,阿里健康,2022-09-07 00:00:00,4.25,4.23,4.26,4.15,0.0,0.00237,31977222,134212973.0,-1.8561484918793316,4.31
HK.00241,阿里健康,2022-09-08 00:00:00,4.25,4.24,4.33,4.2,0.0,0.00191,25823827,109541650.0,0.23640661938533772,4.23
HK.00241,阿里健康,2022-09-09 00:00:00,4.29,4.41,4.44,4.25,0.0,0.00301,40746672,178603043.0,4.00943396226415,4.24
HK.00241,阿里健康,2022-09-13 00:00:00,4.42,4.51,4.56,4.41,0.0,0.00265,35799923,161150428.0,2.2675736961451167,4.41
HK.00241,阿里健康,2022-09-14 00:00:00,4.36,4.3,4.42,4.28,0.0,0.00221,29866360,129084137.0,-4.656319290465631,4.51
HK.00241,阿里健康,2022-09-15 00:00:00,4.3,4.27,4.34,4.23,0.0,0.00192,25907874,110521094.0,-0.697674418604657,4.3
HK.00241,阿里健康,2022-09-16 00:00:00,4.27,4.03,4.27,4.01,0.0,0.00528,71330387,291311013.0,-5.620608899297409,4.27
HK.00241,阿里健康,2022-09-19 00:00:00,4.03,3.92,4.04,3.9,0.0,0.00352,47526209,188057715.0,-2.7295285359801564,4.03
HK.00241,阿里健康,2022-09-20 00:00:00,3.93,3.98,4.04,3.93,0.0,0.00201,27161113,108478826.0,1.5306122448979604,3.92
HK.00241,阿里健康,2022-09-21 00:00:00,3.96,3.85,3.96,3.79,0.0,0.00302,40846097,157094345.0,-3.2663316582914548,3.98
HK.00241,阿里健康,2022-09-22 00:00:00,3.72,3.77,3.79,3.71,0.0,0.0033,44653722,167054566.0,-2.0779220779220795,3.85
HK.00241,阿里健康,2022-09-23 00:00:00,3.76,3.65,3.77,3.62,0.0,0.00285,38556846,141789290.0,-3.183023872679048,3.77
HK.00241,阿里健康,2022-09-26 00:00:00,3.6,3.76,3.83,3.57,0.0,0.0038,51323779,192799332.0,3.013698630136983,3.65
HK.00241,阿里健康,2022-09-27 00:00:00,3.75,3.8,3.82,3.68,0.0,0.00197,26571351,99854396.0,1.0638297872340436,3.76
HK.00241,阿里健康,2022-09-28 00:00:00,3.8,3.7,3.8,3.66,0.0,0.00218,29437056,109404744.0,-2.631578947368412,3.8
HK.00241,阿里健康,2022-09-29 00:00:00,3.83,3.63,3.83,3.59,0.0,0.00193,26091190,96174173.0,-1.8918918918918997,3.7
HK.00241,阿里健康,2022-09-30 00:00:00,3.62,3.6,3.66,3.54,0.0,0.00162,21892858,78957404.0,-0.8264462809917302,3.63
HK.00241,阿里健康,2022-10-03 00:00:00,3.52,3.62,3.73,3.52,0.0,0.00098,13224286,47935592.0,0.555555555555556,3.6
HK.00241,阿里健康,2022-10-05 00:00:00,3.87,3.91,3.94,3.8,0.0,0.00267,36057072,139552748.0,8.011049723756907,3.62
HK.00241,阿里健康,2022-10-06 00:00:00,3.9,3.84,3.9,3.79,0.0,0.00094,12755683,48967187.0,-1.790281329923281,3.91
HK.00241,阿里健康,2022-10-07 00:00:00,3.8,3.66,3.81,3.62,0.0,0.00144,19525882,71816566.0,-4.687499999999993,3.84
HK.00241,阿里健康,2022-10-10 00:00:00,3.55,3.59,3.65,3.5,0.0,0.0021,28361118,101667927.0,-1.9125683060109366,3.66
HK.00241,阿里健康,2022-10-11 00:00:00,3.55,3.56,3.63,3.45,0.0,0.0022,29757600,105325051.0,-0.8356545961002733,3.59
HK.00241,阿里健康,2022-10-12 00:00:00,3.55,3.58,3.71,3.44,0.0,0.00383,51830723,183269227.0,0.5617977528089892,3.56
HK.00241,阿里健康,2022-10-13 00:00:00,3.55,3.27,3.63,3.24,0.0,0.00576,77900495,263512646.0,-8.659217877094974,3.58
HK.00241,阿里健康,2022-10-14 00:00:00,3.33,3.32,3.4,3.25,0.0,0.0066,89211307,297818017.0,1.5290519877675788,3.27
HK.00241,阿里健康,2022-10-17 00:00:00,3.26,3.31,3.39,3.16,0.0,0.00534,72211621,237079673.0,-0.301204819277102,3.32
HK.00241,阿里健康,2022-10-18 00:00:00,3.4,3.62,3.65,3.35,0.0,0.00622,84067010,295428062.0,9.365558912386708,3.31
HK.00241,阿里健康,2022-10-19 00:00:00,3.6,3.51,3.67,3.49,0.0,0.00343,46417929,165500779.0,-3.03867403314918,3.62
HK.00241,阿里健康,2022-10-20 00:00:00,3.45,3.52,3.58,3.32,0.0,0.00365,49404165,171724709.0,0.2849002849002915,3.51
HK.00241,阿里健康,2022-10-21 00:00:00,3.59,3.57,3.63,3.53,0.0,0.00256,34633308,124280836.0,1.4204545454545403,3.52
HK.00241,阿里健康,2022-10-24 00:00:00,3.44,3.04,3.5,3.0,0.0,0.00887,119915488,382268875.0,-14.845938375350135,3.57
HK.00241,阿里健康,2022-10-25 00:00:00,3.15,3.29,3.34,3.0,0.0,0.00701,94722863,304263259.0,8.223684210526317,3.04
HK.00241,阿里健康,2022-10-26 00:00:00,3.4,3.58,3.67,3.35,0.0,0.0077,104154432,367921944.0,8.814589665653497,3.29
HK.00241,阿里健康,2022-10-27 00:00:00,3.75,3.62,3.78,3.6,0.0,0.00492,66479918,243511712.0,1.1173184357541908,3.58
HK.00241,阿里健康,2022-10-28 00:00:00,3.62,3.39,3.62,3.31,0.0,0.00551,74430000,253610358.0,-6.353591160220994,3.62
HK.00241,阿里健康,2022-10-31 00:00:00,3.41,3.32,3.55,3.3,0.0,0.00452,61114456,207931919.0,-2.06489675516225,3.39
HK.00241,阿里健康,2022-11-01 00:00:00,3.41,3.64,3.66,3.36,0.0,0.00677,91526830,324163242.0,9.63855421686748,3.32
HK.00241,阿里健康,2022-11-02 00:00:00,3.59,3.85,3.91,3.57,0.0,0.00493,66605072,252061129.0,5.769230769230768,3.64
HK.00241,阿里健康,2022-11-03 00:00:00,3.7,3.79,3.84,3.67,0.0,0.0033,44576536,168227924.0,-1.5584415584415598,3.85
HK.00241,阿里健康,2022-11-04 00:00:00,3.82,4.04,4.21,3.82,0.0,0.00789,106675207,429758362.0,6.596306068601583,3.79
HK.00241,阿里健康,2022-11-07 00:00:00,4.04,4.21,4.26,3.95,0.0,0.00524,70804978,294868924.0,4.207920792079206,4.04
HK.00241,阿里健康,2022-11-08 00:00:00,4.27,4.18,4.27,4.1,0.0,0.00343,46361328,193539209.0,-0.7125890736342102,4.21
HK.00241,阿里健康,2022-11-09 00:00:00,4.19,4.03,4.28,3.96,0.0,0.00525,70963144,287987586.0,-3.5885167464114707,4.18
HK.00241,阿里健康,2022-11-10 00:00:00,3.97,3.94,3.98,3.88,0.0,0.00244,32963659,129493005.0,-2.233250620347402,4.03
HK.00241,阿里健康,2022-11-11 00:00:00,4.25,4.32,4.38,4.15,0.0,0.00645,87272250,372421077.0,9.64467005076143,3.94
HK.00241,阿里健康,2022-11-14 00:00:00,4.56,5.0,5.2,4.43,0.0,0.01598,216012850,1059212684.0,15.740740740740733,4.32
HK.00241,阿里健康,2022-11-15 00:00:00,5.02,5.72,5.75,4.93,0.0,0.0178,240667979,1305183902.0,14.399999999999997,5.0
HK.00241,阿里健康,2022-11-16 00:00:00,5.77,5.9,6.5,5.6,0.0,0.02286,309135485,1861831225.0,3.1468531468531578,5.72
HK.00241,阿里健康,2022-11-17 00:00:00,5.66,5.63,5.76,5.35,0.0,0.0111,150030282,831823957.0,-4.576271186440685,5.9
HK.00241,阿里健康,2022-11-18 00:00:00,5.83,5.88,6.26,5.78,0.0,0.01396,188749125,1133545825.0,4.440497335701599,5.63
HK.00241,阿里健康,2022-11-21 00:00:00,5.59,5.63,5.67,5.45,0.0,0.00459,62015775,345340301.0,-4.2517006802721085,5.88
HK.00241,阿里健康,2022-11-22 00:00:00,5.56,5.56,5.83,5.46,0.0,0.00591,79938380,449104190.0,-1.2433392539964525,5.63
HK.00241,阿里健康,2022-11-23 00:00:00,5.62,5.6,5.66,5.26,0.0,0.00487,65775386,361614365.0,0.7194244604316554,5.56
HK.00241,阿里健康,2022-11-24 00:00:00,5.62,5.62,5.67,5.5,0.0,0.0028,37840130,211472345.0,0.3571428571428654,5.6
HK.00241,阿里健康,2022-11-25 00:00:00,5.6,5.57,5.6,5.39,0.0,0.00329,44428941,244434845.0,-0.8896797153024879,5.62
HK.00241,阿里健康,2022-11-28 00:00:00,5.4,5.56,5.61,5.24,0.0,0.00379,51192884,278892361.0,-0.17953321364453634,5.57
HK.00241,阿里健康,2022-11-29 00:00:00,5.74,6.1,6.24,5.74,0.0,0.01008,136279939,826367511.0,9.712230215827338,5.56
HK.00241,阿里健康,2022-11-30 00:00:00,6.1,6.39,6.41,5.95,0.0,0.00995,134494368,843270288.0,4.754098360655738,6.1
HK.00241,阿里健康,2022-12-01 00:00:00,6.7,6.61,7.0,6.48,0.0,0.01215,164267625,1099334410.0,3.4428794992175376,6.39
HK.00241,阿里健康,2022-12-02 00:00:00,6.61,7.25,7.55,6.61,0.0,0.02031,274562024,1978914476.0,9.682299546142204,6.61
HK.00241,阿里健康,2022-12-05 00:00:00,7.68,8.69,8.95,7.68,0.0,0.0214,289388831,2431084621.0,19.862068965517235,7.25
HK.00241,阿里健康,2022-12-06 00:00:00,8.35,8.53,9.6,8.31,0.0,0.02163,292490478,2568890998.0,-1.8411967779056404,8.69
HK.00241,阿里健康,2022-12-07 00:00:00,8.69,8.47,9.5,8.35,0.0,0.02257,305204728,2751278738.0,-0.7033997655333966,8.53
HK.00241,阿里健康,2022-12-08 00:00:00,8.78,9.83,9.96,8.58,0.0,0.0203,274468422,2568165355.0,16.056670602125138,8.47
HK.00241,阿里健康,2022-12-09 00:00:00,10.08,9.4,10.14,9.2,0.0,0.01932,261206187,2471538184.0,-4.374364191251269,9.83
HK.00241,阿里健康,2022-12-12 00:00:00,9.5,9.16,9.7,8.77,0.0,0.01351,182664083,1672341082.0,-2.5531914893617045,9.4
HK.00241,阿里健康,2022-12-13 00:00:00,9.3,8.75,9.63,8.68,0.0,0.0114,154121029,1378638082.0,-4.475982532751093,9.16
HK.00241,阿里健康,2022-12-14 00:00:00,8.9,8.13,8.92,7.75,0.0,0.02124,287160382,2329386870.0,-7.085714285714277,8.75
HK.00241,阿里健康,2022-12-15 00:00:00,8.08,7.89,8.14,7.52,0.0,0.00915,123759665,974606834.0,-2.9520295202952163,8.13
HK.00241,阿里健康,2022-12-16 00:00:00,7.8,8.05,8.36,7.57,0.0,0.0099,133866946,1073539321.0,2.0278833967047025,7.89
HK.00241,阿里健康,2022-12-19 00:00:00,8.16,7.39,8.33,7.15,0.0,0.01328,179554960,1349627172.0,-8.198757763975168,8.05
HK.00241,阿里健康,2022-12-20 00:00:00,7.22,7.2,7.46,7.08,0.0,0.00771,104204434,754449640.0,-2.5710419485791545,7.39
HK.00241,阿里健康,2022-12-21 00:00:00,7.24,7.35,7.62,7.18,0.0,0.00544,73533176,543451058.0,2.083333333333326,7.2
HK.00241,阿里健康,2022-12-22 00:00:00,7.53,7.46,7.8,7.33,0.0,0.00693,93637249,705627735.0,1.4965986394557869,7.35
HK.00241,阿里健康,2022-12-23 00:00:00,7.32,7.09,7.45,6.98,0.0,0.00662,89494951,638766844.0,-4.959785522788205,7.46
HK.00241,阿里健康,2022-12-28 00:00:00,6.92,7.06,7.19,6.72,0.0,0.00898,121435690,841817163.0,-0.423131170662909,7.09
HK.00241,阿里健康,2022-12-29 00:00:00,6.98,6.74,6.99,6.6,0.0,0.00748,101199010,677950966.0,-4.532577903682712,7.06
HK.00241,阿里健康,2022-12-30 00:00:00,6.9,6.65,6.9,6.5,0.0,0.00401,54226401,360274992.0,-1.3353115727002947,6.74
HK.00241,阿里健康,2023-01-03 00:00:00,6.53,6.65,6.72,6.41,0.0,0.00456,61639684,406838755.0,0.0,6.65
HK.00241,阿里健康,2023-01-04 00:00:00,6.67,7.4,7.44,6.67,0.0,0.01258,170091194,1225330962.0,11.278195488721805,6.65
HK.00241,阿里健康,2023-01-05 00:00:00,7.68,7.24,7.81,7.2,0.0,0.01093,147777199,1102995387.0,-2.162162162162164,7.4
HK.00241,阿里健康,2023-01-06 00:00:00,7.35,6.88,7.5,6.81,0.0,0.00852,115211360,810791848.0,-4.9723756906077385,7.24
HK.00241,阿里健康,2023-01-09 00:00:00,7.03,7.41,7.52,7.01,0.0,0.00992,134069500,985503550.0,7.703488372093028,6.88
HK.00241,阿里健康,2023-01-10 00:00:00,7.41,7.67,7.75,7.14,0.0,0.0081,109579885,824440747.0,3.5087719298245585,7.41
HK.00241,阿里健康,2023-01-11 00:00:00,7.8,7.47,7.96,7.42,0.0,0.00806,109013924,834047518.0,-2.60756192959583,7.67
HK.00241,阿里健康,2023-01-12 00:00:00,7.58,7.32,7.82,7.28,0.0,0.00667,90136096,678184031.0,-2.008032128514049,7.47
HK.00241,阿里健康,2023-01-13 00:00:00,7.3,7.59,7.59,7.13,0.0,0.00401,54222080,402379394.0,3.688524590163928,7.32
HK.00241,阿里健康,2023-01-16 00:00:00,7.66,7.35,7.66,7.3,0.0,0.00362,48917612,363233440.0,-3.162055335968382,7.59
HK.00241,阿里健康,2023-01-17 00:00:00,7.28,7.35,7.52,7.2,0.0,0.00303,40911624,299370994.0,0.0,7.35
HK.00241,阿里健康,2023-01-18 00:00:00,7.33,7.3,7.37,7.2,0.0,0.00293,39616784,288261485.0,-0.6802721088435351,7.35
HK.00241,阿里健康,2023-01-19 00:00:00,7.2,7.09,7.24,7.04,0.0,0.00265,35777933,254271930.0,-2.876712328767123,7.3
HK.00241,阿里健康,2023-01-20 00:00:00,7.09,7.37,7.37,7.09,0.0,0.0025,33787417,244865013.0,3.949224259520455,7.09
HK.00241,阿里健康,2023-01-26 00:00:00,7.5,7.68,7.74,7.47,0.0,0.00357,48330051,368538857.0,4.20624151967435,7.37
HK.00241,阿里健康,2023-01-27 00:00:00,7.7,7.66,7.89,7.56,0.0,0.0026,35172146,270858396.0,-0.26041666666666113,7.68
HK.00241,阿里健康,2023-01-30 00:00:00,7.65,7.05,7.65,7.02,0.0,0.00714,96551207,695888514.0,-7.963446475195826,7.66
HK.00241,阿里健康,2023-01-31 00:00:00,7.12,6.97,7.18,6.75,0.0,0.00576,77870968,536761948.0,-1.1347517730496466,7.05
HK.00241,阿里健康,2023-02-01 00:00:00,7.01,7.05,7.07,6.72,0.0,0.00511,69037093,476702691.0,1.1477761836441904,6.97
HK.00241,阿里健康,2023-02-02 00:00:00,7.15,6.83,7.28,6.81,0.0,0.00442,59790816,418832042.0,-3.1205673758865213,7.05
HK.00241,阿里健康,2023-02-03 00:00:00,6.83,6.82,6.93,6.7,0.0,0.00328,44304262,302644948.0,-0.14641288433381827,6.83
HK.00241,阿里健康,2023-02-06 00:00:00,6.63,6.33,6.66,6.23,0.0,0.00729,98635458,628650821.0,-7.184750733137833,6.82
HK.00241,阿里健康,2023-02-07 00:00:00,6.36,6.34,6.51,6.29,0.0,0.00451,61000933,388733117.0,0.15797788309636315,6.33
HK.00241,阿里健康,2023-02-08 00:00:00,6.34,6.11,6.34,5.96,0.0,0.0077,104128634,634015099.0,-3.627760252365923,6.34
HK.00241,阿里健康,2023-02-09 00:00:00,6.0,6.38,6.4,6.0,0.0,0.00509,68845686,428907327.0,4.418985270049093,6.11
HK.00241,阿里健康,2023-02-10 00:00:00,6.21,6.05,6.35,5.95,0.0,0.00575,77784826,471298993.0,-5.172413793103449,6.38
HK.00241,阿里健康,2023-02-13 00:00:00,5.93,6.12,6.15,5.82,0.0,0.00371,50188041,301734060.0,1.1570247933884346,6.05
HK.00241,阿里健康,2023-02-14 00:00:00,6.12,5.95,6.13,5.94,0.0,0.00285,38472036,230524906.0,-2.777777777777777,6.12
HK.00241,阿里健康,2023-02-15 00:00:00,5.93,5.7,5.99,5.66,0.0,0.00516,69714288,399120212.0,-4.201680672268907,5.95
HK.00241,阿里健康,2023-02-16 00:00:00,5.78,5.9,6.21,5.78,0.0,0.00756,102200972,615425144.0,3.5087719298245648,5.7
HK.00241,阿里健康,2023-02-17 00:00:00,5.85,6.01,6.14,5.81,0.0,0.00607,82017187,491717188.0,1.8644067796610073,5.9
HK.00241,阿里健康,2023-02-20 00:00:00,6.03,6.09,6.18,5.95,0.0,0.00446,60372087,367839009.0,1.3311148086522475,6.01
HK.00241,阿里健康,2023-02-21 00:00:00,6.1,5.86,6.11,5.85,0.0,0.00372,50341597,299334314.0,-3.7766830870279073,6.09
HK.00241,阿里健康,2023-02-22 00:00:00,5.8,5.79,5.93,5.65,0.0,0.00481,65103821,375672673.0,-1.1945392491467623,5.86
HK.00241,阿里健康,2023-02-23 00:00:00,5.8,5.9,5.94,5.73,0.0,0.00298,40264168,236419317.0,1.8998272884283303,5.79
HK.00241,阿里健康,2023-02-24 00:00:00,5.9,5.71,5.94,5.68,0.0,0.00308,41708604,240925477.0,-3.2203389830508535,5.9
HK.00241,阿里健康,2023-02-27 00:00:00,5.65,5.72,5.75,5.53,0.0,0.00314,42475530,240639264.0,0.17513134851137982,5.71
HK.00241,阿里健康,2023-02-28 00:00:00,5.74,5.6,5.8,5.57,0.0,0.00366,49496330,279730723.0,-2.0979020979020997,5.72
HK.00241,阿里健康,2023-03-01 00:00:00,5.6,6.05,6.07,5.59,0.0,0.00474,64032594,379292390.0,8.035714285714288,5.6
HK.00241,阿里健康,2023-03-02 00:00:00,5.9,6.0,6.02,5.9,0.0,0.00266,35982236,214540218.0,-0.8264462809917326,6.05
HK.00241,阿里健康,2023-03-03 00:00:00,6.11,6.07,6.23,5.99,0.0,0.00332,44887777,273203540.0,1.1666666666666714,6.0
HK.00241,阿里健康,2023-03-06 00:00:00,5.98,5.97,6.05,5.82,0.0,0.00329,44493744,264033412.0,-1.647446457990124,6.07
HK.00241,阿里健康,2023-03-07 00:00:00,5.96,5.84,6.11,5.78,0.0,0.00307,41576927,245454702.0,-2.1775544388609696,5.97
HK.00241,阿里健康,2023-03-08 00:00:00,5.7,5.68,5.73,5.57,0.0,0.00312,42241669,238426886.0,-2.739726027397263,5.84
HK.00241,阿里健康,2023-03-09 00:00:00,5.69,5.57,5.71,5.51,0.0,0.00273,36882384,206293542.0,-1.9366197183098492,5.68
HK.00241,阿里健康,2023-03-10 00:00:00,5.45,5.38,5.48,5.32,0.0,0.00712,96260058,518125308.0,-3.411131059245967,5.57
HK.00241,阿里健康,2023-03-13 00:00:00,5.38,5.54,5.73,5.38,0.0,0.00431,58246550,324718908.0,2.9739776951672887,5.38
HK.00241,阿里健康,2023-03-14 00:00:00,5.5,5.37,5.69,5.34,0.0,0.00263,35554613,194174583.0,-3.0685920577617316,5.54
HK.00241,阿里健康,2023-03-15 00:00:00,5.45,5.67,5.75,5.45,0.0,0.00398,53854470,303919964.0,5.586592178770947,5.37
HK.00241,阿里健康,2023-03-16 00:00:00,5.56,5.89,6.05,5.55,0.0,0.00693,93678288,551094308.0,3.880070546737209,5.67
HK.00241,阿里健康,2023-03-17 00:00:00,6.06,6.04,6.15,5.86,0.0,0.00609,82403970,493768718.0,2.54668930390493,5.89
HK.00241,阿里健康,2023-03-20 00:00:00,5.98,5.81,6.03,5.71,0.0,0.00373,50388366,292225378.0,-3.8079470198675565,6.04
HK.00241,阿里健康,2023-03-21 00:00:00,5.85,5.93,6.0,5.79,0.0,0.00291,39313423,233133506.0,2.065404475043031,5.81
HK.00241,阿里健康,2023-03-22 00:00:00,5.99,5.94,6.12,5.92,0.0,0.00317,42840236,256665361.0,0.16863406408095574,5.93
HK.00241,阿里健康,2023-03-23 00:00:00,5.95,6.16,6.16,5.88,0.0,0.00645,87219164,525230767.0,3.7037037037036993,5.94
HK.00241,阿里健康,2023-03-24 00:00:00,6.11,6.38,6.59,6.08,0.0,0.00865,117001058,750117998.0,3.571428571428567,6.16
HK.00241,阿里健康,2023-03-27 00:00:00,6.42,6.31,6.49,6.15,0.0,0.00588,79522450,504350586.0,-1.0971786833855846,6.38
HK.00241,阿里健康,2023-03-28 00:00:00,6.35,6.0,6.4,5.98,0.0,0.0058,78362042,474907278.0,-4.912836767036445,6.31
HK.00241,阿里健康,2023-03-29 00:00:00,6.45,6.31,6.55,6.24,0.0,0.00885,119603826,764056800.0,5.166666666666661,6.0
HK.00241,阿里健康,2023-03-30 00:00:00,6.31,5.81,6.39,5.72,0.0,0.00971,131296884,773910544.0,-7.92393026941363,6.31
HK.00241,阿里健康,2023-03-31 00:00:00,5.93,5.68,5.93,5.66,0.0,0.00553,74772149,429303016.0,-2.2375215146299468,5.81
HK.00241,阿里健康,2023-04-03 00:00:00,5.61,5.79,5.81,5.6,0.0,0.00388,52470369,298512027.0,1.9366197183098648,5.68
HK.00241,阿里健康,2023-04-04 00:00:00,5.69,5.6,5.71,5.4,0.0,0.00509,68764462,380017130.0,-3.2815198618307493,5.79
HK.00241,阿里健康,2023-04-06 00:00:00,5.51,5.81,5.85,5.45,0.0,0.00337,45579131,259963853.0,3.75,5.6
HK.00241,阿里健康,2023-04-11 00:00:00,5.83,6.0,6.03,5.73,0.0,0.00468,63340691,376311555.0,3.27022375215147,5.81
HK.00241,阿里健康,2023-04-12 00:00:00,6.0,5.85,6.02,5.82,0.0,0.00308,41649925,244860764.0,-2.500000000000006,6.0
HK.00241,阿里健康,2023-04-13 00:00:00,5.71,5.95,5.97,5.64,0.0,0.00287,38770671,226540271.0,1.7094017094017186,5.85
HK.00241,阿里健康,2023-04-14 00:00:00,5.98,5.86,6.04,5.8,0.0,0.0027,36548074,215747015.0,-1.5126050420168042,5.95
HK.00241,阿里健康,2023-04-17 00:00:00,5.79,5.89,5.93,5.73,0.0,0.00297,40171203,234524441.0,0.5119453924914567,5.86
HK.00241,阿里健康,2023-04-18 00:00:00,5.8,5.86,5.89,5.78,0.0,0.00211,28579088,166437224.0,-0.5093378607809739,5.89
HK.00241,阿里健康,2023-04-19 00:00:00,5.86,5.71,5.88,5.65,0.0,0.00218,29422459,168290947.0,-2.5597269624573435,5.86
HK.00241,阿里健康,2023-04-20 00:00:00,5.7,5.73,5.74,5.64,0.0,0.00154,20759810,118096492.0,0.3502626970227752,5.71
HK.00241,阿里健康,2023-04-21 00:00:00,5.72,5.48,5.76,5.42,0.0,0.0039,52772594,290116675.0,-4.363001745200698,5.73
HK.00241,阿里健康,2023-04-24 00:00:00,5.48,5.75,5.85,5.48,0.0,0.0051,68908864,394549964.0,4.927007299270065,5.48
HK.00241,阿里健康,2023-04-25 00:00:00,5.73,5.56,5.74,5.49,0.0,0.00256,34640262,192321303.0,-3.304347826086963,5.75
HK.00241,阿里健康,2023-04-26 00:00:00,5.52,5.63,5.71,5.46,0.0,0.00255,34530997,193541330.0,1.258992805755401,5.56
HK.00241,阿里健康,2023-04-27 00:00:00,5.6,5.62,5.63,5.51,0.0,0.00166,22480117,125514538.0,-0.17761989342806014,5.63
HK.00241,阿里健康,2023-04-28 00:00:00,5.63,5.61,5.7,5.57,0.0,0.00153,20714725,116621726.0,-0.17793594306049443,5.62
HK.00241,阿里健康,2023-05-02 00:00:00,5.71,5.54,5.82,5.42,0.0,0.00168,22728282,125731919.0,-1.2477718360071353,5.61
HK.00241,阿里健康,2023-05-03 00:00:00,5.39,5.31,5.48,5.22,0.0,0.00215,29136280,154189217.0,-4.15162454873647,5.54
HK.00241,阿里健康,2023-05-04 00:00:00,5.3,5.34,5.42,5.24,0.0,0.00223,30095117,160594274.0,0.564971751412434,5.31
HK.00241,阿里健康,2023-05-05 00:00:00,5.4,5.51,5.58,5.34,0.0,0.00237,32052511,175325546.0,3.1835205992509352,5.34
HK.00241,阿里健康,2023-05-08 00:00:00,5.68,5.48,5.7,5.44,0.0,0.00267,36083887,199160238.0,-0.5444646098003514,5.51
HK.00241,阿里健康,2023-05-09 00:00:00,5.48,5.18,5.48,5.16,0.0,0.00313,42317104,222715660.0,-5.474452554744539,5.48
HK.00241,阿里健康,2023-05-10 00:00:00,5.18,5.13,5.18,4.97,0.0,0.00339,45809439,232086432.0,-0.965250965250962,5.18
HK.00241,阿里健康,2023-05-11 00:00:00,5.12,5.11,5.24,5.03,0.0,0.00197,26573371,135945698.0,-0.3898635477582763,5.13
HK.00241,阿里健康,2023-05-12 00:00:00,5.21,5.05,5.27,5.01,0.0,0.00304,41130352,209971969.0,-1.1741682974559784,5.11
HK.00241,阿里健康,2023-05-15 00:00:00,5.05,5.11,5.18,5.01,0.0,0.00254,34325476,174827704.0,1.188118811881198,5.05
HK.00241,阿里健康,2023-05-16 00:00:00,5.17,5.08,5.19,5.03,0.0,0.00132,17798827,90690517.0,-0.5870841487279892,5.11
HK.00241,阿里健康,2023-05-17 00:00:00,5.08,4.87,5.08,4.83,0.0,0.00254,34373720,169243805.0,-4.133858267716534,5.08
HK.00241,阿里健康,2023-05-18 00:00:00,4.92,4.79,5.0,4.73,0.0,0.00329,44427790,213450367.0,-1.6427104722792623,4.87
HK.00241,阿里健康,2023-05-19 00:00:00,4.78,4.68,4.78,4.64,0.0,0.00293,39628403,185876419.0,-2.296450939457209,4.79
HK.00241,阿里健康,2023-05-22 00:00:00,4.71,4.9,4.93,4.7,0.0,0.00276,37289802,181657367.0,4.700854700854714,4.68
HK.00241,阿里健康,2023-05-23 00:00:00,4.94,4.89,4.98,4.85,108.513,0.00199,26957424,132361260.0,-0.204081632653075,4.9
HK.00241,阿里健康,2023-05-24 00:00:00,4.94,4.67,4.94,4.61,103.777,0.00394,53282001,250915060.0,-4.49897750511247,4.89
HK.00241,阿里健康,2023-05-25 00:00:00,4.61,4.77,4.79,4.57,106.0,0.00367,49658347,232736028.0,2.141327623126331,4.67
HK.00241,阿里健康,2023-05-29 00:00:00,4.77,4.65,4.83,4.6,103.333,0.00321,43433695,204735654.0,-2.5157232704402355,4.77
HK.00241,阿里健康,2023-05-30 00:00:00,4.64,4.74,4.78,4.61,105.333,0.00196,26436595,124117512.0,1.9354838709677389,4.65
HK.00241,阿里健康,2023-05-31 00:00:00,4.71,4.64,4.71,4.53,103.111,0.00346,46757479,215435507.0,-2.109704641350222,4.74
HK.00241,阿里健康,2023-06-01 00:00:00,4.6,4.63,4.76,4.52,102.888,0.00318,42998025,200558824.0,-0.21551724137930575,4.64
HK.00241,阿里健康,2023-06-02 00:00:00,4.71,4.85,4.89,4.71,107.777,0.00581,78609570,379994889.0,4.751619870410362,4.63
HK.00241,阿里健康,2023-06-05 00:00:00,4.8,4.93,4.96,4.8,109.555,0.00297,40207166,197042080.0,1.6494845360824757,4.85
HK.00241,阿里健康,2023-06-06 00:00:00,4.9,4.86,5.02,4.83,108.0,0.00225,30516677,149975851.0,-1.4198782961460326,4.93
HK.00241,阿里健康,2023-06-07 00:00:00,4.91,4.93,4.97,4.85,109.555,0.00221,29854621,146542819.0,1.4403292181069833,4.86
HK.00241,阿里健康,2023-06-08 00:00:00,4.9,4.83,4.91,4.75,107.333,0.00184,24937101,120284287.0,-2.028397565922914,4.93
HK.00241,阿里健康,2023-06-09 00:00:00,4.84,4.8,4.89,4.68,106.666,0.00251,34026970,162605117.0,-0.6211180124223654,4.83
HK.00241,阿里健康,2023-06-12 00:00:00,4.81,4.79,4.83,4.65,106.444,0.00179,24202340,115103756.0,-0.2083333333333289,4.8
HK.00241,阿里健康,2023-06-13 00:00:00,4.74,4.91,4.97,4.71,109.111,0.0026,35231728,171685560.0,2.5052192066805867,4.79
HK.00241,阿里健康,2023-06-14 00:00:00,4.94,4.88,5.0,4.86,108.444,0.00154,20845574,102441182.0,-0.6109979633401272,4.91
HK.00241,阿里健康,2023-06-15 00:00:00,4.88,5.16,5.16,4.88,114.666,0.00356,48200201,243594574.0,5.737704918032792,4.88
HK.00241,阿里健康,2023-06-16 00:00:00,5.16,5.17,5.29,5.11,114.888,0.00671,90845327,471954656.0,0.19379844961239895,5.16
HK.00241,阿里健康,2023-06-19 00:00:00,5.15,4.99,5.17,4.88,110.888,0.00332,44932259,223471895.0,-3.481624758220497,5.17
HK.00241,阿里健康,2023-06-20 00:00:00,4.99,4.84,4.99,4.81,107.555,0.00241,32660748,158646911.0,-3.006012024048103,4.99
HK.00241,阿里健康,2023-06-21 00:00:00,4.72,4.65,4.79,4.63,103.333,0.00269,36421685,170296048.0,-3.9256198347107336,4.84
HK.00241,阿里健康,2023-06-23 00:00:00,4.6,4.47,4.64,4.44,99.333,0.00182,24688358,111026153.0,-3.8709677419354964,4.65
HK.00241,阿里健康,2023-06-26 00:00:00,4.43,4.57,4.6,4.42,101.555,0.00238,32271669,146386287.0,2.237136465324397,4.47
HK.00241,阿里健康,2023-06-27 00:00:00,4.59,4.71,4.73,4.58,104.666,0.00156,21175833,99106485.0,3.0634573304157477,4.57
HK.00241,阿里健康,2023-06-28 00:00:00,4.71,4.73,4.76,4.61,105.111,0.00198,26747660,125767283.0,0.4246284501061669,4.71
HK.00241,阿里健康,2023-06-29 00:00:00,4.73,4.7,4.73,4.62,104.444,0.00129,17405920,81401923.0,-0.634249471458779,4.73
HK.00241,阿里健康,2023-06-30 00:00:00,4.7,4.71,4.79,4.67,104.666,0.00125,16851833,79602141.0,0.21276595744680396,4.7
HK.00241,阿里健康,2023-07-03 00:00:00,4.69,4.79,4.82,4.69,106.444,0.00138,18723945,89560930.0,1.6985138004246298,4.71
HK.00241,阿里健康,2023-07-04 00:00:00,4.78,4.87,4.9,4.74,108.222,0.00223,30223288,146234313.0,1.670146137787058,4.79
HK.00241,阿里健康,2023-07-05 00:00:00,4.83,4.84,4.89,4.76,107.555,0.00138,18675349,89977842.0,-0.6160164271047278,4.87
HK.00241,阿里健康,2023-07-06 00:00:00,4.75,4.68,4.81,4.57,104.0,0.0034,46011697,214738961.0,-3.305785123966945,4.84
HK.00241,阿里健康,2023-07-07 00:00:00,4.61,4.67,4.78,4.52,103.777,0.00251,34025653,157864142.0,-0.21367521367520914,4.68
HK.00241,阿里健康,2023-07-10 00:00:00,4.84,4.86,5.02,4.81,108.0,0.00364,49247288,241118192.0,4.068522483940051,4.67
HK.00241,阿里健康,2023-07-11 00:00:00,4.95,4.84,4.95,4.82,107.555,0.0019,25656777,125094880.0,-0.4115226337448655,4.86
HK.00241,阿里健康,2023-07-12 00:00:00,4.9,4.87,4.97,4.81,108.222,0.00127,17211861,83857035.0,0.6198347107438068,4.84
HK.00241,阿里健康,2023-07-13 00:00:00,5.0,5.19,5.23,4.99,115.333,0.00567,76775767,395967303.0,6.570841889117049,4.87
HK.00241,阿里健康,2023-07-14 00:00:00,5.26,5.19,5.28,5.11,115.333,0.00295,39862539,206668966.0,0.0,5.19
HK.00241,阿里健康,2023-07-18 00:00:00,5.19,5.0,5.19,4.94,111.111,0.00236,31887160,159184291.0,-3.6608863198458645,5.19
HK.00241,阿里健康,2023-07-19 00:00:00,4.9,4.96,4.99,4.86,110.222,0.00227,30771992,151380141.0,-0.8000000000000007,5.0
HK.00241,阿里健康,2023-07-20 00:00:00,4.99,4.95,5.1,4.93,110.0,0.00154,20781058,103727195.0,-0.20161290322580216,4.96
HK.00241,阿里健康,2023-07-21 00:00:00,5.0,5.05,5.16,4.94,112.222,0.00207,27963322,141689121.0,2.0202020202020132,4.95
HK.00241,阿里健康,2023-07-24 00:00:00,5.05,5.05,5.1,4.96,112.222,0.00202,27355566,137540750.0,0.0,5.05
HK.00241,阿里健康,2023-07-25 00:00:00,5.19,5.29,5.3,5.16,117.555,0.0044,59551604,311757491.0,4.752475247524757,5.05
HK.00241,阿里健康,2023-07-26 00:00:00,5.26,5.42,5.44,5.17,120.444,0.00401,54223627,290347022.0,2.457466918714554,5.29
HK.00241,阿里健康,2023-07-27 00:00:00,5.39,5.4,5.56,5.35,120.0,0.00313,42320225,230158265.0,-0.3690036900368925,5.42
HK.00241,阿里健康,2023-07-28 00:00:00,5.3,5.57,5.59,5.3,123.777,0.0033,44616049,246437022.0,3.1481481481481466,5.4
HK.00241,阿里健康,2023-07-31 00:00:00,5.62,5.52,5.77,5.49,122.666,0.00433,58650021,330400060.0,-0.8976660682226338,5.57
HK.00241,阿里健康,2023-08-01 00:00:00,5.61,5.58,5.82,5.55,124.0,0.00426,57612582,327209655.0,1.0869565217391397,5.52
HK.00241,阿里健康,2023-08-02 00:00:00,5.5,5.37,5.65,5.32,119.333,0.00246,33269173,180688083.0,-3.763440860215053,5.58
HK.00241,阿里健康,2023-08-03 00:00:00,5.34,5.38,5.43,5.27,119.555,0.00154,20826214,111793398.0,0.18621973929236102,5.37
HK.00241,阿里健康,2023-08-04 00:00:00,5.46,5.55,5.62,5.45,123.333,0.00158,21434913,118490015.0,3.159851301115241,5.38
HK.00241,阿里健康,2023-08-07 00:00:00,5.48,5.58,5.6,5.4,124.0,0.00181,24463489,134966809.0,0.5405405405405451,5.55
HK.00241,阿里健康,2023-08-08 00:00:00,5.46,5.5,5.6,5.42,122.222,0.00254,34360756,189035381.0,-1.4336917562724028,5.58
HK.00241,阿里健康,2023-08-09 00:00:00,5.5,5.59,5.63,5.46,124.222,0.00155,20963348,116823105.0,1.6363636363636338,5.5
HK.00241,阿里健康,2023-08-10 00:00:00,5.55,5.62,5.63,5.47,124.888,0.00163,22118754,123040022.0,0.53667262969589,5.59
HK.00241,阿里健康,2023-08-11 00:00:00,5.65,5.31,5.66,5.29,118.0,0.00247,33437162,180220710.0,-5.5160142348754535,5.62
HK.00241,阿里健康,2023-08-14 00:00:00,5.14,5.23,5.26,5.08,116.222,0.00222,30066116,155239860.0,-1.5065913370997963,5.31
HK.00241,阿里健康,2023-08-15 00:00:00,5.23,5.25,5.3,5.12,116.666,0.00141,19082999,99590393.0,0.3824091778202595,5.23
HK.00241,阿里健康,2023-08-16 00:00:00,5.22,5.22,5.31,5.16,116.0,0.00141,19065392,99653358.0,-0.5714285714285762,5.25
HK.00241,阿里健康,2023-08-17 00:00:00,5.1,4.85,5.15,4.63,107.777,0.00817,110613279,542472098.0,-7.088122605363988,5.22
HK.00241,阿里健康,2023-08-18 00:00:00,4.8,4.35,4.8,4.35,96.666,0.00852,115362824,516735496.0,-10.309278350515465,4.85
HK.00241,阿里健康,2023-08-21 00:00:00,4.32,4.28,4.42,4.25,95.111,0.00321,43385192,188106347.0,-1.6091954022988366,4.35
HK.00241,阿里健康,2023-08-22 00:00:00,4.37,4.4,4.44,4.28,97.777,0.00632,85558977,372176261.0,2.803738317757012,4.28
HK.00241,阿里健康,2023-08-23 00:00:00,4.39,4.32,4.41,4.26,96.0,0.00327,44313778,191013842.0,-1.8181818181818195,4.4
HK.00241,阿里健康,2023-08-24 00:00:00,4.32,4.43,4.48,4.32,98.444,0.00287,38868683,171936327.0,2.546296296296283,4.32
HK.00241,阿里健康,2023-08-25 00:00:00,4.4,4.55,4.59,4.37,101.111,0.00362,48974823,221805005.0,2.7088036117381518,4.43
HK.00241,阿里健康,2023-08-28 00:00:00,4.78,4.67,4.82,4.64,103.777,0.0027,36483481,171208307.0,2.63736263736264,4.55
HK.00241,阿里健康,2023-08-29 00:00:00,4.62,4.8,4.83,4.62,106.666,0.00295,39864870,189787903.0,2.7837259100642378,4.67
HK.00241,阿里健康,2023-08-30 00:00:00,4.85,4.7,4.87,4.68,104.444,0.00199,26919086,127256314.0,-2.083333333333326,4.8
HK.00241,阿里健康,2023-08-31 00:00:00,4.7,4.63,4.8,4.61,102.888,0.00518,70135770,326226677.0,-1.4893617021276655,4.7
HK.00241,阿里健康,2023-09-04 00:00:00,4.74,4.78,4.81,4.68,106.222,0.00258,34862305,165340502.0,3.239740820734349,4.63
HK.00241,阿里健康,2023-09-05 00:00:00,4.77,4.7,4.77,4.67,104.444,0.00148,20041074,94413271.0,-1.673640167364018,4.78
HK.00241,阿里健康,2023-09-06 00:00:00,4.67,4.64,4.67,4.57,103.111,0.0017,23058756,106313173.0,-1.2765957446808616,4.7
HK.00241,阿里健康,2023-09-07 00:00:00,4.6,4.46,4.6,4.43,99.111,0.00232,31351099,140803173.0,-3.87931034482758,4.64
HK.00241,阿里健康,2023-09-11 00:00:00,4.4,4.73,4.76,4.37,105.111,0.00294,39763208,183828149.0,6.053811659192836,4.46
HK.00241,阿里健康,2023-09-12 00:00:00,4.66,4.64,4.74,4.63,103.111,0.0014,19007466,89003338.0,-1.902748414376337,4.73
HK.00241,阿里健康,2023-09-13 00:00:00,4.66,4.6,4.7,4.57,102.222,0.00096,13029921,60108907.0,-0.8620689655172422,4.64
HK.00241,阿里健康,2023-09-14 00:00:00,4.6,4.59,4.64,4.52,102.0,0.00096,12960085,59383339.0,-0.21739130434782145,4.6
HK.00241,阿里健康,2023-09-15 00:00:00,4.65,4.68,4.72,4.52,104.0,0.00185,25092153,117007254.0,1.960784313725487,4.59
HK.00241,阿里健康,2023-09-18 00:00:00,4.68,4.57,4.68,4.53,101.555,0.00129,17469779,80367523.0,-2.350427350427338,4.68
HK.00241,阿里健康,2023-09-19 00:00:00,4.57,4.7,4.73,4.51,104.444,0.00216,29299191,135701467.0,2.84463894967177,4.57
HK.00241,阿里健康,2023-09-20 00:00:00,4.7,4.73,4.77,4.65,105.111,0.00204,27665145,130249171.0,0.6382978723404308,4.7
HK.00241,阿里健康,2023-09-21 00:00:00,4.71,4.5,4.72,4.48,100.0,0.00272,36832303,167219399.0,-4.862579281183941,4.73
HK.00241,阿里健康,2023-09-22 00:00:00,4.48,4.69,4.7,4.42,104.222,0.0026,35248137,161394292.0,4.22222222222223,4.5
HK.00241,阿里健康,2023-09-25 00:00:00,4.7,4.66,4.72,4.62,103.555,0.00143,19383776,90445168.0,-0.6396588486140777,4.69
HK.00241,阿里健康,2023-09-26 00:00:00,4.65,4.63,4.68,4.61,102.888,0.00127,17241997,80076842.0,-0.64377682403434,4.66
HK.00241,阿里健康,2023-09-27 00:00:00,4.63,4.58,4.68,4.53,101.777,0.00171,23120383,106131904.0,-1.0799136069114432,4.63
HK.00241,阿里健康,2023-09-28 00:00:00,4.52,4.41,4.57,4.34,98.0,0.0037,50030078,220515591.0,-3.7117903930130987,4.58
HK.00241,阿里健康,2023-09-29 00:00:00,4.49,4.88,4.95,4.47,108.444,0.00396,53622228,257817392.0,10.65759637188208,4.41
HK.00241,阿里健康,2023-10-03 00:00:00,4.82,4.76,4.82,4.68,105.777,0.00148,20073974,94915214.0,-2.4590163934426252,4.88
HK.00241,阿里健康,2023-10-04 00:00:00,4.69,4.71,4.75,4.64,104.666,0.00102,13806109,64844466.0,-1.0504201680672232,4.76
HK.00241,阿里健康,2023-10-05 00:00:00,4.61,4.61,4.71,4.55,102.444,0.00117,15814364,73073478.0,-2.123142250530778,4.71
HK.00241,阿里健康,2023-10-06 00:00:00,4.6,4.8,4.84,4.58,106.666,0.00101,13715942,65689755.0,4.121475054229924,4.61
HK.00241,阿里健康,2023-10-09 00:00:00,4.7,4.72,4.8,4.67,104.888,0.00115,15615007,74107408.0,-1.6666666666666683,4.8
HK.00241,阿里健康,2023-10-10 00:00:00,4.72,4.74,4.84,4.71,105.333,0.00132,17921992,85403701.0,0.42372881355933184,4.72
HK.00241,阿里健康,2023-10-11 00:00:00,4.79,4.98,5.04,4.79,110.666,0.00332,44891928,222115002.0,5.06329113924051,4.74
HK.00241,阿里健康,2023-10-12 00:00:00,5.0,5.01,5.08,4.93,111.333,0.00197,26647581,133175914.0,0.6024096385542039,4.98
HK.00241,阿里健康,2023-10-13 00:00:00,4.9,4.93,4.97,4.86,109.555,0.00141,19076998,93901218.0,-1.5968063872255505,5.01
HK.00241,阿里健康,2023-10-16 00:00:00,4.96,4.81,5.0,4.75,106.888,0.00201,27147165,130923078.0,-2.4340770791075075,4.93
HK.00241,阿里健康,2023-10-17 00:00:00,4.82,4.85,4.92,4.8,107.777,0.00114,15428506,74844670.0,0.8316008316008323,4.81
HK.00241,阿里健康,2023-10-18 00:00:00,4.85,4.66,4.85,4.59,103.555,0.00234,31627124,147518940.0,-3.9175257731958664,4.85
HK.00241,阿里健康,2023-10-19 00:00:00,4.6,4.55,4.63,4.55,101.111,0.00211,28551306,130926775.0,-2.3605150214592343,4.66
HK.00241,阿里健康,2023-10-20 00:00:00,4.52,4.5,4.55,4.44,100.0,0.00184,24872318,112179910.0,-1.098901098901095,4.55
HK.00241,阿里健康,2023-10-24 00:00:00,4.5,4.42,4.5,4.29,98.222,0.00207,28005171,123654659.0,-1.7777777777777795,4.5
HK.00241,阿里健康,2023-10-25 00:00:00,4.54,4.4,4.61,4.37,97.777,0.00199,26902186,119718924.0,-0.4524886877827958,4.42
HK.00241,阿里健康,2023-10-26 00:00:00,4.4,4.47,4.49,4.34,99.333,0.00162,21949896,96984080.0,1.5909090909090773,4.4
HK.00241,阿里健康,2023-10-27 00:00:00,4.47,4.64,4.71,4.41,103.111,0.00307,41588496,191629757.0,3.8031319910514525,4.47
HK.00241,阿里健康,2023-10-30 00:00:00,4.55,4.67,4.72,4.55,103.777,0.00157,21234404,98936338.0,0.6465517241379364,4.64
HK.00241,阿里健康,2023-10-31 00:00:00,4.66,4.61,4.72,4.57,102.444,0.00124,16773714,77624001.0,-1.2847965738757947,4.67
HK.00241,阿里健康,2023-11-01 00:00:00,4.63,4.61,4.68,4.56,102.444,0.00085,11492808,53121804.0,0.0,4.61
HK.00241,阿里健康,2023-11-02 00:00:00,4.67,4.69,4.7,4.62,104.222,0.00144,19526673,91353076.0,1.7353579175705003,4.61
HK.00241,阿里健康,2023-11-03 00:00:00,4.75,4.84,4.87,4.73,107.555,0.00228,30789551,148575899.0,3.1982942430703507,4.69
HK.00241,阿里健康,2023-11-06 00:00:00,4.87,4.98,5.0,4.86,110.666,0.00264,35692077,176352728.0,2.892561983471086,4.84
HK.00241,阿里健康,2023-11-07 00:00:00,4.91,4.89,5.04,4.86,108.666,0.00241,32675919,161336311.0,-1.8072289156626655,4.98
HK.00241,阿里健康,2023-11-08 00:00:00,4.89,4.93,5.05,4.85,109.555,0.0025,33796638,167584709.0,0.8179959100204507,4.89
HK.00241,阿里健康,2023-11-09 00:00:00,4.93,4.79,4.97,4.76,106.444,0.00219,29643101,142867924.0,-2.839756592292083,4.93
HK.00241,阿里健康,2023-11-10 00:00:00,4.73,4.72,4.76,4.67,104.888,0.00098,13282580,62644460.0,-1.4613778705636802,4.79
HK.00241,阿里健康,2023-11-13 00:00:00,4.72,4.81,4.83,4.68,106.888,0.00108,14575947,69335432.0,1.906779661016946,4.72
HK.00241,阿里健康,2023-11-14 00:00:00,4.81,4.81,4.86,4.78,106.888,0.00087,11717044,56436794.0,0.0,4.81
HK.00241,阿里健康,2023-11-15 00:00:00,4.96,4.98,5.01,4.89,110.666,0.00191,25805562,127745960.0,3.534303534303552,4.81
HK.00241,阿里健康,2023-11-16 00:00:00,4.98,4.9,4.99,4.83,108.888,0.00134,18178091,89152162.0,-1.6064257028112463,4.98
HK.00241,阿里健康,2023-11-17 00:00:00,4.79,4.59,4.79,4.45,102.0,0.00528,71430999,326423979.0,-6.326530612244907,4.9
HK.00241,阿里健康,2023-11-20 00:00:00,4.51,4.7,4.71,4.51,104.444,0.00242,32733880,152778010.0,2.3965141612200505,4.59
HK.00241,阿里健康,2023-11-21 00:00:00,4.72,4.67,4.85,4.63,103.777,0.00261,35293227,167393946.0,-0.6382978723404308,4.7
HK.00241,阿里健康,2023-11-22 00:00:00,4.67,4.63,4.73,4.59,102.888,0.00122,16488978,76333717.0,-0.856531049250536,4.67
HK.00241,阿里健康,2023-11-23 00:00:00,4.58,4.7,4.7,4.58,104.444,0.0012,16302181,75686214.0,1.5118790496760321,4.63
HK.00241,阿里健康,2023-11-24 00:00:00,4.69,4.57,4.69,4.56,101.555,0.00161,21851705,100455189.0,-2.765957446808508,4.7
HK.00241,阿里健康,2023-11-27 00:00:00,4.6,4.65,4.72,4.58,103.333,0.00187,25245193,117235485.0,1.7505470459518613,4.57
HK.00241,阿里健康,2023-11-28 00:00:00,4.68,4.66,4.69,4.57,103.555,0.00167,22556502,104806536.0,0.2150537634408556,4.65
HK.00241,阿里健康,2023-11-29 00:00:00,4.95,4.62,4.95,4.55,102.666,0.007,94764346,452159357.0,-0.858369098712447,4.66
HK.00241,阿里健康,2023-11-30 00:00:00,4.68,4.44,4.7,4.39,98.666,0.00449,60739622,270531071.0,-3.89610389610389,4.62
HK.00241,阿里健康,2023-12-01 00:00:00,4.45,4.37,4.47,4.34,97.111,0.00248,33588188,147269651.0,-1.5765765765765827,4.44
HK.00241,阿里健康,2023-12-04 00:00:00,4.43,4.33,4.52,4.31,96.222,0.0027,36483031,160065049.0,-0.9153318077803212,4.37
HK.00241,阿里健康,2023-12-05 00:00:00,4.33,4.35,4.4,4.28,96.666,0.00196,26513175,114929471.0,0.46189376443417024,4.33
HK.00241,阿里健康,2023-12-06 00:00:00,4.32,4.3,4.37,4.28,95.555,0.00189,25630226,110597008.0,-1.1494252873563178,4.35
HK.00241,阿里健康,2023-12-07 00:00:00,4.3,4.28,4.3,4.12,95.111,0.00166,22438128,94875086.0,-0.46511627906975755,4.3
HK.00241,阿里健康,2023-12-08 00:00:00,4.28,4.25,4.38,4.25,94.444,0.00201,27148893,116195155.0,-0.7009345794392582,4.28
HK.00241,阿里健康,2023-12-11 00:00:00,4.25,4.25,4.26,4.07,94.444,0.00159,21530394,90105485.0,0.0,4.25
HK.00241,阿里健康,2023-12-12 00:00:00,4.29,4.25,4.29,4.21,94.444,0.00135,18234646,77613388.0,0.0,4.25
HK.00241,阿里健康,2023-12-13 00:00:00,4.21,4.18,4.29,4.15,92.888,0.00124,16787549,70500030.0,-1.6470588235294186,4.25
HK.00241,阿里健康,2023-12-14 00:00:00,4.25,4.28,4.33,4.22,95.111,0.0017,22985984,98305989.0,2.3923444976076684,4.18
HK.00241,阿里健康,2023-12-15 00:00:00,4.33,4.38,4.44,4.29,97.333,0.00185,25087453,109941390.0,2.3364485981308327,4.28
HK.00241,阿里健康,2023-12-18 00:00:00,4.3,4.28,4.37,4.27,95.111,0.00105,14232035,61193651.0,-2.2831050228310423,4.38
HK.00241,阿里健康,2023-12-19 00:00:00,4.25,4.14,4.28,4.09,92.0,0.0019,25706524,106909890.0,-3.2710280373831906,4.28
HK.00241,阿里健康,2023-12-20 00:00:00,4.15,4.1,4.2,4.07,91.111,0.00153,20695142,85300703.0,-0.966183574879228,4.14
HK.00241,阿里健康,2023-12-21 00:00:00,4.05,4.11,4.13,4.04,91.333,0.00118,15951471,65355771.0,0.24390243902440673,4.1
HK.00241,阿里健康,2023-12-22 00:00:00,4.12,3.96,4.13,3.94,88.0,0.00251,33990725,136293252.0,-3.6496350364963583,4.11
HK.00241,阿里健康,2023-12-27 00:00:00,3.97,3.94,4.01,3.89,87.555,0.00216,29189866,115203326.0,-0.5050505050505055,3.96
HK.00241,阿里健康,2023-12-28 00:00:00,3.99,4.2,4.22,3.93,93.333,0.00231,31329819,128963785.0,6.59898477157361,3.94
HK.00241,阿里健康,2023-12-29 00:00:00,4.2,4.24,4.28,4.19,94.222,0.00144,19533332,82512674.0,0.9523809523809532,4.2
HK.00241,阿里健康,2024-01-02 00:00:00,4.3,4.17,4.3,4.13,92.666,0.00122,16566020,69204251.0,-1.6509433962264217,4.24
HK.00241,阿里健康,2024-01-03 00:00:00,4.11,4.0,4.13,3.98,88.888,0.00232,31365925,126176330.0,-4.0767386091127085,4.17
HK.00241,阿里健康,2024-01-04 00:00:00,4.01,3.95,4.05,3.91,87.777,0.00153,20686714,81660482.0,-1.2499999999999956,4.0
HK.00241,阿里健康,2024-01-05 00:00:00,3.91,3.87,3.95,3.86,86.0,0.00117,15830789,61622266.0,-2.0253164556962044,3.95
HK.00241,阿里健康,2024-01-08 00:00:00,3.9,3.72,3.9,3.7,82.666,0.00222,30022495,112322931.0,-3.87596899224806,3.87
HK.00241,阿里健康,2024-01-09 00:00:00,3.72,3.72,3.82,3.7,82.666,0.00155,21007258,78892279.0,0.0,3.72
HK.00241,阿里健康,2024-01-10 00:00:00,3.77,3.67,3.77,3.63,81.555,0.00079,10704703,39492841.0,-1.3440860215053836,3.72
HK.00241,阿里健康,2024-01-11 00:00:00,3.67,3.7,3.77,3.62,82.222,0.00142,19151638,70928281.0,0.8174386920980995,3.67
HK.00241,阿里健康,2024-01-12 00:00:00,3.67,3.67,3.74,3.65,81.555,0.00097,13080897,48105295.0,-0.8108108108108174,3.7
HK.00241,阿里健康,2024-01-15 00:00:00,3.68,3.67,3.71,3.62,81.555,0.0009,12128830,44452981.0,0.0,3.67
HK.00241,阿里健康,2024-01-16 00:00:00,3.65,3.5,3.66,3.48,77.777,0.00195,26372083,93225830.0,-4.632152588555857,3.67
HK.00241,阿里健康,2024-01-17 00:00:00,3.46,3.2,3.46,3.15,71.111,0.00849,114908946,372730789.0,-8.571428571428566,3.5
HK.00241,阿里健康,2024-01-18 00:00:00,3.18,3.22,3.27,3.15,84.736,0.0018,29039470,93268392.0,0.6250000000000006,3.2
HK.00241,阿里健康,2024-01-19 00:00:00,3.22,3.17,3.25,3.14,83.421,0.00232,37351612,119022396.0,-1.5527950310559087,3.22
HK.00241,阿里健康,2024-01-22 00:00:00,3.16,3.0,3.2,2.96,78.947,0.00408,65677443,199100801.0,-5.362776025236591,3.17
HK.00241,阿里健康,2024-01-23 00:00:00,3.0,3.13,3.16,2.97,82.368,0.00361,58063375,180053920.0,4.33333333333333,3.0
HK.00241,阿里健康,2024-01-24 00:00:00,3.2,3.25,3.27,3.08,85.526,0.00321,51691498,164564229.0,3.833865814696489,3.13
HK.00241,阿里健康,2024-01-25 00:00:00,3.25,3.26,3.3,3.19,85.789,0.00214,34430630,112085756.0,0.30769230769230116,3.25
HK.00241,阿里健康,2024-01-26 00:00:00,3.26,3.17,3.3,3.12,83.421,0.00179,28869145,92258975.0,-2.7607361963190145,3.26
HK.00241,阿里健康,2024-01-29 00:00:00,3.17,3.13,3.24,3.1,82.368,0.00192,30895526,97180781.0,-1.2618296529968467,3.17
HK.00241,阿里健康,2024-01-30 00:00:00,3.04,3.0,3.1,2.97,78.947,0.00205,33040885,99437964.0,-4.153354632587856,3.13
HK.00241,阿里健康,2024-01-31 00:00:00,3.05,2.86,3.05,2.82,75.263,0.00284,45756094,131879403.0,-4.666666666666671,3.0
HK.00241,阿里健康,2024-02-01 00:00:00,2.84,2.93,3.01,2.81,77.105,0.00193,31005090,91060123.0,2.4475524475524577,2.86
HK.00241,阿里健康,2024-02-02 00:00:00,2.97,2.85,3.02,2.82,75.0,0.00175,28171967,81521993.0,-2.7303754266211624,2.93
HK.00241,阿里健康,2024-02-05 00:00:00,2.81,2.81,2.9,2.77,73.947,0.00189,30490412,86067565.0,-1.4035087719298258,2.85
HK.00241,阿里健康,2024-02-06 00:00:00,2.81,3.03,3.03,2.81,79.736,0.00216,34827998,103588454.0,7.829181494661913,2.81
HK.00241,阿里健康,2024-02-07 00:00:00,3.12,3.18,3.31,3.1,83.684,0.00638,102585431,328653411.0,4.950495049504963,3.03
HK.00241,阿里健康,2024-02-08 00:00:00,3.18,3.23,3.3,3.15,85.0,0.00636,102396872,330795791.0,1.5723270440251518,3.18
HK.00241,阿里健康,2024-02-09 00:00:00,3.23,3.14,3.23,3.05,82.631,0.00114,18277929,56785472.0,-2.786377708978324,3.23
HK.00241,阿里健康,2024-02-14 00:00:00,3.06,3.16,3.17,2.98,83.157,0.00169,27191806,83865285.0,0.6369426751592362,3.14
HK.00241,阿里健康,2024-02-15 00:00:00,3.12,3.2,3.21,3.08,84.21,0.00078,12600163,39848843.0,1.2658227848101276,3.16
HK.00241,阿里健康,2024-02-16 00:00:00,3.16,3.4,3.42,3.15,89.473,0.00189,30411024,102338318.0,6.249999999999992,3.2
HK.00241,阿里健康,2024-02-19 00:00:00,3.36,3.3,3.37,3.22,86.842,0.00336,54097868,177907099.0,-2.941176470588238,3.4
HK.00241,阿里健康,2024-02-20 00:00:00,3.28,3.44,3.45,3.25,90.526,0.00236,37991209,128901847.0,4.242424242424246,3.3
HK.00241,阿里健康,2024-02-21 00:00:00,3.42,3.51,3.63,3.36,92.368,0.00276,44396228,157122364.0,2.0348837209302277,3.44
HK.00241,阿里健康,2024-02-22 00:00:00,3.51,3.56,3.57,3.46,93.684,0.00162,26066608,91741700.0,1.4245014245014322,3.51
HK.00241,阿里健康,2024-02-23 00:00:00,3.54,3.54,3.58,3.47,93.157,0.00144,23134487,81475594.0,-0.5617977528089892,3.56
HK.00241,阿里健康,2024-02-26 00:00:00,3.5,3.53,3.64,3.49,92.894,0.00182,29261252,103612314.0,-0.2824858757062212,3.54
HK.00241,阿里健康,2024-02-27 00:00:00,3.49,3.56,3.58,3.41,93.684,0.00189,30472444,106494274.0,0.8498583569405169,3.53
HK.00241,阿里健康,2024-02-28 00:00:00,3.6,3.41,3.6,3.39,89.736,0.0021,33731020,116716514.0,-4.2134831460674125,3.56
HK.00241,阿里健康,2024-02-29 00:00:00,3.38,3.44,3.51,3.36,90.526,0.00254,40808201,140837538.0,0.8797653958944224,3.41
HK.00241,阿里健康,2024-03-01 00:00:00,3.39,3.46,3.49,3.37,91.052,0.00216,34705936,119450479.0,0.5813953488372098,3.44
HK.00241,阿里健康,2024-03-04 00:00:00,3.5,3.52,3.53,3.44,92.631,0.00169,27198410,95143159.0,1.7341040462427761,3.46
HK.00241,阿里健康,2024-03-05 00:00:00,3.42,3.24,3.42,3.24,85.263,0.00314,50509721,167137192.0,-7.954545454545449,3.52
HK.00241,阿里健康,2024-03-06 00:00:00,3.22,3.34,3.39,3.22,87.894,0.00158,25462401,84796254.0,3.0864197530864086,3.24
HK.00241,阿里健康,2024-03-07 00:00:00,3.35,3.25,3.37,3.2,85.526,0.00158,25370757,82555067.0,-2.6946107784431095,3.34
HK.00241,阿里健康,2024-03-08 00:00:00,3.23,3.24,3.31,3.21,85.263,0.00129,20722000,67296910.0,-0.30769230769230116,3.25
HK.00241,阿里健康,2024-03-11 00:00:00,3.24,3.33,3.39,3.24,87.631,0.00142,22911012,76294135.0,2.7777777777777732,3.24
HK.00241,阿里健康,2024-03-12 00:00:00,3.37,3.56,3.57,3.31,93.684,0.003,48196168,167984009.0,6.906906906906906,3.33
HK.00241,阿里健康,2024-03-13 00:00:00,3.51,3.47,3.55,3.45,91.315,0.00185,29816095,104158799.0,-2.5280898876404456,3.56
HK.00241,阿里健康,2024-03-14 00:00:00,3.47,3.41,3.56,3.35,89.736,0.00156,25105956,86317019.0,-1.7291066282420764,3.47
HK.00241,阿里健康,2024-03-15 00:00:00,3.37,3.36,3.39,3.29,88.421,0.00202,32449682,108299289.0,-1.4662756598240547,3.41
HK.00241,阿里健康,2024-03-18 00:00:00,3.32,3.51,3.52,3.28,92.368,0.00209,33637098,115787121.0,4.464285714285712,3.36
HK.00241,阿里健康,2024-03-19 00:00:00,3.48,3.39,3.48,3.38,89.21,0.00142,22835837,78046738.0,-3.4188034188034093,3.51
HK.00241,阿里健康,2024-03-20 00:00:00,3.43,3.41,3.43,3.35,89.736,0.00097,15663938,53230063.0,0.5899705014749268,3.39
HK.00241,阿里健康,2024-03-21 00:00:00,3.5,3.54,3.56,3.42,93.157,0.00254,40820798,143628121.0,3.8123167155425186,3.41
HK.00241,阿里健康,2024-03-22 00:00:00,3.49,3.29,3.49,3.28,86.578,0.00357,57403446,191629231.0,-7.062146892655368,3.54
HK.00241,阿里健康,2024-03-25 00:00:00,3.27,3.2,3.27,3.01,84.21,0.00446,71776250,226480751.0,-2.7355623100303905,3.29
HK.00241,阿里健康,2024-03-26 00:00:00,3.2,3.24,3.24,3.1,85.263,0.00245,39468380,125839968.0,1.250000000000001,3.2
HK.00241,阿里健康,2024-03-27 00:00:00,3.17,3.17,3.21,3.13,83.421,0.00158,25465489,80846807.0,-2.1604938271605025,3.24
HK.00241,阿里健康,2024-03-28 00:00:00,3.14,3.18,3.33,3.05,83.684,0.0031,49921405,160059425.0,0.3154574132492186,3.17
HK.00241,阿里健康,2024-04-02 00:00:00,3.25,3.07,3.31,3.06,80.789,0.00473,76178446,240591256.0,-3.4591194968553554,3.18
HK.00241,阿里健康,2024-04-03 00:00:00,3.07,2.97,3.07,2.92,78.157,0.00372,59803539,178174761.0,-3.257328990228001,3.07
HK.00241,阿里健康,2024-04-05 00:00:00,2.94,2.8,2.94,2.79,73.684,0.00268,43177148,122393552.0,-5.723905723905736,2.97
HK.00241,阿里健康,2024-04-08 00:00:00,2.84,2.81,2.9,2.78,73.947,0.00345,55564000,157672340.0,0.3571428571428654,2.8
HK.00241,阿里健康,2024-04-09 00:00:00,2.82,2.89,2.93,2.78,76.052,0.00299,48095986,138569810.0,2.8469750889679744,2.81
HK.00241,阿里健康,2024-04-10 00:00:00,2.88,2.89,2.97,2.85,76.052,0.00301,48384025,140932663.0,0.0,2.89
HK.00241,阿里健康,2024-04-11 00:00:00,2.84,2.84,2.86,2.74,74.736,0.00359,57778356,161841067.0,-1.730103806228383,2.89
HK.00241,阿里健康,2024-04-12 00:00:00,2.82,2.75,2.82,2.74,72.368,0.00246,39649264,109808284.0,-3.169014084507037,2.84
HK.00241,阿里健康,2024-04-15 00:00:00,2.7,2.72,2.77,2.67,71.578,0.00142,22840212,62218550.0,-1.090909090909084,2.75
HK.00241,阿里健康,2024-04-16 00:00:00,2.68,2.62,2.69,2.61,68.947,0.00231,37228362,98299717.0,-3.676470588235297,2.72
HK.00241,阿里健康,2024-04-17 00:00:00,2.63,2.64,2.67,2.6,69.473,0.00185,29736000,78129582.0,0.7633587786259549,2.62
HK.00241,阿里健康,2024-04-18 00:00:00,2.64,2.65,2.72,2.61,69.736,0.00211,33986827,90566960.0,0.3787878787878707,2.64
HK.00241,阿里健康,2024-04-19 00:00:00,2.61,2.61,2.66,2.59,68.684,0.00222,35695218,93384048.0,-1.5094339622641524,2.65
HK.00241,阿里健康,2024-04-22 00:00:00,2.63,2.66,2.7,2.59,70.0,0.00211,33934579,90129134.0,1.9157088122605466,2.61
HK.00241,阿里健康,2024-04-23 00:00:00,2.69,2.69,2.74,2.65,70.789,0.0018,29036441,78280523.0,1.1278195488721732,2.66
HK.00241,阿里健康,2024-04-24 00:00:00,2.72,2.75,2.76,2.63,72.368,0.00261,42049676,114103905.0,2.2304832713754665,2.69
HK.00241,阿里健康,2024-04-25 00:00:00,2.74,2.75,2.82,2.68,72.368,0.00234,37589473,103754302.0,0.0,2.75
HK.00241,阿里健康,2024-04-26 00:00:00,2.75,2.95,2.96,2.75,77.631,0.00456,73431714,212521147.0,7.27272727272728,2.75
HK.00241,阿里健康,2024-04-29 00:00:00,2.99,3.03,3.13,2.95,79.736,0.0044,70850791,216684537.0,2.711864406779648,2.95
HK.00241,阿里健康,2024-04-30 00:00:00,3.07,2.96,3.09,2.94,77.894,0.00292,46980100,139736531.0,-2.3102310231023053,3.03
HK.00241,阿里健康,2024-05-02 00:00:00,2.96,3.28,3.29,2.95,86.315,0.00403,64868494,207124154.0,10.810810810810805,2.96
HK.00241,阿里健康,2024-05-03 00:00:00,3.41,3.28,3.43,3.25,86.315,0.00332,53431936,176109682.0,0.0,3.28
HK.00241,阿里健康,2024-05-06 00:00:00,3.25,3.18,3.31,3.15,83.684,0.00545,87632627,283303506.0,-3.0487804878048674,3.28
HK.00241,阿里健康,2024-05-07 00:00:00,3.18,3.05,3.18,3.04,80.263,0.00546,87933514,271180475.0,-4.088050314465419,3.18
HK.00241,阿里健康,2024-05-08 00:00:00,3.05,3.06,3.1,2.98,80.526,0.00366,58943139,179189294.0,0.327868852459024,3.05
HK.00241,阿里健康,2024-05-09 00:00:00,3.05,3.17,3.2,3.05,83.421,0.00377,60638318,190884862.0,3.594771241830061,3.06
HK.00241,阿里健康,2024-05-10 00:00:00,3.19,3.17,3.24,3.09,83.421,0.00274,44077552,139142159.0,0.0,3.17
HK.00241,阿里健康,2024-05-13 00:00:00,3.15,3.19,3.22,3.1,83.947,0.00213,34234252,108490590.0,0.6309148264984233,3.17
HK.00241,阿里健康,2024-05-14 00:00:00,3.23,3.2,3.3,3.18,84.21,0.00331,53202839,171829213.0,0.31347962382445865,3.19
HK.00241,阿里健康,2024-05-16 00:00:00,3.24,3.2,3.24,3.11,84.21,0.00271,43584269,138649550.0,0.0,3.2
HK.00241,阿里健康,2024-05-17 00:00:00,3.28,3.27,3.34,3.18,86.052,0.00555,89385589,292100698.0,2.187499999999995,3.2
HK.00241,阿里健康,2024-05-20 00:00:00,3.27,3.34,3.35,3.25,87.894,0.00412,66286180,218840764.0,2.1406727828746126,3.27
HK.00241,阿里健康,2024-05-21 00:00:00,3.3,3.11,3.3,3.09,81.842,0.00365,58808221,185862503.0,-6.88622754491018,3.34
HK.00241,阿里健康,2024-05-22 00:00:00,3.12,3.16,3.22,3.1,83.157,0.0028,45061304,142596069.0,1.6077170418006517,3.11
HK.00241,阿里健康,2024-05-23 00:00:00,3.12,3.07,3.15,3.05,80.789,0.00236,37906048,117026306.0,-2.848101265822794,3.16
HK.00241,阿里健康,2024-05-24 00:00:00,3.05,2.94,3.09,2.91,77.368,0.0045,72468758,214926134.0,-4.234527687296414,3.07
HK.00241,阿里健康,2024-05-27 00:00:00,2.96,3.07,3.07,2.9,80.789,0.00282,45377352,135989798.0,4.42176870748299,2.94
HK.00241,阿里健康,2024-05-28 00:00:00,3.2,3.38,3.55,3.2,55.409,0.01356,218269920,740889075.0,10.097719869706841,3.07
HK.00241,阿里健康,2024-05-29 00:00:00,3.38,3.55,3.6,3.34,58.196,0.0084,135124498,473145803.0,5.029585798816566,3.38
HK.00241,阿里健康,2024-05-30 00:00:00,3.54,3.59,3.64,3.48,58.852,0.00571,91951176,329264627.0,1.1267605633802829,3.55
HK.00241,阿里健康,2024-05-31 00:00:00,3.64,3.28,3.65,3.27,53.77,0.00748,120438063,408599528.0,-8.635097493036213,3.59
HK.00241,阿里健康,2024-06-03 00:00:00,3.33,3.37,3.45,3.29,55.245,0.00428,68915834,233734505.0,2.7439024390244,3.28
HK.00241,阿里健康,2024-06-04 00:00:00,3.31,3.46,3.5,3.31,56.721,0.00353,56878419,195333501.0,2.6706231454005893,3.37
HK.00241,阿里健康,2024-06-05 00:00:00,3.45,3.55,3.56,3.42,58.196,0.00429,69111344,242724927.0,2.6011560693641576,3.46
HK.00241,阿里健康,2024-06-06 00:00:00,3.59,3.78,3.82,3.58,61.967,0.00715,115133028,431694795.0,6.478873239436619,3.55
HK.00241,阿里健康,2024-06-07 00:00:00,3.8,3.86,3.87,3.72,63.278,0.00727,117056534,447557810.0,2.1164021164021185,3.78
HK.00241,阿里健康,2024-06-11 00:00:00,3.8,3.8,3.84,3.69,62.295,0.00635,102160081,384985306.0,-1.5544041450777215,3.86
HK.00241,阿里健康,2024-06-12 00:00:00,3.79,3.55,3.79,3.48,58.196,0.00504,81163209,289627323.0,-6.578947368421052,3.8
HK.00241,阿里健康,2024-06-13 00:00:00,3.59,3.61,3.66,3.55,59.18,0.00242,38939364,139844440.0,1.690140845070424,3.55
HK.00241,阿里健康,2024-06-14 00:00:00,3.57,3.5,3.57,3.41,57.377,0.00721,116096066,404437693.0,-3.047091412742379,3.61
HK.00241,阿里健康,2024-06-17 00:00:00,3.49,3.45,3.49,3.36,56.557,0.0025,40157481,138015013.0,-1.4285714285714235,3.5
HK.00241,阿里健康,2024-06-18 00:00:00,3.45,3.39,3.48,3.35,55.573,0.00213,34201924,115875220.0,-1.7391304347826102,3.45
HK.00241,阿里健康,2024-06-19 00:00:00,3.42,3.57,3.57,3.41,58.524,0.00233,37509405,131977279.0,5.309734513274328,3.39
HK.00241,阿里健康,2024-06-20 00:00:00,3.57,3.49,3.6,3.46,57.213,0.00138,22232535,78184786.0,-2.240896358543407,3.57
HK.00241,阿里健康,2024-06-21 00:00:00,3.49,3.5,3.51,3.39,57.377,0.00161,25929163,90072811.0,0.28653295128939216,3.49
HK.00241,阿里健康,2024-06-24 00:00:00,3.49,3.45,3.49,3.37,56.557,0.00171,27476073,93603710.0,-1.4285714285714235,3.5
HK.00241,阿里健康,2024-06-25 00:00:00,3.47,3.32,3.47,3.27,54.426,0.00319,51386862,171957074.0,-3.7681159420289956,3.45
HK.00241,阿里健康,2024-06-26 00:00:00,3.27,3.35,3.38,3.25,54.918,0.00147,23644580,78722460.0,0.9036144578313329,3.32
HK.00241,阿里健康,2024-06-27 00:00:00,3.36,3.18,3.36,3.16,52.131,0.00303,48824302,156265639.0,-5.07462686567164,3.35
HK.00241,阿里健康,2024-06-28 00:00:00,3.15,3.13,3.24,3.11,51.311,0.00329,52990986,167199338.0,-1.5723270440251655,3.18
HK.00241,阿里健康,2024-07-02 00:00:00,3.1,3.1,3.16,3.04,50.819,0.00204,32792814,101698321.0,-0.9584664536741151,3.13
HK.00241,阿里健康,2024-07-03 00:00:00,3.1,3.2,3.23,3.1,52.459,0.00161,25940138,82497236.0,3.2258064516129057,3.1
HK.00241,阿里健康,2024-07-04 00:00:00,3.2,3.22,3.27,3.2,52.786,0.00192,30881910,99491241.0,0.6250000000000006,3.2
HK.00241,阿里健康,2024-07-05 00:00:00,3.19,3.19,3.23,3.13,52.295,0.00116,18739769,59639459.0,-0.931677018633548,3.22
HK.00241,阿里健康,2024-07-08 00:00:00,3.15,3.12,3.17,3.08,51.147,0.00133,21447786,66677005.0,-2.194357366771155,3.19
HK.00241,阿里健康,2024-07-09 00:00:00,3.08,3.09,3.13,3.04,50.655,0.00161,25888241,79982796.0,-0.9615384615384694,3.12
HK.00241,阿里健康,2024-07-10 00:00:00,3.12,3.12,3.19,3.1,51.147,0.0013,20907716,65595801.0,0.9708737864077751,3.09
HK.00241,阿里健康,2024-07-11 00:00:00,3.12,3.18,3.2,3.12,52.131,0.00178,28711874,90722936.0,1.9230769230769247,3.12
HK.00241,阿里健康,2024-07-12 00:00:00,3.21,3.31,3.33,3.21,54.262,0.00217,34914558,114987850.0,4.088050314465405,3.18
HK.00241,阿里健康,2024-07-15 00:00:00,3.31,3.23,3.32,3.21,52.95,0.00155,24930519,80848470.0,-2.4169184290030232,3.31
HK.00241,阿里健康,2024-07-16 00:00:00,3.21,3.15,3.21,3.11,51.639,0.00184,29626318,92893288.0,-2.4767801857585163,3.23
HK.00241,阿里健康,2024-07-17 00:00:00,3.22,3.42,3.46,3.17,56.065,0.00465,74899292,251957123.0,8.571428571428573,3.15
HK.00241,阿里健康,2024-07-18 00:00:00,3.38,3.39,3.47,3.36,55.573,0.00149,23935035,81466348.0,-0.8771929824561345,3.42
HK.00241,阿里健康,2024-07-19 00:00:00,3.35,3.3,3.38,3.27,54.098,0.00192,30949317,102263316.0,-2.654867256637177,3.39
HK.00241,阿里健康,2024-07-22 00:00:00,3.34,3.33,3.36,3.26,54.59,0.00153,24569130,81463525.0,0.9090909090909167,3.3
HK.00241,阿里健康,2024-07-23 00:00:00,3.33,3.24,3.36,3.2,53.114,0.00139,22295742,72570339.0,-2.702702702702698,3.33
HK.00241,阿里健康,2024-07-24 00:00:00,3.25,3.19,3.31,3.14,52.295,0.00138,22157657,70759530.0,-1.5432098765432178,3.24
HK.00241,阿里健康,2024-07-25 00:00:00,3.18,3.15,3.21,3.13,51.639,0.00125,20155960,63714942.0,-1.2539184952978069,3.19
HK.00241,阿里健康,2024-07-26 00:00:00,3.18,3.26,3.29,3.15,53.442,0.00243,39121477,126652365.0,3.492063492063488,3.15
HK.00241,阿里健康,2024-07-29 00:00:00,3.26,3.22,3.33,3.22,52.786,0.00112,18036898,58742023.0,-1.2269938650306624,3.26
HK.00241,阿里健康,2024-07-30 00:00:00,3.23,3.14,3.28,3.11,51.475,0.0016,25804730,81039628.0,-2.484472049689443,3.22
HK.00241,阿里健康,2024-07-31 00:00:00,3.17,3.31,3.32,3.15,54.262,0.00202,32565263,106754675.0,5.414012738853501,3.14
HK.00241,阿里健康,2024-08-01 00:00:00,3.33,3.26,3.34,3.21,53.442,0.00109,17586813,57224436.0,-1.5105740181268963,3.31
HK.00241,阿里健康,2024-08-02 00:00:00,3.21,3.18,3.29,3.15,52.131,0.00138,22234526,71142921.0,-2.453987730061338,3.26
HK.00241,阿里健康,2024-08-05 00:00:00,3.14,3.22,3.29,3.12,52.786,0.00225,36153869,116331331.0,1.2578616352201268,3.18
HK.00241,阿里健康,2024-08-06 00:00:00,3.3,3.3,3.32,3.21,54.098,0.00224,36104627,118481351.0,2.4844720496894293,3.22
HK.00241,阿里健康,2024-08-07 00:00:00,3.3,3.26,3.33,3.22,53.442,0.00131,21039225,68777783.0,-1.2121212121212133,3.3
HK.00241,阿里健康,2024-08-08 00:00:00,3.26,3.22,3.29,3.18,52.786,0.0014,22552102,72814684.0,-1.2269938650306624,3.26
HK.00241,阿里健康,2024-08-09 00:00:00,3.26,3.26,3.29,3.21,53.442,0.00129,20829319,67776464.0,1.2422360248447077,3.22
HK.00241,阿里健康,2024-08-12 00:00:00,3.26,3.24,3.28,3.19,53.114,0.00094,15122110,48930654.0,-0.6134969325153244,3.26
HK.00241,阿里健康,2024-08-13 00:00:00,3.24,3.08,3.24,3.06,50.491,0.00333,53550772,167181378.0,-4.938271604938276,3.24
HK.00241,阿里健康,2024-08-14 00:00:00,3.09,3.0,3.14,2.99,49.18,0.00311,50076946,151498695.0,-2.5974025974025996,3.08
HK.00241,阿里健康,2024-08-15 00:00:00,2.98,2.89,2.98,2.74,47.377,0.00737,118660097,336172725.0,-3.6666666666666625,3.0
HK.00241,阿里健康,2024-08-16 00:00:00,2.94,2.92,2.97,2.89,47.868,0.00238,38291713,112019271.0,1.0380622837370175,2.89
HK.00241,阿里健康,2024-08-19 00:00:00,2.95,3.03,3.08,2.95,49.672,0.00342,55093822,166652800.0,3.7671232876712284,2.92
HK.00241,阿里健康,2024-08-20 00:00:00,3.06,3.01,3.07,2.98,49.344,0.00258,41489668,124902643.0,-0.6600660066006607,3.03
HK.00241,阿里健康,2024-08-21 00:00:00,3.0,3.01,3.03,2.95,49.344,0.00124,19958149,59776716.0,0.0,3.01
HK.00241,阿里健康,2024-08-22 00:00:00,3.04,3.04,3.06,2.95,49.836,0.00252,40501176,121593724.0,0.9966777408637957,3.01
HK.00241,阿里健康,2024-08-23 00:00:00,3.01,2.92,3.01,2.9,47.868,0.00183,29496153,86456557.0,-3.947368421052635,3.04
HK.00241,阿里健康,2024-08-26 00:00:00,2.92,2.91,2.98,2.83,47.704,0.0029,46713935,134876442.0,-0.34246575342465024,2.92
HK.00241,阿里健康,2024-08-27 00:00:00,2.91,2.92,2.93,2.84,47.868,0.00205,32987726,95468200.0,0.34364261168384147,2.91
HK.00241,阿里健康,2024-08-28 00:00:00,2.94,2.85,2.94,2.83,46.721,0.0017,27313326,77980541.0,-2.3972602739725972,2.92
HK.00241,阿里健康,2024-08-29 00:00:00,2.84,2.92,2.93,2.81,47.868,0.00188,30186782,87339566.0,2.4561403508771873,2.85
HK.00241,阿里健康,2024-08-30 00:00:00,2.92,3.01,3.05,2.89,49.344,0.00274,44125371,132276935.0,3.0821917808219133,2.92
HK.00241,阿里健康,2024-09-02 00:00:00,3.03,2.96,3.03,2.92,48.524,0.00138,22261148,65722874.0,-1.6611295681063065,3.01
HK.00241,阿里健康,2024-09-03 00:00:00,2.92,2.93,3.0,2.9,48.032,0.00152,24385973,71463409.0,-1.013513513513507,2.96
HK.00241,阿里健康,2024-09-04 00:00:00,2.91,2.87,2.92,2.83,47.049,0.00215,34564800,98801198.0,-2.047781569965872,2.93
HK.00241,阿里健康,2024-09-05 00:00:00,2.87,2.9,2.92,2.86,47.54,0.00153,24562709,71063651.0,1.04529616724738,2.87
HK.00241,阿里健康,2024-09-09 00:00:00,2.87,2.86,2.89,2.81,46.885,0.00257,41338030,117803251.0,-1.3793103448275874,2.9
HK.00241,阿里健康,2024-09-10 00:00:00,2.86,2.82,2.89,2.79,46.229,0.00139,22329757,63215817.0,-1.3986013986014,2.86
HK.00241,阿里健康,2024-09-11 00:00:00,2.76,2.8,2.82,2.76,45.901,0.00089,14252478,39911535.0,-0.7092198581560291,2.82
HK.00241,阿里健康,2024-09-12 00:00:00,2.81,2.83,2.85,2.78,46.393,0.00116,18736166,52907725.0,1.0714285714285805,2.8
HK.00241,阿里健康,2024-09-13 00:00:00,2.8,2.79,2.88,2.78,45.737,0.0012,19383973,54661416.0,-1.413427561837457,2.83
HK.00241,阿里健康,2024-09-16 00:00:00,2.79,2.75,2.79,2.66,45.081,0.00093,14910115,40408822.0,-1.4336917562724028,2.79
HK.00241,阿里健康,2024-09-17 00:00:00,2.75,2.85,2.86,2.73,46.721,0.00097,15552155,43898073.0,3.63636363636364,2.75
HK.00241,阿里健康,2024-09-19 00:00:00,2.85,2.99,3.07,2.82,49.016,0.00372,59872056,178012885.0,4.912280701754391,2.85
HK.00241,阿里健康,2024-09-20 00:00:00,2.96,3.14,3.14,2.96,51.475,0.00427,68701390,212515575.0,5.0167224080267525,2.99
HK.00241,阿里健康,2024-09-23 00:00:00,3.15,3.14,3.2,3.11,51.475,0.00205,32990177,103734686.0,0.0,3.14
HK.00241,阿里健康,2024-09-24 00:00:00,3.18,3.36,3.36,3.15,55.081,0.00506,81475893,267385860.0,7.006369426751584,3.14
HK.00241,阿里健康,2024-09-25 00:00:00,3.45,3.55,3.62,3.43,58.196,0.00819,131807435,467153968.0,5.654761904761903,3.36
HK.00241,阿里健康,2024-09-26 00:00:00,3.58,3.9,3.94,3.52,63.934,0.00953,153327950,580877938.0,9.859154929577468,3.55
HK.00241,阿里健康,2024-09-27 00:00:00,4.05,4.12,4.15,3.92,67.54,0.00987,158776891,643849796.0,5.641025641025646,3.9
HK.00241,阿里健康,2024-09-30 00:00:00,4.38,5.35,5.57,4.31,87.704,0.02326,374273090,1910741670.0,29.85436893203882,4.12
HK.00241,阿里健康,2024-10-02 00:00:00,5.35,6.15,6.28,5.3,100.819,0.01211,194799796,1163068941.0,14.953271028037399,5.35
HK.00241,阿里健康,2024-10-03 00:00:00,6.15,5.47,6.3,5.15,89.672,0.01178,189583060,1045482735.0,-11.0569105691057,6.15
HK.00241,阿里健康,2024-10-04 00:00:00,5.39,5.6,5.96,5.34,91.803,0.00774,124490356,701519513.0,2.3765996343692852,5.47
HK.00241,阿里健康,2024-10-07 00:00:00,5.75,5.73,5.88,5.37,93.934,0.00612,98483159,551883096.0,2.3214285714285854,5.6
HK.00241,阿里健康,2024-10-08 00:00:00,5.81,4.66,5.81,4.52,76.393,0.01798,289398862,1436286816.0,-18.67364746945899,5.73
HK.00241,阿里健康,2024-10-09 00:00:00,4.71,4.33,4.83,4.12,70.983,0.01961,315515963,1392643925.0,-7.081545064377684,4.66
HK.00241,阿里健康,2024-10-10 00:00:00,4.47,4.38,4.57,4.32,71.803,0.00932,150000075,663390123.0,1.1547344110854463,4.33
HK.00241,阿里健康,2024-10-14 00:00:00,4.38,4.19,4.42,4.02,68.688,0.00785,126307751,524695498.0,-4.337899543378984,4.38
HK.00241,阿里健康,2024-10-15 00:00:00,4.16,3.99,4.27,3.92,65.409,0.00725,116611217,476108164.0,-4.773269689737474,4.19
HK.00241,阿里健康,2024-10-16 00:00:00,3.99,3.9,4.04,3.87,63.934,0.00547,88065950,347273456.0,-2.2556390977443685,3.99
HK.00241,阿里健康,2024-10-17 00:00:00,3.95,3.71,4.07,3.66,60.819,0.00806,129684037,497119669.0,-4.8717948717948705,3.9
HK.00241,阿里健康,2024-10-18 00:00:00,3.73,4.05,4.16,3.65,66.393,0.01046,168321252,660274967.0,9.164420485175198,3.71
HK.00241,阿里健康,2024-10-21 00:00:00,4.04,3.94,4.12,3.92,64.59,0.00461,74232117,297752096.0,-2.716049382716047,4.05
HK.00241,阿里健康,2024-10-22 00:00:00,3.94,3.93,4.03,3.9,64.426,0.00344,55410032,219627739.0,-0.25380710659897937,3.94
HK.00241,阿里健康,2024-10-23 00:00:00,3.98,4.02,4.11,3.89,65.901,0.00453,72870845,292143809.0,2.2900763358778478,3.93
HK.00241,阿里健康,2024-10-24 00:00:00,3.97,3.83,3.99,3.81,62.786,0.00365,58690210,227425995.0,-4.726368159203968,4.02
HK.00241,阿里健康,2024-10-25 00:00:00,3.82,3.93,3.97,3.8,64.426,0.00303,48765880,190907963.0,2.6109660574412556,3.83
HK.00241,阿里健康,2024-10-28 00:00:00,3.96,3.99,4.11,3.9,65.409,0.00347,55785820,223879729.0,1.5267175572519098,3.93
HK.00241,阿里健康,2024-10-29 00:00:00,4.05,4.01,4.14,3.95,65.737,0.00356,57227212,230078407.0,0.5012531328320695,3.99
HK.00241,阿里健康,2024-10-30 00:00:00,4.01,3.95,4.04,3.9,64.754,0.0031,49837754,196835949.0,-1.496259351620938,4.01
HK.00241,阿里健康,2024-10-31 00:00:00,3.92,3.93,4.01,3.92,64.426,0.00231,37139750,146619717.0,-0.5063291139240511,3.95
HK.00241,阿里健康,2024-11-01 00:00:00,3.95,3.89,3.99,3.88,63.77,0.00211,33965987,133177943.0,-1.0178117048346065,3.93
HK.00241,阿里健康,2024-11-04 00:00:00,3.93,4.0,4.01,3.87,65.573,0.00216,34717474,137588815.0,2.8277634961439557,3.89
HK.00241,阿里健康,2024-11-05 00:00:00,4.0,4.23,4.23,3.97,69.344,0.00488,78498781,325806514.0,5.750000000000011,4.0
HK.00241,阿里健康,2024-11-06 00:00:00,4.23,4.22,4.28,4.1,69.18,0.00464,74620806,312687269.0,-0.23640661938535873,4.23
HK.00241,阿里健康,2024-11-07 00:00:00,4.22,4.44,4.46,4.13,72.786,0.00506,81364362,353541957.0,5.213270142180111,4.22
HK.00241,阿里健康,2024-11-08 00:00:00,4.54,4.32,4.6,4.32,70.819,0.00425,68319392,301353049.0,-2.702702702702705,4.44
HK.00241,阿里健康,2024-11-11 00:00:00,4.07,4.36,4.41,4.07,71.475,0.00437,70373170,299815772.0,0.9259259259259267,4.32
HK.00241,阿里健康,2024-11-12 00:00:00,4.34,4.17,4.49,4.14,68.36,0.0046,74024060,315365621.0,-4.357798165137623,4.36
HK.00241,阿里健康,2024-11-13 00:00:00,4.17,4.17,4.18,4.05,68.36,0.00379,60985534,251102459.0,0.0,4.17
HK.00241,阿里健康,2024-11-14 00:00:00,4.16,4.04,4.27,4.01,66.229,0.00536,86216433,353930905.0,-3.1175059952038344,4.17
HK.00241,阿里健康,2024-11-15 00:00:00,4.15,3.8,4.17,3.79,62.295,0.00667,107384692,416003700.0,-5.940594059405946,4.04
HK.00241,阿里健康,2024-11-18 00:00:00,3.8,3.79,3.92,3.75,62.131,0.00397,63960538,244541251.0,-0.2631578947368365,3.8
HK.00241,阿里健康,2024-11-19 00:00:00,3.85,3.81,3.86,3.72,62.459,0.00284,45677737,173268012.0,0.5277044854881272,3.79
HK.00241,阿里健康,2024-11-20 00:00:00,3.8,3.83,3.91,3.74,62.786,0.00379,61055724,233457139.0,0.5249343832021002,3.81
HK.00241,阿里健康,2024-11-21 00:00:00,3.83,3.76,3.83,3.73,61.639,0.00264,42421331,160048117.0,-1.8276762402088846,3.83
HK.00241,阿里健康,2024-11-22 00:00:00,3.76,3.55,3.76,3.51,58.196,0.00516,83035577,299219454.0,-5.585106382978722,3.76
HK.00241,阿里健康,2024-11-25 00:00:00,3.58,3.52,3.6,3.48,57.704,0.00359,57723178,203437596.0,-0.8450704225352058,3.55
HK.00241,阿里健康,2024-11-26 00:00:00,3.53,3.6,3.68,3.52,59.016,0.00396,63793096,230608569.0,2.2727272727272747,3.52
HK.00241,阿里健康,2024-11-27 00:00:00,3.62,3.68,3.72,3.54,60.327,0.00232,37267924,135390752.0,2.222222222222224,3.6
HK.00241,阿里健康,2024-11-28 00:00:00,3.68,3.57,3.68,3.56,58.524,0.00287,46121500,166126320.0,-2.9891304347826173,3.68
HK.00241,阿里健康,2024-11-29 00:00:00,3.6,3.65,3.72,3.55,59.836,0.00293,47157178,171427206.0,2.2408963585434196,3.57
HK.00241,阿里健康,2024-12-02 00:00:00,3.65,3.67,3.68,3.56,60.163,0.00245,39468000,143844910.0,0.5479452054794526,3.65
HK.00241,阿里健康,2024-12-03 00:00:00,3.66,3.68,3.69,3.6,60.327,0.00259,41703167,152015118.0,0.27247956403270385,3.67
HK.00241,阿里健康,2024-12-04 00:00:00,3.67,3.66,3.69,3.6,60.0,0.00237,38066317,139038803.0,-0.5434782608695656,3.68
HK.00241,阿里健康,2024-12-05 00:00:00,3.62,3.54,3.63,3.5,58.032,0.0039,62832621,222082302.0,-3.2786885245901667,3.66
HK.00241,阿里健康,2024-12-06 00:00:00,3.54,3.61,3.65,3.5,59.18,0.00327,52557887,188990735.0,1.9774011299434981,3.54
HK.00241,阿里健康,2024-12-09 00:00:00,3.62,3.82,3.83,3.54,62.622,0.00461,74234108,272776456.0,5.817174515235457,3.61
HK.00241,阿里健康,2024-12-10 00:00:00,4.05,3.75,4.08,3.73,61.475,0.0083,133558340,522027894.0,-1.8324607329842892,3.82
HK.00241,阿里健康,2024-12-11 00:00:00,3.77,3.71,3.88,3.68,60.819,0.00329,52902920,199409652.0,-1.0666666666666678,3.75
HK.00241,阿里健康,2024-12-12 00:00:00,3.71,3.77,3.84,3.63,61.803,0.00354,56888150,214044997.0,1.617250673854449,3.71
HK.00241,阿里健康,2024-12-13 00:00:00,3.72,3.62,3.75,3.59,59.344,0.00394,63402252,231098627.0,-3.978779840848804,3.77
HK.00241,阿里健康,2024-12-16 00:00:00,3.59,3.52,3.64,3.49,57.704,0.00289,46498343,164624064.0,-2.7624309392265216,3.62
HK.00241,阿里健康,2024-12-17 00:00:00,3.52,3.44,3.54,3.36,56.393,0.00345,55498990,191097558.0,-2.2727272727272747,3.52
HK.00241,阿里健康,2024-12-18 00:00:00,3.45,3.46,3.52,3.44,56.721,0.00176,28256509,98095596.0,0.5813953488372098,3.44
HK.00241,阿里健康,2024-12-19 00:00:00,3.37,3.43,3.46,3.36,56.229,0.00218,35099894,119957869.0,-0.8670520231213816,3.46
HK.00241,阿里健康,2024-12-20 00:00:00,3.42,3.41,3.48,3.4,55.901,0.00209,33641430,115333293.0,-0.5830903790087468,3.43
HK.00241,阿里健康,2024-12-23 00:00:00,3.45,3.46,3.5,3.43,56.721,0.00173,27888341,96464583.0,1.4662756598240416,3.41
HK.00241,阿里健康,2024-12-24 00:00:00,3.43,3.51,3.53,3.43,57.54,0.00124,19925201,69881635.0,1.445086705202307,3.46
HK.00241,阿里健康,2024-12-27 00:00:00,3.51,3.41,3.54,3.4,55.901,0.00287,46253632,158644277.0,-2.849002849002839,3.51
HK.00241,阿里健康,2024-12-30 00:00:00,3.42,3.36,3.47,3.34,55.081,0.00299,48124294,162417287.0,-1.4662756598240547,3.41
HK.00241,阿里健康,2024-12-31 00:00:00,3.39,3.32,3.39,3.31,54.426,0.00153,24552160,82086532.0,-1.1904761904761916,3.36
HK.00241,阿里健康,2025-01-02 00:00:00,3.32,3.22,3.32,3.21,52.786,0.00287,46211843,149842243.0,-3.012048192771074,3.32
HK.00241,阿里健康,2025-01-03 00:00:00,3.22,3.19,3.27,3.16,52.295,0.00348,55981183,178975228.0,-0.931677018633548,3.22
HK.00241,阿里健康,2025-01-06 00:00:00,3.19,3.19,3.22,3.16,52.295,0.00194,31217200,99420820.0,0.0,3.19
HK.00241,阿里健康,2025-01-07 00:00:00,3.16,3.23,3.24,3.12,52.95,0.00272,43750560,139644145.0,1.2539184952978069,3.19
HK.00241,阿里健康,2025-01-08 00:00:00,3.23,3.22,3.3,3.16,52.786,0.00296,47674511,153414822.0,-0.3095975232198076,3.23
HK.00241,阿里健康,2025-01-09 00:00:00,3.23,3.25,3.27,3.16,53.278,0.00239,38512281,124694384.0,0.9316770186335344,3.22
HK.00241,阿里健康,2025-01-10 00:00:00,3.28,3.16,3.29,3.14,51.803,0.00221,35525554,113338314.0,-2.7692307692307647,3.25
HK.00241,阿里健康,2025-01-13 00:00:00,3.11,3.25,3.25,3.09,53.278,0.00205,32989237,104868404.0,2.84810126582278,3.16
HK.00241,阿里健康,2025-01-14 00:00:00,3.25,3.34,3.36,3.22,54.754,0.00251,40328280,133756640.0,2.7692307692307647,3.25
HK.00241,阿里健康,2025-01-15 00:00:00,3.32,3.28,3.34,3.26,53.77,0.00142,22792017,74922588.0,-1.7964071856287442,3.34
HK.00241,阿里健康,2025-01-16 00:00:00,3.28,3.29,3.37,3.27,53.934,0.00172,27746003,91771311.0,0.3048780487804949,3.28
HK.00241,阿里健康,2025-01-17 00:00:00,3.29,3.31,3.35,3.27,54.262,0.0014,22512616,74485517.0,0.6079027355623106,3.29
HK.00241,阿里健康,2025-01-20 00:00:00,3.4,3.38,3.44,3.35,55.409,0.00276,44366607,150547156.0,2.1148036253776388,3.31
HK.00241,阿里健康,2025-01-21 00:00:00,3.4,3.48,3.52,3.4,57.049,0.00351,56431904,195853480.0,2.9585798816568074,3.38
HK.00241,阿里健康,2025-01-22 00:00:00,3.45,3.33,3.46,3.31,54.59,0.0024,38695936,129524560.0,-4.310344827586205,3.48
HK.00241,阿里健康,2025-01-23 00:00:00,3.39,3.34,3.43,3.32,54.754,0.00188,30210252,101667783.0,0.30030030030029387,3.33
HK.00241,阿里健康,2025-01-24 00:00:00,3.34,3.42,3.47,3.34,56.065,0.00228,36621097,125376806.0,2.3952095808383254,3.34
HK.00241,阿里健康,2025-01-27 00:00:00,3.46,3.46,3.5,3.42,56.721,0.0024,38548669,133041123.0,1.1695906432748548,3.42
HK.00241,阿里健康,2025-01-28 00:00:00,3.44,3.61,3.65,3.41,59.18,0.0022,35380182,126848435.0,4.335260115606934,3.46
HK.00241,阿里健康,2025-02-03 00:00:00,3.57,3.54,3.66,3.36,58.032,0.00248,39983160,138682554.0,-1.939058171745148,3.61
HK.00241,阿里健康,2025-02-04 00:00:00,3.66,3.76,3.8,3.59,61.639,0.00373,60024591,223121036.0,6.214689265536716,3.54
HK.00241,阿里健康,2025-02-05 00:00:00,3.79,3.7,3.79,3.62,60.655,0.00551,88680792,328418760.0,-1.5957446808510536,3.76
HK.00241,阿里健康,2025-02-06 00:00:00,3.68,3.76,3.76,3.58,61.639,0.00412,66271029,244206642.0,1.621621621621611,3.7
HK.00241,阿里健康,2025-02-07 00:00:00,3.78,3.82,3.94,3.74,62.622,0.00707,113795415,438115728.0,1.5957446808510654,3.76
HK.00241,阿里健康,2025-02-10 00:00:00,3.9,4.17,4.22,3.82,68.36,0.01384,222656680,912015676.0,9.162303664921469,3.82
HK.00241,阿里健康,2025-02-11 00:00:00,4.27,3.97,4.28,3.95,65.081,0.0094,151216898,614586973.0,-4.796163069544359,4.17
HK.00241,阿里健康,2025-02-12 00:00:00,4.07,4.4,4.42,4.02,72.131,0.01711,275327145,1163375595.0,10.831234256926955,3.97
HK.00241,阿里健康,2025-02-13 00:00:00,4.44,4.57,5.34,4.34,74.918,0.05003,805074865,3901143034.0,3.8636363636363615,4.4
HK.00241,阿里健康,2025-02-14 00:00:00,4.68,5.9,5.92,4.66,96.721,0.06684,1075628027,5738230508.0,29.10284463894967,4.57
HK.00241,阿里健康,2025-02-17 00:00:00,6.3,5.62,6.7,5.34,92.131,0.08212,1321395259,7830421264.0,-4.74576271186441,5.9
HK.00241,阿里健康,2025-02-18 00:00:00,5.69,5.81,6.12,5.63,95.245,0.03789,609782023,3567254676.0,3.3807829181494573,5.62
HK.00241,阿里健康,2025-02-19 00:00:00,5.8,5.74,6.1,5.56,94.098,0.02255,362948211,2110259288.0,-1.2048192771084234,5.81
HK.00241,阿里健康,2025-02-20 00:00:00,5.77,5.76,6.0,5.6,94.426,0.02358,379504428,2210686114.0,0.34843205574912145,5.74
HK.00241,阿里健康,2025-02-21 00:00:00,6.1,6.04,6.29,5.8,99.016,0.04653,748680864,4505082851.0,4.861111111111115,5.76
HK.00241,阿里健康,2025-02-24 00:00:00,6.05,5.73,6.05,5.61,93.934,0.01944,312801928,1819040931.0,-5.132450331125821,6.04
HK.00241,阿里健康,2025-02-25 00:00:00,5.3,5.48,5.52,5.12,89.836,0.01866,300349569,1616231998.0,-4.363001745200698,5.73
HK.00241,阿里健康,2025-02-26 00:00:00,5.64,5.43,5.75,5.37,89.016,0.01786,287455067,1597265222.0,-0.9124087591241006,5.48
HK.00241,阿里健康,2025-02-27 00:00:00,5.45,5.28,5.57,5.07,86.557,0.02118,340848069,1797756168.0,-2.7624309392265096,5.43
HK.00241,阿里健康,2025-02-28 00:00:00,5.18,5.01,5.23,4.87,82.131,0.01696,272956147,1365049781.0,-5.113636363636372,5.28
HK.00241,阿里健康,2025-03-03 00:00:00,5.0,5.18,5.22,4.95,84.918,0.0116,186721874,955857175.0,3.39321357285429,5.01
HK.00241,阿里健康,2025-03-04 00:00:00,5.05,5.3,5.32,4.97,86.885,0.00986,158687639,822944981.0,2.316602316602319,5.18
HK.00241,阿里健康,2025-03-05 00:00:00,5.38,5.46,5.52,5.27,89.508,0.01081,173904304,940355970.0,3.0188679245283048,5.3
HK.00241,阿里健康,2025-03-06 00:00:00,5.73,5.69,5.76,5.51,93.278,0.01555,250234980,1409572700.0,4.212454212454221,5.46
HK.00241,阿里健康,2025-03-07 00:00:00,5.57,5.53,5.67,5.4,90.655,0.01205,193897191,1071101757.0,-2.8119507908611623,5.69
HK.00241,阿里健康,2025-03-10 00:00:00,5.78,5.71,5.95,5.58,93.606,0.01595,256615665,1474443178.0,3.2549728752260343,5.53
HK.00241,阿里健康,2025-03-11 00:00:00,5.55,5.79,5.79,5.43,94.918,0.00843,135674764,765369846.0,1.4010507880910694,5.71
HK.00241,阿里健康,2025-03-12 00:00:00,5.77,5.42,5.84,5.36,88.852,0.01029,165609903,922297776.0,-6.390328151986186,5.79
HK.00241,阿里健康,2025-03-13 00:00:00,5.43,5.27,5.53,5.16,86.393,0.00924,148637031,790247624.0,-2.7675276752767592,5.42
HK.00241,阿里健康,2025-03-14 00:00:00,5.35,5.4,5.48,5.29,88.524,0.00567,91317520,493226912.0,2.4667931688804705,5.27
HK.00241,阿里健康,2025-03-17 00:00:00,5.4,5.31,5.49,5.27,87.049,0.00553,88988087,476002042.0,-1.6666666666666805,5.4
HK.00241,阿里健康,2025-03-18 00:00:00,5.4,5.54,5.54,5.39,90.819,0.00688,110722040,605024838.0,4.331450094161967,5.31
HK.00241,阿里健康,2025-03-19 00:00:00,5.49,5.59,5.64,5.44,91.639,0.00801,128887166,719175222.0,0.9025270758122712,5.54
HK.00241,阿里健康,2025-03-20 00:00:00,5.6,5.23,5.6,5.21,85.737,0.01073,172734294,923536214.0,-6.440071556350616,5.59
HK.00241,阿里健康,2025-03-21 00:00:00,5.19,5.06,5.23,5.01,82.95,0.00942,151560387,770618434.0,-3.250478011472291,5.23
HK.00241,阿里健康,2025-03-24 00:00:00,5.06,5.07,5.13,4.96,83.114,0.00535,86169025,433382933.0,0.19762845849803706,5.06
HK.00241,阿里健康,2025-03-25 00:00:00,5.07,4.94,5.07,4.9,80.983,0.0053,85322322,422740541.0,-2.564102564102562,5.07
HK.00241,阿里健康,2025-03-26 00:00:00,4.98,4.95,5.05,4.91,81.147,0.00462,74390072,369779238.0,0.20242914979756652,4.94
HK.00241,阿里健康,2025-03-27 00:00:00,4.95,4.94,5.06,4.8,80.983,0.00687,110568431,546494569.0,-0.20202020202019771,4.95
HK.00241,阿里健康,2025-03-28 00:00:00,5.04,4.8,5.04,4.73,78.688,0.0068,109445569,526641390.0,-2.834008097166003,4.94
HK.00241,阿里健康,2025-03-31 00:00:00,4.7,4.71,4.75,4.54,77.213,0.00842,135550328,627792389.0,-1.8749999999999971,4.8
HK.00241,阿里健康,2025-04-01 00:00:00,4.75,4.73,4.86,4.67,77.54,0.00471,75805464,361056477.0,0.4246284501061669,4.71
HK.00241,阿里健康,2025-04-02 00:00:00,4.71,4.8,4.85,4.69,78.688,0.00346,55730619,266756584.0,1.4799154334037925,4.73
HK.00241,阿里健康,2025-04-03 00:00:00,4.74,4.76,4.78,4.6,78.032,0.00411,66146872,311678640.0,-0.8333333333333341,4.8
HK.00241,阿里健康,2025-04-07 00:00:00,4.05,3.94,4.33,3.85,64.59,0.02228,358563569,1457141066.0,-17.226890756302517,4.76
HK.00241,阿里健康,2025-04-08 00:00:00,4.05,4.1,4.17,3.87,67.213,0.01415,227759407,918067476.0,4.060913705583748,3.94
HK.00241,阿里健康,2025-04-09 00:00:00,3.96,4.23,4.28,3.88,69.344,0.01147,184568132,754651954.0,3.170731707317093,4.1
HK.00241,阿里健康,2025-04-10 00:00:00,4.36,4.43,4.73,4.34,72.622,0.0103,165733909,743692107.0,4.728132387706839,4.23
HK.00241,阿里健康,2025-04-11 00:00:00,4.46,4.66,4.7,4.43,76.393,0.0091,146425845,676943339.0,5.191873589164795,4.43
HK.00241,阿里健康,2025-04-14 00:00:00,4.8,4.67,4.8,4.61,76.557,0.00567,91309000,426184240.0,0.214592274678107,4.66
HK.00241,阿里健康,2025-04-15 00:00:00,4.73,4.59,4.73,4.55,75.245,0.00368,59279589,273490180.0,-1.713062098501072,4.67
HK.00241,阿里健康,2025-04-16 00:00:00,4.55,4.51,4.55,4.42,73.934,0.00348,56049882,251597699.0,-1.7429193899782152,4.59
HK.00241,阿里健康,2025-04-17 00:00:00,4.51,4.57,4.61,4.47,74.918,0.00321,51582838,235681408.0,1.3303769401330487,4.51
HK.00241,阿里健康,2025-04-22 00:00:00,4.58,4.7,4.73,4.5,77.049,0.00476,76595077,355894686.0,2.84463894967177,4.57
HK.00241,阿里健康,2025-04-23 00:00:00,4.81,4.74,4.83,4.7,77.704,0.00439,70608427,334751874.0,0.8510638297872347,4.7
HK.00241,阿里健康,2025-04-24 00:00:00,4.72,4.68,4.75,4.6,76.721,0.00281,45240257,210416086.0,-1.2658227848101369,4.74
HK.00241,阿里健康,2025-04-25 00:00:00,4.74,4.65,4.82,4.63,76.229,0.00336,54063362,255261617.0,-0.6410256410256274,4.68
HK.00241,阿里健康,2025-04-28 00:00:00,4.64,4.61,4.65,4.57,75.573,0.00258,41443029,190857647.0,-0.8602150537634415,4.65
HK.00241,阿里健康,2025-04-29 00:00:00,4.67,4.94,5.08,4.61,80.983,0.01138,183077356,900490283.0,7.158351409978309,4.61
HK.00241,阿里健康,2025-04-30 00:00:00,4.95,5.04,5.18,4.92,82.622,0.00789,127019964,641555934.0,2.0242914979757014,4.94
HK.00241,阿里健康,2025-05-02 00:00:00,5.05,5.15,5.17,4.82,84.426,0.00195,31336104,159845185.0,2.182539682539689,5.04
HK.00241,阿里健康,2025-05-06 00:00:00,5.15,5.09,5.15,5.04,83.442,0.00299,48133014,245230407.0,-1.1650485436893299,5.15
HK.00241,阿里健康,2025-05-07 00:00:00,5.3,5.13,5.35,5.11,84.098,0.00569,91635350,476603034.0,0.7858546168958749,5.09
HK.00241,阿里健康,2025-05-08 00:00:00,5.13,5.09,5.2,5.07,83.442,0.00199,32016626,164343877.0,-0.7797270955165699,5.13
HK.00241,阿里健康,2025-05-09 00:00:00,5.13,4.98,5.13,4.92,81.639,0.00304,48910504,244416340.0,-2.161100196463643,5.09
HK.00241,阿里健康,2025-05-12 00:00:00,5.03,5.27,5.35,5.0,86.393,0.00629,101210540,526929041.0,5.823293172690745,4.98
HK.00241,阿里健康,2025-05-13 00:00:00,5.25,5.17,5.32,5.14,84.754,0.00323,51968188,270090680.0,-1.8975332068311128,5.27
HK.00241,阿里健康,2025-05-14 00:00:00,5.29,5.36,5.43,5.2,87.868,0.00592,95267829,508476517.0,3.6750483558994276,5.17
HK.00241,阿里健康,2025-05-15 00:00:00,5.35,5.24,5.35,5.22,85.901,0.00304,48894046,257355216.0,-2.2388059701492558,5.36
HK.00241,阿里健康,2025-05-16 00:00:00,5.05,5.25,5.28,5.01,86.065,0.00407,65434096,340330562.0,0.19083969465648445,5.24
HK.00241,阿里健康,2025-05-19 00:00:00,5.1,5.16,5.2,5.03,53.75,0.00458,73680933,376938870.0,-1.7142857142857115,5.25
HK.00241,阿里健康,2025-05-20 00:00:00,5.0,4.89,5.05,4.82,50.937,0.01463,235443006,1157228691.0,-5.232558139534892,5.16
HK.00241,阿里健康,2025-05-21 00:00:00,4.92,4.83,4.93,4.82,50.312,0.00647,104147843,506206094.0,-1.2269938650306669,4.89
HK.00241,阿里健康,2025-05-22 00:00:00,4.82,4.52,4.82,4.51,47.083,0.01451,233497495,1071819648.0,-6.418219461697733,4.83
HK.00241,阿里健康,2025-05-23 00:00:00,4.52,4.5,4.61,4.44,46.875,0.00882,141927028,641901103.0,-0.44247787610618533,4.52
HK.00241,阿里健康,2025-05-26 00:00:00,4.5,4.4,4.51,4.38,45.833,0.00641,103231522,457623392.0,-2.2222222222222143,4.5
HK.00241,阿里健康,2025-05-27 00:00:00,4.41,4.51,4.56,4.41,46.979,0.00537,86435373,389054812.0,2.499999999999987,4.4
HK.00241,阿里健康,2025-05-28 00:00:00,4.48,4.61,4.61,4.42,48.02,0.00531,85433835,386408949.0,2.2172949002217415,4.51
HK.00241,阿里健康,2025-05-29 00:00:00,4.61,4.7,4.73,4.56,48.958,0.00519,83466481,389909156.0,1.9522776572668081,4.61
HK.00241,阿里健康,2025-05-30 00:00:00,4.68,4.53,4.68,4.5,47.187,0.00538,86587805,393388473.0,-3.617021276595743,4.7
HK.00241,阿里健康,2025-06-02 00:00:00,4.46,4.51,4.52,4.38,46.979,0.0019,30517742,135734229.0,-0.4415011037527695,4.53
HK.00241,阿里健康,2025-06-03 00:00:00,4.51,4.52,4.59,4.46,47.083,0.00378,60890446,276258308.0,0.2217294900221682,4.51
HK.00241,阿里健康,2025-06-04 00:00:00,4.52,4.56,4.58,4.5,47.5,0.0043,69177631,314607012.0,0.8849557522123902,4.52
HK.00241,阿里健康,2025-06-05 00:00:00,4.6,4.63,4.7,4.59,48.229,0.00445,71717405,332288490.0,1.535087719298252,4.56
HK.00241,阿里健康,2025-06-06 00:00:00,4.6,4.5,4.62,4.38,46.875,0.01148,185066988,827921761.0,-2.8077753779697603,4.63
HK.00241,阿里健康,2025-06-09 00:00:00,4.5,4.67,4.72,4.49,48.645,0.00836,134846829,623815655.0,3.7777777777777763,4.5
HK.00241,阿里健康,2025-06-10 00:00:00,4.66,4.6,4.72,4.54,47.916,0.0046,74141873,342415545.0,-1.498929336188443,4.67
HK.00241,阿里健康,2025-06-11 00:00:00,4.61,4.6,4.65,4.55,47.916,0.00372,59953061,275730325.0,0.0,4.6
HK.00241,阿里健康,2025-06-12 00:00:00,4.55,4.75,4.82,4.5,49.479,0.00939,151476845,716821012.0,3.2608695652173996,4.6
HK.00241,阿里健康,2025-06-13 00:00:00,4.71,4.6,4.74,4.53,47.916,0.00649,104689328,480802571.0,-3.157894736842113,4.75
HK.00241,阿里健康,2025-06-16 00:00:00,4.55,4.77,4.8,4.54,49.687,0.00584,94171541,443346282.0,3.695652173913042,4.6
HK.00241,阿里健康,2025-06-17 00:00:00,4.79,4.71,4.85,4.66,49.062,0.00336,54193024,255974287.0,-1.2578616352201177,4.77
HK.00241,阿里健康,2025-06-18 00:00:00,4.71,4.56,4.72,4.53,47.5,0.00559,90140778,411813724.0,-3.184713375796186,4.71
HK.00241,阿里健康,2025-06-19 00:00:00,4.55,4.32,4.58,4.31,45.0,0.0073,117661912,515062646.0,-5.263157894736828,4.56
HK.00241,阿里健康,2025-06-20 00:00:00,4.36,4.33,4.37,4.3,45.104,0.00591,95288500,412528585.0,0.23148148148147651,4.32
HK.00241,阿里健康,2025-06-23 00:00:00,4.28,4.35,4.37,4.25,45.312,0.00236,38112916,164835945.0,0.46189376443417024,4.33
HK.00241,阿里健康,2025-06-24 00:00:00,4.38,4.49,4.52,4.37,46.77,0.00394,63586521,284271577.0,3.218390804597714,4.35
HK.00241,阿里健康,2025-06-25 00:00:00,4.53,4.62,4.65,4.45,48.125,0.00705,113641785,518357042.0,2.895322939866367,4.49
HK.00241,阿里健康,2025-06-26 00:00:00,4.62,4.57,4.75,4.54,47.604,0.0073,117741195,546240695.0,-1.0822510822510785,4.62
HK.00241,阿里健康,2025-06-27 00:00:00,4.57,4.86,5.16,4.53,50.625,0.02275,366802808,1795764575.0,6.3457330415754925,4.57
HK.00241,阿里健康,2025-06-30 00:00:00,4.94,4.74,4.94,4.74,49.375,0.00647,104257559,501776445.0,-2.469135802469138,4.86
HK.00241,阿里健康,2025-07-02 00:00:00,4.76,4.65,4.83,4.6,48.437,0.0067,108100051,505409863.0,-1.898734177215187,4.74
HK.00241,阿里健康,2025-07-03 00:00:00,4.65,4.52,4.67,4.47,47.083,0.00868,139942588,633139090.0,-2.7956989247311994,4.65
HK.00241,阿里健康,2025-07-04 00:00:00,4.3,4.22,4.3,4.12,43.958,0.03185,513579724,2165678797.0,-6.637168141592917,4.52
HK.00241,阿里健康,2025-07-07 00:00:00,4.21,4.2,4.24,4.18,43.75,0.00816,131565834,553353374.0,-0.47393364928908943,4.22
HK.00241,阿里健康,2025-07-08 00:00:00,4.2,4.24,4.26,4.18,44.166,0.00967,155963942,659569406.0,0.9523809523809532,4.2
HK.00241,阿里健康,2025-07-09 00:00:00,4.24,4.25,4.3,4.21,44.27,0.009,145153560,617390200.0,0.23584905660376854,4.24
HK.00241,阿里健康,2025-07-10 00:00:00,4.27,4.27,4.3,4.24,44.479,0.00657,105958916,452624960.0,0.47058823529410765,4.25
HK.00241,阿里健康,2025-07-11 00:00:00,4.28,4.37,4.48,4.27,45.52,0.01532,247056907,1085033553.0,2.3419203747072728,4.27
HK.00241,阿里健康,2025-07-14 00:00:00,4.4,4.44,4.48,4.37,46.25,0.00625,100837632,446215039.0,1.601830663615567,4.37
HK.00241,阿里健康,2025-07-15 00:00:00,4.44,4.57,4.59,4.36,47.604,0.01144,184439310,826204030.0,2.9279279279279256,4.44
HK.00241,阿里健康,2025-07-16 00:00:00,4.6,4.62,4.84,4.6,48.125,0.01561,251712113,1185431337.0,1.0940919037199084,4.57
HK.00241,阿里健康,2025-07-17 00:00:00,4.63,4.64,4.68,4.57,48.333,0.00644,103873980,481210894.0,0.4329004329004236,4.62
HK.00241,阿里健康,2025-07-18 00:00:00,4.7,4.7,4.74,4.64,48.958,0.0063,101658401,476708887.0,1.2931034482758728,4.64
HK.00241,阿里健康,2025-07-21 00:00:00,4.75,4.7,4.75,4.58,48.958,0.00575,92728202,431908279.0,0.0,4.7
HK.00241,阿里健康,2025-07-22 00:00:00,4.69,4.62,4.7,4.58,48.125,0.00557,89833862,415485032.0,-1.7021276595744694,4.7
HK.00241,阿里健康,2025-07-23 00:00:00,4.69,4.76,4.81,4.67,49.583,0.00972,156752529,743602302.0,3.0303030303030236,4.62
HK.00241,阿里健康,2025-07-24 00:00:00,4.77,4.86,4.87,4.76,50.625,0.00854,137641605,663960493.0,2.100840336134465,4.76
HK.00241,阿里健康,2025-07-25 00:00:00,4.85,4.84,4.87,4.77,50.416,0.00555,89509230,431365789.0,-0.4115226337448655,4.86
HK.00241,阿里健康,2025-07-28 00:00:00,4.85,4.81,4.9,4.76,50.104,0.0061,98284285,473169316.0,-0.6198347107438068,4.84
HK.00241,阿里健康,2025-07-29 00:00:00,4.8,4.85,4.85,4.67,50.52,0.00749,120827732,573349953.0,0.8316008316008323,4.81
HK.00241,阿里健康,2025-07-30 00:00:00,4.77,4.96,5.07,4.77,51.666,0.01468,236675550,1173365666.0,2.268041237113409,4.85
HK.00241,阿里健康,2025-07-31 00:00:00,4.96,4.88,4.99,4.82,50.833,0.00725,116817011,570730966.0,-1.6129032258064528,4.96
HK.00241,阿里健康,2025-08-01 00:00:00,4.88,4.82,4.96,4.78,50.208,0.00577,93076201,452758212.0,-1.2295081967213035,4.88
HK.00241,阿里健康,2025-08-04 00:00:00,4.78,4.91,4.92,4.69,51.145,0.00627,101160731,489742333.0,1.867219917012445,4.82
HK.00241,阿里健康,2025-08-05 00:00:00,4.91,4.99,5.01,4.85,51.979,0.00653,105315543,521172636.0,1.629327902240327,4.91
HK.00241,阿里健康,2025-08-06 00:00:00,4.97,5.03,5.07,4.91,52.395,0.00489,78814414,393666851.0,0.8016032064128262,4.99
HK.00241,阿里健康,2025-08-07 00:00:00,5.07,4.96,5.07,4.92,51.666,0.00444,71510766,354213005.0,-1.391650099403584,5.03
HK.00241,阿里健康,2025-08-08 00:00:00,4.93,4.93,4.95,4.88,51.354,0.00334,53927191,265024899.0,-0.6048387096774244,4.96
HK.00241,阿里健康,2025-08-11 00:00:00,4.95,4.95,4.99,4.85,51.562,0.00278,44792792,220291124.0,0.40567951318459355,4.93
HK.00241,阿里健康,2025-08-12 00:00:00,4.93,4.91,4.96,4.84,51.145,0.00413,66608038,325859839.0,-0.8080808080808087,4.95
HK.00241,阿里健康,2025-08-13 00:00:00,4.94,5.14,5.15,4.94,53.541,0.01094,176388297,892506880.0,4.684317718940927,4.91
HK.00241,阿里健康,2025-08-14 00:00:00,5.15,5.08,5.18,5.0,52.916,0.00619,99842643,509461042.0,-1.1673151750972686,5.14
HK.00241,阿里健康,2025-08-15 00:00:00,5.07,5.33,5.5,5.05,55.52,0.0209,336994455,1795124679.0,4.921259842519684,5.08
HK.00241,阿里健康,2025-08-18 00:00:00,5.4,5.52,5.67,5.3,57.5,0.0154,248379263,1369520205.0,3.5647279549718482,5.33
HK.00241,阿里健康,2025-08-19 00:00:00,5.53,5.38,5.62,5.35,56.041,0.01004,161879983,884340171.0,-2.5362318840579654,5.52
HK.00241,阿里健康,2025-08-20 00:00:00,5.35,5.34,5.4,5.17,55.625,0.00722,116477937,616215206.0,-0.7434944237918222,5.38
HK.00241,阿里健康,2025-08-21 00:00:00,5.39,5.51,5.6,5.34,57.395,0.01064,171530869,944012731.0,3.1835205992509352,5.34
HK.00241,阿里健康,2025-08-22 00:00:00,5.55,5.51,5.57,5.43,57.395,0.0065,104779895,575638584.0,0.0,5.51
HK.00241,阿里健康,2025-08-25 00:00:00,5.59,5.71,5.72,5.59,59.479,0.01022,164704937,934806141.0,3.629764065335757,5.51
HK.00241,阿里健康,2025-08-26 00:00:00,5.69,5.69,5.74,5.63,59.27,0.00568,91660575,521158154.0,-0.35026269702275964,5.71
HK.00241,阿里健康,2025-08-27 00:00:00,5.73,5.42,5.73,5.38,56.458,0.00807,130175443,716519285.0,-4.745166959578215,5.69
HK.00241,阿里健康,2025-08-28 00:00:00,5.41,5.38,5.48,5.25,56.041,0.00624,100682050,540524950.0,-0.7380073800738014,5.42
HK.00241,阿里健康,2025-08-29 00:00:00,5.4,5.46,5.5,5.34,56.875,0.00472,76075919,413905459.0,1.4869888475836444,5.38
HK.00241,阿里健康,2025-09-01 00:00:00,5.71,5.84,5.93,5.62,60.833,0.0161,259667463,1504400062.0,6.959706959706957,5.46
HK.00241,阿里健康,2025-09-02 00:00:00,5.9,6.11,6.25,5.84,63.645,0.01847,297867924,1808517471.0,4.623287671232885,5.84
HK.00241,阿里健康,2025-09-03 00:00:00,6.14,6.39,6.54,6.1,66.562,0.0184,296731608,1886766288.0,4.582651391162019,6.11
HK.00241,阿里健康,2025-09-04 00:00:00,6.45,6.49,6.75,6.33,67.604,0.02308,372090646,2429848228.0,1.5649452269170663,6.39
HK.00241,阿里健康,2025-09-05 00:00:00,6.49,6.49,6.56,6.26,67.604,0.01098,177054563,1140533205.0,0.0,6.49
HK.00241,阿里健康,2025-09-08 00:00:00,6.5,6.49,6.6,6.29,67.604,0.00877,141458062,908004759.0,0.0,6.49
HK.00241,阿里健康,2025-09-09 00:00:00,6.51,7.14,7.18,6.49,74.375,0.02011,324289412,2251375203.0,10.015408320493059,6.49
HK.00241,阿里健康,2025-09-10 00:00:00,7.14,7.13,7.49,7.01,74.27,0.01909,307871620,2231419941.0,-0.14005602240896062,7.14
HK.00241,阿里健康,2025-09-11 00:00:00,7.0,7.2,7.24,6.85,75.0,0.01015,163701745,1161053111.0,0.9817671809256702,7.13
HK.00241,阿里健康,2025-09-12 00:00:00,7.44,7.01,7.5,6.94,73.02,0.01224,197418947,1408993956.0,-2.638888888888894,7.2
HK.00241,阿里健康,2025-09-15 00:00:00,7.04,6.94,7.1,6.78,72.291,0.0103,166139126,1148999099.0,-0.9985734664764536,7.01
HK.00241,阿里健康,2025-09-16 00:00:00,7.0,6.67,7.0,6.55,69.479,0.01136,183152867,1223378179.0,-3.890489913544675,6.94
HK.00241,阿里健康,2025-09-17 00:00:00,6.7,6.85,6.96,6.58,71.354,0.01095,176565143,1198425731.0,2.698650674662664,6.67
HK.00241,阿里健康,2025-09-18 00:00:00,6.85,6.66,6.89,6.5,69.375,0.01119,180483388,1201900950.0,-2.7737226277372193,6.85
HK.00241,阿里健康,2025-09-19 00:00:00,6.69,6.64,6.73,6.54,69.166,0.00674,108722056,719697070.0,-0.30030030030030724,6.66
HK.00241,阿里健康,2025-09-22 00:00:00,6.64,6.56,6.75,6.5,68.333,0.0062,100022747,659620362.0,-1.204819277108435,6.64
HK.00241,阿里健康,2025-09-23 00:00:00,6.56,6.5,6.62,6.42,67.708,0.00548,88437084,574611822.0,-0.9146341463414575,6.56
HK.00241,阿里健康,2025-09-24 00:00:00,6.52,6.6,6.73,6.45,68.75,0.00844,136081426,898331112.0,1.538461538461533,6.5
HK.00241,阿里健康,2025-09-25 00:00:00,6.63,6.51,6.71,6.48,67.812,0.00652,105086930,690947643.0,-1.3636363636363615,6.6
HK.00241,阿里健康,2025-09-26 00:00:00,6.41,6.21,6.45,6.17,64.687,0.00834,134405946,846336436.0,-4.608294930875574,6.51
HK.00241,阿里健康,2025-09-29 00:00:00,6.24,6.54,6.6,6.22,68.125,0.00789,127199948,825240921.0,5.31400966183575,6.21
HK.00241,阿里健康,2025-09-30 00:00:00,6.65,6.66,6.69,6.46,69.375,0.00564,90862376,599566010.0,1.8348623853211024,6.54
HK.00241,阿里健康,2025-10-02 00:00:00,6.67,6.66,6.77,6.62,69.375,0.00355,57221794,383406472.0,0.0,6.66
HK.00241,阿里健康,2025-10-03 00:00:00,6.66,6.68,6.71,6.57,69.583,0.00196,31523448,209586482.0,0.30030030030029387,6.66
HK.00241,阿里健康,2025-10-06 00:00:00,6.57,6.51,6.65,6.46,67.812,0.00181,29111535,189297502.0,-2.5449101796407176,6.68
HK.00241,阿里健康,2025-10-08 00:00:00,6.51,6.63,6.64,6.45,69.062,0.00264,42595573,279956246.0,1.8433179723502322,6.51
HK.00241,阿里健康,2025-10-09 00:00:00,6.67,6.38,6.69,6.34,66.458,0.00849,136838923,875629019.0,-3.770739064856712,6.63
HK.00241,阿里健康,2025-10-10 00:00:00,6.29,6.22,6.39,6.18,64.791,0.00594,95753761,598483743.0,-2.5078369905956137,6.38
HK.00241,阿里健康,2025-10-13 00:00:00,6.0,6.14,6.16,5.91,63.958,0.00918,147969631,893477680.0,-1.2861736334405156,6.22
HK.00241,阿里健康,2025-10-14 00:00:00,6.15,5.95,6.22,5.9,61.979,0.00795,128145535,770685509.0,-3.0944625407166044,6.14
HK.00241,阿里健康,2025-10-15 00:00:00,6.04,6.18,6.22,5.96,64.375,0.00757,122103009,749651114.0,3.8655462184873866,5.95
HK.00241,阿里健康,2025-10-16 00:00:00,6.17,6.17,6.28,6.08,64.27,0.0032,51607842,317914902.0,-0.16181229773462438,6.18
HK.00241,阿里健康,2025-10-17 00:00:00,6.15,5.92,6.17,5.88,61.666,0.00607,97805360,582171947.0,-4.051863857374392,6.17
HK.00241,阿里健康,2025-10-20 00:00:00,6.1,6.03,6.17,5.98,62.812,0.00388,62565319,378799098.0,1.8581081081081134,5.92
HK.00241,阿里健康,2025-10-21 00:00:00,6.12,6.13,6.2,6.07,63.854,0.00408,65708957,404000225.0,1.6583747927031451,6.03
HK.00241,阿里健康,2025-10-22 00:00:00,6.13,6.0,6.13,5.97,62.5,0.00264,42503334,255978390.0,-2.1207177814029348,6.13
HK.00241,阿里健康,2025-10-23 00:00:00,5.99,5.93,5.99,5.8,61.77,0.00371,59768407,352283638.0,-1.1666666666666714,6.0
HK.00241,阿里健康,2025-10-24 00:00:00,6.01,5.92,6.02,5.87,61.666,0.00322,51964843,307513419.0,-0.16863406408094075,5.93
HK.00241,阿里健康,2025-10-27 00:00:00,6.02,6.05,6.11,5.97,63.02,0.00351,56545805,342170670.0,2.1959459459459443,5.92
HK.00241,阿里健康,2025-10-28 00:00:00,6.13,5.96,6.13,5.91,62.083,0.00357,57640497,345787632.0,-1.4876033057851217,6.05
HK.00241,阿里健康,2025-10-30 00:00:00,6.06,5.79,6.06,5.75,60.312,0.00623,100490873,587589974.0,-2.8523489932885893,5.96
HK.00241,阿里健康,2025-10-31 00:00:00,5.79,5.8,5.9,5.76,60.416,0.00259,41753758,243213565.0,0.17271157167529858,5.79
HK.00241,阿里健康,2025-11-03 00:00:00,5.87,5.85,5.91,5.75,60.937,0.00288,46361735,270618322.0,0.8620689655172384,5.8
HK.00241,阿里健康,2025-11-04 00:00:00,5.82,5.73,5.84,5.69,59.687,0.00316,51099432,293950363.0,-2.051282051282038,5.85
HK.00241,阿里健康,2025-11-05 00:00:00,5.64,5.68,5.7,5.57,59.166,0.00355,57423707,323772147.0,-0.8726003490401519,5.73
HK.00241,阿里健康,2025-11-06 00:00:00,5.74,5.73,5.74,5.64,59.687,0.00221,35763576,203710682.0,0.8802816901408576,5.68
HK.00241,阿里健康,2025-11-07 00:00:00,5.69,5.61,5.69,5.6,58.437,0.00278,44990859,253185829.0,-2.094240837696337,5.73
HK.00241,阿里健康,2025-11-10 00:00:00,5.66,5.8,5.81,5.62,60.416,0.00343,55470166,317251288.0,3.3868092691622014,5.61
HK.00241,阿里健康,2025-11-11 00:00:00,5.8,5.77,5.82,5.7,60.104,0.00223,36050960,207474440.0,-0.5172413793103492,5.8
HK.00241,阿里健康,2025-11-12 00:00:00,5.77,5.86,5.98,5.69,61.041,0.00593,95963070,561920984.0,1.559792027729649,5.77
HK.00241,阿里健康,2025-11-13 00:00:00,5.86,5.9,5.96,5.78,61.458,0.00478,77351475,454413576.0,0.6825938566552906,5.86
HK.00241,阿里健康,2025-11-14 00:00:00,5.85,5.91,6.0,5.73,61.562,0.00583,94290000,558154215.0,0.1694915254237252,5.9
HK.00241,阿里健康,2025-11-17 00:00:00,5.91,5.88,5.94,5.77,61.25,0.00323,52275921,305620302.0,-0.5076142131979737,5.91
HK.00241,阿里健康,2025-11-18 00:00:00,5.79,5.78,5.88,5.71,60.208,0.00276,44659853,258076470.0,-1.7006802721088374,5.88
HK.00241,阿里健康,2025-11-19 00:00:00,5.82,5.73,5.82,5.67,59.687,0.00294,47480818,271503248.0,-0.8650519031141838,5.78
HK.00241,阿里健康,2025-11-20 00:00:00,5.74,5.83,5.83,5.7,60.729,0.00406,65593961,378347822.0,1.745200698080273,5.73
HK.00241,阿里健康,2025-11-21 00:00:00,5.83,5.57,5.83,5.49,58.02,0.0054,87269370,487397181.0,-4.459691252144079,5.83
HK.00241,阿里健康,2025-11-24 00:00:00,5.6,5.73,5.76,5.53,59.687,0.00465,75191102,427217890.0,2.8725314183123904,5.57
HK.00241,阿里健康,2025-11-25 00:00:00,5.75,5.98,6.07,5.75,62.291,0.00783,126593263,755217939.0,4.363001745200698,5.73
HK.00241,阿里健康,2025-11-26 00:00:00,6.06,6.1,6.14,5.98,63.541,0.00633,102321117,622223033.0,2.006688963210689,5.98
HK.00241,阿里健康,2025-11-27 00:00:00,6.1,5.76,6.14,5.75,60.0,0.00806,130375227,763516568.0,-5.573770491803277,6.1
HK.00241,阿里健康,2025-11-28 00:00:00,5.76,5.57,5.76,5.56,58.02,0.00666,107796277,604378552.0,-3.2986111111111027,5.76
HK.00241,阿里健康,2025-12-01 00:00:00,5.6,5.51,5.63,5.5,57.395,0.00415,67064377,373009197.0,-1.0771992818671543,5.57
HK.00241,阿里健康,2025-12-02 00:00:00,5.55,5.45,5.56,5.39,56.77,0.00482,77950608,424694662.0,-1.088929219600719,5.51
HK.00241,阿里健康,2025-12-03 00:00:00,5.44,5.4,5.46,5.36,56.25,0.00308,49740735,268946050.0,-0.9174311926605472,5.45
HK.00241,阿里健康,2025-12-04 00:00:00,5.41,5.49,5.5,5.36,57.187,0.00356,57586381,313242843.0,1.6666666666666639,5.4
HK.00241,阿里健康,2025-12-05 00:00:00,5.45,5.44,5.47,5.38,56.666,0.00356,57540716,312228407.0,-0.9107468123861534,5.49
HK.00241,阿里健康,2025-12-08 00:00:00,5.45,5.39,5.48,5.37,56.145,0.00255,41189841,222361497.0,-0.9191176470588366,5.44
HK.00241,阿里健康,2025-12-09 00:00:00,5.39,5.35,5.41,5.33,55.729,0.00352,56939709,305636843.0,-0.7421150278293143,5.39
HK.00241,阿里健康,2025-12-10 00:00:00,5.37,5.32,5.39,5.27,55.416,0.00459,74251880,394818816.0,-0.5607476635513899,5.35
HK.00241,阿里健康,2025-12-11 00:00:00,5.31,5.11,5.35,5.08,53.229,0.00912,147519171,757148938.0,-3.9473684210526305,5.32
HK.00241,阿里健康,2025-12-12 00:00:00,5.16,5.33,5.33,5.06,55.52,0.0132,213469691,1112079790.0,4.305283757338547,5.11
HK.00241,阿里健康,2025-12-15 00:00:00,5.26,5.22,5.28,5.18,54.375,0.00349,56527251,295168523.0,-2.0637898686679232,5.33
HK.00241,阿里健康,2025-12-16 00:00:00,5.22,5.14,5.24,5.05,53.541,0.00496,80281942,410576916.0,-1.5325670498084305,5.22
HK.00241,阿里健康,2025-12-17 00:00:00,5.13,5.27,5.3,5.12,54.895,0.00602,97369318,510483933.0,2.52918287937743,5.14
HK.00241,阿里健康,2025-12-18 00:00:00,5.23,5.3,5.42,5.2,55.208,0.00504,81519971,432808015.0,0.5692599620493406,5.27
HK.00241,阿里健康,2025-12-19 00:00:00,5.44,5.23,5.48,5.23,54.479,0.00915,148035185,783039518.0,-1.3207547169811207,5.3
HK.00241,阿里健康,2025-12-22 00:00:00,5.29,5.28,5.34,5.19,55.0,0.00324,52415838,274530813.0,0.9560229445506657,5.23
HK.00241,阿里健康,2025-12-23 00:00:00,5.28,5.22,5.28,5.2,54.375,0.00236,38205845,199770587.0,-1.1363636363636458,5.28
HK.00241,阿里健康,2025-12-24 00:00:00,5.22,5.14,5.22,5.11,53.541,0.00205,33206618,170922745.0,-1.5325670498084305,5.22
HK.00241,阿里健康,2025-12-29 00:00:00,5.14,5.13,5.24,5.12,53.437,0.0026,42044758,217492473.0,-0.19455252918287524,5.14
HK.00241,阿里健康,2025-12-30 00:00:00,5.13,5.11,5.13,5.06,53.229,0.00283,45706383,232994285.0,-0.3898635477582763,5.13
HK.00241,阿里健康,2025-12-31 00:00:00,5.11,5.05,5.11,5.04,52.604,0.00137,22179064,112418204.0,-1.1741682974559784,5.11
HK.00241,阿里健康,2026-01-02 00:00:00,5.05,5.21,5.21,5.05,54.27,0.0016,25914039,133917099.0,3.168316831683171,5.05
HK.00241,阿里健康,2026-01-05 00:00:00,5.18,5.32,5.37,5.16,55.416,0.00516,83397782,441213054.0,2.1113243761996223,5.21
HK.00241,阿里健康,2026-01-06 00:00:00,5.35,5.53,5.57,5.32,57.604,0.00823,133148550,732939464.0,3.9473684210526305,5.32
HK.00241,阿里健康,2026-01-07 00:00:00,5.53,5.55,5.56,5.43,57.812,0.00453,73311426,403435115.0,0.3616636528028856,5.53
HK.00241,阿里健康,2026-01-08 00:00:00,5.55,5.51,5.55,5.43,57.395,0.00308,49831698,273969716.0,-0.7207207207207215,5.55
HK.00241,阿里健康,2026-01-09 00:00:00,5.62,5.77,5.79,5.59,60.104,0.00763,123475845,703527144.0,4.718693284936475,5.51
HK.00241,阿里健康,2026-01-12 00:00:00,5.83,6.36,6.42,5.8,66.25,0.02216,358482446,2210785988.0,10.225303292894294,5.77
HK.00241,阿里健康,2026-01-13 00:00:00,6.67,6.54,6.79,6.43,68.125,0.0193,312114236,2049603311.0,2.8301886792452784,6.36
HK.00241,阿里健康,2026-01-14 00:00:00,6.56,7.78,7.91,6.56,81.041,0.0619,1001184882,7450181490.0,18.960244648318046,6.54
HK.00241,阿里健康,2026-01-15 00:00:00,7.71,7.17,7.71,6.95,74.687,0.03397,549485711,3975043848.0,-7.84061696658098,7.78
HK.00241,阿里健康,2026-01-16 00:00:00,7.23,6.8,7.28,6.68,70.833,0.02132,344783387,2359107412.0,-5.160390516039053,7.17
HK.00241,阿里健康,2026-01-19 00:00:00,6.68,6.56,6.8,6.51,68.333,0.01169,189114396,1252425484.0,-3.529411764705886,6.8
HK.00241,阿里健康,2026-01-20 00:00:00,6.73,6.61,6.87,6.48,68.854,0.01254,202891571,1347127807.0,0.7621951219512304,6.56
HK.00241,阿里健康,2026-01-21 00:00:00,6.54,6.81,6.92,6.54,70.937,0.01074,173763828,1181589894.0,3.0257186081694294,6.61
HK.00241,阿里健康,2026-01-22 00:00:00,6.9,6.74,6.9,6.66,70.208,0.00645,104250476,702027543.0,-1.0279001468428692,6.81
HK.00241,阿里健康,2026-01-23 00:00:00,6.89,6.64,6.9,6.59,69.166,0.00669,108203320,724501953.0,-1.4836795252225599,6.74
HK.00241,阿里健康,2026-01-26 00:00:00,6.7,6.73,6.76,6.48,70.104,0.00702,113581923,751932332.0,1.3554216867469993,6.64
HK.00241,阿里健康,2026-01-27 00:00:00,6.72,6.66,6.78,6.57,69.375,0.00531,85925437,573478639.0,-1.0401188707280873,6.73
HK.00241,阿里健康,2026-01-28 00:00:00,6.71,6.84,6.97,6.7,71.25,0.01101,178012160,1222042029.0,2.702702702702698,6.66
HK.00241,阿里健康,2026-01-29 00:00:00,6.75,6.67,6.87,6.62,69.479,0.00777,125731152,845516388.0,-2.4853801169590635,6.84
HK.00241,阿里健康,2026-01-30 00:00:00,6.58,6.52,6.69,6.42,67.916,0.00884,143060748,929214232.0,-2.248875562218896,6.67
HK.00241,阿里健康,2026-02-02 00:00:00,6.47,6.25,6.58,6.15,65.104,0.00898,145293390,909954922.0,-4.141104294478521,6.52
HK.00241,阿里健康,2026-02-03 00:00:00,6.26,6.29,6.35,6.05,65.52,0.00646,104513257,651547134.0,0.6400000000000006,6.25
HK.00241,阿里健康,2026-02-04 00:00:00,6.24,6.24,6.37,6.13,65.0,0.00407,65899207,412119422.0,-0.7949125596184391,6.29
HK.00241,阿里健康,2026-02-05 00:00:00,6.17,6.2,6.25,6.07,64.583,0.00527,85231986,525479964.0,-0.6410256410256416,6.24
HK.00241,阿里健康,2026-02-06 00:00:00,6.07,6.1,6.24,6.0,63.541,0.00559,90451458,551568659.0,-1.6129032258064602,6.2
HK.00241,阿里健康,2026-02-09 00:00:00,6.27,6.27,6.37,6.17,65.312,0.0053,85683320,537921310.0,2.7868852459016384,6.1
HK.00241,阿里健康,2026-02-10 00:00:00,6.3,6.14,6.31,6.13,63.958,0.00519,83946592,520245664.0,-2.0733652312599666,6.27
HK.00241,阿里健康,2026-02-11 00:00:00,6.14,6.18,6.26,6.13,64.375,0.00406,65730553,406155554.0,0.6514657980456032,6.14
HK.00241,阿里健康,2026-02-12 00:00:00,6.18,6.18,6.24,6.07,64.375,0.00387,62534104,384284819.0,0.0,6.18
HK.00241,阿里健康,2026-02-13 00:00:00,6.09,6.17,6.23,6.07,64.27,0.00403,65223546,401952462.0,-0.16181229773462438,6.18
HK.00241,阿里健康,2026-02-16 00:00:00,6.23,6.17,6.23,6.05,64.27,0.00133,21467400,131375454.0,0.0,6.17
HK.00241,阿里健康,2026-02-20 00:00:00,6.06,6.05,6.16,6.0,63.02,0.00244,39493552,239433085.0,-1.94489465153971,6.17
HK.00241,阿里健康,2026-02-23 00:00:00,6.1,6.12,6.21,6.07,63.75,0.00242,39210142,240192689.0,1.1570247933884346,6.05
HK.00241,阿里健康,2026-02-24 00:00:00,6.07,5.94,6.07,5.83,61.875,0.0073,118100626,697038406.0,-2.9411764705882306,6.12
HK.00241,阿里健康,2026-02-25 00:00:00,5.94,5.79,5.97,5.77,60.312,0.0054,87364226,510426456.0,-2.5252525252525313,5.94
HK.00241,阿里健康,2026-02-26 00:00:00,5.85,5.56,5.85,5.53,57.916,0.00755,122131719,688300989.0,-3.9723661485319592,5.79
HK.00241,阿里健康,2026-02-27 00:00:00,5.55,5.58,5.64,5.52,58.125,0.00627,101394696,566540259.0,0.3597122302158357,5.56
HK.00241,阿里健康,2026-03-02 00:00:00,5.47,5.37,5.49,5.35,55.937,0.00688,111332573,600888010.0,-3.763440860215053,5.58
HK.00241,阿里健康,2026-03-03 00:00:00,5.43,5.16,5.44,5.13,53.75,0.00785,127004372,663943895.0,-3.910614525139664,5.37
HK.00241,阿里健康,2026-03-04 00:00:00,5.16,5.1,5.19,5.03,53.125,0.00891,144193847,733308080.0,-1.1627906976744282,5.16
HK.00241,阿里健康,2026-03-05 00:00:00,5.23,4.97,5.23,4.94,51.77,0.00837,135374793,685327643.0,-2.5490196078431353,5.1
HK.00241,阿里健康,2026-03-06 00:00:00,4.97,5.13,5.22,4.97,53.437,0.00787,127312997,653249981.0,3.2193158953722363,4.97
HK.00241,阿里健康,2026-03-09 00:00:00,4.94,5.17,5.2,4.88,53.854,0.00837,135403028,684840668.0,0.7797270955165699,5.13
HK.00241,阿里健康,2026-03-10 00:00:00,5.28,5.24,5.28,5.14,54.583,0.0057,92173305,481225169.0,1.3539651837524234,5.17
HK.00241,阿里健康,2026-03-11 00:00:00,5.25,5.16,5.29,5.13,53.75,0.00422,68294550,354455851.0,-1.5267175572519098,5.24
HK.00241,阿里健康,2026-03-12 00:00:00,5.11,5.1,5.21,5.03,53.125,0.00435,70412225,358063903.0,-1.1627906976744282,5.16
HK.00241,阿里健康,2026-03-13 00:00:00,5.05,5.02,5.1,5.0,52.291,0.00382,61764243,311504926.0,-1.5686274509803935,5.1
HK.00241,阿里健康,2026-03-16 00:00:00,5.06,5.12,5.15,4.98,53.333,0.00462,74796508,379914407.0,1.9920318725099708,5.02
HK.00241,阿里健康,2026-03-17 00:00:00,5.15,5.13,5.32,5.12,53.437,0.00676,109389722,569278981.0,0.19531249999999584,5.12
HK.00241,阿里健康,2026-03-18 00:00:00,5.13,5.15,5.18,5.05,53.645,0.00388,62775753,321450330.0,0.38986354775829357,5.13
HK.00241,阿里健康,2026-03-19 00:00:00,5.0,5.0,5.09,4.98,52.083,0.00548,88582965,444514786.0,-2.9126213592233077,5.15
HK.00241,阿里健康,2026-03-20 00:00:00,4.99,4.87,5.02,4.83,50.729,0.00586,94777336,464874282.0,-2.599999999999998,5.0
HK.00241,阿里健康,2026-03-23 00:00:00,4.81,4.7,4.81,4.61,48.958,0.00748,121000857,567812144.0,-3.4907597535934274,4.87
HK.00241,阿里健康,2026-03-24 00:00:00,4.75,4.77,4.79,4.68,49.687,0.00416,67291404,319526994.0,1.4893617021276466,4.7
HK.00241,阿里健康,2026-03-25 00:00:00,4.83,4.9,4.98,4.82,51.041,0.00593,95971489,470200089.0,2.725366876310289,4.77
HK.00241,阿里健康,2026-03-26 00:00:00,4.88,4.7,4.9,4.69,48.958,0.00402,65029275,309772091.0,-4.081632653061227,4.9
HK.00241,阿里健康,2026-03-27 00:00:00,4.69,4.78,4.83,4.66,49.791,0.00391,63198360,300880041.0,1.7021276595744694,4.7
HK.00241,阿里健康,2026-03-30 00:00:00,4.74,4.69,4.74,4.65,48.854,0.00281,45396786,212882205.0,-1.8828451882845159,4.78
HK.00241,阿里健康,2026-03-31 00:00:00,4.69,4.66,4.75,4.61,48.541,0.00426,68916854,321076324.0,-0.6396588486140777,4.69
HK.00241,阿里健康,2026-04-01 00:00:00,4.8,4.79,4.86,4.75,49.895,0.00464,75131650,360613046.0,2.7896995708154484,4.66
