code,name,time_key,open,close,high,low,pe_ratio,turnover_rate,volume,turnover,change_rate,last_close
HK.00700,腾讯控股,2019-06-03,289.627070359,293.130120879,293.130120879,287.230246319,35.101,0.00214,22152021,6760631961.0,2.44862386735034,286.124019839
HK.00700,腾讯控股,2019-06-04,292.577007639,287.230246319,293.130120879,286.308390919,34.427,0.00207,21332098,6463610662.0,-2.012715220908801,293.130120879
HK.00700,腾讯控股,2019-06-05,294.605089519,290.733296839,295.158202759,287.783359559,34.827,0.00192,19816781,6064231043.0,1.219596670230013,287.230246319
HK.00700,腾讯控股,2019-06-06,291.655152239,290.180183599,292.392636559,286.124019839,34.764,0.0013,13443284,4085969327.0,-0.1902476413997791,290.733296839
HK.00700,腾讯控股,2019-06-10,294.420718439,301.795561639,302.533045959,293.683234119,36.09,0.00251,25913416,8113846027.0,4.0028157319148105,290.180183599
HK.00700,腾讯控股,2019-06-11,302.348674879,303.270530279,303.639272439,300.136221919,36.258,0.00188,19379994,6137007659.0,0.4887310575376535,301.795561639
HK.00700,腾讯控股,2019-06-12,300.689335159,296.633171399,301.058077319,294.605089519,35.5,0.00184,19025203,5936348986.0,-2.1885934231373705,303.270530279
HK.00700,腾讯控股,2019-06-13,294.789460599,293.683234119,295.342573839,287.230246319,35.164,0.00213,22042609,6729569803.0,-0.994473162285692,296.633171399
HK.00700,腾讯控股,2019-06-14,294.051976279,289.811441439,296.080058159,289.073957119,34.722,0.00148,15258400,4661192785.0,-1.3183567293566216,293.683234119
HK.00700,腾讯控股,2019-06-17,291.470781159,288.889586039,294.789460599,288.520843879,34.617,0.00111,11490936,3510587889.0,-0.3180879938427346,289.811441439
HK.00700,腾讯控股,2019-06-18,292.577007639,293.498863039,295.711315999,289.811441439,35.143,0.00126,12984768,3993180293.0,1.5955151112223789,288.889586039
HK.00700,腾讯控股,2019-06-19,302.717417039,305.667354319,306.220467559,300.873706239,36.531,0.00247,25556021,8139397612.0,4.146009682627993,293.498863039
HK.00700,腾讯控股,2019-06-20,307.326694039,311.935971039,311.935971039,306.404838639,37.247,0.00202,20855929,6770775334.0,2.05079693052792,305.667354319
HK.00700,腾讯控股,2019-06-21,315.070279399,312.304713199,315.070279399,307.326694039,37.289,0.00211,21815812,7094849292.0,0.1182108490956653,311.935971039
HK.00700,腾讯控股,2019-06-24,312.489084279,313.595310759,315.070279399,310.461002399,37.436,0.00112,11550693,3780729417.0,0.4132494661320126,312.304713199
HK.00700,腾讯控股,2019-06-25,311.935971039,307.695436199,312.673455359,306.404838639,36.763,0.0012,12440735,4011742346.0,-1.8813656829626624,313.595310759
HK.00700,腾讯控股,2019-06-26,301.795561639,307.326694039,308.801662679,301.795561639,36.721,0.00112,11564102,3714297228.0,-0.1198399835093846,307.695436199
HK.00700,腾讯控股,2019-06-27,308.617291599,310.829744559,312.489084279,308.617291599,37.121,0.00119,12246541,3983295855.0,1.1398458343990931,307.326694039
HK.00700,腾讯控股,2019-06-28,311.014115639,310.645373479,311.014115639,306.957951879,37.1,0.00134,13856816,4486460590.0,-0.0593157776008817,310.829744559
HK.00700,腾讯控股,2019-07-02,324.657575559,319.679556399,324.657575559,317.651474519,38.131,0.00236,24419090,8168546498.0,2.908198122773813,310.645373479
HK.00700,腾讯控股,2019-07-03,317.282732359,317.835845599,318.204587759,314.885908319,37.92,0.00109,11241049,3719795029.0,-0.576737161665357,319.679556399
HK.00700,腾讯控股,2019-07-04,318.388958839,317.467103439,321.338896119,316.729619119,37.878,0.00072,7391211,2459936995.0,-0.1160165428493487,317.835845599
HK.00700,腾讯控股,2019-07-05,317.467103439,317.282732359,318.388958839,315.254650479,37.857,0.00054,5561515,1843366892.0,-0.0580756487846406,317.467103439
HK.00700,腾讯控股,2019-07-08,312.857826439,309.170404839,313.595310759,309.170404839,36.931,0.00105,10873681,3534557483.0,-2.55681343251326,317.282732359
HK.00700,腾讯控股,2019-07-09,308.617291599,308.986033759,309.539146999,305.482983239,36.91,0.00101,10476918,3374651001.0,-0.0596341296302329,309.170404839
HK.00700,腾讯控股,2019-07-10,310.092260239,314.517166159,315.070279399,310.092260239,37.542,0.00135,13956224,4563796547.0,1.7900913943295282,308.986033759
HK.00700,腾讯控股,2019-07-11,314.332795079,314.885908319,318.204587759,313.779681839,37.584,0.00094,9662368,3190017193.0,0.1172407104207463,314.517166159
HK.00700,腾讯控股,2019-07-12,317.467103439,312.857826439,317.467103439,312.673455359,37.352,0.00087,8989449,2953632279.0,-0.6440687964814934,314.885908319
HK.00700,腾讯控股,2019-07-15,313.779681839,318.204587759,318.204587759,308.064178359,37.962,0.00124,12810528,4215986943.0,1.7090067334602794,312.857826439
HK.00700,腾讯控股,2019-07-16,321.707638279,319.863927479,321.707638279,318.388958839,38.152,0.00109,11301866,3779418917.0,0.5214694519919156,318.204587759
HK.00700,腾讯控股,2019-07-17,317.098361279,320.417040719,321.523267199,316.176505879,38.215,0.00101,10469938,3501691998.0,0.1729214182916357,319.863927479
HK.00700,腾讯控股,2019-07-18,317.467103439,314.332795079,318.573329919,314.332795079,37.521,0.0011,11378575,3757011149.0,-1.8988520792612211,320.417040719
HK.00700,腾讯控股,2019-07-19,315.623392639,319.126443159,320.232669639,315.439021559,38.068,0.00085,8737509,2906693200.0,1.5250232094921108,314.332795079
HK.00700,腾讯控股,2019-07-22,316.545248039,315.254650479,318.757700999,313.595310759,37.626,0.00091,9409520,3112721915.0,-1.2132472137606396,319.126443159
HK.00700,腾讯控股,2019-07-23,315.070279399,316.176505879,317.835845599,313.779681839,37.731,0.00092,9505555,3142831300.0,0.2924161145915838,315.254650479
HK.00700,腾讯控股,2019-07-24,320.232669639,322.629493679,326.685657439,318.573329919,38.468,0.00186,19256511,6515566237.0,2.040944750799909,316.176505879
HK.00700,腾讯控股,2019-07-25,327.607512839,328.898110399,329.635594719,325.579430959,39.183,0.00146,15119235,5179207092.0,1.9429769574126312,322.629493679
HK.00700,腾讯控股,2019-07-26,327.238770679,326.870028519,332.216789839,326.132544199,38.952,0.00122,12640204,4344555222.0,-0.6166292282858212,328.898110399
HK.00700,腾讯控股,2019-07-29,324.657575559,328.713739319,329.635594719,324.657575559,39.162,0.00118,12236204,4183616070.0,0.5640501236389212,326.870028519
HK.00700,腾讯控股,2019-07-30,328.529368239,329.635594719,333.876129559,327.791883919,39.267,0.00111,11434509,3950412663.0,0.280443221481946,328.713739319
HK.00700,腾讯控股,2019-07-31,325.763802039,325.026317719,328.898110399,323.920091239,38.741,0.0011,11385213,3879221191.0,-1.3982946847500408,329.635594719
HK.00700,腾讯控股,2019-08-01,328.898110399,326.685657439,330.188707959,324.841946639,38.93,0.0013,13427546,4587539699.0,0.510524726626773,325.026317719
HK.00700,腾讯控股,2019-08-02,318.388958839,313.595310759,319.310814239,313.042197519,37.436,0.00265,27420737,9073260283.0,-4.007016035726735,326.685657439
HK.00700,腾讯控股,2019-08-05,308.248549439,299.583108679,309.170404839,299.583108679,35.837,0.0032,33152678,10513301759.0,-4.468243497036351,313.595310759
HK.00700,腾讯控股,2019-08-06,289.811441439,296.448800319,300.873706239,288.152101719,35.479,0.00327,33906146,10451657902.0,-1.046223324746393,299.583108679
HK.00700,腾讯控股,2019-08-07,296.448800319,297.739397879,300.873706239,295.342573839,35.627,0.00159,16437533,5138012322.0,0.4353526000480564,296.448800319
HK.00700,腾讯控股,2019-08-08,299.951850839,301.242448399,304.745498919,299.583108679,36.026,0.00162,16770108,5309719627.0,1.1765492054308555,297.739397879
HK.00700,腾讯控股,2019-08-09,305.114241079,297.555026799,305.482983239,297.555026799,35.606,0.00144,14909037,4706602921.0,-1.2240710496138147,301.242448399
HK.00700,腾讯控股,2019-08-12,298.108140039,299.029995439,302.717417039,297.923768959,35.774,0.00129,13389671,4221060384.0,0.4956960922042614,297.555026799
HK.00700,腾讯控股,2019-08-13,295.711315999,293.498863039,298.476882199,293.498863039,35.143,0.00138,14267315,4423927576.0,-1.8496914972960636,299.029995439
HK.00700,腾讯控股,2019-08-14,301.795561639,299.029995439,303.639272439,296.633171399,35.774,0.00183,18963640,5965908579.0,1.8845498557399911,293.498863039
HK.00700,腾讯控股,2019-08-15,286.861504159,290.180183599,294.236347359,285.939648759,34.764,0.00314,32552540,9895034966.0,-2.959506395673717,299.029995439
HK.00700,腾讯控股,2019-08-16,287.230246319,286.492761999,289.258328199,286.124019839,34.343,0.00248,25743178,7767201512.0,-1.270735152988821,290.180183599
HK.00700,腾讯控股,2019-08-19,290.548925759,296.080058159,297.555026799,290.548925759,35.437,0.00228,23648117,7295116441.0,3.346435733002378,286.492761999
HK.00700,腾讯控股,2019-08-20,296.448800319,292.945749799,298.845624359,292.945749799,35.079,0.00162,16832205,5228254372.0,-1.058601642909973,296.080058159
HK.00700,腾讯控股,2019-08-21,292.577007639,292.208265479,295.526944919,292.023894399,34.995,0.00109,11312368,3482796376.0,-0.2517477452757155,292.945749799
HK.00700,腾讯控股,2019-08-22,294.420718439,290.733296839,294.973831679,290.733296839,34.827,0.0011,11417185,3500663201.0,-0.5047662281496917,292.208265479
HK.00700,腾讯控股,2019-08-23,291.102038999,293.683234119,295.342573839,289.811441439,35.164,0.00124,12801740,3934540258.0,1.014654087465469,290.733296839
HK.00700,腾讯控股,2019-08-26,283.358453639,286.124019839,286.124019839,281.146000679,34.301,0.00238,24692419,7357052008.0,-2.5739345668391165,293.683234119
HK.00700,腾讯控股,2019-08-27,284.280309039,286.308390919,287.783359559,284.280309039,34.322,0.00188,19437710,5840462429.0,0.0644374701934122,286.124019839
HK.00700,腾讯控股,2019-08-28,285.570906599,279.671032039,287.045875239,278.749176639,33.564,0.00237,24553459,7284578438.0,-2.318255102023102,286.308390919
HK.00700,腾讯控股,2019-08-29,278.749176639,280.777258519,281.146000679,273.402415319,33.691,0.00262,27152930,7939547520.0,0.3955456065416572,279.671032039
HK.00700,腾讯控股,2019-08-30,287.045875239,285.017793359,287.230246319,281.514742839,34.175,0.00203,21063596,6310685048.0,1.5102842952336382,280.777258519
HK.00700,腾讯控股,2019-09-02,287.598988479,290.917667919,291.286410079,285.202164439,34.848,0.00177,18394592,5590193400.0,2.070002188448878,285.017793359
HK.00700,腾讯控股,2019-09-03,292.577007639,289.073957119,293.314491959,288.336472799,34.638,0.00146,15146225,4620753398.0,-0.6337569021463969,290.917667919
HK.00700,腾讯控股,2019-09-04,292.761378719,300.136221919,300.689335159,292.577007639,35.9,0.00234,24230903,7563170037.0,3.8267939838821574,289.073957119
HK.00700,腾讯控股,2019-09-05,303.639272439,300.320592999,304.561127839,295.158202759,35.921,0.0019,19662054,6199532434.0,0.0614291333519094,300.136221919
HK.00700,腾讯控股,2019-09-06,302.717417039,302.164303799,303.639272439,298.661253279,36.132,0.00141,14586179,4603844517.0,0.6139142113395254,300.320592999
HK.00700,腾讯控股,2019-09-09,304.376756759,301.242448399,304.561127839,299.029995439,36.026,0.00092,9552233,3014472256.0,-0.3050841507119878,302.164303799
HK.00700,腾讯控股,2019-09-10,302.717417039,299.214366519,303.639272439,297.923768959,35.795,0.00112,11581521,3637771460.0,-0.6732390772875999,301.242448399
HK.00700,腾讯控股,2019-09-11,299.951850839,304.561127839,306.220467559,298.476882199,36.405,0.00165,17133818,5437022615.0,1.786933355574846,299.214366519
HK.00700,腾讯控股,2019-09-12,308.432920519,307.695436199,309.170404839,305.667354319,36.763,0.0016,16599323,5348208279.0,1.0291229160593738,304.561127839
HK.00700,腾讯控股,2019-09-13,308.248549439,307.879807279,308.801662679,305.114241079,36.784,0.00104,10778707,3471327889.0,0.0599199917546738,307.695436199
HK.00700,腾讯控股,2019-09-16,304.561127839,305.114241079,305.114241079,298.845624359,36.468,0.00245,25353502,8009399145.0,-0.8982616380209101,307.879807279
HK.00700,腾讯控股,2019-09-17,301.979932719,302.348674879,304.008014599,299.583108679,36.153,0.00097,10007737,3165507935.0,-0.9064035130644604,305.114241079
HK.00700,腾讯控股,2019-09-18,302.717417039,301.795561639,304.192385679,300.504964079,36.09,0.00077,7957220,2516701392.0,-0.1829388669294863,302.348674879
HK.00700,腾讯控股,2019-09-19,301.426819479,297.555026799,301.979932719,297.186284639,35.606,0.00099,10237962,3203338854.0,-1.4051017904207703,301.795561639
HK.00700,腾讯控股,2019-09-20,299.767479759,296.817542479,299.767479759,293.683234119,35.521,0.00202,20916427,6502176620.0,-0.2478480461021402,297.555026799
HK.00700,腾讯控股,2019-09-23,295.711315999,295.158202759,297.555026799,294.605089519,35.332,0.00087,9011788,2795298150.0,-0.5590436825739133,296.817542479
HK.00700,腾讯控股,2019-09-24,294.420718439,294.973831679,297.370655719,293.683234119,35.311,0.00112,11627642,3601237434.0,-0.0624651723301576,295.158202759
HK.00700,腾讯控股,2019-09-25,290.733296839,288.336472799,292.023894399,287.967730639,34.553,0.00182,18911618,5744797132.0,-2.250151765063353,294.973831679
HK.00700,腾讯控股,2019-09-26,294.789460599,292.023894399,294.789460599,289.811441439,34.974,0.0013,13500752,4134843194.0,1.278860618708671,288.336472799
HK.00700,腾讯控股,2019-09-27,289.811441439,289.258328199,291.102038999,288.520843879,34.659,0.00113,11739409,3571077596.0,-0.9470342163923602,292.023894399
HK.00700,腾讯控股,2019-09-30,284.280309039,289.995812519,292.023894399,283.727195799,34.743,0.00154,15934768,4828990920.0,0.2549569876144264,289.258328199
HK.00700,腾讯控股,2019-10-02,283.542824719,285.202164439,286.677133079,283.542824719,34.196,0.00181,18747230,5617417403.0,-1.6530059652795688,289.995812519
HK.00700,腾讯控股,2019-10-03,283.542824719,285.386535519,286.124019839,282.436598239,34.217,0.00166,17167063,5127169521.0,0.0646457506248832,285.202164439
HK.00700,腾讯控股,2019-10-04,286.861504159,283.174082559,287.045875239,280.592887439,33.964,0.00132,13679086,4081176105.0,-0.7752478427114549,285.386535519
HK.00700,腾讯控股,2019-10-08,282.436598239,284.095937959,287.598988479,282.436598239,34.069,0.0016,16578055,4966541576.0,0.3255437050133131,283.174082559
HK.00700,腾讯控股,2019-10-09,282.067856079,278.933547719,283.542824719,278.933547719,33.48,0.00185,19188795,5663482515.0,-1.8171291983573024,284.095937959
HK.00700,腾讯控股,2019-10-10,280.039774199,279.486660959,282.989711479,278.196063399,33.543,0.00173,17884592,5263090747.0,0.1982957032322361,278.933547719
HK.00700,腾讯控股,2019-10-11,284.280309039,285.017793359,287.967730639,283.358453639,34.175,0.00205,21267433,6368323555.0,1.9790326955215205,279.486660959
HK.00700,腾讯控股,2019-10-14,287.045875239,288.152101719,290.364554679,284.280309039,34.532,0.00251,26047023,7880529728.0,1.0996886626134583,285.017793359
HK.00700,腾讯控股,2019-10-15,289.258328199,288.705214959,291.286410079,287.598988479,34.595,0.00149,15406449,4679498788.0,0.1919518326260208,288.152101719
HK.00700,腾讯控股,2019-10-16,289.811441439,290.733296839,291.655152239,287.967730639,34.827,0.00146,15135986,4604688877.0,0.702474972711531,288.705214959
HK.00700,腾讯控股,2019-10-17,292.392636559,290.733296839,292.392636559,288.336472799,34.827,0.00108,11215555,3422301916.0,0.0,290.733296839
HK.00700,腾讯控股,2019-10-18,291.655152239,290.733296839,293.683234119,289.995812519,34.827,0.00104,10744058,3288989931.0,0.0,290.733296839
HK.00700,腾讯控股,2019-10-21,289.442699279,285.017793359,289.995812519,285.017793359,33.571,0.00146,15129446,4557080047.0,-1.9658922944643256,290.733296839
HK.00700,腾讯控股,2019-10-22,285.202164439,287.598988479,287.783359559,285.017793359,33.86,0.00109,11334127,3410907451.0,0.9056259574463904,285.017793359
HK.00700,腾讯控股,2019-10-23,285.017793359,280.592887439,285.939648759,280.224145279,33.074,0.00208,21538363,6383619077.0,-2.436065953170627,287.598988479
HK.00700,腾讯控股,2019-10-24,279.671032039,279.671032039,281.146000679,277.458579079,32.971,0.00193,20038389,5883604804.0,-0.3285384060921282,280.592887439
HK.00700,腾讯控股,2019-10-25,280.961629599,277.458579079,280.961629599,277.458579079,32.723,0.00165,17128370,5031021493.0,-0.7910912130833349,279.671032039
HK.00700,腾讯控股,2019-10-28,277.274207999,282.436598239,283.911566879,277.089836919,33.281,0.00184,19103165,5645180904.0,1.7941485812131244,277.458579079
HK.00700,腾讯控股,2019-10-29,283.358453639,277.827321239,284.095937959,277.827321239,32.764,0.00209,21616549,6356999042.0,-1.6319687422731095,282.436598239
HK.00700,腾讯控股,2019-10-30,276.905465839,277.089836919,280.039774199,275.614868279,32.682,0.00138,14313348,4172787288.0,-0.2654470110107,277.827321239
HK.00700,腾讯控股,2019-10-31,281.514742839,281.330371759,282.436598239,279.117918799,33.157,0.00169,17472933,5166392180.0,1.5303826683616764,277.089836919
HK.00700,腾讯控股,2019-11-01,280.224145279,282.067856079,282.620969319,279.486660959,33.24,0.00109,11286044,3339565887.0,0.2621417358491897,281.330371759
HK.00700,腾讯控股,2019-11-04,282.436598239,287.598988479,287.783359559,282.436598239,33.86,0.00155,16028571,4807694209.0,1.9609226222681897,282.067856079
HK.00700,腾讯控股,2019-11-05,289.811441439,292.577007639,293.498863039,287.414617399,34.418,0.00238,24676428,7542584961.0,1.7308889667264806,287.598988479
HK.00700,腾讯控股,2019-11-06,292.761378719,293.498863039,294.236347359,290.917667919,34.518,0.0013,13482091,4143667770.0,0.3150812866120601,292.577007639
HK.00700,腾讯控股,2019-11-07,292.577007639,293.130120879,293.130120879,286.861504159,34.477,0.00163,16850153,5127356241.0,-0.1256366570493366,293.498863039
HK.00700,腾讯控股,2019-11-08,294.420718439,287.230246319,294.605089519,286.308390919,33.815,0.00174,18067772,5480660595.0,-2.012715220908801,293.130120879
HK.00700,腾讯控股,2019-11-11,287.045875239,283.358453639,287.230246319,282.436598239,33.381,0.00158,16365890,4894795043.0,-1.347975267096334,287.230246319
HK.00700,腾讯控股,2019-11-12,286.492761999,289.995812519,289.995812519,285.386535519,34.125,0.00167,17256656,5222699004.0,2.3423895757336566,283.358453639
HK.00700,腾讯控股,2019-11-13,291.286410079,287.414617399,291.286410079,285.570906599,33.836,0.00167,17278483,5227068938.0,-0.8900801351505387,289.995812519
HK.00700,腾讯控股,2019-11-14,280.592887439,280.408516359,284.095937959,278.749176639,33.05,0.00269,27868467,8224633979.0,-2.4376286437352257,287.414617399
HK.00700,腾讯控股,2019-11-15,283.358453639,280.592887439,283.358453639,279.486660959,33.071,0.00142,14739294,4345687452.0,0.065750884600081,280.408516359
HK.00700,腾讯控股,2019-11-18,282.436598239,289.811441439,289.811441439,281.330371759,34.105,0.0027,27972565,8414867076.0,3.2853840609214036,280.592887439
HK.00700,腾讯控股,2019-11-19,292.577007639,295.895687079,295.895687079,290.180183599,34.787,0.00258,26725465,8239053863.0,2.0993807593619898,289.811441439
HK.00700,腾讯控股,2019-11-20,294.973831679,294.973831679,296.817542479,292.208265479,34.683,0.00144,14909403,4611201163.0,-0.3115474271018706,295.895687079
HK.00700,腾讯控股,2019-11-21,291.655152239,289.258328199,291.655152239,287.967730639,34.042,0.0014,14475422,4398236280.0,-1.9376306865823236,294.973831679
HK.00700,腾讯控股,2019-11-22,292.023894399,293.130120879,293.314491959,289.811441439,34.477,0.00112,11568974,3539689672.0,1.3385241849756997,289.258328199
HK.00700,腾讯控股,2019-11-25,300.689335159,297.923768959,300.689335159,297.001913559,35.014,0.00188,19446760,6089196502.0,1.6353311169883902,293.130120879
HK.00700,腾讯控股,2019-11-26,299.951850839,294.973831679,300.873706239,293.314491959,34.683,0.00308,31933513,9906385299.0,-0.9901651319421714,297.923768959
HK.00700,腾讯控股,2019-11-27,296.264429239,294.420718439,297.923768959,293.498863039,34.621,0.00117,12162409,3768125213.0,-0.1875126470886175,294.973831679
HK.00700,腾讯控股,2019-11-28,294.420718439,297.186284639,299.214366519,293.130120879,34.931,0.0019,19734632,6143782781.0,0.9393245878424862,294.420718439
HK.00700,腾讯控股,2019-11-29,293.683234119,291.470781159,294.605089519,288.889586039,34.291,0.00145,14979083,4574323753.0,-1.9232056711307413,297.186284639
HK.00700,腾讯控股,2019-12-02,294.420718439,292.577007639,294.420718439,291.286410079,34.415,0.00107,11059961,3397967761.0,0.3795325471737485,291.470781159
HK.00700,腾讯控股,2019-12-03,288.889586039,290.733296839,292.208265479,286.677133079,34.208,0.00133,13815127,4208497830.0,-0.630162573224101,292.577007639
HK.00700,腾讯控股,2019-12-04,287.783359559,288.520843879,289.258328199,285.570906599,33.96,0.00128,13302146,4022568236.0,-0.760990565599097,290.733296839
HK.00700,腾讯控股,2019-12-05,293.130120879,289.811441439,293.130120879,288.889586039,34.105,0.00122,12689356,3864651979.0,0.4473151896579399,288.520843879
HK.00700,腾讯控股,2019-12-06,293.130120879,294.973831679,295.711315999,291.839523319,34.683,0.00164,16964154,5238554718.0,1.781292765519255,289.811441439
HK.00700,腾讯控股,2019-12-09,294.420718439,295.526944919,297.001913559,293.314491959,34.745,0.00103,10673634,3308435630.0,0.1875126470886175,294.973831679
HK.00700,腾讯控股,2019-12-10,292.761378719,296.080058159,297.923768959,292.392636559,34.807,0.0011,11359787,3524940567.0,0.1871616952395187,295.526944919
HK.00700,腾讯控股,2019-12-11,298.108140039,299.029995439,299.398737599,296.264429239,35.138,0.00131,13598179,4250639878.0,0.9963309580329326,296.080058159
HK.00700,腾讯控股,2019-12-12,303.454901359,307.326694039,309.539146999,302.348674879,36.068,0.00348,36103982,11583726569.0,2.7745372459441047,299.029995439
HK.00700,腾讯控股,2019-12-13,317.467103439,318.388958839,319.126443159,314.332795079,37.308,0.00343,35566183,11765587571.0,3.5995131612603,307.326694039
HK.00700,腾讯控股,2019-12-16,320.048298559,317.282732359,321.523267199,315.623392639,37.184,0.00201,20869800,6947055913.0,-0.3474449880529185,318.388958839
HK.00700,腾讯控股,2019-12-17,325.026317719,327.791883919,329.451223639,320.601411799,38.362,0.00341,35316962,12019056598.0,3.312235583028526,317.282732359
HK.00700,腾讯控股,2019-12-18,335.904211439,333.691758479,335.904211439,329.635594719,39.024,0.0033,34235791,11872884068.0,1.7998842709168197,327.791883919
HK.00700,腾讯控股,2019-12-19,330.926192279,331.848047679,331.848047679,327.054399599,38.817,0.00193,20004343,6887291197.0,-0.5525191297513049,333.691758479
HK.00700,腾讯控股,2019-12-20,334.060500639,331.479305519,334.060500639,328.713739319,38.776,0.00227,23492468,8117618492.0,-0.111117772902102,331.848047679
HK.00700,腾讯控股,2019-12-23,334.060500639,333.876129559,334.060500639,330.188707959,39.045,0.00122,12661457,4391275517.0,0.7230689820130053,331.479305519
HK.00700,腾讯控股,2019-12-24,334.982356039,332.954274159,335.719840359,332.954274159,38.941,0.00067,6899655,2403547632.0,-0.2761070104705005,333.876129559
HK.00700,腾讯控股,2019-12-27,334.797984959,339.591633039,340.882230599,334.244871719,39.685,0.00201,20805905,7351190589.0,1.9934745985060824,332.954274159
HK.00700,腾讯控股,2019-12-30,337.194808999,338.854148719,340.144746279,337.010437919,39.603,0.0015,15543231,5486565140.0,-0.2171679889166377,339.591633039
HK.00700,腾讯控股,2019-12-31,334.982356039,331.848047679,336.088582519,330.926192279,38.817,0.00109,11258301,3909899396.0,-2.0675860297080058,338.854148719
HK.00700,腾讯控股,2020-01-02,332.032418759,338.116664399,340.329117359,331.848047679,39.52,0.00146,15177007,5339844488.0,1.8890021393356844,331.848047679
HK.00700,腾讯控股,2020-01-03,343.279054639,338.669777639,345.122765439,337.010437919,39.582,0.0016,16611180,5894345016.0,0.1635865067411483,338.116664399
HK.00700,腾讯控股,2020-01-06,335.904211439,333.507387399,335.904211439,331.663676599,39.003,0.00127,13150862,4579164268.0,-1.5243138245133905,338.669777639
HK.00700,腾讯控股,2020-01-07,336.641695759,341.066601679,343.094683559,335.904211439,39.851,0.00185,19185596,6807794524.0,2.2665807612100464,333.507387399
HK.00700,腾讯控股,2020-01-08,338.116664399,337.747922239,341.250972759,335.166727119,39.479,0.00163,16845541,5939016088.0,-0.9730297319241502,341.066601679
HK.00700,腾讯控股,2020-01-09,345.122765439,345.122765439,345.122765439,342.357199239,40.305,0.00167,17298613,6204440877.0,2.1835347353465995,337.747922239
HK.00700,腾讯控股,2020-01-10,349.547671359,353.050721879,353.603835119,346.966476239,41.194,0.00265,27436017,10030082546.0,2.297140969508503,345.122765439
HK.00700,腾讯控股,2020-01-13,354.341319439,360.241193999,360.241193999,351.944495399,42.0,0.00289,29907359,11085382856.0,2.0366682956293194,353.050721879
HK.00700,腾讯控股,2020-01-14,363.559873439,354.710061599,366.325439639,351.207011079,41.38,0.00281,29101781,10863864920.0,-1.5353969762867663,360.241193999
HK.00700,腾讯控股,2020-01-15,351.760124319,353.235092959,357.106885639,350.838268919,41.215,0.00167,17289195,6348068062.0,-0.4158237387885252,354.710061599
HK.00700,腾讯控股,2020-01-16,353.419464039,354.341319439,357.106885639,351.022639999,41.339,0.00144,14937945,5490470341.0,0.3131700394582347,353.235092959
HK.00700,腾讯控股,2020-01-17,354.341319439,353.419464039,354.894432679,350.653897839,41.236,0.00143,14829707,5445721499.0,-0.2601602888027639,354.341319439
HK.00700,腾讯控股,2020-01-20,358.950596439,350.653897839,358.950596439,350.653897839,40.926,0.00139,14408346,5298844180.0,-0.7825166640213074,353.419464039
HK.00700,腾讯控股,2020-01-21,349.732042439,340.882230599,349.732042439,339.038519799,39.83,0.00253,26222542,9349941564.0,-2.78669859374744,350.653897839
HK.00700,腾讯控股,2020-01-22,342.725941399,346.044620839,347.703960559,338.301035479,40.409,0.00196,20265982,7272503871.0,1.5144204586224983,340.882230599
HK.00700,腾讯控股,2020-01-23,344.754023279,341.066601679,344.938394359,334.982356039,39.851,0.00195,20199754,7161285961.0,-1.4385483432542918,346.044620839
HK.00700,腾讯控股,2020-01-24,342.357199239,341.250972759,343.832167879,339.038519799,39.871,0.00084,8733137,3106177839.0,0.0540572073291213,341.066601679
HK.00700,腾讯控股,2020-01-29,339.776004119,338.854148719,344.754023279,336.826066839,39.603,0.00332,34453366,12247521357.0,-0.7023640169057198,341.250972759
HK.00700,腾讯控股,2020-01-30,341.435343839,331.294934439,344.200910039,326.870028519,38.755,0.00261,27061482,9439561263.0,-2.2308165057375886,338.854148719
HK.00700,腾讯控股,2020-01-31,336.088582519,329.451223639,340.329117359,327.976254999,38.548,0.00212,22019778,7653062872.0,-0.5565164475339939,331.294934439
HK.00700,腾讯控股,2020-02-03,334.060500639,335.904211439,338.854148719,326.316915279,39.272,0.003,31109486,10855939331.0,1.9587080990996573,329.451223639
HK.00700,腾讯控股,2020-02-04,345.122765439,347.888331639,348.441444879,340.329117359,40.615,0.00298,30843877,11089845113.0,3.567719543812959,335.904211439
HK.00700,腾讯控股,2020-02-05,354.341319439,347.150847319,354.341319439,342.725941399,40.533,0.00234,24297279,8822351403.0,-0.211988805869264,347.888331639
HK.00700,腾讯控股,2020-02-06,352.497608639,354.341319439,354.341319439,347.150847319,41.339,0.00186,19300350,7077740790.0,2.071281742657724,347.150847319
HK.00700,腾讯控股,2020-02-07,353.603835119,356.553772399,356.553772399,349.363300279,41.591,0.00156,16159477,5941868209.0,0.6243846931266175,354.341319439
HK.00700,腾讯控股,2020-02-10,350.285155679,354.894432679,355.263174839,349.732042439,41.405,0.00172,17859083,6575890276.0,-0.4653827412441933,356.553772399
HK.00700,腾讯控股,2020-02-11,358.950596439,362.638018039,364.481728839,357.659998879,42.273,0.00243,25149473,9473537305.0,2.1819405003188725,354.894432679
HK.00700,腾讯控股,2020-02-12,363.559873439,364.481728839,366.878552879,361.900533719,42.48,0.00185,19203295,7282363709.0,0.5084163017352944,362.638018039
HK.00700,腾讯控股,2020-02-13,369.091005839,369.459747999,369.644119079,366.509810719,43.038,0.00187,19377191,7417627167.0,1.3657801656770785,364.481728839
HK.00700,腾讯控股,2020-02-14,368.169150439,368.169150439,372.778427439,366.694181799,42.894,0.00145,15064515,5789567873.0,-0.3493202079495474,369.459747999
HK.00700,腾讯控股,2020-02-17,364.112986679,369.644119079,372.594056359,363.744244519,43.059,0.00112,11584829,4452365366.0,0.4006225503253743,368.169150439
HK.00700,腾讯控股,2020-02-18,366.325439639,361.900533719,367.616037199,361.163049399,42.191,0.00136,14137984,5346215879.0,-2.09487584417515,369.644119079
HK.00700,腾讯控股,2020-02-19,363.559873439,364.850470999,367.800408279,362.269275879,42.521,0.00131,13560700,5140487520.0,0.8151237716301545,361.900533719
HK.00700,腾讯控股,2020-02-20,369.091005839,363.559873439,369.091005839,359.503709679,42.377,0.00174,17988343,6798445457.0,-0.3537332859859506,364.850470999
HK.00700,腾讯控股,2020-02-21,359.872451839,355.263174839,362.084904799,354.341319439,41.447,0.00183,18924922,7033970047.0,-2.2820721444089944,363.559873439
HK.00700,腾讯控股,2020-02-24,348.072702719,345.491507599,350.469526759,345.122765439,40.351,0.00243,25147571,9095302950.0,-2.750543240072201,355.263174839
HK.00700,腾讯控股,2020-02-25,345.860249759,355.816288079,356.922514559,345.491507599,41.509,0.00252,26122338,9589497268.0,2.988432494839679,345.491507599
HK.00700,腾讯控股,2020-02-26,352.128866479,353.972577279,357.844369959,350.285155679,41.302,0.00192,19879539,7314707958.0,-0.5181636877709902,355.816288079
HK.00700,腾讯控股,2020-02-27,353.419464039,353.603835119,355.816288079,349.178929199,41.26,0.00201,20804210,7618588228.0,-0.1041725217344645,353.972577279
HK.00700,腾讯控股,2020-02-28,346.413362999,341.435343839,346.782105159,339.960375199,39.896,0.00334,34620880,12365897994.0,-3.441278083396605,353.603835119
HK.00700,腾讯控股,2020-03-02,340.144746279,344.754023279,349.363300279,340.144746279,40.268,0.00242,25046863,9009748775.0,0.971978882644594,341.435343839
HK.00700,腾讯控股,2020-03-03,347.888331639,348.810187039,353.235092959,347.888331639,40.723,0.00228,23657688,8631161979.0,1.1765384842854931,344.754023279
HK.00700,腾讯控股,2020-03-04,350.653897839,348.810187039,350.653897839,345.860249759,40.723,0.00205,21215897,7691008421.0,0.0,348.810187039
HK.00700,腾讯控股,2020-03-05,352.497608639,360.056822919,360.609936159,348.810187039,41.984,0.00283,29338807,10871236353.0,3.2242853844009183,348.810187039
HK.00700,腾讯控股,2020-03-06,352.497608639,350.469526759,354.525690519,349.732042439,40.909,0.00318,32962407,12051591766.0,-2.6627175350477374,360.056822919
HK.00700,腾讯控股,2020-03-09,335.904211439,333.507387399,340.513488439,330.004336879,39.007,0.00378,39186045,13746137626.0,-4.839832871308105,350.469526759
HK.00700,腾讯控股,2020-03-10,337.747922239,338.669777639,344.569652199,332.216789839,39.586,0.00334,34608417,12221834624.0,1.5479088125337028,333.507387399
HK.00700,腾讯控股,2020-03-11,338.669777639,334.429242799,340.144746279,333.138645239,39.111,0.00214,22181589,7787449263.0,-1.2521149272788503,338.669777639
HK.00700,腾讯控股,2020-03-12,324.841946639,320.785782879,326.132544199,319.126443159,37.581,0.00398,41266569,13877578726.0,-4.079625276130546,334.429242799
HK.00700,腾讯控股,2020-03-13,295.342573839,322.076380439,324.841946639,295.342573839,37.726,0.00601,62258208,20244342615.0,0.4023238026377223,320.785782879
HK.00700,腾讯控股,2020-03-16,313.779681839,300.689335159,315.439021559,296.264429239,35.328,0.0052,53921332,17245386881.0,-6.640364391467886,322.076380439
HK.00700,腾讯控股,2020-03-17,300.689335159,308.064178359,312.673455359,297.186284639,36.155,0.00441,45722331,14641994996.0,2.4526454176036143,300.689335159
HK.00700,腾讯控股,2020-03-18,301.795561639,293.498863039,313.042197519,289.811441439,34.521,0.00465,48160495,15183693783.0,-4.728013298263585,308.064178359
HK.00700,腾讯控股,2020-03-19,301.795561639,301.795561639,308.801662679,285.386535519,31.812,0.00625,64815143,20218287332.0,2.826824783609997,293.498863039
HK.00700,腾讯控股,2020-03-20,312.857826439,317.098361279,321.523267199,307.511065119,33.351,0.00547,56732403,18730755857.0,5.0705847219532005,301.795561639
HK.00700,腾讯控股,2020-03-23,299.214366519,306.404838639,316.913990199,299.214366519,32.276,0.00405,41974272,13587732330.0,-3.372304605065838,317.098361279
HK.00700,腾讯控股,2020-03-24,318.388958839,322.260751519,324.657575559,315.623392639,33.871,0.00383,39717149,13314342718.0,5.174824572101853,306.404838639
HK.00700,腾讯控股,2020-03-25,331.294934439,335.904211439,337.379180079,329.819965799,35.243,0.00379,39297766,13664404508.0,4.233670980934083,322.260751519
HK.00700,腾讯控股,2020-03-26,341.435343839,337.563551159,341.435343839,332.216789839,35.41,0.00307,31804220,11192997545.0,0.4939919368356376,335.904211439
HK.00700,腾讯控股,2020-03-27,345.122765439,338.116664399,345.122765439,337.563551159,35.466,0.00301,31174843,11039662387.0,0.1638545506767368,337.563551159
HK.00700,腾讯控股,2020-03-30,328.344997159,332.769903079,335.904211439,328.160626079,34.928,0.00229,23689974,8188543442.0,-1.58133623183105,338.116664399
HK.00700,腾讯控股,2020-03-31,340.697859519,336.088582519,341.435343839,327.423141759,35.262,0.00232,24083282,8409876384.0,0.9972895412996902,332.769903079
HK.00700,腾讯控股,2020-04-01,339.222890879,330.741821199,339.222890879,328.898110399,34.724,0.00247,25623621,8917624899.0,-1.5908785951387436,336.088582519
HK.00700,腾讯控股,2020-04-02,326.685657439,335.719840359,335.719840359,326.316915279,35.225,0.00127,13153830,4549654341.0,1.5051072591768824,330.741821199
HK.00700,腾讯控股,2020-04-03,328.529368239,332.585531999,332.585531999,328.529368239,34.91,0.00149,15484207,5344489689.0,-0.933608319558452,335.719840359
HK.00700,腾讯控股,2020-04-06,335.904211439,337.194808999,339.591633039,332.769903079,35.373,0.00145,15044715,5273704741.0,1.385892216145416,332.585531999
HK.00700,腾讯控股,2020-04-07,342.910312479,342.910312479,342.910312479,337.747922239,35.948,0.00198,20520629,7290528068.0,1.6950152634221016,337.194808999
HK.00700,腾讯控股,2020-04-08,343.094683559,340.513488439,343.094683559,338.301035479,35.707,0.00159,16468251,5841274633.0,-0.6989652841504425,342.910312479
HK.00700,腾讯控股,2020-04-09,345.122765439,346.413362999,346.413362999,341.988457079,36.301,0.00164,17026516,6107483936.0,1.7326404857107185,340.513488439
HK.00700,腾讯控股,2020-04-14,350.653897839,349.732042439,352.128866479,347.335218399,36.635,0.00274,28419816,10360211962.0,0.9580113801815324,346.413362999
HK.00700,腾讯控股,2020-04-15,354.894432679,349.732042439,354.894432679,349.732042439,36.635,0.00215,22245761,8148899389.0,0.0,349.732042439
HK.00700,腾讯控股,2020-04-16,353.419464039,360.609936159,360.609936159,349.732042439,37.729,0.00302,31296659,11614129061.0,3.1103508972579452,349.732042439
HK.00700,腾讯控股,2020-04-17,370.012861239,363.191131279,372.409685279,360.056822919,37.989,0.0031,32138306,12232207920.0,0.7157859119172797,360.609936159
HK.00700,腾讯控股,2020-04-20,363.191131279,362.269275879,364.481728839,360.425565079,37.896,0.00161,16637472,6271264956.0,-0.2538210106490208,363.191131279
HK.00700,腾讯控股,2020-04-21,363.928615599,354.894432679,363.928615599,351.207011079,37.154,0.00218,22590501,8369321431.0,-2.035735208873546,362.269275879
HK.00700,腾讯控股,2020-04-22,351.575753239,363.006760199,363.375502359,350.653897839,37.97,0.0018,18608365,6935650659.0,2.285842428905489,354.894432679
HK.00700,腾讯控股,2020-04-23,363.559873439,365.034842079,368.169150439,361.163049399,38.174,0.00186,19316669,7326114042.0,0.5586898378664379,363.006760199
HK.00700,腾讯控股,2020-04-24,358.950596439,360.241193999,363.928615599,358.397483199,37.692,0.00131,13561241,5098214761.0,-1.3132028857022198,365.034842079
HK.00700,腾讯控股,2020-04-27,366.141068559,366.325439639,368.169150439,363.744244519,38.304,0.00164,16994263,6478894874.0,1.6889366739154477,360.241193999
HK.00700,腾讯控股,2020-04-28,368.169150439,370.197232319,370.197232319,365.772326399,38.694,0.00137,14225751,5447427087.0,1.0569270547564225,366.325439639
HK.00700,腾讯控股,2020-04-29,370.934716639,370.012861239,371.856572039,366.878552879,38.675,0.00139,14399230,5526382707.0,-0.0498034733660926,370.197232319
HK.00700,腾讯控股,2020-05-04,362.453646959,354.341319439,362.453646959,354.341319439,37.098,0.00258,26726887,9942441857.0,-4.2354046147269955,370.012861239
HK.00700,腾讯控股,2020-05-05,355.447545919,359.872451839,361.347420479,354.894432679,37.655,0.00132,13649733,5093289456.0,1.5609617328165355,354.341319439
HK.00700,腾讯控股,2020-05-06,360.425565079,363.559873439,365.587955319,359.688080759,38.026,0.00207,21476090,8105124822.0,1.0246468106010165,359.872451839
HK.00700,腾讯控股,2020-05-07,365.034842079,360.978678319,365.034842079,360.978678319,37.766,0.00129,13340767,5034932378.0,-0.7099780004828021,363.559873439
HK.00700,腾讯控股,2020-05-08,365.956697479,371.119087719,371.119087719,365.034842079,38.786,0.0023,23885819,9161298207.0,2.8091435890955427,360.978678319
HK.00700,腾讯控股,2020-05-11,377.387704439,386.606258439,386.606258439,376.097106879,40.345,0.0035,36293552,14343128850.0,4.1731000189692224,371.119087719
HK.00700,腾讯控股,2020-05-12,380.337641719,382.918836839,386.421887359,378.125188759,39.974,0.00231,23905808,9487820717.0,-0.9537925265071224,386.606258439
HK.00700,腾讯控股,2020-05-13,380.337641719,381.628239279,389.556195719,378.493930919,39.844,0.00254,26333627,10519762630.0,-0.3370420663172071,382.918836839
HK.00700,腾讯控股,2020-05-14,394.902957039,382.550094679,397.668523239,378.862673079,39.936,0.00345,35721424,14344839248.0,0.241558486798987,381.628239279
HK.00700,腾讯控股,2020-05-15,383.10320792,374.9908804,388.26559816,373.88465392,39.065,0.00257,26675489,10495191713.0,-1.9760063803782308,382.550094679
HK.00700,腾讯控股,2020-05-18,372.96279852,376.65022012,378.86267308,370.93471664,39.232,0.00215,22330033,8666976060.0,0.4425013531609051,374.9908804
HK.00700,腾讯控股,2020-05-19,383.287579,383.10320792,385.86877412,379.04704416,39.881,0.00208,21521476,8511587771.0,1.71325740841041,376.65022012
HK.00700,腾讯控股,2020-05-20,387.34374276,392.32176192,392.32176192,384.94691872,40.808,0.00222,23046395,9257707936.0,2.4062847320049094,383.10320792
HK.00700,腾讯控股,2020-05-21,389.00308248,386.23751628,390.29368004,384.39380548,40.196,0.00197,20371430,8161588979.0,-1.5508305249813326,392.32176192
HK.00700,腾讯控股,2020-05-22,380.33764172,366.87855288,380.33764172,364.66609992,38.248,0.00396,41079968,15776750985.0,-5.012191354805086,386.23751628
HK.00700,腾讯控股,2020-05-25,364.66609992,370.75034556,371.67220096,360.97867832,38.638,0.00209,21641601,8230189966.0,1.055333610974653,366.87855288
HK.00700,腾讯控股,2020-05-26,376.09710688,378.86267308,381.62823928,373.1471696,39.454,0.00167,17354321,6790586226.0,2.1880836031984496,370.75034556
HK.00700,腾讯控股,2020-05-27,376.8345912,373.88465392,376.8345912,368.5378926,38.953,0.00218,22598278,8716093069.0,-1.3139376121513096,378.86267308
HK.00700,腾讯控股,2020-05-28,374.80650932,363.0067602,374.80650932,359.3193386,37.859,0.00303,31393671,11903950989.0,-2.9094250341517283,373.88465392
HK.00700,腾讯控股,2020-05-29,360.79430724,365.03484208,367.80040828,359.13496752,38.063,0.00306,31759822,11994649488.0,0.5586898378648989,363.0067602
HK.00700,腾讯控股,2020-06-01,373.33154068,382.18135252,382.91883684,373.1471696,39.788,0.00241,24941612,9774167719.0,4.697225706537422,365.03484208
HK.00700,腾讯控股,2020-06-02,388.63434032,383.47195008,388.63434032,382.3657236,39.918,0.00187,19358982,7721343099.0,0.3376924466591922,382.18135252
HK.00700,腾讯控股,2020-06-03,388.63434032,385.50003196,389.92493788,379.6001574,40.122,0.0021,21726959,8639848007.0,0.5288735928604174,383.47195008
HK.00700,腾讯控股,2020-06-04,387.71248492,387.71248492,387.71248492,381.81261036,40.345,0.00193,20040158,7986632322.0,0.5739177111740354,385.50003196
HK.00700,腾讯控股,2020-06-05,386.79062952,386.9750006,386.9750006,379.96889956,40.27,0.00278,28778366,11462465843.0,-0.19021423056629,387.71248492
HK.00700,腾讯控股,2020-06-08,387.71248492,383.10320792,388.44996924,380.33764172,39.881,0.00206,21391222,8487280718.0,-1.0005278568374782,386.9750006
HK.00700,腾讯控股,2020-06-09,384.94691872,386.60625844,387.71248492,381.4438682,40.233,0.00194,20064757,8011913241.0,0.9143881981618642,383.10320792
HK.00700,腾讯控股,2020-06-10,389.55619572,398.0372654,399.14349188,388.44996924,41.383,0.00355,36818803,15029570324.0,2.9567568321644493,386.60625844
HK.00700,腾讯控股,2020-06-11,402.27780024,394.53421488,406.51833508,394.16547272,41.031,0.00282,29209503,12111817089.0,-0.8800810437886313,398.0372654
HK.00700,腾讯控股,2020-06-12,387.34374276,393.24361732,396.37792568,385.86877412,40.901,0.00183,18940658,7686142015.0,-0.3271192994991636,394.53421488
HK.00700,腾讯控股,2020-06-15,387.71248492,386.42188736,396.37792568,385.1312898,40.215,0.00168,17366763,6995208111.0,-1.7347338035619844,393.24361732
HK.00700,腾讯控股,2020-06-16,400.98720268,400.43408944,404.12151104,397.29978108,41.624,0.00235,24353847,10078558736.0,3.6261408937599446,386.42188736
HK.00700,腾讯控股,2020-06-17,403.19965564,402.09342916,404.85899536,396.93103892,41.791,0.00147,15271150,6332609985.0,0.4143852293696087,400.43408944
HK.00700,腾讯控股,2020-06-18,403.75276888,408.91515912,408.91515912,397.11541,42.478,0.00195,20206387,8447912791.0,1.696553453820675,402.09342916
HK.00700,腾讯控股,2020-06-19,408.91515912,411.12761208,415.92126016,407.44019048,42.7,0.00265,27479195,11707647549.0,0.5410542775575464,408.91515912
HK.00700,腾讯控股,2020-06-22,410.75886992,423.8492166,424.21795876,410.0213856,43.98,0.00272,28164222,12189885054.0,3.094320144452986,411.12761208
HK.00700,腾讯控股,2020-06-23,429.19597792,445.23626188,446.34248836,424.771072,46.132,0.00328,33983977,15365544915.0,5.045908885136298,423.8492166
HK.00700,腾讯控股,2020-06-24,449.47679672,439.15201624,452.24236292,439.15201624,45.52,0.00241,25018531,11485183999.0,-1.3665206904553011,445.23626188
HK.00700,腾讯控股,2020-06-26,435.09585248,433.80525492,441.18009812,432.51465736,44.982,0.00187,19393779,8709012767.0,-1.2175194744131594,439.15201624
HK.00700,腾讯控股,2020-06-29,430.11783332,434.72711032,441.91758244,430.11783332,45.075,0.00231,23950584,10776246488.0,0.2125044336242608,433.80525492
HK.00700,腾讯控股,2020-06-30,436.7551922,446.34248836,447.63308592,436.7551922,46.243,0.00232,24021617,11015961742.0,2.67187800444513,434.72711032
HK.00700,腾讯控股,2020-07-02,450.39865212,464.68741082,465.14833852,450.39865212,48.089,0.00333,34478877,16271344349.0,4.110055156838177,446.34248836
HK.00700,腾讯控股,2020-07-03,466.07019392,470.21854322,474.36689252,458.23442302,48.645,0.0022,22780965,10923179893.0,1.1902909937326691,464.68741082
HK.00700,腾讯控股,2020-07-06,469.75761552,466.07019392,474.36689252,462.38277232,48.228,0.00243,25231388,12159008611.0,-0.8822172923238223,470.21854322
HK.00700,腾讯控股,2020-07-07,465.14833852,462.38277232,476.21060332,458.69535072,47.866,0.00264,27361815,13132485824.0,-0.7911730138728699,466.07019392
HK.00700,腾讯控股,2020-07-08,461.92184462,487.27286812,490.49936202,461.92184462,50.371,0.00289,29952622,14802662425.0,5.383006740306138,462.38277232
HK.00700,腾讯控股,2020-07-09,489.11657892,505.70997612,506.63183152,488.19472352,52.226,0.00273,28275441,14446319717.0,3.78373375704956,487.27286812
HK.00700,腾讯控股,2020-07-10,492.80400052,490.49936202,504.78812072,490.03843432,50.695,0.00246,25448214,12954539466.0,-3.0077741824872986,505.70997612
HK.00700,腾讯控股,2020-07-13,484.96822962,485.42915732,499.25698832,484.50730192,50.185,0.0021,21734358,10944033525.0,-1.0336822211387997,490.49936202
HK.00700,腾讯控股,2020-07-14,474.36689252,470.67947092,480.35895262,463.76555542,48.701,0.0027,28032337,13578299530.0,-3.0384838194374932,485.42915732
HK.00700,腾讯控股,2020-07-15,483.12451882,487.27286812,487.27286812,475.74967562,50.371,0.00232,24048433,11933986043.0,3.5254134129891335,470.67947092
HK.00700,腾讯控股,2020-07-16,483.58544652,459.61720612,486.35101272,457.77349532,47.588,0.00283,29339835,14140916850.0,-5.675600635574334,487.27286812
HK.00700,腾讯控股,2020-07-17,465.14833852,466.99204932,475.28874792,463.30462772,48.33,0.00184,19053281,9195983964.0,1.6045620359292017,459.61720612
HK.00700,腾讯控股,2020-07-20,466.99204932,468.37483242,472.98410942,459.61720612,48.469,0.00136,14087769,6774535104.0,0.296104206059514,466.99204932
HK.00700,腾讯控股,2020-07-21,492.34307282,506.63183152,506.63183152,488.19472352,52.319,0.00305,31566849,16111805417.0,8.16803048582556,468.37483242
HK.00700,腾讯控股,2020-07-22,496.49142212,483.58544652,505.70997612,482.20266342,50.0,0.00219,22705358,11556316123.0,-4.548941374420963,506.63183152
HK.00700,腾讯控股,2020-07-23,490.03843432,500.17884372,500.63977142,487.27286812,51.669,0.002,20706040,10512026393.0,3.4313268357040405,483.58544652
HK.00700,腾讯控股,2020-07-24,486.35101272,473.44503712,490.96028972,470.67947092,48.979,0.00294,30520003,14985766691.0,-5.344849534452833,500.17884372
HK.00700,腾讯控股,2020-07-27,475.28874792,466.07019392,482.66359112,461.46091692,48.237,0.00196,20271472,9811576341.0,-1.557697857572166,473.44503712
HK.00700,腾讯控股,2020-07-28,479.89802492,487.73379582,488.65565122,474.36689252,50.417,0.00225,23360010,11594077372.0,4.6481414565031205,466.07019392
HK.00700,腾讯控股,2020-07-29,481.28080802,485.89008502,486.81194042,478.05431412,50.231,0.00131,13541429,6720889396.0,-0.3780157979211317,487.73379582
HK.00700,腾讯控股,2020-07-30,490.96028972,479.89802492,493.26492822,477.13245872,49.628,0.00143,14864452,7422271205.0,-1.2332130835214223,485.89008502
HK.00700,腾讯控股,2020-07-31,484.50730192,478.97616952,493.72585592,478.97616952,49.674,0.00164,16957722,8458738568.0,-0.1920940183393548,479.89802492
HK.00700,腾讯控股,2020-08-03,480.81988032,483.58544652,485.89008502,473.44503712,50.139,0.00189,19608280,9663103182.0,0.9623186482574174,478.97616952
HK.00700,腾讯控股,2020-08-04,490.03843432,493.72585592,499.71791602,484.50730192,51.162,0.00211,21891926,11061979003.0,2.096921955152475,483.58544652
HK.00700,腾讯控股,2020-08-05,500.63977142,503.86626532,503.86626532,494.64771132,52.186,0.00166,17231527,8854658089.0,2.0538542347766153,493.72585592
HK.00700,腾讯控股,2020-08-06,503.40533762,498.79606062,506.63183152,487.73379582,51.674,0.00215,22312276,11343525304.0,-1.0062600036896696,503.86626532
HK.00700,腾讯控股,2020-08-07,502.02255452,472.98410942,502.02255452,447.07997268,49.069,0.00648,67382680,32619798173.0,-5.174850652973469,498.79606062
HK.00700,腾讯控股,2020-08-10,456.85163992,449.47679672,464.22648312,448.55494132,46.697,0.00507,52702278,24704120845.0,-4.9700005204880995,472.98410942
HK.00700,腾讯控股,2020-08-11,457.77349532,460.07813382,471.60132632,456.85163992,47.767,0.00266,27659995,13166764987.0,2.358594965827366,449.47679672
HK.00700,腾讯控股,2020-08-12,458.69535072,466.53112162,468.83576012,451.32050752,48.418,0.00198,20550894,9757001343.0,1.4025851970884298,460.07813382
HK.00700,腾讯控股,2020-08-13,473.44503712,456.85163992,476.21060332,456.85163992,47.441,0.00284,29564977,14087534293.0,-2.0747772766774064,466.53112162
HK.00700,腾讯控股,2020-08-14,449.93772442,453.62514602,460.53906152,449.01586902,47.116,0.00188,19516520,9138505853.0,-0.7062454455816406,456.85163992
HK.00700,腾讯控股,2020-08-17,455.46885682,451.78143522,461.46091692,449.47679672,46.93,0.00154,16044670,7518269981.0,-0.406439284985914,453.62514602
HK.00700,腾讯控股,2020-08-18,461.46091692,458.69535072,462.84370002,455.92978452,47.627,0.0014,14522101,6858288302.0,1.530367332742042,451.78143522
HK.00700,腾讯控股,2020-08-19,462.38277232,453.16421832,466.07019392,453.16421832,47.069,0.00116,12036884,5644803112.0,-1.2058400834710876,458.69535072
HK.00700,腾讯控股,2020-08-20,455.00792912,455.00792912,455.92978452,449.47679672,47.255,0.0015,15594197,7257117089.0,0.4068526872741899,453.16421832
HK.00700,腾讯控股,2020-08-21,462.84370002,464.22648312,470.21854322,458.69535072,48.186,0.0019,19791663,9470727272.0,2.026020517450986,455.00792912
HK.00700,腾讯控股,2020-08-24,482.20266342,491.88214512,491.88214512,479.89802492,50.976,0.00286,29733635,14801866053.0,5.957364132724666,464.22648312
HK.00700,腾讯控股,2020-08-25,491.88214512,488.65565122,492.80400052,481.74173572,50.651,0.00188,19540321,9792212919.0,-0.6559485706099168,491.88214512
HK.00700,腾讯控股,2020-08-26,496.95234982,495.10863902,498.33513292,490.03843432,51.302,0.00163,16958650,8608606822.0,1.320559331277392,488.65565122
HK.00700,腾讯控股,2020-08-27,497.41327752,501.10069912,502.94440992,490.96028972,51.906,0.00178,18476010,9465271354.0,1.2102515746565174,495.10863902
HK.00700,腾讯控股,2020-08-28,497.41327752,484.96822962,501.10069912,484.96822962,50.279,0.00235,24448216,12345301720.0,-3.2194067037485263,501.10069912
HK.00700,腾讯控股,2020-08-31,497.87420522,475.74967562,497.87420522,475.74967562,49.348,0.00225,23436899,11725601158.0,-1.900857300945928,484.96822962
HK.00700,腾讯控股,2020-09-01,482.20266342,483.58544652,490.96028972,476.21060332,50.139,0.00206,21443001,10678566661.0,1.6470365197387415,475.74967562
HK.00700,腾讯控股,2020-09-02,498.33513292,489.11657892,498.33513292,487.73379582,50.697,0.00152,15799961,7978062450.0,1.1437756119013467,483.58544652
HK.00700,腾讯控股,2020-09-03,490.03843432,478.97616952,492.34307282,478.05431412,49.674,0.00178,18526434,9211927627.0,-2.0732090951385596,489.11657892
HK.00700,腾讯控股,2020-09-04,463.30462772,464.22648312,470.21854322,459.61720612,48.186,0.00345,35876448,17181207168.0,-3.079419674423717,478.97616952
HK.00700,腾讯控股,2020-09-07,462.38277232,457.77349532,470.21854322,456.85163992,47.539,0.00188,19569035,9289086587.0,-1.390051630969092,464.22648312
HK.00700,腾讯控股,2020-09-08,463.30462772,455.46885682,466.07019392,449.47679672,47.306,0.00193,20087387,9409542611.0,-0.5034451586999342,457.77349532
HK.00700,腾讯控股,2020-09-09,449.47679672,451.32050752,455.46885682,449.01586902,46.888,0.00185,19265035,8969361973.0,-0.9107865966869876,455.46885682
HK.00700,腾讯控股,2020-09-10,460.53906152,453.16421832,464.68741082,453.16421832,47.074,0.00143,14842117,7018636646.0,0.4085147404737184,451.32050752
HK.00700,腾讯控股,2020-09-11,455.92978452,462.38277232,464.68741082,453.62514602,48.004,0.00133,13818791,6535474684.0,2.034263436370962,453.16421832
HK.00700,腾讯控股,2020-09-14,467.45297702,474.82782022,482.20266342,464.68741082,49.26,0.00201,20916097,10239694065.0,2.691503370153063,462.38277232
HK.00700,腾讯控股,2020-09-15,480.35895262,474.82782022,483.12451882,472.98410942,49.26,0.00118,12278879,6031387509.0,0.0,474.82782022
HK.00700,腾讯控股,2020-09-16,482.66359112,479.43709722,482.66359112,475.74967562,49.725,0.00106,11049694,5447963293.0,0.9707259776532098,474.82782022
HK.00700,腾讯控股,2020-09-17,479.89802492,472.52318172,480.81988032,467.91390472,49.027,0.00123,12772089,6200838665.0,-1.4420902220729437,479.43709722
HK.00700,腾讯控股,2020-09-18,466.07019392,470.67947092,470.67947092,457.31256762,48.841,0.00226,23536672,11290861432.0,-0.3901842007600195,472.52318172
HK.00700,腾讯控股,2020-09-21,467.91390472,462.84370002,472.98410942,458.69535072,48.05,0.0011,11402482,5453114493.0,-1.6647785561337607,470.67947092
HK.00700,腾讯控股,2020-09-22,459.61720612,458.23442302,464.68741082,456.85163992,47.585,0.00131,13609903,6435265926.0,-0.9958603735560942,462.84370002
HK.00700,腾讯控股,2020-09-23,458.69535072,460.53906152,467.45297702,456.85163992,47.818,0.00131,13578790,6456682503.0,0.5029387545377451,458.23442302
HK.00700,腾讯控股,2020-09-24,456.85163992,452.24236292,458.69535072,452.24236292,46.981,0.0015,15563150,7274710897.0,-1.801518979219032,460.53906152
HK.00700,腾讯控股,2020-09-25,456.85163992,450.85957982,458.23442302,449.47679672,46.841,0.00138,14348379,6698534816.0,-0.305761514925702,452.24236292
HK.00700,腾讯控股,2020-09-28,452.24236292,453.16421832,456.39071222,450.85957982,47.074,0.00114,11867332,5536419227.0,0.5111654721676427,450.85957982
HK.00700,腾讯控股,2020-09-29,461.46091692,452.70329062,461.92184462,452.70329062,47.027,0.00119,12400337,5847157617.0,-0.101713171818538,453.16421832
HK.00700,腾讯控股,2020-09-30,459.15627842,458.23442302,466.07019392,455.92978452,47.585,0.00107,11113591,5261135521.0,1.2218007941636178,452.70329062
HK.00700,腾讯控股,2020-10-05,475.28874792,470.67947092,475.28874792,467.45297702,48.841,0.0019,19784600,9573793069.0,2.715869274503816,458.23442302
HK.00700,腾讯控股,2020-10-06,472.98410942,472.98410942,474.82782022,471.14039862,49.074,0.00082,8516091,4139145028.0,0.4896407518040373,470.67947092
HK.00700,腾讯控股,2020-10-07,475.28874792,479.89802492,480.81988032,472.06225402,49.772,0.0012,12498393,6138778645.0,1.4617648589670944,472.98410942
HK.00700,腾讯控股,2020-10-08,482.66359112,479.89802492,482.66359112,476.67153102,49.772,0.00085,8817992,4342355938.0,0.0,479.89802492
HK.00700,腾讯控股,2020-10-09,482.20266342,484.04637422,489.11657892,479.89802492,50.2,0.00159,16480316,8213727329.0,0.8644230825270733,479.89802492
HK.00700,腾讯控股,2020-10-12,489.11657892,500.17884372,500.17884372,487.73379582,51.828,0.00197,20502527,10446612544.0,3.3328355213890557,484.04637422
HK.00700,腾讯控股,2020-10-14,510.31925312,515.38945782,515.85038552,503.40533762,53.363,0.0027,28099775,14737446123.0,3.0410350799473007,500.17884372
HK.00700,腾讯控股,2020-10-15,512.16296392,495.56956672,512.16296392,492.34307282,51.363,0.00162,16837405,8662202914.0,-3.845614379431497,515.38945782
HK.00700,腾讯控股,2020-10-16,502.02255452,500.17884372,506.17090382,495.56956672,51.828,0.00108,11200165,5758463088.0,0.930096864201557,495.56956672
HK.00700,腾讯控股,2020-10-19,504.78812072,504.32719302,510.78018082,501.56162682,52.247,0.00102,10600165,5488767433.0,0.8293732036219933,500.17884372
HK.00700,腾讯控股,2020-10-20,508.93647002,507.09275922,508.93647002,501.56162682,52.526,0.00104,10789496,5593221463.0,0.5483674563410564,504.32719302
HK.00700,腾讯控股,2020-10-21,510.78018082,508.93647002,514.92853012,504.78812072,52.712,0.00127,13248877,6924287609.0,0.3635845250158878,507.09275922
HK.00700,腾讯控股,2020-10-22,508.47554232,506.17090382,509.85832542,496.49142212,52.433,0.00132,13724867,7105149067.0,-0.5434010653414841,508.93647002
HK.00700,腾讯控股,2020-10-23,503.40533762,504.32719302,507.09275922,500.17884372,52.247,0.00079,8194061,4239428219.0,-0.364246697328071,506.17090382
HK.00700,腾讯控股,2020-10-27,507.55368692,525.99079492,529.21728882,503.40533762,54.433,0.00293,30502890,16298074592.0,4.295545074671573,504.32719302
HK.00700,腾讯控股,2020-10-28,528.29543342,540.74048132,543.50604752,525.06893952,55.922,0.0026,27029773,14871901995.0,2.804171963169681,525.99079492
HK.00700,腾讯控股,2020-10-29,529.67821652,544.42790292,552.72460152,528.29543342,56.294,0.0024,25004430,13855721752.0,0.6819207600286629,540.74048132
HK.00700,腾讯控股,2020-10-30,537.05305972,531.52192732,549.03717992,525.52986722,54.992,0.0026,26994515,14821385466.0,-2.370557337487599,544.42790292
HK.00700,腾讯控股,2020-11-02,533.36563812,541.20140902,543.04511982,527.37357802,55.969,0.00162,16822054,9232586716.0,1.821087936824197,531.52192732
HK.00700,腾讯控股,2020-11-03,537.05305972,537.97491512,543.04511982,535.20934892,55.643,0.00177,18416501,10177617427.0,-0.5961724870307575,541.20140902
HK.00700,腾讯控股,2020-11-04,515.85038552,529.21728882,539.35769822,515.38945782,54.759,0.00297,30877281,16719223890.0,-1.6278874820857596,537.97491512
HK.00700,腾讯控股,2020-11-05,549.03717992,562.86501092,562.86501092,548.11532452,58.155,0.00271,28159170,16058050391.0,6.358016416097177,529.21728882
HK.00700,腾讯控股,2020-11-06,564.24779402,553.18552922,564.70872172,545.34975832,57.178,0.00223,23160091,13110895068.0,-1.7196808314979346,562.86501092
HK.00700,腾讯控股,2020-11-09,567.93521562,560.56037242,570.23985412,558.25573392,57.923,0.00181,18813259,10871353656.0,1.3331590959001816,553.18552922
HK.00700,腾讯控股,2020-11-10,547.19346912,535.20934892,549.95903532,525.99079492,55.364,0.00377,39182153,21683310107.0,-4.522443031525199,560.56037242
HK.00700,腾讯控股,2020-11-11,503.86626532,494.64771132,525.99079492,494.64771132,51.27,0.00689,71667417,37359629198.0,-7.578648930899553,535.20934892
HK.00700,腾讯控股,2020-11-12,512.16296392,518.61595172,526.91265032,512.16296392,53.689,0.00337,35048259,18678261259.0,4.845517294730666,494.64771132
HK.00700,腾讯控股,2020-11-13,530.60007192,541.66233672,541.66233672,522.30337332,56.015,0.00297,30867547,16890154066.0,4.443824938968074,518.61595172
HK.00700,腾讯控股,2020-11-16,539.81862592,537.05305972,542.58419212,526.45172262,55.55,0.00202,21033484,11525779748.0,-0.8509502484354345,541.66233672
HK.00700,腾讯控股,2020-11-17,536.13120432,522.76430102,536.13120432,522.76430102,54.108,0.00202,21014251,11361988931.0,-2.6605860336127045,537.05305972
HK.00700,腾讯控股,2020-11-18,526.91265032,529.67821652,531.52192732,521.38151792,54.805,0.00141,14626076,7889781923.0,1.3225684092256935,522.76430102
HK.00700,腾讯控股,2020-11-19,526.91265032,514.92853012,527.83450572,514.92853012,53.317,0.00164,17038022,9112478212.0,-2.784650366954074,529.67821652
HK.00700,腾讯控股,2020-11-20,519.53780712,528.75636112,532.44378272,517.23316862,54.712,0.00173,17972477,9701020112.0,2.6853883968669363,514.92853012
HK.00700,腾讯控股,2020-11-23,538.89677052,526.91265032,539.81862592,526.91265032,54.526,0.00218,22671118,12361111581.0,-0.3486881549934705,528.75636112
HK.00700,腾讯控股,2020-11-24,527.83450572,525.06893952,530.60007192,520.45966252,54.34,0.00166,17250864,9294297631.0,-0.3499082435922438,526.91265032
HK.00700,腾讯控股,2020-11-25,530.13914422,514.92853012,534.28749352,513.08481932,53.317,0.00215,22351168,11915051671.0,-1.931252953044598,525.06893952
HK.00700,腾讯控股,2020-11-26,519.99873482,526.91265032,526.91265032,516.77224092,54.526,0.00116,12088798,6487044886.0,2.3273366106180218,514.92853012
HK.00700,腾讯控股,2020-11-27,526.91265032,524.14708412,534.74842122,524.14708412,54.247,0.00117,12128885,6572380357.0,-0.5248623653883442,526.91265032
HK.00700,腾讯控股,2020-11-30,523.22522872,505.70997612,525.52986722,505.70997612,52.386,0.00342,35594729,18732935403.0,-3.517544704260716,524.14708412
HK.00700,腾讯控股,2020-12-01,514.92853012,519.53780712,522.30337332,513.54574702,53.782,0.00232,24105591,12733963345.0,2.734340165897537,505.70997612
HK.00700,腾讯控股,2020-12-02,525.52986722,515.85038552,525.52986722,510.31925312,53.41,0.00141,14617349,7749524987.0,-0.7097503876456661,519.53780712
HK.00700,腾讯控股,2020-12-03,525.52986722,529.67821652,529.67821652,520.92059022,54.805,0.00162,16875967,9101743741.0,2.68058944766725,515.85038552
HK.00700,腾讯控股,2020-12-04,529.67821652,529.21728882,533.36563812,527.83450572,54.759,0.0015,15581026,8467054068.0,-0.0870203239673067,529.67821652
HK.00700,腾讯控股,2020-12-07,532.90471042,524.60801182,532.90471042,520.92059022,54.309,0.00127,13161848,7085423980.0,-0.8709611528900276,529.21728882
HK.00700,腾讯控股,2020-12-08,528.75636112,524.14708412,531.06099962,523.68615642,54.262,0.00102,10589813,5724547927.0,-0.08786135354679,524.60801182
HK.00700,腾讯控股,2020-12-09,531.52192732,525.99079492,531.52192732,524.14708412,54.448,0.00103,10724455,5805136553.0,0.3517544704260597,524.14708412
HK.00700,腾讯控股,2020-12-10,521.38151792,519.53780712,523.68615642,519.07687942,53.797,0.00107,11095409,5929666078.0,-1.2268252338867298,525.99079492
HK.00700,腾讯控股,2020-12-11,530.60007192,528.75636112,530.60007192,523.68615642,54.728,0.00126,13061220,7060512655.0,1.7743759691141543,519.53780712
HK.00700,腾讯控股,2020-12-14,526.45172262,513.08481932,526.45172262,512.16296392,53.145,0.00221,22972343,12181587574.0,-2.9638493174445957,528.75636112
HK.00700,腾讯控股,2020-12-15,513.08481932,502.94440992,514.00667472,502.94440992,52.122,0.00243,25302148,13151780706.0,-1.976361221023692,513.08481932
HK.00700,腾讯控股,2020-12-16,506.17090382,513.54574702,513.54574702,496.49142212,53.192,0.00181,18783170,9775393299.0,2.1078546437540298,502.94440992
HK.00700,腾讯控股,2020-12-17,521.38151792,524.14708412,524.14708412,515.85038552,54.262,0.00144,15010215,8013666681.0,2.0643413291838932,513.54574702
HK.00700,腾讯控股,2020-12-18,526.91265032,521.38151792,526.91265032,516.31131322,53.983,0.002,20833846,11117554246.0,-0.5276317056391221,524.14708412
HK.00700,腾讯控股,2020-12-21,521.84244562,514.00667472,521.84244562,513.08481932,53.239,0.00137,14272379,7561030332.0,-1.414481132630323,521.38151792
HK.00700,腾讯控股,2020-12-22,516.31131322,514.46760242,519.53780712,509.85832542,53.285,0.00107,11140316,5878273928.0,0.0896734853202355,514.00667472
HK.00700,腾讯控股,2020-12-23,510.31925312,513.08481932,516.31131322,508.93647002,53.17,0.00119,12357190,6502122430.0,-0.268779432076118,514.46760242
HK.00700,腾讯控股,2020-12-24,512.16296392,499.25698832,513.54574702,499.25698832,51.773,0.00143,14903204,7707672740.0,-2.6950380286686726,513.08481932
HK.00700,腾讯控股,2020-12-28,484.04637422,465.14833852,486.35101272,465.14833852,48.328,0.00631,65693301,32119139344.0,-6.83188229668565,499.25698832
HK.00700,腾讯控股,2020-12-29,475.28874792,475.74967562,483.58544652,471.60132632,49.399,0.00378,39322923,19331590445.0,2.2791303810159045,465.14833852
HK.00700,腾讯控股,2020-12-30,486.35101272,502.48348222,505.70997612,483.58544652,52.099,0.00304,31656764,16171925259.0,5.619301067343938,475.74967562
HK.00700,腾讯控股,2020-12-31,507.55368692,506.63183152,511.24110852,502.48348222,52.518,0.00138,14314727,7457110611.0,0.825569286710156,502.48348222
HK.00700,腾讯控股,2021-01-04,501.10069912,514.46760242,524.14708412,500.63977142,53.31,0.00217,22545944,11968673375.0,1.5466400673031395,506.63183152
HK.00700,腾讯控股,2021-01-05,514.00667472,524.60801182,527.37357802,508.01461462,54.334,0.00195,20250530,10816494310.0,1.9710491685580516,514.46760242
HK.00700,腾讯控股,2021-01-06,525.99079492,536.59213202,538.89677052,525.99079492,55.545,0.00268,27892147,15288562078.0,2.284395192216759,524.60801182
HK.00700,腾讯控股,2021-01-07,521.84244562,510.78018082,525.52986722,510.78018082,52.937,0.00416,43258023,22909263786.0,-4.810348430348945,536.59213202
HK.00700,腾讯控股,2021-01-08,510.78018082,514.92853012,519.53780712,509.85832542,53.356,0.00238,24801928,13114406011.0,0.8121594094235018,510.78018082
HK.00700,腾讯控股,2021-01-11,522.30337332,531.52192732,541.66233672,522.30337332,55.033,0.004,41658456,22778819576.0,3.2224660762403414,514.92853012
HK.00700,腾讯控股,2021-01-12,527.37357802,530.60007192,536.59213202,526.91265032,54.955,0.0021,21880644,11926523174.0,-0.1734369463642143,531.52192732
HK.00700,腾讯控股,2021-01-13,530.13914422,536.13120432,542.12326442,529.21728882,55.514,0.00236,24526156,13511176648.0,1.042429636314484,530.60007192
HK.00700,腾讯控股,2021-01-14,547.19346912,567.01336022,567.01336022,546.27161372,58.634,0.00382,39717710,22750322235.0,5.760186247537894,536.13120432
HK.00700,腾讯控股,2021-01-15,567.01336022,581.30211892,582.22397432,556.41202312,60.078,0.0032,33259081,19497359220.0,2.5200038839395265,567.01336022
HK.00700,腾讯控股,2021-01-18,575.31005882,592.36438372,602.04386542,572.54449262,61.195,0.00349,36342824,21986252025.0,1.903014704393739,581.30211892
HK.00700,腾讯控股,2021-01-19,599.73922692,590.52067292,607.57499782,584.06768512,61.009,0.00316,32892372,20020648289.0,-0.3112460591269155,592.36438372
HK.00700,腾讯控股,2021-01-20,605.27035932,613.10613022,613.56705792,593.28623912,63.291,0.00377,39283320,24314609981.0,3.824668353830798,590.52067292
HK.00700,腾讯控股,2021-01-21,614.02798562,615.87169642,632.00416592,608.03592552,63.571,0.00289,30107377,19133097820.0,0.4510746286303998,613.10613022
HK.00700,腾讯控股,2021-01-22,622.78561192,623.70746732,631.54323822,617.71540722,64.362,0.00316,32900536,20995805041.0,1.272305732760328,615.87169642
HK.00700,腾讯控股,2021-01-25,638.45715372,693.30755002,694.22940542,634.30880442,71.395,0.0049,50943359,34857124493.0,11.15909081529257,623.70746732
HK.00700,腾讯控股,2021-01-26,673.48765892,649.05849082,677.17508052,646.29292462,66.924,0.00521,54204307,36499179797.0,-6.382313188241434,693.30755002
HK.00700,腾讯控股,2021-01-27,646.75385232,633.38694902,658.73797252,630.62138282,65.34,0.0039,40555154,26685279667.0,-2.4145037807303114,649.05849082
HK.00700,腾讯控股,2021-01-28,632.00416592,614.48891332,649.98034622,614.48891332,63.431,0.00389,40450839,25931525968.0,-2.983647788960551,633.38694902
HK.00700,腾讯控股,2021-01-29,627.39488892,614.94984102,647.67570772,614.94984102,63.478,0.00354,36854488,23662535594.0,0.0750099293915046,614.48891332
HK.00700,腾讯控股,2021-02-01,630.16045512,643.06643072,657.35518942,630.16045512,66.318,0.00299,31071498,20413388474.0,4.572176106812837,614.94984102
HK.00700,腾讯控股,2021-02-02,668.87838192,654.58962322,676.25322512,653.66776782,67.483,0.00274,28558775,19399571257.0,1.7919132378125031,643.06643072
HK.00700,腾讯控股,2021-02-03,663.34724952,665.19096032,668.41745422,653.20684012,68.554,0.00177,18419193,12452188597.0,1.619539437220354,654.58962322
HK.00700,腾讯控股,2021-02-04,655.05055092,664.73003262,671.18302042,641.68364762,68.507,0.00246,25643059,17234709092.0,-0.069292538157514,665.19096032
HK.00700,腾讯控股,2021-02-05,676.25322512,662.42539412,684.54992372,661.96446642,68.274,0.00195,20247037,13888078660.0,-0.3467029300476155,664.73003262
HK.00700,腾讯控股,2021-02-08,676.25322512,665.65188802,678.09693592,664.26910492,68.6,0.00154,16074419,10996932191.0,0.4870727977278524,662.42539412
HK.00700,腾讯控股,2021-02-09,673.94858662,669.33930962,676.71415282,666.11281572,68.973,0.00111,11554788,7900954955.0,0.553956454772228,665.65188802
HK.00700,腾讯控股,2021-02-10,686.39363452,688.23734532,696.53404392,679.47971902,70.883,0.00176,18359347,12889470840.0,2.823386498953558,669.33930962
HK.00700,腾讯控股,2021-02-11,690.08105612,684.54992372,690.08105612,677.17508052,70.51,0.00107,11130334,7749504753.0,-0.5357776100170073,688.23734532
HK.00700,腾讯控股,2021-02-16,689.62012842,673.48765892,693.30755002,669.80023732,69.392,0.00246,25578810,17732825028.0,-1.6159909477288712,684.54992372
HK.00700,腾讯控股,2021-02-17,669.80023732,685.01085142,690.08105612,660.12075562,70.557,0.00167,17395912,12044879007.0,1.710973073876151,673.48765892
HK.00700,腾讯控股,2021-02-18,693.76847772,675.79229742,701.60424862,673.48765892,69.625,0.00253,26296908,18435079500.0,-1.3457529878381267,685.01085142
HK.00700,腾讯控股,2021-02-19,675.33136972,669.80023732,675.79229742,655.97240632,69.02,0.00235,24504450,16681618624.0,-0.8866718550767948,675.79229742
HK.00700,腾讯控股,2021-02-22,677.63600822,644.44921382,677.63600822,642.14457532,66.458,0.00285,29610430,19794768584.0,-3.784863320060073,669.80023732
HK.00700,腾讯控股,2021-02-23,629.23859972,638.45715372,652.28498472,629.23859972,65.853,0.00281,29217132,19140483653.0,-0.9297955481211332,644.44921382
HK.00700,腾讯控股,2021-02-24,640.76179222,620.02004572,646.29292462,613.56705792,63.99,0.00433,45110771,28783111045.0,-2.887759639401847,638.45715372
HK.00700,腾讯控股,2021-02-25,632.00416592,624.16839502,647.67570772,624.16839502,64.409,0.0025,26043520,16827614030.0,0.6690669646306002,620.02004572
HK.00700,腾讯控股,2021-02-26,603.42664852,597.43458842,619.55911802,597.43458842,61.708,0.00386,40220085,24917065822.0,-4.283108022338022,624.16839502
HK.00700,腾讯控股,2021-03-01,624.62932272,629.23859972,629.23859972,612.64520252,64.921,0.00282,29374496,18571644069.0,5.323429864365615,597.43458842
HK.00700,腾讯控股,2021-03-02,643.06643072,630.16045512,652.28498472,625.09025042,65.014,0.00241,25036467,16311046904.0,0.1465033137525631,629.23859972
HK.00700,腾讯控股,2021-03-03,630.16045512,653.20684012,653.20684012,622.78561192,67.343,0.00191,19835316,13013561554.0,3.657224888161431,630.16045512
HK.00700,腾讯控股,2021-03-04,633.84787672,622.78561192,640.76179222,622.78561192,64.269,0.00255,26574239,17084111787.0,-4.6572121312158075,653.20684012
HK.00700,腾讯控股,2021-03-05,602.96572082,612.64520252,627.39488892,601.58293772,63.245,0.00283,29437443,18457588278.0,-1.628234372457298,622.78561192
HK.00700,腾讯控股,2021-03-08,616.79355182,578.99748042,621.86375652,577.61469732,59.845,0.00378,39304644,23819030456.0,-5.492203637863559,612.64520252
HK.00700,腾讯控股,2021-03-09,569.31799872,580.38026352,599.27829922,551.80274612,59.985,0.00404,42094891,24737311188.0,0.2388236817536622,578.99748042
HK.00700,腾讯控股,2021-03-10,604.34850392,593.74716682,604.34850392,587.75510672,61.335,0.00242,25227028,15380501885.0,2.303128507322056,580.38026352
HK.00700,腾讯控股,2021-03-11,593.74716682,614.02798562,616.79355182,592.82531142,63.384,0.00219,22750574,14151202733.0,3.415733149283109,593.74716682
HK.00700,腾讯控股,2021-03-12,626.47303352,586.37232362,626.93396122,583.60675742,60.59,0.00271,28188724,17407186915.0,-4.503974191351452,614.02798562
HK.00700,腾讯控股,2021-03-15,585.91139592,565.63057712,588.67696212,559.17758932,58.494,0.00365,37980852,22199001826.0,-3.5372997095002248,586.37232362
HK.00700,腾讯控股,2021-03-16,575.77098652,567.93521562,579.91933582,562.86501092,58.727,0.00204,21200149,12361190916.0,0.4074458830946607,565.63057712
HK.00700,腾讯控股,2021-03-17,562.40408322,562.40408322,575.77098652,560.09944472,58.168,0.00199,20718055,11972069608.0,-0.973901995839764,567.93521562
HK.00700,腾讯控股,2021-03-18,572.08356492,577.15376962,587.29417902,569.31799872,59.659,0.00233,24258364,14361460666.0,2.6226136758381853,562.40408322
HK.00700,腾讯控股,2021-03-19,565.63057712,565.63057712,575.31005882,561.94315552,58.494,0.00235,24450991,14178638360.0,-1.9965550095231912,577.15376962
HK.00700,腾讯控股,2021-03-22,567.93521562,570.70078182,579.91933582,567.01336022,59.007,0.00146,15200361,8876749536.0,0.8963809428082457,565.63057712
HK.00700,腾讯控股,2021-03-23,580.84119122,566.09150482,580.84119122,564.24779402,58.541,0.00152,15845932,9245367760.0,-0.8076521264436946,570.70078182
HK.00700,腾讯控股,2021-03-24,568.39614332,561.48222782,574.38820342,554.56831232,58.075,0.00188,19578955,11250251821.0,-0.8142282582858257,566.09150482
HK.00700,腾讯控股,2021-03-25,539.81862592,545.34975832,560.09944472,529.21728882,30.539,0.00462,48044093,26816372078.0,-2.873193255401098,561.48222782
HK.00700,腾讯控股,2021-03-26,545.34975832,558.25573392,569.31799872,544.88883062,31.245,0.00255,26565400,15191051275.0,2.3665501640191566,545.34975832
HK.00700,腾讯控股,2021-03-29,558.25573392,550.88089072,560.09944472,540.27955362,30.842,0.00302,31467352,17734706995.0,-1.321051043795786,558.25573392
HK.00700,腾讯控股,2021-03-30,552.26367382,548.57625222,559.17758932,545.81068602,30.716,0.00214,22298949,12601669642.0,-0.4183551360781189,550.88089072
HK.00700,腾讯控股,2021-03-31,556.41202312,549.03717992,559.63851702,548.11532452,30.741,0.00166,17291222,9771061290.0,0.0840225398264427,548.57625222
HK.00700,腾讯控股,2021-04-01,565.16964942,589.59881752,591.44252832,559.63851702,32.958,0.00343,35692209,20983286977.0,7.387776107605365,549.03717992
HK.00700,腾讯控股,2021-04-07,588.67696212,567.01336022,593.28623912,561.48222782,31.724,0.00283,29482319,17284277000.0,-3.830648337288075,589.59881752
HK.00700,腾讯控股,2021-04-08,552.72460152,558.25573392,566.55243252,552.72460152,31.245,0.02578,268356927,148682130954.0,-1.5445185095113156,567.01336022
HK.00700,腾讯控股,2021-04-09,566.55243252,558.71666162,566.55243252,554.10738462,31.27,0.00234,24367944,13938508210.0,0.082565690237229,558.25573392
HK.00700,腾讯控股,2021-04-12,554.56831232,552.26367382,557.79480622,542.58419212,30.919,0.00292,30351622,17083865632.0,-1.154966057623825,558.71666162
HK.00700,腾讯控股,2021-04-13,552.26367382,547.19346912,560.09944472,546.27161372,30.642,0.00192,20003383,11299730081.0,-0.9180768064880028,552.26367382
HK.00700,腾讯控股,2021-04-14,559.17758932,561.48222782,562.86501092,554.10738462,31.423,0.00188,19525563,11178711808.0,2.6112809282938425,547.19346912
HK.00700,腾讯控股,2021-04-15,561.48222782,558.25573392,561.48222782,549.49810762,31.246,0.00152,15781885,8953514302.0,-0.5746386510802237,561.48222782
HK.00700,腾讯控股,2021-04-16,558.25573392,569.31799872,569.77892642,554.56831232,31.851,0.00216,22516601,12991323283.0,1.9815765656936792,558.25573392
HK.00700,腾讯控股,2021-04-19,567.47428792,564.70872172,580.38026352,558.25573392,31.599,0.00211,21957237,12788967519.0,-0.8096137853296534,569.31799872
HK.00700,腾讯控股,2021-04-20,558.25573392,560.56037242,563.78686632,556.41202312,31.372,0.00159,16518837,9461630716.0,-0.7345998282733854,564.70872172
HK.00700,腾讯控股,2021-04-21,553.18552922,548.11532452,554.56831232,547.19346912,30.692,0.00215,22412288,12626278960.0,-2.220108397294203,560.56037242
HK.00700,腾讯控股,2021-04-22,559.63851702,559.17758932,562.40408322,554.56831232,31.297,0.0016,16681263,9540018222.0,2.018236729594749,548.11532452
HK.00700,腾讯控股,2021-04-23,565.16964942,569.31799872,569.31799872,559.17758932,31.851,0.0017,17679023,10229264235.0,1.813450609194016,559.17758932
HK.00700,腾讯控股,2021-04-26,569.31799872,566.09150482,576.69284192,563.32593862,31.675,0.00148,15403775,8993173488.0,-0.5667296497307615,569.31799872
HK.00700,腾讯控股,2021-04-27,561.48222782,562.86501092,562.86501092,555.02924002,31.498,0.00144,15000752,8596239727.0,-0.5699597808000759,566.09150482
HK.00700,腾讯控股,2021-04-28,559.17758932,565.63057712,565.63057712,555.95109542,31.65,0.00117,12146121,7003461908.0,0.4913373804279755,562.86501092
HK.00700,腾讯控股,2021-04-29,576.23191422,568.85707102,576.23191422,566.09150482,31.826,0.0013,13523140,7907101551.0,0.570424236332529,565.63057712
HK.00700,腾讯控股,2021-04-30,565.16964942,561.02130012,565.16964942,558.25573392,31.398,0.00125,13011504,7471779138.0,-1.3774586445677783,568.85707102
HK.00700,腾讯控股,2021-05-03,557.79480622,562.40408322,562.40408322,555.02924002,31.473,0.00083,8617711,4941793757.0,0.2464760428354881,561.02130012
HK.00700,腾讯控股,2021-05-04,562.40408322,560.09944472,562.86501092,557.33387852,31.347,0.00066,6862865,3932824476.0,-0.4097833868497158,562.40408322
HK.00700,腾讯控股,2021-05-05,554.10738462,549.49810762,555.49016772,549.49810762,30.768,0.00121,12612508,7133404195.0,-1.8927597947003212,560.09944472
HK.00700,腾讯控股,2021-05-06,553.18552922,549.49810762,557.33387852,542.12326442,30.768,0.00223,23222266,13029878032.0,0.0,549.49810762
HK.00700,腾讯控股,2021-05-07,551.80274612,539.81862592,551.80274612,539.81862592,30.24,0.00182,18943219,10549714657.0,-1.7615132000952671,549.49810762
HK.00700,腾讯控股,2021-05-10,538.89677052,535.20934892,547.19346912,530.60007192,29.988,0.00214,22281161,12257647803.0,-0.8538566064008145,539.81862592
HK.00700,腾讯控股,2021-05-11,523.22522872,525.52986722,526.91265032,508.93647002,29.459,0.00361,37552082,20024473714.0,-1.8085412221464816,535.20934892
HK.00700,腾讯控股,2021-05-12,525.52986722,538.43584282,542.58419212,525.52986722,30.164,0.00239,24845452,13626240378.0,2.4558024966822964,525.52986722
HK.00700,腾讯控股,2021-05-13,533.36563812,521.38151792,535.20934892,521.38151792,29.232,0.00187,19503900,10551371505.0,-3.167382916166908,538.43584282
HK.00700,腾讯控股,2021-05-14,518.61595172,524.14708412,528.75636112,515.85038552,29.383,0.00167,17371582,9314450701.0,0.5304304247363876,521.38151792
HK.00700,腾讯控股,2021-05-17,533.36563812,540.27955362,543.96697522,529.67821652,30.265,0.002,20791815,11470569190.0,3.0778516162281147,524.14708412
HK.00700,腾讯控股,2021-05-18,546.27161372,546.73254142,548.57625222,539.35769822,30.618,0.00127,13221644,7379704326.0,1.1943794202026383,540.27955362
HK.00700,腾讯控股,2021-05-20,549.95903532,548.11532452,554.10738462,543.04511982,30.694,0.00163,16956733,9523152294.0,0.2529176508148852,546.73254142
HK.00700,腾讯控股,2021-05-21,539.81862592,529.21728882,539.81862592,524.60801182,29.66,0.0042,43760489,23781668966.0,-3.4478210797243203,548.11532452
HK.00700,腾讯控股,2021-05-24,528.84854666,527.92669126,530.23132976,519.62999266,29.509,0.00173,18016244,9690484888.0,-0.2438691228092137,529.21728882
HK.00700,腾讯控股,2021-05-25,531.61411286,550.51214856,553.27771476,530.69225746,30.744,0.00282,29337124,16384026057.0,4.27814271828072,527.92669126
HK.00700,腾讯控股,2021-05-26,563.87905186,557.88699176,563.87905186,552.35585936,31.147,0.00195,20313786,11572417145.0,1.339633143299508,550.51214856
HK.00700,腾讯控股,2021-05-27,550.51214856,546.36379926,553.27771476,543.13730536,30.517,0.00268,27927293,15628668560.0,-2.0655065757398527,557.88699176
HK.00700,腾讯控股,2021-05-28,548.66843776,542.67637766,552.35585936,542.21544996,30.316,0.00158,16470138,9193575725.0,-0.674902254687128,546.36379926
HK.00700,腾讯控股,2021-05-31,552.35585936,558.80884716,559.26977486,544.52008846,31.198,0.00162,16833659,9488556188.0,2.9727605925215816,542.67637766
HK.00700,腾讯控股,2021-06-01,558.80884716,567.10554576,570.79296736,556.96513636,31.651,0.00188,19570921,11306860041.0,1.4847113896220177,558.80884716
HK.00700,腾讯控股,2021-06-02,572.63667816,567.56647346,578.16781056,564.80090726,31.676,0.0017,17716512,10318073572.0,0.081277233743544,567.10554576
HK.00700,腾讯控股,2021-06-03,567.56647346,555.58235326,568.48832886,552.35585936,31.021,0.00128,13353993,7632225021.0,-2.111491915113024,567.56647346
HK.00700,腾讯控股,2021-06-04,550.51214856,551.89493166,554.66049786,546.82472696,30.82,0.00197,20546053,11545288260.0,-0.6637038736675576,555.58235326
HK.00700,腾讯控股,2021-06-07,551.43400396,541.75452226,551.89493166,539.91081146,30.265,0.00206,21443054,11937603206.0,-1.8373804175913409,551.89493166
HK.00700,腾讯控股,2021-06-08,546.82472696,542.21544996,546.82472696,538.52802836,30.29,0.00108,11199412,6205312521.0,0.0850805449813572,541.75452226
HK.00700,腾讯控股,2021-06-09,541.29359456,544.05916076,546.82472696,538.98895606,30.391,0.00081,8425289,4677955002.0,0.3400328780996681,542.21544996
HK.00700,腾讯控股,2021-06-10,545.90287156,541.75452226,549.12936546,539.44988376,30.265,0.00122,12721741,7054660097.0,-0.4236007159185858,544.05916076
HK.00700,腾讯控股,2021-06-11,549.12936546,537.60617296,549.12936546,537.60617296,30.038,0.00151,15725562,8713136339.0,-0.7657249048322994,541.75452226
HK.00700,腾讯控股,2021-06-15,545.90287156,541.29359456,545.90287156,533.91875136,30.24,0.0012,12508935,6899536974.0,0.6858964397111474,537.60617296
HK.00700,腾讯控股,2021-06-16,538.52802836,538.06710066,539.91081146,536.22338986,30.064,0.00102,10599387,5826298555.0,-0.5960709552867766,541.29359456
HK.00700,腾讯控股,2021-06-17,535.76246216,540.37173916,540.37173916,533.45782366,30.19,0.00144,14939258,8187760002.0,0.4283180475396092,538.06710066
HK.00700,腾讯控股,2021-06-18,543.13730536,544.05916076,548.66843776,540.83266686,30.391,0.00128,13344398,7418483639.0,0.682386093272041,540.37173916
HK.00700,腾讯控股,2021-06-21,541.29359456,532.53596826,541.29359456,525.16112506,29.761,0.00245,25501381,13848594212.0,-2.118003579592929,544.05916076
HK.00700,腾讯控股,2021-06-22,531.15318516,516.86442646,531.15318516,515.02071566,28.904,0.00322,33489959,17803545502.0,-2.942813769219187,532.53596826
HK.00700,腾讯控股,2021-06-23,522.85648656,525.16112506,525.62205276,516.40349876,29.358,0.00192,19947214,10645900389.0,1.605198225156262,516.86442646
HK.00700,腾讯控股,2021-06-24,526.54390816,525.62205276,529.77040206,522.85648656,29.383,0.00114,11875291,6387238277.0,0.0877688157034272,525.16112506
HK.00700,腾讯控股,2021-06-25,530.69225746,539.91081146,541.29359456,526.54390816,30.164,0.00201,20884070,11434596764.0,2.7184473377726204,525.62205276
HK.00700,腾讯控股,2021-06-28,544.05916076,537.14524526,546.82472696,533.91875136,30.013,0.0012,12459610,6841164004.0,-0.5122264902459464,539.91081146
HK.00700,腾讯控股,2021-06-29,541.29359456,532.53596826,542.21544996,530.23132976,29.761,0.00153,15961569,8719405551.0,-0.8581062646787356,537.14524526
HK.00700,腾讯控股,2021-06-30,538.98895606,526.54390816,538.98895606,526.54390816,29.434,0.00142,14772763,8009048280.0,-1.1251934999955722,532.53596826
HK.00700,腾讯控股,2021-07-02,539.91081146,517.78628186,539.91081146,515.94257106,28.955,0.0026,27052641,14455213565.0,-1.6632281115174927,526.54390816
HK.00700,腾讯控股,2021-07-05,513.63793256,498.88824616,515.48164336,493.81804146,27.921,0.00452,47011855,24111867251.0,-3.649775276416017,517.78628186
HK.00700,腾讯控股,2021-07-06,497.04453536,503.49752316,507.18494476,494.27896916,28.173,0.00203,21123760,10833366343.0,0.9239097203588488,498.88824616
HK.00700,腾讯控股,2021-07-07,497.04453536,493.81804146,498.42731846,484.59948746,27.644,0.00318,33107933,16657004200.0,-1.9224487221407995,503.49752316
HK.00700,腾讯控股,2021-07-08,485.98227056,474.92000576,489.20876446,470.77165646,26.612,0.00476,49561496,24236307713.0,-3.826922897374702,493.81804146
HK.00700,腾讯控股,2021-07-09,472.15443956,484.59948746,487.82598136,457.86568086,27.142,0.00447,46560692,22695343159.0,2.0381288601456613,474.92000576
HK.00700,腾讯控股,2021-07-12,494.73989686,480.91206586,496.12267996,469.84980106,26.94,0.00319,33240235,16329216413.0,-0.7609214816399,484.59948746
HK.00700,腾讯控股,2021-07-13,486.90412596,500.27102926,506.72401706,479.52928276,27.998,0.00345,35933989,18301042541.0,4.0254684326501495,480.91206586
HK.00700,腾讯控股,2021-07-14,504.41937856,501.19288466,507.18494476,498.88824616,28.049,0.00207,21595895,11133066554.0,0.1842711942291828,500.27102926
HK.00700,腾讯控股,2021-07-15,505.80216166,509.02865556,515.48164336,504.88030626,28.477,0.0021,21890327,11459242147.0,1.5634242104844809,501.19288466
HK.00700,腾讯控股,2021-07-16,510.87236636,508.10680016,513.17700486,501.65381236,28.427,0.00154,16011250,8329381355.0,-0.1811008849758884,509.02865556
HK.00700,腾讯控股,2021-07-19,504.41937856,494.73989686,504.41937856,491.05247526,27.696,0.00176,18348496,9304894975.0,-2.6307271022137133,508.10680016
HK.00700,腾讯控股,2021-07-20,494.27896916,488.28690906,500.73195696,485.06041516,27.343,0.00206,21492864,10774124230.0,-1.3043192677517186,494.73989686
HK.00700,腾讯控股,2021-07-21,488.28690906,484.13855976,490.13061986,476.76371656,27.116,0.00212,22021865,10870166668.0,-0.8495720903077217,488.28690906
HK.00700,腾讯控股,2021-07-22,490.59154756,489.66969216,494.27896916,483.21670436,27.419,0.00164,17022627,8517327631.0,1.1424688838546375,484.13855976
HK.00700,腾讯控股,2021-07-23,491.51340296,477.68557196,491.97433066,475.84186116,26.764,0.00175,18179416,8992755158.0,-2.447388595184728,489.66969216
HK.00700,腾讯控股,2021-07-26,458.32660856,439.88950056,460.63124706,439.15201624,24.697,0.00858,89266323,41055111243.0,-7.912332634397622,477.68557196
HK.00700,腾讯控股,2021-07-27,417.21185772,399.32786296,431.40843088,392.69050408,22.479,0.01126,117184559,49742780968.0,-9.220869683946336,439.88950056
HK.00700,腾讯控股,2021-07-28,403.93713996,400.43408944,412.7869518,377.20333336,22.54,0.01176,122431398,49651529589.0,0.2770221120560235,399.32786296
HK.00700,腾讯控股,2021-07-29,430.67094656,441.73321136,443.76129324,420.161795,24.798,0.0076,79075656,35108302945.0,10.313587930976633,400.43408944
HK.00700,腾讯控股,2021-07-30,437.6770476,429.74909116,437.6770476,416.84311556,24.154,0.00422,43889749,19288363721.0,-2.7129769489379165,441.73321136
HK.00700,腾讯控股,2021-08-02,426.98352496,426.06166956,429.56472008,411.49635424,23.952,0.00307,31941100,13807676609.0,-0.858040581318444,429.74909116
HK.00700,腾讯控股,2021-08-03,420.34616608,399.32786296,420.34616608,378.678302,22.49,0.01227,127799425,51535700520.0,-6.274633112997084,426.06166956
HK.00700,腾讯控股,2021-08-04,389.18745356,409.28390128,421.26802148,388.26559816,23.034,0.0048,50011615,21007883206.0,2.493199008504269,399.32786296
HK.00700,腾讯控股,2021-08-05,405.4121086,392.87487516,416.29000232,386.9750006,22.137,0.00611,63595590,26193545519.0,-4.009203897021655,409.28390128
HK.00700,腾讯控股,2021-08-06,398.22163648,406.333964,412.60258072,393.79673056,22.873,0.00447,46587029,19468783995.0,3.4257952572097468,392.87487516
HK.00700,腾讯控股,2021-08-09,400.98720268,413.7088072,423.66484552,396.1935546,23.276,0.00427,44428261,18847164570.0,1.814970899159206,406.333964
HK.00700,腾讯控股,2021-08-10,428.82723576,436.38645004,442.65506676,424.40232984,24.517,0.00426,44347503,19749306230.0,5.481547031469621,413.7088072
HK.00700,腾讯控股,2021-08-11,440.07387164,434.35836816,442.2863246,430.67094656,24.406,0.0021,21853382,9769581009.0,-0.4647444667024157,436.38645004
HK.00700,腾讯控股,2021-08-12,433.0677706,432.51465736,440.99572704,427.16789604,24.305,0.0017,17736940,7896898173.0,-0.424467659690822,434.35836816
HK.00700,腾讯控股,2021-08-13,422.55861904,421.63676364,427.16789604,413.52443612,23.71,0.00275,28656888,12356849185.0,-2.515034701112071,432.51465736
HK.00700,腾讯控股,2021-08-16,415.552518,406.51833508,418.13371312,402.09342916,22.883,0.00302,31480743,13186393497.0,-3.5856523585567577,421.63676364
HK.00700,腾讯控股,2021-08-17,396.37792568,389.18745356,399.69660512,387.34374276,21.935,0.00449,46801397,18887383621.0,-4.2632471956251115,406.51833508
HK.00700,腾讯控股,2021-08-18,384.57817656,390.29368004,396.56229676,384.57817656,21.995,0.00277,28851530,11588410814.0,0.2842400159309062,389.18745356
HK.00700,腾讯控股,2021-08-19,401.17157376,376.46584904,403.75276888,374.62213824,21.239,0.00532,55433572,22060620838.0,-3.5429297749794033,390.29368004
HK.00700,腾讯控股,2021-08-20,376.46584904,380.33764172,387.52811384,368.16915044,21.451,0.00543,56555403,22090583887.0,1.0284578773541329,376.46584904
HK.00700,腾讯控股,2021-08-23,393.79673056,388.08122708,397.48415216,386.0531452,21.874,0.00465,48400655,19545955504.0,2.035976593055896,380.33764172
HK.00700,腾讯控股,2021-08-24,400.06534728,423.29610336,423.29610336,398.59037864,23.801,0.00516,53716966,22718125103.0,9.074099395367227,388.08122708
HK.00700,腾讯控股,2021-08-25,441.3644692,425.6929274,441.3644692,419.42431068,23.932,0.00429,44724660,19710168123.0,0.5662287039674287,423.29610336
HK.00700,腾讯控股,2021-08-26,425.6929274,423.11173228,431.40843088,419.97742392,23.791,0.0018,18764193,8181575517.0,-0.6063514223186883,425.6929274
HK.00700,腾讯控股,2021-08-27,420.53053716,418.13371312,433.989626,414.6306626,23.518,0.00244,25452409,11081578061.0,-1.1765259103488432,423.11173228
HK.00700,腾讯控股,2021-08-30,416.10563124,417.58059988,419.97742392,410.0213856,23.488,0.00192,20041468,8532161084.0,-0.1322814264061079,418.13371312
HK.00700,腾讯控股,2021-08-31,414.81503368,431.77717304,431.77717304,400.43408944,24.265,0.00544,56603708,24228211722.0,3.3997204764971407,417.58059988
HK.00700,腾讯控股,2021-09-01,435.28022356,438.41453192,444.1300354,428.64286468,24.626,0.00368,38287181,17192591083.0,1.537218568843873,431.77717304
HK.00700,腾讯控股,2021-09-02,448.18619916,445.42063296,458.32660856,442.65506676,25.01,0.00422,43902799,20302808466.0,1.5980540173514184,438.41453192
HK.00700,腾讯控股,2021-09-03,445.9737462,438.04578976,446.8956016,432.1459152,24.606,0.00283,29441146,13229997777.0,-1.6557030937231567,445.42063296
HK.00700,腾讯控股,2021-09-06,439.33638732,453.71733156,455.56104236,438.23016084,25.463,0.00279,29043519,13405734316.0,3.5776035671033957,438.04578976
HK.00700,腾讯控股,2021-09-07,458.32660856,463.39681326,467.54516256,456.48289776,25.993,0.0026,27079352,12901520207.0,2.1333727029380567,453.71733156
HK.00700,腾讯控股,2021-09-08,473.07629496,471.69351186,475.84186116,460.63124706,26.447,0.00344,35792959,17246381866.0,1.7904090754601174,463.39681326
HK.00700,腾讯控股,2021-09-09,457.40475316,430.67094656,459.70939166,429.74909116,24.203,0.00563,58676091,26716845932.0,-8.696868680308583,471.69351186
HK.00700,腾讯控股,2021-09-10,440.99572704,439.88950056,444.31440648,431.77717304,24.707,0.00372,38694962,17407850102.0,2.140509842522121,430.67094656
HK.00700,腾讯控股,2021-09-13,430.67094656,428.82723576,431.77717304,422.37424796,24.102,0.0029,30173538,13236014143.0,-2.5147826410762697,439.88950056
HK.00700,腾讯控股,2021-09-14,427.35226712,424.03358768,433.25214168,420.34616608,23.84,0.00207,21592628,9452753751.0,-1.1178506587867163,428.82723576
HK.00700,腾讯控股,2021-09-15,410.39012776,406.14959292,415.92126016,404.12151104,22.863,0.00377,39232038,16534147402.0,-4.217589190952556,424.03358768
HK.00700,腾讯控股,2021-09-16,400.06534728,403.93713996,407.44019048,398.40600756,22.742,0.00255,26598388,11017889134.0,-0.5447384408521964,406.14959292
HK.00700,腾讯控股,2021-09-17,399.14349188,413.89317828,419.2399396,398.59037864,23.286,0.0025,26015607,11022213311.0,2.4647494214039956,403.93713996
HK.00700,腾讯控股,2021-09-20,409.0995302,406.88707724,409.83701452,401.17157376,22.897,0.00162,16828261,7033574393.0,-1.692731701719502,413.89317828
HK.00700,腾讯控股,2021-09-21,399.32786296,403.01528456,406.51833508,396.74666784,22.686,0.00173,17960381,7429009446.0,-0.9515644257525152,406.88707724
HK.00700,腾讯控股,2021-09-23,412.41820964,415.18377584,421.0836504,408.91515912,23.351,0.00231,24093657,10268429996.0,3.019362229222945,403.01528456
HK.00700,腾讯控股,2021-09-24,413.52443612,412.41820964,424.58670092,408.73078804,23.2,0.00174,18068901,7730374456.0,-0.6661065197946929,415.18377584
HK.00700,腾讯控股,2021-09-27,411.31198316,416.4743734,424.21795876,407.80893264,23.422,0.00187,19490039,8374944826.0,0.9835074361873184,412.41820964
HK.00700,腾讯控股,2021-09-28,418.68682636,421.26802148,427.16789604,416.4743734,23.685,0.00218,22722951,9885229622.0,1.1510067332272564,416.4743734
HK.00700,腾讯控股,2021-09-29,413.7088072,416.84311556,416.84311556,403.19965564,23.443,0.0019,19797519,8374555194.0,-1.0503778341528092,421.26802148
HK.00700,腾讯控股,2021-09-30,408.54641696,413.52443612,416.4743734,406.51833508,23.257,0.00181,18804956,7955884694.0,-0.7961459158421185,416.84311556
HK.00700,腾讯控股,2021-10-04,421.45239256,409.46827236,421.45239256,407.07144832,23.035,0.00122,12713768,5397644607.0,-0.9808764381757,413.52443612
HK.00700,腾讯控股,2021-10-05,399.51223404,403.01528456,406.333964,398.77474972,22.682,0.00124,12888970,5338521653.0,-1.5759432990516589,409.46827236
HK.00700,腾讯控股,2021-10-06,406.70270616,399.69660512,406.70270616,398.9591208,22.501,0.00113,11767306,4864491045.0,-0.8234624261517072,403.01528456
HK.00700,腾讯控股,2021-10-07,407.62456156,422.74299012,424.03358768,406.88707724,23.761,0.00152,15784101,6754438460.0,5.765969664185869,399.69660512
HK.00700,腾讯控股,2021-10-08,439.88950056,432.33028628,439.88950056,423.29610336,24.285,0.00311,32333037,14375822788.0,2.2678782106543127,422.74299012
HK.00700,腾讯控股,2021-10-11,442.2863246,445.42063296,447.817457,438.96764516,25.001,0.00273,28425293,12950621628.0,3.0278578890774215,432.33028628
HK.00700,腾讯控股,2021-10-12,437.12393436,433.62088384,439.88950056,430.85531764,24.356,0.00171,17842777,7961751905.0,-2.649124949957056,445.42063296
HK.00700,腾讯控股,2021-10-15,441.54884028,445.0518908,449.10805456,434.72711032,24.981,0.00304,31595882,14382303387.0,2.636175374850702,433.62088384
HK.00700,腾讯控股,2021-10-18,448.55494132,446.34248836,448.55494132,435.64896572,25.051,0.00216,22487308,10183122125.0,0.2899881085057465,445.0518908
HK.00700,腾讯控股,2021-10-19,444.86751972,448.18619916,449.10805456,440.4426138,25.152,0.00161,16735558,7654573809.0,0.4130708700339864,446.34248836
HK.00700,腾讯控股,2021-10-20,456.48289776,457.86568086,462.93588556,453.25640386,25.681,0.00341,35497999,16674986498.0,2.159700972082917,448.18619916
HK.00700,腾讯控股,2021-10-21,457.86568086,454.17825926,460.63124706,449.10805456,25.48,0.00174,18097138,8443455536.0,-0.8053500740815478,457.86568086
HK.00700,腾讯控股,2021-10-22,456.02197006,457.86568086,460.17031936,451.41269306,25.681,0.00133,13823496,6485468814.0,0.8118886196816133,454.17825926
HK.00700,腾讯控股,2021-10-25,454.17825926,453.71733156,458.32660856,450.02990996,25.454,0.00128,13296556,6188475752.0,-0.9060188333417444,457.86568086
HK.00700,腾讯控股,2021-10-26,456.02197006,450.95176536,456.48289776,445.0518908,25.303,0.0016,16606882,7680288911.0,-0.6095350579822948,453.71733156
HK.00700,腾讯控股,2021-10-27,440.62698488,437.12393436,441.3644692,432.69902844,24.547,0.00195,20302450,9118397631.0,-3.0663658648638585,450.95176536
HK.00700,腾讯控股,2021-10-28,436.01770788,438.23016084,443.57692216,436.01770788,24.608,0.00142,14832294,6692673432.0,0.2530692998130195,437.12393436
HK.00700,腾讯控股,2021-10-29,436.93956328,431.59280196,438.41453192,431.59280196,24.245,0.00171,17834164,7948322910.0,-1.5145828546527984,438.23016084
HK.00700,腾讯控股,2021-11-01,427.35226712,421.0836504,427.72100928,416.84311556,23.67,0.00236,24569521,10654645372.0,-2.434969145053988,431.59280196
HK.00700,腾讯控股,2021-11-02,429.380349,415.92126016,432.51465736,412.41820964,23.388,0.00344,35803877,15457739395.0,-1.2259773646153505,421.0836504
HK.00700,腾讯控股,2021-11-03,414.07754936,420.53053716,421.45239256,410.20575668,23.64,0.00202,21004014,8976079256.0,1.1082090389481138,415.92126016
HK.00700,腾讯控股,2021-11-04,426.24604064,431.40843088,432.33028628,424.95544308,24.235,0.00171,17834342,7856704540.0,2.586707208818298,420.53053716
HK.00700,腾讯控股,2021-11-05,423.29610336,419.05556852,425.32418524,417.02748664,23.557,0.00209,21716240,9394663973.0,-2.8633799146674703,431.40843088
HK.00700,腾讯控股,2021-11-08,412.23383856,415.73688908,415.92126016,406.14959292,23.375,0.00233,24234550,10272692386.0,-0.7919425702230214,419.05556852
HK.00700,腾讯控股,2021-11-09,420.53053716,415.92126016,422.37424796,411.8650964,23.385,0.00142,14760923,6311329250.0,0.0443480203086981,415.73688908
HK.00700,腾讯控股,2021-11-10,420.53053716,433.989626,436.93956328,417.76497096,24.373,0.00319,33212844,14609652414.0,4.34417943267659,415.92126016
HK.00700,腾讯控股,2021-11-11,428.82723576,428.4584936,430.85531764,418.68682636,24.071,0.00376,39089836,17044523903.0,-1.2744849343472533,433.989626
HK.00700,腾讯控股,2021-11-12,437.86141868,435.46459464,441.18009812,432.33028628,24.454,0.00248,25849672,11587775581.0,1.6351878057389444,428.4584936
HK.00700,腾讯控股,2021-11-15,441.73321136,441.54884028,444.31440648,438.96764516,24.787,0.00202,21038661,9549753709.0,1.397184918105655,435.46459464
HK.00700,腾讯控股,2021-11-16,446.71123052,451.41269306,457.40475316,443.76129324,25.326,0.00295,30659049,14166900229.0,2.2339211158940024,441.54884028
HK.00700,腾讯控股,2021-11-17,452.79547616,457.40475316,457.40475316,447.817457,25.653,0.00223,23262346,10856515433.0,1.32740177494379,451.41269306
HK.00700,腾讯控股,2021-11-18,450.95176536,446.15811728,452.33454846,442.47069568,25.039,0.00201,20959787,9600438645.0,-2.4587929623166636,457.40475316
HK.00700,腾讯控股,2021-11-19,436.7551922,445.42063296,445.9737462,435.28022356,24.998,0.00159,16502408,7484219170.0,-0.1652966272352254,446.15811728
HK.00700,腾讯控股,2021-11-22,447.26434376,443.94566432,450.49083766,440.81135596,24.918,0.00153,15931760,7280701101.0,-0.3311406187446288,445.42063296
HK.00700,腾讯控股,2021-11-23,434.35836816,431.77717304,436.01770788,429.74909116,24.252,0.00195,20313315,9023143389.0,-2.740986624711995,443.94566432
HK.00700,腾讯控股,2021-11-24,424.40232984,423.48047444,431.40843088,419.05556852,23.799,0.00271,28227825,12343857047.0,-1.9215232110548253,431.77717304
HK.00700,腾讯控股,2021-11-25,423.48047444,428.64286468,432.88339952,422.37424796,24.081,0.00177,18375675,8088219295.0,1.2190385511460935,423.48047444
HK.00700,腾讯控股,2021-11-26,423.8492166,415.36814692,423.8492166,412.23383856,23.355,0.00343,35673170,15277027416.0,-3.096917936546109,428.64286468
HK.00700,腾讯控股,2021-11-29,414.07754936,414.44629152,422.55861904,413.52443612,23.305,0.00203,21163303,9076747728.0,-0.221936950831614,415.36814692
HK.00700,腾讯控股,2021-11-30,410.0213856,411.68072532,412.41820964,402.09342916,23.154,0.00371,38602882,16208091318.0,-0.6672918196124112,414.44629152
HK.00700,腾讯控股,2021-12-01,414.6306626,420.34616608,424.771072,413.52443612,23.649,0.00212,22065412,9536336590.0,2.10489348347905,411.68072532
HK.00700,腾讯控股,2021-12-02,418.68682636,424.771072,424.771072,415.552518,23.891,0.00185,19221958,8332256815.0,1.0526814033455154,420.34616608
HK.00700,腾讯控股,2021-12-03,420.34616608,414.6306626,420.34616608,410.0213856,23.336,0.00234,24404034,10392378475.0,-2.387264592255475,424.771072
HK.00700,腾讯控股,2021-12-06,401.90905808,400.98720268,411.8650964,400.8028316,22.589,0.00322,33582444,13977197888.0,-3.290509156859447,414.6306626
HK.00700,腾讯控股,2021-12-07,410.20575668,415.73688908,415.92126016,404.4902532,23.397,0.00242,25205249,10647180784.0,3.6783434237852046,400.98720268
HK.00700,腾讯控股,2021-12-08,419.2399396,418.68682636,421.82113472,416.84311556,23.558,0.00158,16459489,7098929946.0,0.7095683249393626,415.73688908
HK.00700,腾讯控股,2021-12-09,425.50855632,423.8492166,425.50855632,422.37424796,23.84,0.00139,14485662,6312132689.0,1.232995622260442,418.68682636
HK.00700,腾讯控股,2021-12-10,422.37424796,415.36814692,425.13981416,413.7088072,23.376,0.00159,16521577,7109007876.0,-2.000963868243696,423.8492166
HK.00700,腾讯控股,2021-12-13,422.0055058,418.3180842,431.59280196,418.3180842,23.538,0.00232,24125075,10537949009.0,0.7101982426611375,415.36814692
HK.00700,腾讯控股,2021-12-14,412.23383856,412.04946748,417.3962288,409.83701452,23.195,0.00142,14808813,6286150670.0,-1.498528740871493,418.3180842
HK.00700,腾讯控股,2021-12-15,411.8650964,408.36204588,416.29000232,405.96522184,22.993,0.00139,14505454,6118942696.0,-0.8948977952941957,412.04946748
HK.00700,腾讯控股,2021-12-16,404.85899536,405.4121086,407.80893264,401.35594484,22.832,0.00219,22812105,9484391320.0,-0.7223828242027251,408.36204588
HK.00700,腾讯控股,2021-12-17,400.24971836,391.95301976,400.43408944,391.95301976,22.095,0.00295,30682068,12472329741.0,-3.3198536882575964,405.4121086
HK.00700,腾讯控股,2021-12-20,391.39990652,384.57817656,393.4279884,383.65632116,21.691,0.00213,22143468,8851924659.0,-1.8815630517442612,391.95301976
HK.00700,腾讯控股,2021-12-21,384.57817656,394.53421488,400.06534728,384.02506332,22.236,0.00179,18686818,7556986129.0,2.5888204081301303,384.57817656
HK.00700,腾讯控股,2021-12-22,403.01528456,396.56229676,403.75276888,394.16547272,22.347,0.00144,15012808,6155372563.0,0.5140446134986938,394.53421488
HK.00700,腾讯控股,2021-12-23,406.70270616,413.89317828,420.34616608,402.27780024,23.296,0.00343,35745599,15173596895.0,4.3702796916391335,396.56229676
HK.00700,腾讯控股,2021-12-24,420.161795,412.41820964,420.161795,411.31198316,23.215,0.00099,10313254,4406418101.0,-0.3563645687830509,413.89317828
HK.00700,腾讯控股,2021-12-28,410.20575668,403.38402672,411.49635424,398.40600756,22.721,0.00197,20555945,8527441446.0,-2.190539289689929,412.41820964
HK.00700,腾讯控股,2021-12-29,397.11541,398.22163648,398.9591208,394.16547272,22.438,0.001,10402281,4253456849.0,-1.2797706151075223,403.38402672
HK.00700,腾讯控股,2021-12-30,399.69660512,396.93103892,403.75276888,395.64044136,22.367,0.0008,8314373,3420853544.0,-0.3240902657645521,398.22163648
HK.00700,腾讯控股,2021-12-31,414.07754936,409.28390128,414.07754936,407.80893264,23.054,0.00103,10712336,4535144939.0,3.1120928193498347,396.93103892
HK.00700,腾讯控股,2022-01-03,412.04946748,406.51833508,414.99940476,405.78085076,22.902,0.00063,6531551,2745406075.0,-0.6757085219699466,409.28390128
HK.00700,腾讯控股,2022-01-04,407.99330372,403.01528456,410.39012776,398.77474972,22.711,0.00141,14711722,6088207771.0,-0.8617201778391157,406.51833508
HK.00700,腾讯控股,2022-01-05,396.00918352,385.1312898,397.48415216,383.65632116,21.732,0.00332,34633383,13846955913.0,-4.437547518706447,403.01528456
HK.00700,腾讯控股,2022-01-06,376.28147796,391.03116436,391.21553544,376.28147796,22.055,0.00233,24292797,9643080332.0,1.531912549370846,385.1312898
HK.00700,腾讯控股,2022-01-07,398.40600756,396.56229676,401.54031592,392.32176192,22.357,0.00217,22577745,9222097187.0,1.4144991254220836,391.03116436
HK.00700,腾讯控股,2022-01-10,401.17157376,405.96522184,409.65264344,396.00918352,22.872,0.00204,21218904,8847206421.0,2.371109194399968,396.56229676
HK.00700,腾讯控股,2022-01-11,410.39012776,412.23383856,414.07754936,406.88707724,23.217,0.00171,17795813,7525440937.0,1.5441265366496235,405.96522184
HK.00700,腾讯控股,2022-01-12,423.11173228,431.40843088,431.40843088,420.71490824,24.266,0.00294,30671335,13453489710.0,4.651387277420025,412.23383856
HK.00700,腾讯控股,2022-01-13,436.20207896,426.24604064,436.20207896,423.66484552,23.984,0.00191,19860662,8732653582.0,-1.1966363822490989,431.40843088
HK.00700,腾讯控股,2022-01-14,414.07754936,424.58670092,425.32418524,414.07754936,23.893,0.00143,14886043,6437061285.0,-0.3892915269097926,426.24604064
HK.00700,腾讯控股,2022-01-17,423.29610336,417.3962288,424.95544308,415.92126016,23.499,0.00132,13757843,5918669526.0,-1.6935226902820018,424.58670092
HK.00700,腾讯控股,2022-01-18,419.42431068,405.59647968,422.37424796,403.75276888,22.853,0.00245,25533066,10791349023.0,-2.826989873368976,417.3962288
HK.00700,腾讯控股,2022-01-19,405.78085076,408.36204588,410.39012776,403.01528456,23.005,0.00182,18972641,7942235899.0,0.6818516280471398,405.59647968
HK.00700,腾讯控股,2022-01-20,407.98240736,436.095848,436.47575936,407.98240736,23.802,0.00307,31098099,13697507104.0,6.791473987313154,408.36204588
HK.00700,腾讯控股,2022-01-21,433.43646848,439.13513888,442.55434112,431.72686736,23.964,0.00279,28238284,12677085496.0,0.6969318543019034,436.095848
HK.00700,腾讯控股,2022-01-24,434.57620256,434.1962912,437.9954048,430.58713328,23.701,0.00153,15453272,6882589379.0,-1.124676037676318,439.13513888
HK.00700,腾讯控股,2022-01-25,424.50855152,431.53691168,432.67664576,424.50855152,23.56,0.0026,26320569,11590644646.0,-0.6124832417730277,434.1962912
HK.00700,腾讯控股,2022-01-26,434.57620256,437.9954048,440.84474,430.77708896,23.903,0.00225,22762435,10192130941.0,1.4966258841814248,431.53691168
HK.00700,腾讯控股,2022-01-27,429.82731056,427.92775376,431.72686736,422.98890608,23.368,0.00213,21591504,9455166921.0,-2.298574580844562,437.9954048
HK.00700,腾讯控股,2022-01-28,427.92775376,425.07841856,428.87753216,420.8993936,23.217,0.00156,15822083,6916078907.0,-0.6658449177376825,427.92775376
HK.00700,腾讯控股,2022-01-31,426.40810832,436.47575936,436.85567072,424.12864016,23.822,0.00119,12033850,5356797004.0,2.6812325214273978,425.07841856
HK.00700,腾讯控股,2022-02-04,446.92332176,443.12420816,446.92332176,435.52598096,24.176,0.00166,16772869,7616780204.0,1.5232114630486224,436.47575936
HK.00700,腾讯控股,2022-02-07,445.97354336,442.17442976,445.97354336,434.76615824,24.125,0.0016,16195591,7312050446.0,-0.2143368343480514,443.12420816
HK.00700,腾讯控股,2022-02-08,438.9451832,434.57620256,440.27487296,433.62642416,23.721,0.00195,19745910,8833336146.0,-1.7183777913444935,442.17442976
HK.00700,腾讯控股,2022-02-09,444.07398656,446.73336608,447.4931888,440.84474,24.367,0.00243,24600715,11220834225.0,2.797475666726481,434.57620256
HK.00700,腾讯控股,2022-02-10,451.67221376,448.25301152,451.67221376,440.08491728,24.448,0.00196,19803243,9062644182.0,0.3401683320264558,446.73336608
HK.00700,腾讯控股,2022-02-11,442.93425248,441.22465136,447.4931888,436.85567072,24.075,0.00162,16344236,7412182007.0,-1.5679448836645211,448.25301152
HK.00700,腾讯控股,2022-02-14,434.76615824,436.47575936,437.0456264,430.20722192,23.81,0.00134,13541327,6051234310.0,-1.076297977767643,441.22465136
HK.00700,腾讯控股,2022-02-15,436.47575936,434.57620256,438.9451832,431.15700032,23.709,0.00145,14623875,6527542007.0,-0.4352032751567399,436.47575936
HK.00700,腾讯控股,2022-02-16,441.22465136,440.46482864,441.22465136,435.71593664,24.022,0.00127,12855207,5791775286.0,1.35502727607064,434.57620256
HK.00700,腾讯控股,2022-02-17,440.46482864,443.12420816,443.6940752,436.47575936,24.163,0.00135,13607280,6155226665.0,0.6037665999828503,440.46482864
HK.00700,腾讯控股,2022-02-18,443.12420816,434.57620256,446.73336608,432.67664576,23.709,0.0025,25303744,11424566219.0,-1.929031509132437,443.12420816
HK.00700,腾讯控股,2022-02-21,429.06748784,411.21165392,431.53691168,406.6527176,22.468,0.00479,48477052,20797554435.0,-5.376398546989965,434.57620256
HK.00700,腾讯控股,2022-02-22,398.67457904,410.64178688,411.02169824,398.67457904,22.438,0.00318,32179010,13401460073.0,-0.1385824148142663,411.21165392
HK.00700,腾讯控股,2022-02-23,408.36231872,410.83174256,416.91032432,408.36231872,22.448,0.00211,21311911,9032581492.0,0.0462582440631,410.64178688
HK.00700,腾讯控股,2022-02-24,402.47369264,394.49555408,405.7029392,390.5064848,21.58,0.00354,35768457,14606032206.0,-3.9763695906759713,410.83174256
HK.00700,腾讯控股,2022-02-25,398.86453472,390.88639616,405.13307216,387.27723824,21.389,0.00266,26877418,10903490925.0,-0.9148792382253488,394.49555408
HK.00700,腾讯控股,2022-02-28,387.08728256,388.22701664,392.21608592,381.76852352,21.248,0.0028,28269035,11244576931.0,-0.6803458872258789,390.88639616
HK.00700,腾讯控股,2022-03-01,388.22701664,397.53484496,405.13307216,387.46719392,21.742,0.00201,20329972,8287152488.0,2.3975220479390487,388.22701664
HK.00700,腾讯控股,2022-03-02,393.73573136,390.31652912,401.14400288,389.74666208,21.359,0.00146,14752584,5993045514.0,-1.8157693423645191,397.53484496
HK.00700,腾讯控股,2022-03-03,389.74666208,385.94754848,393.16586432,382.71830192,21.126,0.00207,20920748,8324243977.0,-1.119342972702227,390.31652912
HK.00700,腾讯控股,2022-03-04,370.94104976,371.13100544,373.98034064,368.09171456,20.34,0.00433,43750303,16744182240.0,-3.8390043150559863,385.94754848
HK.00700,腾讯控股,2022-03-07,357.64415216,356.69437376,365.43233504,350.04592496,19.573,0.00415,41987254,15542073699.0,-3.889901805127933,371.13100544
HK.00700,腾讯控股,2022-03-08,357.64415216,352.13543744,364.67251232,349.47605792,19.331,0.00336,33966565,12438151685.0,-1.2781071571001286,356.69437376
HK.00700,腾讯控股,2022-03-09,352.13543744,353.65508288,359.35375328,339.59836256,19.411,0.00346,34965774,12580449648.0,0.4315514084716237,352.13543744
HK.00700,腾讯控股,2022-03-10,363.72273392,353.84503856,366.95198048,350.23588064,19.421,0.00251,25335070,9328893319.0,0.0537121306028063,353.65508288
HK.00700,腾讯控股,2022-03-11,338.64858416,337.50885008,344.72716592,330.10057856,18.554,0.00504,50996746,17764065851.0,-4.61676346981757,353.84503856
HK.00700,腾讯控股,2022-03-14,323.45212976,303.31682768,329.7206672,301.60722656,16.738,0.00697,70448185,23161899121.0,-10.13070394802845,337.50885008
HK.00700,腾讯控股,2022-03-15,278.05272224,271.21431776,304.64651744,270.26453936,15.033,0.01233,124658842,36732201469.0,-10.583820939162752,303.31682768
HK.00700,腾讯控股,2022-03-16,287.55050624,336.74902736,340.35818528,282.99156992,18.513,0.01122,113433681,36894643424.0,24.163440242115943,271.21431776
HK.00700,腾讯控股,2022-03-17,369.04149296,358.59393056,369.04149296,343.0175648,19.691,0.00725,73377761,27026306015.0,6.486998157428019,336.74902736
HK.00700,腾讯控股,2022-03-18,349.09614656,350.04592496,361.25331008,340.54814096,19.283,0.00392,39708797,14335811261.0,-2.383756352666364,358.59393056
HK.00700,腾讯控股,2022-03-21,360.68344304,341.87783072,360.87339872,339.97827392,18.848,0.00319,32326534,11623169924.0,-2.3334350316842953,350.04592496
HK.00700,腾讯控股,2022-03-22,339.59836256,356.69437376,357.64415216,332.00013536,19.637,0.00323,32645568,11693148062.0,4.3338706721041635,341.87783072
HK.00700,腾讯控股,2022-03-23,367.14193616,357.64415216,371.5109168,354.03499424,19.688,0.0044,44491284,16689414029.0,0.2662723243958455,356.69437376
HK.00700,腾讯控股,2022-03-24,342.44769776,335.79924896,350.615792,334.84947056,12.794,0.00488,49413062,17498814444.0,-6.107999548732221,357.64415216
HK.00700,腾讯控股,2022-03-25,328.7708888,326.68137632,338.07871712,321.55257296,12.458,0.00398,40322110,13701108854.0,-2.7152748757595,335.79924896
HK.00700,腾讯控股,2022-03-28,328.20102176,336.17916032,342.0677864,324.40190816,12.808,0.0028,28357477,9838436921.0,2.9073539811147464,326.68137632
HK.00700,腾讯控股,2022-03-29,340.54814096,346.43676704,349.47605792,339.59836256,13.185,0.00217,22007230,7860991814.0,3.0512321793641433,336.17916032
HK.00700,腾讯控股,2022-03-30,351.94548176,349.6660136,357.2642408,349.28610224,13.304,0.0028,28377010,10346238235.0,0.9321315943429082,346.43676704
HK.00700,腾讯控股,2022-03-31,351.37561472,343.58743184,351.37561472,342.0677864,13.08,0.00152,15361008,5481517905.0,-1.73839650511575,349.6660136
HK.00700,腾讯控股,2022-04-01,336.74902736,347.95641248,347.95641248,332.19009104,13.241,0.00151,15263217,5400206964.0,1.2715775477010127,343.58743184
HK.00700,腾讯控股,2022-04-04,357.45419648,358.59393056,359.54370896,352.70530448,13.633,0.00163,16493906,6072683221.0,3.0571409804414613,347.95641248
HK.00700,腾讯控股,2022-04-06,351.94548176,350.04592496,353.84503856,349.09614656,13.318,0.00178,18033599,6542733571.0,-2.383756352666364,358.59393056
HK.00700,腾讯控股,2022-04-07,344.9171216,343.77738752,352.5153488,343.20752048,13.087,0.00165,16713431,5988239618.0,-1.790775721990279,350.04592496
HK.00700,腾讯控股,2022-04-08,339.59836256,339.2184512,341.68787504,335.79924896,12.919,0.00204,20637308,7229872455.0,-1.3261303638636677,343.77738752
HK.00700,腾讯控股,2022-04-11,335.79924896,324.0219968,335.98920464,323.45212976,12.36,0.00237,23993903,8134832014.0,-4.479843105892936,339.2184512
HK.00700,腾讯控股,2022-04-12,333.70973648,336.17916032,342.0677864,328.7708888,12.808,0.00275,27806294,9673661576.0,3.751956237558741,324.0219968
HK.00700,腾讯控股,2022-04-13,335.79924896,343.0175648,348.14636816,331.81017968,13.06,0.00225,22786493,8060083509.0,2.034154786242762,336.17916032
HK.00700,腾讯控股,2022-04-14,347.95641248,343.77738752,348.14636816,342.0677864,13.088,0.00158,15962010,5692242832.0,0.2215113154461961,343.0175648
HK.00700,腾讯控股,2022-04-19,335.60929328,333.89969216,337.3188944,331.05035696,12.724,0.00185,18679205,6466378256.0,-2.8732824550379603,343.77738752
HK.00700,腾讯控股,2022-04-20,334.4695592,332.00013536,338.45862848,331.620224,12.654,0.00113,11427511,3954556819.0,-0.5689004346520122,333.89969216
HK.00700,腾讯控股,2022-04-21,322.50235136,318.70323776,326.49142064,313.95434576,12.165,0.00268,27099544,8981529950.0,-4.0050880056364155,332.00013536
HK.00700,腾讯控股,2022-04-22,306.16616288,311.6748776,313.95434576,305.59629584,11.906,0.00292,29513514,9492674293.0,-2.2052992650462797,318.70323776
HK.00700,腾讯控股,2022-04-25,303.69673904,299.13780272,309.7753208,297.04829024,11.445,0.00268,27152040,8541441823.0,-4.022484897255632,311.6748776
HK.00700,腾讯控股,2022-04-26,303.69673904,307.11594128,312.624656,302.1770936,11.738,0.00284,28731257,9166022626.0,2.667044581947309,299.13780272
HK.00700,腾讯控股,2022-04-27,303.50678336,306.16616288,309.7753208,299.89762544,11.703,0.00244,24646409,7841694443.0,-0.3092572779001704,307.11594128
HK.00700,腾讯控股,2022-04-28,311.6748776,310.91505488,311.6748776,302.74696064,11.878,0.00221,22355939,7139684910.0,1.5510832272674469,306.16616288
HK.00700,腾讯控股,2022-04-29,310.15523216,346.62672272,356.69437376,308.63558672,13.192,0.00494,49977023,17416538204.0,11.485988625987618,310.91505488
HK.00700,腾讯控股,2022-05-03,348.14636816,349.09614656,353.65508288,335.22938192,13.282,0.00266,26923428,9653230997.0,0.7124158866409188,346.62672272
HK.00700,腾讯控股,2022-05-04,343.77738752,338.07871712,345.10707728,335.98920464,12.877,0.00147,14847495,5210118240.0,-3.1559871251991627,349.09614656
HK.00700,腾讯控股,2022-05-05,345.10707728,336.17916032,347.19658976,336.17916032,12.807,0.00223,22525172,7943627121.0,-0.5618681992708182,338.07871712
HK.00700,腾讯控股,2022-05-06,323.0722184,319.84297184,325.73159792,317.75345936,12.206,0.00238,24135379,8047736871.0,-4.859369767135474,336.17916032
HK.00700,腾讯控股,2022-05-10,303.50678336,312.24474464,316.23381392,301.60722656,11.926,0.00295,29900380,9625533995.0,-2.375611743565519,319.84297184
HK.00700,腾讯控股,2022-05-11,310.7250992,320.98270592,332.00013536,310.7250992,12.248,0.00253,25636286,8581870600.0,2.798433418014558,312.24474464
HK.00700,腾讯控股,2022-05-12,313.76439008,315.09407984,322.69230704,312.81461168,12.031,0.00208,21081652,6926588849.0,-1.834561791459146,320.98270592
HK.00700,腾讯控股,2022-05-13,320.60279456,324.78181952,327.44119904,320.60279456,12.388,0.00203,20518025,6902170419.0,3.0745546488589315,315.09407984
HK.00700,腾讯控股,2022-05-16,330.10057856,320.60279456,332.38004672,317.94341504,12.234,0.00162,16380687,5485265300.0,-1.286717638991073,324.78181952
HK.00700,腾讯控股,2022-05-17,324.78181952,338.07871712,339.02849552,324.78181952,12.877,0.00313,31709555,10958899113.0,5.450957651190854,320.60279456
HK.00700,腾讯控股,2022-05-18,344.53721024,335.4193376,344.53721024,328.20102176,12.779,0.00295,29842287,10299307581.0,-0.7866154789791389,338.07871712
HK.00700,腾讯控股,2022-05-19,313.00456736,312.81461168,314.5242128,305.40634016,11.947,0.00626,63330069,20388186584.0,-6.739243503890344,335.4193376
HK.00700,腾讯控股,2022-05-20,320.2228832,324.21195248,326.68137632,318.3233264,12.311,0.00295,29823439,9918517452.0,3.643480954674565,312.81461168
HK.00700,腾讯控股,2022-05-23,321.74252864,319.08314912,322.69230704,314.5242128,12.122,0.00177,17935417,5897417610.0,-1.581929142577306,324.21195248
HK.00700,腾讯控股,2022-05-24,315.28403552,310.7250992,319.84297184,309.20545376,11.814,0.00205,20741638,6706153712.0,-2.619395584834444,319.08314912
HK.00700,腾讯控股,2022-05-25,307.68580832,306.9259856,312.43470032,306.9259856,11.675,0.00224,22692879,7245483918.0,-1.222660676521235,310.7250992
HK.00700,腾讯控股,2022-05-26,307.875764,307.11594128,308.63558672,303.126872,11.682,0.00192,19474406,6153040768.0,0.0618897352821681,306.9259856
HK.00700,腾讯控股,2022-05-27,317.94341504,314.33425712,320.03292752,310.91505488,11.947,0.00216,21858583,7116127406.0,2.3503553120412617,307.11594128
HK.00700,腾讯控股,2022-05-30,318.13337072,322.12244,323.26217408,316.80368096,12.234,0.00232,23477452,7773740796.0,2.4776755010277975,314.33425712
HK.00700,腾讯控股,2022-05-31,321.1726616,333.89969216,334.4695592,318.70323776,12.667,0.00674,68180768,23316293289.0,3.656141484585796,322.12244
HK.00700,腾讯控股,2022-06-01,333.5197808,332.00013536,337.50885008,329.53071152,12.597,0.0028,28343739,9728483572.0,-0.5689004346520122,333.89969216
HK.00700,腾讯控股,2022-06-02,326.871332,330.6704456,332.19009104,325.73159792,12.548,0.00148,14932417,5066372935.0,-0.4005088005636432,332.00013536
HK.00700,腾讯控股,2022-06-06,333.5197808,338.83853984,340.54814096,327.8211104,12.849,0.00249,25163891,8641627925.0,2.470161560758491,330.6704456
HK.00700,腾讯控股,2022-06-07,343.0175648,338.83853984,345.67694432,334.4695592,12.849,0.00282,28519269,10014602784.0,0.0,338.83853984
HK.00700,腾讯控股,2022-06-08,345.8669,361.44326576,361.44326576,344.15729888,13.681,0.00494,49987353,18251431120.0,6.671238145068724,338.83853984
HK.00700,腾讯控股,2022-06-09,373.4104736,364.67251232,376.06985312,359.1637976,13.8,0.00407,41217088,15534387000.0,0.8934311041070193,361.44326576
HK.00700,腾讯控股,2022-06-10,354.79481696,366.19215776,367.90175888,353.4651272,13.856,0.0031,31329165,11715111840.0,0.4167151042814239,364.67251232
HK.00700,腾讯控股,2022-06-13,354.03499424,347.7664568,357.07428512,344.53721024,13.178,0.00259,26256663,9469439263.0,-5.031702773950735,366.19215776
HK.00700,腾讯控股,2022-06-14,338.64858416,346.8166784,349.09614656,338.64858416,13.143,0.0017,17169967,6080672023.0,-0.2731081107532547,347.7664568
HK.00700,腾讯控股,2022-06-15,346.8166784,350.42583632,352.70530448,346.05685568,13.276,0.00221,22365930,8037916132.0,1.0406529284146366,346.8166784
HK.00700,腾讯控股,2022-06-16,350.615792,338.83853984,352.89526016,335.4193376,12.849,0.0023,23314602,8202777815.0,-3.3066330387291245,350.42583632
HK.00700,腾讯控股,2022-06-17,333.32982512,340.54814096,345.48698864,333.32982512,12.912,0.00202,20513216,7202701520.0,0.5045474227362914,338.83853984
HK.00700,腾讯控股,2022-06-20,341.118008,341.87783072,344.9171216,335.98920464,12.975,0.00121,12255167,4295087327.0,0.3904557388719353,340.54814096
HK.00700,腾讯控股,2022-06-21,342.82760912,351.5655704,351.5655704,341.30796368,13.332,0.00156,15807135,5676243706.0,2.833684670221951,341.87783072
HK.00700,腾讯控股,2022-06-22,351.37561472,341.118008,351.37561472,341.118008,12.947,0.00143,14439301,5146621248.0,-2.9717251288609225,351.5655704
HK.00700,腾讯控股,2022-06-23,342.82760912,345.8669,350.04592496,340.1682296,13.122,0.00131,13288128,4731541678.0,1.3921551746397431,341.118008
HK.00700,腾讯控股,2022-06-24,350.04592496,354.60486128,356.3144624,345.10707728,13.444,0.00189,19160088,6940912420.0,2.526394193835847,345.8669
HK.00700,腾讯控股,2022-06-27,357.2642408,348.90619088,369.80131568,345.48698864,13.234,0.00597,60436183,22098932703.0,-1.6070480194292347,354.60486128
HK.00700,腾讯控股,2022-06-28,343.77738752,337.12893872,344.34725456,328.20102176,12.8,0.00609,61682883,21280735497.0,-3.375478127887551,348.90619088
HK.00700,腾讯控股,2022-06-29,331.620224,336.369116,341.49791936,328.01106608,12.772,0.00363,36825205,12740401126.0,-0.2253804502469761,337.12893872
HK.00700,腾讯控股,2022-06-30,331.620224,326.30146496,335.03942624,325.9215536,12.401,0.00347,35150511,11943779457.0,-2.9930366853299466,336.369116
HK.00700,腾讯控股,2022-07-04,326.30146496,319.2731048,328.20102176,316.80368096,12.142,0.004,40489018,13459613393.0,-2.15394686041681,326.30146496
HK.00700,腾讯控股,2022-07-05,320.2228832,320.98270592,325.35168656,319.65301616,12.205,0.00203,20516946,6813335399.0,0.5354666880164979,319.2731048
HK.00700,腾讯控股,2022-07-06,321.1726616,319.84297184,324.9717752,313.38447872,12.163,0.00258,26134851,8584681483.0,-0.3550764757662812,320.98270592
HK.00700,腾讯控股,2022-07-07,315.66394688,323.64208544,323.64208544,315.28403552,12.303,0.00197,19989592,6614921541.0,1.1878058717827595,319.84297184
HK.00700,腾讯控股,2022-07-08,328.96084448,324.59186384,328.96084448,320.79275024,12.338,0.00195,19746029,6594435267.0,0.293465665538741,323.64208544
HK.00700,腾讯控股,2022-07-11,316.80368096,314.90412416,318.51328208,312.81461168,11.981,0.00214,21687304,7049756973.0,-2.98459103854043,324.59186384
HK.00700,腾讯控股,2022-07-12,311.29496624,310.53514352,313.38447872,309.01549808,11.82,0.0018,18222212,5851406735.0,-1.3874002608426053,314.90412416
HK.00700,腾讯控股,2022-07-13,311.29496624,308.25567536,313.76439008,307.875764,11.736,0.00178,18040255,5778623253.0,-0.7340451499825856,310.53514352
HK.00700,腾讯控股,2022-07-14,307.49585264,307.875764,310.15523216,305.0264288,11.722,0.00174,17662009,5612694759.0,-0.1232455362115588,308.25567536
HK.00700,腾讯控股,2022-07-15,303.126872,298.37798,305.40634016,296.66837888,11.372,0.00274,27720680,8620244652.0,-3.0849404566966903,307.875764
HK.00700,腾讯控股,2022-07-18,299.70766976,305.59629584,306.73602992,294.5788664,11.646,0.00212,21449473,6691327196.0,2.419185169093243,298.37798
HK.00700,腾讯控股,2022-07-19,304.45656176,306.16616288,311.10501056,303.126872,11.667,0.00131,13324754,4219284350.0,0.1864770770318443,305.59629584
HK.00700,腾讯控股,2022-07-20,314.5242128,311.29496624,315.28403552,310.7250992,11.856,0.00166,16827895,5437362471.0,1.6751698854488406,306.16616288
HK.00700,腾讯控股,2022-07-21,307.875764,306.9259856,309.39540944,302.36704928,11.695,0.00198,20117626,6365385743.0,-1.403485797657149,311.29496624
HK.00700,腾讯控股,2022-07-22,310.34518784,305.0264288,312.24474464,303.126872,11.625,0.00157,15878689,5031086902.0,-0.6188973528215889,306.9259856
HK.00700,腾讯控股,2022-07-25,302.74696064,299.70766976,303.126872,295.14873344,11.428,0.00175,17738617,5480305247.0,-1.743704327826439,305.0264288
HK.00700,腾讯控股,2022-07-26,297.99806864,302.55700496,303.50678336,296.66837888,11.534,0.00144,14596414,4538649832.0,0.950704799207066,299.70766976
HK.00700,腾讯控股,2022-07-27,298.37798,293.81904368,301.03735952,293.629088,11.211,0.00206,20864182,6391684517.0,-2.888038001683417,302.55700496
HK.00700,腾讯控股,2022-07-28,297.99806864,294.38891072,299.13780272,293.629088,11.232,0.00159,16161031,4942120036.0,0.1939517033554384,293.81904368
HK.00700,腾讯控股,2022-07-29,294.38891072,281.09201312,296.85833456,279.382412,10.742,0.00386,39161084,11534928096.0,-4.516779374426575,294.38891072
HK.00700,腾讯控股,2022-08-01,276.5330768,274.25360864,279.19245632,274.25360864,10.49,0.00415,42108380,12079935501.0,-2.432799283087652,281.09201312
HK.00700,腾讯控股,2022-08-02,270.07458368,269.884628,270.64445072,263.2361792,10.329,0.00443,44948743,12463117000.0,-1.5930439937200316,274.25360864
HK.00700,腾讯控股,2022-08-03,273.6837416,277.10294384,280.71210176,272.7339632,10.595,0.00285,28852714,8279787726.0,2.674593174680554,269.884628
HK.00700,腾讯控股,2022-08-04,282.04179152,286.0308608,286.0308608,279.57236768,10.924,0.00206,20838568,6135442465.0,3.221877341424062,277.10294384
HK.00700,腾讯控股,2022-08-05,287.36055056,281.85183584,287.9304176,278.62258928,10.759,0.00171,17311912,5051926694.0,-1.4610398851060091,286.0308608
HK.00700,腾讯控股,2022-08-08,276.91298816,274.06365296,280.14223472,272.92391888,10.472,0.00156,15842591,4524987105.0,-2.7632187872003486,281.85183584
HK.00700,腾讯控股,2022-08-09,274.63352,272.7339632,278.81254496,271.21431776,10.423,0.00148,14943957,4251639398.0,-0.4851755224156185,274.06365296
HK.00700,腾讯控股,2022-08-10,274.25360864,270.45449504,274.44356432,267.22524848,10.339,0.0016,16170726,4527799671.0,-0.8357844887578056,272.7339632
HK.00700,腾讯控股,2022-08-11,273.87369728,278.05272224,279.00250064,272.92391888,10.619,0.00155,15647857,4475383063.0,2.8094290682342793,270.45449504
HK.00700,腾讯控股,2022-08-12,279.00250064,278.62258928,279.00250064,274.82347568,10.64,0.00114,11562365,3325123968.0,0.2049492755939074,278.05272224
HK.00700,腾讯控股,2022-08-15,276.34312112,275.01343136,280.14223472,273.6837416,10.507,0.00121,12236683,3501151012.0,-1.2953572534540525,278.62258928
HK.00700,腾讯控股,2022-08-16,276.5330768,277.4828552,280.3321904,267.60515984,10.598,0.00245,24774164,7049536942.0,0.8979284494536006,275.01343136
HK.00700,腾讯控股,2022-08-17,277.4828552,277.67281088,280.14223472,271.7841848,10.605,0.00183,18547813,5307986123.0,0.0684567267635527,277.4828552
HK.00700,腾讯控股,2022-08-18,289.8299744,286.60072784,289.8299744,283.56143696,10.934,0.00335,33909249,10075428795.0,3.2152650926483126,277.67281088
HK.00700,腾讯控股,2022-08-19,286.60072784,288.880196,293.629088,286.22081648,11.018,0.00242,24497056,7366823403.0,0.7953462565079653,286.60072784
HK.00700,腾讯控股,2022-08-22,286.22081648,284.70117104,289.45006304,282.42170288,10.864,0.00154,15556597,4616631942.0,-1.446629093259128,288.880196
HK.00700,腾讯控股,2022-08-23,286.0308608,286.79068352,287.9304176,283.1815256,10.941,0.00141,14245627,4212688236.0,0.7339318178309928,284.70117104
HK.00700,腾讯控股,2022-08-24,287.74046192,284.131304,289.26010736,281.66188016,10.843,0.00136,13740904,4052924856.0,-0.9272893691522436,286.79068352
HK.00700,腾讯控股,2022-08-25,286.60072784,298.37798,298.75789136,286.60072784,11.368,0.00202,20468994,6230189351.0,5.014116994303444,284.131304
HK.00700,腾讯控股,2022-08-26,303.31682768,297.61815728,303.88669472,294.95877776,11.34,0.00193,19558486,6033768222.0,-0.2546510704308636,298.37798
HK.00700,腾讯控股,2022-08-29,292.6793096,296.4784232,298.18802432,290.58979712,11.298,0.00129,13050394,3994891708.0,-0.382951796495305,297.61815728
HK.00700,腾讯控股,2022-08-30,296.4784232,297.04829024,297.23824592,287.74046192,11.319,0.00146,14785495,4487786371.0,0.1922119774684375,296.4784232
HK.00700,腾讯控股,2022-08-31,288.880196,300.46749248,307.49585264,288.69024032,11.444,0.00272,27592252,8547599001.0,1.1510593907938207,297.04829024
HK.00700,腾讯控股,2022-09-01,300.2775368,297.99806864,306.54607424,297.4282016,11.354,0.00249,25197811,7860184590.0,-0.8218605678830174,300.46749248
HK.00700,腾讯控股,2022-09-02,297.23824592,301.79718224,303.69673904,295.71860048,11.493,0.00265,26838732,8331245791.0,1.2748785981527824,297.99806864
HK.00700,腾讯控股,2022-09-05,297.4282016,292.6793096,298.18802432,289.8299744,11.158,0.00212,21447748,6514278105.0,-3.0211921040233944,301.79718224
HK.00700,腾讯控股,2022-09-06,292.6793096,288.12037328,295.14873344,285.65094944,10.99,0.00169,17091540,5099395572.0,-1.5576558268606722,292.6793096
HK.00700,腾讯控股,2022-09-07,283.37148128,285.65094944,286.41077216,280.52214608,10.899,0.00158,15981092,4693055880.0,-0.8570806055426776,288.12037328
HK.00700,腾讯控股,2022-09-08,281.09201312,276.34312112,284.70117104,274.82347568,10.556,0.00245,24821373,7162855154.0,-3.258462238003195,285.65094944
HK.00700,腾讯控股,2022-09-09,273.6837416,281.2819688,283.56143696,273.6837416,10.738,0.00178,18070136,5244168478.0,1.7872157121129784,276.34312112
HK.00700,腾讯控股,2022-09-13,282.80161424,279.19245632,282.99156992,278.81254496,10.661,0.00179,18081812,5262293784.0,-0.7428533328724327,281.2819688
HK.00700,腾讯控股,2022-09-14,275.01343136,274.25360864,278.62258928,273.6837416,10.479,0.00187,18940185,5407892183.0,-1.7689760479557206,279.19245632
HK.00700,腾讯控股,2022-09-15,273.87369728,274.63352,276.91298816,273.87369728,10.493,0.00139,14026325,4001259617.0,0.1385255646713062,274.25360864
HK.00700,腾讯控股,2022-09-16,272.16409616,268.17502688,274.06365296,268.17502688,10.255,0.00259,26263168,7361831657.0,-2.3516769256716943,274.63352
HK.00700,腾讯控股,2022-09-19,267.22524848,264.1859576,267.79511552,263.42613488,10.108,0.00238,24136401,6653187631.0,-1.4874872304142652,268.17502688
HK.00700,腾讯控股,2022-09-20,267.41520416,268.36498256,271.40427344,267.41520416,10.262,0.00157,15936618,4454161074.0,1.5818497689901412,264.1859576
HK.00700,腾讯控股,2022-09-21,265.51564736,261.3366224,266.46542576,261.3366224,10.003,0.00167,16944136,4642284965.0,-2.6189557568035555,268.36498256
HK.00700,腾讯控股,2022-09-22,257.5375088,258.4872872,260.766755359,254.87812928,9.898,0.00182,18464823,4949062056.0,-1.0902931146170596,261.3366224
HK.00700,腾讯控股,2022-09-23,254.30826224,250.88906,256.967641759,250.88906,9.596,0.00205,20715047,5458007410.0,-2.9394974438804913,258.4872872
HK.00700,腾讯控股,2022-09-26,249.17945888,258.67724288,262.85626784,249.17945888,9.882,0.00257,25949960,6971035398.0,3.1042337517626293,250.88906
HK.00700,腾讯控股,2022-09-27,257.917420159,256.39777472,258.67724288,251.07901568,9.798,0.00237,23931092,6349926990.0,-0.8812016606568919,258.67724288
HK.00700,腾讯控股,2022-09-28,255.44799632,249.9392816,255.44799632,249.369414559,9.561,0.00231,23331327,6121750510.0,-2.51893493500597,256.39777472
HK.00700,腾讯控股,2022-09-29,253.92835088,246.71003504,259.24710992,244.43056688,9.443,0.0021,21225117,5539714589.0,-1.2920124197076106,249.9392816
HK.00700,腾讯控股,2022-09-30,243.10087712,242.720965759,252.218749759,240.06158624,9.296,0.00234,23645923,6014748399.0,-1.6169059683175235,246.71003504
HK.00700,腾讯控股,2022-10-03,240.4414976,240.25154192,243.10087712,236.072516959,9.205,0.00146,14726898,3677985214.0,-1.0173920622299748,242.720965759
HK.00700,腾讯控股,2022-10-05,250.69910432,254.6881736,255.637952,247.27990208,9.736,0.00189,19100723,5020412119.0,6.008965255593314,240.25154192
HK.00700,腾讯控股,2022-10-06,254.6881736,253.54843952,258.10737584,250.88906,9.694,0.00108,10922601,2884643290.0,-0.447501768099377,254.6881736
HK.00700,腾讯控股,2022-10-07,249.74932592,246.71003504,250.319192959,246.140168,9.443,0.00104,10508800,2714042198.0,-2.697080089684624,253.54843952
HK.00700,腾讯控股,2022-10-10,242.3410544,240.25154192,244.620522559,239.30176352,9.205,0.00163,16508802,4158716898.0,-2.617847757572113,246.71003504
HK.00700,腾讯控股,2022-10-11,238.16202944,231.51358064,238.921852159,231.13366928,8.884,0.00222,22451589,5471081377.0,-3.6370052862801656,240.25154192
HK.00700,腾讯控股,2022-10-12,228.0943784,230.56380224,240.4414976,225.2450432,8.849,0.00334,33718502,8086479520.0,-0.4102473804665809,231.51358064
HK.00700,腾讯控股,2022-10-13,231.32362496,223.53544208,231.893492,223.53544208,8.594,0.00231,23330751,5543701791.0,-3.0483363354166055,230.56380224
HK.00700,腾讯控股,2022-10-14,227.1446,226.38477728,235.50264992,225.62495456,8.698,0.00328,33120480,7963716201.0,1.2746682018237978,223.53544208
HK.00700,腾讯控股,2022-10-17,222.58566368,224.48522048,227.90442272,218.40663872,8.638,0.00274,27710747,6445322534.0,-0.8390832735412089,226.38477728
HK.00700,腾讯控股,2022-10-18,229.0441568,231.32362496,233.41313744,226.57473296,8.889,0.0023,23299729,5605506972.0,3.0462604466244723,224.48522048
HK.00700,腾讯控股,2022-10-19,228.66424544,221.4459296,229.61402384,221.06601824,8.526,0.00218,22065533,5182927747.0,-4.270076332111785,231.32362496
HK.00700,腾讯控股,2022-10-20,214.7974808,210.42850016,216.88699328,209.0988104,8.121,0.00514,52023636,11558522041.0,-4.975223279064508,221.4459296
HK.00700,腾讯控股,2022-10-21,210.0485888,210.80841152,214.22761376,208.33898768,8.135,0.00276,27949610,6207433510.0,0.1805417800873585,210.42850016
HK.00700,腾讯控股,2022-10-24,202.4503616,185.54430608,204.3499184,184.59452768,7.205,0.00885,89566084,18235594802.0,-11.984391541986977,210.80841152
HK.00700,腾讯控股,2022-10-25,181.5552368,185.73426176,194.47222304,178.32599024,7.212,0.0076,76877873,15057096339.0,0.1023775312825256,185.54430608
HK.00700,腾讯控股,2022-10-26,184.21461632,190.67310944,197.13160256,181.74519248,7.394,0.00524,53011558,10691691421.0,2.6590934990668575,185.73426176
HK.00700,腾讯控股,2022-10-27,199.79098208,192.19275488,200.5508048,190.86306512,7.45,0.00445,44975846,9287007941.0,0.7969899082587726,190.67310944
HK.00700,腾讯控股,2022-10-28,189.153464,180.41550272,190.48315376,179.65568,7.016,0.00425,42991230,8295820033.0,-6.127833573827166,192.19275488
HK.00700,腾讯控股,2022-10-31,181.36528112,184.97443904,195.42200144,178.7059016,7.184,0.00515,52130621,10317200179.0,2.5269094125881923,180.41550272
HK.00700,腾讯控股,2022-11-01,187.06395152,205.67960816,209.85863312,187.06395152,7.946,0.0081,81958359,17278380058.0,11.19352988848507,184.97443904
HK.00700,腾讯控股,2022-11-02,203.97000704,208.71889904,210.0485888,198.651248,8.058,0.00366,37003477,7972954274.0,1.4776821616830964,205.67960816
HK.00700,腾讯控股,2022-11-03,204.3499184,199.98093776,208.33898768,198.84120368,7.736,0.00319,32254810,6874778662.0,-4.186473443559809,208.71889904
HK.00700,腾讯控股,2022-11-04,202.83027296,216.31712624,224.67517616,202.83027296,8.337,0.00699,70707475,16041578954.0,8.168872825071608,199.98093776
HK.00700,腾讯控股,2022-11-07,211.75818992,222.77561936,226.76468864,209.66867744,8.55,0.00459,46305799,10732444385.0,2.985659634195783,216.31712624
HK.00700,腾讯控股,2022-11-08,220.87606256,223.15553072,229.0441568,220.30619552,8.564,0.00246,24786144,5800512566.0,0.1705354298156238,222.77561936
HK.00700,腾讯控股,2022-11-09,221.4459296,214.60752512,225.62495456,211.75818992,8.25,0.0033,33332727,7550803431.0,-3.8305147859971496,223.15553072
HK.00700,腾讯控股,2022-11-10,207.1992536,209.47872176,212.32805696,207.1992536,8.062,0.00243,24487600,5377821005.0,-2.3898525259690473,214.60752512
HK.00700,腾讯控股,2022-11-11,229.9939352,235.122738559,237.40220672,222.77561936,9.003,0.00553,55816392,13379987102.0,12.241824173617196,209.47872176
HK.00700,腾讯控股,2022-11-14,245.38034528,237.21225104,252.40870544,233.98300448,9.08,0.00505,50955678,12793448150.0,0.888690091739335,235.122738559
HK.00700,腾讯控股,2022-11-15,238.5419408,263.2361792,263.42613488,234.93278288,10.034,0.00659,66439209,17667319307.0,10.970735299675423,237.21225104
HK.00700,腾讯控股,2022-11-16,260.95671104,269.31476096,271.59422912,255.637952,10.257,0.00645,65052165,17874981984.0,2.3091741334619784,263.2361792
HK.00700,腾讯控股,2022-11-17,273.30383024,267.0352928,274.06365296,256.77768608,10.174,0.00729,73512502,20347072222.0,-0.8463955528744969,269.31476096
HK.00700,腾讯控股,2022-11-18,274.63352,263.04622352,277.29289952,261.716533759,10.027,0.00467,47125987,13194749910.0,-1.4938359788223343,267.0352928
HK.00700,腾讯控股,2022-11-21,257.72746448,258.67724288,261.90648944,250.50914864,9.867,0.00327,32964384,8835178376.0,-1.6609174545582612,263.04622352
HK.00700,腾讯控股,2022-11-22,255.82790768,253.168528159,261.716533759,250.50914864,9.665,0.00297,29966396,7935212584.0,-2.12957068030738,258.67724288
HK.00700,腾讯控股,2022-11-23,253.54843952,257.5375088,260.19688832,253.168528159,9.826,0.00244,24616762,6584599929.0,1.725720283153091,253.168528159
HK.00700,腾讯控股,2022-11-24,261.716533759,256.017863359,264.565868959,254.6881736,9.77,0.00179,18082662,4856963853.0,-0.5900676169777498,257.5375088
HK.00700,腾讯控股,2022-11-25,252.7886168,248.9895032,253.54843952,244.620522559,9.512,0.00327,32973619,8521458805.0,-2.7452616261953953,256.017863359
HK.00700,腾讯控股,2022-11-28,235.6926056,246.140168,247.469857759,235.6926056,9.407,0.0035,35269989,8932255366.0,-1.1443595667208886,248.9895032
HK.00700,腾讯控股,2022-11-29,252.218749759,261.14666672,261.3366224,249.74932592,9.958,0.00346,34893167,9288042698.0,6.096728884982315,246.140168
HK.00700,腾讯控股,2022-11-30,259.05715424,262.47635648,267.60515984,255.637952,10.007,0.00487,49099582,13336875384.0,0.5091735524335427,261.14666672
HK.00700,腾讯控股,2022-12-01,272.7339632,269.31476096,278.24267792,267.60515984,10.258,0.00475,47958649,13516781502.0,2.6053411330864296,262.47635648
HK.00700,腾讯控股,2022-12-02,270.8344064,270.8344064,274.25360864,266.65538144,10.313,0.00262,26413725,7412911366.0,0.5642637019163171,269.31476096
HK.00700,腾讯控股,2022-12-05,284.131304,287.9304176,290.7797528,276.91298816,10.941,0.00624,62990631,18632821345.0,6.31234835604699,270.8344064
HK.00700,腾讯控股,2022-12-06,282.04179152,285.84090512,287.74046192,281.47192448,10.864,0.00303,30595616,9015662366.0,-0.7257004999391201,287.9304176
HK.00700,腾讯控股,2022-12-07,283.94134832,274.82347568,292.29939824,273.6837416,10.46,0.00429,43281202,12734708222.0,-3.854392161043126,285.84090512
HK.00700,腾讯控股,2022-12-08,278.62258928,291.15966416,291.7295312,278.62258928,11.06,0.00356,35895143,10688852348.0,5.944247826565431,274.82347568
HK.00700,腾讯控股,2022-12-09,292.48935392,298.94784704,299.89762544,288.31032896,11.345,0.00422,42536423,13010690391.0,2.674883865685533,291.15966416
HK.00700,腾讯控股,2022-12-12,292.10944256,291.34961984,298.18802432,289.26010736,11.066,0.00214,21594501,6532116382.0,-2.5416564378144977,298.94784704
HK.00700,腾讯控股,2022-12-13,289.8299744,292.10944256,298.37798,289.45006304,11.094,0.00212,21387361,6497226484.0,0.2607941346953735,291.34961984
HK.00700,腾讯控股,2022-12-14,295.71860048,298.37798,301.03735952,292.10944256,11.335,0.00253,25520157,7865015446.0,2.145955086238753,292.10944256
HK.00700,腾讯控股,2022-12-15,298.37798,291.34961984,299.89762544,289.8299744,11.077,0.00198,19964711,6040826831.0,-2.3555224014855174,298.37798
HK.00700,腾讯控股,2022-12-16,287.9304176,290.58979712,294.95877776,285.65094944,11.049,0.00262,26457332,7968428489.0,-0.2607941346953735,291.34961984
HK.00700,腾讯控股,2022-12-19,294.00899936,294.00899936,301.98713792,290.58979712,11.156,0.0026,26213670,8007002012.0,1.176642220025376,290.58979712
HK.00700,腾讯控股,2022-12-20,292.48935392,283.56143696,292.48935392,280.71210176,10.773,0.00303,30592842,9031816188.0,-3.5534838806779163,294.00899936
HK.00700,腾讯控股,2022-12-21,285.0810824,285.0810824,287.17059488,282.2317472,10.829,0.0016,16134157,4762831049.0,0.5359140002575171,283.56143696
HK.00700,腾讯控股,2022-12-22,292.6793096,297.23824592,299.13780272,290.20988576,11.274,0.00253,25534114,7812816080.0,4.264458173672201,285.0810824
HK.00700,腾讯控股,2022-12-23,291.7295312,293.81904368,299.3277584,290.96970848,11.149,0.00162,16322435,4990075213.0,-1.1503237846855896,297.23824592
HK.00700,腾讯控股,2022-12-28,298.37798,299.51771408,302.74696064,295.33868912,11.358,0.00253,25467407,7890186357.0,1.9395170335543264,293.81904368
HK.00700,腾讯控股,2022-12-29,296.4784232,308.06571968,308.8255424,296.4784232,11.673,0.00314,31678395,9991287673.0,2.8539232232911655,299.51771408
HK.00700,腾讯控股,2022-12-30,311.6748776,306.9259856,316.23381392,304.45656176,11.631,0.00284,28650195,9169263906.0,-0.369964591056697,308.06571968
HK.00700,腾讯控股,2023-01-03,306.9259856,317.56350368,318.13337072,301.98713792,12.012,0.00313,31541581,10134792220.0,3.465825175800953,306.9259856
HK.00700,腾讯控股,2023-01-04,322.12244,332.5700024,332.5700024,321.1726616,12.562,0.00391,39409110,13322863971.0,4.725511132765956,317.56350368
HK.00700,腾讯控股,2023-01-05,347.7,337.5,351.9,333.3,12.102,0.00426,40803927,14350263612.0,1.4823939514756364,332.5700024
HK.00700,腾讯控股,2023-01-06,343.3,339.1,349.1,336.5,12.158,0.00283,27092487,9537398638.0,0.4740740740740808,337.5
HK.00700,腾讯控股,2023-01-09,344.7,351.7,352.1,341.3,12.591,0.00296,28323733,10162059272.0,3.715718077263334,339.1
HK.00700,腾讯控股,2023-01-10,354.7,352.1,355.5,346.7,12.605,0.00208,19854116,7160873145.0,0.1137332954222445,351.7
HK.00700,腾讯控股,2023-01-11,359.5,363.5,368.5,356.3,13.001,0.00373,35722217,13341772544.0,3.237716557796074,352.1
HK.00700,腾讯控股,2023-01-12,368.7,353.7,369.3,346.1,12.66,0.00424,40547528,14789004984.0,-2.6960110041265506,363.5
HK.00700,腾讯控股,2023-01-13,354.3,361.1,362.1,345.9,12.922,0.00219,20970696,7669191824.0,2.0921685043822547,353.7
HK.00700,腾讯控股,2023-01-16,361.9,359.9,366.1,353.7,12.881,0.00209,19986153,7414939067.0,-0.3323179174743964,361.1
HK.00700,腾讯控股,2023-01-17,360.3,363.5,365.3,355.7,13.006,0.00168,16103837,5963511569.0,1.000277854959717,359.9
HK.00700,腾讯控股,2023-01-18,369.7,369.7,370.7,360.7,13.222,0.00283,27122730,10250085861.0,1.7056396148555677,363.5
HK.00700,腾讯控股,2023-01-19,366.7,372.5,374.7,364.3,13.319,0.00181,17351698,6617317560.0,0.757370841222616,369.7
HK.00700,腾讯控股,2023-01-20,379.7,381.5,381.9,374.7,13.633,0.00176,16863710,6573674938.0,2.4161073825503356,372.5
HK.00700,腾讯控股,2023-01-26,389.7,396.5,396.5,388.1,14.154,0.00248,23729091,9555141834.0,3.931847968545216,381.5
HK.00700,腾讯控股,2023-01-27,399.9,404.7,406.3,398.7,14.44,0.00195,18625209,7685459557.0,2.068095838587639,396.5
HK.00700,腾讯控股,2023-01-30,397.3,376.9,400.7,373.7,13.472,0.0056,53626689,21117886294.0,-6.8692858907833,404.7
HK.00700,腾讯控股,2023-01-31,379.7,371.9,386.7,363.5,13.299,0.00583,55756238,21309340456.0,-1.3266118333775538,376.9
HK.00700,腾讯控股,2023-02-01,375.3,374.7,376.7,363.3,13.396,0.00328,31418879,11975418789.0,0.7528905619790297,371.9
HK.00700,腾讯控股,2023-02-02,378.7,372.7,381.7,370.9,13.326,0.00248,23755405,9212435672.0,-0.5337603416066187,374.7
HK.00700,腾讯控股,2023-02-03,371.3,374.7,376.3,365.1,13.396,0.00271,25941959,9885038548.0,0.5366246310705661,372.7
HK.00700,腾讯控股,2023-02-06,364.9,366.5,369.7,358.3,13.111,0.00267,25591052,9592556756.0,-2.1884174005871335,374.7
HK.00700,腾讯控股,2023-02-07,370.7,369.7,375.7,367.1,13.209,0.00207,19801656,7560574438.0,0.8731241473396968,366.5
HK.00700,腾讯控股,2023-02-08,373.5,371.9,376.5,367.5,13.285,0.00181,17269537,6601541109.0,0.59507708953205,369.7
HK.00700,腾讯控股,2023-02-09,370.9,385.3,386.7,369.7,13.751,0.00279,26660695,10411377591.0,3.6031191180424935,371.9
HK.00700,腾讯控股,2023-02-10,384.7,373.1,386.9,372.3,13.327,0.00257,24606130,9553892006.0,-3.16636387230729,385.3
HK.00700,腾讯控股,2023-02-13,368.9,376.3,378.3,366.3,13.438,0.00213,20355691,7782878399.0,0.8576789064593912,373.1
HK.00700,腾讯控股,2023-02-14,376.7,368.3,377.3,367.7,13.16,0.00188,17932457,6831837559.0,-2.125963327132607,376.3
HK.00700,腾讯控股,2023-02-15,371.9,366.7,371.9,362.1,13.104,0.00173,16498472,6203887780.0,-0.4344284550638128,368.3
HK.00700,腾讯控股,2023-02-16,370.5,372.3,382.5,368.7,13.299,0.00229,21914350,8467285346.0,1.5271338969184682,366.7
HK.00700,腾讯控股,2023-02-17,374.9,363.5,377.1,362.7,12.993,0.00185,17721575,6704215655.0,-2.3636852001074433,372.3
HK.00700,腾讯控股,2023-02-20,361.3,366.7,368.5,358.9,13.104,0.00129,12312675,4611823354.0,0.8803301237964205,363.5
HK.00700,腾讯控股,2023-02-21,364.9,351.5,365.1,347.9,12.576,0.00307,29313236,10690717967.0,-4.145077720207251,366.7
HK.00700,腾讯控股,2023-02-22,345.3,345.7,352.7,337.3,12.374,0.00347,33151555,11783068387.0,-1.6500711237553374,351.5
HK.00700,腾讯控股,2023-02-23,340.5,345.7,353.1,338.1,12.374,0.00203,19433112,6926891168.0,0.0,345.7
HK.00700,腾讯控股,2023-02-24,340.7,339.1,344.9,337.1,12.145,0.00255,24415893,8549028187.0,-1.9091698004049655,345.7
HK.00700,腾讯控股,2023-02-27,334.7,339.1,344.1,332.5,12.145,0.00214,20480043,7154268934.0,0.0,339.1
HK.00700,腾讯控股,2023-02-28,341.9,333.3,347.3,333.3,11.943,0.00272,26006206,9075437622.0,-1.7104099085815423,339.1
HK.00700,腾讯控股,2023-03-01,337.1,358.5,360.5,335.7,12.832,0.00372,35607254,12867704100.0,7.560756075607557,333.3
HK.00700,腾讯控股,2023-03-02,357.9,352.5,358.7,352.1,12.623,0.00155,14796574,5402223022.0,-1.6736401673640169,358.5
HK.00700,腾讯控股,2023-03-03,361.9,357.3,364.5,354.1,12.79,0.00186,17784504,6570474541.0,1.3617021276595778,352.5
HK.00700,腾讯控股,2023-03-06,353.7,352.7,358.3,350.3,12.63,0.00132,12628083,4598925385.0,-1.2874335292471375,357.3
HK.00700,腾讯控股,2023-03-07,352.5,346.7,358.5,344.7,12.422,0.00178,17037998,6137583971.0,-1.701162461015027,352.7
HK.00700,腾讯控股,2023-03-08,339.7,339.3,341.3,334.7,12.164,0.00222,21208344,7385431276.0,-2.13441015286991,346.7
HK.00700,腾讯控股,2023-03-09,337.7,329.9,338.9,329.9,11.837,0.00181,17274863,5954164935.0,-2.770409666961401,339.3
HK.00700,腾讯控股,2023-03-10,322.7,321.3,327.9,320.3,11.538,0.00393,37596411,12533775053.0,-2.6068505607759827,329.9
HK.00700,腾讯控股,2023-03-13,330.1,334.5,341.3,327.1,11.997,0.00284,27127633,9329027129.0,4.108309990662928,321.3
HK.00700,腾讯控股,2023-03-14,331.1,331.3,342.3,328.7,11.886,0.00223,21324692,7365989508.0,-0.9566517189835542,334.5
HK.00700,腾讯控股,2023-03-15,340.1,334.3,343.5,333.9,11.99,0.00173,16570551,5773864536.0,0.9055236945366738,331.3
HK.00700,腾讯控股,2023-03-16,330.1,325.7,334.7,323.5,11.691,0.00248,23728825,8035602057.0,-2.5725396350583374,334.3
HK.00700,腾讯控股,2023-03-17,330.5,329.1,336.3,329.1,11.809,0.00303,29033159,9926040093.0,1.0439054344488898,325.7
HK.00700,腾讯控股,2023-03-20,326.7,324.5,329.1,320.7,11.649,0.00214,20437066,6833299619.0,-1.3977514433303015,329.1
HK.00700,腾讯控股,2023-03-21,324.5,333.3,336.7,320.1,11.955,0.00222,21276362,7210706944.0,2.7118644067796644,324.5
HK.00700,腾讯控股,2023-03-22,336.7,336.9,343.3,335.9,12.081,0.00205,19654793,6873877002.0,1.08010801080107,333.3
HK.00700,腾讯控股,2023-03-23,343.3,365.3,365.5,342.1,17.053,0.0049,46850205,17188995531.0,8.429801127931146,336.9
HK.00700,腾讯控股,2023-03-24,369.7,366.5,377.1,364.5,17.107,0.00347,33215505,12590328306.0,0.3284971256501474,365.3
HK.00700,腾讯控股,2023-03-27,364.3,352.5,367.7,352.3,16.472,0.0027,25798653,9482608808.0,-3.819918144611187,366.5
HK.00700,腾讯控股,2023-03-28,356.5,367.9,370.7,356.5,17.171,0.00328,31337657,11776617712.0,4.368794326241128,352.5
HK.00700,腾讯控股,2023-03-29,386.7,374.5,387.3,371.7,17.471,0.00377,36095299,14010524765.0,1.793965751562931,367.9
HK.00700,腾讯控股,2023-03-30,379.5,374.7,379.5,369.9,17.48,0.00264,25243232,9710991382.0,0.0534045393858447,374.5
HK.00700,腾讯控股,2023-03-31,379.7,375.5,383.7,373.7,17.517,0.00271,25957481,10092564504.0,0.2135041366426505,374.7
HK.00700,腾讯控股,2023-04-03,378.7,377.9,380.7,374.7,17.626,0.00196,18773494,7283136350.0,0.6391478029294214,375.5
HK.00700,腾讯控股,2023-04-04,372.9,374.7,378.3,371.9,17.48,0.00149,14254252,5484701478.0,-0.846784863720558,377.9
HK.00700,腾讯控股,2023-04-06,373.7,375.1,377.3,370.3,17.499,0.00156,14945689,5735688750.0,0.1067520683213328,374.7
HK.00700,腾讯控股,2023-04-11,378.7,366.3,379.7,361.1,17.1,0.00229,21931068,8304864538.0,-2.346041055718478,375.1
HK.00700,腾讯控股,2023-04-12,360.7,346.9,361.3,343.9,16.221,0.00423,40470596,14607065137.0,-5.296205296205305,366.3
HK.00700,腾讯控股,2023-04-13,339.7,352.9,353.7,337.1,16.494,0.00261,24956481,8897620125.0,1.7296050735082158,346.9
HK.00700,腾讯控股,2023-04-14,356.1,355.1,357.9,348.7,16.594,0.00133,12744724,4633061402.0,0.6234060640408177,352.9
HK.00700,腾讯控股,2023-04-17,354.3,360.7,361.7,350.1,16.849,0.00164,15710199,5769985870.0,1.577020557589402,355.1
HK.00700,腾讯控股,2023-04-18,360.7,355.1,360.7,350.7,16.594,0.00143,13686354,4986471516.0,-1.552536734128075,360.7
HK.00700,腾讯控股,2023-04-19,352.7,346.9,352.7,344.7,16.222,0.0017,16279391,5827612230.0,-2.3092086736130795,355.1
HK.00700,腾讯控股,2023-04-20,346.9,346.7,351.3,345.3,16.213,0.0011,10530854,3765348573.0,-0.0576535024502705,346.9
HK.00700,腾讯控股,2023-04-21,342.9,338.9,345.3,335.7,15.859,0.00173,16523648,5780344446.0,-2.2497836746466717,346.7
HK.00700,腾讯控股,2023-04-24,336.9,334.7,340.5,327.7,15.668,0.00214,20470625,7023120389.0,-1.239303629389197,338.9
HK.00700,腾讯控股,2023-04-25,331.3,328.1,331.3,322.7,15.368,0.00219,20949955,7056476865.0,-1.971915147893626,334.7
HK.00700,腾讯控股,2023-04-26,325.5,337.9,341.9,325.1,15.813,0.00261,25018346,8637974033.0,2.9868942395610953,328.1
HK.00700,腾讯控股,2023-04-27,336.7,334.7,337.7,329.9,15.668,0.00154,14757831,5078333682.0,-0.9470257472625004,337.9
HK.00700,腾讯控股,2023-04-28,337.7,334.1,344.5,333.5,15.641,0.00161,15394102,5356891792.0,-0.1792650134448658,334.7
HK.00700,腾讯控股,2023-05-02,341.7,335.5,344.1,331.9,15.704,0.0009,8648798,3003103170.0,0.4190362167015795,334.1
HK.00700,腾讯控股,2023-05-03,329.3,329.1,332.7,325.9,15.413,0.0011,10551544,3573459370.0,-1.9076005961251792,335.5
HK.00700,腾讯控股,2023-05-04,330.3,327.5,333.3,322.7,15.341,0.00184,17579228,5936738264.0,-0.4861744150714138,329.1
HK.00700,腾讯控股,2023-05-05,333.1,332.5,336.7,327.9,15.596,0.00155,14814925,5079655993.0,1.5267175572519085,327.5
HK.00700,腾讯控股,2023-05-08,333.7,330.5,337.3,327.3,15.505,0.00112,10715881,3652510235.0,-0.6015037593984963,332.5
HK.00700,腾讯控股,2023-05-09,327.9,318.1,328.9,317.9,14.941,0.00246,23541440,7831370563.0,-3.751891074130099,330.5
HK.00700,腾讯控股,2023-05-10,316.7,319.3,321.1,315.1,14.996,0.00162,15572919,5117818935.0,0.3772398616787138,318.1
HK.00700,腾讯控股,2023-05-11,322.3,316.1,323.3,312.9,14.85,0.00183,17571687,5746565382.0,-1.0021922956467235,319.3
HK.00700,腾讯控股,2023-05-12,321.5,317.9,324.1,316.7,14.932,0.00188,17991214,5943372305.0,0.569440050616879,316.1
HK.00700,腾讯控股,2023-05-15,314.7,330.7,334.1,314.7,15.514,0.00248,23740493,8025510416.0,4.026423403586037,317.9
HK.00700,腾讯控股,2023-05-16,337.7,334.5,337.7,332.5,15.687,0.00147,14121222,4865134531.0,1.1490777139401305,330.7
HK.00700,腾讯控股,2023-05-17,335.7,332.5,339.5,330.9,15.596,0.00204,19562717,6766317221.0,-0.5979073243647235,334.5
HK.00700,腾讯控股,2023-05-18,330.9,329.5,332.7,319.1,15.46,0.00359,34412000,11559354011.0,-0.9022556390977444,332.5
HK.00700,腾讯控股,2023-05-19,325.1,325.3,327.9,321.1,15.159,0.00237,22685856,7538059155.0,-1.2746585735963547,329.5
HK.00700,腾讯控股,2023-05-22,323.9,332.3,336.5,320.3,15.478,0.00209,20042131,6765009287.0,2.1518598217030434,325.3
HK.00700,腾讯控股,2023-05-23,337.3,327.7,337.7,326.1,15.269,0.00157,15019611,5098105798.0,-1.384291303039429,332.3
HK.00700,腾讯控股,2023-05-24,323.3,324.5,328.9,322.7,15.123,0.00141,13547979,4515574915.0,-0.976502898992978,327.7
HK.00700,腾讯控股,2023-05-25,321.9,314.5,322.7,310.5,14.668,0.00271,26028377,8426578871.0,-3.0816640986132513,324.5
HK.00700,腾讯控股,2023-05-29,319.3,305.3,319.3,303.3,14.249,0.00301,28838839,9139977298.0,-2.925278219395863,314.5
HK.00700,腾讯控股,2023-05-30,303.9,308.3,310.3,299.7,14.386,0.00227,21736553,6812911047.0,0.982640026203734,305.3
HK.00700,腾讯控股,2023-05-31,306.7,302.7,306.7,298.1,14.131,0.00335,32131907,9981997875.0,-1.8164125851443471,308.3
HK.00700,腾讯控股,2023-06-01,304.7,307.5,315.5,303.3,14.35,0.00239,22951704,7292374057.0,1.585728444003968,302.7
HK.00700,腾讯控股,2023-06-02,319.7,326.3,326.3,315.5,15.205,0.00334,32055423,10589659557.0,6.113821138211386,307.5
HK.00700,腾讯控股,2023-06-05,328.1,330.3,330.9,322.1,15.387,0.00207,19890895,6676336755.0,1.225865767698437,326.3
HK.00700,腾讯控股,2023-06-06,330.1,323.3,331.3,321.1,15.069,0.00174,16700158,5572482384.0,-2.1192854980320917,330.3
HK.00700,腾讯控股,2023-06-07,332.1,327.7,332.1,326.7,15.269,0.0019,18254900,6159602765.0,1.3609650479430797,323.3
HK.00700,腾讯控股,2023-06-08,324.9,326.9,327.3,320.3,15.233,0.00137,13133723,4361434994.0,-0.2441257247482488,327.7
HK.00700,腾讯控股,2023-06-09,328.5,328.1,332.1,325.9,15.288,0.00169,16184167,5451645038.0,0.3670847353931005,326.9
HK.00700,腾讯控股,2023-06-12,332.1,330.5,332.1,326.3,15.397,0.00141,13488760,4557765581.0,0.731484303565979,328.1
HK.00700,腾讯控股,2023-06-13,331.7,336.9,340.5,330.1,15.688,0.00241,23119808,7957106270.0,1.936459909228435,330.5
HK.00700,腾讯控股,2023-06-14,338.7,337.7,345.5,336.1,15.724,0.0023,22081967,7691036374.0,0.2374591867022889,336.9
HK.00700,腾讯控股,2023-06-15,345.1,347.1,347.1,340.1,16.152,0.00261,25008358,8813278392.0,2.783535682558494,337.7
HK.00700,腾讯控股,2023-06-16,351.1,355.1,356.5,347.9,16.516,0.00374,35853943,12946982000.0,2.304811293575338,347.1
HK.00700,腾讯控股,2023-06-19,351.7,349.3,352.1,342.5,16.252,0.00211,20273905,7189369317.0,-1.633342720360465,355.1
HK.00700,腾讯控股,2023-06-20,346.1,342.1,351.3,339.3,15.925,0.0017,16283873,5713762131.0,-2.061265387918691,349.3
HK.00700,腾讯控股,2023-06-21,333.7,332.5,338.1,329.1,15.503,0.00201,19304438,6568809205.0,-2.8061970184156744,342.1
HK.00700,腾讯控股,2023-06-23,332.1,329.1,332.9,325.1,15.348,0.00145,13898721,4679575009.0,-1.022556390977437,332.5
HK.00700,腾讯控股,2023-06-26,327.7,324.9,331.5,322.3,15.157,0.00189,18157220,6064114639.0,-1.2762078395624568,329.1
HK.00700,腾讯控股,2023-06-27,324.9,333.5,336.5,324.9,15.549,0.00182,17490624,5959539790.0,2.646968297937834,324.9
HK.00700,腾讯控股,2023-06-28,332.1,328.3,333.1,325.9,15.312,0.00166,15887756,5353375868.0,-1.559220389805094,333.5
HK.00700,腾讯控股,2023-06-29,331.1,325.7,331.1,323.3,15.194,0.00141,13517437,4513065378.0,-0.7919585744745729,328.3
HK.00700,腾讯控股,2023-06-30,323.1,323.7,325.9,321.5,15.102,0.00169,16197039,5367017503.0,-0.6140620202640468,325.7
HK.00700,腾讯控股,2023-07-03,323.9,330.1,332.1,323.9,15.355,0.00148,14198462,4784258458.0,1.9771393265369273,323.7
HK.00700,腾讯控股,2023-07-04,328.5,331.3,333.3,328.3,15.41,0.00099,9439642,3197624156.0,0.3635262041805479,330.1
HK.00700,腾讯控股,2023-07-05,331.9,327.5,333.1,325.3,15.237,0.00103,9861945,3314699528.0,-1.1469966797464568,331.3
HK.00700,腾讯控股,2023-07-06,324.3,318.9,329.1,317.5,14.847,0.00207,19781825,6504989785.0,-2.6259541984732895,327.5
HK.00700,腾讯控股,2023-07-07,315.3,318.7,323.7,312.1,14.838,0.00226,21595356,7015522376.0,-0.0627155848228249,318.9
HK.00700,腾讯控股,2023-07-10,325.9,320.9,327.9,319.5,14.937,0.00181,17287899,5712851267.0,0.6903043614684621,318.7
HK.00700,腾讯控股,2023-07-11,324.7,325.9,327.7,322.3,15.165,0.00129,12361269,4120721943.0,1.5581177937052042,320.9
HK.00700,腾讯控股,2023-07-12,330.7,332.1,333.1,327.9,15.446,0.00176,16847310,5716051811.0,1.9024240564590509,325.9
HK.00700,腾讯控股,2023-07-13,342.1,341.9,342.7,339.1,15.892,0.00285,27315463,9530812910.0,2.9509183980728557,332.1
HK.00700,腾讯控股,2023-07-14,346.9,344.7,346.9,340.9,16.019,0.00222,21213481,7461794508.0,0.8189529102076664,341.9
HK.00700,腾讯控股,2023-07-18,343.9,328.5,343.9,327.1,15.283,0.00304,29147987,9911756962.0,-4.699738903394253,344.7
HK.00700,腾讯控股,2023-07-19,322.7,325.1,325.9,319.1,15.128,0.00229,21913296,7240460689.0,-1.0350076103500692,328.5
HK.00700,腾讯控股,2023-07-20,328.1,324.9,333.9,322.7,15.119,0.00173,16564481,5556791373.0,-0.0615195324515673,325.1
HK.00700,腾讯控股,2023-07-21,324.9,325.1,329.5,323.1,15.128,0.00124,11843920,3952114060.0,0.0615574022776378,324.9
HK.00700,腾讯控股,2023-07-24,320.7,317.1,323.1,315.9,14.765,0.00182,17451591,5702816771.0,-2.4607812980621344,325.1
HK.00700,腾讯控股,2023-07-25,329.1,337.1,337.7,327.1,15.673,0.00305,29203653,9931910111.0,6.307158625039419,317.1
HK.00700,腾讯控股,2023-07-26,336.9,333.1,336.9,330.3,15.492,0.00156,14941840,5092535339.0,-1.1865915158706617,337.1
HK.00700,腾讯控股,2023-07-27,338.1,335.9,338.5,332.5,15.619,0.00143,13651548,4698584231.0,0.8405884118883081,333.1
HK.00700,腾讯控股,2023-07-28,335.9,342.5,344.1,330.7,15.919,0.00232,22244305,7739027960.0,1.964870497171784,335.9
HK.00700,腾讯控股,2023-07-31,352.1,346.5,355.1,342.9,16.101,0.00384,36796567,13119805014.0,1.167883211678832,342.5
HK.00700,腾讯控股,2023-08-01,348.1,346.1,353.1,339.3,16.082,0.00245,23436211,8303605274.0,-0.1154401154401088,346.5
HK.00700,腾讯控股,2023-08-02,343.7,335.5,344.5,332.3,15.601,0.0022,21038298,7251316786.0,-3.062698642010986,346.1
HK.00700,腾讯控股,2023-08-03,334.1,334.3,339.9,331.1,15.546,0.00174,16661383,5745551264.0,-0.357675111773469,335.5
HK.00700,腾讯控股,2023-08-04,340.7,335.5,342.7,331.3,15.601,0.00199,19099499,6574571115.0,0.3589590188453451,334.3
HK.00700,腾讯控股,2023-08-07,332.3,333.3,333.9,330.1,15.472,0.00099,9480118,3221321551.0,-0.6557377049180294,335.5
HK.00700,腾讯控股,2023-08-08,326.5,326.9,329.3,325.5,15.182,0.00161,15381749,5149851528.0,-1.9201920192019304,333.3
HK.00700,腾讯控股,2023-08-09,325.1,329.3,330.3,324.1,15.291,0.00125,11917732,3989808437.0,0.7341694707861837,326.9
HK.00700,腾讯控股,2023-08-10,329.3,331.9,333.7,327.7,15.409,0.00117,11185881,3786436144.0,0.7895535985423523,329.3
HK.00700,腾讯控股,2023-08-11,330.9,327.9,333.7,326.7,15.227,0.00129,12303930,4141506048.0,-1.2051822838204278,331.9
HK.00700,腾讯控股,2023-08-14,320.1,325.3,326.5,319.9,15.109,0.00165,15754526,5226439815.0,-0.7929246721561348,327.9
HK.00700,腾讯控股,2023-08-15,323.3,324.7,327.1,322.7,15.082,0.00113,10787439,3587997385.0,-0.1844451275745535,325.3
HK.00700,腾讯控股,2023-08-16,321.9,320.9,323.1,319.7,14.91,0.00173,16484843,5424343870.0,-1.1703110563597203,324.7
HK.00700,腾讯控股,2023-08-17,312.7,324.9,327.9,312.7,15.091,0.00302,28817958,9486311330.0,1.2464942349641632,320.9
HK.00700,腾讯控股,2023-08-18,321.5,317.1,324.9,317.1,14.737,0.00189,18108794,5944608803.0,-2.4007386888273174,324.9
HK.00700,腾讯控股,2023-08-21,313.1,310.1,317.9,310.1,14.42,0.00269,25696855,8249693136.0,-2.2075055187637966,317.1
HK.00700,腾讯控股,2023-08-22,310.3,311.1,316.7,306.5,14.465,0.00258,24679965,7873317693.0,0.3224766204450177,310.1
HK.00700,腾讯控股,2023-08-23,312.1,310.1,313.5,309.1,14.42,0.0018,17244848,5498780349.0,-0.3214400514304082,311.1
HK.00700,腾讯控股,2023-08-24,313.1,317.3,320.1,313.1,14.746,0.00234,22340826,7249199294.0,2.321831667204124,310.1
HK.00700,腾讯控股,2023-08-25,314.7,312.1,315.9,312.1,14.511,0.00131,12542511,4032148392.0,-1.6388276079420072,317.3
HK.00700,腾讯控股,2023-08-28,322.7,317.3,325.7,316.9,14.746,0.00203,19402834,6356409937.0,1.66613264979173,312.1
HK.00700,腾讯控股,2023-08-29,317.5,321.5,324.1,317.5,14.937,0.00161,15382479,5067422706.0,1.3236684525685434,317.3
HK.00700,腾讯控股,2023-08-30,325.9,317.9,326.1,317.1,14.774,0.00159,15190035,4992667676.0,-1.1197511664074722,321.5
HK.00700,腾讯控股,2023-08-31,323.1,317.1,323.9,314.1,14.737,0.0052,49737237,16198347014.0,-0.2516514627241128,317.9
HK.00700,腾讯控股,2023-09-04,322.1,325.5,326.7,320.5,15.118,0.00322,30748869,10160809676.0,2.649006622516549,317.1
HK.00700,腾讯控股,2023-09-05,324.1,321.1,327.1,319.5,14.919,0.00139,13250752,4370874310.0,-1.3517665130568286,325.5
HK.00700,腾讯控股,2023-09-06,321.1,319.7,321.1,315.3,14.855,0.00173,16488562,5381303850.0,-0.4360012457178555,321.1
HK.00700,腾讯控股,2023-09-07,318.7,313.7,319.3,312.3,14.583,0.00175,16724228,5391223905.0,-1.876759461995621,319.7
HK.00700,腾讯控股,2023-09-11,307.5,316.1,317.5,307.5,14.692,0.00197,18808064,6040944631.0,0.7650621613006166,313.7
HK.00700,腾讯控股,2023-09-12,320.1,314.1,320.1,311.9,14.601,0.00109,10399333,3355116160.0,-0.6327111673521038,316.1
HK.00700,腾讯控股,2023-09-13,318.1,312.3,318.1,311.1,14.52,0.00112,10662703,3421558267.0,-0.5730659025788001,314.1
HK.00700,腾讯控股,2023-09-14,314.5,311.9,314.7,310.5,14.502,0.00106,10153112,3249440578.0,-0.1280819724623868,312.3
HK.00700,腾讯控股,2023-09-15,312.1,309.3,313.9,309.1,14.384,0.00201,19218155,6120466277.0,-0.8336005129849201,311.9
HK.00700,腾讯控股,2023-09-18,309.3,304.3,311.1,304.3,14.157,0.00154,14736625,4644323052.0,-1.6165535079211122,309.3
HK.00700,腾讯控股,2023-09-19,304.9,304.5,306.9,300.9,14.166,0.00163,15579978,4858993927.0,0.0657246138678897,304.3
HK.00700,腾讯控股,2023-09-20,304.7,301.3,304.7,300.1,14.021,0.00143,13663748,4232881515.0,-1.0509031198686334,304.5
HK.00700,腾讯控股,2023-09-21,298.9,295.1,300.5,294.1,13.74,0.002,19116385,5800506675.0,-2.057749751078655,301.3
HK.00700,腾讯控股,2023-09-22,294.1,305.7,306.1,292.3,14.22,0.00222,21236877,6532964150.0,3.592002710945431,295.1
HK.00700,腾讯控股,2023-09-25,303.5,296.5,303.7,295.3,13.803,0.00192,18307015,5598702553.0,-3.0094864245992765,305.7
HK.00700,腾讯控股,2023-09-26,293.1,292.1,295.7,290.3,13.604,0.00167,15924558,4792868840.0,-1.4839797639123025,296.5
HK.00700,腾讯控股,2023-09-27,290.1,294.1,296.3,290.1,13.694,0.00149,14203461,4279249839.0,0.6846970215679561,292.1
HK.00700,腾讯控股,2023-09-28,293.9,289.5,294.7,288.5,13.486,0.00163,15604031,4656643911.0,-1.5640938456307454,294.1
HK.00700,腾讯控股,2023-09-29,289.7,298.3,300.5,289.3,13.885,0.00118,11252646,3427495227.0,3.0397236614853234,289.5
HK.00700,腾讯控股,2023-10-03,294.1,292.7,294.1,288.5,13.59,0.00159,15122710,4529560053.0,-1.8773047267851233,298.3
HK.00700,腾讯控股,2023-10-04,291.9,289.7,292.1,287.5,13.455,0.00115,10942209,3255192428.0,-1.0249402118209772,292.7
HK.00700,腾讯控股,2023-10-05,291.9,291.9,295.7,290.7,13.554,0.00113,10801914,3248496149.0,0.7594062823610592,289.7
HK.00700,腾讯控股,2023-10-06,295.9,297.3,299.5,293.9,13.798,0.00116,11076858,3377586513.0,1.8499486125385525,291.9
HK.00700,腾讯控股,2023-10-09,297.5,299.1,300.9,294.1,13.88,0.0012,11396304,3494379463.0,0.6054490413723549,297.3
HK.00700,腾讯控股,2023-10-10,300.1,300.3,306.9,298.1,13.934,0.00173,16445252,5092537962.0,0.4012036108324937,299.1
HK.00700,腾讯控股,2023-10-11,306.1,303.1,306.7,302.5,14.06,0.00172,16424531,5127315924.0,0.9324009324009362,300.3
HK.00700,腾讯控股,2023-10-12,308.7,308.7,309.3,306.9,14.314,0.00141,13451541,4253651016.0,1.8475750577367092,303.1
HK.00700,腾讯控股,2023-10-13,304.9,298.9,305.1,297.5,13.871,0.0014,13367440,4126234792.0,-3.1746031746031784,308.7
HK.00700,腾讯控股,2023-10-16,300.9,293.3,300.9,292.3,13.617,0.00131,12452816,3763941347.0,-1.873536299765797,298.9
HK.00700,腾讯控股,2023-10-17,296.7,294.3,296.7,292.1,13.663,0.00097,9202480,2778330474.0,0.3409478349812478,293.3
HK.00700,腾讯控股,2023-10-18,292.3,292.1,293.7,289.5,13.563,0.00126,12001017,3597465826.0,-0.7475365273530372,294.3
HK.00700,腾讯控股,2023-10-19,287.5,283.3,289.7,283.3,13.165,0.00181,17216427,5071175711.0,-3.0126668948990107,292.1
HK.00700,腾讯控股,2023-10-20,279.5,281.1,282.3,278.3,13.066,0.00202,19212180,5532516610.0,-0.7765619484645212,283.3
HK.00700,腾讯控股,2023-10-24,279.1,275.1,281.9,274.7,12.795,0.00227,21619960,6162879368.0,-2.134471718249733,281.1
HK.00700,腾讯控股,2023-10-25,284.5,279.9,288.5,277.3,13.012,0.00184,17506229,5096837025.0,1.744820065430736,275.1
HK.00700,腾讯控股,2023-10-26,278.9,279.7,282.3,275.1,13.002,0.0012,11446711,3278486902.0,-0.0714540907466911,279.9
HK.00700,腾讯控股,2023-10-27,279.7,284.9,286.7,279.1,13.238,0.00173,16455031,4795573277.0,1.8591347872720736,279.7
HK.00700,腾讯控股,2023-10-30,283.7,287.5,289.9,282.9,13.355,0.00151,14357754,4228011953.0,0.9126009126009206,284.9
HK.00700,腾讯控股,2023-10-31,287.5,281.3,287.5,280.1,13.075,0.00144,13727382,3984600481.0,-2.1565217391304308,287.5
HK.00700,腾讯控股,2023-11-01,280.9,279.1,282.1,276.5,12.975,0.00116,11006036,3157915344.0,-0.7820831852115139,281.3
HK.00700,腾讯控股,2023-11-02,282.1,280.7,286.3,278.9,13.048,0.0011,10477412,3037345195.0,0.5732712289501848,279.1
HK.00700,腾讯控股,2023-11-03,284.3,294.7,296.3,283.5,13.681,0.00226,21575201,6455647414.0,4.987531172069826,280.7
HK.00700,腾讯控股,2023-11-06,301.9,304.7,306.3,299.3,14.133,0.00282,26863379,8358214297.0,3.39328130302002,294.7
HK.00700,腾讯控股,2023-11-07,304.7,300.7,306.1,298.3,13.923,0.00141,13397743,4143070769.0,-1.3127666557269446,304.7
HK.00700,腾讯控股,2023-11-08,301.5,300.5,306.7,299.5,13.914,0.00135,12879809,4001595292.0,-0.0665114732291282,300.7
HK.00700,腾讯控股,2023-11-09,297.1,298.9,300.9,297.1,13.842,0.00108,10272208,3148081937.0,-0.532445923460906,300.5
HK.00700,腾讯控股,2023-11-10,296.7,294.9,296.7,293.3,13.661,0.00104,9871831,2987541086.0,-1.3382402141184344,298.9
HK.00700,腾讯控股,2023-11-13,294.3,301.9,303.9,292.3,13.977,0.00143,13586029,4154169988.0,2.3736859952526284,294.9
HK.00700,腾讯控股,2023-11-14,303.9,299.9,304.1,297.7,13.887,0.00131,12477388,3842261223.0,-0.662471016893011,301.9
HK.00700,腾讯控股,2023-11-15,308.7,314.7,315.7,306.1,14.555,0.00341,32454690,10350836032.0,4.934978326108707,299.9
HK.00700,腾讯控股,2023-11-16,322.1,316.9,322.1,308.3,14.654,0.00371,35296026,11408055349.0,0.6990784874483599,314.7
HK.00700,腾讯控股,2023-11-17,315.7,307.3,315.7,305.3,14.221,0.00231,21970164,6964405195.0,-3.0293467970968653,316.9
HK.00700,腾讯控股,2023-11-20,308.3,318.7,320.9,308.3,14.735,0.00292,27782719,9006002433.0,3.70972990562967,307.3
HK.00700,腾讯控股,2023-11-21,322.5,316.9,324.7,315.7,14.654,0.00254,24188659,7943866990.0,-0.5647944775651118,318.7
HK.00700,腾讯控股,2023-11-22,320.1,316.5,322.1,314.1,14.636,0.00149,14169841,4616781447.0,-0.1262227832123626,316.9
HK.00700,腾讯控股,2023-11-23,318.7,321.3,321.7,315.7,14.853,0.00153,14531153,4757635404.0,1.516587677725122,316.5
HK.00700,腾讯控股,2023-11-24,321.7,313.3,321.7,312.1,14.492,0.0016,15236522,4930730514.0,-2.489884842826019,321.3
HK.00700,腾讯控股,2023-11-27,317.1,314.9,317.1,310.1,14.564,0.00129,12232068,3932052873.0,0.5106926268751886,313.3
HK.00700,腾讯控股,2023-11-28,316.5,311.7,316.5,309.1,14.42,0.00159,15153725,4845979129.0,-1.016195617656395,314.9
HK.00700,腾讯控股,2023-11-29,315.1,309.1,316.1,305.7,14.303,0.00177,16856744,5350805912.0,-0.8341353865896586,311.7
HK.00700,腾讯控股,2023-11-30,309.5,319.1,319.1,309.1,14.754,0.00319,30308092,9825334888.0,3.2351989647363313,309.1
HK.00700,腾讯控股,2023-12-01,316.9,311.1,317.9,311.1,14.393,0.00159,15149684,4879489488.0,-2.5070510811657787,319.1
HK.00700,腾讯控股,2023-12-04,315.1,308.9,316.3,307.3,14.294,0.00157,14907238,4757921362.0,-0.7071681131469127,311.1
HK.00700,腾讯控股,2023-12-05,313.1,300.9,313.1,297.1,13.933,0.0025,23730039,7365272819.0,-2.589834898025251,308.9
HK.00700,腾讯控股,2023-12-06,298.7,303.7,306.9,294.5,14.059,0.00167,15896242,4923099459.0,0.9305417082087112,300.9
HK.00700,腾讯控股,2023-12-07,301.1,299.9,303.3,296.1,13.888,0.00144,13703651,4202919809.0,-1.2512347711557494,303.7
HK.00700,腾讯控股,2023-12-08,299.5,297.7,301.3,293.1,13.788,0.00175,16600566,5058680831.0,-0.733577859286425,299.9
HK.00700,腾讯控股,2023-12-11,292.9,299.3,300.7,290.5,13.86,0.00194,18402157,5572601512.0,0.5374538125629905,297.7
HK.00700,腾讯控股,2023-12-12,299.1,303.5,303.9,298.3,14.05,0.00137,12995914,4023372817.0,1.403274306715666,299.3
HK.00700,腾讯控股,2023-12-13,301.7,299.1,302.9,296.5,13.851,0.00149,14145125,4349541594.0,-1.449752883031294,303.5
HK.00700,腾讯控股,2023-12-14,302.1,298.5,306.1,296.7,13.824,0.00181,17198776,5291009888.0,-0.2006018054162563,299.1
HK.00700,腾讯控股,2023-12-15,303.1,306.5,311.5,301.1,14.185,0.00325,30917917,9741462274.0,2.680067001675042,298.5
HK.00700,腾讯控股,2023-12-18,301.7,303.7,304.7,301.7,14.059,0.00127,12094993,3761863748.0,-0.9135399673735762,306.5
HK.00700,腾讯控股,2023-12-19,303.1,303.9,306.5,298.7,14.068,0.00132,12530326,3892814250.0,0.0658544616397723,303.7
HK.00700,腾讯控股,2023-12-20,308.3,306.3,310.3,304.3,14.178,0.00149,14187408,4471236272.0,0.7897334649555887,303.9
HK.00700,腾讯控股,2023-12-21,301.3,304.7,305.7,301.1,14.106,0.00107,10167030,3167141141.0,-0.5223636957231547,306.3
HK.00700,腾讯控股,2023-12-22,309.1,266.1,309.1,255.7,12.364,0.01546,147014902,40572370982.0,-12.668198227765004,304.7
HK.00700,腾讯控股,2023-12-27,274.3,277.1,283.1,274.3,12.861,0.00678,64471032,18422333099.0,4.133784291619691,266.1
HK.00700,腾讯控股,2023-12-28,277.1,285.1,287.7,276.9,13.222,0.00398,37840686,10982107841.0,2.88704438830747,277.1
HK.00700,腾讯控股,2023-12-29,287.1,285.7,287.9,281.7,13.249,0.00206,19624685,5748957744.0,0.2104524728165436,285.1
HK.00700,腾讯控股,2024-01-02,292.1,288.7,297.1,286.5,13.347,0.00246,23354069,6962383856.0,1.0500525026251313,285.7
HK.00700,腾讯控股,2024-01-03,286.1,292.7,293.7,284.5,13.527,0.00215,20391718,6085147367.0,1.3855213023900244,288.7
HK.00700,腾讯控股,2024-01-04,296.5,290.9,296.5,290.1,13.446,0.00213,20217430,6060645067.0,-0.6149641270925902,292.7
HK.00700,腾讯控股,2024-01-05,287.5,284.3,288.7,281.7,13.149,0.0025,23745017,6955882327.0,-2.2688209006531337,290.9
HK.00700,腾讯控股,2024-01-08,286.5,280.1,286.7,277.3,12.96,0.00176,16718452,4808945707.0,-1.4773126978543751,284.3
HK.00700,腾讯控股,2024-01-09,278.1,275.7,281.3,275.5,12.762,0.00179,16927478,4836417346.0,-1.570867547304546,280.1
HK.00700,腾讯控股,2024-01-10,274.1,272.3,277.3,268.9,12.609,0.00202,19146068,5366550706.0,-1.2332245194051423,275.7
HK.00700,腾讯控股,2024-01-11,272.7,279.5,284.5,272.1,12.933,0.00217,20604580,5923778710.0,2.6441424899008403,272.3
HK.00700,腾讯控股,2024-01-12,277.7,280.5,285.1,276.9,12.978,0.00166,15770055,4564846573.0,0.3577817531305903,279.5
HK.00700,腾讯控股,2024-01-15,282.1,281.5,285.9,279.7,13.023,0.00172,16334371,4735733149.0,0.35650623885918,280.5
HK.00700,腾讯控股,2024-01-16,275.9,274.5,280.9,272.1,12.708,0.00234,22236094,6296367933.0,-2.4866785079928952,281.5
HK.00700,腾讯控股,2024-01-17,269.1,266.7,270.9,264.3,12.357,0.00381,36114167,9920052518.0,-2.841530054644813,274.5
HK.00700,腾讯控股,2024-01-18,266.7,269.7,271.3,263.3,12.451,0.0026,24604079,6776282696.0,1.124859392575928,266.7
HK.00700,腾讯控股,2024-01-19,267.1,263.3,274.7,260.3,12.164,0.00285,26897479,7357692839.0,-2.373007044864656,269.7
HK.00700,腾讯控股,2024-01-22,262.7,254.3,263.7,252.3,11.761,0.00356,33654810,8880717645.0,-3.418154196733764,263.3
HK.00700,腾讯控股,2024-01-23,258.9,264.1,270.3,255.3,12.2,0.00377,35610787,9683595311.0,3.8537160833661073,254.3
HK.00700,腾讯控股,2024-01-24,271.7,273.9,276.5,264.3,12.64,0.00358,33863638,9417935656.0,3.710715638015886,264.1
HK.00700,腾讯控股,2024-01-25,277.1,282.9,284.1,272.9,13.043,0.00361,34160783,9841462621.0,3.285870755750274,273.9
HK.00700,腾讯控股,2024-01-26,280.3,274.9,282.3,273.3,12.685,0.00263,24815795,7079875596.0,-2.827854365500177,282.9
HK.00700,腾讯控股,2024-01-29,278.1,274.1,280.5,271.5,12.649,0.00213,20159014,5699930982.0,-0.2910149145143523,274.9
HK.00700,腾讯控股,2024-01-30,269.3,265.9,272.1,265.1,12.281,0.00228,21505998,5913403599.0,-2.9916089018606513,274.1
HK.00700,腾讯控股,2024-01-31,265.9,262.7,270.1,260.499999999,12.137,0.00212,20052974,5438242133.0,-1.2034599473486232,265.9
HK.00700,腾讯控股,2024-02-01,262.1,263.7,269.9,260.1,12.182,0.00183,17329472,4720877744.0,0.3806623524933384,262.7
HK.00700,腾讯控股,2024-02-02,276.7,271.5,279.7,267.1,12.532,0.00329,31053753,8741240897.0,2.957906712172929,263.7
HK.00700,腾讯控股,2024-02-05,270.5,271.7,275.5,265.9,12.541,0.00216,20456590,5693719708.0,0.0736648250460363,271.5
HK.00700,腾讯控股,2024-02-06,271.9,282.9,284.7,271.7,13.043,0.00305,28856902,8307954181.0,4.122193595877802,271.7
HK.00700,腾讯控股,2024-02-07,287.1,284.3,289.1,280.9,13.077,0.00279,26343654,7718411659.0,0.494874513962543,282.9
HK.00700,腾讯控股,2024-02-08,282.1,279.3,285.3,278.5,12.854,0.0019,17910672,5168657520.0,-1.758705592683785,284.3
HK.00700,腾讯控股,2024-02-09,276.7,279.3,279.5,273.5,12.854,0.00071,6732059,1913725595.0,0.0,279.3
HK.00700,腾讯控股,2024-02-14,279.1,282.1,283.3,274.1,12.979,0.00123,11567444,3330238325.0,1.0025062656641646,279.3
HK.00700,腾讯控股,2024-02-15,280.7,277.5,282.1,277.1,12.773,0.00133,12568028,3601580022.0,-1.630627437079058,282.1
HK.00700,腾讯控股,2024-02-16,277.7,283.9,283.9,272.5,13.06,0.00183,17215356,4948591634.0,2.306306306306298,277.5
HK.00700,腾讯控股,2024-02-19,283.5,276.9,283.5,275.9,12.746,0.00163,15415304,4415094331.0,-2.4656569214512154,283.9
HK.00700,腾讯控股,2024-02-20,279.1,276.3,279.9,272.5,12.719,0.00167,15773028,4459365127.0,-0.2166847237269649,276.9
HK.00700,腾讯控股,2024-02-21,272.9,280.9,286.7,272.9,12.925,0.00254,23947218,6932698628.0,1.664857039449861,276.3
HK.00700,腾讯控股,2024-02-22,280.3,283.5,283.5,278.9,13.042,0.00132,12441270,3603265882.0,0.9255962976148178,280.9
HK.00700,腾讯控股,2024-02-23,282.1,282.9,288.5,279.1,13.015,0.0014,13229798,3842413526.0,-0.2116402116402196,283.5
HK.00700,腾讯控股,2024-02-26,279.5,279.3,282.3,277.5,12.854,0.00132,12412426,3559023840.0,-1.2725344644750676,282.9
HK.00700,腾讯控股,2024-02-27,278.3,276.7,278.3,270.3,12.737,0.0025,23612599,6662498545.0,-0.9308986752595856,279.3
HK.00700,腾讯控股,2024-02-28,277.1,269.1,277.9,268.5,12.397,0.00275,25903478,7245008449.0,-2.7466570292735693,276.7
HK.00700,腾讯控股,2024-02-29,267.3,269.3,271.1,266.7,12.406,0.00315,29721885,8231584617.0,0.074321813452244,269.1
HK.00700,腾讯控股,2024-03-01,265.1,269.5,271.1,263.9,12.415,0.00296,27952651,7713358074.0,0.0742666171555843,269.3
HK.00700,腾讯控股,2024-03-04,269.5,268.3,272.1,266.9,12.361,0.00147,13832089,3823469208.0,-0.4452690166975839,269.5
HK.00700,腾讯控股,2024-03-05,262.3,260.3,265.3,258.3,12.003,0.00276,26055083,7021429162.0,-2.981736861721953,268.3
HK.00700,腾讯控股,2024-03-06,258.1,266.7,269.1,257.9,12.29,0.00247,23289346,6357883429.0,2.4587014982712168,260.3
HK.00700,腾讯控股,2024-03-07,266.9,263.1,267.7,261.3,12.129,0.00182,17159729,4665844767.0,-1.349831271091101,266.7
HK.00700,腾讯控股,2024-03-08,264.1,262.1,267.7,262.1,12.084,0.00132,12416156,3380545324.0,-0.3800836183960471,263.1
HK.00700,腾讯控股,2024-03-11,263.3,270.7,270.7,263.3,12.469,0.00189,17866889,4936584620.0,3.28119038534909,262.1
HK.00700,腾讯控股,2024-03-12,274.1,282.9,284.7,272.3,13.015,0.00387,36531141,10506831805.0,4.506834133727369,270.7
HK.00700,腾讯控股,2024-03-13,283.5,282.7,286.1,280.7,13.006,0.00213,20074418,5850784424.0,-0.0706963591375004,282.9
HK.00700,腾讯控股,2024-03-14,281.5,281.3,286.1,278.9,12.943,0.00151,14227432,4114240447.0,-0.4952246197382303,282.7
HK.00700,腾讯控股,2024-03-15,275.1,275.9,278.3,271.7,12.701,0.00309,29183023,8265577655.0,-1.9196587273373744,281.3
HK.00700,腾讯控股,2024-03-18,274.3,281.9,283.5,274.3,12.97,0.00208,19633305,5654374640.0,2.1747009786154408,275.9
HK.00700,腾讯控股,2024-03-19,281.1,277.1,283.3,277.1,12.755,0.00166,15635351,4493812251.0,-1.7027314650585152,281.9
HK.00700,腾讯控股,2024-03-20,277.5,280.9,282.3,275.1,12.925,0.00166,15622235,4499879183.0,1.371346084446032,277.1
HK.00700,腾讯控股,2024-03-21,287.3,283.3,290.3,281.7,21.602,0.00391,36868686,10838694493.0,0.8543965824136825,280.9
HK.00700,腾讯控股,2024-03-22,279.5,280.9,282.5,274.5,21.491,0.00279,26432205,7578583691.0,-0.8471584892340395,283.3
HK.00700,腾讯控股,2024-03-25,280.9,280.7,282.7,277.1,21.478,0.00223,21127168,6091145042.0,-0.0711997152011351,280.9
HK.00700,腾讯控股,2024-03-26,278.1,291.5,292.7,278.1,22.281,0.00359,33998571,10047178514.0,3.8475240470252983,280.7
HK.00700,腾讯控股,2024-03-27,288.1,294.1,299.7,287.9,22.475,0.0041,38753084,11767791351.0,0.8919382504288244,291.5
HK.00700,腾讯控股,2024-03-28,294.1,295.9,301.7,293.5,22.609,0.00317,30000843,9153818094.0,0.6120367222033167,294.1
HK.00700,腾讯控股,2024-04-02,301.1,301.3,304.5,299.9,23.011,0.00281,26561604,8219109343.0,1.824940858398119,295.9
HK.00700,腾讯控股,2024-04-03,304.1,300.5,304.1,298.5,22.951,0.00208,19696947,6080044192.0,-0.2655160969133791,301.3
HK.00700,腾讯控股,2024-04-05,301.7,302.1,303.7,296.5,23.07,0.00144,13582369,4191612734.0,0.532445923460906,300.5
HK.00700,腾讯控股,2024-04-08,297.3,297.5,303.1,296.5,22.728,0.00229,21656541,6642553971.0,-1.5226746110559493,302.1
HK.00700,腾讯控股,2024-04-09,299.5,297.1,300.9,295.1,22.658,0.00189,17879375,5461280620.0,-0.1344537815125974,297.5
HK.00700,腾讯控股,2024-04-10,298.5,306.3,307.3,298.5,23.341,0.00262,24730145,7718209929.0,3.096600471221807,297.1
HK.00700,腾讯控股,2024-04-11,301.9,307.1,308.7,301.1,23.402,0.00199,18834968,5912379640.0,0.2611818478615773,306.3
HK.00700,腾讯控股,2024-04-12,306.1,301.7,310.1,301.5,23.001,0.00244,23031342,7201400890.0,-1.7583848909150224,307.1
HK.00700,腾讯控股,2024-04-15,296.7,296.5,300.9,295.9,22.615,0.00194,18295291,5593339139.0,-1.7235664567451074,301.7
HK.00700,腾讯控股,2024-04-16,293.3,293.9,300.5,292.1,22.421,0.00208,19691636,5979713952.0,-0.8768971332209182,296.5
HK.00700,腾讯控股,2024-04-17,293.9,292.9,296.1,289.9,22.347,0.00153,14410544,4332377122.0,-0.3402517863218782,293.9
HK.00700,腾讯控股,2024-04-18,294.3,296.5,300.9,290.7,22.615,0.00202,19058907,5817112793.0,1.2290884260839956,292.9
HK.00700,腾讯控股,2024-04-19,295.5,295.9,297.5,291.7,22.57,0.00206,19472600,5891457574.0,-0.2023608768971408,296.5
HK.00700,腾讯控股,2024-04-22,300.1,312.5,314.7,298.9,23.803,0.00435,41133325,13065634056.0,5.6100033795201165,295.9
HK.00700,腾讯控股,2024-04-23,318.1,324.5,325.7,317.3,24.695,0.00464,43821652,14443015826.0,3.84,312.5
HK.00700,腾讯控股,2024-04-24,329.9,336.3,337.1,327.5,25.572,0.00439,41472682,14131709369.0,3.63636363636364,324.5
HK.00700,腾讯控股,2024-04-25,332.3,331.5,338.5,328.5,25.215,0.00294,27727556,9447179394.0,-1.427297056199825,336.3
HK.00700,腾讯控股,2024-04-26,332.1,340.5,343.9,332.1,25.884,0.00313,29599531,10298055730.0,2.7149321266968327,331.5
HK.00700,腾讯控股,2024-04-29,340.5,339.7,346.9,337.3,25.824,0.00269,25416523,8909313770.0,-0.2349486049926611,340.5
HK.00700,腾讯控股,2024-04-30,341.7,339.3,342.9,336.1,25.794,0.00169,15957023,5549476351.0,-0.1177509567265167,339.7
HK.00700,腾讯控股,2024-05-02,341.1,352.5,353.3,337.5,26.775,0.00238,22479610,8048229558.0,3.890362511052163,339.3
HK.00700,腾讯控股,2024-05-03,363.1,356.5,364.7,352.7,27.072,0.0025,23592345,8612647977.0,1.1347517730496457,352.5
HK.00700,腾讯控股,2024-05-06,356.7,362.3,365.1,355.1,27.503,0.00277,26208326,9662184937.0,1.62692847124825,356.5
HK.00700,腾讯控股,2024-05-07,359.5,357.9,363.3,355.5,27.176,0.00205,19408056,7119649470.0,-1.2144631520839178,362.3
HK.00700,腾讯控股,2024-05-08,358.5,353.5,363.9,351.9,26.776,0.00213,20058148,7307654402.0,-1.2293936853869734,357.9
HK.00700,腾讯控股,2024-05-09,353.1,361.9,362.1,352.5,27.398,0.0017,16026030,5882164677.0,2.3762376237623695,353.5
HK.00700,腾讯控股,2024-05-10,365.9,363.1,366.3,357.1,27.487,0.00167,15693045,5809252084.0,0.3315833103067271,361.9
HK.00700,腾讯控股,2024-05-13,360.7,370.3,372.1,360.1,28.021,0.00218,20558084,7727774454.0,1.9829248141007951,363.1
HK.00700,腾讯控股,2024-05-14,373.1,373.9,376.9,370.7,28.287,0.00229,21603101,8251923622.0,0.972184715095859,370.3
HK.00700,腾讯控股,2024-05-16,392.1,389.1,393.1,386.7,29.413,0.0062,58430778,23268551890.0,4.0652580903985145,373.9
HK.00700,腾讯控股,2024-05-17,392.5,390.5,395.7,389.7,29.265,0.00296,27916392,11081611102.0,0.3598046774608011,389.1
HK.00700,腾讯控股,2024-05-20,392.5,390.5,395.3,388.3,29.265,0.00237,22331961,8829405381.0,0.0,390.5
HK.00700,腾讯控股,2024-05-21,388.9,379.1,388.9,375.1,28.421,0.00326,30679849,11791772111.0,-2.919334186939815,390.5
HK.00700,腾讯控股,2024-05-22,374.7,379.9,382.3,372.1,28.48,0.00238,22374764,8564093703.0,0.2110261144816551,379.1
HK.00700,腾讯控股,2024-05-23,376.1,377.3,379.5,371.9,28.287,0.00195,18323988,6982435896.0,-0.6843906291129155,379.9
HK.00700,腾讯控股,2024-05-24,373.7,372.5,378.1,370.3,27.934,0.00203,19143321,7222647941.0,-1.2721971905645404,377.3
HK.00700,腾讯控股,2024-05-27,367.5,372.9,373.1,357.9,27.963,0.00341,32132068,11927773448.0,0.1073825503355643,372.5
HK.00700,腾讯控股,2024-05-28,372.7,375.7,381.5,368.9,28.171,0.00176,16614787,6330014080.0,0.7508715473317275,372.9
HK.00700,腾讯控股,2024-05-29,372.9,366.5,375.3,365.1,27.489,0.00291,27378220,10232747364.0,-2.4487623103540033,375.7
HK.00700,腾讯控股,2024-05-30,365.5,363.5,369.7,361.3,27.267,0.00234,22006500,8119057639.0,-0.8185538881309686,366.5
HK.00700,腾讯控股,2024-05-31,366.7,355.3,374.5,355.3,26.659,0.00425,40035868,14674997389.0,-2.255845942228333,363.5
HK.00700,腾讯控股,2024-06-03,362.3,370.5,374.5,362.1,27.744,0.00299,28125374,10465478719.0,4.278074866310157,355.3
HK.00700,腾讯控股,2024-06-04,370.5,372.9,375.1,369.3,27.922,0.00192,18043066,6808408201.0,0.6477732793522206,370.5
HK.00700,腾讯控股,2024-06-05,373.1,376.3,383.3,373.1,28.174,0.00215,20205424,7734931399.0,0.9117725931885317,372.9
HK.00700,腾讯控股,2024-06-06,382.9,377.1,386.5,374.5,28.233,0.00201,18888938,7252563273.0,0.2125963327132637,376.3
HK.00700,腾讯控股,2024-06-07,378.5,370.3,380.1,368.3,27.73,0.00268,25247259,9484569639.0,-1.8032352161230472,377.1
HK.00700,腾讯控股,2024-06-11,362.9,369.3,373.3,362.9,27.656,0.00282,26496779,9897549378.0,-0.2700513097488523,370.3
HK.00700,腾讯控股,2024-06-12,369.3,366.3,373.3,365.1,27.434,0.00159,14960058,5568239314.0,-0.8123476848090982,369.3
HK.00700,腾讯控股,2024-06-13,371.9,375.3,376.1,369.1,28.1,0.00163,15337042,5782500207.0,2.457002457002457,366.3
HK.00700,腾讯控股,2024-06-14,379.1,375.3,379.1,374.1,28.1,0.00222,20859332,7947024569.0,0.0,375.3
HK.00700,腾讯控股,2024-06-17,371.7,376.7,381.3,370.3,28.203,0.00162,15281150,5828851506.0,0.3730349054090001,375.3
HK.00700,腾讯控股,2024-06-18,376.9,372.5,379.3,372.5,27.894,0.00152,14278934,5421694736.0,-1.114945580037162,376.7
HK.00700,腾讯控股,2024-06-19,375.9,384.5,386.5,373.9,28.782,0.00237,22313477,8621510893.0,3.2214765100671143,372.5
HK.00700,腾讯控股,2024-06-20,387.5,383.1,387.5,381.1,28.679,0.00149,14049005,5458760162.0,-0.364109232769825,384.5
HK.00700,腾讯控股,2024-06-21,379.3,376.9,380.7,373.5,28.22,0.00275,25855005,9865327581.0,-1.6183764030279415,383.1
HK.00700,腾讯控股,2024-06-24,373.1,375.9,376.5,369.5,28.146,0.00137,12919565,4877042793.0,-0.2653223666755107,376.9
HK.00700,腾讯控股,2024-06-25,377.3,377.5,380.5,374.1,28.264,0.00136,12789522,4886651275.0,0.4256451183825546,375.9
HK.00700,腾讯控股,2024-06-26,374.7,377.5,378.5,372.5,28.129,0.00127,11886907,4523976740.0,0.0,377.5
HK.00700,腾讯控股,2024-06-27,375.1,369.9,375.5,367.7,27.569,0.00187,17513758,6579329993.0,-2.0132450331125886,377.5
HK.00700,腾讯控股,2024-06-28,367.1,367.9,371.5,366.3,27.4,0.00166,15561097,5808359575.0,-0.5406866720735334,369.9
HK.00700,腾讯控股,2024-07-02,362.5,364.7,371.7,360.7,27.165,0.00291,27266647,10065077874.0,-0.8698015765153545,367.9
HK.00700,腾讯控股,2024-07-03,362.3,374.9,376.3,362.3,27.915,0.00238,22256951,8344723464.0,2.7968193035371507,364.7
HK.00700,腾讯控股,2024-07-04,382.3,377.9,382.3,374.1,28.136,0.00165,15437093,5903308155.0,0.8002133902373967,374.9
HK.00700,腾讯控股,2024-07-05,380.3,375.3,381.1,374.3,27.944,0.00112,10522095,4013583387.0,-0.6880127017729468,377.9
HK.00700,腾讯控股,2024-07-08,377.3,374.1,378.7,371.1,27.858,0.00124,11623215,4404429857.0,-0.3197442046362879,375.3
HK.00700,腾讯控股,2024-07-09,372.5,376.5,377.7,371.5,28.035,0.00139,13024401,4937581755.0,0.6415396952686386,374.1
HK.00700,腾讯控股,2024-07-10,380.7,373.1,381.3,372.3,27.785,0.00167,15586645,5939592207.0,-0.9030544488711758,376.5
HK.00700,腾讯控股,2024-07-11,374.9,380.3,381.5,373.7,28.314,0.00177,16590064,6361566091.0,1.929777539533634,373.1
HK.00700,腾讯控股,2024-07-12,386.3,392.5,392.7,384.7,29.212,0.00294,27521352,10843285355.0,3.2079936891927394,380.3
HK.00700,腾讯控股,2024-07-15,388.7,385.7,392.5,384.1,28.712,0.00146,13680185,5356488154.0,-1.7324840764331235,392.5
HK.00700,腾讯控股,2024-07-16,381.5,373.5,382.9,373.3,27.814,0.00204,19061149,7266853576.0,-3.163080114078296,385.7
HK.00700,腾讯控股,2024-07-17,370.5,367.3,372.9,363.9,27.358,0.00276,25857823,9626459946.0,-1.6599732262382834,373.5
HK.00700,腾讯控股,2024-07-18,363.5,364.7,367.1,362.5,27.167,0.00203,18944747,7004246008.0,-0.7078682276068671,367.3
HK.00700,腾讯控股,2024-07-19,362.1,359.5,363.9,358.5,26.686,0.00248,23088518,8436931105.0,-1.4258294488620753,364.7
HK.00700,腾讯控股,2024-07-22,362.7,368.7,371.3,360.9,27.36,0.00182,16960926,6308844632.0,2.5591098748261443,359.5
HK.00700,腾讯控股,2024-07-23,370.5,361.7,371.9,361.5,26.847,0.0013,12104461,4468643968.0,-1.8985625169514513,368.7
HK.00700,腾讯控股,2024-07-24,361.3,358.7,365.1,356.1,26.627,0.00127,11800216,4296613335.0,-0.8294166436273155,361.7
HK.00700,腾讯控股,2024-07-25,355.7,346.7,357.1,346.5,25.747,0.00277,25787277,9109434950.0,-3.3454139949818793,358.7
HK.00700,腾讯控股,2024-07-26,348.3,349.9,353.9,347.9,25.982,0.00142,13267324,4713926982.0,0.9229881742140148,346.7
HK.00700,腾讯控股,2024-07-29,355.3,353.7,357.5,349.3,26.26,0.00138,12872249,4621511204.0,1.0860245784509894,349.9
HK.00700,腾讯控股,2024-07-30,350.9,349.1,353.1,347.9,25.923,0.00105,9749595,3449679960.0,-1.3005371783997643,353.7
HK.00700,腾讯控股,2024-07-31,347.7,357.7,362.3,346.5,26.554,0.00218,20304313,7342932634.0,2.463477513606407,349.1
HK.00700,腾讯控股,2024-08-01,359.3,361.1,364.1,359.1,26.803,0.00133,12412285,4542267305.0,0.9505171931786508,357.7
HK.00700,腾讯控股,2024-08-02,356.3,353.7,360.9,351.7,26.26,0.0019,17707597,6362989242.0,-2.049293824425376,361.1
HK.00700,腾讯控股,2024-08-05,347.5,352.1,359.7,344.5,26.143,0.00246,22963458,8149877925.0,-0.4523607577042595,353.7
HK.00700,腾讯控股,2024-08-06,356.1,349.9,358.9,344.9,25.982,0.0019,17674374,6271399997.0,-0.6248224936097828,352.1
HK.00700,腾讯控股,2024-08-07,350.7,358.9,360.9,350.7,26.642,0.0017,15840290,5741644841.0,2.572163475278651,349.9
HK.00700,腾讯控股,2024-08-08,356.7,363.7,369.9,354.9,26.994,0.00202,18811540,6937667976.0,1.3374198941209283,358.9
HK.00700,腾讯控股,2024-08-09,366.9,365.5,371.5,363.9,27.126,0.00175,16353916,6076519265.0,0.4949133901567257,363.7
HK.00700,腾讯控股,2024-08-12,367.5,370.5,372.1,365.5,27.492,0.0011,10215275,3820531726.0,1.3679890560875512,365.5
HK.00700,腾讯控股,2024-08-13,371.5,374.1,376.1,371.1,27.756,0.00146,13590391,5139849633.0,0.971659919028346,370.5
HK.00700,腾讯控股,2024-08-14,374.1,369.3,374.9,364.9,27.404,0.00201,18692686,6972998414.0,-1.2830793905372924,374.1
HK.00700,腾讯控股,2024-08-15,361.7,363.9,370.3,359.7,27.07,0.0023,21443850,7911688768.0,-1.4622258326563862,369.3
HK.00700,腾讯控股,2024-08-16,367.5,368.1,370.7,364.3,27.378,0.00176,16414338,6118049481.0,1.1541632316570611,363.9
HK.00700,腾讯控股,2024-08-19,373.1,368.1,373.1,366.7,27.378,0.00163,15210162,5682955534.0,0.0,368.1
HK.00700,腾讯控股,2024-08-20,368.3,365.9,369.3,364.5,27.217,0.00127,11852608,4396264807.0,-0.5976636783482873,368.1
HK.00700,腾讯控股,2024-08-21,362.9,367.1,369.3,360.7,27.305,0.00125,11647083,4321314134.0,0.3279584585952571,365.9
HK.00700,腾讯控股,2024-08-22,370.3,373.3,373.3,366.7,27.761,0.0018,16786859,6292362555.0,1.6889131026968096,367.1
HK.00700,腾讯控股,2024-08-23,372.5,371.1,374.1,369.1,27.599,0.0014,13055635,4915768223.0,-0.5893383337797987,373.3
HK.00700,腾讯控股,2024-08-26,373.5,377.5,380.3,373.1,28.069,0.00174,16251125,6187192968.0,1.724602533009964,371.1
HK.00700,腾讯控股,2024-08-27,373.5,377.3,378.1,372.7,28.054,0.00146,13675535,5201725475.0,-0.0529801324503281,377.5
HK.00700,腾讯控股,2024-08-28,378.5,369.7,378.5,367.9,27.496,0.00156,14602521,5488468925.0,-2.0143122183938567,377.3
HK.00700,腾讯控股,2024-08-29,365.5,373.1,373.5,364.5,27.746,0.00138,12890430,4823697844.0,0.919664592913182,369.7
HK.00700,腾讯控股,2024-08-30,373.1,377.5,381.1,372.3,28.069,0.0033,30873303,11814702142.0,1.179308496381661,373.1
HK.00700,腾讯控股,2024-09-02,375.5,373.3,378.7,371.9,27.761,0.00149,13878671,5266962582.0,-1.1125827814569509,377.5
HK.00700,腾讯控股,2024-09-03,373.5,373.7,376.9,370.3,27.79,0.00105,9814885,3712928885.0,0.1071524243235942,373.3
HK.00700,腾讯控股,2024-09-04,369.7,368.3,372.1,366.7,27.393,0.00142,13278870,4953267380.0,-1.4450093658014391,373.7
HK.00700,腾讯控股,2024-09-05,365.9,368.9,372.1,365.9,27.437,0.00103,9576319,3573609644.0,0.1629106706489182,368.3
HK.00700,腾讯控股,2024-09-09,365.5,366.7,366.7,360.7,27.276,0.00215,20078164,7403940509.0,-0.5963675792897775,368.9
HK.00700,腾讯控股,2024-09-10,364.7,364.1,366.1,361.5,27.085,0.00132,12303441,4541788101.0,-0.7090264521407051,366.7
HK.00700,腾讯控股,2024-09-11,362.1,365.7,366.1,360.5,27.202,0.00129,12043623,4427792878.0,0.4394397143641763,364.1
HK.00700,腾讯控股,2024-09-12,366.5,368.1,372.5,365.1,27.378,0.00148,13800366,5155819382.0,0.6562756357670315,365.7
HK.00700,腾讯控股,2024-09-13,368.3,370.3,372.3,368.3,27.54,0.00118,11013765,4126159335.0,0.5976636783482718,368.1
HK.00700,腾讯控股,2024-09-16,368.1,373.3,373.3,365.9,27.761,0.00082,7689238,2888661599.0,0.8101539292465568,370.3
HK.00700,腾讯控股,2024-09-17,367.5,375.5,376.9,367.5,27.922,0.00109,10147851,3843832264.0,0.5893383337797987,373.3
HK.00700,腾讯控股,2024-09-19,375.1,384.3,385.3,372.1,28.569,0.00276,25801963,9956351927.0,2.34354194407457,375.5
HK.00700,腾讯控股,2024-09-20,385.5,384.1,388.9,379.3,28.554,0.00304,28407069,11037802946.0,-0.0520426749934917,384.3
HK.00700,腾讯控股,2024-09-23,383.5,383.1,387.5,380.7,28.481,0.00163,15223032,5901921827.0,-0.2603488674824264,384.1
HK.00700,腾讯控股,2024-09-24,388.5,397.7,397.7,384.9,29.556,0.00459,42919010,17036649591.0,3.8110154006786647,383.1
HK.00700,腾讯控股,2024-09-25,413.5,400.9,413.5,396.9,29.791,0.00429,40112126,16419449388.0,0.8046266029670578,397.7
HK.00700,腾讯控股,2024-09-26,403.5,425.5,425.5,402.3,31.599,0.00538,50254878,21170861674.0,6.136193564479926,400.9
HK.00700,腾讯控股,2024-09-27,438.7,433.3,440.3,428.1,32.172,0.00612,57154793,25050353600.0,1.833137485311401,425.5
HK.00700,腾讯控股,2024-09-30,445.1,440.1,452.9,429.7,32.671,0.00808,75459468,33640909924.0,1.5693514885760471,433.3
HK.00700,腾讯控股,2024-10-02,445.5,465.5,475.1,444.7,34.538,0.00522,48766943,22740694506.0,5.771415587366501,440.1
HK.00700,腾讯控股,2024-10-03,466.5,461.7,472.1,448.7,34.024,0.00341,31600782,14666391360.0,-0.8163265306122474,465.5
HK.00700,腾讯控股,2024-10-04,465.5,473.1,474.5,457.7,34.856,0.00266,24663665,11687744228.0,2.469135802469143,461.7
HK.00700,腾讯控股,2024-10-07,475.3,473.9,477.9,465.1,34.914,0.00273,25334387,12100493260.0,0.169097442401174,473.1
HK.00700,腾讯控股,2024-10-08,467.5,434.1,472.3,434.1,32.012,0.00759,70468024,31910928585.0,-8.398396286136306,473.9
HK.00700,腾讯控股,2024-10-09,444.5,429.7,448.5,419.5,31.691,0.005,46372903,20395255847.0,-1.0135913384012978,434.1
HK.00700,腾讯控股,2024-10-10,433.5,434.3,444.1,431.9,32.026,0.00357,33111230,14647696645.0,1.0705143123109198,429.7
HK.00700,腾讯控股,2024-10-14,436.3,431.5,436.3,419.5,31.822,0.00327,30316807,13164335484.0,-0.6447156343541357,434.3
HK.00700,腾讯控股,2024-10-15,429.3,412.5,429.3,408.1,30.435,0.00361,33478410,14096594793.0,-4.40324449594438,431.5
HK.00700,腾讯控股,2024-10-16,410.5,411.3,421.3,408.1,30.348,0.00242,22490256,9408091928.0,-0.2909090909090882,412.5
HK.00700,腾讯控股,2024-10-17,413.5,408.1,422.3,405.5,30.114,0.00178,16476899,6891360483.0,-0.778020909311935,411.3
HK.00700,腾讯控股,2024-10-18,408.1,426.3,431.1,406.9,31.442,0.0028,25963857,11032073978.0,4.459691252144079,408.1
HK.00700,腾讯控股,2024-10-21,426.1,416.5,426.9,414.7,30.727,0.00176,16334100,6931274444.0,-2.298850574712646,426.3
HK.00700,腾讯控股,2024-10-22,418.7,417.1,419.1,413.5,30.771,0.00119,11027704,4640118297.0,0.1440576230492251,416.5
HK.00700,腾讯控股,2024-10-23,418.5,423.7,427.7,412.1,31.253,0.00158,14656951,6257381250.0,1.5823543514744582,417.1
HK.00700,腾讯控股,2024-10-24,420.5,417.5,421.1,415.1,30.8,0.00121,11202752,4728256741.0,-1.4632995043662942,423.7
HK.00700,腾讯控股,2024-10-25,423.1,416.5,423.1,414.1,30.727,0.00129,11951879,5042478403.0,-0.2395209580838323,417.5
HK.00700,腾讯控股,2024-10-28,416.5,412.7,417.7,409.1,30.45,0.00168,15551935,6490536102.0,-0.912364945978394,416.5
HK.00700,腾讯控股,2024-10-29,414.9,413.9,418.9,410.7,30.537,0.00149,13797786,5779088134.0,0.290768112430334,412.7
HK.00700,腾讯控股,2024-10-30,409.1,406.5,413.5,406.1,29.997,0.00193,17895482,7390929003.0,-1.7878714665378057,413.9
HK.00700,腾讯控股,2024-10-31,405.9,400.1,414.3,400.1,29.53,0.00245,22753709,9311202110.0,-1.5744157441574358,406.5
HK.00700,腾讯控股,2024-11-01,401.5,414.7,417.9,401.5,30.596,0.00227,21086569,8772957316.0,3.649087728067974,400.1
HK.00700,腾讯控股,2024-11-04,418.5,414.5,419.3,411.5,30.581,0.00126,11706119,4907800634.0,-0.0482276344345282,414.7
HK.00700,腾讯控股,2024-11-05,410.7,423.3,423.3,410.7,31.223,0.00165,15270863,6467649437.0,2.123039806996384,414.5
HK.00700,腾讯控股,2024-11-06,420.5,415.3,421.7,408.7,30.599,0.00224,20755203,8721758302.0,-1.8899125915426411,423.3
HK.00700,腾讯控股,2024-11-07,412.5,423.9,425.1,409.9,31.226,0.00215,19924018,8451854957.0,2.0707921984107793,415.3
HK.00700,腾讯控股,2024-11-08,430.5,416.3,431.5,414.9,30.672,0.00209,19389836,8248754864.0,-1.7928756782259887,423.9
HK.00700,腾讯控股,2024-11-11,407.5,408.7,411.1,404.9,30.118,0.00247,22857586,9415370362.0,-1.8256065337497056,416.3
HK.00700,腾讯控股,2024-11-12,404.9,399.3,409.3,398.5,29.433,0.00295,27303282,11097703325.0,-2.299975532175184,408.7
HK.00700,腾讯控股,2024-11-13,392.7,399.3,402.7,391.5,29.433,0.00305,28307185,11330712756.0,0.0,399.3
HK.00700,腾讯控股,2024-11-14,397.1,398.9,410.5,393.3,29.404,0.00377,34898922,14209879823.0,-0.1001753067868855,399.3
HK.00700,腾讯控股,2024-11-15,399.5,396.5,402.5,394.5,29.229,0.00314,29061324,11694318621.0,-0.6016545500125289,398.9
HK.00700,腾讯控股,2024-11-18,400.7,399.7,408.9,397.1,29.462,0.00221,20493537,8334918073.0,0.807061790668345,396.5
HK.00700,腾讯控股,2024-11-19,402.1,401.7,404.5,398.9,29.608,0.0015,13879296,5642160961.0,0.5003752814610959,399.7
HK.00700,腾讯控股,2024-11-20,403.7,406.3,409.3,401.7,29.943,0.00162,15005135,6154781898.0,1.1451331839681411,401.7
HK.00700,腾讯控股,2024-11-21,404.9,403.1,406.9,402.5,29.71,0.00135,12501718,5113866289.0,-0.7875953728771815,406.3
HK.00700,腾讯控股,2024-11-22,404.3,396.1,407.9,395.1,29.2,0.00183,16949546,6864777347.0,-1.736541801041925,403.1
HK.00700,腾讯控股,2024-11-25,395.5,390.7,397.9,389.3,28.806,0.00301,27888308,11050846352.0,-1.3632920979550704,396.1
HK.00700,腾讯控股,2024-11-26,387.7,389.3,394.7,387.7,28.704,0.00183,16940574,6691211866.0,-0.3583312004095155,390.7
HK.00700,腾讯控股,2024-11-27,390.1,398.3,401.7,387.5,29.36,0.0018,16685594,6663311548.0,2.3118417672745957,389.3
HK.00700,腾讯控股,2024-11-28,396.9,395.5,399.7,392.9,29.156,0.00141,13067643,5231565698.0,-0.7029876977152928,398.3
HK.00700,腾讯控股,2024-11-29,390.5,393.5,398.3,390.5,29.01,0.00169,15626995,6222578704.0,-0.5056890012642226,395.5
HK.00700,腾讯控股,2024-12-02,393.5,395.3,397.1,391.1,29.142,0.00144,13334410,5315344071.0,0.4574332909784018,393.5
HK.00700,腾讯控股,2024-12-03,398.7,399.9,399.9,389.9,29.477,0.00198,18362569,7349822394.0,1.1636731596255925,395.3
HK.00700,腾讯控股,2024-12-04,397.7,398.7,401.1,395.3,29.389,0.00152,14053234,5659584173.0,-0.3000750187546858,399.9
HK.00700,腾讯控股,2024-12-05,398.9,400.7,402.1,396.3,29.535,0.00144,13314801,5387437368.0,0.5016302984700276,398.7
HK.00700,腾讯控股,2024-12-06,402.3,408.1,410.1,400.5,30.075,0.00299,27711445,11355635110.0,1.8467681557274855,400.7
HK.00700,腾讯控股,2024-12-09,401.7,414.3,416.7,401.7,30.527,0.00242,22461949,9280106150.0,1.5192354814996296,408.1
HK.00700,腾讯控股,2024-12-10,425.5,406.7,426.5,405.9,29.973,0.00327,30282843,12685586317.0,-1.8344195027757717,414.3
HK.00700,腾讯控股,2024-12-11,410.3,405.3,410.5,402.7,29.87,0.00141,13098201,5375397926.0,-0.3442340791738326,406.7
HK.00700,腾讯控股,2024-12-12,409.5,411.1,418.3,404.7,30.293,0.00253,23414258,9764008489.0,1.4310387367382214,405.3
HK.00700,腾讯控股,2024-12-13,408.5,405.3,410.5,404.1,29.87,0.00176,16296064,6700157586.0,-1.4108489418632963,411.1
HK.00700,腾讯控股,2024-12-16,405.5,401.1,406.9,399.3,29.564,0.00152,14059845,5717887485.0,-1.0362694300518105,405.3
HK.00700,腾讯控股,2024-12-17,397.5,398.1,403.5,397.3,29.346,0.00181,16779048,6775381419.0,-0.7479431563201197,401.1
HK.00700,腾讯控股,2024-12-18,403.5,401.5,404.3,399.5,29.593,0.00161,14906072,6055022951.0,0.8540567696558596,398.1
HK.00700,腾讯控股,2024-12-19,397.7,410.7,417.5,396.9,30.264,0.00374,34671236,14310455150.0,2.2914072229140694,401.5
HK.00700,腾讯控股,2024-12-20,409.7,421.9,425.3,409.7,31.08,0.00484,44834041,19091460065.0,2.7270513757000217,410.7
HK.00700,腾讯控股,2024-12-23,426.1,415.7,426.5,411.7,30.629,0.00225,20856154,8789976430.0,-1.469542545626923,421.9
HK.00700,腾讯控股,2024-12-24,416.5,415.5,417.1,413.1,30.616,0.00085,7873769,3304033747.0,-0.0481116189559751,415.7
HK.00700,腾讯控股,2024-12-27,413.1,412.9,416.5,411.1,30.427,0.00146,13545082,5658808228.0,-0.6257521058965156,415.5
HK.00700,腾讯控股,2024-12-30,413.5,414.5,417.3,411.3,30.399,0.00147,13515622,5658833713.0,0.3875030273674068,412.9
HK.00700,腾讯控股,2024-12-31,412.7,412.5,416.9,411.3,30.256,0.00118,10867280,4549301806.0,-0.482509047044632,414.5
HK.00700,腾讯控股,2025-01-02,412.5,411.5,420.5,409.1,30.184,0.00225,20733037,8663880815.0,-0.2424242424242424,412.5
HK.00700,腾讯控股,2025-01-03,413.5,409.7,414.5,405.9,30.053,0.00183,16843241,6981757015.0,-0.4374240583232106,411.5
HK.00700,腾讯控股,2025-01-06,410.5,404.9,410.5,402.7,29.705,0.00183,16869318,6913962011.0,-1.171588967537225,409.7
HK.00700,腾讯控股,2025-01-07,376.1,375.1,388.3,372.1,27.543,0.01549,142920468,54765124550.0,-7.359841936280552,404.9
HK.00700,腾讯控股,2025-01-08,366.7,364.7,375.3,361.1,26.788,0.01035,95456188,35455056165.0,-2.772593974940025,375.1
HK.00700,腾讯控股,2025-01-09,360.5,368.9,374.9,360.5,27.093,0.00657,60578450,22635953876.0,1.1516314779270602,364.7
HK.00700,腾讯控股,2025-01-10,369.1,365.1,374.9,365.1,26.817,0.00402,37053933,13862840308.0,-1.030089455136881,368.9
HK.00700,腾讯控股,2025-01-13,360.3,361.5,367.1,360.3,26.556,0.00377,34785015,12807672283.0,-0.9860312243221098,365.1
HK.00700,腾讯控股,2025-01-14,361.1,370.5,375.1,361.1,27.209,0.0044,40623785,15194363089.0,2.4896265560165975,361.5
HK.00700,腾讯控股,2025-01-15,368.9,375.5,380.9,368.5,27.572,0.00316,29158255,11078584830.0,1.349527665317139,370.5
HK.00700,腾讯控股,2025-01-16,379.5,377.9,382.1,372.1,27.746,0.00283,26141103,9980555775.0,0.6391478029294214,375.5
HK.00700,腾讯控股,2025-01-17,376.5,375.3,377.7,373.9,27.557,0.00186,17138321,6508060710.0,-0.6880127017729468,377.9
HK.00700,腾讯控股,2025-01-20,375.7,385.3,388.3,375.7,28.283,0.00338,31141403,12097853995.0,2.664535038635758,375.3
HK.00700,腾讯控股,2025-01-21,387.5,382.9,387.7,381.9,28.109,0.00274,25249668,9804257217.0,-0.6228912535686567,385.3
HK.00700,腾讯控股,2025-01-22,380.5,378.9,384.1,376.5,27.818,0.00194,17859069,6847451534.0,-1.044659179942544,382.9
HK.00700,腾讯控股,2025-01-23,378.5,376.7,381.5,375.1,27.659,0.0023,21256810,8126061004.0,-0.5806281340723116,378.9
HK.00700,腾讯控股,2025-01-24,378.7,386.1,387.9,377.7,28.341,0.00261,24079119,9365230981.0,2.495354393416521,376.7
HK.00700,腾讯控股,2025-01-27,383.5,391.1,393.5,383.5,28.704,0.00256,23605938,9317464987.0,1.2950012950012948,386.1
HK.00700,腾讯控股,2025-01-28,396.5,396.7,401.5,394.5,29.11,0.00154,14203491,5712247749.0,1.4318588596266852,391.1
HK.00700,腾讯控股,2025-02-03,395.5,399.7,400.3,389.7,29.328,0.00303,27917841,11162153158.0,0.7562389715149987,396.7
HK.00700,腾讯控股,2025-02-04,404.7,416.3,416.7,402.5,30.532,0.00339,31276268,13026602852.0,4.153114836127101,399.7
HK.00700,腾讯控股,2025-02-05,417.1,413.3,417.1,405.5,30.314,0.00348,32129392,13372038998.0,-0.7206341580590919,416.3
HK.00700,腾讯控股,2025-02-06,411.7,415.9,415.9,408.9,30.351,0.00213,19585105,8177045145.0,0.629082990563747,413.3
HK.00700,腾讯控股,2025-02-07,415.9,423.7,427.9,413.3,30.914,0.00377,34567530,14741790890.0,1.8754508295263312,415.9
HK.00700,腾讯控股,2025-02-10,425.1,432.5,435.3,424.3,31.55,0.00342,31411302,13701174483.0,2.076941232003779,423.7
HK.00700,腾讯控股,2025-02-11,435.5,422.9,436.7,421.1,30.856,0.00337,30893563,13324637665.0,-2.219653179190757,432.5
HK.00700,腾讯控股,2025-02-12,424.5,439.7,440.1,421.5,32.069,0.00417,38264929,16740640484.0,3.972570347599908,422.9
HK.00700,腾讯控股,2025-02-13,444.5,437.5,460.1,432.5,31.911,0.00664,60985718,27423907000.0,-0.5003411416875116,439.7
HK.00700,腾讯控股,2025-02-14,445.3,470.3,470.3,442.1,34.279,0.00812,74519223,34511558043.0,7.497142857142859,437.5
HK.00700,腾讯控股,2025-02-17,501.5,489.1,507.5,480.5,35.636,0.01375,126223580,63032650373.0,3.997448437167767,470.3
HK.00700,腾讯控股,2025-02-18,489.7,499.0,508.5,489.3,36.351,0.00681,62529454,31471019731.0,2.024125945614389,489.1
HK.00700,腾讯控股,2025-02-19,495.5,493.3,496.0,488.7,35.939,0.00372,34127174,16979621053.0,-1.142284569138274,499.0
HK.00700,腾讯控股,2025-02-20,486.7,482.3,488.5,478.1,35.145,0.00376,34549151,16830027103.0,-2.229880397324143,493.3
HK.00700,腾讯控股,2025-02-21,500.5,512.5,512.5,494.9,37.325,0.00801,73545153,37396803472.0,6.261662865436447,482.3
HK.00700,腾讯控股,2025-02-24,517.5,492.7,517.5,492.7,35.896,0.00736,67542767,34199696303.0,-3.863414634146344,512.5
HK.00700,腾讯控股,2025-02-25,473.3,480.3,486.5,471.9,35.001,0.00616,56509529,27378431338.0,-2.5167444692510608,492.7
HK.00700,腾讯控股,2025-02-26,483.5,497.0,503.5,483.3,36.206,0.00441,40489654,20234072819.0,3.476993545700601,480.3
HK.00700,腾讯控股,2025-02-27,499.0,490.9,507.5,487.1,35.766,0.00424,38902820,19434077170.0,-1.2273641851106685,497.0
HK.00700,腾讯控股,2025-02-28,488.3,474.1,493.3,471.5,34.553,0.00568,52160819,25187448106.0,-3.4222855978814333,490.9
HK.00700,腾讯控股,2025-03-03,479.1,478.7,492.5,475.3,34.885,0.00357,32752021,15971446262.0,0.970259438936926,474.1
HK.00700,腾讯控股,2025-03-04,474.5,486.5,488.5,468.7,35.448,0.00339,31124964,15131838819.0,1.6294129935241302,478.7
HK.00700,腾讯控股,2025-03-05,497.5,501.0,504.5,493.5,36.495,0.00383,35165757,17704409771.0,2.9804727646454263,486.5
HK.00700,腾讯控股,2025-03-06,516.5,539.5,539.5,516.5,39.275,0.00868,79683892,42493519327.0,7.684630738522954,501.0
HK.00700,腾讯控股,2025-03-07,534.5,529.0,542.5,524.5,38.517,0.00507,46494425,24958094063.0,-1.9462465245597775,539.5
HK.00700,腾讯控股,2025-03-10,523.5,512.0,533.0,507.5,37.289,0.00375,34415026,17943129937.0,-3.213610586011342,529.0
HK.00700,腾讯控股,2025-03-11,497.0,513.0,515.5,496.0,37.361,0.00369,33852768,17316782894.0,0.1953125,512.0
HK.00700,腾讯控股,2025-03-12,518.5,507.5,520.5,500.5,36.964,0.00305,28031056,14392005064.0,-1.0721247563352825,513.0
HK.00700,腾讯控股,2025-03-13,508.5,503.0,511.5,494.7,36.639,0.00298,27326941,13847803125.0,-0.8866995073891626,507.5
HK.00700,腾讯控股,2025-03-14,508.5,517.0,526.5,503.0,37.65,0.00335,30711707,16031719897.0,2.783300198807157,503.0
HK.00700,腾讯控股,2025-03-17,527.5,520.0,530.0,517.5,37.867,0.00241,22096160,11643059956.0,0.5802707930367506,517.0
HK.00700,腾讯控股,2025-03-18,534.0,536.5,539.0,529.0,39.058,0.00366,33639833,18122094127.0,3.173076923076923,520.0
HK.00700,腾讯控股,2025-03-19,538.0,535.5,540.5,529.5,23.651,0.00344,31604153,17070297193.0,-0.1863932898415657,536.5
HK.00700,腾讯控股,2025-03-20,536.0,515.0,536.5,513.5,22.753,0.00543,49845030,26156573461.0,-3.828197945845005,535.5
HK.00700,腾讯控股,2025-03-21,513.5,507.0,521.5,501.0,22.447,0.00459,42260479,21649092742.0,-1.5533980582524272,515.0
HK.00700,腾讯控股,2025-03-24,509.5,508.5,513.0,500.0,22.521,0.00267,24598555,12575591612.0,0.2958579881656805,507.0
HK.00700,腾讯控股,2025-03-25,508.5,497.5,511.0,496.5,22.038,0.00302,27744935,14019727299.0,-2.1632251720747298,508.5
HK.00700,腾讯控股,2025-03-26,497.5,502.0,506.0,497.5,22.238,0.00188,17310634,8757798653.0,0.9045226130653266,497.5
HK.00700,腾讯控股,2025-03-27,504.5,504.5,511.5,497.5,22.348,0.00191,17595617,8980372215.0,0.49800796812749,502.0
HK.00700,腾讯控股,2025-03-28,507.0,505.0,512.0,499.0,22.37,0.00202,18594342,9479836573.0,0.0991080277502477,504.5
HK.00700,腾讯控股,2025-03-31,500.5,492.5,503.0,490.1,21.821,0.00305,28036973,13996725056.0,-2.4752475247524752,505.0
HK.00700,腾讯控股,2025-04-01,496.5,499.5,507.0,495.5,22.13,0.00212,19518013,9865122834.0,1.4213197969543148,492.5
HK.00700,腾讯控股,2025-04-02,500.5,499.5,504.5,494.7,22.13,0.00155,14247546,7168421768.0,0.0,499.5
HK.00700,腾讯控股,2025-04-03,488.5,493.3,496.0,486.7,21.858,0.00318,29219618,14472384655.0,-1.241241241241239,499.5
HK.00700,腾讯控股,2025-04-07,437.3,430.9,457.9,426.5,19.119,0.0134,123364114,54994755337.0,-12.649503344820603,493.3
HK.00700,腾讯控股,2025-04-08,436.3,435.9,446.7,425.5,19.34,0.00708,65120104,28693494122.0,1.160362032954282,430.9
HK.00700,腾讯控股,2025-04-09,421.5,436.7,442.5,414.5,19.375,0.00722,66484213,28808415200.0,0.1835283321862838,435.9
HK.00700,腾讯控股,2025-04-10,455.5,440.3,457.1,438.5,19.533,0.00628,57799983,26103188937.0,0.8243645523242552,436.7
HK.00700,腾讯控股,2025-04-11,435.5,438.9,448.1,427.5,19.472,0.00506,46594597,20558649803.0,-0.3179650238473845,440.3
HK.00700,腾讯控股,2025-04-14,448.5,449.5,454.7,444.3,19.937,0.0033,30346489,13773742810.0,2.41512873091821,438.9
HK.00700,腾讯控股,2025-04-15,460.1,451.5,460.1,447.1,20.025,0.0022,20245398,9242295261.0,0.4449388209121245,449.5
HK.00700,腾讯控股,2025-04-16,446.1,443.5,447.1,435.7,19.674,0.00297,27322773,12171376987.0,-1.7718715393133997,451.5
HK.00700,腾讯控股,2025-04-17,445.9,453.5,457.5,445.3,20.113,0.00266,24479822,11188898166.0,2.254791431792559,443.5
HK.00700,腾讯控股,2025-04-22,455.5,455.9,458.3,448.7,20.218,0.00261,24043746,11018599361.0,0.5292171995589807,453.5
HK.00700,腾讯控股,2025-04-23,471.5,469.7,474.9,466.9,20.824,0.00293,27001392,12813463812.0,3.0269796007896494,455.9
HK.00700,腾讯控股,2025-04-24,472.5,466.5,473.3,460.5,20.684,0.00205,18912016,8907706047.0,-0.6812859271875641,469.7
HK.00700,腾讯控股,2025-04-25,475.5,473.7,481.3,470.5,21.0,0.00312,28746958,13792345464.0,1.5434083601286148,466.5
HK.00700,腾讯控股,2025-04-28,477.9,473.7,477.9,470.3,21.0,0.0015,13805160,6604528885.0,0.0,473.7
HK.00700,腾讯控股,2025-04-29,473.3,468.5,473.9,464.5,20.772,0.00178,16367401,7747651768.0,-1.0977411864048952,473.7
HK.00700,腾讯控股,2025-04-30,470.5,472.7,472.7,464.9,20.956,0.00166,15312733,7270748051.0,0.8964781216648855,468.5
HK.00700,腾讯控股,2025-05-02,473.7,483.3,485.3,472.9,21.421,0.00144,13240838,6439557580.0,2.242437063676755,472.7
HK.00700,腾讯控股,2025-05-06,487.1,490.9,492.3,480.7,21.755,0.00215,19813305,9767609921.0,1.5725222429132972,483.3
HK.00700,腾讯控股,2025-05-07,504.5,485.3,505.0,485.1,21.509,0.00278,25616342,12734545275.0,-1.140761865960474,490.9
HK.00700,腾讯控股,2025-05-08,482.5,493.5,497.5,482.1,21.869,0.00215,19815740,9857527579.0,1.6896764887698308,485.3
HK.00700,腾讯控股,2025-05-09,495.5,490.1,499.0,487.5,21.686,0.0015,13777285,6836991138.0,-0.6889564336372801,493.5
HK.00700,腾讯控股,2025-05-12,499.5,513.0,517.0,494.5,22.69,0.0039,35846811,18321323029.0,4.672515813099363,490.1
HK.00700,腾讯控股,2025-05-13,515.5,501.5,515.5,501.0,22.186,0.00252,23119901,11791025229.0,-2.241715399610136,513.0
HK.00700,腾讯控股,2025-05-14,507.5,516.5,516.5,506.0,22.843,0.00264,24294663,12575314990.0,2.991026919242273,501.5
HK.00700,腾讯控股,2025-05-15,527.0,515.5,527.5,510.5,22.8,0.00357,32799956,17065523305.0,-0.1936108422071636,516.5
HK.00700,腾讯控股,2025-05-16,509.5,508.0,517.0,506.5,22.273,0.00232,21334027,10891135108.0,-1.454898157129001,515.5
HK.00700,腾讯控股,2025-05-19,508.0,514.0,517.0,502.5,22.537,0.00244,22457714,11478846719.0,1.1811023622047243,508.0
HK.00700,腾讯控股,2025-05-20,512.5,517.0,517.5,511.5,22.669,0.00172,15792185,8134553615.0,0.5836575875486382,514.0
HK.00700,腾讯控股,2025-05-21,519.0,520.5,524.5,515.5,22.822,0.00206,18924042,9840860343.0,0.6769825918762089,517.0
HK.00700,腾讯控股,2025-05-22,520.0,516.5,520.0,513.0,22.648,0.00155,14281176,7365728261.0,-0.7684918347742555,520.5
HK.00700,腾讯控股,2025-05-23,517.0,518.0,520.5,512.0,22.714,0.00177,16262610,8391879100.0,0.2904162633107454,516.5
HK.00700,腾讯控股,2025-05-26,515.0,510.0,517.0,508.0,22.363,0.00188,17286567,8831775563.0,-1.5444015444015444,518.0
HK.00700,腾讯控股,2025-05-27,508.5,512.0,514.5,507.0,22.451,0.00163,14986877,7662280393.0,0.392156862745098,510.0
HK.00700,腾讯控股,2025-05-28,513.0,506.0,515.0,502.5,22.189,0.00183,16813826,8524415387.0,-1.171875,512.0
HK.00700,腾讯控股,2025-05-29,508.0,510.5,512.0,503.5,22.386,0.00211,19368449,9841396854.0,0.8893280632411068,506.0
HK.00700,腾讯控股,2025-05-30,506.0,498.2,506.5,496.0,21.847,0.00308,28284004,14120266011.0,-2.409402546523019,510.5
HK.00700,腾讯控股,2025-06-02,493.0,498.4,499.2,489.6,21.855,0.00142,13086586,6470361936.0,0.0401445202729804,498.2
HK.00700,腾讯控股,2025-06-03,504.0,505.0,505.5,501.0,22.145,0.00159,14609189,7349685813.0,1.3242375601926208,498.4
HK.00700,腾讯控股,2025-06-04,510.0,512.0,513.0,507.0,22.452,0.002,18378499,9381794220.0,1.3861386138613865,505.0
HK.00700,腾讯控股,2025-06-05,517.5,515.0,517.5,509.0,22.583,0.0021,19329282,9920483987.0,0.5859375,512.0
HK.00700,腾讯控股,2025-06-06,515.5,515.0,516.5,511.0,22.583,0.00143,13137101,6748560436.0,0.0,515.0
HK.00700,腾讯控股,2025-06-09,520.0,518.0,521.0,512.5,22.715,0.00201,18481403,9562039279.0,0.5825242718446602,515.0
HK.00700,腾讯控股,2025-06-10,519.5,513.5,520.0,508.5,22.517,0.00185,17039003,8750221807.0,-0.8687258687258688,518.0
HK.00700,腾讯控股,2025-06-11,517.0,518.0,518.0,514.5,22.716,0.00161,14784979,7638611029.0,0.8763388510223954,513.5
HK.00700,腾讯控股,2025-06-12,518.0,510.0,518.0,508.0,22.365,0.00145,13368048,6852634106.0,-1.5444015444015444,518.0
HK.00700,腾讯控股,2025-06-13,510.5,510.0,515.5,506.0,22.365,0.00208,19085310,9726477858.0,0.0,510.0
HK.00700,腾讯控股,2025-06-16,507.0,509.5,512.0,504.5,22.307,0.0015,13784320,7000122902.0,-0.0980392156862745,510.0
HK.00700,腾讯控股,2025-06-17,514.0,513.5,514.0,506.5,22.482,0.00126,11524031,5885938318.0,0.7850834151128557,509.5
HK.00700,腾讯控股,2025-06-18,510.0,508.0,511.0,503.5,22.241,0.00166,15187515,7682822926.0,-1.071080817916261,513.5
HK.00700,腾讯控股,2025-06-19,503.0,498.0,506.0,496.0,21.803,0.00211,19387767,9674346454.0,-1.968503937007874,508.0
HK.00700,腾讯控股,2025-06-20,504.5,505.5,505.5,496.0,22.132,0.00225,20622275,10364144211.0,1.5060240963855422,498.0
HK.00700,腾讯控股,2025-06-23,498.2,504.0,504.0,494.6,22.067,0.00155,14252887,7125785747.0,-0.2967359050445104,505.5
HK.00700,腾讯控股,2025-06-24,508.0,509.5,511.0,504.0,22.308,0.00194,17768858,9026969175.0,1.0912698412698412,504.0
HK.00700,腾讯控股,2025-06-25,512.0,512.5,515.0,508.0,22.439,0.00192,17592461,8995907936.0,0.5888125613346418,509.5
HK.00700,腾讯控股,2025-06-26,512.0,513.0,513.0,507.5,22.461,0.00163,15000643,7665270925.0,0.0975609756097561,512.5
HK.00700,腾讯控股,2025-06-27,512.0,513.0,514.5,510.0,22.461,0.00165,15181667,7767266508.0,0.0,513.0
HK.00700,腾讯控股,2025-06-30,509.0,503.0,511.5,503.0,21.998,0.00201,18464531,9333594435.0,-1.949317738791423,513.0
HK.00700,腾讯控股,2025-07-02,508.0,501.5,508.5,500.0,21.933,0.00199,18203168,9151284157.0,-0.2982107355864811,503.0
HK.00700,腾讯控股,2025-07-03,500.0,501.0,503.5,493.8,21.911,0.00207,18956331,9443903354.0,-0.0997008973080757,501.5
HK.00700,腾讯控股,2025-07-04,493.0,496.8,501.5,493.0,21.727,0.0016,14658173,7281073913.0,-0.8383233532934109,501.0
HK.00700,腾讯控股,2025-07-07,495.2,502.0,502.0,494.0,21.954,0.00127,11631687,5811563401.0,1.046698872785827,496.8
HK.00700,腾讯控股,2025-07-08,505.0,504.5,505.0,500.0,22.064,0.00144,13172857,6624679645.0,0.49800796812749,502.0
HK.00700,腾讯控股,2025-07-09,504.0,497.6,504.0,495.0,21.762,0.00194,17820435,8865465138.0,-1.3676907829534146,504.5
HK.00700,腾讯控股,2025-07-10,497.6,496.6,499.6,494.2,21.718,0.00153,14032556,6966268294.0,-0.2009646302250803,497.6
HK.00700,腾讯控股,2025-07-11,497.0,496.6,505.0,496.6,21.718,0.0021,19225560,9638599671.0,0.0,496.6
HK.00700,腾讯控股,2025-07-14,497.0,500.0,501.5,496.0,21.867,0.00128,11704663,5842438558.0,0.6846556584776434,496.6
HK.00700,腾讯控股,2025-07-15,502.5,517.5,518.0,500.0,22.632,0.00299,27446891,13994302488.0,3.5000000000000004,500.0
HK.00700,腾讯控股,2025-07-16,520.0,516.5,526.0,516.0,22.589,0.00254,23250693,12100620325.0,-0.1932367149758454,517.5
HK.00700,腾讯控股,2025-07-17,519.5,517.0,519.5,511.0,22.61,0.0015,13735794,7090524506.0,0.0968054211035818,516.5
HK.00700,腾讯控股,2025-07-18,525.0,519.0,525.0,516.5,22.698,0.0015,13781113,7169387742.0,0.3868471953578337,517.0
HK.00700,腾讯控股,2025-07-21,522.5,521.5,522.5,514.5,22.807,0.00145,13273287,6881569649.0,0.4816955684007706,519.0
HK.00700,腾讯控股,2025-07-22,521.5,526.0,526.0,519.0,23.004,0.00192,17600260,9212230395.0,0.862895493767977,521.5
HK.00700,腾讯控股,2025-07-23,530.0,552.0,552.0,527.0,24.141,0.0051,46744850,25434771177.0,4.942965779467681,526.0
HK.00700,腾讯控股,2025-07-24,553.5,557.0,560.0,548.0,24.36,0.00264,24180342,13418168013.0,0.9057971014492754,552.0
HK.00700,腾讯控股,2025-07-25,552.0,550.5,555.0,546.0,24.076,0.00217,19886923,10940833555.0,-1.1669658886894074,557.0
HK.00700,腾讯控股,2025-07-28,550.5,555.5,558.0,546.5,24.294,0.0016,14661199,8117934809.0,0.9082652134423252,550.5
HK.00700,腾讯控股,2025-07-29,551.5,555.0,556.5,546.0,24.272,0.00184,16847424,9283870276.0,-0.09000900090009,555.5
HK.00700,腾讯控股,2025-07-30,550.0,549.0,556.0,542.5,24.01,0.00211,19362555,10639648067.0,-1.0810810810810811,555.0
HK.00700,腾讯控股,2025-07-31,547.0,550.0,559.0,545.0,24.054,0.00223,20453269,11289881284.0,0.1821493624772313,549.0
HK.00700,腾讯控股,2025-08-01,551.5,535.0,554.5,533.5,23.398,0.00231,21203861,11508370653.0,-2.727272727272727,550.0
HK.00700,腾讯控股,2025-08-04,536.0,550.0,551.5,533.0,24.054,0.00189,17340007,9463004774.0,2.803738317757009,535.0
HK.00700,腾讯控股,2025-08-05,554.5,559.0,559.0,549.0,24.447,0.00189,17347823,9630857457.0,1.6363636363636365,550.0
HK.00700,腾讯控股,2025-08-06,560.0,568.5,570.0,558.0,24.863,0.00226,20737133,11754214981.0,1.699463327370304,559.0
HK.00700,腾讯控股,2025-08-07,571.0,567.0,572.0,560.5,24.765,0.00185,16940382,9595241622.0,-0.2638522427440633,568.5
HK.00700,腾讯控股,2025-08-08,567.0,561.0,568.5,557.5,24.503,0.00145,13305719,7471482286.0,-1.058201058201058,567.0
HK.00700,腾讯控股,2025-08-11,561.0,561.0,562.5,553.5,24.503,0.00129,11790350,6586953996.0,0.0,561.0
HK.00700,腾讯控股,2025-08-12,557.5,559.5,564.5,556.0,24.437,0.00151,13827897,7729499696.0,-0.267379679144385,561.0
HK.00700,腾讯控股,2025-08-13,568.0,586.0,586.0,566.0,25.595,0.00411,37596415,21761779473.0,4.736371760500447,559.5
HK.00700,腾讯控股,2025-08-14,600.0,590.0,600.0,589.0,25.817,0.00396,36339315,21598286488.0,0.6825938566552902,586.0
HK.00700,腾讯控股,2025-08-15,587.0,592.0,596.5,584.5,25.904,0.00242,22176876,13122452831.0,0.3389830508474576,590.0
HK.00700,腾讯控股,2025-08-18,594.0,587.0,596.0,587.0,25.687,0.00192,17590658,10403063174.0,-0.8445945945945946,592.0
HK.00700,腾讯控股,2025-08-19,588.0,592.5,597.0,583.0,25.928,0.00178,16359474,9665673921.0,0.9369676320272572,587.0
HK.00700,腾讯控股,2025-08-20,589.0,590.5,594.5,585.5,25.841,0.00174,15952765,9407128004.0,-0.3375527426160337,592.5
HK.00700,腾讯控股,2025-08-21,590.5,593.0,597.0,589.5,25.95,0.00156,14290178,8479961596.0,0.4233700254022015,590.5
HK.00700,腾讯控股,2025-08-22,599.0,600.0,606.5,595.5,26.257,0.00211,19378950,11636897211.0,1.1804384485666104,593.0
HK.00700,腾讯控股,2025-08-25,608.5,614.5,621.0,608.0,26.892,0.0028,25694519,15801902006.0,2.4166666666666665,600.0
HK.00700,腾讯控股,2025-08-26,612.0,609.5,618.0,609.5,26.675,0.00225,20656474,12655282002.0,-0.8136696501220505,614.5
HK.00700,腾讯控股,2025-08-27,613.0,599.0,614.5,595.0,26.215,0.00232,21263402,12841741312.0,-1.7227235438884332,609.5
HK.00700,腾讯控股,2025-08-28,595.0,594.0,599.0,590.0,25.996,0.00237,21712370,12897917091.0,-0.8347245409015025,599.0
HK.00700,腾讯控股,2025-08-29,595.5,596.5,605.0,594.0,26.106,0.00199,18234935,10915508651.0,0.4208754208754208,594.0
HK.00700,腾讯控股,2025-09-01,605.0,605.0,610.0,601.5,26.479,0.00174,15958837,9659266534.0,1.4249790444258172,596.5
HK.00700,腾讯控股,2025-09-02,605.5,600.5,608.5,599.0,26.282,0.00161,14808157,8931988423.0,-0.743801652892562,605.0
HK.00700,腾讯控股,2025-09-03,606.5,598.5,613.0,596.0,26.194,0.00169,15523985,9342307314.0,-0.3330557868442964,600.5
HK.00700,腾讯控股,2025-09-04,605.0,592.5,605.0,591.0,25.933,0.00196,18003934,10709235662.0,-1.0025062656641603,598.5
HK.00700,腾讯控股,2025-09-05,599.5,605.5,609.0,595.5,26.502,0.00208,19047729,11491491838.0,2.1940928270042197,592.5
HK.00700,腾讯控股,2025-09-08,605.5,617.5,619.0,605.0,27.027,0.00238,21815489,13369898978.0,1.981833195706028,605.5
HK.00700,腾讯控股,2025-09-09,620.0,627.0,628.0,617.5,27.447,0.00217,19871460,12402857764.0,1.5384615384615383,617.5
HK.00700,腾讯控股,2025-09-10,630.0,633.5,639.0,628.0,27.732,0.00209,19193376,12190312543.0,1.036682615629984,627.0
HK.00700,腾讯控股,2025-09-11,633.0,629.5,633.0,624.0,27.557,0.00198,18191860,11453335654.0,-0.6314127861089187,633.5
HK.00700,腾讯控股,2025-09-12,645.0,643.5,649.0,642.0,28.128,0.00227,20780375,13422728502.0,2.2239872915011913,629.5
HK.00700,腾讯控股,2025-09-15,646.0,643.5,648.5,637.5,28.128,0.00179,16371242,10535685021.0,0.0,643.5
HK.00700,腾讯控股,2025-09-16,647.0,645.0,649.5,640.5,28.199,0.00146,13339685,8609542624.0,0.2331002331002331,643.5
HK.00700,腾讯控股,2025-09-17,646.5,661.5,663.5,645.0,28.92,0.00244,22349048,14682542772.0,2.558139534883721,645.0
HK.00700,腾讯控股,2025-09-18,662.0,642.0,664.5,635.5,28.068,0.00327,29989898,19432788713.0,-2.947845804988662,661.5
HK.00700,腾讯控股,2025-09-19,647.0,642.5,647.0,638.0,28.089,0.00227,20805608,13371042984.0,0.0778816199376947,642.0
HK.00700,腾讯控股,2025-09-22,642.0,641.0,643.5,634.0,28.024,0.00141,12899662,8240895170.0,-0.2334630350194552,642.5
HK.00700,腾讯控股,2025-09-23,641.5,635.5,643.5,627.0,27.783,0.00167,15293080,9697688016.0,-0.858034321372855,641.0
HK.00700,腾讯控股,2025-09-24,633.5,648.5,651.0,628.0,28.352,0.00201,18440788,11854753855.0,2.0456333595594023,635.5
HK.00700,腾讯控股,2025-09-25,651.0,650.0,659.0,643.5,28.417,0.0019,17384258,11337641855.0,0.2313030069390902,648.5
HK.00700,腾讯控股,2025-09-26,645.0,644.0,653.0,640.0,28.156,0.00213,19504951,12617897920.0,-0.9230769230769232,650.0
HK.00700,腾讯控股,2025-09-29,649.5,660.0,664.5,647.5,28.857,0.00224,20489556,13492727746.0,2.484472049689441,644.0
HK.00700,腾讯控股,2025-09-30,658.0,663.0,666.5,657.5,28.955,0.00225,20610633,13653530623.0,0.4545454545454545,660.0
HK.00700,腾讯控股,2025-10-02,667.5,676.5,683.0,665.5,29.545,0.00187,17137745,11602077362.0,2.0361990950226243,663.0
HK.00700,腾讯控股,2025-10-03,677.0,673.5,680.0,670.0,29.414,0.00078,7125093,4802401785.0,-0.4434589800443459,676.5
HK.00700,腾讯控股,2025-10-06,675.0,677.5,682.5,670.0,29.589,0.00086,7828323,5290177514.0,0.5939123979213066,673.5
HK.00700,腾讯控股,2025-10-08,680.0,675.0,680.0,669.5,29.479,0.00115,10540730,7110636784.0,-0.3690036900369003,677.5
HK.00700,腾讯控股,2025-10-09,675.0,675.5,681.0,665.5,29.504,0.00158,14454705,9752967437.0,0.074074074074074,675.0
HK.00700,腾讯控股,2025-10-10,669.0,651.5,669.0,647.5,28.455,0.00217,19904705,13051085790.0,-3.552923760177646,675.5
HK.00700,腾讯控股,2025-10-13,630.0,639.0,648.5,622.5,27.91,0.00415,38012175,24133784941.0,-1.918649270913277,651.5
HK.00700,腾讯控股,2025-10-14,642.5,621.0,644.0,617.0,27.123,0.00293,26797863,16792282108.0,-2.8169014084507045,639.0
HK.00700,腾讯控股,2025-10-15,624.5,627.0,633.0,620.5,27.385,0.00201,18381023,11538283646.0,0.966183574879227,621.0
HK.00700,腾讯控股,2025-10-16,626.0,620.0,629.0,615.5,27.08,0.00156,14285465,8878516698.0,-1.116427432216906,627.0
HK.00700,腾讯控股,2025-10-17,618.5,608.0,620.5,602.5,26.556,0.00204,18654519,11370789563.0,-1.935483870967742,620.0
HK.00700,腾讯控股,2025-10-20,624.0,627.5,632.5,621.5,27.407,0.00163,14963360,9379379881.0,3.2072368421052633,608.0
HK.00700,腾讯控股,2025-10-21,643.0,630.5,644.0,630.0,27.538,0.00155,14171988,9028696332.0,0.4780876494023904,627.5
HK.00700,腾讯控股,2025-10-22,626.0,623.5,629.0,616.5,27.233,0.00109,9979448,6212763895.0,-1.1102299762093577,630.5
HK.00700,腾讯控股,2025-10-23,620.0,633.0,636.0,618.0,27.647,0.00136,12419348,7782734766.0,1.5236567762630313,623.5
HK.00700,腾讯控股,2025-10-24,639.0,637.5,641.5,633.5,27.844,0.00131,11997034,7648872118.0,0.7109004739336493,633.0
HK.00700,腾讯控股,2025-10-27,649.0,656.0,656.0,646.0,28.652,0.00175,16043970,10461683006.0,2.9019607843137254,637.5
HK.00700,腾讯控股,2025-10-28,656.0,645.0,656.0,641.0,28.172,0.00178,16295470,10562802667.0,-1.676829268292683,656.0
HK.00700,腾讯控股,2025-10-30,657.0,651.0,664.0,645.0,28.434,0.00238,21772780,14256261211.0,0.9302325581395348,645.0
HK.00700,腾讯控股,2025-10-31,651.5,629.0,655.0,629.0,27.473,0.00225,20578283,13087941470.0,-3.3794162826420893,651.0
HK.00700,腾讯控股,2025-11-03,630.5,628.0,634.0,622.5,27.429,0.00127,11591004,7277219053.0,-0.1589825119236884,629.0
HK.00700,腾讯控股,2025-11-04,631.0,629.0,640.0,625.5,27.473,0.00164,14972125,9460748363.0,0.1592356687898089,628.0
HK.00700,腾讯控股,2025-11-05,621.0,629.0,632.0,613.0,27.473,0.00145,13309811,8309972605.0,0.0,629.0
HK.00700,腾讯控股,2025-11-06,629.5,644.0,645.5,629.5,28.128,0.00143,13081287,8382246994.0,2.384737678855326,629.0
HK.00700,腾讯控股,2025-11-07,638.0,634.0,643.0,628.5,27.665,0.00146,13314360,8434344187.0,-1.5527950310559009,644.0
HK.00700,腾讯控股,2025-11-10,641.0,649.5,651.0,641.0,28.341,0.00159,14513815,9386838459.0,2.444794952681388,634.0
HK.00700,腾讯控股,2025-11-11,662.0,650.0,662.0,641.0,28.363,0.00143,13087772,8483781693.0,0.0769822940723633,649.5
HK.00700,腾讯控股,2025-11-12,655.0,657.0,658.5,652.0,28.668,0.00149,13658568,8960743999.0,1.0769230769230769,650.0
HK.00700,腾讯控股,2025-11-13,649.5,656.0,660.0,645.0,28.625,0.00189,17299913,11283368344.0,-0.15220700152207,657.0
HK.00700,腾讯控股,2025-11-14,645.0,641.0,659.0,640.0,27.97,0.00218,19956444,12900520613.0,-2.2865853658536586,656.0
HK.00700,腾讯控股,2025-11-17,640.0,636.5,642.5,633.0,27.774,0.00151,13794477,8785917134.0,-0.702028081123245,641.0
HK.00700,腾讯控股,2025-11-18,628.0,623.5,641.0,620.5,27.206,0.00206,18818609,11791388064.0,-2.04241948153967,636.5
HK.00700,腾讯控股,2025-11-19,627.5,622.5,631.5,619.5,27.163,0.00153,13959708,8712756872.0,-0.1603849238171611,623.5
HK.00700,腾讯控股,2025-11-20,626.5,621.0,630.5,615.5,27.097,0.00153,14015988,8688329736.0,-0.2409638554216867,622.5
HK.00700,腾讯控股,2025-11-21,610.0,610.0,615.0,606.0,26.617,0.0026,23732050,14481878345.0,-1.7713365539452497,621.0
HK.00700,腾讯控股,2025-11-24,615.0,624.5,627.5,613.5,27.25,0.00245,22376801,13930485181.0,2.3770491803278686,610.0
HK.00700,腾讯控股,2025-11-25,633.0,625.0,635.0,620.5,27.272,0.00163,14877620,9326512821.0,0.0800640512409927,624.5
HK.00700,腾讯控股,2025-11-26,628.5,619.5,630.0,618.0,27.032,0.00158,14429595,8976231354.0,-0.88,625.0
HK.00700,腾讯控股,2025-11-27,618.0,611.5,620.5,609.0,26.683,0.00169,15493209,9503092331.0,-1.29136400322841,619.5
HK.00700,腾讯控股,2025-11-28,611.5,611.5,617.0,608.5,26.683,0.00145,13216245,8086903031.0,0.0,611.5
HK.00700,腾讯控股,2025-12-01,613.5,619.5,623.0,613.0,27.032,0.00138,12643338,7813043126.0,1.3082583810302535,611.5
HK.00700,腾讯控股,2025-12-02,625.5,617.0,626.0,615.0,26.923,0.00125,11460186,7090479118.0,-0.403551251008878,619.5
HK.00700,腾讯控股,2025-12-03,616.0,611.0,616.0,608.5,26.661,0.0012,11002158,6722780099.0,-0.9724473257698544,617.0
HK.00700,腾讯控股,2025-12-04,610.0,612.0,613.0,605.0,26.705,0.00168,15329748,9330280581.0,0.1636661211129296,611.0
HK.00700,腾讯控股,2025-12-05,605.0,610.0,611.0,604.0,26.617,0.0016,14638391,8902501918.0,-0.326797385620915,612.0
HK.00700,腾讯控股,2025-12-08,607.5,605.0,609.5,604.0,26.399,0.00147,13421327,8134379992.0,-0.819672131147541,610.0
HK.00700,腾讯控股,2025-12-09,609.5,602.5,610.0,596.0,26.29,0.00191,17431321,10484820078.0,-0.4132231404958678,605.0
HK.00700,腾讯控股,2025-12-10,602.0,603.0,603.0,595.0,26.312,0.00161,14750743,8842611858.0,0.0829875518672199,602.5
HK.00700,腾讯控股,2025-12-11,609.0,601.5,612.0,599.0,26.246,0.00136,12480887,7536004575.0,-0.2487562189054726,603.0
HK.00700,腾讯控股,2025-12-12,608.0,616.0,616.0,601.5,26.879,0.00195,17825495,10871536434.0,2.4106400665004157,601.5
HK.00700,腾讯控股,2025-12-15,606.0,603.0,608.5,602.0,26.271,0.00166,15165502,9186457680.0,-2.1103896103896105,616.0
HK.00700,腾讯控股,2025-12-16,602.5,596.5,603.0,592.0,25.987,0.00175,15987678,9521250035.0,-1.077943615257048,603.0
HK.00700,腾讯控股,2025-12-17,597.0,605.0,606.0,594.5,26.358,0.00162,14824785,8913471531.0,1.4249790444258172,596.5
HK.00700,腾讯控股,2025-12-18,601.0,605.0,606.0,599.0,26.358,0.00111,10153604,6118191950.0,0.0,605.0
HK.00700,腾讯控股,2025-12-19,610.0,614.0,617.5,607.0,26.75,0.00195,17765762,10899320074.0,1.487603305785124,605.0
HK.00700,腾讯控股,2025-12-22,620.0,614.5,621.5,610.0,26.772,0.00152,13868060,8519903911.0,0.0814332247557003,614.0
HK.00700,腾讯控股,2025-12-23,613.5,602.0,614.5,601.5,26.227,0.00171,15623392,9448325534.0,-2.034174125305126,614.5
HK.00700,腾讯控股,2025-12-24,598.0,603.0,604.5,598.0,26.271,0.0008,7324553,4407029326.0,0.1661129568106312,602.0
HK.00700,腾讯控股,2025-12-29,606.0,596.5,611.0,596.0,25.987,0.00203,18502650,11132678825.0,-1.077943615257048,603.0
HK.00700,腾讯控股,2025-12-30,598.5,600.0,601.0,594.0,26.14,0.00149,13582535,8129374890.0,0.586756077116513,596.5
HK.00700,腾讯控股,2025-12-31,597.5,599.0,602.5,596.0,26.067,0.00119,10838209,6491607235.0,-0.1666666666666666,600.0
HK.00700,腾讯控股,2026-01-02,600.5,623.0,624.5,600.5,27.111,0.00178,16200058,10010377766.0,4.006677796327212,599.0
HK.00700,腾讯控股,2026-01-05,624.0,624.5,628.0,615.5,27.176,0.00219,19947025,12449753887.0,0.2407704654895666,623.0
HK.00700,腾讯控股,2026-01-06,627.0,632.5,638.5,626.0,27.525,0.00265,24168431,15313854511.0,1.281024819855885,624.5
HK.00700,腾讯控股,2026-01-07,627.5,624.5,629.5,615.0,27.178,0.00234,21378622,13276699447.0,-1.2648221343873518,632.5
HK.00700,腾讯控股,2026-01-08,618.5,616.0,621.0,610.0,26.808,0.00206,18742539,11517454670.0,-1.3610888710968776,624.5
HK.00700,腾讯控股,2026-01-09,616.0,611.0,617.0,610.0,26.59,0.00195,17813669,10905861546.0,-0.8116883116883116,616.0
HK.00700,腾讯控股,2026-01-12,616.0,623.0,627.5,613.5,27.112,0.00302,27530129,17094929270.0,1.9639934533551555,611.0
HK.00700,腾讯控股,2026-01-13,637.0,627.5,639.0,622.5,27.311,0.00265,24212695,15223559034.0,0.7223113964686998,623.0
HK.00700,腾讯控股,2026-01-14,634.0,633.0,638.5,626.0,27.555,0.00314,28677291,18145947867.0,0.8764940239043826,627.5
HK.00700,腾讯控股,2026-01-15,631.0,622.0,632.5,618.5,27.076,0.00287,26194252,16373184856.0,-1.7377567140600316,633.0
HK.00700,腾讯控股,2026-01-16,627.0,617.5,630.0,613.5,26.88,0.00226,20616793,12738149855.0,-0.7234726688102894,622.0
HK.00700,腾讯控股,2026-01-19,613.5,610.0,614.5,608.5,26.554,0.00145,13233330,8085158357.0,-1.214574898785425,617.5
HK.00700,腾讯控股,2026-01-20,601.0,601.0,607.0,598.0,26.162,0.00267,24332228,14637834605.0,-1.475409836065574,610.0
HK.00700,腾讯控股,2026-01-21,598.0,602.5,606.0,598.0,26.227,0.00175,16003431,9625116160.0,0.2495840266222961,601.0
HK.00700,腾讯控股,2026-01-22,604.5,597.5,605.5,596.0,26.009,0.00298,27168713,16278457326.0,-0.8298755186721992,602.5
HK.00700,腾讯控股,2026-01-23,597.5,595.0,602.0,595.0,25.901,0.0021,19177660,11445681352.0,-0.4184100418410041,597.5
HK.00700,腾讯控股,2026-01-26,595.0,599.5,605.0,594.0,26.096,0.00191,17439619,10437731314.0,0.7563025210084033,595.0
HK.00700,腾讯控股,2026-01-27,600.0,607.0,610.5,598.5,26.423,0.00262,23887447,14458720764.0,1.2510425354462051,599.5
HK.00700,腾讯控股,2026-01-28,613.0,621.0,623.0,610.5,27.032,0.0028,25577066,15812292185.0,2.3064250411861615,607.0
HK.00700,腾讯控股,2026-01-29,614.5,622.0,625.0,612.5,27.076,0.00252,22951530,14255212249.0,0.1610305958132045,621.0
HK.00700,腾讯控股,2026-01-30,615.0,606.0,619.5,605.5,26.379,0.00235,21479886,13126677309.0,-2.572347266881029,622.0
HK.00700,腾讯控股,2026-02-02,598.0,598.5,604.5,590.5,26.053,0.00306,27926332,16667624948.0,-1.2376237623762376,606.0
HK.00700,腾讯控股,2026-02-03,598.5,581.0,601.5,561.0,25.291,0.00714,65128647,37562016592.0,-2.923976608187134,598.5
HK.00700,腾讯控股,2026-02-04,572.0,558.0,574.5,558.0,24.29,0.00662,60374834,34030535809.0,-3.958691910499139,581.0
HK.00700,腾讯控股,2026-02-05,550.0,558.5,561.5,541.0,24.267,0.00871,79306977,43460897175.0,0.089605734767025,558.0
HK.00700,腾讯控股,2026-02-06,546.0,547.5,557.5,543.0,23.789,0.00389,35402860,19472346757.0,-1.9695613249776187,558.5
HK.00700,腾讯控股,2026-02-09,550.0,560.0,562.5,550.0,24.333,0.0029,26375723,14680203940.0,2.28310502283105,547.5
HK.00700,腾讯控股,2026-02-10,563.0,551.0,566.0,547.0,23.941,0.00321,29211865,16193933207.0,-1.607142857142857,560.0
HK.00700,腾讯控股,2026-02-11,543.0,548.0,550.5,543.0,23.811,0.00261,23759058,12991880860.0,-0.5444646098003629,551.0
HK.00700,腾讯控股,2026-02-12,537.0,535.5,541.0,530.5,23.268,0.00437,39790780,21258224270.0,-2.281021897810219,548.0
HK.00700,腾讯控股,2026-02-13,525.5,532.0,534.5,525.0,23.116,0.00295,26900740,14233832931.0,-0.6535947712418301,535.5
HK.00700,腾讯控股,2026-02-16,530.0,533.0,535.0,527.5,23.159,0.00079,7224483,3838968116.0,0.18796992481203,532.0
HK.00700,腾讯控股,2026-02-20,531.5,522.0,533.0,518.0,22.681,0.00234,21351884,11171863721.0,-2.0637898686679175,533.0
HK.00700,腾讯控股,2026-02-23,529.0,538.0,543.0,528.0,23.377,0.00243,22136687,11883268465.0,3.065134099616858,522.0
HK.00700,腾讯控股,2026-02-24,534.5,520.0,534.5,516.0,22.594,0.00397,36134943,18828896718.0,-3.3457249070631967,538.0
HK.00700,腾讯控股,2026-02-25,522.5,522.5,529.0,522.0,22.703,0.00251,22838866,11981117681.0,0.4807692307692308,520.0
HK.00700,腾讯控股,2026-02-26,529.0,512.0,529.5,512.0,22.247,0.00281,25547825,13216109120.0,-2.0095693779904304,522.5
HK.00700,腾讯控股,2026-02-27,510.5,518.0,530.5,510.5,22.508,0.00354,32229030,16775665867.0,1.171875,512.0
HK.00700,腾讯控股,2026-03-02,511.5,514.0,520.0,507.0,22.334,0.00338,30816358,15821425593.0,-0.7722007722007722,518.0
HK.00700,腾讯控股,2026-03-03,518.0,510.5,525.5,510.5,22.182,0.00301,27370602,14133900989.0,-0.6809338521400778,514.0
HK.00700,腾讯控股,2026-03-04,506.0,506.0,515.0,498.8,21.986,0.00362,32965198,16643464030.0,-0.881488736532811,510.5
HK.00700,腾讯控股,2026-03-05,509.5,502.0,515.5,501.5,21.812,0.00263,23955443,12163766343.0,-0.7905138339920948,506.0
HK.00700,腾讯控股,2026-03-06,504.0,519.0,522.0,502.0,22.551,0.00333,30359878,15683394735.0,3.386454183266932,502.0
HK.00700,腾讯控股,2026-03-09,502.5,516.0,517.5,502.5,22.421,0.00345,31383491,16052535231.0,-0.5780346820809248,519.0
HK.00700,腾讯控股,2026-03-10,525.0,553.5,556.0,525.0,24.05,0.00635,57862244,31475868607.0,7.267441860465117,516.0
HK.00700,腾讯控股,2026-03-11,578.0,552.0,578.0,548.0,23.985,0.00523,47623240,26800185739.0,-0.2710027100271002,553.5
HK.00700,腾讯控股,2026-03-12,550.5,546.5,557.0,541.5,23.746,0.00216,19663840,10765396713.0,-0.9963768115942028,552.0
HK.00700,腾讯控股,2026-03-13,546.5,547.5,558.5,543.0,23.789,0.00189,17183958,9462012419.0,0.1829826166514181,546.5
HK.00700,腾讯控股,2026-03-16,551.0,558.5,565.5,543.5,24.267,0.00266,24217363,13507363424.0,2.009132420091324,547.5
HK.00700,腾讯控股,2026-03-17,563.0,550.0,566.0,549.0,23.898,0.00251,22872974,12710928714.0,-1.521933751119069,558.5
HK.00700,腾讯控股,2026-03-18,546.5,550.5,552.0,542.5,20.138,0.00234,21350876,11686255183.0,0.0909090909090909,550.0
HK.00700,腾讯控股,2026-03-19,528.0,513.0,529.5,512.0,18.801,0.00651,59432770,30817089730.0,-6.811989100817439,550.5
HK.00700,腾讯控股,2026-03-20,505.0,508.0,519.0,505.0,18.618,0.00273,24924662,12743703970.0,-0.9746588693957114,513.0
HK.00700,腾讯控股,2026-03-23,497.8,498.4,506.0,495.2,18.266,0.00385,35123702,17559957951.0,-1.8897637795275637,508.0
HK.00700,腾讯控股,2026-03-24,508.0,514.0,520.0,500.0,18.838,0.00322,29358876,14963361208.0,3.1300160513643704,498.4
HK.00700,腾讯控股,2026-03-25,519.0,505.5,521.5,502.0,18.526,0.00409,37353909,19007548341.0,-1.6536964980544748,514.0
HK.00700,腾讯控股,2026-03-26,501.0,495.6,507.5,495.0,18.164,0.00248,22623215,11307241718.0,-1.958456973293764,505.5
HK.00700,腾讯控股,2026-03-27,491.2,493.4,498.2,487.6,18.083,0.00223,20345920,10020206761.0,-0.443906376109775,495.6
HK.00700,腾讯控股,2026-03-30,485.0,481.6,485.8,476.0,17.651,0.00311,28410968,13670376544.0,-2.3915687069314866,493.4
HK.00700,腾讯控股,2026-03-31,484.4,484.0,492.0,480.0,17.739,0.00283,25801397,12507937762.0,0.4983388704318889,481.6
HK.00700,腾讯控股,2026-04-01,504.0,496.6,504.0,493.0,18.203,0.00233,21275055,10596437231.0,2.603305785123972,484.0
HK.00700,腾讯控股,2026-04-02,496.0,489.2,496.0,485.0,17.933,0.00187,17030828,8323962107.0,-1.490132903745476,496.6
