code,name,time_key,open,close,high,low,pe_ratio,turnover_rate,volume,turnover,change_rate,last_close
HK.00285,比亚迪电子,2019-06-03,8.21311,8.37311,8.55311,8.17311,9.475,0.00297,6684000,69871080.0,1.9481049200607337,8.21311
HK.00285,比亚迪电子,2019-06-04,8.55311,8.07311,8.55311,8.07311,9.204,0.00196,4408199,45451448.0,-3.5828981107378346,8.37311
HK.00285,比亚迪电子,2019-06-05,8.39311,8.41311,8.57311,8.27311,9.511,0.00216,4862000,51210271.0,4.211512044305105,8.07311
HK.00285,比亚迪电子,2019-06-06,8.41311,8.19311,8.45311,8.09311,9.312,0.00161,3625000,37423285.0,-2.6149664036248055,8.41311
HK.00285,比亚迪电子,2019-06-10,8.35311,8.81311,8.87311,8.35311,9.873,0.00357,8039037,87288214.0,7.567334016020768,8.19311
HK.00285,比亚迪电子,2019-06-11,9.07503,9.25503,9.41503,8.91503,10.072,0.00428,9648606,107185304.0,5.014347943007629,8.81311
HK.00285,比亚迪电子,2019-06-12,8.97503,8.91503,9.27503,8.83503,9.764,0.00197,4448714,48255281.0,-3.6736779891583264,9.25503
HK.00285,比亚迪电子,2019-06-13,8.79503,8.91503,8.99503,8.73503,9.764,0.00165,3723078,39946442.0,0.0,8.91503
HK.00285,比亚迪电子,2019-06-14,8.89503,8.69503,9.09503,8.63503,9.566,0.00227,5115330,54503688.0,-2.4677426772540376,8.91503
HK.00285,比亚迪电子,2019-06-17,8.65503,8.65503,8.93503,8.63503,9.529,0.00136,3057836,32494394.0,-0.4600329153550839,8.69503
HK.00285,比亚迪电子,2019-06-18,8.65503,8.89503,8.91503,8.65503,9.746,0.00134,3022427,32432650.0,2.772953993227062,8.65503
HK.00285,比亚迪电子,2019-06-19,9.53503,9.77503,9.85503,9.45503,10.542,0.00646,14558531,168838773.0,9.893165059589444,8.89503
HK.00285,比亚迪电子,2019-06-20,9.77503,9.43503,9.91503,9.41503,10.235,0.00427,9615405,110214694.0,-3.478250194628558,9.77503
HK.00285,比亚迪电子,2019-06-21,9.47503,9.27503,9.57503,9.19503,10.09,0.0035,7891110,88228015.0,-1.6958080684428154,9.43503
HK.00285,比亚迪电子,2019-06-24,9.27503,9.23503,9.61503,9.15503,10.054,0.00241,5420112,60837903.0,-0.431265451432493,9.27503
HK.00285,比亚迪电子,2019-06-25,9.15503,8.83503,9.19503,8.75503,9.692,0.00367,8278984,89174987.0,-4.331334061719348,9.23503
HK.00285,比亚迪电子,2019-06-26,8.83503,8.91503,9.03503,8.63503,9.764,0.00186,4182984,45161970.0,0.905486455620412,8.83503
HK.00285,比亚迪电子,2019-06-27,9.09503,9.35503,9.39503,9.03503,10.162,0.00352,7936872,88300317.0,4.935485354508056,8.91503
HK.00285,比亚迪电子,2019-06-28,9.31503,9.27503,9.31503,9.05503,10.09,0.0028,6301504,69744819.0,-0.8551549273492449,9.35503
HK.00285,比亚迪电子,2019-07-02,10.23503,10.03503,10.31503,9.85503,10.777,0.0077,17346490,207251714.0,8.194043577217558,9.27503
HK.00285,比亚迪电子,2019-07-03,9.83503,9.53503,10.01503,9.43503,10.325,0.00409,9205506,106222788.0,-4.982546140868537,10.03503
HK.00285,比亚迪电子,2019-07-04,9.69503,9.41503,9.71503,9.31503,10.216,0.00255,5744062,65085425.0,-1.2585172778690887,9.53503
HK.00285,比亚迪电子,2019-07-05,9.39503,9.37503,9.51503,9.27503,10.18,0.0016,3611500,40580436.0,-0.4248526027001416,9.41503
HK.00285,比亚迪电子,2019-07-08,9.23503,9.17503,9.47503,9.03503,10.0,0.00189,4256000,47021767.0,-2.133326506688523,9.37503
HK.00285,比亚迪电子,2019-07-09,9.19503,8.89503,9.19503,8.75503,9.746,0.00337,7601500,81998822.0,-3.051761138655671,9.17503
HK.00285,比亚迪电子,2019-07-10,9.09503,8.81503,9.17503,8.77503,9.674,0.00379,8540500,91785320.0,-0.8993786417808604,8.89503
HK.00285,比亚迪电子,2019-07-11,8.99503,9.01503,9.27503,8.85503,9.855,0.00246,5534789,60592256.0,2.2688521763397205,8.81503
HK.00285,比亚迪电子,2019-07-12,9.01503,8.85503,9.09503,8.75503,9.71,0.00157,3541518,38342712.0,-1.7748138386672052,9.01503
HK.00285,比亚迪电子,2019-07-15,8.85503,9.11503,9.11503,8.67503,9.945,0.00192,4332066,47236019.0,2.936184292995073,8.85503
HK.00285,比亚迪电子,2019-07-16,9.15503,9.25503,9.41503,9.05503,10.072,0.00174,3909315,43694178.0,1.5359247309114592,9.11503
HK.00285,比亚迪电子,2019-07-17,9.25503,9.37503,9.39503,9.11503,10.18,0.00154,3477000,38890239.0,1.296592231467656,9.25503
HK.00285,比亚迪电子,2019-07-18,9.29503,9.17503,9.31503,9.03503,10.0,0.00173,3889348,43002510.0,-2.133326506688523,9.37503
HK.00285,比亚迪电子,2019-07-19,9.33503,9.07503,9.49503,8.99503,9.909,0.00189,4266525,47505254.0,-1.0899146923770238,9.17503
HK.00285,比亚迪电子,2019-07-22,9.09503,9.17503,9.47503,8.93503,10.0,0.00209,4706000,52387181.0,1.1019247319292569,9.07503
HK.00285,比亚迪电子,2019-07-23,9.21503,9.25503,9.39503,9.05503,10.072,0.00257,5781000,63952120.0,0.871931753901623,9.17503
HK.00285,比亚迪电子,2019-07-24,9.31503,9.57503,9.71503,9.27503,10.361,0.0044,9914500,113760280.0,3.457579283913723,9.25503
HK.00285,比亚迪电子,2019-07-25,9.61503,9.83503,9.93503,9.61503,10.596,0.00444,10003973,116942179.0,2.7153961919701533,9.57503
HK.00285,比亚迪电子,2019-07-26,9.63503,9.67503,9.81503,9.53503,10.452,0.003,6763406,78177807.0,-1.626837945588373,9.83503
HK.00285,比亚迪电子,2019-07-29,9.67503,9.53503,9.71503,9.33503,10.325,0.002,4497444,51175760.0,-1.447023936876669,9.67503
HK.00285,比亚迪电子,2019-07-30,9.61503,9.63503,9.75503,9.41503,10.415,0.00199,4476500,51565995.0,1.0487643982242283,9.53503
HK.00285,比亚迪电子,2019-07-31,9.57503,10.53503,10.61503,9.43503,11.229,0.00577,13005393,156128130.0,9.340915388950531,9.63503
HK.00285,比亚迪电子,2019-08-01,10.33503,10.25503,10.71503,10.05503,10.976,0.00602,13555156,165504346.0,-2.65779974048485,10.53503
HK.00285,比亚迪电子,2019-08-02,9.71503,9.21503,9.81503,9.21503,10.036,0.00799,18007500,203702094.0,-10.141364774164476,10.25503
HK.00285,比亚迪电子,2019-08-05,9.09503,8.79503,9.19503,8.71503,9.656,0.00545,12288500,132334110.0,-4.55777138001721,9.21503
HK.00285,比亚迪电子,2019-08-06,8.49503,8.53503,8.61503,8.11503,9.421,0.00699,15757000,161762272.0,-2.9562150441783572,8.79503
HK.00285,比亚迪电子,2019-08-07,8.65503,8.21503,8.85503,8.15503,9.132,0.00602,13555056,138166794.0,-3.74925454274912,8.53503
HK.00285,比亚迪电子,2019-08-08,8.31503,8.35503,8.49503,8.15503,9.258,0.00391,8801500,89739741.0,1.7041934113448003,8.21503
HK.00285,比亚迪电子,2019-08-09,8.49503,8.75503,8.87503,8.41503,9.62,0.00841,18949650,200724599.0,4.787535173422482,8.35503
HK.00285,比亚迪电子,2019-08-12,8.75503,8.89503,9.15503,8.65503,9.746,0.00435,9791500,105814406.0,1.5990807570048369,8.75503
HK.00285,比亚迪电子,2019-08-13,8.81503,8.63503,9.01503,8.61503,9.511,0.00369,8310384,88173342.0,-2.9229805857877915,8.89503
HK.00285,比亚迪电子,2019-08-14,9.13503,8.95503,9.39503,8.91503,9.801,0.00516,11626441,128480740.0,3.705835416900697,8.63503
HK.00285,比亚迪电子,2019-08-15,8.51503,9.77503,9.99503,8.51503,10.542,0.00786,17717267,200044638.0,9.156864912792011,8.95503
HK.00285,比亚迪电子,2019-08-16,10.31503,9.87503,10.37503,9.77503,10.632,0.00887,19987979,238112310.0,1.023014763126061,9.77503
HK.00285,比亚迪电子,2019-08-19,10.13503,10.47503,10.77503,10.11503,11.175,0.01012,22799005,282025331.0,6.075930908564325,9.87503
HK.00285,比亚迪电子,2019-08-20,10.61503,10.41503,10.87503,10.27503,11.121,0.00725,16344312,202874432.0,-0.5727907223177451,10.47503
HK.00285,比亚迪电子,2019-08-21,10.29503,10.23503,10.49503,9.79503,10.958,0.01058,23833328,286760806.0,-1.7282715460253089,10.41503
HK.00285,比亚迪电子,2019-08-22,9.15503,9.51503,10.03503,9.15503,10.307,0.01492,33620021,384362391.0,-7.03466428530254,10.23503
HK.00285,比亚迪电子,2019-08-23,9.31503,8.67503,9.39503,8.65503,9.547,0.01333,30024708,323125920.0,-8.828138219217385,9.51503
HK.00285,比亚迪电子,2019-08-26,8.31503,8.23503,8.61503,8.11503,9.15,0.01361,30668125,310197965.0,-5.0720285693536455,8.67503
HK.00285,比亚迪电子,2019-08-27,8.23503,8.11503,8.29503,8.03503,9.041,0.01003,22597800,226934845.0,-1.45718959129474,8.23503
HK.00285,比亚迪电子,2019-08-28,8.13503,7.64503,8.25503,7.54503,8.616,0.00989,22287103,216266799.0,-5.791722273361906,8.11503
HK.00285,比亚迪电子,2019-08-29,7.71503,7.43503,7.73503,7.15503,8.426,0.01149,25883600,238052307.0,-2.7468826152415353,7.64503
HK.00285,比亚迪电子,2019-08-30,7.49503,7.54503,7.81503,7.38503,8.526,0.00843,19001000,179652476.0,1.4794829341643467,7.43503
HK.00285,比亚迪电子,2019-09-02,7.54503,7.47503,7.66503,7.32503,8.462,0.00466,10500500,98603975.0,-0.927763044017047,7.54503
HK.00285,比亚迪电子,2019-09-03,7.51503,7.64503,7.87503,7.46503,8.616,0.00588,13249000,127505338.0,2.2742383642607447,7.47503
HK.00285,比亚迪电子,2019-09-04,7.66503,7.85503,7.92503,7.47503,8.806,0.00658,14820000,142830475.0,2.7468826152415353,7.64503
HK.00285,比亚迪电子,2019-09-05,7.90503,8.65503,8.77503,7.88503,9.529,0.01447,32597000,337564215.0,10.184556901755942,7.85503
HK.00285,比亚迪电子,2019-09-06,8.85503,8.79503,9.23503,8.73503,9.656,0.00938,21127775,229596112.0,1.6175564960491249,8.65503
HK.00285,比亚迪电子,2019-09-09,8.81503,9.23503,9.29503,8.81503,10.054,0.00799,17997318,197557023.0,5.002825459378757,8.79503
HK.00285,比亚迪电子,2019-09-10,9.31503,9.45503,9.79503,9.01503,10.253,0.01079,24303012,275977966.0,2.3822337339456467,9.23503
HK.00285,比亚迪电子,2019-09-11,9.47503,9.59503,9.69503,9.17503,10.379,0.00463,10440615,118455715.0,1.4806933452352744,9.45503
HK.00285,比亚迪电子,2019-09-12,9.59503,10.03503,10.09503,9.51503,10.777,0.00584,13167500,155197801.0,4.585707392264551,9.59503
HK.00285,比亚迪电子,2019-09-13,9.81503,10.11503,10.27503,9.63503,10.849,0.00397,8940053,107360791.0,0.7972073825389666,10.03503
HK.00285,比亚迪电子,2019-09-16,10.11503,9.97503,10.11503,9.75503,10.723,0.00471,10602045,124953133.0,-1.384078939953718,10.11503
HK.00285,比亚迪电子,2019-09-17,9.91503,9.63503,9.95503,9.43503,10.415,0.00538,12132756,139875369.0,-3.408511052097085,9.97503
HK.00285,比亚迪电子,2019-09-18,9.53503,10.21503,10.61503,9.53503,10.94,0.01,22542500,274805986.0,6.019701028434785,9.63503
HK.00285,比亚迪电子,2019-09-19,10.11503,10.65503,10.71503,10.11503,11.338,0.00724,16304633,203337448.0,4.307378441375106,10.21503
HK.00285,比亚迪电子,2019-09-20,10.51503,10.37503,10.79503,10.01503,11.084,0.00837,18857500,230200446.0,-2.6278668384790973,10.65503
HK.00285,比亚迪电子,2019-09-23,10.45503,9.79503,10.45503,9.69503,10.56,0.005,11262500,133275679.0,-5.590345280929308,10.37503
HK.00285,比亚迪电子,2019-09-24,9.99503,9.73503,10.09503,9.57503,10.506,0.00419,9446520,110446132.0,-0.6125555511315482,9.79503
HK.00285,比亚迪电子,2019-09-25,9.67503,9.69503,9.99503,9.59503,10.47,0.00453,10199555,119003605.0,-0.4108872802651961,9.73503
HK.00285,比亚迪电子,2019-09-26,9.93503,9.85503,10.21503,9.69503,10.614,0.0039,8788548,104155585.0,1.650330117596337,9.69503
HK.00285,比亚迪电子,2019-09-27,9.81503,9.97503,10.17503,9.73503,10.723,0.00191,4300690,51316319.0,1.217652305472444,9.85503
HK.00285,比亚迪电子,2019-09-30,9.81503,9.85503,10.07503,9.77503,10.614,0.00171,3851500,45218935.0,-1.203003900740158,9.97503
HK.00285,比亚迪电子,2019-10-02,9.85503,10.23503,10.25503,9.69503,10.958,0.00196,4410931,52976926.0,3.8558989673293818,9.85503
HK.00285,比亚迪电子,2019-10-03,9.95503,10.31503,10.61503,9.95503,11.03,0.00263,5915548,72506222.0,0.7816293650336157,10.23503
HK.00285,比亚迪电子,2019-10-04,10.31503,10.47503,10.65503,10.27503,11.175,0.00264,5941463,73392139.0,1.5511346064916935,10.31503
HK.00285,比亚迪电子,2019-10-08,10.49503,10.17503,10.49503,10.01503,10.904,0.00339,7635293,92612529.0,-2.8639536115887085,10.47503
HK.00285,比亚迪电子,2019-10-09,10.11503,9.35503,10.11503,9.33503,10.162,0.00599,13488592,155732258.0,-8.058944297952934,10.17503
HK.00285,比亚迪电子,2019-10-10,9.35503,9.63503,9.85503,9.25503,10.415,0.00489,11009753,127349948.0,2.993042245722367,9.35503
HK.00285,比亚迪电子,2019-10-11,9.67503,9.59503,9.89503,9.51503,10.379,0.00264,5957393,68944513.0,-0.4151517950644774,9.63503
HK.00285,比亚迪电子,2019-10-14,9.83503,9.67503,9.97503,9.47503,10.452,0.00387,8731000,101113340.0,0.8337649804117349,9.59503
HK.00285,比亚迪电子,2019-10-15,9.55503,9.31503,9.69503,9.15503,10.126,0.00449,10114117,113592667.0,-3.720918694825747,9.67503
HK.00285,比亚迪电子,2019-10-16,9.41503,9.27503,9.49503,9.13503,10.09,0.00349,7864094,87601331.0,-0.4294135391941939,9.31503
HK.00285,比亚迪电子,2019-10-17,9.33503,9.29503,9.57503,9.21503,10.108,0.00274,6183000,69573635.0,0.2156327257162656,9.27503
HK.00285,比亚迪电子,2019-10-18,9.31503,9.41503,9.61503,9.23503,10.216,0.00209,4703031,53444670.0,1.2910125088353583,9.29503
HK.00285,比亚迪电子,2019-10-21,9.41503,9.33503,9.55503,9.23503,9.876,0.00194,4360000,48824978.0,-0.8497052054003023,9.41503
HK.00285,比亚迪电子,2019-10-22,9.33503,9.11503,9.45503,9.11503,9.683,0.00426,9605662,106678352.0,-2.3567144401249793,9.33503
HK.00285,比亚迪电子,2019-10-23,9.11503,9.07503,9.21503,8.93503,9.647,0.00331,7452022,81277864.0,-0.4388356374032879,9.11503
HK.00285,比亚迪电子,2019-10-24,9.07503,9.21503,9.43503,8.95503,9.771,0.00414,9322520,103576791.0,1.5426946247009714,9.07503
HK.00285,比亚迪电子,2019-10-25,9.21503,9.31503,9.45503,9.03503,9.859,0.00336,7575000,85044521.0,1.0851836619088555,9.21503
HK.00285,比亚迪电子,2019-10-28,9.41503,9.63503,9.73503,9.39503,10.14,0.00462,10418000,119321599.0,3.4353083135534748,9.31503
HK.00285,比亚迪电子,2019-10-29,9.75503,9.73503,9.79503,9.53503,10.228,0.00371,8354340,96381067.0,1.037879487661166,9.63503
HK.00285,比亚迪电子,2019-10-30,9.55503,11.17503,11.35503,9.47503,11.496,0.02396,53984553,687230912.0,14.791942089546714,9.73503
HK.00285,比亚迪电子,2019-10-31,11.17503,11.63503,11.69503,11.09503,11.901,0.00885,19933664,267915676.0,4.116320045673263,11.17503
HK.00285,比亚迪电子,2019-11-01,11.49503,11.51503,11.77503,11.23503,11.795,0.00457,10293000,137908533.0,-1.0313682044653172,11.63503
HK.00285,比亚迪电子,2019-11-04,11.69503,12.25503,12.29503,11.49503,12.447,0.00581,13083085,183038589.0,6.426383604732252,11.51503
HK.00285,比亚迪电子,2019-11-05,12.41503,12.37503,12.67503,12.27503,12.552,0.00605,13623253,195657288.0,0.9791897694252972,12.25503
HK.00285,比亚迪电子,2019-11-06,12.25503,12.29503,12.67503,12.11503,12.482,0.00485,10918000,154974285.0,-0.6464630792814244,12.37503
HK.00285,比亚迪电子,2019-11-07,12.01503,12.71503,12.71503,11.99503,12.852,0.00337,7589894,109244684.0,3.4160144383543587,12.29503
HK.00285,比亚迪电子,2019-11-08,12.83503,12.93503,13.51503,12.67503,13.045,0.00808,18206571,274383486.0,1.7302357918148743,12.71503
HK.00285,比亚迪电子,2019-11-11,13.01503,12.21503,13.01503,12.09503,12.411,0.00586,13205140,188135435.0,-5.566280093668116,12.93503
HK.00285,比亚迪电子,2019-11-12,12.21503,12.73503,12.73503,12.17503,12.869,0.00399,9001201,129911185.0,4.2570505352831685,12.21503
HK.00285,比亚迪电子,2019-11-13,12.51503,12.21503,12.61503,12.01503,12.411,0.00463,10423000,147085403.0,-4.083225559735623,12.73503
HK.00285,比亚迪电子,2019-11-14,12.13503,12.35503,12.49503,11.99503,12.535,0.00257,5783614,81966369.0,1.1461289902685363,12.21503
HK.00285,比亚迪电子,2019-11-15,12.25503,12.47503,12.65503,12.25503,12.64,0.00316,7123700,102744378.0,0.9712643352545562,12.35503
HK.00285,比亚迪电子,2019-11-18,12.83503,13.03503,13.05503,12.47503,13.133,0.00366,8246985,120984425.0,4.488967160800419,12.47503
HK.00285,比亚迪电子,2019-11-19,12.99503,13.47503,13.47503,12.85503,13.521,0.00465,10479000,158497780.0,3.375519657415437,13.03503
HK.00285,比亚迪电子,2019-11-20,13.29503,13.09503,13.45503,13.09503,13.186,0.00316,7125770,107669808.0,-2.8200308273896293,13.47503
HK.00285,比亚迪电子,2019-11-21,13.03503,12.49503,13.03503,12.41503,12.658,0.00436,9826481,142389677.0,-4.5818909922314015,13.09503
HK.00285,比亚迪电子,2019-11-22,12.49503,12.53503,12.97503,12.39503,12.693,0.00221,4983559,72188657.0,0.3201272826075722,12.49503
HK.00285,比亚迪电子,2019-11-25,12.51503,12.81503,12.91503,12.37503,12.94,0.00191,4299500,62776302.0,2.2337401665572347,12.53503
HK.00285,比亚迪电子,2019-11-26,12.91503,12.49503,13.15503,12.49503,12.658,0.00389,8758000,127109212.0,-2.49706789605643,12.81503
HK.00285,比亚迪电子,2019-11-27,12.47503,12.83503,12.87503,12.35503,12.957,0.00302,6798429,99039847.0,2.7210819021642996,12.49503
HK.00285,比亚迪电子,2019-11-28,12.73503,12.59503,12.73503,12.11503,12.746,0.00138,3105000,44810403.0,-1.8698826570720928,12.83503
HK.00285,比亚迪电子,2019-11-29,12.45503,12.11503,12.53503,11.99503,12.323,0.00281,6329964,88745400.0,-3.8110270479704984,12.59503
HK.00285,比亚迪电子,2019-12-02,12.09503,12.09503,12.23503,11.53503,12.306,0.0058,13069567,179624874.0,-0.1650841970676205,12.11503
HK.00285,比亚迪电子,2019-12-03,11.81503,12.21503,12.29503,11.81503,12.411,0.00197,4433248,62172274.0,0.992143053799792,12.09503
HK.00285,比亚迪电子,2019-12-04,12.07503,11.75503,12.35503,11.73503,12.007,0.00264,5959550,82240199.0,-3.7658523965966584,12.21503
HK.00285,比亚迪电子,2019-12-05,12.03503,12.85503,12.89503,11.87503,12.975,0.00463,10433915,150275149.0,9.35769623727034,11.75503
HK.00285,比亚迪电子,2019-12-06,12.89503,13.75503,13.87503,12.77503,13.767,0.00634,14280658,219938301.0,7.001150522402518,12.85503
HK.00285,比亚迪电子,2019-12-09,13.81503,13.47503,13.97503,13.35503,13.521,0.00267,6014871,93051854.0,-2.0356189699331764,13.75503
HK.00285,比亚迪电子,2019-12-10,13.45503,13.61503,13.95503,13.39503,13.644,0.00263,5935170,92437040.0,1.0389587258803918,13.47503
HK.00285,比亚迪电子,2019-12-11,13.61503,13.53503,13.85503,13.29503,13.573,0.00175,3937674,60681069.0,-0.5875859252605398,13.61503
HK.00285,比亚迪电子,2019-12-12,13.73503,13.97503,14.23503,13.67503,13.961,0.00564,12698115,201295432.0,3.250823973053621,13.53503
HK.00285,比亚迪电子,2019-12-13,14.05503,13.59503,14.15503,13.47503,13.626,0.00356,8010798,124696984.0,-2.719135486650124,13.97503
HK.00285,比亚迪电子,2019-12-16,13.61503,14.57503,14.81503,13.55503,14.489,0.00653,14716748,240097664.0,7.208516641743347,13.59503
HK.00285,比亚迪电子,2019-12-17,14.61503,14.25503,14.71503,14.15503,14.207,0.00268,6040500,98051121.0,-2.1955357896347403,14.57503
HK.00285,比亚迪电子,2019-12-18,14.37503,14.01503,14.41503,13.89503,13.996,0.00401,9038540,143816800.0,-1.683616239320438,14.25503
HK.00285,比亚迪电子,2019-12-19,14.01503,13.79503,14.27503,13.39503,13.802,0.00358,8073134,125651734.0,-1.569743339828733,14.01503
HK.00285,比亚迪电子,2019-12-20,13.89503,13.31503,13.93503,13.29503,13.38,0.00305,6865872,105527035.0,-3.479513998882209,13.79503
HK.00285,比亚迪电子,2019-12-23,13.31503,13.43503,13.79503,13.27503,13.485,0.00267,6012315,92608003.0,0.9012371733296825,13.31503
HK.00285,比亚迪电子,2019-12-24,13.61503,13.81503,13.81503,13.47503,13.82,0.00092,2084000,32469345.0,2.8284268810713544,13.43503
HK.00285,比亚迪电子,2019-12-27,13.91503,13.29503,13.95503,13.17503,13.362,0.00564,12707133,194054122.0,-3.764016437170238,13.81503
HK.00285,比亚迪电子,2019-12-30,13.49503,13.11503,13.49503,12.97503,13.204,0.00409,9216801,138442568.0,-1.353889385732862,13.29503
HK.00285,比亚迪电子,2019-12-31,13.01503,13.09503,13.41503,12.97503,13.186,0.00315,7103500,107122195.0,-0.1524967918487517,13.11503
HK.00285,比亚迪电子,2020-01-02,13.29503,13.71503,14.09503,13.07503,13.732,0.00848,19097000,296344932.0,4.7346206919724585,13.09503
HK.00285,比亚迪电子,2020-01-03,14.81503,15.37503,16.07503,14.695029999,15.193,0.01916,43171099,752529804.0,12.103509799103612,13.71503
HK.00285,比亚迪电子,2020-01-06,15.25503,14.995029999,15.47503,14.47503,14.859,0.00816,18393790,309637516.0,-2.4715398994343483,15.37503
HK.00285,比亚迪电子,2020-01-07,15.29503,14.87503,15.31503,14.53503,14.753,0.00592,13334939,222659796.0,-0.8002651479056847,14.995029999
HK.00285,比亚迪电子,2020-01-08,14.515029999,14.37503,14.695029999,14.11503,14.313,0.00514,11570807,188216553.0,-3.361337758646537,14.87503
HK.00285,比亚迪电子,2020-01-09,14.695029999,15.07503,15.33503,14.45503,14.929,0.0063,14195297,238842765.0,4.86955505484162,14.37503
HK.00285,比亚迪电子,2020-01-10,15.175029999,15.59503,16.03503,14.93503,15.387,0.00894,20142250,352810252.0,3.449412704319657,15.07503
HK.00285,比亚迪电子,2020-01-13,15.59503,15.81503,15.97503,15.47503,15.58,0.00488,10993982,192842997.0,1.4107058466703857,15.59503
HK.00285,比亚迪电子,2020-01-14,16.03503,15.41503,16.53503,15.23503,15.228,0.00975,21975150,389470315.0,-2.5292395904402354,15.81503
HK.00285,比亚迪电子,2020-01-15,15.47503,15.175029999,15.47503,14.695029999,15.017,0.00753,16963653,287242739.0,-1.5569220494543332,15.41503
HK.00285,比亚迪电子,2020-01-16,15.27503,15.33503,15.59503,15.015029999,15.158,0.00504,11364689,195362948.0,1.054363655363738,15.175029999
HK.00285,比亚迪电子,2020-01-17,15.41503,15.47503,15.57503,15.07503,15.281,0.0041,9241027,159024708.0,0.912942459193106,15.33503
HK.00285,比亚迪电子,2020-01-20,15.21503,15.89503,16.17503,15.03503,15.651,0.0071,15987025,280589981.0,2.714049665816479,15.47503
HK.00285,比亚迪电子,2020-01-21,15.89503,14.835029999,15.89503,14.79503,14.718,0.00769,17334100,294897796.0,-6.668751181973237,15.89503
HK.00285,比亚迪电子,2020-01-22,15.015029999,16.25503,16.25503,14.75503,15.968,0.00769,17319050,305562127.0,9.571938857526552,14.835029999
HK.00285,比亚迪电子,2020-01-23,15.91503,15.29503,16.29503,15.11503,15.123,0.00548,12343775,215055129.0,-5.90586421556897,16.25503
HK.00285,比亚迪电子,2020-01-24,15.29503,15.65503,15.75503,14.93503,15.44,0.00269,6070826,105257407.0,2.353705746245672,15.29503
HK.00285,比亚迪电子,2020-01-29,14.79503,14.97503,15.51503,14.675029999,14.841,0.00557,12544750,213775218.0,-4.343651848639062,15.65503
HK.00285,比亚迪电子,2020-01-30,15.015029999,13.49503,15.195029999,13.31503,13.538,0.00686,15466000,244328719.0,-9.883118765037535,14.97503
HK.00285,比亚迪电子,2020-01-31,14.13503,13.35503,14.25503,13.21503,13.415,0.00417,9389150,144460691.0,-1.0374189609063529,13.49503
HK.00285,比亚迪电子,2020-02-03,12.93503,13.33503,13.69503,12.33503,13.397,0.00719,16191079,244012099.0,-0.1497563090461015,13.35503
HK.00285,比亚迪电子,2020-02-04,13.65503,13.87503,14.11503,13.47503,13.873,0.0084,18937824,295867338.0,4.049484703071541,13.33503
HK.00285,比亚迪电子,2020-02-05,14.11503,13.65503,14.29503,13.47503,13.679,0.00799,18003714,283400714.0,-1.5855821572998448,13.87503
HK.00285,比亚迪电子,2020-02-06,14.07503,13.97503,14.195029999,13.59503,13.961,0.00634,14288650,225248281.0,2.3434587840524723,13.65503
HK.00285,比亚迪电子,2020-02-07,13.93503,13.33503,13.95503,12.99503,13.397,0.0092,20724669,315428882.0,-4.579596609094939,13.97503
HK.00285,比亚迪电子,2020-02-10,13.21503,13.47503,13.83503,13.09503,13.521,0.01131,25483714,391437717.0,1.0498664045000317,13.33503
HK.00285,比亚迪电子,2020-02-11,13.49503,13.47503,13.71503,13.31503,13.521,0.00563,12695709,195471590.0,0.0,13.47503
HK.00285,比亚迪电子,2020-02-12,13.59503,14.43503,14.61503,13.43503,14.366,0.01081,24355848,391509178.0,7.1242884060369365,13.47503
HK.00285,比亚迪电子,2020-02-13,14.495029999,14.29503,15.03503,14.175029999,14.242,0.00713,16060787,263722802.0,-0.9698628960244544,14.43503
HK.00285,比亚迪电子,2020-02-14,14.27503,14.13503,14.57503,13.87503,14.102,0.00453,10210000,164003420.0,-1.1192701239521718,14.29503
HK.00285,比亚迪电子,2020-02-17,14.13503,14.41503,14.61503,13.85503,14.348,0.0042,9470500,154520565.0,1.9808942747203175,14.13503
HK.00285,比亚迪电子,2020-02-18,14.11503,13.67503,14.25503,13.11503,13.697,0.01035,23310000,361708738.0,-5.13353076615172,14.41503
HK.00285,比亚迪电子,2020-02-19,13.89503,13.63503,13.89503,13.51503,13.661,0.00436,9822000,152663770.0,-0.292503928693386,13.67503
HK.00285,比亚迪电子,2020-02-20,13.81503,14.515029999,14.61503,13.41503,14.436,0.00997,22469650,361083775.0,6.453964523730413,13.63503
HK.00285,比亚迪电子,2020-02-21,14.41503,14.515029999,15.33503,14.13503,14.436,0.01447,32594279,543890303.0,0.0,14.515029999
HK.00285,比亚迪电子,2020-02-24,14.13503,13.89503,14.65503,13.89503,13.89,0.00665,14972661,239803061.0,-4.271434499568471,14.515029999
HK.00285,比亚迪电子,2020-02-25,13.49503,13.83503,14.03503,13.19503,13.838,0.01001,22549662,349543932.0,-0.4318090713010371,13.89503
HK.00285,比亚迪电子,2020-02-26,13.41503,13.55503,13.91503,13.41503,13.591,0.005,11256964,175053782.0,-2.023848159346235,13.83503
HK.00285,比亚迪电子,2020-02-27,13.71503,13.67503,13.81503,13.33503,13.697,0.00359,8081000,124647300.0,0.8852802243890217,13.55503
HK.00285,比亚迪电子,2020-02-28,13.25503,12.71503,13.53503,12.61503,12.852,0.00976,21992000,326158440.0,-7.020094288641408,13.67503
HK.00285,比亚迪电子,2020-03-02,12.51503,13.35503,13.41503,12.51503,13.415,0.00567,12782000,192895408.0,5.033413212552379,12.71503
HK.00285,比亚迪电子,2020-03-03,13.61503,13.01503,13.81503,12.91503,13.116,0.00587,13234978,200409084.0,-2.5458572537837796,13.35503
HK.00285,比亚迪电子,2020-03-04,12.93503,12.93503,13.05503,12.69503,13.045,0.00398,8960500,131975721.0,-0.6146739577242625,13.01503
HK.00285,比亚迪电子,2020-03-05,13.21503,13.39503,13.57503,12.95503,13.45,0.00597,13448100,204408032.0,3.556234504287975,12.93503
HK.00285,比亚迪电子,2020-03-06,13.51503,13.49503,13.83503,13.15503,13.538,0.00762,17174945,265847436.0,0.7465455471170998,13.39503
HK.00285,比亚迪电子,2020-03-09,12.73503,11.89503,13.09503,11.71503,12.13,0.01416,31901358,454991652.0,-11.85621669607255,13.49503
HK.00285,比亚迪电子,2020-03-10,11.87503,12.35503,12.55503,11.61503,12.535,0.0114,25695167,361273386.0,3.8671613270416225,11.89503
HK.00285,比亚迪电子,2020-03-11,12.51503,12.31503,12.67503,12.17503,12.5,0.00502,11317171,161740115.0,-0.3237547784181758,12.35503
HK.00285,比亚迪电子,2020-03-12,12.03503,11.51503,12.11503,11.17503,11.795,0.00744,16757987,223516968.0,-6.496127090230399,12.31503
HK.00285,比亚迪电子,2020-03-13,11.11503,11.71503,11.77503,9.99503,11.971,0.00938,21130422,272044755.0,1.7368604337114284,11.51503
HK.00285,比亚迪电子,2020-03-16,11.27503,10.15503,11.49503,9.91503,10.598,0.01061,23906467,294793244.0,-13.316227103131622,11.71503
HK.00285,比亚迪电子,2020-03-17,10.01503,9.81503,10.41503,9.21503,10.299,0.00934,21037800,245210619.0,-3.348094491104407,10.15503
HK.00285,比亚迪电子,2020-03-18,9.71503,8.83503,10.09503,8.51503,9.436,0.01159,26119472,287824135.0,-9.98468675083011,9.81503
HK.00285,比亚迪电子,2020-03-19,11.61503,9.57503,11.61503,8.71503,10.088,0.01863,41970725,469861573.0,8.375749714488805,8.83503
HK.00285,比亚迪电子,2020-03-20,9.71503,9.97503,10.41503,9.69503,10.44,0.01324,29841003,356756536.0,4.177532603031012,9.57503
HK.00285,比亚迪电子,2020-03-23,9.31503,9.39503,9.77503,9.11503,9.929,0.0072,16228500,183585980.0,-5.8145188535773835,9.97503
HK.00285,比亚迪电子,2020-03-24,9.71503,9.73503,10.01503,9.47503,10.228,0.00666,15012918,173959529.0,3.6189346920659102,9.39503
HK.00285,比亚迪电子,2020-03-25,10.17503,10.25503,10.57503,9.81503,10.686,0.00699,15739888,190725433.0,5.341534643447423,9.73503
HK.00285,比亚迪电子,2020-03-26,10.01503,10.23503,10.59503,9.99503,10.669,0.00786,17707150,216735160.0,-0.1950262456570051,10.25503
HK.00285,比亚迪电子,2020-03-27,10.53503,10.35503,10.85503,10.21503,10.774,0.00553,12449744,154684057.0,1.1724440475504148,10.23503
HK.00285,比亚迪电子,2020-03-30,9.83503,10.01503,10.33503,9.79503,10.475,0.00577,12989764,154597975.0,-3.283428440091433,10.35503
HK.00285,比亚迪电子,2020-03-31,10.39503,11.05503,11.27503,10.25503,11.39,0.00836,18840564,238121898.0,10.38439225843558,10.01503
HK.00285,比亚迪电子,2020-04-01,11.05503,10.59503,11.21503,10.31503,10.985,0.00567,12775419,161192753.0,-4.161001824508851,11.05503
HK.00285,比亚迪电子,2020-04-02,10.43503,10.75503,10.91503,10.23503,11.126,0.00456,10269670,128547762.0,1.5101420194185402,10.59503
HK.00285,比亚迪电子,2020-04-03,10.67503,10.59503,10.89503,10.43503,10.985,0.00493,11103465,137907506.0,-1.4876759990441697,10.75503
HK.00285,比亚迪电子,2020-04-06,10.73503,11.73503,11.87503,10.69503,11.989,0.00727,16378238,218942842.0,10.759761888357094,10.59503
HK.00285,比亚迪电子,2020-04-07,12.09503,12.17503,12.29503,11.63503,18.118,0.01039,23411644,324164334.0,3.749457819877746,11.73503
HK.00285,比亚迪电子,2020-04-08,12.09503,12.05503,12.25503,11.75503,17.963,0.00469,10577902,147440005.0,-0.9856238547256082,12.17503
HK.00285,比亚迪电子,2020-04-09,12.19503,11.97503,12.27503,11.81503,17.86,0.00421,9483609,131967930.0,-0.6636234003565322,12.05503
HK.00285,比亚迪电子,2020-04-14,12.05503,12.75503,12.97503,11.63503,18.865,0.01097,24722967,357942120.0,6.513553619489882,11.97503
HK.00285,比亚迪电子,2020-04-15,13.09503,13.41503,13.51503,12.91503,19.716,0.01012,22810260,347102286.0,5.174429225176265,12.75503
HK.00285,比亚迪电子,2020-04-16,13.21503,14.23503,14.31503,13.17503,20.773,0.01104,24884256,394483260.0,6.112546897025204,13.41503
HK.00285,比亚迪电子,2020-04-17,14.61503,14.515029999,15.11503,14.41503,21.134,0.01216,27400274,455865937.0,1.9669786365044488,14.23503
HK.00285,比亚迪电子,2020-04-20,14.41503,14.81503,14.91503,14.27503,21.52,0.00605,13641787,226186801.0,2.066823155175491,14.515029999
HK.00285,比亚迪电子,2020-04-21,14.63503,14.855029999,14.97503,14.21503,21.572,0.00905,20382214,336086796.0,0.2699960715570543,14.81503
HK.00285,比亚迪电子,2020-04-22,14.695029999,14.21503,14.73503,13.91503,20.747,0.00779,17553165,282174428.0,-4.308304991932577,14.855029999
HK.00285,比亚迪电子,2020-04-23,14.495029999,14.89503,15.175029999,14.355029999,21.623,0.00836,18834836,313472995.0,4.783669116421138,14.21503
HK.00285,比亚迪电子,2020-04-24,14.81503,14.93503,15.175029999,14.515029999,21.675,0.00755,17019543,285628821.0,0.2685459512333922,14.89503
HK.00285,比亚迪电子,2020-04-27,14.97503,15.015029999,15.49503,14.71503,21.778,0.00675,15210800,258070163.0,0.5356534201806089,14.93503
HK.00285,比亚迪电子,2020-04-28,15.11503,14.93503,15.27503,14.63503,21.675,0.00397,8952629,149674626.0,-0.5327994616416216,15.015029999
HK.00285,比亚迪电子,2020-04-29,16.39503,16.05503,16.95503,15.69503,23.118,0.01632,36777134,666079224.0,7.49914797626787,14.93503
HK.00285,比亚迪电子,2020-05-04,15.43503,15.55503,15.95503,15.41503,22.474,0.00809,18221013,318637981.0,-3.1142887929826246,16.05503
HK.00285,比亚迪电子,2020-05-05,15.75503,15.85503,16.01503,15.57503,22.86,0.00585,13184513,233522851.0,1.9286365889361765,15.55503
HK.00285,比亚迪电子,2020-05-06,15.97503,15.63503,16.11503,15.43503,22.577,0.00832,18742502,329005288.0,-1.3875722720171382,15.85503
HK.00285,比亚迪电子,2020-05-07,15.63503,15.95503,16.61503,15.63503,22.989,0.01,22532525,406342407.0,2.0466861912001466,15.63503
HK.00285,比亚迪电子,2020-05-08,16.01503,15.35503,16.09503,15.05503,22.216,0.01528,34423641,593178413.0,-3.760569550793708,15.95503
HK.00285,比亚迪电子,2020-05-11,15.41503,14.93503,15.55503,14.71503,21.675,0.0086,19384800,327014410.0,-2.735260041823428,15.35503
HK.00285,比亚迪电子,2020-05-12,14.87503,15.37503,15.39503,14.81503,22.242,0.00607,13682343,233108121.0,2.946093847819531,14.93503
HK.00285,比亚迪电子,2020-05-13,15.11503,15.69503,15.87503,15.03503,22.654,0.00663,14946000,261755101.0,2.081296751941287,15.37503
HK.00285,比亚迪电子,2020-05-14,15.59503,15.39503,15.59503,15.11503,22.268,0.00713,16071279,277424818.0,-1.911433109716891,15.69503
HK.00285,比亚迪电子,2020-05-15,15.11503,15.67503,15.89503,15.11503,22.628,0.00376,8479000,147941525.0,1.818768784471348,15.39503
HK.00285,比亚迪电子,2020-05-18,15.11503,13.85503,15.39503,13.61503,20.283,0.01423,32059350,518887801.0,-11.61082307338487,15.67503
HK.00285,比亚迪电子,2020-05-19,14.29503,14.335029999,14.515029999,13.87503,20.902,0.00557,12561543,203237777.0,3.4644457572448446,13.85503
HK.00285,比亚迪电子,2020-05-20,14.27503,14.195029999,14.79503,14.11503,20.721,0.00548,12352697,201729213.0,-0.9766285805454546,14.335029999
HK.00285,比亚迪电子,2020-05-21,14.495029999,14.03503,14.515029999,13.79503,20.515,0.00544,12264500,195183128.0,-1.127155060688647,14.195029999
HK.00285,比亚迪电子,2020-05-22,13.61503,13.39503,13.81503,13.11503,19.69,0.00531,11967081,182780797.0,-4.560018753077126,14.03503
HK.00285,比亚迪电子,2020-05-25,12.99503,13.19503,13.23503,12.77503,19.432,0.00511,11503758,171044434.0,-1.4930910942342126,13.39503
HK.00285,比亚迪电子,2020-05-26,13.31503,13.67503,13.67503,13.19503,20.051,0.00624,14062550,215890517.0,3.637733298067533,13.19503
HK.00285,比亚迪电子,2020-05-27,13.63503,13.29503,13.73503,13.13503,19.561,0.00396,8928450,136315666.0,-2.7787873225872195,13.67503
HK.00285,比亚迪电子,2020-05-28,13.29503,12.87503,13.43503,12.45503,19.02,0.00466,10507093,154861879.0,-3.159075233376682,13.29503
HK.00285,比亚迪电子,2020-05-29,12.91503,12.95503,13.07503,12.69503,19.123,0.00293,6604542,97655877.0,0.6213577754770285,12.87503
HK.00285,比亚迪电子,2020-06-01,13.41503,13.71503,13.87503,13.21503,20.103,0.00331,7453387,116088789.0,5.866447240955828,12.95503
HK.00285,比亚迪电子,2020-06-02,13.83503,13.67503,14.01503,13.47503,20.051,0.00239,5377500,83377580.0,-0.2916508385326238,13.71503
HK.00285,比亚迪电子,2020-06-03,13.81503,13.91503,14.15503,13.61503,20.36,0.00612,13797054,218153813.0,1.755023572160355,13.67503
HK.00285,比亚迪电子,2020-06-04,14.11503,13.83503,14.27503,13.77503,20.257,0.00306,6885971,109148493.0,-0.5749179125018061,13.91503
HK.00285,比亚迪电子,2020-06-05,13.85503,14.21503,14.355029999,13.77503,20.747,0.00505,11369571,181665636.0,2.7466510733984735,13.83503
HK.00285,比亚迪电子,2020-06-08,14.41503,14.65503,14.855029999,14.25503,21.314,0.0063,14192120,233354066.0,3.0953153106254403,14.21503
HK.00285,比亚迪电子,2020-06-09,14.855029999,14.855029999,15.07503,14.57503,21.572,0.00496,11168788,187312925.0,1.3647191373883178,14.65503
HK.00285,比亚迪电子,2020-06-10,14.91503,14.55503,14.91503,14.45503,21.185,0.00295,6641273,109530472.0,-2.019517961392162,14.855029999
HK.00285,比亚迪电子,2020-06-11,14.53503,14.03503,14.97503,13.95503,20.515,0.00458,10323427,167564014.0,-3.572648081110101,14.55503
HK.00285,比亚迪电子,2020-06-12,13.61503,14.01503,14.01503,13.41503,20.489,0.00249,5603888,88078698.0,-0.1425005860336696,14.03503
HK.00285,比亚迪电子,2020-06-15,14.01503,13.63503,14.47503,13.41503,20.0,0.00482,10860210,171807392.0,-2.711374859704182,14.01503
HK.00285,比亚迪电子,2020-06-16,14.01503,15.03503,15.23503,14.01503,21.804,0.01046,23577133,393053869.0,10.267670844875298,13.63503
HK.00285,比亚迪电子,2020-06-17,14.91503,15.25503,15.55503,14.91503,22.087,0.00603,13593577,233170402.0,1.4632494913545158,15.03503
HK.00285,比亚迪电子,2020-06-18,15.41503,15.63503,15.69503,15.15503,22.577,0.00553,12470972,217355585.0,2.490981663097357,15.25503
HK.00285,比亚迪电子,2020-06-19,15.71503,15.45503,15.91503,15.29503,22.345,0.0043,9694931,169349954.0,-1.1512609825500797,15.63503
HK.00285,比亚迪电子,2020-06-22,15.195029999,15.85503,16.01503,15.195029999,22.86,0.00466,10503534,184794204.0,2.588154147872884,15.45503
HK.00285,比亚迪电子,2020-06-23,15.89503,15.91503,16.21503,15.49503,22.938,0.00383,8631100,153628507.0,0.3784288014592246,15.85503
HK.00285,比亚迪电子,2020-06-24,15.99503,16.33503,16.67503,15.95503,23.479,0.00387,8723486,159557593.0,2.639014818068203,15.91503
HK.00285,比亚迪电子,2020-06-26,16.19503,16.23503,16.65503,16.03503,23.35,0.00218,4908453,89324834.0,-0.612181306064338,16.33503
HK.00285,比亚迪电子,2020-06-29,15.99503,16.21503,16.35503,15.57503,23.324,0.00547,12325233,220751906.0,-0.1231904098729695,16.23503
HK.00285,比亚迪电子,2020-06-30,16.21503,15.85503,16.31503,15.43503,22.86,0.00543,12228385,216300735.0,-2.220162404879914,16.21503
HK.00285,比亚迪电子,2020-07-02,15.59268,15.99268,16.21268,15.59268,22.938,0.00556,12517518,221657973.0,0.8681787420143685,15.85503
HK.00285,比亚迪电子,2020-07-03,16.19268,17.45268,17.69268,15.99268,24.819,0.01378,31038054,586032103.0,9.129176598293723,15.99268
HK.00285,比亚迪电子,2020-07-06,18.17268,19.34268,19.39268,17.81268,27.255,0.01574,35455283,732548692.0,10.829282379554318,17.45268
HK.00285,比亚迪电子,2020-07-07,19.69268,18.29268,20.49268,18.05268,25.902,0.0107,24114981,499993114.0,-5.4284101272419365,19.34268
HK.00285,比亚迪电子,2020-07-08,18.39268,19.14268,19.49268,18.39268,26.997,0.00814,18331828,382411996.0,4.646667410133441,18.29268
HK.00285,比亚迪电子,2020-07-09,19.34268,20.39268,20.94268,19.29268,28.608,0.00915,20625150,456789497.0,6.5299111723123415,19.14268
HK.00285,比亚迪电子,2020-07-10,20.19268,20.29268,21.09268,19.44268,28.479,0.00694,15639717,345153825.0,-0.4903720354558492,20.39268
HK.00285,比亚迪电子,2020-07-13,20.14268,21.69268,21.79268,20.14268,30.283,0.0072,16226825,375250373.0,6.899039456592222,20.29268
HK.00285,比亚迪电子,2020-07-14,21.04268,20.44268,21.19268,19.79268,28.672,0.00666,14996000,334689062.0,-5.762312448254434,21.69268
HK.00285,比亚迪电子,2020-07-15,20.74268,20.19268,21.64268,19.69268,28.35,0.00605,13635034,304111671.0,-1.2229316312733949,20.44268
HK.00285,比亚迪电子,2020-07-16,19.99268,18.44268,20.39268,18.07268,26.095,0.0085,19161900,395335619.0,-8.666506872787565,20.19268
HK.00285,比亚迪电子,2020-07-17,18.24268,18.79268,19.24268,18.15268,26.546,0.00424,9563700,196165700.0,1.8977719073366857,18.44268
HK.00285,比亚迪电子,2020-07-20,19.09268,19.84268,20.04268,18.59268,27.899,0.00506,11406218,243397079.0,5.587281856552662,18.79268
HK.00285,比亚迪电子,2020-07-21,20.89268,21.49268,21.54268,20.49268,30.025,0.00647,14580712,333313277.0,8.315409007251029,19.84268
HK.00285,比亚迪电子,2020-07-22,21.04268,20.99268,22.94268,20.54268,29.381,0.01103,24849571,589481696.0,-2.326373444354078,21.49268
HK.00285,比亚迪电子,2020-07-23,21.49268,22.59268,22.64268,20.84268,31.443,0.00786,17701744,417790932.0,7.621704327413181,20.99268
HK.00285,比亚迪电子,2020-07-24,22.04268,20.39268,22.69268,19.94268,28.608,0.00923,20789126,475900713.0,-9.737667244434936,22.59268
HK.00285,比亚迪电子,2020-07-27,20.69268,21.29268,21.69268,20.39268,29.768,0.00659,14837479,340527883.0,4.413348319102748,20.39268
HK.00285,比亚迪电子,2020-07-28,22.19268,24.04268,24.04268,21.89268,33.311,0.01169,26331568,658880685.0,12.91523659774157,21.29268
HK.00285,比亚迪电子,2020-07-29,23.69268,24.19268,24.99268,23.59268,33.505,0.00809,18217235,474701740.0,0.6238905147013502,24.04268
HK.00285,比亚迪电子,2020-07-30,24.44268,24.49268,25.19268,23.54268,33.891,0.00801,18037994,477227281.0,1.2400445093309245,24.19268
HK.00285,比亚迪电子,2020-07-31,24.69268,25.34268,26.24268,24.69268,34.987,0.00642,14471032,393979102.0,3.4704246329923936,24.49268
HK.00285,比亚迪电子,2020-08-03,25.64268,27.64268,27.99268,25.19268,37.951,0.01087,24502188,698607144.0,9.075598950071567,25.34268
HK.00285,比亚迪电子,2020-08-04,27.59268,27.39268,27.99268,26.64268,37.628,0.00833,18765322,546494959.0,-0.9043985604868992,27.64268
HK.00285,比亚迪电子,2020-08-05,27.49268,29.79268,30.14268,27.04268,40.721,0.00945,21292159,660642896.0,8.761464741675521,27.39268
HK.00285,比亚迪电子,2020-08-06,29.99268,30.09268,30.242679999,28.49268,41.108,0.00566,12747953,397881600.0,1.0069587563119555,29.79268
HK.00285,比亚迪电子,2020-08-07,29.99268,31.69268,32.242679999,29.19268,43.17,0.01001,22546707,735259192.0,5.316907633351359,30.09268
HK.00285,比亚迪电子,2020-08-10,31.89268,29.19268,31.89268,28.19268,39.948,0.01675,37750514,1171387293.0,-7.888256846691413,31.69268
HK.00285,比亚迪电子,2020-08-11,29.69268,28.94268,30.34268,28.59268,39.626,0.00644,14508484,451914058.0,-0.8563790648888694,29.19268
HK.00285,比亚迪电子,2020-08-12,28.09268,27.54268,28.49268,26.09268,37.822,0.00915,20617882,593895458.0,-4.837147078294058,28.94268
HK.00285,比亚迪电子,2020-08-13,27.59268,27.99268,29.39268,27.59268,38.402,0.0063,14201885,429814487.0,1.6338279354078808,27.54268
HK.00285,比亚迪电子,2020-08-14,27.84268,28.49268,29.19268,27.59268,39.046,0.00398,8977087,272413260.0,1.7861812445253544,27.99268
HK.00285,比亚迪电子,2020-08-17,28.74268,30.64268,31.34268,28.74268,41.817,0.00737,16603103,526841066.0,7.545797727697074,28.49268
HK.00285,比亚迪电子,2020-08-18,30.69268,26.89268,31.09268,26.19268,36.984,0.02243,50547545,1478834712.0,-12.23783298327692,30.64268
HK.00285,比亚迪电子,2020-08-19,27.24268,27.69268,28.19268,26.44268,38.015,0.00746,16818847,497374681.0,2.9747871911613153,26.89268
HK.00285,比亚迪电子,2020-08-20,27.69268,27.39268,27.94268,27.09268,37.628,0.00613,13802421,405524055.0,-1.0833187687143344,27.69268
HK.00285,比亚迪电子,2020-08-21,27.89268,27.94268,28.34268,27.39268,38.337,0.00536,12078535,358514102.0,2.007835669967308,27.39268
HK.00285,比亚迪电子,2020-08-24,27.69268,25.69268,28.39268,25.34268,35.438,0.01458,32849000,921379595.0,-8.052198285919603,27.94268
HK.00285,比亚迪电子,2020-08-25,25.69268,25.74268,26.29268,24.84268,35.502,0.00984,22170600,609918263.0,0.1946079583756957,25.69268
HK.00285,比亚迪电子,2020-08-26,25.74268,24.19268,25.99268,23.79268,33.505,0.01292,29115918,762988829.0,-6.021129113208107,25.74268
HK.00285,比亚迪电子,2020-08-27,24.19268,25.14268,25.89268,23.44268,34.729,0.01046,23576346,631170406.0,3.926807612881249,24.19268
HK.00285,比亚迪电子,2020-08-28,25.34268,27.64268,28.19268,25.24268,37.951,0.0123,27717040,799773386.0,9.943251872910922,25.14268
HK.00285,比亚迪电子,2020-08-31,29.19268,31.04268,31.492679999,29.09268,42.332,0.0229,51599353,1667156061.0,12.299820422621838,27.64268
HK.00285,比亚迪电子,2020-09-01,31.64268,31.742679999,32.59268,30.59268,43.234,0.01343,30270853,1016885875.0,2.2549599422472517,31.04268
HK.00285,比亚迪电子,2020-09-02,32.89268,36.44268,36.59268,32.39268,49.291,0.01686,37978022,1376269312.0,14.80656328056758,31.742679999
HK.00285,比亚迪电子,2020-09-03,36.19268,37.19268,37.89268,35.34268,50.257,0.01562,35192389,1363820923.0,2.0580264678667977,36.44268
HK.00285,比亚迪电子,2020-09-04,33.19268,39.54268,40.04268,33.14268,53.286,0.01638,36909007,1453752683.0,6.318447608507895,37.19268
HK.00285,比亚迪电子,2020-09-07,40.14268,36.49268,40.19268,35.74268,49.355,0.01259,28364565,1103595213.0,-7.713184842302033,39.54268
HK.00285,比亚迪电子,2020-09-08,36.84268,35.04268,37.59268,33.74268,47.487,0.00939,21158192,781420000.0,-3.973399596850664,36.49268
HK.00285,比亚迪电子,2020-09-09,33.69268,35.49268,36.89268,33.59268,48.067,0.00852,19196381,717315369.0,1.2841483585159663,35.04268
HK.00285,比亚迪电子,2020-09-10,36.64268,35.39268,37.14268,35.29268,47.938,0.00644,14519870,551512342.0,-0.2817482365377915,35.49268
HK.00285,比亚迪电子,2020-09-11,35.39268,36.09268,36.19268,34.79268,48.84,0.00351,7912866,296013980.0,1.9778101008457196,35.39268
HK.00285,比亚迪电子,2020-09-14,36.49268,38.19268,39.29268,36.49268,51.546,0.00963,21695854,866717758.0,5.818354303421085,36.09268
HK.00285,比亚迪电子,2020-09-15,38.69268,38.59268,39.44268,37.24268,52.061,0.00531,11973243,482043670.0,1.0473211096995512,38.19268
HK.00285,比亚迪电子,2020-09-16,38.89268,37.29268,41.89268,36.84268,50.386,0.01558,35107014,1441785775.0,-3.368514443671712,38.59268
HK.00285,比亚迪电子,2020-09-17,37.49268,36.19268,38.14268,35.69268,48.969,0.00667,15038390,573541088.0,-2.949640519265428,37.29268
HK.00285,比亚迪电子,2020-09-18,36.49268,38.14268,38.54268,35.64268,51.481,0.00524,11803752,464320532.0,5.387829804258749,36.19268
HK.00285,比亚迪电子,2020-09-21,38.59268,36.29268,39.09268,35.44268,49.097,0.00672,15137611,577083617.0,-4.850209791236487,38.14268
HK.00285,比亚迪电子,2020-09-22,36.69268,37.19268,37.79268,35.84268,50.257,0.00465,10486396,407705459.0,2.479838909664444,36.29268
HK.00285,比亚迪电子,2020-09-23,37.49268,37.34268,37.69268,36.54268,50.451,0.00394,8879349,344421680.0,0.403305166500501,37.19268
HK.00285,比亚迪电子,2020-09-24,36.94268,34.79268,37.14268,34.69268,47.164,0.00596,13430189,500423156.0,-6.828647542168918,37.34268
HK.00285,比亚迪电子,2020-09-25,34.59268,33.64268,35.59268,33.24268,45.682,0.006,13512220,485568719.0,-3.3052929524256216,34.79268
HK.00285,比亚迪电子,2020-09-28,33.69268,34.94268,35.09268,32.79268,47.358,0.00338,7619697,274518882.0,3.8641392421769143,33.64268
HK.00285,比亚迪电子,2020-09-29,35.54268,33.69268,35.84268,33.34268,45.747,0.00338,7612210,272123870.0,-3.5772871456911712,34.94268
HK.00285,比亚迪电子,2020-09-30,33.89268,37.14268,37.39268,33.79268,50.193,0.00767,17283002,654265676.0,10.23961287733714,33.69268
HK.00285,比亚迪电子,2020-10-05,36.99268,35.74268,37.19268,35.29268,48.389,0.00294,6627788,249888823.0,-3.76924874564786,37.14268
HK.00285,比亚迪电子,2020-10-06,36.19268,38.74268,38.89268,35.99268,52.255,0.0063,14197931,564386477.0,8.393326969326306,35.74268
HK.00285,比亚迪电子,2020-10-07,38.79268,39.69268,39.74268,37.74268,53.479,0.00287,6470851,264531971.0,2.452076108312597,38.74268
HK.00285,比亚迪电子,2020-10-08,39.74268,39.44268,40.49268,38.89268,53.157,0.0034,7655233,317804638.0,-0.6298390534476381,39.69268
HK.00285,比亚迪电子,2020-10-09,39.84268,39.94268,41.19268,39.29268,53.801,0.00785,17689601,745705680.0,1.2676623393745048,39.44268
HK.00285,比亚迪电子,2020-10-12,40.19268,41.39268,41.59268,39.54268,55.67,0.00771,17375743,739841242.0,3.630202079580027,39.94268
HK.00285,比亚迪电子,2020-10-14,43.69268,40.04268,43.79268,39.49268,53.93,0.00886,19956985,857571805.0,-3.261446226724149,41.39268
HK.00285,比亚迪电子,2020-10-15,40.29268,38.64268,41.39268,37.79268,52.126,0.00696,15680494,647817835.0,-3.496269480464341,40.04268
HK.00285,比亚迪电子,2020-10-16,39.49268,38.09268,39.49268,36.89268,51.417,0.00537,12109277,479739016.0,-1.4232967278666937,38.64268
HK.00285,比亚迪电子,2020-10-19,38.59268,38.24268,38.94268,36.69268,51.61,0.00493,11101087,437039191.0,0.3937764420880825,38.09268
HK.00285,比亚迪电子,2020-10-20,37.94268,39.49268,39.49268,37.49268,53.221,0.00353,7961944,322688545.0,3.268599376403537,38.24268
HK.00285,比亚迪电子,2020-10-21,39.44268,38.44268,39.69268,38.19268,51.868,0.00291,6565062,264326428.0,-2.658720552770785,39.49268
HK.00285,比亚迪电子,2020-10-22,38.49268,37.44268,38.59268,36.49268,50.579,0.00522,11759376,457320879.0,-2.6012754573822634,38.44268
HK.00285,比亚迪电子,2020-10-23,37.39268,35.69268,37.49268,34.99268,48.324,0.00704,15859645,597425419.0,-4.673810742179779,37.44268
HK.00285,比亚迪电子,2020-10-27,35.09268,36.29268,36.49268,34.64268,49.097,0.00485,10925362,409958336.0,1.6810169480128538,35.69268
HK.00285,比亚迪电子,2020-10-28,36.39268,35.74268,36.89268,35.19268,48.389,0.00455,10256978,386338878.0,-1.5154571114615871,36.29268
HK.00285,比亚迪电子,2020-10-29,34.84268,34.74268,37.04268,34.04268,47.1,0.01083,24397044,902283723.0,-2.797775656442102,35.74268
HK.00285,比亚迪电子,2020-10-30,35.09268,31.492679999,35.09268,30.14268,42.912,0.02749,61944867,2113398361.0,-9.354488487934724,34.74268
HK.00285,比亚迪电子,2020-11-02,31.59268,32.69268,32.79268,30.992679999,44.458,0.00767,17290970,589770465.0,3.8104092793566857,31.492679999
HK.00285,比亚迪电子,2020-11-03,32.69268,32.14268,32.79268,31.04268,43.75,0.00805,18133695,611184666.0,-1.682333782363527,32.69268
HK.00285,比亚迪电子,2020-11-04,31.84268,31.492679999,32.19268,30.742679999,42.912,0.00464,10445461,345607730.0,-2.0222333700861244,32.14268
HK.00285,比亚迪电子,2020-11-05,32.492679999,35.69268,36.04268,32.492679999,48.324,0.01476,33261648,1208455599.0,13.336432469810022,31.492679999
HK.00285,比亚迪电子,2020-11-06,36.49268,34.39268,36.99268,33.79268,46.649,0.00958,21580994,789702710.0,-3.64220338736123,35.69268
HK.00285,比亚迪电子,2020-11-09,35.09268,36.99268,38.24268,35.04268,50.0,0.01419,31976857,1250700943.0,7.559748178972972,34.39268
HK.00285,比亚迪电子,2020-11-10,35.74268,33.34268,35.79268,33.19268,45.296,0.01445,32555240,1155203538.0,-9.866816894585629,36.99268
HK.00285,比亚迪电子,2020-11-11,32.84268,32.242679999,34.24268,31.992679999,43.878,0.00739,16650056,578668426.0,-3.2990749423861487,33.34268
HK.00285,比亚迪电子,2020-11-12,33.19268,33.09268,34.14268,32.79268,44.974,0.00398,8956710,314696666.0,2.636257287007037,32.242679999
HK.00285,比亚迪电子,2020-11-13,33.39268,33.44268,33.84268,32.492679999,45.425,0.00359,8091179,284208864.0,1.0576357067484454,33.09268
HK.00285,比亚迪电子,2020-11-16,33.89268,34.79268,35.34268,32.89268,47.164,0.00686,15468204,559855282.0,4.036757819648408,33.44268
HK.00285,比亚迪电子,2020-11-17,34.89268,33.54268,34.94268,32.54268,45.554,0.00507,11419261,401013528.0,-3.592709730897419,34.79268
HK.00285,比亚迪电子,2020-11-18,33.19268,33.59268,34.39268,33.09268,45.618,0.00285,6428024,228473784.0,0.1490638195874756,33.54268
HK.00285,比亚迪电子,2020-11-19,33.59268,33.44268,34.09268,32.79268,45.425,0.00273,6156100,216883700.0,-0.4465258502745198,33.59268
HK.00285,比亚迪电子,2020-11-20,33.89268,33.94268,34.59268,33.64268,46.069,0.00364,8211450,294665989.0,1.495095488758676,33.44268
HK.00285,比亚迪电子,2020-11-23,34.29268,35.79268,36.49268,33.99268,48.453,0.00959,21609883,812377275.0,5.450365145003265,33.94268
HK.00285,比亚迪电子,2020-11-24,36.49268,36.34268,36.69268,35.29268,49.162,0.00505,11386790,432424071.0,1.5366270421773511,35.79268
HK.00285,比亚迪电子,2020-11-25,36.39268,35.34268,36.54268,34.39268,47.873,0.00571,12874613,476147828.0,-2.7515857388613054,36.34268
HK.00285,比亚迪电子,2020-11-26,35.69268,36.14268,36.39268,34.94268,48.904,0.0028,6311665,237739510.0,2.263552169784513,35.34268
HK.00285,比亚迪电子,2020-11-27,36.29268,35.89268,36.99268,35.49268,48.582,0.00276,6222469,235130043.0,-0.6917029949079593,36.14268
HK.00285,比亚迪电子,2020-11-30,35.99268,36.54268,38.19268,35.19268,49.42,0.01046,23565692,918618030.0,1.8109542112765016,35.89268
HK.00285,比亚迪电子,2020-12-01,36.79268,37.54268,38.14268,36.79268,50.708,0.00424,9561333,377863776.0,2.7365261661158953,36.54268
HK.00285,比亚迪电子,2020-12-02,37.54268,36.19268,37.59268,35.69268,48.969,0.00334,7532500,288330250.0,-3.5959073779495614,37.54268
HK.00285,比亚迪电子,2020-12-03,36.19268,36.19268,37.79268,36.09268,48.969,0.00353,7957815,306916389.0,0.0,36.19268
HK.00285,比亚迪电子,2020-12-04,36.34268,35.49268,36.89268,35.14268,48.067,0.00315,7100800,267448604.0,-1.9340927502467429,36.19268
HK.00285,比亚迪电子,2020-12-07,35.69268,35.19268,36.19268,34.54268,47.68,0.00294,6630486,245664469.0,-0.8452447096133545,35.49268
HK.00285,比亚迪电子,2020-12-08,35.19268,37.04268,37.54268,34.89268,50.064,0.005,11260870,433867232.0,5.256774988435079,35.19268
HK.00285,比亚迪电子,2020-12-09,37.29268,36.99268,38.09268,36.74268,50.0,0.00342,7704659,303482227.0,-0.1349794345333468,37.04268
HK.00285,比亚迪电子,2020-12-10,36.49268,35.49268,36.49268,35.44268,48.067,0.00331,7450455,280376467.0,-4.05485625804889,36.99268
HK.00285,比亚迪电子,2020-12-11,36.19268,36.09268,36.49268,35.24268,48.84,0.00233,5244731,197062266.0,1.6904894192267288,35.49268
HK.00285,比亚迪电子,2020-12-14,36.09268,36.94268,37.44268,35.89268,49.935,0.00414,9323547,362017705.0,2.355048170432346,36.09268
HK.00285,比亚迪电子,2020-12-15,37.29268,37.49268,37.59268,36.59268,50.644,0.00255,5738287,223733005.0,1.4887929083650595,36.94268
HK.00285,比亚迪电子,2020-12-16,37.79268,40.14268,40.19268,37.69268,54.059,0.01022,23027664,946849624.0,7.068046349314049,37.49268
HK.00285,比亚迪电子,2020-12-17,40.19268,40.04268,40.84268,39.19268,53.93,0.00476,10720816,448150004.0,-0.2491114195664101,40.14268
HK.00285,比亚迪电子,2020-12-18,40.39268,41.09268,41.99268,40.34268,55.283,0.00561,12650084,542809214.0,2.6222021103482693,40.04268
HK.00285,比亚迪电子,2020-12-21,41.09268,39.99268,41.89268,39.99268,53.865,0.00488,10996241,467805011.0,-2.676875784202932,41.09268
HK.00285,比亚迪电子,2020-12-22,39.69268,37.69268,40.64268,37.44268,50.902,0.00789,17782061,717200160.0,-5.751052442596989,39.99268
HK.00285,比亚迪电子,2020-12-23,37.44268,38.04268,38.69268,36.89268,51.353,0.00531,11962497,476532226.0,0.928562256650348,37.69268
HK.00285,比亚迪电子,2020-12-24,38.24268,36.74268,38.59268,36.74268,49.677,0.00348,7831550,306783264.0,-3.4172145600677903,38.04268
HK.00285,比亚迪电子,2020-12-28,36.89268,36.09268,37.14268,35.39268,48.84,0.00437,9838514,374415427.0,-1.7690598508328694,36.74268
HK.00285,比亚迪电子,2020-12-29,36.59268,37.84268,37.84268,35.84268,51.095,0.00386,8702795,336896993.0,4.848628586184234,36.09268
HK.00285,比亚迪电子,2020-12-30,38.09268,38.04268,38.64268,37.29268,51.353,0.00436,9818664,390184053.0,0.528503795185742,37.84268
HK.00285,比亚迪电子,2020-12-31,38.19268,38.79268,38.99268,37.64268,52.319,0.00304,6840250,276332665.0,1.9714699385006524,38.04268
HK.00285,比亚迪电子,2021-01-04,38.79268,39.74268,40.49268,37.69268,53.543,0.00852,19206770,787978160.0,2.4489156201633993,38.79268
HK.00285,比亚迪电子,2021-01-05,38.39268,40.14268,40.79268,38.39268,54.059,0.00444,10013005,418100625.0,1.0064746514326628,39.74268
HK.00285,比亚迪电子,2021-01-06,40.49268,37.59268,40.49268,37.04268,50.773,0.00875,19720831,787529521.0,-6.352341198943362,40.14268
HK.00285,比亚迪电子,2021-01-07,38.04268,37.79268,38.19268,36.74268,51.03,0.00459,10331197,404310881.0,0.5320184674250299,37.59268
HK.00285,比亚迪电子,2021-01-08,38.14268,37.19268,38.64268,36.89268,50.257,0.00533,12012378,469390719.0,-1.5876090290500549,37.79268
HK.00285,比亚迪电子,2021-01-11,37.19268,36.94268,38.14268,36.49268,49.935,0.0056,12608658,491876303.0,-0.6721752775008415,37.19268
HK.00285,比亚迪电子,2021-01-12,37.04268,36.64268,37.19268,36.19268,49.548,0.00409,9212015,352797543.0,-0.8120688591082299,36.94268
HK.00285,比亚迪电子,2021-01-13,36.64268,38.19268,38.19268,36.39268,51.546,0.006,13514938,534841734.0,4.230039942493301,36.64268
HK.00285,比亚迪电子,2021-01-14,38.54268,39.84268,40.49268,37.49268,53.672,0.00868,19568767,807516806.0,4.32019957751066,38.19268
HK.00285,比亚迪电子,2021-01-15,38.24268,37.64268,38.59268,37.09268,50.837,0.00741,16697889,659587980.0,-5.5217169126173316,39.84268
HK.00285,比亚迪电子,2021-01-18,37.34268,40.84268,41.09268,36.49268,54.961,0.01112,25056025,1047269148.0,8.500988771256464,37.64268
HK.00285,比亚迪电子,2021-01-19,41.39268,47.59268,48.69268,41.39268,63.659,0.02198,49527162,2378557799.0,16.526829287402293,40.84268
HK.00285,比亚迪电子,2021-01-20,48.14268,52.89268,52.89268,45.99268,70.489,0.0144,32445286,1680336620.0,11.136166318013604,47.59268
HK.00285,比亚迪电子,2021-01-21,53.59268,52.59268,54.79268,51.04268,70.103,0.01133,25526866,1389140825.0,-0.567186234465709,52.89268
HK.00285,比亚迪电子,2021-01-22,52.14268,54.19268,55.44268,51.34268,72.164,0.0073,16440225,919332006.0,3.0422484649955113,52.59268
HK.00285,比亚迪电子,2021-01-25,54.29268,56.39268,57.29268,52.14268,75.0,0.00853,19220990,1098297574.0,4.0595888596024325,54.19268
HK.00285,比亚迪电子,2021-01-26,56.54268,58.99268,61.29268,55.24268,78.35,0.00915,20608742,1244107704.0,4.610527465621427,56.39268
HK.00285,比亚迪电子,2021-01-27,60.04268,56.64268,60.19268,53.29268,75.322,0.00848,19097398,1111757078.0,-3.9835450771180447,58.99268
HK.00285,比亚迪电子,2021-01-28,54.14268,53.99268,56.84268,53.49268,71.907,0.00587,13225879,745785285.0,-4.6784509490017046,56.64268
HK.00285,比亚迪电子,2021-01-29,54.39268,51.89268,56.84268,50.69268,69.201,0.00609,13722150,755181912.0,-3.8894161208519407,53.99268
HK.00285,比亚迪电子,2021-02-01,51.39268,55.99268,56.69268,49.99268,74.484,0.00584,13148570,739795091.0,7.900921671418786,51.89268
HK.00285,比亚迪电子,2021-02-02,56.74268,55.24268,58.19268,54.84268,73.518,0.00515,11599344,667030287.0,-1.3394608009475526,55.99268
HK.00285,比亚迪电子,2021-02-03,56.19268,56.89268,57.99268,54.79268,75.644,0.00419,9448224,552825387.0,2.986821059369311,55.24268
HK.00285,比亚迪电子,2021-02-04,55.99268,51.69268,56.84268,51.19268,68.943,0.00989,22279014,1211665208.0,-9.140015903627663,56.89268
HK.00285,比亚迪电子,2021-02-05,52.79268,51.69268,53.59268,51.19268,68.943,0.0051,11490330,619256187.0,0.0,51.69268
HK.00285,比亚迪电子,2021-02-08,51.39268,48.69268,51.39268,47.89268,65.077,0.00834,18796316,953503553.0,-5.8035296293401695,51.69268
HK.00285,比亚迪电子,2021-02-09,49.04268,51.94268,52.29268,49.04268,69.265,0.00265,5966973,317331590.0,6.674514526618785,48.69268
HK.00285,比亚迪电子,2021-02-10,51.94268,51.94268,52.29268,50.24268,69.265,0.00167,3763403,200475606.0,0.0,51.94268
HK.00285,比亚迪电子,2021-02-11,51.99268,52.74268,52.74268,50.69268,70.296,0.00096,2171754,116706563.0,1.540159267869885,51.94268
HK.00285,比亚迪电子,2021-02-16,53.19268,53.34268,54.49268,52.39268,71.069,0.00274,6173413,340652244.0,1.137598620320396,52.74268
HK.00285,比亚迪电子,2021-02-17,53.29268,53.24268,53.44268,51.19268,70.94,0.00273,6147370,333120856.0,-0.1874671463825991,53.34268
HK.00285,比亚迪电子,2021-02-18,53.19268,48.59268,53.39268,48.19268,64.948,0.01088,24525946,1258225238.0,-8.73359492797883,53.24268
HK.00285,比亚迪电子,2021-02-19,48.59268,48.79268,49.09268,46.34268,65.206,0.00644,14519483,717055759.0,0.4115846255032563,48.59268
HK.00285,比亚迪电子,2021-02-22,49.29268,44.44268,49.64268,44.14268,59.6,0.00872,19636789,937369638.0,-8.915271716987046,48.79268
HK.00285,比亚迪电子,2021-02-23,43.59268,44.84268,45.99268,42.44268,60.115,0.00716,16126253,743986085.0,0.9000357314185341,44.44268
HK.00285,比亚迪电子,2021-02-24,45.19268,41.84268,46.44268,40.69268,56.25,0.00868,19547586,862877524.0,-6.690055099293797,44.84268
HK.00285,比亚迪电子,2021-02-25,43.19268,42.64268,44.09268,42.09268,57.28,0.00628,14140000,634337087.0,1.9119234236430296,41.84268
HK.00285,比亚迪电子,2021-02-26,39.69268,41.44268,43.34268,39.54268,55.734,0.00672,15152700,658943777.0,-2.814082041747835,42.64268
HK.00285,比亚迪电子,2021-03-01,42.64268,42.99268,43.64268,41.84268,57.731,0.00397,8952375,398749265.0,3.74010561093056,41.44268
HK.00285,比亚迪电子,2021-03-02,44.19268,42.59268,45.59268,41.99268,57.216,0.00443,9971765,453158827.0,-0.9303909409694826,42.99268
HK.00285,比亚迪电子,2021-03-03,42.59268,44.39268,44.44268,41.74268,59.536,0.00334,7514787,339976341.0,4.2260782838741235,42.59268
HK.00285,比亚迪电子,2021-03-04,43.19268,41.19268,43.19268,41.19268,55.412,0.00416,9382652,409779445.0,-7.208395618376715,44.39268
HK.00285,比亚迪电子,2021-03-05,40.19268,41.14268,41.99268,38.29268,55.347,0.00372,8385004,355929220.0,-0.1213807890139807,41.19268
HK.00285,比亚迪电子,2021-03-08,41.54268,39.19268,41.79268,38.49268,52.835,0.0044,9909947,408603085.0,-4.739603739960537,41.14268
HK.00285,比亚迪电子,2021-03-09,39.19268,39.64268,41.34268,36.79268,53.414,0.00495,11152449,460014595.0,1.1481735875168415,39.19268
HK.00285,比亚迪电子,2021-03-10,41.79268,40.44268,42.49268,39.64268,54.445,0.00307,6922962,295360388.0,2.0180270355082053,39.64268
HK.00285,比亚迪电子,2021-03-11,40.69268,43.24268,43.59268,40.49268,58.054,0.00299,6745118,298949845.0,6.9233789649943995,40.44268
HK.00285,比亚迪电子,2021-03-12,44.04268,44.04268,45.89268,43.54268,59.085,0.00782,17610351,820292824.0,1.850024096563851,43.24268
HK.00285,比亚迪电子,2021-03-15,44.69268,41.04268,44.69268,40.14268,55.219,0.00484,10908619,474441253.0,-6.811574590828714,44.04268
HK.00285,比亚迪电子,2021-03-16,41.49268,43.04268,43.19268,41.14268,57.796,0.00269,6066226,267585887.0,4.872976131188315,41.04268
HK.00285,比亚迪电子,2021-03-17,43.04268,42.54268,43.99268,41.89268,57.152,0.00157,3539698,158114097.0,-1.161637704715413,43.04268
HK.00285,比亚迪电子,2021-03-18,42.79268,43.29268,43.99268,42.34268,58.118,0.00387,8722331,393658482.0,1.7629354803223494,42.54268
HK.00285,比亚迪电子,2021-03-19,42.24268,40.84268,42.24268,40.19268,54.961,0.00435,9804546,418503810.0,-5.659155312168237,43.29268
HK.00285,比亚迪电子,2021-03-22,40.74268,42.79268,43.19268,40.29268,57.474,0.00468,10554171,463365678.0,4.7744173496939855,40.84268
HK.00285,比亚迪电子,2021-03-23,42.19268,40.79268,42.54268,39.59268,54.896,0.00427,9621328,412075645.0,-4.673696529406431,42.79268
HK.00285,比亚迪电子,2021-03-24,40.24268,38.89268,41.24268,38.29268,52.448,0.00366,8247614,336515835.0,-4.657698390985831,40.79268
HK.00285,比亚迪电子,2021-03-25,38.19268,39.34268,39.39268,36.99268,53.028,0.00343,7726404,310660145.0,1.1570300632406991,38.89268
HK.00285,比亚迪电子,2021-03-26,39.59268,41.19268,41.79268,38.99268,55.412,0.00322,7259280,309472597.0,4.702272443056755,39.34268
HK.00285,比亚迪电子,2021-03-29,40.79268,42.34268,42.74268,40.74268,56.894,0.00342,7695814,335997665.0,2.7917581473213167,41.19268
HK.00285,比亚迪电子,2021-03-30,42.19268,40.54268,42.19268,38.89268,54.574,0.01148,25859903,1084588174.0,-4.251029930084737,42.34268
HK.00285,比亚迪电子,2021-03-31,41.19268,43.59268,44.19268,40.69268,15.829,0.0097,21860281,983191986.0,7.52293632290713,40.54268
HK.00285,比亚迪电子,2021-04-01,44.59268,49.09268,49.44268,44.09268,17.747,0.01085,24448398,1212907560.0,12.616797131995556,43.59268
HK.00285,比亚迪电子,2021-04-07,48.39268,49.54268,50.99268,47.39268,17.904,0.00512,11543660,596025405.0,0.9166335999582742,49.09268
HK.00285,比亚迪电子,2021-04-08,49.19268,46.99268,49.29268,45.99268,17.015,0.00528,11887577,582997328.0,-5.147077227150403,49.54268
HK.00285,比亚迪电子,2021-04-09,47.69268,43.84268,47.69268,43.69268,15.917,0.00607,13675450,638286382.0,-6.703171642902679,46.99268
HK.00285,比亚迪电子,2021-04-12,44.19268,42.44268,45.44268,41.99268,15.428,0.00371,8368231,376409134.0,-3.193235450022669,43.84268
HK.00285,比亚迪电子,2021-04-13,42.19268,41.59268,42.84268,40.94268,15.132,0.00372,8371722,364911875.0,-2.002701054693062,42.44268
HK.00285,比亚迪电子,2021-04-14,42.79268,41.79268,43.59268,41.24268,15.202,0.00577,12989829,569961288.0,0.4808538425511309,41.59268
HK.00285,比亚迪电子,2021-04-15,41.79268,42.14268,42.44268,40.69268,15.324,0.00325,7314183,318139848.0,0.8374672311036322,41.79268
HK.00285,比亚迪电子,2021-04-16,42.29268,42.19268,42.29268,41.34268,15.341,0.00225,5070181,221590538.0,0.1186445665059846,42.14268
HK.00285,比亚迪电子,2021-04-19,42.34268,44.69268,45.19268,41.74268,16.213,0.00535,12044673,555103649.0,5.925198399343203,42.19268
HK.00285,比亚迪电子,2021-04-20,44.74268,43.64268,44.84268,43.24268,15.847,0.00254,5728317,260718522.0,-2.349378018950764,44.69268
HK.00285,比亚迪电子,2021-04-21,42.89268,42.84268,43.69268,42.24268,15.568,0.00185,4178120,187116791.0,-1.8330679967407983,43.64268
HK.00285,比亚迪电子,2021-04-22,42.99268,42.69268,43.64268,42.24268,15.516,0.0022,4955404,220717329.0,-0.3501181532060986,42.84268
HK.00285,比亚迪电子,2021-04-23,42.49268,43.79268,43.94268,41.89268,15.899,0.00416,9377398,423141978.0,2.5765541071677727,42.69268
HK.00285,比亚迪电子,2021-04-26,44.09268,45.39268,47.89268,43.99268,16.457,0.00752,16948760,811659539.0,3.653578634602865,43.79268
HK.00285,比亚迪电子,2021-04-27,45.69268,44.89268,47.14268,44.64268,16.283,0.00472,10638296,504182239.0,-1.101499184450004,45.39268
HK.00285,比亚迪电子,2021-04-28,45.49268,46.79268,46.99268,44.39268,16.945,0.00422,9504893,451944707.0,4.232315825208026,44.89268
HK.00285,比亚迪电子,2021-04-29,44.39268,40.94268,45.19268,40.49268,14.905,0.01694,38167874,1664448677.0,-12.50195543405506,46.79268
HK.00285,比亚迪电子,2021-04-30,40.69268,39.54268,41.14268,38.99268,14.417,0.0062,13968653,577757104.0,-3.4194146548296436,40.94268
HK.00285,比亚迪电子,2021-05-03,39.34268,39.94268,40.54268,38.59268,14.557,0.00307,6912669,288459644.0,1.011565225219954,39.54268
HK.00285,比亚迪电子,2021-05-04,40.34268,41.39268,41.84268,39.49268,15.062,0.0041,9234249,396819396.0,3.630202079580027,39.94268
HK.00285,比亚迪电子,2021-05-05,40.69268,39.64268,41.39268,39.19268,14.452,0.00298,6712122,280813648.0,-4.22780066427204,41.39268
HK.00285,比亚迪电子,2021-05-06,40.79268,40.19268,40.84268,38.24268,14.644,0.0075,16898083,693057618.0,1.3873935869118947,39.64268
HK.00285,比亚迪电子,2021-05-07,40.19268,38.29268,40.19268,37.89268,13.981,0.00607,13684340,553012217.0,-4.727228938204682,40.19268
HK.00285,比亚迪电子,2021-05-10,38.24268,37.69268,38.99268,37.34268,13.772,0.00378,8523661,338435994.0,-1.5668791006531648,38.29268
HK.00285,比亚迪电子,2021-05-11,36.89268,36.44268,37.04268,34.89268,13.336,0.00551,12420898,470920265.0,-3.316293773751296,37.69268
HK.00285,比亚迪电子,2021-05-12,36.64268,37.69268,38.59268,36.64268,13.772,0.00398,8967691,354490688.0,3.4300441131113293,36.44268
HK.00285,比亚迪电子,2021-05-13,36.69268,35.99268,37.29268,35.89268,13.179,0.00366,8241679,315283081.0,-4.51015953230177,37.69268
HK.00285,比亚迪电子,2021-05-14,36.19268,36.04268,36.69268,35.44268,13.197,0.00281,6330114,240062295.0,0.1389171353730735,35.99268
HK.00285,比亚迪电子,2021-05-17,36.69268,36.99268,37.54268,36.19268,13.528,0.00364,8209324,317478297.0,2.635764044183182,36.04268
HK.00285,比亚迪电子,2021-05-18,37.49268,38.44268,38.64268,36.74268,14.034,0.0038,8560556,340474721.0,3.919694382780601,36.99268
HK.00285,比亚迪电子,2021-05-20,38.79268,39.34268,39.89268,38.49268,14.347,0.00424,9553381,392303355.0,2.3411479116440335,38.44268
HK.00285,比亚迪电子,2021-05-21,39.64268,41.19268,41.44268,39.39268,14.993,0.00604,13617627,581711038.0,4.702272443056755,39.34268
HK.00285,比亚迪电子,2021-05-24,41.19268,42.24268,42.39268,40.64268,15.359,0.00407,9166252,397896917.0,2.5489965692933723,41.19268
HK.00285,比亚迪电子,2021-05-25,42.19268,42.94268,43.14268,41.79268,15.603,0.00368,8293708,368062762.0,1.657091832241711,42.24268
HK.00285,比亚迪电子,2021-05-26,42.94268,48.19268,53.19268,41.84268,17.433,0.02067,46570970,2279500824.0,12.225599333809626,42.94268
HK.00285,比亚迪电子,2021-05-27,48.19268,47.49268,51.44268,46.19268,17.189,0.01733,39047716,1967938213.0,-1.4525027452301944,48.19268
HK.00285,比亚迪电子,2021-05-28,47.99268,47.54268,50.69268,47.24268,17.207,0.00977,22024186,1116350115.0,0.1052793820015993,47.49268
HK.00285,比亚迪电子,2021-05-31,47.24268,49.19268,50.69268,47.04268,17.782,0.00574,12928770,660015836.0,3.4705658158101436,47.54268
HK.00285,比亚迪电子,2021-06-01,48.84268,51.29268,51.94268,48.74268,18.514,0.00528,11894875,627617055.0,4.2689278160896995,49.19268
HK.00285,比亚迪电子,2021-06-02,51.29268,49.14268,51.54268,48.39268,17.764,0.00494,11132965,569821048.0,-4.191631242508675,51.29268
HK.00285,比亚迪电子,2021-06-03,49.09268,47.44268,49.44268,46.89268,17.172,0.00575,12966603,642438387.0,-3.459314795204486,49.14268
HK.00285,比亚迪电子,2021-06-04,47.49268,50.99268,51.89268,46.69268,18.41,0.00967,21790796,1128325549.0,7.482713877040667,47.44268
HK.00285,比亚迪电子,2021-06-07,51.69268,51.89268,52.69268,49.99268,18.723,0.00537,12102358,644253211.0,1.7649592059095511,50.99268
HK.00285,比亚迪电子,2021-06-08,51.54268,49.34268,52.94268,48.19268,17.834,0.00483,10891174,562296117.0,-4.9139878688092375,51.89268
HK.00285,比亚迪电子,2021-06-09,49.69268,49.84268,50.39268,48.94268,18.009,0.00165,3707146,191192206.0,1.0133215301641498,49.34268
HK.00285,比亚迪电子,2021-06-10,50.08559,48.68559,50.53559,48.08559,17.503,0.00336,7567985,381135147.0,-2.3214843182589777,49.84268
HK.00285,比亚迪电子,2021-06-11,48.98559,47.73559,49.08559,46.88559,17.172,0.00444,10006446,491835385.0,-1.9512960611137624,48.68559
HK.00285,比亚迪电子,2021-06-15,47.73559,48.63559,48.63559,45.78559,17.486,0.00459,10345943,506150412.0,1.8853857258284616,47.73559
HK.00285,比亚迪电子,2021-06-16,48.48559,46.98559,48.68559,46.98559,16.91,0.00189,4253359,208772969.0,-3.392577328659935,48.63559
HK.00285,比亚迪电子,2021-06-17,46.98559,49.13559,49.18559,46.48559,17.66,0.00297,6697567,333583258.0,4.5758710276916785,46.98559
HK.00285,比亚迪电子,2021-06-18,49.28559,51.38559,52.28559,49.13559,18.444,0.00561,12644958,664675930.0,4.579165529507226,49.13559
HK.00285,比亚迪电子,2021-06-21,50.48559,50.78559,51.88559,49.33559,18.235,0.00273,6160276,319891755.0,-1.167642523906024,51.38559
HK.00285,比亚迪电子,2021-06-22,51.08559,49.08559,51.08559,48.68559,17.642,0.00245,5512958,280883293.0,-3.3474062229069226,50.78559
HK.00285,比亚迪电子,2021-06-23,49.68559,49.78559,50.98559,48.93559,17.887,0.00249,5606500,289281882.0,1.4260804443829556,49.08559
HK.00285,比亚迪电子,2021-06-24,49.78559,50.28559,51.28559,49.23559,18.061,0.00303,6827984,352492790.0,1.0043066678530876,49.78559
HK.00285,比亚迪电子,2021-06-25,50.73559,50.13559,50.98559,49.53559,18.009,0.00255,5750483,295930032.0,-0.2982961918116076,50.28559
HK.00285,比亚迪电子,2021-06-28,49.73559,51.08559,52.43559,48.68559,18.34,0.00289,6519902,343868151.0,1.8948615145448628,50.13559
HK.00285,比亚迪电子,2021-06-29,51.48559,49.63559,51.63559,49.33559,17.834,0.00371,8351701,429245271.0,-2.838373795819922,51.08559
HK.00285,比亚迪电子,2021-06-30,49.88559,49.48559,51.28559,48.98559,17.782,0.00375,8441910,433442869.0,-0.3022025123505101,49.63559
HK.00285,比亚迪电子,2021-07-02,49.48559,47.58559,49.48559,46.98559,17.119,0.00389,8758759,430502106.0,-3.8395015599490647,49.48559
HK.00285,比亚迪电子,2021-07-05,47.48559,46.33559,47.68559,45.28559,16.684,0.00496,11182296,535534326.0,-2.6268456480207556,47.58559
HK.00285,比亚迪电子,2021-07-06,46.53559,46.03559,47.68559,45.28559,16.579,0.00239,5389270,256888404.0,-0.6474504802895663,46.33559
HK.00285,比亚迪电子,2021-07-07,45.58559,45.88559,46.58559,44.98559,16.527,0.00272,6124994,290860882.0,-0.3258348595076082,46.03559
HK.00285,比亚迪电子,2021-07-08,46.18559,42.58559,46.18559,41.88559,15.376,0.00678,15267746,681061572.0,-7.191800301576152,45.88559
HK.00285,比亚迪电子,2021-07-09,43.08559,43.83559,44.23559,40.63559,15.812,0.00633,14258724,629944918.0,2.935265191817232,42.58559
HK.00285,比亚迪电子,2021-07-12,44.78559,44.18559,44.83559,42.58559,15.934,0.00544,12263571,558251629.0,0.7984379815578946,43.83559
HK.00285,比亚迪电子,2021-07-13,44.78559,45.18559,45.73559,44.18559,16.283,0.0038,8551093,397358754.0,2.2631812769728774,44.18559
HK.00285,比亚迪电子,2021-07-14,45.18559,43.98559,45.48559,43.68559,15.864,0.00361,8123656,371265365.0,-2.655713912333547,45.18559
HK.00285,比亚迪电子,2021-07-15,44.03559,43.48559,44.78559,43.18559,15.69,0.00391,8820802,398927478.0,-1.1367359173765772,43.98559
HK.00285,比亚迪电子,2021-07-16,43.48559,43.58559,44.13559,42.98559,15.725,0.00297,6681842,301612961.0,0.229961235434546,43.48559
HK.00285,比亚迪电子,2021-07-19,43.23559,42.23559,44.13559,42.18559,15.254,0.00184,4145624,183075878.0,-3.0973539649228132,43.58559
HK.00285,比亚迪电子,2021-07-20,42.23559,41.13559,42.23559,40.48559,14.87,0.00234,5264122,224405483.0,-2.6044385789330784,42.23559
HK.00285,比亚迪电子,2021-07-21,41.48559,41.43559,42.18559,40.73559,14.975,0.00337,7584275,325594956.0,0.729295483545993,41.13559
HK.00285,比亚迪电子,2021-07-22,41.98559,41.33559,42.23559,40.98559,14.94,0.00217,4890323,210427257.0,-0.2413384242869338,41.43559
HK.00285,比亚迪电子,2021-07-23,41.33559,39.68559,41.48559,39.08559,14.365,0.00436,9827770,404654996.0,-3.9917175489693153,41.33559
HK.00285,比亚迪电子,2021-07-26,39.38559,37.68559,39.38559,37.18559,13.668,0.00593,13355263,527684475.0,-5.039612615057506,39.68559
HK.00285,比亚迪电子,2021-07-27,37.68559,35.73559,38.98559,34.78559,12.988,0.0052,11710785,449675771.0,-5.174391591056411,37.68559
HK.00285,比亚迪电子,2021-07-28,35.78559,37.53559,37.78559,35.38559,13.615,0.00649,14626494,558291945.0,5.036995331544818,35.73559
HK.00285,比亚迪电子,2021-07-29,38.78559,39.08559,40.08559,37.88559,14.156,0.00496,11172866,453031874.0,4.12941424392158,37.53559
HK.00285,比亚迪电子,2021-07-30,38.08559,37.78559,38.93559,36.78559,13.702,0.00422,9513437,372219487.0,-3.32603396801738,39.08559
HK.00285,比亚迪电子,2021-08-02,38.48559,38.38559,38.83559,37.58559,13.912,0.004,9012841,357603275.0,1.5879069243063333,37.78559
HK.00285,比亚迪电子,2021-08-03,38.63559,37.98559,38.78559,37.33559,13.772,0.00202,4551314,179649575.0,-1.042057709676987,38.38559
HK.00285,比亚迪电子,2021-08-04,38.08559,40.38559,40.48559,37.33559,14.609,0.00611,13774627,564910240.0,6.31818539609362,37.98559
HK.00285,比亚迪电子,2021-08-05,39.58559,39.23559,40.33559,38.78559,14.208,0.00269,6068787,249144373.0,-2.8475503267378253,40.38559
HK.00285,比亚迪电子,2021-08-06,39.48559,38.48559,39.93559,38.38559,13.947,0.00211,4751093,191901483.0,-1.9115298126012632,39.23559
HK.00285,比亚迪电子,2021-08-09,38.48559,38.08559,38.58559,37.48559,13.807,0.00174,3914583,154471251.0,-1.0393500528379545,38.48559
HK.00285,比亚迪电子,2021-08-10,38.58559,39.28559,39.48559,37.83559,14.225,0.00225,5073734,204661024.0,3.1507979789731384,38.08559
HK.00285,比亚迪电子,2021-08-11,40.18559,39.28559,40.18559,38.73559,14.225,0.00194,4373956,178607969.0,0.0,39.28559
HK.00285,比亚迪电子,2021-08-12,39.48559,38.83559,39.93559,38.73559,14.069,0.00148,3325049,135488701.0,-1.145458169267652,39.28559
HK.00285,比亚迪电子,2021-08-13,38.83559,38.58559,39.33559,38.13559,13.981,0.00157,3527967,141473680.0,-0.6437394153146636,38.83559
HK.00285,比亚迪电子,2021-08-16,38.88559,37.53559,38.93559,37.13559,13.615,0.00212,4772302,186113726.0,-2.721223130189286,38.58559
HK.00285,比亚迪电子,2021-08-17,37.48559,35.38559,37.73559,35.08559,12.866,0.00436,9814550,367878460.0,-5.727897177052495,37.53559
HK.00285,比亚迪电子,2021-08-18,35.38559,34.88559,36.13559,34.38559,12.691,0.00317,7135263,260273554.0,-1.4130045592005107,35.38559
HK.00285,比亚迪电子,2021-08-19,34.88559,33.83559,35.28559,33.73559,12.325,0.00413,9295810,333704404.0,-3.009838732840686,34.88559
HK.00285,比亚迪电子,2021-08-20,34.28559,32.33559,34.28559,30.98559,11.802,0.0071,15987489,535026133.0,-4.433201844566623,33.83559
HK.00285,比亚迪电子,2021-08-23,33.73559,32.08559,33.78559,31.68559,11.715,0.00419,9442781,321000076.0,-0.7731419157652605,32.33559
HK.00285,比亚迪电子,2021-08-24,32.48559,33.88559,33.88559,32.23559,12.343,0.00377,8488076,296422146.0,5.609995016454417,32.08559
HK.00285,比亚迪电子,2021-08-25,35.08559,34.38559,35.08559,33.73559,12.517,0.00235,5303032,189720753.0,1.4755534727298536,33.88559
HK.00285,比亚迪电子,2021-08-26,34.38559,33.73559,34.53559,33.28559,12.29,0.00199,4492801,158977729.0,-1.8903267327970776,34.38559
HK.00285,比亚迪电子,2021-08-27,33.28559,32.88559,33.88559,32.73559,11.994,0.00197,4440882,153899219.0,-2.519594291962884,33.73559
HK.00285,比亚迪电子,2021-08-30,31.68559,31.98559,33.03559,31.13559,11.68,0.00539,12147810,404612810.0,-2.7367609947092393,32.88559
HK.00285,比亚迪电子,2021-08-31,31.98559,33.98559,34.03559,31.18559,12.377,0.00636,14319723,492171963.0,6.25281572107941,31.98559
HK.00285,比亚迪电子,2021-09-01,33.98559,33.33559,34.03559,32.83559,12.151,0.00225,5076130,177904378.0,-1.912575300296386,33.98559
HK.00285,比亚迪电子,2021-09-02,33.98559,33.48559,34.43559,32.93559,12.203,0.00169,3807381,133724634.0,0.4499695370623366,33.33559
HK.00285,比亚迪电子,2021-09-03,33.48559,32.98559,33.98559,32.785589999,12.029,0.00151,3412134,118272260.0,-1.493179603524979,33.48559
HK.00285,比亚迪电子,2021-09-06,32.68559,35.08559,35.23559,32.63559,12.761,0.00312,7023833,253288426.0,6.366416365449281,32.98559
HK.00285,比亚迪电子,2021-09-07,35.68559,34.58559,35.98559,34.43559,12.587,0.00225,5061663,184305598.0,-1.425086481373122,35.08559
HK.00285,比亚迪电子,2021-09-08,34.83559,35.23559,35.38559,34.33559,12.813,0.00234,5269761,192179879.0,1.8793954360761187,34.58559
HK.00285,比亚迪电子,2021-09-09,34.58559,32.98559,35.13559,32.68559,12.029,0.00383,8633667,302529585.0,-6.385589116004585,35.23559
HK.00285,比亚迪电子,2021-09-10,33.33559,33.38559,33.93559,33.03559,12.168,0.0024,5417706,189033339.0,1.2126507362760484,32.98559
HK.00285,比亚迪电子,2021-09-13,33.38559,31.98559,33.38559,31.785589999,11.68,0.00291,6548459,220179152.0,-4.193425966112931,33.38559
HK.00285,比亚迪电子,2021-09-14,32.48559,31.73559,32.785589999,31.535589999,11.593,0.00141,3182000,106801717.0,-0.781601965134925,31.98559
HK.00285,比亚迪电子,2021-09-15,31.73559,29.78559,31.98559,29.68559,10.913,0.00449,10106818,320554127.0,-6.144521025132979,31.73559
HK.00285,比亚迪电子,2021-09-16,30.48559,29.13559,30.535589999,28.83559,10.686,0.00198,4469576,137990763.0,-2.182263302489555,29.78559
HK.00285,比亚迪电子,2021-09-17,29.73559,30.23559,30.23559,29.23559,11.07,0.00145,3272119,102963117.0,3.7754512608119417,29.13559
HK.00285,比亚迪电子,2021-09-20,29.98559,28.98559,30.33559,27.73559,10.634,0.00121,2725452,82190234.0,-4.13420078787945,30.23559
HK.00285,比亚迪电子,2021-09-21,28.38559,29.03559,29.08559,27.98559,10.652,0.0007,1572473,47551509.0,0.1724995075139085,28.98559
HK.00285,比亚迪电子,2021-09-23,29.48559,28.03559,29.68559,27.53559,10.303,0.00368,8298400,245676506.0,-3.444049182399944,29.03559
HK.00285,比亚迪电子,2021-09-24,28.33559,27.93559,28.93559,27.78559,10.268,0.00307,6921500,206351900.0,-0.3566894793367925,28.03559
HK.00285,比亚迪电子,2021-09-27,27.93559,26.38559,28.38559,26.13559,9.728,0.00513,11552275,326373332.0,-5.548477766175694,27.93559
HK.00285,比亚迪电子,2021-09-28,26.38559,26.88559,27.28559,26.28559,9.902,0.00497,11200600,318837079.0,1.894973733769076,26.38559
HK.00285,比亚迪电子,2021-09-29,26.83559,26.73559,26.83559,26.13559,9.85,0.00135,3040913,85543059.0,-0.5579196885766767,26.88559
HK.00285,比亚迪电子,2021-09-30,26.48559,25.93559,26.48559,25.68559,9.571,0.00186,4188951,115161611.0,-2.992266114194589,26.73559
HK.00285,比亚迪电子,2021-10-04,26.48559,25.48559,26.73559,24.88559,9.414,0.00146,3292140,88881291.0,-1.735067526900305,25.93559
HK.00285,比亚迪电子,2021-10-05,24.88559,25.38559,25.48559,24.08559,9.379,0.00138,3113601,82012053.0,-0.3923785951198221,25.48559
HK.00285,比亚迪电子,2021-10-06,25.58559,24.93559,25.88559,24.68559,9.222,0.0012,2708341,71950855.0,-1.7726592133568662,25.38559
HK.00285,比亚迪电子,2021-10-07,25.38559,26.23559,26.28559,25.08559,9.675,0.00167,3767795,103446172.0,5.2134318859108495,24.93559
HK.00285,比亚迪电子,2021-10-08,26.48559,24.68559,26.73559,24.58559,9.135,0.00385,8679084,230762209.0,-5.90800511823823,26.23559
HK.00285,比亚迪电子,2021-10-11,25.13559,25.23559,25.58559,24.48559,9.327,0.00566,12745740,338246378.0,2.2280204767234535,24.68559
HK.00285,比亚迪电子,2021-10-12,24.98559,24.28559,25.23559,24.08559,8.995,0.00278,6270022,162839378.0,-3.764524625736903,25.23559
HK.00285,比亚迪电子,2021-10-15,24.88559,24.03559,25.13559,23.83559,8.908,0.00535,12064277,311017101.0,-1.0294170328989332,24.28559
HK.00285,比亚迪电子,2021-10-18,24.28559,23.33559,24.33559,23.13559,8.664,0.00439,9883699,246756976.0,-2.9123478974304327,24.03559
HK.00285,比亚迪电子,2021-10-19,23.73559,25.83559,26.78559,23.68559,9.536,0.01244,28035662,757782632.0,10.713249590003938,23.33559
HK.00285,比亚迪电子,2021-10-20,25.98559,25.38559,26.23559,25.18559,9.379,0.00556,12518776,339966126.0,-1.7417833306690471,25.83559
HK.00285,比亚迪电子,2021-10-21,25.48559,24.13559,25.78559,23.88559,8.943,0.00739,16651392,432824793.0,-4.924053370435747,25.38559
HK.00285,比亚迪电子,2021-10-22,24.38559,25.88559,26.18559,24.28559,9.553,0.00916,20646820,556118030.0,7.250703214630344,24.13559
HK.00285,比亚迪电子,2021-10-25,25.98559,26.28559,26.78559,25.63559,9.693,0.00691,15564506,432285599.0,1.5452612824355116,25.88559
HK.00285,比亚迪电子,2021-10-26,26.78559,25.68559,27.58559,25.48559,9.483,0.00651,14668126,408358438.0,-2.2826194884725735,26.28559
HK.00285,比亚迪电子,2021-10-27,25.03559,24.53559,25.03559,24.28559,9.082,0.00645,14534572,378046268.0,-4.477218549388985,25.68559
HK.00285,比亚迪电子,2021-10-28,24.68559,24.28559,25.23559,23.93559,8.995,0.00359,8099032,211024216.0,-1.0189280143660695,24.53559
HK.00285,比亚迪电子,2021-10-29,23.58559,21.63559,23.63559,21.28559,8.071,0.01574,35470752,833330214.0,-10.911820548728684,24.28559
HK.00285,比亚迪电子,2021-11-01,21.63559,22.93559,23.08559,20.58559,8.525,0.00758,17074355,399974454.0,6.008618207314894,21.63559
HK.00285,比亚迪电子,2021-11-02,23.23559,22.73559,23.58559,22.48559,8.455,0.00348,7830418,191588083.0,-0.8720072167317381,22.93559
HK.00285,比亚迪电子,2021-11-03,22.48559,22.28559,22.98559,21.93559,8.298,0.0021,4728865,112983094.0,-1.9792756642778977,22.73559
HK.00285,比亚迪电子,2021-11-04,22.48559,22.78559,22.98559,22.13559,8.472,0.00239,5394220,130142349.0,2.2436022559869406,22.28559
HK.00285,比亚迪电子,2021-11-05,22.78559,23.28559,23.43559,22.23559,8.647,0.00351,7914014,194659029.0,2.194369336058448,22.78559
HK.00285,比亚迪电子,2021-11-08,22.78559,23.63559,23.98559,22.73559,8.769,0.0031,6981455,175259483.0,1.503075507212836,23.28559
HK.00285,比亚迪电子,2021-11-09,23.63559,24.53559,24.88559,23.63559,9.082,0.00364,8197810,212904251.0,3.8078169404698534,23.63559
HK.00285,比亚迪电子,2021-11-10,24.33559,24.48559,24.63559,23.33559,9.065,0.00284,6392845,163394054.0,-0.2037856028732168,24.53559
HK.00285,比亚迪电子,2021-11-11,24.23559,26.08559,26.43559,23.98559,9.623,0.00713,16073338,439364419.0,6.534455571623969,24.48559
HK.00285,比亚迪电子,2021-11-12,26.23559,28.73559,28.83559,26.23559,10.547,0.0145,32666980,960435751.0,10.158865488570504,26.08559
HK.00285,比亚迪电子,2021-11-15,28.68559,28.18559,29.33559,27.28559,10.355,0.00957,21557835,645987052.0,-1.914002809756115,28.73559
HK.00285,比亚迪电子,2021-11-16,28.18559,28.48559,29.23559,27.53559,10.46,0.00514,11589145,347888354.0,1.0643736746330206,28.18559
HK.00285,比亚迪电子,2021-11-17,28.18559,28.38559,28.88559,27.93559,10.425,0.00326,7344971,219147777.0,-0.3510546911613832,28.48559
HK.00285,比亚迪电子,2021-11-18,27.73559,27.43559,28.18559,27.08559,10.094,0.00395,8905669,258109975.0,-3.346768554044497,28.38559
HK.00285,比亚迪电子,2021-11-19,27.08559,28.18559,28.38559,26.53559,10.355,0.00324,7309142,214987765.0,2.7336754923076194,27.43559
HK.00285,比亚迪电子,2021-11-22,28.13559,28.68559,28.98559,27.78559,10.529,0.00419,9439843,283450423.0,1.773956124388384,28.18559
HK.00285,比亚迪电子,2021-11-23,28.03559,31.035589999,31.68559,28.03559,11.349,0.01297,29229899,945827506.0,8.192266566593185,28.68559
HK.00285,比亚迪电子,2021-11-24,30.73559,30.38559,31.13559,29.98559,11.122,0.00506,11403545,365023038.0,-2.0943697188322896,31.035589999
HK.00285,比亚迪电子,2021-11-25,30.48559,32.58559,33.08559,30.23559,11.889,0.01084,24415125,827806960.0,7.240274090448804,30.38559
HK.00285,比亚迪电子,2021-11-26,32.33559,31.035589999,32.43559,30.43559,11.349,0.00659,14838004,487135719.0,-4.756703809874255,32.58559
HK.00285,比亚迪电子,2021-11-29,31.08559,30.33559,32.38559,29.58559,11.105,0.00683,15397168,496438839.0,-2.255475082067246,31.035589999
HK.00285,比亚迪电子,2021-11-30,30.535589999,27.43559,30.88559,26.68559,10.094,0.01249,28139632,828273806.0,-9.559728358670457,30.33559
HK.00285,比亚迪电子,2021-12-01,27.23559,28.18559,28.78559,26.53559,10.355,0.0056,12620541,374539448.0,2.7336754923076194,27.43559
HK.00285,比亚迪电子,2021-12-02,27.98559,27.53559,28.63559,26.38559,10.129,0.00724,16314363,468128859.0,-2.3061429617049067,28.18559
HK.00285,比亚迪电子,2021-12-03,27.63559,27.18559,28.23559,26.68559,10.006,0.00437,9857437,284789240.0,-1.2710822611754384,27.53559
HK.00285,比亚迪电子,2021-12-06,26.38559,26.23559,27.48559,25.98559,9.675,0.00414,9337092,260923363.0,-3.4944983721155314,27.18559
HK.00285,比亚迪电子,2021-12-07,26.88559,27.43559,27.73559,26.33559,10.094,0.00308,6943686,198806039.0,4.573939446378004,26.23559
HK.00285,比亚迪电子,2021-12-08,27.68559,29.08559,29.88559,27.63559,10.669,0.00658,14820638,453399988.0,6.014086083076757,27.43559
HK.00285,比亚迪电子,2021-12-09,29.83559,30.33559,31.13559,29.28559,11.105,0.00512,11533209,368156514.0,4.297660800416976,29.08559
HK.00285,比亚迪电子,2021-12-10,29.78559,29.78559,30.83559,29.53559,10.913,0.00166,3750454,118413888.0,-1.8130519300926755,30.33559
HK.00285,比亚迪电子,2021-12-13,29.78559,29.08559,30.08559,28.78559,10.669,0.00259,5835625,179765551.0,-2.35012971037337,29.78559
HK.00285,比亚迪电子,2021-12-14,28.58559,28.18559,29.33559,27.58559,10.355,0.004,9020231,267748425.0,-3.0943157763002183,29.08559
HK.00285,比亚迪电子,2021-12-15,27.58559,27.28559,28.28559,26.88559,10.041,0.00214,4831754,139934348.0,-3.193121023899099,28.18559
HK.00285,比亚迪电子,2021-12-16,26.78559,27.93559,28.08559,26.78559,10.268,0.00242,5443474,158200180.0,2.382209803782884,27.28559
HK.00285,比亚迪电子,2021-12-17,27.23559,26.83559,27.63559,26.53559,9.884,0.00333,7495740,212942420.0,-3.9376293824472706,27.93559
HK.00285,比亚迪电子,2021-12-20,26.68559,25.08559,27.18559,24.93559,9.274,0.00388,8741693,237856830.0,-6.521190702347145,26.83559
HK.00285,比亚迪电子,2021-12-21,25.33559,25.98559,26.23559,24.48559,9.588,0.00199,4474799,120891327.0,3.5877170917646293,25.08559
HK.00285,比亚迪电子,2021-12-22,26.03559,26.68559,27.23559,25.78559,9.832,0.00286,6444572,180647460.0,2.693800679530474,25.98559
HK.00285,比亚迪电子,2021-12-23,26.68559,26.68559,27.28559,26.48559,9.832,0.00144,3248228,92106634.0,0.0,26.68559
HK.00285,比亚迪电子,2021-12-24,26.88559,26.08559,27.03559,25.98559,9.623,0.00063,1408962,39249620.0,-2.2484044759737425,26.68559
HK.00285,比亚迪电子,2021-12-28,26.23559,25.73559,26.48559,25.38559,9.501,0.00279,6291162,171911054.0,-1.3417369513206387,26.08559
HK.00285,比亚迪电子,2021-12-29,25.93559,26.78559,26.83559,25.28559,9.867,0.00169,3814764,106305589.0,4.079953092196452,25.73559
HK.00285,比亚迪电子,2021-12-30,26.83559,26.28559,26.88559,25.88559,9.693,0.00076,1716980,47761568.0,-1.8666753280401889,26.78559
HK.00285,比亚迪电子,2021-12-31,26.78559,27.03559,27.23559,26.28559,9.954,0.00096,2165351,61475962.0,2.853274360590727,26.28559
HK.00285,比亚迪电子,2022-01-03,26.98559,26.58559,26.98559,25.58559,9.797,0.00111,2499893,69437894.0,-1.66447264513184,27.03559
HK.00285,比亚迪电子,2022-01-04,26.93559,26.83559,27.88559,26.23559,9.884,0.00336,7571808,215341248.0,0.9403590441287932,26.58559
HK.00285,比亚迪电子,2022-01-05,26.88559,26.18559,26.88559,25.88559,9.658,0.00279,6275441,174340443.0,-2.4221565465860766,26.83559
HK.00285,比亚迪电子,2022-01-06,25.53559,23.78559,25.88559,22.83559,8.821,0.00927,20880778,530157624.0,-9.16534628396764,26.18559
HK.00285,比亚迪电子,2022-01-07,24.23559,24.63559,24.88559,23.38559,9.117,0.00404,9101833,235602376.0,3.57359224639793,23.78559
HK.00285,比亚迪电子,2022-01-10,24.93559,25.63559,25.98559,24.53559,9.466,0.00361,8130813,220101920.0,4.05916805726999,24.63559
HK.00285,比亚迪电子,2022-01-11,25.68559,25.23559,25.78559,24.53559,9.327,0.00222,5004195,132557420.0,-1.560330774520899,25.63559
HK.00285,比亚迪电子,2022-01-12,25.28559,26.33559,26.33559,25.28559,9.71,0.0033,7439946,204527209.0,4.358923250853265,25.23559
HK.00285,比亚迪电子,2022-01-13,26.48559,25.43559,26.63559,25.08559,9.396,0.00198,4459185,121042737.0,-3.417428658328895,26.33559
HK.00285,比亚迪电子,2022-01-14,25.28559,25.43559,25.63559,23.98559,9.396,0.00178,4010950,106559021.0,0.0,25.43559
HK.00285,比亚迪电子,2022-01-17,25.18559,24.43559,25.43559,24.18559,9.048,0.00382,8617030,224776889.0,-3.931499131728416,25.43559
HK.00285,比亚迪电子,2022-01-18,24.53559,24.73559,25.78559,24.38559,9.152,0.00322,7248620,192871378.0,1.2277174400126911,24.43559
HK.00285,比亚迪电子,2022-01-19,24.83559,23.73559,24.83559,23.53559,8.804,0.00392,8834490,224912058.0,-4.042757823848148,24.73559
HK.00285,比亚迪电子,2022-01-20,23.83559,24.08559,24.28559,23.38559,8.926,0.00488,10999599,278724898.0,1.474578891866608,23.73559
HK.00285,比亚迪电子,2022-01-21,24.08559,24.28559,24.33559,22.63559,8.995,0.00452,10189948,255978513.0,0.8303720191201432,24.08559
HK.00285,比亚迪电子,2022-01-24,23.98559,23.58559,24.23559,23.28559,8.751,0.00286,6435713,162310324.0,-2.88236769211701,24.28559
HK.00285,比亚迪电子,2022-01-25,23.48559,22.48559,23.78559,22.28559,8.368,0.00337,7603954,184696402.0,-4.663864673302646,23.58559
HK.00285,比亚迪电子,2022-01-26,22.93559,22.33559,23.08559,22.18559,8.315,0.00235,5306180,127326774.0,-0.6670939032509202,22.48559
HK.00285,比亚迪电子,2022-01-27,22.33559,21.88559,22.33559,21.38559,8.158,0.00259,5839950,135839600.0,-2.0147217960215036,22.33559
HK.00285,比亚迪电子,2022-01-28,22.28559,21.28559,22.33559,20.48559,7.949,0.00284,6404235,144998991.0,-2.741529929053781,21.88559
HK.00285,比亚迪电子,2022-01-31,21.28559,21.83559,21.93559,21.08559,8.141,0.00078,1762519,40657719.0,2.583907704695997,21.28559
HK.00285,比亚迪电子,2022-02-04,22.03559,22.48559,22.68559,21.63559,8.368,0.0013,2918132,69610550.0,2.976791559101442,21.83559
HK.00285,比亚迪电子,2022-02-07,22.73559,21.53559,22.73559,21.18559,8.036,0.0029,6530127,150933323.0,-4.224928053922532,22.48559
HK.00285,比亚迪电子,2022-02-08,21.53559,21.08559,21.68559,20.73559,7.88,0.00304,6849046,154342852.0,-2.08956429798301,21.53559
HK.00285,比亚迪电子,2022-02-09,21.58559,22.13559,22.48559,21.48559,8.246,0.003,6769052,158636715.0,4.979704148662669,21.08559
HK.00285,比亚迪电子,2022-02-10,22.73559,22.33559,22.73559,21.78559,8.315,0.0018,4045329,95523996.0,0.9035223366533228,22.13559
HK.00285,比亚迪电子,2022-02-11,22.18559,21.78559,22.28559,21.58559,8.124,0.00129,2900856,68005126.0,-2.462437750692956,22.33559
HK.00285,比亚迪电子,2022-02-14,21.68559,21.93559,22.03559,21.08559,8.176,0.00192,4316907,99817634.0,0.6885285181627036,21.78559
HK.00285,比亚迪电子,2022-02-15,21.48559,22.48559,22.53559,21.48559,8.368,0.00209,4708371,111656564.0,2.5073408100716557,21.93559
HK.00285,比亚迪电子,2022-02-16,22.73559,22.73559,22.83559,22.48559,8.455,0.00202,4562383,110430231.0,1.1118231720848777,22.48559
HK.00285,比亚迪电子,2022-02-17,22.83559,23.43559,23.88559,22.78559,8.699,0.00369,8313185,207536943.0,3.0788732555434137,22.73559
HK.00285,比亚迪电子,2022-02-18,23.28559,22.58559,23.33559,22.33559,8.403,0.00249,5600897,136069867.0,-3.626962239909477,23.43559
HK.00285,比亚迪电子,2022-02-21,22.58559,22.38559,22.58559,22.08559,8.333,0.00179,4029521,95924545.0,-0.8855203694036742,22.58559
HK.00285,比亚迪电子,2022-02-22,22.28559,21.38559,22.28559,20.98559,7.984,0.00326,7338802,167277805.0,-4.46715945391656,22.38559
HK.00285,比亚迪电子,2022-02-23,21.38559,21.83559,22.03559,21.23559,8.141,0.00176,3971911,92053060.0,2.1042206457712846,21.38559
HK.00285,比亚迪电子,2022-02-24,21.08559,20.38559,21.63559,20.18559,7.635,0.00354,7974000,176652717.0,-6.640535016457075,21.83559
HK.00285,比亚迪电子,2022-02-25,20.88559,20.78559,21.18559,20.68559,7.775,0.00209,4700103,105583618.0,1.962170336988032,20.38559
HK.00285,比亚迪电子,2022-02-28,20.98559,20.38559,20.98559,19.83559,7.635,0.00201,4528721,98386049.0,-1.9244101322117804,20.78559
HK.00285,比亚迪电子,2022-03-01,20.48559,21.08559,21.83559,20.48559,7.88,0.00335,7540439,171022268.0,3.433798089729065,20.38559
HK.00285,比亚迪电子,2022-03-02,20.58559,20.03559,20.88559,19.83559,7.513,0.0034,7661871,166411309.0,-4.979704148662669,21.08559
HK.00285,比亚迪电子,2022-03-03,20.43559,19.33559,20.43559,19.08559,7.269,0.00387,8727906,183173009.0,-3.493782813483403,20.03559
HK.00285,比亚迪电子,2022-03-04,19.28559,17.98559,19.28559,17.82559,6.799,0.00643,14479192,284996436.0,-6.981943659334943,19.33559
HK.00285,比亚迪电子,2022-03-07,17.30559,17.66559,17.94559,16.48559,6.687,0.00694,15633365,293968681.0,-1.7792021279257269,17.98559
HK.00285,比亚迪电子,2022-03-08,17.78559,17.08559,17.88559,16.68559,6.485,0.00494,11139871,207935583.0,-3.2832189584384204,17.66559
HK.00285,比亚迪电子,2022-03-09,17.46559,16.98559,17.48559,16.32559,6.45,0.00455,10254530,187863326.0,-0.5852885384701461,17.08559
HK.00285,比亚迪电子,2022-03-10,17.48559,17.32559,18.24559,17.08559,6.569,0.00295,6655584,125759518.0,2.0016967323478307,16.98559
HK.00285,比亚迪电子,2022-03-11,16.92559,16.74559,16.98559,15.88559,6.366,0.0073,16443659,294740488.0,-3.3476493441204505,17.32559
HK.00285,比亚迪电子,2022-03-14,16.28559,15.205589999,16.28559,14.40559,5.829,0.00924,20814757,348578053.0,-9.196451131312775,16.74559
HK.00285,比亚迪电子,2022-03-15,15.12559,14.64559,16.48559,14.20559,5.634,0.00775,17457435,293964678.0,-3.6828561011892926,15.205589999
HK.00285,比亚迪电子,2022-03-16,15.66559,16.74559,16.84559,14.66559,6.366,0.00772,17403196,304748011.0,14.338787307305472,14.64559
HK.00285,比亚迪电子,2022-03-17,17.98559,17.84559,18.30559,17.24559,6.75,0.00572,12886643,247658083.0,6.568893660957908,16.74559
HK.00285,比亚迪电子,2022-03-18,17.62559,17.30559,17.62559,16.48559,6.559,0.00411,9255391,172453689.0,-3.025957673576512,17.84559
HK.00285,比亚迪电子,2022-03-21,18.08559,17.10559,18.14559,16.98559,6.49,0.00277,6238388,118690090.0,-1.1556959340883457,17.30559
HK.00285,比亚迪电子,2022-03-22,17.10559,17.84559,17.84559,16.86559,6.747,0.00278,6252839,119067662.0,4.3260711849167555,17.10559
HK.00285,比亚迪电子,2022-03-23,17.84559,17.50559,18.48559,17.28559,6.629,0.00558,12574604,243589258.0,-1.9052326092889045,17.84559
HK.00285,比亚迪电子,2022-03-24,17.46559,16.76559,17.46559,16.64559,6.371,0.005,11275479,208549344.0,-4.227221133363696,17.50559
HK.00285,比亚迪电子,2022-03-25,16.84559,15.40559,17.24559,15.225589999,5.897,0.00876,19741650,344564201.0,-8.111852908248379,16.76559
HK.00285,比亚迪电子,2022-03-28,15.62559,15.62559,16.04559,14.78559,5.974,0.00533,12007061,204272757.0,1.428053063855397,15.40559
HK.00285,比亚迪电子,2022-03-29,15.98559,15.58559,16.12559,15.34559,5.96,0.00455,10240917,175747638.0,-0.2559903338050014,15.62559
HK.00285,比亚迪电子,2022-03-30,15.16559,14.90559,15.18559,14.34559,13.094,0.01361,30655508,498923734.0,-4.363004544582526,15.58559
HK.00285,比亚迪电子,2022-03-31,14.90559,14.28559,15.14559,13.80559,12.599,0.00741,16697582,263012207.0,-4.159513310107155,14.90559
HK.00285,比亚迪电子,2022-04-01,14.02559,14.885589999,15.045589999,13.88559,13.078,0.0039,8777521,142319677.0,4.200036533317849,14.28559
HK.00285,比亚迪电子,2022-04-04,14.98559,15.90559,15.96559,14.96559,13.891,0.00356,8010900,137433417.0,6.852264512649632,14.885589999
HK.00285,比亚迪电子,2022-04-06,15.68559,14.78559,15.68559,14.58559,12.998,0.00613,13814520,226826997.0,-7.041549543273786,15.90559
HK.00285,比亚迪电子,2022-04-07,14.64559,14.36559,15.16559,14.34559,12.663,0.00422,9510745,153709619.0,-2.840603587682331,14.78559
HK.00285,比亚迪电子,2022-04-08,14.28559,14.40559,14.58559,14.08559,12.695,0.00226,5087486,80596730.0,0.2784431408664797,14.36559
HK.00285,比亚迪电子,2022-04-11,14.40559,13.48559,14.40559,13.40559,11.961,0.00425,9568590,145138185.0,-6.386409720115593,14.40559
HK.00285,比亚迪电子,2022-04-12,13.48559,13.52559,13.78559,12.96559,11.993,0.00466,10507531,156527994.0,0.2966129031061981,13.48559
HK.00285,比亚迪电子,2022-04-13,13.58559,13.40559,13.72559,13.30559,11.897,0.00264,5957467,89206854.0,-0.8872071384686304,13.52559
HK.00285,比亚迪电子,2022-04-14,13.66559,13.54559,13.74559,13.34559,12.009,0.0037,8342088,125604004.0,1.0443404579731337,13.40559
HK.00285,比亚迪电子,2022-04-19,13.16559,13.14559,13.64559,13.00559,11.69,0.00348,7836758,115504575.0,-2.952990604322147,13.54559
HK.00285,比亚迪电子,2022-04-20,13.14559,13.34559,13.62559,13.08559,11.85,0.00235,5303265,78766415.0,1.5214227737210675,13.14559
HK.00285,比亚迪电子,2022-04-21,13.28559,12.88559,13.46559,12.76559,11.483,0.00223,5013530,72721636.0,-3.4468315001434866,13.34559
HK.00285,比亚迪电子,2022-04-22,12.88559,12.92559,13.02559,12.34559,11.515,0.00259,5832913,83171598.0,0.3104242801454892,12.88559
HK.00285,比亚迪电子,2022-04-25,12.16559,12.12559,12.92559,11.88559,10.877,0.00346,7802510,107336597.0,-6.189272598001321,12.92559
HK.00285,比亚迪电子,2022-04-26,12.38559,12.08559,12.62559,11.98559,10.845,0.00316,7114301,98085031.0,-0.3298808552821011,12.12559
HK.00285,比亚迪电子,2022-04-27,12.08559,13.70559,13.78559,11.94559,12.137,0.00934,21038715,309351507.0,13.40439316574533,12.08559
HK.00285,比亚迪电子,2022-04-28,13.48559,13.50559,14.08559,13.16559,11.977,0.00545,12280639,184084843.0,-1.4592585944859071,13.70559
HK.00285,比亚迪电子,2022-04-29,13.60559,14.545589999,14.725589999,13.38559,12.807,0.00753,16969328,267992084.0,7.700515112631147,13.50559
HK.00285,比亚迪电子,2022-05-03,14.545589999,14.14559,14.68559,14.08559,12.488,0.00369,8311414,131546692.0,-2.7499743841776096,14.545589999
HK.00285,比亚迪电子,2022-05-04,14.00559,14.12559,14.18559,13.70559,12.472,0.00158,3556241,55122738.0,-0.1413868209102594,14.14559
HK.00285,比亚迪电子,2022-05-05,14.50559,13.44559,14.60559,13.38559,11.929,0.00423,9522035,146668695.0,-4.813958213426848,14.12559
HK.00285,比亚迪电子,2022-05-06,13.24559,12.46559,13.24559,12.34559,11.148,0.00441,9935035,140069369.0,-7.288635158442275,13.44559
HK.00285,比亚迪电子,2022-05-10,12.10559,12.22559,12.46559,11.68559,10.956,0.00505,11385183,155417324.0,-1.9252999657457064,12.46559
HK.00285,比亚迪电子,2022-05-11,12.50559,12.78559,13.22559,12.18559,11.403,0.00445,10026086,144836036.0,4.580556030424697,12.22559
HK.00285,比亚迪电子,2022-05-12,12.78559,12.34559,12.78559,12.14559,11.052,0.00346,7795910,107803022.0,-3.441374234587528,12.78559
HK.00285,比亚迪电子,2022-05-13,12.48559,13.28559,13.42559,12.48559,11.802,0.00441,9946316,145264598.0,7.614054897335806,12.34559
HK.00285,比亚迪电子,2022-05-16,13.44559,13.00559,13.76559,12.80559,11.578,0.0031,6989664,102409381.0,-2.107546597478918,13.28559
HK.00285,比亚迪电子,2022-05-17,13.00559,14.32559,14.48559,13.00559,12.631,0.00675,15204500,236171060.0,10.149481876639202,13.00559
HK.00285,比亚迪电子,2022-05-18,14.32559,14.10559,14.36559,13.86559,12.456,0.00368,8295300,129309925.0,-1.5357133632890558,14.32559
HK.00285,比亚迪电子,2022-05-19,13.48559,13.80559,13.86559,13.30559,12.216,0.0035,7895910,119554361.0,-2.1268163898142434,14.10559
HK.00285,比亚迪电子,2022-05-20,14.04559,14.545589999,14.565589999,13.96559,12.807,0.00353,7942907,126037415.0,5.360147585144858,13.80559
HK.00285,比亚迪电子,2022-05-23,14.62559,14.30559,14.62559,14.08559,12.615,0.00195,4395522,69490271.0,-1.6499846277565913,14.545589999
HK.00285,比亚迪电子,2022-05-24,13.98559,13.56559,14.40559,13.50559,12.025,0.00223,5019693,76914526.0,-5.172803079076083,14.30559
HK.00285,比亚迪电子,2022-05-25,13.56559,13.84559,14.00559,13.46559,12.248,0.00229,5149873,78725153.0,2.0640458689964785,13.56559
HK.00285,比亚迪电子,2022-05-26,13.98559,14.22559,14.565589999,13.46559,12.551,0.00412,9291921,145762599.0,2.7445562088722895,13.84559
HK.00285,比亚迪电子,2022-05-27,14.545589999,14.50559,15.205589999,14.22559,12.775,0.00418,9412640,151025710.0,1.9682839165194508,14.22559
HK.00285,比亚迪电子,2022-05-30,14.80559,14.78559,14.90559,14.52559,12.998,0.00276,6223884,101238050.0,1.9302903225584025,14.50559
HK.00285,比亚迪电子,2022-05-31,14.78559,15.90559,15.94559,14.565589999,13.891,0.0076,17121030,292097762.0,7.574942900486224,14.78559
HK.00285,比亚迪电子,2022-06-01,15.78559,15.58559,15.82559,15.34559,13.636,0.00337,7582105,129682622.0,-2.011871298078225,15.90559
HK.00285,比亚迪电子,2022-06-02,15.32559,15.74559,15.82559,15.30559,13.763,0.00239,5392288,91960027.0,1.0265893046076546,15.58559
HK.00285,比亚迪电子,2022-06-06,15.84559,17.40559,17.58559,15.76559,15.087,0.00804,18121331,331804143.0,10.542634477336197,15.74559
HK.00285,比亚迪电子,2022-06-07,17.00559,16.72559,17.36559,16.48559,14.545,0.00536,12079709,222248514.0,-3.906790864314279,17.40559
HK.00285,比亚迪电子,2022-06-08,16.90559,17.64559,17.84559,16.90559,15.279,0.00763,17202948,326199092.0,5.500553343708641,16.72559
HK.00285,比亚迪电子,2022-06-09,17.88559,16.86559,18.63559,16.74559,14.657,0.00748,16852049,319912956.0,-4.420367921956691,17.64559
HK.00285,比亚迪电子,2022-06-10,16.58559,19.08559,19.23559,16.36559,16.427,0.01073,24175583,480296858.0,13.162895576140524,16.86559
HK.00285,比亚迪电子,2022-06-13,18.44669,18.24669,20.80669,18.18669,15.661,0.02346,52861762,1094626483.0,-4.395462754884701,19.08559
HK.00285,比亚迪电子,2022-06-14,17.88669,17.52669,18.02669,16.88669,15.087,0.01341,30216571,571822626.0,-3.9459211506306207,18.24669
HK.00285,比亚迪电子,2022-06-15,17.86669,18.00669,18.90669,17.60669,15.47,0.0085,19147455,375503781.0,2.738680264214181,17.52669
HK.00285,比亚迪电子,2022-06-16,18.54669,18.46669,19.35669,18.10669,15.837,0.00904,20364819,407907937.0,2.554606093624097,18.00669
HK.00285,比亚迪电子,2022-06-17,18.40669,18.02669,19.00669,17.90669,15.486,0.00787,17733085,349177422.0,-2.3826684695524825,18.46669
HK.00285,比亚迪电子,2022-06-20,18.02669,18.56669,18.85669,17.94669,15.917,0.00529,11922589,236385722.0,2.995558252790738,18.02669
HK.00285,比亚迪电子,2022-06-21,18.60669,19.15669,19.55669,18.28669,16.387,0.00502,11313693,229689478.0,3.1777338879466392,18.56669
HK.00285,比亚迪电子,2022-06-22,18.90669,17.66669,19.45669,17.60669,15.199,0.00817,18411752,361189682.0,-7.777961641598846,19.15669
HK.00285,比亚迪电子,2022-06-23,18.04669,18.36669,18.58669,17.80669,15.757,0.00598,13471801,265074970.0,3.9622589177712366,17.66669
HK.00285,比亚迪电子,2022-06-24,18.36669,18.80669,19.05669,18.24669,16.108,0.00462,10400374,208231533.0,2.3956412396572344,18.36669
HK.00285,比亚迪电子,2022-06-27,18.90669,21.80669,22.90669,18.90669,18.5,0.02159,48646498,1114306286.0,15.951770354060177,18.80669
HK.00285,比亚迪电子,2022-06-28,21.40669,24.60669,24.70669,21.30669,20.733,0.02142,48253827,1210316460.0,12.840096319065392,21.80669
HK.00285,比亚迪电子,2022-06-29,23.90669,24.05669,25.30669,23.35669,20.295,0.01332,30011945,764664000.0,-2.2351645020114477,24.60669
HK.00285,比亚迪电子,2022-06-30,23.85669,23.35669,24.30669,22.95669,19.736,0.00776,17488145,435657892.0,-2.909793491955873,24.05669
HK.00285,比亚迪电子,2022-07-04,23.35669,23.00669,23.80669,22.65669,19.457,0.00473,10647410,261238369.0,-1.498500001498506,23.35669
HK.00285,比亚迪电子,2022-07-05,23.50669,22.30669,23.80669,21.85669,18.899,0.00763,17198929,410199067.0,-3.042593263089994,23.00669
HK.00285,比亚迪电子,2022-07-06,21.85669,21.85669,22.95669,21.25669,18.54,0.00831,18713128,436284336.0,-2.0173320201249014,22.30669
HK.00285,比亚迪电子,2022-07-07,21.65669,21.60669,21.80669,20.20669,18.341,0.01151,25931177,578721915.0,-1.1438145483144977,21.85669
HK.00285,比亚迪电子,2022-07-08,22.15669,21.55669,22.25669,21.20669,18.301,0.00473,10664907,245400907.0,-0.2314098087212836,21.60669
HK.00285,比亚迪电子,2022-07-11,21.60669,20.55669,21.60669,20.10669,17.503,0.00457,10286734,225338797.0,-4.6389311160479645,21.55669
HK.00285,比亚迪电子,2022-07-12,20.50669,19.75669,21.25669,19.15669,16.866,0.00855,19263921,409971561.0,-3.8916771133874217,20.55669
HK.00285,比亚迪电子,2022-07-13,19.60669,19.70669,20.15669,19.10669,16.826,0.00422,9506050,200362393.0,-0.2530788305126046,19.75669
HK.00285,比亚迪电子,2022-07-14,19.70669,21.00669,21.60669,19.65669,17.862,0.00865,19480871,434902760.0,6.596744557305163,19.70669
HK.00285,比亚迪电子,2022-07-15,21.05669,20.95669,22.10669,20.75669,17.822,0.00594,13378880,304431947.0,-0.2380194119111612,21.00669
HK.00285,比亚迪电子,2022-07-18,21.30669,21.55669,21.65669,19.70669,18.301,0.00475,10694972,239766627.0,2.863047551879622,20.95669
HK.00285,比亚迪电子,2022-07-19,21.50669,19.50669,21.50669,19.30669,16.666,0.00777,17501862,375130543.0,-9.509808787898333,21.55669
HK.00285,比亚迪电子,2022-07-20,20.10669,19.80669,20.20669,19.40669,16.905,0.00379,8546457,180926865.0,1.5379339088282058,19.50669
HK.00285,比亚迪电子,2022-07-21,20.05669,19.70669,20.35669,19.60669,16.826,0.00227,5104449,108700102.0,-0.5048799168361873,19.80669
HK.00285,比亚迪电子,2022-07-22,20.05669,19.20669,20.05669,18.60669,16.427,0.00418,9409278,193148432.0,-2.537209445117369,19.70669
HK.00285,比亚迪电子,2022-07-25,18.75669,18.70669,19.20669,18.36669,16.028,0.00455,10241450,204209389.0,-2.6032595934020906,19.20669
HK.00285,比亚迪电子,2022-07-26,18.65669,18.95669,19.10669,18.44669,16.228,0.00331,7454567,150311883.0,1.3364202860046326,18.70669
HK.00285,比亚迪电子,2022-07-27,18.95669,18.90669,19.20669,18.70669,16.188,0.00221,4978900,101333406.0,-0.2637591267251675,18.95669
HK.00285,比亚迪电子,2022-07-28,19.25669,20.05669,20.65669,19.10669,17.105,0.00599,13487018,289960576.0,6.082503071664044,18.90669
HK.00285,比亚迪电子,2022-07-29,20.10669,18.75669,20.10669,18.65669,16.068,0.00497,11209278,228749215.0,-6.481627825927412,20.05669
HK.00285,比亚迪电子,2022-08-01,18.75669,19.30669,19.70669,18.04669,16.507,0.00389,8769532,179903786.0,2.9322870932984486,18.75669
HK.00285,比亚迪电子,2022-08-02,19.25669,18.90669,19.25669,18.14669,16.188,0.00359,8093076,162315574.0,-2.0718207004929305,19.30669
HK.00285,比亚迪电子,2022-08-03,19.10669,18.60669,19.55669,18.52669,15.948,0.00284,6397481,129914519.0,-1.5867399317384518,18.90669
HK.00285,比亚迪电子,2022-08-04,19.15669,20.50669,21.10669,19.15669,17.464,0.00742,16708799,361833345.0,10.211380960289008,18.60669
HK.00285,比亚迪电子,2022-08-05,21.05669,20.80669,21.10669,20.40669,17.703,0.00333,7510543,166481249.0,1.4629372170740411,20.50669
HK.00285,比亚迪电子,2022-08-08,20.40669,21.00669,21.20669,20.40669,17.862,0.00409,9225281,205944578.0,0.9612292969232458,20.80669
HK.00285,比亚迪电子,2022-08-09,21.00669,20.50669,21.15669,20.00669,17.464,0.00282,6364299,138625432.0,-2.3801941191115783,21.00669
HK.00285,比亚迪电子,2022-08-10,20.45669,19.75669,20.45669,19.50669,16.866,0.00277,6250739,132371624.0,-3.6573430426850946,20.50669
HK.00285,比亚迪电子,2022-08-11,20.35669,20.40669,20.50669,19.85669,17.384,0.00328,7380625,159380522.0,3.290024796663825,19.75669
HK.00285,比亚迪电子,2022-08-12,20.55669,20.35669,20.80669,20.10669,17.344,0.00225,5076940,110873010.0,-0.2450176878268877,20.40669
HK.00285,比亚迪电子,2022-08-15,20.60669,20.25669,21.10669,20.15669,17.264,0.0023,5174767,113367546.0,-0.491238998088596,20.35669
HK.00285,比亚迪电子,2022-08-16,20.60669,20.05669,20.60669,19.65669,17.105,0.00172,3879582,83218731.0,-0.9873281370253448,20.25669
HK.00285,比亚迪电子,2022-08-17,20.05669,20.45669,20.85669,19.50669,17.424,0.00319,7194000,156423144.0,1.9943470233622729,20.05669
HK.00285,比亚迪电子,2022-08-18,20.75669,20.20669,20.80669,20.10669,17.224,0.00205,4614474,100371552.0,-1.222094092446041,20.45669
HK.00285,比亚迪电子,2022-08-19,19.90669,20.00669,20.40669,19.80669,17.065,0.00115,2585446,55472916.0,-0.9897712094360792,20.20669
HK.00285,比亚迪电子,2022-08-22,20.00669,19.20669,20.00669,18.60669,16.427,0.00454,10234046,209651704.0,-3.998662447411345,20.00669
HK.00285,比亚迪电子,2022-08-23,19.20669,18.95669,19.20669,18.65669,16.228,0.00192,4327003,87588877.0,-1.3016297967010453,19.20669
HK.00285,比亚迪电子,2022-08-24,19.00669,18.44669,19.15669,18.32669,15.821,0.00236,5310204,106102133.0,-2.690343092596851,18.95669
HK.00285,比亚迪电子,2022-08-25,18.50669,19.20669,19.25669,18.46669,16.427,0.00198,4457138,90763071.0,4.1199803325149285,18.44669
HK.00285,比亚迪电子,2022-08-26,19.40669,19.30669,20.35669,19.10669,16.507,0.00483,10875000,228825316.0,0.5206519186804256,19.20669
HK.00285,比亚迪电子,2022-08-29,19.00669,18.90669,19.10669,18.60669,16.188,0.00188,4226691,85427008.0,-2.0718207004929305,19.30669
HK.00285,比亚迪电子,2022-08-30,18.65669,19.15669,19.40669,17.12669,16.387,0.00885,19934052,390943117.0,1.3222832764487067,18.90669
HK.00285,比亚迪电子,2022-08-31,18.58669,19.50669,19.55669,18.10669,16.666,0.00706,15902222,324011214.0,1.827037969503071,19.15669
HK.00285,比亚迪电子,2022-09-01,19.50669,20.75669,21.40669,19.40669,17.663,0.00982,22121164,486757872.0,6.408057953450842,19.50669
HK.00285,比亚迪电子,2022-09-02,20.65669,20.45669,21.10669,20.15669,17.424,0.00587,13216000,289670499.0,-1.445317148350728,20.75669
HK.00285,比亚迪电子,2022-09-05,20.00669,20.20669,20.45669,19.55669,17.224,0.0038,8566786,184322176.0,-1.222094092446041,20.45669
HK.00285,比亚迪电子,2022-09-06,20.10669,21.20669,21.30669,20.00669,18.022,0.00425,9585027,211923624.0,4.948856047180414,20.20669
HK.00285,比亚迪电子,2022-09-07,21.10669,22.95669,23.30669,20.45669,19.417,0.01152,25950541,615683040.0,8.252112894562991,21.20669
HK.00285,比亚迪电子,2022-09-08,23.30669,22.55669,23.60669,22.35669,19.098,0.00552,12443733,301239245.0,-1.7424114713401568,22.95669
HK.00285,比亚迪电子,2022-09-09,22.65669,22.25669,22.75669,21.90669,18.859,0.00384,8662334,205079863.0,-1.3299823688670669,22.55669
HK.00285,比亚迪电子,2022-09-13,22.80669,23.75669,24.80669,22.40669,20.055,0.01025,23091191,583835530.0,6.739546626205424,22.25669
HK.00285,比亚迪电子,2022-09-14,22.95669,22.60669,23.35669,22.45669,19.138,0.00642,14457833,350694565.0,-4.840741702653015,23.75669
HK.00285,比亚迪电子,2022-09-15,22.60669,22.60669,23.15669,21.90669,19.138,0.00477,10736753,256973789.0,0.0,22.60669
HK.00285,比亚迪电子,2022-09-16,22.40669,21.60669,22.55669,21.40669,18.341,0.00434,9772993,227277131.0,-4.423469335847043,22.60669
HK.00285,比亚迪电子,2022-09-19,21.70669,21.30669,22.10669,20.75669,18.102,0.0039,8783775,199098152.0,-1.388458852327685,21.60669
HK.00285,比亚迪电子,2022-09-20,21.60669,21.55669,22.30669,21.25669,18.301,0.00391,8815306,203562647.0,1.1733403921491323,21.30669
HK.00285,比亚迪电子,2022-09-21,21.30669,20.85669,21.35669,20.45669,17.743,0.0038,8569214,191229193.0,-3.247251781233572,21.55669
HK.00285,比亚迪电子,2022-09-22,20.10669,20.55669,21.15669,20.05669,17.503,0.00282,6354003,139816197.0,-1.4383873951235824,20.85669
HK.00285,比亚迪电子,2022-09-23,20.90669,19.90669,20.90669,19.60669,16.985,0.00277,6243798,133450032.0,-3.16198765462727,20.55669
HK.00285,比亚迪电子,2022-09-26,19.30669,20.05669,20.35669,19.30669,17.105,0.00309,6966352,149007405.0,0.753515526689764,19.90669
HK.00285,比亚迪电子,2022-09-27,20.30669,19.50669,20.50669,19.00669,16.666,0.00485,10918755,227044738.0,-2.742227157123138,20.05669
HK.00285,比亚迪电子,2022-09-28,19.40669,18.50669,19.40669,18.38669,15.869,0.00433,9765281,195533173.0,-5.126446362760674,19.50669
HK.00285,比亚迪电子,2022-09-29,19.20669,17.84669,19.20669,17.58669,15.342,0.00282,6349000,123573097.0,-3.566277924361408,18.50669
HK.00285,比亚迪电子,2022-09-30,17.82669,17.56669,17.84669,17.06669,15.119,0.00241,5425538,102321718.0,-1.5689183820641115,17.84669
HK.00285,比亚迪电子,2022-10-03,17.90669,17.36669,17.90669,17.10669,14.96,0.00118,2653302,49781740.0,-1.1385184118351428,17.56669
HK.00285,比亚迪电子,2022-10-05,18.30669,19.15669,19.15669,18.20669,16.387,0.00309,6956156,140545318.0,10.307087879152578,17.36669
HK.00285,比亚迪电子,2022-10-06,19.15669,18.52669,19.15669,18.20669,15.885,0.0017,3821184,76061105.0,-3.288668345105561,19.15669
HK.00285,比亚迪电子,2022-10-07,18.50669,17.76669,18.50669,17.76669,15.279,0.00161,3636151,70324151.0,-4.102189867698969,18.52669
HK.00285,比亚迪电子,2022-10-10,17.60669,15.666689999,17.60669,15.506689999,13.604,0.0068,15313054,266396950.0,-11.819871911988104,17.76669
HK.00285,比亚迪电子,2022-10-11,15.56669,15.62669,15.96669,15.36669,13.572,0.00359,8082841,138093975.0,-0.2553187623075074,15.666689999
HK.00285,比亚迪电子,2022-10-12,15.62669,16.24669,16.74669,15.14669,14.066,0.0066,14864516,258687283.0,3.967570867534974,15.62669
HK.00285,比亚迪电子,2022-10-13,16.24669,15.74669,16.90669,15.64669,13.668,0.00344,7761421,136196321.0,-3.077549950174477,16.24669
HK.00285,比亚迪电子,2022-10-14,16.40669,16.42669,16.94669,16.02669,14.21,0.00455,10259122,184495968.0,4.318367860166178,15.74669
HK.00285,比亚迪电子,2022-10-17,16.42669,16.80669,17.18669,15.98669,14.513,0.00322,7248050,130755055.0,2.313308402362247,16.42669
HK.00285,比亚迪电子,2022-10-18,17.32669,18.75669,18.90669,17.20669,16.068,0.00644,14521294,285116070.0,11.602522566906387,16.80669
HK.00285,比亚迪电子,2022-10-19,18.80669,17.74669,18.85669,17.72669,15.263,0.00402,9053877,177713530.0,-5.384745389511679,18.75669
HK.00285,比亚迪电子,2022-10-20,17.20669,18.65669,19.00669,17.10669,15.988,0.0064,14417537,284876938.0,5.127716774226631,17.74669
HK.00285,比亚迪电子,2022-10-21,18.95669,18.60669,19.10669,18.32669,15.948,0.00355,7991969,160224747.0,-0.2680003794885411,18.65669
HK.00285,比亚迪电子,2022-10-24,17.96669,17.52669,18.95669,17.26669,15.087,0.00502,11315333,218686520.0,-5.804363914269555,18.60669
HK.00285,比亚迪电子,2022-10-25,17.56669,18.58669,19.10669,16.92669,15.933,0.00551,12419682,244528828.0,6.047918916806324,17.52669
HK.00285,比亚迪电子,2022-10-26,18.58669,19.70669,19.90669,18.48669,16.826,0.00578,13012631,271922654.0,6.025817399440124,18.58669
HK.00285,比亚迪电子,2022-10-27,20.50669,19.65669,20.50669,19.60669,16.786,0.00483,10891502,232736861.0,-0.2537209445117224,19.70669
HK.00285,比亚迪电子,2022-10-28,19.90669,18.70669,19.90669,18.52669,16.028,0.00424,9564743,195209927.0,-4.832960177934345,19.65669
HK.00285,比亚迪电子,2022-10-31,19.00669,21.40669,22.10669,19.00669,18.181,0.01176,26490568,596799711.0,14.433339088850047,18.70669
HK.00285,比亚迪电子,2022-11-01,21.35669,22.40669,22.75669,21.25669,18.979,0.00897,20219171,476884429.0,4.671436826524792,21.40669
HK.00285,比亚迪电子,2022-11-02,22.40669,22.90669,23.10669,21.85669,19.377,0.00463,10426793,251256241.0,2.231476402806483,22.40669
HK.00285,比亚迪电子,2022-11-03,22.10669,21.60669,23.70669,21.40669,18.341,0.00767,17287574,406554822.0,-5.675197944355997,22.90669
HK.00285,比亚迪电子,2022-11-04,21.80669,22.90669,23.40669,21.60669,19.377,0.00786,17704813,426114990.0,6.016655026753291,21.60669
HK.00285,比亚迪电子,2022-11-07,22.60669,23.40669,23.70669,22.00669,19.776,0.00553,12450399,305779897.0,2.1827684401369205,22.90669
HK.00285,比亚迪电子,2022-11-08,23.40669,22.00669,23.60669,21.55669,18.66,0.00631,14217251,335100337.0,-5.981195974313335,23.40669
HK.00285,比亚迪电子,2022-11-09,22.75669,21.35669,23.10669,21.05669,18.141,0.0063,14202403,329321140.0,-2.953647277259772,22.00669
HK.00285,比亚迪电子,2022-11-10,21.20669,21.30669,22.10669,20.30669,18.102,0.00397,8935907,204143091.0,-0.2341186766301365,21.35669
HK.00285,比亚迪电子,2022-11-11,23.00669,23.15669,23.35669,22.00669,19.577,0.00697,15714669,377774808.0,8.682718901903588,21.30669
HK.00285,比亚迪电子,2022-11-14,24.10669,22.90669,24.10669,22.60669,19.377,0.00654,14746394,361542492.0,-1.07960161836601,23.15669
HK.00285,比亚迪电子,2022-11-15,23.05669,23.30669,23.70669,21.90669,19.696,0.00672,15140100,368403085.0,1.7462147521095304,22.90669
HK.00285,比亚迪电子,2022-11-16,23.00669,23.15669,24.60669,22.85669,19.577,0.00585,13177723,327336892.0,-0.6435920330171233,23.30669
HK.00285,比亚迪电子,2022-11-17,23.10669,22.40669,23.10669,21.60669,18.979,0.0051,11487838,269022703.0,-3.2388048550980297,23.15669
HK.00285,比亚迪电子,2022-11-18,22.40669,21.65669,22.95669,21.40669,18.381,0.00325,7320422,172404847.0,-3.347214604209724,22.40669
HK.00285,比亚迪电子,2022-11-21,21.65669,21.10669,21.65669,20.65669,17.942,0.00214,4823046,108279668.0,-2.5396309408316813,21.65669
HK.00285,比亚迪电子,2022-11-22,20.80669,20.50669,21.35669,20.35669,17.464,0.00268,6048757,134117175.0,-2.842700584506625,21.10669
HK.00285,比亚迪电子,2022-11-23,20.50669,20.55669,21.05669,20.15669,17.503,0.00214,4814389,105337834.0,0.2438228695123431,20.50669
HK.00285,比亚迪电子,2022-11-24,20.80669,21.70669,21.85669,20.80669,18.421,0.00362,8166518,186880606.0,5.594285850494407,20.55669
HK.00285,比亚迪电子,2022-11-25,21.70669,21.65669,22.40669,21.25669,18.381,0.00248,5590127,130182135.0,-0.2303437327386034,21.70669
HK.00285,比亚迪电子,2022-11-28,20.75669,21.95669,22.00669,20.45669,18.62,0.00315,7104568,162270213.0,1.3852532404536295,21.65669
HK.00285,比亚迪电子,2022-11-29,21.90669,23.15669,23.20669,21.90669,19.577,0.00458,10320000,248686996.0,5.465304652021788,21.95669
HK.00285,比亚迪电子,2022-11-30,23.15669,24.00669,24.00669,22.65669,20.255,0.0055,12382751,309268289.0,3.670645502444424,23.15669
HK.00285,比亚迪电子,2022-12-01,24.60669,23.75669,25.00669,23.20669,20.055,0.00594,13377635,337342190.0,-1.0413763829999054,24.00669
HK.00285,比亚迪电子,2022-12-02,23.60669,23.90669,24.50669,23.40669,20.175,0.00417,9404428,237779038.0,0.631401091650403,23.75669
HK.00285,比亚迪电子,2022-12-05,24.30669,24.65669,24.80669,23.90669,20.773,0.00568,12800798,330901715.0,3.1371971611293743,23.90669
HK.00285,比亚迪电子,2022-12-06,24.45669,25.40669,26.70669,24.10669,21.371,0.00808,18215647,493904638.0,3.041770813519576,24.65669
HK.00285,比亚迪电子,2022-12-07,26.00669,23.65669,26.00669,23.55669,19.976,0.00554,12474633,326922073.0,-6.887949591229711,25.40669
HK.00285,比亚迪电子,2022-12-08,23.80669,24.85669,25.05669,23.80669,20.933,0.0024,5407083,140515774.0,5.07256086967365,23.65669
HK.00285,比亚迪电子,2022-12-09,24.85669,25.85669,26.05669,24.85669,21.73,0.00394,8880596,240588098.0,4.02306179945922,24.85669
HK.00285,比亚迪电子,2022-12-12,25.15669,25.55669,26.10669,25.05669,21.491,0.00263,5915122,160275091.0,-1.160241314723581,25.85669
HK.00285,比亚迪电子,2022-12-13,25.50669,25.70669,26.45669,25.15669,21.61,0.00244,5501378,149362027.0,0.5869304671301274,25.55669
HK.00285,比亚迪电子,2022-12-14,26.10669,26.05669,26.30669,25.35669,21.889,0.00168,3776177,102590098.0,1.3615132870081736,25.70669
HK.00285,比亚迪电子,2022-12-15,25.60669,24.90669,26.00669,24.80669,20.972,0.00243,5484264,145752959.0,-4.413453896101149,26.05669
HK.00285,比亚迪电子,2022-12-16,25.35669,25.35669,25.60669,24.50669,21.331,0.00399,8993179,239492885.0,1.806743489399833,24.90669
HK.00285,比亚迪电子,2022-12-19,25.55669,25.45669,25.75669,25.05669,21.411,0.00196,4408149,118192689.0,0.3943732403558897,25.35669
HK.00285,比亚迪电子,2022-12-20,25.10669,24.90669,25.65669,24.70669,20.972,0.00126,2836705,74668778.0,-2.160532260871296,25.45669
HK.00285,比亚迪电子,2022-12-21,25.00669,25.15669,25.45669,24.80669,21.172,0.00129,2916409,77602559.0,1.003746382999909,24.90669
HK.00285,比亚迪电子,2022-12-22,25.35669,25.55669,26.00669,25.10669,21.491,0.0041,9237982,249603517.0,1.5900343010149527,25.15669
HK.00285,比亚迪电子,2022-12-23,25.55669,22.75669,25.55669,22.60669,19.258,0.00982,22128660,547273368.0,-10.956035386429154,25.55669
HK.00285,比亚迪电子,2022-12-28,23.25669,23.65669,24.25669,23.05669,19.976,0.00378,8516790,213629943.0,3.9548809602802617,22.75669
HK.00285,比亚迪电子,2022-12-29,23.55669,23.35669,23.65669,23.00669,19.736,0.00139,3128283,77068493.0,-1.2681402174184162,23.65669
HK.00285,比亚迪电子,2022-12-30,24.20669,23.70669,24.20669,23.45669,20.015,0.00137,3087487,77706828.0,1.4985000014984908,23.35669
HK.00285,比亚迪电子,2023-01-03,23.60669,24.20669,24.20669,22.90669,20.414,0.00154,3469825,87362386.0,2.1091092851848994,23.70669
HK.00285,比亚迪电子,2023-01-04,24.20669,23.15669,24.50669,22.65669,19.577,0.00515,11605317,284950914.0,-4.337643849696085,24.20669
HK.00285,比亚迪电子,2023-01-05,23.45669,23.45669,24.05669,23.15669,19.816,0.00304,6845515,171133123.0,1.2955219420391997,23.15669
HK.00285,比亚迪电子,2023-01-06,23.75669,23.05669,23.75669,22.75669,19.497,0.00234,5267278,129219280.0,-1.705270436706963,23.45669
HK.00285,比亚迪电子,2023-01-09,23.10669,23.25669,23.75669,23.00669,19.657,0.00242,5444298,134820650.0,0.8674271979195595,23.05669
HK.00285,比亚迪电子,2023-01-10,23.25669,23.90669,24.25669,23.25669,20.175,0.00282,6359256,160379613.0,2.794894716316046,23.25669
HK.00285,比亚迪电子,2023-01-11,24.05669,23.65669,24.35669,23.40669,19.976,0.00204,4588365,116279152.0,-1.0457323870431248,23.90669
HK.00285,比亚迪电子,2023-01-12,23.70669,24.05669,24.90669,23.60669,20.295,0.00334,7536050,192349617.0,1.6908536232245446,23.65669
HK.00285,比亚迪电子,2023-01-13,24.10669,24.25669,24.40669,23.65669,20.454,0.00158,3568636,90798836.0,0.8313695691302473,24.05669
HK.00285,比亚迪电子,2023-01-16,24.25669,24.00669,24.90669,23.80669,20.255,0.00241,5422231,139368220.0,-1.0306435049464704,24.25669
HK.00285,比亚迪电子,2023-01-17,24.05669,23.90669,24.80669,23.70669,20.175,0.00228,5128940,131008246.0,-0.4165505531999532,24.00669
HK.00285,比亚迪电子,2023-01-18,24.00669,24.80669,24.80669,23.70669,20.893,0.00238,5353345,138619805.0,3.764636593355243,23.90669
HK.00285,比亚迪电子,2023-01-19,24.80669,24.60669,24.80669,24.20669,20.733,0.00083,1876332,48612357.0,-0.8062341247461845,24.80669
HK.00285,比亚迪电子,2023-01-20,24.40669,25.55669,25.60669,24.40669,21.491,0.00198,4465971,119440365.0,3.860738685292493,24.60669
HK.00285,比亚迪电子,2023-01-26,25.55669,26.80669,26.95669,25.55669,22.488,0.00264,5946876,165862656.0,4.8910872260844425,25.55669
HK.00285,比亚迪电子,2023-01-27,27.05669,26.85669,27.70669,26.50669,22.527,0.00182,4105597,116628788.0,0.1865206036254409,26.80669
HK.00285,比亚迪电子,2023-01-30,26.60669,25.75669,26.80669,25.65669,21.65,0.00366,8252302,226945014.0,-4.0958137432423785,26.85669
HK.00285,比亚迪电子,2023-01-31,26.10669,25.65669,26.50669,25.20669,21.57,0.00336,7578703,205543082.0,-0.3882486453034061,25.75669
HK.00285,比亚迪电子,2023-02-01,26.00669,26.75669,26.75669,25.50669,22.448,0.00322,7255788,201319052.0,4.287380796197787,25.65669
HK.00285,比亚迪电子,2023-02-02,27.00669,26.50669,27.60669,26.30669,22.248,0.00217,4878614,138265796.0,-0.93434576548893,26.75669
HK.00285,比亚迪电子,2023-02-03,26.40669,26.25669,26.80669,26.00669,22.049,0.00144,3241254,89751654.0,-0.943158123477507,26.50669
HK.00285,比亚迪电子,2023-02-06,26.00669,25.30669,26.00669,25.20669,21.291,0.00138,3113533,83669866.0,-3.618125513916641,26.25669
HK.00285,比亚迪电子,2023-02-07,25.60669,25.55669,26.30669,25.45669,21.491,0.00174,3923454,106799785.0,0.987881070183418,25.30669
HK.00285,比亚迪电子,2023-02-08,25.70669,25.20669,26.20669,25.20669,21.212,0.00134,3018875,80927878.0,-1.3695044233036493,25.55669
HK.00285,比亚迪电子,2023-02-09,25.10669,26.65669,26.90669,24.80669,22.368,0.00225,5078979,139534690.0,5.75244111781437,25.20669
HK.00285,比亚迪电子,2023-02-10,26.65669,26.05669,26.75669,25.80669,21.889,0.00161,3636530,100495603.0,-2.2508420962992832,26.65669
HK.00285,比亚迪电子,2023-02-13,26.20669,25.20669,26.20669,24.90669,21.212,0.0024,5411806,143863120.0,-3.2621180971182504,26.05669
HK.00285,比亚迪电子,2023-02-14,25.25669,24.90669,25.30669,24.70669,20.972,0.00126,2829539,74432636.0,-1.1901602312719248,25.20669
HK.00285,比亚迪电子,2023-02-15,25.60669,24.75669,25.60669,24.60669,20.853,0.00168,3775222,99464843.0,-0.6022478297999538,24.90669
HK.00285,比亚迪电子,2023-02-16,25.10669,25.15669,25.80669,24.90669,21.172,0.00177,3989979,106639596.0,1.6157248808302005,24.75669
HK.00285,比亚迪电子,2023-02-17,25.15669,24.70669,25.40669,24.40669,20.813,0.00178,4014222,104738659.0,-1.7887885886418395,25.15669
HK.00285,比亚迪电子,2023-02-20,24.70669,24.40669,24.75669,23.80669,20.574,0.00231,5214849,133640782.0,-1.2142460200050964,24.70669
HK.00285,比亚迪电子,2023-02-21,24.50669,23.95669,24.75669,23.80669,20.215,0.0013,2925495,74923464.0,-1.84375677324538,24.40669
HK.00285,比亚迪电子,2023-02-22,23.95669,23.40669,24.20669,23.20669,19.776,0.00185,4178218,104156151.0,-2.295809646491219,23.95669
HK.00285,比亚迪电子,2023-02-23,23.40669,23.75669,24.20669,23.00669,20.055,0.00239,5375564,134711995.0,1.4952989935783223,23.40669
HK.00285,比亚迪电子,2023-02-24,23.70669,23.60669,24.25669,23.45669,19.936,0.00286,6448426,162703527.0,-0.631401091650388,23.75669
HK.00285,比亚迪电子,2023-02-27,23.10669,21.85669,23.20669,21.40669,18.54,0.00552,12427100,290036390.0,-7.41315279694019,23.60669
HK.00285,比亚迪电子,2023-02-28,21.90669,21.45669,22.25669,21.10669,18.221,0.00353,7948200,182130913.0,-1.830103277303206,21.85669
HK.00285,比亚迪电子,2023-03-01,21.70669,23.10669,23.40669,21.40669,19.537,0.00359,8084376,194694371.0,7.689909301015218,21.45669
HK.00285,比亚迪电子,2023-03-02,22.80669,23.00669,23.50669,22.80669,19.457,0.0013,2922949,71434279.0,-0.4327750967360596,23.10669
HK.00285,比亚迪电子,2023-03-03,23.50669,23.00669,23.50669,22.75669,19.457,0.00145,3263506,79745486.0,0.0,23.00669
HK.00285,比亚迪电子,2023-03-06,22.80669,22.70669,23.20669,22.15669,19.218,0.00183,4116439,98659041.0,-1.3039685413242874,23.00669
HK.00285,比亚迪电子,2023-03-07,22.70669,22.80669,23.30669,22.40669,19.298,0.00225,5059011,122278678.0,0.4403988428080069,22.70669
HK.00285,比亚迪电子,2023-03-08,22.25669,21.95669,22.25669,21.70669,18.62,0.00194,4375328,102027901.0,-3.726976602040899,22.80669
HK.00285,比亚迪电子,2023-03-09,21.95669,21.45669,22.20669,21.40669,18.221,0.00187,4207874,97497600.0,-2.27721027167574,21.95669
HK.00285,比亚迪电子,2023-03-10,21.30669,20.15669,21.30669,19.80669,17.185,0.00813,18309616,396782133.0,-6.058716418981666,21.45669
HK.00285,比亚迪电子,2023-03-13,20.55669,20.00669,20.60669,19.70669,17.065,0.00473,10652474,228826141.0,-0.7441698016886806,20.15669
HK.00285,比亚迪电子,2023-03-14,20.00669,18.80669,20.05669,18.60669,16.108,0.00467,10517993,215139894.0,-5.997993671117008,20.00669
HK.00285,比亚迪电子,2023-03-15,19.20669,19.35669,19.85669,18.95669,16.547,0.00311,6999593,145111321.0,2.924491231577703,18.80669
HK.00285,比亚迪电子,2023-03-16,19.35669,19.00669,19.55669,18.70669,16.267,0.00215,4833989,99135970.0,-1.8081603827927264,19.35669
HK.00285,比亚迪电子,2023-03-17,19.10669,20.20669,20.30669,19.10669,17.224,0.00354,7985095,169832119.0,6.313566433713599,19.00669
HK.00285,比亚迪电子,2023-03-20,20.40669,19.35669,20.40669,19.00669,16.547,0.0026,5857868,121836695.0,-4.206527640103342,20.20669
HK.00285,比亚迪电子,2023-03-21,19.60669,20.05669,20.15669,18.90669,17.105,0.00183,4127503,87101756.0,3.6163207655854346,19.35669
HK.00285,比亚迪电子,2023-03-22,20.20669,21.20669,21.45669,20.20669,18.022,0.00412,9281513,208023247.0,5.733747692166547,20.05669
HK.00285,比亚迪电子,2023-03-23,21.20669,22.00669,22.10669,21.00669,18.66,0.0031,6980831,161454467.0,3.7723944660859416,21.20669
HK.00285,比亚迪电子,2023-03-24,22.00669,22.40669,22.65669,21.80669,18.979,0.00333,7495139,177480748.0,1.817629093698335,22.00669
HK.00285,比亚迪电子,2023-03-27,22.45669,21.50669,22.45669,21.35669,18.261,0.00214,4825494,111076969.0,-4.016657525051679,22.40669
HK.00285,比亚迪电子,2023-03-28,21.95669,21.80669,22.10669,21.45669,18.5,0.00173,3902724,90546672.0,1.394914791629957,21.50669
HK.00285,比亚迪电子,2023-03-29,22.20669,21.10669,22.35669,20.90669,24.377,0.00412,9284410,210285715.0,-3.2100240797663435,21.80669
HK.00285,比亚迪电子,2023-03-30,21.45669,21.25669,21.70669,20.90669,24.539,0.0039,8793750,198407294.0,0.7106751461266478,21.10669
HK.00285,比亚迪电子,2023-03-31,21.55669,23.00669,23.80669,21.55669,26.435,0.00798,17989726,439612234.0,8.232702269262054,21.25669
HK.00285,比亚迪电子,2023-04-03,23.20669,23.65669,23.85669,22.65669,27.139,0.00526,11854200,292140621.0,2.825265172869292,23.00669
HK.00285,比亚迪电子,2023-04-04,24.00669,22.95669,24.00669,22.60669,26.381,0.00359,8092365,197394133.0,-2.9589938406429757,23.65669
HK.00285,比亚迪电子,2023-04-06,22.80669,23.10669,23.20669,22.30669,26.543,0.00259,5838235,141204421.0,0.6534043017525704,22.95669
HK.00285,比亚迪电子,2023-04-11,23.50669,22.95669,23.65669,22.55669,26.381,0.00238,5359835,130165901.0,-0.6491626451040894,23.10669
HK.00285,比亚迪电子,2023-04-12,23.15669,22.60669,23.15669,22.40669,26.002,0.00212,4778585,114661967.0,-1.5246100374226332,22.95669
HK.00285,比亚迪电子,2023-04-13,22.60669,22.25669,22.60669,21.60669,25.622,0.00249,5620825,131040216.0,-1.5482142675464714,22.60669
HK.00285,比亚迪电子,2023-04-14,22.25669,22.55669,22.65669,22.00669,25.947,0.00138,3111960,73993993.0,1.347909325241088,22.25669
HK.00285,比亚迪电子,2023-04-17,22.40669,22.35669,22.60669,22.15669,25.731,0.00138,3118234,74069102.0,-0.8866549125780391,22.55669
HK.00285,比亚迪电子,2023-04-18,22.30669,22.20669,22.30669,21.85669,25.568,0.00143,3225734,75788775.0,-0.6709401078603412,22.35669
HK.00285,比亚迪电子,2023-04-19,22.10669,21.70669,22.25669,21.65669,25.027,0.00108,2426613,56494262.0,-2.2515737374638007,22.20669
HK.00285,比亚迪电子,2023-04-20,21.70669,22.65669,22.75669,21.70669,26.056,0.00158,3569048,85141489.0,4.376530922033727,21.70669
HK.00285,比亚迪电子,2023-04-21,22.65669,21.40669,22.80669,21.15669,24.702,0.00209,4711376,108358507.0,-5.517134232758624,22.65669
HK.00285,比亚迪电子,2023-04-24,21.40669,21.20669,21.60669,20.85669,24.485,0.00115,2596399,58406834.0,-0.9342873653049716,21.40669
HK.00285,比亚迪电子,2023-04-25,21.10669,20.25669,21.10669,20.05669,23.456,0.00233,5242226,113603982.0,-4.479718428477049,21.20669
HK.00285,比亚迪电子,2023-04-26,20.00669,20.75669,20.95669,19.95669,23.997,0.00116,2617344,57802326.0,2.4683203425633704,20.25669
HK.00285,比亚迪电子,2023-04-27,20.40669,21.10669,21.20669,20.40669,24.377,0.00133,2996377,67032371.0,1.686203339742519,20.75669
HK.00285,比亚迪电子,2023-04-28,22.10669,22.25669,23.00669,21.95669,25.622,0.00398,8970364,214223454.0,5.448509453637679,21.10669
HK.00285,比亚迪电子,2023-05-02,22.80669,21.85669,22.80669,21.65669,25.189,0.00142,3206077,75149049.0,-1.7972124336547732,22.25669
HK.00285,比亚迪电子,2023-05-03,21.85669,21.80669,22.00669,21.10669,25.135,0.00107,2405898,55196606.0,-0.2287629096629028,21.85669
HK.00285,比亚迪电子,2023-05-04,22.20669,21.70669,22.20669,21.35669,25.027,0.00126,2836443,65503582.0,-0.4585748685380561,21.80669
HK.00285,比亚迪电子,2023-05-05,21.70669,21.95669,22.20669,21.50669,25.297,0.0011,2488862,58027167.0,1.1517186636930827,21.70669
HK.00285,比亚迪电子,2023-05-08,22.10669,22.20669,22.50669,21.50669,25.568,0.00264,5939128,138550385.0,1.13860513583787,21.95669
HK.00285,比亚迪电子,2023-05-09,22.55669,22.25669,22.75669,22.00669,25.622,0.00163,3672457,87298377.0,0.2251573737463832,22.20669
HK.00285,比亚迪电子,2023-05-10,22.50669,22.90669,23.10669,22.00669,26.327,0.00173,3899759,94042082.0,2.920470204689027,22.25669
HK.00285,比亚迪电子,2023-05-11,22.80669,22.90669,23.00669,22.45669,26.327,0.00119,2673898,64503323.0,0.0,22.90669
HK.00285,比亚迪电子,2023-05-12,23.00669,22.50669,23.50669,22.35669,25.893,0.00239,5382599,130939445.0,-1.746214752109546,22.90669
HK.00285,比亚迪电子,2023-05-15,22.60669,22.20669,22.60669,21.30669,25.568,0.0018,4051069,94358077.0,-1.332937006730002,22.50669
HK.00285,比亚迪电子,2023-05-16,22.20669,22.40669,22.80669,22.10669,25.785,0.00073,1643268,39133785.0,0.9006294949855329,22.20669
HK.00285,比亚迪电子,2023-05-17,22.60669,21.95669,22.80669,21.90669,25.297,0.00089,2003334,47219390.0,-2.0083287625258475,22.40669
HK.00285,比亚迪电子,2023-05-18,22.40669,22.50669,22.95669,22.20669,25.893,0.00146,3295988,79149153.0,2.5049312988433172,21.95669
HK.00285,比亚迪电子,2023-05-19,22.60669,22.60669,23.00669,22.20669,26.002,0.00167,3763486,90726473.0,0.4443123355766726,22.50669
HK.00285,比亚迪电子,2023-05-22,22.80669,22.30669,22.90669,22.30669,25.677,0.00063,1410219,33663413.0,-1.327040800754116,22.60669
HK.00285,比亚迪电子,2023-05-23,22.10669,21.80669,22.55669,21.60669,25.135,0.00166,3741954,87266501.0,-2.2414800223610047,22.30669
HK.00285,比亚迪电子,2023-05-24,21.70669,21.30669,21.80669,21.10669,24.593,0.00157,3528955,80116261.0,-2.292874342690248,21.80669
HK.00285,比亚迪电子,2023-05-25,21.30669,20.80669,21.45669,20.50669,24.052,0.00145,3270255,73025871.0,-2.346680784298265,21.30669
HK.00285,比亚迪电子,2023-05-29,21.50669,21.40669,21.85669,20.95669,24.702,0.00157,3529499,80766358.0,2.8836878907697545,20.80669
HK.00285,比亚迪电子,2023-05-30,21.40669,21.60669,21.95669,21.35669,24.918,0.00119,2686361,62121984.0,0.934287365304955,21.40669
HK.00285,比亚迪电子,2023-05-31,21.60669,21.40669,21.60669,20.85669,24.702,0.00458,10328426,234951018.0,-0.925639234885118,21.60669
HK.00285,比亚迪电子,2023-06-01,21.40669,21.75669,22.20669,21.40669,25.081,0.00168,3788203,88041098.0,1.6350028892836672,21.40669
HK.00285,比亚迪电子,2023-06-02,21.85669,22.75669,22.95669,21.75669,26.164,0.0037,8341756,199855031.0,4.596287394819709,21.75669
HK.00285,比亚迪电子,2023-06-05,22.75669,22.75669,23.00669,22.50669,26.164,0.00172,3881499,93823636.0,0.0,22.75669
HK.00285,比亚迪电子,2023-06-06,22.60669,22.30669,23.05669,22.05669,25.677,0.00159,3578707,85461280.0,-1.9774404801401229,22.75669
HK.00285,比亚迪电子,2023-06-07,22.30669,22.75669,22.90669,22.30669,26.164,0.00191,4306811,103839584.0,2.0173320201249014,22.30669
HK.00285,比亚迪电子,2023-06-08,22.65669,22.05669,22.65669,21.90669,25.406,0.00154,3474501,81750369.0,-3.076018524662415,22.75669
HK.00285,比亚迪电子,2023-06-09,22.30669,22.50669,22.80669,22.10669,25.893,0.00115,2585467,61895063.0,2.04019732788555,22.05669
HK.00285,比亚迪电子,2023-06-12,22.60669,22.75669,22.90669,22.55669,26.164,0.00125,2826238,68146229.0,1.1107808389416658,22.50669
HK.00285,比亚迪电子,2023-06-13,22.83877,24.48877,24.73877,22.78877,27.843,0.0043,9693445,244511416.0,7.611300237424687,22.75669
HK.00285,比亚迪电子,2023-06-14,24.43877,23.78877,24.48877,23.58877,27.085,0.00234,5274356,132563796.0,-2.858453078696886,24.48877
HK.00285,比亚迪电子,2023-06-15,24.23877,23.93877,24.23877,23.63877,27.248,0.00217,4895866,122644701.0,0.6305496248860372,23.78877
HK.00285,比亚迪电子,2023-06-16,23.93877,23.53877,24.03877,23.03877,26.814,0.0047,10590076,261820062.0,-1.6709296258746884,23.93877
HK.00285,比亚迪电子,2023-06-19,23.53877,23.23877,23.53877,22.78877,26.489,0.00176,3976056,96893829.0,-1.2744931022309185,23.53877
HK.00285,比亚迪电子,2023-06-20,22.83877,23.08877,23.18877,22.48877,26.327,0.00137,3079349,74214822.0,-0.6454730607514881,23.23877
HK.00285,比亚迪电子,2023-06-21,22.63877,22.08877,22.88877,21.98877,25.243,0.00161,3620110,85328987.0,-4.331109885888248,23.08877
HK.00285,比亚迪电子,2023-06-23,22.78877,21.48877,22.78877,21.28877,24.593,0.00105,2359028,53778559.0,-2.716312406711652,22.08877
HK.00285,比亚迪电子,2023-06-26,21.48877,21.83877,22.03877,21.48877,24.972,0.00138,3108000,71435954.0,1.6287577185664954,21.48877
HK.00285,比亚迪电子,2023-06-27,21.73877,22.58877,22.73877,21.73877,25.785,0.00182,4106609,97075952.0,3.4342593470236644,21.83877
HK.00285,比亚迪电子,2023-06-28,22.78877,22.78877,22.93877,22.43877,26.002,0.00142,3207325,76854382.0,0.8853957076901455,22.58877
HK.00285,比亚迪电子,2023-06-29,22.78877,22.58877,22.98877,22.43877,25.785,0.00096,2165786,51739586.0,-0.8776252513847798,22.78877
HK.00285,比亚迪电子,2023-06-30,22.88877,22.48877,22.88877,22.18877,25.677,0.00121,2718500,64454884.0,-0.4426978538450806,22.58877
HK.00285,比亚迪电子,2023-07-03,22.48877,23.33877,23.48877,22.38877,26.598,0.00172,3883921,94873966.0,3.779664250201329,22.48877
HK.00285,比亚迪电子,2023-07-04,23.38877,23.88877,24.48877,23.33877,27.193,0.00353,7947407,199938259.0,2.356593770794265,23.33877
HK.00285,比亚迪电子,2023-07-05,23.78877,22.98877,23.78877,22.73877,26.218,0.00155,3485270,84640728.0,-3.767460610152813,23.88877
HK.00285,比亚迪电子,2023-07-06,22.83877,23.53877,23.98877,22.58877,26.814,0.00244,5504566,135982436.0,2.3924724985286328,22.98877
HK.00285,比亚迪电子,2023-07-07,23.68877,23.38877,23.78877,22.88877,26.652,0.00165,3722759,91726066.0,-0.6372465511154516,23.53877
HK.00285,比亚迪电子,2023-07-10,23.78877,23.78877,24.03877,23.38877,27.085,0.00178,4003314,99940167.0,1.7102224700144493,23.38877
HK.00285,比亚迪电子,2023-07-11,23.78877,23.63877,23.98877,23.43877,26.923,0.00204,4601041,114508379.0,-0.6305496248860222,23.78877
HK.00285,比亚迪电子,2023-07-12,23.63877,23.68877,24.18877,23.48877,26.977,0.00155,3495313,87734817.0,0.2115169274881929,23.63877
HK.00285,比亚迪电子,2023-07-13,24.08877,24.03877,24.13877,23.68877,27.356,0.00131,2950287,74230466.0,1.4774933438924769,23.68877
HK.00285,比亚迪电子,2023-07-14,24.13877,24.13877,24.33877,23.73877,27.464,0.00184,4139569,104977153.0,0.4159946619565037,24.03877
HK.00285,比亚迪电子,2023-07-18,25.38877,25.68877,26.08877,25.08877,29.144,0.00752,16935465,455115172.0,6.421205388675564,24.13877
HK.00285,比亚迪电子,2023-07-19,25.78877,26.53877,26.63877,25.68877,30.065,0.00598,13475674,371320037.0,3.308838842809515,25.68877
HK.00285,比亚迪电子,2023-07-20,26.73877,26.48877,27.43877,26.18877,30.01,0.00362,8153418,227879308.0,-0.1884036072508285,26.53877
HK.00285,比亚迪电子,2023-07-21,26.73877,25.93877,26.73877,25.63877,29.414,0.0033,7430166,201775166.0,-2.076351601074709,26.48877
HK.00285,比亚迪电子,2023-07-24,26.28877,26.23877,26.33877,25.53877,29.739,0.00205,4615657,126119965.0,1.1565698759038965,25.93877
HK.00285,比亚迪电子,2023-07-25,27.18877,26.88877,27.38877,26.33877,30.444,0.0031,6986769,195968229.0,2.4772502674477583,26.23877
HK.00285,比亚迪电子,2023-07-26,26.78877,27.38877,27.63877,26.48877,30.985,0.00293,6595158,188140233.0,1.8595123540422265,26.88877
HK.00285,比亚迪电子,2023-07-27,27.68877,27.93877,28.63877,27.03877,31.581,0.00477,10742280,313325279.0,2.0081223070623495,27.38877
HK.00285,比亚迪电子,2023-07-28,27.73877,28.78877,29.18877,27.48877,32.502,0.00421,9481407,283890261.0,3.042367291043943,27.93877
HK.00285,比亚迪电子,2023-07-31,29.28877,28.68877,29.78877,28.28877,32.394,0.00347,7812468,235169041.0,-0.3473576675905148,28.78877
HK.00285,比亚迪电子,2023-08-01,29.08877,29.33877,29.58877,28.43877,33.098,0.00239,5375593,163291692.0,2.2656949043127277,28.68877
HK.00285,比亚迪电子,2023-08-02,29.28877,28.53877,29.38877,28.28877,32.231,0.00233,5246010,156735057.0,-2.726767345733992,29.33877
HK.00285,比亚迪电子,2023-08-03,29.03877,28.78877,29.03877,27.98877,32.502,0.00154,3464642,103658501.0,0.8760013133011689,28.53877
HK.00285,比亚迪电子,2023-08-04,28.78877,29.08877,29.38877,28.63877,32.827,0.00136,3065800,92647811.0,1.0420730027715694,28.78877
HK.00285,比亚迪电子,2023-08-07,29.28877,29.13877,29.48877,28.73877,32.881,0.00125,2815566,85458965.0,0.1718876391129659,29.08877
HK.00285,比亚迪电子,2023-08-08,29.18877,28.88877,29.43877,28.63877,32.611,0.00175,3933054,118720256.0,-0.8579634624248038,29.13877
HK.00285,比亚迪电子,2023-08-09,28.88877,28.83877,29.28877,28.53877,32.556,0.00115,2586843,77727773.0,-0.1730776353579633,28.88877
HK.00285,比亚迪电子,2023-08-10,28.83877,28.43877,28.83877,27.73877,32.123,0.00255,5748065,169192036.0,-1.3870217072364688,28.83877
HK.00285,比亚迪电子,2023-08-11,28.03877,27.88877,28.23877,27.33877,31.527,0.00236,5323148,154075148.0,-1.933979563813768,28.43877
HK.00285,比亚迪电子,2023-08-14,27.33877,27.83877,27.88877,25.93877,31.473,0.00396,8932297,252662987.0,-0.1792836328027399,27.88877
HK.00285,比亚迪电子,2023-08-15,27.88877,27.68877,28.03877,27.28877,31.31,0.00158,3569061,103140964.0,-0.5388169089367044,27.83877
HK.00285,比亚迪电子,2023-08-16,27.83877,27.48877,27.93877,27.33877,31.094,0.00107,2404157,69137419.0,-0.7223144978993391,27.68877
HK.00285,比亚迪电子,2023-08-17,26.98877,28.53877,28.88877,26.68877,32.231,0.00266,5985885,176138520.0,3.819741661776794,27.48877
HK.00285,比亚迪电子,2023-08-18,28.18877,28.33877,29.23877,28.18877,32.015,0.00245,5527721,165815679.0,-0.7008010506409326,28.53877
HK.00285,比亚迪电子,2023-08-21,27.98877,29.08877,29.73877,27.58877,32.827,0.00512,11531154,350336699.0,2.64655099709691,28.33877
HK.00285,比亚迪电子,2023-08-22,29.03877,31.088769999,31.18877,29.03877,34.994,0.00581,13079948,416169840.0,6.875505561080788,29.08877
HK.00285,比亚迪电子,2023-08-23,31.73877,31.088769999,31.73877,30.53877,34.994,0.00491,11055117,358287313.0,0.0,31.088769999
HK.00285,比亚迪电子,2023-08-24,31.18877,31.68877,31.68877,31.13877,35.644,0.00293,6601539,215813780.0,1.9299573480047651,31.088769999
HK.00285,比亚迪电子,2023-08-25,31.73877,31.63877,31.98877,31.18877,35.59,0.00265,5970944,196371347.0,-0.1577846031890815,31.68877
HK.00285,比亚迪电子,2023-08-28,32.38877,31.63877,32.63877,28.58877,35.59,0.00756,17027861,544551004.0,0.0,31.63877
HK.00285,比亚迪电子,2023-08-29,32.088769999,31.38877,32.338769999,30.08877,35.319,0.00734,16544014,532497826.0,-0.790169782200762,31.63877
HK.00285,比亚迪电子,2023-08-30,31.68877,34.18877,35.58877,31.63877,38.353,0.01147,25843175,916060027.0,8.92038776925632,31.38877
HK.00285,比亚迪电子,2023-08-31,34.78877,35.13877,36.28877,34.78877,39.382,0.00628,14146219,517811341.0,2.7786901956402725,34.18877
HK.00285,比亚迪电子,2023-09-04,36.33877,36.28877,37.03877,35.73877,40.628,0.00558,12580131,471940156.0,3.2727383457076,35.13877
HK.00285,比亚迪电子,2023-09-05,36.28877,35.98877,36.78877,35.53877,40.303,0.00336,7563760,283268631.0,-0.8267020348168239,36.28877
HK.00285,比亚迪电子,2023-09-06,35.93877,36.18877,36.93877,35.63877,40.52,0.00368,8288768,310513842.0,0.5557289121022911,35.98877
HK.00285,比亚迪电子,2023-09-07,36.78877,36.03877,36.78877,35.13877,40.357,0.00279,6293346,233968766.0,-0.4144932253845559,36.18877
HK.00285,比亚迪电子,2023-09-11,36.03877,35.38877,36.03877,34.88877,39.653,0.00291,6552431,238790550.0,-1.8036131643782476,36.03877
HK.00285,比亚迪电子,2023-09-12,35.13877,34.78877,35.33877,34.43877,39.003,0.00276,6223039,224432105.0,-1.695453105603844,35.38877
HK.00285,比亚迪电子,2023-09-13,34.98877,35.63877,35.63877,34.88877,39.924,0.00265,5965195,217972524.0,2.4433171969000385,34.78877
HK.00285,比亚迪电子,2023-09-14,35.63877,35.53877,35.88877,34.88877,39.815,0.0022,4948135,181588496.0,-0.2805932976923766,35.63877
HK.00285,比亚迪电子,2023-09-15,36.03877,35.98877,36.58877,35.33877,40.303,0.00245,5530139,206592393.0,1.2662227758585989,35.53877
HK.00285,比亚迪电子,2023-09-18,36.38877,35.08877,36.38877,34.68877,39.328,0.00204,4592293,166883327.0,-2.5007801044603792,35.98877
HK.00285,比亚迪电子,2023-09-19,35.08877,35.33877,35.48877,34.73877,39.599,0.00153,3458174,125739483.0,0.7124786648263819,35.08877
HK.00285,比亚迪电子,2023-09-20,34.93877,35.43877,35.58877,34.68877,39.707,0.0019,4285499,156168595.0,0.282975327098259,35.33877
HK.00285,比亚迪电子,2023-09-21,35.03877,34.48877,35.43877,34.03877,38.678,0.00193,4346303,155151835.0,-2.6806799445917444,35.43877
HK.00285,比亚迪电子,2023-09-22,33.98877,35.28877,35.38877,33.98877,39.544,0.00146,3296289,119259655.0,2.3195956248947036,34.48877
HK.00285,比亚迪电子,2023-09-25,35.58877,35.33877,35.63877,34.73877,39.599,0.00086,1946169,71068773.0,0.1416881347805468,35.28877
HK.00285,比亚迪电子,2023-09-26,35.28877,33.88877,35.38877,33.53877,38.028,0.00216,4863896,171354539.0,-4.103142242924685,35.33877
HK.00285,比亚迪电子,2023-09-27,33.78877,33.73877,33.93877,32.48877,37.865,0.00278,6274445,216787100.0,-0.4426245036335003,33.88877
HK.00285,比亚迪电子,2023-09-28,33.33877,34.13877,34.48877,33.33877,38.299,0.00146,3290306,115813656.0,1.1855796758447286,33.73877
HK.00285,比亚迪电子,2023-09-29,33.98877,34.48877,34.78877,33.98877,38.678,0.00129,2900024,103759959.0,1.0252273295142191,34.13877
HK.00285,比亚迪电子,2023-10-03,34.78877,34.78877,34.83877,33.93877,39.003,0.00095,2145512,76546182.0,0.8698483593355087,34.48877
HK.00285,比亚迪电子,2023-10-04,34.83877,34.38877,34.83877,33.93877,38.569,0.00088,1983993,70472656.0,-1.149796327952953,34.78877
HK.00285,比亚迪电子,2023-10-05,34.28877,34.03877,34.83877,33.98877,38.19,0.0006,1342934,47767705.0,-1.017774116375786,34.38877
HK.00285,比亚迪电子,2023-10-06,34.68877,35.08877,35.28877,34.23877,39.328,0.00089,2007520,72655342.0,3.084717808545953,34.03877
HK.00285,比亚迪电子,2023-10-09,35.08877,36.48877,37.93877,34.98877,40.845,0.00305,6872629,260502521.0,3.9898805230277543,35.08877
HK.00285,比亚迪电子,2023-10-10,36.53877,37.23877,37.78877,36.53877,41.657,0.0032,7208896,277129727.0,2.0554269162813656,36.48877
HK.00285,比亚迪电子,2023-10-11,37.68877,37.48877,37.88877,36.93877,41.928,0.00303,6816947,263751714.0,0.6713433338426591,37.23877
HK.00285,比亚迪电子,2023-10-12,37.68877,38.53877,39.08877,37.68877,43.066,0.00386,8698889,346539765.0,2.8008387578466754,37.48877
HK.00285,比亚迪电子,2023-10-13,38.23877,38.73877,39.18877,37.98877,43.282,0.00302,6809788,272020521.0,0.5189579221132455,38.53877
HK.00285,比亚迪电子,2023-10-16,38.68877,37.53877,38.68877,37.18877,41.982,0.00354,7965936,310022927.0,-3.097671918855459,38.73877
HK.00285,比亚迪电子,2023-10-17,38.23877,37.18877,38.23877,36.73877,41.603,0.00226,5093294,195300633.0,-0.9323693877023712,37.53877
HK.00285,比亚迪电子,2023-10-18,38.43877,38.08877,39.08877,37.53877,42.578,0.00369,8313487,328216771.0,2.4200854182593257,37.18877
HK.00285,比亚迪电子,2023-10-19,37.58877,36.43877,37.78877,36.03877,40.79,0.0038,8560685,322834764.0,-4.3319855169909625,38.08877
HK.00285,比亚迪电子,2023-10-20,35.83877,34.43877,36.13877,34.38877,38.624,0.00385,8664571,313213995.0,-5.488659469021594,36.43877
HK.00285,比亚迪电子,2023-10-24,34.28877,34.68877,35.08877,33.98877,38.894,0.00262,5908342,211226233.0,0.7259260420740927,34.43877
HK.00285,比亚迪电子,2023-10-25,35.78877,34.98877,36.43877,34.08877,39.219,0.00283,6379151,229594434.0,0.8648332010619122,34.68877
HK.00285,比亚迪电子,2023-10-26,35.13877,34.43877,35.23877,34.28877,38.624,0.00172,3867659,138679964.0,-1.5719329373396214,34.98877
HK.00285,比亚迪电子,2023-10-27,34.78877,34.58877,35.23877,34.28877,38.786,0.00174,3913965,140281320.0,0.4355556252444515,34.43877
HK.00285,比亚迪电子,2023-10-30,34.38877,35.08877,35.18877,34.23877,39.328,0.00194,4363388,157230605.0,1.4455558841785934,34.58877
HK.00285,比亚迪电子,2023-10-31,35.08877,31.38877,35.23877,30.98877,35.319,0.00706,15908896,529549590.0,-10.54468423943044,35.08877
HK.00285,比亚迪电子,2023-11-01,31.93877,31.13877,32.43877,30.73877,35.048,0.00367,8277379,268510143.0,-0.7964631936836007,31.38877
HK.00285,比亚迪电子,2023-11-02,31.53877,32.73877,32.93877,31.53877,36.782,0.00384,8645612,291585353.0,5.138289020407683,31.13877
HK.00285,比亚迪电子,2023-11-03,32.78877,34.73877,35.18877,32.78877,38.949,0.00486,10960371,390642953.0,6.1089649977687,32.73877
HK.00285,比亚迪电子,2023-11-06,34.88877,35.18877,36.13877,34.88877,39.436,0.00349,7870580,288783674.0,1.2953826517173628,34.73877
HK.00285,比亚迪电子,2023-11-07,35.18877,34.18877,35.28877,33.98877,38.353,0.00228,5138985,183068241.0,-2.841815727006088,35.18877
HK.00285,比亚迪电子,2023-11-08,34.68877,34.53877,35.18877,33.88877,38.732,0.00216,4862699,174320061.0,1.0237279668148385,34.18877
HK.00285,比亚迪电子,2023-11-09,34.78877,34.23877,34.98877,33.83877,38.407,0.00141,3165858,112390517.0,-0.8685891246271862,34.53877
HK.00285,比亚迪电子,2023-11-10,33.78877,33.68877,34.38877,33.43877,37.811,0.00131,2949069,103524091.0,-1.6063661165398295,34.23877
HK.00285,比亚迪电子,2023-11-13,33.68877,35.98877,36.23877,33.68877,40.303,0.00344,7750958,283432759.0,6.82720087435666,33.68877
HK.00285,比亚迪电子,2023-11-14,36.23877,35.83877,37.73877,35.73877,40.14,0.00296,6668020,252569246.0,-0.416796684076743,35.98877
HK.00285,比亚迪电子,2023-11-15,36.33877,36.88877,37.33877,36.33877,41.278,0.00381,8584277,326533600.0,2.9297880479715244,35.83877
HK.00285,比亚迪电子,2023-11-16,37.28877,36.48877,37.28877,35.33877,40.845,0.00215,4842632,181135066.0,-1.084340844110548,36.88877
HK.00285,比亚迪电子,2023-11-17,36.48877,37.28877,37.68877,36.18877,41.711,0.00345,7784767,298415304.0,2.192455377366782,36.48877
HK.00285,比亚迪电子,2023-11-20,37.28877,36.58877,37.28877,36.13877,40.953,0.00206,4652313,176116979.0,-1.8772407885805908,37.28877
HK.00285,比亚迪电子,2023-11-21,37.23877,35.73877,37.38877,35.68877,40.032,0.0021,4725686,176515350.0,-2.323117175023906,36.58877
HK.00285,比亚迪电子,2023-11-22,35.83877,35.08877,35.83877,34.63877,39.328,0.0015,3385510,122919563.0,-1.8187531356003737,35.73877
HK.00285,比亚迪电子,2023-11-23,35.23877,36.38877,36.38877,34.88877,40.736,0.00166,3737235,139126950.0,3.7048890570971977,35.08877
HK.00285,比亚迪电子,2023-11-24,36.38877,35.53877,36.38877,35.38877,39.815,0.00104,2335611,86187635.0,-2.335885494343451,36.38877
HK.00285,比亚迪电子,2023-11-27,35.28877,35.33877,35.83877,35.03877,39.599,0.0021,4730493,173204584.0,-0.5627656781593816,35.53877
HK.00285,比亚迪电子,2023-11-28,35.38877,35.68877,35.98877,34.63877,39.978,0.00276,6214439,227785419.0,0.9904136448438966,35.33877
HK.00285,比亚迪电子,2023-11-29,35.68877,34.03877,35.68877,33.68877,38.19,0.00302,6794876,241513701.0,-4.623303072647218,35.68877
HK.00285,比亚迪电子,2023-11-30,34.48877,34.43877,34.78877,33.33877,38.624,0.00351,7897542,280313873.0,1.1751305937317906,34.03877
HK.00285,比亚迪电子,2023-12-01,34.33877,32.53877,34.33877,32.28877,36.565,0.00433,9754416,331579366.0,-5.5170379197631,34.43877
HK.00285,比亚迪电子,2023-12-04,32.53877,31.63877,32.53877,31.23877,35.59,0.00273,6153374,202890023.0,-2.7659312260420372,32.53877
HK.00285,比亚迪电子,2023-12-05,32.088769999,30.98877,32.088769999,30.48877,34.886,0.00227,5125016,165036318.0,-2.054441433721988,31.63877
HK.00285,比亚迪电子,2023-12-06,30.98877,31.48877,31.63877,30.63877,35.427,0.00227,5124791,166222863.0,1.613487724746739,30.98877
HK.00285,比亚迪电子,2023-12-07,31.38877,31.088769999,31.48877,30.58877,34.994,0.00134,3019332,97016757.0,-1.2702941429595334,31.48877
HK.00285,比亚迪电子,2023-12-08,31.48877,30.13877,31.48877,29.83877,33.965,0.00287,6463551,202661133.0,-3.055765792697996,31.088769999
HK.00285,比亚迪电子,2023-12-11,30.98877,30.03877,30.98877,29.53877,33.856,0.00241,5426982,169342754.0,-0.3317985438689151,30.13877
HK.00285,比亚迪电子,2023-12-12,30.08877,30.78877,31.088769999,29.58877,34.669,0.00254,5719413,182559970.0,2.496773336591345,30.03877
HK.00285,比亚迪电子,2023-12-13,31.13877,31.28877,31.588769999,30.53877,35.211,0.00274,6174148,200405732.0,1.6239687392513569,30.78877
HK.00285,比亚迪电子,2023-12-14,31.588769999,32.43877,32.98877,31.588769999,36.457,0.00463,10439258,352490708.0,3.67544010199186,31.28877
HK.00285,比亚迪电子,2023-12-15,32.78877,32.588769999,33.88877,32.43877,36.619,0.00435,9809852,337226606.0,0.4624096382199512,32.43877
HK.00285,比亚迪电子,2023-12-18,32.588769999,31.48877,32.63877,31.18877,35.427,0.00215,4848411,159225319.0,-3.3753958772723096,32.588769999
HK.00285,比亚迪电子,2023-12-19,30.98877,31.588769999,31.78877,30.78877,35.536,0.00122,2741477,89508228.0,0.3175735317702194,31.48877
HK.00285,比亚迪电子,2023-12-20,31.88877,31.63877,32.38877,31.28877,35.59,0.00122,2737859,89898077.0,0.1582841022350146,31.588769999
HK.00285,比亚迪电子,2023-12-21,31.48877,32.088769999,32.338769999,31.088769999,36.078,0.00126,2828692,93676016.0,1.42230560480069,31.63877
HK.00285,比亚迪电子,2023-12-22,32.088769999,32.78877,33.23877,31.88877,36.836,0.00186,4196034,142614995.0,2.181448528634204,32.088769999
HK.00285,比亚迪电子,2023-12-27,32.88877,33.48877,33.68877,32.38877,37.594,0.00152,3425656,118361997.0,2.134877276579765,32.78877
HK.00285,比亚迪电子,2023-12-28,33.48877,34.43877,35.08877,33.43877,38.624,0.00217,4880884,174439632.0,2.836771849190029,33.48877
HK.00285,比亚迪电子,2023-12-29,34.58877,35.38877,35.83877,33.93877,39.653,0.00178,4019349,146435602.0,2.7585189598815605,34.43877
HK.00285,比亚迪电子,2024-01-02,36.13877,34.63877,36.13877,34.03877,38.84,0.00169,3802905,136498684.0,-2.1193163820048,35.38877
HK.00285,比亚迪电子,2024-01-03,34.48877,34.08877,34.48877,33.53877,38.244,0.00146,3299429,116286981.0,-1.5878161955519905,34.63877
HK.00285,比亚迪电子,2024-01-04,34.58877,34.28877,34.58877,33.58877,38.461,0.00116,2623190,92343380.0,0.586703480354389,34.08877
HK.00285,比亚迪电子,2024-01-05,33.98877,33.53877,34.23877,33.38877,37.648,0.00145,3276222,114273387.0,-2.187305056436845,34.28877
HK.00285,比亚迪电子,2024-01-08,33.53877,32.93877,33.88877,32.43877,36.998,0.0013,2918207,99567806.0,-1.7889743720476377,33.53877
HK.00285,比亚迪电子,2024-01-09,33.23877,33.03877,33.68877,32.93877,37.107,0.0008,1795390,61861816.0,0.3035936071686994,32.93877
HK.00285,比亚迪电子,2024-01-10,33.03877,33.28877,34.13877,32.838769999,37.378,0.00096,2170350,75053503.0,0.7566867652760682,33.03877
HK.00285,比亚迪电子,2024-01-11,33.43877,33.68877,33.98877,32.98877,37.811,0.00139,3137331,109432313.0,1.2016064276330984,33.28877
HK.00285,比亚迪电子,2024-01-12,33.88877,33.73877,34.18877,33.48877,37.865,0.00076,1715989,60015599.0,0.1484174103121137,33.68877
HK.00285,比亚迪电子,2024-01-15,33.73877,30.98877,34.28877,30.38877,34.886,0.00396,8932461,291524016.0,-8.150860271432549,33.73877
HK.00285,比亚迪电子,2024-01-16,31.03877,31.18877,32.03877,30.88877,35.102,0.00168,3778052,123530278.0,0.6453950898987048,30.98877
HK.00285,比亚迪电子,2024-01-17,29.88877,29.53877,30.98877,29.13877,33.315,0.00278,6262258,193707474.0,-5.290365730998696,31.18877
HK.00285,比亚迪电子,2024-01-18,29.28877,29.78877,29.88877,28.78877,33.586,0.00173,3902582,120208794.0,0.8463453285292516,29.53877
HK.00285,比亚迪电子,2024-01-19,29.78877,29.23877,30.23877,29.08877,32.99,0.00139,3135403,96183522.0,-1.8463333665673365,29.78877
HK.00285,比亚迪电子,2024-01-22,29.18877,27.43877,29.68877,26.93877,31.04,0.00407,9167601,265383390.0,-6.156209717440224,29.23877
HK.00285,比亚迪电子,2024-01-23,27.28877,28.33877,28.53877,26.88877,32.015,0.00238,5373183,157298808.0,3.2800304095263697,27.43877
HK.00285,比亚迪电子,2024-01-24,28.33877,28.88877,29.08877,27.88877,32.611,0.00137,3085683,91599552.0,1.9408040645377365,28.33877
HK.00285,比亚迪电子,2024-01-25,28.88877,29.03877,29.13877,27.88877,32.773,0.00169,3815868,114571894.0,0.5192329060738777,28.88877
HK.00285,比亚迪电子,2024-01-26,28.88877,26.68877,29.08877,26.33877,30.227,0.00316,7124505,202621189.0,-8.092629267699692,29.03877
HK.00285,比亚迪电子,2024-01-29,26.28877,27.83877,27.93877,26.28877,31.473,0.00244,5499660,157293506.0,4.308928436941825,26.68877
HK.00285,比亚迪电子,2024-01-30,27.33877,26.48877,27.73877,26.03877,30.01,0.00284,6390839,177374378.0,-4.84935218043039,27.83877
HK.00285,比亚迪电子,2024-01-31,26.63877,25.53877,26.78877,25.23877,28.981,0.00288,6495795,174616374.0,-3.5864254927654224,26.48877
HK.00285,比亚迪电子,2024-02-01,25.48877,26.08877,26.73877,25.23877,29.577,0.00182,4111418,112812075.0,2.153588446115458,25.53877
HK.00285,比亚迪电子,2024-02-02,26.48877,25.63877,27.13877,25.43877,29.089,0.00136,3053546,83689945.0,-1.724880092085596,26.08877
HK.00285,比亚迪电子,2024-02-05,25.33877,25.13877,25.78877,24.88877,28.548,0.00153,3449799,91159824.0,-1.9501715565918332,25.63877
HK.00285,比亚迪电子,2024-02-06,25.13877,27.28877,27.48877,25.13877,30.877,0.00306,6884114,193184098.0,8.552526635153583,25.13877
HK.00285,比亚迪电子,2024-02-07,27.68877,27.28877,28.28877,27.03877,30.877,0.00218,4913771,141408522.0,0.0,27.28877
HK.00285,比亚迪电子,2024-02-08,27.38877,27.68877,28.13877,27.23877,31.31,0.00108,2422973,70388478.0,1.4658044316398362,27.28877
HK.00285,比亚迪电子,2024-02-09,27.68877,27.48877,27.68877,26.88877,31.094,0.00025,565210,16199147.0,-0.7223144978993391,27.68877
HK.00285,比亚迪电子,2024-02-14,26.78877,27.78877,27.98877,26.68877,31.419,0.00065,1459481,41975532.0,1.0913547605076572,27.48877
HK.00285,比亚迪电子,2024-02-15,28.08877,28.13877,28.28877,27.18877,31.798,0.00068,1536960,44871988.0,1.2595015900307982,27.78877
HK.00285,比亚迪电子,2024-02-16,28.23877,29.68877,30.03877,28.23877,33.477,0.00185,4158647,127704955.0,5.508414191522943,28.13877
HK.00285,比亚迪电子,2024-02-19,29.68877,28.28877,29.68877,27.78877,31.96,0.00222,5006181,147912740.0,-4.715587745804228,29.68877
HK.00285,比亚迪电子,2024-02-20,28.43877,27.88877,28.53877,27.43877,31.527,0.00143,3232752,93991825.0,-1.413988660517932,28.28877
HK.00285,比亚迪电子,2024-02-21,27.93877,28.58877,29.23877,27.03877,32.286,0.00176,3962052,117696166.0,2.509970859238322,27.88877
HK.00285,比亚迪电子,2024-02-22,28.48877,28.78877,29.23877,28.28877,32.502,0.00109,2446200,73095845.0,0.6995753927153889,28.58877
HK.00285,比亚迪电子,2024-02-23,28.68877,27.63877,28.93877,27.08877,31.256,0.00299,6746976,194090580.0,-3.9946131772910016,28.78877
HK.00285,比亚迪电子,2024-02-26,27.68877,28.48877,28.68877,27.53877,32.177,0.00181,4080034,120087778.0,3.0753901132358563,27.63877
HK.00285,比亚迪电子,2024-02-27,28.43877,28.63877,28.78877,27.53877,32.34,0.00123,2780232,82053015.0,0.5265232581118882,28.48877
HK.00285,比亚迪电子,2024-02-28,28.63877,27.48877,29.03877,27.38877,31.094,0.00206,4649396,135681322.0,-4.015535583406697,28.63877
HK.00285,比亚迪电子,2024-02-29,27.53877,28.38877,28.73877,27.38877,32.069,0.00265,5970310,176614002.0,3.2740642815229717,27.48877
HK.00285,比亚迪电子,2024-03-01,27.98877,29.68877,30.08877,27.98877,33.477,0.00329,7420194,229078024.0,4.579275537474857,28.38877
HK.00285,比亚迪电子,2024-03-04,29.78877,29.78877,31.13877,29.58877,33.586,0.00364,8210230,259648855.0,0.3368276961288657,29.68877
HK.00285,比亚迪电子,2024-03-05,29.33877,28.78877,29.53877,28.28877,32.502,0.00245,5513511,165624803.0,-3.3569697573951527,29.78877
HK.00285,比亚迪电子,2024-03-06,28.78877,28.43877,28.78877,27.38877,32.123,0.00289,6518978,190602391.0,-1.2157518365668207,28.78877
HK.00285,比亚迪电子,2024-03-07,28.28877,27.43877,28.88877,27.03877,31.04,0.00198,4456957,128438354.0,-3.5163264796613913,28.43877
HK.00285,比亚迪电子,2024-03-08,27.48877,28.53877,28.73877,27.48877,32.231,0.00154,3470519,102288691.0,4.008926056087783,27.43877
HK.00285,比亚迪电子,2024-03-11,28.53877,28.78877,29.03877,28.03877,32.502,0.00177,3983729,118943670.0,0.8760013133011689,28.53877
HK.00285,比亚迪电子,2024-03-12,28.98877,29.53877,29.73877,28.38877,33.315,0.00217,4881621,149334847.0,2.605182506928917,28.78877
HK.00285,比亚迪电子,2024-03-13,29.58877,30.53877,31.53877,29.58877,34.398,0.0037,8327683,266338444.0,3.3853813141170064,29.53877
HK.00285,比亚迪电子,2024-03-14,30.48877,29.08877,31.088769999,28.83877,32.827,0.00275,6186667,189394435.0,-4.748062872211289,30.53877
HK.00285,比亚迪电子,2024-03-15,28.88877,28.28877,28.88877,27.78877,31.96,0.00279,6275745,184572701.0,-2.750202225807419,29.08877
HK.00285,比亚迪电子,2024-03-18,28.38877,29.23877,29.43877,28.13877,32.99,0.00205,4614480,139024109.0,3.358223068730098,28.28877
HK.00285,比亚迪电子,2024-03-19,29.28877,28.28877,29.28877,28.13877,31.96,0.00195,4386009,130306366.0,-3.2491106842045663,29.23877
HK.00285,比亚迪电子,2024-03-20,28.33877,28.33877,28.63877,27.78877,32.015,0.00151,3410254,100891911.0,0.1767485825647446,28.28877
HK.00285,比亚迪电子,2024-03-21,29.13877,29.38877,29.68877,28.68877,33.152,0.00308,6941235,212151848.0,3.7051713959356767,28.33877
HK.00285,比亚迪电子,2024-03-22,29.63877,29.48877,30.03877,28.88877,33.261,0.00203,4578850,140297317.0,0.3402660267850538,29.38877
HK.00285,比亚迪电子,2024-03-25,29.48877,28.28877,29.58877,28.13877,31.96,0.00248,5597051,166016536.0,-4.069345720421704,29.48877
HK.00285,比亚迪电子,2024-03-26,28.38877,27.13877,28.63877,26.48877,30.715,0.00444,10014552,284002123.0,-4.0652173989890645,28.28877
HK.00285,比亚迪电子,2024-03-27,27.18877,27.48877,28.33877,26.83877,14.502,0.00353,7947464,229679298.0,1.2896678810425006,27.13877
HK.00285,比亚迪电子,2024-03-28,27.48877,27.63877,27.88877,26.78877,14.578,0.00298,6723293,192287497.0,0.545677380253835,27.48877
HK.00285,比亚迪电子,2024-04-02,28.28877,27.63877,28.73877,27.23877,14.578,0.0033,7430505,215710740.0,0.0,27.63877
HK.00285,比亚迪电子,2024-04-03,27.73877,26.33877,27.73877,26.18877,13.921,0.00319,7190069,199268566.0,-4.703537820243088,27.63877
HK.00285,比亚迪电子,2024-04-05,26.18877,25.78877,26.43877,25.58877,13.643,0.00117,2643190,71631680.0,-2.088176479007944,26.33877
HK.00285,比亚迪电子,2024-04-08,25.78877,25.48877,26.18877,25.28877,13.491,0.0028,6311024,169688155.0,-1.1632970475133195,25.78877
HK.00285,比亚迪电子,2024-04-09,25.43877,25.58877,25.88877,25.03877,13.542,0.00281,6325389,168688542.0,0.3923296416421876,25.48877
HK.00285,比亚迪电子,2024-04-10,25.83877,26.73877,26.88877,25.68877,14.123,0.00351,7907108,218997434.0,4.494158961138025,25.58877
HK.00285,比亚迪电子,2024-04-11,26.28877,26.33877,26.68877,25.98877,13.921,0.00188,4237312,117140207.0,-1.4959551243381748,26.73877
HK.00285,比亚迪电子,2024-04-12,26.58877,25.58877,26.68877,25.48877,13.542,0.0021,4731703,128192272.0,-2.8475133804653745,26.33877
HK.00285,比亚迪电子,2024-04-15,25.03877,24.53877,25.18877,24.38877,13.011,0.0034,7649894,197753159.0,-4.103362529734726,25.58877
HK.00285,比亚迪电子,2024-04-16,24.53877,23.53877,24.53877,23.38877,12.506,0.00339,7644800,191322908.0,-4.075183882484738,24.53877
HK.00285,比亚迪电子,2024-04-17,23.38877,23.48877,24.03877,23.18877,12.481,0.00183,4126786,101967786.0,-0.2124155170384888,23.53877
HK.00285,比亚迪电子,2024-04-18,23.48877,23.43877,24.13877,23.23877,12.455,0.00212,4771380,118543592.0,-0.2128676810237281,23.48877
HK.00285,比亚迪电子,2024-04-19,23.08877,22.38877,23.08877,21.98877,11.925,0.00488,11002661,259184197.0,-4.479757256886776,23.43877
HK.00285,比亚迪电子,2024-04-22,22.58877,22.53877,22.83877,22.08877,12.001,0.0034,7651862,181938827.0,0.669978743807715,22.38877
HK.00285,比亚迪电子,2024-04-23,22.78877,22.83877,23.18877,22.53877,12.152,0.00176,3956793,95200436.0,1.3310398038579778,22.53877
HK.00285,比亚迪电子,2024-04-24,23.23877,23.13877,23.38877,22.83877,12.304,0.00177,3987934,97101021.0,1.3135558526137825,22.83877
HK.00285,比亚迪电子,2024-04-25,22.98877,23.08877,23.58877,22.78877,12.278,0.00153,3447150,84228596.0,-0.2160875448435708,23.13877
HK.00285,比亚迪电子,2024-04-26,23.08877,23.83877,24.23877,23.08877,12.657,0.00297,6686208,167160148.0,3.248332414416186,23.08877
HK.00285,比亚迪电子,2024-04-29,24.38877,25.58877,26.13877,24.38877,13.542,0.00643,14498927,387966100.0,7.3409827772154355,23.83877
HK.00285,比亚迪电子,2024-04-30,25.78877,25.38877,26.63877,24.88877,13.441,0.00399,8992700,241054162.0,-0.7815928628066113,25.58877
HK.00285,比亚迪电子,2024-05-02,25.33877,25.88877,26.13877,24.43877,13.693,0.00225,5063489,135642607.0,1.9693746487127968,25.38877
HK.00285,比亚迪电子,2024-05-03,26.68877,26.38877,27.38877,25.98877,13.946,0.00305,6864836,190750090.0,1.9313393413437565,25.88877
HK.00285,比亚迪电子,2024-05-06,26.48877,27.48877,27.78877,26.48877,14.502,0.00566,12742130,365977061.0,4.168439832549974,26.38877
HK.00285,比亚迪电子,2024-05-07,27.78877,28.48877,29.18877,27.48877,15.007,0.0072,16221455,482652272.0,3.637849201692182,27.48877
HK.00285,比亚迪电子,2024-05-08,28.68877,28.08877,29.73877,27.58877,14.805,0.01026,23121291,688708370.0,-1.4040620216316766,28.48877
HK.00285,比亚迪电子,2024-05-09,28.38877,30.78877,30.98877,28.28877,16.169,0.01035,23328055,732748064.0,9.612382457473217,28.08877
HK.00285,比亚迪电子,2024-05-10,30.73877,31.88877,32.28877,29.98877,16.725,0.00899,20257563,660598472.0,3.57273122635299,30.78877
HK.00285,比亚迪电子,2024-05-13,31.88877,33.68877,34.28877,31.38877,17.635,0.00838,18884856,654415357.0,5.644620347539266,31.88877
HK.00285,比亚迪电子,2024-05-14,33.73877,32.63877,34.48877,32.03877,17.104,0.008,18030152,614269377.0,-3.1167656165541135,33.68877
HK.00285,比亚迪电子,2024-05-16,32.63877,32.63877,33.38877,31.78877,17.104,0.00615,13866146,469934016.0,0.0,32.63877
HK.00285,比亚迪电子,2024-05-17,32.53877,32.588769999,33.13877,31.838769999,17.079,0.00426,9600236,322202831.0,-0.1531920504357265,32.63877
HK.00285,比亚迪电子,2024-05-20,33.63877,33.13877,34.68877,32.93877,17.357,0.00609,13724236,479743026.0,1.6876979432389676,32.588769999
HK.00285,比亚迪电子,2024-05-21,32.88877,32.23877,33.48877,31.88877,16.902,0.0046,10367023,349738923.0,-2.7158521574578613,33.13877
HK.00285,比亚迪电子,2024-05-22,32.088769999,32.838769999,33.63877,32.088769999,17.205,0.00414,9335278,319229086.0,1.8611131845290552,32.23877
HK.00285,比亚迪电子,2024-05-23,32.588769999,31.68877,32.78877,31.088769999,16.624,0.00459,10337722,342164701.0,-3.5019582007335175,32.838769999
HK.00285,比亚迪电子,2024-05-24,31.43877,31.78877,32.78877,31.38877,16.675,0.00395,8910608,296708553.0,0.3155692063781518,31.68877
HK.00285,比亚迪电子,2024-05-27,31.73877,32.78877,32.838769999,31.23877,17.18,0.00285,6425847,213971003.0,3.145764998142426,31.78877
HK.00285,比亚迪电子,2024-05-28,32.73877,33.53877,34.58877,32.588769999,17.559,0.00457,10303900,361698950.0,2.287368510621167,32.78877
HK.00285,比亚迪电子,2024-05-29,33.28877,32.98877,33.98877,32.838769999,17.281,0.00278,6260661,216436291.0,-1.639893174376989,33.53877
HK.00285,比亚迪电子,2024-05-30,32.838769999,33.53877,33.98877,32.53877,17.559,0.00371,8357944,290974149.0,1.667234031459788,32.98877
HK.00285,比亚迪电子,2024-05-31,33.53877,32.588769999,33.78877,32.588769999,17.079,0.00328,7382345,253472684.0,-2.8325427587237084,33.53877
HK.00285,比亚迪电子,2024-06-03,33.33877,35.03877,36.08877,33.28877,18.317,0.00721,16242952,589844558.0,7.517927191100426,32.588769999
HK.00285,比亚迪电子,2024-06-04,35.08877,35.33877,35.93877,34.83877,18.468,0.00384,8662723,316712669.0,0.8561944383321594,35.03877
HK.00285,比亚迪电子,2024-06-05,35.48877,35.53877,36.73877,35.18877,18.569,0.00391,8802170,327956374.0,0.565950654196518,35.33877
HK.00285,比亚迪电子,2024-06-06,35.73877,36.33877,37.03877,35.23877,18.974,0.00563,12678071,474924368.0,2.2510627126374865,35.53877
HK.00285,比亚迪电子,2024-06-07,36.48877,34.33877,36.73877,34.18877,17.963,0.01091,24589117,880926895.0,-5.5037636111513955,36.33877
HK.00285,比亚迪电子,2024-06-11,34.23027,34.13027,34.53027,32.78027,17.559,0.00897,20221284,703357080.0,-0.6071854058837685,34.33877
HK.00285,比亚迪电子,2024-06-12,34.18027,35.48027,36.83027,34.18027,18.241,0.00559,12605842,460109539.0,3.9554331096706656,34.13027
HK.00285,比亚迪电子,2024-06-13,36.18027,36.88027,37.38027,36.08027,18.948,0.00419,9449528,354619951.0,3.9458549779920102,35.48027
HK.00285,比亚迪电子,2024-06-14,36.58027,36.58027,37.33027,35.68027,18.797,0.00348,7844726,291496269.0,-0.8134430686109516,36.88027
HK.00285,比亚迪电子,2024-06-17,36.88027,38.93027,39.48027,36.58027,19.984,0.00962,21673822,852856225.0,6.424228142657235,36.58027
HK.00285,比亚迪电子,2024-06-18,39.03027,39.13027,40.43027,38.78027,20.085,0.00577,13000439,521866618.0,0.5137390518997244,38.93027
HK.00285,比亚迪电子,2024-06-19,39.38027,39.38027,39.93027,38.58027,20.212,0.0049,11045138,439956673.0,0.6388915793323174,39.13027
HK.00285,比亚迪电子,2024-06-20,39.38027,38.88027,39.58027,38.23027,19.959,0.00272,6137692,241773754.0,-1.2696713354174565,39.38027
HK.00285,比亚迪电子,2024-06-21,38.18027,38.28027,39.13027,37.58027,19.656,0.00326,7334767,285576236.0,-1.5431991598823809,38.88027
HK.00285,比亚迪电子,2024-06-24,38.28027,37.83027,38.28027,36.88027,19.429,0.00356,8015644,304510167.0,-1.1755402979132663,38.28027
HK.00285,比亚迪电子,2024-06-25,37.93027,36.83027,37.93027,36.08027,18.923,0.00495,11154008,417281417.0,-2.6433858389062515,37.83027
HK.00285,比亚迪电子,2024-06-26,36.88027,37.23027,37.73027,36.33027,19.125,0.00378,8514646,320362460.0,1.086063175751898,36.83027
HK.00285,比亚迪电子,2024-06-27,37.13027,37.13027,38.73027,36.13027,19.075,0.00517,11640950,444964567.0,-0.2685986429859206,37.23027
HK.00285,比亚迪电子,2024-06-28,36.98027,38.38027,38.83027,36.73027,19.706,0.00553,12467497,483258175.0,3.366525479076775,37.13027
HK.00285,比亚迪电子,2024-07-02,37.83027,36.98027,39.18027,36.93027,18.999,0.0043,9696501,372905810.0,-3.647707533063226,38.38027
HK.00285,比亚迪电子,2024-07-03,37.38027,36.73027,38.73027,35.98027,18.873,0.0053,11950062,447631081.0,-0.6760361673941266,36.98027
HK.00285,比亚迪电子,2024-07-04,36.73027,36.73027,37.48027,36.53027,18.873,0.00279,6287484,236050151.0,0.0,36.73027
HK.00285,比亚迪电子,2024-07-05,36.68027,35.88027,36.68027,34.93027,18.443,0.00486,10945600,396250241.0,-2.3141675789478113,36.73027
HK.00285,比亚迪电子,2024-07-08,35.88027,33.88027,35.98027,33.48027,17.433,0.00673,15162581,530306710.0,-5.574094063394728,35.88027
HK.00285,比亚迪电子,2024-07-09,34.18027,36.08027,36.48027,33.58027,18.544,0.00793,17857758,646464370.0,6.493454745195347,33.88027
HK.00285,比亚迪电子,2024-07-10,36.08027,35.78027,37.18027,35.28027,18.393,0.00451,10162970,373746685.0,-0.8314793653151631,36.08027
HK.00285,比亚迪电子,2024-07-11,36.38027,36.53027,37.13027,35.78027,18.772,0.00502,11302427,419476250.0,2.096127279084255,35.78027
HK.00285,比亚迪电子,2024-07-12,36.33027,36.28027,36.83027,35.08027,18.645,0.00466,10503686,386130476.0,-0.6843639535103353,36.53027
HK.00285,比亚迪电子,2024-07-15,36.38027,35.58027,36.38027,35.38027,18.292,0.00296,6671734,242912388.0,-1.929423347731433,36.28027
HK.00285,比亚迪电子,2024-07-16,35.38027,37.03027,37.38027,34.88027,19.024,0.00484,10904232,405569735.0,4.075292289799945,35.58027
HK.00285,比亚迪电子,2024-07-17,37.18027,34.43027,37.23027,34.28027,17.71,0.0072,16214299,579037334.0,-7.021282858591096,37.03027
HK.00285,比亚迪电子,2024-07-18,34.23027,33.83027,34.28027,33.33027,17.407,0.00499,11251161,386269798.0,-1.742652613528739,34.43027
HK.00285,比亚迪电子,2024-07-19,33.680269999,33.08027,34.08027,32.930269999,17.028,0.00307,6910488,234713941.0,-2.216949495230159,33.83027
HK.00285,比亚迪电子,2024-07-22,33.38027,33.13027,33.73027,32.430269999,17.054,0.00293,6600800,221656921.0,0.1511474966800581,33.08027
HK.00285,比亚迪电子,2024-07-23,33.58027,31.53027,33.58027,30.73027,16.245,0.00528,11905313,383480871.0,-4.8294203458046105,33.13027
HK.00285,比亚迪电子,2024-07-24,31.53027,30.98027,31.930269999,30.58027,15.967,0.00343,7724932,243922934.0,-1.7443555034574736,31.53027
HK.00285,比亚迪电子,2024-07-25,30.88027,29.93027,30.88027,29.83027,15.437,0.00398,8977046,275920241.0,-3.389253870285833,30.98027
HK.00285,比亚迪电子,2024-07-26,29.93027,30.13027,30.63027,29.63027,15.538,0.00246,5531900,170566137.0,0.6682198322968663,29.93027
HK.00285,比亚迪电子,2024-07-29,30.28027,29.88027,30.68027,29.63027,15.411,0.00264,5946615,182270631.0,-0.8297303675008555,30.13027
HK.00285,比亚迪电子,2024-07-30,29.88027,29.03027,29.88027,28.73027,14.982,0.00385,8685864,257130291.0,-2.844686477063286,29.88027
HK.00285,比亚迪电子,2024-07-31,28.93027,29.78027,29.88027,28.83027,15.361,0.00308,6944236,209764611.0,2.583510246373871,29.03027
HK.00285,比亚迪电子,2024-08-01,29.88027,29.68027,30.48027,29.53027,15.31,0.00361,8139540,248996938.0,-0.335792791670463,29.78027
HK.00285,比亚迪电子,2024-08-02,28.98027,28.68027,29.28027,28.38027,14.805,0.00282,6347639,186689907.0,-3.3692415870879877,29.68027
HK.00285,比亚迪电子,2024-08-05,28.28027,27.08027,28.53027,26.33027,13.996,0.00564,12712977,354499359.0,-5.578748038285558,28.68027
HK.00285,比亚迪电子,2024-08-06,27.58027,27.03027,28.43027,26.63027,13.971,0.00329,7411038,207059377.0,-0.1846362683976088,27.08027
HK.00285,比亚迪电子,2024-08-07,27.18027,27.68027,28.18027,27.03027,14.3,0.0029,6526682,184793686.0,2.4047114586720686,27.03027
HK.00285,比亚迪电子,2024-08-08,27.68027,27.68027,28.38027,26.88027,14.3,0.00293,6605885,188229750.0,0.0,27.68027
HK.00285,比亚迪电子,2024-08-09,28.18027,28.53027,29.13027,28.13027,14.729,0.00379,8539799,250015779.0,3.0707792951441637,27.68027
HK.00285,比亚迪电子,2024-08-12,28.68027,28.53027,29.28027,28.33027,14.729,0.00215,4850517,142443141.0,0.0,28.53027
HK.00285,比亚迪电子,2024-08-13,28.53027,28.73027,29.08027,28.38027,14.83,0.00154,3475942,101915680.0,0.7010098397246127,28.53027
HK.00285,比亚迪电子,2024-08-14,29.18027,28.53027,29.18027,28.38027,14.729,0.00177,3998577,117020005.0,-0.6961299006239735,28.73027
HK.00285,比亚迪电子,2024-08-15,28.38027,28.83027,29.28027,27.98027,14.881,0.00228,5127915,150787072.0,1.051514759586913,28.53027
HK.00285,比亚迪电子,2024-08-16,28.93027,29.28027,29.63027,28.88027,15.108,0.00251,5662645,169424658.0,1.5608594716594844,28.83027
HK.00285,比亚迪电子,2024-08-19,29.23027,29.48027,30.13027,29.13027,15.209,0.00321,7239095,218898191.0,0.6830538106376727,29.28027
HK.00285,比亚迪电子,2024-08-20,29.58027,29.08027,29.93027,28.83027,15.007,0.00164,3700611,109894245.0,-1.3568396761630817,29.48027
HK.00285,比亚迪电子,2024-08-21,28.58027,29.33027,29.93027,28.53027,15.133,0.00205,4628625,138266402.0,0.8596894045344146,29.08027
HK.00285,比亚迪电子,2024-08-22,29.58027,29.68027,29.68027,28.78027,15.31,0.00201,4528260,135458615.0,1.193306437342723,29.33027
HK.00285,比亚迪电子,2024-08-23,29.18027,29.53027,29.93027,29.18027,15.234,0.00238,5363930,161983593.0,-0.5053862380631934,29.68027
HK.00285,比亚迪电子,2024-08-26,29.43027,29.73027,30.08027,29.43027,15.336,0.00211,4751132,143987002.0,0.677271152617295,29.53027
HK.00285,比亚迪电子,2024-08-27,29.58027,29.63027,29.63027,29.18027,15.285,0.00166,3748164,112849774.0,-0.3363575238300944,29.73027
HK.00285,比亚迪电子,2024-08-28,29.68027,28.88027,29.68027,28.03027,14.906,0.0036,8109485,237385848.0,-2.531195294541697,29.63027
HK.00285,比亚迪电子,2024-08-29,27.38027,27.03027,27.48027,24.48027,13.971,0.01484,33442248,889319273.0,-6.405757286895164,28.88027
HK.00285,比亚迪电子,2024-08-30,27.28027,28.08027,29.08027,27.18027,14.502,0.00733,16525606,475507151.0,3.884533894777955,27.03027
HK.00285,比亚迪电子,2024-09-02,28.63027,26.88027,28.78027,26.28027,13.895,0.00471,10620796,292293120.0,-4.273463182512131,28.08027
HK.00285,比亚迪电子,2024-09-03,27.03027,26.68027,27.38027,26.48027,13.794,0.00228,5136751,140909283.0,-0.7440401454300842,26.88027
HK.00285,比亚迪电子,2024-09-04,26.33027,26.58027,26.68027,25.68027,13.744,0.00343,7738120,207757784.0,-0.3748088006605684,26.68027
HK.00285,比亚迪电子,2024-09-05,26.68027,26.48027,26.88027,26.23027,13.693,0.00259,5826990,157968221.0,-0.3762189022158085,26.58027
HK.00285,比亚迪电子,2024-09-09,26.33027,25.58027,26.48027,25.23027,13.239,0.00358,8066856,210602009.0,-3.3987568857870487,26.48027
HK.00285,比亚迪电子,2024-09-10,25.63027,25.43027,26.08027,24.88027,13.163,0.00333,7492826,194423920.0,-0.5863894321678332,25.58027
HK.00285,比亚迪电子,2024-09-11,25.18027,24.93027,25.23027,24.58027,12.91,0.00287,6458371,164447079.0,-1.9661607997083792,25.43027
HK.00285,比亚迪电子,2024-09-12,25.08027,24.73027,25.43027,24.58027,12.809,0.00291,6566100,167182500.0,-0.8022376011170328,24.93027
HK.00285,比亚迪电子,2024-09-13,24.88027,24.98027,25.38027,24.73027,12.935,0.00222,5009535,128496373.0,1.0109068764716278,24.73027
HK.00285,比亚迪电子,2024-09-16,25.08027,24.93027,25.13027,24.23027,12.91,0.00081,1831560,46447902.0,-0.200157964665717,24.98027
HK.00285,比亚迪电子,2024-09-17,24.83027,25.18027,25.33027,24.73027,13.036,0.00096,2165697,55794415.0,1.0027970013962946,24.93027
HK.00285,比亚迪电子,2024-09-19,25.18027,25.33027,25.53027,24.23027,13.112,0.00568,12809442,328966117.0,0.595704494034411,25.18027
HK.00285,比亚迪电子,2024-09-20,25.68027,26.13027,26.93027,25.58027,13.516,0.00713,16065121,433037474.0,3.158276638977795,25.33027
HK.00285,比亚迪电子,2024-09-23,26.48027,26.33027,27.38027,26.28027,13.617,0.00418,9415166,257742114.0,0.765395841680929,26.13027
HK.00285,比亚迪电子,2024-09-24,26.98027,28.13027,28.23027,26.53027,14.527,0.00772,17403667,489719443.0,6.836238291517713,26.33027
HK.00285,比亚迪电子,2024-09-25,28.88027,27.98027,29.73027,27.83027,14.451,0.00994,22401019,660490256.0,-0.5332334172405689,28.13027
HK.00285,比亚迪电子,2024-09-26,28.33027,30.18027,30.28027,27.98027,15.563,0.00967,21779008,654854197.0,7.862683240726409,27.98027
HK.00285,比亚迪电子,2024-09-27,30.58027,31.38027,31.98027,30.18027,16.169,0.01164,26216665,831721374.0,3.976107569614186,30.18027
HK.00285,比亚迪电子,2024-09-30,32.38027,31.930269999,32.88027,29.78027,16.447,0.01952,43993024,1412854184.0,1.752693647951406,31.38027
HK.00285,比亚迪电子,2024-10-02,32.83027,33.78027,34.43027,31.680269999,17.382,0.01075,24233146,819463241.0,5.793875219526614,31.930269999
HK.00285,比亚迪电子,2024-10-03,34.18027,31.58027,34.18027,30.08027,16.27,0.00969,21834536,701525746.0,-6.512677370547965,33.78027
HK.00285,比亚迪电子,2024-10-04,31.38027,33.430269999,33.680269999,30.63027,17.205,0.00582,13103606,437305122.0,5.858087973915352,31.58027
HK.00285,比亚迪电子,2024-10-07,34.13027,35.43027,36.53027,33.680269999,18.216,0.01077,24265985,867716770.0,5.982601998308209,33.430269999
HK.00285,比亚迪电子,2024-10-08,36.13027,30.48027,36.13027,30.18027,15.715,0.01934,43565746,1426557921.0,-13.971104369230035,35.43027
HK.00285,比亚迪电子,2024-10-09,30.98027,30.38027,32.48027,29.58027,15.664,0.01597,35979673,1138874822.0,-0.3280810832712486,30.48027
HK.00285,比亚迪电子,2024-10-10,31.48027,32.38027,33.08027,31.03027,16.675,0.01107,24950907,818350002.0,6.583219964799534,30.38027
HK.00285,比亚迪电子,2024-10-14,31.930269999,33.23027,33.53027,30.68027,17.104,0.01158,26093228,859129583.0,2.625055319180458,32.38027
HK.00285,比亚迪电子,2024-10-15,33.23027,31.78027,33.48027,31.53027,16.371,0.00834,18800399,621398683.0,-4.363491479304851,33.23027
HK.00285,比亚迪电子,2024-10-16,31.18027,31.63027,31.930269999,31.08027,16.296,0.00486,10944310,352008262.0,-0.4719909553946588,31.78027
HK.00285,比亚迪电子,2024-10-17,31.78027,31.03027,32.28027,30.93027,15.992,0.00459,10351805,333127625.0,-1.8969170987158752,31.63027
HK.00285,比亚迪电子,2024-10-18,31.08027,34.93027,35.08027,31.08027,17.963,0.01428,32165934,1096464654.0,12.568372753443647,31.03027
HK.00285,比亚迪电子,2024-10-21,34.53027,33.88027,36.13027,33.58027,17.433,0.00956,21547500,762413046.0,-3.0059887885206646,34.93027
HK.00285,比亚迪电子,2024-10-22,33.83027,32.78027,33.83027,32.73027,16.877,0.00551,12405260,419097877.0,-3.2467273725976837,33.88027
HK.00285,比亚迪电子,2024-10-23,32.78027,33.73027,33.83027,32.180269999,17.357,0.00606,13648085,461296734.0,2.898084732065952,32.78027
HK.00285,比亚迪电子,2024-10-24,32.88027,32.33027,33.48027,32.33027,16.649,0.00416,9365657,311456918.0,-4.15057454328115,33.73027
HK.00285,比亚迪电子,2024-10-25,32.48027,33.680269999,34.28027,32.38027,17.331,0.0062,13979339,476153719.0,4.175653339733933,32.33027
HK.00285,比亚迪电子,2024-10-28,33.680269999,33.180269999,33.78027,32.58027,17.079,0.00406,9143600,309640035.0,-1.4845486690422776,33.680269999
HK.00285,比亚迪电子,2024-10-29,33.180269999,34.23027,34.38027,32.88027,17.609,0.00556,12535767,432763497.0,3.164531213976397,33.180269999
HK.00285,比亚迪电子,2024-10-30,34.23027,33.93027,34.68027,33.53027,17.458,0.00458,10327202,358081312.0,-0.8764172762879089,34.23027
HK.00285,比亚迪电子,2024-10-31,33.430269999,32.88027,35.13027,32.430269999,16.927,0.00711,16013206,546179676.0,-3.0945819175620977,33.93027
HK.00285,比亚迪电子,2024-11-01,33.180269999,31.930269999,33.28027,31.83027,16.447,0.00423,9537655,313026308.0,-2.8892706811714226,32.88027
HK.00285,比亚迪电子,2024-11-04,32.38027,31.73027,32.53027,31.48027,16.346,0.00306,6885495,223833789.0,-0.6263648851270686,31.930269999
HK.00285,比亚迪电子,2024-11-05,31.58027,33.680269999,34.08027,31.08027,17.331,0.00652,14699075,495259264.0,6.145551232309072,31.73027
HK.00285,比亚迪电子,2024-11-06,34.18027,32.430269999,34.38027,32.38027,16.7,0.00568,12793023,429541475.0,-3.711371672605694,33.680269999
HK.00285,比亚迪电子,2024-11-07,31.930269999,30.58027,32.180269999,30.23027,15.765,0.01553,34986574,1096684711.0,-5.704547014431405,32.430269999
HK.00285,比亚迪电子,2024-11-08,31.18027,29.83027,31.33027,29.78027,15.386,0.00977,22005621,681594523.0,-2.4525617334313923,30.58027
HK.00285,比亚迪电子,2024-11-11,29.28027,30.23027,30.53027,29.03027,15.588,0.00744,16775071,511847814.0,1.3409198106487208,29.83027
HK.00285,比亚迪电子,2024-11-12,29.68027,28.68027,30.03027,28.53027,14.805,0.00718,16170804,483283900.0,-5.127311135494327,30.23027
HK.00285,比亚迪电子,2024-11-13,28.58027,28.98027,29.13027,27.63027,14.957,0.00851,19180714,555012255.0,1.0460152571785435,28.68027
HK.00285,比亚迪电子,2024-11-14,28.88027,27.68027,28.88027,27.48027,14.3,0.0055,12399118,354991024.0,-4.485810518673569,28.98027
HK.00285,比亚迪电子,2024-11-15,27.73027,27.78027,28.43027,27.28027,14.35,0.00523,11773220,336078323.0,0.3612681523699061,27.68027
HK.00285,比亚迪电子,2024-11-18,28.23027,27.83027,28.48027,27.58027,14.375,0.00499,11234296,321835189.0,0.1799838518488019,27.78027
HK.00285,比亚迪电子,2024-11-19,27.98027,29.63027,29.78027,27.88027,15.285,0.01026,23128848,689580660.0,6.467777711103776,27.83027
HK.00285,比亚迪电子,2024-11-20,29.68027,30.63027,30.93027,29.63027,15.79,0.0072,16221301,505045548.0,3.374927059388929,29.63027
HK.00285,比亚迪电子,2024-11-21,30.63027,32.180269999,32.680269999,30.48027,16.574,0.01248,28130573,919545562.0,5.060353692605378,30.63027
HK.00285,比亚迪电子,2024-11-22,32.180269999,33.58027,34.83027,32.08027,17.281,0.01566,35274113,1219163940.0,4.350491779725612,32.180269999
HK.00285,比亚迪电子,2024-11-25,33.48027,33.73027,34.78027,32.930269999,17.357,0.01097,24711645,853400031.0,0.4466908693706113,33.58027
HK.00285,比亚迪电子,2024-11-26,33.73027,33.03027,34.18027,32.88027,17.003,0.00703,15848839,538669138.0,-2.0752872716405646,33.73027
HK.00285,比亚迪电子,2024-11-27,33.03027,33.53027,33.83027,32.38027,17.256,0.00539,12134540,410290412.0,1.5137629816528897,33.03027
HK.00285,比亚迪电子,2024-11-28,33.48027,33.53027,34.73027,33.180269999,17.256,0.00557,12540475,434586896.0,0.0,33.53027
HK.00285,比亚迪电子,2024-11-29,33.680269999,33.93027,34.98027,33.180269999,17.458,0.00516,11623577,402192626.0,1.1929519207569714,33.53027
HK.00285,比亚迪电子,2024-12-02,34.88027,37.83027,38.78027,34.43027,19.429,0.01839,41444853,1577563771.0,11.494161408087818,33.93027
HK.00285,比亚迪电子,2024-12-03,37.68027,37.63027,38.48027,36.58027,19.327,0.0085,19149955,731072446.0,-0.5286771677812391,37.83027
HK.00285,比亚迪电子,2024-12-04,37.63027,36.98027,37.78027,36.08027,18.999,0.00527,11872467,444668962.0,-1.7273328094643108,37.63027
HK.00285,比亚迪电子,2024-12-05,36.58027,38.93027,38.98027,36.43027,19.984,0.00978,22042072,862097366.0,5.273082105674196,36.98027
HK.00285,比亚迪电子,2024-12-06,38.88027,38.68027,39.73027,37.78027,19.858,0.00646,14561580,572918170.0,-0.6421738148746464,38.93027
HK.00285,比亚迪电子,2024-12-09,38.53027,42.33027,42.68027,38.18027,21.702,0.01627,36653415,1533955157.0,9.436335372012651,38.68027
HK.00285,比亚迪电子,2024-12-10,42.33027,40.73027,42.33027,40.48027,20.894,0.00977,22008242,923127092.0,-3.779801073794241,42.33027
HK.00285,比亚迪电子,2024-12-11,40.88027,41.13027,42.38027,40.88027,21.096,0.00488,11001514,464745657.0,0.982070582885912,40.73027
HK.00285,比亚迪电子,2024-12-12,41.58027,41.08027,42.68027,40.78027,21.071,0.00478,10776087,453328909.0,-0.12156496906051,41.13027
HK.00285,比亚迪电子,2024-12-13,40.88027,41.18027,41.88027,40.28027,21.121,0.00557,12543964,523349111.0,0.2434258586908056,41.08027
HK.00285,比亚迪电子,2024-12-16,41.68027,39.68027,42.83027,39.28027,20.363,0.00835,18806541,769647637.0,-3.6425210422369743,41.18027
HK.00285,比亚迪电子,2024-12-17,39.48027,39.23027,40.28027,38.53027,20.136,0.00686,15462741,618100956.0,-1.134064863973967,39.68027
HK.00285,比亚迪电子,2024-12-18,39.33027,39.03027,40.18027,38.23027,20.035,0.00538,12118801,480393680.0,-0.5098104091559802,39.23027
HK.00285,比亚迪电子,2024-12-19,38.58027,38.53027,39.33027,37.58027,19.782,0.00648,14607942,569436792.0,-1.2810569847454296,39.03027
HK.00285,比亚迪电子,2024-12-20,38.53027,38.53027,39.33027,37.93027,19.782,0.00317,7137374,280652612.0,0.0,38.53027
HK.00285,比亚迪电子,2024-12-23,38.53027,38.88027,39.68027,38.53027,19.959,0.0048,10809942,430094973.0,0.9083767126469692,38.53027
HK.00285,比亚迪电子,2024-12-24,38.88027,41.13027,41.28027,38.43027,21.096,0.0059,13298800,544659718.0,5.786996849558915,38.88027
HK.00285,比亚迪电子,2024-12-27,41.88027,42.73027,43.38027,41.88027,21.905,0.01271,28634639,1240450504.0,3.890079009935977,41.13027
HK.00285,比亚迪电子,2024-12-30,42.73027,41.43027,42.88027,41.43027,21.248,0.00702,15810722,673542714.0,-3.0423397745906993,42.73027
HK.00285,比亚迪电子,2024-12-31,41.73027,41.43027,42.43027,40.98027,21.248,0.0025,5639800,238585635.0,0.0,41.43027
HK.00285,比亚迪电子,2025-01-02,41.38027,39.43027,41.43027,39.18027,20.237,0.00636,14329947,581687028.0,-4.827388283976909,41.43027
HK.00285,比亚迪电子,2025-01-03,39.38027,40.53027,41.73027,38.98027,20.793,0.00727,16376394,678608933.0,2.789734891493265,39.43027
HK.00285,比亚迪电子,2025-01-06,40.53027,40.18027,41.63027,39.73027,20.616,0.00462,10404214,429538552.0,-0.8635521056237756,40.53027
HK.00285,比亚迪电子,2025-01-07,40.18027,41.18027,41.98027,39.48027,21.121,0.00532,11987336,497694920.0,2.4887836741764056,40.18027
HK.00285,比亚迪电子,2025-01-08,41.08027,39.83027,41.08027,39.38027,20.439,0.00515,11593600,470668928.0,-3.278268938013281,41.18027
HK.00285,比亚迪电子,2025-01-09,39.88027,40.03027,41.13027,39.23027,20.54,0.00403,9079559,370265800.0,0.5021306659482921,39.83027
HK.00285,比亚迪电子,2025-01-10,40.38027,38.48027,40.88027,38.23027,19.757,0.00661,14892336,591806719.0,-3.872069811170407,40.03027
HK.00285,比亚迪电子,2025-01-13,38.28027,36.63027,38.38027,36.08027,18.822,0.00769,17333632,648390408.0,-4.807658574121217,38.48027
HK.00285,比亚迪电子,2025-01-14,36.73027,37.98027,38.53027,36.73027,19.504,0.00511,11510249,442250733.0,3.685476519829076,36.63027
HK.00285,比亚迪电子,2025-01-15,38.33027,37.08027,38.33027,36.63027,19.05,0.00444,10007972,377402388.0,-2.3696514005824567,37.98027
HK.00285,比亚迪电子,2025-01-16,37.53027,37.33027,38.23027,36.38027,19.176,0.00435,9807134,372989644.0,0.67421299790967,37.08027
HK.00285,比亚迪电子,2025-01-17,37.33027,37.48027,38.28027,36.93027,19.252,0.00373,8415712,320291052.0,0.4018186849438768,37.33027
HK.00285,比亚迪电子,2025-01-20,38.33027,38.58027,39.48027,37.78027,19.807,0.00532,11987203,471960999.0,2.9348774701996585,37.48027
HK.00285,比亚迪电子,2025-01-21,38.98027,40.48027,40.78027,38.48027,20.768,0.00675,15217852,617122073.0,4.92479705300144,38.58027
HK.00285,比亚迪电子,2025-01-22,40.28027,41.13027,41.78027,40.18027,21.096,0.00623,14028153,585415754.0,1.605720515204088,40.48027
HK.00285,比亚迪电子,2025-01-23,41.48027,39.78027,42.33027,39.43027,20.414,0.00574,12933591,533425474.0,-3.2822541646334953,41.13027
HK.00285,比亚迪电子,2025-01-24,40.28027,42.03027,42.33027,39.68027,21.551,0.00716,16138795,680292999.0,5.656070207668273,39.78027
HK.00285,比亚迪电子,2025-01-27,42.03027,41.63027,42.33027,40.93027,21.349,0.00587,13225210,558266705.0,-0.9516950521612128,42.03027
HK.00285,比亚迪电子,2025-01-28,42.13027,41.68027,42.13027,41.03027,21.374,0.00087,1970300,82955997.0,0.1201049140445093,41.63027
HK.00285,比亚迪电子,2025-02-03,41.48027,41.68027,42.03027,40.68027,21.374,0.00186,4190920,176119057.0,0.0,41.68027
HK.00285,比亚迪电子,2025-02-04,42.23027,43.18027,43.38027,41.93027,22.132,0.00391,8803525,382554465.0,3.5988250555958494,41.68027
HK.00285,比亚迪电子,2025-02-05,43.58027,44.33027,44.58027,43.23027,22.713,0.00878,19778954,884149138.0,2.6632533793790514,43.18027
HK.00285,比亚迪电子,2025-02-06,44.38027,53.13027,53.38027,44.28027,27.16,0.02711,61076998,3105433523.0,19.8509957191779,44.33027
HK.00285,比亚迪电子,2025-02-07,53.18027,53.13027,55.38027,50.53027,27.16,0.02277,51301692,2772034566.0,0.0,53.13027
HK.00285,比亚迪电子,2025-02-10,53.78027,53.63027,55.43027,51.23027,27.412,0.01362,30684094,1652168888.0,0.9410831151432132,53.13027
HK.00285,比亚迪电子,2025-02-11,55.18027,54.48027,57.68027,53.23027,27.842,0.02037,45904878,2567901447.0,1.5849258264036228,53.63027
HK.00285,比亚迪电子,2025-02-12,55.38027,59.98027,60.18027,54.48027,30.621,0.01941,43724965,2574376717.0,10.095397838520258,54.48027
HK.00285,比亚迪电子,2025-02-13,60.68027,55.38027,60.93027,54.93027,28.297,0.01955,44039494,2548738960.0,-7.6691885515020095,59.98027
HK.00285,比亚迪电子,2025-02-14,56.98027,58.23027,58.58027,55.58027,29.737,0.01757,39591049,2290901124.0,5.146237098519011,55.38027
HK.00285,比亚迪电子,2025-02-17,58.18027,55.28027,58.18027,53.18027,28.246,0.02012,45341750,2511471114.0,-5.066093631370756,58.23027
HK.00285,比亚迪电子,2025-02-18,56.08027,55.18027,56.73027,54.08027,28.196,0.01287,28989349,1622815294.0,-0.1808963668231023,55.28027
HK.00285,比亚迪电子,2025-02-19,54.38027,56.68027,56.83027,53.68027,28.954,0.0101,22761705,1286761508.0,2.7183629221096597,55.18027
HK.00285,比亚迪电子,2025-02-20,57.03027,55.63027,58.83027,54.38027,28.423,0.00813,18314421,1037938891.0,-1.8524964683477991,56.68027
HK.00285,比亚迪电子,2025-02-21,56.88027,57.58027,57.78027,55.43027,29.408,0.01082,24386571,1402242427.0,3.505285881229762,55.63027
HK.00285,比亚迪电子,2025-02-24,57.28027,56.78027,58.13027,55.88027,29.004,0.0091,20498862,1174983772.0,-1.3893647945728582,57.58027
HK.00285,比亚迪电子,2025-02-25,54.83027,55.23027,56.23027,53.58027,28.221,0.00926,20857841,1158365961.0,-2.7298214679148307,56.78027
HK.00285,比亚迪电子,2025-02-26,55.38027,55.03027,56.28027,54.08027,28.12,0.00836,18842364,1044361022.0,-0.3621202648475116,55.23027
HK.00285,比亚迪电子,2025-02-27,54.58027,55.38027,57.18027,52.93027,28.297,0.00972,21903617,1216039976.0,0.636013597607283,55.03027
HK.00285,比亚迪电子,2025-02-28,55.38027,49.48027,55.38027,48.38027,25.315,0.01864,41992108,2140880745.0,-10.65361364254816,55.38027
HK.00285,比亚迪电子,2025-03-03,49.93027,47.73027,50.03027,46.88027,24.431,0.0149,33579925,1631326543.0,-3.5367632391658335,49.48027
HK.00285,比亚迪电子,2025-03-04,45.68027,47.73027,48.33027,44.53027,24.431,0.01116,25147424,1191723056.0,0.0,47.73027
HK.00285,比亚迪电子,2025-03-05,48.53027,50.53027,50.68027,47.83027,25.846,0.00895,20157733,1010999447.0,5.866298263135751,47.73027
HK.00285,比亚迪电子,2025-03-06,51.38027,49.93027,52.38027,49.08027,25.543,0.01372,30904483,1581308024.0,-1.1874070730277146,50.53027
HK.00285,比亚迪电子,2025-03-07,49.68027,49.33027,50.38027,48.53027,25.24,0.00813,18327652,917494301.0,-1.201675857150385,49.93027
HK.00285,比亚迪电子,2025-03-10,49.33027,48.83027,50.03027,47.68027,24.987,0.00964,21709746,1067499648.0,-1.0135764511323373,49.33027
HK.00285,比亚迪电子,2025-03-11,48.28027,49.08027,49.28027,46.78027,25.113,0.00609,13721548,668478135.0,0.5119775090328192,48.83027
HK.00285,比亚迪电子,2025-03-12,50.33027,49.38027,51.28027,48.58027,25.265,0.00697,15699825,794762930.0,0.6112435811783519,49.08027
HK.00285,比亚迪电子,2025-03-13,49.88027,48.48027,50.13027,47.48027,24.81,0.00472,10627272,522347397.0,-1.8225902774529297,49.38027
HK.00285,比亚迪电子,2025-03-14,48.98027,49.53027,49.88027,47.38027,25.341,0.00635,14300917,708258975.0,2.1658295219890573,48.48027
HK.00285,比亚迪电子,2025-03-17,51.13027,49.83027,51.58027,49.63027,25.492,0.00445,10037893,509481437.0,0.6056902173155873,49.53027
HK.00285,比亚迪电子,2025-03-18,51.18027,51.73027,51.98027,50.13027,26.452,0.00925,20850865,1081839280.0,3.8129434177258097,49.83027
HK.00285,比亚迪电子,2025-03-19,52.33027,49.68027,52.33027,49.53027,25.416,0.00819,18447459,937361124.0,-3.9628635226531728,51.73027
HK.00285,比亚迪电子,2025-03-20,49.88027,48.18027,50.13027,47.83027,24.658,0.0093,20948451,1029807265.0,-3.0193072622189856,49.68027
HK.00285,比亚迪电子,2025-03-21,48.18027,46.63027,48.18027,45.43027,23.875,0.01069,24092518,1133568803.0,-3.2170845036775373,48.18027
HK.00285,比亚迪电子,2025-03-24,47.78027,46.33027,47.78027,44.83027,22.969,0.01127,25400629,1179435973.0,-0.643358916858093,46.63027
HK.00285,比亚迪电子,2025-03-25,45.68027,41.83027,45.68027,40.98027,20.768,0.02161,48680539,2078479994.0,-9.71287238343312,46.33027
HK.00285,比亚迪电子,2025-03-26,42.03027,40.58027,43.18027,40.03027,20.156,0.01478,33312216,1379827401.0,-2.988266630839342,41.83027
HK.00285,比亚迪电子,2025-03-27,40.48027,40.73027,41.48027,39.48027,20.229,0.01025,23106139,951424342.0,0.3696377574619355,40.58027
HK.00285,比亚迪电子,2025-03-28,41.13027,40.93027,41.48027,39.93027,20.327,0.00715,16110418,665429471.0,0.491035291442956,40.73027
HK.00285,比亚迪电子,2025-03-31,40.53027,39.68027,41.38027,38.98027,19.716,0.00764,17212402,692606208.0,-3.0539744790347094,40.93027
HK.00285,比亚迪电子,2025-04-01,40.23027,39.23027,40.48027,38.23027,19.496,0.00811,18282773,727511262.0,-1.134064863973967,39.68027
HK.00285,比亚迪电子,2025-04-02,39.68027,40.03027,40.93027,38.93027,19.887,0.00731,16479724,671419620.0,2.039241636623975,39.23027
HK.00285,比亚迪电子,2025-04-03,38.18027,36.48027,38.18027,35.58027,18.15,0.02139,48193647,1799851696.0,-8.868288922358015,40.03027
HK.00285,比亚迪电子,2025-04-07,31.78027,28.18027,32.13027,27.83027,14.09,0.02859,64422733,1940545218.0,-22.752024587537313,36.48027
HK.00285,比亚迪电子,2025-04-08,29.23027,28.03027,29.78027,26.73027,14.016,0.02476,55781314,1596826193.0,-0.5322873059768362,28.18027
HK.00285,比亚迪电子,2025-04-09,26.38027,28.48027,28.78027,26.03027,14.236,0.02188,49293565,1385155229.0,1.6054072971826503,28.03027
HK.00285,比亚迪电子,2025-04-10,32.48027,30.43027,33.13027,30.03027,15.19,0.02637,59411572,1899824325.0,6.846845201959108,28.48027
HK.00285,比亚迪电子,2025-04-11,30.38027,32.33027,32.73027,29.78027,16.12,0.01987,44769525,1448707467.0,6.243782917470001,30.43027
HK.00285,比亚迪电子,2025-04-14,34.48027,33.33027,34.98027,32.680269999,16.609,0.01935,43594513,1492368277.0,3.0930765502422344,32.33027
HK.00285,比亚迪电子,2025-04-15,33.680269999,32.58027,33.88027,31.98027,16.242,0.00784,17662803,584903143.0,-2.250206794004369,33.33027
HK.00285,比亚迪电子,2025-04-16,32.03027,31.13027,32.13027,30.68027,15.533,0.0086,19369817,615352220.0,-4.450546296884585,32.58027
HK.00285,比亚迪电子,2025-04-17,30.98027,31.430269999,32.03027,30.58027,15.68,0.00565,12739095,407785250.0,0.963692248734112,31.13027
HK.00285,比亚迪电子,2025-04-22,31.38027,32.33027,32.48027,31.13027,16.12,0.00675,15199744,496791884.0,2.8634816087441615,31.430269999
HK.00285,比亚迪电子,2025-04-23,34.38027,34.23027,34.73027,33.08027,17.049,0.01391,31335363,1082101027.0,5.876845445460241,32.33027
HK.00285,比亚迪电子,2025-04-24,34.48027,33.38027,34.53027,32.73027,16.634,0.00937,21106673,719924016.0,-2.483182282815749,34.23027
HK.00285,比亚迪电子,2025-04-25,33.88027,34.13027,34.83027,33.430269999,17.0,0.0093,20953555,729091391.0,2.246836229904671,33.38027
HK.00285,比亚迪电子,2025-04-28,32.930269999,31.18027,32.930269999,30.93027,15.557,0.01795,40435086,1296083698.0,-8.64335383224335,34.13027
HK.00285,比亚迪电子,2025-04-29,31.430269999,31.38027,31.680269999,31.13027,15.655,0.00644,14501301,464035154.0,0.6414312640653826,31.18027
HK.00285,比亚迪电子,2025-04-30,31.53027,31.680269999,31.88027,31.18027,15.802,0.00514,11589470,372856844.0,0.9560147156158968,31.38027
HK.00285,比亚迪电子,2025-05-02,31.88027,32.98027,33.180269999,31.48027,16.438,0.00461,10387530,345744075.0,4.103500383806805,31.680269999
HK.00285,比亚迪电子,2025-05-06,32.78027,32.58027,32.930269999,32.180269999,16.242,0.00673,15153647,502134649.0,-1.21284634722517,32.98027
HK.00285,比亚迪电子,2025-05-07,33.78027,33.03027,34.78027,32.98027,16.462,0.01241,27962526,960376954.0,1.3812040231710876,32.58027
HK.00285,比亚迪电子,2025-05-08,33.08027,33.13027,33.83027,32.73027,16.511,0.00604,13601796,462280896.0,0.3027525963305822,33.03027
HK.00285,比亚迪电子,2025-05-09,33.430269999,32.73027,33.430269999,32.430269999,16.316,0.00465,10473906,349543022.0,-1.2073550864511688,33.13027
HK.00285,比亚迪电子,2025-05-12,34.08027,37.33027,38.58027,33.98027,18.566,0.03303,74429019,2752097387.0,14.054268418806206,32.73027
HK.00285,比亚迪电子,2025-05-13,37.38027,34.63027,37.38027,34.58027,17.245,0.01823,41075556,1481242082.0,-7.23273632898984,37.33027
HK.00285,比亚迪电子,2025-05-14,35.23027,35.13027,35.68027,34.68027,17.49,0.00919,20715617,741583783.0,1.4438235682251392,34.63027
HK.00285,比亚迪电子,2025-05-15,35.23027,34.33027,35.53027,34.13027,17.098,0.00719,16191649,571489274.0,-2.2772384043732203,35.13027
HK.00285,比亚迪电子,2025-05-16,34.33027,34.03027,34.38027,33.63027,16.952,0.00564,12709332,439400349.0,-0.8738643768312838,34.33027
HK.00285,比亚迪电子,2025-05-19,34.03027,33.680269999,34.03027,33.03027,16.78,0.0065,14646313,498565675.0,-1.0284961036160014,34.03027
HK.00285,比亚迪电子,2025-05-20,33.680269999,33.63027,33.98027,33.08027,16.756,0.00594,13380483,458022940.0,-0.1484548639351112,33.680269999
HK.00285,比亚迪电子,2025-05-21,33.83027,34.33027,34.83027,33.680269999,17.098,0.00674,15190617,531297637.0,2.0814581625422446,33.63027
HK.00285,比亚迪电子,2025-05-22,33.98027,33.23027,34.08027,32.98027,16.56,0.00676,15225098,518122451.0,-3.2041693817147414,34.33027
HK.00285,比亚迪电子,2025-05-23,33.38027,33.08027,33.93027,32.88027,16.487,0.0057,12852821,436419790.0,-0.4513956702729126,33.23027
HK.00285,比亚迪电子,2025-05-26,32.53027,31.88027,32.63027,31.48027,15.9,0.00964,21712248,707714516.0,-3.627539920321084,33.08027
HK.00285,比亚迪电子,2025-05-27,32.03027,31.78027,32.08027,31.23027,15.851,0.00438,9860774,317730926.0,-0.3136736294893295,31.88027
HK.00285,比亚迪电子,2025-05-28,31.78027,31.38027,31.930269999,31.13027,15.655,0.00581,13091128,418648994.0,-1.2586425477190788,31.78027
HK.00285,比亚迪电子,2025-05-29,32.180269999,32.53027,32.58027,31.48027,16.218,0.00956,21544448,705948728.0,3.664723088743348,31.38027
HK.00285,比亚迪电子,2025-05-30,32.03027,30.53027,32.03027,30.43027,15.239,0.01318,29688171,932722804.0,-6.14811988956747,32.53027
HK.00285,比亚迪电子,2025-06-02,29.98027,30.43027,30.58027,29.58027,15.19,0.004,9006630,277035572.0,-0.3275437786826039,30.53027
HK.00285,比亚迪电子,2025-06-03,30.78027,30.83027,31.28027,30.53027,15.386,0.005,11263382,354302197.0,1.3144806142042071,30.43027
HK.00285,比亚迪电子,2025-06-04,30.83027,30.83027,31.28027,30.63027,15.386,0.0068,15318385,482630903.0,0.0,30.83027
HK.00285,比亚迪电子,2025-06-05,31.13027,31.78027,31.78027,30.98027,15.851,0.00866,19503816,627316829.0,3.0813872210655404,30.83027
HK.00285,比亚迪电子,2025-06-06,31.83027,31.430269999,31.930269999,31.03027,15.68,0.00981,22111022,707346685.0,-1.1013122324007991,31.78027
HK.00285,比亚迪电子,2025-06-09,31.73027,32.08027,32.23027,31.430269999,15.998,0.01042,23488157,763501823.0,2.0680700516434616,31.430269999
HK.00285,比亚迪电子,2025-06-10,32.7,31.95,32.85,31.45,15.631,0.00605,13630922,435768719.0,-0.4060751359012859,32.08027
HK.00285,比亚迪电子,2025-06-11,32.25,32.5,33.25,32.2,15.9,0.00891,20074497,655580258.0,1.721439749608766,31.95
HK.00285,比亚迪电子,2025-06-12,32.25,31.65,32.35,31.55,15.484,0.00702,15820073,504734079.0,-2.61538461538462,32.5
HK.00285,比亚迪电子,2025-06-13,31.6,30.95,31.6,30.6,15.141,0.00678,15287152,472011579.0,-2.211690363349129,31.65
HK.00285,比亚迪电子,2025-06-16,30.75,30.9,31.15,30.5,15.117,0.00462,10417226,322241418.0,-0.1615508885298892,30.95
HK.00285,比亚迪电子,2025-06-17,31.0,31.35,31.4,30.95,15.337,0.00419,9447160,294692594.0,1.4563106796116598,30.9
HK.00285,比亚迪电子,2025-06-18,31.0,30.45,31.3,30.2,14.897,0.00731,16460982,501783162.0,-2.870813397129193,31.35
HK.00285,比亚迪电子,2025-06-19,30.45,29.7,30.9,29.6,14.53,0.00719,16203647,486796771.0,-2.4630541871921183,30.45
HK.00285,比亚迪电子,2025-06-20,29.95,30.1,30.75,29.85,14.726,0.00577,13005282,391624595.0,1.346801346801354,29.7
HK.00285,比亚迪电子,2025-06-23,30.1,30.75,30.8,29.45,15.044,0.00445,10018670,304216969.0,2.1594684385382013,30.1
HK.00285,比亚迪电子,2025-06-24,31.15,31.6,31.8,31.1,15.459,0.00601,13550575,427305368.0,2.7642276422764276,30.75
HK.00285,比亚迪电子,2025-06-25,31.85,31.85,31.85,31.35,15.582,0.00713,16060375,508558499.0,0.791139240506329,31.6
HK.00285,比亚迪电子,2025-06-26,31.75,31.35,31.95,31.2,15.337,0.004,9021099,284440363.0,-1.5698587127158554,31.85
HK.00285,比亚迪电子,2025-06-27,31.5,31.45,32.15,31.2,15.386,0.00672,15145718,479504296.0,0.3189792663476806,31.35
HK.00285,比亚迪电子,2025-06-30,31.75,31.8,32.15,31.45,15.557,0.00612,13792185,439062719.0,1.112877583465823,31.45
HK.00285,比亚迪电子,2025-07-02,32.2,31.9,32.5,31.4,15.606,0.00428,9651030,306889918.0,0.3144654088050247,31.8
HK.00285,比亚迪电子,2025-07-03,32.1,32.45,33.35,31.8,15.875,0.00913,20570618,668549414.0,1.7241379310344962,31.9
HK.00285,比亚迪电子,2025-07-04,32.7,32.2,32.7,31.3,15.753,0.00723,16296794,520552297.0,-0.7704160246533127,32.45
HK.00285,比亚迪电子,2025-07-07,31.85,31.65,31.95,31.15,15.484,0.00585,13188522,414697935.0,-1.7080745341615036,32.2
HK.00285,比亚迪电子,2025-07-08,31.65,32.7,32.9,31.55,15.998,0.00732,16496311,534892677.0,3.31753554502371,31.65
HK.00285,比亚迪电子,2025-07-09,32.7,32.15,32.75,32.05,15.728,0.00347,7820510,252698436.0,-1.6819571865443557,32.7
HK.00285,比亚迪电子,2025-07-10,32.8,33.95,34.25,32.45,16.609,0.01628,36674114,1237864547.0,5.598755832037339,32.15
HK.00285,比亚迪电子,2025-07-11,34.1,33.4,34.2,33.4,16.34,0.00802,18063725,609743345.0,-1.6200294550810137,33.95
HK.00285,比亚迪电子,2025-07-14,33.45,33.25,33.6,32.9,16.267,0.00687,15487116,515957722.0,-0.4491017964071813,33.4
HK.00285,比亚迪电子,2025-07-15,33.3,33.7,34.1,32.75,16.487,0.00756,17027066,568417342.0,1.3533834586466251,33.25
HK.00285,比亚迪电子,2025-07-16,33.75,33.25,33.9,33.2,16.267,0.00519,11700706,391242818.0,-1.335311572700305,33.7
HK.00285,比亚迪电子,2025-07-17,33.25,33.5,33.7,32.65,16.389,0.00677,15246904,506984899.0,0.7518796992481203,33.25
HK.00285,比亚迪电子,2025-07-18,33.8,33.6,34.05,33.15,16.438,0.00487,10975243,368933231.0,0.2985074626865714,33.5
HK.00285,比亚迪电子,2025-07-21,33.85,33.4,34.05,33.15,16.34,0.00587,13234010,442013331.0,-0.5952380952381037,33.6
HK.00285,比亚迪电子,2025-07-22,33.55,33.45,33.6,33.15,16.364,0.00407,9174758,306649661.0,0.149700598802408,33.4
HK.00285,比亚迪电子,2025-07-23,33.9,33.65,33.95,33.25,16.462,0.00649,14615783,491445967.0,0.5979073243647106,33.45
HK.00285,比亚迪电子,2025-07-24,33.95,35.0,35.4,33.65,17.123,0.01476,33248555,1154720766.0,4.011887072808325,33.65
HK.00285,比亚迪电子,2025-07-25,34.9,34.4,34.95,34.0,16.829,0.00868,19561501,671110883.0,-1.7142857142857182,35.0
HK.00285,比亚迪电子,2025-07-28,34.4,34.4,34.9,34.0,16.829,0.00526,11843400,406901547.0,0.0,34.4
HK.00285,比亚迪电子,2025-07-29,34.4,34.8,34.8,33.4,17.025,0.00995,22425713,763717764.0,1.162790697674415,34.4
HK.00285,比亚迪电子,2025-07-30,34.6,33.25,34.6,33.1,16.267,0.01243,28000615,942257826.0,-4.45402298850574,34.8
HK.00285,比亚迪电子,2025-07-31,33.05,32.9,33.35,32.6,16.095,0.00759,17102712,562694515.0,-1.0526315789473728,33.25
HK.00285,比亚迪电子,2025-08-01,32.7,32.6,33.5,32.5,15.949,0.00513,11553699,379765398.0,-0.9118541033434564,32.9
HK.00285,比亚迪电子,2025-08-04,32.3,32.88,32.94,32.24,16.086,0.00296,6677920,217679268.0,0.8588957055214758,32.6
HK.00285,比亚迪电子,2025-08-05,32.98,35.42,35.86,32.98,17.328,0.01934,43587104,1514590585.0,7.725060827250604,32.88
HK.00285,比亚迪电子,2025-08-06,35.42,37.8,38.98,35.38,18.493,0.0399,89904430,3400033548.0,6.719367588932792,35.42
HK.00285,比亚迪电子,2025-08-07,37.8,36.98,38.16,36.06,18.091,0.01402,31589071,1165884328.0,-2.16931216931217,37.8
HK.00285,比亚迪电子,2025-08-08,36.96,36.44,37.4,36.08,17.827,0.00813,18320875,669268583.0,-1.4602487831260118,36.98
HK.00285,比亚迪电子,2025-08-11,36.9,38.68,39.04,36.66,18.923,0.01833,41296225,1584754204.0,6.147091108671795,36.44
HK.00285,比亚迪电子,2025-08-12,38.68,39.64,41.52,38.22,19.393,0.02499,56317782,2261718838.0,2.4819027921406436,38.68
HK.00285,比亚迪电子,2025-08-13,39.64,40.86,41.5,39.58,19.99,0.01612,36316396,1480798970.0,3.077699293642782,39.64
HK.00285,比亚迪电子,2025-08-14,41.2,38.8,41.5,38.38,18.982,0.02009,45263852,1778352877.0,-5.041605482134122,40.86
HK.00285,比亚迪电子,2025-08-15,38.38,40.32,40.5,38.1,19.726,0.01647,37116211,1468947556.0,3.917525773195885,38.8
HK.00285,比亚迪电子,2025-08-18,40.28,39.38,40.48,38.8,19.266,0.01499,33774095,1327436399.0,-2.3313492063492007,40.32
HK.00285,比亚迪电子,2025-08-19,39.4,37.54,39.6,37.32,18.365,0.01634,36811056,1394208268.0,-4.672422549517529,39.38
HK.00285,比亚迪电子,2025-08-20,37.6,38.04,38.22,36.76,18.61,0.01226,27625826,1033071534.0,1.3319126265316994,37.54
HK.00285,比亚迪电子,2025-08-21,38.26,37.22,38.58,36.82,18.209,0.01077,24258215,908263021.0,-2.155625657202945,38.04
HK.00285,比亚迪电子,2025-08-22,37.4,39.5,39.7,37.24,19.324,0.01823,41065583,1592380605.0,6.125738850080605,37.22
HK.00285,比亚迪电子,2025-08-25,40.0,39.18,40.28,38.64,19.168,0.01344,30274102,1184445919.0,-0.8101265822784818,39.5
HK.00285,比亚迪电子,2025-08-26,39.06,39.86,40.98,38.96,19.5,0.01713,38590537,1548510153.0,1.7355793772332817,39.18
HK.00285,比亚迪电子,2025-08-27,40.0,38.66,40.22,38.58,18.913,0.01192,26852097,1054724195.0,-3.010536879076776,39.86
HK.00285,比亚迪电子,2025-08-28,38.8,38.38,38.94,37.2,18.776,0.01487,33512910,1275736076.0,-0.724262803931697,38.66
HK.00285,比亚迪电子,2025-08-29,38.38,41.18,43.2,37.22,20.146,0.04506,101519316,4083874768.0,7.295466388744129,38.38
HK.00285,比亚迪电子,2025-09-01,45.8,44.1,45.8,42.64,21.575,0.04117,92770408,4080130045.0,7.090820786789707,41.18
HK.00285,比亚迪电子,2025-09-02,44.12,43.26,46.7,42.86,21.164,0.02432,54803971,2430993123.0,-1.9047619047619129,44.1
HK.00285,比亚迪电子,2025-09-03,43.4,41.1,43.88,40.84,20.107,0.01501,33811176,1411985737.0,-4.993065187239937,43.26
HK.00285,比亚迪电子,2025-09-04,41.78,41.18,43.22,40.38,20.146,0.01792,40388461,1684978104.0,0.1946472019464678,41.1
HK.00285,比亚迪电子,2025-09-05,41.56,42.24,42.68,41.18,20.665,0.01424,32094704,1351491728.0,2.574065080135994,41.18
HK.00285,比亚迪电子,2025-09-08,42.6,42.96,43.0,41.0,21.017,0.01399,31531331,1332444720.0,1.7045454545454517,42.24
HK.00285,比亚迪电子,2025-09-09,43.3,42.12,43.62,41.88,20.606,0.0096,21636537,918022777.0,-1.9553072625698404,42.96
HK.00285,比亚迪电子,2025-09-10,42.26,41.86,42.92,41.64,20.479,0.00947,21341016,901133834.0,-0.6172839506172793,42.12
HK.00285,比亚迪电子,2025-09-11,41.64,42.4,42.88,40.8,20.743,0.01176,26488056,1107533987.0,1.2900143334925924,41.86
HK.00285,比亚迪电子,2025-09-12,43.0,42.54,43.9,42.3,20.812,0.01309,29491400,1273137800.0,0.3301886792452844,42.4
HK.00285,比亚迪电子,2025-09-15,42.54,41.44,42.54,41.0,20.273,0.00985,22199129,922793987.0,-2.5858015984955367,42.54
HK.00285,比亚迪电子,2025-09-16,41.8,41.4,41.8,40.32,20.254,0.00953,21468887,879889966.0,-0.0965250965250944,41.44
HK.00285,比亚迪电子,2025-09-17,41.56,42.12,42.3,41.18,20.606,0.01042,23470181,982780687.0,1.739130434782606,41.4
HK.00285,比亚迪电子,2025-09-18,42.12,41.32,42.84,40.44,20.215,0.01536,34604172,1443155831.0,-1.8993352326685593,42.12
HK.00285,比亚迪电子,2025-09-19,41.56,41.5,42.78,40.84,20.303,0.01068,24065282,1002414766.0,0.4356243949661174,41.32
HK.00285,比亚迪电子,2025-09-22,42.26,43.0,43.62,41.94,21.037,0.01506,33925451,1452531269.0,3.614457831325301,41.5
HK.00285,比亚迪电子,2025-09-23,43.5,41.66,44.4,41.04,20.381,0.01177,26519262,1117079930.0,-3.1162790697674496,43.0
HK.00285,比亚迪电子,2025-09-24,42.0,41.68,42.0,40.5,20.391,0.00808,18203024,749250500.0,0.0480076812290041,41.66
HK.00285,比亚迪电子,2025-09-25,41.9,41.52,42.1,41.02,20.313,0.00806,18159513,755433991.0,-0.3838771593090129,41.68
HK.00285,比亚迪电子,2025-09-26,41.16,39.5,41.38,39.3,19.324,0.01315,29639957,1189572376.0,-4.865125240847791,41.52
HK.00285,比亚迪电子,2025-09-29,39.52,39.8,40.28,38.9,19.471,0.00746,16817944,667836740.0,0.7594936708860687,39.5
HK.00285,比亚迪电子,2025-09-30,40.02,41.34,41.38,39.84,20.225,0.00949,21393825,876428724.0,3.869346733668358,39.8
HK.00285,比亚迪电子,2025-10-02,41.34,44.08,44.6,40.92,21.565,0.01388,31271174,1364492451.0,6.627963231736804,41.34
HK.00285,比亚迪电子,2025-10-03,43.76,43.38,44.08,42.36,21.223,0.00412,9284059,398657605.0,-1.5880217785843822,44.08
HK.00285,比亚迪电子,2025-10-06,42.78,42.5,43.22,42.1,20.792,0.00259,5840603,248022342.0,-2.0285846011987148,43.38
HK.00285,比亚迪电子,2025-10-08,42.28,42.24,42.28,40.86,20.665,0.00451,10156817,423494313.0,-0.6117647058823483,42.5
HK.00285,比亚迪电子,2025-10-09,42.24,43.44,44.34,41.52,21.252,0.01621,36520421,1584343373.0,2.8409090909090806,42.24
HK.00285,比亚迪电子,2025-10-10,43.12,41.42,43.3,41.2,20.264,0.00893,20131547,845825397.0,-4.650092081031298,43.44
HK.00285,比亚迪电子,2025-10-13,40.0,40.06,40.48,38.26,19.598,0.02058,46364551,1832911287.0,-3.2834379526798636,41.42
HK.00285,比亚迪电子,2025-10-14,40.12,38.6,41.16,38.36,18.884,0.01233,27774343,1093881109.0,-3.6445332001997026,40.06
HK.00285,比亚迪电子,2025-10-15,39.38,39.12,39.72,38.64,19.138,0.00937,21112164,825711133.0,1.3471502590673472,38.6
HK.00285,比亚迪电子,2025-10-16,39.48,41.08,42.06,39.02,20.097,0.02029,45718849,1870951066.0,5.010224948875258,39.12
HK.00285,比亚迪电子,2025-10-17,41.2,37.74,41.22,37.36,18.463,0.01777,40031315,1540469997.0,-8.13047711781888,41.08
HK.00285,比亚迪电子,2025-10-20,38.9,38.76,39.1,38.08,18.962,0.00771,17368992,672322354.0,2.702702702702692,37.74
HK.00285,比亚迪电子,2025-10-21,39.48,40.22,41.04,39.38,19.677,0.01206,27174742,1098112214.0,3.766769865841076,38.76
HK.00285,比亚迪电子,2025-10-22,39.92,38.5,39.98,38.18,18.835,0.00917,20662575,798454019.0,-4.276479363500743,40.22
HK.00285,比亚迪电子,2025-10-23,38.5,37.56,38.5,36.8,18.375,0.01122,25278522,942504729.0,-2.4415584415584357,38.5
HK.00285,比亚迪电子,2025-10-24,38.0,38.3,38.76,37.64,18.737,0.00927,20884629,797823752.0,1.970181043663458,37.56
HK.00285,比亚迪电子,2025-10-27,39.1,39.24,39.74,38.74,19.197,0.008,18024954,706352971.0,2.4543080939947908,38.3
HK.00285,比亚迪电子,2025-10-28,39.64,38.44,39.64,38.32,18.806,0.00598,13479274,521433064.0,-2.038735983690123,39.24
HK.00285,比亚迪电子,2025-10-30,39.0,37.42,39.08,36.9,18.307,0.01455,32782775,1238379110.0,-2.653485952133184,38.44
HK.00285,比亚迪电子,2025-10-31,36.8,36.54,37.54,35.78,17.876,0.01159,26116297,961509150.0,-2.3516835916622196,37.42
HK.00285,比亚迪电子,2025-11-03,37.04,36.04,37.04,35.5,17.632,0.00693,15606263,562576099.0,-1.3683634373289546,36.54
HK.00285,比亚迪电子,2025-11-04,35.88,35.2,36.3,35.02,17.221,0.00589,13269144,470284933.0,-2.3307436182019874,36.04
HK.00285,比亚迪电子,2025-11-05,34.02,35.0,35.06,33.82,17.123,0.00554,12478731,430921541.0,-0.5681818181818262,35.2
HK.00285,比亚迪电子,2025-11-06,35.2,35.66,35.84,34.96,17.446,0.00479,10793079,383759018.0,1.885714285714276,35.0
HK.00285,比亚迪电子,2025-11-07,35.4,35.16,35.6,35.0,17.201,0.00499,11243943,395924051.0,-1.4021312394840155,35.66
HK.00285,比亚迪电子,2025-11-10,35.28,35.64,35.78,34.5,17.436,0.0041,9237230,325448019.0,1.3651877133105916,35.16
HK.00285,比亚迪电子,2025-11-11,36.04,35.42,36.2,35.18,17.328,0.00351,7916630,282286493.0,-0.6172839506172808,35.64
HK.00285,比亚迪电子,2025-11-12,35.54,35.28,35.68,34.88,17.26,0.0037,8337523,293657048.0,-0.395256916996049,35.42
HK.00285,比亚迪电子,2025-11-13,35.36,35.3,35.62,35.08,17.27,0.00468,10553885,373002220.0,0.0566893424036168,35.28
HK.00285,比亚迪电子,2025-11-14,35.12,34.62,35.12,34.4,16.937,0.00638,14369819,498446256.0,-1.926345609065155,35.3
HK.00285,比亚迪电子,2025-11-17,34.62,34.0,34.68,33.74,16.634,0.0109,24555381,840757335.0,-1.7908723281340193,34.62
HK.00285,比亚迪电子,2025-11-18,33.6,33.12,33.7,32.64,16.203,0.00741,16697944,551110152.0,-2.5882352941176547,34.0
HK.00285,比亚迪电子,2025-11-19,33.2,32.86,33.22,32.54,16.076,0.00364,8195385,269066751.0,-0.7850241545893661,33.12
HK.00285,比亚迪电子,2025-11-20,33.58,32.74,33.64,32.3,16.017,0.00596,13421629,439546396.0,-0.3651856360316416,32.86
HK.00285,比亚迪电子,2025-11-21,32.12,31.62,32.2,31.32,15.469,0.00704,15871961,502320208.0,-3.4208918753817983,32.74
HK.00285,比亚迪电子,2025-11-24,31.9,32.08,32.22,31.6,15.694,0.00816,18394060,588993898.0,1.4547754585705164,31.62
HK.00285,比亚迪电子,2025-11-25,32.48,32.74,33.1,32.36,16.017,0.00399,8988732,293870294.0,2.057356608478815,32.08
HK.00285,比亚迪电子,2025-11-26,33.08,33.48,33.68,32.7,16.379,0.00571,12873982,429945789.0,2.260232131948671,32.74
HK.00285,比亚迪电子,2025-11-27,33.62,33.16,33.98,33.14,16.223,0.00366,8256996,276697285.0,-0.955794504181602,33.48
HK.00285,比亚迪电子,2025-11-28,33.3,33.16,33.48,33.0,16.223,0.00217,4897960,162700689.0,0.0,33.16
HK.00285,比亚迪电子,2025-12-01,33.44,33.8,34.14,33.24,16.536,0.0038,8561722,289110061.0,1.9300361881785304,33.16
HK.00285,比亚迪电子,2025-12-02,33.8,34.42,34.96,33.62,16.839,0.00802,18071730,623307917.0,1.8343195266272327,33.8
HK.00285,比亚迪电子,2025-12-03,34.44,34.72,35.0,34.24,16.986,0.00594,13377930,464831965.0,0.8715862870424088,34.42
HK.00285,比亚迪电子,2025-12-04,34.8,35.16,35.38,34.12,17.201,0.00531,11967736,418514760.0,1.267281105990777,34.72
HK.00285,比亚迪电子,2025-12-05,35.3,34.78,35.6,34.78,17.015,0.00671,15119810,530464724.0,-1.0807736063708633,35.16
HK.00285,比亚迪电子,2025-12-08,34.8,34.42,35.1,34.24,16.839,0.00355,8010139,276644072.0,-1.03507763082231,34.78
HK.00285,比亚迪电子,2025-12-09,34.26,34.2,34.86,33.96,16.731,0.00265,5969562,204596017.0,-0.6391632771644359,34.42
HK.00285,比亚迪电子,2025-12-10,33.8,34.24,34.24,33.38,16.751,0.00363,8178061,277047737.0,0.1169590643274828,34.2
HK.00285,比亚迪电子,2025-12-11,34.38,33.94,34.7,33.6,16.604,0.00406,9155096,311785662.0,-0.8761682242990778,34.24
HK.00285,比亚迪电子,2025-12-12,34.14,34.24,34.48,33.64,16.751,0.00265,5961960,203888022.0,0.8839127872716684,33.94
HK.00285,比亚迪电子,2025-12-15,34.24,33.64,34.24,33.4,16.457,0.00243,5470131,184036379.0,-1.7523364485981348,34.24
HK.00285,比亚迪电子,2025-12-16,33.5,32.88,33.62,32.62,16.086,0.00379,8533410,280535320.0,-2.259215219976213,33.64
HK.00285,比亚迪电子,2025-12-17,32.86,33.04,33.2,32.56,16.164,0.00254,5714860,188179611.0,0.4866180048661696,32.88
HK.00285,比亚迪电子,2025-12-18,32.8,33.06,33.16,32.6,16.174,0.00208,4693302,154394420.0,0.0605326876513411,33.04
HK.00285,比亚迪电子,2025-12-19,33.0,32.88,33.34,32.78,16.086,0.00326,7347538,242363413.0,-0.544464609800362,33.06
HK.00285,比亚迪电子,2025-12-22,33.1,33.54,33.66,33.1,16.409,0.00256,5764375,192534182.0,2.0072992700729824,32.88
HK.00285,比亚迪电子,2025-12-23,33.66,33.74,33.9,33.42,16.506,0.00265,5964620,200805413.0,0.5963029218843258,33.54
HK.00285,比亚迪电子,2025-12-24,33.8,33.56,33.9,33.34,16.418,0.00157,3532089,118789234.0,-0.5334914048606986,33.74
HK.00285,比亚迪电子,2025-12-29,33.8,33.62,34.62,33.58,16.448,0.00556,12527719,427002455.0,0.1787842669844909,33.56
HK.00285,比亚迪电子,2025-12-30,33.62,34.14,34.44,33.62,16.702,0.00314,7084291,241767022.0,1.546698393813216,33.62
HK.00285,比亚迪电子,2025-12-31,34.22,33.64,34.34,33.62,16.457,0.00166,3731482,126288558.0,-1.4645577035735209,34.14
HK.00285,比亚迪电子,2026-01-02,33.62,35.28,35.42,33.62,17.26,0.00291,6553314,229424060.0,4.875148632580263,33.64
HK.00285,比亚迪电子,2026-01-05,35.2,34.74,35.2,34.48,16.996,0.00404,9101985,316599215.0,-1.5306122448979569,35.28
HK.00285,比亚迪电子,2026-01-06,35.0,36.08,36.38,34.58,17.651,0.0089,20057748,718005027.0,3.8572251007484057,34.74
HK.00285,比亚迪电子,2026-01-07,36.08,36.0,36.6,35.56,17.612,0.00591,13315789,480773876.0,-0.2217294900221682,36.08
HK.00285,比亚迪电子,2026-01-08,35.92,35.2,35.92,34.88,17.221,0.0047,10595025,372613899.0,-2.2222222222222143,36.0
HK.00285,比亚迪电子,2026-01-09,35.2,34.3,35.34,34.14,16.78,0.00835,18822797,647333972.0,-2.5568181818181976,35.2
HK.00285,比亚迪电子,2026-01-12,34.58,34.52,34.64,33.72,16.888,0.00518,11682346,399109567.0,0.6413994169096384,34.3
HK.00285,比亚迪电子,2026-01-13,35.1,34.3,35.4,34.02,16.78,0.00478,10769949,372278910.0,-0.637311703360388,34.52
HK.00285,比亚迪电子,2026-01-14,34.58,34.4,34.86,34.06,16.829,0.00418,9413745,324963757.0,0.2915451895043773,34.3
HK.00285,比亚迪电子,2026-01-15,34.3,35.52,35.64,33.98,17.377,0.00576,12977992,455501898.0,3.2558139534883854,34.4
HK.00285,比亚迪电子,2026-01-16,35.98,35.06,36.26,34.92,17.152,0.00436,9818635,349150452.0,-1.2950450450450472,35.52
HK.00285,比亚迪电子,2026-01-19,34.52,34.4,34.98,34.3,16.829,0.0033,7437000,256682110.0,-1.88248716486025,35.06
HK.00285,比亚迪电子,2026-01-20,34.4,33.48,34.68,33.34,16.379,0.00589,13270389,447734502.0,-2.674418604651168,34.4
HK.00285,比亚迪电子,2026-01-21,33.42,34.3,34.54,32.98,16.78,0.00397,8936981,303171130.0,2.4492234169653537,33.48
HK.00285,比亚迪电子,2026-01-22,34.52,34.3,34.72,33.5,16.78,0.00335,7554126,256522711.0,0.0,34.3
HK.00285,比亚迪电子,2026-01-23,34.58,34.4,34.58,34.02,16.829,0.00306,6899982,236365733.0,0.2915451895043773,34.3
HK.00285,比亚迪电子,2026-01-26,34.38,33.78,34.4,33.52,16.526,0.00386,8703237,293623392.0,-1.8023255813953416,34.4
HK.00285,比亚迪电子,2026-01-27,33.78,34.16,34.26,33.5,16.712,0.0031,6977151,236864735.0,1.124925991711058,33.78
HK.00285,比亚迪电子,2026-01-28,34.16,34.68,34.84,34.16,16.966,0.00447,10060986,348066593.0,1.5222482435597282,34.16
HK.00285,比亚迪电子,2026-01-29,34.42,34.42,34.76,34.22,16.839,0.00367,8269106,284419966.0,-0.7497116493656228,34.68
HK.00285,比亚迪电子,2026-01-30,34.08,33.4,34.66,33.24,16.34,0.00552,12432272,418320306.0,-2.9633933759442272,34.42
HK.00285,比亚迪电子,2026-02-02,33.28,32.42,33.34,31.84,15.861,0.00742,16720484,539296734.0,-2.934131736526937,33.4
HK.00285,比亚迪电子,2026-02-03,32.68,32.68,32.8,31.82,15.988,0.00372,8382163,272267192.0,0.8019740900678531,32.42
HK.00285,比亚迪电子,2026-02-04,32.7,32.84,33.2,32.36,16.066,0.00331,7446864,244099260.0,0.4895960832313454,32.68
HK.00285,比亚迪电子,2026-02-05,32.74,33.52,33.58,32.36,16.399,0.00524,11811316,391919686.0,2.070645554202191,32.84
HK.00285,比亚迪电子,2026-02-06,33.0,33.92,34.1,32.8,16.594,0.00552,12438980,419534640.0,1.1933174224343632,33.52
HK.00285,比亚迪电子,2026-02-09,34.4,33.76,34.52,33.74,16.516,0.00257,5789649,196708820.0,-0.471698113207558,33.92
HK.00285,比亚迪电子,2026-02-10,33.76,33.18,34.24,33.16,16.232,0.00323,7269478,243922259.0,-1.718009478672981,33.76
HK.00285,比亚迪电子,2026-02-11,33.18,33.38,33.84,33.1,16.33,0.00295,6648930,222817296.0,0.6027727546714975,33.18
HK.00285,比亚迪电子,2026-02-12,33.4,32.78,33.56,32.52,16.037,0.0043,9691046,317563339.0,-1.7974835230677093,33.38
HK.00285,比亚迪电子,2026-02-13,32.5,32.78,32.96,32.14,16.037,0.00271,6097037,199010962.0,0.0,32.78
HK.00285,比亚迪电子,2026-02-16,32.78,32.74,32.78,31.94,16.017,0.00107,2420156,78116671.0,-0.1220256253813274,32.78
HK.00285,比亚迪电子,2026-02-20,32.68,32.38,32.74,31.94,15.841,0.00186,4201128,136165180.0,-1.0995723885155757,32.74
HK.00285,比亚迪电子,2026-02-23,32.68,33.38,33.78,32.68,16.33,0.00297,6689029,223797762.0,3.088326127239036,32.38
HK.00285,比亚迪电子,2026-02-24,33.02,32.86,33.18,32.48,16.076,0.00337,7592537,248493293.0,-1.5578190533253538,33.38
HK.00285,比亚迪电子,2026-02-25,33.02,32.84,33.16,32.66,16.066,0.0029,6525216,214895230.0,-0.0608642726719294,32.86
HK.00285,比亚迪电子,2026-02-26,32.84,32.3,33.06,32.24,15.802,0.00369,8308555,270445073.0,-1.6443361753958778,32.84
HK.00285,比亚迪电子,2026-02-27,32.08,32.26,32.34,31.72,15.782,0.00383,8621391,276797409.0,-0.123839009287923,32.3
HK.00285,比亚迪电子,2026-03-02,31.8,31.56,32.02,31.1,15.44,0.00569,12829840,404467818.0,-2.169869807811529,32.26
HK.00285,比亚迪电子,2026-03-03,31.56,29.72,32.1,29.58,14.54,0.0083,18693024,567134647.0,-5.830164765525982,31.56
HK.00285,比亚迪电子,2026-03-04,29.3,29.14,29.7,28.42,14.256,0.00781,17589223,508199862.0,-1.951547779273211,29.72
HK.00285,比亚迪电子,2026-03-05,29.98,29.4,30.22,29.2,14.383,0.00342,7695950,228244183.0,0.8922443376801579,29.14
HK.00285,比亚迪电子,2026-03-06,29.3,30.02,30.38,28.9,14.686,0.0055,12393868,369567516.0,2.108843537414969,29.4
HK.00285,比亚迪电子,2026-03-09,28.82,30.22,30.38,28.32,14.784,0.00471,10609591,311328988.0,0.6662225183211169,30.02
HK.00285,比亚迪电子,2026-03-10,30.68,30.9,31.12,30.5,15.117,0.00293,6601940,203478861.0,2.2501654533421567,30.22
HK.00285,比亚迪电子,2026-03-11,30.9,31.8,32.3,30.9,15.557,0.00422,9501732,301828909.0,2.912621359223308,30.9
HK.00285,比亚迪电子,2026-03-12,31.5,31.76,32.68,31.28,15.538,0.00285,6416480,204577781.0,-0.1257861635220099,31.8
HK.00285,比亚迪电子,2026-03-13,31.28,30.18,31.44,30.06,14.765,0.00686,15455135,472527079.0,-4.974811083123432,31.76
HK.00285,比亚迪电子,2026-03-16,30.2,31.1,31.22,29.9,15.215,0.00365,8219666,253067096.0,3.048376408217368,30.18
HK.00285,比亚迪电子,2026-03-17,31.32,31.3,32.26,31.06,15.313,0.00424,9552800,302796588.0,0.6430868167202549,31.1
HK.00285,比亚迪电子,2026-03-18,31.5,31.32,31.86,31.18,15.322,0.00304,6848543,215516348.0,0.0638977635782734,31.3
HK.00285,比亚迪电子,2026-03-19,31.14,31.12,31.86,30.6,15.225,0.00377,8502400,265144529.0,-0.6385696040868432,31.32
HK.00285,比亚迪电子,2026-03-20,30.52,31.02,31.88,30.52,15.176,0.00403,9086105,284218865.0,-0.3213367609254544,31.12
HK.00285,比亚迪电子,2026-03-23,30.18,30.4,31.66,29.62,14.872,0.00677,15263838,466337978.0,-1.9987105093488104,31.02
HK.00285,比亚迪电子,2026-03-24,30.62,30.98,31.12,29.86,15.156,0.00356,8023012,245832596.0,1.9078947368421115,30.4
HK.00285,比亚迪电子,2026-03-25,31.12,32.0,32.14,31.12,15.655,0.00439,9884623,313325005.0,3.2924467398321484,30.98
HK.00285,比亚迪电子,2026-03-26,31.98,31.0,32.28,30.6,15.166,0.0037,8332919,259360190.0,-3.125,32.0
HK.00285,比亚迪电子,2026-03-27,30.9,30.6,31.44,30.5,17.718,0.00401,9038228,279172514.0,-1.2903225806451568,31.0
HK.00285,比亚迪电子,2026-03-30,29.38,29.12,30.64,27.7,16.861,0.01354,30502372,896641520.0,-4.836601307189543,30.6
HK.00285,比亚迪电子,2026-03-31,28.82,27.6,28.84,27.24,15.981,0.01341,30206565,835798226.0,-5.219780219780218,29.12
HK.00285,比亚迪电子,2026-04-01,28.3,27.64,28.56,27.54,16.004,0.00717,16162288,450774839.0,0.1449275362318809,27.6
HK.00285,比亚迪电子,2026-04-02,27.64,27.2,27.9,26.88,15.749,0.00451,10151269,275924319.0,-1.5918958031837964,27.64
