code,name,time_key,open,close,high,low,pe_ratio,turnover_rate,volume,turnover,change_rate,last_close
HK.09988,阿里巴巴-W,2019-11-26,182.45215,183.05215,184.95215,182.45215,40.188,0.00349,74549578,13996288126.0,6.765736096047803,171.45215
HK.09988,阿里巴巴-W,2019-11-27,185.45215,188.65215,190.75215,184.75215,41.388,0.00251,53617241,10354262260.0,3.059237490518409,183.05215
HK.09988,阿里巴巴-W,2019-11-28,192.45215,199.45215,199.65215,192.35215,43.701,0.00196,41816834,8369008729.0,5.72482211307954,188.65215
HK.09988,阿里巴巴-W,2019-11-29,199.45215,193.85215,200.25215,192.95215,42.502,0.00171,36509531,7303350200.0,-2.8076909674826744,199.45215
HK.09988,阿里巴巴-W,2019-12-02,193.45215,190.95215,194.35215,189.45215,41.88,0.00124,26592325,5215712264.0,-1.4959854714017904,193.85215
HK.09988,阿里巴巴-W,2019-12-03,187.15215,188.05215,189.65215,185.85215,41.259,0.00093,19911922,3833266643.0,-1.5187050787330636,190.95215
HK.09988,阿里巴巴-W,2019-12-04,185.45215,184.45215,187.05215,183.95215,40.488,0.0009,19276308,3662461874.0,-1.9143625850595285,188.05215
HK.09988,阿里巴巴-W,2019-12-05,186.85215,187.85215,189.25215,186.35215,41.216,0.00084,17932572,3449250867.0,1.84329648637872,184.45215
HK.09988,阿里巴巴-W,2019-12-06,191.55215,192.95215,193.55215,190.85215,42.309,0.0009,19205791,3786161450.0,2.7149010538340894,187.85215
HK.09988,阿里巴巴-W,2019-12-09,192.45215,192.05215,193.75215,191.45215,42.116,0.0004,8558132,1684030748.0,-0.4664368860362413,192.95215
HK.09988,阿里巴巴-W,2019-12-10,190.45215,190.85215,191.95215,189.15215,41.859,0.00031,6639899,1297729168.0,-0.6248302869819562,192.05215
HK.09988,阿里巴巴-W,2019-12-11,191.65215,193.05215,193.85215,190.85215,42.33,0.00031,6534411,1289656822.0,1.152724766265414,190.85215
HK.09988,阿里巴巴-W,2019-12-12,195.05215,195.65215,196.65215,195.05215,43.903,0.00041,8825275,1767082379.0,1.3467863476267912,193.05215
HK.09988,阿里巴巴-W,2019-12-13,198.25215,197.45215,198.45215,194.85215,44.298,0.00087,18576570,3730374498.0,0.9200001124444492,195.65215
HK.09988,阿里巴巴-W,2019-12-16,197.05215,196.45215,198.25215,195.45215,44.078,0.00031,6616578,1332865469.0,-0.5064518163008102,197.45215
HK.09988,阿里巴巴-W,2019-12-17,198.65215,199.25215,201.25215,197.65215,44.692,0.00052,11225195,2289954265.0,1.4252834596109087,196.45215
HK.09988,阿里巴巴-W,2019-12-18,199.25215,198.05215,199.25215,197.05215,44.429,0.00038,8179646,1656570056.0,-0.6022519706813646,199.25215
HK.09988,阿里巴巴-W,2019-12-19,199.45215,200.25215,200.85215,198.05215,44.912,0.00035,7525360,1535639844.0,1.1108185394604344,198.05215
HK.09988,阿里巴巴-W,2019-12-20,200.45215,202.45215,203.85215,200.25215,45.394,0.00078,16804751,3479251966.0,1.0986149212380436,200.25215
HK.09988,阿里巴巴-W,2019-12-23,204.45215,203.85215,205.65215,203.25215,45.701,0.00046,9892858,2067031118.0,0.6915214286437589,202.45215
HK.09988,阿里巴巴-W,2019-12-24,205.25215,205.85215,206.45215,204.45215,46.14,0.00036,7770434,1632437670.0,0.981103216228036,203.85215
HK.09988,阿里巴巴-W,2019-12-27,206.45215,208.25215,209.05215,206.25215,46.666,0.0005,10774808,2294376491.0,1.1658853210908926,205.85215
HK.09988,阿里巴巴-W,2019-12-30,206.45215,206.05215,207.45215,205.85215,46.184,0.00046,9970904,2104804089.0,-1.0564116624966362,208.25215
HK.09988,阿里巴巴-W,2019-12-31,203.25215,202.65215,203.65215,201.65215,45.438,0.00041,8813067,1824228978.0,-1.650067713440508,206.05215
HK.09988,阿里巴巴-W,2020-01-02,203.45215,205.45215,206.45215,203.45215,46.052,0.00044,9516678,1999240664.0,1.3816779145940383,202.65215
HK.09988,阿里巴巴-W,2020-01-03,210.45215,207.45215,210.45215,206.65215,46.491,0.00053,11307103,2407183770.0,0.9734626773192688,205.45215
HK.09988,阿里巴巴-W,2020-01-06,206.45215,206.45215,207.25215,204.65215,46.271,0.00053,11303411,2381117912.0,-0.4820388701683738,207.45215
HK.09988,阿里巴巴-W,2020-01-07,207.25215,208.05215,209.45215,207.05215,46.622,0.00054,11676599,2486592839.0,0.7749979837943188,206.45215
HK.09988,阿里巴巴-W,2020-01-08,205.45215,206.25215,207.05215,203.25215,46.228,0.0007,15095573,3163855655.0,-0.8651676995407216,208.05215
HK.09988,阿里巴巴-W,2020-01-09,209.45215,211.05215,211.25215,208.65215,47.28,0.00057,12261435,2629511294.0,2.3272484674705263,206.25215
HK.09988,阿里巴巴-W,2020-01-10,212.05215,213.45215,214.45215,211.85215,47.807,0.00055,11860220,2585804054.0,1.137159701997813,211.05215
HK.09988,阿里巴巴-W,2020-01-13,215.25215,218.25215,220.05215,215.05215,48.859,0.00082,17692255,3930617128.0,2.248747553023013,213.45215
HK.09988,阿里巴巴-W,2020-01-14,220.45215,219.05215,222.85215,218.25215,49.035,0.00078,16784465,3771477930.0,0.3665485082277592,218.25215
HK.09988,阿里巴巴-W,2020-01-15,215.65215,216.25215,217.05215,213.65215,48.421,0.00101,21735164,4780256003.0,-1.278234429563924,219.05215
HK.09988,阿里巴巴-W,2020-01-16,214.85215,214.85215,216.05215,214.05215,48.114,0.00061,12993720,2850033985.0,-0.6473924074280906,216.25215
HK.09988,阿里巴巴-W,2020-01-17,214.25215,215.85215,216.65215,211.65215,48.333,0.00099,21245436,4647552730.0,0.4654363477395967,214.85215
HK.09988,阿里巴巴-W,2020-01-20,216.45215,215.65215,218.25215,215.65215,48.289,0.00052,11229916,2488900485.0,-0.0926560147767759,215.85215
HK.09988,阿里巴巴-W,2020-01-21,213.45215,211.25215,214.45215,210.05215,47.324,0.00094,20241728,4381192303.0,-2.0403228068906367,215.65215
HK.09988,阿里巴巴-W,2020-01-22,211.25215,213.85215,215.25215,207.85215,47.894,0.00068,14632484,3181729613.0,1.2307567047246593,211.25215
HK.09988,阿里巴巴-W,2020-01-23,211.45215,208.85215,212.25215,207.65215,46.798,0.00075,16013394,3428512744.0,-2.33806393809929,213.85215
HK.09988,阿里巴巴-W,2020-01-24,208.85215,210.05215,210.85215,207.25215,47.061,0.00035,7583855,1624461364.0,0.5745691389818189,208.85215
HK.09988,阿里巴巴-W,2020-01-29,201.25215,202.85215,205.05215,201.05215,45.482,0.00116,24946947,5186071401.0,-3.427720211385609,210.05215
HK.09988,阿里巴巴-W,2020-01-30,202.65215,197.25215,202.65215,195.25215,44.254,0.00123,26416987,5340558392.0,-2.7606313268062452,202.85215
HK.09988,阿里巴巴-W,2020-01-31,200.25215,195.85215,200.25215,195.05215,43.947,0.00085,18257747,3674404242.0,-0.7097514526457662,197.25215
HK.09988,阿里巴巴-W,2020-02-03,196.65215,200.45215,201.45215,195.45215,44.956,0.00111,23784275,4857391412.0,2.348710494115074,195.85215
HK.09988,阿里巴巴-W,2020-02-04,203.85215,208.65215,210.25215,202.65215,46.754,0.00117,25035681,5308523103.0,4.0907518327940195,200.45215
HK.09988,阿里巴巴-W,2020-02-05,211.05215,211.05215,214.05215,209.45215,47.28,0.00112,23975014,5184838688.0,1.1502397650827012,208.65215
HK.09988,阿里巴巴-W,2020-02-06,210.65215,212.85215,214.65215,209.25215,47.675,0.00087,18777127,4076443195.0,0.8528697764983597,211.05215
HK.09988,阿里巴巴-W,2020-02-07,210.45215,210.85215,211.65215,209.65215,47.236,0.00066,14223318,3062984328.0,-0.93961935550099,212.85215
HK.09988,阿里巴巴-W,2020-02-10,206.65215,208.05215,210.25215,206.65215,46.622,0.00109,23432236,4986098867.0,-1.3279447233523505,210.85215
HK.09988,阿里巴巴-W,2020-02-11,207.25215,207.65215,209.05215,202.65215,46.535,0.00137,29376694,6218579635.0,-0.1922594887868285,208.05215
HK.09988,阿里巴巴-W,2020-02-12,207.45215,210.45215,211.25215,205.65215,47.149,0.00114,24402441,5221494115.0,1.3484088654993378,207.65215
HK.09988,阿里巴巴-W,2020-02-13,212.85215,212.65215,213.45215,210.45215,47.631,0.00096,20547490,4451042438.0,1.0453682701744873,210.45215
HK.09988,阿里巴巴-W,2020-02-14,209.85215,210.45215,212.45215,209.25215,47.149,0.00074,15926098,3434147137.0,-1.0345533774288278,212.65215
HK.09988,阿里巴巴-W,2020-02-17,209.85215,212.85215,213.25215,208.85215,47.675,0.00072,15531105,3362598300.0,1.1404017492812528,210.45215
HK.09988,阿里巴巴-W,2020-02-18,211.25215,209.45215,211.45215,208.85215,46.929,0.00061,13177196,2824341325.0,-1.5973529043516854,212.85215
HK.09988,阿里巴巴-W,2020-02-19,210.05215,209.45215,212.25215,209.45215,46.929,0.00047,10179246,2189766091.0,0.0,209.45215
HK.09988,阿里巴巴-W,2020-02-20,212.25215,211.05215,212.25215,209.25215,47.28,0.00059,12728604,2737328615.0,0.7638976253048837,209.45215
HK.09988,阿里巴巴-W,2020-02-21,208.45215,208.05215,209.45215,207.45215,46.622,0.0007,15106823,3217183492.0,-1.4214496274972797,211.05215
HK.09988,阿里巴巴-W,2020-02-24,201.85215,200.65215,203.05215,200.45215,45.0,0.00144,30852998,6358341266.0,-3.55680054255628,208.05215
HK.09988,阿里巴巴-W,2020-02-25,198.85215,202.05215,202.85215,198.45215,45.307,0.00109,23465654,4821241929.0,0.6977248935533488,200.65215
HK.09988,阿里巴巴-W,2020-02-26,197.25215,198.45215,199.85215,196.45215,44.517,0.00135,29014994,5890163456.0,-1.7817182346240923,202.05215
HK.09988,阿里巴巴-W,2020-02-27,198.45215,200.65215,201.05215,196.85215,45.0,0.00109,23397941,4750201205.0,1.1085795744717388,198.45215
HK.09988,阿里巴巴-W,2020-02-28,196.05215,195.45215,197.45215,194.95215,43.859,0.00181,38816951,7774082289.0,-2.5915496046267217,200.65215
HK.09988,阿里巴巴-W,2020-03-02,196.65215,200.05215,200.45215,196.05215,44.868,0.00079,17004513,3458226393.0,2.3535172163621754,195.45215
HK.09988,阿里巴巴-W,2020-03-03,201.65215,198.65215,202.05215,197.85215,44.561,0.00089,19156355,3925179562.0,-0.6998175225809898,200.05215
HK.09988,阿里巴巴-W,2020-03-04,198.45215,197.65215,198.65215,196.05215,44.342,0.00068,14553445,2941426278.0,-0.5033924878235649,198.65215
HK.09988,阿里巴巴-W,2020-03-05,200.65215,202.65215,203.65215,199.45215,45.438,0.0009,19343293,3991385561.0,2.529696742484208,197.65215
HK.09988,阿里巴巴-W,2020-03-06,200.45215,199.25215,200.65215,198.25215,44.692,0.00059,12734463,2594124248.0,-1.6777517534356312,202.65215
HK.09988,阿里巴巴-W,2020-03-09,188.95215,188.95215,193.95215,188.95215,42.434,0.00265,56936906,11126651004.0,-5.169329415015101,199.25215
HK.09988,阿里巴巴-W,2020-03-10,192.45215,194.75215,196.45215,189.05215,43.706,0.00133,28569375,5659658149.0,3.069560203469509,188.95215
HK.09988,阿里巴巴-W,2020-03-11,195.45215,192.45215,195.85215,192.15215,43.201,0.00083,17860192,3541240837.0,-1.1809882458293843,194.75215
HK.09988,阿里巴巴-W,2020-03-12,187.45215,184.25215,187.65215,182.65215,41.403,0.00195,41842108,7939492279.0,-4.260799372727189,192.45215
HK.09988,阿里巴巴-W,2020-03-13,174.25215,187.15215,189.45215,172.45215,42.039,0.00248,53292364,9826000501.0,1.5739300735432424,184.25215
HK.09988,阿里巴巴-W,2020-03-16,180.45215,174.75215,180.55215,173.45215,39.32,0.0022,47207430,8574736900.0,-6.625625193191745,187.15215
HK.09988,阿里巴巴-W,2020-03-17,177.45215,178.65215,181.35215,170.45215,40.175,0.00172,36872240,6637652712.0,2.2317321990029915,174.75215
HK.09988,阿里巴巴-W,2020-03-18,173.25215,168.45215,177.25215,168.25215,37.938,0.00273,58603973,10381441963.0,-5.709419114183634,178.65215
HK.09988,阿里巴巴-W,2020-03-19,171.55215,169.45215,171.95215,163.05215,38.157,0.00161,34599488,5958311139.0,0.5936403898673897,168.45215
HK.09988,阿里巴巴-W,2020-03-20,172.45215,178.45215,178.45215,172.45215,40.131,0.0013,27899247,5018390033.0,5.31123387929867,169.45215
HK.09988,阿里巴巴-W,2020-03-23,167.95215,165.45215,172.35215,165.45215,37.28,0.00175,37535058,6480078812.0,-7.284865999092754,178.45215
HK.09988,阿里巴巴-W,2020-03-24,169.15215,169.95215,170.45215,165.65215,38.267,0.00125,26729551,4628111939.0,2.719819597388127,165.45215
HK.09988,阿里巴巴-W,2020-03-25,176.45215,175.15215,177.15215,173.25215,39.407,0.00131,28012053,5027743853.0,3.0596847406755474,169.95215
HK.09988,阿里巴巴-W,2020-03-26,176.45215,176.35215,177.85215,173.75215,39.671,0.00083,17816738,3220118016.0,0.685118624007749,175.15215
HK.09988,阿里巴巴-W,2020-03-27,181.45215,179.35215,181.45215,178.35215,40.328,0.00111,23922455,4412411150.0,1.701141721266228,176.35215
HK.09988,阿里巴巴-W,2020-03-30,175.65215,175.75215,177.55215,172.95215,39.539,0.00084,18129547,3260759192.0,-2.0072243349187584,179.35215
HK.09988,阿里巴巴-W,2020-03-31,180.65215,178.85215,181.15215,178.15215,40.219,0.00063,13598127,2501430739.0,1.7638475546387309,175.75215
HK.09988,阿里巴巴-W,2020-04-01,180.85215,179.45215,182.85215,176.55215,40.35,0.00106,22814764,4214464447.0,0.3354726236167663,178.85215
HK.09988,阿里巴巴-W,2020-04-02,178.65215,181.45215,181.95215,177.65215,40.789,0.00057,12304930,2277644390.0,1.1145032255116476,179.45215
HK.09988,阿里巴巴-W,2020-04-03,178.95215,179.15215,180.35215,178.05215,40.285,0.00043,9290512,1705499825.0,-1.2675518036022075,181.45215
HK.09988,阿里巴巴-W,2020-04-06,181.45215,184.05215,185.15215,180.65215,41.359,0.00085,18253609,3431759028.0,2.7351053280689097,179.15215
HK.09988,阿里巴巴-W,2020-04-07,186.95215,186.95215,187.15215,183.95215,41.995,0.00076,16381930,3115543717.0,1.575640382359009,184.05215
HK.09988,阿里巴巴-W,2020-04-08,184.85215,185.55215,186.95215,184.45215,41.688,0.00043,9180063,1744973659.0,-0.7488547203121105,186.95215
HK.09988,阿里巴巴-W,2020-04-09,186.75215,187.15215,187.35215,184.75215,42.039,0.00061,13161858,2510374793.0,0.8622912749865708,185.55215
HK.09988,阿里巴巴-W,2020-04-14,189.45215,192.45215,193.45215,189.45215,43.201,0.00085,18233007,3585101875.0,2.8319204454771065,187.15215
HK.09988,阿里巴巴-W,2020-04-15,194.45215,193.35215,196.65215,192.25215,43.399,0.00097,20722474,4136142959.0,0.4676487116407927,192.45215
HK.09988,阿里巴巴-W,2020-04-16,195.45215,198.25215,198.25215,195.35215,44.473,0.00092,19818106,3987061443.0,2.534236107537468,193.35215
HK.09988,阿里巴巴-W,2020-04-17,205.45215,203.05215,207.25215,201.65215,45.526,0.00156,33397811,6970853930.0,2.421159114793969,198.25215
HK.09988,阿里巴巴-W,2020-04-20,200.85215,201.25215,203.05215,198.85215,45.131,0.00107,22875450,4707381790.0,-0.8864717758467523,203.05215
HK.09988,阿里巴巴-W,2020-04-21,202.45215,199.65215,203.25215,196.05215,44.78,0.00083,17778769,3617090991.0,-0.7950225624918761,201.25215
HK.09988,阿里巴巴-W,2020-04-22,196.45215,201.05215,202.05215,196.05215,45.087,0.0006,12962733,2647113581.0,0.7012195961826635,199.65215
HK.09988,阿里巴巴-W,2020-04-23,199.85215,199.85215,200.65215,197.85215,44.824,0.00076,16359183,3336824002.0,-0.5968600683951985,201.05215
HK.09988,阿里巴巴-W,2020-04-24,194.05215,193.45215,196.05215,192.75215,43.421,0.00112,23966198,4761095408.0,-3.2023673500635375,199.85215
HK.09988,阿里巴巴-W,2020-04-27,193.95215,196.05215,197.85215,193.95215,43.991,0.00065,13936896,2796341140.0,1.3440016045311582,193.45215
HK.09988,阿里巴巴-W,2020-04-28,193.45215,194.45215,194.65215,191.75215,43.64,0.00093,19944823,3951671874.0,-0.8161093872217279,196.05215
HK.09988,阿里巴巴-W,2020-04-29,191.95215,192.45215,193.35215,191.95215,43.201,0.00069,14850119,2927529397.0,-1.0285306693703309,194.45215
HK.09988,阿里巴巴-W,2020-05-04,185.25215,185.15215,185.35215,183.65215,41.6,0.00125,26903568,5093926432.0,-3.793150661086397,192.45215
HK.09988,阿里巴巴-W,2020-05-05,183.15215,183.95215,184.65215,182.35215,41.337,0.00126,27110375,5096035902.0,-0.6481156173449873,185.15215
HK.09988,阿里巴巴-W,2020-05-06,185.35215,189.05215,191.05215,184.95215,42.456,0.00107,23022901,4446536870.0,2.772460120743369,183.95215
HK.09988,阿里巴巴-W,2020-05-07,185.35215,185.95215,186.35215,184.95215,41.776,0.00096,20506910,3901364742.0,-1.6397591881393694,189.05215
HK.09988,阿里巴巴-W,2020-05-08,187.95215,188.85215,190.25215,187.05215,42.412,0.00083,17851592,3456453226.0,1.5595409894427172,185.95215
HK.09988,阿里巴巴-W,2020-05-11,192.35215,194.15215,194.95215,191.95215,43.574,0.00092,19839300,3937522789.0,2.80642820322671,188.85215
HK.09988,阿里巴巴-W,2020-05-12,194.35215,195.15215,195.15215,192.65215,43.793,0.00065,14037259,2790595183.0,0.5150599671443247,194.15215
HK.09988,阿里巴巴-W,2020-05-13,190.95215,191.75215,192.85215,189.75215,43.048,0.00121,26074457,5112304497.0,-1.7422303571854092,195.15215
HK.09988,阿里巴巴-W,2020-05-14,189.95215,189.95215,191.35215,189.55215,42.653,0.0009,19248894,3749540377.0,-0.938711769333492,191.75215
HK.09988,阿里巴巴-W,2020-05-15,190.45215,192.35215,192.55215,189.55215,43.179,0.00078,16672799,3267430447.0,1.263476091215607,189.95215
HK.09988,阿里巴巴-W,2020-05-18,193.75215,198.45215,198.45215,192.85215,44.517,0.00125,26818890,5405898386.0,3.171266866525794,192.35215
HK.09988,阿里巴巴-W,2020-05-19,205.45215,205.25215,207.25215,201.05215,46.008,0.00211,45308325,9454817732.0,3.4265186847308087,198.45215
HK.09988,阿里巴巴-W,2020-05-20,206.45215,206.45215,207.05215,204.05215,46.271,0.00105,22533385,4735067369.0,0.5846467381705812,205.25215
HK.09988,阿里巴巴-W,2020-05-21,204.85215,201.65215,205.05215,201.05215,45.219,0.00108,23271613,4822053672.0,-2.324993951382915,206.45215
HK.09988,阿里巴巴-W,2020-05-22,200.45215,193.65215,200.45215,191.45215,26.068,0.00187,40226609,8012203848.0,-3.967227723582417,201.65215
HK.09988,阿里巴巴-W,2020-05-25,189.15215,193.65215,195.05215,185.75215,26.068,0.00187,40103124,7821602801.0,0.0,193.65215
HK.09988,阿里巴巴-W,2020-05-26,195.45215,196.45215,198.65215,195.45215,26.436,0.00125,26834881,5416027399.0,1.4458915121778833,193.65215
HK.09988,阿里巴巴-W,2020-05-27,194.35215,192.75215,195.05215,191.55215,25.95,0.00154,33136407,6548476863.0,-1.8834102859144015,196.45215
HK.09988,阿里巴巴-W,2020-05-28,190.85215,188.95215,191.95215,186.95215,25.45,0.00144,30919109,6005725353.0,-1.9714436388906744,192.75215
HK.09988,阿里巴巴-W,2020-05-29,188.45215,189.75215,191.75215,187.45215,25.555,0.00091,19459191,3787995192.0,0.4233876142716615,188.95215
HK.09988,阿里巴巴-W,2020-06-01,195.45215,198.25215,199.45215,195.45215,26.673,0.00125,26826195,5433910737.0,4.479527636445753,189.75215
HK.09988,阿里巴巴-W,2020-06-02,197.05215,195.45215,197.25215,194.95215,26.305,0.00106,22818103,4574799209.0,-1.412342816963151,198.25215
HK.09988,阿里巴巴-W,2020-06-03,203.45215,205.05215,205.25215,202.25215,27.568,0.00181,38794267,8085784227.0,4.911688103712352,195.45215
HK.09988,阿里巴巴-W,2020-06-04,208.45215,206.45215,208.45215,202.85215,27.752,0.00107,22860283,4803200381.0,0.682753143529574,205.05215
HK.09988,阿里巴巴-W,2020-06-05,207.45215,207.65215,209.05215,204.85215,27.91,0.00104,22415326,4747813114.0,0.5812484878457391,206.45215
HK.09988,阿里巴巴-W,2020-06-08,210.05215,207.85215,210.05215,206.25215,27.936,0.00084,17992461,3820890251.0,0.0963149189642335,207.65215
HK.09988,阿里巴巴-W,2020-06-09,208.25215,207.85215,210.05215,207.05215,27.936,0.00107,23063431,4923939771.0,0.0,207.85215
HK.09988,阿里巴巴-W,2020-06-10,209.65215,211.05215,212.25215,209.25215,28.357,0.00089,19038860,4106913929.0,1.5395558814282253,207.85215
HK.09988,阿里巴巴-W,2020-06-11,213.45215,208.45215,216.05215,207.25215,28.015,0.00154,33036598,7170604189.0,-1.231923010497653,211.05215
HK.09988,阿里巴巴-W,2020-06-12,203.65215,207.45215,209.45215,202.85215,27.883,0.00117,25058536,5304963065.0,-0.4797264024381614,208.45215
HK.09988,阿里巴巴-W,2020-06-15,205.25215,202.25215,207.85215,200.85215,27.199,0.00148,31716109,6621760870.0,-2.5066021248755384,207.45215
HK.09988,阿里巴巴-W,2020-06-16,206.65215,208.65215,209.85215,206.45215,28.041,0.00084,18039173,3843338219.0,3.1643668559271214,202.25215
HK.09988,阿里巴巴-W,2020-06-17,211.45215,213.25215,213.85215,209.65215,28.646,0.001,21385682,4641106088.0,2.204626216408503,208.65215
HK.09988,阿里巴巴-W,2020-06-18,214.25215,213.25215,214.25215,210.65215,28.646,0.00075,16168952,3508457243.0,0.0,213.25215
HK.09988,阿里巴巴-W,2020-06-19,212.45215,214.45215,215.25215,211.65215,28.804,0.00127,27295880,5963502386.0,0.5627141391071502,213.25215
HK.09988,阿里巴巴-W,2020-06-22,211.65215,208.45215,211.65215,208.05215,28.015,0.00131,28166629,6034961256.0,-2.797826927825158,214.45215
HK.09988,阿里巴巴-W,2020-06-23,211.45215,215.45215,215.45215,207.45215,28.935,0.00188,40290287,8751727916.0,3.3580848170671307,208.45215
HK.09988,阿里巴巴-W,2020-06-24,218.25215,216.85215,220.25215,216.85215,29.12,0.00141,30207600,6733812318.0,0.6497962540638401,215.45215
HK.09988,阿里巴巴-W,2020-06-26,212.45215,210.05215,212.45215,209.85215,28.225,0.00155,33158894,7148083315.0,-3.135777072074214,216.85215
HK.09988,阿里巴巴-W,2020-06-29,206.45215,204.85215,207.05215,204.05215,27.541,0.00158,33824007,7101463811.0,-2.475575708222942,210.05215
HK.09988,阿里巴巴-W,2020-06-30,206.05215,205.05215,207.65215,203.85215,27.568,0.00113,24171917,5079256128.0,0.0976313892727106,204.85215
HK.09988,阿里巴巴-W,2020-07-02,207.25215,209.85215,210.45215,205.65215,28.199,0.00145,31018228,6615651264.0,2.3408679206728547,205.05215
HK.09988,阿里巴巴-W,2020-07-03,215.45215,216.25215,216.85215,212.65215,29.041,0.00146,31233712,6866483138.0,3.049766228270716,209.85215
HK.09988,阿里巴巴-W,2020-07-06,219.45215,220.85215,222.25215,218.45215,29.646,0.00198,42489587,9565812073.0,2.1271464815494294,216.25215
HK.09988,阿里巴巴-W,2020-07-07,228.65215,227.85215,234.45215,227.45215,30.566,0.00217,46585757,10976670178.0,3.1695412519189876,220.85215
HK.09988,阿里巴巴-W,2020-07-08,226.45215,233.25215,234.05215,226.45215,31.277,0.00149,31883443,7525714270.0,2.3699578871649907,227.85215
HK.09988,阿里巴巴-W,2020-07-09,250.25215,257.05215,259.25215,247.45215,34.407,0.00287,61690256,15896897807.0,10.203550106612086,233.25215
HK.09988,阿里巴巴-W,2020-07-10,252.45215,250.85215,257.45215,248.45215,33.592,0.00207,44519242,11429206656.0,-2.411961930682155,257.05215
HK.09988,阿里巴巴-W,2020-07-13,249.45215,249.85215,253.852149999,246.65215,33.46,0.00144,30979669,7896896064.0,-0.3986411916341957,250.85215
HK.09988,阿里巴巴-W,2020-07-14,239.85215,235.85215,241.85215,233.85215,31.619,0.0025,53646972,12924583705.0,-5.603313799781191,249.85215
HK.09988,阿里巴巴-W,2020-07-15,239.45215,238.85215,240.65215,234.45215,32.013,0.00108,23131222,5619625834.0,1.2719833166668186,235.85215
HK.09988,阿里巴巴-W,2020-07-16,238.25215,228.65215,238.25215,227.05215,30.672,0.0016,34282035,8078911546.0,-4.270424193376526,238.85215
HK.09988,阿里巴巴-W,2020-07-17,230.85215,234.25215,236.05215,228.85215,31.408,0.00094,20224245,4824925245.0,2.4491350726419996,228.65215
HK.09988,阿里巴巴-W,2020-07-20,233.45215,235.05215,237.25215,230.65215,31.513,0.00053,11353749,2722802020.0,0.3415123404417041,234.25215
HK.09988,阿里巴巴-W,2020-07-21,247.25215,252.45215,253.05215,246.25215,33.802,0.00211,45185546,11501209014.0,7.402612569168151,235.05215
HK.09988,阿里巴巴-W,2020-07-22,246.85215,243.45215,250.25215,243.05215,32.618,0.0017,36503672,9180126163.0,-3.5650320268613283,252.45215
HK.09988,阿里巴巴-W,2020-07-23,240.45215,242.05215,243.45215,237.45215,32.434,0.00145,31183903,7670621903.0,-0.5750616702296436,243.45215
HK.09988,阿里巴巴-W,2020-07-24,239.65215,234.45215,239.85215,232.65215,31.434,0.00128,27470849,6595339176.0,-3.1398192496947552,242.05215
HK.09988,阿里巴巴-W,2020-07-27,236.25215,234.45215,239.65215,231.05215,31.434,0.00085,18243796,4369419976.0,0.0,234.45215
HK.09988,阿里巴巴-W,2020-07-28,239.45215,240.05215,241.05215,238.25215,32.171,0.00068,14674368,3588968903.0,2.3885470873267844,234.45215
HK.09988,阿里巴巴-W,2020-07-29,237.65215,238.45215,239.45215,236.65215,31.961,0.00049,10549764,2560835321.0,-0.666521837025839,240.05215
HK.09988,阿里巴巴-W,2020-07-30,241.45215,240.25215,245.05215,238.85215,32.197,0.00101,21715110,5362170243.0,0.7548684295780145,238.45215
HK.09988,阿里巴巴-W,2020-07-31,244.45215,241.45215,244.45215,240.45215,32.355,0.00068,14687907,3628134990.0,0.4994752388272024,240.25215
HK.09988,阿里巴巴-W,2020-08-03,240.25215,241.05215,242.05215,238.85215,32.303,0.00085,18274346,4483790231.0,-0.1656642941468847,241.45215
HK.09988,阿里巴巴-W,2020-08-04,246.25215,249.25215,250.45215,245.85215,33.381,0.00116,24914559,6311001118.0,3.4017535209704572,241.05215
HK.09988,阿里巴巴-W,2020-08-05,251.25215,251.25215,251.45215,247.45215,33.644,0.00084,18116054,4617249502.0,0.8024003002581924,249.25215
HK.09988,阿里巴巴-W,2020-08-06,252.45215,252.45215,253.25215,248.65215,33.802,0.00074,15966937,4079735543.0,0.4776078533059274,251.25215
HK.09988,阿里巴巴-W,2020-08-07,251.45215,244.65215,251.65215,236.05215,32.776,0.00169,36237559,8999484090.0,-3.089694423279811,252.45215
HK.09988,阿里巴巴-W,2020-08-10,240.25215,237.85215,240.25215,235.85215,31.882,0.00121,26039892,6316686647.0,-2.779456465025961,244.65215
HK.09988,阿里巴巴-W,2020-08-11,237.45215,239.45215,242.25215,237.05215,32.092,0.00078,16702416,4081411473.0,0.6726867930350827,237.85215
HK.09988,阿里巴巴-W,2020-08-12,237.65215,238.85215,240.05215,233.45215,32.013,0.00074,15796928,3817896100.0,-0.250571982753128,239.45215
HK.09988,阿里巴巴-W,2020-08-13,243.25215,243.65215,246.45215,241.65215,32.645,0.00058,12489234,3101672580.0,2.009611385118372,238.85215
HK.09988,阿里巴巴-W,2020-08-14,241.65215,242.25215,244.25215,239.85215,32.46,0.00059,12607886,3113579750.0,-0.5745896352648666,243.65215
HK.09988,阿里巴巴-W,2020-08-17,238.05215,238.25215,242.05215,236.65215,31.934,0.00097,20853111,5079606007.0,-1.651172136139968,242.25215
HK.09988,阿里巴巴-W,2020-08-18,244.85215,247.45215,248.05215,243.05215,33.144,0.00108,23158760,5792981325.0,3.8614551851893,238.25215
HK.09988,阿里巴巴-W,2020-08-19,247.45215,250.85215,251.45215,246.45215,33.592,0.00071,15227171,3875288324.0,1.3740030143201445,247.45215
HK.09988,阿里巴巴-W,2020-08-20,249.45215,250.45215,251.25215,245.85215,33.539,0.00107,22881516,5796326521.0,-0.1594564766536805,250.85215
HK.09988,阿里巴巴-W,2020-08-21,247.25215,248.25215,254.05215,246.05215,33.25,0.00149,32079272,8158819307.0,-0.8784113053132061,250.45215
HK.09988,阿里巴巴-W,2020-08-24,256.45215,259.852149999,261.45215,254.65215,34.775,0.00203,43488850,11431948544.0,4.67266849410972,248.25215
HK.09988,阿里巴巴-W,2020-08-25,265.45215,264.65215,269.852149999,262.05215,35.407,0.00143,30708120,8315663515.0,1.8472042663562616,259.852149999
HK.09988,阿里巴巴-W,2020-08-26,275.25215,275.85215,275.85215,272.25215,36.88,0.00149,31949336,8913609882.0,4.231970154030485,264.65215
HK.09988,阿里巴巴-W,2020-08-27,278.05215,276.05215,279.45215,273.45215,36.906,0.00131,28072548,7901575149.0,0.072502606921856,275.85215
HK.09988,阿里巴巴-W,2020-08-28,272.45215,272.45215,275.05215,270.65215,36.432,0.00138,29542320,8204484945.0,-1.30410141706919,276.05215
HK.09988,阿里巴巴-W,2020-08-31,278.25215,278.25215,283.05215,276.45215,37.195,0.00125,26933353,7672605677.0,2.1288141789301185,272.45215
HK.09988,阿里巴巴-W,2020-09-01,274.45215,278.25215,280.85215,273.65215,37.195,0.00112,24207208,6827407275.0,0.0,278.25215
HK.09988,阿里巴巴-W,2020-09-02,285.45215,286.65215,287.45215,282.85215,38.63,0.00114,24662027,7149828845.0,3.018844598325668,278.25215
HK.09988,阿里巴巴-W,2020-09-03,283.25215,279.65215,284.65215,278.85215,37.702,0.00134,28987875,8292935672.0,-2.441984126056616,286.65215
HK.09988,阿里巴巴-W,2020-09-04,263.45215,269.45215,270.85215,260.65215,36.349,0.00364,78861798,21490059248.0,-3.647388371589486,279.65215
HK.09988,阿里巴巴-W,2020-09-07,266.65215,261.05215,270.05215,260.852149999,35.234,0.00219,47493625,12878180490.0,-3.117436620936234,269.45215
HK.09988,阿里巴巴-W,2020-09-08,265.45215,265.05215,267.25215,257.65215,35.765,0.00128,27608738,7384451840.0,1.532260891166765,261.05215
HK.09988,阿里巴巴-W,2020-09-09,257.45215,258.65215,260.05215,254.05215,34.916,0.00125,27066740,7086766586.0,-2.414619160795329,265.05215
HK.09988,阿里巴巴-W,2020-09-10,262.25215,258.05215,263.45215,257.45215,34.836,0.00118,25531787,6781491107.0,-0.23197178140604,258.65215
HK.09988,阿里巴巴-W,2020-09-11,258.852149999,261.45215,262.45215,256.25215,35.287,0.00096,20757663,5483130633.0,1.3175631359785354,258.05215
HK.09988,阿里巴巴-W,2020-09-14,262.25215,263.65215,264.05215,259.45215,35.579,0.00074,16063671,4291080634.0,0.8414541628362928,261.45215
HK.09988,阿里巴巴-W,2020-09-15,263.45215,262.852149999,265.05215,261.65215,35.473,0.00091,19666515,5271527041.0,-0.3034301070558312,263.65215
HK.09988,阿里巴巴-W,2020-09-16,265.25215,268.45215,268.45215,264.65215,36.216,0.00097,20927130,5679417751.0,2.130475250448329,262.852149999
HK.09988,阿里巴巴-W,2020-09-17,266.25215,263.25215,267.05215,261.05215,35.526,0.00089,19364862,5187765056.0,-1.9370304912812375,268.45215
HK.09988,阿里巴巴-W,2020-09-18,262.05215,265.05215,265.05215,259.852149999,35.765,0.00097,20935638,5608151516.0,0.6837550994360394,263.25215
HK.09988,阿里巴巴-W,2020-09-21,262.45215,257.45215,263.65215,257.45215,34.757,0.00097,20930001,5559122667.0,-2.867360253444451,265.05215
HK.09988,阿里巴巴-W,2020-09-22,262.45215,260.25215,262.45215,257.852149999,35.128,0.00076,16372015,4341925779.0,1.0875807407318037,257.45215
HK.09988,阿里巴巴-W,2020-09-23,262.25215,262.45215,264.65215,260.25215,35.42,0.00094,20296916,5436694780.0,0.8453340347044379,260.25215
HK.09988,阿里巴巴-W,2020-09-24,259.45215,256.45215,260.852149999,256.45215,34.624,0.00076,16462927,4320316470.0,-2.286131014739258,262.45215
HK.09988,阿里巴巴-W,2020-09-25,259.852149999,253.45215,259.852149999,250.85215,34.226,0.00071,15319675,3979294977.0,-1.169808870777659,256.45215
HK.09988,阿里巴巴-W,2020-09-28,257.45215,258.852149999,260.05215,256.65215,34.942,0.00055,11818697,3114018882.0,2.1305796770712013,253.45215
HK.09988,阿里巴巴-W,2020-09-29,263.65215,260.852149999,265.45215,260.852149999,35.208,0.00077,16607941,4451841614.0,0.7726418343474166,258.852149999
HK.09988,阿里巴巴-W,2020-09-30,264.852149999,271.05215,271.45215,264.25215,36.561,0.00163,35325185,9671374120.0,3.910261042908437,260.852149999
HK.09988,阿里巴巴-W,2020-10-05,280.45215,277.45215,280.45215,274.05215,37.41,0.00117,25233089,7104519506.0,2.3611692436308047,271.05215
HK.09988,阿里巴巴-W,2020-10-06,275.25215,275.45215,276.65215,272.85215,37.145,0.00083,18023022,5042914323.0,-0.7208450177805433,277.45215
HK.09988,阿里巴巴-W,2020-10-07,279.25215,283.65215,284.45215,278.05215,38.232,0.001,21555736,6180850470.0,2.9769235781967893,275.45215
HK.09988,阿里巴巴-W,2020-10-08,285.25215,285.05215,285.25215,280.65215,38.418,0.00079,17175080,4950003160.0,0.4935622733689758,283.65215
HK.09988,阿里巴巴-W,2020-10-09,286.45215,281.65215,288.45215,279.25215,37.967,0.00103,22209544,6415637279.0,-1.192764201217208,285.05215
HK.09988,阿里巴巴-W,2020-10-12,283.45215,287.45215,288.45215,283.05215,38.737,0.0007,15212791,4435100158.0,2.059277729639206,281.65215
HK.09988,阿里巴巴-W,2020-10-14,293.45215,293.05215,293.45215,290.05215,39.479,0.00128,27640402,8197627652.0,1.9481503269326617,287.45215
HK.09988,阿里巴巴-W,2020-10-15,285.85215,280.25215,286.45215,279.65215,37.781,0.00124,26871063,7735200069.0,-4.367823269680844,293.05215
HK.09988,阿里巴巴-W,2020-10-16,285.45215,289.45215,289.45215,284.25215,39.002,0.00086,18581210,5427453488.0,3.282758044853553,280.25215
HK.09988,阿里巴巴-W,2020-10-19,293.65215,292.65215,294.85215,290.85215,39.426,0.00091,19704407,5859766176.0,1.1055367873411852,289.45215
HK.09988,阿里巴巴-W,2020-10-20,293.25215,294.85215,295.85215,291.65215,39.718,0.0009,19447954,5810052698.0,0.7517457158609593,292.65215
HK.09988,阿里巴巴-W,2020-10-21,295.45215,295.65215,299.25215,294.65215,39.824,0.00081,17439667,5247408793.0,0.2713224237978293,294.85215
HK.09988,阿里巴巴-W,2020-10-22,294.05215,295.45215,297.05215,292.45215,39.798,0.00066,14381076,4311092175.0,-0.0676470642949793,295.65215
HK.09988,阿里巴巴-W,2020-10-23,293.25215,293.45215,295.85215,292.45215,39.533,0.0007,15074407,4499506348.0,-0.6769285652515982,295.45215
HK.09988,阿里巴巴-W,2020-10-27,292.05215,295.45215,296.05215,289.65215,39.798,0.00084,18285289,5447408480.0,0.6815421185361906,293.45215
HK.09988,阿里巴巴-W,2020-10-28,299.85215,302.85215,304.85215,299.65215,40.78,0.00129,27847200,8559878076.0,2.504635691430906,295.45215
HK.09988,阿里巴巴-W,2020-10-29,295.45215,298.05215,301.05215,294.45215,40.143,0.00111,24070737,7283180469.0,-1.584931789323606,302.85215
HK.09988,阿里巴巴-W,2020-10-30,296.45215,288.65215,298.45215,288.05215,38.896,0.00124,26853552,7981680464.0,-3.153810499270003,298.05215
HK.09988,阿里巴巴-W,2020-11-02,293.85215,293.25215,293.85215,286.85215,39.506,0.00085,18371445,5429222549.0,1.5936136280294346,288.65215
HK.09988,阿里巴巴-W,2020-11-03,295.85215,295.25215,297.05215,294.45215,39.771,0.0008,17260262,5177454907.0,0.6820069349875185,293.25215
HK.09988,阿里巴巴-W,2020-11-04,267.45215,272.65215,277.45215,267.45215,36.773,0.00467,101173866,28120207117.0,-7.654474319662014,295.25215
HK.09988,阿里巴巴-W,2020-11-05,281.05215,290.05215,290.05215,281.05215,39.081,0.00197,42593676,12378945900.0,6.381757855201206,272.65215
HK.09988,阿里巴巴-W,2020-11-06,278.25215,277.45215,285.25215,277.45215,37.41,0.00242,52373045,14888842669.0,-4.344046406827175,290.05215
HK.09988,阿里巴巴-W,2020-11-09,286.85215,285.65215,288.45215,284.85215,38.498,0.00165,35794135,10404585724.0,2.955464572900224,277.45215
HK.09988,阿里巴巴-W,2020-11-10,278.85215,270.85215,279.25215,268.45215,36.534,0.00295,63855746,17801275351.0,-5.181126765543341,285.65215
HK.09988,阿里巴巴-W,2020-11-11,250.45215,243.85215,254.25215,243.85215,32.953,0.00539,116686276,29589258768.0,-9.96853818587004,270.85215
HK.09988,阿里巴巴-W,2020-11-12,253.25215,248.45215,254.05215,247.65215,33.563,0.00253,54771508,13952038363.0,1.886388945104644,243.85215
HK.09988,阿里巴巴-W,2020-11-13,254.05215,252.45215,255.45215,247.85215,34.093,0.00194,42011134,10763226917.0,1.6099679556003037,248.45215
HK.09988,阿里巴巴-W,2020-11-16,248.85215,249.45215,250.05215,240.45215,33.695,0.00187,40495713,10134007532.0,-1.1883440089537762,252.45215
HK.09988,阿里巴巴-W,2020-11-17,250.45215,245.25215,251.05215,245.25215,33.138,0.00128,27731447,6983949594.0,-1.6836896374715506,249.45215
HK.09988,阿里巴巴-W,2020-11-18,246.45215,245.45215,247.45215,243.05215,33.165,0.00098,21190712,5298100093.0,0.0815487244454283,245.25215
HK.09988,阿里巴巴-W,2020-11-19,245.45215,240.65215,245.45215,240.45215,32.528,0.0009,19558960,4824224160.0,-1.955574640515466,245.45215
HK.09988,阿里巴巴-W,2020-11-20,246.45215,248.45215,250.45215,244.65215,33.563,0.00115,24969028,6315914812.0,3.241192733993851,240.65215
HK.09988,阿里巴巴-W,2020-11-23,258.65215,259.45215,261.65215,256.05215,35.022,0.00207,44892281,11848363431.0,4.427411877900847,248.45215
HK.09988,阿里巴巴-W,2020-11-24,268.45215,265.45215,270.05215,263.25215,35.818,0.00191,41400443,11226366736.0,2.3125651492963155,259.45215
HK.09988,阿里巴巴-W,2020-11-25,270.25215,262.45215,270.45215,260.05215,35.42,0.00129,27982144,7535209591.0,-1.1301471847186018,265.45215
HK.09988,阿里巴巴-W,2020-11-26,265.45215,264.45215,267.25215,262.65215,35.685,0.00086,18539582,4994667750.0,0.7620436715797527,262.45215
HK.09988,阿里巴巴-W,2020-11-27,266.45215,265.05215,266.45215,262.65215,35.765,0.00053,11575149,3115603306.0,0.2268841452035712,264.45215
HK.09988,阿里巴巴-W,2020-11-30,259.45215,256.852149999,260.25215,254.05215,34.677,0.0009,19453729,5075038557.0,-3.093730800146303,265.05215
HK.09988,阿里巴巴-W,2020-12-01,252.25215,252.65215,255.05215,250.05215,34.12,0.00091,19622885,5041333082.0,-1.6351819515687724,256.852149999
HK.09988,阿里巴巴-W,2020-12-02,252.45215,250.65215,252.65215,249.45215,33.855,0.00081,17518631,4478535316.0,-0.7916022088076432,252.65215
HK.09988,阿里巴巴-W,2020-12-03,250.65215,252.852149999,253.852149999,250.05215,34.146,0.00066,14374923,3693312031.0,0.8777104042395005,250.65215
HK.09988,阿里巴巴-W,2020-12-04,254.45215,259.45215,262.05215,253.852149999,35.022,0.0013,28041474,7385523768.0,2.6102210327363697,252.852149999
HK.09988,阿里巴巴-W,2020-12-07,256.45215,253.45215,256.65215,250.45215,34.226,0.00074,16021766,4132888474.0,-2.312565149296326,259.45215
HK.09988,阿里巴巴-W,2020-12-08,252.45215,253.45215,254.65215,250.85215,34.226,0.00054,11781749,3034744808.0,0.0,253.45215
HK.09988,阿里巴巴-W,2020-12-09,257.45215,256.25215,258.25215,254.852149999,34.598,0.00079,17024320,4449526999.0,1.1047450179451952,253.45215
HK.09988,阿里巴巴-W,2020-12-10,251.05215,250.85215,251.65215,248.45215,33.881,0.00098,21316945,5438671596.0,-2.1072993924148453,256.25215
HK.09988,阿里巴巴-W,2020-12-11,254.45215,253.852149999,256.05215,252.45215,34.279,0.00058,12567160,3253601138.0,1.19592357450395,250.85215
HK.09988,阿里巴巴-W,2020-12-14,254.25215,247.05215,254.25215,245.45215,33.377,0.00105,22655912,5729615165.0,-2.6787246036824115,253.852149999
HK.09988,阿里巴巴-W,2020-12-15,245.45215,241.45215,245.45215,240.45215,32.634,0.00129,27969305,6886326966.0,-2.266727895304705,247.05215
HK.09988,阿里巴巴-W,2020-12-16,244.25215,246.45215,247.85215,242.25215,33.297,0.00075,16279191,4076138256.0,2.0708036768361766,241.45215
HK.09988,阿里巴巴-W,2020-12-17,250.85215,253.45215,253.45215,249.85215,34.226,0.00084,18134098,4647504439.0,2.840307946187526,246.45215
HK.09988,阿里巴巴-W,2020-12-18,252.852149999,251.05215,252.852149999,248.05215,33.908,0.00111,23943869,6105691990.0,-0.9469243010958784,253.45215
HK.09988,阿里巴巴-W,2020-12-21,250.45215,245.45215,250.45215,243.85215,33.165,0.00066,14314027,3601283485.0,-2.2306122453044206,251.05215
HK.09988,阿里巴巴-W,2020-12-22,247.45215,244.25215,247.65215,243.05215,33.006,0.00058,12519867,3121808250.0,-0.4888936601288637,245.45215
HK.09988,阿里巴巴-W,2020-12-23,244.65215,243.85215,245.25215,240.65215,32.953,0.0007,15189316,3760136050.0,-0.1637651910126505,244.25215
HK.09988,阿里巴巴-W,2020-12-24,235.45215,223.65215,235.45215,221.65215,30.273,0.0032,69173505,15959593163.0,-8.283707976329096,243.85215
HK.09988,阿里巴巴-W,2020-12-28,214.85215,205.45215,215.25215,202.65215,27.858,0.00482,104426789,22291605377.0,-8.137636950952636,223.65215
HK.09988,阿里巴巴-W,2020-12-29,211.65215,217.45215,220.45215,211.65215,29.45,0.00197,42704055,9455648618.0,5.840776063915612,205.45215
HK.09988,阿里巴巴-W,2020-12-30,225.25215,231.65215,231.85215,224.85215,31.334,0.00187,40430776,9470326477.0,6.530172270083334,217.45215
HK.09988,阿里巴巴-W,2020-12-31,228.45215,228.05215,228.45215,224.45215,30.856,0.00072,15576728,3603968705.0,-1.5540542144763148,231.65215
HK.09988,阿里巴巴-W,2021-01-04,220.25215,223.05215,224.05215,218.85215,30.193,0.00129,27907724,6309314743.0,-2.192480974198226,228.05215
HK.09988,阿里巴巴-W,2021-01-05,215.45215,218.45215,219.65215,214.65215,29.583,0.00162,35061260,7765442681.0,-2.0622979872644236,223.05215
HK.09988,阿里巴巴-W,2021-01-06,223.45215,225.45215,228.05215,223.25215,30.512,0.00145,31462508,7246448767.0,3.2043630607435083,218.45215
HK.09988,阿里巴巴-W,2021-01-07,216.45215,216.45215,217.25215,211.85215,29.318,0.00219,47362360,10400576927.0,-3.9919778986361414,225.45215
HK.09988,阿里巴巴-W,2021-01-08,218.85215,219.65215,221.85215,215.05215,29.742,0.00138,29880895,6686597383.0,1.478386793570781,216.45215
HK.09988,阿里巴巴-W,2021-01-11,222.65215,216.45215,225.85215,215.45215,29.318,0.00227,49219037,11073011901.0,-1.4568489313671718,219.65215
HK.09988,阿里巴巴-W,2021-01-12,216.45215,215.45215,216.45215,212.65215,29.185,0.0017,36773693,8063156455.0,-0.4619958729908666,216.45215
HK.09988,阿里巴巴-W,2021-01-13,217.05215,219.25215,221.05215,216.45215,29.689,0.00118,25521304,5704300238.0,1.7637326896018497,215.45215
HK.09988,阿里巴巴-W,2021-01-14,227.25215,230.45215,230.85215,224.85215,31.175,0.00259,56102214,13089969050.0,5.108273738706776,219.25215
HK.09988,阿里巴巴-W,2021-01-15,233.45215,236.45215,239.65215,231.65215,31.971,0.00262,56724043,13633874912.0,2.6035773586837876,230.45215
HK.09988,阿里巴巴-W,2021-01-18,234.05215,237.45215,239.05215,232.05215,32.104,0.00131,28459710,6862396379.0,0.4229185482136661,236.45215
HK.09988,阿里巴巴-W,2021-01-19,240.45215,239.65215,244.25215,237.65215,32.395,0.00165,35728468,8764559076.0,0.9265024553367982,237.45215
HK.09988,阿里巴巴-W,2021-01-20,240.65215,260.45215,265.45215,239.85215,35.155,0.00486,105283224,27424669105.0,8.679246149053958,239.65215
HK.09988,阿里巴巴-W,2021-01-21,255.05215,254.05215,258.05215,250.65215,34.306,0.0024,52014003,13453226086.0,-2.4572651828752443,260.45215
HK.09988,阿里巴巴-W,2021-01-22,247.85215,246.05215,248.85215,242.65215,33.244,0.00185,39959960,10005166192.0,-3.14895977066126,254.05215
HK.09988,阿里巴巴-W,2021-01-25,248.05215,253.45215,258.25215,246.45215,34.226,0.00221,47792619,12345860291.0,3.0074925173382865,246.05215
HK.09988,阿里巴巴-W,2021-01-26,250.85215,248.85215,251.45215,247.65215,33.616,0.00154,33317774,8464356033.0,-1.814938243767115,253.45215
HK.09988,阿里巴巴-W,2021-01-27,257.25215,255.45215,258.65215,250.65215,34.491,0.0016,34684877,9026580124.0,2.65217720642558,248.85215
HK.09988,阿里巴巴-W,2021-01-28,248.25215,247.05215,253.05215,245.85215,33.377,0.0016,34740164,8786240128.0,-3.288287062763017,255.45215
HK.09988,阿里巴巴-W,2021-01-29,247.05215,242.25215,249.45215,237.45215,32.74,0.00161,34866053,8617470107.0,-1.9429096245468864,247.05215
HK.09988,阿里巴巴-W,2021-02-01,241.45215,246.65215,247.45215,240.45215,33.324,0.00128,27611659,6872671609.0,1.8162893497539672,242.25215
HK.09988,阿里巴巴-W,2021-02-02,255.45215,255.45215,256.852149999,251.25215,34.491,0.00165,35793652,9290978799.0,3.5677775360968806,246.65215
HK.09988,阿里巴巴-W,2021-02-03,245.25215,256.45215,261.45215,242.65215,34.624,0.0027,58494910,14797214450.0,0.3914627455670381,255.45215
HK.09988,阿里巴巴-W,2021-02-04,256.25215,257.65215,262.852149999,252.852149999,34.783,0.00334,72252607,18961247185.0,0.4679235483110547,256.45215
HK.09988,阿里巴巴-W,2021-02-05,255.25215,253.45215,256.852149999,251.852149999,34.226,0.00142,30738742,7966043399.0,-1.6301047749844186,257.65215
HK.09988,阿里巴巴-W,2021-02-08,255.05215,251.852149999,257.852149999,250.85215,34.014,0.00069,14861452,3834836472.0,-0.6312828677918036,253.45215
HK.09988,阿里巴巴-W,2021-02-09,251.25215,250.85215,252.852149999,248.45215,33.881,0.00099,21534617,5484390734.0,-0.3970583530869128,251.852149999
HK.09988,阿里巴巴-W,2021-02-10,254.05215,257.45215,258.45215,252.852149999,34.757,0.00134,28952395,7556389277.0,2.6310318647857005,250.85215
HK.09988,阿里巴巴-W,2021-02-11,256.45215,256.45215,257.45215,253.05215,34.624,0.00063,13576585,3527164461.0,-0.3884216931185076,257.45215
HK.09988,阿里巴巴-W,2021-02-16,260.25215,259.65215,261.45215,258.65215,35.049,0.00164,35490449,9359589456.0,1.2477961288294863,256.45215
HK.09988,阿里巴巴-W,2021-02-17,258.852149999,262.45215,264.852149999,257.65215,35.42,0.00171,36931302,9850583544.0,1.0783658059446115,259.65215
HK.09988,阿里巴巴-W,2021-02-18,258.852149999,255.852149999,259.25215,255.45215,34.544,0.00136,29507989,7726721657.0,-2.51474411659421,262.45215
HK.09988,阿里巴巴-W,2021-02-19,251.45215,252.45215,253.45215,247.85215,34.093,0.00127,27537542,7040845064.0,-1.3288924869356404,255.852149999
HK.09988,阿里巴巴-W,2021-02-22,251.45215,246.05215,251.852149999,245.25215,33.244,0.00143,30923499,7816051357.0,-2.5351338857680465,252.45215
HK.09988,阿里巴巴-W,2021-02-23,241.85215,243.05215,244.25215,238.65215,32.846,0.00113,24370829,6016334362.0,-1.219253723245255,246.05215
HK.09988,阿里巴巴-W,2021-02-24,243.05215,238.25215,244.25215,235.45215,32.21,0.00144,31209824,7594054253.0,-1.9748848138146529,243.05215
HK.09988,阿里巴巴-W,2021-02-25,238.85215,238.85215,244.25215,234.65215,32.289,0.00128,27601154,6728205572.0,0.2518340338166914,238.25215
HK.09988,阿里巴巴-W,2021-02-26,228.25215,227.85215,229.85215,226.25215,30.83,0.00199,42971525,10057303513.0,-4.605359424229592,238.85215
HK.09988,阿里巴巴-W,2021-03-01,230.25215,230.05215,232.05215,227.85215,31.122,0.00119,25781049,6032555638.0,0.9655383984746324,227.85215
HK.09988,阿里巴巴-W,2021-03-02,230.05215,224.85215,230.85215,224.45215,30.432,0.00131,28438280,6572874941.0,-2.2603570538245426,230.05215
HK.09988,阿里巴巴-W,2021-03-03,225.05215,227.85215,229.45215,222.85215,30.83,0.00087,18744515,4345926328.0,1.3342100575867295,224.85215
HK.09988,阿里巴巴-W,2021-03-04,226.45215,222.65215,226.65215,222.45215,30.14,0.00082,17756272,4054005938.0,-2.2821816691218357,227.85215
HK.09988,阿里巴巴-W,2021-03-05,219.25215,222.45215,225.25215,216.65215,30.114,0.00123,26560051,6010215072.0,-0.0898262154665998,222.65215
HK.09988,阿里巴巴-W,2021-03-08,224.25215,216.05215,227.05215,215.65215,29.265,0.00113,24540546,5500393865.0,-2.877023216003971,222.45215
HK.09988,阿里巴巴-W,2021-03-09,219.45215,219.45215,225.45215,214.05215,29.775,0.00163,35249748,7921617125.0,1.5736941289406177,216.05215
HK.09988,阿里巴巴-W,2021-03-10,226.45215,223.85215,227.05215,223.45215,30.36,0.0014,30292760,6944357102.0,2.004992887971253,219.45215
HK.09988,阿里巴巴-W,2021-03-11,224.45215,223.05215,225.85215,221.85215,30.253,0.00135,29228815,6684606598.0,-0.3573787430676823,223.85215
HK.09988,阿里巴巴-W,2021-03-12,228.45215,221.45215,229.85215,221.25215,30.041,0.00158,34231547,7869147069.0,-0.7173210390485016,223.05215
HK.09988,阿里巴巴-W,2021-03-15,222.45215,216.85215,223.25215,214.85215,29.429,0.00156,33908103,7554639710.0,-2.077198166737146,221.45215
HK.09988,阿里巴巴-W,2021-03-16,217.85215,216.85215,218.05215,216.05215,29.429,0.00096,20868000,4622070303.0,0.0,216.85215
HK.09988,阿里巴巴-W,2021-03-17,216.45215,218.05215,218.85215,214.85215,29.589,0.00086,18718973,4148452141.0,0.5533724244836941,216.85215
HK.09988,阿里巴巴-W,2021-03-18,222.05215,229.05215,234.05215,221.85215,31.051,0.0027,58621778,13742631451.0,5.044664774000164,218.05215
HK.09988,阿里巴巴-W,2021-03-19,227.45215,230.05215,230.05215,225.05215,31.184,0.00207,44914799,10463877725.0,0.4365818002581507,229.05215
HK.09988,阿里巴巴-W,2021-03-22,227.85215,226.65215,229.85215,226.05215,30.732,0.00067,14508251,3370902191.0,-1.4779257659621985,230.05215
HK.09988,阿里巴巴-W,2021-03-23,226.85215,225.45215,228.25215,223.45215,30.572,0.00121,26218754,6046866155.0,-0.5294456725868327,226.65215
HK.09988,阿里巴巴-W,2021-03-24,228.05215,225.45215,229.05215,223.85215,30.572,0.00073,15811948,3642246790.0,0.0,225.45215
HK.09988,阿里巴巴-W,2021-03-25,214.05215,216.45215,217.65215,210.65215,29.376,0.00142,30783245,6763730544.0,-3.9919778986361414,225.45215
HK.09988,阿里巴巴-W,2021-03-26,213.25215,211.45215,214.05215,209.45215,28.711,0.00152,32976932,7121902938.0,-2.3099793649543328,216.45215
HK.09988,阿里巴巴-W,2021-03-29,211.45215,211.65215,213.05215,209.85215,28.738,0.00119,25704513,5548199167.0,0.0945840465561674,211.45215
HK.09988,阿里巴巴-W,2021-03-30,219.85215,217.05215,220.65215,216.25215,29.456,0.00156,33848578,7538783515.0,2.5513560811926577,211.65215
HK.09988,阿里巴巴-W,2021-03-31,219.45215,215.45215,219.65215,215.25215,29.243,0.00092,19946806,4406987803.0,-0.7371500351413348,217.05215
HK.09988,阿里巴巴-W,2021-04-01,218.45215,221.05215,221.65215,216.05215,29.988,0.00106,23025316,5149546298.0,2.5991850162553605,215.45215
HK.09988,阿里巴巴-W,2021-04-07,219.65215,217.45215,221.05215,216.85215,29.509,0.00115,24885227,5550631946.0,-1.628574976538352,221.05215
HK.09988,阿里巴巴-W,2021-04-08,217.25215,218.45215,220.45215,216.25215,29.642,0.00117,25337633,5664406310.0,0.4598712866255863,217.45215
HK.09988,阿里巴巴-W,2021-04-09,218.45215,213.45215,218.45215,212.25215,28.977,0.00105,22699587,4972340264.0,-2.288830757673934,218.45215
HK.09988,阿里巴巴-W,2021-04-12,225.45215,227.65215,233.05215,222.05215,30.865,0.00359,77835113,18147041010.0,6.652544844359739,213.45215
HK.09988,阿里巴巴-W,2021-04-13,235.45215,228.65215,237.05215,227.85215,30.998,0.00166,35951883,8516949881.0,0.43926666187866,227.65215
HK.09988,阿里巴巴-W,2021-04-14,232.05215,233.25215,233.45215,230.45215,31.609,0.00099,21526494,5098805723.0,2.011789523955928,228.65215
HK.09988,阿里巴巴-W,2021-04-15,229.45215,229.25215,230.25215,226.05215,31.078,0.00094,20324396,4744676727.0,-1.7148823708591756,233.25215
HK.09988,阿里巴巴-W,2021-04-16,227.45215,231.05215,232.85215,227.05215,31.317,0.00145,31491743,7393839935.0,0.7851616658775115,229.25215
HK.09988,阿里巴巴-W,2021-04-19,227.45215,227.45215,229.85215,226.65215,30.838,0.00112,24351578,5679238436.0,-1.5580898078637324,231.05215
HK.09988,阿里巴巴-W,2021-04-20,223.85215,223.65215,224.05215,220.65215,30.333,0.00092,19985710,4543897861.0,-1.6706810641271066,227.45215
HK.09988,阿里巴巴-W,2021-04-21,217.45215,217.25215,218.25215,215.65215,29.482,0.00098,21338590,4721783380.0,-2.8615866201152125,223.65215
HK.09988,阿里巴巴-W,2021-04-22,217.25215,216.85215,219.85215,216.05215,29.429,0.00069,15020535,3331485472.0,-0.1841178556806023,217.25215
HK.09988,阿里巴巴-W,2021-04-23,219.05215,219.85215,222.05215,218.25215,29.828,0.00075,16197504,3638145390.0,1.3834310612092156,216.85215
HK.09988,阿里巴巴-W,2021-04-26,221.45215,220.05215,223.25215,219.85215,29.855,0.00066,14207473,3208411996.0,0.0909702270366776,219.85215
HK.09988,阿里巴巴-W,2021-04-27,221.45215,221.85215,224.05215,220.85215,30.094,0.00065,14100733,3200336205.0,0.8179879178640076,220.05215
HK.09988,阿里巴巴-W,2021-04-28,224.25215,227.05215,227.45215,222.45215,30.785,0.00127,27538276,6357138869.0,2.3439033608644393,221.85215
HK.09988,阿里巴巴-W,2021-04-29,229.25215,226.85215,229.25215,225.85215,30.759,0.00062,13445304,3120067844.0,-0.0880854904919495,227.05215
HK.09988,阿里巴巴-W,2021-04-30,222.45215,220.45215,222.85215,218.85215,29.908,0.00085,18390472,4141220775.0,-2.8212207819057507,226.85215
HK.09988,阿里巴巴-W,2021-05-03,220.45215,219.25215,222.25215,217.85215,29.748,0.0005,10743054,2401662834.0,-0.5443358116489173,220.45215
HK.09988,阿里巴巴-W,2021-05-04,218.85215,220.65215,221.05215,218.45215,29.934,0.0004,8757722,1965706404.0,0.6385342173383503,219.25215
HK.09988,阿里巴巴-W,2021-05-05,217.05215,215.45215,218.05215,214.85215,29.243,0.00071,15431071,3408118991.0,-2.3566505017059733,220.65215
HK.09988,阿里巴巴-W,2021-05-06,216.25215,217.05215,218.25215,215.05215,29.456,0.00053,11577986,2560554195.0,0.7426242903586818,215.45215
HK.09988,阿里巴巴-W,2021-05-07,216.45215,215.25215,217.85215,214.45215,29.217,0.00072,15513681,3424316508.0,-0.829293789533995,217.05215
HK.09988,阿里巴巴-W,2021-05-10,215.25215,210.65215,216.65215,208.45215,28.605,0.00103,22333260,4815713487.0,-2.1370285964623323,215.25215
HK.09988,阿里巴巴-W,2021-05-11,206.05215,203.05215,206.85215,202.45215,27.595,0.00111,24014630,5001804340.0,-3.607843546814022,210.65215
HK.09988,阿里巴巴-W,2021-05-12,210.45215,215.65215,216.25215,209.45215,29.27,0.00144,31199699,6807868392.0,6.205302430927224,203.05215
HK.09988,阿里巴巴-W,2021-05-13,211.25215,208.65215,213.45215,208.65215,28.339,0.00085,18348468,3966144932.0,-3.2459681018714632,215.65215
HK.09988,阿里巴巴-W,2021-05-14,197.45215,200.05215,200.65215,195.65215,24.558,0.00243,52690766,10704069341.0,-4.121692491546334,208.65215
HK.09988,阿里巴巴-W,2021-05-17,200.05215,200.85215,204.25215,198.65215,24.654,0.00128,27817583,5733812100.0,0.3998957271891269,200.05215
HK.09988,阿里巴巴-W,2021-05-18,202.65215,203.05215,204.05215,202.05215,24.918,0.00085,18530861,3845032384.0,1.0953330596660364,200.85215
HK.09988,阿里巴巴-W,2021-05-20,202.45215,201.45215,203.45215,199.85215,24.726,0.00142,30886478,6357357815.0,-0.787974911863786,203.05215
HK.09988,阿里巴巴-W,2021-05-21,205.65215,203.45215,206.05215,201.45215,24.966,0.00178,38645780,8006115533.0,0.9927915884739876,201.45215
HK.09988,阿里巴巴-W,2021-05-24,201.45215,200.45215,201.45215,199.45215,24.606,0.00079,17159113,3520654616.0,-1.4745481922899315,203.45215
HK.09988,阿里巴巴-W,2021-05-25,199.05215,201.45215,202.45215,198.85215,24.726,0.00108,23472797,4825599754.0,0.4988721747309769,200.45215
HK.09988,阿里巴巴-W,2021-05-26,203.25215,202.45215,204.05215,201.85215,24.846,0.00077,16688924,3462679023.0,0.4963957942369938,201.45215
HK.09988,阿里巴巴-W,2021-05-27,200.85215,204.25215,204.25215,200.45215,25.063,0.00143,31113636,6457812433.0,0.889098979684835,202.45215
HK.09988,阿里巴巴-W,2021-05-28,203.85215,202.85215,204.85215,202.05215,24.894,0.00112,24377407,5072496490.0,-0.6854273014996443,204.25215
HK.09988,阿里巴巴-W,2021-05-31,203.85215,206.45215,206.85215,203.25215,25.327,0.001,21707496,4545266466.0,1.774691567232585,202.85215
HK.09988,阿里巴巴-W,2021-06-01,209.05215,213.65215,215.05215,207.85215,26.191,0.00179,38847778,8428381502.0,3.4874909270743935,206.45215
HK.09988,阿里巴巴-W,2021-06-02,211.25215,209.85215,211.25215,208.05215,25.735,0.00145,31538468,6760807899.0,-1.77859197766089,213.65215
HK.09988,阿里巴巴-W,2021-06-03,209.25215,206.25215,209.25215,205.05215,25.303,0.00084,18209307,3851552375.0,-1.7154935034022736,209.85215
HK.09988,阿里巴巴-W,2021-06-04,204.25215,205.65215,209.25215,204.05215,25.231,0.00184,39982639,8422125693.0,-0.2909060584338123,206.25215
HK.09988,阿里巴巴-W,2021-06-07,207.05215,207.45215,208.05215,204.45215,25.447,0.00109,23713310,4999389893.0,0.8752643723880266,205.65215
HK.09988,阿里巴巴-W,2021-06-08,207.25215,205.65215,207.45215,204.25215,25.231,0.00065,14131162,2968615171.0,-0.8676699663030646,207.45215
HK.09988,阿里巴巴-W,2021-06-09,204.65215,203.45215,205.85215,202.65215,24.966,0.00068,14721409,3065981586.0,-1.069767566252051,205.65215
HK.09988,阿里巴巴-W,2021-06-10,204.25215,203.05215,206.65215,201.45215,24.918,0.00071,15353710,3191739630.0,-0.1966064256386463,203.45215
HK.09988,阿里巴巴-W,2021-06-11,203.25215,200.65215,203.45215,199.85215,24.63,0.001,21751657,4471789824.0,-1.181962367795665,203.05215
HK.09988,阿里巴巴-W,2021-06-15,205.05215,201.85215,205.05215,199.85215,24.774,0.00076,16521833,3416462988.0,0.5980499087600051,200.65215
HK.09988,阿里巴巴-W,2021-06-16,200.85215,198.85215,200.85215,198.85215,24.414,0.00071,15362004,3133564451.0,-1.486236336843576,201.85215
HK.09988,阿里巴巴-W,2021-06-17,197.45215,199.25215,199.45215,196.65215,24.462,0.00056,12114454,2457271206.0,0.2011544758253837,198.85215
HK.09988,阿里巴巴-W,2021-06-18,199.85215,202.45215,203.05215,199.25215,24.846,0.00123,26572314,5484834338.0,1.606005255150315,199.25215
HK.09988,阿里巴巴-W,2021-06-21,201.45215,200.85215,203.05215,199.25215,24.654,0.00067,14510523,2978268160.0,-0.79031020416429,202.45215
HK.09988,阿里巴巴-W,2021-06-22,199.45215,198.45215,199.85215,197.25215,24.366,0.00075,16162775,3284650437.0,-1.1949087923629425,200.85215
HK.09988,阿里巴巴-W,2021-06-23,200.45215,202.65215,203.05215,199.65215,24.87,0.00076,16558423,3415871148.0,2.1163791876278575,198.45215
HK.09988,阿里巴巴-W,2021-06-24,205.05215,205.65215,208.05215,204.65215,25.231,0.00076,16482032,3469139076.0,1.4803691942079076,202.65215
HK.09988,阿里巴巴-W,2021-06-25,208.25215,211.05215,211.85215,206.65215,25.879,0.00136,29426102,6310805455.0,2.625793117164107,205.65215
HK.09988,阿里巴巴-W,2021-06-28,216.25215,217.45215,220.45215,214.65215,26.647,0.00107,23248108,5138780379.0,3.0324258719941857,211.05215
HK.09988,阿里巴巴-W,2021-06-29,217.45215,214.85215,218.25215,213.45215,26.335,0.00105,22735870,4995780387.0,-1.195665345226522,217.45215
HK.09988,阿里巴巴-W,2021-06-30,217.45215,215.45215,218.25215,215.45215,26.407,0.00082,17882516,3953022291.0,0.2792618086437554,214.85215
HK.09988,阿里巴巴-W,2021-07-02,211.65215,207.45215,211.65215,206.05215,25.447,0.00125,27196447,5775348343.0,-3.7131214517933566,215.45215
HK.09988,阿里巴巴-W,2021-07-05,204.45215,201.45215,205.25215,200.45215,24.726,0.00099,21390710,4424221111.0,-2.8922332210102426,207.45215
HK.09988,阿里巴巴-W,2021-07-06,200.65215,204.85215,204.85215,199.05215,25.135,0.00085,18506503,3831531354.0,1.6877457004057814,201.45215
HK.09988,阿里巴巴-W,2021-07-07,202.45215,201.25215,202.45215,199.85215,24.702,0.00078,16935600,3485370834.0,-1.7573650069086386,204.85215
HK.09988,阿里巴巴-W,2021-07-08,197.65215,192.75215,198.65215,192.45215,23.682,0.00174,37789548,7536824126.0,-4.223557363238107,201.25215
HK.09988,阿里巴巴-W,2021-07-09,190.45215,190.95215,192.05215,185.35215,23.466,0.00165,35815396,6949893725.0,-0.9338417236850596,192.75215
HK.09988,阿里巴巴-W,2021-07-12,194.75215,192.85215,196.25215,190.75215,23.694,0.0009,19585720,3860325694.0,0.9950136722733972,190.95215
HK.09988,阿里巴巴-W,2021-07-13,194.85215,200.65215,202.85215,193.05215,24.63,0.00139,30179190,6158281848.0,4.044549153328086,192.85215
HK.09988,阿里巴巴-W,2021-07-14,200.65215,201.85215,202.25215,199.25215,24.774,0.00119,25764588,5301107250.0,0.5980499087600051,200.65215
HK.09988,阿里巴巴-W,2021-07-15,201.85215,206.05215,209.65215,201.45215,25.279,0.00209,45293673,9575940689.0,2.080730871581015,201.85215
HK.09988,阿里巴巴-W,2021-07-16,205.85215,204.85215,207.05215,203.25215,25.135,0.00254,55141154,11568748321.0,-0.5823768400378336,206.05215
HK.09988,阿里巴巴-W,2021-07-19,201.25215,198.05215,201.25215,197.25215,24.318,0.002,43294441,8938676268.0,-3.3194672352718695,204.85215
HK.09988,阿里巴巴-W,2021-07-20,199.45215,198.25215,201.85215,195.85215,24.342,0.00068,14790988,3004026921.0,0.1009835035873069,198.05215
HK.09988,阿里巴巴-W,2021-07-21,201.05215,198.45215,201.45215,196.85215,24.366,0.00068,14800334,3003592349.0,0.100881629783076,198.25215
HK.09988,阿里巴巴-W,2021-07-22,201.05215,202.85215,203.05215,200.85215,24.894,0.00056,12066102,2493377839.0,2.217159148943463,198.45215
HK.09988,阿里巴巴-W,2021-07-23,204.25215,200.65215,204.25215,198.85215,24.63,0.00054,11735052,2416973322.0,-1.0845337355310205,202.85215
HK.09988,阿里巴巴-W,2021-07-26,194.65215,187.55215,194.65215,187.45215,23.058,0.002,43322099,8446825053.0,-6.528711503963448,200.65215
HK.09988,阿里巴巴-W,2021-07-27,179.25215,175.35215,183.95215,169.95215,21.594,0.00308,66752350,12137007766.0,-6.504857448981532,187.55215
HK.09988,阿里巴巴-W,2021-07-28,174.95215,178.65215,180.05215,171.65215,21.99,0.00243,52598759,9511125623.0,1.881927310272507,175.35215
HK.09988,阿里巴巴-W,2021-07-29,187.25215,192.75215,192.75215,184.75215,23.682,0.00263,57050274,11034896844.0,7.892432304900889,178.65215
HK.09988,阿里巴巴-W,2021-07-30,185.85215,184.45215,186.15215,181.05215,22.686,0.00123,26604358,5013843337.0,-4.306047948103309,192.75215
HK.09988,阿里巴巴-W,2021-08-02,184.45215,187.35215,188.75215,182.65215,23.034,0.00112,24424086,4661555040.0,1.5722234736759673,184.45215
HK.09988,阿里巴巴-W,2021-08-03,190.95215,188.95215,190.95215,182.65215,23.288,0.00119,25920558,4971672774.0,0.8540067461195372,187.35215
HK.09988,阿里巴巴-W,2021-08-04,186.75215,187.75215,189.95215,181.95215,23.143,0.00106,23029276,4419809672.0,-0.6350814214074774,188.95215
HK.09988,阿里巴巴-W,2021-08-05,190.35215,187.95215,193.05215,187.25215,23.167,0.00097,21169911,4115268662.0,0.1065234139795409,187.75215
HK.09988,阿里巴巴-W,2021-08-06,187.65215,188.95215,189.75215,185.75215,23.288,0.00071,15486524,2984418119.0,0.5320503117415789,187.95215
HK.09988,阿里巴巴-W,2021-08-09,182.45215,184.15215,187.05215,180.55215,22.71,0.00129,28015589,5268905113.0,-2.540325685629925,188.95215
HK.09988,阿里巴巴-W,2021-08-10,185.45215,188.35215,188.35215,183.05215,23.215,0.00083,17983679,3433989554.0,2.280722761042968,184.15215
HK.09988,阿里巴巴-W,2021-08-11,186.05215,186.65215,187.85215,183.85215,23.011,0.00063,13796247,2629768302.0,-0.9025646906605466,188.35215
HK.09988,阿里巴巴-W,2021-08-12,185.45215,184.15215,186.25215,181.85215,22.71,0.00067,14517317,2733942590.0,-1.3393898757662317,186.65215
HK.09988,阿里巴巴-W,2021-08-13,180.95215,179.45215,181.25215,176.95215,22.144,0.00099,21527678,3944021088.0,-2.5522373754528616,184.15215
HK.09988,阿里巴巴-W,2021-08-16,179.35215,175.85215,179.35215,175.05215,21.711,0.0009,19542473,3535678619.0,-2.0061058059209627,179.45215
HK.09988,阿里巴巴-W,2021-08-17,173.35215,167.25215,174.35215,166.45215,20.621,0.00197,42641139,7423462698.0,-4.89047191063629,175.85215
HK.09988,阿里巴巴-W,2021-08-18,165.45215,167.05215,168.15215,164.85215,20.597,0.00107,23291029,3989823219.0,-0.1195799276720739,167.25215
HK.09988,阿里巴巴-W,2021-08-19,164.05215,157.55215,164.85215,155.75215,19.457,0.00209,45396323,7465024146.0,-5.6868468918239,167.05215
HK.09988,阿里巴巴-W,2021-08-20,153.55215,153.35215,156.15215,150.55215,18.953,0.00253,54863086,8667704071.0,-2.665783995965791,157.55215
HK.09988,阿里巴巴-W,2021-08-23,151.35215,147.55215,155.45215,146.65215,18.257,0.00321,69681080,10752794232.0,-3.7821445607381334,153.35215
HK.09988,阿里巴巴-W,2021-08-24,152.25215,161.95215,162.05215,151.75215,19.985,0.0024,52107427,8431895586.0,9.759261386567378,147.55215
HK.09988,阿里巴巴-W,2021-08-25,166.25215,159.55215,167.75215,157.85215,19.697,0.00248,53797802,8926318762.0,-1.4819191965033978,161.95215
HK.09988,阿里巴巴-W,2021-08-26,159.75215,157.65215,161.35215,155.55215,19.469,0.0012,25997432,4228107633.0,-1.190833216600344,159.55215
HK.09988,阿里巴巴-W,2021-08-27,156.15215,151.35215,158.55215,149.15215,18.713,0.00238,51566566,8137562763.0,-3.996139602282627,157.65215
HK.09988,阿里巴巴-W,2021-08-30,151.35215,153.65215,155.55215,149.75215,18.989,0.00152,33016759,5205951121.0,1.5196348383554588,151.35215
HK.09988,阿里巴巴-W,2021-08-31,153.95215,160.95215,160.95215,150.15215,19.865,0.0023,49830778,8068832103.0,4.75099111857529,153.65215
HK.09988,阿里巴巴-W,2021-09-01,158.95215,160.65215,163.05215,157.15215,19.829,0.00167,36318509,5990303590.0,-0.1863907999986225,160.95215
HK.09988,阿里巴巴-W,2021-09-02,165.45215,166.45215,167.35215,163.05215,20.525,0.00149,32232099,5482550520.0,3.6102847051844513,160.65215
HK.09988,阿里巴巴-W,2021-09-03,163.85215,160.35215,163.95215,159.45215,19.793,0.00222,48210742,7969997734.0,-3.6647168570667272,166.45215
HK.09988,阿里巴巴-W,2021-09-06,159.95215,163.45215,163.45215,159.25215,20.165,0.00112,24264531,4022363154.0,1.9332450484761163,160.35215
HK.09988,阿里巴巴-W,2021-09-07,163.85215,165.45215,167.25215,163.75215,20.405,0.00111,24179489,4114852274.0,1.2235996895727588,163.45215
HK.09988,阿里巴巴-W,2021-09-08,165.45215,166.35215,168.85215,164.75215,20.513,0.00115,24995877,4279542760.0,0.5439639194776289,165.45215
HK.09988,阿里巴巴-W,2021-09-09,160.45215,156.45215,161.55215,155.75215,19.325,0.00131,28379942,4632163922.0,-5.951230567203373,166.35215
HK.09988,阿里巴巴-W,2021-09-10,159.15215,163.35215,163.65215,158.85215,20.153,0.00128,27766697,4624973117.0,4.410294137856211,156.45215
HK.09988,阿里巴巴-W,2021-09-13,156.95215,156.25215,158.45215,152.35215,19.301,0.00119,25905101,4149204466.0,-4.346438048106496,163.35215
HK.09988,阿里巴巴-W,2021-09-14,155.85215,153.75215,157.55215,151.85215,19.001,0.00103,22361537,3546557742.0,-1.599977984302936,156.25215
HK.09988,阿里巴巴-W,2021-09-15,150.95215,149.45215,152.35215,149.05215,18.485,0.0013,28239189,4369306956.0,-2.7967088590305966,153.75215
HK.09988,阿里巴巴-W,2021-09-16,149.05215,146.95215,149.35215,144.55215,18.185,0.00156,33935111,5123135373.0,-1.6727762029519149,149.45215
HK.09988,阿里巴巴-W,2021-09-17,146.05215,150.35215,151.15215,145.65215,18.593,0.00139,30179321,4647387717.0,2.313678295962329,146.95215
HK.09988,阿里巴巴-W,2021-09-20,149.65215,146.95215,149.75215,146.15215,18.185,0.00083,17981515,2738711003.0,-2.2613577524498356,150.35215
HK.09988,阿里巴巴-W,2021-09-21,141.45215,144.15215,144.95215,140.95215,17.848,0.0011,23944111,3537636053.0,-1.905382126086609,146.95215
HK.09988,阿里巴巴-W,2021-09-23,143.45215,143.85215,146.25215,141.85215,17.812,0.0015,32529431,4818547949.0,-0.2081134412494099,144.15215
HK.09988,阿里巴巴-W,2021-09-24,142.15215,139.75215,143.75215,139.25215,17.32,0.0014,30354881,4425802658.0,-2.8501485726838247,143.85215
HK.09988,阿里巴巴-W,2021-09-27,137.65215,137.35215,140.95215,136.65215,17.032,0.00146,31609172,4513012652.0,-1.7173259946269206,139.75215
HK.09988,阿里巴巴-W,2021-09-28,140.85215,146.35215,148.45215,139.95215,18.113,0.00196,42597994,6395197877.0,6.552500270290637,137.35215
HK.09988,阿里巴巴-W,2021-09-29,143.75215,143.75215,144.75215,140.95215,17.8,0.00115,24903515,3682628903.0,-1.7765369350569802,146.35215
HK.09988,阿里巴巴-W,2021-09-30,140.35215,137.65215,140.35215,136.45215,17.068,0.00175,38043224,5421289300.0,-4.243414794143945,143.75215
HK.09988,阿里巴巴-W,2021-10-04,138.95215,132.45215,138.95215,131.85215,16.444,0.00193,41840351,5829085747.0,-3.777638053601064,137.65215
HK.09988,阿里巴巴-W,2021-10-05,127.45215,130.75215,131.35215,127.45215,16.24,0.0014,30437300,4082575636.0,-1.2834823745782826,132.45215
HK.09988,阿里巴巴-W,2021-10-06,134.05215,132.75215,134.65215,131.152149999,16.48,0.00086,18712471,2572493738.0,1.5296115589686288,130.75215
HK.09988,阿里巴巴-W,2021-10-07,136.75215,142.75215,143.25215,136.55215,17.68,0.00149,32227036,4680382293.0,7.532834684786649,132.75215
HK.09988,阿里巴巴-W,2021-10-08,149.85215,150.95215,150.95215,146.25215,18.665,0.00255,55270783,8501337801.0,5.744221715749982,142.75215
HK.09988,阿里巴巴-W,2021-10-11,158.45215,163.25215,165.95215,157.45215,20.141,0.00402,87174082,14547536338.0,8.148277450834595,150.95215
HK.09988,阿里巴巴-W,2021-10-12,155.65215,156.75215,158.45215,154.45215,19.361,0.00239,51876960,8353973669.0,-3.981570839955247,163.25215
HK.09988,阿里巴巴-W,2021-10-15,156.75215,157.25215,157.65215,154.25215,19.421,0.0019,41251499,6636668133.0,0.3189748912534852,156.75215
HK.09988,阿里巴巴-W,2021-10-18,157.95215,158.35215,158.35215,155.35215,19.553,0.00094,20485496,3302423184.0,0.6995134883688359,157.25215
HK.09988,阿里巴巴-W,2021-10-19,158.15215,160.25215,161.35215,157.65215,19.781,0.00104,22621183,3721441865.0,1.199857406419809,158.35215
HK.09988,阿里巴巴-W,2021-10-20,168.05215,171.25215,175.35215,166.45215,21.101,0.0034,73819843,13003598263.0,6.86418247742698,160.25215
HK.09988,阿里巴巴-W,2021-10-21,168.45215,169.35215,170.95215,165.95215,20.873,0.00182,39498418,6847932868.0,-1.1094751219181809,171.25215
HK.09988,阿里巴巴-W,2021-10-22,168.05215,169.85215,170.45215,166.75215,20.933,0.00112,24304039,4217454712.0,0.295242782568748,169.35215
HK.09988,阿里巴巴-W,2021-10-25,169.85215,169.45215,172.25215,168.75215,20.885,0.00106,22993063,4015251524.0,-0.2354989324539051,169.85215
HK.09988,阿里巴巴-W,2021-10-26,168.45215,164.95215,168.45215,163.55215,20.345,0.00125,27007684,4596663138.0,-2.655616939649335,169.45215
HK.09988,阿里巴巴-W,2021-10-27,160.75215,159.95215,161.05215,158.75215,19.745,0.00118,25552560,4199976258.0,-3.0311820731042305,164.95215
HK.09988,阿里巴巴-W,2021-10-28,162.35215,160.65215,164.55215,160.45215,19.829,0.00121,26244370,4362904796.0,0.437630878984757,159.95215
HK.09988,阿里巴巴-W,2021-10-29,160.45215,158.45215,161.65215,157.95215,19.565,0.00113,24508214,4013487545.0,-1.3694183364492891,160.65215
HK.09988,阿里巴巴-W,2021-11-01,156.55215,154.95215,156.65215,153.45215,19.145,0.00097,20955824,3344991399.0,-2.208868734188839,158.45215
HK.09988,阿里巴巴-W,2021-11-02,161.65215,157.05215,162.35215,155.55215,19.397,0.00129,28075255,4565536327.0,1.3552570906567112,154.95215
HK.09988,阿里巴巴-W,2021-11-03,155.35215,156.05215,156.45215,152.05215,19.277,0.00096,20797548,3313986713.0,-0.6367311749632207,157.05215
HK.09988,阿里巴巴-W,2021-11-04,158.35215,161.05215,161.05215,157.45215,19.877,0.00108,23357978,3839705248.0,3.204057105268975,156.05215
HK.09988,阿里巴巴-W,2021-11-05,157.45215,155.35215,157.45215,153.85215,19.193,0.00121,26167989,4200786163.0,-3.539226269255031,161.05215
HK.09988,阿里巴巴-W,2021-11-08,151.45215,152.75215,153.15215,150.15215,18.881,0.00115,25006375,3910356636.0,-1.673617004978685,155.35215
HK.09988,阿里巴巴-W,2021-11-09,155.75215,152.55215,156.65215,152.25215,18.857,0.00074,16113085,2550305484.0,-0.1309310539982505,152.75215
HK.09988,阿里巴巴-W,2021-11-10,153.05215,156.65215,157.05215,151.15215,19.349,0.00079,17191925,2725572224.0,2.6876055171952635,152.55215
HK.09988,阿里巴巴-W,2021-11-11,153.45215,158.65215,159.65215,153.05215,19.589,0.00109,23548938,3794799938.0,1.2767140444609282,156.65215
HK.09988,阿里巴巴-W,2021-11-12,160.25215,157.85215,161.15215,154.45215,19.493,0.00112,24265602,3940520629.0,-0.5042478151099821,158.65215
HK.09988,阿里巴巴-W,2021-11-15,158.75215,156.95215,159.65215,155.05215,19.385,0.00088,19121584,3085282010.0,-0.5701537799770264,157.85215
HK.09988,阿里巴巴-W,2021-11-16,157.45215,160.65215,161.45215,156.95215,19.829,0.00092,19860348,3263026420.0,2.3574063814990858,156.95215
HK.09988,阿里巴巴-W,2021-11-17,160.35215,160.25215,160.55215,158.65215,19.781,0.00075,16275917,2673814251.0,-0.2489851520816905,160.65215
HK.09988,阿里巴巴-W,2021-11-18,153.65215,151.45215,154.35215,150.75215,18.725,0.0018,39030221,6115636458.0,-5.491345981941591,160.25215
HK.09988,阿里巴巴-W,2021-11-19,135.45215,134.75215,137.65215,134.65215,16.72,0.00492,106644709,14967875746.0,-11.026584964293995,151.45215
HK.09988,阿里巴巴-W,2021-11-22,134.45215,132.55215,135.15215,132.55215,16.456,0.00197,42684873,5901327662.0,-1.6326270118881134,134.75215
HK.09988,阿里巴巴-W,2021-11-23,128.45215,128.45215,129.25215,127.95215,15.964,0.00214,46352819,6173683386.0,-3.0931222164257783,132.55215
HK.09988,阿里巴巴-W,2021-11-24,126.45215,127.25215,130.25215,126.152149999,15.82,0.00207,44830998,5914082084.0,-0.9342000114439414,128.45215
HK.09988,阿里巴巴-W,2021-11-25,127.45215,130.85215,131.35215,127.45215,16.252,0.0011,23796814,3194392687.0,2.8290288219098807,127.25215
HK.09988,阿里巴巴-W,2021-11-26,128.652149999,124.55215,129.35215,124.55215,15.496,0.00175,37945230,4981629586.0,-4.814594181295453,130.85215
HK.09988,阿里巴巴-W,2021-11-29,128.45215,125.45215,128.652149999,125.25215,15.604,0.00136,29532407,3875018424.0,0.7225888914804006,124.55215
HK.09988,阿里巴巴-W,2021-11-30,124.95215,122.75215,125.55215,119.05215,15.28,0.00282,61241018,7769481682.0,-2.152215007873522,125.45215
HK.09988,阿里巴巴-W,2021-12-01,120.45215,121.15215,122.45215,119.65215,15.088,0.00197,42728524,5370581793.0,-1.3034394916911796,122.75215
HK.09988,阿里巴巴-W,2021-12-02,115.75215,118.05215,119.15215,115.55215,14.716,0.00294,63847691,7785567225.0,-2.558765981453906,121.15215
HK.09988,阿里巴巴-W,2021-12-03,115.95215,114.85215,115.95215,111.45215,14.332,0.00391,84752440,10051287625.0,-2.7106664300480787,118.05215
HK.09988,阿里巴巴-W,2021-12-06,105.35215,108.15215,109.65215,104.95215,13.527,0.00486,105384522,11863863061.0,-5.833586920227431,114.85215
HK.09988,阿里巴巴-W,2021-12-07,117.45215,121.95215,122.15215,116.15215,15.184,0.0038,82401598,10214647362.0,12.759801816237584,108.15215
HK.09988,阿里巴巴-W,2021-12-08,118.15215,116.05215,118.45215,114.65215,14.476,0.00282,61244054,7409000417.0,-4.837963086341656,121.95215
HK.09988,阿里巴巴-W,2021-12-09,118.05215,118.85215,119.75215,117.55215,14.812,0.00165,35851860,4418065311.0,2.4127084246177235,116.05215
HK.09988,阿里巴巴-W,2021-12-10,117.75215,116.65215,118.65215,115.75215,14.548,0.0019,41285795,5028733687.0,-1.8510392954607793,118.85215
HK.09988,阿里巴巴-W,2021-12-13,120.25215,116.55215,122.15215,116.25215,14.536,0.00193,41769452,5163363737.0,-0.0857249523476494,116.65215
HK.09988,阿里巴巴-W,2021-12-14,116.45215,114.15215,116.45215,113.25215,14.247,0.00148,32130092,3834316810.0,-2.0591640737643977,116.55215
HK.09988,阿里巴巴-W,2021-12-15,117.65215,116.45215,119.25215,115.45215,14.524,0.00163,35292960,4301317271.0,2.0148547355437434,114.15215
HK.09988,阿里巴巴-W,2021-12-16,114.85215,116.15215,116.75215,112.45215,14.488,0.00173,37563320,4483159271.0,-0.2576165403558433,116.45215
HK.09988,阿里巴巴-W,2021-12-17,113.45215,112.45215,113.75215,110.85215,14.043,0.00228,49369280,5769375560.0,-3.185476979978419,116.15215
HK.09988,阿里巴巴-W,2021-12-20,113.65215,109.95215,114.35215,109.75215,13.743,0.00155,33663120,3909510677.0,-2.223167809597238,112.45215
HK.09988,阿里巴巴-W,2021-12-21,108.05215,109.35215,110.95215,107.45215,13.671,0.00175,37940314,4307942398.0,-0.5456919214403798,109.95215
HK.09988,阿里巴巴-W,2021-12-22,115.35215,110.35215,115.35215,108.55215,13.791,0.00208,45188386,5221862362.0,0.9144767615451548,109.35215
HK.09988,阿里巴巴-W,2021-12-23,110.35215,108.75215,111.05215,108.45215,13.599,0.00116,25067293,2854956312.0,-1.449903785290993,110.35215
HK.09988,阿里巴巴-W,2021-12-24,109.25215,108.45215,110.25215,108.25215,13.563,0.0009,19524988,2214279196.0,-0.2758566152485235,108.75215
HK.09988,阿里巴巴-W,2021-12-28,108.75215,108.95215,109.65215,107.75215,13.623,0.00106,22985751,2603896349.0,0.4610328149326684,108.45215
HK.09988,阿里巴巴-W,2021-12-29,107.75215,106.05215,107.75215,105.55215,13.275,0.00092,19990686,2220646463.0,-2.6617189289059517,108.95215
HK.09988,阿里巴巴-W,2021-12-30,105.45215,105.35215,107.65215,104.65215,13.191,0.0011,23838394,2630362086.0,-0.6600526250528659,106.05215
HK.09988,阿里巴巴-W,2021-12-31,114.95215,114.35215,115.75215,113.55215,14.271,0.00147,31837667,3798519747.0,8.542777722144256,105.35215
HK.09988,阿里巴巴-W,2022-01-03,112.45215,110.45215,112.95215,109.45215,13.803,0.00102,22176946,2552514931.0,-3.410517423590192,114.35215
HK.09988,阿里巴巴-W,2022-01-04,113.85215,112.35215,114.35215,111.15215,14.031,0.00107,23228903,2716909458.0,1.7202019154900934,110.45215
HK.09988,阿里巴巴-W,2022-01-05,114.45215,109.95215,114.55215,109.35215,13.743,0.00142,30717509,3570167501.0,-2.136140696906994,112.35215
HK.09988,阿里巴巴-W,2022-01-06,112.95215,116.45215,116.55215,112.75215,14.524,0.00218,47231895,5633945989.0,5.911662482270696,109.95215
HK.09988,阿里巴巴-W,2022-01-07,121.95215,124.25215,124.25215,118.25215,15.46,0.00271,58778943,7448366564.0,6.698030049251987,116.45215
HK.09988,阿里巴巴-W,2022-01-10,124.25215,123.05215,124.95215,120.85215,15.316,0.0017,36814976,4710957522.0,-0.9657780569591776,124.25215
HK.09988,阿里巴巴-W,2022-01-11,120.45215,121.05215,121.95215,119.35215,15.076,0.00146,31659059,3968553804.0,-1.6253271478799842,123.05215
HK.09988,阿里巴巴-W,2022-01-12,124.05215,128.45215,128.55215,123.85215,15.964,0.00205,44483108,5849372123.0,6.1130677976392755,121.05215
HK.09988,阿里巴巴-W,2022-01-13,130.45215,127.652149999,130.45215,125.85215,15.868,0.00166,36032047,4773530199.0,-0.6228000084077897,128.45215
HK.09988,阿里巴巴-W,2022-01-14,122.35215,124.75215,124.75215,122.05215,15.52,0.0013,28235556,3613581310.0,-2.2717987899324217,127.652149999
HK.09988,阿里巴巴-W,2022-01-17,124.75215,123.95215,125.55215,122.85215,15.424,0.00109,23534494,3023201331.0,-0.641271513156284,124.75215
HK.09988,阿里巴巴-W,2022-01-18,124.652149999,121.85215,126.35215,120.85215,15.172,0.00108,23468279,3002246418.0,-1.6942021578488218,123.95215
HK.09988,阿里巴巴-W,2022-01-19,121.65215,119.65215,122.75215,118.95215,14.908,0.00137,29730153,3716037900.0,-1.8054667069887471,121.85215
HK.09988,阿里巴巴-W,2022-01-20,120.45215,126.95215,127.95215,120.45215,15.784,0.00207,44796183,5816357771.0,6.101018661177418,119.65215
HK.09988,阿里巴巴-W,2022-01-21,121.55215,122.55215,122.95215,119.45215,15.256,0.00285,61817387,7800472996.0,-3.4658727717490447,126.95215
HK.09988,阿里巴巴-W,2022-01-24,117.45215,114.55215,117.45215,114.15215,14.296,0.00252,54758602,6601581578.0,-6.527833253027385,122.55215
HK.09988,阿里巴巴-W,2022-01-25,111.85215,112.25215,114.25215,110.55215,14.019,0.0019,41283512,4830037594.0,-2.0078191461268924,114.55215
HK.09988,阿里巴巴-W,2022-01-26,111.75215,112.35215,114.15215,109.55215,14.031,0.00163,35353738,4122275949.0,0.0890851533801306,112.25215
HK.09988,阿里巴巴-W,2022-01-27,105.95215,103.95215,107.35215,103.45215,13.023,0.00348,75467681,8256004736.0,-7.4764924391745,112.35215
HK.09988,阿里巴巴-W,2022-01-28,105.45215,105.45215,106.95215,104.05215,13.203,0.00202,43809950,4814678228.0,1.4429715979900366,103.95215
HK.09988,阿里巴巴-W,2022-01-31,107.55215,109.45215,111.65215,106.95215,13.683,0.00136,29579311,3382465823.0,3.7931896125399054,105.45215
HK.09988,阿里巴巴-W,2022-02-04,115.45215,115.85215,116.25215,113.85215,14.452,0.002,43293069,5187008301.0,5.84730405021737,109.45215
HK.09988,阿里巴巴-W,2022-02-07,112.85215,110.45215,114.15215,109.05215,13.803,0.00252,54757312,6342326763.0,-4.661113324180856,115.85215
HK.09988,阿里巴巴-W,2022-02-08,108.05215,106.65215,108.95215,106.05215,13.347,0.00192,41696354,4663920828.0,-3.4404038309802,110.45215
HK.09988,阿里巴巴-W,2022-02-09,113.45215,114.25215,114.85215,112.45215,14.259,0.00205,44480636,5249249534.0,7.125969799952457,106.65215
HK.09988,阿里巴巴-W,2022-02-10,118.45215,117.65215,118.45215,114.85215,14.668,0.00149,32353947,3927646327.0,2.9758739769886215,114.25215
HK.09988,阿里巴巴-W,2022-02-11,115.85215,117.85215,118.35215,115.45215,14.692,0.00112,24203787,2943214197.0,0.1699926435683399,117.65215
HK.09988,阿里巴巴-W,2022-02-14,114.45215,114.15215,115.35215,113.65215,14.247,0.0009,19512374,2320807311.0,-3.1395269411716193,117.85215
HK.09988,阿里巴巴-W,2022-02-15,113.45215,113.85215,115.45215,112.85215,14.211,0.00074,16132479,1910117881.0,-0.2628071394187594,114.15215
HK.09988,阿里巴巴-W,2022-02-16,117.85215,117.95215,118.45215,116.55215,14.704,0.00094,20308833,2479111422.0,3.601161682058713,113.85215
HK.09988,阿里巴巴-W,2022-02-17,117.45215,118.45215,118.75215,116.35215,14.764,0.00087,18965828,2320687752.0,0.4239007088891555,117.95215
HK.09988,阿里巴巴-W,2022-02-18,118.05215,114.95215,119.45215,114.15215,14.344,0.00166,36059936,4381820565.0,-2.954779630424606,118.45215
HK.09988,阿里巴巴-W,2022-02-21,111.25215,110.35215,112.55215,109.45215,13.791,0.00168,36333556,4203338917.0,-4.001665040627782,114.95215
HK.09988,阿里巴巴-W,2022-02-22,104.45215,106.85215,107.35215,104.25215,13.371,0.00199,43059975,4751759639.0,-3.171664530324058,110.35215
HK.09988,阿里巴巴-W,2022-02-23,105.45215,107.85215,108.75215,105.45215,13.491,0.00126,27244901,3054348453.0,0.9358726052774792,106.85215
HK.09988,阿里巴巴-W,2022-02-24,102.95215,100.35215,103.85215,99.05215,12.591,0.00299,64889871,6868650892.0,-6.95396429278415,107.85215
HK.09988,阿里巴巴-W,2022-02-25,102.85215,100.75215,103.65215,100.35215,12.639,0.00196,42605788,4532486046.0,0.3985963429782079,100.35215
HK.09988,阿里巴巴-W,2022-02-28,98.75215,99.65215,99.65215,96.15215,12.507,0.00259,56081193,5772124752.0,-1.0917881156878482,100.75215
HK.09988,阿里巴巴-W,2022-03-01,97.65215,99.25215,100.25215,97.35215,12.459,0.0014,30377847,3137297359.0,-0.4013962568795612,99.65215
HK.09988,阿里巴巴-W,2022-03-02,99.35215,99.35215,102.05215,99.35215,12.449,0.00148,32172998,3381365604.0,0.1007534849370964,99.25215
HK.09988,阿里巴巴-W,2022-03-03,98.95215,99.85215,99.95215,98.45215,12.508,0.00109,23582886,2449304977.0,0.5032603723220886,99.35215
HK.09988,阿里巴巴-W,2022-03-04,93.65215,94.45215,95.65215,93.65215,11.861,0.00313,67845622,6721226929.0,-5.407995721674488,99.85215
HK.09988,阿里巴巴-W,2022-03-07,91.70215,91.45215,93.45215,88.85215,11.502,0.00275,59539428,5739080851.0,-3.176211446748433,94.45215
HK.09988,阿里巴巴-W,2022-03-08,93.00215,92.35215,95.40215,91.25215,11.61,0.00227,49195657,4796602938.0,0.9841212043675206,91.45215
HK.09988,阿里巴巴-W,2022-03-09,92.35215,91.70215,92.80215,88.05215,11.532,0.00279,60560894,5738667528.0,-0.7038276856575526,92.35215
HK.09988,阿里巴巴-W,2022-03-10,95.15215,91.55215,95.15215,89.85215,11.514,0.00216,46922499,4535955041.0,-0.1635730459972919,91.70215
HK.09988,阿里巴巴-W,2022-03-11,86.00215,86.25215,87.60215,83.50215,10.879,0.00346,74997978,6753693080.0,-5.789050284455359,91.55215
HK.09988,阿里巴巴-W,2022-03-14,81.60215,76.35215,82.05215,75.70215,9.693,0.00457,99109140,8261698869.0,-11.477974751933727,86.25215
HK.09988,阿里巴巴-W,2022-03-15,69.25215,66.70215,74.80215,66.45215,8.537,0.0077,166892058,12377788046.0,-12.6388058489512,76.35215
HK.09988,阿里巴巴-W,2022-03-16,69.95215,86.15215,86.50215,69.15215,10.867,0.00735,159307067,13244362569.0,29.159479866840876,66.70215
HK.09988,阿里巴巴-W,2022-03-17,99.45215,97.45215,99.45215,90.75215,12.221,0.00679,147199025,14694743139.0,13.116329656311532,86.15215
HK.09988,阿里巴巴-W,2022-03-18,92.60215,93.80215,95.65215,90.45215,11.972,0.00319,69216323,6760237461.0,-3.7454278843514546,97.45215
HK.09988,阿里巴巴-W,2022-03-21,100.25215,94.55215,100.25215,92.70215,12.063,0.0036,78145126,7830241956.0,0.7995552340751252,93.80215
HK.09988,阿里巴巴-W,2022-03-22,97.75215,105.65215,106.85215,97.55215,13.414,0.00379,82216795,8808957053.0,11.73955325182982,94.55215
HK.09988,阿里巴巴-W,2022-03-23,110.05215,113.05215,114.85215,107.95215,14.315,0.00506,109736384,12811574707.0,7.004116811631368,105.65215
HK.09988,阿里巴巴-W,2022-03-24,111.85215,109.25215,114.45215,108.95215,13.852,0.00259,56175392,6501869443.0,-3.361280612531471,113.05215
HK.09988,阿里巴巴-W,2022-03-25,106.85215,102.85215,108.95215,100.25215,13.073,0.00276,59754137,6483447090.0,-5.858008286335789,109.25215
HK.09988,阿里巴巴-W,2022-03-28,102.85215,106.55215,108.95215,101.55215,13.524,0.00165,35856686,3951711929.0,3.597396845860785,102.85215
HK.09988,阿里巴巴-W,2022-03-29,108.15215,108.95215,110.25215,107.65215,13.816,0.0013,28129247,3189176268.0,2.2524181820826756,106.55215
HK.09988,阿里巴巴-W,2022-03-30,110.45215,109.35215,111.15215,108.05215,13.864,0.00199,43050119,4916729701.0,0.3671336453663296,108.95215
HK.09988,阿里巴巴-W,2022-03-31,110.35215,107.55215,110.35215,105.15215,13.645,0.00123,26780152,3006258675.0,-1.6460581707812765,109.35215
HK.09988,阿里巴巴-W,2022-04-01,102.25215,105.15215,105.15215,101.15215,13.353,0.00178,38709405,4178585460.0,-2.231475614387989,107.55215
HK.09988,阿里巴巴-W,2022-04-04,106.05215,109.15215,110.05215,105.45215,13.84,0.00193,41875311,4731418332.0,3.804011615549468,105.15215
HK.09988,阿里巴巴-W,2022-04-06,104.55215,103.05215,105.25215,102.55215,13.097,0.00215,46638063,5068858963.0,-5.588529405971397,109.15215
HK.09988,阿里巴巴-W,2022-04-07,101.85215,100.65215,104.35215,100.65215,12.805,0.00164,35575706,3782776273.0,-2.3289179313580473,103.05215
HK.09988,阿里巴巴-W,2022-04-08,98.25215,99.25215,99.25215,96.95215,12.635,0.00176,38153586,3919481547.0,-1.3909290561602563,100.65215
HK.09988,阿里巴巴-W,2022-04-11,98.25215,93.95215,98.45215,93.30215,11.99,0.00185,40131164,3989829801.0,-5.339934701666409,99.25215
HK.09988,阿里巴巴-W,2022-04-12,93.95215,94.45215,96.05215,91.80215,12.051,0.00183,39683531,3907706451.0,0.5321857988348324,93.95215
HK.09988,阿里巴巴-W,2022-04-13,93.85215,93.95215,94.95215,92.45215,11.99,0.00114,24650087,2422957401.0,-0.5293685744580721,94.45215
HK.09988,阿里巴巴-W,2022-04-14,93.10215,90.95215,93.45215,89.30215,11.625,0.00241,52348941,5002048354.0,-3.193114793008994,93.95215
HK.09988,阿里巴巴-W,2022-04-19,88.00215,86.95215,88.90215,86.35215,11.138,0.00157,34060706,3125896416.0,-4.397916926647693,90.95215
HK.09988,阿里巴巴-W,2022-04-20,86.55215,86.15215,88.40215,85.75215,11.04,0.00112,24190299,2205598483.0,-0.9200462553254832,86.95215
HK.09988,阿里巴巴-W,2022-04-21,84.20215,83.35215,85.15215,81.95215,10.699,0.00173,37481397,3293346189.0,-3.25006398563473,86.15215
HK.09988,阿里巴巴-W,2022-04-22,78.95215,82.10215,82.80215,78.85215,10.547,0.00154,33414007,2859940169.0,-1.499661376461195,83.35215
HK.09988,阿里巴巴-W,2022-04-25,80.25215,77.30215,80.40215,76.65215,9.963,0.00198,43001305,3556386902.0,-5.84637552122569,82.10215
HK.09988,阿里巴巴-W,2022-04-26,79.95215,80.35215,83.35215,79.20215,10.334,0.00177,38304821,3265629395.0,3.945556494871096,77.30215
HK.09988,阿里巴巴-W,2022-04-27,79.80215,80.00215,80.90215,78.45215,10.292,0.00129,27917828,2358172975.0,-0.435582619755656,80.35215
HK.09988,阿里巴巴-W,2022-04-28,83.45215,83.70215,84.00215,81.75215,10.742,0.00188,40675166,3563551981.0,4.624875706465392,80.00215
HK.09988,阿里巴巴-W,2022-04-29,83.70215,97.55215,99.25215,82.60215,12.428,0.00471,102134425,10061608128.0,16.546767317207493,83.70215
HK.09988,阿里巴巴-W,2022-05-03,95.45215,95.75215,98.55215,87.95215,12.209,0.00476,103238870,10171090312.0,-1.845166918412354,97.55215
HK.09988,阿里巴巴-W,2022-05-04,93.95215,92.00215,94.00215,91.30215,11.752,0.00135,29177225,2831638657.0,-3.9163611469820783,95.75215
HK.09988,阿里巴巴-W,2022-05-05,94.95215,92.15215,96.55215,91.65215,11.771,0.00129,27991225,2749628579.0,0.1630396680947191,92.00215
HK.09988,阿里巴巴-W,2022-05-06,87.50215,85.80215,88.30215,84.75215,10.998,0.00235,50887668,4618635657.0,-6.890777914568471,92.15215
HK.09988,阿里巴巴-W,2022-05-10,78.95215,81.45215,82.65215,78.60215,10.468,0.00296,64139439,5494002313.0,-5.069803029411261,85.80215
HK.09988,阿里巴巴-W,2022-05-11,79.15215,81.10215,83.40215,79.05215,10.426,0.00291,63211009,5422492128.0,-0.4297001368288112,81.45215
HK.09988,阿里巴巴-W,2022-05-12,77.30215,75.45215,78.00215,75.35215,9.738,0.00323,69966835,5667870125.0,-6.966523082310385,81.10215
HK.09988,阿里巴巴-W,2022-05-13,77.65215,77.65215,78.30215,76.70215,10.006,0.00248,53688518,4409693981.0,2.9157552170481593,75.45215
HK.09988,阿里巴巴-W,2022-05-16,81.45215,80.05215,81.70215,78.55215,10.298,0.00171,37186669,3142473119.0,3.090706438907347,77.65215
HK.09988,阿里巴巴-W,2022-05-17,82.95215,86.00215,87.25215,82.10215,11.022,0.00301,65364000,5848381824.0,7.432654838127399,80.05215
HK.09988,阿里巴巴-W,2022-05-18,86.00215,85.45215,86.00215,83.25215,10.955,0.00189,40887159,3645645079.0,-0.6395188957485332,86.00215
HK.09988,阿里巴巴-W,2022-05-19,80.45215,78.80215,80.85215,78.20215,10.146,0.00295,63967045,5369663306.0,-7.782133041708144,85.45215
HK.09988,阿里巴巴-W,2022-05-20,81.75215,83.50215,84.25215,81.05215,10.718,0.00173,37411832,3266774104.0,5.964304273424015,78.80215
HK.09988,阿里巴巴-W,2022-05-23,81.65215,80.55215,82.00215,79.30215,10.359,0.00222,48116001,4088570448.0,-3.5328431663136852,83.50215
HK.09988,阿里巴巴-W,2022-05-24,80.25215,79.05215,81.75215,78.35215,10.176,0.00192,41592157,3506078201.0,-1.862147689416111,80.55215
HK.09988,阿里巴巴-W,2022-05-25,77.45215,77.80215,79.60215,76.80215,10.024,0.00181,39360501,3245900064.0,-1.5812346659768266,79.05215
HK.09988,阿里巴巴-W,2022-05-26,77.45215,76.55215,77.45215,75.10215,9.872,0.00205,44520428,3591818494.0,-1.606639405209239,77.80215
HK.09988,阿里巴巴-W,2022-05-27,86.45215,86.45215,87.85215,85.30215,25.713,0.00438,94943603,8608615771.0,12.932360488895489,76.55215
HK.09988,阿里巴巴-W,2022-05-30,87.15215,90.35215,90.35215,86.75215,26.815,0.00269,58244941,5426962293.0,4.511166003390304,86.45215
HK.09988,阿里巴巴-W,2022-05-31,90.05215,91.70215,92.95215,88.55215,27.196,0.00404,87590516,8413075197.0,1.4941537085725227,90.35215
HK.09988,阿里巴巴-W,2022-06-01,91.45215,90.05215,91.65215,89.45215,26.73,0.0016,34758451,3304712425.0,-1.79930350597015,91.70215
HK.09988,阿里巴巴-W,2022-06-02,87.20215,87.75215,88.45215,86.45215,26.08,0.00179,38921083,3582676327.0,-2.5540756106322804,90.05215
HK.09988,阿里巴巴-W,2022-06-06,88.30215,92.40215,94.05215,86.70215,27.394,0.00284,61560025,5828153251.0,5.2990154657179405,87.75215
HK.09988,阿里巴巴-W,2022-06-07,92.40215,94.25215,97.25215,91.60215,27.917,0.0041,88847430,8825937938.0,2.0021179160874443,92.40215
HK.09988,阿里巴巴-W,2022-06-08,98.85215,104.25215,105.85215,97.95215,30.743,0.00536,116293353,12457798648.0,10.609837547472392,94.25215
HK.09988,阿里巴巴-W,2022-06-09,111.65215,106.75215,111.75215,103.55215,31.449,0.00525,113806634,12758906321.0,2.398032078954727,104.25215
HK.09988,阿里巴巴-W,2022-06-10,103.05215,108.25215,111.45215,102.45215,31.873,0.00497,107826465,12053174168.0,1.4051239249045568,106.75215
HK.09988,阿里巴巴-W,2022-06-13,101.65215,99.25215,103.85215,98.95215,29.33,0.00396,85883479,9102013309.0,-8.31392263340728,108.25215
HK.09988,阿里巴巴-W,2022-06-14,93.70215,96.65215,97.85215,92.65215,28.595,0.00365,79243938,7913186996.0,-2.6195906083646494,99.25215
HK.09988,阿里巴巴-W,2022-06-15,100.45215,101.05215,102.15215,99.75215,29.838,0.0029,62840727,6629985119.0,4.552407783996518,96.65215
HK.09988,阿里巴巴-W,2022-06-16,104.25215,97.85215,105.25215,95.85215,28.934,0.0024,51964072,5445864491.0,-3.1666817578844224,101.05215
HK.09988,阿里巴巴-W,2022-06-17,95.55215,99.95215,100.25215,95.45215,29.528,0.00453,98242313,10186202249.0,2.1460948992945057,97.85215
HK.09988,阿里巴巴-W,2022-06-20,97.45215,99.85215,100.05215,95.10215,29.499,0.00299,64777753,6651453609.0,-0.1000478729071946,99.95215
HK.09988,阿里巴巴-W,2022-06-21,99.95215,101.25215,101.55215,98.85215,29.895,0.0026,56377679,5925778666.0,1.4020729648785788,99.85215
HK.09988,阿里巴巴-W,2022-06-22,100.25215,96.95215,100.55215,96.95215,28.68,0.0026,56378203,5830427726.0,-4.246823400787042,101.25215
HK.09988,阿里巴巴-W,2022-06-23,100.35215,103.45215,105.35215,98.85215,30.517,0.00371,80541807,8632220851.0,6.704338170943089,96.95215
HK.09988,阿里巴巴-W,2022-06-24,108.05215,109.35215,110.95215,106.95215,32.184,0.00409,88759544,10104820479.0,5.703119751498631,103.45215
HK.09988,阿里巴巴-W,2022-06-27,112.75215,113.55215,115.85215,111.55215,33.371,0.00453,98194624,11660976210.0,3.8408023984896538,109.35215
HK.09988,阿里巴巴-W,2022-06-28,113.05215,113.55215,114.55215,108.05215,33.371,0.00325,70432843,8190697828.0,0.0,113.55215
HK.09988,阿里巴巴-W,2022-06-29,109.95215,109.95215,111.75215,108.45215,32.353,0.00252,54735988,6272101115.0,-3.170349482594556,113.55215
HK.09988,阿里巴巴-W,2022-06-30,109.05215,107.35215,109.85215,106.15215,31.619,0.00218,47263509,5318321956.0,-2.3646649929082866,109.95215
HK.09988,阿里巴巴-W,2022-07-04,107.05215,108.65215,109.55215,104.85215,31.986,0.00179,38788782,4366248950.0,1.2109678287766117,107.35215
HK.09988,阿里巴巴-W,2022-07-05,111.75215,110.65215,113.85215,110.15215,32.551,0.00212,45974352,5337959352.0,1.8407366996419303,108.65215
HK.09988,阿里巴巴-W,2022-07-06,114.45215,112.45215,114.45215,110.05215,33.06,0.0024,52058276,6092622728.0,1.6267194085248202,110.65215
HK.09988,阿里巴巴-W,2022-07-07,110.75215,112.15215,112.95215,108.95215,32.975,0.00186,40428095,4699537429.0,-0.266780137151666,112.45215
HK.09988,阿里巴巴-W,2022-07-08,117.45215,116.45215,117.45215,115.25215,34.19,0.00268,58168745,7041167123.0,3.834077188890269,112.15215
HK.09988,阿里巴巴-W,2022-07-11,112.75215,109.45215,113.35215,107.45215,32.212,0.00273,59279763,6780072525.0,-6.011052608303067,116.45215
HK.09988,阿里巴巴-W,2022-07-12,103.75215,103.25215,105.05215,102.55215,30.46,0.00285,61833006,6688214417.0,-5.664575798648087,109.45215
HK.09988,阿里巴巴-W,2022-07-13,102.95215,102.85215,104.95215,102.45215,30.347,0.00171,37018374,4003044676.0,-0.387401134019975,103.25215
HK.09988,阿里巴巴-W,2022-07-14,103.25215,104.15215,105.85215,102.95215,30.714,0.00183,39688425,4315935562.0,1.2639502431402858,102.85215
HK.09988,阿里巴巴-W,2022-07-15,97.95215,97.65215,101.55215,97.55215,28.878,0.00278,60291037,6248000814.0,-6.240869727605239,104.15215
HK.09988,阿里巴巴-W,2022-07-18,96.25215,99.35215,99.75215,95.30215,29.358,0.0025,54210503,5553446606.0,1.7408730888157489,97.65215
HK.09988,阿里巴巴-W,2022-07-19,97.25215,96.35215,97.65215,95.55215,28.51,0.00187,40614536,4104522785.0,-3.019562233932532,99.35215
HK.09988,阿里巴巴-W,2022-07-20,100.25215,98.65215,101.15215,98.65215,29.16,0.00185,40062258,4185126303.0,2.38707698790324,96.35215
HK.09988,阿里巴巴-W,2022-07-21,98.25215,97.45215,99.45215,96.65215,28.821,0.0018,38969577,3985628226.0,-1.2163951824668828,98.65215
HK.09988,阿里巴巴-W,2022-07-22,98.15215,97.55215,99.15215,97.15215,28.849,0.00117,25271063,2592947005.0,0.1026144625849653,97.45215
HK.09988,阿里巴巴-W,2022-07-25,95.45215,95.05215,96.15215,94.55215,28.143,0.00193,41783554,4174742881.0,-2.5627318311282736,97.55215
HK.09988,阿里巴巴-W,2022-07-26,98.45215,99.85215,101.55215,97.95215,29.499,0.00287,62335905,6505185657.0,5.0498594718793814,95.05215
HK.09988,阿里巴巴-W,2022-07-27,96.45215,96.45215,96.65215,95.35215,28.539,0.00274,59523684,5988137668.0,-3.405034343276526,99.85215
HK.09988,阿里巴巴-W,2022-07-28,96.25215,94.60215,96.25215,94.55215,28.016,0.0022,47788609,4768296865.0,-1.9180495198914784,96.45215
HK.09988,阿里巴巴-W,2022-07-29,94.15215,88.55215,94.15215,87.15215,25.696,0.00481,101884460,9558313395.0,-6.395203491675399,94.60215
HK.09988,阿里巴巴-W,2022-08-01,83.55215,85.05215,87.10215,83.25215,24.73,0.00428,90581313,8158062690.0,-3.952473203643277,88.55215
HK.09988,阿里巴巴-W,2022-08-02,84.45215,82.50215,84.45215,81.55215,24.027,0.0032,67822076,5907662938.0,-2.9981605403273135,85.05215
HK.09988,阿里巴巴-W,2022-08-03,86.30215,85.80215,87.30215,84.65215,24.937,0.00204,43309986,3910306658.0,3.999895760292304,82.50215
HK.09988,阿里巴巴-W,2022-08-04,91.00215,90.45215,91.65215,88.80215,26.221,0.00247,52297501,4955463100.0,5.419444617646534,85.80215
HK.09988,阿里巴巴-W,2022-08-05,90.85215,88.35215,91.10215,87.35215,25.641,0.00238,50440861,4697596671.0,-2.3216695236100064,90.45215
HK.09988,阿里巴巴-W,2022-08-08,85.45215,84.25215,85.70215,83.95215,24.51,0.00225,47770883,4263045933.0,-4.640520915450268,88.35215
HK.09988,阿里巴巴-W,2022-08-09,85.45215,85.05215,87.15215,83.90215,24.73,0.00212,44942429,4039594200.0,0.949530664796088,84.25215
HK.09988,阿里巴巴-W,2022-08-10,84.80215,83.40215,85.10215,82.25215,24.275,0.00176,37209371,3266721119.0,-1.9399862319764891,85.05215
HK.09988,阿里巴巴-W,2022-08-11,86.45215,87.20215,87.85215,84.85215,25.324,0.0025,52998669,4818725626.0,4.556237459106266,83.40215
HK.09988,阿里巴巴-W,2022-08-12,88.35215,88.35215,88.85215,86.70215,25.641,0.00125,26387695,2442730030.0,1.3187748237858716,87.20215
HK.09988,阿里巴巴-W,2022-08-15,87.25215,87.20215,89.25215,87.15215,25.324,0.00109,23076972,2133946517.0,-1.3016095250653117,88.35215
HK.09988,阿里巴巴-W,2022-08-16,87.45215,85.40215,87.85215,84.00215,24.827,0.00156,33043745,2981731861.0,-2.064169289403985,87.20215
HK.09988,阿里巴巴-W,2022-08-17,86.25215,85.80215,86.85215,85.10215,24.937,0.00115,24355633,2203875136.0,0.4683722833675632,85.40215
HK.09988,阿里巴巴-W,2022-08-18,84.45215,83.70215,84.50215,82.95215,24.358,0.00196,41421479,3662939244.0,-2.447491117646812,85.80215
HK.09988,阿里巴巴-W,2022-08-19,83.45215,84.95215,85.70215,83.30215,24.703,0.00127,26850751,2400876513.0,1.49339055209454,83.70215
HK.09988,阿里巴巴-W,2022-08-22,83.25215,83.95215,85.20215,83.15215,24.427,0.00161,34067261,3023250249.0,-1.177133245009102,84.95215
HK.09988,阿里巴巴-W,2022-08-23,84.45215,83.85215,84.75215,82.20215,24.399,0.00171,36228033,3191041211.0,-0.1191154723256146,83.95215
HK.09988,阿里巴巴-W,2022-08-24,82.30215,81.70215,82.95215,80.95215,23.806,0.0017,35976874,3105693383.0,-2.564036819568719,83.85215
HK.09988,阿里巴巴-W,2022-08-25,85.45215,89.25215,90.65215,84.35215,25.89,0.00313,66382425,6132896415.0,9.240882889862748,81.70215
HK.09988,阿里巴巴-W,2022-08-26,93.10215,91.25215,93.10215,90.15215,26.442,0.00258,54668306,5236519205.0,2.240842377466538,89.25215
HK.09988,阿里巴巴-W,2022-08-29,90.20215,90.60215,92.25215,89.25215,26.262,0.00175,37070401,3535487558.0,-0.7123119838820299,91.25215
HK.09988,阿里巴巴-W,2022-08-30,90.85215,90.65215,90.90215,88.15215,26.276,0.00169,35706777,3370857982.0,0.05518632835977,90.60215
HK.09988,阿里巴巴-W,2022-08-31,87.35215,89.75215,92.35215,86.95215,26.028,0.00245,52002425,4891663950.0,-0.9928060172869652,90.65215
HK.09988,阿里巴巴-W,2022-09-01,89.30215,87.65215,91.00215,87.30215,25.448,0.00196,41471390,3861146592.0,-2.339776818716871,89.75215
HK.09988,阿里巴巴-W,2022-09-02,87.45215,86.10215,88.20215,85.65215,25.02,0.00191,40477868,3688940724.0,-1.768353657040941,87.65215
HK.09988,阿里巴巴-W,2022-09-05,84.95215,83.95215,84.95215,83.00215,24.427,0.00168,35505940,3152449497.0,-2.4970340461881517,86.10215
HK.09988,阿里巴巴-W,2022-09-06,84.30215,83.50215,84.95215,82.65215,24.303,0.00138,29242315,2576506110.0,-0.5360196254652237,83.95215
HK.09988,阿里巴巴-W,2022-09-07,81.55215,82.85215,83.30215,81.40215,24.123,0.00134,28479263,2466880090.0,-0.7784230705436994,83.50215
HK.09988,阿里巴巴-W,2022-09-08,83.95215,82.65215,84.65215,82.20215,24.061,0.00158,33528981,2947114997.0,-0.2413938564056438,82.85215
HK.09988,阿里巴巴-W,2022-09-09,82.65215,85.25215,85.80215,82.00215,24.779,0.00149,31544613,2819189936.0,3.1457136928682363,82.65215
HK.09988,阿里巴巴-W,2022-09-13,87.25215,86.65215,87.75215,86.25215,25.165,0.00195,41280098,3781457427.0,1.6421873231349655,85.25215
HK.09988,阿里巴巴-W,2022-09-14,83.25215,82.55215,83.75215,82.35215,24.034,0.00166,35250138,3082889658.0,-4.731561767365275,86.65215
HK.09988,阿里巴巴-W,2022-09-15,82.35215,83.55215,84.00215,82.35215,24.31,0.00103,21920813,1926008697.0,1.211355488621435,82.55215
HK.09988,阿里巴巴-W,2022-09-16,82.15215,82.25215,83.10215,81.50215,23.951,0.00186,39457544,3428158230.0,-1.5559144797590454,83.55215
HK.09988,阿里巴巴-W,2022-09-19,80.50215,79.15215,80.95215,78.65215,23.096,0.00194,41066371,3458138894.0,-3.768898442168374,82.25215
HK.09988,阿里巴巴-W,2022-09-20,80.75215,81.65215,82.80215,80.55215,23.785,0.0017,36089021,3112115059.0,3.1584739012143066,79.15215
HK.09988,阿里巴巴-W,2022-09-21,79.55215,78.50215,79.60215,78.05215,22.916,0.00176,37225757,3102561293.0,-3.8578286058603544,81.65215
HK.09988,阿里巴巴-W,2022-09-22,75.45215,76.30215,76.45215,75.15215,22.309,0.00233,49260960,3959602358.0,-2.802471015125067,78.50215
HK.09988,阿里巴巴-W,2022-09-23,74.60215,73.85215,75.80215,73.85215,21.633,0.00213,45213463,3585039308.0,-3.210918696262167,76.30215
HK.09988,阿里巴巴-W,2022-09-26,72.85215,74.15215,75.75215,72.15215,21.716,0.00224,47488911,3741475853.0,0.4062170160245996,73.85215
HK.09988,阿里巴巴-W,2022-09-27,74.05215,73.35215,74.65215,71.50215,21.495,0.00235,49807775,3858462189.0,-1.0788628515828755,74.15215
HK.09988,阿里巴巴-W,2022-09-28,72.00215,70.15215,72.70215,69.90215,20.612,0.00254,53790769,4070767759.0,-4.362516981438157,73.35215
HK.09988,阿里巴巴-W,2022-09-29,74.30215,72.30215,74.65215,71.30215,21.205,0.00296,62711018,4853441073.0,3.064767081265494,70.15215
HK.09988,阿里巴巴-W,2022-09-30,72.75215,73.40215,74.20215,71.35215,21.509,0.00222,46992673,3643907800.0,1.5213932089156528,72.30215
HK.09988,阿里巴巴-W,2022-10-03,73.35215,73.10215,74.20215,72.25215,21.426,0.00145,30742228,2389071660.0,-0.4087073743752892,73.40215
HK.09988,阿里巴巴-W,2022-10-05,77.45215,79.65215,80.05215,76.85215,23.233,0.00307,65113124,5423607593.0,8.96006478605624,73.10215
HK.09988,阿里巴巴-W,2022-10-06,78.45215,78.60215,80.00215,78.10215,22.944,0.00138,29151683,2429908982.0,-1.3182318368054236,79.65215
HK.09988,阿里巴巴-W,2022-10-07,77.15215,76.80215,78.25215,76.65215,22.447,0.00128,27043107,2214195373.0,-2.290013695554126,78.60215
HK.09988,阿里巴巴-W,2022-10-10,74.70215,74.15215,75.00215,73.45215,21.716,0.00135,28520208,2251699319.0,-3.450424239425578,76.80215
HK.09988,阿里巴巴-W,2022-10-11,73.60215,71.45215,74.05215,71.05215,20.971,0.00186,39298810,3012002160.0,-3.6411621240921574,74.15215
HK.09988,阿里巴巴-W,2022-10-12,69.95215,69.80215,72.80215,67.75215,20.516,0.00266,56354876,4168574583.0,-2.3092377206284285,71.45215
HK.09988,阿里巴巴-W,2022-10-13,69.80215,68.20215,70.40215,68.05215,20.074,0.00122,25774888,1891531502.0,-2.2921930055162973,69.80215
HK.09988,阿里巴巴-W,2022-10-14,69.45215,68.70215,71.55215,67.80215,20.212,0.00203,43037199,3202910575.0,0.7331147185242693,68.20215
HK.09988,阿里巴巴-W,2022-10-17,67.60215,68.65215,70.10215,66.35215,20.198,0.00213,45035937,3265826842.0,-0.0727779261638786,68.70215
HK.09988,阿里巴巴-W,2022-10-18,70.75215,71.45215,71.85215,69.30215,20.971,0.0017,35967664,2715845792.0,4.078532136284148,68.65215
HK.09988,阿里巴巴-W,2022-10-19,70.55215,68.15215,71.05215,67.95215,20.06,0.00185,39088213,2880951910.0,-4.618475441256837,71.45215
HK.09988,阿里巴巴-W,2022-10-20,64.45215,65.35215,66.65215,63.45215,19.288,0.00298,63153613,4390043866.0,-4.108454392121175,68.15215
HK.09988,阿里巴巴-W,2022-10-21,65.55215,65.05215,66.55215,64.80215,19.205,0.0026,55066786,3856309228.0,-0.4590514619641391,65.35215
HK.09988,阿里巴巴-W,2022-10-24,61.45215,57.10215,62.70215,56.25215,17.011,0.00801,169668961,10739955871.0,-12.220964257138306,65.05215
HK.09988,阿里巴巴-W,2022-10-25,57.30215,59.05215,61.40215,55.70215,17.549,0.00482,102026681,6445429326.0,3.414932712691196,57.10215
HK.09988,阿里巴巴-W,2022-10-26,57.25215,57.75215,60.10215,56.70215,17.19,0.0044,93276020,5867079891.0,-2.2014439779076582,59.05215
HK.09988,阿里巴巴-W,2022-10-27,63.00215,60.302149999,63.40215,60.10215,17.894,0.00431,91203977,6040769334.0,4.415420030249957,57.75215
HK.09988,阿里巴巴-W,2022-10-28,59.70215,57.20215,60.00215,56.35215,17.039,0.00328,69414690,4313920963.0,-5.140778561048662,60.302149999
HK.09988,阿里巴巴-W,2022-10-31,56.45215,56.90215,60.00215,55.75215,16.956,0.00311,65768272,4090302695.0,-0.5244558115385598,57.20215
HK.09988,阿里巴巴-W,2022-11-01,58.50215,61.552149999,63.70215,58.30215,18.239,0.00532,112728864,7392520577.0,8.171923203253307,56.90215
HK.09988,阿里巴巴-W,2022-11-02,60.75215,62.85215,63.45215,59.60215,18.598,0.00211,44674540,2963614644.0,2.1120302069401653,61.552149999
HK.09988,阿里巴巴-W,2022-11-03,59.05215,58.45215,60.45215,58.30215,17.384,0.00274,58022487,3694656046.0,-7.000556066896675,62.85215
HK.09988,阿里巴巴-W,2022-11-04,59.45215,65.35215,71.65215,59.45215,19.288,0.00718,151997251,10700496096.0,11.804527292836946,58.45215
HK.09988,阿里巴巴-W,2022-11-07,62.15215,65.15215,67.25215,61.75215,19.232,0.00471,99793174,6924208516.0,-0.3060343079760783,65.35215
HK.09988,阿里巴巴-W,2022-11-08,64.20215,62.552149999,64.45215,61.85215,18.515,0.00307,64928791,4394262278.0,-3.990658790231796,65.15215
HK.09988,阿里巴巴-W,2022-11-09,62.15215,61.45215,63.20215,60.60215,18.211,0.00298,63076446,4172919175.0,-1.7585326787609747,62.552149999
HK.09988,阿里巴巴-W,2022-11-10,59.35215,58.45215,59.95215,58.05215,17.384,0.00276,58517362,3708498185.0,-4.8818470956671165,61.45215
HK.09988,阿里巴巴-W,2022-11-11,64.20215,66.25215,66.90215,62.50215,19.536,0.00524,110961720,7658818031.0,13.344248244076558,58.45215
HK.09988,阿里巴巴-W,2022-11-14,68.45215,66.50215,69.15215,65.45215,19.605,0.00443,93784730,6716066122.0,0.377346244612439,66.25215
HK.09988,阿里巴巴-W,2022-11-15,66.45215,74.35215,76.30215,65.20215,21.771,0.00884,187288574,14492427395.0,11.804129640921374,66.50215
HK.09988,阿里巴巴-W,2022-11-16,73.20215,74.25215,76.25215,72.45215,21.743,0.00475,100509510,7905373511.0,-0.1344951020246143,74.35215
HK.09988,阿里巴巴-W,2022-11-17,72.45215,73.70215,75.15215,69.45215,21.592,0.00423,89532516,6836417312.0,-0.7407192923033167,74.25215
HK.09988,阿里巴巴-W,2022-11-18,78.70215,75.40215,78.95215,74.70215,22.061,0.00524,110896755,9022200446.0,2.306581286977385,73.70215
HK.09988,阿里巴巴-W,2022-11-21,72.60215,71.60215,72.75215,70.45215,21.012,0.00235,49675006,3782585294.0,-5.039644095029136,75.40215
HK.09988,阿里巴巴-W,2022-11-22,70.65215,68.55215,71.15215,67.65215,20.171,0.00288,60909746,4484891829.0,-4.259648627869411,71.60215
HK.09988,阿里巴巴-W,2022-11-23,69.20215,70.85215,71.90215,68.50215,20.805,0.00256,54202563,4073376336.0,3.3551099418471884,68.55215
HK.09988,阿里巴巴-W,2022-11-24,72.15215,71.85215,72.65215,70.35215,21.081,0.00149,31644335,2408797867.0,1.411389774339946,70.85215
HK.09988,阿里巴巴-W,2022-11-25,71.35215,70.20215,71.45215,69.30215,20.626,0.00134,28359869,2121533464.0,-2.2963822237747813,71.85215
HK.09988,阿里巴巴-W,2022-11-28,66.05215,67.65215,68.80215,65.25215,19.922,0.00312,65982901,4728879741.0,-3.632367384759579,70.20215
HK.09988,阿里巴巴-W,2022-11-29,69.10215,74.20215,74.25215,68.65215,21.73,0.00446,94542048,7233842582.0,9.681880028942166,67.65215
HK.09988,阿里巴巴-W,2022-11-30,73.15215,75.35215,76.35215,71.90215,22.047,0.00515,109081005,8636922836.0,1.5498203219178843,74.20215
HK.09988,阿里巴巴-W,2022-12-01,81.05215,78.25215,82.35215,77.90215,22.847,0.00502,106301600,8884990410.0,3.8485962245271113,75.35215
HK.09988,阿里巴巴-W,2022-12-02,79.05215,80.25215,81.20215,78.40215,23.399,0.0035,74134786,6256870311.0,2.5558403187644045,78.25215
HK.09988,阿里巴巴-W,2022-12-05,84.25215,88.10215,88.30215,82.70215,25.565,0.00628,132953207,11938737277.0,9.78166940075748,80.25215
HK.09988,阿里巴巴-W,2022-12-06,83.60215,85.30215,87.20215,83.60215,24.793,0.00316,66889543,6007062216.0,-3.178129024093053,88.10215
HK.09988,阿里巴巴-W,2022-12-07,84.65215,80.50215,87.45215,80.25215,23.468,0.00395,83595457,7357163471.0,-5.627056293422847,85.30215
HK.09988,阿里巴巴-W,2022-12-08,82.25215,84.85215,86.55215,81.75215,24.668,0.00333,70524387,6275633592.0,5.403582388793335,80.50215
HK.09988,阿里巴巴-W,2022-12-09,86.10215,87.30215,88.65215,84.30215,25.344,0.00402,85186929,7821417169.0,2.8873752757001476,84.85215
HK.09988,阿里巴巴-W,2022-12-12,85.25215,83.80215,86.35215,83.05215,24.379,0.0023,48772508,4350279089.0,-4.009065068844238,87.30215
HK.09988,阿里巴巴-W,2022-12-13,83.15215,83.80215,85.70215,82.55215,24.379,0.00231,49026085,4345395218.0,0.0,83.80215
HK.09988,阿里巴巴-W,2022-12-14,85.15215,84.95215,85.95215,84.00215,24.696,0.00201,42497183,3809543697.0,1.3722798281428408,83.80215
HK.09988,阿里巴巴-W,2022-12-15,83.95215,81.35215,84.00215,80.65215,23.703,0.0022,46551464,4019716740.0,-4.237679682032778,84.95215
HK.09988,阿里巴巴-W,2022-12-16,79.60215,81.90215,84.20215,79.60215,23.854,0.00364,77057783,6657895945.0,0.6760730970232642,81.35215
HK.09988,阿里巴巴-W,2022-12-19,82.35215,82.50215,86.25215,81.85215,24.02,0.00331,70038366,6181060141.0,0.732581501218215,81.90215
HK.09988,阿里巴巴-W,2022-12-20,80.45215,79.50215,81.00215,77.95215,23.192,0.0027,57291122,4817031100.0,-3.6362688729930066,82.50215
HK.09988,阿里巴巴-W,2022-12-21,79.90215,79.90215,80.85215,79.15215,23.302,0.00149,31475853,2660728500.0,0.5031310473993542,79.50215
HK.09988,阿里巴巴-W,2022-12-22,81.95215,83.35215,84.60215,81.90215,24.254,0.00254,53772623,4732112517.0,4.31778118611325,79.90215
HK.09988,阿里巴巴-W,2022-12-23,80.85215,81.95215,83.00215,80.85215,23.868,0.00161,34114821,2956036760.0,-1.6796207416365283,83.35215
HK.09988,阿里巴巴-W,2022-12-28,82.75215,83.15215,84.80215,82.75215,24.199,0.00263,55669943,4911579684.0,1.4642690887304397,81.95215
HK.09988,阿里巴巴-W,2022-12-29,80.85215,81.00215,81.30215,80.10215,23.606,0.00212,44950446,3831241322.0,-2.585621658610157,83.15215
HK.09988,阿里巴巴-W,2022-12-30,82.75215,81.70215,83.75215,81.15215,23.911,0.0017,35928445,3112837964.0,0.8641745928966118,81.00215
HK.09988,阿里巴巴-W,2023-01-03,81.15215,84.10215,84.60215,80.05215,24.577,0.00214,45393323,3981720309.0,2.937499196777553,81.70215
HK.09988,阿里巴巴-W,2023-01-04,86.20215,91.85215,91.95215,84.95215,26.725,0.0056,118636981,11215891204.0,9.214984396950614,84.10215
HK.09988,阿里巴巴-W,2023-01-05,97.55215,95.05215,99.25215,93.65215,27.612,0.00494,104685426,10542913372.0,3.483859659245867,91.85215
HK.09988,阿里巴巴-W,2023-01-06,96.95215,97.05215,98.15215,95.15215,28.167,0.00346,73315739,7432622618.0,2.104108113283077,95.05215
HK.09988,阿里巴巴-W,2023-01-09,101.05215,105.85215,106.35215,100.45215,30.607,0.00584,123720147,13462350052.0,9.067290111553424,97.05215
HK.09988,阿里巴巴-W,2023-01-10,104.45215,104.95215,105.45215,102.45215,30.357,0.0036,76284815,8313926191.0,-0.8502425316821544,105.85215
HK.09988,阿里巴巴-W,2023-01-11,107.65215,108.35215,110.45215,105.95215,31.3,0.00514,108863653,12310611466.0,3.239571557133409,104.95215
HK.09988,阿里巴巴-W,2023-01-12,108.55215,106.25215,108.55215,103.25215,30.718,0.00434,91858342,10170394577.0,-1.9381249010748696,108.35215
HK.09988,阿里巴巴-W,2023-01-13,106.25215,108.15215,108.45215,104.45215,31.244,0.00341,72120768,8039148039.0,1.7881991093827332,106.25215
HK.09988,阿里巴巴-W,2023-01-16,109.65215,108.85215,110.85215,106.35215,31.438,0.0031,65734884,7432431778.0,0.647236324012041,108.15215
HK.09988,阿里巴巴-W,2023-01-17,109.45215,109.95215,112.25215,108.25215,31.743,0.00294,62173474,7101579912.0,1.010545037465965,108.85215
HK.09988,阿里巴巴-W,2023-01-18,108.35215,109.55215,110.35215,106.15215,31.632,0.00262,55425698,6293490371.0,-0.3637946142935865,109.95215
HK.09988,阿里巴巴-W,2023-01-19,106.45215,107.65215,109.05215,105.75215,31.106,0.00262,55515129,6216237303.0,-1.7343338309654277,109.55215
HK.09988,阿里巴巴-W,2023-01-20,110.25215,111.75215,112.45215,109.75215,32.242,0.00305,64593525,7480330950.0,3.808563043097601,107.65215
HK.09988,阿里巴巴-W,2023-01-26,113.25215,112.95215,113.95215,111.75215,32.575,0.00258,54550091,6403019484.0,1.0738048440231378,111.75215
HK.09988,阿里巴巴-W,2023-01-27,113.15215,112.75215,113.65215,111.25215,32.52,0.00231,49008508,5720745120.0,-0.1770661293299887,112.95215
HK.09988,阿里巴巴-W,2023-01-30,109.95215,104.45215,110.85215,103.25215,30.219,0.00619,131046567,14474980648.0,-7.361278698454972,112.75215
HK.09988,阿里巴巴-W,2023-01-31,105.05215,103.05215,105.95215,100.95215,29.83,0.00448,94863420,10187275398.0,-1.3403266471776845,104.45215
HK.09988,阿里巴巴-W,2023-02-01,104.45215,105.45215,105.95215,102.65215,30.496,0.00263,55654697,6078158836.0,2.328917931358061,103.05215
HK.09988,阿里巴巴-W,2023-02-02,106.85215,104.45215,107.75215,104.15215,30.219,0.00189,39931077,4401948945.0,-0.9482974031349763,105.45215
HK.09988,阿里巴巴-W,2023-02-03,102.65215,101.55215,103.15215,100.75215,29.415,0.00261,55271792,5864673873.0,-2.776390912010912,104.45215
HK.09988,阿里巴巴-W,2023-02-06,97.65215,98.65215,99.25215,96.95215,28.611,0.00251,53151968,5454890269.0,-2.855675630698111,101.55215
HK.09988,阿里巴巴-W,2023-02-07,98.95215,100.25215,102.15215,98.95215,29.054,0.0018,38073535,3996466725.0,1.6218602432891671,98.65215
HK.09988,阿里巴巴-W,2023-02-08,99.85215,98.95215,100.25215,97.55215,28.694,0.00187,39292294,4065464001.0,-1.2967302945622583,100.25215
HK.09988,阿里巴巴-W,2023-02-09,98.95215,103.05215,103.95215,98.55215,29.83,0.00289,60791720,6465398858.0,4.14341679286402,98.95215
HK.09988,阿里巴巴-W,2023-02-10,102.75215,99.55215,103.05215,98.85215,28.86,0.00212,44532345,4674403221.0,-3.396338649897164,103.05215
HK.09988,阿里巴巴-W,2023-02-13,96.55215,99.45215,100.35215,96.15215,28.832,0.00198,41478273,4285465396.0,-0.1004498647191389,99.55215
HK.09988,阿里巴巴-W,2023-02-14,99.05215,97.95215,99.35215,97.75215,28.416,0.00188,39436631,4064906197.0,-1.5082630189493138,99.45215
HK.09988,阿里巴巴-W,2023-02-15,97.75215,96.35215,97.95215,95.55215,27.973,0.00223,46755321,4718058087.0,-1.6334506184907716,97.95215
HK.09988,阿里巴巴-W,2023-02-16,97.45215,97.55215,100.85215,96.95215,28.306,0.00206,43292397,4471815261.0,1.2454314719495132,96.35215
HK.09988,阿里巴巴-W,2023-02-17,97.55215,94.90215,98.35215,94.90215,27.571,0.00179,37616027,3784208940.0,-2.716495740995961,97.55215
HK.09988,阿里巴巴-W,2023-02-20,94.25215,94.85215,95.95215,93.45215,27.557,0.00183,38508675,3824673185.0,-0.0526858453681095,94.90215
HK.09988,阿里巴巴-W,2023-02-21,94.95215,90.65215,94.95215,90.45215,26.393,0.00278,58373987,5638266290.0,-4.427943910601909,94.85215
HK.09988,阿里巴巴-W,2023-02-22,87.55215,88.40215,90.25215,87.55215,25.769,0.00283,59459217,5541294257.0,-2.4820150432173973,90.65215
HK.09988,阿里巴巴-W,2023-02-23,88.20215,90.60215,91.70215,88.05215,26.379,0.00231,48408447,4578969958.0,2.488627256237533,88.40215
HK.09988,阿里巴巴-W,2023-02-24,88.70215,85.50215,88.70215,85.45215,24.965,0.00394,81538617,7432997094.0,-5.6290054926952555,90.60215
HK.09988,阿里巴巴-W,2023-02-27,83.45215,84.85215,87.60215,83.20215,24.785,0.00374,77371929,6956325434.0,-0.7602148016161063,85.50215
HK.09988,阿里巴巴-W,2023-02-28,83.70215,81.95215,84.70215,81.50215,23.981,0.00399,82590338,7221961673.0,-3.417709510012406,84.85215
HK.09988,阿里巴巴-W,2023-03-01,82.15215,87.35215,87.60215,82.05215,25.478,0.00372,76906503,6942511379.0,6.589210899286951,81.95215
HK.09988,阿里巴巴-W,2023-03-02,84.05215,83.05215,84.45215,82.90215,24.286,0.00383,79258745,6978647320.0,-4.922603507755674,87.35215
HK.09988,阿里巴巴-W,2023-03-03,84.95215,83.45215,84.95215,82.75215,24.397,0.00246,50893726,4494361618.0,0.4816250994104375,83.05215
HK.09988,阿里巴巴-W,2023-03-06,82.80215,82.70215,83.70215,82.00215,24.189,0.00258,53347406,4654852132.0,-0.8987186070101248,83.45215
HK.09988,阿里巴巴-W,2023-03-07,84.45215,84.05215,87.10215,83.25215,24.563,0.00301,62222775,5565606880.0,1.6323638502747442,82.70215
HK.09988,阿里巴巴-W,2023-03-08,82.45215,81.20215,82.55215,80.55215,23.773,0.00251,51977469,4469355423.0,-3.3907520509588327,84.05215
HK.09988,阿里巴巴-W,2023-03-09,81.75215,79.95215,81.95215,79.95215,23.426,0.00211,43587344,3717316636.0,-1.539368107864139,81.20215
HK.09988,阿里巴巴-W,2023-03-10,76.95215,76.60215,77.65215,76.45215,22.497,0.00373,77303637,6294461204.0,-4.19000614742694,79.95215
HK.09988,阿里巴巴-W,2023-03-13,77.85215,78.70215,80.40215,76.90215,23.08,0.00313,64694323,5385260284.0,2.7414374139629354,76.60215
HK.09988,阿里巴巴-W,2023-03-14,76.95215,75.45215,77.50215,74.95215,22.179,0.00353,73040873,5893449494.0,-4.129493285761571,78.70215
HK.09988,阿里巴巴-W,2023-03-15,78.15215,77.50215,79.15215,77.00215,22.747,0.00226,46739487,3846714198.0,2.716953724976687,75.45215
HK.09988,阿里巴巴-W,2023-03-16,75.65215,75.95215,76.90215,75.25215,22.317,0.00221,45643767,3673397423.0,-1.999944517668216,77.50215
HK.09988,阿里巴巴-W,2023-03-17,76.85215,76.95215,77.65215,76.00215,22.594,0.00325,67317247,5488652447.0,1.316618423573263,75.95215
HK.09988,阿里巴巴-W,2023-03-20,76.40215,74.65215,76.60215,73.55215,21.957,0.00254,52567854,4171456783.0,-2.9888703564487766,76.95215
HK.09988,阿里巴巴-W,2023-03-21,74.80215,75.95215,76.10215,74.15215,22.317,0.00174,36073232,2879610227.0,1.7414099928803082,74.65215
HK.09988,阿里巴巴-W,2023-03-22,77.65215,78.30215,79.85215,77.55215,22.969,0.00215,44553051,3707677753.0,3.09405329539716,75.95215
HK.09988,阿里巴巴-W,2023-03-23,78.00215,81.65215,82.15215,77.80215,23.897,0.00325,67377220,5731577658.0,4.278298871742358,78.30215
HK.09988,阿里巴巴-W,2023-03-24,80.90215,80.75215,82.05215,79.95215,23.648,0.00234,48345392,4125743507.0,-1.1022367445315349,81.65215
HK.09988,阿里巴巴-W,2023-03-27,81.80215,80.70215,85.40215,79.25215,23.634,0.00486,100519321,8693567252.0,-0.0619178560570797,80.75215
HK.09988,阿里巴巴-W,2023-03-28,80.55215,79.70215,81.10215,78.75215,23.357,0.00257,53162509,4477007402.0,-1.2391243603794944,80.70215
HK.09988,阿里巴巴-W,2023-03-29,92.30215,90.00215,93.45215,89.80215,26.089,0.00788,163130347,15573764787.0,12.92311437018951,79.70215
HK.09988,阿里巴巴-W,2023-03-30,92.55215,92.35215,92.65215,90.10215,26.738,0.00427,88453938,8510556291.0,2.6110487360579655,90.00215
HK.09988,阿里巴巴-W,2023-03-31,96.65215,95.85215,97.45215,95.05215,27.704,0.00433,89687911,9038124507.0,3.789841384309948,92.35215
HK.09988,阿里巴巴-W,2023-04-03,94.45215,94.00215,95.40215,93.05215,27.193,0.0026,53752683,5312957962.0,-1.9300558203441387,95.85215
HK.09988,阿里巴巴-W,2023-04-04,91.60215,91.10215,91.90215,89.15215,26.393,0.0026,53862168,5132905365.0,-3.085035820989207,94.00215
HK.09988,阿里巴巴-W,2023-04-06,91.65215,93.20215,93.45215,91.35215,26.972,0.00197,40751702,3955412935.0,2.305104764267373,91.10215
HK.09988,阿里巴巴-W,2023-04-11,95.65215,94.75215,96.95215,93.55215,27.4,0.00294,60954920,6067653674.0,1.663051764363802,93.20215
HK.09988,阿里巴巴-W,2023-04-12,93.10215,91.50215,93.60215,91.15215,26.503,0.00187,38659231,3736338312.0,-3.4300013245082037,94.75215
HK.09988,阿里巴巴-W,2023-04-13,87.05215,89.60215,89.80215,86.55215,25.979,0.00317,65547652,6095685968.0,-2.0764539412461955,91.50215
HK.09988,阿里巴巴-W,2023-04-14,89.95215,89.95215,90.60215,89.20215,26.076,0.00126,26025094,2455631220.0,0.390615626968782,89.60215
HK.09988,阿里巴巴-W,2023-04-17,88.65215,90.85215,91.80215,88.25215,26.324,0.00183,37951973,3601793515.0,1.0005319494864673,89.95215
HK.09988,阿里巴巴-W,2023-04-18,89.55215,90.25215,91.05215,89.55215,26.158,0.00129,26770456,2536954173.0,-0.6604136500897275,90.85215
HK.09988,阿里巴巴-W,2023-04-19,89.95215,87.70215,89.95215,87.40215,25.455,0.0017,35119559,3272431431.0,-2.825417455429037,90.25215
HK.09988,阿里巴巴-W,2023-04-20,87.65215,87.20215,88.40215,86.90215,25.317,0.00144,29866001,2755119255.0,-0.5701114510875731,87.70215
HK.09988,阿里巴巴-W,2023-04-21,84.80215,83.40215,85.30215,82.75215,24.268,0.00302,62592264,5550598016.0,-4.357690722075083,87.20215
HK.09988,阿里巴巴-W,2023-04-24,82.90215,82.35215,83.95215,81.45215,23.979,0.00173,35872549,3114871557.0,-1.2589603505425355,83.40215
HK.09988,阿里巴巴-W,2023-04-25,81.15215,79.55215,81.40215,78.75215,23.206,0.00273,56529023,4765231764.0,-3.4000326645995247,82.35215
HK.09988,阿里巴巴-W,2023-04-26,77.05215,78.75215,80.15215,76.70215,22.985,0.00352,72936666,6053405487.0,-1.0056296404308334,79.55215
HK.09988,阿里巴巴-W,2023-04-27,77.25215,77.25215,77.65215,76.25215,22.571,0.00306,63401706,5172163340.0,-1.9047099031581995,78.75215
HK.09988,阿里巴巴-W,2023-04-28,78.30215,77.50215,79.35215,77.10215,22.64,0.00227,46940162,3869293711.0,0.3236155886923536,77.25215
HK.09988,阿里巴巴-W,2023-05-02,79.10215,77.75215,79.55215,76.95215,22.709,0.00128,26572826,2194011746.0,0.3225716963980999,77.50215
HK.09988,阿里巴巴-W,2023-05-03,75.55215,75.80215,76.05215,75.15215,22.171,0.0019,39306160,3149484432.0,-2.5079692330051357,77.75215
HK.09988,阿里巴巴-W,2023-05-04,75.95215,76.15215,76.90215,75.80215,22.268,0.00166,34428742,2783543722.0,0.4617283282862142,75.80215
HK.09988,阿里巴巴-W,2023-05-05,77.45215,77.10215,77.90215,76.55215,22.53,0.00163,33666492,2751499174.0,1.2475025327584166,76.15215
HK.09988,阿里巴巴-W,2023-05-08,77.10215,77.40215,77.85215,76.85215,22.613,0.00193,40005891,3277679180.0,0.3890942081381796,77.10215
HK.09988,阿里巴巴-W,2023-05-09,77.40215,74.90215,77.40215,74.35215,21.923,0.00258,53328129,4279965024.0,-3.2298844411944625,77.40215
HK.09988,阿里巴巴-W,2023-05-10,75.50215,75.65215,76.15215,74.25215,22.13,0.00203,41918692,3350076622.0,1.0013063710454235,74.90215
HK.09988,阿里巴巴-W,2023-05-11,77.25215,78.10215,78.20215,76.25215,22.806,0.0022,45547433,3726730244.0,3.238506770792355,75.65215
HK.09988,阿里巴巴-W,2023-05-12,80.60215,80.10215,80.95215,79.25215,23.358,0.00295,60973363,5160931674.0,2.5607489678581192,78.10215
HK.09988,阿里巴巴-W,2023-05-15,79.45215,80.90215,81.95215,78.45215,23.578,0.002,41392670,3524241701.0,0.9987247533306052,80.10215
HK.09988,阿里巴巴-W,2023-05-16,82.25215,81.20215,82.25215,80.40215,23.661,0.00127,26388517,2265883763.0,0.3708183280666794,80.90215
HK.09988,阿里巴巴-W,2023-05-17,82.80215,80.90215,82.95215,80.45215,23.578,0.00209,43307971,3739523551.0,-0.3694483458873898,81.20215
HK.09988,阿里巴巴-W,2023-05-18,83.65215,83.20215,84.65215,82.70215,24.213,0.00349,72221529,6362232231.0,2.8429405151778995,80.90215
HK.09988,阿里巴巴-W,2023-05-19,78.90215,77.90215,79.80215,77.45215,21.006,0.00453,92873084,7710411589.0,-6.37002769760156,83.20215
HK.09988,阿里巴巴-W,2023-05-22,77.90215,79.05215,80.55215,76.85215,21.299,0.00265,54249146,4532902107.0,1.4762108619595111,77.90215
HK.09988,阿里巴巴-W,2023-05-23,79.05215,78.45215,80.10215,77.80215,21.146,0.00157,32115656,2675575991.0,-0.7589926396688697,79.05215
HK.09988,阿里巴巴-W,2023-05-24,76.50215,76.50215,77.35215,76.05215,20.649,0.0019,39045036,3170442322.0,-2.485591535732294,78.45215
HK.09988,阿里巴巴-W,2023-05-25,75.45215,74.10215,75.75215,73.05215,20.038,0.00367,75187196,5926262153.0,-3.137166733222538,76.50215
HK.09988,阿里巴巴-W,2023-05-29,74.40215,73.25215,75.00215,73.05215,19.821,0.00237,48515697,3798972318.0,-1.1470652335998273,74.10215
HK.09988,阿里巴巴-W,2023-05-30,74.35215,74.25215,74.80215,73.00215,20.076,0.00198,40606239,3188115210.0,1.3651476441305817,73.25215
HK.09988,阿里巴巴-W,2023-05-31,73.40215,73.35215,73.40215,71.25215,19.847,0.00865,177424030,13749145148.0,-1.2120861146781683,74.25215
HK.09988,阿里巴巴-W,2023-06-01,72.50215,72.75215,75.15215,72.35215,19.694,0.00371,76088679,5932898607.0,-0.8179719340196496,73.35215
HK.09988,阿里巴巴-W,2023-06-02,76.20215,77.95215,78.30215,75.55215,21.019,0.00337,69157566,5653368026.0,7.147555089437223,72.75215
HK.09988,阿里巴巴-W,2023-06-05,78.25215,78.20215,78.80215,77.20215,21.082,0.00171,34970258,2888665812.0,0.3207095634950415,77.95215
HK.09988,阿里巴巴-W,2023-06-06,78.45215,77.80215,79.65215,77.25215,20.98,0.00159,32679498,2705787627.0,-0.5114948885676489,78.20215
HK.09988,阿里巴巴-W,2023-06-07,80.05215,79.50215,80.35215,78.75215,21.414,0.00164,33719527,2831228546.0,2.185029591084569,77.80215
HK.09988,阿里巴巴-W,2023-06-08,78.85215,78.80215,79.35215,77.50215,21.235,0.00151,30975757,2567083397.0,-0.880479332948861,79.50215
HK.09988,阿里巴巴-W,2023-06-09,79.25215,79.35215,79.80215,78.45215,21.375,0.00159,32630311,2734210845.0,0.6979505000815297,78.80215
HK.09988,阿里巴巴-W,2023-06-12,79.95215,79.45215,79.95215,78.45215,21.401,0.00103,21072194,1763746010.0,0.1260205300045538,79.35215
HK.09988,阿里巴巴-W,2023-06-13,79.00215,81.15215,81.95215,78.95215,21.834,0.00217,44562105,3802898744.0,2.1396526085197225,79.45215
HK.09988,阿里巴巴-W,2023-06-14,81.35215,80.60215,81.90215,79.90215,21.694,0.0018,36808428,3141054574.0,-0.677739283555656,81.15215
HK.09988,阿里巴巴-W,2023-06-15,82.75215,84.45215,84.60215,82.10215,22.675,0.00288,58981505,5186945843.0,4.776547523856385,80.60215
HK.09988,阿里巴巴-W,2023-06-16,86.05215,87.05215,88.15215,84.95215,23.337,0.00861,176510302,16132343836.0,3.078666440108386,84.45215
HK.09988,阿里巴巴-W,2023-06-19,85.85215,85.15215,86.55215,83.35215,22.935,0.00264,54103067,4838210954.0,-2.1825997405003688,87.05215
HK.09988,阿里巴巴-W,2023-06-20,84.95215,83.80215,85.20215,83.40215,22.59,0.00182,37315367,3302667830.0,-1.5853974327131006,85.15215
HK.09988,阿里巴巴-W,2023-06-21,80.75215,80.15215,81.60215,79.95215,21.656,0.00212,43362403,3690417634.0,-4.3554968458446375,83.80215
HK.09988,阿里巴巴-W,2023-06-23,80.45215,79.50215,80.55215,78.55215,21.49,0.00142,29149129,2447742502.0,-0.8109576599005837,80.15215
HK.09988,阿里巴巴-W,2023-06-26,78.55215,78.70215,80.20215,78.55215,21.286,0.00156,31955957,2678039605.0,-1.0062620947986909,79.50215
HK.09988,阿里巴巴-W,2023-06-27,79.70215,80.90215,81.20215,79.10215,21.848,0.00164,33586916,2860143191.0,2.795349301130913,78.70215
HK.09988,阿里巴巴-W,2023-06-28,80.10215,79.80215,80.40215,79.00215,21.567,0.00177,36259869,3054634990.0,-1.3596672029111816,80.90215
HK.09988,阿里巴巴-W,2023-06-29,78.80215,77.65215,79.40215,77.05215,21.017,0.00177,36238490,2982443286.0,-2.694163001873999,79.80215
HK.09988,阿里巴巴-W,2023-06-30,76.85215,76.65215,77.40215,76.25215,20.761,0.00254,51987596,4225195115.0,-1.2877943495447326,77.65215
HK.09988,阿里巴巴-W,2023-07-03,77.45215,79.00215,79.45215,77.45215,21.362,0.00136,27847744,2312809091.0,3.06579789347069,76.65215
HK.09988,阿里巴巴-W,2023-07-04,78.60215,79.45215,79.45215,78.05215,21.477,0.00096,19606487,1636645796.0,0.5696047512631021,79.00215
HK.09988,阿里巴巴-W,2023-07-05,79.90215,78.10215,79.90215,77.65215,21.132,0.00113,23226533,1926361127.0,-1.6991358950009643,79.45215
HK.09988,阿里巴巴-W,2023-07-06,77.20215,76.95215,79.15215,75.95215,20.838,0.00165,33922544,2768904696.0,-1.4724306565184075,78.10215
HK.09988,阿里巴巴-W,2023-07-07,77.75215,79.75215,82.15215,76.95215,21.554,0.00337,69003665,5807596657.0,3.638624781763729,76.95215
HK.09988,阿里巴巴-W,2023-07-10,84.40215,82.45215,84.45215,81.45215,22.244,0.0033,67683238,5908957081.0,3.385488667076691,79.75215
HK.09988,阿里巴巴-W,2023-07-11,83.95215,84.20215,84.70215,83.15215,22.692,0.00249,51083010,4523053823.0,2.122443138232296,82.45215
HK.09988,阿里巴巴-W,2023-07-12,85.35215,85.30215,86.40215,84.50215,22.973,0.00232,47490900,4275539231.0,1.306379943980046,84.20215
HK.09988,阿里巴巴-W,2023-07-13,87.45215,88.20215,88.20215,87.00215,23.715,0.00298,61069223,5633304334.0,3.3996798439429785,85.30215
HK.09988,阿里巴巴-W,2023-07-14,90.45215,88.40215,90.45215,87.45215,23.766,0.00236,48280964,4487039120.0,0.2267518422170013,88.20215
HK.09988,阿里巴巴-W,2023-07-18,86.90215,85.15215,86.95215,85.00215,22.935,0.00217,44406679,4002001241.0,-3.676381173987284,88.40215
HK.09988,阿里巴巴-W,2023-07-19,83.95215,85.80215,86.60215,82.95215,23.101,0.00225,46154569,4129470208.0,0.7633395046396261,85.15215
HK.09988,阿里巴巴-W,2023-07-20,85.85215,84.95215,87.60215,84.65215,22.884,0.00135,27696550,2499455640.0,-0.9906511666665628,85.80215
HK.09988,阿里巴巴-W,2023-07-21,84.95215,86.75215,86.85215,84.95215,23.344,0.00157,32113785,2912105508.0,2.1188398410163805,84.95215
HK.09988,阿里巴巴-W,2023-07-24,85.45215,85.00215,86.20215,84.20215,22.029,0.00145,29727637,2667571178.0,-2.0172410712587525,86.75215
HK.09988,阿里巴巴-W,2023-07-25,89.50215,90.60215,90.60215,88.40215,23.407,0.00341,69490852,6550888235.0,6.588068654734021,85.00215
HK.09988,阿里巴巴-W,2023-07-26,88.45215,89.30215,89.65215,88.10215,23.087,0.00189,38602996,3609103704.0,-1.434844537353691,90.60215
HK.09988,阿里巴巴-W,2023-07-27,90.30215,90.90215,91.15215,89.80215,23.48,0.00211,42983693,4088656583.0,1.7916701893515536,89.30215
HK.09988,阿里巴巴-W,2023-07-28,88.85215,91.35215,91.95215,88.75215,23.591,0.00226,46062057,4400781252.0,0.4950377961357224,90.90215
HK.09988,阿里巴巴-W,2023-07-31,94.45215,92.95215,95.20215,92.25215,23.985,0.00365,74290881,7294140775.0,1.751463977585649,91.35215
HK.09988,阿里巴巴-W,2023-08-01,95.15215,93.30215,95.45215,92.35215,24.071,0.00265,53949339,5328697006.0,0.3765378208034933,92.95215
HK.09988,阿里巴巴-W,2023-08-02,93.10215,90.60215,94.05215,90.05215,23.407,0.00186,37885551,3640015432.0,-2.893823990122417,93.30215
HK.09988,阿里巴巴-W,2023-08-03,89.15215,88.60215,90.20215,88.50215,22.915,0.00246,50021614,4688949927.0,-2.2074531343902986,90.60215
HK.09988,阿里巴巴-W,2023-08-04,90.70215,90.60215,92.05215,89.85215,23.407,0.00162,32949492,3139454593.0,2.2572815670951556,88.60215
HK.09988,阿里巴巴-W,2023-08-07,89.80215,91.05215,91.50215,89.05215,23.517,0.0011,22359341,2129468874.0,0.4966769552378203,90.60215
HK.09988,阿里巴巴-W,2023-08-08,89.55215,88.50215,89.75215,88.15215,22.89,0.00174,35528837,3316089560.0,-2.8005928470662114,91.05215
HK.09988,阿里巴巴-W,2023-08-09,87.80215,89.55215,89.85215,87.50215,23.148,0.00149,30298227,2834523178.0,1.18641185553119,88.50215
HK.09988,阿里巴巴-W,2023-08-10,89.25215,89.75215,90.15215,87.80215,23.198,0.0017,34598900,3237417780.0,0.2233335548057783,89.55215
HK.09988,阿里巴巴-W,2023-08-11,92.60215,90.75215,93.40215,90.75215,23.444,0.00304,61924422,5979795208.0,1.114179437484227,89.75215
HK.09988,阿里巴巴-W,2023-08-14,87.75215,88.25215,88.80215,86.90215,22.829,0.00204,41572767,3839165184.0,-2.754755672455143,90.75215
HK.09988,阿里巴巴-W,2023-08-15,86.55215,86.65215,88.15215,86.30215,22.435,0.00136,27712822,2536955184.0,-1.8129869923848816,88.25215
HK.09988,阿里巴巴-W,2023-08-16,85.45215,84.70215,86.10215,84.35215,21.955,0.00207,42124798,3772268372.0,-2.250376938137141,86.65215
HK.09988,阿里巴巴-W,2023-08-17,82.05215,85.55215,86.05215,81.65215,22.164,0.00271,55171505,4901126208.0,1.0035164396653382,84.70215
HK.09988,阿里巴巴-W,2023-08-18,84.70215,82.45215,85.30215,82.25215,21.402,0.00207,42258149,3714119542.0,-3.6235208583302634,85.55215
HK.09988,阿里巴巴-W,2023-08-21,81.15215,81.15215,83.00215,80.60215,21.082,0.00192,39147534,3367342741.0,-1.5766720455439878,82.45215
HK.09988,阿里巴巴-W,2023-08-22,81.80215,82.80215,84.15215,80.85215,21.488,0.00183,37262451,3234032468.0,2.0332178506669156,81.15215
HK.09988,阿里巴巴-W,2023-08-23,82.05215,82.75215,83.65215,81.55215,21.476,0.00158,32126401,2799033407.0,-0.0603849054644078,82.80215
HK.09988,阿里巴巴-W,2023-08-24,83.55215,85.00215,85.75215,83.15215,22.029,0.00193,39372255,3518152507.0,2.7189625888874183,82.75215
HK.09988,阿里巴巴-W,2023-08-25,83.25215,82.95215,83.95215,82.75215,21.525,0.00113,23103924,2028674524.0,-2.4117037039651317,85.00215
HK.09988,阿里巴巴-W,2023-08-28,87.30215,84.35215,87.35215,84.15215,21.869,0.0015,30525112,2739757791.0,1.6877199686807292,82.95215
HK.09988,阿里巴巴-W,2023-08-29,85.50215,86.35215,86.95215,85.10215,22.361,0.00164,33359481,3026358136.0,2.371012475674894,84.35215
HK.09988,阿里巴巴-W,2023-08-30,87.45215,85.80215,87.45215,85.30215,22.226,0.00192,39173999,3550080441.0,-0.6369268165297531,86.35215
HK.09988,阿里巴巴-W,2023-08-31,86.70215,85.65215,87.15215,85.05215,22.189,0.00337,68704748,6210883505.0,-0.1748207941176199,85.80215
HK.09988,阿里巴巴-W,2023-09-04,88.40215,88.60215,89.45215,87.45215,22.915,0.0042,85600311,7955628793.0,3.444163398116671,85.65215
HK.09988,阿里巴巴-W,2023-09-05,88.45215,87.80215,89.40215,87.20215,22.718,0.00268,54564801,5065356017.0,-0.9029126268380588,88.60215
HK.09988,阿里巴巴-W,2023-09-06,87.55215,87.70215,88.40215,86.60215,22.693,0.0013,26538431,2444257802.0,-0.1138924274633301,87.80215
HK.09988,阿里巴巴-W,2023-09-07,88.50215,86.25215,88.50215,85.95215,22.337,0.00129,26196625,2393143285.0,-1.6533232081539653,87.70215
HK.09988,阿里巴巴-W,2023-09-11,83.40215,83.50215,84.25215,82.30215,21.66,0.00315,64101748,5635207422.0,-3.1883263199815888,86.25215
HK.09988,阿里巴巴-W,2023-09-12,82.15215,81.75215,82.60215,81.35215,21.23,0.00164,33461787,2893192275.0,-2.095754420694557,83.50215
HK.09988,阿里巴巴-W,2023-09-13,82.30215,81.00215,82.55215,80.75215,21.045,0.00153,31205429,2677424489.0,-0.91740706513529,81.75215
HK.09988,阿里巴巴-W,2023-09-14,81.25215,81.35215,82.00215,80.55215,21.131,0.0016,32653822,2799761719.0,0.4320872964482972,81.00215
HK.09988,阿里巴巴-W,2023-09-15,81.45215,81.70215,82.90215,80.65215,21.217,0.00262,53342662,4607434730.0,0.4302283344693515,81.35215
HK.09988,阿里巴巴-W,2023-09-18,80.55215,79.65215,81.20215,79.65215,20.713,0.00157,31917296,2718920429.0,-2.5091138972474987,81.70215
HK.09988,阿里巴巴-W,2023-09-19,80.25215,80.25215,80.60215,79.50215,20.861,0.00108,21904464,1853466932.0,0.7532753353173697,79.65215
HK.09988,阿里巴巴-W,2023-09-20,80.30215,79.95215,80.95215,79.90215,20.787,0.00104,21150734,1794782138.0,-0.3738217605384991,80.25215
HK.09988,阿里巴巴-W,2023-09-21,79.70215,78.10215,79.75215,77.80215,20.332,0.00166,33742916,2799507670.0,-2.3138839918626433,79.95215
HK.09988,阿里巴巴-W,2023-09-22,78.10215,81.35215,81.75215,77.60215,21.131,0.00197,40153148,3398252681.0,4.1612170727694435,78.10215
HK.09988,阿里巴巴-W,2023-09-25,81.65215,79.80215,81.95215,79.70215,20.75,0.00102,20742680,1760007984.0,-1.9052969097927923,81.35215
HK.09988,阿里巴巴-W,2023-09-26,79.90215,79.40215,80.40215,78.85215,20.651,0.00135,27428051,2309118592.0,-0.501239628255619,79.80215
HK.09988,阿里巴巴-W,2023-09-27,79.35215,79.95215,81.10215,79.35215,20.787,0.00134,27246265,2306023295.0,0.6926764577533444,79.40215
HK.09988,阿里巴巴-W,2023-09-28,80.30215,78.45215,80.30215,78.30215,20.418,0.00133,27187837,2269694301.0,-1.8761221555642968,79.95215
HK.09988,阿里巴巴-W,2023-09-29,79.45215,81.05215,82.10215,79.05215,21.057,0.0017,34608437,2963404403.0,3.314122047643046,78.45215
HK.09988,阿里巴巴-W,2023-10-03,79.60215,78.55215,79.70215,77.80215,20.442,0.0018,36631880,3044468945.0,-3.084433910759925,81.05215
HK.09988,阿里巴巴-W,2023-10-04,77.55215,77.20215,78.35215,76.65215,20.11,0.00127,25898508,2116775642.0,-1.7186035009862803,78.55215
HK.09988,阿里巴巴-W,2023-10-05,77.60215,76.80215,78.25215,76.80215,20.012,0.00107,21793205,1783152140.0,-0.5181202855101907,77.20215
HK.09988,阿里巴巴-W,2023-10-06,77.45215,78.35215,78.80215,77.45215,20.393,0.00074,15175175,1255642472.0,2.0181726683432655,76.80215
HK.09988,阿里巴巴-W,2023-10-09,78.65215,77.55215,78.90215,77.00215,20.196,0.00118,24082283,1981410837.0,-1.0210313309845322,78.35215
HK.09988,阿里巴巴-W,2023-10-10,79.35215,78.85215,80.75215,78.70215,20.516,0.00144,29317215,2463491090.0,1.6762913729664457,77.55215
HK.09988,阿里巴巴-W,2023-10-11,80.80215,80.05215,81.00215,79.75215,20.811,0.00156,31718059,2689648568.0,1.5218354857794023,78.85215
HK.09988,阿里巴巴-W,2023-10-12,82.35215,81.30215,82.35215,81.10215,21.119,0.00128,26037608,2237901397.0,1.5614821088502933,80.05215
HK.09988,阿里巴巴-W,2023-10-13,78.70215,78.05215,79.35215,77.95215,20.319,0.0014,28548643,2370896274.0,-3.997434262193558,81.30215
HK.09988,阿里巴巴-W,2023-10-16,77.65215,76.75215,78.25215,76.55215,20.0,0.00109,22249354,1815655384.0,-1.6655530949499755,78.05215
HK.09988,阿里巴巴-W,2023-10-17,77.30215,77.45215,77.65215,76.80215,20.172,0.00087,17701849,1448993113.0,0.9120265686368432,76.75215
HK.09988,阿里巴巴-W,2023-10-18,77.35215,76.90215,78.15215,76.45215,20.036,0.00107,21876252,1788631760.0,-0.7101158586301312,77.45215
HK.09988,阿里巴巴-W,2023-10-19,76.35215,74.60215,76.60215,74.50215,19.471,0.00205,41786984,3338095763.0,-2.9908136508537293,76.90215
HK.09988,阿里巴巴-W,2023-10-20,73.65215,73.95215,74.60215,73.55215,19.311,0.00172,35074847,2755409851.0,-0.8712885620588569,74.60215
HK.09988,阿里巴巴-W,2023-10-24,73.45215,72.65215,74.00215,72.50215,18.991,0.00188,38345055,2975650851.0,-1.7578934486691695,73.95215
HK.09988,阿里巴巴-W,2023-10-25,76.25215,74.75215,76.85215,74.45215,19.507,0.00224,45615979,3648077305.0,2.890485691063505,72.65215
HK.09988,阿里巴巴-W,2023-10-26,74.65215,75.20215,75.75215,74.45215,19.618,0.00116,23719270,1888812275.0,0.6019893742186717,74.75215
HK.09988,阿里巴巴-W,2023-10-27,75.90215,77.85215,78.25215,75.70215,20.27,0.0021,42806617,3504969871.0,3.5238354222585277,75.20215
HK.09988,阿里巴巴-W,2023-10-30,76.20215,77.30215,77.45215,76.15215,20.135,0.00156,31881265,2596801060.0,-0.7064673229962143,77.85215
HK.09988,阿里巴巴-W,2023-10-31,76.75215,75.50215,76.75215,75.35215,19.692,0.00134,27394938,2199943752.0,-2.328525144514088,77.30215
HK.09988,阿里巴巴-W,2023-11-01,75.55215,75.05215,76.15215,74.55215,19.581,0.00103,20894177,1663988273.0,-0.5960095176097673,75.50215
HK.09988,阿里巴巴-W,2023-11-02,76.65215,75.95215,77.65215,75.75215,19.803,0.00085,17414151,1409952817.0,1.1991661797829984,75.05215
HK.09988,阿里巴巴-W,2023-11-03,77.35215,78.30215,78.55215,76.50215,20.381,0.00132,26892338,2212401299.0,3.09405329539716,75.95215
HK.09988,阿里巴巴-W,2023-11-06,79.75215,80.30215,80.40215,79.00215,20.873,0.0015,30546035,2583048522.0,2.554208281637222,78.30215
HK.09988,阿里巴巴-W,2023-11-07,79.85215,78.60215,80.20215,78.20215,20.455,0.00121,24603820,2053966686.0,-2.1170043392362508,80.30215
HK.09988,阿里巴巴-W,2023-11-08,78.45215,77.95215,79.60215,77.75215,20.295,0.00109,22210760,1841575679.0,-0.8269493900612025,78.60215
HK.09988,阿里巴巴-W,2023-11-09,77.95215,77.60215,78.25215,76.85215,20.209,0.0009,18303691,1501706088.0,-0.448993388893069,77.95215
HK.09988,阿里巴巴-W,2023-11-10,76.35215,75.05215,76.45215,75.00215,19.581,0.00168,34168743,2729448929.0,-3.2859914319384154,77.60215
HK.09988,阿里巴巴-W,2023-11-13,75.45215,76.10215,76.55215,74.55215,19.84,0.00152,31021604,2482770559.0,1.399027209746819,75.05215
HK.09988,阿里巴巴-W,2023-11-14,75.70215,74.65215,75.90215,74.55215,19.483,0.00142,28959042,2301419639.0,-1.9053338177699168,76.10215
HK.09988,阿里巴巴-W,2023-11-15,77.60215,78.65215,78.70215,76.70215,20.467,0.00247,50397502,4150058318.0,5.358184593477883,74.65215
HK.09988,阿里巴巴-W,2023-11-16,79.65215,76.80215,79.65215,76.45215,20.012,0.00286,58203453,4761614365.0,-2.352128962781066,78.65215
HK.09988,阿里巴巴-W,2023-11-17,70.45215,68.70215,72.10215,68.35215,18.019,0.00939,190538032,14123669530.0,-10.546579750697076,76.80215
HK.09988,阿里巴巴-W,2023-11-20,70.25215,69.90215,70.70215,69.05215,18.314,0.00537,109101660,8098766988.0,1.746670227933191,68.70215
HK.09988,阿里巴巴-W,2023-11-21,71.45215,71.45215,72.95215,71.20215,18.696,0.00428,86788578,6645019447.0,2.2173853021688132,69.90215
HK.09988,阿里巴巴-W,2023-11-22,72.00215,72.30215,72.65215,71.55215,18.905,0.00233,47284218,3628287513.0,1.1896073106267542,71.45215
HK.09988,阿里巴巴-W,2023-11-23,71.90215,72.70215,72.95215,71.45215,19.003,0.00195,39544273,3036472809.0,0.55323389415115,72.30215
HK.09988,阿里巴巴-W,2023-11-24,72.55215,71.65215,72.80215,71.35215,18.745,0.00145,29509755,2253312230.0,-1.4442488977286052,72.70215
HK.09988,阿里巴巴-W,2023-11-27,71.40215,71.55215,71.70215,70.15215,18.72,0.0018,36613788,2768854303.0,-0.1395631533736371,71.65215
HK.09988,阿里巴巴-W,2023-11-28,70.45215,69.80215,70.90215,69.45215,18.29,0.00279,56690172,4227671861.0,-2.4457685757870307,71.55215
HK.09988,阿里巴巴-W,2023-11-29,69.40215,68.15215,69.60215,67.35215,17.884,0.00451,91555012,6652549313.0,-2.3638240369386785,69.80215
HK.09988,阿里巴巴-W,2023-11-30,67.95215,68.20215,68.45215,67.10215,17.896,0.0042,85244702,6177520043.0,0.0733652570021593,68.15215
HK.09988,阿里巴巴-W,2023-12-01,68.05215,67.30215,68.50215,67.10215,17.675,0.00462,93686293,6749928096.0,-1.3196064933436933,68.20215
HK.09988,阿里巴巴-W,2023-12-04,67.80215,66.25215,68.00215,66.00215,17.416,0.00386,78421903,5598047160.0,-1.5601284654353498,67.30215
HK.09988,阿里巴巴-W,2023-12-05,66.25215,65.95215,66.50215,65.35215,17.343,0.00277,56325918,3961486211.0,-0.4528154935349224,66.25215
HK.09988,阿里巴巴-W,2023-12-06,65.45215,65.60215,66.30215,64.85215,17.257,0.00367,74529931,5225070421.0,-0.5306877789427766,65.95215
HK.09988,阿里巴巴-W,2023-12-07,64.85215,65.15215,65.40215,64.10215,17.146,0.00196,39815379,2762502141.0,-0.6859531280605722,65.60215
HK.09988,阿里巴巴-W,2023-12-08,65.15215,65.95215,66.45215,64.75215,17.343,0.00257,52123073,3665442200.0,1.22789501190674,65.15215
HK.09988,阿里巴巴-W,2023-12-11,64.70215,64.25215,64.95215,63.25215,16.924,0.00346,70139100,4804564789.0,-2.577626354864857,65.95215
HK.09988,阿里巴巴-W,2023-12-12,64.50215,65.55215,65.65215,64.30215,17.244,0.00187,37921483,2650102140.0,2.023278598459347,64.25215
HK.09988,阿里巴巴-W,2023-12-13,64.45215,64.85215,65.25215,64.30215,17.072,0.00137,27833190,1928760908.0,-1.0678520841803096,65.55215
HK.09988,阿里巴巴-W,2023-12-14,65.00215,64.55215,66.05215,64.052149999,16.998,0.00222,44998398,3115703474.0,-0.4625906774100738,64.85215
HK.09988,阿里巴巴-W,2023-12-15,65.85215,67.10215,68.40215,65.85215,17.626,0.00307,62228683,4468602552.0,3.950294451850166,64.55215
HK.09988,阿里巴巴-W,2023-12-18,67.35215,67.55215,68.25215,67.15215,17.736,0.00186,37723193,2718314416.0,0.6706193467720526,67.10215
HK.09988,阿里巴巴-W,2023-12-19,67.30215,67.10215,67.60215,66.60215,17.626,0.00157,31969362,2290946853.0,-0.6661520025639492,67.55215
HK.09988,阿里巴巴-W,2023-12-20,69.07808,68.97808,70.12808,68.67808,17.847,0.0022,44579808,3245079570.0,2.7956332248668803,67.10215
HK.09988,阿里巴巴-W,2023-12-21,68.67808,69.77808,69.97808,68.42808,18.044,0.00169,34236257,2501776061.0,1.1597887328844136,68.97808
HK.09988,阿里巴巴-W,2023-12-22,70.62808,68.27808,71.22808,68.07808,17.675,0.00293,59400452,4321936883.0,-2.149672217980202,69.77808
HK.09988,阿里巴巴-W,2023-12-27,69.92808,70.22808,70.72808,69.27808,18.154,0.00182,36876901,2715957138.0,2.8559678303783627,68.27808
HK.09988,阿里巴巴-W,2023-12-28,70.22808,72.27808,72.57808,70.07808,18.659,0.00243,49312462,3712233098.0,2.919060296109472,70.22808
HK.09988,阿里巴巴-W,2023-12-29,72.42808,72.02808,72.47808,71.47808,18.597,0.0013,26301974,1988685995.0,-0.3458863323430838,72.27808
HK.09988,阿里巴巴-W,2024-01-02,72.52808,71.12808,72.62808,70.57808,18.376,0.00141,28567849,2132936430.0,-1.249512690050888,72.02808
HK.09988,阿里巴巴-W,2024-01-03,69.82808,69.72808,69.82808,69.02808,18.031,0.00185,37529342,2741363236.0,-1.9682803191088407,71.12808
HK.09988,阿里巴巴-W,2024-01-04,70.42808,70.47808,70.62808,69.72808,18.216,0.00185,37563294,2770764104.0,1.075606843039418,69.72808
HK.09988,阿里巴巴-W,2024-01-05,69.47808,68.07808,69.47808,67.82808,17.626,0.00257,52087626,3745407397.0,-3.4053141061731615,70.47808
HK.09988,阿里巴巴-W,2024-01-08,67.72808,66.77808,67.77808,66.07808,17.306,0.00169,34239253,2401979747.0,-1.9095720678373969,68.07808
HK.09988,阿里巴巴-W,2024-01-09,66.67808,66.17808,67.52808,65.97808,17.158,0.0025,50769600,3558450448.0,-0.8984984294247581,66.77808
HK.09988,阿里巴巴-W,2024-01-10,66.32808,65.72808,66.77808,65.32808,17.047,0.0026,52717505,3658998002.0,-0.6799834628021676,66.17808
HK.09988,阿里巴巴-W,2024-01-11,65.82808,67.27808,68.32808,65.47808,17.429,0.00221,44861174,3177218871.0,2.3582006351014617,65.72808
HK.09988,阿里巴巴-W,2024-01-12,66.82808,66.97808,68.17808,66.52808,17.355,0.00139,28180147,1997972067.0,-0.4459104659348143,67.27808
HK.09988,阿里巴巴-W,2024-01-15,66.52808,66.42808,67.22808,65.82808,17.22,0.00098,19966338,1397443899.0,-0.8211641778922467,66.97808
HK.09988,阿里巴巴-W,2024-01-16,65.27808,64.82808,66.42808,64.47808,16.826,0.0021,42678068,2933181040.0,-2.40861996914557,66.42808
HK.09988,阿里巴巴-W,2024-01-17,64.42808,62.07808,64.42808,61.528079999,16.15,0.00336,68277439,4511474288.0,-4.2419889652755405,64.82808
HK.09988,阿里巴巴-W,2024-01-18,63.528079999,63.07808,63.82808,62.57808,16.396,0.00284,57626977,3843480447.0,1.6108745631308183,62.07808
HK.09988,阿里巴巴-W,2024-01-19,62.528079999,61.97808,63.278079999,61.57808,16.125,0.00267,54296782,3574430053.0,-1.7438704538882626,63.07808
HK.09988,阿里巴巴-W,2024-01-22,63.528079999,61.87808,63.62808,61.028079999,16.1,0.00365,74043690,4850578903.0,-0.1613473666819001,61.97808
HK.09988,阿里巴巴-W,2024-01-23,63.028079999,64.07808,65.77808,62.72808,16.642,0.00367,74570912,5051957131.0,3.555378576710853,61.87808
HK.09988,阿里巴巴-W,2024-01-24,68.12808,69.02808,69.42808,66.57808,17.859,0.0051,103474200,7403885128.0,7.724950560316418,64.07808
HK.09988,阿里巴巴-W,2024-01-25,69.42808,69.77808,70.12808,68.32808,18.044,0.00323,64649639,4722161495.0,1.0865143576353276,69.02808
HK.09988,阿里巴巴-W,2024-01-26,68.82808,67.32808,69.02808,66.67808,17.441,0.00303,60517346,4317998717.0,-3.511131289367668,69.77808
HK.09988,阿里巴巴-W,2024-01-29,68.62808,69.02808,69.92808,68.52808,17.859,0.00263,52527482,3817126682.0,2.5249494713052902,67.32808
HK.09988,阿里巴巴-W,2024-01-30,68.07808,67.57808,68.42808,67.17808,17.503,0.00199,39880218,2843766710.0,-2.1005944247616375,69.02808
HK.09988,阿里巴巴-W,2024-01-31,67.37808,65.97808,67.42808,65.57808,17.109,0.00257,51391419,3584357919.0,-2.367631634399785,67.57808
HK.09988,阿里巴巴-W,2024-02-01,66.62808,67.47808,69.07808,66.17808,17.478,0.00252,50417313,3585224673.0,2.273482344439244,65.97808
HK.09988,阿里巴巴-W,2024-02-02,68.42808,67.12808,69.17808,66.47808,17.392,0.00173,34666865,2465238705.0,-0.518686957305259,67.47808
HK.09988,阿里巴巴-W,2024-02-05,65.47808,67.07808,67.92808,65.47808,17.38,0.00193,38569568,2722777487.0,-0.07448447803065,67.12808
HK.09988,阿里巴巴-W,2024-02-06,69.22808,72.42808,73.12808,69.07808,18.696,0.0055,109957108,8246364197.0,7.9757798672830145,67.07808
HK.09988,阿里巴巴-W,2024-02-07,73.27808,71.32808,73.47808,70.97808,18.425,0.00311,62186756,4692609390.0,-1.5187479773038226,72.42808
HK.09988,阿里巴巴-W,2024-02-08,67.77808,66.72808,68.32808,65.82808,17.293,0.00568,113581630,7979619091.0,-6.4490730719234195,71.32808
HK.09988,阿里巴巴-W,2024-02-09,64.92808,65.72808,65.92808,64.47808,17.047,0.00211,42137510,2889866839.0,-1.4986194717426304,66.72808
HK.09988,阿里巴巴-W,2024-02-14,65.12808,67.22808,67.37808,64.72808,17.416,0.0021,42049345,2947323636.0,2.2821296468723866,65.72808
HK.09988,阿里巴巴-W,2024-02-15,67.12808,67.72808,68.32808,67.02808,17.539,0.00163,32587285,2321953131.0,0.743736843295242,67.22808
HK.09988,阿里巴巴-W,2024-02-16,68.22808,69.42808,69.82808,67.77808,17.958,0.00262,52343661,3800298813.0,2.51003719579824,67.72808
HK.09988,阿里巴巴-W,2024-02-19,68.92808,67.92808,69.12808,67.92808,17.589,0.00147,29322068,2107007262.0,-2.160509119653028,69.42808
HK.09988,阿里巴巴-W,2024-02-20,68.62808,68.57808,69.02808,67.22808,17.749,0.00161,32254405,2311515875.0,0.9568944094989962,67.92808
HK.09988,阿里巴巴-W,2024-02-21,67.82808,69.32808,70.62808,67.57808,17.933,0.0026,51979465,3796996404.0,1.0936439165400955,68.57808
HK.09988,阿里巴巴-W,2024-02-22,70.12808,71.27808,71.27808,69.87808,18.413,0.00214,42773596,3176706048.0,2.812713117109262,69.32808
HK.09988,阿里巴巴-W,2024-02-23,70.52808,70.97808,71.62808,70.17808,18.339,0.00138,27579751,2052723907.0,-0.4208867578924645,71.27808
HK.09988,阿里巴巴-W,2024-02-26,70.72808,70.57808,71.12808,70.12808,18.241,0.00111,22212373,1647911267.0,-0.5635542691490185,70.97808
HK.09988,阿里巴巴-W,2024-02-27,70.87808,71.92808,72.27808,69.57808,18.573,0.00202,40440438,3021872309.0,1.9127751845898815,70.57808
HK.09988,阿里巴巴-W,2024-02-28,72.02808,70.67808,72.62808,70.52808,18.265,0.00213,42583119,3190630550.0,-1.737847027197167,71.92808
HK.09988,阿里巴巴-W,2024-02-29,69.17808,69.32808,70.52808,68.82808,17.933,0.00247,49333481,3604559091.0,-1.910068864349448,70.67808
HK.09988,阿里巴巴-W,2024-03-01,68.42808,69.47808,69.82808,67.92808,17.97,0.00301,60262868,4385990925.0,0.2163625474699511,69.32808
HK.09988,阿里巴巴-W,2024-03-04,69.72808,68.52808,69.87808,67.92808,17.736,0.00278,55605212,4028580844.0,-1.3673377272371412,69.47808
HK.09988,阿里巴巴-W,2024-03-05,66.62808,66.12808,67.32808,65.47808,17.146,0.00297,59448363,4150243867.0,-3.5022139829395567,68.52808
HK.09988,阿里巴巴-W,2024-03-06,66.97808,68.27808,69.12808,66.72808,17.675,0.00281,56159854,4020413558.0,3.2512663304302887,66.12808
HK.09988,阿里巴巴-W,2024-03-07,68.47808,67.12808,69.07808,66.52808,17.392,0.00213,42526429,3022002677.0,-1.6842887204795531,68.27808
HK.09988,阿里巴巴-W,2024-03-08,67.22808,67.67808,68.77808,67.17808,17.527,0.00165,33041436,2364597096.0,0.8193292583371923,67.12808
HK.09988,阿里巴巴-W,2024-03-11,68.57808,69.22808,69.62808,68.52808,17.908,0.00185,37032890,2692528333.0,2.290254097042959,67.67808
HK.09988,阿里巴巴-W,2024-03-12,69.97808,71.27808,71.42808,69.37808,18.413,0.00366,73206579,5441374802.0,2.961226138295323,69.22808
HK.09988,阿里巴巴-W,2024-03-13,70.92808,70.42808,71.47808,70.17808,18.204,0.00237,47435359,3524759767.0,-1.192512480695339,71.27808
HK.09988,阿里巴巴-W,2024-03-14,70.72808,69.87808,71.62808,69.22808,18.068,0.00241,48282142,3553513547.0,-0.7809385120253133,70.42808
HK.09988,阿里巴巴-W,2024-03-15,67.82808,68.32808,68.42808,67.22808,17.687,0.00332,66420792,4755136168.0,-2.218149096254501,69.87808
HK.09988,阿里巴巴-W,2024-03-18,67.57808,68.42808,68.92808,67.57808,17.712,0.0015,29947868,2154925267.0,0.1463527147257677,68.32808
HK.09988,阿里巴巴-W,2024-03-19,67.67808,67.52808,68.12808,67.02808,17.49,0.00192,38328086,2726090902.0,-1.3152495291406563,68.42808
HK.09988,阿里巴巴-W,2024-03-20,67.72808,67.67808,68.17808,66.77808,17.527,0.00153,30531961,2172730999.0,0.2221298162186626,67.52808
HK.09988,阿里巴巴-W,2024-03-21,68.92808,68.97808,69.67808,68.67808,17.847,0.00195,38991190,2835897713.0,1.9208582749392589,67.67808
HK.09988,阿里巴巴-W,2024-03-22,68.62808,67.42808,68.82808,66.52808,17.466,0.00233,46657792,3304243778.0,-2.247090669963576,68.97808
HK.09988,阿里巴巴-W,2024-03-25,66.57808,66.72808,67.37808,66.22808,17.293,0.00213,42502492,2984026416.0,-1.0381431593484327,67.42808
HK.09988,阿里巴巴-W,2024-03-26,65.92808,66.72808,67.27808,65.72808,17.293,0.00235,46925401,3287495719.0,0.0,66.72808
HK.09988,阿里巴巴-W,2024-03-27,66.12808,65.22808,66.37808,64.92808,16.924,0.0033,66012638,4546645483.0,-2.2479292076139457,66.72808
HK.09988,阿里巴巴-W,2024-03-28,65.77808,66.67808,68.12808,65.77808,17.281,0.00316,63275589,4458788315.0,2.22296900353343,65.22808
HK.09988,阿里巴巴-W,2024-04-02,68.07808,67.42808,68.42808,66.12808,17.466,0.00319,63731872,4519870252.0,1.124807432967476,66.67808
HK.09988,阿里巴巴-W,2024-04-03,68.27808,66.77808,68.27808,66.57808,17.306,0.00211,42103303,2976979625.0,-0.9639900765378332,67.42808
HK.09988,阿里巴巴-W,2024-04-05,66.82808,66.47808,67.37808,65.32808,17.232,0.00207,41301670,2887906481.0,-0.4492492147123684,66.77808
HK.09988,阿里巴巴-W,2024-04-08,66.32808,66.82808,67.42808,65.67808,17.318,0.00151,29316176,2059853837.0,0.5264893330252532,66.47808
HK.09988,阿里巴巴-W,2024-04-09,66.52808,66.92808,67.87808,66.27808,17.343,0.00177,34509483,2433902608.0,0.1496376972075126,66.82808
HK.09988,阿里巴巴-W,2024-04-10,67.72808,70.37808,71.02808,67.72808,18.191,0.0045,87693112,6454070097.0,5.1547870490233745,66.92808
HK.09988,阿里巴巴-W,2024-04-11,69.17808,70.62808,70.87808,68.92808,18.253,0.00212,41223561,3035911013.0,0.3552242402748128,70.37808
HK.09988,阿里巴巴-W,2024-04-12,69.57808,68.07808,69.92808,67.87808,17.626,0.0023,44688721,3222917797.0,-3.610462014541521,70.62808
HK.09988,阿里巴巴-W,2024-04-15,66.42808,66.82808,67.07808,66.22808,17.318,0.00221,42987921,3022157211.0,-1.836126988305193,68.07808
HK.09988,阿里巴巴-W,2024-04-16,65.22808,64.87808,65.67808,64.62808,16.838,0.00275,53443746,3672300732.0,-2.9179350955466665,66.82808
HK.09988,阿里巴巴-W,2024-04-17,64.528079999,64.42808,64.97808,63.72808,16.728,0.0021,40972640,2777927877.0,-0.6936086887898083,64.87808
HK.09988,阿里巴巴-W,2024-04-18,64.12808,64.32808,64.97808,63.62808,16.703,0.00162,31609984,2146488504.0,-0.1552118268928615,64.42808
HK.09988,阿里巴巴-W,2024-04-19,63.278079999,63.12808,63.47808,62.22808,16.408,0.00265,51647818,3437397565.0,-1.8654373020304709,64.32808
HK.09988,阿里巴巴-W,2024-04-22,64.028079999,64.87808,65.87808,64.028079999,16.838,0.0022,42767591,2935199008.0,2.772141969152238,63.12808
HK.09988,阿里巴巴-W,2024-04-23,65.72808,66.22808,66.77808,65.22808,17.17,0.00243,47335665,3302883951.0,2.0808260663694247,64.87808
HK.09988,阿里巴巴-W,2024-04-24,67.67808,68.92808,69.42808,67.17808,17.835,0.00332,64630900,4663976163.0,4.0768205872795775,66.22808
HK.09988,阿里巴巴-W,2024-04-25,68.92808,69.42808,70.52808,68.47808,17.958,0.00224,43558815,3190874796.0,0.7253937727556027,68.92808
HK.09988,阿里巴巴-W,2024-04-26,69.62808,71.72808,72.12808,69.62808,18.523,0.00395,76974505,5765181471.0,3.31278065013466,69.42808
HK.09988,阿里巴巴-W,2024-04-29,70.72808,70.77808,72.42808,70.52808,18.29,0.00284,55367962,4144691996.0,-1.3244464371554387,71.72808
HK.09988,阿里巴巴-W,2024-04-30,71.57808,70.77808,71.82808,70.22808,18.29,0.00244,47495457,3538039148.0,0.0,70.77808
HK.09988,阿里巴巴-W,2024-05-02,69.92808,72.52808,73.17808,69.77808,18.72,0.00351,68356381,5166213612.0,2.472516914841431,70.77808
HK.09988,阿里巴巴-W,2024-05-03,75.12808,75.62808,76.87808,74.92808,19.483,0.00407,79294381,6286246926.0,4.2742066245239005,72.52808
HK.09988,阿里巴巴-W,2024-05-06,75.92808,75.92808,76.02808,74.92808,19.557,0.00289,56218498,4454527428.0,0.3966780592605249,75.62808
HK.09988,阿里巴巴-W,2024-05-07,75.47808,74.47808,75.77808,73.82808,19.2,0.00233,45448994,3548411188.0,-1.9097019179202064,75.92808
HK.09988,阿里巴巴-W,2024-05-08,74.67808,72.57808,74.87808,71.97808,18.733,0.00277,54000423,4144334382.0,-2.5510861719314,74.47808
HK.09988,阿里巴巴-W,2024-05-09,72.17808,73.22808,73.37808,71.72808,18.892,0.00269,52298823,3992273038.0,0.8955872075976737,72.57808
HK.09988,阿里巴巴-W,2024-05-10,73.92808,74.37808,75.17808,73.52808,19.175,0.00243,47295135,3681137923.0,1.5704358218868928,73.22808
HK.09988,阿里巴巴-W,2024-05-13,74.07808,77.57808,78.02808,73.72808,19.963,0.00405,78841984,6350064921.0,4.302342840793958,74.37808
HK.09988,阿里巴巴-W,2024-05-14,78.42808,79.07808,79.87808,78.42808,20.332,0.00401,78159136,6476823622.0,1.9335358647700485,77.57808
HK.09988,阿里巴巴-W,2024-05-16,75.72808,76.12808,77.42808,75.22808,18.461,0.0057,111040078,8857616055.0,-3.7304901687041503,79.07808
HK.09988,阿里巴巴-W,2024-05-17,81.42808,82.12808,82.32808,80.87808,19.851,0.00572,111456576,9498089547.0,7.8814545171768415,76.12808
HK.09988,阿里巴巴-W,2024-05-20,82.32808,81.77808,82.72808,81.27808,19.77,0.00273,53129878,4546038072.0,-0.4261636215043555,82.12808
HK.09988,阿里巴巴-W,2024-05-21,81.92808,80.82808,82.32808,80.37808,19.55,0.00221,43053288,3643147571.0,-1.161680489441673,81.77808
HK.09988,阿里巴巴-W,2024-05-22,80.57808,79.42808,80.72808,79.42808,19.226,0.00177,34490738,2879757468.0,-1.732071329666628,80.82808
HK.09988,阿里巴巴-W,2024-05-23,77.42808,75.07808,77.47808,73.97808,18.218,0.00515,100353257,7941567454.0,-5.476652589361337,79.42808
HK.09988,阿里巴巴-W,2024-05-24,74.87808,74.57808,76.32808,74.07808,18.102,0.00249,48522482,3805988248.0,-0.6659733440173217,75.07808
HK.09988,阿里巴巴-W,2024-05-27,75.32808,75.67808,76.07808,74.32808,17.429,0.00201,39037400,3081574996.0,1.4749642254131434,74.57808
HK.09988,阿里巴巴-W,2024-05-28,75.62808,75.97808,76.62808,75.27808,17.495,0.00167,32245775,2566669649.0,0.3964159767266973,75.67808
HK.09988,阿里巴巴-W,2024-05-29,74.92808,73.22808,75.22808,72.52808,16.89,0.00349,67568273,5202466984.0,-3.619464982531804,75.97808
HK.09988,阿里巴巴-W,2024-05-30,72.82808,72.72808,74.02808,72.32808,16.78,0.0024,46353905,3539034262.0,-0.6827981834290889,73.22808
HK.09988,阿里巴巴-W,2024-05-31,73.87808,71.32808,74.32808,71.32808,16.472,0.00767,148283968,11191941852.0,-1.9249786327371845,72.72808
HK.09988,阿里巴巴-W,2024-06-03,72.92808,73.07808,73.92808,72.87808,16.857,0.00383,73997961,5633628318.0,2.453451712144782,71.32808
HK.09988,阿里巴巴-W,2024-06-04,72.42808,72.82808,73.27808,72.32808,16.802,0.00157,30437293,2327154095.0,-0.3420998471771562,73.07808
HK.09988,阿里巴巴-W,2024-06-05,73.57808,73.37808,74.82808,73.02808,16.923,0.00214,41354457,3200557887.0,0.755203212826697,72.82808
HK.09988,阿里巴巴-W,2024-06-06,74.52808,73.52808,74.87808,73.07808,16.956,0.00202,39115156,3026556413.0,0.204420720738408,73.37808
HK.09988,阿里巴巴-W,2024-06-07,74.52808,73.52808,74.52808,73.32808,16.956,0.00238,46037914,3556948879.0,0.0,73.52808
HK.09988,阿里巴巴-W,2024-06-11,73.02808,72.87808,73.47808,72.17808,16.813,0.00235,45378373,3473458264.0,-0.8840160112980043,73.52808
HK.09988,阿里巴巴-W,2024-06-12,72.54892,72.19892,73.24892,72.09892,16.307,0.00178,34449076,2564307420.0,-0.9319125860615374,72.87808
HK.09988,阿里巴巴-W,2024-06-13,73.34892,72.54892,73.39892,71.74892,16.384,0.00266,51382442,3814621432.0,0.4847717943703234,72.19892
HK.09988,阿里巴巴-W,2024-06-14,71.79892,70.84892,71.94892,70.29892,16.01,0.0032,61962416,4519514028.0,-2.343246460457287,72.54892
HK.09988,阿里巴巴-W,2024-06-17,69.89892,70.54892,71.04892,69.19892,15.944,0.00183,35419261,2561568875.0,-0.4234362358664202,70.84892
HK.09988,阿里巴巴-W,2024-06-18,70.54892,70.14892,71.44892,69.89892,15.856,0.00179,34574126,2501126455.0,-0.5669824569957861,70.54892
HK.09988,阿里巴巴-W,2024-06-19,70.94892,72.24892,72.49892,70.29892,16.318,0.00165,31831878,2345008910.0,2.993631263318087,70.14892
HK.09988,阿里巴巴-W,2024-06-20,71.99892,71.44892,72.49892,71.34892,16.142,0.00126,24354943,1793977813.0,-1.1072829877595365,72.24892
HK.09988,阿里巴巴-W,2024-06-21,70.49892,70.04892,70.69892,69.54892,15.834,0.00299,57906313,4175699076.0,-1.95944179422167,71.44892
HK.09988,阿里巴巴-W,2024-06-24,69.09892,70.09892,70.14892,69.04892,15.845,0.00166,32160122,2300551286.0,0.0713786879226851,70.04892
HK.09988,阿里巴巴-W,2024-06-25,70.29892,70.69892,71.24892,70.14892,15.977,0.00142,27467171,1993273258.0,0.8559333011121915,70.09892
HK.09988,阿里巴巴-W,2024-06-26,69.74892,70.89892,71.49892,69.74892,16.021,0.0015,29066186,2119772792.0,0.2828897527713335,70.69892
HK.09988,阿里巴巴-W,2024-06-27,70.04892,69.59892,70.64892,69.29892,15.735,0.00195,37688869,2699129260.0,-1.8335963368694432,70.89892
HK.09988,阿里巴巴-W,2024-06-28,68.64892,68.54892,69.64892,68.54892,15.504,0.00204,39388456,2790425645.0,-1.5086440996498385,69.59892
HK.09988,阿里巴巴-W,2024-07-02,67.84892,68.49892,70.04892,67.84892,15.493,0.00224,43280648,3061446919.0,-0.0729406094217052,68.54892
HK.09988,阿里巴巴-W,2024-07-03,69.69892,70.24892,70.79892,69.14892,15.878,0.00201,38913160,2801224946.0,2.5547848053662747,68.49892
HK.09988,阿里巴巴-W,2024-07-04,71.44892,71.19892,71.99892,71.04892,16.087,0.00158,30491758,2234968434.0,1.3523339575896722,70.24892
HK.09988,阿里巴巴-W,2024-07-05,71.14892,70.94892,71.84892,70.79892,16.032,0.00157,30464780,2228296706.0,-0.351128921618474,71.19892
HK.09988,阿里巴巴-W,2024-07-08,70.09892,69.84892,70.69892,69.49892,15.79,0.00212,41071018,2950944152.0,-1.5504111972387942,70.94892
HK.09988,阿里巴巴-W,2024-07-09,69.29892,70.54892,71.04892,69.29892,15.944,0.00175,33931545,2451025590.0,1.00216295398696,69.84892
HK.09988,阿里巴巴-W,2024-07-10,71.74892,71.14892,72.64892,71.14892,16.076,0.00186,35940892,2646344968.0,0.8504736854937092,70.54892
HK.09988,阿里巴巴-W,2024-07-11,72.04892,73.49892,74.04892,71.84892,16.593,0.00252,48693395,3659830845.0,3.3029313726757827,71.14892
HK.09988,阿里巴巴-W,2024-07-12,74.44892,76.44892,76.74892,74.44892,17.242,0.0034,65804366,5123475515.0,4.013664418470371,73.49892
HK.09988,阿里巴巴-W,2024-07-15,75.24892,74.69892,75.99892,74.39892,16.857,0.00208,40320270,3106823769.0,-2.2891101666315232,76.44892
HK.09988,阿里巴巴-W,2024-07-16,73.74892,73.54892,73.99892,73.14892,16.604,0.00172,33288019,2517170527.0,-1.5395135565547744,74.69892
HK.09988,阿里巴巴-W,2024-07-17,73.99892,74.34892,74.99892,73.84892,16.486,0.00227,43176485,3297440992.0,1.0877114171085196,73.54892
HK.09988,阿里巴巴-W,2024-07-18,73.59892,73.84892,74.14892,73.14892,16.378,0.00189,35852222,2715242921.0,-0.6725047250181979,74.34892
HK.09988,阿里巴巴-W,2024-07-19,72.59892,71.84892,72.99892,71.49892,15.946,0.00226,42933703,3173454212.0,-2.708231887480548,73.84892
HK.09988,阿里巴巴-W,2024-07-22,71.84892,72.79892,73.24892,71.74892,16.151,0.00178,33903557,2528413996.0,1.3222189004371792,71.84892
HK.09988,阿里巴巴-W,2024-07-23,73.19892,72.14892,73.24892,72.04892,16.011,0.00155,29397901,2187002705.0,-0.8928703887365245,72.79892
HK.09988,阿里巴巴-W,2024-07-24,72.09892,72.24892,72.89892,72.09892,16.032,0.00128,24392950,1815039555.0,0.138602213311016,72.14892
HK.09988,阿里巴巴-W,2024-07-25,72.54892,71.34892,72.59892,71.24892,15.838,0.00151,28685062,2111761338.0,-1.245693361229471,72.24892
HK.09988,阿里巴巴-W,2024-07-26,71.64892,71.14892,71.94892,70.84892,15.795,0.0013,24685769,1808410389.0,-0.2803125821666296,71.34892
HK.09988,阿里巴巴-W,2024-07-29,72.84892,74.59892,75.34892,72.79892,16.54,0.00391,74410239,5697867168.0,4.848984355630419,71.14892
HK.09988,阿里巴巴-W,2024-07-30,74.69892,74.24892,74.99892,73.64892,16.464,0.00225,42711031,3258301923.0,-0.4691756931601804,74.59892
HK.09988,阿里巴巴-W,2024-07-31,74.34892,75.34892,76.34892,74.14892,16.702,0.00333,63322191,4910095294.0,1.4815030306164838,74.24892
HK.09988,阿里巴巴-W,2024-08-01,75.24892,75.54892,76.04892,74.84892,16.745,0.00205,38913402,3017478732.0,0.2654318071181227,75.34892
HK.09988,阿里巴巴-W,2024-08-02,74.04892,73.39892,74.79892,72.89892,16.281,0.0019,36160705,2734314359.0,-2.845838166846054,75.54892
HK.09988,阿里巴巴-W,2024-08-05,72.19892,72.24892,73.84892,70.84892,16.032,0.00261,49548357,3681907809.0,-1.5667805466347535,73.39892
HK.09988,阿里巴巴-W,2024-08-06,73.39892,73.29892,74.24892,73.24892,16.259,0.00252,47939836,3627138218.0,1.4533089214343926,72.24892
HK.09988,阿里巴巴-W,2024-08-07,74.04892,74.54892,75.54892,73.79892,16.529,0.00207,39385356,3025204199.0,1.705345726785606,73.29892
HK.09988,阿里巴巴-W,2024-08-08,73.79892,74.59892,76.29892,73.39892,16.54,0.00259,49320546,3792679989.0,0.0670700527921952,74.54892
HK.09988,阿里巴巴-W,2024-08-09,76.14892,75.89892,76.99892,75.89892,16.821,0.002,37944538,2969955116.0,1.7426525745949095,74.59892
HK.09988,阿里巴巴-W,2024-08-12,75.89892,76.49892,76.89892,75.24892,16.951,0.00191,36296039,2841592931.0,0.7905250825703373,75.89892
HK.09988,阿里巴巴-W,2024-08-13,76.64892,76.69892,77.19892,76.04892,16.994,0.00168,31992760,2511736513.0,0.2614415994369631,76.49892
HK.09988,阿里巴巴-W,2024-08-14,76.89892,76.34892,77.39892,76.09892,16.918,0.00187,35577408,2793406063.0,-0.4563297631830987,76.69892
HK.09988,阿里巴巴-W,2024-08-15,75.69892,74.44892,75.99892,73.54892,16.508,0.00365,69314475,5299291460.0,-2.4885748220145167,76.34892
HK.09988,阿里巴巴-W,2024-08-16,75.79892,78.14892,78.69892,75.59892,17.307,0.00454,86304798,6867704721.0,4.969850469288208,74.44892
HK.09988,阿里巴巴-W,2024-08-19,79.34892,79.49892,80.69892,79.24892,17.599,0.00309,58682838,4806394072.0,1.7274710898115986,78.14892
HK.09988,阿里巴巴-W,2024-08-20,79.74892,78.44892,79.79892,77.99892,17.372,0.00224,42535840,3430402004.0,-1.3207726595531073,79.49892
HK.09988,阿里巴巴-W,2024-08-21,76.44892,77.99892,77.99892,76.34892,17.275,0.00271,51464907,4084730213.0,-0.5736216636252007,78.44892
HK.09988,阿里巴巴-W,2024-08-22,79.14892,79.69892,79.99892,77.99892,17.642,0.00212,40296293,3265803440.0,2.179517357419824,77.99892
HK.09988,阿里巴巴-W,2024-08-23,79.69892,80.69892,80.89892,79.14892,17.611,0.00232,43575656,3580871167.0,1.2547221467994798,79.69892
HK.09988,阿里巴巴-W,2024-08-26,81.44892,81.34892,81.99892,79.99892,17.749,0.00255,47740986,3965261914.0,0.8054630718725923,80.69892
HK.09988,阿里巴巴-W,2024-08-27,78.09892,77.99892,78.39892,77.04892,17.036,0.00455,85310659,6792242277.0,-4.118063276070546,81.34892
HK.09988,阿里巴巴-W,2024-08-28,77.94892,77.14892,78.14892,76.64892,16.854,0.00207,38782872,3069939501.0,-1.0897586787099032,77.99892
HK.09988,阿里巴巴-W,2024-08-29,75.59892,77.09892,77.14892,75.34892,16.844,0.00229,42829550,3348731951.0,-0.0648097212507928,77.14892
HK.09988,阿里巴巴-W,2024-08-30,76.74892,79.49892,80.09892,76.44892,17.355,0.00585,109667309,8893009540.0,3.112884071527839,77.09892
HK.09988,阿里巴巴-W,2024-09-02,79.39892,77.54892,79.49892,77.44892,17.403,0.00279,53674093,4311909308.0,-2.4528635105986383,79.49892
HK.09988,阿里巴巴-W,2024-09-03,77.69892,78.14892,78.59892,77.04892,17.535,0.00144,27709377,2217170895.0,0.7737051657199204,77.54892
HK.09988,阿里巴巴-W,2024-09-04,77.44892,78.14892,78.44892,77.04892,17.535,0.00148,28553946,2277966220.0,0.0,78.14892
HK.09988,阿里巴巴-W,2024-09-05,78.34892,77.84892,78.89892,77.24892,17.469,0.00152,29214099,2330735150.0,-0.3838824644025754,78.14892
HK.09988,阿里巴巴-W,2024-09-09,76.84892,76.34892,77.44892,75.69892,17.14,0.00412,79250807,6204373104.0,-1.9268090039014023,77.84892
HK.09988,阿里巴巴-W,2024-09-10,78.04892,79.64892,80.49892,78.04892,17.863,0.01073,206633087,16854040557.0,4.322261532972564,76.34892
HK.09988,阿里巴巴-W,2024-09-11,79.59892,79.49892,80.44892,78.19892,17.83,0.00436,83945417,6833095116.0,-0.1883264707167475,79.64892
HK.09988,阿里巴巴-W,2024-09-12,80.59892,81.24892,81.94892,80.39892,18.213,0.00435,83669607,6976595011.0,2.2012877659218515,79.49892
HK.09988,阿里巴巴-W,2024-09-13,81.54892,80.79892,82.69892,80.29892,18.044,0.00309,59196273,4940263104.0,-0.5538535158375064,81.24892
HK.09988,阿里巴巴-W,2024-09-16,79.89892,80.04892,80.34892,79.44892,17.88,0.00138,26558684,2173252533.0,-0.92823022881989,80.79892
HK.09988,阿里巴巴-W,2024-09-17,79.44892,80.89892,81.14892,79.39892,18.065,0.00159,30485324,2519588149.0,1.0618506783102242,80.04892
HK.09988,阿里巴巴-W,2024-09-19,80.89892,83.74892,84.54892,80.54892,18.687,0.00569,109112014,9287384305.0,3.5229147682070345,80.89892
HK.09988,阿里巴巴-W,2024-09-20,84.04892,85.24892,87.04892,83.44892,19.014,0.0064,122726621,10736051744.0,1.791067872875256,83.74892
HK.09988,阿里巴巴-W,2024-09-23,84.94892,84.79892,86.74892,84.59892,18.916,0.00363,69609537,6089340260.0,-0.5278659248703712,85.24892
HK.09988,阿里巴巴-W,2024-09-24,87.19892,90.04892,90.24892,86.09892,20.061,0.0074,141958511,12837936390.0,6.191116584975375,84.79892
HK.09988,阿里巴巴-W,2024-09-25,93.04892,89.34892,93.04892,88.64892,19.925,0.00832,159777709,14802039248.0,-0.7773552420173264,90.04892
HK.09988,阿里巴巴-W,2024-09-26,90.54892,95.79892,97.29892,89.84892,21.333,0.01059,203287208,19638039087.0,7.218889719092283,89.34892
HK.09988,阿里巴巴-W,2024-09-27,100.04892,100.54892,102.94892,98.44892,22.37,0.01033,198337444,20325976018.0,4.958302243908387,95.79892
HK.09988,阿里巴巴-W,2024-09-30,105.64892,108.04892,110.84892,104.34892,24.006,0.01305,250502801,27460811205.0,7.459055751170675,100.54892
HK.09988,阿里巴巴-W,2024-10-02,108.44892,113.14892,116.74892,108.44892,25.12,0.00936,179685038,20648653034.0,4.720084198898062,108.04892
HK.09988,阿里巴巴-W,2024-10-03,111.04892,108.04892,111.04892,104.54892,24.006,0.00721,138390517,15179797380.0,-4.507334228201213,113.14892
HK.09988,阿里巴巴-W,2024-10-04,108.04892,111.94892,112.34892,106.84892,24.858,0.00474,90914228,10237637542.0,3.609476152098518,108.04892
HK.09988,阿里巴巴-W,2024-10-07,112.24892,112.64892,114.94892,111.04892,24.961,0.00548,105041570,12045023109.0,0.6252851747028938,111.94892
HK.09988,阿里巴巴-W,2024-10-08,109.34892,102.54892,109.84892,101.04892,22.761,0.01316,252168999,27228001309.0,-8.96590930476742,112.64892
HK.09988,阿里巴巴-W,2024-10-09,105.24892,100.94892,105.74892,97.69892,22.413,0.00928,177757025,18450021969.0,-1.5602309609891496,102.54892
HK.09988,阿里巴巴-W,2024-10-10,103.04892,103.84892,105.84892,102.44892,23.045,0.00547,104808386,11130581105.0,2.8727399956334407,100.94892
HK.09988,阿里巴巴-W,2024-10-14,105.04892,103.24892,105.14892,100.74892,22.914,0.00414,79240625,8330300347.0,-0.577762387899661,103.84892
HK.09988,阿里巴巴-W,2024-10-15,103.24892,97.89892,103.24892,96.79892,21.749,0.0059,113107803,11427419448.0,-5.181652263287591,103.24892
HK.09988,阿里巴巴-W,2024-10-16,96.54892,96.99892,98.94892,95.89892,21.553,0.00353,67551937,6704176034.0,-0.9193155552686442,97.89892
HK.09988,阿里巴巴-W,2024-10-17,98.04892,96.54892,100.74892,95.74892,21.455,0.00344,65933840,6604103319.0,-0.4639226910980069,96.99892
HK.09988,阿里巴巴-W,2024-10-18,95.69892,98.54892,100.54892,93.34892,21.89,0.00622,119104755,11761178545.0,2.071488733379928,96.54892
HK.09988,阿里巴巴-W,2024-10-21,98.24892,95.84892,98.84892,94.59892,21.302,0.00331,63514538,6246641190.0,-2.7397560521211077,98.54892
HK.09988,阿里巴巴-W,2024-10-22,95.64892,95.29892,96.74892,94.14892,21.182,0.00254,48715559,4729240106.0,-0.5738197154438582,95.84892
HK.09988,阿里巴巴-W,2024-10-23,94.44892,95.34892,96.39892,94.14892,21.193,0.00323,61919784,6014383546.0,0.0524664917503906,95.29892
HK.09988,阿里巴巴-W,2024-10-24,93.09892,92.19892,93.34892,91.54892,20.507,0.00401,76909887,7247521682.0,-3.303655668045328,95.34892
HK.09988,阿里巴巴-W,2024-10-25,93.04892,93.39892,95.24892,92.64892,20.768,0.00279,53441957,5127205625.0,1.3015336839086649,92.19892
HK.09988,阿里巴巴-W,2024-10-28,93.74892,94.69892,96.44892,93.09892,21.047,0.00362,69415882,6746531908.0,1.391879049565024,93.39892
HK.09988,阿里巴巴-W,2024-10-29,95.39892,95.59892,97.24892,94.89892,21.243,0.00298,57004880,5589116781.0,0.9503804267250416,94.69892
HK.09988,阿里巴巴-W,2024-10-30,94.19892,93.89892,95.19892,93.24892,20.873,0.00269,51472115,4943795665.0,-1.7782627669852369,95.59892
HK.09988,阿里巴巴-W,2024-10-31,93.39892,92.59892,94.84892,92.59892,20.59,0.00246,47207811,4506636096.0,-1.384467467783439,93.89892
HK.09988,阿里巴巴-W,2024-11-01,93.79892,93.04892,93.99892,92.09892,20.688,0.002,38347683,3635903247.0,0.4859667909733597,92.59892
HK.09988,阿里巴巴-W,2024-11-04,93.64892,94.09892,94.49892,93.24892,20.916,0.00162,31007532,2974835663.0,1.1284386750539517,93.04892
HK.09988,阿里巴巴-W,2024-11-05,93.14892,96.44892,96.69892,93.14892,21.428,0.00266,50986901,4966869898.0,2.497371914576697,94.09892
HK.09988,阿里巴巴-W,2024-11-06,94.54892,92.44892,94.79892,91.79892,20.557,0.00463,88756404,8430966462.0,-4.147272981387454,96.44892
HK.09988,阿里巴巴-W,2024-11-07,91.84892,93.69892,94.19892,91.29892,20.829,0.003,57481876,5459536920.0,1.3520980017938555,92.44892
HK.09988,阿里巴巴-W,2024-11-08,96.04892,92.04892,97.54892,92.04892,20.457,0.00391,74794561,7162453971.0,-1.7609594646341769,93.69892
HK.09988,阿里巴巴-W,2024-11-11,89.39892,92.14892,94.79892,88.09892,20.478,0.00542,103787086,9629283359.0,0.1086378851593354,92.04892
HK.09988,阿里巴巴-W,2024-11-12,91.69892,88.59892,93.04892,87.99892,19.706,0.00467,89444897,8174459883.0,-3.852459692419615,92.14892
HK.09988,阿里巴巴-W,2024-11-13,87.49892,88.59892,88.94892,87.49892,19.706,0.00332,63573164,5732849662.0,0.0,88.59892
HK.09988,阿里巴巴-W,2024-11-14,87.19892,85.99892,88.49892,85.69892,19.14,0.00351,67262128,5969140130.0,-2.9345730173686184,88.59892
HK.09988,阿里巴巴-W,2024-11-15,86.04892,85.24892,86.79892,85.04892,18.977,0.00257,49182995,4313307796.0,-0.8721039752592242,85.99892
HK.09988,阿里巴巴-W,2024-11-18,84.89892,84.34892,85.19892,83.34892,18.781,0.00366,70101208,6042070447.0,-1.0557318497407258,85.24892
HK.09988,阿里巴巴-W,2024-11-19,84.99892,83.29892,85.49892,82.74892,18.552,0.0036,68824611,5886874237.0,-1.2448292165448132,84.34892
HK.09988,阿里巴巴-W,2024-11-20,82.84892,82.79892,83.29892,81.54892,18.443,0.00368,70389532,5938312904.0,-0.6002478783638492,83.29892
HK.09988,阿里巴巴-W,2024-11-21,82.39892,82.44892,82.99892,81.64892,18.367,0.00239,45741828,3856588923.0,-0.4227108276291458,82.79892
HK.09988,阿里巴巴-W,2024-11-22,81.64892,78.74892,82.09892,78.24892,17.539,0.00576,110110185,9004779038.0,-4.487627005908632,82.44892
HK.09988,阿里巴巴-W,2024-11-25,78.74892,79.99892,80.84892,77.94892,17.811,0.00853,163133423,13340401555.0,1.5873233563076166,78.74892
HK.09988,阿里巴巴-W,2024-11-26,79.84892,81.39892,82.49892,79.84892,18.115,0.00409,78159824,6504231679.0,1.750023625318949,79.99892
HK.09988,阿里巴巴-W,2024-11-27,81.24892,83.04892,83.74892,80.54892,18.474,0.00296,56559911,4769027231.0,2.027053921599932,81.39892
HK.09988,阿里巴巴-W,2024-11-28,82.34892,81.44892,82.39892,80.79892,18.126,0.00235,45005738,3752457992.0,-1.9265753245195656,83.04892
HK.09988,阿里巴巴-W,2024-11-29,80.94892,81.69892,82.84892,80.89892,18.18,0.00189,36163262,3022413327.0,0.3069408409589716,81.44892
HK.09988,阿里巴巴-W,2024-12-02,82.29892,82.04892,83.69892,81.79892,18.256,0.00291,55668722,4697832400.0,0.4284022359169427,81.69892
HK.09988,阿里巴巴-W,2024-12-03,81.74892,82.49892,82.84892,80.89892,18.354,0.00236,45041216,3777819788.0,0.5484532885990491,82.04892
HK.09988,阿里巴巴-W,2024-12-04,81.39892,82.04892,82.29892,80.64892,18.256,0.00303,57896484,4837529514.0,-0.5454616860438936,82.49892
HK.09988,阿里巴巴-W,2024-12-05,80.84892,79.99892,81.19892,79.69892,17.811,0.00349,66632997,5469882440.0,-2.4985094258400933,82.04892
HK.09988,阿里巴巴-W,2024-12-06,80.24892,81.99892,82.74892,79.79892,18.21,0.00385,73451040,6141975617.0,2.500033750455631,79.99892
HK.09988,阿里巴巴-W,2024-12-09,80.79892,84.94892,85.29892,80.69892,18.85,0.00472,90092033,7629665747.0,3.5976083587442407,81.99892
HK.09988,阿里巴巴-W,2024-12-10,89.29892,84.64892,89.44892,84.59892,18.785,0.0051,97398890,8645274222.0,-0.3531534008907908,84.94892
HK.09988,阿里巴巴-W,2024-12-11,85.34892,84.24892,85.74892,84.19892,18.698,0.00272,51946094,4510324050.0,-0.4725399922409,84.64892
HK.09988,阿里巴巴-W,2024-12-12,83.99892,86.04892,86.79892,83.99892,19.088,0.0034,64845532,5684834944.0,2.1365259044270206,84.24892
HK.09988,阿里巴巴-W,2024-12-13,84.59892,83.79892,85.49892,83.79892,18.6,0.0032,61023463,5275697665.0,-2.6147916789658723,86.04892
HK.09988,阿里巴巴-W,2024-12-16,83.79892,82.39892,83.94892,81.54892,18.297,0.00251,47958063,4048428768.0,-1.6706659226634324,83.79892
HK.09988,阿里巴巴-W,2024-12-17,81.94892,81.44892,82.14892,80.59892,18.091,0.00275,52558686,4380517942.0,-1.152927732547954,82.39892
HK.09988,阿里巴巴-W,2024-12-18,82.89892,82.09892,82.89892,81.69892,18.232,0.00189,35976303,3027714444.0,0.7980461864933331,81.44892
HK.09988,阿里巴巴-W,2024-12-19,80.74892,80.99892,81.49892,80.09892,17.993,0.00295,56263173,4650030256.0,-1.339847101520956,82.09892
HK.09988,阿里巴巴-W,2024-12-20,79.84892,78.14892,80.29892,77.39892,17.36,0.00697,132887681,10682159019.0,-3.5185654327242815,80.99892
HK.09988,阿里巴巴-W,2024-12-23,78.74892,79.04892,79.39892,77.94892,17.555,0.00304,57974855,4672586711.0,1.1516473932077262,78.14892
HK.09988,阿里巴巴-W,2024-12-24,80.34892,81.19892,81.99892,80.19892,18.021,0.00244,46601344,3879417367.0,2.719834755490658,79.04892
HK.09988,阿里巴巴-W,2024-12-27,81.04892,80.39892,81.39892,79.39892,17.847,0.00231,44013080,3619241037.0,-0.9852347789847417,81.19892
HK.09988,阿里巴巴-W,2024-12-30,80.39892,80.04892,80.99892,79.59892,17.775,0.00205,39010940,3200573362.0,-0.435329230790673,80.39892
HK.09988,阿里巴巴-W,2024-12-31,80.04892,80.44892,81.54892,79.84892,17.85,0.00165,31449160,2607697475.0,0.4996944368518722,80.04892
HK.09988,阿里巴巴-W,2025-01-02,80.44892,79.34892,80.74892,78.84892,17.612,0.00255,48562393,3960395420.0,-1.3673272431749168,80.44892
HK.09988,阿里巴巴-W,2025-01-03,81.14892,80.64892,81.79892,80.04892,17.894,0.00304,57859265,4781998642.0,1.6383335778231096,79.34892
HK.09988,阿里巴巴-W,2025-01-06,81.19892,80.19892,81.39892,79.94892,17.796,0.0019,36259231,2984825773.0,-0.5579739939480935,80.64892
HK.09988,阿里巴巴-W,2025-01-07,80.19892,79.44892,80.49892,78.54892,17.634,0.00303,57807719,4701374386.0,-0.935174688137945,80.19892
HK.09988,阿里巴巴-W,2025-01-08,79.64892,78.94892,80.29892,78.44892,17.525,0.00268,51033856,4139230361.0,-0.6293351753554359,79.44892
HK.09988,阿里巴巴-W,2025-01-09,78.94892,78.64892,79.64892,78.49892,17.461,0.00204,38857402,3144059265.0,-0.3799925318801032,78.94892
HK.09988,阿里巴巴-W,2025-01-10,78.94892,77.64892,79.24892,77.54892,17.244,0.00258,49178401,3939500967.0,-1.2714732764289705,78.64892
HK.09988,阿里巴巴-W,2025-01-13,76.54892,76.14892,76.59892,75.39892,16.919,0.00247,47082642,3675105334.0,-1.9317718778316555,77.64892
HK.09988,阿里巴巴-W,2025-01-14,76.79892,77.99892,78.39892,76.39892,17.32,0.00327,62238203,4940666700.0,2.42945008281141,76.14892
HK.09988,阿里巴巴-W,2025-01-15,77.14892,77.99892,78.19892,77.14892,17.297,0.00183,34729525,2766342005.0,0.0,77.99892
HK.09988,阿里巴巴-W,2025-01-16,78.14892,78.49892,79.49892,77.29892,17.405,0.00212,40303852,3238879269.0,0.6410345168881826,77.99892
HK.09988,阿里巴巴-W,2025-01-17,78.04892,78.79892,78.79892,77.64892,17.47,0.00213,40613226,3261068532.0,0.3821708629876655,78.49892
HK.09988,阿里巴巴-W,2025-01-20,80.74892,82.59892,84.14892,80.44892,18.292,0.00487,92760400,7854543215.0,4.822401119203171,78.79892
HK.09988,阿里巴巴-W,2025-01-21,83.84892,82.84892,83.99892,81.94892,18.347,0.00238,45376591,3852994881.0,0.3026673956511779,82.59892
HK.09988,阿里巴巴-W,2025-01-22,81.34892,80.24892,81.94892,79.69892,17.784,0.00263,50020729,4123030430.0,-3.138242477994895,82.84892
HK.09988,阿里巴巴-W,2025-01-23,81.89892,80.94892,82.29892,80.59892,17.935,0.00188,35695244,2969428730.0,0.8722858824766774,80.24892
HK.09988,阿里巴巴-W,2025-01-24,81.79892,82.79892,83.04892,81.04892,18.336,0.00294,56000920,4724454919.0,2.2853918248693055,80.94892
HK.09988,阿里巴巴-W,2025-01-27,84.64892,85.29892,85.99892,84.14892,18.877,0.00406,77324541,6751684422.0,3.019363054493948,82.79892
HK.09988,阿里巴巴-W,2025-01-28,86.54892,86.34892,86.54892,85.69892,19.104,0.00148,28186080,2486488809.0,1.2309651751745645,85.29892
HK.09988,阿里巴巴-W,2025-02-03,90.59892,92.04892,92.14892,88.44892,20.337,0.00725,137951734,12779330954.0,6.601124831671303,86.34892
HK.09988,阿里巴巴-W,2025-02-04,94.84892,95.69892,95.99892,92.79892,21.099,0.00626,119029715,11520580337.0,3.965282808315411,92.04892
HK.09988,阿里巴巴-W,2025-02-05,97.04892,95.59892,97.69892,93.34892,21.078,0.00685,130268715,12660016346.0,-0.1044943871884806,95.69892
HK.09988,阿里巴巴-W,2025-02-06,94.99892,96.59892,96.94892,94.54892,21.294,0.00435,82663790,8088821329.0,1.0460369217560197,95.59892
HK.09988,阿里巴巴-W,2025-02-07,96.04892,98.04892,98.94892,95.74892,21.607,0.00584,111035834,11068566114.0,1.501051978634946,96.59892
HK.09988,阿里巴巴-W,2025-02-10,101.04892,103.54892,104.54892,101.04892,22.796,0.00815,154940987,16237333754.0,5.609444754720399,98.04892
HK.09988,阿里巴巴-W,2025-02-11,105.94892,102.94892,106.64892,102.64892,22.666,0.007,133001073,14110191458.0,-0.579436270315513,103.54892
HK.09988,阿里巴巴-W,2025-02-12,107.24892,111.84892,111.94892,107.14892,24.589,0.01133,215324934,24162106001.0,8.645063979301586,102.94892
HK.09988,阿里巴巴-W,2025-02-13,113.24892,114.74892,122.34892,113.24892,25.216,0.01772,336901993,40055136971.0,2.5927831936150936,111.84892
HK.09988,阿里巴巴-W,2025-02-14,114.94892,122.14892,122.34892,114.84892,26.815,0.01405,267121701,32288035569.0,6.448862438095284,114.74892
HK.09988,阿里巴巴-W,2025-02-17,122.94892,120.24892,127.54892,116.84892,26.404,0.01545,293596265,36437601894.0,-1.5554783456128844,122.14892
HK.09988,阿里巴巴-W,2025-02-18,120.04892,124.34892,126.64892,120.04892,27.29,0.01041,197776235,24916497421.0,3.4095940321127283,120.24892
HK.09988,阿里巴巴-W,2025-02-19,121.74892,122.14892,123.44892,120.34892,26.815,0.0078,148288754,18407447195.0,-1.7692152050858203,124.34892
HK.09988,阿里巴巴-W,2025-02-20,120.44892,118.94892,121.64892,116.44892,26.123,0.00938,178330455,21563930453.0,-2.619753003137484,122.14892
HK.09988,阿里巴巴-W,2025-02-21,131.04892,136.54892,137.64892,129.04892,29.926,0.01733,329402607,44457851497.0,14.796267170815849,118.94892
HK.09988,阿里巴巴-W,2025-02-24,136.94892,133.748919999,138.94892,132.34892,29.321,0.01171,222538792,30616680233.0,-2.0505471599482448,136.54892
HK.09988,阿里巴巴-W,2025-02-25,123.14892,128.64892,131.34892,123.04892,28.219,0.01233,234415866,30430762258.0,-3.813114901442297,133.748919999
HK.09988,阿里巴巴-W,2025-02-26,130.34892,134.94892,137.14892,130.04892,29.58,0.01037,197155020,26983707379.0,4.8970484944607255,128.64892
HK.09988,阿里巴巴-W,2025-02-27,135.54892,133.748919999,137.74892,131.248919999,29.321,0.00948,180178311,24571142385.0,-0.8892253461531802,134.94892
HK.09988,阿里巴巴-W,2025-02-28,131.64892,125.54892,131.84892,125.14892,27.549,0.011,209019085,27079502355.0,-6.130890626302868,133.748919999
HK.09988,阿里巴巴-W,2025-03-03,127.84892,128.44892,132.54892,126.64892,28.176,0.00864,164140645,21565128084.0,2.3098565881729543,125.54892
HK.09988,阿里巴巴-W,2025-03-04,124.64892,125.84892,127.34892,122.54892,27.614,0.00704,133778504,16999549768.0,-2.02415092318408,128.44892
HK.09988,阿里巴巴-W,2025-03-05,126.44892,127.94892,129.54892,124.64892,28.068,0.00696,132295744,17122580154.0,1.66866747843366,125.84892
HK.09988,阿里巴巴-W,2025-03-06,136.04892,138.84892,139.54892,135.34892,30.423,0.01046,198863431,27717472476.0,8.519024623263714,127.94892
HK.09988,阿里巴巴-W,2025-03-07,135.84892,138.04892,143.94892,135.248919999,30.25,0.01319,250700100,35296333286.0,-0.5761658066911741,138.84892
HK.09988,阿里巴巴-W,2025-03-10,135.248919999,132.54892,136.74892,131.64892,29.062,0.00942,179071477,24435484593.0,-3.984094913600193,138.04892
HK.09988,阿里巴巴-W,2025-03-11,125.84892,131.64892,132.84892,125.74892,28.867,0.0083,157697693,20807506312.0,-0.6789945930906156,132.54892
HK.09988,阿里巴巴-W,2025-03-12,136.04892,132.84892,136.04892,129.94892,29.127,0.00655,124456918,16836940998.0,0.9115152634749976,131.64892
HK.09988,阿里巴巴-W,2025-03-13,131.84892,129.54892,131.94892,127.14892,28.414,0.00536,101846984,13383022409.0,-2.484024710174522,132.84892
HK.09988,阿里巴巴-W,2025-03-14,132.54892,133.84892,135.64892,130.84892,29.343,0.00572,108673140,14720179876.0,3.319209453849544,129.54892
HK.09988,阿里巴巴-W,2025-03-17,135.64892,133.54892,137.04892,133.14892,29.271,0.00382,72542321,9927403706.0,-0.2241332989462918,133.84892
HK.09988,阿里巴巴-W,2025-03-18,141.34892,141.44892,141.54892,138.64892,30.978,0.00768,145909264,20795168713.0,5.915435332610684,133.54892
HK.09988,阿里巴巴-W,2025-03-19,138.34892,139.14892,140.34892,137.64892,30.481,0.0044,83578664,11795285228.0,-1.6260286752277666,141.44892
HK.09988,阿里巴巴-W,2025-03-20,138.04892,133.54892,138.04892,133.14892,29.271,0.006,113971960,15628616449.0,-4.024465299479144,139.14892
HK.09988,阿里巴巴-W,2025-03-21,131.64892,128.748919999,133.34892,128.44892,28.235,0.00753,143069660,18866090140.0,-3.594188557271748,133.54892
HK.09988,阿里巴巴-W,2025-03-24,130.04892,130.84892,132.14892,128.44892,28.688,0.00478,90778453,11965649101.0,1.6310816440373206,128.748919999
HK.09988,阿里巴巴-W,2025-03-25,128.748919999,125.74892,130.14892,125.64892,27.586,0.00548,104041459,13408694807.0,-3.897624833281004,130.84892
HK.09988,阿里巴巴-W,2025-03-26,126.64892,127.54892,128.748919999,126.04892,27.975,0.00302,57480050,7426520767.0,1.4314238245545148,125.74892
HK.09988,阿里巴巴-W,2025-03-27,127.44892,128.14892,131.04892,126.34892,28.105,0.00334,63397449,8292535601.0,0.4704077462984465,127.54892
HK.09988,阿里巴巴-W,2025-03-28,130.04892,129.04892,131.54892,127.04892,28.299,0.0035,66594496,8745528299.0,0.7023079086425431,128.14892
HK.09988,阿里巴巴-W,2025-03-31,126.84892,126.04892,128.04892,124.14892,27.645,0.00414,78698386,10062802878.0,-2.32469981151335,129.04892
HK.09988,阿里巴巴-W,2025-04-01,127.14892,127.84892,129.54892,126.94892,28.211,0.0031,59194990,7698043579.0,1.428016995306276,126.04892
HK.09988,阿里巴巴-W,2025-04-02,127.04892,128.04892,130.04892,126.44892,28.254,0.0032,61236236,7968615270.0,0.1564346417631082,127.84892
HK.09988,阿里巴巴-W,2025-04-03,120.54892,121.54892,124.44892,119.54892,26.841,0.00865,165415092,20482562422.0,-5.076184945566127,128.04892
HK.09988,阿里巴巴-W,2025-04-07,106.04892,99.34892,110.24892,98.04892,22.016,0.02052,392361045,41586049753.0,-18.264251134440347,121.54892
HK.09988,阿里巴巴-W,2025-04-08,103.74892,100.54892,104.34892,95.59892,22.277,0.01526,291748687,29853923966.0,1.207864161985846,99.34892
HK.09988,阿里巴巴-W,2025-04-09,95.44892,101.64892,103.74892,93.74892,22.516,0.01317,251724654,25366769583.0,1.0939948435050406,100.54892
HK.09988,阿里巴巴-W,2025-04-10,106.04892,102.84892,108.44892,102.44892,22.777,0.01253,239469665,25574348772.0,1.180533939760504,101.64892
HK.09988,阿里巴巴-W,2025-04-11,101.04892,101.04892,104.64892,99.54892,22.386,0.00935,178687575,18536289392.0,-1.7501399139631328,102.84892
HK.09988,阿里巴巴-W,2025-04-14,105.44892,106.24892,107.94892,103.74892,23.516,0.00872,166612582,17996607007.0,5.146022342445622,101.04892
HK.09988,阿里巴巴-W,2025-04-15,109.84892,107.94892,109.84892,106.64892,23.865,0.00544,103926447,11443754999.0,1.6000162636947302,106.24892
HK.09988,阿里巴巴-W,2025-04-16,105.04892,103.44892,105.54892,102.04892,22.888,0.0061,116440525,12271273997.0,-4.168638278178235,107.94892
HK.09988,阿里巴巴-W,2025-04-17,103.14892,106.74892,107.34892,102.54892,23.604,0.00596,113941562,12282860744.0,3.189980137057011,103.44892
HK.09988,阿里巴巴-W,2025-04-22,106.44892,108.04892,109.54892,105.24892,23.887,0.00623,118989644,13051530685.0,1.217810915557738,106.74892
HK.09988,阿里巴巴-W,2025-04-23,114.44892,114.04892,114.94892,111.94892,25.19,0.00748,142919552,16484076978.0,5.553040233997711,108.04892
HK.09988,阿里巴巴-W,2025-04-24,113.74892,111.84892,114.34892,110.54892,24.712,0.0048,91662927,10454633683.0,-1.9289967848884395,114.04892
HK.09988,阿里巴巴-W,2025-04-25,114.24892,113.64892,115.94892,112.94892,25.103,0.0043,82127311,9561057082.0,1.6093137063817844,111.84892
HK.09988,阿里巴巴-W,2025-04-28,115.84892,113.24892,115.84892,112.44892,25.016,0.00353,67368966,7795494614.0,-0.351961109705227,113.64892
HK.09988,阿里巴巴-W,2025-04-29,113.74892,113.04892,115.44892,112.24892,24.972,0.00335,63943734,7385709519.0,-0.1766021256538277,113.24892
HK.09988,阿里巴巴-W,2025-04-30,114.44892,115.54892,115.64892,112.64892,25.515,0.00358,68302501,7968424155.0,2.211432006603866,113.04892
HK.09988,阿里巴巴-W,2025-05-02,117.24892,120.04892,121.14892,116.14892,26.492,0.00381,72747697,8836144199.0,3.894454400785399,115.54892
HK.09988,阿里巴巴-W,2025-05-06,120.54892,121.84892,122.74892,118.84892,26.86,0.00471,89828348,11054407583.0,1.4993887491865912,120.04892
HK.09988,阿里巴巴-W,2025-05-07,124.94892,119.34892,125.84892,119.34892,26.318,0.00555,105915833,13093737936.0,-2.0517210985538483,121.84892
HK.09988,阿里巴巴-W,2025-05-08,118.84892,119.54892,121.74892,118.34892,26.361,0.00367,70065236,8556852315.0,0.1675758775194518,119.34892
HK.09988,阿里巴巴-W,2025-05-09,120.94892,121.64892,122.44892,119.84892,26.817,0.00336,64212711,7908432289.0,1.7566030709436846,119.54892
HK.09988,阿里巴巴-W,2025-05-12,124.14892,129.248919999,129.94892,122.94892,28.466,0.00857,163626351,21025747903.0,6.24748661887011,121.64892
HK.09988,阿里巴巴-W,2025-05-13,129.04892,124.14892,129.04892,123.64892,27.359,0.0058,110675822,14127362101.0,-3.9458743632360433,129.248919999
HK.09988,阿里巴巴-W,2025-05-14,125.84892,128.44892,128.84892,124.84892,28.292,0.00466,88967136,11457409234.0,3.463582284888167,124.14892
HK.09988,阿里巴巴-W,2025-05-15,129.44892,126.94892,129.748919999,125.94892,17.535,0.00439,83762982,10849921558.0,-1.167779378760044,128.44892
HK.09988,阿里巴巴-W,2025-05-16,119.04892,121.44892,122.24892,118.34892,16.786,0.00767,146404177,17936191340.0,-4.332451193755725,126.94892
HK.09988,阿里巴巴-W,2025-05-19,117.94892,117.24892,118.84892,115.54892,16.215,0.0065,124103481,14770522224.0,-3.4582440090862914,121.44892
HK.09988,阿里巴巴-W,2025-05-20,118.04892,119.74892,120.64892,117.24892,16.551,0.00333,63599789,7733518744.0,2.1322158020730595,117.24892
HK.09988,阿里巴巴-W,2025-05-21,121.14892,121.14892,121.74892,120.14892,16.748,0.00255,48764348,5991396868.0,1.1691128404331377,119.74892
HK.09988,阿里巴巴-W,2025-05-22,119.64892,117.14892,119.84892,116.64892,16.204,0.00408,77869662,9348943709.0,-3.3017215506337156,121.14892
HK.09988,阿里巴巴-W,2025-05-23,117.04892,116.84892,118.14892,115.74892,16.163,0.00349,66708012,7918138827.0,-0.2560843070512277,117.14892
HK.09988,阿里巴巴-W,2025-05-26,116.54892,114.94892,117.64892,114.84892,15.904,0.00322,61541743,7243831537.0,-1.6260312889498727,116.84892
HK.09988,阿里巴巴-W,2025-05-27,114.04892,116.04892,116.24892,113.14892,16.054,0.00277,52883817,6186958021.0,0.9569467899306876,114.94892
HK.09988,阿里巴巴-W,2025-05-28,116.24892,113.74892,116.54892,113.24892,15.741,0.00357,68081387,7905426666.0,-1.981922796007061,116.04892
HK.09988,阿里巴巴-W,2025-05-29,113.34892,116.14892,116.84892,113.34892,16.068,0.00392,74783592,8757428965.0,2.109910142443555,113.74892
HK.09988,阿里巴巴-W,2025-05-30,113.14892,111.94892,113.44892,110.84892,15.496,0.01072,204654182,23268231953.0,-3.6160473984605304,116.14892
HK.09988,阿里巴巴-W,2025-06-02,110.04892,111.24892,111.64892,107.84892,15.401,0.00385,73453819,8228475785.0,-0.6252851747028938,111.94892
HK.09988,阿里巴巴-W,2025-06-03,111.24892,111.94892,112.44892,110.94892,15.496,0.0031,59256715,6744305512.0,0.6292195915250259,111.24892
HK.09988,阿里巴巴-W,2025-06-04,111.24892,112.64892,113.64892,110.64892,15.585,0.00384,73216251,8377790000.0,0.6252851747028938,111.94892
HK.09988,阿里巴巴-W,2025-06-05,115.94892,116.34892,116.54892,115.24892,16.088,0.00404,77117941,9090687613.0,3.28454103243955,112.64892
HK.09988,阿里巴巴-W,2025-06-06,116.34892,114.64892,116.34892,113.74892,15.857,0.00394,75163798,8758946101.0,-1.461122286309149,116.34892
HK.09988,阿里巴巴-W,2025-06-09,116.04892,117.34892,118.34892,115.64892,16.224,0.00442,84322573,9999684867.0,2.355015642537237,114.64892
HK.09988,阿里巴巴-W,2025-06-10,118.44892,116.84892,118.54892,115.64892,16.156,0.00285,54323007,6455197439.0,-0.4260797628133262,117.34892
HK.09988,阿里巴巴-W,2025-06-11,118.6,118.4,119.0,117.9,16.102,0.00262,50080516,5933895929.0,1.327423479823347,116.84892
HK.09988,阿里巴巴-W,2025-06-12,115.7,114.6,116.3,114.3,15.583,0.00434,82878015,9554878160.0,-3.209459459459469,118.4
HK.09988,阿里巴巴-W,2025-06-13,112.8,112.0,114.1,110.6,15.229,0.00642,122464076,13708980145.0,-2.268760907504358,114.6
HK.09988,阿里巴巴-W,2025-06-16,111.1,112.9,113.8,110.3,15.352,0.00387,73900525,8286339983.0,0.8035714285714337,112.0
HK.09988,阿里巴巴-W,2025-06-17,114.3,114.8,115.5,113.9,15.61,0.00314,59968684,6875194906.0,1.6829052258635884,112.9
HK.09988,阿里巴巴-W,2025-06-18,114.1,112.2,114.1,111.4,15.267,0.00293,55865417,6265194604.0,-2.264808362369333,114.8
HK.09988,阿里巴巴-W,2025-06-19,111.6,110.0,111.9,109.6,14.968,0.00291,55573686,6137505477.0,-1.9607843137254928,112.2
HK.09988,阿里巴巴-W,2025-06-20,111.0,111.7,111.7,110.0,15.199,0.0056,106839365,11893234427.0,1.545454545454548,110.0
HK.09988,阿里巴巴-W,2025-06-23,110.0,110.8,111.1,108.6,15.076,0.00359,68537835,7548896743.0,-0.8057296329453946,111.7
HK.09988,阿里巴巴-W,2025-06-24,112.1,112.7,113.6,111.6,15.335,0.00349,66616313,7513645430.0,1.7148014440433266,110.8
HK.09988,阿里巴巴-W,2025-06-25,115.0,115.5,116.2,113.6,15.716,0.00416,79338255,9113396950.0,2.4844720496894386,112.7
HK.09988,阿里巴巴-W,2025-06-26,113.0,112.2,113.3,112.1,15.267,0.00455,86859946,9779790079.0,-2.8571428571428545,115.5
HK.09988,阿里巴巴-W,2025-06-27,112.6,112.1,113.5,111.4,15.253,0.00398,75942306,8527342871.0,-0.0891265597148026,112.2
HK.09988,阿里巴巴-W,2025-06-30,111.5,109.8,112.0,109.8,14.938,0.00472,90192013,9964296763.0,-2.051739518287241,112.1
HK.09988,阿里巴巴-W,2025-07-02,111.7,109.4,112.0,108.7,14.884,0.00462,88248907,9684701634.0,-0.3642987249544549,109.8
HK.09988,阿里巴巴-W,2025-07-03,108.8,106.2,109.6,105.2,14.448,0.00814,155395466,16470648163.0,-2.925045703839125,109.4
HK.09988,阿里巴巴-W,2025-07-04,105.2,105.1,106.4,103.1,14.299,0.0056,106812953,11171143948.0,-1.035781544256129,106.2
HK.09988,阿里巴巴-W,2025-07-07,104.0,105.4,105.6,102.3,14.34,0.00425,81216305,8464981799.0,0.2854424357754628,105.1
HK.09988,阿里巴巴-W,2025-07-08,104.7,107.0,107.6,104.2,14.557,0.00429,81928731,8709027454.0,1.51802656546489,105.4
HK.09988,阿里巴巴-W,2025-07-09,106.1,102.9,106.3,102.7,14.0,0.00703,134137844,13950844741.0,-3.831775700934574,107.0
HK.09988,阿里巴巴-W,2025-07-10,102.0,103.2,103.8,101.8,14.04,0.00518,98855593,10134491273.0,0.2915451895043704,102.9
HK.09988,阿里巴巴-W,2025-07-11,103.3,105.1,106.9,103.3,14.299,0.00608,115975182,12260558674.0,1.8410852713178212,103.2
HK.09988,阿里巴巴-W,2025-07-14,104.4,106.1,106.7,104.4,14.435,0.00343,65552727,6943468088.0,0.9514747859181732,105.1
HK.09988,阿里巴巴-W,2025-07-15,106.5,113.5,113.7,106.5,15.435,0.01025,195489816,21651880562.0,6.974552309142325,106.1
HK.09988,阿里巴巴-W,2025-07-16,115.7,113.8,117.7,113.5,15.478,0.00756,144295161,16700161408.0,0.2643171806167376,113.5
HK.09988,阿里巴巴-W,2025-07-17,113.4,112.5,115.0,112.1,15.301,0.00393,74908706,8471113726.0,-1.1423550087873438,113.8
HK.09988,阿里巴巴-W,2025-07-18,115.3,115.8,116.3,114.4,15.75,0.00436,83105716,9596749189.0,2.933333333333331,112.5
HK.09988,阿里巴巴-W,2025-07-21,118.8,117.9,118.8,117.0,16.036,0.005,95474095,11260049850.0,1.8134715025906811,115.8
HK.09988,阿里巴巴-W,2025-07-22,117.7,118.0,118.2,116.0,16.05,0.00332,63352702,7425803538.0,0.0848176420695456,117.9
HK.09988,阿里巴巴-W,2025-07-23,119.0,120.9,122.0,117.7,16.444,0.00627,119661760,14368327297.0,2.457627118644073,118.0
HK.09988,阿里巴巴-W,2025-07-24,120.9,120.3,121.8,119.9,16.362,0.00407,77592812,9381948604.0,-0.4962779156327613,120.9
HK.09988,阿里巴巴-W,2025-07-25,119.1,118.0,119.3,117.5,16.05,0.00333,63455940,7500431291.0,-1.9118869492934307,120.3
HK.09988,阿里巴巴-W,2025-07-28,119.5,120.6,121.7,118.9,16.403,0.00363,69215231,8337951775.0,2.2033898305084696,118.0
HK.09988,阿里巴巴-W,2025-07-29,119.2,120.7,121.0,118.1,16.417,0.00309,59019387,7050020911.0,0.0829187396351646,120.6
HK.09988,阿里巴巴-W,2025-07-30,117.7,117.1,119.6,117.1,15.927,0.00465,88754280,10470600968.0,-2.9826014913007524,120.7
HK.09988,阿里巴巴-W,2025-07-31,116.0,115.7,118.0,114.3,15.732,0.00512,97698587,11334093168.0,-1.1955593509820597,117.1
HK.09988,阿里巴巴-W,2025-08-01,117.8,116.9,119.3,116.7,15.896,0.00393,75031091,8850693078.0,1.037165082108905,115.7
HK.09988,阿里巴巴-W,2025-08-04,115.5,116.2,116.7,114.7,15.8,0.00265,50516068,5852281779.0,-0.5988023952095832,116.9
HK.09988,阿里巴巴-W,2025-08-05,116.1,116.0,116.3,114.6,15.773,0.00275,52371110,6050231794.0,-0.1721170395869215,116.2
HK.09988,阿里巴巴-W,2025-08-06,115.6,116.7,119.2,115.1,15.868,0.00386,73715023,8636796056.0,0.6034482758620714,116.0
HK.09988,阿里巴巴-W,2025-08-07,119.1,119.2,119.8,117.9,16.208,0.0035,66845112,7959246749.0,2.1422450728363325,116.7
HK.09988,阿里巴巴-W,2025-08-08,118.6,116.3,118.6,116.1,15.814,0.00316,60373207,7063571880.0,-2.432885906040273,119.2
HK.09988,阿里巴巴-W,2025-08-11,118.0,118.5,119.0,116.9,16.113,0.00226,43065055,5086535236.0,1.89165950128977,116.3
HK.09988,阿里巴巴-W,2025-08-12,116.8,116.6,117.5,116.1,15.855,0.00292,55676119,6496837115.0,-1.6033755274261652,118.5
HK.09988,阿里巴巴-W,2025-08-13,120.0,123.7,123.8,119.2,16.82,0.00789,150500459,18308914947.0,6.089193825042889,116.6
HK.09988,阿里巴巴-W,2025-08-14,124.8,121.8,125.2,121.0,16.562,0.0044,83916791,10311184942.0,-1.5359741309620094,123.7
HK.09988,阿里巴巴-W,2025-08-15,119.3,118.1,119.8,117.8,16.059,0.00579,110541625,13097069023.0,-3.037766830870282,121.8
HK.09988,阿里巴巴-W,2025-08-18,118.3,118.6,120.8,118.3,16.127,0.00399,76093381,9087497702.0,0.4233700254022015,118.1
HK.09988,阿里巴巴-W,2025-08-19,118.4,118.3,119.7,117.9,16.086,0.00292,55732895,6612360159.0,-0.2529510961214141,118.6
HK.09988,阿里巴巴-W,2025-08-20,117.2,117.5,118.0,116.1,15.975,0.00329,62830049,7348177075.0,-0.6762468300929816,118.3
HK.09988,阿里巴巴-W,2025-08-21,117.3,115.7,117.6,115.0,15.73,0.0035,66716053,7746247569.0,-1.531914893617019,117.5
HK.09988,阿里巴巴-W,2025-08-22,115.5,118.0,118.3,115.3,16.043,0.00386,73604857,8619159505.0,1.9878997407087269,115.7
HK.09988,阿里巴巴-W,2025-08-25,120.4,124.5,126.0,120.4,16.927,0.00855,162992103,20176124341.0,5.508474576271186,118.0
HK.09988,阿里巴巴-W,2025-08-26,122.0,121.3,123.9,121.1,16.492,0.00473,90253630,11045099957.0,-2.570281124497994,124.5
HK.09988,阿里巴巴-W,2025-08-27,121.3,121.5,124.3,121.0,16.519,0.00599,114213258,13972168865.0,0.164880461665295,121.3
HK.09988,阿里巴巴-W,2025-08-28,119.1,115.8,119.3,115.6,15.744,0.00902,171962832,20064065645.0,-4.69135802469136,121.5
HK.09988,阿里巴巴-W,2025-08-29,116.8,115.7,119.0,115.7,15.728,0.00579,110429482,12885953477.0,-0.0863557858376462,115.8
HK.09988,阿里巴巴-W,2025-09-01,133.0,137.1,138.0,133.0,18.637,0.02123,404948185,54916950662.0,18.496110630942084,115.7
HK.09988,阿里巴巴-W,2025-09-02,139.9,134.7,139.9,134.7,18.311,0.00873,166594096,22727724666.0,-1.7505470459518642,137.1
HK.09988,阿里巴巴-W,2025-09-03,136.5,134.1,137.8,133.0,18.23,0.00549,104631522,14119905258.0,-0.4454342984409757,134.7
HK.09988,阿里巴巴-W,2025-09-04,134.3,129.8,134.8,128.5,17.645,0.00779,148595855,19356945374.0,-3.2065622669649385,134.1
HK.09988,阿里巴巴-W,2025-09-05,128.5,131.8,133.0,128.1,17.917,0.00668,127450276,16688212150.0,1.5408320493066254,129.8
HK.09988,阿里巴巴-W,2025-09-08,133.2,137.3,138.0,133.1,18.665,0.00772,147299900,20077519569.0,4.172989377845219,131.8
HK.09988,阿里巴巴-W,2025-09-09,138.6,141.9,142.8,138.0,19.29,0.0095,181120225,25571992786.0,3.3503277494537462,137.3
HK.09988,阿里巴巴-W,2025-09-10,144.7,142.8,147.9,142.6,19.412,0.00953,181722198,26367188569.0,0.6342494714587777,141.9
HK.09988,阿里巴巴-W,2025-09-11,140.9,143.3,146.5,139.1,19.48,0.00915,174456621,24964367964.0,0.3501400560224089,142.8
HK.09988,阿里巴巴-W,2025-09-12,151.7,151.1,153.8,150.1,20.541,0.00895,170663495,25931662331.0,5.443126308443811,143.3
HK.09988,阿里巴巴-W,2025-09-15,150.4,154.6,156.8,150.1,21.016,0.00767,146193613,22604762191.0,2.316346790205162,151.1
HK.09988,阿里巴巴-W,2025-09-16,154.0,153.5,156.8,152.5,20.867,0.00582,111088746,17147548902.0,-0.7115135834411348,154.6
HK.09988,阿里巴巴-W,2025-09-17,157.7,161.6,162.3,156.7,21.968,0.00821,156646724,25103703723.0,5.276872964169377,153.5
HK.09988,阿里巴巴-W,2025-09-18,162.1,158.4,164.8,156.3,21.533,0.011,209809246,33703774014.0,-1.9801980198019733,161.6
HK.09988,阿里巴巴-W,2025-09-19,158.9,159.1,162.8,156.6,21.628,0.00728,138827373,22168296850.0,0.4419191919191847,158.4
HK.09988,阿里巴巴-W,2025-09-22,157.6,159.2,161.5,157.3,21.642,0.00541,103208970,16452375762.0,0.0628535512256406,159.1
HK.09988,阿里巴巴-W,2025-09-23,160.0,159.4,163.1,156.7,21.669,0.00625,119175251,19010074240.0,0.1256281407035283,159.2
HK.09988,阿里巴巴-W,2025-09-24,158.5,174.0,174.9,157.6,23.654,0.01369,261023658,44091254771.0,9.159347553324965,159.4
HK.09988,阿里巴巴-W,2025-09-25,174.0,172.0,177.8,171.1,23.382,0.00904,172333447,30033316446.0,-1.1494252873563218,174.0
HK.09988,阿里巴巴-W,2025-09-26,168.4,166.5,171.9,165.0,22.634,0.00802,152987253,25743281451.0,-3.1976744186046515,172.0
HK.09988,阿里巴巴-W,2025-09-29,166.9,173.4,174.3,166.9,23.572,0.00704,134259119,23097912213.0,4.144144144144148,166.5
HK.09988,阿里巴巴-W,2025-09-30,176.6,177.0,178.0,173.7,24.061,0.0071,135460219,23892748734.0,2.076124567474045,173.4
HK.09988,阿里巴巴-W,2025-10-02,179.7,183.1,185.0,179.1,24.891,0.00504,96036992,17573327509.0,3.4463276836158157,177.0
HK.09988,阿里巴巴-W,2025-10-03,185.0,185.1,186.2,183.3,25.163,0.00298,56780997,10471400436.0,1.0922992900054616,183.1
HK.09988,阿里巴巴-W,2025-10-06,181.8,180.5,183.8,179.8,24.537,0.00258,49211980,8914874905.0,-2.485143165856291,185.1
HK.09988,阿里巴巴-W,2025-10-08,178.1,177.6,178.3,173.5,24.143,0.00395,75252197,13249751058.0,-1.6066481994459865,180.5
HK.09988,阿里巴巴-W,2025-10-09,179.0,173.3,179.0,171.5,23.578,0.00828,158029622,27615986108.0,-2.421171171171162,177.6
HK.09988,阿里巴巴-W,2025-10-10,169.1,165.4,170.3,164.8,22.503,0.00978,186753966,31172922959.0,-4.558568955568382,173.3
HK.09988,阿里巴巴-W,2025-10-13,159.0,162.6,163.6,156.1,22.122,0.01482,282816644,45255101764.0,-1.6928657799274551,165.4
HK.09988,阿里巴巴-W,2025-10-14,164.8,155.6,166.1,154.0,21.17,0.01056,201534774,32056081179.0,-4.305043050430505,162.6
HK.09988,阿里巴巴-W,2025-10-15,158.7,161.6,162.7,156.1,21.986,0.00582,111159729,17818995617.0,3.8560411311053984,155.6
HK.09988,阿里巴巴-W,2025-10-16,162.6,161.2,164.2,158.6,21.931,0.00383,73190193,11792460019.0,-0.247524752475251,161.6
HK.09988,阿里巴巴-W,2025-10-17,161.0,154.4,161.0,153.0,21.006,0.007,133552318,20779808164.0,-4.2183622828784015,161.2
HK.09988,阿里巴巴-W,2025-10-20,162.1,161.9,162.9,160.0,22.027,0.00514,98042110,15824574921.0,4.857512953367875,154.4
HK.09988,阿里巴巴-W,2025-10-21,167.5,165.1,169.0,164.8,22.462,0.0058,110624314,18485325920.0,1.976528721432976,161.9
HK.09988,阿里巴巴-W,2025-10-22,162.7,161.9,163.6,160.0,22.027,0.00354,67640668,10948294006.0,-1.9382192610538995,165.1
HK.09988,阿里巴巴-W,2025-10-23,161.9,164.6,165.5,159.1,22.394,0.00453,86447894,14053583938.0,1.6676961087090727,161.9
HK.09988,阿里巴巴-W,2025-10-24,168.0,168.3,169.3,166.6,22.897,0.0044,84064278,14125845046.0,2.247873633049828,164.6
HK.09988,阿里巴巴-W,2025-10-27,174.8,173.6,175.0,172.1,23.619,0.00507,96795907,16798028487.0,3.1491384432560796,168.3
HK.09988,阿里巴巴-W,2025-10-28,174.0,171.0,174.2,169.5,23.265,0.00411,78492657,13467273059.0,-1.497695852534559,173.6
HK.09988,阿里巴巴-W,2025-10-30,173.4,172.1,174.8,169.0,23.414,0.00588,112254088,19352270084.0,0.6432748538011662,171.0
HK.09988,阿里巴巴-W,2025-10-31,169.8,165.1,170.6,165.1,22.462,0.00511,97457096,16298385332.0,-4.067402672864614,172.1
HK.09988,阿里巴巴-W,2025-11-03,164.9,163.2,166.3,161.5,22.204,0.00392,74773287,12210171385.0,-1.1508176862507606,165.1
HK.09988,阿里巴巴-W,2025-11-04,164.0,159.0,164.0,158.1,21.632,0.00469,89529769,14354452995.0,-2.573529411764699,163.2
HK.09988,阿里巴巴-W,2025-11-05,156.6,158.5,159.3,154.2,21.564,0.00493,94071358,14714389756.0,-0.3144654088050315,159.0
HK.09988,阿里巴巴-W,2025-11-06,160.8,165.0,165.3,159.9,22.448,0.00438,83528391,13600934138.0,4.100946372239748,158.5
HK.09988,阿里巴巴-W,2025-11-07,163.2,160.1,163.2,158.9,21.782,0.00349,66709927,10713546254.0,-2.9696969696969733,165.0
HK.09988,阿里巴巴-W,2025-11-10,162.8,163.4,164.2,160.4,22.231,0.00302,57596575,9360847588.0,2.061211742660844,160.1
HK.09988,阿里巴巴-W,2025-11-11,161.5,160.4,162.4,158.6,21.823,0.00383,73054852,11669987979.0,-1.8359853121175032,163.4
HK.09988,阿里巴巴-W,2025-11-12,157.1,156.8,158.4,155.2,21.333,0.00507,96741580,15147545432.0,-2.2443890274314175,160.4
HK.09988,阿里巴巴-W,2025-11-13,153.9,162.0,166.0,153.3,22.04,0.00814,155447392,24785001720.0,3.316326530612238,156.8
HK.09988,阿里巴巴-W,2025-11-14,156.5,154.9,158.4,154.5,21.074,0.00531,101354219,15847725884.0,-4.382716049382712,162.0
HK.09988,阿里巴巴-W,2025-11-17,152.3,154.9,158.0,152.1,21.074,0.00597,113907864,17641626942.0,0.0,154.9
HK.09988,阿里巴巴-W,2025-11-18,153.2,154.6,158.4,153.2,21.034,0.00539,102880519,16010863976.0,-0.1936733376371926,154.9
HK.09988,阿里巴巴-W,2025-11-19,155.8,156.4,157.9,155.1,21.278,0.00373,71141046,11135128038.0,1.1642949547218702,154.6
HK.09988,阿里巴巴-W,2025-11-20,158.3,154.8,159.8,154.0,21.061,0.00343,65486765,10209807053.0,-1.0230179028132955,156.4
HK.09988,阿里巴巴-W,2025-11-21,150.0,147.6,150.6,146.9,20.081,0.00739,141043093,20975029429.0,-4.6511627906976845,154.8
HK.09988,阿里巴巴-W,2025-11-24,147.8,154.5,156.3,147.8,21.02,0.01047,199790253,30721048113.0,4.674796747967483,147.6
HK.09988,阿里巴巴-W,2025-11-25,159.0,157.8,160.5,153.4,21.469,0.00771,147102629,23217856626.0,2.1359223300970944,154.5
HK.09988,阿里巴巴-W,2025-11-26,154.0,154.8,158.0,153.4,21.061,0.00581,110863259,17256390544.0,-1.9011406844106464,157.8
HK.09988,阿里巴巴-W,2025-11-27,154.0,150.6,154.9,150.1,20.489,0.00541,103303822,15705984411.0,-2.713178294573654,154.8
HK.09988,阿里巴巴-W,2025-11-28,151.8,151.5,153.2,151.0,20.612,0.00349,66572166,10111444029.0,0.5976095617529918,150.6
HK.09988,阿里巴巴-W,2025-12-01,153.0,154.9,156.9,152.0,21.074,0.00489,93259220,14494289977.0,2.2442244224422483,151.5
HK.09988,阿里巴巴-W,2025-12-02,160.1,157.0,160.1,156.3,21.36,0.00388,74133971,11717077172.0,1.3557133634602931,154.9
HK.09988,阿里巴巴-W,2025-12-03,155.8,153.6,156.6,153.1,20.897,0.00283,54076752,8332496257.0,-2.165605095541405,157.0
HK.09988,阿里巴巴-W,2025-12-04,153.1,154.4,155.1,152.5,21.006,0.00299,57110210,8771618515.0,0.5208333333333408,153.6
HK.09988,阿里巴巴-W,2025-12-05,153.2,155.0,155.1,152.6,21.088,0.00413,78815068,12166046512.0,0.3886010362694264,154.4
HK.09988,阿里巴巴-W,2025-12-08,155.0,153.4,155.5,152.8,20.87,0.00394,75226835,11582000738.0,-1.0322580645161257,155.0
HK.09988,阿里巴巴-W,2025-12-09,155.1,150.9,156.8,150.4,20.53,0.00366,69789164,10648884303.0,-1.6297262059973925,153.4
HK.09988,阿里巴巴-W,2025-12-10,150.5,153.2,153.4,149.6,20.843,0.00321,61369895,9321713276.0,1.5241882041086698,150.9
HK.09988,阿里巴巴-W,2025-12-11,155.0,150.6,155.5,150.5,20.489,0.00311,59433982,9052893590.0,-1.6971279373368109,153.2
HK.09988,阿里巴巴-W,2025-12-12,152.7,154.1,154.1,150.8,20.965,0.00464,88532981,13539596437.0,2.3240371845949537,150.6
HK.09988,阿里巴巴-W,2025-12-15,150.8,148.6,151.7,148.5,20.217,0.00494,94298860,14139023980.0,-3.5691109669046073,154.1
HK.09988,阿里巴巴-W,2025-12-16,146.9,144.2,147.0,141.6,19.619,0.00619,118119058,16974022049.0,-2.9609690444145396,148.6
HK.09988,阿里巴巴-W,2025-12-17,144.2,146.0,147.3,143.1,19.863,0.00317,60486179,8790893882.0,1.248266296809994,144.2
HK.09988,阿里巴巴-W,2025-12-18,143.1,144.1,144.9,142.9,19.605,0.00246,47014025,6764239879.0,-1.3013698630137025,146.0
HK.09988,阿里巴巴-W,2025-12-19,145.0,145.3,146.7,144.2,19.768,0.00369,70392591,10237987194.0,0.8327550312283256,144.1
HK.09988,阿里巴巴-W,2025-12-22,146.0,146.4,148.5,145.0,19.918,0.00308,58877432,8625656120.0,0.7570543702684062,145.3
HK.09988,阿里巴巴-W,2025-12-23,146.7,147.2,148.0,146.4,20.027,0.00249,47601549,7009550959.0,0.5464480874316823,146.4
HK.09988,阿里巴巴-W,2025-12-24,147.0,146.0,148.1,145.1,19.863,0.00152,28967695,4234823630.0,-0.8152173913043401,147.2
HK.09988,阿里巴巴-W,2025-12-29,147.1,143.3,148.5,143.3,19.496,0.00328,62656820,9131340598.0,-1.8493150684931428,146.0
HK.09988,阿里巴巴-W,2025-12-30,143.3,144.5,145.7,143.2,19.659,0.00315,60201594,8701232705.0,0.8374040474528881,143.3
HK.09988,阿里巴巴-W,2025-12-31,143.7,142.8,143.8,142.4,19.428,0.00187,35628222,5089590813.0,-1.1764705882352864,144.5
HK.09988,阿里巴巴-W,2026-01-02,143.2,149.0,149.7,142.9,20.272,0.00256,48902470,7215810283.0,4.341736694677863,142.8
HK.09988,阿里巴巴-W,2026-01-05,151.1,152.8,153.8,150.0,20.789,0.00539,102834720,15681695666.0,2.550335570469806,149.0
HK.09988,阿里巴巴-W,2026-01-06,150.9,150.8,153.2,150.5,20.517,0.00587,112004139,16966606124.0,-1.3089005235602091,152.8
HK.09988,阿里巴巴-W,2026-01-07,147.1,145.9,147.8,143.5,19.85,0.00784,149677478,21758990525.0,-3.2493368700265286,150.8
HK.09988,阿里巴巴-W,2026-01-08,143.6,142.6,144.9,141.0,19.411,0.00562,107421412,15345323864.0,-2.261823166552441,145.9
HK.09988,阿里巴巴-W,2026-01-09,148.0,146.5,149.5,145.9,19.942,0.00603,115234256,17002974129.0,2.734922861150074,142.6
HK.09988,阿里巴巴-W,2026-01-12,146.9,154.3,154.6,146.0,21.004,0.00862,164580300,25051108936.0,5.32423208191127,146.5
HK.09988,阿里巴巴-W,2026-01-13,162.0,159.9,164.0,157.4,21.766,0.00802,153153842,24540402269.0,3.62929358392741,154.3
HK.09988,阿里巴巴-W,2026-01-14,163.8,169.0,169.8,162.1,23.005,0.01281,244622843,40785747086.0,5.691056910569102,159.9
HK.09988,阿里巴巴-W,2026-01-15,168.9,164.6,170.1,163.1,22.406,0.00697,133061563,22058494327.0,-2.6035502958579917,169.0
HK.09988,阿里巴巴-W,2026-01-16,167.9,166.2,168.7,165.0,22.624,0.00416,79370877,13213026136.0,0.9720534629404584,164.6
HK.09988,阿里巴巴-W,2026-01-19,162.0,160.4,162.5,160.1,21.835,0.0038,72500898,11677672896.0,-3.489771359807451,166.2
HK.09988,阿里巴巴-W,2026-01-20,159.8,159.7,162.2,158.6,21.739,0.0029,55456218,8868225709.0,-0.4364089775561203,160.4
HK.09988,阿里巴巴-W,2026-01-21,158.3,163.2,164.9,158.3,22.216,0.00353,67441221,10924846933.0,2.1916092673763305,159.7
HK.09988,阿里巴巴-W,2026-01-22,166.0,164.8,166.5,162.8,22.433,0.00313,59810988,9836717328.0,0.9803921568627592,163.2
HK.09988,阿里巴巴-W,2026-01-23,171.2,168.5,172.0,168.3,22.937,0.00488,93252549,15805618024.0,2.2451456310679543,164.8
HK.09988,阿里巴巴-W,2026-01-26,169.5,165.2,170.2,164.5,22.488,0.00355,67819829,11255344158.0,-1.958456973293775,168.5
HK.09988,阿里巴巴-W,2026-01-27,166.8,169.9,169.9,164.9,23.128,0.00386,73661350,12414178175.0,2.8450363196126016,165.2
HK.09988,阿里巴巴-W,2026-01-28,170.5,173.5,173.8,168.6,23.618,0.00535,102209414,17569439693.0,2.1188934667451407,169.9
HK.09988,阿里巴巴-W,2026-01-29,171.1,173.3,174.2,170.3,23.591,0.00354,67539478,11666256998.0,-0.1152737752161317,173.5
HK.09988,阿里巴巴-W,2026-01-30,170.0,169.2,170.7,167.0,23.032,0.00393,75134065,12703476269.0,-2.3658395845355007,173.3
HK.09988,阿里巴巴-W,2026-02-02,164.7,163.3,167.9,161.0,22.229,0.00527,100747598,16482826406.0,-3.4869976359337933,169.2
HK.09988,阿里巴巴-W,2026-02-03,165.4,161.0,166.0,155.2,21.916,0.00582,111086312,17742273746.0,-1.408450704225359,163.3
HK.09988,阿里巴巴-W,2026-02-04,159.4,159.5,162.3,157.1,21.712,0.00375,71689072,11420543580.0,-0.9316770186335404,161.0
HK.09988,阿里巴巴-W,2026-02-05,155.5,159.6,160.4,154.0,21.726,0.0047,89720504,14067922076.0,0.0626959247648867,159.5
HK.09988,阿里巴巴-W,2026-02-06,153.5,155.0,156.8,153.2,21.099,0.00409,78125091,12098851447.0,-2.8822055137844576,159.6
HK.09988,阿里巴巴-W,2026-02-09,159.5,157.9,160.2,157.6,21.494,0.00307,58582947,9290992817.0,1.8709677419354875,155.0
HK.09988,阿里巴巴-W,2026-02-10,159.7,160.5,162.6,158.7,21.848,0.00306,58402811,9385856574.0,1.6466117796073427,157.9
HK.09988,阿里巴巴-W,2026-02-11,161.3,160.1,162.7,159.6,21.794,0.0027,51639528,8312329228.0,-0.2492211838006265,160.5
HK.09988,阿里巴巴-W,2026-02-12,157.9,158.6,159.5,156.1,21.589,0.00297,56768511,8953857552.0,-0.9369144284821986,160.1
HK.09988,阿里巴巴-W,2026-02-13,154.0,155.4,156.4,153.9,21.154,0.00366,69945660,10844812894.0,-2.017654476670863,158.6
HK.09988,阿里巴巴-W,2026-02-16,152.6,154.7,154.9,150.5,21.059,0.00153,29215118,4460519828.0,-0.4504504504504614,155.4
HK.09988,阿里巴巴-W,2026-02-20,150.0,147.1,151.7,147.1,20.024,0.00368,70273864,10443089472.0,-4.912734324499027,154.7
HK.09988,阿里巴巴-W,2026-02-23,150.1,152.2,153.3,149.5,20.718,0.00235,44852186,6820099085.0,3.4670292318150877,147.1
HK.09988,阿里巴巴-W,2026-02-24,149.9,148.0,150.4,147.0,20.147,0.00434,82838070,12279106621.0,-2.759526938239152,152.2
HK.09988,阿里巴巴-W,2026-02-25,149.8,148.3,150.2,148.1,20.187,0.0025,47742854,7109781788.0,0.2027027027027104,148.0
HK.09988,阿里巴巴-W,2026-02-26,148.3,143.0,148.8,143.0,19.466,0.00518,98872855,14310258859.0,-3.573836817262314,148.3
HK.09988,阿里巴巴-W,2026-02-27,143.0,142.9,145.5,142.2,19.452,0.00465,88719769,12741757997.0,-0.0699300699300659,143.0
HK.09988,阿里巴巴-W,2026-03-02,139.6,136.4,140.5,135.6,18.567,0.00706,134838521,18547876671.0,-4.548635409377186,142.9
HK.09988,阿里巴巴-W,2026-03-03,139.0,134.8,139.2,134.6,18.35,0.00463,88507248,12087707586.0,-1.1730205278592334,136.4
HK.09988,阿里巴巴-W,2026-03-04,131.2,129.9,133.0,127.7,17.683,0.00854,163124992,21165511185.0,-3.635014836795256,134.8
HK.09988,阿里巴巴-W,2026-03-05,130.5,126.3,131.4,125.1,17.193,0.00742,141677427,18111397452.0,-2.771362586605087,129.9
HK.09988,阿里巴巴-W,2026-03-06,126.9,130.7,132.0,126.5,17.791,0.00528,100859931,13113260131.0,3.483768804433881,126.3
HK.09988,阿里巴巴-W,2026-03-09,125.2,128.7,129.4,125.1,17.519,0.00539,102893047,13083539474.0,-1.5302218821729152,130.7
HK.09988,阿里巴巴-W,2026-03-10,131.0,133.5,134.2,130.0,18.173,0.00515,98445281,13053180189.0,3.729603729603739,128.7
HK.09988,阿里巴巴-W,2026-03-11,135.5,133.2,136.1,132.4,18.132,0.00323,61695884,8269461529.0,-0.224719101123604,133.5
HK.09988,阿里巴巴-W,2026-03-12,130.6,131.6,133.5,129.6,17.914,0.00303,57889342,7595848286.0,-1.201201201201197,133.2
HK.09988,阿里巴巴-W,2026-03-13,131.3,132.5,134.6,130.4,18.037,0.00272,51862084,6898531818.0,0.6838905775076032,131.6
HK.09988,阿里巴巴-W,2026-03-16,132.9,134.0,135.1,130.8,18.241,0.00262,50025123,6678437801.0,1.1320754716981132,132.5
HK.09988,阿里巴巴-W,2026-03-17,135.2,134.6,138.5,134.6,18.322,0.00399,76247583,10410748974.0,0.4477611940298465,134.0
HK.09988,阿里巴巴-W,2026-03-18,134.4,137.7,140.2,133.1,18.744,0.00567,108384226,14850301303.0,2.30312035661218,134.6
HK.09988,阿里巴巴-W,2026-03-19,132.7,132.0,134.2,131.2,17.968,0.00587,112049539,14846319222.0,-4.139433551198249,137.7
HK.09988,阿里巴巴-W,2026-03-20,123.5,123.7,126.8,122.4,16.839,0.01079,206068855,25680463346.0,-6.287878787878785,132.0
HK.09988,阿里巴巴-W,2026-03-23,120.8,119.7,121.6,117.7,16.294,0.00714,136352855,16319053679.0,-3.2336297493936947,123.7
HK.09988,阿里巴巴-W,2026-03-24,122.0,123.2,124.0,119.8,16.771,0.00455,86973171,10604404820.0,2.923976608187134,119.7
HK.09988,阿里巴巴-W,2026-03-25,125.2,128.9,131.4,123.4,17.546,0.00776,148277825,18912791030.0,4.626623376623379,123.2
HK.09988,阿里巴巴-W,2026-03-26,128.0,123.0,128.0,122.6,16.743,0.00458,87500096,10891175248.0,-4.577191621411951,128.9
HK.09988,阿里巴巴-W,2026-03-27,123.0,122.6,124.1,121.4,16.689,0.0028,53442572,6564444594.0,-0.325203252032525,123.0
HK.09988,阿里巴巴-W,2026-03-30,118.2,120.5,121.4,117.9,16.403,0.00422,80519074,9640039986.0,-1.712887438825444,122.6
HK.09988,阿里巴巴-W,2026-03-31,120.8,119.0,122.1,117.8,16.199,0.00377,72026359,8583525817.0,-1.2448132780082988,120.5
HK.09988,阿里巴巴-W,2026-04-01,123.3,122.7,124.0,121.5,16.702,0.00355,67832865,8329040909.0,3.109243697478994,119.0
HK.09988,阿里巴巴-W,2026-04-02,121.0,118.5,121.0,117.5,16.131,0.00498,95121535,11273432323.0,-3.4229828850855766,122.7
