code,name,time_key,open,close,high,low,pe_ratio,turnover_rate,volume,turnover,change_rate,last_close
HK.01928,金沙中国有限公司,2019-06-03 00:00:00,34.01,32.809999999,34.01,31.71,18.877,0.00351,28388981,962599588.0,-3.5283740105851202,34.01
HK.01928,金沙中国有限公司,2019-06-04 00:00:00,32.96,32.11,32.96,31.309999999,18.492,0.00316,25538921,849460059.0,-2.1334958824179644,32.809999999
HK.01928,金沙中国有限公司,2019-06-05 00:00:00,33.41,33.21,33.56,32.559999999,19.097,0.0026,21050377,728031590.0,3.4257240734973577,32.11
HK.01928,金沙中国有限公司,2019-06-06 00:00:00,33.51,33.46,34.01,33.31,19.235,0.00169,13647390,478171490.0,0.7527853056308341,33.21
HK.01928,金沙中国有限公司,2019-06-10 00:00:00,34.11,35.81,35.96,33.91,20.528,0.003,24252119,894402566.0,7.023311416616861,33.46
HK.01928,金沙中国有限公司,2019-06-11 00:00:00,36.41,35.61,36.41,35.41,20.418,0.00215,17394073,645459413.0,-0.5585032113934735,35.81
HK.01928,金沙中国有限公司,2019-06-12 00:00:00,35.21,34.86,35.41,34.16,20.005,0.00145,11764242,425602754.0,-2.1061499578770007,35.61
HK.01928,金沙中国有限公司,2019-06-13 00:00:00,34.56,34.86,35.11,34.16,20.005,0.0011,8863428,319531491.0,0.0,34.86
HK.01928,金沙中国有限公司,2019-06-14 00:00:00,34.31,34.51,34.96,34.21,19.812,0.00111,8982907,322887262.0,-1.0040160642570322,34.86
HK.01928,金沙中国有限公司,2019-06-17 00:00:00,34.31,34.21,35.11,34.06,19.647,0.00104,8377892,300049430.0,-0.8693132425383865,34.51
HK.01928,金沙中国有限公司,2019-06-18 00:00:00,34.16,34.21,34.41,34.06,19.647,0.00095,7666505,273648343.0,0.0,34.21
HK.01928,金沙中国有限公司,2019-06-19 00:00:00,36.31,36.01,36.31,35.56,20.638,0.00272,21990655,822738307.0,5.261619409529369,34.21
HK.01928,金沙中国有限公司,2019-06-20 00:00:00,36.26,36.46,36.51,35.81,20.886,0.00113,9134516,345302997.0,1.2496528742016186,36.01
HK.01928,金沙中国有限公司,2019-06-21 00:00:00,36.66,35.81,36.71,35.51,20.528,0.00136,11003628,410139107.0,-1.7827756445419598,36.46
HK.01928,金沙中国有限公司,2019-06-24 00:00:00,35.56,35.36,35.86,35.16,20.28,0.00085,6874742,253616998.0,-1.2566322256353053,35.81
HK.01928,金沙中国有限公司,2019-06-25 00:00:00,34.76,34.71,35.11,34.41,19.922,0.00092,7456676,269849921.0,-1.838235294117643,35.36
HK.01928,金沙中国有限公司,2019-06-26 00:00:00,34.21,34.86,34.96,34.11,20.005,0.00173,14010198,507851707.0,0.43215211754537186,34.71
HK.01928,金沙中国有限公司,2019-06-27 00:00:00,35.11,36.01,36.16,34.96,20.638,0.00618,49933999,1857107263.0,3.2989099254159457,34.86
HK.01928,金沙中国有限公司,2019-06-28 00:00:00,36.21,35.86,36.21,35.46,20.555,0.00176,14246614,529447796.0,-0.4165509580671996,36.01
HK.01928,金沙中国有限公司,2019-07-02 00:00:00,37.31,38.61,39.01,37.26,22.069,0.00328,26540322,1056113450.0,7.668711656441718,35.86
HK.01928,金沙中国有限公司,2019-07-03 00:00:00,38.51,38.26,38.76,38.01,21.876,0.00158,12766364,507943821.0,-0.9065009065009101,38.61
HK.01928,金沙中国有限公司,2019-07-04 00:00:00,38.01,37.51,38.46,37.41,21.463,0.00111,8979152,352896098.0,-1.9602718243596446,38.26
HK.01928,金沙中国有限公司,2019-07-05 00:00:00,38.36,37.26,38.36,37.11,21.326,0.00069,5616982,218465821.0,-0.6664889362836577,37.51
HK.01928,金沙中国有限公司,2019-07-08 00:00:00,37.06,37.41,37.51,36.41,21.408,0.00136,11008648,423923905.0,0.4025764895330075,37.26
HK.01928,金沙中国有限公司,2019-07-09 00:00:00,37.16,38.06,38.71,37.16,21.766,0.00327,26466647,1048644725.0,1.7375033413525949,37.41
HK.01928,金沙中国有限公司,2019-07-10 00:00:00,38.51,38.06,38.56,37.86,21.766,0.00129,10457503,414473931.0,0.0,38.06
HK.01928,金沙中国有限公司,2019-07-11 00:00:00,38.51,38.36,38.61,38.01,21.931,0.00109,8824233,351237548.0,0.7882291119285264,38.06
HK.01928,金沙中国有限公司,2019-07-12 00:00:00,38.46,38.91,39.26,38.36,22.234,0.00134,10845854,438523368.0,1.4337851929092733,38.36
HK.01928,金沙中国有限公司,2019-07-15 00:00:00,38.86,38.96,39.26,38.11,22.261,0.00094,7612328,306455751.0,0.12850167052172776,38.91
HK.01928,金沙中国有限公司,2019-07-16 00:00:00,39.06,39.91,40.26,39.01,22.784,0.00154,12447979,513805031.0,2.4383983572895165,38.96
HK.01928,金沙中国有限公司,2019-07-17 00:00:00,39.76,39.96,40.16,39.46,22.812,0.00081,6567040,271854206.0,0.12528188423954967,39.91
HK.01928,金沙中国有限公司,2019-07-18 00:00:00,39.76,39.41,39.76,39.06,22.509,0.00095,7717695,314773947.0,-1.376376376376387,39.96
HK.01928,金沙中国有限公司,2019-07-19 00:00:00,40.21,39.61,40.26,39.46,22.619,0.00093,7503511,309944257.0,0.5074854097944757,39.41
HK.01928,金沙中国有限公司,2019-07-22 00:00:00,39.51,38.76,39.66,38.56,22.151,0.0009,7289477,294638725.0,-2.1459227467811193,39.61
HK.01928,金沙中国有限公司,2019-07-23 00:00:00,38.51,38.76,39.01,38.31,22.151,0.00056,4526092,181982041.0,0.0,38.76
HK.01928,金沙中国有限公司,2019-07-24 00:00:00,39.11,39.06,39.66,38.96,22.317,0.00072,5862133,239319396.0,0.7739938080495466,38.76
HK.01928,金沙中国有限公司,2019-07-25 00:00:00,38.86,38.31,39.26,37.86,21.904,0.00133,10730828,429891370.0,-1.920122887864823,39.06
HK.01928,金沙中国有限公司,2019-07-26 00:00:00,37.96,37.86,38.21,37.36,21.656,0.00127,10269346,402861278.0,-1.174628034455763,38.31
HK.01928,金沙中国有限公司,2019-07-29 00:00:00,37.91,37.36,37.91,36.41,21.381,0.00129,10437010,403564947.0,-1.3206550449022716,37.86
HK.01928,金沙中国有限公司,2019-07-30 00:00:00,37.51,37.31,38.11,37.11,21.353,0.00099,8013628,311998898.0,-0.13383297644538855,37.36
HK.01928,金沙中国有限公司,2019-07-31 00:00:00,37.41,36.61,37.41,35.91,20.968,0.00132,10687004,405235766.0,-1.8761726078799323,37.31
HK.01928,金沙中国有限公司,2019-08-01 00:00:00,35.71,36.56,36.66,35.71,20.941,0.00143,11538067,436227813.0,-0.13657470636437355,36.61
HK.01928,金沙中国有限公司,2019-08-02 00:00:00,34.51,34.86,35.26,34.46,20.005,0.0023,18559195,672255069.0,-4.649890590809635,36.56
HK.01928,金沙中国有限公司,2019-08-05 00:00:00,34.41,34.01,34.41,33.21,19.537,0.0022,17772736,625767089.0,-2.438324727481358,34.86
HK.01928,金沙中国有限公司,2019-08-06 00:00:00,32.559999999,33.56,33.66,32.51,19.29,0.0022,17792331,616062544.0,-1.3231402528667915,34.01
HK.01928,金沙中国有限公司,2019-08-07 00:00:00,33.71,33.36,34.01,32.61,19.179,0.0014,11356635,392943232.0,-0.5959475566150263,33.56
HK.01928,金沙中国有限公司,2019-08-08 00:00:00,33.36,33.96,34.11,33.26,19.51,0.00177,14285812,503962611.0,1.798561151079141,33.36
HK.01928,金沙中国有限公司,2019-08-09 00:00:00,34.31,33.46,34.56,33.31,19.235,0.001,8123774,286659471.0,-1.4723203769140163,33.96
HK.01928,金沙中国有限公司,2019-08-12 00:00:00,33.31,33.36,33.61,33.01,19.179,0.00083,6739913,234570384.0,-0.2988643156007215,33.46
HK.01928,金沙中国有限公司,2019-08-13 00:00:00,32.809999999,32.11,32.809999999,31.91,18.492,0.00186,15038798,506843296.0,-3.747002398081535,33.36
HK.01928,金沙中国有限公司,2019-08-14 00:00:00,32.86,32.26,33.21,32.059999999,18.574,0.00121,9812662,334021384.0,0.4671441918405437,32.11
HK.01928,金沙中国有限公司,2019-08-15 00:00:00,32.51,32.86,33.06,31.809999999,18.904,0.00109,8831593,301070126.0,1.8598884066956027,32.26
HK.01928,金沙中国有限公司,2019-08-16 00:00:00,32.86,33.46,33.76,32.26,19.235,0.00214,17277884,599591814.0,1.8259281801582514,32.86
HK.01928,金沙中国有限公司,2019-08-19 00:00:00,33.91,35.26,35.56,33.91,20.225,0.00187,15107465,553103534.0,5.379557680812902,33.46
HK.01928,金沙中国有限公司,2019-08-20 00:00:00,35.51,34.86,35.71,34.81,20.005,0.00091,7386663,270986518.0,-1.1344299489506482,35.26
HK.01928,金沙中国有限公司,2019-08-21 00:00:00,34.96,35.01,35.21,34.31,20.088,0.00038,3074230,111856114.0,0.4302925989672937,34.86
HK.01928,金沙中国有限公司,2019-08-22 00:00:00,35.21,34.56,35.31,33.96,19.84,0.00138,11196525,401582687.0,-1.2853470437017873,35.01
HK.01928,金沙中国有限公司,2019-08-23 00:00:00,34.11,34.56,34.81,34.11,19.84,0.0008,6503883,234570206.0,0.0,34.56
HK.01928,金沙中国有限公司,2019-08-26 00:00:00,33.01,33.51,33.51,31.86,19.262,0.00186,15002697,516905525.0,-3.0381944444444566,34.56
HK.01928,金沙中国有限公司,2019-08-27 00:00:00,33.76,34.01,34.31,33.66,19.537,0.00094,7605999,269550947.0,1.4920919128618324,33.51
HK.01928,金沙中国有限公司,2019-08-28 00:00:00,34.11,33.96,34.31,33.61,19.51,0.00094,7569934,268566243.0,-0.14701558365185877,34.01
HK.01928,金沙中国有限公司,2019-08-29 00:00:00,34.16,34.26,34.61,33.86,19.675,0.00082,6631002,236755537.0,0.8833922261484014,33.96
HK.01928,金沙中国有限公司,2019-08-30 00:00:00,34.61,34.11,34.91,33.71,19.592,0.00122,9904321,353307754.0,-0.4378283712784547,34.26
HK.01928,金沙中国有限公司,2019-09-02 00:00:00,33.56,33.36,33.66,32.71,19.179,0.00164,13266491,458479180.0,-2.198768689533861,34.11
HK.01928,金沙中国有限公司,2019-09-03 00:00:00,33.11,33.66,34.36,32.96,19.345,0.00077,6221471,219980153.0,0.8992805755395598,33.36
HK.01928,金沙中国有限公司,2019-09-04 00:00:00,33.56,35.36,35.66,33.56,20.28,0.00159,12821497,468239854.0,5.050505050505059,33.66
HK.01928,金沙中国有限公司,2019-09-05 00:00:00,35.36,34.96,35.91,34.46,20.06,0.00135,10944910,401100426.0,-1.1312217194570096,35.36
HK.01928,金沙中国有限公司,2019-09-06 00:00:00,35.56,35.66,35.66,35.16,20.445,0.00204,16516675,612359962.0,2.0022883295194385,34.96
HK.01928,金沙中国有限公司,2019-09-09 00:00:00,36.01,36.06,36.21,35.51,20.665,0.00181,14616068,545998080.0,1.1217049915872286,35.66
HK.01928,金沙中国有限公司,2019-09-10 00:00:00,36.16,36.71,36.91,36.16,21.023,0.00148,11956605,455016022.0,1.802551303383246,36.06
HK.01928,金沙中国有限公司,2019-09-11 00:00:00,37.01,36.91,37.11,36.36,21.133,0.00099,8033239,307717105.0,0.5448106782892828,36.71
HK.01928,金沙中国有限公司,2019-09-12 00:00:00,36.96,36.91,37.21,36.66,21.133,0.00064,5204841,199842513.0,0.0,36.91
HK.01928,金沙中国有限公司,2019-09-13 00:00:00,36.71,37.41,37.61,36.51,21.408,0.00066,5327037,206652267.0,1.35464643727987,36.91
HK.01928,金沙中国有限公司,2019-09-16 00:00:00,36.81,36.51,37.16,36.26,20.913,0.00073,5906550,224304931.0,-2.4057738572574143,37.41
HK.01928,金沙中国有限公司,2019-09-17 00:00:00,36.31,36.11,36.31,35.41,20.693,0.00071,5773655,215695399.0,-1.095590249246778,36.51
HK.01928,金沙中国有限公司,2019-09-18 00:00:00,36.31,36.31,36.46,36.01,20.803,0.00042,3423846,129238257.0,0.5538631957906476,36.11
HK.01928,金沙中国有限公司,2019-09-19 00:00:00,36.36,35.71,36.36,35.41,20.473,0.00075,6072170,225316509.0,-1.6524373450840026,36.31
HK.01928,金沙中国有限公司,2019-09-20 00:00:00,36.01,35.66,36.01,35.41,20.445,0.00055,4445816,165231849.0,-0.14001680201625388,35.71
HK.01928,金沙中国有限公司,2019-09-23 00:00:00,35.66,35.21,35.81,34.91,20.198,0.00044,3573895,131260922.0,-1.2619181155356023,35.66
HK.01928,金沙中国有限公司,2019-09-24 00:00:00,35.71,34.66,35.71,34.51,19.895,0.00142,11484295,416003953.0,-1.562056234024437,35.21
HK.01928,金沙中国有限公司,2019-09-25 00:00:00,34.46,34.06,34.56,33.76,19.565,0.0015,12141639,430976092.0,-1.7311021350259501,34.66
HK.01928,金沙中国有限公司,2019-09-26 00:00:00,34.01,33.81,34.26,33.71,19.427,0.00081,6543933,231593555.0,-0.733998825601879,34.06
HK.01928,金沙中国有限公司,2019-09-27 00:00:00,33.56,33.96,34.16,33.36,19.51,0.00108,8705232,307258646.0,0.4436557231588245,33.81
HK.01928,金沙中国有限公司,2019-09-30 00:00:00,33.36,34.01,34.21,33.36,19.537,0.00128,10379458,366629271.0,0.14723203769139329,33.96
HK.01928,金沙中国有限公司,2019-10-02 00:00:00,33.96,34.16,34.26,33.56,19.62,0.00102,8234877,291808384.0,0.44104675095559714,34.01
HK.01928,金沙中国有限公司,2019-10-03 00:00:00,33.86,34.81,34.96,33.56,19.977,0.00122,9850682,355003555.0,1.9028103044496654,34.16
HK.01928,金沙中国有限公司,2019-10-04 00:00:00,34.81,33.96,34.81,33.51,19.51,0.00106,8589696,305421703.0,-2.4418270611893176,34.81
HK.01928,金沙中国有限公司,2019-10-08 00:00:00,33.96,33.21,34.01,33.11,19.097,0.00158,12814163,448493397.0,-2.208480565371025,33.96
HK.01928,金沙中国有限公司,2019-10-09 00:00:00,33.31,32.96,33.46,32.61,18.959,0.00139,11225291,387922868.0,-0.7527853056308341,33.21
HK.01928,金沙中国有限公司,2019-10-10 00:00:00,33.31,33.41,33.66,32.91,19.207,0.00352,28458106,994122616.0,1.3652912621359095,32.96
HK.01928,金沙中国有限公司,2019-10-11 00:00:00,33.51,33.96,34.16,33.06,19.51,0.00235,18969240,668261711.0,1.6462137084705306,33.41
HK.01928,金沙中国有限公司,2019-10-14 00:00:00,34.51,35.01,35.16,34.51,20.088,0.0019,15394424,560547767.0,3.091872791519426,33.96
HK.01928,金沙中国有限公司,2019-10-15 00:00:00,35.36,35.06,35.46,34.86,20.115,0.00113,9153133,335491313.0,0.14281633818910103,35.01
HK.01928,金沙中国有限公司,2019-10-16 00:00:00,35.16,35.21,35.36,34.86,20.198,0.00125,10124137,370234347.0,0.4278379920136867,35.06
HK.01928,金沙中国有限公司,2019-10-17 00:00:00,35.46,35.51,36.36,35.26,20.363,0.00143,11572089,430785805.0,0.8520306731042238,35.21
HK.01928,金沙中国有限公司,2019-10-18 00:00:00,35.51,35.16,35.96,35.06,20.17,0.00076,6117071,224947346.0,-0.9856378484933863,35.51
HK.01928,金沙中国有限公司,2019-10-21 00:00:00,35.01,35.11,35.31,34.86,20.12,0.0004,3236802,118243882.0,-0.14220705346984402,35.16
HK.01928,金沙中国有限公司,2019-10-22 00:00:00,35.86,36.06,36.41,35.76,20.643,0.00104,8393732,315870467.0,2.705781828538886,35.11
HK.01928,金沙中国有限公司,2019-10-23 00:00:00,36.51,35.96,36.51,35.71,20.588,0.001,8057132,301732045.0,-0.27731558513588855,36.06
HK.01928,金沙中国有限公司,2019-10-24 00:00:00,36.21,36.91,37.21,35.96,21.11,0.00152,12257209,468550087.0,2.641824249165728,35.96
HK.01928,金沙中国有限公司,2019-10-25 00:00:00,37.16,37.16,37.61,36.91,21.247,0.00164,13232987,512163735.0,0.677323218639935,36.91
HK.01928,金沙中国有限公司,2019-10-28 00:00:00,37.31,37.51,37.61,36.91,21.44,0.00113,9173902,356489322.0,0.9418729817007574,37.16
HK.01928,金沙中国有限公司,2019-10-29 00:00:00,38.01,36.86,38.01,36.71,21.083,0.00097,7822472,301442502.0,-1.7328712343375063,37.51
HK.01928,金沙中国有限公司,2019-10-30 00:00:00,37.01,36.91,37.46,36.66,21.11,0.00115,9302822,357284576.0,0.13564839934887998,36.86
HK.01928,金沙中国有限公司,2019-10-31 00:00:00,37.01,37.26,37.71,37.01,21.302,0.00098,7894629,306955132.0,0.9482525060959128,36.91
HK.01928,金沙中国有限公司,2019-11-01 00:00:00,37.66,37.61,37.66,37.06,21.495,0.00196,15841578,616073636.0,0.9393451422436968,37.26
HK.01928,金沙中国有限公司,2019-11-04 00:00:00,38.11,38.36,38.46,37.96,21.907,0.0014,11343202,451403178.0,1.994150491890455,37.61
HK.01928,金沙中国有限公司,2019-11-05 00:00:00,38.51,38.61,38.66,38.16,22.045,0.00154,12431694,496626452.0,0.6517205422314911,38.36
HK.01928,金沙中国有限公司,2019-11-06 00:00:00,38.46,38.71,39.01,38.36,22.1,0.00117,9431856,379339189.0,0.2590002590002627,38.61
HK.01928,金沙中国有限公司,2019-11-07 00:00:00,38.71,39.16,39.26,38.56,22.347,0.00124,9994346,403566833.0,1.1624903125807173,38.71
HK.01928,金沙中国有限公司,2019-11-08 00:00:00,39.16,39.11,39.46,38.96,22.319,0.00077,6261032,254303441.0,-0.1276813074565811,39.16
HK.01928,金沙中国有限公司,2019-11-11 00:00:00,38.51,37.86,38.51,37.51,21.632,0.00143,11545803,455117466.0,-3.1961135259524416,39.11
HK.01928,金沙中国有限公司,2019-11-12 00:00:00,38.01,38.31,38.41,37.71,21.88,0.00059,4748989,188446601.0,1.188589540412052,37.86
HK.01928,金沙中国有限公司,2019-11-13 00:00:00,38.16,37.21,38.26,37.06,21.275,0.00119,9618865,374840299.0,-2.871312973114073,38.31
HK.01928,金沙中国有限公司,2019-11-14 00:00:00,37.21,36.71,37.56,36.56,21.0,0.0009,7297048,280537683.0,-1.3437248051599033,37.21
HK.01928,金沙中国有限公司,2019-11-15 00:00:00,37.51,36.66,37.56,36.56,20.973,0.00076,6149609,236081472.0,-0.13620266957233523,36.71
HK.01928,金沙中国有限公司,2019-11-18 00:00:00,36.61,36.96,37.01,36.36,21.137,0.00166,13440200,513339093.0,0.8183306055646598,36.66
HK.01928,金沙中国有限公司,2019-11-19 00:00:00,36.66,36.81,36.96,36.16,21.055,0.00179,14462721,552046802.0,-0.405844155844152,36.96
HK.01928,金沙中国有限公司,2019-11-20 00:00:00,36.81,36.71,36.91,36.51,21.0,0.00116,9347726,357372614.0,-0.2716653083401288,36.81
HK.01928,金沙中国有限公司,2019-11-21 00:00:00,36.06,35.61,36.21,35.51,20.395,0.00168,13582945,505826422.0,-2.9964587305911237,36.71
HK.01928,金沙中国有限公司,2019-11-22 00:00:00,35.76,35.81,36.21,35.56,20.505,0.0011,8879265,331217014.0,0.5616399887672082,35.61
HK.01928,金沙中国有限公司,2019-11-25 00:00:00,35.66,36.21,36.41,35.66,20.725,0.0014,11356277,427853642.0,1.117006422786927,35.81
HK.01928,金沙中国有限公司,2019-11-26 00:00:00,36.36,36.31,36.41,36.06,20.78,0.00104,8429429,318191513.0,0.27616680475007294,36.21
HK.01928,金沙中国有限公司,2019-11-27 00:00:00,36.31,36.26,36.51,36.06,20.753,0.00089,7173452,270396514.0,-0.13770311209034497,36.31
HK.01928,金沙中国有限公司,2019-11-28 00:00:00,35.56,35.86,36.26,35.56,20.533,0.00055,4421126,164898193.0,-1.1031439602868136,36.26
HK.01928,金沙中国有限公司,2019-11-29 00:00:00,35.56,35.51,35.71,35.06,20.34,0.00096,7737950,285009638.0,-0.9760178471834953,35.86
HK.01928,金沙中国有限公司,2019-12-02 00:00:00,35.56,35.96,36.16,35.56,20.588,0.001,8102911,302921403.0,1.2672486623486423,35.51
HK.01928,金沙中国有限公司,2019-12-03 00:00:00,35.96,35.66,36.01,35.36,20.423,0.00074,5960377,221727649.0,-0.8342602892102454,35.96
HK.01928,金沙中国有限公司,2019-12-04 00:00:00,35.21,35.11,35.66,35.06,20.12,0.00075,6089673,223638579.0,-1.5423443634324094,35.66
HK.01928,金沙中国有限公司,2019-12-05 00:00:00,35.31,35.26,35.51,35.06,20.203,0.00059,4756987,174760065.0,0.42722870976929245,35.11
HK.01928,金沙中国有限公司,2019-12-06 00:00:00,35.41,35.91,35.96,35.31,20.56,0.00073,5870529,218906451.0,1.8434486670448063,35.26
HK.01928,金沙中国有限公司,2019-12-09 00:00:00,35.71,35.41,35.86,35.21,20.285,0.00049,3998870,147699329.0,-1.3923698134224451,35.91
HK.01928,金沙中国有限公司,2019-12-10 00:00:00,35.26,35.16,35.31,34.96,20.148,0.00088,7118432,260796101.0,-0.7060152499293986,35.41
HK.01928,金沙中国有限公司,2019-12-11 00:00:00,34.91,35.26,35.31,34.86,20.203,0.00082,6658057,243434852.0,0.28441410693970826,35.16
HK.01928,金沙中国有限公司,2019-12-12 00:00:00,35.26,36.16,36.16,35.11,20.698,0.00192,15497519,577653791.0,2.552467385138964,35.26
HK.01928,金沙中国有限公司,2019-12-13 00:00:00,38.01,38.16,38.31,37.51,21.797,0.00286,23129457,913324245.0,5.530973451327434,36.16
HK.01928,金沙中国有限公司,2019-12-16 00:00:00,37.81,38.26,38.86,37.71,21.852,0.00163,13191939,527325948.0,0.26205450733752994,38.16
HK.01928,金沙中国有限公司,2019-12-17 00:00:00,38.96,38.81,38.96,37.76,22.155,0.00129,10430618,416343884.0,1.437532671197084,38.26
HK.01928,金沙中国有限公司,2019-12-18 00:00:00,38.81,38.61,39.01,38.16,22.045,0.00097,7861907,314736680.0,-0.5153311002319063,38.81
HK.01928,金沙中国有限公司,2019-12-19 00:00:00,39.01,38.56,39.31,38.01,22.017,0.00106,8549714,342398930.0,-0.12950012950012213,38.61
HK.01928,金沙中国有限公司,2019-12-20 00:00:00,39.41,38.11,39.41,37.91,21.77,0.00172,13902823,553449225.0,-1.1670124481327875,38.56
HK.01928,金沙中国有限公司,2019-12-23 00:00:00,38.51,38.41,38.71,37.96,21.935,0.00055,4421222,176388178.0,0.787194961952236,38.11
HK.01928,金沙中国有限公司,2019-12-24 00:00:00,38.41,38.86,39.01,38.41,22.182,0.00039,3186584,128538351.0,1.1715699036709266,38.41
HK.01928,金沙中国有限公司,2019-12-27 00:00:00,39.51,39.91,40.16,39.16,22.759,0.00147,11929119,493568424.0,2.7020072053525404,38.86
HK.01928,金沙中国有限公司,2019-12-30 00:00:00,39.86,39.96,40.31,39.76,22.787,0.00071,5769390,239667714.0,0.12528188423954967,39.91
HK.01928,金沙中国有限公司,2019-12-31 00:00:00,39.61,40.16,40.21,39.21,22.897,0.00091,7378862,305367672.0,0.5005005005004898,39.96
HK.01928,金沙中国有限公司,2020-01-02 00:00:00,40.51,41.26,41.96,40.11,23.501,0.00186,15019442,641152815.0,2.739043824701199,40.16
HK.01928,金沙中国有限公司,2020-01-03 00:00:00,41.76,40.96,42.16,40.46,23.336,0.00132,10685695,455306956.0,-0.7270964614638807,41.26
HK.01928,金沙中国有限公司,2020-01-06 00:00:00,40.71,41.51,41.71,40.56,23.639,0.00173,13987117,597791812.0,1.3427734374999931,40.96
HK.01928,金沙中国有限公司,2020-01-07 00:00:00,41.51,41.81,42.21,41.51,23.804,0.00135,10888135,471480397.0,0.7227174174897718,41.51
HK.01928,金沙中国有限公司,2020-01-08 00:00:00,41.06,41.56,41.66,40.26,23.666,0.00137,11120610,473991376.0,-0.597943075819182,41.81
HK.01928,金沙中国有限公司,2020-01-09 00:00:00,41.91,41.51,42.21,40.91,23.639,0.00139,11230824,482374142.0,-0.12030798845044335,41.56
HK.01928,金沙中国有限公司,2020-01-10 00:00:00,41.41,41.86,41.91,40.91,23.831,0.00194,15670021,676153928.0,0.8431703204047252,41.51
HK.01928,金沙中国有限公司,2020-01-13 00:00:00,42.01,41.46,42.01,41.41,23.611,0.00155,12562046,541943840.0,-0.9555661729574739,41.86
HK.01928,金沙中国有限公司,2020-01-14 00:00:00,41.76,42.81,43.31,41.56,24.354,0.00251,20311269,897020925.0,3.2561505065123044,41.46
HK.01928,金沙中国有限公司,2020-01-15 00:00:00,43.31,42.86,43.36,42.26,24.381,0.00105,8500631,376138488.0,0.11679514132211435,42.81
HK.01928,金沙中国有限公司,2020-01-16 00:00:00,43.21,43.06,43.76,42.71,24.491,0.0014,11345854,506939002.0,0.466635557629498,42.86
HK.01928,金沙中国有限公司,2020-01-17 00:00:00,43.31,43.51,43.96,42.86,24.738,0.00122,9830214,441262578.0,1.0450534138411418,43.06
HK.01928,金沙中国有限公司,2020-01-20 00:00:00,43.11,40.86,43.56,40.61,23.282,0.00244,19742170,844427819.0,-6.090553895656168,43.51
HK.01928,金沙中国有限公司,2020-01-21 00:00:00,41.31,39.51,41.31,39.36,22.539,0.00313,25313060,1045712068.0,-3.3039647577092546,40.86
HK.01928,金沙中国有限公司,2020-01-22 00:00:00,39.91,40.46,40.96,39.81,23.062,0.00243,19680981,821786796.0,2.4044545684636875,39.51
HK.01928,金沙中国有限公司,2020-01-23 00:00:00,39.86,39.31,39.86,38.51,22.429,0.00289,23376526,948613322.0,-2.8423133959466105,40.46
HK.01928,金沙中国有限公司,2020-01-24 00:00:00,39.01,39.81,40.11,38.86,22.704,0.00117,9496724,389477671.0,1.271940981938438,39.31
HK.01928,金沙中国有限公司,2020-01-29 00:00:00,37.41,37.51,38.31,37.26,21.44,0.00491,39726951,1552551697.0,-5.777442853554394,39.81
HK.01928,金沙中国有限公司,2020-01-30 00:00:00,36.76,35.91,37.41,35.51,20.56,0.00368,29769482,1122240950.0,-4.265529192215413,37.51
HK.01928,金沙中国有限公司,2020-01-31 00:00:00,36.36,36.51,37.21,35.96,20.89,0.00268,21646115,821563518.0,1.6708437761069381,35.91
HK.01928,金沙中国有限公司,2020-02-03 00:00:00,36.9,37.5,37.5,36.2,20.89,0.00429,34688129,1305080293.0,2.71158586688579,36.51
HK.01928,金沙中国有限公司,2020-02-04 00:00:00,37.15,36.75,38.1,35.8,20.478,0.00427,34533705,1293344554.0,-2.0,37.5
HK.01928,金沙中国有限公司,2020-02-05 00:00:00,36.85,37.2,38.15,36.8,20.725,0.00234,18895989,715684638.0,1.2244897959183751,36.75
HK.01928,金沙中国有限公司,2020-02-06 00:00:00,37.95,38.5,38.6,37.6,21.44,0.00281,22751032,880493023.0,3.4946236559139705,37.2
HK.01928,金沙中国有限公司,2020-02-07 00:00:00,38.5,38.5,38.65,37.75,21.44,0.00219,17719156,688578017.0,0.0,38.5
HK.01928,金沙中国有限公司,2020-02-10 00:00:00,38.5,37.75,38.5,37.5,21.028,0.0014,11346444,436685453.0,-1.948051948051948,38.5
HK.01928,金沙中国有限公司,2020-02-11 00:00:00,38.3,38.55,38.9,37.9,21.467,0.0012,9731236,380262104.0,2.119205298013237,37.75
HK.01928,金沙中国有限公司,2020-02-12 00:00:00,39.0,40.05,40.4,38.9,22.292,0.00283,22928219,927264906.0,3.8910505836575875,38.55
HK.01928,金沙中国有限公司,2020-02-13 00:00:00,40.7,40.4,41.25,40.1,22.484,0.00259,20912458,857059621.0,0.8739076154806529,40.05
HK.01928,金沙中国有限公司,2020-02-14 00:00:00,40.3,39.95,40.55,39.7,22.237,0.00122,9881954,401361705.0,-1.1138613861386033,40.4
HK.01928,金沙中国有限公司,2020-02-17 00:00:00,39.5,39.75,40.4,39.3,22.127,0.00134,10846506,437700228.0,-0.5006257822277917,39.95
HK.01928,金沙中国有限公司,2020-02-18 00:00:00,39.85,39.8,40.2,39.4,22.155,0.00096,7779487,313606607.0,0.12578616352200545,39.75
HK.01928,金沙中国有限公司,2020-02-19 00:00:00,39.5,39.65,40.1,39.5,22.072,0.00186,15006788,603672603.0,-0.37688442211054923,39.8
HK.01928,金沙中国有限公司,2020-02-20 00:00:00,39.65,39.35,39.7,38.55,21.907,0.00208,16814308,665472206.0,-0.7566204287515692,39.65
HK.01928,金沙中国有限公司,2020-02-21 00:00:00,38.7,38.0,39.0,37.95,21.165,0.00207,16770492,648899642.0,-3.430749682337996,39.35
HK.01928,金沙中国有限公司,2020-02-24 00:00:00,37.5,37.6,37.65,36.55,19.478,0.00119,9611225,362592248.0,-1.0526315789473648,38.0
HK.01928,金沙中国有限公司,2020-02-25 00:00:00,37.05,37.9,38.25,37.05,19.631,0.00129,10409410,399311947.0,0.7978723404255244,37.6
HK.01928,金沙中国有限公司,2020-02-26 00:00:00,37.1,37.0,37.6,36.8,19.171,0.00193,15621094,587932367.0,-2.374670184696566,37.9
HK.01928,金沙中国有限公司,2020-02-27 00:00:00,36.7,36.4,36.8,35.9,18.865,0.00201,16290245,599495730.0,-1.6216216216216255,37.0
HK.01928,金沙中国有限公司,2020-02-28 00:00:00,35.95,35.75,36.25,35.5,18.532,0.00225,18168731,659402281.0,-1.7857142857142818,36.4
HK.01928,金沙中国有限公司,2020-03-02 00:00:00,36.15,35.5,36.45,35.35,18.404,0.00246,19924625,722665733.0,-0.6993006993006993,35.75
HK.01928,金沙中国有限公司,2020-03-03 00:00:00,35.7,35.3,36.1,35.2,18.302,0.00235,18978470,685190204.0,-0.5633802816901489,35.5
HK.01928,金沙中国有限公司,2020-03-04 00:00:00,35.15,34.55,35.35,34.35,17.919,0.00263,21307278,749241464.0,-2.1246458923512748,35.3
HK.01928,金沙中国有限公司,2020-03-05 00:00:00,34.5,35.45,35.7,34.4,18.379,0.00291,23541186,837068624.0,2.6049204052098576,34.55
HK.01928,金沙中国有限公司,2020-03-06 00:00:00,34.7,34.2,34.75,33.9,17.74,0.00226,18247582,634368935.0,-3.5260930888575452,35.45
HK.01928,金沙中国有限公司,2020-03-09 00:00:00,33.4,32.5,33.4,31.95,16.871,0.0033,26672613,880438091.0,-4.970760233918137,34.2
HK.01928,金沙中国有限公司,2020-03-10 00:00:00,33.0,33.0,33.65,31.95,17.126,0.00274,22132194,738165255.0,1.5384615384615385,32.5
HK.01928,金沙中国有限公司,2020-03-11 00:00:00,32.75,33.0,33.25,32.299999999,17.126,0.00234,18923719,633453819.0,0.0,33.0
HK.01928,金沙中国有限公司,2020-03-12 00:00:00,32.0,32.1,32.35,31.15,16.666,0.00266,21526236,694122246.0,-2.727272727272723,33.0
HK.01928,金沙中国有限公司,2020-03-13 00:00:00,29.0,30.45,31.05,28.95,15.823,0.00504,40751358,1238334308.0,-5.140186915887856,32.1
HK.01928,金沙中国有限公司,2020-03-16 00:00:00,29.3,29.05,29.95,28.6,15.107,0.00272,21976712,654895509.0,-4.5977011494252835,30.45
HK.01928,金沙中国有限公司,2020-03-17 00:00:00,28.3,29.0,29.9,28.0,15.081,0.00233,18859928,551917025.0,-0.17211703958692154,29.05
HK.01928,金沙中国有限公司,2020-03-18 00:00:00,28.5,27.25,29.3,26.95,14.187,0.0031,25077862,717711559.0,-6.0344827586206895,29.0
HK.01928,金沙中国有限公司,2020-03-19 00:00:00,27.5,25.65,27.6,24.65,13.369,0.00402,32512619,847035417.0,-5.871559633027528,27.25
HK.01928,金沙中国有限公司,2020-03-20 00:00:00,26.0,28.2,28.2,26.0,14.672,0.00346,27995063,783367779.0,9.941520467836261,25.65
HK.01928,金沙中国有限公司,2020-03-23 00:00:00,26.7,26.05,26.95,25.65,13.573,0.00233,18863942,505662247.0,-7.6241134751773005,28.2
HK.01928,金沙中国有限公司,2020-03-24 00:00:00,27.95,28.05,28.25,26.7,14.596,0.0019,15379714,433011914.0,7.677543186180421,26.05
HK.01928,金沙中国有限公司,2020-03-25 00:00:00,29.35,29.8,30.2,29.0,15.49,0.00275,22272514,670103055.0,6.23885918003565,28.05
HK.01928,金沙中国有限公司,2020-03-26 00:00:00,30.5,29.55,30.5,29.2,15.362,0.00152,12274350,369296965.0,-0.8389261744966443,29.8
HK.01928,金沙中国有限公司,2020-03-27 00:00:00,29.5,28.95,29.9,28.6,15.056,0.00208,16796260,494511468.0,-2.030456852791883,29.55
HK.01928,金沙中国有限公司,2020-03-30 00:00:00,27.6,27.5,27.9,26.85,14.314,0.00204,16510770,459947764.0,-5.008635578583763,28.95
HK.01928,金沙中国有限公司,2020-03-31 00:00:00,28.2,27.9,28.35,27.4,14.519,0.00197,15951458,450994969.0,1.4545454545454493,27.5
HK.01928,金沙中国有限公司,2020-04-01 00:00:00,27.5,27.1,27.9,26.3,14.11,0.00268,21675638,595880576.0,-2.8673835125447926,27.9
HK.01928,金沙中国有限公司,2020-04-02 00:00:00,26.9,27.3,27.3,26.4,14.212,0.0011,8874016,244580179.0,0.7380073800737981,27.1
HK.01928,金沙中国有限公司,2020-04-03 00:00:00,26.65,26.8,27.0,26.3,13.957,0.00122,9845221,268072405.0,-1.8315018315018317,27.3
HK.01928,金沙中国有限公司,2020-04-06 00:00:00,27.0,27.45,27.55,26.0,14.289,0.00238,19252717,527346090.0,2.425373134328353,26.8
HK.01928,金沙中国有限公司,2020-04-07 00:00:00,28.3,28.1,28.3,27.05,14.621,0.00313,25296411,715246829.0,2.367941712204015,27.45
HK.01928,金沙中国有限公司,2020-04-08 00:00:00,27.95,27.95,28.25,27.4,14.544,0.00214,17284883,489756653.0,-0.5338078291815023,28.1
HK.01928,金沙中国有限公司,2020-04-09 00:00:00,28.3,29.95,30.0,28.1,15.567,0.00383,30985697,925451373.0,7.155635062611807,27.95
HK.01928,金沙中国有限公司,2020-04-14 00:00:00,29.9,29.7,30.2,28.95,15.439,0.00219,17688745,533153501.0,-0.8347245409015025,29.95
HK.01928,金沙中国有限公司,2020-04-15 00:00:00,30.0,29.5,30.7,29.5,15.337,0.00211,17100622,522242623.0,-0.673400673400671,29.7
HK.01928,金沙中国有限公司,2020-04-16 00:00:00,29.4,29.9,30.2,29.3,15.541,0.00147,11891317,360463178.0,1.3559322033898256,29.5
HK.01928,金沙中国有限公司,2020-04-17 00:00:00,31.799999999,31.35,32.85,31.25,16.283,0.00513,41502098,1348898918.0,4.849498327759207,29.9
HK.01928,金沙中国有限公司,2020-04-20 00:00:00,31.7,31.25,31.9,30.75,16.232,0.00269,21739207,688956702.0,-0.3189792663476919,31.35
HK.01928,金沙中国有限公司,2020-04-21 00:00:00,30.6,29.6,30.8,29.45,15.388,0.00301,24370647,738874037.0,-5.279999999999995,31.25
HK.01928,金沙中国有限公司,2020-04-22 00:00:00,29.0,30.2,30.4,28.9,15.695,0.0019,15387013,465022931.0,2.0270270270270196,29.6
HK.01928,金沙中国有限公司,2020-04-23 00:00:00,31.3,31.05,31.4,30.45,16.129,0.00223,18055343,569233996.0,2.814569536423846,30.2
HK.01928,金沙中国有限公司,2020-04-24 00:00:00,30.85,30.45,31.3,30.4,15.823,0.0016,12964991,404203287.0,-1.9323671497584585,31.05
HK.01928,金沙中国有限公司,2020-04-27 00:00:00,30.8,31.25,31.3,30.55,16.232,0.00163,13218111,417349012.0,2.627257799671595,30.45
HK.01928,金沙中国有限公司,2020-04-28 00:00:00,31.4,31.799999999,31.85,31.15,16.513,0.00218,17625269,564940555.0,1.7599999968000017,31.25
HK.01928,金沙中国有限公司,2020-04-29 00:00:00,32.4,31.4,32.4,31.2,16.308,0.00203,16398149,524269082.0,-1.2578616321150335,31.799999999
HK.01928,金沙中国有限公司,2020-05-04 00:00:00,29.9,29.9,30.25,29.5,15.541,0.00369,29848360,905933771.0,-4.777070063694268,31.4
HK.01928,金沙中国有限公司,2020-05-05 00:00:00,30.15,30.4,30.5,30.0,15.797,0.00126,10190881,313443423.0,1.6722408026755853,29.9
HK.01928,金沙中国有限公司,2020-05-06 00:00:00,29.95,30.8,31.15,29.95,16.002,0.00222,17929077,560334563.0,1.3157894736842175,30.4
HK.01928,金沙中国有限公司,2020-05-07 00:00:00,31.1,30.2,31.1,30.1,15.695,0.00168,13621827,420417492.0,-1.9480519480519525,30.8
HK.01928,金沙中国有限公司,2020-05-08 00:00:00,30.15,30.6,30.75,29.6,15.899,0.00366,29636970,909840425.0,1.3245033112582854,30.2
HK.01928,金沙中国有限公司,2020-05-11 00:00:00,30.8,31.65,32.0,30.8,16.436,0.00426,34497836,1108270826.0,3.4313725490195983,30.6
HK.01928,金沙中国有限公司,2020-05-12 00:00:00,31.25,31.1,31.5,30.85,16.155,0.00263,21280519,673824462.0,-1.7377567140600225,31.65
HK.01928,金沙中国有限公司,2020-05-13 00:00:00,30.9,30.45,30.9,29.8,15.823,0.00251,20284508,625837640.0,-2.090032154340843,31.1
HK.01928,金沙中国有限公司,2020-05-14 00:00:00,29.95,29.65,30.35,29.55,15.414,0.00338,27319402,825766550.0,-2.627257799671595,30.45
HK.01928,金沙中国有限公司,2020-05-15 00:00:00,29.55,29.35,29.8,28.75,15.26,0.00255,20620123,613434149.0,-1.0118043844856566,29.65
HK.01928,金沙中国有限公司,2020-05-18 00:00:00,29.15,29.8,29.85,29.0,15.49,0.00126,10180701,306271453.0,1.5332197614991459,29.35
HK.01928,金沙中国有限公司,2020-05-19 00:00:00,30.7,30.55,31.0,30.45,15.874,0.00245,19791324,616307544.0,2.5167785234899327,29.8
HK.01928,金沙中国有限公司,2020-05-20 00:00:00,31.1,30.8,31.2,30.5,16.002,0.00204,16479189,516077057.0,0.8183306055646482,30.55
HK.01928,金沙中国有限公司,2020-05-21 00:00:00,30.8,30.15,31.05,30.0,15.669,0.00151,12246152,376779575.0,-2.110389610389617,30.8
HK.01928,金沙中国有限公司,2020-05-22 00:00:00,29.35,28.45,29.35,27.75,14.8,0.0047,37981963,1097598405.0,-5.638474295190711,30.15
HK.01928,金沙中国有限公司,2020-05-25 00:00:00,28.4,28.5,28.75,27.85,14.826,0.00142,11469781,331627294.0,0.175746924428825,28.45
HK.01928,金沙中国有限公司,2020-05-26 00:00:00,29.0,29.65,30.0,28.85,15.414,0.0018,14588186,437652599.0,4.03508771929824,28.5
HK.01928,金沙中国有限公司,2020-05-27 00:00:00,30.7,30.3,30.7,29.75,15.746,0.00384,31057099,956966250.0,2.192242833052284,29.65
HK.01928,金沙中国有限公司,2020-05-28 00:00:00,30.3,30.05,30.35,29.1,15.618,0.00246,19876191,601585491.0,-0.825082508250825,30.3
HK.01928,金沙中国有限公司,2020-05-29 00:00:00,29.5,29.65,29.9,28.9,15.414,0.00232,18778092,563876205.0,-1.3311148086522535,30.05
HK.01928,金沙中国有限公司,2020-06-01 00:00:00,30.3,30.1,30.5,30.05,15.644,0.00238,19262815,592380782.0,1.5177065767285087,29.65
HK.01928,金沙中国有限公司,2020-06-02 00:00:00,30.1,30.35,30.4,29.95,15.771,0.00184,14919387,457290011.0,0.830564784053156,30.1
HK.01928,金沙中国有限公司,2020-06-03 00:00:00,30.5,30.3,30.7,30.1,15.746,0.00235,19040772,587808742.0,-0.16474464579901388,30.35
HK.01928,金沙中国有限公司,2020-06-04 00:00:00,31.0,31.799999999,32.0,30.9,16.513,0.00436,35232848,1130984988.0,4.95049504620462,30.3
HK.01928,金沙中国有限公司,2020-06-05 00:00:00,32.15,32.45,32.5,31.6,16.845,0.00371,29990565,977563508.0,2.044025160441643,31.799999999
HK.01928,金沙中国有限公司,2020-06-08 00:00:00,32.6,32.45,33.049999999,32.2,16.845,0.00293,23725393,783509073.0,0.0,32.45
HK.01928,金沙中国有限公司,2020-06-09 00:00:00,33.4,33.6,34.35,32.799999999,17.433,0.00606,49056837,1686353329.0,3.5439137134052343,32.45
HK.01928,金沙中国有限公司,2020-06-10 00:00:00,33.45,33.75,34.1,33.049999999,17.51,0.00231,18713748,639157328.0,0.4464285714285672,33.6
HK.01928,金沙中国有限公司,2020-06-11 00:00:00,33.45,32.299999999,33.45,32.1,16.768,0.00295,23888932,792003906.0,-4.296296299259257,33.75
HK.01928,金沙中国有限公司,2020-06-12 00:00:00,30.7,32.049999999,32.1,30.65,16.641,0.00221,17866753,574674479.0,-0.7739938080734982,32.299999999
HK.01928,金沙中国有限公司,2020-06-15 00:00:00,31.95,30.65,32.0,30.35,15.925,0.00266,21476439,676579089.0,-4.368174724005254,32.049999999
HK.01928,金沙中国有限公司,2020-06-16 00:00:00,31.4,31.3,32.0,31.3,16.257,0.00124,9994549,320211087.0,2.1207177814029436,30.65
HK.01928,金沙中国有限公司,2020-06-17 00:00:00,31.3,31.25,31.45,30.75,16.232,0.00093,7494979,236932414.0,-0.15974440894568917,31.3
HK.01928,金沙中国有限公司,2020-06-18 00:00:00,31.0,31.25,31.4,30.65,16.232,0.00128,10344224,327649130.0,0.0,31.25
HK.01928,金沙中国有限公司,2020-06-19 00:00:00,31.0,31.45,31.9,31.0,16.334,0.00171,13829695,442474992.0,0.6399999999999977,31.25
HK.01928,金沙中国有限公司,2020-06-22 00:00:00,31.15,30.5,31.15,30.3,15.848,0.00208,16802146,522008216.0,-3.020667726550077,31.45
HK.01928,金沙中国有限公司,2020-06-23 00:00:00,30.45,30.5,30.8,29.7,15.848,0.00203,16442952,508728230.0,0.0,30.5
HK.01928,金沙中国有限公司,2020-06-24 00:00:00,30.5,30.85,31.4,30.35,16.027,0.00164,13227283,415520359.0,1.147540983606562,30.5
HK.01928,金沙中国有限公司,2020-06-26 00:00:00,30.95,30.5,31.0,30.3,15.848,0.0024,19373508,604118807.0,-1.1345218800648342,30.85
HK.01928,金沙中国有限公司,2020-06-29 00:00:00,30.5,29.7,30.55,29.4,15.439,0.00246,19862065,599370495.0,-2.6229508196721336,30.5
HK.01928,金沙中国有限公司,2020-06-30 00:00:00,30.0,29.9,30.45,29.75,15.541,0.0015,12122852,370314671.0,0.673400673400671,29.7
HK.01928,金沙中国有限公司,2020-07-02 00:00:00,29.9,30.15,30.45,29.8,15.669,0.00253,20471490,626371325.0,0.8361204013377926,29.9
HK.01928,金沙中国有限公司,2020-07-03 00:00:00,30.5,31.2,31.45,30.25,16.206,0.00185,14968778,472546517.0,3.4825870646766193,30.15
HK.01928,金沙中国有限公司,2020-07-06 00:00:00,31.5,31.95,32.2,31.45,16.589,0.00258,20841972,674937515.0,2.403846153846154,31.2
HK.01928,金沙中国有限公司,2020-07-07 00:00:00,32.0,30.6,32.2,30.6,15.899,0.00255,20639307,653037243.0,-4.22535211267605,31.95
HK.01928,金沙中国有限公司,2020-07-08 00:00:00,30.4,30.3,30.65,30.1,15.746,0.00157,12701642,391438987.0,-0.9803921568627474,30.6
HK.01928,金沙中国有限公司,2020-07-09 00:00:00,30.2,29.95,30.25,29.6,15.567,0.00248,20023943,609652127.0,-1.1551155115511598,30.3
HK.01928,金沙中国有限公司,2020-07-10 00:00:00,29.75,29.8,29.9,29.5,15.49,0.00181,14626320,441770786.0,-0.5008347245408968,29.95
HK.01928,金沙中国有限公司,2020-07-13 00:00:00,30.25,30.3,30.85,30.05,15.746,0.00223,18048289,559099327.0,1.6778523489932886,29.8
HK.01928,金沙中国有限公司,2020-07-14 00:00:00,32.799999999,31.85,33.049999999,31.45,16.538,0.00481,38880526,1267458427.0,5.115511551155118,30.3
HK.01928,金沙中国有限公司,2020-07-15 00:00:00,31.9,31.2,32.2,30.9,16.206,0.00212,17142456,544895914.0,-2.0408163265306185,31.85
HK.01928,金沙中国有限公司,2020-07-16 00:00:00,31.5,31.1,31.9,30.9,16.155,0.00155,12509825,396538892.0,-0.3205128205128137,31.2
HK.01928,金沙中国有限公司,2020-07-17 00:00:00,30.9,31.3,31.6,30.9,16.257,0.00128,10388573,330488542.0,0.6430868167202549,31.1
HK.01928,金沙中国有限公司,2020-07-20 00:00:00,31.5,30.5,31.5,30.15,15.848,0.00143,11534539,358381533.0,-2.5559105431309925,31.3
HK.01928,金沙中国有限公司,2020-07-21 00:00:00,30.95,30.5,31.05,30.4,15.848,0.00091,7360926,229215125.0,0.0,30.5
HK.01928,金沙中国有限公司,2020-07-22 00:00:00,30.7,29.95,30.75,29.85,15.567,0.00155,12569961,387952436.0,-1.8032786885245924,30.5
HK.01928,金沙中国有限公司,2020-07-23 00:00:00,29.9,30.0,30.3,29.6,15.593,0.00132,10713927,325827367.0,0.16694490818030286,29.95
HK.01928,金沙中国有限公司,2020-07-24 00:00:00,29.6,28.75,29.7,28.6,14.953,0.00295,23846390,702238825.0,-4.166666666666666,30.0
HK.01928,金沙中国有限公司,2020-07-27 00:00:00,29.3,28.6,29.35,28.45,14.877,0.00117,9444478,275901433.0,-0.5217391304347777,28.75
HK.01928,金沙中国有限公司,2020-07-28 00:00:00,28.8,28.55,29.0,28.4,14.851,0.00118,9507964,276572145.0,-0.1748251748251773,28.6
HK.01928,金沙中国有限公司,2020-07-29 00:00:00,28.4,28.75,29.05,28.35,14.953,0.00143,11572397,337789398.0,0.7005253940455316,28.55
HK.01928,金沙中国有限公司,2020-07-30 00:00:00,28.85,29.2,29.95,28.85,15.184,0.00191,15410058,460714901.0,1.5652173913043455,28.75
HK.01928,金沙中国有限公司,2020-07-31 00:00:00,29.5,29.5,29.75,29.1,15.337,0.00092,7470751,223990365.0,1.0273972602739752,29.2
HK.01928,金沙中国有限公司,2020-08-03 00:00:00,29.15,29.2,29.45,28.6,15.184,0.00163,13210146,389021372.0,-1.0169491525423753,29.5
HK.01928,金沙中国有限公司,2020-08-04 00:00:00,29.4,29.6,29.8,29.25,15.388,0.00137,11106671,334414447.0,1.3698630136986376,29.2
HK.01928,金沙中国有限公司,2020-08-05 00:00:00,29.75,29.25,29.85,29.05,15.209,0.00255,20656442,616110647.0,-1.1824324324324371,29.6
HK.01928,金沙中国有限公司,2020-08-06 00:00:00,29.35,29.05,29.45,28.7,15.107,0.00148,11951339,352801321.0,-0.6837606837606813,29.25
HK.01928,金沙中国有限公司,2020-08-07 00:00:00,29.7,29.0,29.95,28.75,15.081,0.00244,19722874,586831531.0,-0.17211703958692154,29.05
HK.01928,金沙中国有限公司,2020-08-10 00:00:00,29.25,29.5,30.3,28.9,15.337,0.00352,28490914,855517047.0,1.7241379310344827,29.0
HK.01928,金沙中国有限公司,2020-08-11 00:00:00,30.8,32.45,32.5,30.8,16.845,0.00703,56841654,1824894030.0,10.00000000000001,29.5
HK.01928,金沙中国有限公司,2020-08-12 00:00:00,33.0,32.85,33.75,31.95,17.05,0.00554,44788006,1493477465.0,1.232665639445296,32.45
HK.01928,金沙中国有限公司,2020-08-13 00:00:00,32.799999999,32.15,33.0,31.549999999,16.692,0.00181,14665472,480486368.0,-2.130898021308989,32.85
HK.01928,金沙中国有限公司,2020-08-14 00:00:00,32.15,32.4,32.65,31.799999999,16.82,0.00148,11999725,395048986.0,0.7776049766718507,32.15
HK.01928,金沙中国有限公司,2020-08-17 00:00:00,32.7,32.25,32.7,32.049999999,16.743,0.0016,12919752,424244840.0,-0.4629629629629586,32.4
HK.01928,金沙中国有限公司,2020-08-18 00:00:00,32.0,31.799999999,32.25,31.75,16.513,0.00142,11499484,373049866.0,-1.3953488403100756,32.25
HK.01928,金沙中国有限公司,2020-08-19 00:00:00,31.85,31.65,32.25,31.65,16.436,0.00085,6854858,221542240.0,-0.47169811007773277,31.799999999
HK.01928,金沙中国有限公司,2020-08-20 00:00:00,31.5,31.6,31.7,31.0,16.411,0.00179,14496018,463040272.0,-0.15797788309635752,31.65
HK.01928,金沙中国有限公司,2020-08-21 00:00:00,31.799999999,33.7,33.9,31.5,17.484,0.00392,31732129,1066511426.0,6.64556962025317,31.6
HK.01928,金沙中国有限公司,2020-08-24 00:00:00,33.9,33.1,33.9,32.85,17.177,0.00167,13476422,454315749.0,-1.7804154302670665,33.7
HK.01928,金沙中国有限公司,2020-08-25 00:00:00,33.45,33.85,34.65,32.9,17.561,0.00342,27696489,953375837.0,2.2658610271903323,33.1
HK.01928,金沙中国有限公司,2020-08-26 00:00:00,33.65,33.35,34.05,33.25,17.305,0.00139,11229043,381905274.0,-1.4771048744460855,33.85
HK.01928,金沙中国有限公司,2020-08-27 00:00:00,33.799999999,32.799999999,33.799999999,32.5,17.024,0.00176,14260180,475194429.0,-1.6491754152923561,33.35
HK.01928,金沙中国有限公司,2020-08-28 00:00:00,32.6,33.45,34.5,32.6,17.356,0.003,24237839,832192624.0,1.981707320182376,32.799999999
HK.01928,金沙中国有限公司,2020-08-31 00:00:00,33.6,33.7,35.05,33.6,17.484,0.00213,17245159,597681339.0,0.7473841554559043,33.45
HK.01928,金沙中国有限公司,2020-09-01 00:00:00,34.3,33.95,34.4,32.7,17.612,0.00136,11007113,378502946.0,0.7418397626112759,33.7
HK.01928,金沙中国有限公司,2020-09-02 00:00:00,33.45,33.1,33.799999999,32.85,17.177,0.00193,15582662,523086463.0,-2.503681885125188,33.95
HK.01928,金沙中国有限公司,2020-09-03 00:00:00,32.75,33.799999999,34.15,32.75,17.535,0.00194,15722119,535963409.0,2.1148036223564928,33.1
HK.01928,金沙中国有限公司,2020-09-04 00:00:00,33.1,33.0,33.299999999,32.5,17.126,0.00257,20821396,696061245.0,-2.366863902436891,33.799999999
HK.01928,金沙中国有限公司,2020-09-07 00:00:00,33.45,32.75,33.65,32.7,16.998,0.00101,8156748,272741261.0,-0.7575757575757576,33.0
HK.01928,金沙中国有限公司,2020-09-08 00:00:00,33.25,32.0,33.25,31.75,16.615,0.0014,11302036,370023835.0,-2.2900763358778624,32.75
HK.01928,金沙中国有限公司,2020-09-09 00:00:00,31.5,32.15,32.2,31.3,16.692,0.00122,9857411,318934435.0,0.46874999999999556,32.0
HK.01928,金沙中国有限公司,2020-09-10 00:00:00,32.2,31.799999999,32.45,31.65,16.513,0.00168,13627240,444227617.0,-1.0886469704510044,32.15
HK.01928,金沙中国有限公司,2020-09-11 00:00:00,32.299999999,33.25,33.4,32.1,17.254,0.00167,13483568,449415485.0,4.559748430960997,31.799999999
HK.01928,金沙中国有限公司,2020-09-14 00:00:00,33.299999999,33.15,33.5,32.65,17.203,0.00125,10085105,338793030.0,-0.3007518796992524,33.25
HK.01928,金沙中国有限公司,2020-09-15 00:00:00,33.299999999,34.1,34.4,33.299999999,17.689,0.0017,13712290,474668409.0,2.8657616892911095,33.15
HK.01928,金沙中国有限公司,2020-09-16 00:00:00,34.45,33.799999999,34.45,33.6,17.535,0.00105,8481367,291725324.0,-0.8797653988269818,34.1
HK.01928,金沙中国有限公司,2020-09-17 00:00:00,33.4,32.75,33.6,32.7,16.998,0.00248,20068011,671403147.0,-3.1065088728729755,33.799999999
HK.01928,金沙中国有限公司,2020-09-18 00:00:00,32.799999999,32.65,32.85,32.5,16.947,0.00187,15147239,501645933.0,-0.305343511450386,32.75
HK.01928,金沙中国有限公司,2020-09-21 00:00:00,32.4,31.05,32.6,30.8,16.129,0.00217,17582901,560668468.0,-4.900459418070438,32.65
HK.01928,金沙中国有限公司,2020-09-22 00:00:00,30.35,30.25,30.5,29.85,15.72,0.00208,16808851,513752627.0,-2.5764895330112743,31.05
HK.01928,金沙中国有限公司,2020-09-23 00:00:00,30.4,30.4,30.55,30.0,15.797,0.00106,8549018,263253083.0,0.49586776859503656,30.25
HK.01928,金沙中国有限公司,2020-09-24 00:00:00,30.25,29.8,30.3,29.5,15.49,0.00148,11990902,363070932.0,-1.9736842105263088,30.4
HK.01928,金沙中国有限公司,2020-09-25 00:00:00,30.3,29.45,30.3,29.15,15.311,0.00151,12183090,365641879.0,-1.1744966442953066,29.8
HK.01928,金沙中国有限公司,2020-09-28 00:00:00,29.5,29.55,29.85,29.05,15.362,0.00114,9214636,276333983.0,0.3395585738539947,29.45
HK.01928,金沙中国有限公司,2020-09-29 00:00:00,29.55,29.5,29.75,29.35,15.337,0.00126,10194242,306148371.0,-0.16920473773265893,29.55
HK.01928,金沙中国有限公司,2020-09-30 00:00:00,29.55,29.35,29.85,29.2,15.26,0.00125,10148940,304409393.0,-0.5084745762711816,29.5
HK.01928,金沙中国有限公司,2020-10-05 00:00:00,30.1,29.1,30.1,29.05,15.132,0.00106,8607250,257055778.0,-0.8517887563884157,29.35
HK.01928,金沙中国有限公司,2020-10-06 00:00:00,29.0,29.5,29.75,29.0,15.337,0.00068,5465990,163764331.0,1.3745704467353903,29.1
HK.01928,金沙中国有限公司,2020-10-07 00:00:00,29.4,29.35,29.7,29.15,15.26,0.00135,10896979,326246702.0,-0.5084745762711816,29.5
HK.01928,金沙中国有限公司,2020-10-08 00:00:00,29.15,28.5,29.15,28.05,14.826,0.00161,13017750,377113035.0,-2.8960817717206178,29.35
HK.01928,金沙中国有限公司,2020-10-09 00:00:00,28.4,27.85,28.45,27.7,14.493,0.00279,22607718,645749004.0,-2.28070175438596,28.5
HK.01928,金沙中国有限公司,2020-10-12 00:00:00,27.6,27.85,27.95,27.25,14.493,0.00292,23585403,663161351.0,0.0,27.85
HK.01928,金沙中国有限公司,2020-10-14 00:00:00,28.0,26.85,28.0,26.8,13.982,0.00371,30002618,831548601.0,-3.5906642728904847,27.85
HK.01928,金沙中国有限公司,2020-10-15 00:00:00,26.65,26.5,26.85,26.0,13.803,0.00263,21251000,571799863.0,-1.3035381750465602,26.85
HK.01928,金沙中国有限公司,2020-10-16 00:00:00,26.4,26.8,27.0,26.4,13.957,0.00128,10339059,282060158.0,1.1320754716981158,26.5
HK.01928,金沙中国有限公司,2020-10-19 00:00:00,27.2,27.15,27.35,26.95,14.135,0.00172,13946899,385294970.0,1.3059701492537232,26.8
HK.01928,金沙中国有限公司,2020-10-20 00:00:00,27.2,27.4,27.45,27.05,14.263,0.00104,8400986,233548098.0,0.9208103130755065,27.15
HK.01928,金沙中国有限公司,2020-10-21 00:00:00,27.5,27.4,27.7,27.15,14.263,0.00162,13126028,366872267.0,0.0,27.4
HK.01928,金沙中国有限公司,2020-10-22 00:00:00,27.65,28.85,29.2,27.5,15.005,0.00359,29029640,844866454.0,5.291970802919719,27.4
HK.01928,金沙中国有限公司,2020-10-23 00:00:00,28.9,28.85,29.0,28.65,15.005,0.00153,12339815,361771713.0,0.0,28.85
HK.01928,金沙中国有限公司,2020-10-27 00:00:00,28.7,28.35,28.8,27.6,14.749,0.00235,18998754,547228424.0,-1.733102253032929,28.85
HK.01928,金沙中国有限公司,2020-10-28 00:00:00,28.3,28.05,28.45,27.9,14.596,0.00118,9515975,273180562.0,-1.0582010582010606,28.35
HK.01928,金沙中国有限公司,2020-10-29 00:00:00,27.5,27.4,27.7,26.95,14.263,0.00198,16047680,447374856.0,-2.3172905525846774,28.05
HK.01928,金沙中国有限公司,2020-10-30 00:00:00,27.0,26.65,27.45,26.5,13.88,0.00221,17893327,489637613.0,-2.737226277372263,27.4
HK.01928,金沙中国有限公司,2020-11-02 00:00:00,26.65,27.1,27.3,26.55,14.11,0.0014,11340953,312311299.0,1.6885553470919432,26.65
HK.01928,金沙中国有限公司,2020-11-03 00:00:00,27.2,27.95,28.15,27.0,14.544,0.0019,15368006,433057528.0,3.1365313653136453,27.1
HK.01928,金沙中国有限公司,2020-11-04 00:00:00,27.95,28.05,28.7,27.55,14.596,0.00128,10321050,297034422.0,0.3577817531305954,27.95
HK.01928,金沙中国有限公司,2020-11-05 00:00:00,28.35,28.9,29.1,28.35,15.03,0.00152,12332190,361718311.0,3.0303030303030227,28.05
HK.01928,金沙中国有限公司,2020-11-06 00:00:00,29.9,29.0,29.9,28.8,15.081,0.00174,14095589,419931319.0,0.3460207612456797,28.9
HK.01928,金沙中国有限公司,2020-11-09 00:00:00,29.5,30.0,30.6,29.3,15.593,0.00262,21216522,650405242.0,3.4482758620689653,29.0
HK.01928,金沙中国有限公司,2020-11-10 00:00:00,32.95,32.1,32.95,31.5,16.666,0.00633,51207998,1669113600.0,7.000000000000004,30.0
HK.01928,金沙中国有限公司,2020-11-11 00:00:00,32.5,32.85,33.45,31.7,17.05,0.00559,45202546,1506404138.0,2.336448598130841,32.1
HK.01928,金沙中国有限公司,2020-11-12 00:00:00,32.5,32.15,32.7,32.0,16.692,0.00307,24864361,815271056.0,-2.130898021308989,32.85
HK.01928,金沙中国有限公司,2020-11-13 00:00:00,31.95,32.35,32.6,31.35,16.794,0.00294,23772724,771252820.0,0.6220839813374894,32.15
HK.01928,金沙中国有限公司,2020-11-16 00:00:00,32.85,33.5,34.3,32.799999999,17.382,0.00337,27260490,924337701.0,3.554868624420397,32.35
HK.01928,金沙中国有限公司,2020-11-17 00:00:00,33.75,33.6,33.75,32.95,17.433,0.00145,11752191,398256933.0,0.2985074626865714,33.5
HK.01928,金沙中国有限公司,2020-11-18 00:00:00,33.15,33.549999999,33.9,33.15,17.407,0.00145,11701833,397553343.0,-0.14880952678571663,33.6
HK.01928,金沙中国有限公司,2020-11-19 00:00:00,33.549999999,33.549999999,33.7,33.049999999,17.407,0.0042,34001432,1152164950.0,0.0,33.549999999
HK.01928,金沙中国有限公司,2020-11-20 00:00:00,33.5,33.7,33.85,33.299999999,17.484,0.00228,18428806,627832497.0,0.44709389271079925,33.549999999
HK.01928,金沙中国有限公司,2020-11-23 00:00:00,33.45,32.45,33.65,31.75,16.845,0.00287,23240489,767015517.0,-3.7091988130563793,33.7
HK.01928,金沙中国有限公司,2020-11-24 00:00:00,32.45,32.75,33.049999999,32.2,16.998,0.00148,11970137,398264445.0,0.9244992295839666,32.45
HK.01928,金沙中国有限公司,2020-11-25 00:00:00,33.25,33.0,33.5,32.7,17.126,0.00116,9374388,314071641.0,0.7633587786259541,32.75
HK.01928,金沙中国有限公司,2020-11-26 00:00:00,33.049999999,32.7,33.1,32.35,16.973,0.00091,7385363,244541213.0,-0.9090909090909005,33.0
HK.01928,金沙中国有限公司,2020-11-27 00:00:00,32.549999999,32.6,33.0,32.35,16.922,0.0008,6469827,213973194.0,-0.3058103975535212,32.7
HK.01928,金沙中国有限公司,2020-11-30 00:00:00,32.25,31.3,32.4,31.3,16.257,0.00204,16482529,527859745.0,-3.987730061349695,32.6
HK.01928,金沙中国有限公司,2020-12-01 00:00:00,31.85,32.1,32.95,31.75,16.666,0.00153,12362943,402482753.0,2.5559105431309925,31.3
HK.01928,金沙中国有限公司,2020-12-02 00:00:00,31.45,32.95,33.0,31.45,17.101,0.002,16140138,529443768.0,2.6479750778816245,32.1
HK.01928,金沙中国有限公司,2020-12-03 00:00:00,33.15,33.5,33.9,32.85,17.382,0.00196,15840585,538969111.0,1.6691957511380793,32.95
HK.01928,金沙中国有限公司,2020-12-04 00:00:00,33.799999999,34.2,34.3,33.7,17.74,0.00263,21263169,735406100.0,2.0895522388059784,33.5
HK.01928,金沙中国有限公司,2020-12-07 00:00:00,34.5,34.2,34.5,33.75,17.74,0.0015,12133228,420857273.0,0.0,34.2
HK.01928,金沙中国有限公司,2020-12-08 00:00:00,34.15,33.75,34.2,33.4,17.51,0.00083,6681465,228599340.0,-1.3157894736842188,34.2
HK.01928,金沙中国有限公司,2020-12-09 00:00:00,33.9,34.1,34.3,33.4,17.689,0.00178,14376728,495625593.0,1.0370370370370412,33.75
HK.01928,金沙中国有限公司,2020-12-10 00:00:00,34.2,34.0,34.2,33.5,17.638,0.00092,7419079,255916369.0,-0.29325513196481356,34.1
HK.01928,金沙中国有限公司,2020-12-11 00:00:00,33.7,33.9,34.15,33.4,17.586,0.00173,14003835,479813271.0,-0.2941176470588277,34.0
HK.01928,金沙中国有限公司,2020-12-14 00:00:00,34.1,33.95,34.5,33.7,17.612,0.00115,9318620,321540843.0,0.14749262536874413,33.9
HK.01928,金沙中国有限公司,2020-12-15 00:00:00,33.95,33.549999999,34.0,33.1,17.407,0.00203,16435194,558346432.0,-1.1782032430044247,33.95
HK.01928,金沙中国有限公司,2020-12-16 00:00:00,34.0,34.0,34.2,33.65,17.638,0.0015,12168582,418686764.0,1.3412816721711243,33.549999999
HK.01928,金沙中国有限公司,2020-12-17 00:00:00,34.15,34.15,34.35,33.799999999,17.714,0.00128,10356914,358093888.0,0.4411764705882311,34.0
HK.01928,金沙中国有限公司,2020-12-18 00:00:00,34.2,34.05,34.25,33.7,17.663,0.00143,11585782,400181192.0,-0.2928257686676469,34.15
HK.01928,金沙中国有限公司,2020-12-21 00:00:00,34.0,34.0,34.2,33.7,17.638,0.00103,8364587,288705199.0,-0.14684287812040284,34.05
HK.01928,金沙中国有限公司,2020-12-22 00:00:00,32.9,32.799999999,33.45,32.549999999,17.024,0.00106,8585673,286888123.0,-3.5294117676470567,34.0
HK.01928,金沙中国有限公司,2020-12-23 00:00:00,33.049999999,32.549999999,33.049999999,32.1,16.896,0.00068,5509914,181554930.0,-0.7621951219744572,32.799999999
HK.01928,金沙中国有限公司,2020-12-24 00:00:00,32.5,33.15,33.4,32.299999999,17.203,0.00053,4293001,144366841.0,1.8433179754790512,32.549999999
HK.01928,金沙中国有限公司,2020-12-28 00:00:00,32.799999999,32.95,33.5,32.6,17.101,0.0006,4857101,162244869.0,-0.6033182503770611,33.15
HK.01928,金沙中国有限公司,2020-12-29 00:00:00,32.799999999,32.9,33.1,32.5,17.075,0.00048,3894536,129877062.0,-0.15174506828529366,32.95
HK.01928,金沙中国有限公司,2020-12-30 00:00:00,33.2,33.7,33.85,32.95,17.484,0.00067,5380390,183420784.0,2.4316109422492533,32.9
HK.01928,金沙中国有限公司,2020-12-31 00:00:00,33.75,33.549999999,34.0,33.15,17.407,0.00051,4103851,140248107.0,-0.4451038605341312,33.7
HK.01928,金沙中国有限公司,2021-01-04 00:00:00,33.7,33.45,33.9,33.1,17.356,0.00081,6559638,222617586.0,-0.29806259017281195,33.549999999
HK.01928,金沙中国有限公司,2021-01-05 00:00:00,33.5,33.7,33.7,32.95,17.484,0.001,8106847,274455342.0,0.7473841554559043,33.45
HK.01928,金沙中国有限公司,2021-01-06 00:00:00,33.549999999,33.25,33.75,32.95,17.254,0.00061,4913505,165805347.0,-1.335311572700305,33.7
HK.01928,金沙中国有限公司,2021-01-07 00:00:00,32.9,33.1,33.5,32.799999999,17.177,0.00064,5173940,173971264.0,-0.4511278195488679,33.25
HK.01928,金沙中国有限公司,2021-01-08 00:00:00,32.799999999,32.5,33.0,32.35,16.871,0.00175,14129586,467647605.0,-1.8126888217522703,33.1
HK.01928,金沙中国有限公司,2021-01-11 00:00:00,32.5,31.5,32.549999999,31.35,16.359,0.00204,16531138,533756214.0,-3.076923076923077,32.5
HK.01928,金沙中国有限公司,2021-01-12 00:00:00,31.2,31.2,31.3,30.75,16.206,0.00157,12694938,400501634.0,-0.9523809523809548,31.5
HK.01928,金沙中国有限公司,2021-01-13 00:00:00,31.2,31.35,31.45,30.85,16.283,0.00188,15229836,481460438.0,0.48076923076923767,31.2
HK.01928,金沙中国有限公司,2021-01-14 00:00:00,31.35,30.75,31.65,30.55,15.976,0.00124,10038103,314890578.0,-1.9138755980861288,31.35
HK.01928,金沙中国有限公司,2021-01-15 00:00:00,30.15,30.15,30.5,29.85,15.669,0.00208,16807824,514071763.0,-1.9512195121951263,30.75
HK.01928,金沙中国有限公司,2021-01-18 00:00:00,29.85,30.15,30.35,29.3,15.669,0.00215,17425498,527700986.0,0.0,30.15
HK.01928,金沙中国有限公司,2021-01-19 00:00:00,29.95,30.4,30.85,29.7,15.797,0.00308,24896632,769802632.0,0.8291873963515755,30.15
HK.01928,金沙中国有限公司,2021-01-20 00:00:00,30.5,31.15,31.799999999,30.5,16.18,0.00191,15475578,490129760.0,2.4671052631578947,30.4
HK.01928,金沙中国有限公司,2021-01-21 00:00:00,31.2,30.8,31.5,30.55,16.002,0.00209,16931349,530040146.0,-1.1235955056179707,31.15
HK.01928,金沙中国有限公司,2021-01-22 00:00:00,30.5,30.15,30.65,29.7,15.669,0.0019,15396950,471843147.0,-2.110389610389617,30.8
HK.01928,金沙中国有限公司,2021-01-25 00:00:00,30.5,29.9,30.55,29.3,15.541,0.00158,12820419,389756230.0,-0.8291873963515755,30.15
HK.01928,金沙中国有限公司,2021-01-26 00:00:00,29.9,30.2,30.55,29.75,15.695,0.00155,12572366,386048232.0,1.0033444816053536,29.9
HK.01928,金沙中国有限公司,2021-01-27 00:00:00,30.5,30.6,30.85,30.05,15.899,0.00199,16086717,498797139.0,1.3245033112582854,30.2
HK.01928,金沙中国有限公司,2021-01-28 00:00:00,30.5,30.7,30.95,30.1,15.95,0.00293,23683244,736536223.0,0.32679738562090804,30.6
HK.01928,金沙中国有限公司,2021-01-29 00:00:00,30.5,30.35,30.8,29.95,15.771,0.00196,15880608,489929452.0,-1.1400651465797975,30.7
HK.01928,金沙中国有限公司,2021-02-01 00:00:00,30.5,30.35,31.0,30.05,15.771,0.00162,13115553,405571539.0,0.0,30.35
HK.01928,金沙中国有限公司,2021-02-02 00:00:00,30.65,31.3,31.65,30.35,16.257,0.00195,15746895,499014164.0,3.130148270181217,30.35
HK.01928,金沙中国有限公司,2021-02-03 00:00:00,31.5,31.2,31.5,30.9,16.206,0.00179,14517048,458900173.0,-0.31948881789137834,31.3
HK.01928,金沙中国有限公司,2021-02-04 00:00:00,31.15,31.25,31.45,30.75,16.232,0.00169,13632909,431183972.0,0.16025641025641252,31.2
HK.01928,金沙中国有限公司,2021-02-05 00:00:00,31.05,32.549999999,33.299999999,31.05,16.896,0.00507,40978514,1356128599.0,4.159999996800002,31.25
HK.01928,金沙中国有限公司,2021-02-08 00:00:00,32.95,32.35,34.0,32.15,16.794,0.00263,21241040,704676173.0,-0.6144393210634213,32.549999999
HK.01928,金沙中国有限公司,2021-02-09 00:00:00,32.5,33.45,33.65,32.45,17.356,0.002,16159714,545303105.0,3.4003091190108234,32.35
HK.01928,金沙中国有限公司,2021-02-10 00:00:00,33.5,33.65,33.85,33.25,17.459,0.00125,10138826,345964964.0,0.5979073243647106,33.45
HK.01928,金沙中国有限公司,2021-02-11 00:00:00,33.65,33.4,33.65,33.049999999,17.331,0.00062,4997712,169052912.0,-0.7429420505200595,33.65
HK.01928,金沙中国有限公司,2021-02-16 00:00:00,34.0,33.95,34.0,33.5,17.612,0.00189,15261659,523582181.0,1.6467065868263604,33.4
HK.01928,金沙中国有限公司,2021-02-17 00:00:00,34.25,35.65,35.85,33.95,18.481,0.00282,22828332,818137093.0,5.007363770250355,33.95
HK.01928,金沙中国有限公司,2021-02-18 00:00:00,35.5,35.5,36.5,34.9,18.404,0.00311,25166986,909455336.0,-0.42075736325385293,35.65
HK.01928,金沙中国有限公司,2021-02-19 00:00:00,35.0,34.95,35.5,34.65,18.123,0.00203,16391369,581802878.0,-1.5492957746478793,35.5
HK.01928,金沙中国有限公司,2021-02-22 00:00:00,35.3,35.35,36.0,33.95,0.0,0.00199,16083660,574973594.0,1.144492131616591,34.95
HK.01928,金沙中国有限公司,2021-02-23 00:00:00,35.5,38.05,39.5,35.5,0.0,0.00728,58932594,2270079073.0,7.637906647807625,35.35
HK.01928,金沙中国有限公司,2021-02-24 00:00:00,38.55,36.95,39.15,36.35,0.0,0.00422,34155572,1298733623.0,-2.8909329829171995,38.05
HK.01928,金沙中国有限公司,2021-02-25 00:00:00,37.4,37.3,38.15,36.9,0.0,0.00217,17580614,667781966.0,0.947225981055465,36.95
HK.01928,金沙中国有限公司,2021-02-26 00:00:00,35.7,35.8,36.3,35.3,0.0,0.00166,13416113,486516283.0,-4.021447721179626,37.3
HK.01928,金沙中国有限公司,2021-03-01 00:00:00,36.45,36.15,36.75,35.65,0.0,0.00136,11015983,404299183.0,0.9776536312849202,35.8
HK.01928,金沙中国有限公司,2021-03-02 00:00:00,36.65,35.1,36.65,34.75,0.0,0.00189,15328723,548989894.0,-2.904564315352689,36.15
HK.01928,金沙中国有限公司,2021-03-03 00:00:00,35.85,37.05,37.65,35.8,0.0,0.00255,20616461,773671835.0,5.555555555555544,35.1
HK.01928,金沙中国有限公司,2021-03-04 00:00:00,36.35,37.4,37.5,36.2,0.0,0.00216,17503663,655104028.0,0.9446693657220012,37.05
HK.01928,金沙中国有限公司,2021-03-05 00:00:00,36.3,36.6,37.0,35.85,0.0,0.00273,22107927,819913433.0,-2.1390374331550728,37.4
HK.01928,金沙中国有限公司,2021-03-08 00:00:00,36.95,36.3,37.9,36.1,0.0,0.00253,20448258,761188983.0,-0.8196721311475527,36.6
HK.01928,金沙中国有限公司,2021-03-09 00:00:00,36.9,37.5,38.6,36.35,0.0,0.0027,21838931,833803410.0,3.3057851239669507,36.3
HK.01928,金沙中国有限公司,2021-03-10 00:00:00,37.5,37.55,38.0,36.95,0.0,0.00185,14932284,567315626.0,0.13333333333332575,37.5
HK.01928,金沙中国有限公司,2021-03-11 00:00:00,37.7,37.65,38.65,37.4,0.0,0.00132,10645162,408613025.0,0.2663115845539319,37.55
HK.01928,金沙中国有限公司,2021-03-12 00:00:00,37.7,36.7,37.8,36.6,0.0,0.00141,11418956,426654420.0,-2.5232403718459384,37.65
HK.01928,金沙中国有限公司,2021-03-15 00:00:00,36.55,38.0,38.05,36.4,0.0,0.00173,14031426,534976066.0,3.54223433242506,36.7
HK.01928,金沙中国有限公司,2021-03-16 00:00:00,38.5,38.6,38.75,37.75,0.0,0.00154,12425525,483508370.0,1.5789473684210564,38.0
HK.01928,金沙中国有限公司,2021-03-17 00:00:00,38.8,38.75,40.05,37.75,0.0,0.00183,14792604,585375461.0,0.3886010362694264,38.6
HK.01928,金沙中国有限公司,2021-03-18 00:00:00,39.25,39.7,39.95,39.0,0.0,0.0024,19447473,779187886.0,2.451612903225814,38.75
HK.01928,金沙中国有限公司,2021-03-19 00:00:00,39.25,39.0,39.45,38.5,0.0,0.0024,19447727,768651276.0,-1.7632241813602085,39.7
HK.01928,金沙中国有限公司,2021-03-22 00:00:00,39.05,38.6,39.5,38.4,0.0,0.00094,7638559,299691699.0,-1.025641025641022,39.0
HK.01928,金沙中国有限公司,2021-03-23 00:00:00,39.1,38.3,39.1,37.6,0.0,0.00166,13468972,522314696.0,-0.7772020725388711,38.6
HK.01928,金沙中国有限公司,2021-03-24 00:00:00,37.2,36.7,37.55,36.05,0.0,0.00286,23159706,859606949.0,-4.177545691905991,38.3
HK.01928,金沙中国有限公司,2021-03-25 00:00:00,36.1,37.45,37.65,36.05,0.0,0.00113,9111606,342601917.0,2.043596730245232,36.7
HK.01928,金沙中国有限公司,2021-03-26 00:00:00,37.45,37.3,37.9,36.85,0.0,0.00081,6569925,248617722.0,-0.4005340453938736,37.45
HK.01928,金沙中国有限公司,2021-03-29 00:00:00,37.3,37.55,38.1,37.0,0.0,0.00146,11830424,450147354.0,0.6702412868632708,37.3
HK.01928,金沙中国有限公司,2021-03-30 00:00:00,37.85,38.1,38.5,37.4,0.0,0.0017,13748259,530343623.0,1.464713715046616,37.55
HK.01928,金沙中国有限公司,2021-03-31 00:00:00,38.5,38.35,38.7,37.8,0.0,0.00139,11273008,438486233.0,0.6561679790026247,38.1
HK.01928,金沙中国有限公司,2021-04-01 00:00:00,38.35,38.65,38.7,37.75,0.0,0.00164,13257419,514997986.0,0.782268578878741,38.35
HK.01928,金沙中国有限公司,2021-04-07 00:00:00,39.1,38.65,39.1,38.35,0.0,0.0012,9726119,381028499.0,0.0,38.65
HK.01928,金沙中国有限公司,2021-04-08 00:00:00,38.5,37.8,38.6,37.8,0.0,0.00218,17647677,680374847.0,-2.1992238033635223,38.65
HK.01928,金沙中国有限公司,2021-04-09 00:00:00,37.8,36.6,37.85,36.4,0.0,0.00183,14808184,553739598.0,-3.1746031746031633,37.8
HK.01928,金沙中国有限公司,2021-04-12 00:00:00,36.55,35.95,36.6,35.4,0.0,0.00176,14252486,517280918.0,-1.7759562841530014,36.6
HK.01928,金沙中国有限公司,2021-04-13 00:00:00,35.75,35.75,36.05,35.4,0.0,0.00148,11971404,433562272.0,-0.556328233657866,35.95
HK.01928,金沙中国有限公司,2021-04-14 00:00:00,35.8,36.35,36.6,35.7,0.0,0.00108,8745048,320929355.0,1.678321678321682,35.75
HK.01928,金沙中国有限公司,2021-04-15 00:00:00,36.3,35.75,36.35,35.3,0.0,0.00095,7708003,278489059.0,-1.6506189821182984,36.35
HK.01928,金沙中国有限公司,2021-04-16 00:00:00,35.9,35.8,36.2,35.5,0.0,0.00093,7545773,274541626.0,0.1398601398601319,35.75
HK.01928,金沙中国有限公司,2021-04-19 00:00:00,35.9,36.45,36.9,35.6,0.0,0.00136,11012631,407716503.0,1.8156424581005748,35.8
HK.01928,金沙中国有限公司,2021-04-20 00:00:00,36.45,37.25,37.35,36.3,0.0,0.00209,16876798,633122453.0,2.1947873799725572,36.45
HK.01928,金沙中国有限公司,2021-04-21 00:00:00,36.75,36.6,36.95,36.3,0.0,0.00151,12190269,452181759.0,-1.744966442953016,37.25
HK.01928,金沙中国有限公司,2021-04-22 00:00:00,36.5,36.65,37.0,36.45,0.0,0.00141,11443242,425243142.0,0.13661202185791574,36.6
HK.01928,金沙中国有限公司,2021-04-23 00:00:00,36.6,36.55,37.1,36.2,0.0,0.00106,8569297,318050612.0,-0.2728512960436601,36.65
HK.01928,金沙中国有限公司,2021-04-26 00:00:00,36.55,37.1,37.55,36.55,0.0,0.00102,8277678,312384561.0,1.5047879616963182,36.55
HK.01928,金沙中国有限公司,2021-04-27 00:00:00,37.1,37.05,37.35,36.8,0.0,0.00063,5124047,192401530.0,-0.1347708894878821,37.1
HK.01928,金沙中国有限公司,2021-04-28 00:00:00,37.05,37.2,37.3,36.5,0.0,0.00113,9111767,340494831.0,0.40485829959515707,37.05
HK.01928,金沙中国有限公司,2021-04-29 00:00:00,37.3,37.7,37.8,37.05,0.0,0.00085,6895219,262010682.0,1.3440860215053763,37.2
HK.01928,金沙中国有限公司,2021-04-30 00:00:00,37.4,36.4,37.4,36.2,0.0,0.00114,9187048,340194321.0,-3.4482758620689764,37.7
HK.01928,金沙中国有限公司,2021-05-03 00:00:00,36.4,36.25,36.65,35.5,0.0,0.00119,9599443,350961323.0,-0.4120879120879082,36.4
HK.01928,金沙中国有限公司,2021-05-04 00:00:00,36.0,36.45,36.45,35.9,0.0,0.0007,5688827,208957064.0,0.5517241379310424,36.25
HK.01928,金沙中国有限公司,2021-05-05 00:00:00,36.1,34.85,36.2,34.55,0.0,0.00208,16861027,598842481.0,-4.389574759945134,36.45
HK.01928,金沙中国有限公司,2021-05-06 00:00:00,34.8,34.1,35.0,33.299999999,0.0,0.00331,26809833,921668149.0,-2.152080344332855,34.85
HK.01928,金沙中国有限公司,2021-05-07 00:00:00,33.9,34.05,34.5,33.7,0.0,0.00113,9127165,314900167.0,-0.1466275659824172,34.1
HK.01928,金沙中国有限公司,2021-05-10 00:00:00,34.35,34.45,34.5,33.5,0.0,0.00114,9229144,320150181.0,1.174743024963306,34.05
HK.01928,金沙中国有限公司,2021-05-11 00:00:00,33.95,33.7,34.2,33.4,0.0,0.00148,11955426,408900684.0,-2.1770682148040637,34.45
HK.01928,金沙中国有限公司,2021-05-12 00:00:00,33.7,33.6,33.799999999,32.549999999,0.0,0.00112,9043666,304626310.0,-0.2967359050445146,33.7
HK.01928,金沙中国有限公司,2021-05-13 00:00:00,33.1,32.65,33.15,32.4,0.0,0.00139,11247018,372910921.0,-2.8273809523809605,33.6
HK.01928,金沙中国有限公司,2021-05-14 00:00:00,33.049999999,32.65,33.2,32.45,0.0,0.00104,8449925,280337626.0,0.0,32.65
HK.01928,金沙中国有限公司,2021-05-17 00:00:00,32.5,32.65,32.799999999,31.95,0.0,0.00156,12607680,413977779.0,0.0,32.65
HK.01928,金沙中国有限公司,2021-05-18 00:00:00,32.4,32.95,33.299999999,32.4,0.0,0.00108,8728708,292823032.0,0.9188361408882214,32.65
HK.01928,金沙中国有限公司,2021-05-20 00:00:00,32.799999999,32.75,32.95,32.0,0.0,0.00196,15847849,521846153.0,-0.6069802731411316,32.95
HK.01928,金沙中国有限公司,2021-05-21 00:00:00,33.0,33.299999999,33.7,32.799999999,0.0,0.00171,13807729,462409991.0,1.679389309923666,32.75
HK.01928,金沙中国有限公司,2021-05-24 00:00:00,33.299999999,32.9,33.299999999,32.549999999,0.0,0.00071,5728362,191034924.0,-1.2012011982342763,33.299999999
HK.01928,金沙中国有限公司,2021-05-25 00:00:00,33.1,33.549999999,33.85,32.9,0.0,0.00072,5858409,199345029.0,1.9756838875380003,32.9
HK.01928,金沙中国有限公司,2021-05-26 00:00:00,33.549999999,34.85,35.05,33.549999999,0.0,0.00166,13446186,472864460.0,3.8748137139754064,33.549999999
HK.01928,金沙中国有限公司,2021-05-27 00:00:00,35.0,34.85,35.1,34.55,0.0,0.00156,12607119,445354925.0,0.0,34.85
HK.01928,金沙中国有限公司,2021-05-28 00:00:00,34.95,35.05,35.45,34.9,0.0,0.00124,10073127,358104517.0,0.5738880918220824,34.85
HK.01928,金沙中国有限公司,2021-05-31 00:00:00,34.6,34.05,34.6,33.85,0.0,0.00091,7402911,255979413.0,-2.8530670470756063,35.05
HK.01928,金沙中国有限公司,2021-06-01 00:00:00,34.1,34.8,34.95,33.7,0.0,0.00126,10210630,355706279.0,2.2026431718061676,34.05
HK.01928,金沙中国有限公司,2021-06-02 00:00:00,34.75,34.5,34.8,34.2,0.0,0.00056,4549023,159134269.0,-0.8620689655172332,34.8
HK.01928,金沙中国有限公司,2021-06-03 00:00:00,34.5,34.05,35.1,33.75,0.0,0.00063,5131316,178107754.0,-1.3043478260869648,34.5
HK.01928,金沙中国有限公司,2021-06-04 00:00:00,33.9,33.85,34.1,33.549999999,0.0,0.00068,5482415,188390808.0,-0.5873715124816322,34.05
HK.01928,金沙中国有限公司,2021-06-07 00:00:00,33.6,33.2,33.6,32.299999999,0.0,0.00156,12644317,424715032.0,-1.9202363367799073,33.85
HK.01928,金沙中国有限公司,2021-06-08 00:00:00,33.2,33.35,33.5,32.95,0.0,0.00078,6331781,213276573.0,0.4518072289156583,33.2
HK.01928,金沙中国有限公司,2021-06-09 00:00:00,33.35,33.45,33.75,33.25,0.0,0.00052,4206985,143138559.0,0.29985007496252297,33.35
HK.01928,金沙中国有限公司,2021-06-10 00:00:00,33.65,33.2,33.9,33.1,0.0,0.00055,4446549,150793472.0,-0.7473841554559043,33.45
HK.01928,金沙中国有限公司,2021-06-11 00:00:00,33.15,33.45,33.65,33.0,0.0,0.00073,5895186,199434391.0,0.753012048192771,33.2
HK.01928,金沙中国有限公司,2021-06-15 00:00:00,33.299999999,33.15,33.35,32.65,0.0,0.00083,6677265,223612943.0,-0.8968609865470979,33.45
HK.01928,金沙中国有限公司,2021-06-16 00:00:00,33.1,33.1,33.299999999,32.85,0.0,0.00086,6944561,233269944.0,-0.15082956259425992,33.15
HK.01928,金沙中国有限公司,2021-06-17 00:00:00,33.0,33.35,33.549999999,32.95,0.0,0.00108,8753771,295409376.0,0.755287009063444,33.1
HK.01928,金沙中国有限公司,2021-06-18 00:00:00,33.35,33.549999999,33.9,33.25,0.0,0.00133,10785708,367970328.0,0.5997001469265344,33.35
HK.01928,金沙中国有限公司,2021-06-21 00:00:00,33.15,34.25,34.35,33.15,0.0,0.00109,8812358,301832848.0,2.0864381550547355,33.549999999
HK.01928,金沙中国有限公司,2021-06-22 00:00:00,34.3,33.299999999,34.6,33.25,0.0,0.00106,8547758,291302493.0,-2.7737226306569327,34.25
HK.01928,金沙中国有限公司,2021-06-23 00:00:00,33.4,33.0,33.4,32.799999999,0.0,0.00153,12403270,415888042.0,-0.9009008979249538,33.299999999
HK.01928,金沙中国有限公司,2021-06-24 00:00:00,33.0,33.0,33.4,32.65,0.0,0.00072,5823281,195065744.0,0.0,33.0
HK.01928,金沙中国有限公司,2021-06-25 00:00:00,33.0,32.549999999,33.25,32.299999999,0.0,0.0013,10524175,348629055.0,-1.3636363666666647,33.0
HK.01928,金沙中国有限公司,2021-06-28 00:00:00,32.7,32.0,32.799999999,31.799999999,0.0,0.00128,10382243,338349009.0,-1.689708138300761,32.549999999
HK.01928,金沙中国有限公司,2021-06-29 00:00:00,31.7,31.5,31.85,31.35,0.0,0.00126,10173828,326272398.0,-1.5625,32.0
HK.01928,金沙中国有限公司,2021-06-30 00:00:00,31.5,32.2,33.1,31.5,0.0,0.00198,15984033,527417800.0,2.222222222222231,31.5
HK.01928,金沙中国有限公司,2021-07-02 00:00:00,32.5,31.95,32.6,31.549999999,0.0,0.00145,11696347,378701426.0,-0.7763975155279613,32.2
HK.01928,金沙中国有限公司,2021-07-05 00:00:00,31.65,32.1,32.299999999,31.65,0.0,0.0008,6470887,211123893.0,0.46948356807512404,31.95
HK.01928,金沙中国有限公司,2021-07-06 00:00:00,32.299999999,31.5,32.299999999,31.5,0.0,0.0011,8892944,286653136.0,-1.8691588785046773,32.1
HK.01928,金沙中国有限公司,2021-07-07 00:00:00,31.3,31.25,31.35,31.0,0.0,0.00122,9856871,312431169.0,-0.7936507936507936,31.5
HK.01928,金沙中国有限公司,2021-07-08 00:00:00,31.0,30.45,31.4,30.3,0.0,0.00092,7462336,231855184.0,-2.5600000000000023,31.25
HK.01928,金沙中国有限公司,2021-07-09 00:00:00,30.8,30.35,31.3,30.35,0.0,0.00089,7201421,224055581.0,-0.3284072249589421,30.45
HK.01928,金沙中国有限公司,2021-07-12 00:00:00,30.7,30.2,30.75,29.85,0.0,0.00104,8439515,257872164.0,-0.4942339373970416,30.35
HK.01928,金沙中国有限公司,2021-07-13 00:00:00,30.5,30.65,30.9,30.1,0.0,0.00114,9200627,285930557.0,1.4900662251655605,30.2
HK.01928,金沙中国有限公司,2021-07-14 00:00:00,30.5,30.4,30.65,30.15,0.0,0.00063,5130583,158297854.0,-0.8156606851549756,30.65
HK.01928,金沙中国有限公司,2021-07-15 00:00:00,30.45,30.45,30.6,29.95,0.0,0.00056,4534718,140285798.0,0.16447368421052866,30.4
HK.01928,金沙中国有限公司,2021-07-16 00:00:00,30.15,30.1,30.45,29.95,0.0,0.00077,6222232,190505690.0,-1.1494252873563149,30.45
HK.01928,金沙中国有限公司,2021-07-19 00:00:00,30.0,29.6,30.05,29.3,0.0,0.00085,6913576,207893559.0,-1.661129568106312,30.1
HK.01928,金沙中国有限公司,2021-07-20 00:00:00,29.5,28.75,29.7,28.7,0.0,0.00099,8004938,235481100.0,-2.8716216216216264,29.6
HK.01928,金沙中国有限公司,2021-07-21 00:00:00,29.05,28.9,29.5,28.5,0.0,0.00073,5910777,173813601.0,0.5217391304347777,28.75
HK.01928,金沙中国有限公司,2021-07-22 00:00:00,28.9,29.8,30.2,28.85,0.0,0.00092,7462201,225965879.0,3.11418685121108,28.9
HK.01928,金沙中国有限公司,2021-07-23 00:00:00,30.05,28.95,30.15,28.75,0.0,0.00099,8047663,237804518.0,-2.852348993288595,29.8
HK.01928,金沙中国有限公司,2021-07-26 00:00:00,28.6,27.1,28.9,27.0,0.0,0.0029,23431279,656025435.0,-6.390328151986176,28.95
HK.01928,金沙中国有限公司,2021-07-27 00:00:00,27.15,26.45,27.45,25.95,0.0,0.00281,22769238,619064372.0,-2.3985239852398603,27.1
HK.01928,金沙中国有限公司,2021-07-28 00:00:00,25.95,26.25,26.55,25.65,0.0,0.00281,22718223,604916311.0,-0.7561436672967837,26.45
HK.01928,金沙中国有限公司,2021-07-29 00:00:00,26.85,26.3,26.85,25.55,0.0,0.00455,36856184,984646833.0,0.19047619047619319,26.25
HK.01928,金沙中国有限公司,2021-07-30 00:00:00,26.0,26.05,26.3,25.5,0.0,0.00232,18807121,499206383.0,-0.9505703422053232,26.3
HK.01928,金沙中国有限公司,2021-08-02 00:00:00,25.95,25.75,26.0,25.1,0.0,0.0026,21010316,549271189.0,-1.151631477927066,26.05
HK.01928,金沙中国有限公司,2021-08-03 00:00:00,25.55,25.45,26.15,25.25,0.0,0.00288,23336857,610312013.0,-1.1650485436893232,25.75
HK.01928,金沙中国有限公司,2021-08-04 00:00:00,25.3,24.75,25.65,24.05,0.0,0.00323,26111752,664326763.0,-2.7504911591355574,25.45
HK.01928,金沙中国有限公司,2021-08-05 00:00:00,24.5,25.5,25.65,24.35,0.0,0.00204,16483013,426286360.0,3.0303030303030303,24.75
HK.01928,金沙中国有限公司,2021-08-06 00:00:00,25.5,25.6,25.8,24.7,0.0,0.00106,8539360,221506737.0,0.3921568627451036,25.5
HK.01928,金沙中国有限公司,2021-08-09 00:00:00,25.4,25.35,26.15,25.3,0.0,0.0014,11370721,297327284.0,-0.9765625,25.6
HK.01928,金沙中国有限公司,2021-08-10 00:00:00,25.5,25.7,25.85,25.05,0.0,0.00073,5901539,153542089.0,1.3806706114398337,25.35
HK.01928,金沙中国有限公司,2021-08-11 00:00:00,25.7,25.5,25.75,25.3,0.0,0.00136,11039680,286895932.0,-0.7782101167315147,25.7
HK.01928,金沙中国有限公司,2021-08-12 00:00:00,25.5,25.5,26.1,25.35,0.0,0.001,8058273,210479965.0,0.0,25.5
HK.01928,金沙中国有限公司,2021-08-13 00:00:00,25.3,24.65,25.6,24.5,0.0,0.00246,19912986,502754873.0,-3.333333333333339,25.5
HK.01928,金沙中国有限公司,2021-08-16 00:00:00,24.55,24.6,24.95,24.5,0.0,0.00116,9402071,236000681.0,-0.20283975659228054,24.65
HK.01928,金沙中国有限公司,2021-08-17 00:00:00,24.6,23.5,24.75,23.5,0.0,0.00237,19190541,468121440.0,-4.47154471544716,24.6
HK.01928,金沙中国有限公司,2021-08-18 00:00:00,23.1,23.7,23.7,23.1,0.0,0.00181,14617397,350787870.0,0.8510638297872309,23.5
HK.01928,金沙中国有限公司,2021-08-19 00:00:00,23.35,23.25,23.7,23.25,0.0,0.00162,13136815,313616346.0,-1.898734177215187,23.7
HK.01928,金沙中国有限公司,2021-08-20 00:00:00,23.0,21.85,23.2,21.75,0.0,0.00283,22926586,520670887.0,-6.02150537634408,23.25
HK.01928,金沙中国有限公司,2021-08-23 00:00:00,22.05,21.55,22.2,21.2,0.0,0.00306,24757496,546181395.0,-1.3729977116704837,21.85
HK.01928,金沙中国有限公司,2021-08-24 00:00:00,21.95,23.6,23.6,21.9,0.0,0.00251,20318871,480818031.0,9.512761020881673,21.55
HK.01928,金沙中国有限公司,2021-08-25 00:00:00,23.65,23.85,24.15,23.4,0.0,0.00155,12539395,304689830.0,1.059322033898305,23.6
HK.01928,金沙中国有限公司,2021-08-26 00:00:00,23.85,24.15,24.45,23.75,0.0,0.00127,10266038,252894127.0,1.2578616352201137,23.85
HK.01928,金沙中国有限公司,2021-08-27 00:00:00,24.15,23.7,24.3,23.4,0.0,0.00144,11684747,283548700.0,-1.863354037267078,24.15
HK.01928,金沙中国有限公司,2021-08-30 00:00:00,23.7,24.7,24.8,23.45,0.0,0.00185,14968852,373026653.0,4.219409282700422,23.7
HK.01928,金沙中国有限公司,2021-08-31 00:00:00,24.65,24.45,24.85,24.1,0.0,0.0014,11295158,281691965.0,-1.0121457489878543,24.7
HK.01928,金沙中国有限公司,2021-09-01 00:00:00,25.0,24.9,25.55,24.85,0.0,0.0012,9739931,248734438.0,1.8404907975460092,24.45
HK.01928,金沙中国有限公司,2021-09-02 00:00:00,25.05,25.55,25.7,25.05,0.0,0.00138,11154070,290360754.0,2.610441767068282,24.9
HK.01928,金沙中国有限公司,2021-09-03 00:00:00,25.25,25.1,25.55,24.85,0.0,0.00117,9432158,242009669.0,-1.76125244618395,25.55
HK.01928,金沙中国有限公司,2021-09-06 00:00:00,25.1,25.2,25.75,25.1,0.0,0.00037,2978999,76708436.0,0.3984063745019835,25.1
HK.01928,金沙中国有限公司,2021-09-07 00:00:00,25.3,25.8,26.0,25.05,0.0,0.00089,7226643,188928636.0,2.3809523809523867,25.2
HK.01928,金沙中国有限公司,2021-09-08 00:00:00,26.0,26.45,27.45,25.95,0.0,0.00185,14960752,408149939.0,2.5193798449612346,25.8
HK.01928,金沙中国有限公司,2021-09-09 00:00:00,26.65,26.15,26.8,25.9,0.0,0.00127,10305853,275612735.0,-1.1342155009451822,26.45
HK.01928,金沙中国有限公司,2021-09-10 00:00:00,26.15,26.05,26.25,25.4,0.0,0.00106,8574207,225487730.0,-0.38240917782025957,26.15
HK.01928,金沙中国有限公司,2021-09-13 00:00:00,25.6,24.6,25.6,24.1,0.0,0.00181,14636560,366448033.0,-5.566218809980803,26.05
HK.01928,金沙中国有限公司,2021-09-14 00:00:00,24.7,24.45,24.9,24.3,0.0,0.00138,11192063,280420961.0,-0.6097560975609843,24.6
HK.01928,金沙中国有限公司,2021-09-15 00:00:00,20.75,16.34,20.75,16.3,0.0,0.02582,208928540,3810435018.0,-33.169734151329244,24.45
HK.01928,金沙中国有限公司,2021-09-16 00:00:00,16.0,15.0,16.3,14.8,0.0,0.02178,176234035,2803895853.0,-8.200734394124847,16.34
HK.01928,金沙中国有限公司,2021-09-17 00:00:00,14.56,14.56,14.92,14.14,0.0,0.01388,112301450,1700125660.0,-2.93333333333333,15.0
HK.01928,金沙中国有限公司,2021-09-20 00:00:00,14.7,14.58,14.88,14.16,0.0,0.01058,85592833,1291193910.0,0.13736263736263443,14.56
HK.01928,金沙中国有限公司,2021-09-21 00:00:00,14.48,15.18,15.42,14.42,0.0,0.00777,62903077,978269919.0,4.115226337448557,14.58
HK.01928,金沙中国有限公司,2021-09-23 00:00:00,15.44,15.68,15.84,15.24,0.0,0.00636,51506142,823507594.0,3.293807641633729,15.18
HK.01928,金沙中国有限公司,2021-09-24 00:00:00,15.8,14.98,15.96,14.9,0.0,0.00395,31929764,505808757.0,-4.46428571428571,15.68
HK.01928,金沙中国有限公司,2021-09-27 00:00:00,14.5,14.36,14.74,14.2,0.0,0.00502,40591487,606138056.0,-4.138851802403211,14.98
HK.01928,金沙中国有限公司,2021-09-28 00:00:00,14.32,14.9,15.34,14.3,0.0,0.00389,31477054,486286241.0,3.7604456824512598,14.36
HK.01928,金沙中国有限公司,2021-09-29 00:00:00,14.7,15.3,15.32,14.68,0.0,0.00196,15890869,248327088.0,2.684563758389264,14.9
HK.01928,金沙中国有限公司,2021-09-30 00:00:00,15.66,15.5,15.78,15.36,0.0,0.00351,28385325,455397659.0,1.3071895424836555,15.3
HK.01928,金沙中国有限公司,2021-10-04 00:00:00,15.5,15.48,15.78,15.0,0.0,0.00323,26139550,415987253.0,-0.12903225806451338,15.5
HK.01928,金沙中国有限公司,2021-10-05 00:00:00,15.38,14.98,15.46,14.76,0.0,0.00171,13830912,215166865.0,-3.229974160206718,15.48
HK.01928,金沙中国有限公司,2021-10-06 00:00:00,15.0,15.1,15.24,14.88,0.0,0.00174,14073604,218892861.0,0.8010680907877117,14.98
HK.01928,金沙中国有限公司,2021-10-07 00:00:00,15.3,15.559999999,15.559999999,15.02,0.0,0.0017,13757436,218332660.0,3.0463576092715283,15.1
HK.01928,金沙中国有限公司,2021-10-08 00:00:00,15.579999999,15.52,15.86,15.24,0.0,0.00182,14751155,235677778.0,-0.25706940233015124,15.559999999
HK.01928,金沙中国有限公司,2021-10-11 00:00:00,15.6,15.559999999,16.0,15.54,0.0,0.00182,14721916,239278469.0,0.25773195231959306,15.52
HK.01928,金沙中国有限公司,2021-10-12 00:00:00,15.62,15.94,16.079999999,15.46,0.0,0.0012,9743596,159196881.0,2.442159389617099,15.559999999
HK.01928,金沙中国有限公司,2021-10-15 00:00:00,16.0,16.2,16.36,15.62,0.0,0.00302,24421877,406506030.0,1.6311166875784175,15.94
HK.01928,金沙中国有限公司,2021-10-18 00:00:00,16.18,16.8,16.96,15.96,0.0,0.00252,20392676,349546246.0,3.7037037037037126,16.2
HK.01928,金沙中国有限公司,2021-10-19 00:00:00,17.0,16.62,17.12,16.3,0.0,0.00212,17164520,293429303.0,-1.0714285714285696,16.8
HK.01928,金沙中国有限公司,2021-10-20 00:00:00,16.74,17.32,17.34,16.62,0.0,0.00235,18991838,334077841.0,4.211793020457276,16.62
HK.01928,金沙中国有限公司,2021-10-21 00:00:00,17.3,17.06,17.62,16.82,0.0,0.00272,22005088,387348413.0,-1.5011547344110945,17.32
HK.01928,金沙中国有限公司,2021-10-22 00:00:00,17.06,17.06,17.2,16.64,0.0,0.00155,12581681,219329585.0,0.0,17.06
HK.01928,金沙中国有限公司,2021-10-25 00:00:00,16.88,16.68,16.94,16.42,0.0,0.00139,11248568,193312152.0,-2.2274325908557975,17.06
HK.01928,金沙中国有限公司,2021-10-26 00:00:00,16.84,17.46,17.54,16.74,0.0,0.00236,19121405,340865088.0,4.676258992805763,16.68
HK.01928,金沙中国有限公司,2021-10-27 00:00:00,17.3,17.38,17.68,17.16,0.0,0.00154,12468707,223535974.0,-0.4581901489118089,17.46
HK.01928,金沙中国有限公司,2021-10-28 00:00:00,17.38,17.54,17.66,17.28,0.0,0.00151,12246766,220285853.0,0.9205983889528202,17.38
HK.01928,金沙中国有限公司,2021-10-29 00:00:00,17.6,17.28,17.88,17.18,0.0,0.00158,12821614,229412861.0,-1.4823261117445725,17.54
HK.01928,金沙中国有限公司,2021-11-01 00:00:00,17.06,16.92,17.36,16.88,0.0,0.00159,12885400,226653042.0,-2.08333333333333,17.28
HK.01928,金沙中国有限公司,2021-11-02 00:00:00,17.32,17.18,17.36,16.72,0.0,0.00158,12797669,224685604.0,1.5366430260047164,16.92
HK.01928,金沙中国有限公司,2021-11-03 00:00:00,17.18,17.2,17.4,16.84,0.0,0.00132,10661943,187621218.0,0.11641443538998589,17.18
HK.01928,金沙中国有限公司,2021-11-04 00:00:00,17.2,16.72,17.24,16.579999999,0.0,0.0017,13761590,237736384.0,-2.7906976744186074,17.2
HK.01928,金沙中国有限公司,2021-11-05 00:00:00,16.52,16.62,16.76,16.14,0.0,0.00157,12705314,216811525.0,-0.5980861244019012,16.72
HK.01928,金沙中国有限公司,2021-11-08 00:00:00,17.2,17.94,18.26,17.12,0.0,0.00435,35207438,648094244.0,7.942238267148016,16.62
HK.01928,金沙中国有限公司,2021-11-09 00:00:00,17.94,17.6,18.02,17.4,0.0,0.00147,11895062,215226954.0,-1.8952062430323289,17.94
HK.01928,金沙中国有限公司,2021-11-10 00:00:00,17.48,17.42,17.58,17.1,0.0,0.00148,11991879,213424486.0,-1.022727272727271,17.6
HK.01928,金沙中国有限公司,2021-11-11 00:00:00,17.36,17.66,17.68,17.18,0.0,0.00153,12358180,221883771.0,1.3777267508610702,17.42
HK.01928,金沙中国有限公司,2021-11-12 00:00:00,17.72,17.64,18.04,17.46,0.0,0.0014,11290230,204927922.0,-0.1132502831257054,17.66
HK.01928,金沙中国有限公司,2021-11-15 00:00:00,17.8,17.92,17.94,17.52,0.0,0.00106,8598154,157331507.0,1.5873015873015939,17.64
HK.01928,金沙中国有限公司,2021-11-16 00:00:00,17.98,19.02,19.22,17.92,0.0,0.00479,38805998,752041524.0,6.138392857142844,17.92
HK.01928,金沙中国有限公司,2021-11-17 00:00:00,19.02,18.76,19.02,18.52,0.0,0.00216,17509893,337141381.0,-1.3669821240799054,19.02
HK.01928,金沙中国有限公司,2021-11-18 00:00:00,18.58,18.64,18.92,18.5,0.0,0.00144,11662812,224094318.0,-0.6396588486140777,18.76
HK.01928,金沙中国有限公司,2021-11-19 00:00:00,18.66,18.98,19.14,18.54,0.0,0.00177,14364069,277731333.0,1.8240343347639476,18.64
HK.01928,金沙中国有限公司,2021-11-22 00:00:00,19.12,19.85,20.25,18.62,0.0,0.00441,35719713,723510416.0,4.583772391991575,18.98
HK.01928,金沙中国有限公司,2021-11-23 00:00:00,19.75,19.7,20.15,19.34,0.0,0.00288,23325028,474928481.0,-0.7556675062972399,19.85
HK.01928,金沙中国有限公司,2021-11-24 00:00:00,19.7,20.25,20.6,19.36,0.0,0.00339,27437182,567524185.0,2.791878172588836,19.7
HK.01928,金沙中国有限公司,2021-11-25 00:00:00,20.7,20.75,21.35,20.45,0.0,0.005,40468306,862776754.0,2.4691358024691357,20.25
HK.01928,金沙中国有限公司,2021-11-26 00:00:00,20.25,19.22,20.4,19.1,0.0,0.00424,34294503,686536815.0,-7.373493975903619,20.75
HK.01928,金沙中国有限公司,2021-11-29 00:00:00,17.72,18.18,18.36,17.02,0.0,0.00465,37622391,692647310.0,-5.411030176899059,19.22
HK.01928,金沙中国有限公司,2021-11-30 00:00:00,18.24,17.42,18.62,17.14,0.0,0.00373,30147779,547575297.0,-4.180418041804169,18.18
HK.01928,金沙中国有限公司,2021-12-01 00:00:00,17.32,16.66,17.4,16.579999999,0.0,0.00378,30574881,531277138.0,-4.362801377726759,17.42
HK.01928,金沙中国有限公司,2021-12-02 00:00:00,16.36,16.78,16.82,15.96,0.0,0.00431,34848641,586816267.0,0.7202881152461044,16.66
HK.01928,金沙中国有限公司,2021-12-03 00:00:00,16.62,17.0,17.52,16.28,0.0,0.0032,25870267,452399074.0,1.3110846245530323,16.78
HK.01928,金沙中国有限公司,2021-12-06 00:00:00,16.52,16.6,17.1,16.46,0.0,0.00157,12673782,217745178.0,-2.35294117647058,17.0
HK.01928,金沙中国有限公司,2021-12-07 00:00:00,17.12,17.66,17.72,16.84,0.0,0.00192,15532417,278040052.0,6.38554216867469,16.6
HK.01928,金沙中国有限公司,2021-12-08 00:00:00,17.76,18.5,18.56,17.76,0.0,0.00307,24817894,466251373.0,4.756511891279727,17.66
HK.01928,金沙中国有限公司,2021-12-09 00:00:00,18.6,19.04,19.3,18.5,0.0,0.0039,31595564,617525751.0,2.9189189189189144,18.5
HK.01928,金沙中国有限公司,2021-12-10 00:00:00,18.7,18.34,18.88,18.16,0.0,0.00375,30372356,575892231.0,-3.676470588235291,19.04
HK.01928,金沙中国有限公司,2021-12-13 00:00:00,18.5,17.96,18.56,17.94,0.0,0.00171,13835236,258155426.0,-2.071973827699013,18.34
HK.01928,金沙中国有限公司,2021-12-14 00:00:00,17.6,16.68,17.6,16.559999999,0.0,0.00377,30497668,529483946.0,-7.126948775055686,17.96
HK.01928,金沙中国有限公司,2021-12-15 00:00:00,16.6,16.6,17.1,16.559999999,0.0,0.00134,10860696,187490332.0,-0.47961630695442625,16.68
HK.01928,金沙中国有限公司,2021-12-16 00:00:00,16.559999999,16.72,16.84,16.36,0.0,0.00115,9283018,158830593.0,0.7228915662650447,16.6
HK.01928,金沙中国有限公司,2021-12-17 00:00:00,16.559999999,16.059999999,16.78,16.0,0.0,0.0018,14603756,244054447.0,-3.9473684270334943,16.72
HK.01928,金沙中国有限公司,2021-12-20 00:00:00,16.0,15.78,16.32,15.7,0.0,0.00112,9048414,148570456.0,-1.743462011316525,16.059999999
HK.01928,金沙中国有限公司,2021-12-21 00:00:00,15.86,16.18,16.32,15.719999999,0.0,0.00177,14285494,237285381.0,2.5348542458808643,15.78
HK.01928,金沙中国有限公司,2021-12-22 00:00:00,16.52,16.72,17.0,16.44,0.0,0.00129,10472407,179879529.0,3.3374536464771274,16.18
HK.01928,金沙中国有限公司,2021-12-23 00:00:00,16.9,16.82,17.2,16.78,0.0,0.00083,6754220,117846139.0,0.5980861244019223,16.72
HK.01928,金沙中国有限公司,2021-12-24 00:00:00,17.68,17.64,17.88,17.12,0.0,0.00161,12999093,234489128.0,4.875148632580263,16.82
HK.01928,金沙中国有限公司,2021-12-28 00:00:00,17.5,17.34,17.5,16.86,0.0,0.00119,9629738,170532295.0,-1.7006802721088474,17.64
HK.01928,金沙中国有限公司,2021-12-29 00:00:00,17.44,17.14,17.44,17.14,0.0,0.00037,3011575,53433489.0,-1.1534025374855783,17.34
HK.01928,金沙中国有限公司,2021-12-30 00:00:00,17.3,17.32,17.5,17.14,0.0,0.00059,4779599,85214306.0,1.0501750291715268,17.14
HK.01928,金沙中国有限公司,2021-12-31 00:00:00,17.42,17.66,17.72,17.42,0.0,0.00077,6270800,113354376.0,1.9630484988452646,17.32
HK.01928,金沙中国有限公司,2022-01-03 00:00:00,17.76,17.54,18.06,17.38,0.0,0.00056,4542503,82079685.0,-0.6795016987542525,17.66
HK.01928,金沙中国有限公司,2022-01-04 00:00:00,17.66,17.88,18.2,17.64,0.0,0.00157,12721484,234358978.0,1.9384264538198397,17.54
HK.01928,金沙中国有限公司,2022-01-05 00:00:00,17.88,16.46,18.04,16.42,0.0,0.00229,18533284,323613663.0,-7.941834451901555,17.88
HK.01928,金沙中国有限公司,2022-01-06 00:00:00,16.64,16.8,16.82,16.079999999,0.0,0.00213,17262344,292867442.0,2.0656136087484804,16.46
HK.01928,金沙中国有限公司,2022-01-07 00:00:00,16.68,16.76,16.92,16.62,0.0,0.00113,9129985,157407561.0,-0.238095238095233,16.8
HK.01928,金沙中国有限公司,2022-01-10 00:00:00,16.72,16.76,17.02,16.5,0.0,0.00102,8258631,142527609.0,0.0,16.76
HK.01928,金沙中国有限公司,2022-01-11 00:00:00,16.74,16.62,16.8,16.5,0.0,0.0012,9726126,166441721.0,-0.8353221957040605,16.76
HK.01928,金沙中国有限公司,2022-01-12 00:00:00,16.96,17.1,17.32,16.8,0.0,0.0027,21824420,383459197.0,2.8880866425992804,16.62
HK.01928,金沙中国有限公司,2022-01-13 00:00:00,17.1,16.6,17.2,16.46,0.0,0.0012,9707010,167177877.0,-2.923976608187134,17.1
HK.01928,金沙中国有限公司,2022-01-14 00:00:00,16.5,17.82,17.96,16.26,0.0,0.00363,29400817,520445040.0,7.349397590361438,16.6
HK.01928,金沙中国有限公司,2022-01-17 00:00:00,20.55,20.5,21.9,19.85,0.0,0.00968,78344851,1648499398.0,15.03928170594837,17.82
HK.01928,金沙中国有限公司,2022-01-18 00:00:00,20.5,19.9,20.65,19.6,0.0,0.0035,28312905,582895714.0,-2.9268292682926895,20.5
HK.01928,金沙中国有限公司,2022-01-19 00:00:00,20.1,20.0,20.2,19.7,0.0,0.00212,17137859,350618877.0,0.5025125628140775,19.9
HK.01928,金沙中国有限公司,2022-01-20 00:00:00,20.1,20.55,20.7,19.9,0.0,0.00518,41943611,870962267.0,2.7500000000000036,20.0
HK.01928,金沙中国有限公司,2022-01-21 00:00:00,20.6,21.25,21.95,20.6,0.0,0.00486,39315645,856628970.0,3.406326034063257,20.55
HK.01928,金沙中国有限公司,2022-01-24 00:00:00,21.0,20.95,21.6,20.7,0.0,0.00292,23647464,509090152.0,-1.4117647058823564,21.25
HK.01928,金沙中国有限公司,2022-01-25 00:00:00,20.7,20.3,20.95,20.3,0.0,0.00284,23023473,483086288.0,-3.102625298329349,20.95
HK.01928,金沙中国有限公司,2022-01-26 00:00:00,20.7,20.7,21.25,20.5,0.0,0.00183,14788030,314636572.0,1.9704433497536877,20.3
HK.01928,金沙中国有限公司,2022-01-27 00:00:00,20.5,20.8,20.85,20.1,0.0,0.00264,21369167,449665005.0,0.48309178743962045,20.7
HK.01928,金沙中国有限公司,2022-01-28 00:00:00,21.0,21.1,21.8,21.0,0.0,0.0025,20234492,441353189.0,1.4423076923076956,20.8
HK.01928,金沙中国有限公司,2022-01-31 00:00:00,21.2,20.95,21.4,20.45,0.0,0.00123,9953717,213362489.0,-0.7109004739336593,21.1
HK.01928,金沙中国有限公司,2022-02-04 00:00:00,21.7,21.85,22.0,21.0,0.0,0.00419,33934819,733865025.0,4.295942720763733,20.95
HK.01928,金沙中国有限公司,2022-02-07 00:00:00,22.0,22.05,22.8,21.65,0.0,0.0026,21010714,475306700.0,0.9153318077803171,21.85
HK.01928,金沙中国有限公司,2022-02-08 00:00:00,22.1,22.7,23.0,22.1,0.0,0.00287,23222533,535960415.0,2.947845804988656,22.05
HK.01928,金沙中国有限公司,2022-02-09 00:00:00,23.0,22.45,23.15,22.4,0.0,0.00155,12537882,289399033.0,-1.1013215859030838,22.7
HK.01928,金沙中国有限公司,2022-02-10 00:00:00,22.65,22.4,22.9,21.95,0.0,0.00217,17572521,400643379.0,-0.22271714922049313,22.45
HK.01928,金沙中国有限公司,2022-02-11 00:00:00,22.35,22.3,22.45,21.85,0.0,0.0019,15376328,348183479.0,-0.44642857142856196,22.4
HK.01928,金沙中国有限公司,2022-02-14 00:00:00,22.25,21.5,22.4,21.4,0.0,0.00301,24385304,542155219.0,-3.587443946188344,22.3
HK.01928,金沙中国有限公司,2022-02-15 00:00:00,21.6,21.55,22.25,21.45,0.0,0.00396,32037667,712872637.0,0.23255813953488702,21.5
HK.01928,金沙中国有限公司,2022-02-16 00:00:00,22.15,23.05,24.0,22.05,0.0,0.0063,50984182,1195149680.0,6.960556844547564,21.55
HK.01928,金沙中国有限公司,2022-02-17 00:00:00,23.1,23.5,23.7,22.75,0.0,0.00424,34316375,815729222.0,1.9522776572668081,23.05
HK.01928,金沙中国有限公司,2022-02-18 00:00:00,23.5,23.55,24.4,23.25,0.0,0.00255,20649402,502266002.0,0.21276595744681154,23.5
HK.01928,金沙中国有限公司,2022-02-21 00:00:00,23.55,23.15,23.55,22.25,0.0,0.00199,16073330,375968475.0,-1.6985138004246374,23.55
HK.01928,金沙中国有限公司,2022-02-22 00:00:00,22.8,22.55,22.9,22.25,0.0,0.00156,12637014,291221536.0,-2.591792656587464,23.15
HK.01928,金沙中国有限公司,2022-02-23 00:00:00,22.75,22.35,22.75,21.85,0.0,0.00219,17736514,404680863.0,-0.8869179600886887,22.55
HK.01928,金沙中国有限公司,2022-02-24 00:00:00,21.7,20.95,22.15,20.4,0.0,0.00451,36539831,786455703.0,-6.263982102908286,22.35
HK.01928,金沙中国有限公司,2022-02-25 00:00:00,20.95,20.75,21.4,20.55,0.0,0.0022,17818139,379074884.0,-0.9546539379474906,20.95
HK.01928,金沙中国有限公司,2022-02-28 00:00:00,20.45,19.95,20.65,19.55,0.0,0.00277,22408109,458259389.0,-3.855421686746991,20.75
HK.01928,金沙中国有限公司,2022-03-01 00:00:00,19.95,20.5,20.9,19.75,0.0,0.00198,15986788,333573282.0,2.7568922305764447,19.95
HK.01928,金沙中国有限公司,2022-03-02 00:00:00,20.2,19.95,20.35,19.55,0.0,0.00153,12359484,252902279.0,-2.682926829268296,20.5
HK.01928,金沙中国有限公司,2022-03-03 00:00:00,20.95,20.4,21.6,20.2,0.0,0.0028,22622342,479408300.0,2.2556390977443574,19.95
HK.01928,金沙中国有限公司,2022-03-04 00:00:00,19.65,19.38,20.2,19.2,0.0,0.00261,21140188,423095942.0,-4.999999999999998,20.4
HK.01928,金沙中国有限公司,2022-03-07 00:00:00,18.8,17.92,18.9,17.6,0.0,0.00364,29419478,544215932.0,-7.533539731682133,19.38
HK.01928,金沙中国有限公司,2022-03-08 00:00:00,17.86,17.92,18.26,17.4,0.0,0.00221,17855622,328658517.0,0.0,17.92
HK.01928,金沙中国有限公司,2022-03-09 00:00:00,17.92,18.28,18.58,17.48,0.0,0.0019,15391865,285412529.0,2.008928571428568,17.92
HK.01928,金沙中国有限公司,2022-03-10 00:00:00,19.32,18.38,19.32,18.18,0.0,0.00167,13484252,256927406.0,0.5470459518599445,18.28
HK.01928,金沙中国有限公司,2022-03-11 00:00:00,18.2,17.1,18.2,16.54,0.0,0.00428,34627870,609958197.0,-6.964091403699661,18.38
HK.01928,金沙中国有限公司,2022-03-14 00:00:00,16.399999999,15.06,16.399999999,14.8,0.0,0.00744,60245067,951155465.0,-11.929824561403512,17.1
HK.01928,金沙中国有限公司,2022-03-15 00:00:00,15.0,13.14,15.0,13.02,0.0,0.00655,53013402,761708340.0,-12.749003984063744,15.06
HK.01928,金沙中国有限公司,2022-03-16 00:00:00,13.64,15.68,15.7,13.64,0.0,0.00689,55751116,857207262.0,19.330289193302885,13.14
HK.01928,金沙中国有限公司,2022-03-17 00:00:00,17.4,17.48,17.54,15.76,0.0,0.00709,57373611,996618622.0,11.479591836734699,15.68
HK.01928,金沙中国有限公司,2022-03-18 00:00:00,17.1,18.24,18.66,16.9,0.0,0.00461,37341140,681206288.0,4.347826086956511,17.48
HK.01928,金沙中国有限公司,2022-03-21 00:00:00,18.6,17.74,18.7,17.36,0.0,0.00316,25550907,467250726.0,-2.741228070175439,18.24
HK.01928,金沙中国有限公司,2022-03-22 00:00:00,17.84,18.02,18.02,17.18,0.0,0.00279,22558561,410965221.0,1.578354002254798,17.74
HK.01928,金沙中国有限公司,2022-03-23 00:00:00,18.02,17.8,18.32,17.56,0.0,0.00246,19941167,367079642.0,-1.220865704772469,18.02
HK.01928,金沙中国有限公司,2022-03-24 00:00:00,17.5,17.6,17.7,17.22,0.0,0.00208,16822214,303538729.0,-1.1235955056179736,17.8
HK.01928,金沙中国有限公司,2022-03-25 00:00:00,17.5,17.36,18.5,17.12,0.0,0.00306,24803903,451575687.0,-1.3636363636363749,17.6
HK.01928,金沙中国有限公司,2022-03-28 00:00:00,17.1,17.42,17.52,16.46,0.0,0.00215,17391926,305117680.0,0.3456221198156813,17.36
HK.01928,金沙中国有限公司,2022-03-29 00:00:00,17.48,17.88,18.28,17.4,0.0,0.00154,12441456,227786426.0,2.640642939150386,17.42
HK.01928,金沙中国有限公司,2022-03-30 00:00:00,18.24,18.82,19.2,18.0,0.0,0.00322,26022890,498995698.0,5.257270693512312,17.88
HK.01928,金沙中国有限公司,2022-03-31 00:00:00,18.86,18.48,18.9,18.3,0.0,0.00175,14175783,270793221.0,-1.8065887353878844,18.82
HK.01928,金沙中国有限公司,2022-04-01 00:00:00,18.1,18.34,18.5,17.98,0.0,0.00109,8821737,165455749.0,-0.7575757575757607,18.48
HK.01928,金沙中国有限公司,2022-04-04 00:00:00,18.6,18.82,19.02,18.5,0.0,0.00192,15536783,299970107.0,2.617230098146131,18.34
HK.01928,金沙中国有限公司,2022-04-06 00:00:00,18.9,18.3,18.9,18.08,0.0,0.00145,11711301,221304518.0,-2.7630180658873513,18.82
HK.01928,金沙中国有限公司,2022-04-07 00:00:00,18.12,17.7,18.14,17.56,0.0,0.00161,13014163,237821074.0,-3.2786885245901716,18.3
HK.01928,金沙中国有限公司,2022-04-08 00:00:00,17.7,17.3,17.7,17.06,0.0,0.00121,9792225,173742919.0,-2.2598870056497096,17.7
HK.01928,金沙中国有限公司,2022-04-11 00:00:00,17.12,16.7,17.12,16.5,0.0,0.00185,14966914,257550882.0,-3.468208092485557,17.3
HK.01928,金沙中国有限公司,2022-04-12 00:00:00,16.579999999,17.38,17.8,16.46,0.0,0.00244,19787553,350439700.0,4.071856287425148,16.7
HK.01928,金沙中国有限公司,2022-04-13 00:00:00,17.16,17.66,17.94,17.1,0.0,0.00141,11384160,205953568.0,1.6110471806674405,17.38
HK.01928,金沙中国有限公司,2022-04-14 00:00:00,17.9,18.54,18.86,17.8,0.0,0.00209,16932847,320351909.0,4.983012457531138,17.66
HK.01928,金沙中国有限公司,2022-04-19 00:00:00,18.0,17.8,18.3,17.54,0.0,0.00137,11053408,202536296.0,-3.9913700107874783,18.54
HK.01928,金沙中国有限公司,2022-04-20 00:00:00,17.96,18.3,18.84,17.82,0.0,0.00177,14341971,269704852.0,2.8089887640449436,17.8
HK.01928,金沙中国有限公司,2022-04-21 00:00:00,18.2,17.22,18.28,17.16,0.0,0.00198,16014204,288310113.0,-5.901639344262305,18.3
HK.01928,金沙中国有限公司,2022-04-22 00:00:00,17.0,16.96,17.08,16.559999999,0.0,0.00219,17731098,308681229.0,-1.5098722415795471,17.22
HK.01928,金沙中国有限公司,2022-04-25 00:00:00,16.8,16.0,16.88,15.98,0.0,0.00209,16894000,284986377.0,-5.660377358490571,16.96
HK.01928,金沙中国有限公司,2022-04-26 00:00:00,16.379999999,16.26,16.72,16.18,0.0,0.00157,12704649,214696150.0,1.6250000000000098,16.0
HK.01928,金沙中国有限公司,2022-04-27 00:00:00,15.98,16.72,16.82,15.879999999,0.0,0.0015,12174814,206984688.0,2.829028290282886,16.26
HK.01928,金沙中国有限公司,2022-04-28 00:00:00,16.54,16.379999999,16.84,16.079999999,0.0,0.00175,14174527,239345391.0,-2.0334928289473684,16.72
HK.01928,金沙中国有限公司,2022-04-29 00:00:00,16.379999999,17.14,17.5,16.3,0.0,0.00272,22052240,386032370.0,4.639804646192917,16.379999999
HK.01928,金沙中国有限公司,2022-05-03 00:00:00,17.14,17.62,17.86,16.96,0.0,0.00153,12347788,222386905.0,2.8004667444574123,17.14
HK.01928,金沙中国有限公司,2022-05-04 00:00:00,17.78,17.5,17.92,17.26,0.0,0.00104,8417943,151233807.0,-0.6810442678774177,17.62
HK.01928,金沙中国有限公司,2022-05-05 00:00:00,17.52,16.94,18.12,16.9,0.0,0.00166,13394846,239884132.0,-3.1999999999999926,17.5
HK.01928,金沙中国有限公司,2022-05-06 00:00:00,16.379999999,16.0,16.52,15.78,0.0,0.00204,16484227,274133150.0,-5.548996458087374,16.94
HK.01928,金沙中国有限公司,2022-05-10 00:00:00,14.9,14.86,15.18,14.72,0.0,0.00296,23968942,370257127.0,-7.1250000000000036,16.0
HK.01928,金沙中国有限公司,2022-05-11 00:00:00,15.02,15.2,15.5,14.8,0.0,0.00178,14397970,226386210.0,2.2880215343203223,14.86
HK.01928,金沙中国有限公司,2022-05-12 00:00:00,15.2,14.88,15.2,14.66,0.0,0.00125,10125713,155930043.0,-2.105263157894727,15.2
HK.01928,金沙中国有限公司,2022-05-13 00:00:00,15.26,15.26,15.48,15.1,0.0,0.00176,14258990,224790340.0,2.5537634408602083,14.88
HK.01928,金沙中国有限公司,2022-05-16 00:00:00,16.32,15.18,16.399999999,14.92,0.0,0.00301,24339099,387977288.0,-0.5242463958060293,15.26
HK.01928,金沙中国有限公司,2022-05-17 00:00:00,15.22,15.42,15.579999999,15.12,0.0,0.00176,14279010,226934157.0,1.581027667984191,15.18
HK.01928,金沙中国有限公司,2022-05-18 00:00:00,15.38,15.42,15.48,15.0,0.0,0.00128,10331627,163035517.0,0.0,15.42
HK.01928,金沙中国有限公司,2022-05-19 00:00:00,14.9,14.58,14.9,14.52,0.0,0.0023,18615350,281894874.0,-5.447470817120622,15.42
HK.01928,金沙中国有限公司,2022-05-20 00:00:00,14.94,14.8,15.04,14.66,0.0,0.0013,10504866,161062953.0,1.508916323731143,14.58
HK.01928,金沙中国有限公司,2022-05-23 00:00:00,14.62,14.64,14.82,14.52,0.0,0.00097,7873654,119188722.0,-1.081081081081082,14.8
HK.01928,金沙中国有限公司,2022-05-24 00:00:00,14.4,13.5,14.44,13.5,0.0,0.00313,25344424,361661447.0,-7.786885245901642,14.64
HK.01928,金沙中国有限公司,2022-05-25 00:00:00,13.5,13.48,13.86,13.3,0.0,0.00242,19577467,273260216.0,-0.148148148148145,13.5
HK.01928,金沙中国有限公司,2022-05-26 00:00:00,13.72,13.36,13.72,13.14,0.0,0.00273,22084551,305166160.0,-0.8902077151335385,13.48
HK.01928,金沙中国有限公司,2022-05-27 00:00:00,13.96,13.7,14.1,13.52,0.0,0.00231,18690008,267187365.0,2.5449101796407176,13.36
HK.01928,金沙中国有限公司,2022-05-30 00:00:00,13.7,14.32,14.34,13.7,0.0,0.00342,27686080,398776630.0,4.525547445255482,13.7
HK.01928,金沙中国有限公司,2022-05-31 00:00:00,14.14,14.5,14.68,14.04,0.0,0.00368,29755150,443416538.0,1.2569832402234618,14.32
HK.01928,金沙中国有限公司,2022-06-01 00:00:00,14.52,14.44,14.54,14.0,0.0,0.00271,21921794,325913044.0,-0.41379310344827924,14.5
HK.01928,金沙中国有限公司,2022-06-02 00:00:00,14.3,14.22,14.42,14.04,0.0,0.00145,11714740,172311943.0,-1.5235457063711833,14.44
HK.01928,金沙中国有限公司,2022-06-06 00:00:00,14.36,15.14,15.22,14.24,0.0,0.00331,26756943,409352829.0,6.469760900140646,14.22
HK.01928,金沙中国有限公司,2022-06-07 00:00:00,14.94,15.2,15.32,14.76,0.0,0.00148,11963444,187115581.0,0.39630118890355825,15.14
HK.01928,金沙中国有限公司,2022-06-08 00:00:00,15.3,15.98,16.079999999,15.16,0.0,0.00336,27219509,446123062.0,5.131578947368428,15.2
HK.01928,金沙中国有限公司,2022-06-09 00:00:00,15.92,15.579999999,16.18,15.52,0.0,0.00223,18031526,293749871.0,-2.5031289173967486,15.98
HK.01928,金沙中国有限公司,2022-06-10 00:00:00,15.22,15.559999999,15.68,15.1,0.0,0.00253,20493281,327077026.0,-0.12836970475791573,15.579999999
HK.01928,金沙中国有限公司,2022-06-13 00:00:00,15.0,14.62,15.2,14.58,0.0,0.00224,18161899,279533718.0,-6.041131099359977,15.559999999
HK.01928,金沙中国有限公司,2022-06-14 00:00:00,14.38,14.54,14.64,14.2,0.0,0.00178,14401804,214748287.0,-0.5471956224350211,14.62
HK.01928,金沙中国有限公司,2022-06-15 00:00:00,14.46,14.72,15.02,14.46,0.0,0.00133,10786001,164292948.0,1.2379642365887311,14.54
HK.01928,金沙中国有限公司,2022-06-16 00:00:00,15.04,14.72,15.38,14.56,0.0,0.00168,13626916,210505916.0,0.0,14.72
HK.01928,金沙中国有限公司,2022-06-17 00:00:00,14.52,14.4,14.62,14.28,0.0,0.00204,16499716,246091142.0,-2.1739130434782625,14.72
HK.01928,金沙中国有限公司,2022-06-20 00:00:00,13.6,14.08,14.16,13.16,0.0,0.00323,26115718,371613133.0,-2.222222222222224,14.4
HK.01928,金沙中国有限公司,2022-06-21 00:00:00,14.04,14.22,14.58,13.98,0.0,0.00197,15937375,235966454.0,0.9943181818181858,14.08
HK.01928,金沙中国有限公司,2022-06-22 00:00:00,14.16,14.04,14.58,14.02,0.0,0.00121,9779896,143809391.0,-1.2658227848101369,14.22
HK.01928,金沙中国有限公司,2022-06-23 00:00:00,14.1,14.12,14.36,13.88,0.0,0.00119,9626545,141093635.0,0.5698005698005704,14.04
HK.01928,金沙中国有限公司,2022-06-24 00:00:00,14.1,14.6,14.6,14.1,0.0,0.00126,10180901,152328326.0,3.399433427762043,14.12
HK.01928,金沙中国有限公司,2022-06-27 00:00:00,14.68,15.8,15.94,14.68,0.0,0.00419,33947468,548222264.0,8.219178082191789,14.6
HK.01928,金沙中国有限公司,2022-06-28 00:00:00,15.879999999,17.7,18.04,15.42,0.0,0.00917,74254557,1306899694.0,12.025316455696194,15.8
HK.01928,金沙中国有限公司,2022-06-29 00:00:00,17.4,17.82,17.84,16.9,0.0,0.00515,41681737,748470340.0,0.6779661016949209,17.7
HK.01928,金沙中国有限公司,2022-06-30 00:00:00,17.46,18.22,18.68,17.44,0.0,0.00616,49854756,934467275.0,2.24466891133557,17.82
HK.01928,金沙中国有限公司,2022-07-04 00:00:00,18.22,17.64,18.22,17.36,0.0,0.00501,40572915,739883517.0,-3.1833150384193107,18.22
HK.01928,金沙中国有限公司,2022-07-05 00:00:00,18.0,17.58,18.16,17.26,0.0,0.00184,14871116,269591654.0,-0.3401360544217816,17.64
HK.01928,金沙中国有限公司,2022-07-06 00:00:00,17.58,17.38,17.9,17.2,0.0,0.00273,22126494,396472037.0,-1.1376564277588128,17.58
HK.01928,金沙中国有限公司,2022-07-07 00:00:00,17.14,17.82,18.1,17.02,0.0,0.00173,14039334,254114415.0,2.531645569620261,17.38
HK.01928,金沙中国有限公司,2022-07-08 00:00:00,18.18,18.16,18.44,17.94,0.0,0.00211,17036255,317096075.0,1.9079685746352406,17.82
HK.01928,金沙中国有限公司,2022-07-11 00:00:00,17.68,16.64,17.68,16.399999999,0.0,0.00362,29284945,503411397.0,-8.370044052863433,18.16
HK.01928,金沙中国有限公司,2022-07-12 00:00:00,16.5,16.379999999,16.7,16.239999999,0.0,0.00175,14130484,238778295.0,-1.562500006009625,16.64
HK.01928,金沙中国有限公司,2022-07-13 00:00:00,16.559999999,16.82,17.08,16.52,0.0,0.00174,14117623,244385529.0,2.6862026924716935,16.379999999
HK.01928,金沙中国有限公司,2022-07-14 00:00:00,16.78,17.0,17.02,16.54,0.0,0.00093,7560037,131182107.0,1.0701545778834702,16.82
HK.01928,金沙中国有限公司,2022-07-15 00:00:00,17.0,16.579999999,17.16,16.399999999,0.0,0.00107,8629651,149175974.0,-2.4705882411764604,17.0
HK.01928,金沙中国有限公司,2022-07-18 00:00:00,16.76,16.8,17.14,16.62,0.0,0.00085,6854686,118534145.0,1.326899885484125,16.579999999
HK.01928,金沙中国有限公司,2022-07-19 00:00:00,16.8,16.78,16.86,16.36,0.0,0.0012,9725905,166355622.0,-0.1190476190476165,16.8
HK.01928,金沙中国有限公司,2022-07-20 00:00:00,17.1,17.0,17.2,16.8,0.0,0.00132,10692364,187563803.0,1.3110846245530323,16.78
HK.01928,金沙中国有限公司,2022-07-21 00:00:00,17.1,16.7,17.18,16.14,0.0,0.00145,11770213,201976487.0,-1.7647058823529453,17.0
HK.01928,金沙中国有限公司,2022-07-22 00:00:00,16.8,17.36,17.36,16.8,0.0,0.00182,14733856,260101575.0,3.9520958083832345,16.7
HK.01928,金沙中国有限公司,2022-07-25 00:00:00,17.1,17.38,17.5,17.04,0.0,0.00094,7580940,134868137.0,0.11520737327188695,17.36
HK.01928,金沙中国有限公司,2022-07-26 00:00:00,17.5,18.2,18.28,17.5,0.0,0.00213,17271408,321470141.0,4.718066743383201,17.38
HK.01928,金沙中国有限公司,2022-07-27 00:00:00,17.92,18.0,18.14,17.74,0.0,0.00083,6745414,124510287.0,-1.098901098901095,18.2
HK.01928,金沙中国有限公司,2022-07-28 00:00:00,18.0,18.34,18.48,17.74,0.0,0.00155,12575405,235624918.0,1.8888888888888882,18.0
HK.01928,金沙中国有限公司,2022-07-29 00:00:00,18.32,17.9,18.54,17.8,0.0,0.00182,14761490,273689163.0,-2.3991275899672915,18.34
HK.01928,金沙中国有限公司,2022-08-01 00:00:00,18.26,17.96,18.26,17.64,0.0,0.00138,11156551,205995061.0,0.33519553072626973,17.9
HK.01928,金沙中国有限公司,2022-08-02 00:00:00,17.66,17.22,17.78,16.7,0.0,0.00238,19296090,340371266.0,-4.120267260579076,17.96
HK.01928,金沙中国有限公司,2022-08-03 00:00:00,17.6,17.8,18.1,17.42,0.0,0.00177,14363568,262777331.0,3.3681765389082576,17.22
HK.01928,金沙中国有限公司,2022-08-04 00:00:00,17.6,17.74,17.8,17.16,0.0,0.00178,14365931,257001819.0,-0.337078651685406,17.8
HK.01928,金沙中国有限公司,2022-08-05 00:00:00,17.8,17.5,17.9,17.36,0.0,0.00098,7968790,143614934.0,-1.3528748590755268,17.74
HK.01928,金沙中国有限公司,2022-08-08 00:00:00,17.5,17.26,17.5,16.96,0.0,0.00158,12805731,227136283.0,-1.3714285714285626,17.5
HK.01928,金沙中国有限公司,2022-08-09 00:00:00,17.24,17.14,17.4,16.82,0.0,0.00151,12250515,215218957.0,-0.6952491309385921,17.26
HK.01928,金沙中国有限公司,2022-08-10 00:00:00,17.08,16.98,17.18,16.84,0.0,0.00115,9314259,162532717.0,-0.9334889148191373,17.14
HK.01928,金沙中国有限公司,2022-08-11 00:00:00,17.22,17.38,17.56,16.88,0.0,0.00102,8281956,147334478.0,2.355712603062418,16.98
HK.01928,金沙中国有限公司,2022-08-12 00:00:00,17.6,17.3,17.92,17.28,0.0,0.00078,6310669,113199602.0,-0.4602991944763999,17.38
HK.01928,金沙中国有限公司,2022-08-15 00:00:00,17.4,17.3,17.56,17.22,0.0,0.00063,5059735,90479558.0,0.0,17.3
HK.01928,金沙中国有限公司,2022-08-16 00:00:00,17.32,17.04,17.44,16.92,0.0,0.00071,5736826,101239466.0,-1.5028901734104136,17.3
HK.01928,金沙中国有限公司,2022-08-17 00:00:00,17.06,16.96,17.18,16.92,0.0,0.001,8113000,142147305.0,-0.4694835680751074,17.04
HK.01928,金沙中国有限公司,2022-08-18 00:00:00,16.96,16.44,17.12,16.26,0.0,0.00132,10648539,181637756.0,-3.066037735849054,16.96
HK.01928,金沙中国有限公司,2022-08-19 00:00:00,16.44,16.3,16.66,16.239999999,0.0,0.0009,7303172,123520810.0,-0.8515815085158186,16.44
HK.01928,金沙中国有限公司,2022-08-22 00:00:00,16.219999999,16.239999999,16.32,15.96,0.0,0.00083,6714480,112178296.0,-0.3680981656441862,16.3
HK.01928,金沙中国有限公司,2022-08-23 00:00:00,16.059999999,15.96,16.2,15.62,0.0,0.0017,13782162,224883998.0,-1.724137924982998,16.239999999
HK.01928,金沙中国有限公司,2022-08-24 00:00:00,15.879999999,15.68,15.899999999,15.52,0.0,0.00117,9489642,153363662.0,-1.754385964912288,15.96
HK.01928,金沙中国有限公司,2022-08-25 00:00:00,15.7,16.3,16.399999999,15.64,0.0,0.00167,13514088,222368603.0,3.9540816326530677,15.68
HK.01928,金沙中国有限公司,2022-08-26 00:00:00,16.42,16.54,16.68,16.42,0.0,0.00102,8255674,139941644.0,1.4723926380368002,16.3
HK.01928,金沙中国有限公司,2022-08-29 00:00:00,16.16,16.46,16.5,15.92,0.0,0.00093,7496124,125940266.0,-0.4836759371221179,16.54
HK.01928,金沙中国有限公司,2022-08-30 00:00:00,16.46,16.7,16.72,16.26,0.0,0.00129,10472757,178150909.0,1.458080194410683,16.46
HK.01928,金沙中国有限公司,2022-08-31 00:00:00,16.36,17.2,17.26,16.34,0.0,0.00203,16432308,288322777.0,2.9940119760479043,16.7
HK.01928,金沙中国有限公司,2022-09-01 00:00:00,16.94,16.66,17.02,16.3,0.0,0.00164,13312644,227013657.0,-3.1395348837209256,17.2
HK.01928,金沙中国有限公司,2022-09-02 00:00:00,16.5,16.74,16.9,16.399999999,0.0,0.0008,6496021,111841679.0,0.480192076830722,16.66
HK.01928,金沙中国有限公司,2022-09-05 00:00:00,16.64,16.2,16.64,16.04,0.0,0.00135,10895605,183142627.0,-3.225806451612898,16.74
HK.01928,金沙中国有限公司,2022-09-06 00:00:00,16.399999999,16.36,16.52,16.239999999,0.0,0.0004,3208177,54120825.0,0.9876543209876552,16.2
HK.01928,金沙中国有限公司,2022-09-07 00:00:00,15.96,16.399999999,16.44,15.68,0.0,0.00201,16227140,266913783.0,0.24449877139363732,16.36
HK.01928,金沙中国有限公司,2022-09-08 00:00:00,16.6,16.18,16.7,16.059999999,0.0,0.00084,6794187,113928971.0,-1.3414634086183745,16.399999999
HK.01928,金沙中国有限公司,2022-09-09 00:00:00,16.04,16.78,16.88,16.04,0.0,0.00103,8303805,142281175.0,3.7082818294190445,16.18
HK.01928,金沙中国有限公司,2022-09-13 00:00:00,16.92,17.18,17.38,16.82,0.0,0.00146,11844431,209019238.0,2.3837902264600626,16.78
HK.01928,金沙中国有限公司,2022-09-14 00:00:00,16.88,17.2,17.26,16.76,0.0,0.00082,6674335,117331343.0,0.11641443538998589,17.18
HK.01928,金沙中国有限公司,2022-09-15 00:00:00,17.08,16.84,17.34,16.76,0.0,0.00068,5510563,96308274.0,-2.0930232558139505,17.2
HK.01928,金沙中国有限公司,2022-09-16 00:00:00,17.0,17.5,18.16,16.98,0.0,0.00307,24862253,449443557.0,3.919239904988124,16.84
HK.01928,金沙中国有限公司,2022-09-19 00:00:00,17.5,17.4,17.64,17.16,0.0,0.00079,6424852,115280400.0,-0.5714285714285796,17.5
HK.01928,金沙中国有限公司,2022-09-20 00:00:00,17.72,18.78,18.8,17.54,0.0,0.00307,24863122,470648545.0,7.931034482758637,17.4
HK.01928,金沙中国有限公司,2022-09-21 00:00:00,18.8,18.4,18.86,18.34,0.0,0.00189,15294119,290828208.0,-2.023429179978714,18.78
HK.01928,金沙中国有限公司,2022-09-22 00:00:00,18.0,17.88,18.08,17.36,0.0,0.00292,23612937,430716145.0,-2.826086956521737,18.4
HK.01928,金沙中国有限公司,2022-09-23 00:00:00,17.7,17.14,17.96,16.94,0.0,0.00242,19568780,347265487.0,-4.138702460850103,17.88
HK.01928,金沙中国有限公司,2022-09-26 00:00:00,19.4,19.9,20.45,18.5,0.0,0.01074,86961302,1756082949.0,16.10268378063009,17.14
HK.01928,金沙中国有限公司,2022-09-27 00:00:00,19.8,20.55,20.7,19.42,0.0,0.00407,32969172,679840121.0,3.266331658291468,19.9
HK.01928,金沙中国有限公司,2022-09-28 00:00:00,20.55,19.85,20.65,19.6,0.0,0.00341,27578730,565785495.0,-3.406326034063257,20.55
HK.01928,金沙中国有限公司,2022-09-29 00:00:00,19.85,19.32,20.05,19.04,0.0,0.00229,18534895,369612383.0,-2.670025188916882,19.85
HK.01928,金沙中国有限公司,2022-09-30 00:00:00,19.44,19.2,19.75,19.1,0.0,0.00335,27107788,537620820.0,-0.6211180124223654,19.32
HK.01928,金沙中国有限公司,2022-10-03 00:00:00,19.06,19.46,19.48,18.84,0.0,0.00408,33044271,651374453.0,1.354166666666675,19.2
HK.01928,金沙中国有限公司,2022-10-05 00:00:00,20.5,20.55,20.8,20.25,0.0,0.00515,41685378,877731913.0,5.601233299075024,19.46
HK.01928,金沙中国有限公司,2022-10-06 00:00:00,20.65,20.75,21.0,20.5,0.0,0.00203,16438329,349737664.0,0.9732360097323567,20.55
HK.01928,金沙中国有限公司,2022-10-07 00:00:00,20.75,21.15,21.5,20.65,0.0,0.00456,36896957,800747253.0,1.9277108433734873,20.75
HK.01928,金沙中国有限公司,2022-10-10 00:00:00,20.55,19.16,20.65,19.12,0.0,0.00347,28102791,562021035.0,-9.408983451536637,21.15
HK.01928,金沙中国有限公司,2022-10-11 00:00:00,19.22,18.32,19.24,18.02,0.0,0.00269,21802071,412173742.0,-4.384133611691022,19.16
HK.01928,金沙中国有限公司,2022-10-12 00:00:00,18.08,17.6,18.26,17.14,0.0,0.00294,23783756,429013988.0,-3.9301310043668063,18.32
HK.01928,金沙中国有限公司,2022-10-13 00:00:00,17.7,16.239999999,17.72,15.7,0.0,0.00611,49429247,838531282.0,-7.727272732954563,17.6
HK.01928,金沙中国有限公司,2022-10-14 00:00:00,16.44,15.739999999,16.74,15.66,0.0,0.00493,39913808,665512766.0,-3.0788177341797196,16.239999999
HK.01928,金沙中国有限公司,2022-10-17 00:00:00,15.48,15.5,15.76,15.06,0.0,0.0038,30764184,487844494.0,-1.5247776303382967,15.739999999
HK.01928,金沙中国有限公司,2022-10-18 00:00:00,15.66,15.68,15.92,14.88,0.0,0.004,32379808,515123191.0,1.1612903225806432,15.5
HK.01928,金沙中国有限公司,2022-10-19 00:00:00,15.44,14.8,15.62,14.72,0.0,0.00314,25401694,395641973.0,-5.612244897959178,15.68
HK.01928,金沙中国有限公司,2022-10-20 00:00:00,14.18,14.58,15.04,13.64,0.0,0.0065,52634210,783209533.0,-1.4864864864864908,14.8
HK.01928,金沙中国有限公司,2022-10-21 00:00:00,14.9,14.36,15.04,13.94,0.0,0.0033,26716614,396299158.0,-1.508916323731143,14.58
HK.01928,金沙中国有限公司,2022-10-24 00:00:00,13.78,13.5,14.22,13.4,0.0,0.00634,51333666,729014359.0,-5.98885793871866,14.36
HK.01928,金沙中国有限公司,2022-10-25 00:00:00,13.4,13.22,13.52,12.7,0.0,0.00392,31726305,432999420.0,-2.0740740740740695,13.5
HK.01928,金沙中国有限公司,2022-10-26 00:00:00,13.08,13.54,14.28,12.92,0.0,0.00977,79069651,1115656079.0,2.4205748865355408,13.22
HK.01928,金沙中国有限公司,2022-10-27 00:00:00,13.98,13.62,14.16,13.56,0.0,0.00263,21281604,304138654.0,0.5908419497784348,13.54
HK.01928,金沙中国有限公司,2022-10-28 00:00:00,13.62,12.62,13.62,12.54,0.0,0.00574,46435437,623032822.0,-7.342143906020558,13.62
HK.01928,金沙中国有限公司,2022-10-31 00:00:00,12.0,13.2,13.56,12.0,0.0,0.00546,44174499,591290506.0,4.595879556259906,12.62
HK.01928,金沙中国有限公司,2022-11-01 00:00:00,13.36,14.78,14.86,12.94,0.0,0.00679,54932453,807691131.0,11.96969696969697,13.2
HK.01928,金沙中国有限公司,2022-11-02 00:00:00,14.72,16.62,16.78,14.46,0.0,0.00676,54678337,885181921.0,12.449255751014897,14.78
HK.01928,金沙中国有限公司,2022-11-03 00:00:00,15.52,15.7,16.079999999,15.46,0.0,0.00343,27797442,452142911.0,-5.5354993983152925,16.62
HK.01928,金沙中国有限公司,2022-11-04 00:00:00,15.98,16.399999999,16.98,15.96,0.0,0.00574,46492505,791156236.0,4.458598719745218,15.7
HK.01928,金沙中国有限公司,2022-11-07 00:00:00,15.96,16.54,17.0,15.62,0.0,0.00306,24725645,421735652.0,0.8536585427349832,16.399999999
HK.01928,金沙中国有限公司,2022-11-08 00:00:00,16.8,17.16,17.5,16.379999999,0.0,0.00245,19836299,346458036.0,3.7484885126964995,16.54
HK.01928,金沙中国有限公司,2022-11-09 00:00:00,17.22,16.66,17.62,16.52,0.0,0.00343,27757934,484694030.0,-2.9137529137529135,17.16
HK.01928,金沙中国有限公司,2022-11-10 00:00:00,16.5,16.3,16.559999999,15.94,0.0,0.00283,22927204,384523270.0,-2.160864345738292,16.66
HK.01928,金沙中国有限公司,2022-11-11 00:00:00,17.5,18.24,18.28,17.1,0.0,0.00568,45982431,839210014.0,11.90184049079753,16.3
HK.01928,金沙中国有限公司,2022-11-14 00:00:00,19.28,18.24,19.3,17.8,0.0,0.00589,47676187,899118479.0,0.0,18.24
HK.01928,金沙中国有限公司,2022-11-15 00:00:00,18.4,19.38,20.0,18.28,0.0,0.00465,37665108,748416951.0,6.250000000000004,18.24
HK.01928,金沙中国有限公司,2022-11-16 00:00:00,19.36,19.5,19.65,19.06,0.0,0.00289,23363492,464419266.0,0.6191950464396336,19.38
HK.01928,金沙中国有限公司,2022-11-17 00:00:00,19.36,19.46,19.65,18.74,0.0,0.00291,23567748,465679195.0,-0.20512820512820074,19.5
HK.01928,金沙中国有限公司,2022-11-18 00:00:00,19.6,19.12,19.75,18.98,0.0,0.00227,18383541,365524445.0,-1.7471736896197319,19.46
HK.01928,金沙中国有限公司,2022-11-21 00:00:00,18.44,17.6,18.5,17.4,0.0,0.00416,33683566,615409339.0,-7.9497907949790765,19.12
HK.01928,金沙中国有限公司,2022-11-22 00:00:00,17.72,17.3,17.92,17.1,0.0,0.00222,17954745,320178184.0,-1.7045454545454586,17.6
HK.01928,金沙中国有限公司,2022-11-23 00:00:00,17.24,17.22,17.44,16.84,0.0,0.00121,9784765,173402720.0,-0.4624277456647506,17.3
HK.01928,金沙中国有限公司,2022-11-24 00:00:00,17.56,17.54,17.64,17.12,0.0,0.00112,9038032,161803023.0,1.8583042973286894,17.22
HK.01928,金沙中国有限公司,2022-11-25 00:00:00,17.62,16.84,17.62,16.74,0.0,0.00187,15174610,264280150.0,-3.9908779931584912,17.54
HK.01928,金沙中国有限公司,2022-11-28 00:00:00,16.84,18.3,18.5,15.94,0.0,0.0053,42934169,775708193.0,8.669833729216156,16.84
HK.01928,金沙中国有限公司,2022-11-29 00:00:00,18.5,19.38,19.42,18.0,0.0,0.0042,34010653,661730365.0,5.901639344262286,18.3
HK.01928,金沙中国有限公司,2022-11-30 00:00:00,19.38,20.5,20.5,19.14,0.0,0.00503,40697159,830764702.0,5.779153766769872,19.38
HK.01928,金沙中国有限公司,2022-12-01 00:00:00,21.85,20.95,22.9,20.75,0.0,0.00878,71095241,1558621467.0,2.195121951219509,20.5
HK.01928,金沙中国有限公司,2022-12-02 00:00:00,21.35,20.85,21.9,20.25,0.0,0.00604,48856008,1050530248.0,-0.4773269689737369,20.95
HK.01928,金沙中国有限公司,2022-12-05 00:00:00,21.5,23.8,24.2,21.15,0.0,0.00906,73332667,1723892281.0,14.14868105515587,20.85
HK.01928,金沙中国有限公司,2022-12-06 00:00:00,23.3,24.2,24.85,23.15,0.0,0.00657,53175488,1306432713.0,1.680672268907557,23.8
HK.01928,金沙中国有限公司,2022-12-07 00:00:00,24.2,23.0,26.4,22.75,0.0,0.01167,94412519,2381053121.0,-4.958677685950411,24.2
HK.01928,金沙中国有限公司,2022-12-08 00:00:00,23.4,25.35,25.95,23.4,0.0,0.00796,64398717,1636351132.0,10.217391304347831,23.0
HK.01928,金沙中国有限公司,2022-12-09 00:00:00,25.35,25.8,26.7,24.7,0.0,0.00763,61746805,1626940334.0,1.7751479289940801,25.35
HK.01928,金沙中国有限公司,2022-12-12 00:00:00,25.85,24.95,26.7,24.65,0.0,0.00492,39781726,1029808182.0,-3.2945736434108577,25.8
HK.01928,金沙中国有限公司,2022-12-13 00:00:00,25.1,26.05,26.3,24.9,0.0,0.00325,26262934,691436380.0,4.408817635270547,24.95
HK.01928,金沙中国有限公司,2022-12-14 00:00:00,26.5,25.45,26.5,25.1,0.0,0.00381,30839955,809553514.0,-2.303262955854132,26.05
HK.01928,金沙中国有限公司,2022-12-15 00:00:00,25.6,25.15,25.6,24.6,0.0,0.00232,18811950,482625800.0,-1.178781925343814,25.45
HK.01928,金沙中国有限公司,2022-12-16 00:00:00,25.05,25.4,25.65,24.6,0.0,0.00375,30318518,782368944.0,0.9940357852882704,25.15
HK.01928,金沙中国有限公司,2022-12-19 00:00:00,25.0,24.4,25.5,24.0,0.0,0.00507,41061892,1022938657.0,-3.937007874015748,25.4
HK.01928,金沙中国有限公司,2022-12-20 00:00:00,24.3,24.7,25.0,24.0,0.0,0.00318,25747433,645794229.0,1.2295081967213144,24.4
HK.01928,金沙中国有限公司,2022-12-21 00:00:00,24.9,24.65,24.9,23.85,0.0,0.00295,23866053,594791407.0,-0.2024291497975737,24.7
HK.01928,金沙中国有限公司,2022-12-22 00:00:00,25.15,24.85,25.25,24.35,0.0,0.00287,23233829,585789374.0,0.81135902636918,24.65
HK.01928,金沙中国有限公司,2022-12-23 00:00:00,24.3,24.5,24.7,23.95,0.0,0.00208,16852549,419099678.0,-1.4084507042253578,24.85
HK.01928,金沙中国有限公司,2022-12-28 00:00:00,25.35,24.9,25.6,24.0,0.0,0.00576,46638082,1171876654.0,1.632653061224484,24.5
HK.01928,金沙中国有限公司,2022-12-29 00:00:00,24.6,25.3,25.5,24.4,0.0,0.0035,28366579,726366192.0,1.6064257028112534,24.9
HK.01928,金沙中国有限公司,2022-12-30 00:00:00,25.7,25.4,26.0,25.4,0.0,0.0025,20197729,528320025.0,0.395256916996039,25.3
HK.01928,金沙中国有限公司,2023-01-03 00:00:00,25.4,26.4,27.7,24.95,0.0,0.00393,31833140,865317760.0,3.937007874015748,25.4
HK.01928,金沙中国有限公司,2023-01-04 00:00:00,26.8,27.55,27.55,26.1,0.0,0.00364,29435503,810609392.0,4.356060606060614,26.4
HK.01928,金沙中国有限公司,2023-01-05 00:00:00,28.15,27.3,28.6,27.2,0.0,0.00405,32785602,920941198.0,-0.9074410163339384,27.55
HK.01928,金沙中国有限公司,2023-01-06 00:00:00,28.0,26.5,28.1,26.0,0.0,0.00393,31800731,867176457.0,-2.930402930402933,27.3
HK.01928,金沙中国有限公司,2023-01-09 00:00:00,26.8,27.5,28.1,26.8,0.0,0.00314,25449344,711620431.0,3.7735849056603774,26.5
HK.01928,金沙中国有限公司,2023-01-10 00:00:00,27.9,28.85,29.1,27.55,0.0,0.00428,34632332,1006520152.0,4.9090909090909145,27.5
HK.01928,金沙中国有限公司,2023-01-11 00:00:00,28.95,27.9,29.2,27.75,0.0,0.00305,24687817,710950942.0,-3.2928942807625745,28.85
HK.01928,金沙中国有限公司,2023-01-12 00:00:00,28.6,27.6,29.0,27.05,0.0,0.00268,21699433,612065096.0,-1.075268817204291,27.9
HK.01928,金沙中国有限公司,2023-01-13 00:00:00,27.75,28.25,28.35,27.55,0.0,0.00195,15763214,448644670.0,2.355072463768111,27.6
HK.01928,金沙中国有限公司,2023-01-16 00:00:00,28.55,28.25,29.4,28.0,0.0,0.0027,21844351,635514022.0,0.0,28.25
HK.01928,金沙中国有限公司,2023-01-17 00:00:00,27.95,27.45,28.2,27.15,0.0,0.00248,20038130,561895753.0,-2.831858407079648,28.25
HK.01928,金沙中国有限公司,2023-01-18 00:00:00,27.1,28.5,28.85,27.05,0.0,0.00197,15977114,461193380.0,3.825136612021861,27.45
HK.01928,金沙中国有限公司,2023-01-19 00:00:00,28.4,29.25,29.3,28.05,0.0,0.00284,22944811,675330115.0,2.631578947368421,28.5
HK.01928,金沙中国有限公司,2023-01-20 00:00:00,29.15,29.5,29.7,29.05,0.0,0.00189,15325398,458231892.0,0.8547008547008548,29.25
HK.01928,金沙中国有限公司,2023-01-26 00:00:00,30.3,28.85,31.05,28.1,0.0,0.00568,45933399,1374582164.0,-2.2033898305084696,29.5
HK.01928,金沙中国有限公司,2023-01-27 00:00:00,29.45,30.05,30.3,28.75,0.0,0.00433,35010355,1057133058.0,4.159445407279027,28.85
HK.01928,金沙中国有限公司,2023-01-30 00:00:00,30.05,28.35,30.2,28.1,0.0,0.00573,46359463,1355341812.0,-5.657237936772044,30.05
HK.01928,金沙中国有限公司,2023-01-31 00:00:00,28.4,28.8,28.9,27.75,0.0,0.00365,29576906,858472586.0,1.5873015873015848,28.35
HK.01928,金沙中国有限公司,2023-02-01 00:00:00,29.05,29.45,30.0,28.35,0.0,0.00421,34032930,1009692319.0,2.2569444444444398,28.8
HK.01928,金沙中国有限公司,2023-02-02 00:00:00,29.55,28.65,30.0,28.0,0.0,0.00365,29568483,863210801.0,-2.716468590831921,29.45
HK.01928,金沙中国有限公司,2023-02-03 00:00:00,28.5,28.35,28.5,27.6,0.0,0.00267,21614864,616369999.0,-1.0471204188481578,28.65
HK.01928,金沙中国有限公司,2023-02-06 00:00:00,27.8,27.65,27.95,27.2,0.0,0.0027,21857867,613950616.0,-2.469135802469146,28.35
HK.01928,金沙中国有限公司,2023-02-07 00:00:00,27.7,27.65,28.1,27.6,0.0,0.00094,7615552,215148898.0,0.0,27.65
HK.01928,金沙中国有限公司,2023-02-08 00:00:00,27.6,27.5,28.15,27.45,0.0,0.00133,10739064,303162401.0,-0.5424954792043348,27.65
HK.01928,金沙中国有限公司,2023-02-09 00:00:00,27.45,29.0,29.05,27.45,0.0,0.00341,27623457,804265103.0,5.454545454545454,27.5
HK.01928,金沙中国有限公司,2023-02-10 00:00:00,28.8,28.25,29.3,28.05,0.0,0.00234,18954438,549136633.0,-2.586206896551724,29.0
HK.01928,金沙中国有限公司,2023-02-13 00:00:00,27.9,28.25,28.4,27.4,0.0,0.00155,12554161,358331119.0,0.0,28.25
HK.01928,金沙中国有限公司,2023-02-14 00:00:00,28.5,28.6,28.7,28.1,0.0,0.00133,10794102,312239841.0,1.2389380530973502,28.25
HK.01928,金沙中国有限公司,2023-02-15 00:00:00,28.6,28.6,28.8,28.2,0.0,0.00117,9488739,275613419.0,0.0,28.6
HK.01928,金沙中国有限公司,2023-02-16 00:00:00,29.05,28.55,29.3,28.45,0.0,0.00105,8529933,250222105.0,-0.1748251748251773,28.6
HK.01928,金沙中国有限公司,2023-02-17 00:00:00,28.55,27.65,28.65,27.5,0.0,0.00136,10973483,311903160.0,-3.1523642732049115,28.55
HK.01928,金沙中国有限公司,2023-02-20 00:00:00,27.5,27.3,27.6,26.25,0.0,0.00159,12893105,355678982.0,-1.265822784810119,27.65
HK.01928,金沙中国有限公司,2023-02-21 00:00:00,27.5,27.15,27.85,27.0,0.0,0.00116,9352961,259947227.0,-0.5494505494505573,27.3
HK.01928,金沙中国有限公司,2023-02-22 00:00:00,27.15,27.05,27.25,26.55,0.0,0.00117,9435638,259216799.0,-0.36832412523019475,27.15
HK.01928,金沙中国有限公司,2023-02-23 00:00:00,27.0,26.95,27.55,26.8,0.0,0.00151,12211913,336990844.0,-0.36968576709797196,27.05
HK.01928,金沙中国有限公司,2023-02-24 00:00:00,26.9,27.2,27.55,26.8,0.0,0.00128,10391023,287841504.0,0.927643784786642,26.95
HK.01928,金沙中国有限公司,2023-02-27 00:00:00,27.0,27.15,27.35,26.6,0.0,0.00151,12253194,338056739.0,-0.18382352941176733,27.2
HK.01928,金沙中国有限公司,2023-02-28 00:00:00,27.35,26.7,27.75,26.65,0.0,0.00187,15157953,416151256.0,-1.6574585635359091,27.15
HK.01928,金沙中国有限公司,2023-03-01 00:00:00,26.95,28.05,28.25,26.55,0.0,0.00189,15289264,432210314.0,5.056179775280905,26.7
HK.01928,金沙中国有限公司,2023-03-02 00:00:00,27.55,26.65,28.15,26.5,0.0,0.0019,15359715,422963359.0,-4.991087344028529,28.05
HK.01928,金沙中国有限公司,2023-03-03 00:00:00,27.3,27.0,27.6,26.75,0.0,0.00144,11633520,320919229.0,1.313320825515953,26.65
HK.01928,金沙中国有限公司,2023-03-06 00:00:00,27.0,27.65,27.9,26.75,0.0,0.00156,12609059,354070314.0,2.407407407407402,27.0
HK.01928,金沙中国有限公司,2023-03-07 00:00:00,27.6,27.45,28.0,27.15,0.0,0.00138,11165343,313368283.0,-0.7233273056057841,27.65
HK.01928,金沙中国有限公司,2023-03-08 00:00:00,27.0,26.8,27.2,26.7,0.0,0.0017,13721962,377814160.0,-2.367941712204002,27.45
HK.01928,金沙中国有限公司,2023-03-09 00:00:00,26.9,26.95,27.2,26.6,0.0,0.00121,9823402,269823141.0,0.559701492537308,26.8
HK.01928,金沙中国有限公司,2023-03-10 00:00:00,26.5,25.6,26.65,25.0,0.0,0.00283,22938362,598457922.0,-5.009276437847858,26.95
HK.01928,金沙中国有限公司,2023-03-13 00:00:00,25.6,26.7,26.95,25.35,0.0,0.00178,14434854,387382766.0,4.296874999999992,25.6
HK.01928,金沙中国有限公司,2023-03-14 00:00:00,26.45,26.0,26.85,25.85,0.0,0.00147,11910583,318848372.0,-2.621722846441945,26.7
HK.01928,金沙中国有限公司,2023-03-15 00:00:00,26.6,25.7,26.75,25.65,0.0,0.00127,10304766,272601400.0,-1.1538461538461564,26.0
HK.01928,金沙中国有限公司,2023-03-16 00:00:00,25.65,25.75,25.85,25.1,0.0,0.00206,16695116,434771901.0,0.19455252918288216,25.7
HK.01928,金沙中国有限公司,2023-03-17 00:00:00,26.4,26.3,26.5,25.9,0.0,0.00132,10653847,285169598.0,2.13592233009709,25.75
HK.01928,金沙中国有限公司,2023-03-20 00:00:00,26.1,25.4,26.1,25.1,0.0,0.00225,18190840,471758258.0,-3.4220532319391714,26.3
HK.01928,金沙中国有限公司,2023-03-21 00:00:00,25.8,26.1,26.15,25.4,0.0,0.0013,10485145,276542296.0,2.755905511811035,25.4
HK.01928,金沙中国有限公司,2023-03-22 00:00:00,26.1,26.75,26.9,26.1,0.0,0.00196,15873201,430850881.0,2.4904214559386917,26.1
HK.01928,金沙中国有限公司,2023-03-23 00:00:00,26.7,26.45,26.7,25.95,0.0,0.00176,14263972,381399168.0,-1.1214953271028065,26.75
HK.01928,金沙中国有限公司,2023-03-24 00:00:00,26.45,26.1,26.6,25.8,0.0,0.0008,6440560,171723250.0,-1.3232514177693682,26.45
HK.01928,金沙中国有限公司,2023-03-27 00:00:00,26.2,25.9,26.7,25.6,0.0,0.00264,21336586,568978992.0,-0.7662835249042255,26.1
HK.01928,金沙中国有限公司,2023-03-28 00:00:00,25.9,25.85,26.15,25.6,0.0,0.00088,7090568,186919157.0,-0.1930501930501821,25.9
HK.01928,金沙中国有限公司,2023-03-29 00:00:00,25.95,25.8,26.45,25.6,0.0,0.00124,10019572,264572292.0,-0.19342359767891956,25.85
HK.01928,金沙中国有限公司,2023-03-30 00:00:00,25.8,26.1,26.1,25.35,0.0,0.00156,12660365,332540331.0,1.1627906976744213,25.8
HK.01928,金沙中国有限公司,2023-03-31 00:00:00,26.2,26.8,27.4,26.2,0.0,0.00258,20858727,572256797.0,2.6819923371647483,26.1
HK.01928,金沙中国有限公司,2023-04-03 00:00:00,27.05,28.7,28.7,27.05,0.0,0.00351,28399964,819299423.0,7.089552238805965,26.8
HK.01928,金沙中国有限公司,2023-04-04 00:00:00,29.05,28.75,29.05,28.3,0.0,0.00153,12421195,362852821.0,0.17421602787456694,28.7
HK.01928,金沙中国有限公司,2023-04-06 00:00:00,28.3,28.3,28.5,27.95,0.0,0.00135,10918553,313574618.0,-1.5652173913043455,28.75
HK.01928,金沙中国有限公司,2023-04-11 00:00:00,28.8,28.4,28.95,28.15,0.0,0.00148,11959172,347084983.0,0.3533568904593564,28.3
HK.01928,金沙中国有限公司,2023-04-12 00:00:00,28.4,27.75,28.5,27.55,0.0,0.00155,12526298,354493088.0,-2.2887323943661926,28.4
HK.01928,金沙中国有限公司,2023-04-13 00:00:00,27.3,28.0,28.0,26.8,0.0,0.00109,8855936,248455493.0,0.9009009009009009,27.75
HK.01928,金沙中国有限公司,2023-04-14 00:00:00,28.0,27.1,28.0,27.0,0.0,0.00229,18517934,514577443.0,-3.214285714285709,28.0
HK.01928,金沙中国有限公司,2023-04-17 00:00:00,27.1,27.9,28.05,27.1,0.0,0.00228,18422764,519095788.0,2.9520295202951923,27.1
HK.01928,金沙中国有限公司,2023-04-18 00:00:00,27.65,27.6,27.95,27.15,0.0,0.00122,9898679,277096855.0,-1.075268817204291,27.9
HK.01928,金沙中国有限公司,2023-04-19 00:00:00,27.5,28.25,28.6,27.5,0.0,0.00266,21560766,617724138.0,2.355072463768111,27.6
HK.01928,金沙中国有限公司,2023-04-20 00:00:00,29.2,29.4,29.55,28.8,0.0,0.00419,33886258,1006885684.0,4.070796460176986,28.25
HK.01928,金沙中国有限公司,2023-04-21 00:00:00,29.15,28.95,29.3,28.6,0.0,0.00218,17668693,519452075.0,-1.5306122448979569,29.4
HK.01928,金沙中国有限公司,2023-04-24 00:00:00,28.95,28.6,29.05,27.85,0.0,0.00197,15967192,459247036.0,-1.2089810017271083,28.95
HK.01928,金沙中国有限公司,2023-04-25 00:00:00,28.35,27.3,28.45,27.2,0.0,0.00208,16863417,474186295.0,-4.545454545454548,28.6
HK.01928,金沙中国有限公司,2023-04-26 00:00:00,27.25,27.35,27.45,26.55,0.0,0.00154,12463504,344752338.0,0.18315018315018575,27.3
HK.01928,金沙中国有限公司,2023-04-27 00:00:00,27.0,27.05,27.5,26.85,0.0,0.00129,10418286,288562935.0,-1.0968921389396735,27.35
HK.01928,金沙中国有限公司,2023-04-28 00:00:00,27.05,27.35,27.85,26.9,0.0,0.00267,21642103,602338678.0,1.1090573012939027,27.05
HK.01928,金沙中国有限公司,2023-05-02 00:00:00,28.4,27.85,28.6,26.9,0.0,0.00342,27666300,781448851.0,1.8281535648994516,27.35
HK.01928,金沙中国有限公司,2023-05-03 00:00:00,27.3,26.45,27.45,26.1,0.0,0.00245,19819627,534981052.0,-5.026929982046686,27.85
HK.01928,金沙中国有限公司,2023-05-04 00:00:00,26.15,26.65,26.75,25.7,0.0,0.00272,22007700,589281625.0,0.7561436672967837,26.45
HK.01928,金沙中国有限公司,2023-05-05 00:00:00,26.65,26.4,26.75,26.25,0.0,0.00125,10087466,272254946.0,-0.9380863039399625,26.65
HK.01928,金沙中国有限公司,2023-05-08 00:00:00,26.4,25.6,26.7,25.45,0.0,0.00252,20403465,536630749.0,-3.0303030303030196,26.4
HK.01928,金沙中国有限公司,2023-05-09 00:00:00,25.5,24.6,25.5,24.2,0.0,0.00352,28449757,719278910.0,-3.90625,25.6
HK.01928,金沙中国有限公司,2023-05-10 00:00:00,24.6,25.25,25.4,24.25,0.0,0.00167,13505111,343803813.0,2.6422764227642217,24.6
HK.01928,金沙中国有限公司,2023-05-11 00:00:00,25.3,25.5,25.6,24.9,0.0,0.00222,17930863,461645546.0,0.9900990099009901,25.25
HK.01928,金沙中国有限公司,2023-05-12 00:00:00,25.7,25.35,25.8,25.0,0.0,0.00157,12715002,328189423.0,-0.5882352941176415,25.5
HK.01928,金沙中国有限公司,2023-05-15 00:00:00,25.0,25.95,26.1,25.0,0.0,0.002,16206147,423161978.0,2.3668639053254354,25.35
HK.01928,金沙中国有限公司,2023-05-16 00:00:00,26.1,26.25,26.45,25.9,0.0,0.00131,10622273,283680914.0,1.1560693641618525,25.95
HK.01928,金沙中国有限公司,2023-05-17 00:00:00,26.4,25.75,26.5,25.7,0.0,0.00246,19910276,529529630.0,-1.9047619047619049,26.25
HK.01928,金沙中国有限公司,2023-05-18 00:00:00,26.0,26.1,26.25,25.85,0.0,0.00074,6018470,159867538.0,1.3592233009708794,25.75
HK.01928,金沙中国有限公司,2023-05-19 00:00:00,26.0,26.0,26.3,25.4,0.0,0.00125,10096002,266895534.0,-0.38314176245211273,26.1
HK.01928,金沙中国有限公司,2023-05-22 00:00:00,26.15,26.0,26.4,25.8,0.0,0.00077,6195729,164848463.0,0.0,26.0
HK.01928,金沙中国有限公司,2023-05-23 00:00:00,25.7,25.65,25.95,25.3,0.0,0.00087,7076737,185123327.0,-1.3461538461538516,26.0
HK.01928,金沙中国有限公司,2023-05-24 00:00:00,25.3,24.25,25.3,24.0,0.0,0.00255,20633722,512194055.0,-5.45808966861598,25.65
HK.01928,金沙中国有限公司,2023-05-25 00:00:00,24.15,24.2,24.2,23.5,0.0,0.00194,15706873,382661089.0,-0.20618556701031218,24.25
HK.01928,金沙中国有限公司,2023-05-29 00:00:00,24.25,24.65,24.9,24.2,0.0,0.00138,11152500,279694159.0,1.8595041322314023,24.2
HK.01928,金沙中国有限公司,2023-05-30 00:00:00,24.6,25.25,25.25,24.2,0.0,0.00114,9260084,236118261.0,2.434077079107511,24.65
HK.01928,金沙中国有限公司,2023-05-31 00:00:00,25.5,24.85,25.5,24.35,0.0,0.00287,23207791,587748236.0,-1.5841584158415787,25.25
HK.01928,金沙中国有限公司,2023-06-01 00:00:00,24.85,24.3,25.5,24.2,0.0,0.00194,15712125,397335003.0,-2.213279678068413,24.85
HK.01928,金沙中国有限公司,2023-06-02 00:00:00,25.1,26.0,26.3,24.75,0.0,0.00326,26352263,689100972.0,6.9958847736625485,24.3
HK.01928,金沙中国有限公司,2023-06-05 00:00:00,25.95,26.0,26.3,25.75,0.0,0.00105,8528871,226048137.0,0.0,26.0
HK.01928,金沙中国有限公司,2023-06-06 00:00:00,26.1,26.0,26.35,25.8,0.0,0.00075,6107632,161889992.0,0.0,26.0
HK.01928,金沙中国有限公司,2023-06-07 00:00:00,26.4,27.0,27.3,26.2,0.0,0.00185,15007392,411135397.0,3.8461538461538463,26.0
HK.01928,金沙中国有限公司,2023-06-08 00:00:00,26.85,26.75,26.95,26.3,0.0,0.00097,7858535,213829491.0,-0.9259259259259258,27.0
HK.01928,金沙中国有限公司,2023-06-09 00:00:00,27.0,26.8,27.25,26.7,0.0,0.00085,6849990,187669466.0,0.18691588785046995,26.75
HK.01928,金沙中国有限公司,2023-06-12 00:00:00,26.85,27.15,27.25,26.75,0.0,0.00123,9933199,273420005.0,1.3059701492537232,26.8
HK.01928,金沙中国有限公司,2023-06-13 00:00:00,27.2,27.65,27.75,27.0,0.0,0.00197,15979133,448368900.0,1.841620626151013,27.15
HK.01928,金沙中国有限公司,2023-06-14 00:00:00,27.65,28.0,28.3,27.5,0.0,0.00245,19854376,565602856.0,1.2658227848101318,27.65
HK.01928,金沙中国有限公司,2023-06-15 00:00:00,28.25,28.4,28.4,27.5,0.0,0.00128,10328111,295066357.0,1.4285714285714235,28.0
HK.01928,金沙中国有限公司,2023-06-16 00:00:00,28.4,28.35,28.7,28.2,0.0,0.00201,16280526,470766631.0,-0.176056338028159,28.4
HK.01928,金沙中国有限公司,2023-06-19 00:00:00,28.35,28.25,28.45,27.95,0.0,0.00137,11084673,317741402.0,-0.35273368606702443,28.35
HK.01928,金沙中国有限公司,2023-06-20 00:00:00,28.25,28.2,28.9,28.1,0.0,0.00148,11961939,345687811.0,-0.1769911504424804,28.25
HK.01928,金沙中国有限公司,2023-06-21 00:00:00,27.85,27.7,27.9,27.45,0.0,0.00117,9485601,267340470.0,-1.773049645390071,28.2
HK.01928,金沙中国有限公司,2023-06-23 00:00:00,27.65,27.5,27.75,27.3,0.0,0.00108,8738887,244800124.0,-0.7220216606498169,27.7
HK.01928,金沙中国有限公司,2023-06-26 00:00:00,27.4,27.0,27.5,26.75,0.0,0.00166,13433307,369869824.0,-1.8181818181818181,27.5
HK.01928,金沙中国有限公司,2023-06-27 00:00:00,26.95,26.8,27.05,26.4,0.0,0.00131,10606500,289460805.0,-0.740740740740738,27.0
HK.01928,金沙中国有限公司,2023-06-28 00:00:00,26.8,27.2,27.3,26.55,0.0,0.00064,5208607,143566176.0,1.4925373134328304,26.8
HK.01928,金沙中国有限公司,2023-06-29 00:00:00,27.25,26.4,27.3,26.25,0.0,0.00105,8505200,230612250.0,-2.941176470588238,27.2
HK.01928,金沙中国有限公司,2023-06-30 00:00:00,26.3,26.2,26.75,26.15,0.0,0.00118,9560183,256354961.0,-0.7575757575757549,26.4
HK.01928,金沙中国有限公司,2023-07-03 00:00:00,26.2,27.4,27.7,26.0,0.0,0.00158,12793419,354335649.0,4.580152671755722,26.2
HK.01928,金沙中国有限公司,2023-07-04 00:00:00,27.3,27.7,27.9,27.2,0.0,0.00079,6402498,179554015.0,1.0948905109489078,27.4
HK.01928,金沙中国有限公司,2023-07-05 00:00:00,27.5,27.7,27.9,27.45,0.0,0.00092,7413483,209165008.0,0.0,27.7
HK.01928,金沙中国有限公司,2023-07-06 00:00:00,27.3,26.2,27.45,26.05,0.0,0.00179,14487700,389930116.0,-5.415162454873646,27.7
HK.01928,金沙中国有限公司,2023-07-07 00:00:00,25.8,26.3,26.55,25.55,0.0,0.00162,13097120,349821224.0,0.38167938931298256,26.2
HK.01928,金沙中国有限公司,2023-07-10 00:00:00,27.0,26.9,27.25,26.55,0.0,0.00111,8988299,245437369.0,2.2813688212927676,26.3
HK.01928,金沙中国有限公司,2023-07-11 00:00:00,27.3,27.75,28.2,27.0,0.0,0.00218,17611610,498088896.0,3.159851301115247,26.9
HK.01928,金沙中国有限公司,2023-07-12 00:00:00,27.55,27.85,28.1,27.55,0.0,0.00077,6221416,176375671.0,0.3603603603603655,27.75
HK.01928,金沙中国有限公司,2023-07-13 00:00:00,28.3,28.25,28.9,28.2,0.0,0.00214,17299685,502435457.0,1.4362657091561888,27.85
HK.01928,金沙中国有限公司,2023-07-14 00:00:00,28.25,28.3,28.6,28.15,0.0,0.00137,11106409,320696418.0,0.1769911504424804,28.25
HK.01928,金沙中国有限公司,2023-07-18 00:00:00,27.9,27.9,28.15,27.6,0.0,0.00093,7564165,214906263.0,-1.4134275618374632,28.3
HK.01928,金沙中国有限公司,2023-07-19 00:00:00,27.6,27.65,27.9,27.35,0.0,0.00078,6326187,177624408.0,-0.896057347670251,27.9
HK.01928,金沙中国有限公司,2023-07-20 00:00:00,27.5,27.15,27.7,26.95,0.0,0.00108,8710292,242018778.0,-1.8083182640144666,27.65
HK.01928,金沙中国有限公司,2023-07-21 00:00:00,26.85,27.1,27.4,26.8,0.0,0.00093,7506828,206890110.0,-0.18416206261509083,27.15
HK.01928,金沙中国有限公司,2023-07-24 00:00:00,26.7,27.05,27.3,26.55,0.0,0.00081,6521084,179213487.0,-0.1845018450184528,27.1
HK.01928,金沙中国有限公司,2023-07-25 00:00:00,27.7,27.6,28.0,27.4,0.0,0.00181,14618709,410952096.0,2.0332717190388196,27.05
HK.01928,金沙中国有限公司,2023-07-26 00:00:00,27.65,28.65,28.75,27.65,0.0,0.0018,14546927,419781165.0,3.8043478260869463,27.6
HK.01928,金沙中国有限公司,2023-07-27 00:00:00,28.85,30.25,30.45,28.8,0.0,0.00474,38391274,1155257954.0,5.584642233856899,28.65
HK.01928,金沙中国有限公司,2023-07-28 00:00:00,30.25,30.3,30.4,29.7,0.0,0.0024,19460465,598197922.0,0.16528925619834947,30.25
HK.01928,金沙中国有限公司,2023-07-31 00:00:00,30.85,29.25,30.95,29.05,0.0,0.00244,19786564,594436294.0,-3.4653465346534675,30.3
HK.01928,金沙中国有限公司,2023-08-01 00:00:00,29.25,29.15,29.45,28.85,0.0,0.00137,11096272,328763924.0,-0.3418803418803467,29.25
HK.01928,金沙中国有限公司,2023-08-02 00:00:00,29.0,28.65,29.4,28.25,0.0,0.00142,11470273,334537433.0,-1.7152658662092626,29.15
HK.01928,金沙中国有限公司,2023-08-03 00:00:00,28.5,29.05,29.65,28.3,0.0,0.00125,10101085,299681206.0,1.396160558464231,28.65
HK.01928,金沙中国有限公司,2023-08-04 00:00:00,29.3,29.4,29.55,28.85,0.0,0.00188,15240022,453449111.0,1.2048192771084263,29.05
HK.01928,金沙中国有限公司,2023-08-07 00:00:00,29.0,29.35,29.45,28.7,0.0,0.00078,6320610,188016345.0,-0.1700680272108747,29.4
HK.01928,金沙中国有限公司,2023-08-08 00:00:00,29.0,28.7,29.15,28.55,0.0,0.00087,7022863,205625521.0,-2.2146507666098882,29.35
HK.01928,金沙中国有限公司,2023-08-09 00:00:00,28.6,28.4,28.6,28.05,0.0,0.00143,11553328,332329209.0,-1.0452961672473893,28.7
HK.01928,金沙中国有限公司,2023-08-10 00:00:00,28.3,28.6,28.8,27.85,0.0,0.00172,13960453,402201889.0,0.7042253521126861,28.4
HK.01928,金沙中国有限公司,2023-08-11 00:00:00,28.9,28.1,28.9,27.85,0.0,0.00097,7823873,223637857.0,-1.7482517482517481,28.6
HK.01928,金沙中国有限公司,2023-08-14 00:00:00,27.5,27.7,27.8,26.5,0.0,0.0014,11316062,313993082.0,-1.4234875444839934,28.1
HK.01928,金沙中国有限公司,2023-08-15 00:00:00,27.75,27.4,27.8,27.25,0.0,0.00054,4361299,122048131.0,-1.0830324909747318,27.7
HK.01928,金沙中国有限公司,2023-08-16 00:00:00,27.1,27.0,27.3,26.75,0.0,0.00092,7436009,204131373.0,-1.459854014598535,27.4
HK.01928,金沙中国有限公司,2023-08-17 00:00:00,26.5,26.55,26.75,25.85,0.0,0.00206,16649837,448874185.0,-1.6666666666666639,27.0
HK.01928,金沙中国有限公司,2023-08-18 00:00:00,26.2,25.55,26.25,25.25,0.0,0.00275,22248016,580981763.0,-3.766478342749529,26.55
HK.01928,金沙中国有限公司,2023-08-21 00:00:00,25.5,24.9,25.65,24.5,0.0,0.00169,13689998,348758521.0,-2.544031311154607,25.55
HK.01928,金沙中国有限公司,2023-08-22 00:00:00,25.1,25.6,25.8,25.05,0.0,0.00139,11244601,291955034.0,2.8112449799196906,24.9
HK.01928,金沙中国有限公司,2023-08-23 00:00:00,25.6,25.25,25.8,25.0,0.0,0.0011,8903663,229679152.0,-1.3671875000000056,25.6
HK.01928,金沙中国有限公司,2023-08-24 00:00:00,25.7,26.05,26.4,25.4,0.0,0.00159,12843630,338823830.0,3.168316831683171,25.25
HK.01928,金沙中国有限公司,2023-08-25 00:00:00,25.95,25.7,25.95,25.5,0.0,0.00122,9841613,258402551.0,-1.3435700575815792,26.05
HK.01928,金沙中国有限公司,2023-08-28 00:00:00,26.5,26.0,26.65,25.95,0.0,0.00101,8198230,219309036.0,1.167315175097279,25.7
HK.01928,金沙中国有限公司,2023-08-29 00:00:00,26.35,26.35,26.65,26.15,0.0,0.0007,5637160,151932254.0,1.3461538461538516,26.0
HK.01928,金沙中国有限公司,2023-08-30 00:00:00,26.35,26.1,26.7,26.0,0.0,0.0011,8862465,237230420.0,-0.9487666034155597,26.35
HK.01928,金沙中国有限公司,2023-08-31 00:00:00,26.05,26.05,26.35,25.85,0.0,0.00099,8010309,212412249.0,-0.19157088122605637,26.1
HK.01928,金沙中国有限公司,2023-09-04 00:00:00,26.4,26.85,26.9,26.3,0.0,0.00163,13162752,357365903.0,3.0710172744721715,26.05
HK.01928,金沙中国有限公司,2023-09-05 00:00:00,26.6,25.9,26.85,25.75,0.0,0.00158,12763340,338590208.0,-3.538175046554945,26.85
HK.01928,金沙中国有限公司,2023-09-06 00:00:00,25.9,25.95,26.2,25.65,0.0,0.00091,7401271,195653157.0,0.1930501930501958,25.9
HK.01928,金沙中国有限公司,2023-09-07 00:00:00,25.85,25.4,25.85,25.2,0.0,0.00082,6598120,170564312.0,-2.1194605009633936,25.95
HK.01928,金沙中国有限公司,2023-09-11 00:00:00,25.1,24.85,25.25,24.25,0.0,0.0024,19425538,487761720.0,-2.1653543307086505,25.4
HK.01928,金沙中国有限公司,2023-09-12 00:00:00,24.85,25.4,25.55,24.6,0.0,0.00094,7638264,196585866.0,2.2132796780683988,24.85
HK.01928,金沙中国有限公司,2023-09-13 00:00:00,25.4,25.35,25.75,25.3,0.0,0.00075,6089422,157916701.0,-0.1968503937007762,25.4
HK.01928,金沙中国有限公司,2023-09-14 00:00:00,25.15,25.15,25.4,25.0,0.0,0.00089,7173293,184016860.0,-0.7889546351084924,25.35
HK.01928,金沙中国有限公司,2023-09-15 00:00:00,25.2,25.15,25.45,24.75,0.0,0.00114,9224742,237188377.0,0.0,25.15
HK.01928,金沙中国有限公司,2023-09-18 00:00:00,24.85,25.1,25.35,24.55,0.0,0.00125,10123038,259187512.0,-0.1988071570576428,25.15
HK.01928,金沙中国有限公司,2023-09-19 00:00:00,25.2,24.8,25.3,24.6,0.0,0.00119,9592230,242731421.0,-1.1952191235059788,25.1
HK.01928,金沙中国有限公司,2023-09-20 00:00:00,24.8,24.65,25.05,24.6,0.0,0.00095,7660907,193474949.0,-0.6048387096774279,24.8
HK.01928,金沙中国有限公司,2023-09-21 00:00:00,24.5,24.2,24.65,24.1,0.0,0.0015,12157361,301442756.0,-1.825557809330626,24.65
HK.01928,金沙中国有限公司,2023-09-22 00:00:00,24.1,24.7,24.8,23.8,0.0,0.00177,14350234,358185562.0,2.066115702479339,24.2
HK.01928,金沙中国有限公司,2023-09-25 00:00:00,24.4,23.4,24.6,23.2,0.0,0.00248,20098025,485753373.0,-5.263157894736845,24.7
HK.01928,金沙中国有限公司,2023-09-26 00:00:00,22.9,23.4,23.65,22.9,0.0,0.00252,20374361,485107571.0,0.0,23.4
HK.01928,金沙中国有限公司,2023-09-27 00:00:00,23.5,23.7,24.1,23.45,0.0,0.00134,10877172,263366359.0,1.282051282051285,23.4
HK.01928,金沙中国有限公司,2023-09-28 00:00:00,23.5,22.55,23.6,22.5,0.0,0.00343,27722232,647095369.0,-4.85232067510548,23.7
HK.01928,金沙中国有限公司,2023-09-29 00:00:00,22.7,23.5,23.75,22.55,0.0,0.00247,19980922,475927687.0,4.2128603104212825,22.55
HK.01928,金沙中国有限公司,2023-10-03 00:00:00,23.2,22.55,23.2,22.45,0.0,0.00355,28761238,667085911.0,-4.042553191489358,23.5
HK.01928,金沙中国有限公司,2023-10-04 00:00:00,22.35,21.85,22.5,21.75,0.0,0.00334,27026286,605120654.0,-3.104212860310418,22.55
HK.01928,金沙中国有限公司,2023-10-05 00:00:00,21.95,21.8,22.5,21.7,0.0,0.00368,29822409,671402041.0,-0.22883295194508335,21.85
HK.01928,金沙中国有限公司,2023-10-06 00:00:00,22.0,22.0,22.35,21.75,0.0,0.00113,9138232,206042667.0,0.9174311926605472,21.8
HK.01928,金沙中国有限公司,2023-10-09 00:00:00,22.15,22.05,22.3,21.8,0.0,0.00172,13955987,314073685.0,0.2272727272727305,22.0
HK.01928,金沙中国有限公司,2023-10-10 00:00:00,22.25,22.2,22.6,22.15,0.0,0.00216,17476143,399209199.0,0.680272108843531,22.05
HK.01928,金沙中国有限公司,2023-10-11 00:00:00,22.7,22.1,22.7,22.1,0.0,0.00185,14939602,340617659.0,-0.4504504504504409,22.2
HK.01928,金沙中国有限公司,2023-10-12 00:00:00,22.1,22.3,22.5,21.7,0.0,0.00302,24445751,556642163.0,0.9049773755656076,22.1
HK.01928,金沙中国有限公司,2023-10-13 00:00:00,21.9,21.45,22.1,21.0,0.0,0.00236,19086784,419607250.0,-3.8116591928251182,22.3
HK.01928,金沙中国有限公司,2023-10-16 00:00:00,21.3,20.8,21.35,20.7,0.0,0.00155,12512599,267837623.0,-3.0303030303030236,21.45
HK.01928,金沙中国有限公司,2023-10-17 00:00:00,20.9,20.5,21.1,20.2,0.0,0.00212,17151002,360396368.0,-1.4423076923076956,20.8
HK.01928,金沙中国有限公司,2023-10-18 00:00:00,20.3,20.2,20.65,19.9,0.0,0.00224,18097364,375098973.0,-1.4634146341463448,20.5
HK.01928,金沙中国有限公司,2023-10-19 00:00:00,20.5,20.9,20.95,19.85,0.0,0.00262,21189717,449091582.0,3.465346534653462,20.2
HK.01928,金沙中国有限公司,2023-10-20 00:00:00,20.55,20.75,21.3,20.5,0.0,0.00177,14342738,306454988.0,-0.7177033492822898,20.9
HK.01928,金沙中国有限公司,2023-10-24 00:00:00,20.75,20.7,21.2,20.4,0.0,0.00146,11850112,252429166.0,-0.24096385542169016,20.75
HK.01928,金沙中国有限公司,2023-10-25 00:00:00,21.05,20.8,21.3,20.7,0.0,0.00093,7514364,161502940.0,0.48309178743962045,20.7
HK.01928,金沙中国有限公司,2023-10-26 00:00:00,20.95,20.5,20.95,20.45,0.0,0.00152,12337809,260645523.0,-1.4423076923076956,20.8
HK.01928,金沙中国有限公司,2023-10-27 00:00:00,20.75,20.75,20.9,20.45,0.0,0.00078,6339048,134395587.0,1.2195121951219512,20.5
HK.01928,金沙中国有限公司,2023-10-30 00:00:00,20.7,20.7,21.0,20.55,0.0,0.00053,4297642,91267878.0,-0.24096385542169016,20.75
HK.01928,金沙中国有限公司,2023-10-31 00:00:00,20.6,20.5,20.8,20.3,0.0,0.00106,8541835,179411158.0,-0.9661835748792237,20.7
HK.01928,金沙中国有限公司,2023-11-01 00:00:00,20.6,20.15,20.65,19.9,0.0,0.00101,8181676,169368099.0,-1.7073170731707388,20.5
HK.01928,金沙中国有限公司,2023-11-02 00:00:00,20.45,20.15,20.55,20.1,0.0,0.00094,7572119,157376232.0,0.0,20.15
HK.01928,金沙中国有限公司,2023-11-03 00:00:00,20.4,21.05,21.3,20.25,0.0,0.00141,11372946,243795581.0,4.4665012406948,20.15
HK.01928,金沙中国有限公司,2023-11-06 00:00:00,21.3,22.05,22.35,21.3,0.0,0.00213,17245408,389290563.0,4.750593824228028,21.05
HK.01928,金沙中国有限公司,2023-11-07 00:00:00,22.0,21.55,22.05,21.45,0.0,0.00113,9141088,202066427.0,-2.2675736961451247,22.05
HK.01928,金沙中国有限公司,2023-11-08 00:00:00,21.6,21.35,21.7,21.05,0.0,0.0013,10498265,229442556.0,-0.9280742459396718,21.55
HK.01928,金沙中国有限公司,2023-11-09 00:00:00,21.35,20.75,21.35,20.65,0.0,0.00136,11040524,236102048.0,-2.8103044496487186,21.35
HK.01928,金沙中国有限公司,2023-11-10 00:00:00,20.5,20.0,20.55,19.5,0.0,0.00231,18705889,381936593.0,-3.614457831325301,20.75
HK.01928,金沙中国有限公司,2023-11-13 00:00:00,19.8,20.35,20.4,19.8,0.0,0.00074,5953739,123085470.0,1.750000000000007,20.0
HK.01928,金沙中国有限公司,2023-11-14 00:00:00,20.55,20.5,20.75,20.35,0.0,0.00098,7971438,168003252.0,0.7371007371007301,20.35
HK.01928,金沙中国有限公司,2023-11-15 00:00:00,21.2,21.25,21.6,20.95,0.0,0.00206,16680080,362641290.0,3.6585365853658534,20.5
HK.01928,金沙中国有限公司,2023-11-16 00:00:00,21.3,21.15,21.4,20.95,0.0,0.00076,6151060,133180323.0,-0.47058823529412436,21.25
HK.01928,金沙中国有限公司,2023-11-17 00:00:00,20.65,20.9,21.2,20.6,0.0,0.00089,7192748,154327793.0,-1.182033096926714,21.15
HK.01928,金沙中国有限公司,2023-11-20 00:00:00,21.0,21.15,21.3,20.9,0.0,0.00101,8196779,177132186.0,1.1961722488038278,20.9
HK.01928,金沙中国有限公司,2023-11-21 00:00:00,21.4,21.0,21.7,20.9,0.0,0.00133,10734423,234066456.0,-0.7092198581560216,21.15
HK.01928,金沙中国有限公司,2023-11-22 00:00:00,21.0,20.75,21.1,20.6,0.0,0.00085,6856277,145724502.0,-1.1904761904761905,21.0
HK.01928,金沙中国有限公司,2023-11-23 00:00:00,20.75,20.75,20.75,20.35,0.0,0.00113,9179901,193348242.0,0.0,20.75
HK.01928,金沙中国有限公司,2023-11-24 00:00:00,20.5,20.25,20.55,19.95,0.0,0.00133,10729964,222887841.0,-2.4096385542168677,20.75
HK.01928,金沙中国有限公司,2023-11-27 00:00:00,20.25,19.95,20.35,19.65,0.0,0.00141,11423172,233441775.0,-1.481481481481485,20.25
HK.01928,金沙中国有限公司,2023-11-28 00:00:00,20.05,19.46,20.05,19.32,0.0,0.00214,17336916,348196014.0,-2.4561403508771855,19.95
HK.01928,金沙中国有限公司,2023-11-29 00:00:00,19.26,18.54,19.32,18.24,0.0,0.00282,22813407,435393781.0,-4.727646454265168,19.46
HK.01928,金沙中国有限公司,2023-11-30 00:00:00,18.6,18.66,18.82,18.36,0.0,0.00165,13357593,255406330.0,0.6472491909385167,18.54
HK.01928,金沙中国有限公司,2023-12-01 00:00:00,18.84,19.1,19.32,18.54,0.0,0.00251,20345384,395800682.0,2.35798499464095,18.66
HK.01928,金沙中国有限公司,2023-12-04 00:00:00,19.12,19.55,20.05,19.12,0.0,0.00248,20064846,404127618.0,2.356020942408373,19.1
HK.01928,金沙中国有限公司,2023-12-05 00:00:00,19.55,19.7,20.05,19.44,0.0,0.00174,14100152,285804661.0,0.7672634271099672,19.55
HK.01928,金沙中国有限公司,2023-12-06 00:00:00,20.3,20.5,20.9,19.85,0.0,0.00329,26618820,558975530.0,4.0609137055837605,19.7
HK.01928,金沙中国有限公司,2023-12-07 00:00:00,20.4,20.55,21.3,20.1,0.0,0.00224,18165888,381087035.0,0.2439024390243937,20.5
HK.01928,金沙中国有限公司,2023-12-08 00:00:00,20.75,20.55,20.95,20.45,0.0,0.00192,15569453,329051798.0,0.0,20.55
HK.01928,金沙中国有限公司,2023-12-11 00:00:00,20.3,20.65,20.8,20.0,0.0,0.00184,14891213,313626315.0,0.48661800486616963,20.55
HK.01928,金沙中国有限公司,2023-12-12 00:00:00,20.8,20.55,20.95,20.5,0.0,0.0013,10507614,222238631.0,-0.48426150121064343,20.65
HK.01928,金沙中国有限公司,2023-12-13 00:00:00,20.6,20.45,20.75,20.3,0.0,0.0016,12922030,270997008.0,-0.4866180048661869,20.55
HK.01928,金沙中国有限公司,2023-12-14 00:00:00,21.0,20.7,21.2,20.55,0.0,0.00132,10703087,228261440.0,1.2224938875305624,20.45
HK.01928,金沙中国有限公司,2023-12-15 00:00:00,20.7,20.95,21.2,20.7,0.0,0.00137,11056532,237522670.0,1.2077294685990339,20.7
HK.01928,金沙中国有限公司,2023-12-18 00:00:00,20.8,20.9,21.05,20.8,0.0,0.00072,5846625,125236604.0,-0.2386634844868769,20.95
HK.01928,金沙中国有限公司,2023-12-19 00:00:00,20.9,20.95,21.05,20.8,0.0,0.00061,4933246,105813166.0,0.23923444976076896,20.9
HK.01928,金沙中国有限公司,2023-12-20 00:00:00,21.25,22.0,22.1,21.25,0.0,0.00261,21128876,473467043.0,5.011933174224347,20.95
HK.01928,金沙中国有限公司,2023-12-21 00:00:00,21.6,22.25,22.45,21.55,0.0,0.00217,17559476,397384469.0,1.1363636363636365,22.0
HK.01928,金沙中国有限公司,2023-12-22 00:00:00,22.55,22.0,22.8,21.9,0.0,0.00182,14716066,335485130.0,-1.1235955056179776,22.25
HK.01928,金沙中国有限公司,2023-12-27 00:00:00,22.35,21.85,22.35,21.8,0.0,0.00138,11129490,249939008.0,-0.6818181818181753,22.0
HK.01928,金沙中国有限公司,2023-12-28 00:00:00,22.0,22.35,22.45,21.8,0.0,0.00128,10359610,236311065.0,2.2883295194508007,21.85
HK.01928,金沙中国有限公司,2023-12-29 00:00:00,22.45,22.35,22.55,22.15,0.0,0.00066,5305881,121132482.0,0.0,22.35
HK.01928,金沙中国有限公司,2024-01-02 00:00:00,22.7,23.25,23.75,22.55,0.0,0.00287,23216620,550924680.0,4.026845637583886,22.35
HK.01928,金沙中国有限公司,2024-01-03 00:00:00,23.25,22.85,23.4,22.75,0.0,0.00207,16737135,393648997.0,-1.7204301075268755,23.25
HK.01928,金沙中国有限公司,2024-01-04 00:00:00,23.0,22.6,23.0,22.35,0.0,0.00137,11065440,254960548.0,-1.0940919037199124,22.85
HK.01928,金沙中国有限公司,2024-01-05 00:00:00,22.65,22.4,22.85,22.3,0.0,0.00119,9596173,220656252.0,-0.8849557522124019,22.6
HK.01928,金沙中国有限公司,2024-01-08 00:00:00,22.55,22.05,23.0,21.8,0.0,0.00117,9451525,213608729.0,-1.5624999999999907,22.4
HK.01928,金沙中国有限公司,2024-01-09 00:00:00,22.05,22.1,22.25,21.85,0.0,0.00127,10307798,232711507.0,0.22675736961451567,22.05
HK.01928,金沙中国有限公司,2024-01-10 00:00:00,22.0,21.75,22.0,21.45,0.0,0.00096,7801725,173614092.0,-1.5837104072398251,22.1
HK.01928,金沙中国有限公司,2024-01-11 00:00:00,21.75,21.35,21.75,20.9,0.0,0.00219,17697232,385768094.0,-1.8390804597701083,21.75
HK.01928,金沙中国有限公司,2024-01-12 00:00:00,21.3,21.35,21.65,20.95,0.0,0.00052,4181622,91782161.0,0.0,21.35
HK.01928,金沙中国有限公司,2024-01-15 00:00:00,21.35,21.4,21.55,21.0,0.0,0.0008,6506909,142297401.0,0.23419203747071268,21.35
HK.01928,金沙中国有限公司,2024-01-16 00:00:00,21.05,21.05,21.5,21.0,0.0,0.00126,10196388,220786976.0,-1.6355140186915789,21.4
HK.01928,金沙中国有限公司,2024-01-17 00:00:00,21.0,20.2,21.0,19.95,0.0,0.00361,29217683,607082044.0,-4.038004750593831,21.05
HK.01928,金沙中国有限公司,2024-01-18 00:00:00,20.6,20.45,20.8,20.3,0.0,0.00134,10869663,227994037.0,1.2376237623762376,20.2
HK.01928,金沙中国有限公司,2024-01-19 00:00:00,20.65,20.6,20.9,20.4,0.0,0.00111,8958727,189312155.0,0.7334963325183479,20.45
HK.01928,金沙中国有限公司,2024-01-22 00:00:00,20.4,19.85,20.6,19.6,0.0,0.00157,12672667,259241872.0,-3.640776699029126,20.6
HK.01928,金沙中国有限公司,2024-01-23 00:00:00,19.95,20.0,20.35,19.65,0.0,0.00209,16886050,346982005.0,0.755667506297222,19.85
HK.01928,金沙中国有限公司,2024-01-24 00:00:00,20.25,21.05,21.2,20.25,0.0,0.0023,18648575,395559808.0,5.2500000000000036,20.0
HK.01928,金沙中国有限公司,2024-01-25 00:00:00,21.2,21.0,21.3,20.7,31.994,0.00124,10070408,216932661.0,-0.23752969121140477,21.05
HK.01928,金沙中国有限公司,2024-01-26 00:00:00,20.8,21.05,21.8,20.8,32.068,0.00109,8853949,192596878.0,0.2380952380952415,21.0
HK.01928,金沙中国有限公司,2024-01-29 00:00:00,21.05,21.15,21.45,21.0,32.217,0.00106,8588746,186498872.0,0.4750593824227927,21.05
HK.01928,金沙中国有限公司,2024-01-30 00:00:00,21.15,20.5,21.3,20.4,31.25,0.00201,16288322,345275613.0,-3.0732860520094496,21.15
HK.01928,金沙中国有限公司,2024-01-31 00:00:00,20.5,20.0,20.95,19.85,30.505,0.00209,16881823,349871080.0,-2.4390243902439024,20.5
HK.01928,金沙中国有限公司,2024-02-01 00:00:00,20.0,20.85,20.95,20.0,31.77,0.00171,13801490,292440949.0,4.250000000000007,20.0
HK.01928,金沙中国有限公司,2024-02-02 00:00:00,21.3,21.45,22.3,21.3,32.663,0.0021,16976377,377363727.0,2.8776978417266084,20.85
HK.01928,金沙中国有限公司,2024-02-05 00:00:00,21.15,21.5,21.75,21.05,32.738,0.00118,9544330,209227300.0,0.23310023310023645,21.45
HK.01928,金沙中国有限公司,2024-02-06 00:00:00,21.5,21.8,22.1,21.4,33.184,0.00118,9574238,214120071.0,1.3953488372093057,21.5
HK.01928,金沙中国有限公司,2024-02-07 00:00:00,21.85,21.8,22.0,21.45,33.184,0.00103,8369416,186346506.0,0.0,21.8
HK.01928,金沙中国有限公司,2024-02-08 00:00:00,21.85,22.0,22.25,21.75,33.482,0.00094,7647548,172503968.0,0.9174311926605472,21.8
HK.01928,金沙中国有限公司,2024-02-09 00:00:00,22.0,22.35,22.4,21.7,34.002,0.00075,6086881,138192780.0,1.5909090909090973,22.0
HK.01928,金沙中国有限公司,2024-02-14 00:00:00,22.35,22.7,23.15,21.95,34.523,0.00372,30119968,698577745.0,1.5659955257270597,22.35
HK.01928,金沙中国有限公司,2024-02-15 00:00:00,22.65,22.85,23.15,22.4,34.747,0.00177,14311576,334448193.0,0.6607929515418596,22.7
HK.01928,金沙中国有限公司,2024-02-16 00:00:00,22.95,24.0,24.15,22.95,36.458,0.00402,32522004,792376280.0,5.032822757111591,22.85
HK.01928,金沙中国有限公司,2024-02-19 00:00:00,23.95,23.1,23.95,22.8,35.329,0.00247,19956236,472152788.0,-3.7499999999999942,24.0
HK.01928,金沙中国有限公司,2024-02-20 00:00:00,22.9,23.0,23.05,22.55,35.179,0.00391,31646643,736856814.0,-0.43290043290043906,23.1
HK.01928,金沙中国有限公司,2024-02-21 00:00:00,23.0,22.85,23.4,22.8,34.955,0.0018,14578308,342378134.0,-0.652173913043472,23.0
HK.01928,金沙中国有限公司,2024-02-22 00:00:00,22.85,23.05,23.25,22.5,35.254,0.00305,24653183,575365083.0,0.8752735229759269,22.85
HK.01928,金沙中国有限公司,2024-02-23 00:00:00,23.05,23.05,23.45,22.9,35.254,0.00092,7464068,176188119.0,0.0,23.05
HK.01928,金沙中国有限公司,2024-02-26 00:00:00,22.7,22.7,23.0,22.55,34.73,0.00107,8637429,200378970.0,-1.5184381778741927,23.05
HK.01928,金沙中国有限公司,2024-02-27 00:00:00,22.8,22.15,22.8,21.5,33.907,0.0031,25086890,564899023.0,-2.4229074889867874,22.7
HK.01928,金沙中国有限公司,2024-02-28 00:00:00,22.2,21.9,22.4,21.85,33.532,0.00101,8147717,183836300.0,-1.1286681715575622,22.15
HK.01928,金沙中国有限公司,2024-02-29 00:00:00,21.75,21.8,22.35,21.7,33.383,0.0025,20212316,452555358.0,-0.4566210045662003,21.9
HK.01928,金沙中国有限公司,2024-03-01 00:00:00,22.0,21.55,22.65,21.4,33.008,0.00262,21176203,475211392.0,-1.1467889908256879,21.8
HK.01928,金沙中国有限公司,2024-03-04 00:00:00,21.55,20.2,21.55,20.0,30.988,0.00555,44941220,938509180.0,-6.264501160092814,21.55
HK.01928,金沙中国有限公司,2024-03-05 00:00:00,20.0,19.9,20.15,19.55,30.538,0.0031,25054012,510537544.0,-1.4851485148514887,20.2
HK.01928,金沙中国有限公司,2024-03-06 00:00:00,19.85,20.35,20.55,19.42,31.212,0.00486,39344177,804972210.0,2.261306532663331,19.9
HK.01928,金沙中国有限公司,2024-03-07 00:00:00,20.35,20.6,20.8,20.2,31.586,0.00224,18091539,381021447.0,1.2285012285012284,20.35
HK.01928,金沙中国有限公司,2024-03-08 00:00:00,20.6,20.4,20.75,20.3,31.287,0.00163,13227695,277447653.0,-0.9708737864077808,20.6
HK.01928,金沙中国有限公司,2024-03-11 00:00:00,20.4,20.95,21.1,20.3,32.11,0.0014,11325124,241453236.0,2.6960784313725528,20.4
HK.01928,金沙中国有限公司,2024-03-12 00:00:00,21.25,21.4,21.45,20.9,32.784,0.00195,15770266,343423642.0,2.147971360381858,20.95
HK.01928,金沙中国有限公司,2024-03-13 00:00:00,21.1,21.4,21.75,21.1,32.784,0.0016,12959614,285073843.0,0.0,21.4
HK.01928,金沙中国有限公司,2024-03-14 00:00:00,21.35,21.35,21.8,21.2,32.709,0.00161,12995888,285329579.0,-0.23364485981307087,21.4
HK.01928,金沙中国有限公司,2024-03-15 00:00:00,21.1,20.7,21.35,20.5,31.736,0.00308,24902397,529414524.0,-3.0444964871194475,21.35
HK.01928,金沙中国有限公司,2024-03-18 00:00:00,20.4,20.85,20.9,20.3,31.961,0.00209,16926626,359338185.0,0.7246376811594306,20.7
HK.01928,金沙中国有限公司,2024-03-19 00:00:00,20.55,20.65,20.9,20.2,31.661,0.00129,10427716,219872338.0,-0.9592326139088866,20.85
HK.01928,金沙中国有限公司,2024-03-20 00:00:00,20.65,20.65,20.75,20.45,31.661,0.0008,6465298,136810330.0,0.0,20.65
HK.01928,金沙中国有限公司,2024-03-21 00:00:00,20.65,21.4,21.55,20.65,32.784,0.00112,9066945,197814518.0,3.6319612590799037,20.65
HK.01928,金沙中国有限公司,2024-03-22 00:00:00,21.35,21.65,21.85,21.1,33.158,0.00204,16472513,362557752.0,1.1682242990654208,21.4
HK.01928,金沙中国有限公司,2024-03-25 00:00:00,21.65,21.55,22.0,21.4,33.008,0.00103,8301982,183477598.0,-0.46189376443417035,21.65
HK.01928,金沙中国有限公司,2024-03-26 00:00:00,21.5,21.7,21.9,21.4,33.233,0.00218,17649965,391253173.0,0.6960556844547497,21.55
HK.01928,金沙中国有限公司,2024-03-27 00:00:00,21.55,21.2,21.55,21.1,32.485,0.00242,19604339,428046317.0,-2.3041474654377883,21.7
HK.01928,金沙中国有限公司,2024-03-28 00:00:00,21.2,21.55,21.6,21.1,33.008,0.00134,10867159,238499645.0,1.650943396226422,21.2
HK.01928,金沙中国有限公司,2024-04-02 00:00:00,22.2,22.5,22.75,22.2,34.431,0.00204,16537902,379124777.0,4.408352668213453,21.55
HK.01928,金沙中国有限公司,2024-04-03 00:00:00,22.45,22.35,22.55,22.2,34.206,0.00114,9215961,210522418.0,-0.6666666666666604,22.5
HK.01928,金沙中国有限公司,2024-04-05 00:00:00,22.6,22.2,22.6,21.8,33.982,0.00095,7697628,173976168.0,-0.671140939597325,22.35
HK.01928,金沙中国有限公司,2024-04-08 00:00:00,22.15,21.85,22.2,21.6,33.458,0.00197,15925553,354830407.0,-1.5765765765765671,22.2
HK.01928,金沙中国有限公司,2024-04-09 00:00:00,21.8,21.85,22.3,21.65,33.458,0.0013,10541066,236678788.0,0.0,21.85
HK.01928,金沙中国有限公司,2024-04-10 00:00:00,21.95,21.85,22.1,21.5,33.458,0.00187,15101493,337382785.0,0.0,21.85
HK.01928,金沙中国有限公司,2024-04-11 00:00:00,21.35,21.85,21.85,21.25,33.458,0.00127,10281744,227630813.0,0.0,21.85
HK.01928,金沙中国有限公司,2024-04-12 00:00:00,21.8,21.45,21.9,21.4,32.859,0.00164,13305413,293502136.0,-1.8306636155606504,21.85
HK.01928,金沙中国有限公司,2024-04-15 00:00:00,21.0,20.45,21.2,20.4,31.362,0.00279,22579113,475270365.0,-4.662004662004662,21.45
HK.01928,金沙中国有限公司,2024-04-16 00:00:00,19.95,19.2,20.05,19.08,29.491,0.00557,45057330,897703328.0,-6.112469437652813,20.45
HK.01928,金沙中国有限公司,2024-04-17 00:00:00,19.0,18.54,19.24,18.04,28.502,0.00422,34177166,648875445.0,-3.437500000000001,19.2
HK.01928,金沙中国有限公司,2024-04-18 00:00:00,18.46,18.38,19.14,18.36,28.263,0.0043,34815653,666074268.0,-0.8629989212513492,18.54
HK.01928,金沙中国有限公司,2024-04-19 00:00:00,17.94,17.5,17.94,17.32,26.946,0.00422,34154392,616508241.0,-4.787812840043521,18.38
HK.01928,金沙中国有限公司,2024-04-22 00:00:00,17.56,17.62,18.1,17.5,27.125,0.00175,14185138,258630129.0,0.6857142857142914,17.5
HK.01928,金沙中国有限公司,2024-04-23 00:00:00,17.62,17.98,18.02,17.62,27.664,0.00119,9631998,177266684.0,2.0431328036322327,17.62
HK.01928,金沙中国有限公司,2024-04-24 00:00:00,18.2,17.96,18.2,17.9,27.634,0.00181,14684798,271688212.0,-0.11123470522802878,17.98
HK.01928,金沙中国有限公司,2024-04-25 00:00:00,17.78,17.7,18.08,17.4,27.245,0.00227,18371911,335334429.0,-1.4476614699331936,17.96
HK.01928,金沙中国有限公司,2024-04-26 00:00:00,17.5,18.22,18.24,17.5,28.023,0.00376,30420313,563188060.0,2.9378531073446306,17.7
HK.01928,金沙中国有限公司,2024-04-29 00:00:00,18.78,18.64,19.55,18.58,28.652,0.00545,44102875,860751953.0,2.3051591657519306,18.22
HK.01928,金沙中国有限公司,2024-04-30 00:00:00,18.64,18.18,18.7,18.16,27.964,0.00251,20299622,381951640.0,-2.4678111587982876,18.64
HK.01928,金沙中国有限公司,2024-05-02 00:00:00,18.08,18.8,19.08,17.86,28.892,0.00316,25570618,491697542.0,3.410341034103416,18.18
HK.01928,金沙中国有限公司,2024-05-03 00:00:00,19.26,19.75,20.0,19.02,30.314,0.00337,27268505,546941363.0,5.053191489361699,18.8
HK.01928,金沙中国有限公司,2024-05-06 00:00:00,19.48,19.8,19.9,19.24,30.389,0.00314,25407690,510973956.0,0.25316455696202894,19.75
HK.01928,金沙中国有限公司,2024-05-07 00:00:00,19.8,19.48,19.85,19.4,29.91,0.0022,17828777,357954979.0,-1.6161616161616175,19.8
HK.01928,金沙中国有限公司,2024-05-08 00:00:00,19.6,19.3,19.65,19.3,29.64,0.00242,19597148,390883929.0,-0.9240246406570828,19.48
HK.01928,金沙中国有限公司,2024-05-09 00:00:00,19.3,19.55,19.7,19.26,30.014,0.00134,10883471,217550416.0,1.2953367875647668,19.3
HK.01928,金沙中国有限公司,2024-05-10 00:00:00,19.7,19.55,19.95,19.4,30.014,0.00233,18817496,377408300.0,0.0,19.55
HK.01928,金沙中国有限公司,2024-05-13 00:00:00,19.5,20.4,20.45,19.24,31.287,0.00277,22425130,461191659.0,4.347826086956511,19.55
HK.01928,金沙中国有限公司,2024-05-14 00:00:00,20.4,19.95,20.45,19.85,30.613,0.00286,23165603,475746255.0,-2.205882352941173,20.4
HK.01928,金沙中国有限公司,2024-05-16 00:00:00,20.15,20.35,20.4,19.85,31.212,0.00291,23523958,486707196.0,2.0050125313283313,19.95
HK.01928,金沙中国有限公司,2024-05-17 00:00:00,20.5,20.5,20.8,20.25,31.437,0.00364,29450436,618096895.0,0.7371007371007301,20.35
HK.01928,金沙中国有限公司,2024-05-20 00:00:00,20.8,20.8,21.2,20.6,31.886,0.00393,31803839,680597423.0,1.4634146341463448,20.5
HK.01928,金沙中国有限公司,2024-05-21 00:00:00,20.8,20.2,20.8,20.1,30.988,0.00205,16582632,345581369.0,-2.8846153846153912,20.8
HK.01928,金沙中国有限公司,2024-05-22 00:00:00,20.15,20.0,20.35,19.7,30.688,0.00216,17456967,356828679.0,-0.9900990099009866,20.2
HK.01928,金沙中国有限公司,2024-05-23 00:00:00,19.65,19.48,19.8,19.44,29.91,0.00168,13561302,272801916.0,-2.599999999999998,20.0
HK.01928,金沙中国有限公司,2024-05-24 00:00:00,19.36,18.94,19.42,18.82,29.101,0.00347,28071152,547640211.0,-2.772073921971248,19.48
HK.01928,金沙中国有限公司,2024-05-27 00:00:00,18.74,18.8,19.1,18.24,28.892,0.00284,22978852,440049554.0,-0.7391763463569195,18.94
HK.01928,金沙中国有限公司,2024-05-28 00:00:00,18.8,18.98,19.22,18.56,29.161,0.00102,8267651,161471416.0,0.9574468085106367,18.8
HK.01928,金沙中国有限公司,2024-05-29 00:00:00,18.9,18.62,19.04,18.56,28.622,0.00152,12322447,236414766.0,-1.8967334035827157,18.98
HK.01928,金沙中国有限公司,2024-05-30 00:00:00,18.5,18.5,18.74,18.4,28.443,0.00197,15926896,303709959.0,-0.6444683136412512,18.62
HK.01928,金沙中国有限公司,2024-05-31 00:00:00,18.56,18.14,18.82,18.02,27.904,0.00393,31818870,597657452.0,-1.9459459459459427,18.5
HK.01928,金沙中国有限公司,2024-06-03 00:00:00,18.4,18.4,18.66,18.36,28.293,0.00306,24780239,469531968.0,1.4332965821389085,18.14
HK.01928,金沙中国有限公司,2024-06-04 00:00:00,18.34,18.4,18.8,18.22,28.293,0.00174,14062002,267117559.0,0.0,18.4
HK.01928,金沙中国有限公司,2024-06-05 00:00:00,18.4,18.32,18.72,18.22,28.173,0.00185,14975246,283420769.0,-0.4347826086956429,18.4
HK.01928,金沙中国有限公司,2024-06-06 00:00:00,18.48,18.1,18.58,18.1,27.844,0.00177,14297128,267925699.0,-1.2008733624454087,18.32
HK.01928,金沙中国有限公司,2024-06-07 00:00:00,18.14,18.08,18.44,17.92,27.814,0.00171,13840747,257013239.0,-0.11049723756907805,18.1
HK.01928,金沙中国有限公司,2024-06-11 00:00:00,17.9,17.76,18.06,17.6,27.335,0.00237,19205981,350730255.0,-1.7699115044247606,18.08
HK.01928,金沙中国有限公司,2024-06-12 00:00:00,17.58,17.24,17.72,17.22,26.556,0.00294,23779127,423949369.0,-2.927927927927945,17.76
HK.01928,金沙中国有限公司,2024-06-13 00:00:00,17.26,17.48,17.54,17.24,26.916,0.00124,10009382,179182390.0,1.3921113689095246,17.24
HK.01928,金沙中国有限公司,2024-06-14 00:00:00,17.42,17.3,17.5,17.16,26.646,0.0009,7245877,129283417.0,-1.0297482837528589,17.48
HK.01928,金沙中国有限公司,2024-06-17 00:00:00,17.3,17.18,17.42,16.9,26.467,0.00116,9418769,165665883.0,-0.6936416184971156,17.3
HK.01928,金沙中国有限公司,2024-06-18 00:00:00,17.28,17.1,17.54,17.06,26.347,0.00109,8794872,155776701.0,-0.46565774155994355,17.18
HK.01928,金沙中国有限公司,2024-06-19 00:00:00,17.28,17.76,17.84,17.28,27.335,0.00166,13418398,243048350.0,3.8596491228070176,17.1
HK.01928,金沙中国有限公司,2024-06-20 00:00:00,17.74,17.36,17.86,17.12,26.736,0.00164,13254008,236587708.0,-2.252252252252264,17.76
HK.01928,金沙中国有限公司,2024-06-21 00:00:00,17.14,16.98,17.34,16.94,26.167,0.00139,11258956,197488141.0,-2.188940092165893,17.36
HK.01928,金沙中国有限公司,2024-06-24 00:00:00,17.0,16.86,17.14,16.64,25.988,0.00168,13619495,235635115.0,-0.7067137809187337,16.98
HK.01928,金沙中国有限公司,2024-06-25 00:00:00,16.9,16.72,17.4,16.64,25.778,0.00176,14243273,247831719.0,-0.8303677342823285,16.86
HK.01928,金沙中国有限公司,2024-06-26 00:00:00,16.579999999,16.399999999,16.74,16.399999999,25.299,0.002,16183900,275359899.0,-1.913875604066988,16.72
HK.01928,金沙中国有限公司,2024-06-27 00:00:00,16.379999999,16.02,16.399999999,15.84,24.73,0.0032,25864978,426623001.0,-2.317073164775425,16.399999999
HK.01928,金沙中国有限公司,2024-06-28 00:00:00,16.0,15.78,16.059999999,15.739999999,24.371,0.00212,17120004,280012953.0,-1.4981273408239715,16.02
HK.01928,金沙中国有限公司,2024-07-02 00:00:00,15.739999999,15.62,16.04,15.52,24.131,0.0021,16988597,275144552.0,-1.0139416983523457,15.78
HK.01928,金沙中国有限公司,2024-07-03 00:00:00,15.739999999,16.44,16.5,15.7,25.359,0.00278,22533856,377775585.0,5.249679897567235,15.62
HK.01928,金沙中国有限公司,2024-07-04 00:00:00,16.559999999,16.48,16.64,16.26,25.419,0.00156,12649712,214305636.0,0.24330900243308481,16.44
HK.01928,金沙中国有限公司,2024-07-05 00:00:00,16.48,16.0,16.5,15.82,24.7,0.00185,14951464,246770208.0,-2.9126213592233037,16.48
HK.01928,金沙中国有限公司,2024-07-08 00:00:00,16.0,15.64,16.059999999,15.579999999,24.161,0.00207,16777946,271917164.0,-2.2499999999999964,16.0
HK.01928,金沙中国有限公司,2024-07-09 00:00:00,15.64,15.8,15.96,15.48,24.401,0.00115,9275734,150329117.0,1.0230179028133002,15.64
HK.01928,金沙中国有限公司,2024-07-10 00:00:00,15.8,15.68,16.16,15.579999999,24.221,0.00079,6359575,103402415.0,-0.7594936708860822,15.8
HK.01928,金沙中国有限公司,2024-07-11 00:00:00,15.98,16.14,16.239999999,15.82,24.91,0.00096,7807160,129596852.0,2.9336734693877604,15.68
HK.01928,金沙中国有限公司,2024-07-12 00:00:00,16.44,16.52,16.68,16.239999999,25.479,0.00114,9200210,156745934.0,2.354399008674095,16.14
HK.01928,金沙中国有限公司,2024-07-15 00:00:00,16.42,15.92,16.52,15.84,24.58,0.00094,7609358,125439906.0,-3.6319612590799006,16.52
HK.01928,金沙中国有限公司,2024-07-16 00:00:00,15.84,15.739999999,15.84,15.54,24.311,0.0012,9745980,157514436.0,-1.130653272613064,15.92
HK.01928,金沙中国有限公司,2024-07-17 00:00:00,15.719999999,15.84,15.98,15.719999999,24.461,0.00078,6338123,103799390.0,0.6353240216413784,15.739999999
HK.01928,金沙中国有限公司,2024-07-18 00:00:00,15.66,15.52,15.76,15.42,23.982,0.00191,15447362,248052907.0,-2.020202020202022,15.84
HK.01928,金沙中国有限公司,2024-07-19 00:00:00,15.36,15.04,15.48,14.96,23.263,0.00247,19954259,311606874.0,-3.092783505154642,15.52
HK.01928,金沙中国有限公司,2024-07-22 00:00:00,15.08,15.16,15.24,14.9,23.443,0.00127,10317733,161167550.0,0.7978723404255386,15.04
HK.01928,金沙中国有限公司,2024-07-23 00:00:00,15.3,15.0,15.3,15.0,23.203,0.0013,10555688,164588632.0,-1.0554089709762544,15.16
HK.01928,金沙中国有限公司,2024-07-24 00:00:00,14.96,15.0,15.04,14.84,23.203,0.00117,9453824,145939460.0,0.0,15.0
HK.01928,金沙中国有限公司,2024-07-25 00:00:00,14.82,14.58,14.88,14.42,22.574,0.00247,19973417,301631260.0,-2.7999999999999994,15.0
HK.01928,金沙中国有限公司,2024-07-26 00:00:00,14.54,14.34,14.74,14.32,22.215,0.00103,8352374,124531201.0,-1.6460905349794255,14.58
HK.01928,金沙中国有限公司,2024-07-29 00:00:00,14.48,14.44,14.68,14.3,22.365,0.00109,8792754,132279497.0,0.6973500697350046,14.34
HK.01928,金沙中国有限公司,2024-07-30 00:00:00,14.36,14.02,14.4,13.98,21.736,0.00186,15087297,220546853.0,-2.9085872576177283,14.44
HK.01928,金沙中国有限公司,2024-07-31 00:00:00,14.26,14.16,14.36,13.86,21.946,0.00236,19116393,278499629.0,0.9985734664764663,14.02
HK.01928,金沙中国有限公司,2024-08-01 00:00:00,14.16,14.44,14.56,13.98,22.365,0.00236,19118013,282218629.0,1.9774011299434981,14.16
HK.01928,金沙中国有限公司,2024-08-02 00:00:00,14.2,13.86,14.28,13.72,21.497,0.00261,21154851,304537276.0,-4.016620498614959,14.44
HK.01928,金沙中国有限公司,2024-08-05 00:00:00,13.72,14.4,14.56,13.5,22.305,0.00249,20175060,296847362.0,3.896103896103903,13.86
HK.01928,金沙中国有限公司,2024-08-06 00:00:00,14.5,13.8,14.54,13.62,21.407,0.00195,15741891,227107941.0,-4.166666666666664,14.4
HK.01928,金沙中国有限公司,2024-08-07 00:00:00,13.8,13.44,13.98,13.38,20.868,0.00247,19955119,281288685.0,-2.6086956521739215,13.8
HK.01928,金沙中国有限公司,2024-08-08 00:00:00,13.3,13.3,13.48,12.86,20.658,0.00282,22836776,312844732.0,-1.0416666666666579,13.44
HK.01928,金沙中国有限公司,2024-08-09 00:00:00,13.5,13.46,13.86,13.44,20.898,0.00137,11076418,155903512.0,1.2030075187969935,13.3
HK.01928,金沙中国有限公司,2024-08-12 00:00:00,13.32,13.06,13.34,12.74,20.299,0.00243,19694056,265308819.0,-2.97176820208024,13.46
HK.01928,金沙中国有限公司,2024-08-13 00:00:00,13.2,13.3,13.4,12.96,20.658,0.00121,9812317,134593504.0,1.8376722817764182,13.06
HK.01928,金沙中国有限公司,2024-08-14 00:00:00,13.4,13.54,13.68,13.38,21.017,0.00404,32683641,453629771.0,1.804511278195477,13.3
HK.01928,金沙中国有限公司,2024-08-15 00:00:00,13.52,13.62,13.88,13.3,21.137,0.00517,41833835,588843159.0,0.5908419497784348,13.54
HK.01928,金沙中国有限公司,2024-08-16 00:00:00,13.78,14.26,14.48,13.62,22.095,0.0045,36414199,535741592.0,4.698972099853162,13.62
HK.01928,金沙中国有限公司,2024-08-19 00:00:00,14.42,14.28,14.78,14.26,22.125,0.00189,15311415,228537258.0,0.1402524544179493,14.26
HK.01928,金沙中国有限公司,2024-08-20 00:00:00,14.54,14.42,14.54,14.12,22.335,0.00198,16065272,238392871.0,0.980392156862749,14.28
HK.01928,金沙中国有限公司,2024-08-21 00:00:00,14.22,14.22,14.56,14.08,22.035,0.00223,18059059,266018256.0,-1.3869625520110906,14.42
HK.01928,金沙中国有限公司,2024-08-22 00:00:00,14.4,14.44,14.44,14.08,22.365,0.0014,11294094,166929986.0,1.5471167369901466,14.22
HK.01928,金沙中国有限公司,2024-08-23 00:00:00,14.4,14.24,14.4,14.14,22.065,0.00099,7980134,117668686.0,-1.3850415512465326,14.44
HK.01928,金沙中国有限公司,2024-08-26 00:00:00,14.24,14.38,14.42,14.18,22.275,0.00092,7477397,110723839.0,0.9831460674157343,14.24
HK.01928,金沙中国有限公司,2024-08-27 00:00:00,14.3,14.48,14.62,14.24,22.425,0.00162,13093210,196049385.0,0.6954102920723202,14.38
HK.01928,金沙中国有限公司,2024-08-28 00:00:00,14.52,14.06,14.52,14.02,21.796,0.0017,13791022,201875255.0,-2.900552486187845,14.48
HK.01928,金沙中国有限公司,2024-08-29 00:00:00,13.94,13.7,13.94,13.62,21.257,0.00372,30114218,428484392.0,-2.560455192034148,14.06
HK.01928,金沙中国有限公司,2024-08-30 00:00:00,13.62,13.74,14.14,13.58,21.317,0.00557,45095487,645474796.0,0.2919708029197148,13.7
HK.01928,金沙中国有限公司,2024-09-02 00:00:00,13.78,13.42,13.8,13.22,20.838,0.00198,16041409,223575407.0,-2.328966521106261,13.74
HK.01928,金沙中国有限公司,2024-09-03 00:00:00,13.42,13.44,13.86,13.3,20.868,0.00174,14051744,197968294.0,0.149031296572277,13.42
HK.01928,金沙中国有限公司,2024-09-04 00:00:00,13.42,13.34,13.5,13.16,20.718,0.00184,14916250,206278649.0,-0.7440476190476164,13.44
HK.01928,金沙中国有限公司,2024-09-05 00:00:00,13.34,13.28,13.56,13.16,20.628,0.00134,10826069,149239210.0,-0.4497751124437818,13.34
HK.01928,金沙中国有限公司,2024-09-09 00:00:00,13.2,12.92,13.28,12.84,20.089,0.00328,26506522,356475136.0,-2.710843373493972,13.28
HK.01928,金沙中国有限公司,2024-09-10 00:00:00,12.84,13.38,13.66,12.82,20.778,0.00545,44084559,609175900.0,3.5603715170278702,12.92
HK.01928,金沙中国有限公司,2024-09-11 00:00:00,13.36,12.96,13.36,12.76,20.149,0.00207,16717081,225516786.0,-3.1390134529147975,13.38
HK.01928,金沙中国有限公司,2024-09-12 00:00:00,12.96,13.26,13.42,12.96,20.598,0.00204,16544346,227377443.0,2.3148148148148064,12.96
HK.01928,金沙中国有限公司,2024-09-13 00:00:00,13.26,13.24,13.6,13.2,20.568,0.00186,15027088,208183407.0,-0.15082956259426528,13.26
HK.01928,金沙中国有限公司,2024-09-16 00:00:00,13.16,13.5,13.5,13.08,20.958,0.00145,11724507,162601760.0,1.963746223564953,13.24
HK.01928,金沙中国有限公司,2024-09-17 00:00:00,13.5,13.62,13.78,13.5,21.137,0.00302,24481983,345678246.0,0.8888888888888832,13.5
HK.01928,金沙中国有限公司,2024-09-19 00:00:00,13.7,14.18,14.22,13.66,21.976,0.00307,24860030,361982086.0,4.111600587371517,13.62
HK.01928,金沙中国有限公司,2024-09-20 00:00:00,14.26,14.88,15.0,14.22,23.023,0.00553,44745998,684198783.0,4.936530324400572,14.18
HK.01928,金沙中国有限公司,2024-09-23 00:00:00,15.0,14.58,15.12,14.48,22.574,0.00311,25184870,385662158.0,-2.0161290322580694,14.88
HK.01928,金沙中国有限公司,2024-09-24 00:00:00,15.04,15.2,15.2,14.74,23.502,0.00252,20433043,317652877.0,4.25240054869684,14.58
HK.01928,金沙中国有限公司,2024-09-25 00:00:00,15.68,15.16,15.86,15.08,23.443,0.00252,20421819,325320159.0,-0.2631578947368365,15.2
HK.01928,金沙中国有限公司,2024-09-26 00:00:00,15.22,16.3,16.399999999,15.12,25.149,0.00532,43039315,708712766.0,7.519788918205808,15.16
HK.01928,金沙中国有限公司,2024-09-27 00:00:00,17.5,18.66,18.68,17.28,28.682,0.01414,114478881,2138336579.0,14.47852760736196,16.3
HK.01928,金沙中国有限公司,2024-09-30 00:00:00,19.0,19.42,20.4,18.68,29.82,0.01067,86345319,1742276277.0,4.072883172561637,18.66
HK.01928,金沙中国有限公司,2024-10-02 00:00:00,19.5,20.15,21.0,19.48,30.913,0.00802,64871626,1343163837.0,3.7590113285272753,19.42
HK.01928,金沙中国有限公司,2024-10-03 00:00:00,20.5,19.5,20.5,18.7,29.94,0.00564,45651063,911147982.0,-3.2258064516128964,20.15
HK.01928,金沙中国有限公司,2024-10-04 00:00:00,19.48,20.0,20.3,19.02,30.688,0.00438,35448376,720135786.0,2.564102564102564,19.5
HK.01928,金沙中国有限公司,2024-10-07 00:00:00,20.85,22.0,22.2,20.85,33.682,0.01021,82603949,1836365015.0,10.0,20.0
HK.01928,金沙中国有限公司,2024-10-08 00:00:00,21.75,19.46,22.0,18.52,29.88,0.00744,60195576,1237771422.0,-11.545454545454541,22.0
HK.01928,金沙中国有限公司,2024-10-09 00:00:00,19.8,18.96,20.15,18.14,29.131,0.00597,48288327,947454195.0,-2.5693730729701953,19.46
HK.01928,金沙中国有限公司,2024-10-10 00:00:00,19.22,19.4,20.2,18.84,29.79,0.0037,29954971,601625134.0,2.32067510548522,18.96
HK.01928,金沙中国有限公司,2024-10-14 00:00:00,18.9,18.7,18.98,17.48,28.742,0.00766,62003997,1169492599.0,-3.6082474226804093,19.4
HK.01928,金沙中国有限公司,2024-10-15 00:00:00,18.64,18.12,18.98,17.86,27.874,0.00291,23523015,442388931.0,-3.1016042780748574,18.7
HK.01928,金沙中国有限公司,2024-10-16 00:00:00,17.86,17.8,17.96,17.52,27.395,0.00225,18215728,333221340.0,-1.766004415011039,18.12
HK.01928,金沙中国有限公司,2024-10-17 00:00:00,18.0,17.4,18.24,17.22,26.796,0.00312,25218922,456829899.0,-2.2471910112359668,17.8
HK.01928,金沙中国有限公司,2024-10-18 00:00:00,17.4,18.28,18.38,17.4,28.113,0.00261,21122002,390399127.0,5.057471264367831,17.4
HK.01928,金沙中国有限公司,2024-10-21 00:00:00,18.2,17.62,18.2,17.46,27.125,0.00267,21607076,393047263.0,-3.6105032822757113,18.28
HK.01928,金沙中国有限公司,2024-10-22 00:00:00,17.7,18.02,18.26,17.64,27.724,0.00318,25712046,476566274.0,2.2701475595913654,17.62
HK.01928,金沙中国有限公司,2024-10-23 00:00:00,18.26,18.16,18.28,17.92,27.934,0.00188,15236864,284185217.0,0.7769145394006691,18.02
HK.01928,金沙中国有限公司,2024-10-24 00:00:00,18.32,18.88,19.04,18.3,29.011,0.00386,31277410,602660160.0,3.9647577092510953,18.16
HK.01928,金沙中国有限公司,2024-10-25 00:00:00,19.06,19.36,20.1,19.06,29.73,0.00431,34853175,699817896.0,2.5423728813559343,18.88
HK.01928,金沙中国有限公司,2024-10-28 00:00:00,19.4,19.95,20.4,19.4,30.613,0.00338,27370643,559872074.0,3.047520661157024,19.36
HK.01928,金沙中国有限公司,2024-10-29 00:00:00,19.95,20.05,20.6,19.8,30.763,0.003,24303725,501795365.0,0.5012531328320874,19.95
HK.01928,金沙中国有限公司,2024-10-30 00:00:00,19.55,19.48,20.05,19.32,29.91,0.00251,20333471,408646800.0,-2.842892768079802,20.05
HK.01928,金沙中国有限公司,2024-10-31 00:00:00,19.55,19.32,19.75,19.2,29.67,0.00158,12791265,254344683.0,-0.8213552361396311,19.48
HK.01928,金沙中国有限公司,2024-11-01 00:00:00,19.44,20.4,20.4,19.44,31.287,0.00288,23274898,478653188.0,5.590062111801234,19.32
HK.01928,金沙中国有限公司,2024-11-04 00:00:00,20.2,20.4,20.6,20.2,31.287,0.00137,11105470,231984192.0,0.0,20.4
HK.01928,金沙中国有限公司,2024-11-05 00:00:00,20.45,20.55,20.75,20.25,31.511,0.00187,15148266,316539371.0,0.7352941176470693,20.4
HK.01928,金沙中国有限公司,2024-11-06 00:00:00,20.2,20.0,20.25,19.6,30.688,0.003,24266223,494235176.0,-2.6763990267639937,20.55
HK.01928,金沙中国有限公司,2024-11-07 00:00:00,19.8,20.55,20.7,19.8,31.511,0.00284,22945105,478938536.0,2.7500000000000036,20.0
HK.01928,金沙中国有限公司,2024-11-08 00:00:00,20.55,20.3,21.3,20.1,31.137,0.00222,17932328,376091495.0,-1.21654501216545,20.55
HK.01928,金沙中国有限公司,2024-11-11 00:00:00,19.5,20.05,20.2,19.5,30.763,0.00195,15791897,321738482.0,-1.231527093596059,20.3
HK.01928,金沙中国有限公司,2024-11-12 00:00:00,20.0,19.16,20.3,18.86,29.431,0.00293,23744496,470364318.0,-4.4389027431421475,20.05
HK.01928,金沙中国有限公司,2024-11-13 00:00:00,18.8,19.02,19.04,18.6,29.221,0.00193,15658793,303202679.0,-0.7306889352818401,19.16
HK.01928,金沙中国有限公司,2024-11-14 00:00:00,18.56,18.44,19.04,18.28,28.353,0.00258,20866004,397365426.0,-3.0494216614090344,19.02
HK.01928,金沙中国有限公司,2024-11-15 00:00:00,18.7,18.54,18.98,18.46,28.502,0.00142,11516976,220218737.0,0.5422993492407693,18.44
HK.01928,金沙中国有限公司,2024-11-18 00:00:00,18.8,18.66,18.88,18.6,28.682,0.00116,9380867,180240890.0,0.6472491909385167,18.54
HK.01928,金沙中国有限公司,2024-11-19 00:00:00,19.06,19.02,19.28,18.9,29.221,0.00267,21602019,421977032.0,1.9292604501607686,18.66
HK.01928,金沙中国有限公司,2024-11-20 00:00:00,19.12,19.08,19.28,19.02,29.311,0.00132,10684515,209673425.0,0.3154574132492046,19.02
HK.01928,金沙中国有限公司,2024-11-21 00:00:00,19.08,18.94,19.16,18.9,29.101,0.00087,7014183,136825929.0,-0.7337526205450579,19.08
HK.01928,金沙中国有限公司,2024-11-22 00:00:00,19.02,18.72,19.18,18.6,28.772,0.00144,11621649,225393629.0,-1.1615628299894531,18.94
HK.01928,金沙中国有限公司,2024-11-25 00:00:00,18.72,18.28,18.92,18.04,28.113,0.00397,32120124,604134061.0,-2.350427350427338,18.72
HK.01928,金沙中国有限公司,2024-11-26 00:00:00,18.3,19.0,19.16,18.3,29.191,0.00228,18467808,358440931.0,3.9387308533916783,18.28
HK.01928,金沙中国有限公司,2024-11-27 00:00:00,19.0,19.02,19.06,18.62,29.221,0.0011,8908709,172634012.0,0.1052631578947346,19.0
HK.01928,金沙中国有限公司,2024-11-28 00:00:00,18.82,18.5,18.84,18.42,28.443,0.00096,7753217,147430170.0,-2.73396424815983,19.02
HK.01928,金沙中国有限公司,2024-11-29 00:00:00,18.5,19.34,19.4,18.5,29.7,0.00167,13538380,266691399.0,4.54054054054054,18.5
HK.01928,金沙中国有限公司,2024-12-02 00:00:00,19.7,19.8,20.6,19.5,30.389,0.00277,22395840,460514073.0,2.3784901758014523,19.34
HK.01928,金沙中国有限公司,2024-12-03 00:00:00,19.95,19.9,20.0,19.7,30.538,0.00154,12424324,253122354.0,0.5050505050504942,19.8
HK.01928,金沙中国有限公司,2024-12-04 00:00:00,19.7,19.75,19.95,19.6,30.314,0.00109,8835006,178818533.0,-0.7537688442210985,19.9
HK.01928,金沙中国有限公司,2024-12-05 00:00:00,19.75,19.65,19.8,19.44,30.164,0.00107,8672485,174659010.0,-0.5063291139240579,19.75
HK.01928,金沙中国有限公司,2024-12-06 00:00:00,19.65,19.7,19.85,19.5,30.239,0.00136,10983607,221885002.0,0.254452926208655,19.65
HK.01928,金沙中国有限公司,2024-12-09 00:00:00,19.7,20.1,20.1,19.46,30.838,0.00244,19782356,402293078.0,2.030456852791889,19.7
HK.01928,金沙中国有限公司,2024-12-10 00:00:00,21.0,20.6,21.15,20.3,31.586,0.0061,49388415,1046922180.0,2.487562189054726,20.1
HK.01928,金沙中国有限公司,2024-12-11 00:00:00,20.6,20.55,20.8,20.3,31.511,0.00112,9073302,191029052.0,-0.2427184466019452,20.6
HK.01928,金沙中国有限公司,2024-12-12 00:00:00,20.6,21.4,21.95,20.4,32.784,0.00294,23800204,520047546.0,4.13625304136252,20.55
HK.01928,金沙中国有限公司,2024-12-13 00:00:00,21.4,21.35,21.55,21.0,32.709,0.00197,15947067,348041301.0,-0.23364485981307087,21.4
HK.01928,金沙中国有限公司,2024-12-16 00:00:00,21.35,21.0,21.95,20.9,32.185,0.00278,22472987,487929953.0,-1.6393442622950887,21.35
HK.01928,金沙中国有限公司,2024-12-17 00:00:00,20.9,20.65,21.0,20.25,31.661,0.00147,11931579,252573830.0,-1.6666666666666736,21.0
HK.01928,金沙中国有限公司,2024-12-18 00:00:00,21.0,20.95,21.15,20.65,32.11,0.00092,7480049,159726245.0,1.4527845036319649,20.65
HK.01928,金沙中国有限公司,2024-12-19 00:00:00,20.75,20.8,20.95,20.5,31.886,0.00116,9418028,200402837.0,-0.7159904534606137,20.95
HK.01928,金沙中国有限公司,2024-12-20 00:00:00,20.8,20.8,21.1,20.45,31.886,0.00158,12776933,271628225.0,0.0,20.8
HK.01928,金沙中国有限公司,2024-12-23 00:00:00,20.9,20.95,21.05,20.65,32.11,0.00064,5168030,110431656.0,0.7211538461538393,20.8
HK.01928,金沙中国有限公司,2024-12-24 00:00:00,21.1,21.0,21.1,20.65,32.185,0.00057,4648152,99550729.0,0.2386634844868769,20.95
HK.01928,金沙中国有限公司,2024-12-27 00:00:00,21.0,21.25,21.3,20.75,32.559,0.00108,8734222,189412039.0,1.1904761904761905,21.0
HK.01928,金沙中国有限公司,2024-12-30 00:00:00,21.25,20.15,21.4,20.0,30.913,0.00223,18087805,376233625.0,-5.1764705882353015,21.25
HK.01928,金沙中国有限公司,2024-12-31 00:00:00,20.15,20.4,20.8,20.05,31.287,0.00105,8520742,178663360.0,1.240694789081886,20.15
HK.01928,金沙中国有限公司,2025-01-02 00:00:00,20.4,19.7,20.45,19.5,30.239,0.00208,16819066,341639647.0,-3.4313725490196045,20.4
HK.01928,金沙中国有限公司,2025-01-03 00:00:00,19.6,19.22,19.9,19.02,29.52,0.00228,18469490,366538485.0,-2.4365482233502562,19.7
HK.01928,金沙中国有限公司,2025-01-06 00:00:00,19.26,19.22,19.42,19.04,29.52,0.00205,16599702,326967154.0,0.0,19.22
HK.01928,金沙中国有限公司,2025-01-07 00:00:00,19.0,19.5,19.5,18.94,29.94,0.00185,14997430,297010307.0,1.456815816857446,19.22
HK.01928,金沙中国有限公司,2025-01-08 00:00:00,19.3,19.16,19.5,18.98,29.431,0.00133,10728074,211184658.0,-1.7435897435897427,19.5
HK.01928,金沙中国有限公司,2025-01-09 00:00:00,19.16,19.06,19.26,19.02,29.281,0.00077,6261676,122808938.0,-0.5219206680584626,19.16
HK.01928,金沙中国有限公司,2025-01-10 00:00:00,19.06,18.6,19.24,18.5,28.592,0.00163,13232061,253650391.0,-2.4134312696746973,19.06
HK.01928,金沙中国有限公司,2025-01-13 00:00:00,18.42,18.26,18.44,17.96,28.083,0.00135,10962970,204730119.0,-1.8279569892473109,18.6
HK.01928,金沙中国有限公司,2025-01-14 00:00:00,18.1,18.06,18.42,17.92,27.784,0.00345,27917951,519397310.0,-1.0952902519167733,18.26
HK.01928,金沙中国有限公司,2025-01-15 00:00:00,17.88,17.6,17.9,17.1,27.095,0.00475,38450554,687918171.0,-2.5470653377629975,18.06
HK.01928,金沙中国有限公司,2025-01-16 00:00:00,17.6,17.54,17.88,17.36,27.005,0.00205,16625497,300413779.0,-0.3409090909091038,17.6
HK.01928,金沙中国有限公司,2025-01-17 00:00:00,17.54,17.44,17.64,17.24,26.856,0.00124,9999534,179604263.0,-0.5701254275940586,17.54
HK.01928,金沙中国有限公司,2025-01-20 00:00:00,17.7,17.84,18.24,17.58,27.455,0.00265,21448416,396778326.0,2.293577981651368,17.44
HK.01928,金沙中国有限公司,2025-01-21 00:00:00,18.06,17.62,18.14,17.54,27.125,0.00235,18985184,344713312.0,-1.2331838565022357,17.84
HK.01928,金沙中国有限公司,2025-01-22 00:00:00,17.62,17.36,17.68,17.26,26.736,0.00243,19670113,352426182.0,-1.4755959137344015,17.62
HK.01928,金沙中国有限公司,2025-01-23 00:00:00,17.36,17.2,17.56,17.16,26.497,0.00195,15754827,280654228.0,-0.9216589861751161,17.36
HK.01928,金沙中国有限公司,2025-01-24 00:00:00,17.26,17.54,17.64,17.18,27.005,0.00182,14768641,265882129.0,1.976744186046511,17.2
HK.01928,金沙中国有限公司,2025-01-27 00:00:00,17.5,17.86,17.92,17.36,27.485,0.00204,16508199,302462115.0,1.824401368301028,17.54
HK.01928,金沙中国有限公司,2025-01-28 00:00:00,17.96,18.1,18.12,17.76,27.844,0.00128,10326150,191204980.0,1.343784994400907,17.86
HK.01928,金沙中国有限公司,2025-02-03 00:00:00,17.1,16.8,17.3,16.72,25.898,0.00544,44049628,768759695.0,-7.182320441988955,18.1
HK.01928,金沙中国有限公司,2025-02-04 00:00:00,16.94,16.78,17.06,16.54,25.868,0.00316,25586410,443244975.0,-0.1190476190476165,16.8
HK.01928,金沙中国有限公司,2025-02-05 00:00:00,16.7,16.239999999,16.72,15.98,25.059,0.00494,39948873,671435689.0,-3.2181168116805887,16.78
HK.01928,金沙中国有限公司,2025-02-06 00:00:00,16.2,16.26,16.42,16.079999999,25.089,0.00408,33003500,552742995.0,0.12315271552484446,16.239999999
HK.01928,金沙中国有限公司,2025-02-07 00:00:00,16.26,16.379999999,16.579999999,16.059999999,25.269,0.00536,43403512,729740246.0,0.738007373923723,16.26
HK.01928,金沙中国有限公司,2025-02-10 00:00:00,16.379999999,16.42,16.68,16.239999999,25.329,0.00182,14763878,250272158.0,0.24420025032017575,16.379999999
HK.01928,金沙中国有限公司,2025-02-11 00:00:00,16.399999999,15.54,16.42,15.5,24.011,0.00441,35715161,578975698.0,-5.359317904993925,16.42
HK.01928,金沙中国有限公司,2025-02-12 00:00:00,15.8,15.96,16.079999999,15.719999999,24.64,0.00325,26312352,431783098.0,2.702702702702714,15.54
HK.01928,金沙中国有限公司,2025-02-13 00:00:00,16.04,16.239999999,16.72,16.02,25.059,0.00589,47678600,810547376.0,1.7543859586466009,15.96
HK.01928,金沙中国有限公司,2025-02-14 00:00:00,16.44,16.48,16.64,16.239999999,25.419,0.00303,24497166,415419385.0,1.4778325185639187,16.239999999
HK.01928,金沙中国有限公司,2025-02-17 00:00:00,16.5,16.74,17.1,16.399999999,25.808,0.00282,22788392,392897845.0,1.5776699029126091,16.48
HK.01928,金沙中国有限公司,2025-02-18 00:00:00,16.68,16.82,16.92,16.54,25.928,0.00174,14103346,243232103.0,0.4778972520908116,16.74
HK.01928,金沙中国有限公司,2025-02-19 00:00:00,16.76,16.8,16.96,16.46,25.898,0.00157,12701598,219431917.0,-0.11890606420927215,16.82
HK.01928,金沙中国有限公司,2025-02-20 00:00:00,16.62,17.0,17.2,16.62,26.197,0.00233,18826749,329305645.0,1.1904761904761862,16.8
HK.01928,金沙中国有限公司,2025-02-21 00:00:00,17.18,16.68,17.18,16.399999999,17.145,0.00291,23589563,403019715.0,-1.8823529411764721,17.0
HK.01928,金沙中国有限公司,2025-02-24 00:00:00,16.78,17.58,17.96,16.7,18.043,0.0046,37260253,672117055.0,5.395683453237401,16.68
HK.01928,金沙中国有限公司,2025-02-25 00:00:00,16.92,17.12,17.36,16.92,17.584,0.00206,16683691,294533302.0,-2.6166097838452638,17.58
HK.01928,金沙中国有限公司,2025-02-26 00:00:00,17.28,17.14,17.34,17.0,17.604,0.00171,13843819,244315911.0,0.11682242990653956,17.12
HK.01928,金沙中国有限公司,2025-02-27 00:00:00,16.9,17.22,17.46,16.84,17.684,0.00262,21172103,374396058.0,0.46674445740955833,17.14
HK.01928,金沙中国有限公司,2025-02-28 00:00:00,17.22,17.3,17.7,16.92,17.764,0.00437,35405154,631716456.0,0.4645760743321826,17.22
HK.01928,金沙中国有限公司,2025-03-03 00:00:00,17.6,17.8,18.28,17.6,18.263,0.00421,34106226,629789492.0,2.8901734104046244,17.3
HK.01928,金沙中国有限公司,2025-03-04 00:00:00,17.68,17.66,17.94,17.52,18.123,0.00154,12483306,227464971.0,-0.7865168539325874,17.8
HK.01928,金沙中国有限公司,2025-03-05 00:00:00,17.9,17.74,17.94,17.54,18.203,0.00152,12309623,224407948.0,0.4530011325028216,17.66
HK.01928,金沙中国有限公司,2025-03-06 00:00:00,17.92,17.98,18.06,17.68,18.443,0.00183,14781614,271877056.0,1.3528748590755468,17.74
HK.01928,金沙中国有限公司,2025-03-07 00:00:00,17.82,17.84,18.28,17.62,18.303,0.00172,13921094,256337115.0,-0.7786429365962212,17.98
HK.01928,金沙中国有限公司,2025-03-10 00:00:00,17.88,17.6,17.94,17.36,18.063,0.00135,10902481,197240251.0,-1.345291479820619,17.84
HK.01928,金沙中国有限公司,2025-03-11 00:00:00,17.52,18.12,18.2,17.02,18.582,0.00237,19169703,350198527.0,2.954545454545452,17.6
HK.01928,金沙中国有限公司,2025-03-12 00:00:00,17.96,17.34,18.06,17.14,17.804,0.00228,18416582,330856947.0,-4.30463576158941,18.12
HK.01928,金沙中国有限公司,2025-03-13 00:00:00,17.34,17.06,17.52,16.94,17.524,0.00216,17519684,309572543.0,-1.6147635524798218,17.34
HK.01928,金沙中国有限公司,2025-03-14 00:00:00,17.32,17.3,17.68,16.84,17.764,0.00362,29324708,520867473.0,1.4067995310668346,17.06
HK.01928,金沙中国有限公司,2025-03-17 00:00:00,17.42,17.38,17.66,17.32,17.844,0.0015,12157236,218107537.0,0.46242774566473005,17.3
HK.01928,金沙中国有限公司,2025-03-18 00:00:00,17.6,17.5,17.64,17.4,17.964,0.00117,9448971,169980629.0,0.6904487917146203,17.38
HK.01928,金沙中国有限公司,2025-03-19 00:00:00,17.36,17.3,17.4,17.16,17.764,0.00194,15709214,279579538.0,-1.1428571428571388,17.5
HK.01928,金沙中国有限公司,2025-03-20 00:00:00,17.22,16.94,17.68,16.9,17.405,0.00276,22349020,393672208.0,-2.080924855491326,17.3
HK.01928,金沙中国有限公司,2025-03-21 00:00:00,16.94,16.5,17.08,16.34,16.966,0.00261,21087452,360052396.0,-2.597402597402605,16.94
HK.01928,金沙中国有限公司,2025-03-24 00:00:00,16.42,16.42,16.46,16.18,16.886,0.002,16183808,272126943.0,-0.48484848484847454,16.5
HK.01928,金沙中国有限公司,2025-03-25 00:00:00,16.3,16.219999999,16.48,16.14,16.686,0.00118,9530419,159499113.0,-1.2180268026796768,16.42
HK.01928,金沙中国有限公司,2025-03-26 00:00:00,16.219999999,16.34,16.42,16.14,16.806,0.00112,9083900,152384661.0,0.7398273798236705,16.219999999
HK.01928,金沙中国有限公司,2025-03-27 00:00:00,16.3,16.059999999,16.34,16.04,16.526,0.00315,25459415,425272631.0,-1.713586297429628,16.34
HK.01928,金沙中国有限公司,2025-03-28 00:00:00,16.28,15.84,16.28,15.7,16.307,0.00292,23597028,386461425.0,-1.3698630075572693,16.059999999
HK.01928,金沙中国有限公司,2025-03-31 00:00:00,15.76,15.1,15.76,14.88,15.568,0.0045,36441454,568822202.0,-4.671717171717173,15.84
HK.01928,金沙中国有限公司,2025-04-01 00:00:00,15.1,15.36,15.7,15.1,15.828,0.0017,13786524,219873252.0,1.7218543046357602,15.1
HK.01928,金沙中国有限公司,2025-04-02 00:00:00,15.34,15.36,15.48,15.18,15.828,0.00099,7993044,126401347.0,0.0,15.36
HK.01928,金沙中国有限公司,2025-04-03 00:00:00,14.98,15.08,15.18,14.88,15.548,0.00179,14502205,225686048.0,-1.8229166666666625,15.36
HK.01928,金沙中国有限公司,2025-04-07 00:00:00,14.0,12.86,14.16,12.7,13.333,0.00691,55960916,766681802.0,-14.72148541114059,15.08
HK.01928,金沙中国有限公司,2025-04-08 00:00:00,12.86,12.76,13.44,12.62,13.233,0.00416,33707184,452435586.0,-0.7776049766718479,12.86
HK.01928,金沙中国有限公司,2025-04-09 00:00:00,12.44,12.46,12.46,11.7,12.934,0.00771,62397956,787414431.0,-2.351097178683377,12.76
HK.01928,金沙中国有限公司,2025-04-10 00:00:00,12.76,12.88,13.2,12.6,13.353,0.00426,34449526,463954173.0,3.370786516853932,12.46
HK.01928,金沙中国有限公司,2025-04-11 00:00:00,12.68,12.74,12.78,12.3,13.213,0.00604,48861429,638954435.0,-1.0869565217391348,12.88
HK.01928,金沙中国有限公司,2025-04-14 00:00:00,13.02,12.92,13.12,12.58,13.393,0.00446,36134500,482581175.0,1.4128728414442677,12.74
HK.01928,金沙中国有限公司,2025-04-15 00:00:00,12.92,12.66,12.92,12.44,13.133,0.00268,21713012,284846760.0,-2.012383900928791,12.92
HK.01928,金沙中国有限公司,2025-04-16 00:00:00,12.48,12.32,12.58,12.22,12.794,0.00309,25033123,321352646.0,-2.6856240126382294,12.66
HK.01928,金沙中国有限公司,2025-04-17 00:00:00,12.18,12.54,12.56,12.1,13.013,0.00163,13222900,171086783.0,1.7857142857142767,12.32
HK.01928,金沙中国有限公司,2025-04-22 00:00:00,12.34,12.64,12.66,12.32,13.113,0.00164,13268776,172601256.0,0.7974481658692298,12.54
HK.01928,金沙中国有限公司,2025-04-23 00:00:00,13.02,13.12,13.3,12.98,13.592,0.00322,26075325,355155218.0,3.797468354430369,12.64
HK.01928,金沙中国有限公司,2025-04-24 00:00:00,12.98,13.1,13.22,12.86,13.572,0.00207,16718192,226451091.0,-0.15243902439024065,13.12
HK.01928,金沙中国有限公司,2025-04-25 00:00:00,13.3,13.5,13.84,13.2,13.972,0.00349,28250110,399772878.0,3.0534351145038197,13.1
HK.01928,金沙中国有限公司,2025-04-28 00:00:00,13.68,13.48,13.8,13.48,13.952,0.00193,15587521,219837681.0,-0.148148148148145,13.5
HK.01928,金沙中国有限公司,2025-04-29 00:00:00,13.6,13.4,13.72,13.4,13.872,0.00148,11995216,167946937.0,-0.5934718100890213,13.48
HK.01928,金沙中国有限公司,2025-04-30 00:00:00,13.46,13.48,13.56,13.36,13.952,0.00187,15149677,211734408.0,0.5970149253731348,13.4
HK.01928,金沙中国有限公司,2025-05-02 00:00:00,13.58,13.7,13.78,13.5,14.171,0.00213,17230846,243891858.0,1.6320474777447986,13.48
HK.01928,金沙中国有限公司,2025-05-06 00:00:00,14.0,14.46,14.74,13.86,14.93,0.00622,50338516,751046708.0,5.5474452554744635,13.7
HK.01928,金沙中国有限公司,2025-05-07 00:00:00,14.7,14.86,15.0,14.66,15.329,0.00377,30475841,467167437.0,2.7662517289073207,14.46
HK.01928,金沙中国有限公司,2025-05-08 00:00:00,14.88,15.1,15.3,14.88,15.568,0.00394,31890173,499114233.0,1.6150740242261117,14.86
HK.01928,金沙中国有限公司,2025-05-09 00:00:00,15.38,15.12,15.38,14.94,15.588,0.00286,23138641,361108352.0,0.132450331125825,15.1
HK.01928,金沙中国有限公司,2025-05-12 00:00:00,15.38,15.62,15.719999999,15.16,16.087,0.00392,31697303,506153164.0,3.3068783068783074,15.12
HK.01928,金沙中国有限公司,2025-05-13 00:00:00,15.5,15.46,15.92,15.24,15.928,0.00339,27412951,441471666.0,-1.0243277848911547,15.62
HK.01928,金沙中国有限公司,2025-05-14 00:00:00,15.6,15.6,15.66,15.44,16.067,0.00224,18137169,291376875.0,0.905562742561441,15.46
HK.01928,金沙中国有限公司,2025-05-15 00:00:00,15.579999999,15.26,15.68,15.14,15.728,0.00201,16279493,257258308.0,-2.179487179487179,15.6
HK.01928,金沙中国有限公司,2025-05-16 00:00:00,15.26,15.08,15.26,14.9,15.548,0.00216,17442453,271480152.0,-1.179554390563563,15.26
HK.01928,金沙中国有限公司,2025-05-19 00:00:00,15.0,15.0,15.16,14.86,15.469,0.00152,12325989,191111508.0,-0.5305039787798413,15.08
HK.01928,金沙中国有限公司,2025-05-20 00:00:00,15.18,14.98,15.18,14.84,15.449,0.00229,18494366,286495671.0,-0.1333333333333305,15.0
HK.01928,金沙中国有限公司,2025-05-21 00:00:00,14.9,14.64,15.04,14.58,15.109,0.00161,13020596,197964052.0,-2.2696929238985306,14.98
HK.01928,金沙中国有限公司,2025-05-22 00:00:00,14.68,14.62,14.92,14.56,15.089,0.00151,12240410,186196133.0,-0.13661202185793273,14.64
HK.01928,金沙中国有限公司,2025-05-23 00:00:00,14.62,14.54,14.66,14.44,15.009,0.00115,9314096,140351976.0,-0.5471956224350211,14.62
HK.01928,金沙中国有限公司,2025-05-26 00:00:00,14.5,14.86,15.0,14.44,15.329,0.00242,19598914,299374458.0,2.2008253094910613,14.54
HK.01928,金沙中国有限公司,2025-05-27 00:00:00,14.86,14.88,14.9,14.62,15.349,0.00133,10749128,164488557.0,0.13458950201885161,14.86
HK.01928,金沙中国有限公司,2025-05-28 00:00:00,15.13,15.21,15.43,15.13,15.429,0.00212,17167665,266516225.0,2.2177419354838714,14.88
HK.01928,金沙中国有限公司,2025-05-29 00:00:00,15.21,15.29,15.49,15.11,15.508,0.00219,17708819,275732147.0,0.5259697567389763,15.21
HK.01928,金沙中国有限公司,2025-05-30 00:00:00,15.25,15.17,15.31,14.87,15.389,0.00333,26916675,413747760.0,-0.7848266841072546,15.29
HK.01928,金沙中国有限公司,2025-06-02 00:00:00,15.39,15.829999999,15.87,15.09,16.047,0.00394,31906476,504254335.0,4.350692148978247,15.17
HK.01928,金沙中国有限公司,2025-06-03 00:00:00,15.829999999,15.53,15.93,15.53,15.748,0.00229,18542703,295218092.0,-1.8951358118695643,15.829999999
HK.01928,金沙中国有限公司,2025-06-04 00:00:00,15.71,15.63,15.75,15.47,15.848,0.00161,13023503,206944219.0,0.6439150032195842,15.53
HK.01928,金沙中国有限公司,2025-06-05 00:00:00,15.63,15.49,15.77,15.41,15.708,0.00191,15498095,244442883.0,-0.8957133717210528,15.63
HK.01928,金沙中国有限公司,2025-06-06 00:00:00,15.75,15.21,15.75,15.17,15.429,0.0017,13737909,214385472.0,-1.8076178179470586,15.49
HK.01928,金沙中国有限公司,2025-06-09 00:00:00,15.33,15.49,15.49,15.21,15.708,0.0012,9746321,152307787.0,1.840894148586452,15.21
HK.01928,金沙中国有限公司,2025-06-10 00:00:00,15.55,15.63,15.85,15.49,15.848,0.00143,11551775,183750516.0,0.903808908973535,15.49
HK.01928,金沙中国有限公司,2025-06-11 00:00:00,15.829999999,15.71,15.829999999,15.57,15.928,0.00092,7462705,119084188.0,0.5118362124120286,15.63
HK.01928,金沙中国有限公司,2025-06-12 00:00:00,15.71,15.25,15.71,15.21,15.469,0.00152,12321124,192858802.0,-2.928071292170597,15.71
HK.01928,金沙中国有限公司,2025-06-13 00:00:00,15.07,14.67,15.13,14.57,14.89,0.00221,17873860,267994596.0,-3.8032786885245904,15.25
HK.01928,金沙中国有限公司,2025-06-16 00:00:00,14.67,14.63,14.67,14.37,14.85,0.00412,33336014,492494172.0,-0.27266530334014416,14.67
HK.01928,金沙中国有限公司,2025-06-17 00:00:00,14.89,15.41,15.55,14.87,15.628,0.00307,24867784,386812272.0,5.331510594668485,14.63
HK.01928,金沙中国有限公司,2025-06-18 00:00:00,15.41,15.21,15.43,15.09,15.429,0.00145,11755096,181468671.0,-1.2978585334198525,15.41
HK.01928,金沙中国有限公司,2025-06-19 00:00:00,15.21,14.77,15.21,14.69,14.99,0.00119,9600813,144533091.0,-2.8928336620644397,15.21
HK.01928,金沙中国有限公司,2025-06-20 00:00:00,14.77,14.77,14.91,14.71,14.99,0.00179,14477976,217769855.0,0.0,14.77
HK.01928,金沙中国有限公司,2025-06-23 00:00:00,14.77,15.07,15.11,14.55,15.289,0.00131,10624038,160708562.0,2.0311442112390026,14.77
HK.01928,金沙中国有限公司,2025-06-24 00:00:00,15.19,15.45,15.61,15.19,15.668,0.00161,13066077,205636346.0,2.5215660252156535,15.07
HK.01928,金沙中国有限公司,2025-06-25 00:00:00,15.63,16.39,16.45,15.47,16.606,0.00425,34416511,564665489.0,6.084142394822015,15.45
HK.01928,金沙中国有限公司,2025-06-26 00:00:00,16.29,16.17,16.53,16.11,16.387,0.00197,15908909,262990947.0,-1.3422818791946238,16.39
HK.01928,金沙中国有限公司,2025-06-27 00:00:00,16.29,16.309999999,16.43,16.07,16.526,0.00256,20743121,343105938.0,0.865800859616555,16.17
HK.01928,金沙中国有限公司,2025-06-30 00:00:00,16.329999999,16.09,16.41,16.05,16.307,0.00128,10320869,169429027.0,-1.3488657204996166,16.309999999
HK.01928,金沙中国有限公司,2025-07-02 00:00:00,17.07,17.07,17.49,16.89,17.285,0.0072,58285524,1016467056.0,6.090739589807336,16.09
HK.01928,金沙中国有限公司,2025-07-03 00:00:00,17.25,17.53,17.55,17.15,17.744,0.00433,35040864,618189169.0,2.6947861745752832,17.07
HK.01928,金沙中国有限公司,2025-07-04 00:00:00,17.55,17.39,17.73,17.37,17.604,0.00303,24487032,434390320.0,-0.7986309184255593,17.53
HK.01928,金沙中国有限公司,2025-07-07 00:00:00,17.53,18.07,18.11,17.25,18.283,0.00439,35497914,643038603.0,3.910293271995398,17.39
HK.01928,金沙中国有限公司,2025-07-08 00:00:00,18.35,18.49,18.55,18.11,18.702,0.00408,32989492,614405756.0,2.3242944106253356,18.07
HK.01928,金沙中国有限公司,2025-07-09 00:00:00,18.57,18.81,18.83,18.35,19.021,0.00429,34692943,655775653.0,1.7306652244456477,18.49
HK.01928,金沙中国有限公司,2025-07-10 00:00:00,18.85,19.01,19.15,18.51,19.221,0.00321,25955825,496839311.0,1.0632642211589731,18.81
HK.01928,金沙中国有限公司,2025-07-11 00:00:00,18.93,18.97,19.35,18.63,19.181,0.00341,27572842,530532387.0,-0.21041557075224984,19.01
HK.01928,金沙中国有限公司,2025-07-14 00:00:00,18.99,18.87,19.03,18.41,19.081,0.00269,21810355,414018848.0,-0.5271481286241322,18.97
HK.01928,金沙中国有限公司,2025-07-15 00:00:00,18.91,18.87,19.03,18.75,19.081,0.00232,18803907,359813357.0,0.0,18.87
HK.01928,金沙中国有限公司,2025-07-16 00:00:00,18.95,18.79,19.05,18.75,19.001,0.00164,13257344,253445641.0,-0.42395336512984544,18.87
HK.01928,金沙中国有限公司,2025-07-17 00:00:00,18.79,18.39,18.85,18.31,18.602,0.00261,21091323,395128553.0,-2.1287919105907323,18.79
HK.01928,金沙中国有限公司,2025-07-18 00:00:00,18.63,18.23,18.65,18.15,18.443,0.00196,15893510,294667024.0,-0.870038064165308,18.39
HK.01928,金沙中国有限公司,2025-07-21 00:00:00,18.23,18.21,18.29,17.85,18.423,0.00255,20647142,379962423.0,-0.10970927043334928,18.23
HK.01928,金沙中国有限公司,2025-07-22 00:00:00,18.21,18.11,18.21,17.81,18.323,0.00249,20156705,369321142.0,-0.5491488193300462,18.21
HK.01928,金沙中国有限公司,2025-07-23 00:00:00,18.31,18.17,18.33,17.93,18.383,0.00256,20753541,381187846.0,0.3313086692435244,18.11
HK.01928,金沙中国有限公司,2025-07-24 00:00:00,18.51,18.43,18.93,18.33,18.642,0.0032,25884943,485105267.0,1.430930104567958,18.17
HK.01928,金沙中国有限公司,2025-07-25 00:00:00,18.43,18.23,18.55,18.23,18.443,0.00137,11060291,205574525.0,-1.0851871947910976,18.43
HK.01928,金沙中国有限公司,2025-07-28 00:00:00,18.35,18.55,18.95,18.25,18.762,0.00375,30377391,570759542.0,1.7553483269336274,18.23
HK.01928,金沙中国有限公司,2025-07-29 00:00:00,18.37,18.95,19.01,18.25,19.161,0.00359,29029440,549273413.0,2.156334231805922,18.55
HK.01928,金沙中国有限公司,2025-07-30 00:00:00,18.83,18.47,18.83,18.41,18.682,0.00275,22263274,418313202.0,-2.5329815303430103,18.95
HK.01928,金沙中国有限公司,2025-07-31 00:00:00,18.57,18.79,19.03,18.53,19.001,0.00226,18299508,348726296.0,1.732539252842449,18.47
HK.01928,金沙中国有限公司,2025-08-01 00:00:00,18.79,18.63,19.19,18.59,18.842,0.00246,19934929,379843739.0,-0.8515167642362967,18.79
HK.01928,金沙中国有限公司,2025-08-04 00:00:00,18.75,18.98,18.98,18.51,19.191,0.00174,14112693,269725785.0,1.8786902844873936,18.63
HK.01928,金沙中国有限公司,2025-08-05 00:00:00,18.98,19.48,19.65,18.75,19.69,0.00345,27893960,546158891.0,2.634351949420443,18.98
HK.01928,金沙中国有限公司,2025-08-06 00:00:00,19.61,19.31,19.61,19.17,19.52,0.00185,14992262,292900277.0,-0.8726899383983661,19.48
HK.01928,金沙中国有限公司,2025-08-07 00:00:00,19.35,20.29,20.55,19.3,20.499,0.00496,40172456,817929046.0,5.075090626618335,19.31
HK.01928,金沙中国有限公司,2025-08-08 00:00:00,20.17,19.87,20.27,19.75,20.079,0.00334,26992994,545013046.0,-2.0699852143913167,20.29
HK.01928,金沙中国有限公司,2025-08-11 00:00:00,19.99,19.62,20.23,19.37,19.83,0.00361,29235093,580590798.0,-1.2581781580271767,19.87
HK.01928,金沙中国有限公司,2025-08-12 00:00:00,19.65,20.11,20.19,19.48,20.319,0.00186,15078377,305325000.0,2.497451580020379,19.62
HK.01928,金沙中国有限公司,2025-08-13 00:00:00,20.25,19.99,20.25,19.66,20.199,0.00185,14972523,301506254.0,-0.5967180507210392,20.11
HK.01928,金沙中国有限公司,2025-08-14 00:00:00,20.29,20.19,20.55,20.11,20.399,0.00174,14068277,289112718.0,1.0005002501250768,19.99
HK.01928,金沙中国有限公司,2025-08-15 00:00:00,19.97,19.7,19.97,19.61,19.91,0.00131,10629331,212778987.0,-2.4269440316988704,20.19
HK.01928,金沙中国有限公司,2025-08-18 00:00:00,19.03,19.73,20.29,19.03,19.94,0.00303,24556518,495279271.0,0.15228426395939665,19.7
HK.01928,金沙中国有限公司,2025-08-19 00:00:00,19.73,19.7,19.95,19.6,19.91,0.00126,10160388,202860783.0,-0.1520527116066961,19.73
HK.01928,金沙中国有限公司,2025-08-20 00:00:00,19.61,20.03,20.11,19.42,20.239,0.00262,21178446,425874386.0,1.675126903553309,19.7
HK.01928,金沙中国有限公司,2025-08-21 00:00:00,19.85,20.07,20.29,19.58,20.279,0.00251,20344195,412111215.0,0.1997004493260067,20.03
HK.01928,金沙中国有限公司,2025-08-22 00:00:00,20.07,19.93,20.07,19.66,20.139,0.0017,13784979,277010110.0,-0.6975585450921802,20.07
HK.01928,金沙中国有限公司,2025-08-25 00:00:00,20.05,21.11,21.11,19.93,21.317,0.00472,38206856,803230765.0,5.920722528850978,19.93
HK.01928,金沙中国有限公司,2025-08-26 00:00:00,20.95,20.85,21.17,20.75,21.057,0.00154,12486210,263406742.0,-1.2316437707247656,21.11
HK.01928,金沙中国有限公司,2025-08-27 00:00:00,20.95,20.29,21.05,20.01,20.499,0.00222,17988677,373386437.0,-2.685851318944855,20.85
HK.01928,金沙中国有限公司,2025-08-28 00:00:00,20.34,20.1,20.36,19.92,20.059,0.00185,14965034,300380224.0,-0.9364218827008266,20.29
HK.01928,金沙中国有限公司,2025-08-29 00:00:00,20.36,20.34,20.4,20.02,20.299,0.00141,11409207,231508597.0,1.1940298507462608,20.1
HK.01928,金沙中国有限公司,2025-09-01 00:00:00,20.42,20.2,20.48,20.08,20.159,0.00166,13415281,271514786.0,-0.6882989183874167,20.34
HK.01928,金沙中国有限公司,2025-09-02 00:00:00,20.2,20.16,20.48,20.08,20.119,0.002,16169062,327361258.0,-0.1980198019801938,20.2
HK.01928,金沙中国有限公司,2025-09-03 00:00:00,20.44,20.02,20.68,19.9,19.98,0.00155,12523633,252652781.0,-0.6944444444444473,20.16
HK.01928,金沙中国有限公司,2025-09-04 00:00:00,19.95,19.54,20.2,19.35,19.5,0.00226,18281743,357269229.0,-2.3976023976024,20.02
HK.01928,金沙中国有限公司,2025-09-05 00:00:00,19.54,19.71,19.76,19.43,19.67,0.00264,21356420,418887478.0,0.8700102354145431,19.54
HK.01928,金沙中国有限公司,2025-09-08 00:00:00,19.71,19.92,20.26,19.65,19.88,0.00209,16920474,337670286.0,1.0654490106544945,19.71
HK.01928,金沙中国有限公司,2025-09-09 00:00:00,19.98,19.97,20.28,19.72,19.93,0.00192,15572083,310463005.0,0.2510040160642428,19.92
HK.01928,金沙中国有限公司,2025-09-10 00:00:00,20.14,20.66,20.78,20.0,20.618,0.00359,29087132,596482832.0,3.4551827741612486,19.97
HK.01928,金沙中国有限公司,2025-09-11 00:00:00,20.4,20.86,20.94,20.16,20.818,0.00216,17481333,361867414.0,0.9680542110358145,20.66
HK.01928,金沙中国有限公司,2025-09-12 00:00:00,21.0,21.08,21.1,20.8,21.037,0.00246,19925177,418072709.0,1.0546500479386332,20.86
HK.01928,金沙中国有限公司,2025-09-15 00:00:00,20.8,21.06,21.18,20.8,21.017,0.00143,11594312,243832695.0,-0.09487666034155397,21.08
HK.01928,金沙中国有限公司,2025-09-16 00:00:00,21.42,20.26,21.42,20.08,20.219,0.00342,27699948,569192567.0,-3.7986704653371186,21.06
HK.01928,金沙中国有限公司,2025-09-17 00:00:00,20.38,20.6,20.66,20.22,20.558,0.00217,17550368,359258560.0,1.6781836130306014,20.26
HK.01928,金沙中国有限公司,2025-09-18 00:00:00,20.48,20.34,20.76,20.2,20.299,0.00183,14838167,302280813.0,-1.2621359223301047,20.6
HK.01928,金沙中国有限公司,2025-09-19 00:00:00,20.42,21.6,21.6,20.36,21.556,0.00428,34659798,739485718.0,6.1946902654867335,20.34
HK.01928,金沙中国有限公司,2025-09-22 00:00:00,21.6,21.08,22.1,20.94,21.037,0.00357,28887916,616820057.0,-2.4074074074074217,21.6
HK.01928,金沙中国有限公司,2025-09-23 00:00:00,21.36,20.8,21.4,20.7,20.758,0.00125,10144175,211491215.0,-1.3282732447817724,21.08
HK.01928,金沙中国有限公司,2025-09-24 00:00:00,21.02,21.06,21.1,20.7,21.017,0.00133,10764242,225736906.0,1.2499999999999905,20.8
HK.01928,金沙中国有限公司,2025-09-25 00:00:00,21.36,21.34,21.64,21.12,21.297,0.00142,11492471,245104794.0,1.3295346628680018,21.06
HK.01928,金沙中国有限公司,2025-09-26 00:00:00,21.34,21.22,21.7,20.9,21.177,0.0019,15376219,329215277.0,-0.5623242736644846,21.34
HK.01928,金沙中国有限公司,2025-09-29 00:00:00,21.5,22.2,22.46,21.5,22.155,0.00437,35361407,781711416.0,4.6182846371347805,21.22
HK.01928,金沙中国有限公司,2025-09-30 00:00:00,22.36,21.7,22.5,21.36,21.656,0.00298,24115199,526033732.0,-2.2522522522522523,22.2
HK.01928,金沙中国有限公司,2025-10-02 00:00:00,21.76,21.78,21.92,21.42,21.736,0.00216,17507167,380388675.0,0.36866359447005465,21.7
HK.01928,金沙中国有限公司,2025-10-03 00:00:00,21.7,21.28,21.78,21.16,21.237,0.00156,12621530,268968416.0,-2.295684113865932,21.78
HK.01928,金沙中国有限公司,2025-10-06 00:00:00,21.28,20.76,21.28,20.28,20.718,0.00335,27078601,556944383.0,-2.4436090225563887,21.28
HK.01928,金沙中国有限公司,2025-10-08 00:00:00,20.76,21.1,21.12,20.3,21.057,0.0028,22651572,468441952.0,1.6377649325626198,20.76
HK.01928,金沙中国有限公司,2025-10-09 00:00:00,21.08,21.32,21.88,21.04,21.277,0.00357,28874282,620758195.0,1.0426540284360135,21.1
HK.01928,金沙中国有限公司,2025-10-10 00:00:00,21.06,20.14,21.06,19.96,20.099,0.00543,43980748,895953537.0,-5.534709193245777,21.32
HK.01928,金沙中国有限公司,2025-10-13 00:00:00,19.28,19.03,19.66,18.81,18.992,0.00648,52483641,1007603680.0,-5.511420059582917,20.14
HK.01928,金沙中国有限公司,2025-10-14 00:00:00,19.07,18.13,19.18,17.89,18.093,0.00453,36696756,670838425.0,-4.729374671571214,19.03
HK.01928,金沙中国有限公司,2025-10-15 00:00:00,18.28,18.58,18.68,18.23,18.542,0.00287,23235509,429384342.0,2.4820739106453353,18.13
HK.01928,金沙中国有限公司,2025-10-16 00:00:00,18.58,18.23,18.6,18.1,18.193,0.00168,13630432,249177557.0,-1.8837459634014957,18.58
HK.01928,金沙中国有限公司,2025-10-17 00:00:00,18.02,18.07,18.4,17.9,18.033,0.00274,22144274,399579770.0,-0.8776741634668137,18.23
HK.01928,金沙中国有限公司,2025-10-20 00:00:00,18.19,18.86,19.05,18.19,18.822,0.00287,23240557,436655122.0,4.371887105700051,18.07
HK.01928,金沙中国有限公司,2025-10-21 00:00:00,19.08,18.68,19.12,18.59,18.642,0.00187,15157227,285277102.0,-0.9544008483563081,18.86
HK.01928,金沙中国有限公司,2025-10-22 00:00:00,18.66,18.42,18.75,18.39,18.383,0.00199,16135566,298326468.0,-1.3918629550321093,18.68
HK.01928,金沙中国有限公司,2025-10-23 00:00:00,18.63,19.23,19.46,18.54,19.191,0.00543,43948876,835432232.0,4.397394136807811,18.42
HK.01928,金沙中国有限公司,2025-10-24 00:00:00,19.44,19.86,20.06,19.44,19.82,0.00265,21435583,423795060.0,3.2761310452418044,19.23
HK.01928,金沙中国有限公司,2025-10-27 00:00:00,19.86,20.34,20.62,19.86,20.299,0.00219,17750433,360572557.0,2.4169184290030232,19.86
HK.01928,金沙中国有限公司,2025-10-28 00:00:00,20.34,20.84,21.0,20.16,20.798,0.00256,20688363,427304750.0,2.4582104228121926,20.34
HK.01928,金沙中国有限公司,2025-10-30 00:00:00,20.84,20.52,20.9,20.1,20.479,0.00271,21941767,448080682.0,-1.5355086372360858,20.84
HK.01928,金沙中国有限公司,2025-10-31 00:00:00,20.34,20.24,20.54,20.08,20.199,0.00107,8686091,175867443.0,-1.3645224171540018,20.52
HK.01928,金沙中国有限公司,2025-11-03 00:00:00,20.7,19.95,20.92,19.89,19.91,0.00222,17997082,363175540.0,-1.4328063241106679,20.24
HK.01928,金沙中国有限公司,2025-11-04 00:00:00,19.84,19.75,20.18,19.7,19.71,0.00186,15060275,299434898.0,-1.0025062656641568,19.95
HK.01928,金沙中国有限公司,2025-11-05 00:00:00,19.62,20.08,20.12,19.32,20.039,0.00142,11501625,228200530.0,1.6708860759493585,19.75
HK.01928,金沙中国有限公司,2025-11-06 00:00:00,20.14,20.44,20.44,20.08,20.399,0.00114,9243322,187506194.0,1.7928286852589792,20.08
HK.01928,金沙中国有限公司,2025-11-07 00:00:00,20.44,20.34,20.54,20.22,20.299,0.00075,6083280,123637684.0,-0.48923679060666053,20.44
HK.01928,金沙中国有限公司,2025-11-10 00:00:00,20.5,21.06,21.08,20.34,21.017,0.00222,17976340,376289492.0,3.539823008849552,20.34
HK.01928,金沙中国有限公司,2025-11-11 00:00:00,21.2,21.16,21.22,20.8,21.117,0.0014,11346366,238732973.0,0.47483380816714826,21.06
HK.01928,金沙中国有限公司,2025-11-12 00:00:00,21.16,21.38,21.58,21.16,21.337,0.00187,15108911,323433886.0,1.039697542533076,21.16
HK.01928,金沙中国有限公司,2025-11-13 00:00:00,21.32,21.32,21.44,20.94,21.277,0.00137,11096864,235481435.0,-0.28063610851262266,21.38
HK.01928,金沙中国有限公司,2025-11-14 00:00:00,21.32,21.08,21.32,20.88,21.037,0.00112,9051160,190313784.0,-1.1257035647279643,21.32
HK.01928,金沙中国有限公司,2025-11-17 00:00:00,21.0,20.94,21.02,20.76,20.898,0.0008,6461848,134980229.0,-0.6641366223908777,21.08
HK.01928,金沙中国有限公司,2025-11-18 00:00:00,20.86,20.62,20.86,20.42,20.578,0.00128,10325033,212443299.0,-1.5281757402101255,20.94
HK.01928,金沙中国有限公司,2025-11-19 00:00:00,20.62,20.26,20.7,20.16,20.219,0.00072,5856727,118982899.0,-1.7458777885547985,20.62
HK.01928,金沙中国有限公司,2025-11-20 00:00:00,20.32,20.28,20.6,20.2,20.239,0.00127,10302698,209639391.0,0.09871668311944508,20.26
HK.01928,金沙中国有限公司,2025-11-21 00:00:00,19.94,19.07,19.99,19.0,19.031,0.00248,20089366,386497286.0,-5.966469428007894,20.28
HK.01928,金沙中国有限公司,2025-11-24 00:00:00,19.32,19.63,19.64,19.16,19.59,0.00238,19242405,375027126.0,2.9365495542737214,19.07
HK.01928,金沙中国有限公司,2025-11-25 00:00:00,19.75,19.75,20.06,19.59,19.71,0.0013,10486954,207218763.0,0.6113092205807489,19.63
HK.01928,金沙中国有限公司,2025-11-26 00:00:00,20.1,19.98,20.48,19.93,19.94,0.00124,10038055,201950289.0,1.1645569620253184,19.75
HK.01928,金沙中国有限公司,2025-11-27 00:00:00,20.16,20.66,20.68,19.87,20.618,0.00208,16828705,343594693.0,3.4034034034034018,19.98
HK.01928,金沙中国有限公司,2025-11-28 00:00:00,20.78,21.2,21.28,20.78,21.157,0.00252,20362596,428700908.0,2.6137463697967043,20.66
HK.01928,金沙中国有限公司,2025-12-01 00:00:00,21.24,21.42,21.58,21.08,21.377,0.00171,13816241,294356036.0,1.037735849056615,21.2
HK.01928,金沙中国有限公司,2025-12-02 00:00:00,21.6,21.88,22.0,21.3,21.836,0.00294,23777925,518815682.0,2.1475256769374287,21.42
HK.01928,金沙中国有限公司,2025-12-03 00:00:00,21.84,21.8,21.9,21.6,21.756,0.00088,7100916,154719254.0,-0.36563071297988253,21.88
HK.01928,金沙中国有限公司,2025-12-04 00:00:00,21.88,21.46,21.88,21.38,21.417,0.00155,12555023,269985309.0,-1.559633027522935,21.8
HK.01928,金沙中国有限公司,2025-12-05 00:00:00,21.2,21.4,21.44,20.86,21.357,0.00139,11210018,238725358.0,-0.27958993476235916,21.46
HK.01928,金沙中国有限公司,2025-12-08 00:00:00,21.36,21.06,21.48,20.92,21.017,0.00158,12807037,269914127.0,-1.5887850467289713,21.4
HK.01928,金沙中国有限公司,2025-12-09 00:00:00,21.04,20.5,21.14,20.4,20.459,0.0019,15359979,317197599.0,-2.6590693257359863,21.06
HK.01928,金沙中国有限公司,2025-12-10 00:00:00,20.26,20.8,20.8,20.22,20.758,0.00125,10134105,208800997.0,1.4634146341463448,20.5
HK.01928,金沙中国有限公司,2025-12-11 00:00:00,20.94,20.32,21.0,20.18,20.279,0.00168,13564049,277152912.0,-2.3076923076923097,20.8
HK.01928,金沙中国有限公司,2025-12-12 00:00:00,20.8,20.72,20.88,20.52,20.678,0.00127,10254912,212718678.0,1.968503937007867,20.32
HK.01928,金沙中国有限公司,2025-12-15 00:00:00,20.68,20.1,20.72,19.95,20.059,0.00162,13110346,265374885.0,-2.99227799227798,20.72
HK.01928,金沙中国有限公司,2025-12-16 00:00:00,20.02,19.93,20.2,19.85,19.89,0.00144,11652162,232310045.0,-0.8457711442786154,20.1
HK.01928,金沙中国有限公司,2025-12-17 00:00:00,20.04,20.06,20.38,19.89,20.019,0.00137,11074031,221497356.0,0.6522829904666282,19.93
HK.01928,金沙中国有限公司,2025-12-18 00:00:00,19.96,19.98,20.2,19.8,19.94,0.0008,6505068,129846831.0,-0.39880358923229464,20.06
HK.01928,金沙中国有限公司,2025-12-19 00:00:00,20.1,20.52,20.66,20.06,20.479,0.00195,15777061,322374706.0,2.702702702702698,19.98
HK.01928,金沙中国有限公司,2025-12-22 00:00:00,20.6,20.72,20.76,20.36,20.678,0.00066,5374560,110549554.0,0.974658869395708,20.52
HK.01928,金沙中国有限公司,2025-12-23 00:00:00,20.72,20.9,20.94,20.54,20.858,0.00072,5844913,121504363.0,0.8687258687258673,20.72
HK.01928,金沙中国有限公司,2025-12-24 00:00:00,20.98,20.84,21.16,20.5,20.798,0.00096,7730963,160831013.0,-0.28708133971291255,20.9
HK.01928,金沙中国有限公司,2025-12-29 00:00:00,20.82,19.91,20.82,19.88,19.87,0.00208,16871030,339387061.0,-4.46257197696737,20.84
HK.01928,金沙中国有限公司,2025-12-30 00:00:00,19.8,19.71,19.87,19.38,19.67,0.00172,13948150,273469622.0,-1.0045203415369126,19.91
HK.01928,金沙中国有限公司,2025-12-31 00:00:00,19.6,19.6,19.73,19.38,19.56,0.0009,7280023,142280494.0,-0.5580923389142538,19.71
HK.01928,金沙中国有限公司,2026-01-02 00:00:00,19.6,19.98,20.1,19.6,19.94,0.00076,6175847,122986885.0,1.9387755102040765,19.6
HK.01928,金沙中国有限公司,2026-01-05 00:00:00,20.14,19.75,20.14,19.5,19.71,0.00142,11502059,226744113.0,-1.1511511511511534,19.98
HK.01928,金沙中国有限公司,2026-01-06 00:00:00,19.95,19.94,20.04,19.71,19.9,0.00118,9557313,190191273.0,0.9620253164557027,19.75
HK.01928,金沙中国有限公司,2026-01-07 00:00:00,19.88,19.62,19.95,19.5,19.58,0.00138,11145153,219017028.0,-1.6048144433299913,19.94
HK.01928,金沙中国有限公司,2026-01-08 00:00:00,19.63,18.74,19.63,18.37,18.702,0.00527,42627258,798485726.0,-4.485219164118259,19.62
HK.01928,金沙中国有限公司,2026-01-09 00:00:00,18.77,18.75,18.99,18.61,18.712,0.00194,15711813,294903600.0,0.05336179295625167,18.74
HK.01928,金沙中国有限公司,2026-01-12 00:00:00,18.19,18.6,18.66,18.19,18.562,0.00143,11562823,214568583.0,-0.7999999999999924,18.75
HK.01928,金沙中国有限公司,2026-01-13 00:00:00,18.68,18.53,18.96,18.43,18.493,0.00137,11116544,207435612.0,-0.3763440860215069,18.6
HK.01928,金沙中国有限公司,2026-01-14 00:00:00,18.51,18.78,19.07,18.45,18.742,0.00217,17551482,329818130.0,1.3491635186184565,18.53
HK.01928,金沙中国有限公司,2026-01-15 00:00:00,18.78,18.93,18.94,18.58,18.892,0.0019,15365198,288866670.0,0.7987220447284269,18.78
HK.01928,金沙中国有限公司,2026-01-16 00:00:00,19.05,18.59,19.24,18.47,18.552,0.00286,23151585,432462544.0,-1.7960908610670887,18.93
HK.01928,金沙中国有限公司,2026-01-19 00:00:00,18.4,18.34,18.58,18.26,18.303,0.00182,14729304,271612393.0,-1.3448090371167294,18.59
HK.01928,金沙中国有限公司,2026-01-20 00:00:00,18.32,18.45,18.52,18.18,18.413,0.00135,10963312,201185616.0,0.599781897491818,18.34
HK.01928,金沙中国有限公司,2026-01-21 00:00:00,18.28,18.4,18.53,18.14,18.363,0.0022,17842561,327124920.0,-0.27100271002710413,18.45
HK.01928,金沙中国有限公司,2026-01-22 00:00:00,18.45,18.66,18.85,18.41,18.622,0.00172,13900675,259210139.0,1.4130434782608783,18.4
HK.01928,金沙中国有限公司,2026-01-23 00:00:00,18.75,18.76,18.95,18.65,18.722,0.00144,11693767,219643970.0,0.535905680600222,18.66
HK.01928,金沙中国有限公司,2026-01-26 00:00:00,18.85,18.83,19.0,18.69,18.792,0.0019,15413619,290116740.0,0.3731343283581915,18.76
HK.01928,金沙中国有限公司,2026-01-27 00:00:00,18.86,18.77,19.02,18.7,18.732,0.00258,20879954,393219317.0,-0.3186404673393453,18.83
HK.01928,金沙中国有限公司,2026-01-28 00:00:00,18.81,18.84,18.93,18.42,18.802,0.00191,15448269,289202241.0,0.37293553542887736,18.77
HK.01928,金沙中国有限公司,2026-01-29 00:00:00,17.9,17.34,17.9,17.0,17.305,0.00783,63358868,1104284228.0,-7.961783439490445,18.84
HK.01928,金沙中国有限公司,2026-01-30 00:00:00,17.2,17.03,17.33,17.01,16.996,0.00295,23913096,408842478.0,-1.7877739331026457,17.34
HK.01928,金沙中国有限公司,2026-02-02 00:00:00,17.0,17.72,18.03,16.94,17.684,0.00543,43907723,775880459.0,4.051673517322358,17.03
HK.01928,金沙中国有限公司,2026-02-03 00:00:00,17.87,18.0,18.07,17.49,17.964,0.00357,28875617,515395878.0,1.5801354401805936,17.72
HK.01928,金沙中国有限公司,2026-02-04 00:00:00,17.91,17.84,18.23,17.78,17.804,0.00202,16344635,292898828.0,-0.8888888888888897,18.0
HK.01928,金沙中国有限公司,2026-02-05 00:00:00,17.6,17.97,18.02,17.56,17.934,0.00291,23586806,421076128.0,0.7286995515695012,17.84
HK.01928,金沙中国有限公司,2026-02-06 00:00:00,17.8,18.09,18.19,17.53,18.053,0.00216,17521552,313249263.0,0.6677796327212076,17.97
HK.01928,金沙中国有限公司,2026-02-09 00:00:00,18.37,18.63,18.84,18.32,18.592,0.00246,19912193,370549439.0,2.985074626865667,18.09
HK.01928,金沙中国有限公司,2026-02-10 00:00:00,18.6,18.31,18.6,18.16,18.273,0.00216,17471644,319914334.0,-1.717659688674183,18.63
HK.01928,金沙中国有限公司,2026-02-11 00:00:00,18.48,18.51,18.6,18.31,18.473,0.00105,8464626,156309115.0,1.092299290005477,18.31
HK.01928,金沙中国有限公司,2026-02-12 00:00:00,18.58,18.51,18.58,18.18,18.473,0.00175,14174774,261032674.0,0.0,18.51
HK.01928,金沙中国有限公司,2026-02-13 00:00:00,18.3,18.5,18.57,18.13,21.461,0.00152,12298208,226087475.0,-0.054024851431667,18.51
HK.01928,金沙中国有限公司,2026-02-16 00:00:00,18.46,19.0,19.05,18.21,22.041,0.00112,9044126,169795778.0,2.7027027027027026,18.5
HK.01928,金沙中国有限公司,2026-02-20 00:00:00,19.0,18.5,19.19,18.42,21.461,0.00129,10443157,194131465.0,-2.631578947368421,19.0
HK.01928,金沙中国有限公司,2026-02-23 00:00:00,18.8,18.75,18.89,18.61,21.751,0.00122,9836234,184343408.0,1.3513513513513513,18.5
HK.01928,金沙中国有限公司,2026-02-24 00:00:00,18.7,18.1,18.7,18.02,20.997,0.00193,15609427,284431950.0,-3.466666666666659,18.75
HK.01928,金沙中国有限公司,2026-02-25 00:00:00,18.3,17.92,18.41,17.78,20.788,0.00188,15227104,274178360.0,-0.9944751381215453,18.1
HK.01928,金沙中国有限公司,2026-02-26 00:00:00,17.94,17.69,17.95,17.51,20.522,0.00128,10374164,183463058.0,-1.283482142857145,17.92
HK.01928,金沙中国有限公司,2026-02-27 00:00:00,17.8,17.71,17.84,17.5,20.545,0.00184,14881653,262645879.0,0.1130582249858653,17.69
HK.01928,金沙中国有限公司,2026-03-02 00:00:00,17.5,17.5,17.87,17.31,20.301,0.00224,18135313,317817184.0,-1.185770750988147,17.71
HK.01928,金沙中国有限公司,2026-03-03 00:00:00,17.8,17.5,18.04,17.38,20.301,0.0023,18616755,326762309.0,0.0,17.5
HK.01928,金沙中国有限公司,2026-03-04 00:00:00,17.5,17.27,17.5,16.99,20.034,0.00193,15659840,268717552.0,-1.3142857142857167,17.5
HK.01928,金沙中国有限公司,2026-03-05 00:00:00,17.41,17.44,17.57,17.26,20.232,0.00129,10418260,181417485.0,0.9843659525188286,17.27
HK.01928,金沙中国有限公司,2026-03-06 00:00:00,17.44,17.7,17.7,17.26,20.533,0.00122,9903874,174457544.0,1.490825688073383,17.44
HK.01928,金沙中国有限公司,2026-03-09 00:00:00,17.49,16.95,17.49,16.64,19.663,0.00259,20930038,352961000.0,-4.237288135593221,17.7
HK.01928,金沙中国有限公司,2026-03-10 00:00:00,17.0,17.27,17.29,17.0,20.034,0.00135,10952026,188254437.0,1.8879056047197658,16.95
HK.01928,金沙中国有限公司,2026-03-11 00:00:00,17.12,17.55,17.6,17.12,20.359,0.00113,9174316,160687989.0,1.621308627678061,17.27
HK.01928,金沙中国有限公司,2026-03-12 00:00:00,17.55,17.23,17.55,17.11,19.988,0.0013,10551784,181838966.0,-1.823361823361825,17.55
HK.01928,金沙中国有限公司,2026-03-13 00:00:00,17.0,16.9,17.07,16.84,19.605,0.00165,13360345,225848377.0,-1.9152640742890414,17.23
HK.01928,金沙中国有限公司,2026-03-16 00:00:00,16.84,16.7,17.1,16.69,19.373,0.00152,12267134,206278554.0,-1.1834319526627177,16.9
HK.01928,金沙中国有限公司,2026-03-17 00:00:00,16.84,16.75,17.0,16.7,19.431,0.00104,8455420,142211341.0,0.29940119760479467,16.7
HK.01928,金沙中国有限公司,2026-03-18 00:00:00,16.75,16.81,16.85,16.6,19.501,0.00098,7966980,133390639.0,0.35820895522387297,16.75
HK.01928,金沙中国有限公司,2026-03-19 00:00:00,16.51,16.31,16.77,16.24,18.921,0.00181,14652721,240883197.0,-2.97441998810232,16.81
HK.01928,金沙中国有限公司,2026-03-20 00:00:00,16.3,16.63,16.63,16.1,19.292,0.00199,16065559,264285250.0,1.9619865113427366,16.31
HK.01928,金沙中国有限公司,2026-03-23 00:00:00,16.38,16.27,16.5,16.05,18.874,0.00191,15446259,250948821.0,-2.1647624774503873,16.63
HK.01928,金沙中国有限公司,2026-03-24 00:00:00,16.42,16.84,16.88,16.38,19.535,0.00084,6797340,113371234.0,3.503380454824833,16.27
HK.01928,金沙中国有限公司,2026-03-25 00:00:00,16.88,17.15,17.22,16.88,19.895,0.00144,11656554,199133119.0,1.8408551068883532,16.84
HK.01928,金沙中国有限公司,2026-03-26 00:00:00,17.15,16.76,17.15,16.71,19.443,0.00106,8577289,144139364.0,-2.2740524781340934,17.15
HK.01928,金沙中国有限公司,2026-03-27 00:00:00,16.57,16.94,16.98,16.45,19.651,0.00072,5842363,98287305.0,1.0739856801909289,16.76
HK.01928,金沙中国有限公司,2026-03-30 00:00:00,16.32,16.35,16.57,16.16,18.967,0.00225,18179708,296910367.0,-3.4828807556080275,16.94
HK.01928,金沙中国有限公司,2026-03-31 00:00:00,16.38,16.49,16.52,16.15,19.129,0.00165,13341157,218541367.0,0.8562691131498287,16.35
HK.01928,金沙中国有限公司,2026-04-01 00:00:00,16.82,17.09,17.21,16.58,19.825,0.00136,11046779,188434474.0,3.6385688295937024,16.49
