code,name,time_key,open,close,high,low,pe_ratio,turnover_rate,volume,turnover,change_rate,last_close
HK.09999,网易-S,2020-06-11,115.45766,112.45766,117.657659999,112.45766,18.421,0.01591,54549198,7228141741.0,7.0026336364249735,105.09803
HK.09999,网易-S,2020-06-12,108.45766,110.95766,111.55766,108.45766,19.053,0.00536,18364472,2357902351.0,-1.3338353296698509,112.45766
HK.09999,网易-S,2020-06-15,109.45766,107.55766,110.657659999,107.45766,18.549,0.00517,17734920,2239126033.0,-3.0642318880913724,110.95766
HK.09999,网易-S,2020-06-16,111.05766,112.157659999,113.35766,110.55766,19.231,0.00324,11099659,1440113039.0,4.276775823311891,107.55766
HK.09999,网易-S,2020-06-17,111.45766,110.55766,111.45766,109.35766,18.994,0.00181,6219498,795886232.0,-1.426563285124057,112.157659999
HK.09999,网易-S,2020-06-18,107.95766,109.15766,109.65766,107.55766,18.787,0.00243,8334526,1051736324.0,-1.2663075539044435,110.55766
HK.09999,网易-S,2020-06-19,109.45766,111.25766,111.55766,109.45766,19.098,0.00222,7611857,977571607.0,1.923822844864936,109.15766
HK.09999,网易-S,2020-06-22,111.95766,111.75766,112.45766,109.75766,19.315,0.00163,5620223,723546230.0,0.4494072587900913,111.25766
HK.09999,网易-S,2020-06-23,111.45766,115.05766,115.35766,110.25766,19.808,0.00407,14068800,1848257157.0,2.9528177307935737,111.75766
HK.09999,网易-S,2020-06-24,117.05766,118.45766,119.657659999,116.75766,20.316,0.00456,15739971,2140571341.0,2.9550401077164317,115.05766
HK.09999,网易-S,2020-06-26,118.45766,118.45766,118.95766,117.25766,20.316,0.00197,6810528,925108220.0,0.0,118.45766
HK.09999,网易-S,2020-06-29,118.45766,117.45766,118.45766,114.75766,20.167,0.00123,4235615,568863168.0,-0.844183482942344,118.45766
HK.09999,网易-S,2020-06-30,116.75766,116.05766,116.75766,114.657659999,19.958,0.00101,3501727,465051313.0,-1.191918858250714,117.45766
HK.09999,网易-S,2020-07-02,116.05766,117.35766,118.45766,114.657659999,20.152,0.00234,8075914,1078841468.0,1.1201328718845418,116.05766
HK.09999,网易-S,2020-07-03,116.55766,116.25766,117.45766,115.157659999,19.988,0.00137,4726964,633780399.0,-0.9373056688417222,117.35766
HK.09999,网易-S,2020-07-06,118.45766,118.45766,118.45766,116.25766,20.316,0.00194,6703480,905274872.0,1.8923484267617312,116.25766
HK.09999,网易-S,2020-07-07,119.45766,118.45766,119.95766,117.657659999,20.316,0.00136,4713002,642081244.0,0.0,118.45766
HK.09999,网易-S,2020-07-08,119.45766,122.85766,123.35766,119.45766,20.974,0.00213,7367709,1024034259.0,3.714407324946307,118.45766
HK.09999,网易-S,2020-07-09,124.35766,136.95766,149.45766,124.35766,23.08,0.00598,20664884,3177297533.0,11.476695877163872,122.85766
HK.09999,网易-S,2020-07-10,134.45766,134.95766,141.85766,131.45766,22.781,0.00364,12593855,1936174857.0,-1.4603053235576602,136.95766
HK.09999,网易-S,2020-07-13,134.05766,133.15766,136.15766,129.65766,22.512,0.00272,9414898,1424690682.0,-1.3337516373653866,134.95766
HK.09999,网易-S,2020-07-14,127.45766,129.45766,130.45766,125.55766,21.959,0.00238,8220337,1196852177.0,-2.778661024833261,133.15766
HK.09999,网易-S,2020-07-15,131.35766,131.35766,133.95766,127.45766,22.243,0.00149,5150100,765363774.0,1.46766131876631,129.45766
HK.09999,网易-S,2020-07-16,129.35766,124.95766,129.45766,122.45766,21.287,0.00229,7913315,1126157849.0,-4.8721939778768935,131.35766
HK.09999,网易-S,2020-07-17,122.15766,122.95766,125.55766,121.75766,20.988,0.00172,5936275,836694124.0,-1.6005421356321812,124.95766
HK.09999,网易-S,2020-07-20,124.15766,123.75766,124.95766,120.35766,21.108,0.00085,2953305,415311045.0,0.6506304690573952,122.95766
HK.09999,网易-S,2020-07-21,127.95766,131.55766,132.25766,127.65766,22.273,0.00204,7051309,1048382178.0,6.302640175969711,123.75766
HK.09999,网易-S,2020-07-22,130.35766,127.45766,131.45766,126.05766,21.661,0.00113,3890360,570952786.0,-3.116504200515572,131.55766
HK.09999,网易-S,2020-07-23,127.45766,128.15766,128.75766,123.35766,21.765,0.00106,3676761,530790990.0,0.5492019859771383,127.45766
HK.09999,网易-S,2020-07-24,124.15766,122.55766,124.95766,120.55766,20.929,0.00201,6961532,974292433.0,-4.369617859751805,128.15766
HK.09999,网易-S,2020-07-27,121.45766,121.25766,122.25766,117.45766,20.734,0.00135,4654498,640553853.0,-1.0607252129324247,122.55766
HK.09999,网易-S,2020-07-28,123.25766,124.15766,124.45766,121.95766,21.168,0.00087,3018300,425052792.0,2.3916014872792415,121.25766
HK.09999,网易-S,2020-07-29,122.55766,123.35766,124.15766,121.45766,21.048,0.00072,2474363,348405651.0,-0.6443420405958129,124.15766
HK.09999,网易-S,2020-07-30,123.45766,122.25766,124.05766,120.65766,20.884,0.00088,3035005,426258658.0,-0.8917160069346276,123.35766
HK.09999,网易-S,2020-07-31,122.45766,123.25766,124.05766,121.55766,21.033,0.00053,1839576,258019080.0,0.8179446588459159,122.25766
HK.09999,网易-S,2020-08-03,123.75766,126.25766,127.55766,123.05766,21.481,0.00102,3525279,504799988.0,2.433925810371542,123.25766
HK.09999,网易-S,2020-08-04,128.65766,129.45766,129.95766,126.85766,21.959,0.00093,3215015,470174712.0,2.5344996889693685,126.25766
HK.09999,网易-S,2020-08-05,130.25766,132.45766,132.75766,129.85766,22.408,0.00092,3167120,472226349.0,2.3173599769994295,129.45766
HK.09999,网易-S,2020-08-06,134.45766,132.45766,134.45766,128.55766,22.408,0.00119,4096918,608671653.0,0.0,132.45766
HK.09999,网易-S,2020-08-07,133.45766,129.95766,133.45766,124.95766,22.034,0.0025,8645188,1269997257.0,-1.887395564741216,132.45766
HK.09999,网易-S,2020-08-10,127.95766,126.75766,127.95766,123.15766,21.556,0.0016,5522980,792147922.0,-2.4623404268744165,129.95766
HK.09999,网易-S,2020-08-11,125.25766,125.45766,127.75766,124.95766,21.362,0.00114,3939486,565117628.0,-1.025579045873833,126.75766
HK.09999,网易-S,2020-08-12,124.95766,125.35766,126.25766,121.75766,21.347,0.00111,3834653,543289974.0,-0.0797081660856806,125.45766
HK.09999,网易-S,2020-08-13,130.15766,130.45766,131.45766,128.25766,22.109,0.00135,4651855,686086916.0,4.0683592849451795,125.35766
HK.09999,网易-S,2020-08-14,126.85766,126.95766,127.95766,124.25766,21.586,0.00122,4226640,607458093.0,-2.682862777087984,130.45766
HK.09999,网易-S,2020-08-17,126.05766,125.75766,126.65766,124.05766,21.407,0.00078,2689391,384180126.0,-0.945197005048772,126.95766
HK.09999,网易-S,2020-08-18,129.45766,130.05766,130.15766,128.45766,22.049,0.00123,4254505,625605130.0,3.4192748179315653,125.75766
HK.09999,网易-S,2020-08-19,130.45766,130.05766,132.45766,125.45766,22.049,0.00139,4802301,713053020.0,0.0,130.05766
HK.09999,网易-S,2020-08-20,132.15766,130.35766,132.15766,128.25766,22.094,0.00071,2445017,359498903.0,0.2306669211179191,130.05766
HK.09999,网易-S,2020-08-21,130.85766,132.45766,132.45766,129.55766,22.408,0.00115,3972878,590971445.0,1.610952513262354,130.35766
HK.09999,网易-S,2020-08-24,134.35766,136.35766,136.95766,133.05766,22.99,0.00224,7722255,1179835780.0,2.944337080996301,132.45766
HK.09999,网易-S,2020-08-25,135.05766,137.95766,138.95766,134.05766,23.229,0.00196,6769704,1045403905.0,1.173384758876028,136.35766
HK.09999,网易-S,2020-08-26,141.45766,144.55766,145.05766,140.35766,24.215,0.00245,8465233,1358352423.0,4.784076505791701,137.95766
HK.09999,网易-S,2020-08-27,144.71808,143.01808,144.71808,139.41808,23.916,0.00172,5953016,952140355.0,-1.0650283077354743,144.55766
HK.09999,网易-S,2020-08-28,142.31808,140.01808,142.51808,139.91808,23.468,0.00112,3853667,609473563.0,-2.0976368861894943,143.01808
HK.09999,网易-S,2020-08-31,141.91808,138.51808,141.91808,138.31808,23.244,0.00093,3211163,505654557.0,-1.07129022194848,140.01808
HK.09999,网易-S,2020-09-01,134.81808,135.91808,136.31808,134.31808,22.856,0.00167,5778125,880450283.0,-1.8770112897897475,138.51808
HK.09999,网易-S,2020-09-02,136.51808,136.61808,137.21808,133.21808,22.96,0.00151,5218009,796381342.0,0.5150161038178207,135.91808
HK.09999,网易-S,2020-09-03,136.61808,136.31808,137.51808,135.01808,22.916,0.00082,2820050,432732715.0,-0.2195902621380588,136.61808
HK.09999,网易-S,2020-09-04,131.71808,132.31808,133.51808,129.21808,22.318,0.00154,5321669,789092508.0,-2.934313628830453,136.31808
HK.09999,网易-S,2020-09-07,131.41808,129.11808,134.01808,128.91808,21.84,0.00081,2785469,411111568.0,-2.418414777481669,132.31808
HK.09999,网易-S,2020-09-08,128.91808,129.01808,131.91808,127.51808,21.825,0.00085,2953140,432002447.0,-0.0774484874620148,129.11808
HK.09999,网易-S,2020-09-09,125.91808,125.71808,126.51808,123.71808,21.332,0.00108,3734630,531935312.0,-2.55778104898166,129.01808
HK.09999,网易-S,2020-09-10,129.91808,127.11808,129.91808,126.31808,21.541,0.00058,1997971,289740296.0,1.113602753080548,125.71808
HK.09999,网易-S,2020-09-11,126.91808,126.51808,128.11808,125.21808,21.452,0.00076,2628038,378648574.0,-0.4720020944306337,127.11808
HK.09999,网易-S,2020-09-14,126.81808,127.11808,127.81808,125.51808,21.541,0.00093,3229774,465468614.0,0.4742405196158593,126.51808
HK.09999,网易-S,2020-09-15,126.91808,128.91808,129.61808,124.71808,21.81,0.00083,2865989,417993632.0,1.4160062832918787,127.11808
HK.09999,网易-S,2020-09-16,130.91808,132.61808,133.31808,130.91808,22.363,0.00087,2999827,447874955.0,2.8700396406772337,128.91808
HK.09999,网易-S,2020-09-17,131.31808,129.01808,131.31808,127.61808,21.825,0.00117,4045592,589789382.0,-2.7145619963733414,132.61808
HK.09999,网易-S,2020-09-18,130.31808,130.61808,130.61808,128.41808,22.064,0.00064,2215638,325564292.0,1.2401362661729227,129.01808
HK.09999,网易-S,2020-09-21,130.11808,128.91808,130.31808,128.31808,21.81,0.00155,5369676,786265674.0,-1.3015043552929186,130.61808
HK.09999,网易-S,2020-09-22,131.51808,131.81808,133.61808,130.71808,22.243,0.0014,4853819,723492097.0,2.2494905291794645,128.91808
HK.09999,网易-S,2020-09-23,132.91808,132.31808,133.91808,131.71808,22.318,0.0006,2075532,311100131.0,0.3793106378123547,131.81808
HK.09999,网易-S,2020-09-24,130.91808,129.81808,130.91808,128.01808,21.945,0.00111,3835440,560923672.0,-1.889386544907544,132.31808
HK.09999,网易-S,2020-09-25,128.31808,129.21808,130.71808,128.31808,21.855,0.00056,1923691,281783651.0,-0.4621852364478219,129.81808
HK.09999,网易-S,2020-09-28,128.41808,126.91808,128.61808,123.91808,21.511,0.00162,5593202,801088782.0,-1.7799366775918537,129.21808
HK.09999,网易-S,2020-09-29,127.01808,126.41808,127.41808,125.41808,21.437,0.00053,1831410,262336893.0,-0.3939549038245772,126.91808
HK.09999,网易-S,2020-09-30,123.91808,120.81808,124.21808,119.91808,20.6,0.00202,6973502,965722132.0,-4.429746124921379,126.41808
HK.09999,网易-S,2020-10-05,122.41808,121.61808,122.81808,120.21808,20.72,0.00087,3002995,416231611.0,0.66215255200216,120.81808
HK.09999,网易-S,2020-10-06,122.71808,121.21808,122.71808,120.71808,20.66,0.00075,2584341,357976966.0,-0.3288984664122354,121.61808
HK.09999,网易-S,2020-10-07,120.31808,120.91808,121.31808,119.91808,20.615,0.00086,2980970,410312126.0,-0.2474878334981028,121.21808
HK.09999,网易-S,2020-10-08,117.91808,116.81808,118.41808,116.21808,20.002,0.00171,5912162,793566766.0,-3.3907253572005183,120.91808
HK.09999,网易-S,2020-10-09,119.118079999,121.11808,121.51808,118.71808,20.645,0.00116,4009523,551637647.0,3.680937060427642,116.81808
HK.09999,网易-S,2020-10-12,122.91808,125.01808,125.41808,122.01808,21.227,0.00086,2955708,418263905.0,3.2199982034061234,121.11808
HK.09999,网易-S,2020-10-14,124.51808,125.11808,125.11808,123.11808,21.242,0.00081,2813899,397631037.0,0.0799884304734231,125.01808
HK.09999,网易-S,2020-10-15,122.91808,119.91808,122.91808,119.81808,20.466,0.00097,3358923,465149958.0,-4.156074006250737,125.11808
HK.09999,网易-S,2020-10-16,118.91808,121.01808,122.11808,118.91808,20.63,0.00086,2966367,409613964.0,0.917292871933902,119.91808
HK.09999,网易-S,2020-10-19,121.71808,121.81808,122.21808,120.01808,20.749,0.00072,2487060,344514479.0,0.6610582484865047,121.01808
HK.09999,网易-S,2020-10-20,119.01808,120.51808,120.51808,117.81808,20.555,0.00112,3882265,529983734.0,-1.067165071063341,121.81808
HK.09999,网易-S,2020-10-21,120.41808,119.81808,120.61808,119.31808,20.451,0.00064,2194962,300909617.0,-0.5808257151126228,120.51808
HK.09999,网易-S,2020-10-22,118.21808,120.71808,120.71808,118.21808,20.585,0.00055,1898066,260196722.0,0.7511387263090893,119.81808
HK.09999,网易-S,2020-10-23,119.71808,118.618079999,119.71808,118.31808,20.271,0.00068,2338251,317467157.0,-1.739590292522875,120.71808
HK.09999,网易-S,2020-10-27,117.71808,117.21808,118.31808,115.618079999,20.062,0.00081,2813575,376612281.0,-1.180258522993969,118.618079999
HK.09999,网易-S,2020-10-28,119.81808,121.31808,121.61808,118.71808,20.675,0.00155,5346264,731180115.0,3.4977539301104352,117.21808
HK.09999,网易-S,2020-10-29,117.91808,119.01808,120.01808,117.01808,20.331,0.00113,3893107,528082023.0,-1.8958427301190368,121.31808
HK.09999,网易-S,2020-10-30,119.91808,117.81808,119.91808,116.31808,20.152,0.00065,2259546,304445101.0,-1.0082501750994497,119.01808
HK.09999,网易-S,2020-11-02,117.91808,116.31808,118.71808,115.21808,19.928,0.0012,4144810,552924930.0,-1.273149248400585,117.81808
HK.09999,网易-S,2020-11-03,114.41808,114.31808,114.81808,113.118079999,19.629,0.00099,3435706,450002628.0,-1.7194231541648557,116.31808
HK.09999,网易-S,2020-11-04,114.31808,119.21808,120.118079999,114.21808,20.361,0.00181,6256344,847786129.0,4.286286123769754,114.31808
HK.09999,网易-S,2020-11-05,127.91808,129.11808,129.51808,125.51808,21.84,0.00262,9044774,1311974402.0,8.304109578010307,119.21808
HK.09999,网易-S,2020-11-06,124.21808,124.41808,126.11808,123.71808,21.138,0.00113,3921389,556713097.0,-3.6400789107148968,129.11808
HK.09999,网易-S,2020-11-09,126.91808,127.41808,127.61808,125.91808,21.586,0.00099,3421411,492663520.0,2.4112251209792017,124.41808
HK.09999,网易-S,2020-11-10,120.01808,120.91808,122.01808,119.81808,20.615,0.00209,7211341,999398681.0,-5.10131686178288,127.41808
HK.09999,网易-S,2020-11-11,121.41808,119.41808,121.71808,118.618079999,20.391,0.0015,5190091,712823533.0,-1.2405092770245774,120.91808
HK.09999,网易-S,2020-11-12,123.11808,122.31808,123.11808,121.41808,20.824,0.00078,2707458,377507681.0,2.428442996236409,119.41808
HK.09999,网易-S,2020-11-13,119.81808,119.618079999,120.31808,118.71808,20.421,0.00093,3198773,435982062.0,-2.207359697765034,122.31808
HK.09999,网易-S,2020-11-16,122.71808,120.71808,122.71808,119.41808,20.585,0.00091,3151997,433636989.0,0.9195934268541962,119.618079999
HK.09999,网易-S,2020-11-17,120.71808,119.01808,120.71808,118.31808,20.331,0.00078,2706171,368172314.0,-1.408239759943169,120.71808
HK.09999,网易-S,2020-11-18,119.41808,118.81808,119.618079999,117.91808,20.301,0.00065,2249876,305515102.0,-0.1680416958499102,119.01808
HK.09999,网易-S,2020-11-19,116.91808,117.01808,118.31808,115.91808,20.032,0.00159,5501385,736650244.0,-1.5149209615236985,118.81808
HK.09999,网易-S,2020-11-20,121.91808,124.71808,125.91808,121.01808,21.183,0.00335,11578208,1634580718.0,6.580179746582752,117.01808
HK.09999,网易-S,2020-11-23,130.11808,131.41808,131.91808,127.31808,22.184,0.00248,8575516,1260624306.0,5.372116055667312,124.71808
HK.09999,网易-S,2020-11-24,134.91808,133.71808,135.31808,133.21808,22.527,0.00205,7069550,1069439994.0,1.7501397068044082,131.41808
HK.09999,网易-S,2020-11-25,136.01808,131.71808,136.01808,130.81808,22.228,0.00127,4403086,659081176.0,-1.495684054093508,133.71808
HK.09999,网易-S,2020-11-26,129.31808,126.81808,129.41808,125.21808,21.496,0.00155,5344471,768356921.0,-3.720066372057649,131.71808
HK.09999,网易-S,2020-11-27,127.71808,127.31808,128.21808,126.11808,21.571,0.00043,1501308,216163258.0,0.3942655495178605,126.81808
HK.09999,网易-S,2020-11-30,128.41808,127.41808,128.41808,126.01808,21.586,0.00106,3659528,528709571.0,0.0785434401775525,127.31808
HK.09999,网易-S,2020-12-01,126.11808,124.71808,126.11808,123.31808,21.183,0.00118,4060906,575161169.0,-2.119008542586737,127.41808
HK.09999,网易-S,2020-12-02,124.71808,120.91808,124.71808,120.41808,20.615,0.00145,5001817,693641224.0,-3.0468717927665314,124.71808
HK.09999,网易-S,2020-12-03,120.22041,119.22041,121.22041,118.22041,20.316,0.00194,6686217,910684050.0,-1.403983589550878,120.91808
HK.09999,网易-S,2020-12-04,120.420409999,121.02041,122.72041,119.72041,20.585,0.00296,10233380,1411006069.0,1.5098085973701962,119.22041
HK.09999,网易-S,2020-12-07,120.82041,122.12041,122.72041,119.420409999,20.749,0.00179,6174062,853072266.0,0.9089375916012916,121.02041
HK.09999,网易-S,2020-12-08,123.12041,125.22041,126.82041,122.72041,21.213,0.00183,6332449,899187686.0,2.538478211791128,122.12041
HK.09999,网易-S,2020-12-09,126.22041,126.72041,126.72041,125.42041,21.437,0.00109,3781946,540870308.0,1.197887788420434,125.22041
HK.09999,网易-S,2020-12-10,121.62041,120.52041,121.62041,120.32041,20.51,0.00157,5412489,744856816.0,-4.892660937571148,126.72041
HK.09999,网易-S,2020-12-11,120.22041,120.22041,120.62041,119.22041,20.466,0.00154,5316396,727931746.0,-0.2489204940474374,120.52041
HK.09999,网易-S,2020-12-14,122.82041,118.22041,122.82041,116.82041,20.167,0.00149,5164197,699301230.0,-1.663611029108951,120.22041
HK.09999,网易-S,2020-12-15,119.12041,118.62041,119.22041,117.82041,20.227,0.00145,5004300,677095396.0,0.3383510512271152,118.22041
HK.09999,网易-S,2020-12-16,116.72041,118.22041,118.920409999,114.22041,20.167,0.00164,5674593,763002367.0,-0.3372100973179958,118.62041
HK.09999,网易-S,2020-12-17,121.22041,124.22041,124.62041,120.32041,21.063,0.00202,6977966,977911941.0,5.075265768406656,118.22041
HK.09999,网易-S,2020-12-18,125.12041,125.12041,126.52041,121.52041,21.198,0.0053,18319937,2601268146.0,0.7245186197662732,124.22041
HK.09999,网易-S,2020-12-21,130.22041,127.02041,130.22041,127.02041,21.481,0.00178,6161057,893683395.0,1.5185372234633752,125.12041
HK.09999,网易-S,2020-12-22,128.42041,125.72041,128.42041,124.92041,21.287,0.00075,2575319,368508752.0,-1.0234575687482013,127.02041
HK.09999,网易-S,2020-12-23,125.72041,128.02041,128.22041,125.22041,21.631,0.00071,2441936,352089199.0,1.8294563309171497,125.72041
HK.09999,网易-S,2020-12-24,127.62041,125.22041,127.62041,123.32041,21.213,0.00057,1979041,280907330.0,-2.187151251898035,128.02041
HK.09999,网易-S,2020-12-28,125.12041,124.52041,127.02041,123.92041,21.108,0.00087,3005141,428027941.0,-0.5590143012628714,125.22041
HK.09999,网易-S,2020-12-29,123.22041,126.72041,126.72041,123.22041,21.437,0.00073,2528760,359480831.0,1.7667786349241887,124.52041
HK.09999,网易-S,2020-12-30,127.22041,129.12041,130.12041,126.72041,21.795,0.00078,2705511,393384750.0,1.893933266156566,126.72041
HK.09999,网易-S,2020-12-31,131.22041,130.82041,131.32041,129.12041,22.049,0.00063,2160484,318649652.0,1.316600528142698,129.12041
HK.09999,网易-S,2021-01-04,132.22041,131.92041,133.02041,129.82041,22.213,0.00082,2823916,419403145.0,0.8408473876515097,130.82041
HK.09999,网易-S,2021-01-05,133.22041,134.72041,135.52041,132.42041,22.632,0.00098,3393935,512190445.0,2.122491887343272,131.92041
HK.09999,网易-S,2021-01-06,138.12041,140.62041,142.02041,137.62041,23.513,0.00203,7019025,1100883519.0,4.379440353544059,134.72041
HK.09999,网易-S,2021-01-07,144.22041,147.02041,147.02041,142.12041,24.469,0.00266,9206192,1489774484.0,4.5512596642265555,140.62041
HK.09999,网易-S,2021-01-08,155.12041,155.32041,158.22041,153.22041,25.709,0.00211,7283403,1254303592.0,5.6454746657283925,147.02041
HK.09999,网易-S,2021-01-11,159.42041,156.22041,164.82041,153.42041,25.844,0.00327,11292648,1983059107.0,0.5794473501582807,155.32041
HK.09999,网易-S,2021-01-12,152.22041,150.72041,152.32041,147.52041,25.022,0.00235,8116036,1352300297.0,-3.52066672978262,156.22041
HK.09999,网易-S,2021-01-13,149.22041,146.22041,150.72041,145.92041,24.35,0.00171,5912348,968499452.0,-2.985660667987833,150.72041
HK.09999,网易-S,2021-01-14,146.22041,147.22041,149.32041,144.52041,24.499,0.00179,6183415,1011765484.0,0.683899053490549,146.22041
HK.09999,网易-S,2021-01-15,145.62041,147.72041,149.32041,145.32041,24.574,0.00095,3281416,539590211.0,0.3396268221233727,147.22041
HK.09999,网易-S,2021-01-18,147.22041,148.92041,150.02041,141.82041,24.753,0.0007,2422165,399112302.0,0.812345430127101,147.72041
HK.09999,网易-S,2021-01-19,149.02041,150.72041,151.92041,148.32041,25.022,0.00121,4197014,700862123.0,1.2086993314079535,148.92041
HK.09999,网易-S,2021-01-20,154.42041,156.22041,158.22041,154.22041,25.844,0.00121,4186250,723883726.0,3.6491408164295738,150.72041
HK.09999,网易-S,2021-01-21,161.22041,162.72041,166.92041,159.22041,26.815,0.00205,7073307,1275753785.0,4.160787953379459,156.22041
HK.09999,网易-S,2021-01-22,164.52041,161.22041,166.02041,159.32041,26.59,0.0012,4130629,736423995.0,-0.921826585859758,162.72041
HK.09999,网易-S,2021-01-25,167.02041,176.22041,182.22041,164.72041,28.831,0.00349,12070031,2319795093.0,9.30403290749602,161.22041
HK.09999,网易-S,2021-01-26,176.22041,172.02041,182.22041,170.12041,28.204,0.00158,5444987,1037192596.0,-2.383378860598491,176.22041
HK.09999,网易-S,2021-01-27,169.22041,171.12041,173.22041,161.82041,28.069,0.00158,5474225,1015739309.0,-0.5231937303253757,172.02041
HK.09999,网易-S,2021-01-28,167.52041,162.02041,167.82041,160.52041,26.71,0.00163,5639066,1017954551.0,-5.317892821785546,171.12041
HK.09999,网易-S,2021-01-29,162.92041,161.42041,164.92041,158.52041,26.62,0.00137,4725187,841621870.0,-0.3703237141542811,162.02041
HK.09999,网易-S,2021-02-01,160.22041,165.32041,165.32041,159.32041,27.203,0.00123,4239008,764343938.0,2.416051353109564,161.42041
HK.09999,网易-S,2021-02-02,168.52041,170.12041,172.22041,167.52041,27.92,0.00128,4409759,824200224.0,2.903452755772855,165.32041
HK.09999,网易-S,2021-02-03,174.22041,176.02041,177.02041,170.42041,28.801,0.00154,5307442,1012470245.0,3.46813177795657,170.12041
HK.09999,网易-S,2021-02-04,175.62041,170.52041,175.62041,166.32041,27.98,0.0015,5179786,965613360.0,-3.124637648554506,176.02041
HK.09999,网易-S,2021-02-05,174.32041,174.92041,176.02041,171.22041,28.637,0.00087,2993899,573526273.0,2.5803362776338656,170.52041
HK.09999,网易-S,2021-02-08,179.22041,176.82041,180.92041,176.22041,28.921,0.00073,2520828,491723844.0,1.0862082932460573,174.92041
HK.09999,网易-S,2021-02-09,176.82041,178.72041,178.72041,175.82041,29.205,0.0006,2064658,400711548.0,1.0745365877163031,176.82041
HK.09999,网易-S,2021-02-10,188.22041,187.62041,190.62041,183.82041,30.534,0.00181,6241115,1275677645.0,4.979845334956431,178.72041
HK.09999,网易-S,2021-02-11,187.42041,189.22041,191.02041,184.22041,30.773,0.00069,2369482,484828809.0,0.8527856857364261,187.62041
HK.09999,网易-S,2021-02-16,187.62041,180.02041,188.22041,179.32041,29.399,0.00242,8357005,1657692796.0,-4.862054785739017,189.22041
HK.09999,网易-S,2021-02-17,180.82041,179.52041,181.92041,177.52041,29.324,0.00113,3895501,765869807.0,-0.2777462844351926,180.02041
HK.09999,网易-S,2021-02-18,180.12041,173.42041,180.72041,171.72041,28.413,0.00205,7085490,1352256686.0,-3.3979423286744916,179.52041
HK.09999,网易-S,2021-02-19,170.32041,174.72041,174.92041,169.42041,28.607,0.00168,5804140,1099390021.0,0.7496234151447243,173.42041
HK.09999,网易-S,2021-02-22,177.22041,167.22041,177.22041,167.22041,27.487,0.00171,5909979,1103290175.0,-4.2925723445818385,174.72041
HK.09999,网易-S,2021-02-23,166.82041,167.12041,169.52041,164.52041,27.472,0.00086,2977322,548568895.0,-0.0598013125311643,167.22041
HK.09999,网易-S,2021-02-24,170.22041,162.82041,170.22041,159.12041,26.829,0.00159,5503075,991704345.0,-2.572995123695534,167.12041
HK.09999,网易-S,2021-02-25,166.22041,165.02041,167.02041,162.82041,27.158,0.00094,3236413,587303619.0,1.351181955628283,162.82041
HK.09999,网易-S,2021-02-26,149.22041,149.22041,153.22041,148.62041,39.561,0.00254,8781044,1477358161.0,-9.574573230062883,165.02041
HK.09999,网易-S,2021-03-01,153.22041,154.82041,155.62041,150.32041,40.896,0.00196,6755669,1151980741.0,3.752837832304591,149.22041
HK.09999,网易-S,2021-03-02,159.22041,155.22041,160.22041,155.22041,40.991,0.00134,4629451,805317206.0,0.2583638681747305,154.82041
HK.09999,网易-S,2021-03-03,154.92041,157.52041,158.12041,153.62041,41.539,0.00064,2224788,385601878.0,1.4817638994768867,155.22041
HK.09999,网易-S,2021-03-04,149.42041,149.92041,151.82041,146.52041,39.728,0.00135,4676468,778256638.0,-4.8247715962648865,157.52041
HK.09999,网易-S,2021-03-05,148.12041,150.12041,151.62041,144.72041,39.775,0.00167,5768604,960836080.0,0.133404117558102,149.92041
HK.09999,网易-S,2021-03-08,151.62041,148.52041,154.42041,147.42041,39.394,0.00174,6025545,1007502184.0,-1.065811104565991,150.12041
HK.09999,网易-S,2021-03-09,143.22041,143.22041,146.62041,137.72041,38.131,0.00241,8329962,1329316570.0,-3.5685331059886054,148.52041
HK.09999,网易-S,2021-03-10,153.02041,151.42041,153.22041,147.22041,40.085,0.00147,5063360,850539491.0,5.725440947976631,143.22041
HK.09999,网易-S,2021-03-11,148.91346,153.41346,153.41346,148.41346,40.538,0.00071,2438028,411529501.0,1.316236034494942,151.42041
HK.09999,网易-S,2021-03-12,155.41346,150.71346,156.41346,150.61346,39.895,0.00094,3238379,548767854.0,-1.7599498766275063,153.41346
HK.09999,网易-S,2021-03-15,154.01346,148.71346,154.01346,147.61346,39.418,0.00057,1973955,327693668.0,-1.3270214883262583,150.71346
HK.09999,网易-S,2021-03-16,152.41346,152.31346,154.81346,150.61346,40.276,0.00096,3309064,561653015.0,2.42076272046928,148.71346
HK.09999,网易-S,2021-03-17,153.11346,152.81346,153.51346,149.91346,40.395,0.00043,1485619,251338476.0,0.3282703971139517,152.31346
HK.09999,网易-S,2021-03-18,151.31346,150.31346,151.31346,148.81346,39.799,0.00093,3209919,535964198.0,-1.6359815424636024,152.81346
HK.09999,网易-S,2021-03-19,147.01346,146.71346,147.41346,143.11346,38.941,0.00162,5595402,908110034.0,-2.394995098908637,150.31346
HK.09999,网易-S,2021-03-22,151.81346,154.61346,155.61346,151.31346,40.824,0.00129,4468918,763018316.0,5.384645689632025,146.71346
HK.09999,网易-S,2021-03-23,158.71346,150.41346,158.71346,149.31346,39.823,0.001,3453663,581097525.0,-2.71645172419013,154.61346
HK.09999,网易-S,2021-03-24,150.21346,148.11346,153.31346,145.81346,39.275,0.00054,1875926,309483113.0,-1.5291184711793633,150.41346
HK.09999,网易-S,2021-03-25,143.31346,144.41346,145.21346,139.11346,38.393,0.00094,3233999,516044401.0,-2.4980849140922214,148.11346
HK.09999,网易-S,2021-03-26,144.31346,142.51346,144.31346,138.61346,37.94,0.0017,5882590,929077498.0,-1.3156668360414447,144.41346
HK.09999,网易-S,2021-03-29,140.11346,139.41346,143.81346,138.31346,37.202,0.00122,4212253,659619463.0,-2.1752331323651974,142.51346
HK.09999,网易-S,2021-03-30,142.51346,142.11346,144.31346,140.51346,37.845,0.00071,2460523,390885886.0,1.936685310012403,139.41346
HK.09999,网易-S,2021-03-31,144.91346,141.51346,144.91346,140.91346,37.702,0.00055,1895589,300840158.0,-0.4221978692236431,142.11346
HK.09999,网易-S,2021-04-01,145.71346,149.01346,150.51346,142.91346,39.489,0.00127,4403717,726164223.0,5.299849215756579,141.51346
HK.09999,网易-S,2021-04-07,149.51346,144.11346,151.11346,142.91346,38.322,0.00107,3697061,597521433.0,-3.288293554152763,149.01346
HK.09999,网易-S,2021-04-08,144.01346,146.11346,147.81346,142.51346,38.798,0.00092,3184851,517518482.0,1.3877954217461714,144.11346
HK.09999,网易-S,2021-04-09,146.11346,146.11346,147.51346,143.81346,38.798,0.00083,2862375,466292537.0,0.0,146.11346
HK.09999,网易-S,2021-04-12,146.91346,144.41346,147.11346,143.41346,38.393,0.00062,2135505,344648133.0,-1.1634793947114914,146.11346
HK.09999,网易-S,2021-04-13,144.51346,143.11346,147.41346,143.01346,38.083,0.00039,1345978,216938036.0,-0.9001930983441453,144.41346
HK.09999,网易-S,2021-04-14,151.01346,152.21346,152.41346,149.31346,40.252,0.00094,3236990,544080975.0,6.3585912883386335,143.11346
HK.09999,网易-S,2021-04-15,150.11346,146.91346,152.01346,144.61346,38.989,0.00086,2962688,483311418.0,-3.4819522531056135,152.21346
HK.09999,网易-S,2021-04-16,145.51346,148.31346,148.71346,144.51346,39.323,0.00054,1849831,302874769.0,0.9529419564415716,146.91346
HK.09999,网易-S,2021-04-19,150.11346,150.31346,151.21346,146.41346,39.799,0.00044,1528219,254091743.0,1.3484952748051324,148.31346
HK.09999,网易-S,2021-04-20,148.31346,149.31346,150.61346,147.41346,39.561,0.00032,1118188,185474265.0,-0.6652764163635113,150.31346
HK.09999,网易-S,2021-04-21,149.31346,148.61346,149.41346,146.31346,39.394,0.00051,1752086,288067230.0,-0.4688123897202493,149.31346
HK.09999,网易-S,2021-04-22,151.21346,150.81346,151.71346,149.51346,39.918,0.00036,1242849,208299595.0,1.4803504339378066,148.61346
HK.09999,网易-S,2021-04-23,156.31346,157.51346,158.51346,155.41346,41.515,0.00089,3083662,536502306.0,4.44257429011974,150.81346
HK.09999,网易-S,2021-04-26,157.21346,155.71346,157.81346,154.61346,41.086,0.0005,1720938,296617848.0,-1.1427594822690144,157.51346
HK.09999,网易-S,2021-04-27,156.71346,155.61346,157.71346,154.91346,41.062,0.00051,1763703,303903482.0,-0.0642205240317659,155.71346
HK.09999,网易-S,2021-04-28,158.31346,158.11346,158.31346,155.01346,41.658,0.00051,1760529,305984906.0,1.6065448323043523,155.61346
HK.09999,网易-S,2021-04-29,160.31346,162.71346,163.91346,160.31346,42.755,0.00089,3068249,549186916.0,2.9093032307306377,158.11346
HK.09999,网易-S,2021-04-30,161.01346,158.51346,161.01346,157.71346,41.754,0.00052,1805404,317415972.0,-2.5812246878653977,162.71346
HK.09999,网易-S,2021-05-03,158.51346,157.61346,159.21346,155.61346,41.539,0.0004,1372587,239113501.0,-0.5677751277399443,158.51346
HK.09999,网易-S,2021-05-04,156.31346,156.81346,157.51346,154.51346,41.348,0.00033,1135539,196710794.0,-0.507570863554427,157.61346
HK.09999,网易-S,2021-05-05,152.51346,151.41346,152.81346,149.51346,40.061,0.00062,2130516,358108973.0,-3.443581947621082,156.81346
HK.09999,网易-S,2021-05-06,152.51346,151.31346,153.11346,148.11346,40.038,0.00053,1843547,308222354.0,-0.0660443265743972,151.41346
HK.09999,网易-S,2021-05-07,152.71346,152.21346,155.01346,150.51346,40.252,0.00067,2325186,392593579.0,0.5947917653855815,151.31346
HK.09999,网易-S,2021-05-10,153.21346,152.91346,155.81346,150.71346,40.419,0.00051,1756615,297018820.0,0.4598804862592235,152.21346
HK.09999,网易-S,2021-05-11,145.41346,144.41346,147.41346,140.81346,38.393,0.00109,3754827,605507324.0,-5.558699672350623,152.91346
HK.09999,网易-S,2021-05-12,145.71346,152.61346,153.21346,145.71346,40.347,0.00079,2720347,457557890.0,5.678141081863157,144.41346
HK.09999,网易-S,2021-05-13,147.31346,145.41346,148.01346,145.11346,38.632,0.00067,2302593,374883919.0,-4.717801431145075,152.61346
HK.09999,网易-S,2021-05-14,143.31346,143.91346,144.91346,140.51346,38.274,0.00073,2514600,402223146.0,-1.0315413717547195,145.41346
HK.09999,网易-S,2021-05-17,143.21346,147.21346,149.11346,143.21346,39.061,0.00064,2218259,362386710.0,2.2930447228494204,143.91346
HK.09999,网易-S,2021-05-18,149.21346,148.31346,150.11346,145.51346,39.323,0.00045,1542676,253205701.0,0.7472142832591493,147.21346
HK.09999,网易-S,2021-05-20,152.71346,161.91346,162.81346,152.31346,42.564,0.00229,7922771,1395162255.0,9.169767868674898,148.31346
HK.09999,网易-S,2021-05-21,167.91346,170.51346,170.71346,166.31346,44.613,0.00159,5502385,1021178909.0,5.311479354465048,161.91346
HK.09999,网易-S,2021-05-24,163.31346,163.11346,164.71346,161.41346,42.85,0.00114,3953193,709702838.0,-4.339833348053582,170.51346
HK.09999,网易-S,2021-05-25,160.71346,164.21346,164.21346,157.31346,43.112,0.00117,4046535,722285359.0,0.674377209581597,163.11346
HK.09999,网易-S,2021-05-26,160.71346,163.81346,165.91346,158.51346,43.017,0.001,3457920,623864747.0,-0.243585391843035,164.21346
HK.09999,网易-S,2021-05-27,164.41346,165.31346,166.31346,162.51346,43.374,0.00069,2379848,432811478.0,0.915675671584008,163.81346
HK.09999,网易-S,2021-05-28,166.31346,163.61346,166.31346,162.81346,42.969,0.00063,2160795,389926254.0,-1.0283494157100024,165.31346
HK.09999,网易-S,2021-05-31,171.21346,171.11346,171.21346,164.51346,44.756,0.00078,2693824,500165007.0,4.583974937025352,163.61346
HK.09999,网易-S,2021-06-01,171.11346,172.51346,174.01346,170.01346,45.09,0.00119,4127595,777920087.0,0.8181705869310373,171.11346
HK.09999,网易-S,2021-06-02,167.97944,166.17944,168.17944,165.17944,43.469,0.00087,3016799,549625901.0,-3.671609160235966,172.51346
HK.09999,网易-S,2021-06-03,163.97944,164.07944,164.77944,161.77944,42.969,0.00094,3258382,585692632.0,-1.2636942331734866,166.17944
HK.09999,网易-S,2021-06-04,162.67944,160.87944,162.67944,158.97944,42.206,0.00082,2834417,501830713.0,-1.950274818100316,164.07944
HK.09999,网易-S,2021-06-07,160.37944,159.67944,161.77944,159.07944,41.92,0.00049,1685510,296742302.0,-0.7459001597718072,160.87944
HK.09999,网易-S,2021-06-08,160.77944,158.97944,161.07944,158.67944,41.754,0.00058,1994427,350261111.0,-0.4383782909058227,159.67944
HK.09999,网易-S,2021-06-09,158.67944,158.07944,160.97944,157.57944,41.539,0.00062,2133689,372612983.0,-0.566110938622004,158.97944
HK.09999,网易-S,2021-06-10,156.87944,155.57944,157.37944,154.97944,40.943,0.00109,3770168,650539984.0,-1.581483335214244,158.07944
HK.09999,网易-S,2021-06-11,158.97944,159.17944,162.57944,158.37944,41.801,0.00151,5218048,918808066.0,2.3139304267967504,155.57944
HK.09999,网易-S,2021-06-15,166.67944,158.77944,166.67944,157.27944,41.706,0.00107,3682075,647052300.0,-0.2512887342737263,159.17944
HK.09999,网易-S,2021-06-16,156.77944,155.37944,158.47944,154.47944,40.896,0.00114,3956001,684028062.0,-2.1413351753854313,158.77944
HK.09999,网易-S,2021-06-17,152.47944,154.07944,154.57944,149.47944,40.586,0.00119,4116143,697984491.0,-0.8366615299939187,155.37944
HK.09999,网易-S,2021-06-18,156.07944,157.47944,158.27944,154.97944,41.396,0.00137,4726156,820295252.0,2.206653918264504,154.07944
HK.09999,网易-S,2021-06-21,151.87944,152.47944,153.27944,149.27944,40.204,0.00123,4250058,712325092.0,-3.1750176403980097,157.47944
HK.09999,网易-S,2021-06-22,152.47944,150.47944,152.47944,148.97944,39.728,0.00074,2551322,425951630.0,-1.31165224636187,152.47944
HK.09999,网易-S,2021-06-23,148.37944,150.77944,151.27944,147.47944,39.799,0.00119,4123765,685044695.0,0.1993627833808944,150.47944
HK.09999,网易-S,2021-06-24,150.67944,150.87944,152.27944,149.27944,39.823,0.00056,1934471,323075958.0,0.0663220396626982,150.77944
HK.09999,网易-S,2021-06-25,151.57944,152.27944,152.57944,150.17944,40.157,0.00159,5490294,920704994.0,0.9278931576098148,150.87944
HK.09999,网易-S,2021-06-28,150.97944,150.77944,151.07944,147.87944,39.799,0.0009,3099357,515458505.0,-0.9850312031617664,152.27944
HK.09999,网易-S,2021-06-29,157.27944,156.87944,159.77944,156.07944,41.253,0.00129,4460109,774331836.0,4.04564441942482,150.77944
HK.09999,网易-S,2021-06-30,161.87944,159.67944,161.87944,158.87944,41.92,0.0009,3096576,545717606.0,1.7848100426671665,156.87944
HK.09999,网易-S,2021-07-02,157.57944,157.67944,158.67944,156.37944,41.444,0.00103,3574280,620083145.0,-1.2525094025880852,159.67944
HK.09999,网易-S,2021-07-05,159.27944,154.77944,160.77944,153.97944,40.753,0.00098,3375419,580607130.0,-1.8391744668804035,157.67944
HK.09999,网易-S,2021-07-06,154.77944,157.77944,159.07944,154.77944,41.468,0.00073,2528364,439609675.0,1.9382419267055109,154.77944
HK.09999,网易-S,2021-07-07,155.77944,154.67944,156.57944,153.27944,40.729,0.00069,2372455,406032633.0,-1.9647680331480415,157.77944
HK.09999,网易-S,2021-07-08,152.27944,148.77944,152.27944,146.87944,39.323,0.00101,3504630,578763121.0,-3.8143401605281255,154.67944
HK.09999,网易-S,2021-07-09,148.77944,150.97944,151.27944,145.47944,39.847,0.001,3439129,569803307.0,1.478698938509257,148.77944
HK.09999,网易-S,2021-07-12,153.07944,152.87944,154.87944,151.57944,40.3,0.00074,2540893,430067840.0,1.2584494948451108,150.97944
HK.09999,网易-S,2021-07-13,156.47944,155.87944,158.47944,152.97944,41.015,0.00068,2335298,402629438.0,1.9623305789189185,152.87944
HK.09999,网易-S,2021-07-14,158.57944,159.27944,159.57944,156.87944,41.825,0.00054,1871177,327258395.0,2.181172834595766,155.87944
HK.09999,网易-S,2021-07-15,159.77944,159.67944,160.77944,157.37944,41.92,0.0005,1732534,304648544.0,0.2511309683158138,159.27944
HK.09999,网易-S,2021-07-16,160.77944,161.47944,161.77944,159.37944,42.349,0.00056,1946843,345454802.0,1.1272584623292838,159.67944
HK.09999,网易-S,2021-07-19,158.97944,157.97944,159.87944,156.17944,41.515,0.00084,2903515,507345763.0,-2.1674585941095654,161.47944
HK.09999,网易-S,2021-07-20,156.77944,158.47944,160.77944,156.77944,41.634,0.00051,1754688,306954268.0,0.3164968808599397,157.97944
HK.09999,网易-S,2021-07-21,159.77944,158.57944,161.17944,156.57944,41.658,0.00088,3035815,529496534.0,0.0630996676919064,158.47944
HK.09999,网易-S,2021-07-22,159.97944,159.37944,160.37944,156.57944,41.849,0.00065,2259136,394037162.0,0.5044790169519977,158.57944
HK.09999,网易-S,2021-07-23,158.97944,156.77944,160.97944,156.17944,41.229,0.00084,2909596,507954893.0,-1.6313271021657465,159.37944
HK.09999,网易-S,2021-07-26,146.57944,133.77944,146.57944,131.47944,35.748,0.00653,22555182,3424904914.0,-14.670290951415568,156.77944
HK.09999,网易-S,2021-07-27,123.77944,114.17944,125.87944,109.87944,31.077,0.00897,30996270,4147615006.0,-14.650980748611293,133.77944
HK.09999,网易-S,2021-07-28,121.77944,124.37944,126.47944,119.27944,33.508,0.00332,11454758,1593455927.0,8.933307082255793,114.17944
HK.09999,网易-S,2021-07-29,138.77944,141.47944,143.27944,135.17944,37.583,0.00421,14552734,2269645310.0,13.748252926689496,124.37944
HK.09999,网易-S,2021-07-30,140.07944,139.27944,140.77944,135.37944,37.059,0.00147,5087127,786386881.0,-1.5549962595271911,141.47944
HK.09999,网易-S,2021-08-02,144.67944,141.97944,146.47944,140.67944,37.702,0.00196,6755922,1072854529.0,1.9385488626318552,139.27944
HK.09999,网易-S,2021-08-03,140.77944,129.67944,141.27944,117.17944,34.771,0.00758,26205755,3723339475.0,-8.663226168521309,141.97944
HK.09999,网易-S,2021-08-04,128.77944,127.37944,130.67944,120.87944,34.223,0.00322,11134597,1591060946.0,-1.7736042043364757,129.67944
HK.09999,网易-S,2021-08-05,122.27944,121.97944,123.67944,119.17944,32.936,0.00439,15176467,2094456539.0,-4.239302669253378,127.37944
HK.09999,网易-S,2021-08-06,118.77944,119.37944,121.17944,118.77944,32.316,0.00188,6486937,879991794.0,-2.1315067522854623,121.97944
HK.09999,网易-S,2021-08-09,118.87944,122.87944,125.77944,118.77944,33.15,0.00164,5670174,794072779.0,2.9318281271884,119.37944
HK.09999,网易-S,2021-08-10,126.77944,128.17944,130.47944,126.37944,34.413,0.00221,7627872,1101526796.0,4.313170698043543,122.87944
HK.09999,网易-S,2021-08-11,127.07944,128.07944,129.37944,125.97944,34.389,0.00115,3987296,576613840.0,-0.0780156318361153,128.17944
HK.09999,网易-S,2021-08-12,128.07944,127.17944,128.17944,126.17944,34.175,0.00066,2297331,329089198.0,-0.7026888937053486,128.07944
HK.09999,网易-S,2021-08-13,124.77944,125.77944,126.97944,121.87944,33.841,0.00114,3921658,552013300.0,-1.1008068599767429,127.17944
HK.09999,网易-S,2021-08-16,125.27944,120.17944,125.27944,116.77944,32.507,0.00192,6625268,896343503.0,-4.452237981024557,125.77944
HK.09999,网易-S,2021-08-17,117.07944,112.87944,117.57944,110.87944,30.767,0.00217,7488937,966742780.0,-6.074250304378184,120.17944
HK.09999,网易-S,2021-08-18,115.67944,113.17944,116.27944,111.979439999,30.838,0.00131,4526847,587252654.0,0.2657702766774863,112.87944
HK.09999,网易-S,2021-08-19,116.479439999,109.67944,116.77944,107.77944,30.004,0.00135,4662993,590947368.0,-3.0924344562934754,113.17944
HK.09999,网易-S,2021-08-20,106.47944,103.77944,107.27944,100.97944,28.598,0.00262,9056349,1085133527.0,-5.379312658780903,109.67944
HK.09999,网易-S,2021-08-23,110.07944,110.57944,112.479439999,108.67944,30.219,0.0015,5187737,659479586.0,6.552357576799424,103.77944
HK.09999,网易-S,2021-08-24,116.479439999,120.37944,120.57944,114.57944,32.554,0.00208,7193840,971465706.0,8.86240697185661,110.57944
HK.09999,网易-S,2021-08-25,128.17944,123.87944,129.37944,122.17944,33.388,0.00208,7196891,1017747030.0,2.9074732362935065,120.37944
HK.09999,网易-S,2021-08-26,123.97944,125.37944,126.57944,122.97944,33.746,0.00157,5427970,764507283.0,1.2108546825849391,123.87944
HK.09999,网易-S,2021-08-27,125.47944,127.17944,129.27944,124.77944,34.175,0.00124,4270107,612641858.0,1.4356420797540628,125.37944
HK.09999,网易-S,2021-08-30,130.27944,128.47944,131.37944,127.47944,34.485,0.0014,4833705,701966507.0,1.0221777985498377,127.17944
HK.09999,网易-S,2021-08-31,122.77944,125.47944,125.67944,121.87944,33.77,0.00273,9419522,1321130774.0,-2.3350039508266955,128.47944
HK.09999,网易-S,2021-09-01,134.77944,134.57944,136.87944,129.97944,35.938,0.0029,10032834,1509039945.0,7.252184102829921,125.47944
HK.09999,网易-S,2021-09-02,134.97944,132.67944,135.27944,129.77944,35.486,0.00204,7064282,1050413020.0,-1.4118055477121956,134.57944
HK.09999,网易-S,2021-09-03,132.27944,129.87944,132.27944,126.37944,34.818,0.00142,4914257,711777332.0,-2.110349576392553,132.67944
HK.09999,网易-S,2021-09-06,128.97944,131.87944,132.17944,124.37944,35.295,0.00081,2815800,412554441.0,1.5398896083937537,129.87944
HK.09999,网易-S,2021-09-07,131.87944,133.37944,133.77944,130.77944,35.653,0.00077,2659422,396072889.0,1.137402463947375,131.87944
HK.09999,网易-S,2021-09-08,133.37944,134.27944,135.67944,132.07944,35.867,0.00092,3162761,475462663.0,0.6747666656870097,133.37944
HK.09999,网易-S,2021-09-09,124.07944,117.67944,125.97944,116.67944,31.911,0.00539,18612962,2558896613.0,-12.362279735453168,134.27944
HK.09999,网易-S,2021-09-10,121.77944,121.87944,123.47944,118.77944,32.912,0.00284,9813996,1350644865.0,3.569017663578279,117.67944
HK.09999,网易-S,2021-09-13,121.353169999,118.45317,121.353169999,116.353169999,32.006,0.002,6920588,925546707.0,-2.8111960475039943,121.87944
HK.09999,网易-S,2021-09-14,120.45317,117.95317,121.55317,116.45317,31.887,0.00235,8129822,1094573770.0,-0.4221077409747666,118.45317
HK.09999,网易-S,2021-09-15,115.25317,112.95317,115.45317,110.25317,30.695,0.0026,8986251,1148360394.0,-4.238970432079104,117.95317
HK.09999,网易-S,2021-09-16,115.15317,115.75317,117.55317,113.75317,31.363,0.00182,6278177,823698769.0,2.478903425198246,112.95317
HK.09999,网易-S,2021-09-17,114.15317,112.853169999,115.75317,111.15317,30.672,0.00513,17716620,2283731578.0,-2.5053309563789874,115.75317
HK.09999,网易-S,2021-09-20,109.35317,110.95317,112.55317,108.55317,30.219,0.00156,5400251,682153967.0,-1.6836035700342649,112.853169999
HK.09999,网易-S,2021-09-21,110.15317,109.05317,110.15317,105.55317,29.766,0.00169,5839271,720743970.0,-1.7124341738050437,110.95317
HK.09999,网易-S,2021-09-23,109.85317,111.35317,113.25317,109.85317,30.314,0.00206,7120617,905666535.0,2.109062946084017,109.05317
HK.09999,网易-S,2021-09-24,111.35317,109.85317,112.25317,108.55317,29.957,0.00115,3972967,498873902.0,-1.3470653776628003,111.35317
HK.09999,网易-S,2021-09-27,110.15317,111.95317,113.95317,110.15317,30.457,0.00153,5285981,675643596.0,1.9116426043963903,109.85317
HK.09999,网易-S,2021-09-28,113.95317,117.55317,120.55317,113.353169999,31.792,0.00275,9510470,1269177638.0,5.002091499508227,111.95317
HK.09999,网易-S,2021-09-29,116.15317,116.05317,116.55317,112.853169999,31.434,0.00155,5346797,700192683.0,-1.2760183328105912,117.55317
HK.09999,网易-S,2021-09-30,112.15317,115.65317,116.45317,107.75317,31.339,0.00278,9591609,1242237435.0,-0.3446696027346702,116.05317
HK.09999,网易-S,2021-10-04,111.15317,111.05317,114.95317,110.25317,30.243,0.00197,6805316,866738943.0,-3.9774093524630656,115.65317
HK.09999,网易-S,2021-10-05,109.15317,111.05317,111.65317,108.75317,30.243,0.00147,5092633,643145930.0,0.0,111.05317
HK.09999,网易-S,2021-10-06,112.45317,112.15317,119.95317,111.45317,30.505,0.00101,3485408,450119137.0,0.990516524652118,111.05317
HK.09999,网易-S,2021-10-07,122.35317,123.15317,125.45317,121.25317,33.126,0.00307,10598699,1475195852.0,9.808015234879228,112.15317
HK.09999,网易-S,2021-10-08,134.15317,129.15317,134.15317,128.95317,34.556,0.00422,14595276,2136087218.0,4.87198177683935,123.15317
HK.09999,网易-S,2021-10-11,134.75317,135.75317,137.65317,133.15317,36.129,0.00301,10416972,1574432359.0,5.110211386991139,129.15317
HK.09999,网易-S,2021-10-12,133.75317,132.95317,135.15317,131.25317,35.462,0.00117,4051452,605675930.0,-2.0625669367426274,135.75317
HK.09999,网易-S,2021-10-15,133.05317,133.45317,133.65317,129.25317,35.581,0.00167,5785940,856711714.0,0.3760722666484747,132.95317
HK.09999,网易-S,2021-10-18,134.55317,133.45317,134.55317,129.95317,35.581,0.00177,6099829,904925289.0,0.0,133.45317
HK.09999,网易-S,2021-10-19,133.65317,137.55317,138.45317,133.35317,36.558,0.00106,3665291,560105419.0,3.072238748618706,133.45317
HK.09999,网易-S,2021-10-20,139.05317,140.85317,143.05317,138.85317,37.345,0.00127,4404745,691758236.0,2.399072300551133,137.55317
HK.09999,网易-S,2021-10-21,141.95317,140.35317,142.95317,138.95317,37.225,0.0013,4495490,704600178.0,-0.354979586188937,140.85317
HK.09999,网易-S,2021-10-22,144.15317,144.65317,146.15317,141.95317,38.25,0.00123,4238437,681119922.0,3.063699950631669,140.35317
HK.09999,网易-S,2021-10-25,144.65317,146.15317,147.85317,140.25317,38.608,0.00165,5718180,926439723.0,1.0369631028480053,144.65317
HK.09999,网易-S,2021-10-26,146.15317,141.85317,146.15317,140.75317,37.583,0.00071,2442514,386279409.0,-2.9421188743288864,146.15317
HK.09999,网易-S,2021-10-27,135.55317,139.25317,139.75317,135.55317,36.963,0.00057,1967024,303942809.0,-1.8328811404073624,141.85317
HK.09999,网易-S,2021-10-28,140.15317,140.65317,142.65317,139.55317,37.297,0.0006,2083641,326767285.0,1.005363109507652,139.25317
HK.09999,网易-S,2021-10-29,140.25317,137.85317,140.25317,137.65317,36.63,0.00072,2488749,384781234.0,-1.9907123316168296,140.65317
HK.09999,网易-S,2021-11-01,136.95317,136.75317,137.75317,135.35317,36.367,0.00063,2166461,329948918.0,-0.7979504569971038,137.85317
HK.09999,网易-S,2021-11-02,145.05317,141.35317,145.05317,140.55317,37.464,0.00132,4566065,721787942.0,3.3637245849584283,136.75317
HK.09999,网易-S,2021-11-03,140.65317,142.15317,143.15317,140.25317,37.654,0.00061,2123327,334229458.0,0.5659583014657421,141.35317
HK.09999,网易-S,2021-11-04,143.35317,144.25317,145.85317,141.95317,38.155,0.00066,2275829,363431006.0,1.4772797539443003,142.15317
HK.09999,网易-S,2021-11-05,144.15317,142.75317,144.55317,140.75317,37.797,0.00082,2835297,450229702.0,-1.0398385006027944,144.25317
HK.09999,网易-S,2021-11-08,143.15317,145.05317,145.95317,141.35317,38.346,0.00089,3088281,495863212.0,1.6111726275500453,142.75317
HK.09999,网易-S,2021-11-09,146.15317,144.15317,146.15317,142.65317,38.131,0.00085,2948568,470138618.0,-0.6204621381249412,145.05317
HK.09999,网易-S,2021-11-10,142.25317,151.05317,152.05317,140.15317,39.775,0.0019,6568154,1075360779.0,4.786575279614043,144.15317
HK.09999,网易-S,2021-11-11,146.85317,150.55317,152.25317,144.45317,39.656,0.00139,4803841,792289743.0,-0.331009273092382,151.05317
HK.09999,网易-S,2021-11-12,160.05317,158.25317,160.05317,154.25317,41.491,0.00112,3869556,668402945.0,5.114472182817551,150.55317
HK.09999,网易-S,2021-11-15,158.25317,160.25317,163.35317,156.15317,41.968,0.0011,3815894,673383091.0,1.2637977488855356,158.25317
HK.09999,网易-S,2021-11-16,162.15317,167.25317,172.15317,158.65317,43.636,0.00199,6891499,1255367390.0,4.368088319251345,160.25317
HK.09999,网易-S,2021-11-17,158.15317,160.65317,162.95317,157.85317,42.063,0.00172,5948190,1047736652.0,-3.946113547504076,167.25317
HK.09999,网易-S,2021-11-18,160.55317,161.95317,163.85317,159.35317,42.373,0.0018,6215214,1106162249.0,0.8091966065780162,160.65317
HK.09999,网易-S,2021-11-19,159.85317,163.15317,163.95317,159.75317,42.659,0.00108,3721423,663825636.0,0.740954931601517,161.95317
HK.09999,网易-S,2021-11-22,169.45317,168.55317,173.05317,167.35317,43.946,0.00174,6016540,1113277706.0,3.3097732639825543,163.15317
HK.09999,网易-S,2021-11-23,163.95317,164.35317,166.45317,160.85317,42.945,0.0023,7938387,1430385829.0,-2.4917953189489044,168.55317
HK.09999,网易-S,2021-11-24,159.95317,161.15317,163.25317,159.15317,42.183,0.00269,9287198,1644667395.0,-1.9470266378190433,164.35317
HK.09999,网易-S,2021-11-25,161.55317,166.95317,168.15317,161.15317,43.565,0.00133,4578656,828320121.0,3.5990604466545784,161.15317
HK.09999,网易-S,2021-11-26,166.05317,162.85317,166.15317,162.65317,42.588,0.00126,4369223,785841158.0,-2.4557784676984538,166.95317
HK.09999,网易-S,2021-11-29,161.75317,162.95317,166.55317,161.75317,42.612,0.00149,5143389,921924125.0,0.0614050067309063,162.85317
HK.09999,网易-S,2021-11-30,156.60368,153.10368,157.10368,147.50368,40.181,0.00318,10994096,1837235354.0,-6.044368452605128,162.95317
HK.09999,网易-S,2021-12-01,153.10368,160.10368,163.90368,150.60368,41.849,0.00289,9989745,1750706989.0,4.57206515218968,153.10368
HK.09999,网易-S,2021-12-02,159.10368,162.20368,163.50368,158.50368,42.349,0.00169,5824473,1032337401.0,1.3116500507670994,160.10368
HK.09999,网易-S,2021-12-03,153.10368,153.70368,153.70368,147.40368,40.324,0.00639,22082259,3709931373.0,-5.240325003723713,162.20368
HK.09999,网易-S,2021-12-06,144.80368,145.70368,151.10368,143.50368,38.417,0.0053,18304179,2997944376.0,-5.204820079779482,153.70368
HK.09999,网易-S,2021-12-07,147.60368,155.10368,155.20368,147.10368,40.657,0.00312,10766826,1807820700.0,6.4514499565144865,145.70368
HK.09999,网易-S,2021-12-08,153.40368,151.90368,154.40368,150.00368,39.895,0.00143,4925777,824077264.0,-2.0631360906459397,155.10368
HK.09999,网易-S,2021-12-09,149.00368,151.20368,153.10368,149.00368,39.728,0.00176,6088685,1017617892.0,-0.4608183290885493,151.90368
HK.09999,网易-S,2021-12-10,146.50368,147.30368,149.80368,145.70368,38.798,0.00207,7144249,1167439746.0,-2.5793023026952633,151.20368
HK.09999,网易-S,2021-12-13,144.40368,144.40368,149.70368,143.30368,38.107,0.00238,8206760,1321303381.0,-1.9687220305697763,147.30368
HK.09999,网易-S,2021-12-14,143.60368,143.80368,147.00368,142.50368,37.964,0.00152,5236318,834778467.0,-0.4155018764064698,144.40368
HK.09999,网易-S,2021-12-15,143.70368,143.80368,146.10368,142.90368,37.964,0.00106,3654855,584121045.0,0.0,143.80368
HK.09999,网易-S,2021-12-16,143.40368,142.50368,144.00368,139.20368,37.654,0.00172,5932154,933328338.0,-0.904010245078576,143.80368
HK.09999,网易-S,2021-12-17,138.60368,138.00368,139.30368,136.20368,36.582,0.00231,7978359,1222804699.0,-3.1578131877015387,142.50368
HK.09999,网易-S,2021-12-20,131.50368,130.50368,132.00368,128.30368,34.795,0.00299,10334450,1504089108.0,-5.434637685024051,138.00368
HK.09999,网易-S,2021-12-21,126.40368,129.90368,130.30368,126.20368,34.652,0.00249,8609923,1242248091.0,-0.4597571501431946,130.50368
HK.09999,网易-S,2021-12-22,136.60368,134.50368,140.80368,132.60368,35.748,0.00223,7711504,1166269222.0,3.5410852102111305,129.90368
HK.09999,网易-S,2021-12-23,140.00368,137.50368,140.00368,136.50368,36.463,0.00179,6178272,947680830.0,2.230422245696177,134.50368
HK.09999,网易-S,2021-12-24,139.00368,135.20368,139.00368,134.60368,35.915,0.00032,1099917,166480886.0,-1.6726825056609476,137.50368
HK.09999,网易-S,2021-12-28,138.40368,136.10368,138.40368,134.10368,36.129,0.00123,4245402,643201055.0,0.6656623547524785,135.20368
HK.09999,网易-S,2021-12-29,135.60368,134.50368,136.40368,133.50368,35.748,0.00072,2484431,373251840.0,-1.175574385644822,136.10368
HK.09999,网易-S,2021-12-30,134.30368,136.10368,137.00368,133.50368,36.129,0.00121,4190953,634772387.0,1.189558531037957,134.50368
HK.09999,网易-S,2021-12-31,146.60368,142.00368,148.50368,141.60368,37.535,0.00089,3086925,493223997.0,4.3349305470653,136.10368
HK.09999,网易-S,2022-01-03,142.60368,143.20368,146.50368,142.50368,37.821,0.00067,2325392,369903621.0,0.8450485226861646,142.00368
HK.09999,网易-S,2022-01-04,143.20368,140.20368,143.70368,138.40368,37.106,0.00097,3353495,523398545.0,-2.0949182311516017,143.20368
HK.09999,网易-S,2022-01-05,137.50368,134.50368,137.50368,132.80368,35.748,0.0013,4501628,677715175.0,-4.0655138295941935,140.20368
HK.09999,网易-S,2022-01-06,132.30368,134.50368,135.40368,131.30368,35.748,0.0016,5537080,823002071.0,0.0,134.50368
HK.09999,网易-S,2022-01-07,136.60368,139.80368,139.80368,135.30368,37.011,0.00147,5066765,779153724.0,3.9404126340632546,134.50368
HK.09999,网易-S,2022-01-10,141.50368,142.80368,143.10368,137.90368,37.726,0.00129,4468642,703248918.0,2.145866260458952,139.80368
HK.09999,网易-S,2022-01-11,142.50368,142.10368,143.70368,139.90368,37.559,0.00125,4326726,681370554.0,-0.4901834462529376,142.80368
HK.09999,网易-S,2022-01-12,147.50368,152.80368,153.10368,146.80368,40.109,0.00264,9120694,1512435774.0,7.529713516215778,142.10368
HK.09999,网易-S,2022-01-13,152.50368,147.30368,152.50368,144.50368,38.798,0.00191,6612836,1076656388.0,-3.5993897529169447,152.80368
HK.09999,网易-S,2022-01-14,142.70368,144.50368,144.60368,141.40368,38.131,0.0014,4820888,765726749.0,-1.9008350639984088,147.30368
HK.09999,网易-S,2022-01-17,144.50368,146.10368,146.20368,142.20368,38.512,0.00052,1812739,290570516.0,1.1072382378081955,144.50368
HK.09999,网易-S,2022-01-18,147.20368,145.20368,150.00368,144.50368,38.298,0.0011,3812413,618573439.0,-0.616000911133796,146.10368
HK.09999,网易-S,2022-01-19,146.50368,145.40368,148.10368,144.30368,38.346,0.00112,3868635,625451247.0,0.1377375559627807,145.20368
HK.09999,网易-S,2022-01-20,151.50368,152.20368,154.20368,147.80368,39.966,0.00238,8216478,1376016884.0,4.676635419406154,145.40368
HK.09999,网易-S,2022-01-21,146.50368,146.80368,147.00368,142.30368,38.679,0.00251,8676771,1395306078.0,-3.5478774232002652,152.20368
HK.09999,网易-S,2022-01-24,136.90368,134.70368,137.90368,133.40368,35.795,0.00275,9497448,1433756740.0,-8.2423001930197,146.80368
HK.09999,网易-S,2022-01-25,134.50368,134.60368,137.00368,132.70368,35.772,0.00271,9354925,1409474566.0,-0.0742370215869338,134.70368
HK.09999,网易-S,2022-01-26,140.80368,141.00368,143.00368,138.60368,37.297,0.00165,5691045,888842146.0,4.754699128582521,134.60368
HK.09999,网易-S,2022-01-27,134.20368,134.60368,135.10368,130.80368,35.772,0.00189,6516395,969865391.0,-4.538888630424402,141.00368
HK.09999,网易-S,2022-01-28,134.60368,133.10368,135.50368,130.80368,35.414,0.00126,4354797,645217843.0,-1.1143826082615276,134.60368
HK.09999,网易-S,2022-01-31,134.40368,139.20368,140.60368,133.70368,36.868,0.00103,3548832,547584860.0,4.582893575895118,133.10368
HK.09999,网易-S,2022-02-04,144.10368,142.00368,144.10368,139.00368,37.535,0.00098,3385119,532837255.0,2.011441076845103,139.20368
HK.09999,网易-S,2022-02-07,143.20368,141.60368,143.20368,139.40368,37.44,0.00085,2950072,462558646.0,-0.2816828408953948,142.00368
HK.09999,网易-S,2022-02-08,141.60368,140.20368,141.70368,139.10368,37.106,0.00117,4026532,628086743.0,-0.9886748705965872,141.60368
HK.09999,网易-S,2022-02-09,145.40368,147.80368,149.00368,145.00368,38.918,0.00312,10788790,1752291546.0,5.420685106125619,140.20368
HK.09999,网易-S,2022-02-10,150.50368,149.10368,151.10368,146.00368,39.227,0.0021,7265765,1192782992.0,0.8795450830452819,147.80368
HK.09999,网易-S,2022-02-11,144.70368,145.50368,146.80368,143.50368,38.369,0.00113,3902875,627045863.0,-2.4144273300296772,149.10368
HK.09999,网易-S,2022-02-14,137.90368,138.70368,139.40368,136.10368,36.749,0.00128,4418011,678306487.0,-4.6734213182786934,145.50368
HK.09999,网易-S,2022-02-15,137.00368,138.00368,140.30368,136.80368,36.582,0.00047,1636794,251674663.0,-0.5046729834421038,138.70368
HK.09999,网易-S,2022-02-16,140.70368,142.20368,142.40368,138.60368,37.583,0.00119,4122755,644514929.0,3.0433971036134606,138.00368
HK.09999,网易-S,2022-02-17,143.00368,143.40368,144.50368,140.70368,37.869,0.00098,3394006,537916589.0,0.8438600182498914,142.20368
HK.09999,网易-S,2022-02-18,140.80368,141.20368,147.40368,140.00368,37.345,0.00215,7443545,1189776746.0,-1.534130783812533,143.40368
HK.09999,网易-S,2022-02-21,139.50368,135.30368,144.50368,133.50368,35.938,0.00222,7681105,1181529285.0,-4.178361357154415,141.20368
HK.09999,网易-S,2022-02-22,130.10368,134.80368,135.30368,130.10368,35.819,0.002,6920490,1034456499.0,-0.3695390990104629,135.30368
HK.09999,网易-S,2022-02-23,130.00368,131.60368,133.90368,128.70368,35.057,0.00234,8083124,1188740267.0,-2.373822435707999,134.80368
HK.09999,网易-S,2022-02-24,124.80368,128.90368,129.20368,123.70368,34.413,0.00229,7897670,1120740755.0,-2.051614362151567,131.60368
HK.09999,网易-S,2022-02-25,133.90368,130.80368,134.60368,130.00368,24.314,0.00283,9787098,1446519016.0,1.4739687804103074,128.90368
HK.09999,网易-S,2022-02-28,138.30368,137.00368,140.20368,136.20368,25.344,0.00584,20176411,3087193819.0,4.7399278063124735,130.80368
HK.09999,网易-S,2022-03-01,136.50368,136.10368,138.10368,132.70368,25.195,0.00284,9804123,1487869104.0,-0.6569166609247326,137.00368
HK.09999,网易-S,2022-03-02,128.60368,130.60368,132.60368,128.50368,24.281,0.00153,5274762,771783447.0,-4.04103695065409,136.10368
HK.09999,网易-S,2022-03-03,130.50368,126.90368,130.80368,125.80368,23.666,0.00241,8321216,1188782875.0,-2.832998273861811,130.60368
HK.09999,网易-S,2022-03-04,117.50368,118.80368,121.203679999,116.80368,22.32,0.00301,10399150,1402587504.0,-6.382793627418838,126.90368
HK.09999,网易-S,2022-03-07,114.60368,116.80368,119.203679999,113.80368,21.987,0.00261,9024337,1193007110.0,-1.6834495362433215,118.80368
HK.09999,网易-S,2022-03-08,116.50368,113.80368,116.60368,111.80368,21.489,0.0024,8307158,1076955731.0,-2.568412228107882,116.80368
HK.09999,网易-S,2022-03-09,118.00368,117.00368,118.80368,112.50368,22.02,0.00179,6188954,812789074.0,2.811859862528174,113.80368
HK.09999,网易-S,2022-03-10,123.83586,120.53586,124.43586,118.43586,22.502,0.00181,6247814,849989332.0,3.0188623127067427,117.00368
HK.09999,网易-S,2022-03-11,113.73586,114.13586,117.03586,108.93586,21.439,0.0029,10033410,1280139525.0,-5.30962321088513,120.53586
HK.09999,网易-S,2022-03-14,113.13586,103.63586,113.13586,101.63586,19.694,0.00343,11868266,1431537438.0,-9.199562696596846,114.13586
HK.09999,网易-S,2022-03-15,95.43586,94.53586,102.03586,93.43586,18.181,0.00427,14760342,1643503396.0,-8.780744425722906,103.63586
HK.09999,网易-S,2022-03-16,102.43586,120.13586,121.335859999,100.83586,22.436,0.00515,17789315,2289138037.0,27.07967114278116,94.53586
HK.09999,网易-S,2022-03-17,130.63586,127.43586,131.43586,120.13586,23.649,0.00491,16967227,2379209572.0,6.07645377491784,120.13586
HK.09999,网易-S,2022-03-18,116.53586,123.73586,123.83586,115.63586,23.227,0.0038,13140833,1785985595.0,-2.903421376055376,127.43586
HK.09999,网易-S,2022-03-21,126.63586,119.335859999,126.73586,117.23586,22.49,0.00209,7221725,982642358.0,-3.555961869905789,123.73586
HK.09999,网易-S,2022-03-22,121.73586,130.73586,131.93586,121.13586,24.4,0.00249,8610960,1230008833.0,9.552870361931056,119.335859999
HK.09999,网易-S,2022-03-23,134.23586,136.43586,139.73586,133.13586,25.356,0.00206,7130264,1080341896.0,4.35993613381974,130.73586
HK.09999,网易-S,2022-03-24,136.03586,133.33586,136.03586,132.53586,24.836,0.00148,5118757,763758805.0,-2.2721299224412075,136.43586
HK.09999,网易-S,2022-03-25,129.13586,126.13586,130.73586,123.83586,23.629,0.00185,6387085,904999483.0,-5.399897671939119,133.33586
HK.09999,网易-S,2022-03-28,127.63586,133.73586,134.93586,125.63586,24.903,0.00202,6989785,1027285825.0,6.025249282797144,126.13586
HK.09999,网易-S,2022-03-29,132.43586,131.73586,132.83586,129.63586,24.568,0.00119,4111140,600724579.0,-1.4954852049405447,133.73586
HK.09999,网易-S,2022-03-30,131.93586,130.73586,133.63586,129.73586,24.4,0.00158,5449832,797020320.0,-0.7590947521806135,131.73586
HK.09999,网易-S,2022-03-31,130.73586,128.93586,133.83586,128.33586,24.099,0.0014,4829361,698886505.0,-1.376821936995719,130.73586
HK.09999,网易-S,2022-04-01,127.93586,131.73586,132.03586,125.33586,24.568,0.00148,5116101,739022992.0,2.171622386510635,128.93586
HK.09999,网易-S,2022-04-04,136.83586,141.43586,142.33586,136.13586,26.194,0.00232,8010888,1235763710.0,7.363219096151942,131.73586
HK.09999,网易-S,2022-04-06,134.43586,136.43586,140.13586,134.43586,25.356,0.00225,7768430,1181480180.0,-3.5351713490482544,141.43586
HK.09999,网易-S,2022-04-07,131.43586,133.73586,137.03586,131.43586,24.903,0.00119,4112211,613407272.0,-1.97895186793266,136.43586
HK.09999,网易-S,2022-04-08,131.13586,132.53586,132.93586,129.63586,24.702,0.00131,4532902,666927873.0,-0.8972911229643183,133.73586
HK.09999,网易-S,2022-04-11,131.63586,127.53586,131.63586,126.13586,23.864,0.00096,3318930,473345093.0,-3.772563893273876,132.53586
HK.09999,网易-S,2022-04-12,133.93586,133.53586,136.73586,130.83586,24.87,0.0019,6575277,974569256.0,4.704559172612326,127.53586
HK.09999,网易-S,2022-04-13,129.03586,134.33586,135.93586,128.53586,25.004,0.00148,5098636,754451502.0,0.5990900122259166,133.53586
HK.09999,网易-S,2022-04-14,135.43586,135.63586,137.83586,133.73586,25.222,0.00142,4915585,738182598.0,0.9677237336330088,134.33586
HK.09999,网易-S,2022-04-19,133.93586,131.13586,134.53586,128.93586,24.467,0.00142,4904465,719827560.0,-3.317706689071754,135.63586
HK.09999,网易-S,2022-04-20,129.03586,128.03586,131.43586,127.23586,23.948,0.00102,3535752,507767238.0,-2.363960552056466,131.13586
HK.09999,网易-S,2022-04-21,124.83586,123.33586,126.23586,121.63586,23.16,0.00147,5067186,703410665.0,-3.6708465893852056,128.03586
HK.09999,网易-S,2022-04-22,118.835859999,122.43586,124.83586,118.13586,23.009,0.0012,4135432,565195038.0,-0.7297147804377344,123.33586
HK.09999,网易-S,2022-04-25,118.23586,118.53586,123.23586,115.13586,22.356,0.00188,6492477,869262878.0,-3.1853412880834138,122.43586
HK.09999,网易-S,2022-04-26,122.13586,127.43586,129.73586,122.13586,23.847,0.00193,6654564,944923582.0,7.508276398382739,118.53586
HK.09999,网易-S,2022-04-27,125.13586,125.73586,126.63586,123.83586,23.562,0.00148,5111769,716520591.0,-1.3340044160254445,127.43586
HK.09999,网易-S,2022-04-28,126.13586,128.13586,129.23586,123.63586,23.965,0.00144,4962565,702715332.0,1.9087633392733032,125.73586
HK.09999,网易-S,2022-04-29,129.03586,139.13586,141.73586,126.53586,24.452,0.00336,10984182,1658619220.0,8.584638211348485,128.13586
HK.09999,网易-S,2022-05-03,135.13586,135.83586,139.83586,132.83586,23.928,0.00195,6377133,966517503.0,-2.3717825153055516,139.13586
HK.09999,网易-S,2022-05-04,138.13586,135.13586,138.13586,133.73586,23.817,0.00144,4708415,707317651.0,-0.515327837582792,135.83586
HK.09999,网易-S,2022-05-05,137.33586,132.63586,139.13586,131.53586,23.42,0.0014,4569000,683363770.0,-1.849990076653229,135.13586
HK.09999,网易-S,2022-05-06,129.33586,126.43586,129.53586,125.13586,22.435,0.00141,4624480,653905913.0,-4.674452293670808,132.63586
HK.09999,网易-S,2022-05-10,119.03586,123.73586,125.53586,118.43586,22.006,0.00206,6739886,928185538.0,-2.135470111090321,126.43586
HK.09999,网易-S,2022-05-11,123.73586,127.63586,132.63586,123.13586,22.698,0.0022,7214705,1034416030.0,3.151875293063782,123.73586
HK.09999,网易-S,2022-05-12,124.33586,122.13586,126.93586,121.43586,21.822,0.00159,5224501,722621889.0,-4.309133812394103,127.63586
HK.09999,网易-S,2022-05-13,125.43586,128.43586,131.23586,125.43586,22.825,0.00154,5055384,724019719.0,5.158190231763216,122.13586
HK.09999,网易-S,2022-05-16,133.43586,127.23586,133.43586,126.43586,22.634,0.00139,4570034,655136835.0,-0.9343184995218536,128.43586
HK.09999,网易-S,2022-05-17,133.63586,136.33586,137.03586,132.13586,24.084,0.00186,6107142,913376405.0,7.152071750841308,127.23586
HK.09999,网易-S,2022-05-18,133.73586,137.63586,138.53586,131.23586,24.291,0.00161,5283551,795517555.0,0.9535275605405732,136.33586
HK.09999,网易-S,2022-05-19,133.13586,133.53586,134.93586,130.73586,23.638,0.00196,6421782,949552066.0,-2.978874836833943,137.63586
HK.09999,网易-S,2022-05-20,138.13586,141.13586,142.33586,136.63586,24.848,0.00214,7025538,1085409681.0,5.691355116146324,133.53586
HK.09999,网易-S,2022-05-23,138.23586,139.03586,139.63586,136.13586,24.514,0.00204,6688859,1026687106.0,-1.48792801489288,141.13586
HK.09999,网易-S,2022-05-24,135.73586,136.13586,139.33586,135.13586,24.052,0.0014,4587473,696583384.0,-2.085792830712886,139.03586
HK.09999,网易-S,2022-05-25,136.13586,140.73586,142.23586,134.33586,24.784,0.00242,7945087,1221423387.0,3.3789774420935044,136.13586
HK.09999,网易-S,2022-05-26,140.73586,141.03586,142.53586,139.13586,24.832,0.00343,11250601,1751823968.0,0.2131652870846217,140.73586
HK.09999,网易-S,2022-05-27,147.93586,147.93586,149.93586,145.53586,25.931,0.00416,13660401,2212738672.0,4.892372762501662,141.03586
HK.09999,网易-S,2022-05-30,150.13586,152.13586,152.63586,148.13586,26.6,0.00294,9640719,1597965379.0,2.839068228622875,147.93586
HK.09999,网易-S,2022-05-31,151.13586,155.33586,155.33586,149.43586,27.11,0.00597,19603764,3320074540.0,2.103383120850001,152.13586
HK.09999,网易-S,2022-06-01,148.63586,148.43586,151.13586,147.43586,26.011,0.00296,9706069,1593197959.0,-4.441987832043423,155.33586
HK.09999,网易-S,2022-06-02,143.23586,145.43586,147.33586,142.13586,25.533,0.00234,7675633,1229311962.0,-2.0210749612660983,148.43586
HK.09999,网易-S,2022-06-06,146.83586,150.23586,152.23586,145.43586,26.298,0.00227,7470041,1216221848.0,3.3004239807156304,145.43586
HK.09999,网易-S,2022-06-07,145.74136,146.44136,148.84136,144.34136,25.613,0.00226,7434421,1196947221.0,-2.525695263434442,150.23586
HK.09999,网易-S,2022-06-08,148.64136,155.54136,155.74136,148.04136,27.062,0.00387,12713546,2121543736.0,6.214091428814916,146.44136
HK.09999,网易-S,2022-06-09,154.34136,153.04136,155.84136,152.14136,26.664,0.00276,9074855,1525601868.0,-1.6072895337934552,155.54136
HK.09999,网易-S,2022-06-10,150.64136,158.14136,158.64136,149.24136,27.476,0.00436,14313339,2446591440.0,3.332432487531471,153.04136
HK.09999,网易-S,2022-06-13,149.54136,148.24136,151.54136,147.34136,25.899,0.00272,8941997,1465195815.0,-6.2602218673217465,158.14136
HK.09999,网易-S,2022-06-14,147.14136,148.74136,152.64136,145.34136,25.979,0.00279,9147788,1496140891.0,0.3372877852712631,148.24136
HK.09999,网易-S,2022-06-15,148.74136,148.24136,149.94136,144.94136,25.899,0.00258,8459137,1368781591.0,-0.3361539789605258,148.74136
HK.09999,网易-S,2022-06-16,146.74136,139.64136,149.64136,137.14136,24.53,0.00328,10779433,1680148435.0,-5.801349906665721,148.24136
HK.09999,网易-S,2022-06-17,133.64136,136.74136,142.14136,133.14136,24.068,0.00385,12658112,1924761441.0,-2.0767486080055404,139.64136
HK.09999,网易-S,2022-06-20,130.44136,126.64136,130.54136,120.94136,22.459,0.00766,25145696,3513168329.0,-7.386207070048141,136.74136
HK.09999,网易-S,2022-06-21,127.14136,128.34136,129.24136,125.84136,22.73,0.00355,11667156,1658568738.0,1.342373455244008,126.64136
HK.09999,网易-S,2022-06-22,131.64136,124.84136,131.64136,124.14136,22.172,0.00259,8519701,1201474033.0,-2.727102159428585,128.34136
HK.09999,网易-S,2022-06-23,127.94136,128.04136,130.94136,127.04136,22.682,0.00306,10034624,1433167855.0,2.56325307574349,124.84136
HK.09999,网易-S,2022-06-24,131.64136,132.94136,133.84136,128.84136,23.462,0.00221,7259387,1062004542.0,3.826888436673904,128.04136
HK.09999,网易-S,2022-06-27,134.74136,138.64136,140.84136,134.64136,24.37,0.00324,10630771,1625946989.0,4.287604700297927,132.94136
HK.09999,网易-S,2022-06-28,137.94136,137.04136,138.14136,133.64136,24.115,0.00229,7509359,1130048259.0,-1.15405676920653,138.64136
HK.09999,网易-S,2022-06-29,132.34136,130.84136,134.14136,128.54136,23.128,0.0031,10186199,1486975531.0,-4.524181604735963,137.04136
HK.09999,网易-S,2022-06-30,128.64136,129.74136,131.54136,128.04136,22.953,0.00215,7059018,1019305870.0,-0.8407127532150557,130.84136
HK.09999,网易-S,2022-07-04,131.84136,130.94136,132.14136,129.14136,23.144,0.00146,4786073,694135283.0,0.9249170811836852,129.74136
HK.09999,网易-S,2022-07-05,131.64136,130.74136,134.24136,129.64136,23.112,0.00114,3758694,547597986.0,-0.1527401273364023,130.94136
HK.09999,网易-S,2022-07-06,129.94136,127.94136,131.54136,125.94136,22.666,0.00169,5550694,788114867.0,-2.14163291555173,130.74136
HK.09999,网易-S,2022-07-07,121.74136,124.84136,125.44136,121.24136,22.172,0.00232,7603040,1051007620.0,-2.422985030016883,127.94136
HK.09999,网易-S,2022-07-08,126.64136,125.84136,127.04136,123.54136,22.331,0.00174,5716600,797220361.0,0.80101658616984,124.84136
HK.09999,网易-S,2022-07-11,125.44136,123.44136,127.14136,122.14136,21.949,0.00183,5995350,829046865.0,-1.9071631139396392,125.84136
HK.09999,网易-S,2022-07-12,121.14136,122.04136,123.94136,121.14136,21.726,0.00113,3716296,508535569.0,-1.134141749572433,123.44136
HK.09999,网易-S,2022-07-13,122.74136,124.54136,127.64136,122.24136,22.124,0.00168,5519612,769324476.0,2.048485857581397,122.04136
HK.09999,网易-S,2022-07-14,126.04136,126.24136,127.94136,124.14136,22.395,0.00141,4625412,650133464.0,1.3650083795455603,124.54136
HK.09999,网易-S,2022-07-15,123.34136,120.24136,125.34136,120.24136,21.439,0.00154,5069726,690334266.0,-4.752800508486284,126.24136
HK.09999,网易-S,2022-07-18,120.341359999,122.94136,123.94136,118.54136,21.87,0.00149,4880853,665886826.0,2.245483584018014,120.24136
HK.09999,网易-S,2022-07-19,123.44136,124.24136,124.24136,122.341359999,22.077,0.00104,3425902,472497721.0,1.057414689409648,122.94136
HK.09999,网易-S,2022-07-20,126.84136,129.44136,130.24136,126.74136,22.905,0.00191,6267784,895959945.0,4.185401705197048,124.24136
HK.09999,网易-S,2022-07-21,133.74136,138.44136,140.64136,131.94136,24.338,0.00479,15745442,2381183242.0,6.952955376859451,129.44136
HK.09999,网易-S,2022-07-22,141.84136,136.74136,142.74136,136.24136,24.068,0.00245,8040950,1224912464.0,-1.2279567320055342,138.44136
HK.09999,网易-S,2022-07-25,136.64136,135.94136,137.24136,133.34136,23.94,0.00171,5615562,840803770.0,-0.5850461045582572,136.74136
HK.09999,网易-S,2022-07-26,138.54136,137.44136,140.14136,136.44136,24.179,0.00172,5663197,860985234.0,1.1034169438940438,135.94136
HK.09999,网易-S,2022-07-27,134.34136,136.74136,137.64136,134.34136,24.068,0.00151,4964580,747795918.0,-0.5093081151117953,137.44136
HK.09999,网易-S,2022-07-28,136.54136,136.64136,137.74136,134.64136,24.052,0.00247,8096610,1221112290.0,-0.0731307630697795,136.74136
HK.09999,网易-S,2022-07-29,135.24136,130.34136,135.94136,129.04136,23.048,0.0021,6910912,1006296305.0,-4.6106098475600525,136.64136
HK.09999,网易-S,2022-08-01,131.34136,129.54136,131.34136,127.34136,22.921,0.00132,4342880,624197924.0,-0.6137729420653669,130.34136
HK.09999,网易-S,2022-08-02,127.14136,124.64136,127.44136,123.54136,22.14,0.00172,5657332,787485076.0,-3.782575696287264,129.54136
HK.09999,网易-S,2022-08-03,126.54136,128.04136,129.54136,125.74136,22.682,0.0011,3603786,512313695.0,2.727826461457089,124.64136
HK.09999,网易-S,2022-08-04,129.64136,124.94136,129.94136,123.64136,22.188,0.00229,7511733,1048122096.0,-2.4210926844263403,128.04136
HK.09999,网易-S,2022-08-05,125.04136,123.54136,125.64136,121.94136,21.965,0.00194,6375428,879930600.0,-1.120525660998092,124.94136
HK.09999,网易-S,2022-08-08,124.74136,125.84136,127.34136,124.34136,22.331,0.00111,3660441,512538570.0,1.8617246888005743,123.54136
HK.09999,网易-S,2022-08-09,125.34136,124.44136,127.14136,123.34136,22.108,0.00077,2528051,352149434.0,-1.112511816464787,125.84136
HK.09999,网易-S,2022-08-10,125.74136,122.44136,125.74136,120.841359999,21.79,0.00091,2981939,407242711.0,-1.6071826923138737,124.44136
HK.09999,网易-S,2022-08-11,124.34136,128.04136,128.04136,124.34136,22.682,0.00115,3762540,531568378.0,4.573617934331989,122.44136
HK.09999,网易-S,2022-08-12,128.04136,128.34136,129.14136,125.74136,22.73,0.00128,4210822,597111317.0,0.234299292041268,128.04136
HK.09999,网易-S,2022-08-15,125.24136,127.24136,130.34136,125.24136,22.554,0.00086,2838085,404104496.0,-0.8570892501061298,128.34136
HK.09999,网易-S,2022-08-16,131.04136,128.34136,131.34136,126.24136,22.73,0.00147,4834314,691607828.0,0.8644987761841028,127.24136
HK.09999,网易-S,2022-08-17,131.74136,129.94136,132.44136,129.54136,22.985,0.00125,4097993,593710329.0,1.2466752728816293,128.34136
HK.09999,网易-S,2022-08-18,129.24136,127.64136,129.24136,126.24136,22.618,0.00166,5435322,770863836.0,-1.7700291885508947,129.94136
HK.09999,网易-S,2022-08-19,120.64136,118.64136,124.24136,118.341359999,21.185,0.00319,10485143,1416127202.0,-7.051006037541437,127.64136
HK.09999,网易-S,2022-08-22,120.64136,121.24136,124.74136,119.04136,21.599,0.00286,9404396,1283449515.0,2.1914785872312947,118.64136
HK.09999,网易-S,2022-08-23,121.24136,121.841359999,122.94136,120.54136,21.694,0.00131,4286033,583359581.0,0.4948806240708656,121.24136
HK.09999,网易-S,2022-08-24,122.94136,120.841359999,123.64136,119.841359999,21.535,0.00118,3879622,525342500.0,-0.8207393614189855,121.841359999
HK.09999,网易-S,2022-08-25,124.44136,127.94136,128.94136,122.64136,22.666,0.00168,5532359,779573775.0,5.875471776433791,120.841359999
HK.09999,网易-S,2022-08-26,130.74136,128.04136,131.44136,126.84136,22.682,0.0014,4600270,655716206.0,0.0781608074198948,127.94136
HK.09999,网易-S,2022-08-29,123.24136,125.54136,126.64136,122.64136,22.284,0.00123,4038240,565154628.0,-1.9524941003438263,128.04136
HK.09999,网易-S,2022-08-30,124.84136,125.04136,125.64136,120.94136,22.204,0.00148,4868986,673954493.0,-0.3982751182558481,125.54136
HK.09999,网易-S,2022-08-31,121.70611,128.00611,131.70611,121.70611,22.586,0.00204,6714810,951912360.0,2.3710154783985153,125.04136
HK.09999,网易-S,2022-09-01,126.10611,126.50611,128.60611,124.20611,22.347,0.00175,5759604,808294881.0,-1.1718190639493693,128.00611
HK.09999,网易-S,2022-09-02,125.30611,126.90611,127.40611,123.406109999,22.411,0.00287,9436019,1320711056.0,0.3161902614822252,126.50611
HK.09999,网易-S,2022-09-05,123.50611,124.40611,125.50611,123.00611,22.013,0.00124,4069929,564023082.0,-1.969960311603594,126.90611
HK.09999,网易-S,2022-09-06,124.40611,125.00611,126.30611,124.00611,22.108,0.00095,3129567,434938790.0,0.4822914244324563,124.40611
HK.09999,网易-S,2022-09-07,123.20611,122.906109999,123.70611,121.00611,21.774,0.00109,3572790,487645936.0,-1.679917886413722,125.00611
HK.09999,网易-S,2022-09-08,122.60611,118.30611,123.10611,117.906109999,21.041,0.00166,5459921,728240445.0,-3.7426943209230346,122.906109999
HK.09999,网易-S,2022-09-09,119.20611,124.70611,125.40611,118.20611,22.061,0.00158,5201192,710340346.0,5.409695238901855,118.30611
HK.09999,网易-S,2022-09-13,124.20611,125.40611,127.00611,123.20611,22.172,0.00148,4871235,678131886.0,0.5613197300437026,124.70611
HK.09999,网易-S,2022-09-14,122.70611,122.50611,124.60611,122.20611,21.71,0.0012,3937909,538931049.0,-2.3124870072120025,125.40611
HK.09999,网易-S,2022-09-15,120.20611,120.70611,121.60611,119.406109999,21.424,0.00142,4649082,624226971.0,-1.4693144692946427,122.50611
HK.09999,网易-S,2022-09-16,118.20611,118.406109999,121.60611,117.60611,21.057,0.00641,21035312,2788399532.0,-1.9054544968767535,120.70611
HK.09999,网易-S,2022-09-19,116.20611,113.60611,117.30611,113.40611,20.293,0.00173,5694868,736042577.0,-4.05384485567555,118.406109999
HK.09999,网易-S,2022-09-20,117.80611,118.50611,120.60611,116.30611,21.073,0.00148,4870072,646189595.0,4.313148298097704,113.60611
HK.09999,网易-S,2022-09-21,116.80611,113.70611,116.906109999,113.00611,20.309,0.00136,4457653,570490108.0,-4.050424066742222,118.50611
HK.09999,网易-S,2022-09-22,109.80611,111.00611,111.70611,109.60611,19.878,0.00121,3983263,496185577.0,-2.3745425817486754,113.70611
HK.09999,网易-S,2022-09-23,109.70611,108.70611,111.50611,108.40611,19.512,0.00147,4813834,592903481.0,-2.071958021049482,111.00611
HK.09999,网易-S,2022-09-26,108.10611,109.40611,111.50611,107.40611,19.624,0.00157,5148598,633357841.0,0.6439380454327754,108.70611
HK.09999,网易-S,2022-09-27,108.10611,109.60611,109.90611,107.30611,19.655,0.00119,3903551,479203315.0,0.1828051468057888,109.40611
HK.09999,网易-S,2022-09-28,108.50611,106.30611,108.90611,105.50611,19.13,0.00117,3836140,463587814.0,-3.010781059559542,109.60611
HK.09999,网易-S,2022-09-29,107.80611,103.80611,109.10611,102.70611,18.732,0.00159,5228509,621325536.0,-2.3516992579260028,106.30611
HK.09999,网易-S,2022-09-30,103.60611,104.70611,106.20611,102.70611,18.875,0.00176,5768864,682594510.0,0.8670009886701191,103.80611
HK.09999,网易-S,2022-10-03,103.60611,103.90611,105.80611,102.90611,18.748,0.00113,3722218,438381860.0,-0.7640432826699389,104.70611
HK.09999,网易-S,2022-10-05,111.20611,113.50611,114.906109999,110.00611,20.277,0.00179,5888141,747176866.0,9.239110192846224,103.90611
HK.09999,网易-S,2022-10-06,114.10611,112.90611,114.70611,112.50611,20.181,0.00056,1852281,235525662.0,-0.5286059050037117,113.50611
HK.09999,网易-S,2022-10-07,110.70611,109.80611,112.10611,109.30611,19.687,0.00072,2364822,294088481.0,-2.74564414627339,112.90611
HK.09999,网易-S,2022-10-10,107.10611,106.10611,108.10611,105.40611,19.098,0.0015,4936654,595400870.0,-3.3695757002957327,109.80611
HK.09999,网易-S,2022-10-11,105.60611,102.10611,105.60611,101.00611,18.461,0.00135,4419202,514085116.0,-3.769811182409759,106.10611
HK.09999,网易-S,2022-10-12,101.80611,100.60611,103.30611,97.10611,18.222,0.00194,6369500,724677740.0,-1.4690599808375815,102.10611
HK.09999,网易-S,2022-10-13,100.00611,96.00611,100.40611,95.70611,17.489,0.00225,7373814,818876978.0,-4.572286911798891,100.60611
HK.09999,网易-S,2022-10-14,97.50611,96.30611,100.70611,95.40611,17.537,0.00218,7174627,800847017.0,0.3124801119428723,96.00611
HK.09999,网易-S,2022-10-17,96.30611,95.50611,96.90611,93.10611,17.41,0.00274,9009000,980473637.0,-0.8306845744262717,96.30611
HK.09999,网易-S,2022-10-18,97.20611,99.10611,99.90611,96.20611,17.983,0.00248,8153590,914550480.0,3.769392345683427,95.50611
HK.09999,网易-S,2022-10-19,96.90611,95.60611,97.50611,94.50611,17.425,0.0014,4589066,502376259.0,-3.531568336200462,99.10611
HK.09999,网易-S,2022-10-20,92.10611,86.20611,92.10611,85.80611,15.928,0.00465,15276199,1555659603.0,-9.832007598677537,95.60611
HK.09999,网易-S,2022-10-21,86.30611,82.20611,87.00611,81.30611,15.291,0.00515,16900383,1630710825.0,-4.640042335746272,86.20611
HK.09999,网易-S,2022-10-24,82.20611,74.70611,85.70611,72.55611,14.096,0.00806,26475131,2433125087.0,-9.123409440003911,82.20611
HK.09999,网易-S,2022-10-25,76.70611,77.70611,79.80611,71.40611,14.574,0.00444,14586447,1316279490.0,4.0157357945688785,74.70611
HK.09999,网易-S,2022-10-26,76.15611,76.75611,79.60611,75.00611,14.423,0.00253,8324353,755643094.0,-1.2225550860800891,77.70611
HK.09999,网易-S,2022-10-27,78.65611,75.65611,79.90611,75.20611,14.248,0.00232,7627392,696035987.0,-1.4331106670205258,76.75611
HK.09999,网易-S,2022-10-28,76.10611,71.15611,76.10611,70.25611,13.531,0.00289,9481914,817249900.0,-5.947966396897753,75.65611
HK.09999,网易-S,2022-10-31,71.80611,71.80611,75.45611,70.90611,13.634,0.00202,6648777,574935221.0,0.9134844498947536,71.15611
HK.09999,网易-S,2022-11-01,74.85611,78.45611,80.25611,73.20611,14.694,0.00308,10115662,918467047.0,9.261050347943916,71.80611
HK.09999,网易-S,2022-11-02,79.00611,83.70611,83.75611,77.70611,15.53,0.00257,8426013,798364668.0,6.691639440191466,78.45611
HK.09999,网易-S,2022-11-03,79.95611,77.00611,80.35611,76.65611,14.463,0.00245,8054392,737318077.0,-8.004194675872514,83.70611
HK.09999,网易-S,2022-11-04,79.00611,84.90611,88.10611,79.00611,15.721,0.00288,9469343,934070364.0,10.25892620728406,77.00611
HK.09999,网易-S,2022-11-07,82.00611,85.30611,89.20611,79.75611,15.785,0.00236,7766433,771891159.0,0.4711086163292673,84.90611
HK.09999,网易-S,2022-11-08,85.30611,84.20611,85.80611,82.95611,15.61,0.00125,4098017,401663603.0,-1.2894738723873451,85.30611
HK.09999,网易-S,2022-11-09,83.55611,82.30611,85.75611,81.50611,15.307,0.00158,5183017,499188131.0,-2.256368332416723,84.20611
HK.09999,网易-S,2022-11-10,80.10611,78.05611,80.25611,77.45611,14.63,0.0016,5265972,485587196.0,-5.163650669433897,82.30611
HK.09999,网易-S,2022-11-11,85.60611,85.95611,87.50611,83.00611,15.888,0.00441,14492312,1436119741.0,10.120924550301048,78.05611
HK.09999,网易-S,2022-11-14,96.20611,89.80611,96.20611,87.20611,16.502,0.00265,8710472,901840936.0,4.4790300538263175,85.95611
HK.09999,网易-S,2022-11-15,89.80611,96.20611,97.00611,88.30611,17.521,0.00283,9300810,1007529285.0,7.126463889817732,89.80611
HK.09999,网易-S,2022-11-16,95.60611,100.00611,100.60611,93.80611,18.126,0.00337,11059520,1231938725.0,3.949853081056922,96.20611
HK.09999,网易-S,2022-11-17,97.80611,89.70611,98.50611,83.40611,16.486,0.0081,26596684,2736233458.0,-10.299370708449723,100.00611
HK.09999,网易-S,2022-11-18,96.70611,93.50611,98.00611,91.60611,17.091,0.00494,16221478,1752207342.0,4.236054823913345,89.70611
HK.09999,网易-S,2022-11-21,91.70611,89.50611,91.70611,86.60611,16.454,0.00218,7144745,736011271.0,-4.2777953226799825,93.50611
HK.09999,网易-S,2022-11-22,89.50611,87.70611,90.40611,86.20611,16.167,0.00179,5877881,598066197.0,-2.0110358946445235,89.50611
HK.09999,网易-S,2022-11-23,88.80611,90.20611,91.80611,87.30611,16.565,0.00207,6781531,700811660.0,2.850428550530858,87.70611
HK.09999,网易-S,2022-11-24,94.20611,92.70611,94.20611,91.40611,16.964,0.00177,5802936,616797559.0,2.7714308930958227,90.20611
HK.09999,网易-S,2022-11-25,92.70611,90.20611,92.70611,88.60611,16.565,0.00145,4769748,494104163.0,-2.696693885656512,92.70611
HK.09999,网易-S,2022-11-28,86.00611,87.80611,88.40611,82.90611,16.183,0.00183,6015524,606384890.0,-2.6605736573719803,90.20611
HK.09999,网易-S,2022-11-29,91.90611,95.90611,96.70611,91.00611,17.473,0.0021,6895016,746121368.0,9.224870569940968,87.80611
HK.09999,网易-S,2022-11-30,95.20611,95.50611,96.00611,92.20611,17.41,0.00618,20282715,2201773407.0,-0.4170745742893664,95.90611
HK.09999,网易-S,2022-12-01,100.68667,94.68667,100.78667,94.48667,17.171,0.00368,12100904,1328098569.0,-0.8579974621518981,95.50611
HK.09999,网易-S,2022-12-02,93.58667,94.28667,95.78667,93.28667,17.107,0.00366,12027645,1292106611.0,-0.4224459472489693,94.68667
HK.09999,网易-S,2022-12-05,98.28667,100.48667,100.88667,95.38667,18.094,0.00342,11243038,1244528385.0,6.575690922163231,94.28667
HK.09999,网易-S,2022-12-06,94.28667,94.38667,96.68667,92.58667,17.123,0.00241,7918041,851100556.0,-6.070456907368916,100.48667
HK.09999,网易-S,2022-12-07,92.48667,90.78667,96.38667,90.48667,16.549,0.00306,10051020,1063183954.0,-3.814097901748197,94.38667
HK.09999,网易-S,2022-12-08,93.48667,99.08667,99.28667,93.18667,17.871,0.00291,9550045,1057406492.0,9.1423113106803,90.78667
HK.09999,网易-S,2022-12-09,97.18667,99.38667,100.18667,95.58667,17.919,0.00346,11365638,1265064070.0,0.3027652458196417,99.08667
HK.09999,网易-S,2022-12-12,95.78667,96.88667,99.08667,95.58667,17.521,0.00195,6405575,706943497.0,-2.5154278737782443,99.38667
HK.09999,网易-S,2022-12-13,94.18667,95.38667,97.98667,93.88667,17.282,0.00154,5061854,551844536.0,-1.5482005935388223,96.88667
HK.09999,网易-S,2022-12-14,94.48667,97.88667,99.48667,94.48667,17.68,0.00315,10350246,1146733518.0,2.620911286660914,95.38667
HK.09999,网易-S,2022-12-15,99.88667,98.08667,100.58667,96.48667,17.712,0.00191,6256562,695996061.0,0.2043179117238361,97.88667
HK.09999,网易-S,2022-12-16,99.58667,97.08667,99.58667,95.18667,17.553,0.0026,8547354,944938704.0,-1.0195065241790755,98.08667
HK.09999,网易-S,2022-12-19,98.98667,98.08667,102.58667,97.58667,17.712,0.00098,3222337,361275394.0,1.030007518024874,97.08667
HK.09999,网易-S,2022-12-20,95.18667,94.58667,96.58667,93.38667,17.155,0.00127,4185542,451115978.0,-3.5682728346267645,98.08667
HK.09999,网易-S,2022-12-21,94.88667,97.28667,97.28667,94.58667,17.585,0.0011,3614505,395011490.0,2.854524850066085,94.58667
HK.09999,网易-S,2022-12-22,100.68667,102.48667,102.78667,99.38667,18.413,0.00125,4114140,472467612.0,5.345028255155617,97.28667
HK.09999,网易-S,2022-12-23,99.98667,100.18667,102.28667,98.78667,18.047,0.00072,2379655,269004362.0,-2.244194293755468,102.48667
HK.09999,网易-S,2022-12-28,101.08667,101.48667,102.78667,100.08667,18.254,0.00114,3756342,429425169.0,1.297577811499271,100.18667
HK.09999,网易-S,2022-12-29,99.08667,98.18667,100.88667,96.88667,17.728,0.00113,3703805,413869965.0,-3.2516585675734526,101.48667
HK.09999,网易-S,2022-12-30,101.48667,101.38667,103.98667,100.18667,18.238,0.0015,4916460,566130140.0,3.2590982054895927,98.18667
HK.09999,网易-S,2023-01-03,98.48667,105.48667,105.78667,98.48667,18.891,0.00123,4042601,472051073.0,4.043924117440694,101.38667
HK.09999,网易-S,2023-01-04,106.48667,112.58667,113.58667,105.58667,20.022,0.0029,9520228,1184380032.0,6.730708249677418,105.48667
HK.09999,网易-S,2023-01-05,114.88667,113.68667,116.78667,112.38667,20.197,0.00244,8010724,1018800783.0,0.9770250776579577,112.58667
HK.09999,网易-S,2023-01-06,115.98667,111.58667,115.98667,109.58667,19.863,0.00239,7855527,984919040.0,-1.847182259802322,113.68667
HK.09999,网易-S,2023-01-09,112.88667,114.78667,115.88667,112.88667,20.372,0.00185,6075607,775490540.0,2.8677260464892473,111.58667
HK.09999,网易-S,2023-01-10,111.88667,113.98667,114.78667,111.38667,20.245,0.00223,7319095,925817964.0,-0.6969450372591148,114.78667
HK.09999,网易-S,2023-01-11,114.08667,112.88667,116.68667,112.48667,20.07,0.00201,6590850,838228587.0,-0.9650251209198484,113.98667
HK.09999,网易-S,2023-01-12,117.88667,117.586669999,121.68667,116.28667,20.818,0.00322,10581881,1392200196.0,4.163467660973611,112.88667
HK.09999,网易-S,2023-01-13,119.28667,123.78667,124.88667,118.18667,21.806,0.00273,8976763,1212971771.0,5.27270650750866,117.586669999
HK.09999,网易-S,2023-01-16,123.78667,120.68667,124.48667,118.98667,21.312,0.00176,5793376,778703824.0,-2.5043084202846675,123.78667
HK.09999,网易-S,2023-01-17,119.48667,120.48667,120.98667,117.586669999,21.28,0.00147,4817763,639686361.0,-0.1657183846401618,120.68667
HK.09999,网易-S,2023-01-18,126.88667,129.18667,130.08667,125.38667,22.666,0.00267,8757056,1234778510.0,7.220715785405961,120.48667
HK.09999,网易-S,2023-01-19,128.78667,124.88667,128.78667,124.38667,21.981,0.00161,5295149,736282074.0,-3.3285167889225704,129.18667
HK.09999,网易-S,2023-01-20,127.68667,127.88667,128.38667,124.48667,22.459,0.00137,4495153,629454068.0,2.402177910580849,124.88667
HK.09999,网易-S,2023-01-26,130.48667,131.68667,131.78667,128.38667,23.064,0.00164,5371821,771435840.0,2.971380832732604,127.88667
HK.09999,网易-S,2023-01-27,131.98667,131.58667,133.48667,130.78667,23.048,0.00086,2813343,407916372.0,-0.0759378303058269,131.68667
HK.09999,网易-S,2023-01-30,131.18667,127.58667,132.18667,126.48667,22.411,0.00269,8840081,1260947238.0,-3.039821586791428,131.58667
HK.09999,网易-S,2023-01-31,129.28667,126.58667,129.88667,124.48667,22.252,0.00209,6861128,960636490.0,-0.7837809388708085,127.58667
HK.09999,网易-S,2023-02-01,126.78667,130.48667,130.78667,124.88667,22.873,0.0021,6888039,979714768.0,3.080893114575181,126.58667
HK.09999,网易-S,2023-02-02,130.48667,129.38667,132.68667,128.88667,22.698,0.00113,3700281,531220309.0,-0.8429979859245349,130.48667
HK.09999,网易-S,2023-02-03,129.08667,130.18667,130.98667,127.38667,22.825,0.00137,4503492,641691418.0,0.6183017153157917,129.38667
HK.09999,网易-S,2023-02-06,129.38667,125.98667,129.38667,125.08667,22.156,0.00205,6737830,940676212.0,-3.2261367465655195,130.18667
HK.09999,网易-S,2023-02-07,125.98667,127.88667,129.68667,124.18667,22.459,0.0015,4910298,690129660.0,1.508096054923899,125.98667
HK.09999,网易-S,2023-02-08,125.68667,129.38667,135.08667,124.88667,22.698,0.00266,8721411,1238933424.0,1.1729134866049873,127.88667
HK.09999,网易-S,2023-02-09,124.88667,130.08667,130.48667,123.586669999,22.809,0.00245,8035679,1130919691.0,0.5410140009013205,129.38667
HK.09999,网易-S,2023-02-10,129.58667,124.68667,131.28667,123.88667,21.949,0.00203,6668156,926993230.0,-4.151078661633811,130.08667
HK.09999,网易-S,2023-02-13,121.98667,125.88667,127.08667,120.38667,22.14,0.00149,4882319,674112247.0,0.96241242147215,124.68667
HK.09999,网易-S,2023-02-14,125.88667,124.086669999,126.08667,123.28667,21.854,0.00112,3690561,507520160.0,-1.4298575067558787,125.88667
HK.09999,网易-S,2023-02-15,122.586669999,121.98667,123.78667,120.98667,21.519,0.00125,4106381,555633159.0,-1.692365504704828,124.086669999
HK.09999,网易-S,2023-02-16,122.28667,125.08667,127.58667,122.28667,22.013,0.00183,6020524,835044705.0,2.5412612705962005,121.98667
HK.09999,网易-S,2023-02-17,125.78667,122.98667,127.88667,122.18667,21.678,0.00171,5614654,772455811.0,-1.6788359622971771,125.08667
HK.09999,网易-S,2023-02-20,123.18667,125.48667,126.38667,121.98667,22.077,0.00078,2547656,351550362.0,2.032740621402303,122.98667
HK.09999,网易-S,2023-02-21,125.48667,121.68667,125.88667,120.78667,21.471,0.00189,6201999,844108480.0,-3.0282100879718916,125.48667
HK.09999,网易-S,2023-02-22,120.78667,120.48667,123.086669999,119.28667,21.28,0.00183,6025388,806831922.0,-0.986139237765322,121.68667
HK.09999,网易-S,2023-02-23,120.78667,125.98667,127.18667,120.78667,22.156,0.00172,5658638,781081315.0,4.564820324107223,120.48667
HK.09999,网易-S,2023-02-24,117.28667,110.38667,117.28667,109.68667,17.813,0.00445,14603849,1831964245.0,-12.382262345691023,125.98667
HK.09999,网易-S,2023-02-27,109.78667,111.18667,112.28667,108.08667,17.928,0.00244,8007155,990866399.0,0.7247251864740656,110.38667
HK.09999,网易-S,2023-02-28,111.18667,107.98667,112.18667,107.58667,17.467,0.00295,9672111,1183208069.0,-2.8780428445244404,111.18667
HK.09999,网易-S,2023-03-01,110.88667,118.18667,119.68667,110.08667,18.938,0.00285,9373964,1211087082.0,9.4456102776389,107.98667
HK.09999,网易-S,2023-03-02,114.98667,117.88667,119.38667,114.98667,18.895,0.00195,6388166,836721058.0,-0.253835732913036,118.18667
HK.09999,网易-S,2023-03-03,121.38667,122.48667,123.78667,119.18667,19.558,0.00212,6964215,940960335.0,3.9020527087583425,117.88667
HK.09999,网易-S,2023-03-06,121.18667,122.28667,123.586669999,120.78667,19.529,0.00151,4968731,673392202.0,-0.1632830739867471,122.48667
HK.09999,网易-S,2023-03-07,122.28667,122.086669999,125.48667,120.48667,19.5,0.00175,5741530,782139781.0,-0.1635501244739156,122.28667
HK.09999,网易-S,2023-03-08,120.31024,117.010239999,120.31024,115.510239999,18.707,0.00158,5176859,671612465.0,-4.158054274100169,122.086669999
HK.09999,网易-S,2023-03-09,117.010239999,115.41024,118.21024,115.31024,18.476,0.00127,4162406,537514333.0,-1.3674016898125143,117.010239999
HK.09999,网易-S,2023-03-10,114.71024,114.91024,116.91024,112.61024,18.404,0.00407,13373920,1709620575.0,-0.4332371200337162,115.41024
HK.09999,网易-S,2023-03-13,118.61024,119.010239999,121.11024,117.21024,18.996,0.00183,6007016,789653852.0,3.5680022937903573,114.91024
HK.09999,网易-S,2023-03-14,119.010239999,116.510239999,120.81024,115.11024,18.635,0.00181,5955974,772697108.0,-2.100659573513175,119.010239999
HK.09999,网易-S,2023-03-15,122.11024,121.31024,123.31024,120.31024,19.327,0.00177,5805096,779235325.0,4.119809555830615,116.510239999
HK.09999,网易-S,2023-03-16,119.510239999,119.010239999,121.21024,117.81024,18.996,0.00089,2913930,385101246.0,-1.8959652548704768,121.31024
HK.09999,网易-S,2023-03-17,122.31024,122.61024,124.71024,121.010239999,19.515,0.00217,7110180,963523497.0,3.0249497866992345,119.010239999
HK.09999,网易-S,2023-03-20,122.81024,120.010239999,123.61024,118.510239999,19.14,0.00096,3147311,418997516.0,-2.1205406669133,122.61024
HK.09999,网易-S,2023-03-21,118.61024,120.31024,121.61024,118.61024,19.183,0.00125,4118375,547803268.0,0.2499786693222898,120.010239999
HK.09999,网易-S,2023-03-22,122.010239999,121.31024,123.81024,120.71024,19.327,0.00114,3749088,504834364.0,0.8311844444828637,120.31024
HK.09999,网易-S,2023-03-23,121.71024,126.61024,127.51024,121.31024,20.092,0.00177,5806683,800149340.0,4.3689634114976705,121.31024
HK.09999,网易-S,2023-03-24,127.41024,128.31024,131.01024,127.11024,20.337,0.00102,3347516,473233319.0,1.342703402189261,126.61024
HK.09999,网易-S,2023-03-27,129.11024,124.71024,129.11024,123.71024,19.818,0.00103,3368798,464825525.0,-2.8056996853875376,128.31024
HK.09999,网易-S,2023-03-28,127.41024,127.11024,128.11024,124.11024,20.164,0.00104,3422699,477680064.0,1.924461054681641,124.71024
HK.09999,网易-S,2023-03-29,131.31024,126.31024,133.11024,125.81024,20.049,0.00186,6123092,857493170.0,-0.6293749425695454,127.11024
HK.09999,网易-S,2023-03-30,125.91024,123.21024,125.91024,122.31024,19.601,0.00198,6490805,883978293.0,-2.4542744911259726,126.31024
HK.09999,网易-S,2023-03-31,125.31024,125.31024,126.61024,124.11024,19.904,0.00131,4316476,595703324.0,1.7044037898148678,123.21024
HK.09999,网易-S,2023-04-03,125.31024,126.01024,126.01024,123.91024,20.005,0.00106,3493040,482021551.0,0.5586135658187255,125.31024
HK.09999,网易-S,2023-04-04,128.91024,128.21024,128.91024,126.41024,20.323,0.00155,5077986,714123600.0,1.7458898578401272,126.01024
HK.09999,网易-S,2023-04-06,126.81024,127.51024,128.21024,125.01024,20.222,0.00081,2664424,371381026.0,-0.5459782307559855,128.21024
HK.09999,网易-S,2023-04-11,127.21024,127.61024,127.91024,124.31024,20.236,0.00096,3167595,440813826.0,0.0784250739391664,127.51024
HK.09999,网易-S,2023-04-12,129.51024,127.41024,129.51024,126.11024,20.207,0.00114,3736603,524463566.0,-0.156727234428838,127.61024
HK.09999,网易-S,2023-04-13,126.31024,128.41024,128.71024,123.91024,20.351,0.00185,6085642,846651502.0,0.7848662713452119,127.41024
HK.09999,网易-S,2023-04-14,130.31024,132.71024,133.81024,129.41024,20.972,0.00191,6256044,904922365.0,3.348642600465517,128.41024
HK.09999,网易-S,2023-04-17,131.61024,134.21024,134.91024,129.81024,21.188,0.00196,6450570,939941733.0,1.130282034001295,132.71024
HK.09999,网易-S,2023-04-18,134.51024,133.51024,135.21024,131.71024,21.087,0.0012,3951450,576199689.0,-0.5215697401330842,134.21024
HK.09999,网易-S,2023-04-19,133.41024,129.81024,133.61024,128.41024,20.553,0.00117,3853566,552207738.0,-2.7713230086321596,133.51024
HK.09999,网易-S,2023-04-20,131.81024,131.31024,133.11024,130.71024,20.77,0.00083,2733091,395062574.0,1.15553287629697,129.81024
HK.09999,网易-S,2023-04-21,131.61024,129.41024,131.91024,128.41024,20.496,0.00102,3346919,476662009.0,-1.4469549366447017,131.31024
HK.09999,网易-S,2023-04-24,130.91024,131.11024,132.21024,128.61024,20.741,0.00136,4452211,638714801.0,1.31365184084352,129.41024
HK.09999,网易-S,2023-04-25,132.31024,125.81024,132.71024,123.91024,19.976,0.00158,5190765,722186708.0,-4.04239973933387,131.11024
HK.09999,网易-S,2023-04-26,121.81024,123.21024,125.21024,120.11024,19.601,0.0022,7217137,978827001.0,-2.0666044353782285,125.81024
HK.09999,网易-S,2023-04-27,120.81024,123.11024,123.81024,120.81024,19.587,0.00107,3508636,475016503.0,-0.081162085229275,123.21024
HK.09999,网易-S,2023-04-28,125.41024,125.91024,128.31024,125.41024,19.991,0.00096,3097886,431077289.0,2.2743843241634467,123.11024
HK.09999,网易-S,2023-05-02,128.41024,126.11024,129.41024,124.91024,19.651,0.00061,1966497,274442928.0,0.1588433156826663,125.91024
HK.09999,网易-S,2023-05-03,125.71024,126.11024,126.91024,124.31024,19.651,0.00102,3281142,453426028.0,0.0,126.11024
HK.09999,网易-S,2023-05-04,126.61024,125.31024,128.71024,124.71024,19.538,0.00104,3360984,465259828.0,-0.6343656153536869,126.11024
HK.09999,网易-S,2023-05-05,126.61024,126.91024,128.81024,125.91024,19.764,0.00109,3528738,492476858.0,1.27683100758566,125.31024
HK.09999,网易-S,2023-05-08,126.91024,128.21024,129.31024,126.71024,19.949,0.00074,2383517,335802129.0,1.0243460259786736,126.91024
HK.09999,网易-S,2023-05-09,127.91024,124.510239999,128.91024,123.71024,19.425,0.00125,4035263,557876210.0,-2.885884934775875,128.21024
HK.09999,网易-S,2023-05-10,125.21024,125.81024,126.41024,124.010239999,19.609,0.00079,2541215,351215252.0,1.0440908322162317,124.510239999
HK.09999,网易-S,2023-05-11,126.71024,125.71024,126.81024,122.81024,19.595,0.00108,3466910,477234055.0,-0.0794847859760813,125.81024
HK.09999,网易-S,2023-05-12,125.11024,123.010239999,125.11024,121.81024,19.212,0.00139,4479119,607969759.0,-2.147796393515749,125.71024
HK.09999,网易-S,2023-05-15,123.81024,124.81024,126.31024,122.010239999,19.467,0.00121,3902789,536049450.0,1.4632928128703917,123.010239999
HK.09999,网易-S,2023-05-16,127.31024,126.81024,127.31024,125.41024,19.75,0.0012,3869688,537687170.0,1.602432620913156,124.81024
HK.09999,网易-S,2023-05-17,127.81024,123.510239999,128.01024,122.91024,19.283,0.00127,4107929,565485157.0,-2.6023135048084343,126.81024
HK.09999,网易-S,2023-05-18,124.010239999,126.71024,127.31024,123.71024,19.736,0.001,3239205,449366523.0,2.5908782956181615,123.510239999
HK.09999,网易-S,2023-05-19,125.01024,125.71024,126.51024,123.510239999,19.595,0.00199,6409505,884697503.0,-0.7892021986541893,126.71024
HK.09999,网易-S,2023-05-22,125.31024,127.31024,128.61024,124.31024,19.821,0.00127,4093695,571435531.0,1.2727682327231211,125.71024
HK.09999,网易-S,2023-05-23,127.11024,122.31024,127.11024,121.510239999,19.113,0.00165,5323804,725335263.0,-3.9274138513916874,127.31024
HK.09999,网易-S,2023-05-24,120.31024,119.010239999,122.91024,117.81024,18.646,0.00108,3491134,462044654.0,-2.698057007328239,122.31024
HK.09999,网易-S,2023-05-25,119.21024,117.81024,120.21024,115.41024,18.476,0.00146,4698017,612233720.0,-1.0083165944460717,119.010239999
HK.09999,网易-S,2023-05-29,127.11024,127.21024,130.21024,126.71024,19.807,0.00209,6730915,945985138.0,7.978932900909129,117.81024
HK.09999,网易-S,2023-05-30,128.01024,126.81024,129.31024,124.31024,19.75,0.00156,5031948,698511369.0,-0.3144400953885518,127.21024
HK.09999,网易-S,2023-05-31,121.11024,119.91024,121.11024,117.510239999,18.773,0.00333,10731702,1420442038.0,-5.441200962950619,126.81024
HK.09999,网易-S,2023-06-01,119.61024,119.010239999,123.11024,118.71024,18.646,0.00168,5408802,720027783.0,-0.7505614207760697,119.91024
HK.09999,网易-S,2023-06-02,121.41024,123.71024,125.01024,121.41024,19.311,0.00287,9262199,1261472605.0,3.949239999045026,119.010239999
HK.09999,网易-S,2023-06-05,123.91024,122.21024,124.010239999,120.61024,19.099,0.00162,5214314,706134106.0,-1.212510783262566,123.71024
HK.09999,网易-S,2023-06-06,123.81024,125.71024,128.01024,123.010239999,19.595,0.0017,5477390,759078533.0,2.8639171316577072,122.21024
HK.09999,网易-S,2023-06-07,132.61024,130.91024,132.71024,129.51024,20.331,0.0025,8064448,1158817662.0,4.13649675635015,125.71024
HK.09999,网易-S,2023-06-08,130.2383,131.8383,132.9383,129.7383,20.359,0.00141,4548508,652293760.0,0.7089284994054066,130.91024
HK.09999,网易-S,2023-06-09,132.9383,134.3383,135.5383,131.5383,20.713,0.00267,8611074,1258268266.0,1.8962623152756064,131.8383
HK.09999,网易-S,2023-06-12,134.3383,134.2383,135.4383,132.9383,20.699,0.00111,3583788,523876578.0,-0.0744389351361408,134.3383
HK.09999,网易-S,2023-06-13,135.0383,138.2383,139.5383,134.6383,21.265,0.00149,4793835,718134869.0,2.979775518611305,134.2383
HK.09999,网易-S,2023-06-14,140.2383,140.4383,142.8383,139.4383,21.577,0.00266,8593630,1315826951.0,1.5914547560263608,138.2383
HK.09999,网易-S,2023-06-15,143.0383,142.7383,143.3383,138.7383,21.902,0.00194,6256901,960594353.0,1.637729878530295,140.4383
HK.09999,网易-S,2023-06-16,141.4383,143.7383,145.3383,140.0383,22.044,0.00245,7904798,1228931530.0,0.7005828148436685,142.7383
HK.09999,网易-S,2023-06-19,143.0383,141.7383,143.0383,139.9383,21.761,0.00106,3413412,523846689.0,-1.3914175971192089,143.7383
HK.09999,网易-S,2023-06-20,141.3383,140.7383,142.6383,138.6383,21.619,0.00167,5401249,821265499.0,-0.705525605993581,141.7383
HK.09999,网易-S,2023-06-21,136.7383,136.5383,138.7383,136.1383,21.025,0.00121,3901647,581811658.0,-2.984262279706389,140.7383
HK.09999,网易-S,2023-06-23,135.8383,135.1383,135.9383,133.3383,20.826,0.00092,2977396,436485403.0,-1.0253533257701362,136.5383
HK.09999,网易-S,2023-06-26,135.1383,133.6383,136.0383,133.1383,20.614,0.00128,4134033,603303254.0,-1.1099740044088169,135.1383
HK.09999,网易-S,2023-06-27,134.7383,140.8383,144.0383,133.9383,21.633,0.00252,8123061,1234160709.0,5.387677035700109,133.6383
HK.09999,网易-S,2023-06-28,140.8383,140.8383,142.3383,139.0383,21.633,0.00138,4453577,681151530.0,0.0,140.8383
HK.09999,网易-S,2023-06-29,142.0383,140.6383,142.9383,138.5383,21.605,0.0031,10011923,1529015743.0,-0.1420068262681508,140.8383
HK.09999,网易-S,2023-06-30,139.8383,140.6383,141.0383,137.2383,21.605,0.00217,6998138,1060308409.0,0.0,140.6383
HK.09999,网易-S,2023-07-03,141.6383,143.0383,143.9383,139.1383,21.945,0.00151,4874632,751181268.0,1.706505269190545,140.6383
HK.09999,网易-S,2023-07-04,145.4383,145.4383,146.3383,143.6383,22.285,0.00126,4051834,636497704.0,1.6778722901488663,143.0383
HK.09999,网易-S,2023-07-05,143.5383,143.1383,145.1383,142.9383,21.959,0.00077,2478373,385770600.0,-1.581426625586253,145.4383
HK.09999,网易-S,2023-07-06,142.6383,140.4383,145.3383,139.2383,21.577,0.00118,3819929,585493194.0,-1.8862875973795896,143.1383
HK.09999,网易-S,2023-07-07,138.0383,135.6383,138.9383,135.0383,20.897,0.00153,4934875,731778483.0,-3.4178710508458243,140.4383
HK.09999,网易-S,2023-07-10,139.3383,138.5383,140.9383,137.2383,21.308,0.00108,3469798,521021388.0,2.1380391821484093,135.6383
HK.09999,网易-S,2023-07-11,141.9383,141.1383,142.9383,139.5383,21.676,0.00125,4045543,620127700.0,1.8767373354516368,138.5383
HK.09999,网易-S,2023-07-12,142.8383,145.1383,145.7383,141.5383,22.242,0.00155,5000171,782406784.0,2.8340996030134984,141.1383
HK.09999,网易-S,2023-07-13,148.0383,151.6383,151.7383,147.8383,23.162,0.00231,7462645,1211461960.0,4.4784870706078275,145.1383
HK.09999,网易-S,2023-07-14,156.6383,154.9383,160.1383,151.0383,23.63,0.00295,9500202,1593159747.0,2.1762312028029935,151.6383
HK.09999,网易-S,2023-07-18,152.2383,153.1383,155.1383,151.3383,23.375,0.00126,4052183,670786740.0,-1.161752775136949,154.9383
HK.09999,网易-S,2023-07-19,149.4383,151.1383,151.7383,148.1383,23.092,0.0012,3863159,627326233.0,-1.3060090127681971,153.1383
HK.09999,网易-S,2023-07-20,149.5383,148.4383,152.0383,147.4383,22.709,0.00116,3742749,604184403.0,-1.7864432774485282,151.1383
HK.09999,网易-S,2023-07-21,148.5383,148.2383,150.0383,146.4383,22.681,0.00081,2622882,420195212.0,-0.1347361159485043,148.4383
HK.09999,网易-S,2023-07-24,144.3383,146.0383,148.4383,144.1383,22.37,0.00108,3473596,549175652.0,-1.4840968899400606,148.2383
HK.09999,网易-S,2023-07-25,150.0383,153.0383,153.5383,148.2383,23.361,0.00196,6310851,1032542790.0,4.793263137135943,146.0383
HK.09999,网易-S,2023-07-26,154.0383,155.4383,156.0383,153.4383,23.7,0.00125,4014907,670377011.0,1.568234879765396,153.0383
HK.09999,网易-S,2023-07-27,158.0383,158.5383,158.6383,156.2383,24.139,0.0012,3872314,657272054.0,1.9943604632834984,155.4383
HK.09999,网易-S,2023-07-28,155.0383,156.5383,160.6383,154.9383,23.856,0.00164,5289580,896857760.0,-1.2615248176623568,158.5383
HK.09999,网易-S,2023-07-31,159.3383,157.5383,161.8383,156.5383,23.998,0.00173,5569473,949732631.0,0.6388212980465484,156.5383
HK.09999,网易-S,2023-08-01,160.4383,159.6383,164.3383,158.1383,24.295,0.0018,5815446,1006671080.0,1.333009179355112,157.5383
HK.09999,网易-S,2023-08-02,157.7383,156.3383,159.7383,154.3383,23.828,0.00174,5600834,943946821.0,-2.067173103196403,159.6383
HK.09999,网易-S,2023-08-03,154.1383,156.7383,159.2383,154.1383,23.885,0.0013,4191702,707835972.0,0.2558554109901448,156.3383
HK.09999,网易-S,2023-08-04,158.2383,160.9383,162.1383,158.2383,24.479,0.00163,5244042,905699458.0,2.6796258476709194,156.7383
HK.09999,网易-S,2023-08-07,157.5383,159.9383,160.4383,155.2383,24.338,0.00077,2476917,423868778.0,-0.6213561346180493,160.9383
HK.09999,网易-S,2023-08-08,158.3383,156.2383,159.0383,155.5383,23.814,0.00126,4055721,685228930.0,-2.313392101829261,159.9383
HK.09999,网易-S,2023-08-09,156.2383,156.7383,157.8383,155.3383,23.885,0.00123,3974001,668803593.0,0.3200239633943789,156.2383
HK.09999,网易-S,2023-08-10,155.2383,158.3383,159.2383,154.2383,24.111,0.0014,4513727,762244405.0,1.020809846731778,156.7383
HK.09999,网易-S,2023-08-11,158.3383,151.6383,158.3383,150.9383,23.162,0.00198,6393912,1054783322.0,-4.231446213581942,158.3383
HK.09999,网易-S,2023-08-14,147.6383,150.2383,150.3383,145.5383,22.964,0.00154,4982218,796052667.0,-0.9232496011891306,151.6383
HK.09999,网易-S,2023-08-15,148.3383,150.3383,151.4383,148.3383,22.978,0.00089,2867249,465730098.0,0.0665609235461226,150.2383
HK.09999,网易-S,2023-08-16,148.9383,150.4383,151.4383,148.4383,22.993,0.00085,2748453,445947085.0,0.0665166494499367,150.3383
HK.09999,网易-S,2023-08-17,145.9383,149.9383,150.6383,144.5383,22.922,0.00124,4001651,642834869.0,-0.3323621710694683,150.4383
HK.09999,网易-S,2023-08-18,146.0383,144.5383,149.0383,144.0383,22.157,0.00118,3802172,599976411.0,-3.6014814093530507,149.9383
HK.09999,网易-S,2023-08-21,141.2383,143.7383,146.0383,141.2383,22.044,0.0015,4839135,754651964.0,-0.5534865153388292,144.5383
HK.09999,网易-S,2023-08-22,144.0383,147.2383,149.5383,144.0383,22.539,0.00126,4070027,644360913.0,2.4349807949586157,143.7383
HK.09999,网易-S,2023-08-23,148.4383,146.8383,149.4383,145.8383,22.483,0.00114,3691081,588289021.0,-0.2716684449630331,147.2383
HK.09999,网易-S,2023-08-24,146.8383,152.6383,153.1383,146.3383,23.304,0.00153,4924851,800405801.0,3.9499231467539344,146.8383
HK.09999,网易-S,2023-08-25,143.0383,141.5383,144.8383,141.4383,21.732,0.00264,8511827,1320888216.0,-7.272093570224508,152.6383
HK.09999,网易-S,2023-08-28,149.2383,146.0383,149.5383,145.0383,22.37,0.00209,6738206,1070509062.0,3.179351454694595,141.5383
HK.09999,网易-S,2023-08-29,150.0383,151.6383,152.2383,148.7383,23.162,0.00209,6735314,1098063286.0,3.834610509708751,146.0383
HK.09999,网易-S,2023-08-30,153.4383,150.6383,154.0383,149.8383,23.021,0.00154,4971205,814017595.0,-0.6594640008493897,151.6383
HK.09999,网易-S,2023-08-31,151.0383,151.8383,153.9383,149.7383,23.191,0.0038,12253861,2008184966.0,0.7966101582399808,150.6383
HK.09999,网易-S,2023-09-04,151.3383,152.3383,153.5383,150.4383,23.262,0.0019,6114988,1003971126.0,0.3292976804929981,151.8383
HK.09999,网易-S,2023-09-05,150.2383,148.8383,151.3383,148.3383,22.766,0.00091,2937210,474721597.0,-2.2975180896727876,152.3383
HK.09999,网易-S,2023-09-06,148.0383,145.6383,148.0383,144.6383,22.313,0.00092,2951320,465314911.0,-2.1499842446467183,148.8383
HK.09999,网易-S,2023-09-07,146.26145,144.46145,146.46145,143.86145,22.03,0.0008,2581048,402272200.0,-0.8080635382313399,145.6383
HK.09999,网易-S,2023-09-11,143.26145,148.96145,149.46145,142.86145,22.667,0.00212,6845974,1085422618.0,3.1150178819332073,144.46145
HK.09999,网易-S,2023-09-12,148.06145,148.36145,149.76145,146.36145,22.582,0.00117,3763416,600974548.0,-0.4027887752166904,148.96145
HK.09999,网易-S,2023-09-13,148.36145,147.26145,149.36145,145.76145,22.426,0.00111,3581884,566902338.0,-0.7414324947619442,148.36145
HK.09999,网易-S,2023-09-14,148.56145,147.56145,149.06145,146.56145,22.469,0.00068,2193895,348170605.0,0.2037193033207342,147.26145
HK.09999,网易-S,2023-09-15,147.36145,149.86145,150.66145,146.36145,22.794,0.00229,7371774,1185486476.0,1.5586726750109752,147.56145
HK.09999,网易-S,2023-09-18,146.66145,147.16145,149.46145,146.66145,22.412,0.00082,2647205,421632403.0,-1.801664137107968,149.86145
HK.09999,网易-S,2023-09-19,147.86145,148.96145,149.06145,146.86145,22.667,0.00063,2040787,325740349.0,1.223146415042806,147.16145
HK.09999,网易-S,2023-09-20,147.46145,143.86145,147.46145,143.46145,21.945,0.00102,3282709,512136818.0,-3.4237045893417544,148.96145
HK.09999,网易-S,2023-09-21,141.96145,141.26145,142.96145,139.86145,21.577,0.00136,4398783,670400820.0,-1.807294448929852,143.86145
HK.09999,网易-S,2023-09-22,142.66145,150.76145,151.76145,141.36145,22.922,0.00173,5568556,885657031.0,6.725118565610081,141.26145
HK.09999,网易-S,2023-09-25,148.86145,146.86145,148.86145,145.76145,22.37,0.00115,3694359,584172357.0,-2.586868194754034,150.76145
HK.09999,网易-S,2023-09-26,146.86145,145.66145,147.16145,144.16145,22.2,0.00102,3275603,514110060.0,-0.8170966581087064,146.86145
HK.09999,网易-S,2023-09-27,144.86145,144.06145,146.76145,143.16145,21.973,0.0008,2565050,399472626.0,-1.0984375069725,145.66145
HK.09999,网易-S,2023-09-28,143.76145,140.06145,143.96145,137.86145,21.407,0.00141,4555737,689913641.0,-2.776592905319223,144.06145
HK.09999,网易-S,2023-09-29,142.96145,148.36145,149.36145,142.66145,22.582,0.00156,5017883,797104801.0,5.92597035087098,140.06145
HK.09999,网易-S,2023-10-03,146.06145,142.66145,146.06145,141.66145,21.775,0.00101,3255492,502247702.0,-3.841968381948268,148.36145
HK.09999,网易-S,2023-10-04,143.26145,141.56145,144.16145,141.06145,21.619,0.00069,2239850,343119220.0,-0.77105623137855,142.66145
HK.09999,网易-S,2023-10-05,143.76145,143.06145,145.16145,142.66145,21.832,0.00076,2443392,378182264.0,1.0596105083693337,141.56145
HK.09999,网易-S,2023-10-06,146.06145,145.76145,147.26145,145.16145,22.214,0.00086,2757712,433542064.0,1.8873008766512491,143.06145
HK.09999,网易-S,2023-10-09,145.76145,149.06145,150.66145,144.16145,22.681,0.0009,2891362,462574471.0,2.2639730875344695,145.76145
HK.09999,网易-S,2023-10-10,152.66145,154.26145,155.76145,152.66145,23.417,0.00119,3826493,633542661.0,3.4884941747178684,149.06145
HK.09999,网易-S,2023-10-11,156.96145,154.86145,157.26145,153.96145,23.502,0.00156,5036683,840158182.0,0.3889500584883613,154.26145
HK.09999,网易-S,2023-10-12,159.76145,159.86145,161.26145,158.06145,24.21,0.00125,4034052,688636644.0,3.228692486089986,154.86145
HK.09999,网易-S,2023-10-13,156.36145,152.56145,157.06145,151.46145,23.177,0.00149,4806173,792096318.0,-4.566454263989213,159.86145
HK.09999,网易-S,2023-10-16,153.46145,151.66145,154.66145,150.46145,23.049,0.00094,3040571,495453438.0,-0.5899262231710604,152.56145
HK.09999,网易-S,2023-10-17,153.76145,152.36145,153.76145,150.86145,23.148,0.00095,3079527,502477084.0,0.4615543369788358,151.66145
HK.09999,网易-S,2023-10-18,149.36145,152.06145,152.76145,147.36145,23.106,0.0012,3874269,628377623.0,-0.1969002001490422,152.36145
HK.09999,网易-S,2023-10-19,150.66145,148.66145,151.96145,148.66145,22.624,0.00106,3420807,550904755.0,-2.2359381684181003,152.06145
HK.09999,网易-S,2023-10-20,147.26145,147.16145,149.66145,146.66145,22.412,0.00071,2295063,364641959.0,-1.0090040154996471,148.66145
HK.09999,网易-S,2023-10-24,147.16145,145.66145,148.66145,145.06145,22.2,0.00094,3036954,478552753.0,-1.019288679202332,147.16145
HK.09999,网易-S,2023-10-25,155.76145,150.86145,156.66145,149.96145,22.936,0.0015,4832378,794020527.0,3.5699218976606293,145.66145
HK.09999,网易-S,2023-10-26,150.66145,152.46145,153.46145,150.36145,23.162,0.00119,3846494,627635641.0,1.060575779962358,150.86145
HK.09999,网易-S,2023-10-27,151.26145,158.16145,160.16145,151.26145,23.969,0.00203,6548394,1105716293.0,3.738649999721233,152.46145
HK.09999,网易-S,2023-10-30,156.96145,158.86145,159.86145,156.76145,24.069,0.00131,4224333,715767002.0,0.4425857249032483,158.16145
HK.09999,网易-S,2023-10-31,158.66145,157.16145,160.76145,156.56145,23.828,0.00193,6213829,1053979086.0,-1.0701148705365515,158.86145
HK.09999,网易-S,2023-11-01,155.16145,156.46145,157.36145,153.56145,23.729,0.00095,3063299,511575413.0,-0.4454018463179033,157.16145
HK.09999,网易-S,2023-11-02,158.26145,158.06145,159.66145,157.16145,23.955,0.0011,3543449,599677038.0,1.0226161140651542,156.46145
HK.09999,网易-S,2023-11-03,158.36145,161.96145,162.76145,157.66145,24.507,0.00126,4061230,700329021.0,2.4673948011991573,158.06145
HK.09999,网易-S,2023-11-06,162.46145,164.46145,166.76145,162.46145,24.861,0.00187,6035634,1060319991.0,1.5435771907450817,161.96145
HK.09999,网易-S,2023-11-07,161.86145,162.86145,164.36145,161.36145,24.635,0.00159,5121610,892744398.0,-0.9728723661380966,164.46145
HK.09999,网易-S,2023-11-08,160.86145,162.66145,165.56145,160.86145,24.607,0.00138,4459411,777274427.0,-0.1228037697073117,162.86145
HK.09999,网易-S,2023-11-09,164.86145,165.66145,166.56145,162.66145,25.031,0.00121,3893608,687166432.0,1.8443214418659124,162.66145
HK.09999,网易-S,2023-11-10,164.56145,164.06145,165.16145,163.06145,24.805,0.00073,2365869,415053722.0,-0.965825181416675,165.66145
HK.09999,网易-S,2023-11-13,164.86145,167.86145,168.56145,163.96145,25.343,0.00123,3958331,703059403.0,2.316205299904385,164.06145
HK.09999,网易-S,2023-11-14,168.46145,163.66145,168.56145,163.36145,24.748,0.00122,3939612,692216849.0,-2.502063457690845,167.86145
HK.09999,网易-S,2023-11-15,166.36145,168.86145,169.66145,165.56145,25.484,0.00216,6972114,1246983676.0,3.1772906814646875,163.66145
HK.09999,网易-S,2023-11-16,167.66145,164.56145,167.66145,163.36145,24.876,0.00223,7205206,1268392848.0,-2.5464663485952435,168.86145
HK.09999,网易-S,2023-11-17,165.26145,168.26145,170.06145,163.96145,25.399,0.00222,7168740,1284478079.0,2.2484002176694413,164.56145
HK.09999,网易-S,2023-11-20,171.76145,172.06145,174.56145,171.16145,25.937,0.00192,6198874,1141390323.0,2.2583901422458985,168.26145
HK.09999,网易-S,2023-11-21,171.96145,168.46145,173.76145,167.06145,25.428,0.00214,6887862,1247497726.0,-2.092275753807721,172.06145
HK.09999,网易-S,2023-11-22,167.86145,170.26145,171.36145,167.46145,25.683,0.00105,3372255,609675335.0,1.0684937117660942,168.46145
HK.09999,网易-S,2023-11-23,169.96145,170.16145,170.86145,167.56145,25.668,0.00109,3515130,633944415.0,-0.058733201203205,170.26145
HK.09999,网易-S,2023-11-24,168.16145,164.06145,168.16145,163.36145,24.805,0.00142,4576808,803570896.0,-3.584830759258336,170.16145
HK.09999,网易-S,2023-11-27,167.66145,165.46145,168.36145,163.26145,25.003,0.00189,6081692,1071674237.0,0.8533387947016229,164.06145
HK.09999,网易-S,2023-11-28,166.46145,166.26145,168.26145,165.06145,25.116,0.00185,5976639,1060869406.0,0.4834963068436683,165.46145
HK.09999,网易-S,2023-11-29,167.36145,165.66145,168.26145,164.56145,25.031,0.00218,7028446,1245025747.0,-0.3608774012255964,166.26145
HK.09999,网易-S,2023-11-30,165.63439,165.93439,166.93439,162.83439,24.961,0.00323,10406930,1828996957.0,0.1647577031349209,165.66145
HK.09999,网易-S,2023-12-01,164.63439,165.43439,166.93439,164.63439,24.89,0.00174,5603105,986036089.0,-0.3013239148316392,165.93439
HK.09999,网易-S,2023-12-04,160.93439,156.23439,161.83439,155.63439,23.587,0.00281,9049628,1523016195.0,-5.56111700838019,165.43439
HK.09999,网易-S,2023-12-05,151.03439,147.63439,152.63439,146.33439,22.37,0.00285,9197781,1457455247.0,-5.5045499265558595,156.23439
HK.09999,网易-S,2023-12-06,150.13439,154.83439,155.33439,149.23439,23.389,0.00258,8314088,1361727471.0,4.876912486311636,147.63439
HK.09999,网易-S,2023-12-07,149.93439,154.13439,154.73439,149.63439,23.29,0.00245,7914400,1288381627.0,-0.4520959458683675,154.83439
HK.09999,网易-S,2023-12-08,152.63439,154.63439,156.53439,152.63439,23.361,0.00259,8354210,1380038124.0,0.3243922397850343,154.13439
HK.09999,网易-S,2023-12-11,151.93439,153.93439,155.73439,151.43439,23.262,0.00211,6817634,1118202641.0,-0.452680674719245,154.63439
HK.09999,网易-S,2023-12-12,153.93439,155.13439,156.23439,153.53439,23.431,0.00154,4977290,822978328.0,0.7795528991279912,153.93439
HK.09999,网易-S,2023-12-13,156.53439,157.93439,159.43439,156.23439,23.828,0.00193,6226002,1047881206.0,1.8048867178966648,155.13439
HK.09999,网易-S,2023-12-14,157.73439,152.63439,158.53439,151.63439,23.078,0.00229,7392422,1213412790.0,-3.3558238962394515,157.93439
HK.09999,网易-S,2023-12-15,148.63439,153.03439,154.53439,148.63439,23.134,0.00248,7993664,1299712592.0,0.2620641390187399,152.63439
HK.09999,网易-S,2023-12-18,150.23439,149.93439,151.53439,149.03439,22.695,0.00156,5030079,808341035.0,-2.025688474335732,153.03439
HK.09999,网易-S,2023-12-19,149.63439,151.13439,152.03439,149.13439,22.865,0.00103,3306622,532958440.0,0.8003500731219758,149.93439
HK.09999,网易-S,2023-12-20,151.13439,151.73439,152.83439,149.63439,22.95,0.00164,5281162,856260010.0,0.3969976654552246,151.13439
HK.09999,网易-S,2023-12-21,151.03439,151.43439,152.03439,151.03439,22.908,0.00116,3742487,605628083.0,-0.1977139131082828,151.73439
HK.09999,网易-S,2023-12-22,150.63439,111.63439,152.63439,105.73439,17.273,0.0166,53540512,6791153962.0,-26.28200899412611,151.43439
HK.09999,网易-S,2023-12-27,128.63439,126.13439,129.03439,120.23439,19.326,0.01056,34053778,4586767577.0,12.98882898003026,111.63439
HK.09999,网易-S,2023-12-28,124.63439,130.73439,132.83439,124.43439,19.977,0.0039,12592080,1755867422.0,3.6469039093937776,126.13439
HK.09999,网易-S,2023-12-29,130.83439,130.23439,131.03439,126.834389999,19.906,0.00268,8650800,1207518512.0,-0.3824548383940905,130.73439
HK.09999,网易-S,2024-01-02,136.13439,135.73439,140.43439,135.73439,20.685,0.00424,13657122,2016529551.0,4.223154882516054,130.23439
HK.09999,网易-S,2024-01-03,134.13439,137.13439,138.53439,132.13439,20.883,0.00256,8271271,1215491186.0,1.0314261551549355,135.73439
HK.09999,网易-S,2024-01-04,139.33439,138.33439,140.93439,136.33439,21.053,0.00189,6083504,903002183.0,0.8750540254709391,137.13439
HK.09999,网易-S,2024-01-05,138.93439,135.73439,138.93439,135.03439,20.685,0.00167,5369912,788445553.0,-1.8795037155981404,138.33439
HK.09999,网易-S,2024-01-08,131.83439,130.43439,133.43439,128.93439,19.934,0.00243,7851963,1105023573.0,-3.904684730229372,135.73439
HK.09999,网易-S,2024-01-09,129.63439,129.83439,131.93439,128.73439,19.849,0.00152,4904979,689602357.0,-0.4600013846041633,130.43439
HK.09999,网易-S,2024-01-10,130.43439,129.73439,131.43439,128.53439,19.835,0.00123,3976218,557278901.0,-0.0770211960020936,129.83439
HK.09999,网易-S,2024-01-11,128.93439,130.93439,132.33439,128.03439,20.005,0.00174,5625162,793519900.0,0.9249667724957252,129.73439
HK.09999,网易-S,2024-01-12,130.73439,130.23439,133.23439,129.03439,19.906,0.00174,5596950,791203637.0,-0.5346189034065206,130.93439
HK.09999,网易-S,2024-01-15,131.83439,131.03439,132.03439,129.93439,20.019,0.00139,4495450,634396021.0,0.6142770738205258,130.23439
HK.09999,网易-S,2024-01-16,131.03439,129.63439,131.83439,128.33439,19.821,0.00187,6019776,844558306.0,-1.0684218089617588,131.03439
HK.09999,网易-S,2024-01-17,128.83439,124.53439,129.73439,123.03439,19.099,0.00286,9208723,1249185773.0,-3.934141241378923,129.63439
HK.09999,网易-S,2024-01-18,126.63439,126.73439,127.93439,125.334389999,19.411,0.0017,5477215,751457369.0,1.766580299626475,124.53439
HK.09999,网易-S,2024-01-19,129.63439,128.53439,132.83439,127.33439,19.665,0.00226,7285745,1020244399.0,1.4202932605743377,126.73439
HK.09999,网易-S,2024-01-22,131.33439,127.53439,131.73439,125.63439,19.524,0.00258,8327959,1148462718.0,-0.778001902837054,128.53439
HK.09999,网易-S,2024-01-23,130.53439,135.83439,137.13439,129.23439,20.699,0.00429,13836383,2009572176.0,6.508048534987316,127.53439
HK.09999,网易-S,2024-01-24,143.13439,145.43439,147.23439,140.43439,22.058,0.00401,12915672,1987325311.0,7.067429684043926,135.83439
HK.09999,网易-S,2024-01-25,146.43439,151.13439,151.33439,145.03439,22.865,0.00393,12663251,2021406817.0,3.9192930915445703,145.43439
HK.09999,网易-S,2024-01-26,152.23439,147.03439,152.93439,146.03439,22.285,0.00292,9405952,1494746886.0,-2.7128173806107228,151.13439
HK.09999,网易-S,2024-01-29,149.63439,149.13439,151.03439,148.43439,22.582,0.00164,5285514,844234173.0,1.428237298770712,147.03439
HK.09999,网易-S,2024-01-30,145.43439,142.13439,145.73439,140.03439,21.591,0.003,9667396,1477471078.0,-4.69375306393113,149.13439
HK.09999,网易-S,2024-01-31,141.13439,141.13439,142.53439,139.83439,21.449,0.00162,5221221,789594980.0,-0.7035594974587079,142.13439
HK.09999,网易-S,2024-02-01,143.53439,145.43439,147.93439,142.03439,22.058,0.00222,7171360,1115807280.0,3.0467414781046713,141.13439
HK.09999,网易-S,2024-02-02,150.03439,145.43439,151.83439,144.43439,22.058,0.00207,6686436,1054039974.0,0.0,145.43439
HK.09999,网易-S,2024-02-05,143.43439,147.13439,149.43439,140.83439,22.299,0.00195,6296160,989540379.0,1.1689119746711825,145.43439
HK.09999,网易-S,2024-02-06,149.03439,155.13439,156.23439,147.53439,23.431,0.00277,8940519,1459453063.0,5.437206080780978,147.13439
HK.09999,网易-S,2024-02-07,156.93439,153.03439,160.73439,151.73439,23.134,0.00264,8515990,1410548392.0,-1.3536650384224893,155.13439
HK.09999,网易-S,2024-02-08,154.63439,154.33439,156.03439,152.33439,23.318,0.00172,5549313,914340184.0,0.8494822634311224,153.03439
HK.09999,网易-S,2024-02-09,152.73439,153.73439,156.73439,151.13439,23.233,0.00062,2009467,330720238.0,-0.3887662367408992,154.33439
HK.09999,网易-S,2024-02-14,153.23439,156.73439,157.53439,149.53439,23.658,0.00133,4300544,709715206.0,1.9514176366133824,153.73439
HK.09999,网易-S,2024-02-15,155.33439,158.23439,159.13439,154.23439,23.87,0.00112,3598353,603784837.0,0.9570331054977788,156.73439
HK.09999,网易-S,2024-02-16,158.43439,161.13439,161.63439,154.63439,24.281,0.00112,3623615,615267542.0,1.8327242263834087,158.23439
HK.09999,网易-S,2024-02-19,158.43439,159.03439,159.63439,157.53439,23.984,0.00187,6027154,1021371390.0,-1.303259968278649,161.13439
HK.09999,网易-S,2024-02-20,159.63439,160.23439,160.23439,157.43439,24.154,0.0011,3558123,603676379.0,0.7545537792171797,159.03439
HK.09999,网易-S,2024-02-21,157.43439,161.03439,162.73439,156.63439,24.267,0.00125,4037955,691400316.0,0.4992686027013374,160.23439
HK.09999,网易-S,2024-02-22,157.53439,159.43439,159.43439,156.13439,24.04,0.00177,5695702,961474072.0,-0.9935765894477536,161.03439
HK.09999,网易-S,2024-02-23,159.53439,159.13439,162.03439,158.13439,23.998,0.00128,4112395,696645355.0,-0.1881651756562755,159.43439
HK.09999,网易-S,2024-02-26,158.33439,157.23439,158.53439,155.63439,23.729,0.00127,4081936,682610393.0,-1.1939593949491405,159.13439
HK.09999,网易-S,2024-02-27,156.13439,158.63439,158.93439,154.33439,23.927,0.00139,4480288,749048249.0,0.8903904546581736,157.23439
HK.09999,网易-S,2024-02-28,165.13439,166.33439,170.13439,165.13439,25.017,0.00282,9095874,1618149815.0,4.853928583833566,158.63439
HK.09999,网易-S,2024-02-29,167.83439,165.83439,168.23439,164.73439,24.946,0.00222,7171726,1267121812.0,-0.3005992927860558,166.33439
HK.09999,网易-S,2024-03-01,159.13439,162.43439,164.03439,157.73439,17.159,0.00312,10070862,1734701429.0,-2.050238192452124,165.83439
HK.09999,网易-S,2024-03-04,164.53439,165.23439,167.93439,163.43439,17.437,0.00143,4623024,810554711.0,1.723772903016401,162.43439
HK.09999,网易-S,2024-03-05,161.33439,157.23439,162.33439,156.23439,16.643,0.00205,6600380,1115232767.0,-4.8416071254900395,165.23439
HK.09999,网易-S,2024-03-06,157.23439,159.03439,160.03439,155.13439,16.822,0.00138,4451987,750019192.0,1.1447877274176543,157.23439
HK.09999,网易-S,2024-03-07,152.33439,152.23439,153.13439,149.73439,16.146,0.00213,6878883,1112159515.0,-4.275804748897399,159.03439
HK.09999,网易-S,2024-03-08,155.33439,156.33439,158.43439,154.83439,16.554,0.00148,4767178,797534066.0,2.6932153766307487,152.23439
HK.09999,网易-S,2024-03-11,157.03439,158.63439,160.13439,155.53439,16.782,0.00111,3589566,605258218.0,1.471205407844034,156.33439
HK.09999,网易-S,2024-03-12,159.33439,160.43439,162.03439,156.43439,16.961,0.00162,5209551,887520233.0,1.1346846040130465,158.63439
HK.09999,网易-S,2024-03-13,161.32487,163.22487,165.12487,158.92487,17.07,0.00133,4275336,733241163.0,1.7393278336396594,160.43439
HK.09999,网易-S,2024-03-14,165.12487,162.02487,166.62487,160.92487,16.951,0.0012,3865305,663581014.0,-0.7351820834655999,163.22487
HK.09999,网易-S,2024-03-15,160.32487,161.42487,161.52487,156.52487,16.891,0.0029,9345420,1580904497.0,-0.3703135203873297,162.02487
HK.09999,网易-S,2024-03-18,157.62487,157.52487,159.02487,156.22487,16.504,0.00119,3836436,639065863.0,-2.4159846001424725,161.42487
HK.09999,网易-S,2024-03-19,154.82487,154.12487,155.92487,153.32487,16.166,0.00138,4455974,725808035.0,-2.1583893387755255,157.52487
HK.09999,网易-S,2024-03-20,154.12487,156.22487,157.12487,153.02487,16.375,0.00088,2826779,464628559.0,1.362531562881463,154.12487
HK.09999,网易-S,2024-03-21,158.82487,160.32487,161.42487,158.42487,16.782,0.00098,3168260,535155694.0,2.624422091053745,156.22487
HK.09999,网易-S,2024-03-22,159.12487,158.12487,159.12487,155.12487,16.564,0.0012,3877323,644154095.0,-1.3722138056310396,160.32487
HK.09999,网易-S,2024-03-25,156.72487,154.82487,157.02487,153.32487,16.236,0.00078,2520550,411663900.0,-2.086958237499252,158.12487
HK.09999,网易-S,2024-03-26,154.52487,153.72487,155.82487,152.52487,16.127,0.00127,4108395,668516822.0,-0.7104801702723821,154.82487
HK.09999,网易-S,2024-03-27,152.52487,152.82487,154.42487,151.32487,16.037,0.00089,2881255,465648118.0,-0.5854615456822345,153.72487
HK.09999,网易-S,2024-03-28,153.12487,154.12487,156.92487,151.92487,16.166,0.00132,4242968,692053510.0,0.850646887512473,152.82487
HK.09999,网易-S,2024-04-02,146.32487,142.92487,147.02487,140.42487,15.054,0.00373,12040096,1831830113.0,-7.266835002034383,154.12487
HK.09999,网易-S,2024-04-03,142.32487,140.92487,142.52487,139.72487,14.856,0.00214,6909465,1035479436.0,-1.39933658851675,142.92487
HK.09999,网易-S,2024-04-05,142.22487,141.12487,143.22487,139.42487,14.875,0.00131,4212584,631332817.0,0.1419195916235286,140.92487
HK.09999,网易-S,2024-04-08,141.02487,142.62487,144.32487,140.32487,15.024,0.00139,4497393,679190840.0,1.0628884901718598,141.12487
HK.09999,网易-S,2024-04-09,144.82487,148.82487,149.82487,144.52487,15.64,0.00224,7211528,1130600780.0,4.347067941236348,142.62487
HK.09999,网易-S,2024-04-10,149.62487,150.12487,152.62487,148.82487,15.769,0.00198,6376220,1016943789.0,0.8735099180667739,148.82487
HK.09999,网易-S,2024-04-11,146.42487,145.32487,146.62487,143.52487,15.292,0.00214,6909454,1061539957.0,-3.1973383224245144,150.12487
HK.09999,网易-S,2024-04-12,142.62487,142.42487,144.12487,141.32487,15.004,0.00234,7541860,1143806633.0,-1.995529051565644,145.32487
HK.09999,网易-S,2024-04-15,137.32487,136.92487,138.42487,136.02487,14.458,0.00209,6748043,985270773.0,-3.86168511159603,142.42487
HK.09999,网易-S,2024-04-16,134.42487,133.62487,136.02487,132.32487,14.131,0.00234,7555449,1077500350.0,-2.410080798323936,136.92487
HK.09999,网易-S,2024-04-17,133.32487,132.42487,133.62487,129.12487,14.011,0.00228,7368421,1031660004.0,-0.8980364209147509,133.62487
HK.09999,网易-S,2024-04-18,132.32487,134.22487,134.62487,130.62487,14.19,0.00402,12962038,1844982303.0,1.3592612928372227,132.42487
HK.09999,网易-S,2024-04-19,134.22487,134.12487,135.32487,132.52487,14.18,0.00359,11562730,1650132920.0,-0.0745018415737878,134.22487
HK.09999,网易-S,2024-04-22,138.02487,137.72487,140.72487,137.52487,14.538,0.0018,5813347,857006082.0,2.684065975236378,134.12487
HK.09999,网易-S,2024-04-23,140.62487,137.12487,140.62487,135.72487,14.478,0.0019,6114318,894664515.0,-0.4356511645282531,137.72487
HK.09999,网易-S,2024-04-24,138.52487,139.42487,139.92487,136.42487,14.707,0.00234,7547444,1111136063.0,1.6773033221471871,137.12487
HK.09999,网易-S,2024-04-25,137.02487,137.92487,141.62487,136.82487,14.558,0.00132,4248674,625881104.0,-1.075848232815279,139.42487
HK.09999,网易-S,2024-04-26,138.62487,140.52487,141.92487,138.62487,14.811,0.00226,7303555,1089709130.0,1.8850842491278,137.92487
HK.09999,网易-S,2024-04-29,141.32487,142.32487,146.32487,140.62487,14.99,0.0022,7082099,1079456788.0,1.2809120549266555,140.52487
HK.09999,网易-S,2024-04-30,143.32487,141.62487,145.52487,141.12487,14.921,0.0013,4187893,631892261.0,-0.4918325237184597,142.32487
HK.09999,网易-S,2024-05-02,138.82487,141.42487,142.92487,137.02487,14.901,0.00147,4753703,713180519.0,-0.1412181349221987,141.62487
HK.09999,网易-S,2024-05-03,147.32487,148.42487,150.62487,145.52487,15.596,0.00225,7255610,1140671762.0,4.949624489667199,141.42487
HK.09999,网易-S,2024-05-06,152.02487,152.02487,153.62487,149.82487,15.953,0.0017,5486397,878961624.0,2.4254695321612845,148.42487
HK.09999,网易-S,2024-05-07,149.82487,144.02487,150.22487,143.02487,15.159,0.00282,9104315,1401663420.0,-5.26229688602924,152.02487
HK.09999,网易-S,2024-05-08,143.22487,142.32487,145.52487,142.12487,14.99,0.00253,8155607,1238730804.0,-1.1803516989808696,144.02487
HK.09999,网易-S,2024-05-09,142.62487,145.32487,145.82487,140.92487,15.288,0.00165,5308571,814367351.0,2.1078536730790622,142.32487
HK.09999,网易-S,2024-05-10,144.22487,144.62487,147.32487,142.12487,15.218,0.00136,4380308,668943043.0,-0.4816794262399939,145.32487
HK.09999,网易-S,2024-05-13,143.52487,145.92487,146.12487,142.92487,15.347,0.00174,5626696,863387357.0,0.8988772124739067,144.62487
HK.09999,网易-S,2024-05-14,148.32487,148.32487,149.72487,147.42487,15.586,0.0021,6757457,1060912073.0,1.644681951746817,145.92487
HK.09999,网易-S,2024-05-16,147.62487,149.72487,151.62487,146.82487,15.725,0.00287,9263820,1465827202.0,0.9438740785682168,148.32487
HK.09999,网易-S,2024-05-17,157.62487,154.12487,160.52487,153.42487,16.162,0.0027,8719967,1428684579.0,2.9387235400504785,149.72487
HK.09999,网易-S,2024-05-20,157.42487,156.22487,159.52487,155.32487,16.37,0.00176,5673998,939194066.0,1.362531562881463,154.12487
HK.09999,网易-S,2024-05-21,153.02487,149.82487,153.72487,149.12487,15.735,0.00276,8886027,1413133084.0,-4.096658873840001,156.22487
HK.09999,网易-S,2024-05-22,147.12487,144.92487,147.12487,143.62487,15.248,0.00193,6218888,956298699.0,-3.2704850669985603,149.82487
HK.09999,网易-S,2024-05-23,142.62487,132.82487,142.72487,132.42487,14.047,0.00463,14943774,2161803129.0,-8.349153599378765,144.92487
HK.09999,网易-S,2024-05-24,137.42487,133.42487,139.32487,132.92487,14.107,0.0051,16461771,2371481661.0,0.4517226329677524,132.82487
HK.09999,网易-S,2024-05-27,133.72487,130.62487,134.42487,128.524869999,13.829,0.0036,11596236,1612799604.0,-2.098559286585785,133.42487
HK.09999,网易-S,2024-05-28,131.72487,131.32487,133.82487,130.12487,13.898,0.00266,8592144,1203950638.0,0.5358857007857822,130.62487
HK.09999,网易-S,2024-05-29,131.52487,130.22487,133.82487,129.52487,13.789,0.00281,9052457,1264634433.0,-0.8376174292043802,131.32487
HK.09999,网易-S,2024-05-30,130.02487,131.02487,133.52487,129.62487,13.868,0.00215,6927336,970103602.0,0.6143219801255958,130.22487
HK.09999,网易-S,2024-05-31,133.22487,128.92487,134.02487,128.42487,13.66,0.00347,11187499,1548094379.0,-1.6027491574691084,131.02487
HK.09999,网易-S,2024-06-03,131.62487,132.02487,134.02487,130.42487,13.968,0.0017,5497546,775430133.0,2.4045011641275997,128.92487
HK.09999,网易-S,2024-06-04,130.72487,131.42487,132.52487,129.62487,13.908,0.00136,4370237,612239017.0,-0.454459830181991,132.02487
HK.09999,网易-S,2024-06-05,131.79756,134.79756,136.39756,130.89756,14.166,0.00244,7858380,1121254503.0,2.566249447307809,131.42487
HK.09999,网易-S,2024-06-06,140.49756,139.59756,141.49756,138.79756,14.643,0.00228,7355585,1087102215.0,3.5608953159092662,134.79756
HK.09999,网易-S,2024-06-07,140.19756,138.99756,141.19756,138.59756,14.583,0.00255,8217291,1211996939.0,-0.4298069393189926,139.59756
HK.09999,网易-S,2024-06-11,138.29756,138.69756,139.59756,136.79756,14.553,0.00186,5986395,875531317.0,-0.2158311268197679,138.99756
HK.09999,网易-S,2024-06-12,137.09756,138.09756,138.89756,136.09756,14.494,0.00174,5626202,819389411.0,-0.4325959303105423,138.69756
HK.09999,网易-S,2024-06-13,138.99756,136.99756,138.99756,135.19756,14.384,0.00197,6355939,919291677.0,-0.7965383313072255,138.09756
HK.09999,网易-S,2024-06-14,137.09756,136.19756,137.19756,134.89756,14.305,0.00272,8767499,1262292020.0,-0.583952006152506,136.99756
HK.09999,网易-S,2024-06-17,135.99756,137.29756,139.09756,134.79756,14.414,0.00065,2093139,303467348.0,0.8076502985809688,136.19756
HK.09999,网易-S,2024-06-18,135.99756,132.79756,135.99756,131.39756,13.968,0.00161,5188802,730594542.0,-3.277552783895067,137.29756
HK.09999,网易-S,2024-06-19,133.99756,137.59756,137.59756,133.39756,14.444,0.00211,6792956,974878229.0,3.6145242427646886,132.79756
HK.09999,网易-S,2024-06-20,138.49756,136.09756,138.49756,134.59756,14.295,0.00123,3960881,570038756.0,-1.0901356099628512,137.59756
HK.09999,网易-S,2024-06-21,133.19756,132.29756,135.39756,132.09756,13.918,0.00278,8973354,1261990712.0,-2.7921147153556487,136.09756
HK.09999,网易-S,2024-06-24,131.29756,132.59756,132.79756,129.99756,13.948,0.00162,5232747,729852542.0,0.2267615517625441,132.29756
HK.09999,网易-S,2024-06-25,133.89756,133.89756,135.09756,132.69756,14.077,0.00119,3841419,544079519.0,0.980410197593388,132.59756
HK.09999,网易-S,2024-06-26,136.59756,142.69756,143.59756,136.29756,14.95,0.00328,10561835,1579457027.0,6.572188470051292,133.89756
HK.09999,网易-S,2024-06-27,142.89756,142.39756,143.99756,142.09756,14.921,0.00191,6162444,929191079.0,-0.2102348491452911,142.69756
HK.09999,网易-S,2024-06-28,141.19756,141.19756,142.79756,140.29756,14.801,0.00162,5212401,777900212.0,-0.8427110689256112,142.39756
HK.09999,网易-S,2024-07-02,140.89756,140.89756,143.59756,139.99756,14.772,0.00164,5275790,786494543.0,-0.2124682607829847,141.19756
HK.09999,网易-S,2024-07-03,138.89756,140.99756,141.39756,137.19756,14.782,0.00113,3651299,540771253.0,0.0709735498613278,140.89756
HK.09999,网易-S,2024-07-04,141.79756,139.69756,142.89756,138.89756,14.653,0.00077,2467157,365386293.0,-0.9220017708107736,140.99756
HK.09999,网易-S,2024-07-05,139.69756,137.69756,140.59756,137.39756,14.454,0.0013,4204436,614948947.0,-1.4316642323602502,139.69756
HK.09999,网易-S,2024-07-08,134.99756,135.59756,136.19756,134.09756,14.246,0.00136,4389362,627414844.0,-1.525081490187642,137.69756
HK.09999,网易-S,2024-07-09,135.99756,136.59756,137.99756,135.59756,14.345,0.00137,4429294,640408920.0,0.7374763970679119,135.59756
HK.09999,网易-S,2024-07-10,136.79756,133.79756,137.49756,133.09756,14.067,0.0022,7091755,1013193651.0,-2.0498169952669603,136.59756
HK.09999,网易-S,2024-07-11,132.09756,134.69756,135.79756,132.09756,14.156,0.00162,5222196,742574527.0,0.6726580066183611,133.79756
HK.09999,网易-S,2024-07-12,136.19756,136.09756,136.89756,134.99756,14.295,0.0016,5145621,739497566.0,1.0393655237704211,134.69756
HK.09999,网易-S,2024-07-15,137.09756,136.99756,137.49756,135.79756,14.384,0.0018,5799474,837383572.0,0.6612903273210818,136.09756
HK.09999,网易-S,2024-07-16,137.09756,136.09756,137.29756,135.29756,14.295,0.00171,5526844,797160212.0,-0.6569460069215873,136.99756
HK.09999,网易-S,2024-07-17,136.99756,138.09756,139.09756,136.49756,14.494,0.00103,3315294,483788755.0,1.469534060713506,136.09756
HK.09999,网易-S,2024-07-18,137.49756,137.69756,139.39756,137.19756,14.454,0.00117,3777371,551784998.0,-0.2896503022935215,138.09756
HK.09999,网易-S,2024-07-19,136.59756,133.89756,137.19756,132.69756,14.077,0.00155,4992248,709590882.0,-2.759671267958569,137.69756
HK.09999,网易-S,2024-07-22,134.59756,136.79756,137.59756,132.59756,14.365,0.00126,4066822,583819393.0,2.16583483672145,133.89756
HK.09999,网易-S,2024-07-23,137.29756,134.39756,137.79756,133.79756,14.126,0.00125,4025077,574985148.0,-1.754417257149912,136.79756
HK.09999,网易-S,2024-07-24,137.39756,140.89756,143.29756,137.19756,14.772,0.00257,8285225,1232280006.0,4.836397327451481,134.39756
HK.09999,网易-S,2024-07-25,139.99756,139.79756,142.39756,136.69756,14.662,0.00239,7707668,1138534461.0,-0.7807090484746466,140.89756
HK.09999,网易-S,2024-07-26,140.59756,136.19756,141.29756,135.19756,14.305,0.00206,6629013,961268878.0,-2.575152241569877,139.79756
HK.09999,网易-S,2024-07-29,137.49756,132.89756,137.49756,131.59756,13.977,0.00222,7146004,1008801098.0,-2.4229508957429275,136.19756
HK.09999,网易-S,2024-07-30,133.59756,134.69756,136.09756,132.39756,14.156,0.00169,5441334,774500436.0,1.3544266726943757,132.89756
HK.09999,网易-S,2024-07-31,137.19756,138.29756,139.89756,135.09756,14.514,0.00143,4624198,676160690.0,2.672654203981122,134.69756
HK.09999,网易-S,2024-08-01,136.29756,135.49756,136.59756,134.79756,14.236,0.00115,3711922,533944999.0,-2.0246199571416956,138.29756
HK.09999,网易-S,2024-08-02,134.29756,132.39756,134.59756,131.69756,13.928,0.0012,3858629,541813575.0,-2.287864076666764,135.49756
HK.09999,网易-S,2024-08-05,130.19756,129.59756,132.99756,126.797559999,13.65,0.00167,5398524,740625481.0,-2.1148425998183136,132.39756
HK.09999,网易-S,2024-08-06,129.99756,126.19756,131.49756,125.59756,13.312,0.00244,7853070,1063551336.0,-2.62350618329542,129.59756
HK.09999,网易-S,2024-08-07,126.19756,127.297559999,128.39756,124.69756,13.422,0.0016,5147194,694548878.0,0.8716491816482069,126.19756
HK.09999,网易-S,2024-08-08,128.59756,127.99756,130.59756,127.09756,13.491,0.00154,4964206,677250020.0,0.5498927088669188,127.297559999
HK.09999,网易-S,2024-08-09,130.89756,132.19756,133.29756,130.49756,13.908,0.00201,6488416,908818441.0,3.281312550020498,127.99756
HK.09999,网易-S,2024-08-12,133.89756,132.89756,134.49756,130.69756,13.977,0.00124,4009175,561859917.0,0.5295105295438044,132.19756
HK.09999,网易-S,2024-08-13,132.59756,131.19756,132.99756,130.59756,13.809,0.00128,4113017,572854710.0,-1.2791807464335605,132.89756
HK.09999,网易-S,2024-08-14,128.99756,125.797559999,130.09756,124.19756,13.273,0.00301,9702591,1300030789.0,-4.115930205561757,131.19756
HK.09999,网易-S,2024-08-15,128.99756,130.99756,132.49756,128.09756,13.789,0.00281,9054409,1250892490.0,4.1336254860915655,125.797559999
HK.09999,网易-S,2024-08-16,132.19756,130.09756,132.49756,129.79756,13.699,0.00267,8604632,1192564120.0,-0.6870356974587967,130.99756
HK.09999,网易-S,2024-08-19,133.79756,132.79756,135.89756,132.29756,13.968,0.00167,5375757,759898915.0,2.075365594865897,130.09756
HK.09999,网易-S,2024-08-20,135.19756,133.99756,135.59756,133.49756,14.087,0.00149,4819425,684486512.0,0.9036310606911668,132.79756
HK.09999,网易-S,2024-08-21,130.79756,132.09756,132.89756,130.79756,13.898,0.00158,5082986,713798631.0,-1.4179362668991926,133.99756
HK.09999,网易-S,2024-08-22,134.49756,135.09756,135.59756,133.19756,14.196,0.00186,6009526,854464941.0,2.2710487612337427,132.09756
HK.09999,网易-S,2024-08-23,119.89756,120.39756,120.39756,113.89756,12.737,0.0066,21298100,2670377398.0,-10.881025534435995,135.09756
HK.09999,网易-S,2024-08-26,119.59756,120.09756,121.49756,119.09756,12.707,0.00354,11405720,1457868814.0,-0.2491744849314198,120.39756
HK.09999,网易-S,2024-08-27,120.19756,123.69756,123.89756,120.09756,13.064,0.00333,10728153,1404465494.0,2.9975629812962015,120.09756
HK.09999,网易-S,2024-08-28,123.297559999,120.39756,123.297559999,119.69756,12.737,0.00168,5425740,698112867.0,-2.66779716592631,123.69756
HK.09999,网易-S,2024-08-29,117.09756,118.99756,119.29756,116.79756,12.598,0.00157,5059535,640608127.0,-1.1628142630133085,120.39756
HK.09999,网易-S,2024-08-30,119.09756,119.79756,121.09756,118.09756,12.677,0.00288,9302195,1185671327.0,0.6722826921829418,118.99756
HK.09999,网易-S,2024-09-02,117.79756,117.39756,117.99756,116.69756,12.439,0.00119,3846114,482134194.0,-2.0033797015565304,119.79756
HK.09999,网易-S,2024-09-03,117.09756,115.39756,117.49756,114.29756,12.24,0.00194,6257425,772586383.0,-1.7036129200640966,117.39756
HK.09999,网易-S,2024-09-04,113.19756,115.09756,115.39756,112.49756,12.21,0.00177,5693007,696388163.0,-0.2599708347386176,115.39756
HK.09999,网易-S,2024-09-05,115.17547,115.87547,116.37547,114.47547,12.22,0.00118,3800555,467546213.0,0.6758701053263036,115.09756
HK.09999,网易-S,2024-09-09,114.27547,113.97547,114.57547,112.97547,12.032,0.00192,6176691,748101215.0,-1.639691299634,115.87547
HK.09999,网易-S,2024-09-10,112.77547,112.57547,113.87547,111.47547,11.893,0.00229,7373149,884098902.0,-1.2283344828496918,113.97547
HK.09999,网易-S,2024-09-11,110.27547,112.37547,112.77547,110.27547,11.873,0.00083,2668320,317306787.0,-0.177658596495301,112.57547
HK.09999,网易-S,2024-09-12,113.87547,113.87547,115.77547,113.57547,12.022,0.00108,3490043,425165585.0,1.3348108799900904,112.37547
HK.09999,网易-S,2024-09-13,113.37547,114.47547,115.17547,113.37547,12.081,0.00123,3977794,484268465.0,0.526891348944592,113.87547
HK.09999,网易-S,2024-09-16,112.27547,112.97547,113.07547,109.87547,11.932,0.00109,3505235,417736030.0,-1.310324386525777,114.47547
HK.09999,网易-S,2024-09-17,112.47547,112.97547,113.47547,111.67547,11.932,0.00143,4614931,553124906.0,0.0,112.97547
HK.09999,网易-S,2024-09-19,112.17547,115.27547,116.07547,112.17547,12.161,0.00149,4795201,585207261.0,2.035840169551848,112.97547
HK.09999,网易-S,2024-09-20,115.67547,116.87547,118.47547,114.07547,12.32,0.00193,6209643,771749979.0,1.3879795935770278,115.27547
HK.09999,网易-S,2024-09-23,116.27547,116.57547,118.07547,115.77547,12.29,0.00101,3264496,405357345.0,-0.2566834597542251,116.87547
HK.09999,网易-S,2024-09-24,119.47547,123.975469999,124.475469999,118.77547,13.024,0.00257,8295300,1076951608.0,6.347819141539814,116.57547
HK.09999,网易-S,2024-09-25,129.17547,125.87547,129.77547,125.17547,13.213,0.00418,13475555,1807213649.0,1.5325612405545508,123.975469999
HK.09999,网易-S,2024-09-26,127.57547,133.37547,133.67547,127.17547,13.958,0.00337,10874446,1510081807.0,5.958269708943291,125.87547
HK.09999,网易-S,2024-09-27,133.37547,138.57547,141.07547,131.07547,14.474,0.00626,20179485,2905782908.0,3.8987678918769606,133.37547
HK.09999,网易-S,2024-09-30,141.77547,143.27547,146.47547,138.77547,14.94,0.00587,18934564,2861527564.0,3.3916536599154363,138.57547
HK.09999,网易-S,2024-10-02,145.17547,153.17547,156.37547,145.07547,15.923,0.00454,14642198,2335756187.0,6.909766200732041,143.27547
HK.09999,网易-S,2024-10-03,155.77547,153.37547,157.17547,147.77547,15.943,0.00484,15616450,2482983208.0,0.1305692092865894,153.17547
HK.09999,网易-S,2024-10-04,152.37547,153.87547,156.17547,149.47547,15.993,0.00272,8787409,1409297235.0,0.3259973710268011,153.37547
HK.09999,网易-S,2024-10-07,154.07547,150.97547,156.07547,148.27547,15.705,0.00432,13923837,2195675486.0,-1.8846408722585903,153.87547
HK.09999,网易-S,2024-10-08,145.27547,133.77547,146.17547,129.975469999,13.997,0.00686,22129179,3228351229.0,-11.392579205085427,150.97547
HK.09999,网易-S,2024-10-09,140.37547,131.17547,140.57547,129.87547,13.739,0.00489,15765194,2217179710.0,-1.943555122624516,133.77547
HK.09999,网易-S,2024-10-10,132.17547,129.87547,133.37547,129.27547,13.61,0.00321,10350794,1427217504.0,-0.9910389495840825,131.17547
HK.09999,网易-S,2024-10-14,129.27547,125.37547,129.27547,123.07547,13.163,0.00341,11000872,1460197313.0,-3.4648575285232845,129.87547
HK.09999,网易-S,2024-10-15,124.87547,120.07547,125.67547,119.37547,12.637,0.00262,8453898,1092884497.0,-4.227302198747499,125.37547
HK.09999,网易-S,2024-10-16,120.17547,120.37547,123.87547,119.47547,12.667,0.00218,7035705,903353192.0,0.2498428696552355,120.07547
HK.09999,网易-S,2024-10-17,120.37547,117.17547,121.07547,115.87547,12.349,0.0025,8053397,1007580657.0,-2.658348914442455,120.37547
HK.09999,网易-S,2024-10-18,117.17547,123.37547,125.07547,117.07547,12.965,0.00383,12337084,1590445607.0,5.291209841104117,117.17547
HK.09999,网易-S,2024-10-21,121.37547,118.27547,121.57547,116.87547,12.459,0.00279,8995643,1132281650.0,-4.133722854308079,123.37547
HK.09999,网易-S,2024-10-22,120.07547,117.87547,120.17547,117.27547,12.419,0.00164,5278218,662809016.0,-0.3381935408922843,118.27547
HK.09999,网易-S,2024-10-23,117.17547,118.57547,118.77547,116.37547,12.488,0.00176,5685176,711616897.0,0.5938470489237401,117.87547
HK.09999,网易-S,2024-10-24,115.37547,115.67547,117.27547,114.87547,12.2,0.00338,10896231,1341801368.0,-2.445699772474013,118.57547
HK.09999,网易-S,2024-10-25,115.67547,116.67547,117.37547,115.57547,12.3,0.00221,7121870,881263398.0,0.8644875183995362,115.67547
HK.09999,网易-S,2024-10-28,116.37547,116.77547,117.67547,114.87547,12.31,0.00155,4998725,619073328.0,0.0857078184471803,116.67547
HK.09999,网易-S,2024-10-29,118.77547,119.57547,121.67547,118.27547,12.588,0.00211,6808211,867562557.0,2.3977638454377423,116.77547
HK.09999,网易-S,2024-10-30,120.07547,118.37547,120.87547,117.87547,12.468,0.00175,5655028,712226537.0,-1.0035503101095806,119.57547
HK.09999,网易-S,2024-10-31,118.97547,116.57547,119.57547,116.57547,12.29,0.0016,5162854,644007429.0,-1.5205853036951078,118.37547
HK.09999,网易-S,2024-11-01,116.97547,116.37547,118.47547,116.07547,12.27,0.00183,5885557,729777690.0,-0.1715626795242504,116.57547
HK.09999,网易-S,2024-11-04,117.67547,117.17547,118.17547,116.37547,12.349,0.00078,2527303,314357576.0,0.6874300915820122,116.37547
HK.09999,网易-S,2024-11-05,114.77547,117.27547,117.97547,114.77547,12.359,0.00201,6486987,803066639.0,0.0853420942113518,117.17547
HK.09999,网易-S,2024-11-06,116.27547,116.87547,118.37547,115.27547,12.32,0.00161,5194143,643279507.0,-0.3410772943395507,117.27547
HK.09999,网易-S,2024-11-07,115.57547,119.27547,120.07547,115.27547,12.558,0.00167,5374515,675086348.0,2.053467678033715,116.87547
HK.09999,网易-S,2024-11-08,115.87547,112.17547,117.17547,112.17547,11.853,0.00477,15368767,1861340422.0,-5.952607019699855,119.27547
HK.09999,网易-S,2024-11-11,108.77547,113.17547,113.27547,108.77547,11.952,0.00227,7309308,867455463.0,0.8914604948835962,112.17547
HK.09999,网易-S,2024-11-12,114.67547,113.67547,116.77547,113.47547,12.002,0.00263,8459811,1030773981.0,0.4417918476503786,113.17547
HK.09999,网易-S,2024-11-13,113.67547,113.37547,116.37547,112.07547,11.972,0.00216,6969732,840324857.0,-0.2639091793506525,113.67547
HK.09999,网易-S,2024-11-14,111.37547,112.27547,114.17547,110.67547,11.863,0.00332,10711758,1283162343.0,-0.9702275104129744,113.37547
HK.09999,网易-S,2024-11-15,123.77547,126.77547,129.57547,119.87547,13.302,0.00778,25085524,3355724870.0,12.914664262817158,112.27547
HK.09999,网易-S,2024-11-18,128.57547,128.67547,130.27547,127.57547,13.491,0.00319,10291727,1403487069.0,1.4987126452775064,126.77547
HK.09999,网易-S,2024-11-19,128.475469999,127.87547,129.67547,126.77547,13.412,0.00198,6365778,861669184.0,-0.6217191202021511,128.67547
HK.09999,网易-S,2024-11-20,127.87547,127.67547,128.475469999,126.37547,13.392,0.00239,7702373,1037821029.0,-0.1564021621973337,127.87547
HK.09999,网易-S,2024-11-21,128.77547,129.57547,131.67547,128.27547,13.58,0.00214,6881240,945393089.0,1.488148036580552,127.67547
HK.09999,网易-S,2024-11-22,130.07547,129.17547,132.27547,128.57547,13.541,0.00199,6396914,877834896.0,-0.3087004044824268,129.57547
HK.09999,网易-S,2024-11-25,127.475469999,126.37547,128.475469999,126.37547,13.263,0.00287,9234492,1238219239.0,-2.1675942034505336,129.17547
HK.09999,网易-S,2024-11-26,122.17547,125.07547,125.27547,122.17547,13.134,0.00163,5246988,691023000.0,-1.0286806450650678,126.37547
HK.09999,网易-S,2024-11-27,126.57547,129.17547,129.975469999,126.57547,13.541,0.00153,4929649,667004150.0,3.2780208621242792,125.07547
HK.09999,网易-S,2024-11-28,127.25237,125.85237,127.95237,125.45237,13.144,0.00109,3526484,467642412.0,-2.5725472491023234,129.17547
HK.09999,网易-S,2024-11-29,125.85237,127.85237,129.05237,125.85237,13.342,0.00107,3458274,464569380.0,1.5891635572695215,125.85237
HK.09999,网易-S,2024-12-02,128.55237,131.55237,132.15237,128.05237,13.709,0.00189,6092539,837096206.0,2.893962779102181,127.85237
HK.09999,网易-S,2024-12-03,131.55237,132.55237,133.35237,129.152369999,13.809,0.00181,5836963,804684970.0,0.76015354189362,131.55237
HK.09999,网易-S,2024-12-04,133.05237,135.15237,135.55237,132.25237,14.067,0.00212,6827010,964461076.0,1.9614888817152003,132.55237
HK.09999,网易-S,2024-12-05,133.95237,135.55237,136.55237,133.15237,14.107,0.00209,6727783,954184882.0,0.2959622535661089,135.15237
HK.09999,网易-S,2024-12-06,135.05237,135.75237,136.15237,133.35237,14.126,0.00179,5758265,817098429.0,0.1475444509011661,135.55237
HK.09999,网易-S,2024-12-09,135.65237,144.35237,144.65237,134.35237,14.98,0.00389,12525092,1829855219.0,6.335064352835971,135.75237
HK.09999,网易-S,2024-12-10,152.45237,144.65237,153.15237,144.35237,15.01,0.00446,14370044,2226876915.0,0.2078247832023699,144.35237
HK.09999,网易-S,2024-12-11,145.45237,143.25237,147.05237,142.85237,14.871,0.00198,6366906,960219176.0,-0.9678375819213868,144.65237
HK.09999,网易-S,2024-12-12,144.45237,144.95237,147.65237,142.65237,15.04,0.00216,6945322,1055886470.0,1.1867168410546984,143.25237
HK.09999,网易-S,2024-12-13,143.95237,140.55237,144.65237,140.05237,14.603,0.00229,7378025,1095576763.0,-3.03547986141931,144.95237
HK.09999,网易-S,2024-12-16,140.55237,139.15237,142.25237,138.25237,14.464,0.00164,5296101,774691266.0,-0.9960700057921512,140.55237
HK.09999,网易-S,2024-12-17,137.95237,138.05237,140.55237,137.55237,14.355,0.00117,3777327,547982462.0,-0.7905003702056921,139.15237
HK.09999,网易-S,2024-12-18,138.05237,139.05237,139.75237,136.85237,14.454,0.00132,4252220,615455281.0,0.7243627907293443,138.05237
HK.09999,网易-S,2024-12-19,136.45237,137.25237,138.05237,135.25237,14.275,0.00134,4319579,619974307.0,-1.2944763185265975,139.05237
HK.09999,网易-S,2024-12-20,136.15237,136.35237,137.65237,135.85237,14.186,0.00133,4283960,613053178.0,-0.6557263819925335,137.25237
HK.09999,网易-S,2024-12-23,136.95237,137.65237,139.45237,136.95237,14.315,0.00062,2013964,291035173.0,0.9534121042413732,136.35237
HK.09999,网易-S,2024-12-24,136.35237,135.85237,137.35237,134.85237,14.136,0.0004,1273577,182033633.0,-1.3076418517167434,137.65237
HK.09999,网易-S,2024-12-27,136.25237,135.35237,137.05237,134.15237,14.087,0.00056,1789290,254052024.0,-0.3680465787972635,135.85237
HK.09999,网易-S,2024-12-30,136.15237,133.65237,136.15237,133.55237,13.918,0.00091,2936608,412475723.0,-1.2559809628749146,135.35237
HK.09999,网易-S,2024-12-31,132.45237,131.85237,134.05237,131.85237,13.739,0.00053,1694756,236333519.0,-1.3467774645522432,133.65237
HK.09999,网易-S,2025-01-02,129.35237,130.85237,133.65237,129.25237,13.64,0.00135,4352311,599106337.0,-0.7584239858563028,131.85237
HK.09999,网易-S,2025-01-03,131.35237,129.95237,132.15237,127.85237,13.551,0.00188,6064677,825609206.0,-0.6877980123707393,130.85237
HK.09999,网易-S,2025-01-06,130.45237,130.75237,132.05237,129.652369999,13.63,0.00071,2287004,313617322.0,0.6156101654783298,129.95237
HK.09999,网易-S,2025-01-07,129.25237,130.95237,130.95237,127.85237,13.65,0.00196,6301309,860686651.0,0.1529608985290198,130.75237
HK.09999,网易-S,2025-01-08,132.35237,135.05237,135.35237,130.85237,14.057,0.00242,7802045,1093141630.0,3.13090935276696,130.95237
HK.09999,网易-S,2025-01-09,141.35237,138.15237,142.05237,136.15237,14.365,0.00327,10528621,1535215410.0,2.2954058488569986,135.05237
HK.09999,网易-S,2025-01-10,139.75237,140.15237,141.45237,138.15237,14.563,0.0034,10957653,1608476234.0,1.4476769381516943,138.15237
HK.09999,网易-S,2025-01-13,140.15237,142.05237,145.45237,139.35237,14.752,0.00468,15067325,2246849780.0,1.3556674068372914,140.15237
HK.09999,网易-S,2025-01-14,140.95237,142.25237,143.75237,138.65237,14.772,0.00357,11499450,1703153398.0,0.1407931455138813,142.05237
HK.09999,网易-S,2025-01-15,142.45237,148.25237,148.85237,141.95237,15.367,0.00421,13579043,2080889612.0,4.217855913402356,142.25237
HK.09999,网易-S,2025-01-16,154.95237,150.45237,154.95237,149.65237,15.586,0.00337,10867855,1717932515.0,1.4839560406352952,148.25237
HK.09999,网易-S,2025-01-17,149.75237,147.25237,149.75237,145.35237,15.268,0.00234,7544319,1160322217.0,-2.126918971100282,150.45237
HK.09999,网易-S,2025-01-20,148.15237,149.15237,151.15237,146.25237,15.457,0.00215,6933630,1074255408.0,1.2903018131388833,147.25237
HK.09999,网易-S,2025-01-21,149.95237,150.85237,152.15237,147.45237,15.625,0.00139,4465066,702027658.0,1.1397740444888789,149.15237
HK.09999,网易-S,2025-01-22,149.65237,148.25237,150.15237,146.75237,15.367,0.00175,5641743,871543600.0,-1.7235393782676365,150.85237
HK.09999,网易-S,2025-01-23,151.35237,150.05237,151.95237,146.75237,15.546,0.00207,6658593,1046148992.0,1.2141458514288728,148.25237
HK.09999,网易-S,2025-01-24,150.45237,151.85237,153.65237,148.65237,15.725,0.00203,6535204,1033759196.0,1.199581186221858,150.05237
HK.09999,网易-S,2025-01-27,154.05237,151.75237,154.65237,151.15237,15.715,0.0014,4516011,716250333.0,-0.0658534338318159,151.85237
HK.09999,网易-S,2025-01-28,153.75237,154.45237,155.75237,152.55237,15.983,0.00119,3836508,617390120.0,1.7792143872283432,151.75237
HK.09999,网易-S,2025-02-03,151.25237,153.95237,154.55237,148.15237,15.933,0.00218,7030524,1115356948.0,-0.3237243947762019,154.45237
HK.09999,网易-S,2025-02-04,155.95237,152.25237,157.25237,148.95237,15.764,0.00244,7858380,1253816043.0,-1.1042376288198672,153.95237
HK.09999,网易-S,2025-02-05,152.25237,152.05237,153.35237,150.15237,15.745,0.00207,6679182,1057337860.0,-0.1313608451546712,152.25237
HK.09999,网易-S,2025-02-06,151.75237,154.45237,154.45237,150.85237,15.983,0.00144,4654063,745056669.0,1.578403546094024,152.05237
HK.09999,网易-S,2025-02-07,153.05237,156.35237,156.35237,152.35237,16.171,0.00238,7670277,1241057548.0,1.230152700149571,154.45237
HK.09999,网易-S,2025-02-10,158.35237,159.45237,163.05237,156.45237,16.479,0.00243,7822704,1299363327.0,1.9827009977527008,156.35237
HK.09999,网易-S,2025-02-11,156.55237,155.45237,158.85237,154.85237,16.082,0.00266,8579650,1400621751.0,-2.5085861063087367,159.45237
HK.09999,网易-S,2025-02-12,156.45237,159.75237,160.45237,155.15237,16.509,0.00258,8319094,1366322187.0,2.7661205808570246,155.45237
HK.09999,网易-S,2025-02-13,163.95237,157.05237,166.35237,156.85237,16.241,0.00438,14105821,2368412283.0,-1.6901157710524213,159.75237
HK.09999,网易-S,2025-02-14,157.05237,158.75237,159.15237,151.55237,16.41,0.00462,14902036,2429765958.0,1.082441481144167,157.05237
HK.09999,网易-S,2025-02-17,152.25237,154.25237,157.75237,151.55237,15.963,0.00285,9198364,1480824930.0,-2.8346033511184743,158.75237
HK.09999,网易-S,2025-02-18,153.65237,158.95237,160.95237,152.55237,16.43,0.00268,8631875,1416386140.0,3.046954805297311,154.25237
HK.09999,网易-S,2025-02-19,157.35237,155.95237,157.65237,154.85237,16.132,0.00163,5253160,854513647.0,-1.8873578292667168,158.95237
HK.09999,网易-S,2025-02-20,155.65237,151.55237,156.15237,150.95237,15.886,0.00204,6564322,1048684370.0,-2.821374243943844,155.95237
HK.09999,网易-S,2025-02-21,151.55237,153.45237,153.45237,146.55237,16.077,0.00472,15217367,2386438137.0,1.2536920405797716,151.55237
HK.09999,网易-S,2025-02-24,153.45237,150.85237,153.45237,148.85237,15.815,0.00316,10178172,1604752542.0,-1.694336816042655,153.45237
HK.09999,网易-S,2025-02-25,147.65237,147.95237,150.65237,146.65237,15.524,0.00283,9116921,1413734666.0,-1.9224093065292944,150.85237
HK.09999,网易-S,2025-02-26,149.95237,153.15237,154.55237,149.95237,16.047,0.00258,8307444,1321596172.0,3.5146446116408874,147.95237
HK.09999,网易-S,2025-02-27,149.45237,149.95237,152.35237,148.95237,15.725,0.00238,7671335,1205192948.0,-2.089422449029022,153.15237
HK.09999,网易-S,2025-02-28,150.65237,148.25237,152.15237,146.95237,15.554,0.00366,11785521,1830237529.0,-1.1336933187518068,149.95237
HK.09999,网易-S,2025-03-03,147.85237,146.45237,150.95237,145.25237,15.373,0.00216,6953142,1071646706.0,-1.214145851428892,148.25237
HK.09999,网易-S,2025-03-04,144.55237,149.85237,150.55237,142.85237,15.715,0.00218,7025336,1092368292.0,2.3215739014670818,146.45237
HK.09999,网易-S,2025-03-05,151.05035,153.35035,153.85035,149.35035,15.876,0.00156,5032578,789955451.0,2.334284069047412,149.85237
HK.09999,网易-S,2025-03-06,155.05035,159.65035,159.95035,153.75035,16.509,0.00235,7588908,1231866911.0,4.108239726873797,153.35035
HK.09999,网易-S,2025-03-07,157.65035,156.95035,161.15035,155.45035,16.237,0.0037,11925725,1944458474.0,-1.6911957913026916,159.65035
HK.09999,网易-S,2025-03-10,155.55035,157.15035,158.75035,154.85035,16.258,0.00336,10828681,1750202580.0,0.1274288333858555,156.95035
HK.09999,网易-S,2025-03-11,156.65035,159.15035,159.45035,151.65035,16.459,0.00209,6720457,1088450531.0,1.272666589670338,157.15035
HK.09999,网易-S,2025-03-12,159.25035,158.35035,161.45035,156.95035,16.378,0.00196,6306770,1033718015.0,-0.5026693312330205,159.15035
HK.09999,网易-S,2025-03-13,158.05035,156.35035,158.85035,155.05035,16.177,0.00148,4759937,767604739.0,-1.2630221530928096,158.35035
HK.09999,网易-S,2025-03-14,156.35035,156.75035,158.55035,154.45035,16.217,0.00139,4490257,725779656.0,0.2558356920851189,156.35035
HK.09999,网易-S,2025-03-17,157.95035,152.35035,158.55035,151.65035,15.775,0.0022,7101968,1129446856.0,-2.80701127621087,156.75035
HK.09999,网易-S,2025-03-18,153.55035,154.85035,154.85035,152.05035,16.026,0.00197,6361971,1007596317.0,1.640954549825452,152.35035
HK.09999,网易-S,2025-03-19,151.65035,155.55035,156.35035,151.35035,16.097,0.00187,6040521,965243561.0,0.4520493495817201,154.85035
HK.09999,网易-S,2025-03-20,155.65035,152.05035,155.65035,151.25035,15.745,0.00174,5602934,883670325.0,-2.250075297162623,155.55035
HK.09999,网易-S,2025-03-21,151.35035,147.25035,151.45035,146.55035,15.263,0.00243,7816314,1192875933.0,-3.1568490306007257,152.05035
HK.09999,网易-S,2025-03-24,147.65035,151.95035,153.05035,147.35035,15.735,0.00183,5898773,913722869.0,3.1918430075038793,147.25035
HK.09999,网易-S,2025-03-25,151.95035,149.35035,153.15035,148.95035,15.474,0.00126,4050828,627198309.0,-1.7110852327750443,151.95035
HK.09999,网易-S,2025-03-26,150.55035,151.85035,152.55035,149.85035,15.725,0.00093,2986319,466393043.0,1.6739163985889556,149.35035
HK.09999,网易-S,2025-03-27,153.85035,152.35035,154.65035,151.05035,15.775,0.00092,2977910,468436945.0,0.3292715492588591,151.85035
HK.09999,网易-S,2025-03-28,154.25035,152.95035,156.15035,152.55035,15.836,0.00119,3822083,605711618.0,0.3938290919581047,152.35035
HK.09999,网易-S,2025-03-31,152.95035,153.35035,154.45035,150.45035,15.876,0.00164,5269987,832897517.0,0.2615227752012373,152.95035
HK.09999,网易-S,2025-04-01,155.95035,159.85035,160.95035,155.05035,16.529,0.00242,7787116,1276156623.0,4.238660035663433,153.35035
HK.09999,网易-S,2025-04-02,160.55035,160.55035,161.85035,159.25035,16.599,0.00153,4940706,815412592.0,0.4379095823062114,159.85035
HK.09999,网易-S,2025-04-03,158.15035,160.05035,161.55035,157.05035,16.549,0.00176,5665961,932405425.0,-0.3114287823103469,160.55035
HK.09999,网易-S,2025-04-07,144.35035,130.550349999,147.55035,127.25035,13.585,0.00572,18416721,2602248762.0,-18.431699775102032,160.05035
HK.09999,网易-S,2025-04-08,139.75035,140.65035,146.05035,138.15035,14.6,0.00572,18444744,2692241063.0,7.73647868510301,130.550349999
HK.09999,网易-S,2025-04-09,136.35035,142.25035,143.75035,132.75035,14.76,0.00413,13319113,1914385723.0,1.13757271133701,140.65035
HK.09999,网易-S,2025-04-10,142.25035,143.95035,146.35035,139.75035,14.931,0.00292,9403533,1397684861.0,1.195076145682586,142.25035
HK.09999,网易-S,2025-04-11,145.15035,145.55035,147.85035,142.05035,15.092,0.00186,6004608,900153571.0,1.1114943450988644,143.95035
HK.09999,网易-S,2025-04-14,151.65035,149.85035,151.85035,147.45035,15.524,0.00233,7500776,1154440069.0,2.9543041291209415,145.55035
HK.09999,网易-S,2025-04-15,149.85035,147.65035,149.85035,145.15035,15.036,0.00138,4367451,662656655.0,-1.4681313723991891,149.85035
HK.09999,网易-S,2025-04-16,145.05035,146.75035,148.15035,145.05035,14.947,0.00173,5467415,827447351.0,-0.6095481656494588,147.65035
HK.09999,网易-S,2025-04-17,146.95035,153.65035,153.95035,146.65035,15.628,0.00224,7093134,1112586803.0,4.701862721281418,146.75035
HK.09999,网易-S,2025-04-22,151.35035,153.25035,154.25035,151.25035,15.588,0.00192,6088832,959152068.0,-0.2603313301922226,153.65035
HK.09999,网易-S,2025-04-23,157.15035,156.05035,157.65035,154.65035,15.865,0.00196,6203497,995495613.0,1.8270757619803228,153.25035
HK.09999,网易-S,2025-04-24,157.25035,156.75035,157.55035,155.65035,15.934,0.00174,5513585,888097296.0,0.4485731688522253,156.05035
HK.09999,网易-S,2025-04-25,163.85035,160.15035,164.15035,158.45035,16.27,0.00241,7629423,1262946646.0,2.1690541679811277,156.75035
HK.09999,网易-S,2025-04-28,160.85035,158.75035,160.85035,157.85035,16.131,0.00152,4799493,786149131.0,-0.8741785453481716,160.15035
HK.09999,网易-S,2025-04-29,157.55035,159.15035,160.55035,157.35035,16.171,0.00146,4618629,753998143.0,0.2519679484171252,158.75035
HK.09999,网易-S,2025-04-30,160.05035,162.35035,163.75035,159.65035,16.487,0.00172,5452275,907804291.0,2.010677324932046,159.15035
HK.09999,网易-S,2025-05-02,163.65035,164.15035,166.85035,161.15035,16.665,0.00119,3777023,638431620.0,1.1087133473996278,162.35035
HK.09999,网易-S,2025-05-06,160.85035,163.85035,164.75035,160.25035,16.635,0.00205,6493017,1087695966.0,-0.1827592813539608,164.15035
HK.09999,网易-S,2025-05-07,168.35035,161.45035,168.55035,160.75035,16.398,0.0024,7613336,1284222814.0,-1.4647512196342611,163.85035
HK.09999,网易-S,2025-05-08,160.65035,161.25035,163.45035,159.95035,16.378,0.00162,5143116,853828561.0,-0.1238770928647653,161.45035
HK.09999,网易-S,2025-05-09,162.25035,159.05035,162.25035,158.05035,16.161,0.00128,4048987,664121682.0,-1.3643381239172434,161.25035
HK.09999,网易-S,2025-05-12,161.45035,164.25035,165.85035,159.35035,16.674,0.00173,5476151,916748741.0,3.269404940007984,159.05035
HK.09999,网易-S,2025-05-13,160.95035,159.25035,161.25035,158.45035,16.181,0.00168,5318650,873470326.0,-3.0441335437032557,164.25035
HK.09999,网易-S,2025-05-14,160.75035,161.45035,163.05035,159.85035,16.398,0.00141,4464021,741463146.0,1.3814726309863612,159.25035
HK.09999,网易-S,2025-05-15,165.15035,163.45035,168.35035,162.45035,16.595,0.00229,7234824,1221895004.0,1.2387709286477235,161.45035
HK.09999,网易-S,2025-05-16,181.75035,185.35035,190.55035,180.65035,18.758,0.00658,20836797,3945222930.0,13.398564151132137,163.45035
HK.09999,网易-S,2025-05-19,185.35035,181.55035,185.55035,180.15035,18.382,0.00229,7255131,1353516497.0,-2.050171472565325,185.35035
HK.09999,网易-S,2025-05-20,180.95035,184.35035,184.85035,180.55035,18.659,0.00235,7443453,1400487933.0,1.5422718821527928,181.55035
HK.09999,网易-S,2025-05-21,185.05035,185.85035,187.05035,184.35035,18.807,0.00177,5607861,1069136839.0,0.8136681053222844,184.35035
HK.09999,网易-S,2025-05-22,185.85035,181.95035,186.35035,180.55035,18.422,0.00109,3447769,644989789.0,-2.098462553339289,185.85035
HK.09999,网易-S,2025-05-23,185.55035,183.95035,187.05035,183.25035,18.619,0.00125,3972862,751618530.0,1.0992009633397244,181.95035
HK.09999,网易-S,2025-05-26,179.95035,184.65035,185.75035,179.95035,18.688,0.00175,5531788,1044955516.0,0.3805374656802866,183.95035
HK.09999,网易-S,2025-05-27,184.95035,187.55035,189.55035,184.75035,18.975,0.00188,5952210,1146699426.0,1.5705358803814915,184.65035
HK.09999,网易-S,2025-05-28,190.35035,192.95035,194.45035,189.35035,19.508,0.00259,8185795,1614861022.0,2.8792268316214695,187.55035
HK.09999,网易-S,2025-05-29,194.40394,196.60394,199.20394,193.30394,19.765,0.00368,11635428,2324049694.0,1.8935389337205184,192.95035
HK.09999,网易-S,2025-05-30,188.80394,187.10394,190.10394,185.80394,18.827,0.0094,29755777,5686747271.0,-4.832049652718048,196.60394
HK.09999,网易-S,2025-06-02,190.00394,189.10394,191.70394,186.20394,19.024,0.00305,9659742,1850756621.0,1.0689245774300635,187.10394
HK.09999,网易-S,2025-06-03,194.30394,193.70394,195.80394,192.50394,19.478,0.00231,7317390,1441354306.0,2.432524673996742,189.10394
HK.09999,网易-S,2025-06-04,193.40394,195.70394,196.00394,193.20394,19.676,0.00158,4997541,993259116.0,1.0325035205788793,193.70394
HK.09999,网易-S,2025-06-05,197.20394,197.60394,198.00394,192.40394,19.863,0.00219,6920601,1378802475.0,0.9708542403387512,195.70394
HK.09999,网易-S,2025-06-06,197.60394,195.40394,199.40394,194.90394,19.646,0.00856,27101051,5400313608.0,-1.113338124735766,197.60394
HK.09999,网易-S,2025-06-09,196.20394,201.40394,203.80394,196.00394,20.238,0.00641,20282892,4079509102.0,3.070562446181996,195.40394
HK.09999,网易-S,2025-06-10,201.20394,201.00394,203.00394,200.00394,20.199,0.00199,6310257,1292278398.0,-0.1986058465390526,201.40394
HK.09999,网易-S,2025-06-11,203.80394,205.20394,207.20394,202.40394,20.614,0.00255,8074928,1685984762.0,2.0895112802266405,201.00394
HK.09999,网易-S,2025-06-12,207.40394,204.80394,208.00394,203.40394,20.574,0.00221,6991168,1462343953.0,-0.1949280311089432,205.20394
HK.09999,网易-S,2025-06-13,201.20394,203.40394,206.00394,200.40394,20.436,0.0053,16787668,3480056321.0,-0.6835805990841805,204.80394
HK.09999,网易-S,2025-06-16,201.00394,202.20394,203.40394,199.40394,20.317,0.00166,5246457,1079149622.0,-0.5899590735558107,203.40394
HK.09999,网易-S,2025-06-17,202.80394,201.00394,203.40394,199.60394,20.199,0.00141,4472864,915617603.0,-0.5934602461257623,202.20394
HK.09999,网易-S,2025-06-18,201.00394,200.40394,202.80394,199.20394,20.14,0.00124,3922022,799771019.0,-0.2985016114609466,201.00394
HK.09999,网易-S,2025-06-19,200.00394,199.60394,202.20394,198.00394,20.061,0.00163,5157391,1050047050.0,-0.3991937483863897,200.40394
HK.09999,网易-S,2025-06-20,200.40394,200.40394,201.60394,199.20394,20.14,0.00246,7795995,1589909350.0,0.4007936917477738,199.60394
HK.09999,网易-S,2025-06-23,196.60394,200.60394,200.60394,196.60394,20.159,0.00165,5239677,1063194543.0,0.0997984370965903,200.40394
HK.09999,网易-S,2025-06-24,202.60394,205.60394,207.00394,202.60394,20.653,0.00216,6828949,1428570983.0,2.4924734778389697,200.60394
HK.09999,网易-S,2025-06-25,205.60394,207.00394,209.00394,205.60394,20.791,0.00174,5500760,1158827470.0,0.6809208033659305,205.60394
HK.09999,网易-S,2025-06-26,205.00394,206.60394,207.80394,202.60394,20.752,0.00226,7169808,1501390603.0,-0.1932330370136943,207.00394
HK.09999,网易-S,2025-06-27,206.40394,204.20394,207.40394,202.80394,20.515,0.00169,5350786,1111702584.0,-1.1616428999369548,206.60394
HK.09999,网易-S,2025-06-30,206.20394,207.40394,211.00394,204.20394,20.831,0.00189,5984384,1267836675.0,1.5670608510296211,204.20394
HK.09999,网易-S,2025-07-02,208.60394,204.60394,209.20394,203.40394,20.554,0.00157,4965937,1037779218.0,-1.3500225694844616,207.40394
HK.09999,网易-S,2025-07-03,206.80394,205.20394,207.60394,202.80394,20.614,0.00147,4655029,971732165.0,0.2932494848339647,204.60394
HK.09999,网易-S,2025-07-04,202.80394,206.40394,207.40394,202.00394,20.732,0.00124,3916672,818305206.0,0.5847840933268714,205.20394
HK.09999,网易-S,2025-07-07,206.40394,205.20394,206.40394,203.60394,20.614,0.00117,3709409,775226589.0,-0.5813842507076256,206.40394
HK.09999,网易-S,2025-07-08,206.40394,208.40394,208.60394,204.00394,20.93,0.00139,4393399,924983625.0,1.5594242488716432,205.20394
HK.09999,网易-S,2025-07-09,203.40394,202.20394,204.00394,199.80394,20.317,0.00171,5405641,1111193460.0,-2.974991739599557,208.40394
HK.09999,网易-S,2025-07-10,198.00394,199.20394,201.40394,196.60394,20.021,0.00144,4565316,927087450.0,-1.4836506153144198,202.20394
HK.09999,网易-S,2025-07-11,196.40394,198.20394,201.40394,195.60394,19.922,0.00215,6812421,1379881144.0,-0.5019981030495682,199.20394
HK.09999,网易-S,2025-07-14,198.40394,198.60394,199.40394,197.20394,19.962,0.00116,3660144,739385547.0,0.2018123353148306,198.20394
HK.09999,网易-S,2025-07-15,201.00394,205.40394,205.60394,200.40394,20.633,0.00155,4913915,1018802320.0,3.423899848109766,198.60394
HK.09999,网易-S,2025-07-16,205.00394,203.20394,207.20394,202.80394,20.416,0.00124,3912150,815246095.0,-1.0710602727484275,205.40394
HK.09999,网易-S,2025-07-17,203.20394,204.40394,206.20394,203.20394,20.535,0.00101,3199639,666135276.0,0.5905397306764903,203.20394
HK.09999,网易-S,2025-07-18,208.80394,209.60394,210.40394,207.40394,21.048,0.00192,6089861,1293774824.0,2.5439822735315127,204.40394
HK.09999,网易-S,2025-07-21,211.20394,212.00394,213.00394,210.00394,21.285,0.00164,5207631,1119929172.0,1.1450166442481975,209.60394
HK.09999,网易-S,2025-07-22,213.00394,212.60394,213.60394,210.80394,21.344,0.0014,4431731,956425597.0,0.2830136081433176,212.00394
HK.09999,网易-S,2025-07-23,217.60394,218.20394,219.20394,213.00394,21.897,0.0021,6644601,1465099353.0,2.6340057479649692,212.60394
HK.09999,网易-S,2025-07-24,214.40394,211.00394,215.40394,210.40394,21.186,0.00228,7231843,1559021274.0,-3.299665441421447,218.20394
HK.09999,网易-S,2025-07-25,209.80394,209.40394,211.00394,207.40394,21.028,0.00105,3334741,710586287.0,-0.7582796795168821,211.00394
HK.09999,网易-S,2025-07-28,208.80394,206.40394,210.60394,204.40394,20.732,0.00201,6348875,1335747595.0,-1.4326378004157898,209.40394
HK.09999,网易-S,2025-07-29,203.40394,202.60394,204.80394,200.20394,20.357,0.00198,6253432,1287176041.0,-1.8410501272407935,206.40394
HK.09999,网易-S,2025-07-30,201.40394,201.60394,204.00394,200.00394,20.258,0.00228,7212543,1483370768.0,-0.493573816975129,202.60394
HK.09999,网易-S,2025-07-31,201.40394,200.80394,204.40394,200.00394,20.179,0.00179,5679072,1166575815.0,-0.3968176415599729,201.60394
HK.09999,网易-S,2025-08-01,197.80394,197.80394,202.00394,197.40394,19.883,0.00157,4982444,1007641281.0,-1.4939945899467908,200.80394
HK.09999,网易-S,2025-08-04,198.00394,202.20394,203.00394,198.00394,20.317,0.00119,3783014,774139905.0,2.2244248522046512,197.80394
HK.09999,网易-S,2025-08-05,203.40394,205.40394,205.60394,203.20394,20.633,0.00149,4703587,979420964.0,1.5825606563353891,202.20394
HK.09999,网易-S,2025-08-06,204.20394,204.20394,204.80394,202.60394,20.515,0.00118,3734540,775210129.0,-0.584214694226419,205.40394
HK.09999,网易-S,2025-08-07,205.20394,203.20394,205.60394,200.40394,20.416,0.0017,5388889,1114088540.0,-0.4897065159467541,204.20394
HK.09999,网易-S,2025-08-08,200.20394,201.00394,202.40394,199.80394,20.199,0.00115,3655019,748850845.0,-1.0826561729068782,203.20394
HK.09999,网易-S,2025-08-11,199.40394,198.60394,200.80394,198.00394,19.962,0.00149,4716767,956259164.0,-1.194006445843801,201.00394
HK.09999,网易-S,2025-08-12,197.00394,200.80394,201.40394,195.50394,20.179,0.00155,4901811,996108370.0,1.1077323038002251,198.60394
HK.09999,网易-S,2025-08-13,200.40394,211.80394,212.00394,200.40394,21.265,0.00225,7111555,1506698253.0,5.477980163138233,200.80394
HK.09999,网易-S,2025-08-14,208.40394,204.20394,208.60394,203.80394,20.515,0.00254,8041469,1679539671.0,-3.5882240906377953,211.80394
HK.09999,网易-S,2025-08-15,198.80394,196.60394,207.20394,195.10394,19.765,0.00298,9429342,1918514995.0,-3.721769521195327,204.20394
HK.09999,网易-S,2025-08-18,197.00394,200.60394,205.80394,196.80394,20.159,0.00169,5335234,1099768681.0,2.034547222197073,196.60394
HK.09999,网易-S,2025-08-19,202.20394,198.00394,202.20394,198.00394,19.903,0.00115,3654027,739802780.0,-1.2960862084762614,200.60394
HK.09999,网易-S,2025-08-20,196.60394,198.60394,199.60394,194.40394,19.962,0.00153,4848614,975051463.0,0.3030242731533495,198.00394
HK.09999,网易-S,2025-08-21,200.80394,200.80394,201.80394,198.80394,20.179,0.00113,3570041,727875273.0,1.1077323038002251,198.60394
HK.09999,网易-S,2025-08-22,204.80394,201.60394,204.80394,198.60394,20.258,0.00119,3767290,770833030.0,0.3983985573191357,200.80394
HK.09999,网易-S,2025-08-25,203.60394,214.00394,216.40394,203.60394,21.482,0.00313,9921012,2137390814.0,6.150673444179715,201.60394
HK.09999,网易-S,2025-08-26,211.20394,212.00394,216.80394,210.00394,21.285,0.00203,6434852,1396339793.0,-0.9345622328261808,214.00394
HK.09999,网易-S,2025-08-27,210.29872,208.29872,213.69872,207.29872,20.831,0.00225,7129558,1514610025.0,-1.7477128019413208,212.00394
HK.09999,网易-S,2025-08-28,209.89872,209.69872,211.49872,208.89872,20.969,0.00164,5201556,1106596730.0,0.6721116673208581,208.29872
HK.09999,网易-S,2025-08-29,212.29872,209.69872,214.89872,208.69872,20.969,0.00149,4724500,1007394986.0,0.0,209.69872
HK.09999,网易-S,2025-09-01,208.89872,212.89872,215.49872,208.69872,21.285,0.00112,3542605,762612866.0,1.5259988234549016,209.69872
HK.09999,网易-S,2025-09-02,208.69872,211.09872,212.29872,208.69872,21.107,0.0016,5056151,1081278860.0,-0.8454724387257995,212.89872
HK.09999,网易-S,2025-09-03,210.09872,207.09872,212.29872,206.69872,20.712,0.00151,4768979,1005720816.0,-1.894848059713484,211.09872
HK.09999,网易-S,2025-09-04,207.89872,205.09872,211.09872,203.89872,20.515,0.00257,8135958,1704363413.0,-0.9657230136429622,207.09872
HK.09999,网易-S,2025-09-05,205.09872,207.29872,208.29872,203.29872,20.732,0.00257,8123676,1700759174.0,1.0726541833123178,205.09872
HK.09999,网易-S,2025-09-08,208.29872,216.49872,217.69872,207.89872,21.64,0.00241,7627115,1654573303.0,4.438039945446835,207.29872
HK.09999,网易-S,2025-09-09,223.29872,220.49872,228.09872,218.89872,22.035,0.00316,10005291,2252173497.0,1.8475859811088031,216.49872
HK.09999,网易-S,2025-09-10,223.29872,226.29872,226.89872,217.69872,22.608,0.00228,7216764,1638472721.0,2.630400756974921,220.49872
HK.09999,网易-S,2025-09-11,223.29872,227.29872,230.29872,221.69872,22.707,0.00224,7100417,1633491641.0,0.4418937941849605,226.29872
HK.09999,网易-S,2025-09-12,231.89872,233.69872,235.09872,229.89872,23.338,0.00183,5800018,1370260447.0,2.8156779765411812,227.29872
HK.09999,网易-S,2025-09-15,233.49872,237.89872,239.09872,232.09872,23.753,0.00167,5287914,1268903426.0,1.7971857098746578,233.69872
HK.09999,网易-S,2025-09-16,238.89872,240.89872,242.89872,238.09872,24.049,0.00248,7861387,1916354694.0,1.2610408328384448,237.89872
HK.09999,网易-S,2025-09-17,237.69872,243.69872,245.29872,237.29872,24.326,0.00272,8614522,2111965143.0,1.1623141874726488,240.89872
HK.09999,网易-S,2025-09-18,242.09872,237.69872,244.29872,236.29872,23.733,0.00327,10338968,2504932798.0,-2.4620564277071293,243.69872
HK.09999,网易-S,2025-09-19,230.29872,234.09872,236.29872,230.29872,23.378,0.00287,9101150,2151551076.0,-1.5145222490049686,237.69872
HK.09999,网易-S,2025-09-22,231.09872,231.29872,233.29872,227.09872,23.101,0.00165,5217178,1215211299.0,-1.196076595378216,234.09872
HK.09999,网易-S,2025-09-23,234.89872,234.49872,238.29872,232.09872,23.417,0.00145,4604758,1091368659.0,1.383492308128635,231.29872
HK.09999,网易-S,2025-09-24,235.89872,234.49872,236.69872,232.09872,23.417,0.0014,4443090,1054353281.0,0.0,234.49872
HK.09999,网易-S,2025-09-25,231.49872,231.69872,235.69872,228.29872,23.141,0.00206,6514290,1529934611.0,-1.1940363683008517,234.49872
HK.09999,网易-S,2025-09-26,228.89872,227.69872,230.69872,227.29872,22.746,0.00115,3636560,842076739.0,-1.726379843617608,231.69872
HK.09999,网易-S,2025-09-29,227.69872,229.29872,232.89872,226.29872,22.904,0.00168,5306152,1229156197.0,0.7026829136325379,227.69872
HK.09999,网易-S,2025-09-30,232.29872,234.09872,234.69872,229.69872,23.378,0.00214,6769123,1593198196.0,2.093339203986827,229.29872
HK.09999,网易-S,2025-10-02,227.29872,237.69872,239.09872,227.29872,23.733,0.00162,5127471,1223692424.0,1.537812765486297,234.09872
HK.09999,网易-S,2025-10-03,235.29872,233.89872,236.29872,232.49872,23.358,0.00105,3309959,782832437.0,-1.5986623739496837,237.69872
HK.09999,网易-S,2025-10-06,228.49872,230.09872,233.69872,227.49872,22.983,0.00127,4034876,937395783.0,-1.624634799198564,233.89872
HK.09999,网易-S,2025-10-08,232.09872,236.89872,237.29872,227.29872,23.654,0.00169,5351597,1265984870.0,2.9552532930213657,230.09872
HK.09999,网易-S,2025-10-09,237.89872,237.69872,239.29872,229.89872,23.733,0.00183,5795846,1387006512.0,0.3376970546738333,236.89872
HK.09999,网易-S,2025-10-10,234.29872,234.69872,238.49872,232.89872,23.437,0.00185,5861581,1395252837.0,-1.262101874170799,237.69872
HK.09999,网易-S,2025-10-13,242.09872,232.29872,242.09872,227.09872,23.2,0.00326,10306006,2415194772.0,-1.0225875965578362,234.69872
HK.09999,网易-S,2025-10-14,229.09872,225.49872,232.49872,224.29872,22.529,0.00271,8570297,1967801317.0,-2.927265376236258,232.29872
HK.09999,网易-S,2025-10-15,225.49872,229.09872,229.69872,224.69872,22.884,0.00242,7669582,1769533612.0,1.5964613901134317,225.49872
HK.09999,网易-S,2025-10-16,228.29872,229.29872,230.89872,225.09872,22.904,0.00118,3737255,863340864.0,0.0872986108346729,229.09872
HK.09999,网易-S,2025-10-17,229.49872,221.09872,229.89872,220.89872,22.094,0.00161,5094204,1149154532.0,-3.5761211401441826,229.29872
HK.09999,网易-S,2025-10-20,235.49872,232.69872,235.49872,230.29872,23.24,0.00156,4952259,1165430585.0,5.246525172104128,221.09872
HK.09999,网易-S,2025-10-21,235.29872,237.49872,240.29872,233.89872,23.714,0.00187,5933808,1429620727.0,2.062753074017761,232.69872
HK.09999,网易-S,2025-10-22,232.89872,226.89872,233.29872,224.49872,22.667,0.00191,6048562,1393682207.0,-4.463181948938502,237.49872
HK.09999,网易-S,2025-10-23,222.09872,225.49872,227.29872,221.29872,22.529,0.00112,3533481,801679239.0,-0.6170153802542411,226.89872
HK.09999,网易-S,2025-10-24,228.09872,227.89872,229.69872,226.49872,22.766,0.00144,4545265,1047087278.0,1.0643075934089583,225.49872
HK.09999,网易-S,2025-10-27,230.69872,227.29872,231.49872,225.29872,22.707,0.0014,4432192,1020248222.0,-0.2632748441939447,227.89872
HK.09999,网易-S,2025-10-28,225.69872,221.89872,227.49872,220.69872,22.173,0.00229,7264252,1644034041.0,-2.3757282927066226,227.29872
HK.09999,网易-S,2025-10-30,208.49872,217.29872,220.89872,208.49872,21.719,0.00449,14222687,3119970259.0,-2.073017816416424,221.89872
HK.09999,网易-S,2025-10-31,214.89872,214.29872,219.09872,213.89872,21.423,0.00187,5930195,1293725696.0,-1.3805879758518596,217.29872
HK.09999,网易-S,2025-11-03,214.29872,217.49872,218.49872,213.29872,21.739,0.00157,4973877,1090676565.0,1.4932427034561797,214.29872
HK.09999,网易-S,2025-11-04,215.89872,214.09872,217.49872,213.49872,21.403,0.00172,5460863,1188485402.0,-1.563227590488811,217.49872
HK.09999,网易-S,2025-11-05,211.49872,214.69872,215.29872,209.69872,21.463,0.00154,4884772,1057818973.0,0.2802445526063971,214.09872
HK.09999,网易-S,2025-11-06,213.29872,217.49872,218.69872,212.49872,21.739,0.00145,4583623,1003910711.0,1.3041530941591002,214.69872
HK.09999,网易-S,2025-11-07,215.49872,216.29872,217.69872,215.09872,21.621,0.00119,3762152,823083235.0,-0.5517273848783978,217.49872
HK.09999,网易-S,2025-11-10,215.49872,216.89872,217.09872,212.29872,21.68,0.0012,3787475,825451810.0,0.2773941519395003,216.29872
HK.09999,网易-S,2025-11-11,216.49872,217.29872,217.69872,213.89872,21.719,0.00087,2765984,605196013.0,0.1844178702391631,216.89872
HK.09999,网易-S,2025-11-12,220.29872,218.89872,221.89872,217.69872,21.877,0.00129,4090907,908057838.0,0.7363135871209892,217.29872
HK.09999,网易-S,2025-11-13,217.09872,220.89872,222.49872,217.09872,22.075,0.00133,4214308,940698814.0,0.9136645476958476,218.89872
HK.09999,网易-S,2025-11-14,216.89872,216.69872,219.69872,215.69872,21.66,0.00141,4468290,984474380.0,-1.9013238284042515,220.89872
HK.09999,网易-S,2025-11-17,216.69872,215.69872,218.69872,213.29872,21.561,0.00135,4267325,931207004.0,-0.4614701923481596,216.69872
HK.09999,网易-S,2025-11-18,211.49872,212.29872,213.89872,210.49872,21.226,0.00105,3309505,710712721.0,-1.5762726825639048,215.69872
HK.09999,网易-S,2025-11-19,214.69872,212.89872,215.89872,212.89872,21.285,0.00128,4057274,878712610.0,0.2826206394461513,212.29872
HK.09999,网易-S,2025-11-20,210.09872,209.89872,212.69872,204.69872,20.989,0.00244,7721910,1627371901.0,-1.409120731209657,212.89872
HK.09999,网易-S,2025-11-21,209.49872,201.89872,210.49872,201.09872,20.199,0.00389,12317153,2549946757.0,-3.811361974956303,209.89872
HK.09999,网易-S,2025-11-24,208.49872,213.89872,215.89872,208.09872,21.384,0.0031,9817963,2120602711.0,5.943574085066017,201.89872
HK.09999,网易-S,2025-11-25,217.09872,214.89872,218.69872,213.89872,21.482,0.00152,4822233,1052200352.0,0.4675109790278315,213.89872
HK.09999,网易-S,2025-11-26,216.09872,212.49872,216.89872,211.29872,21.245,0.0013,4104922,886210781.0,-1.116805162915817,214.89872
HK.09999,网易-S,2025-11-27,212.49872,212.09872,216.29872,211.09872,21.206,0.00168,5328379,1149172447.0,-0.1882364279653099,212.49872
HK.09999,网易-S,2025-11-28,213.49872,211.29872,213.69872,210.29872,21.127,0.00117,3702092,794044553.0,-0.3771828514570871,212.09872
HK.09999,网易-S,2025-12-01,214.09872,219.69872,219.69872,212.29872,21.956,0.00189,5980207,1314628582.0,3.975414522151391,211.29872
HK.09999,网易-S,2025-12-02,223.69872,221.69872,224.09872,219.49872,22.154,0.0021,6662378,1496118396.0,0.9103375750209196,219.69872
HK.09999,网易-S,2025-12-03,218.29872,215.09872,219.09872,213.89872,21.502,0.00172,5454839,1190380073.0,-2.977013128447482,221.69872
HK.09999,网易-S,2025-12-04,215.78636,215.38636,217.98636,214.18636,21.443,0.00147,4652205,1012797695.0,0.1337246451303896,215.09872
HK.09999,网易-S,2025-12-05,213.38636,216.18636,217.58636,210.78636,21.522,0.0022,6959898,1509914727.0,0.3714255628815173,215.38636
HK.09999,网易-S,2025-12-08,215.98636,214.98636,216.18636,213.58636,21.403,0.00097,3081981,668451700.0,-0.5550766477589136,216.18636
HK.09999,网易-S,2025-12-09,212.98636,210.78636,215.38636,210.38636,20.989,0.00132,4166084,890061842.0,-1.9536123128927756,214.98636
HK.09999,网易-S,2025-12-10,208.18636,208.98636,210.18636,205.98636,20.811,0.0021,6653181,1394927009.0,-0.8539451983515497,210.78636
HK.09999,网易-S,2025-12-11,211.38636,207.78636,211.98636,205.98636,20.693,0.00091,2882914,604518444.0,-0.5742001535411156,208.98636
HK.09999,网易-S,2025-12-12,211.78636,216.58636,217.58636,209.18636,21.561,0.00472,14928487,3238198172.0,4.235119186841721,207.78636
HK.09999,网易-S,2025-12-15,213.98636,214.78636,217.18636,213.58636,21.384,0.00122,3864152,839715832.0,-0.8310772663615619,216.58636
HK.09999,网易-S,2025-12-16,212.98636,209.18636,214.38636,208.78636,20.831,0.0012,3788043,803221625.0,-2.6072419123821433,214.78636
HK.09999,网易-S,2025-12-17,210.58636,208.38636,210.78636,206.78636,20.752,0.00189,5976710,1258329234.0,-0.3824341128169214,209.18636
HK.09999,网易-S,2025-12-18,206.58636,209.78636,210.38636,205.18636,20.89,0.00134,4237512,889950914.0,0.6718290007081105,208.38636
HK.09999,网易-S,2025-12-19,212.78636,212.58636,214.98636,210.78636,21.166,0.00196,6205779,1333055473.0,1.3346911591392363,209.78636
HK.09999,网易-S,2025-12-22,210.58636,212.38636,212.98636,208.78636,21.147,0.00098,3107399,662777679.0,-0.094079413185313,212.58636
HK.09999,网易-S,2025-12-23,214.18636,210.98636,214.18636,210.58636,21.008,0.00081,2576797,551053721.0,-0.6591760412486026,212.38636
HK.09999,网易-S,2025-12-24,213.58636,211.38636,215.58636,210.78636,21.048,0.0006,1897476,405663421.0,0.1895857153988559,210.98636
HK.09999,网易-S,2025-12-29,213.38636,214.38636,218.58636,211.78636,21.344,0.00137,4344209,942690488.0,1.4192022607324333,211.38636
HK.09999,网易-S,2025-12-30,213.18636,219.98636,219.98636,213.18636,21.897,0.00149,4707639,1038335387.0,2.6121064791621977,214.38636
HK.09999,网易-S,2025-12-31,217.18636,212.78636,218.18636,212.18636,21.186,0.00092,2902302,625645122.0,-3.2729301943993203,219.98636
HK.09999,网易-S,2026-01-02,218.18636,226.98636,227.18636,215.98636,22.588,0.00145,4575466,1037950695.0,6.67336007815538,212.78636
HK.09999,网易-S,2026-01-05,226.38636,220.78636,226.58636,219.18636,21.976,0.00148,4671596,1045900926.0,-2.731441660194907,226.98636
HK.09999,网易-S,2026-01-06,224.38636,227.38636,230.78636,223.78636,22.628,0.0022,6954693,1597520349.0,2.9893151008060435,220.78636
HK.09999,网易-S,2026-01-07,228.58636,220.78636,230.18636,219.98636,21.976,0.00165,5214971,1167776990.0,-2.9025487720547507,227.38636
HK.09999,网易-S,2026-01-08,220.78636,217.78636,220.78636,214.98636,21.68,0.00203,6435339,1413208657.0,-1.3587795912754754,220.78636
HK.09999,网易-S,2026-01-09,217.98636,214.98636,218.78636,213.58636,21.403,0.00167,5292947,1147498341.0,-1.2856636200724467,217.78636
HK.09999,网易-S,2026-01-12,215.78636,221.38636,221.38636,213.98636,22.035,0.00148,4699642,1038140327.0,2.9769330482175733,214.98636
HK.09999,网易-S,2026-01-13,224.58636,220.98636,227.98636,220.38636,21.996,0.00222,7031106,1579485877.0,-0.180679604651346,221.38636
HK.09999,网易-S,2026-01-14,220.78636,218.58636,222.58636,217.18636,21.759,0.00158,5010734,1110696679.0,-1.0860398804704403,220.98636
HK.09999,网易-S,2026-01-15,218.58636,211.58636,218.58636,211.38636,21.068,0.002,6319893,1361237028.0,-3.202395611510252,218.58636
HK.09999,网易-S,2026-01-16,211.58636,213.78636,214.58636,209.38636,21.285,0.0023,7279496,1562057867.0,1.039764567054317,211.58636
HK.09999,网易-S,2026-01-19,211.98636,214.38636,215.98636,211.58636,21.344,0.00111,3522808,761922992.0,0.2806540136611121,213.78636
HK.09999,网易-S,2026-01-20,214.38636,214.18636,219.58636,213.78636,21.324,0.00222,7025108,1531372689.0,-0.0932895171129304,214.38636
HK.09999,网易-S,2026-01-21,213.38636,206.18636,213.58636,203.98636,20.535,0.00307,9729530,2025315667.0,-3.735065108721209,214.18636
HK.09999,网易-S,2026-01-22,204.78636,207.18636,207.18636,202.38636,20.633,0.00166,5239794,1084917977.0,0.4849981346971739,206.18636
HK.09999,网易-S,2026-01-23,208.78636,205.18636,209.18636,202.78636,20.436,0.0015,4741232,981671772.0,-0.9653145120171038,207.18636
HK.09999,网易-S,2026-01-26,206.78636,206.58636,208.18636,203.58636,20.574,0.00118,3749536,778414941.0,0.6823065626779508,205.18636
HK.09999,网易-S,2026-01-27,204.98636,205.18636,205.98636,203.58636,20.436,0.0016,5059884,1046106136.0,-0.6776826892153023,206.58636
HK.09999,网易-S,2026-01-28,207.18636,210.18636,211.58636,206.58636,20.93,0.0022,6949997,1469961523.0,2.436809152421243,205.18636
HK.09999,网易-S,2026-01-29,209.18636,204.78636,209.18636,203.98636,20.396,0.00279,8831558,1829839180.0,-2.5691486355251625,210.18636
HK.09999,网易-S,2026-01-30,204.78636,203.18636,206.78636,203.18636,20.238,0.00198,6255515,1287611326.0,-0.7813020359363751,204.78636
HK.09999,网易-S,2026-02-02,198.18636,196.08636,199.38636,194.58636,19.537,0.00248,7862913,1561890187.0,-3.494329048465652,203.18636
HK.09999,网易-S,2026-02-03,203.18636,196.68636,203.18636,188.98636,19.597,0.0045,14249298,2820255800.0,0.3059876270843083,196.08636
HK.09999,网易-S,2026-02-04,195.68636,190.08636,196.48636,190.08636,18.945,0.00394,12483445,2419571974.0,-3.3555961887748564,196.68636
HK.09999,网易-S,2026-02-05,188.18636,190.78636,190.98636,186.78636,19.014,0.00406,12855127,2452834885.0,0.3682536716469233,190.08636
HK.09999,网易-S,2026-02-06,184.88636,186.48636,189.58636,183.28636,18.59,0.00352,11137272,2100782552.0,-2.2538298859520207,190.78636
HK.09999,网易-S,2026-02-09,185.58636,189.48636,190.28636,185.58636,18.886,0.00257,8139995,1551795730.0,1.608696743289965,186.48636
HK.09999,网易-S,2026-02-10,193.98636,191.18636,195.68636,190.08636,19.054,0.00216,6831208,1327638128.0,0.8971622020709127,189.48636
HK.09999,网易-S,2026-02-11,191.18636,193.18636,194.38636,191.08636,16.517,0.00138,4381299,853449449.0,1.0460997322193906,191.18636
HK.09999,网易-S,2026-02-12,190.38636,185.18636,190.38636,182.88636,15.839,0.00385,12177418,2289178766.0,-4.141079111382397,193.18636
HK.09999,网易-S,2026-02-13,182.28636,183.88636,184.98636,181.28636,15.729,0.00306,9682922,1793791273.0,-0.7019955465402589,185.18636
HK.09999,网易-S,2026-02-16,187.28636,185.48636,188.18636,182.68636,15.864,0.00061,1945455,363088952.0,0.8701026003233705,183.88636
HK.09999,网易-S,2026-02-20,184.18636,177.48636,184.18636,176.88636,15.187,0.00314,9935226,1796805469.0,-4.312985601744517,185.48636
HK.09999,网易-S,2026-02-23,186.88636,180.58636,186.88636,179.98636,15.449,0.00202,6384345,1176195555.0,1.7466130918454934,177.48636
HK.09999,网易-S,2026-02-24,181.88636,177.58636,181.88636,177.08636,15.195,0.00202,6379856,1149326031.0,-1.661255036094642,180.58636
HK.09999,网易-S,2026-02-25,180.28636,176.48636,180.28636,175.08636,15.102,0.0031,9823949,1752104566.0,-0.6194169417065717,177.58636
HK.09999,网易-S,2026-02-26,173.18636,173.18636,177.08636,172.38636,14.822,0.00315,9976038,1748209618.0,-1.8698328868021208,176.48636
HK.09999,网易-S,2026-02-27,173.38636,177.38636,178.48636,173.38636,15.178,0.00394,12473485,2227067623.0,2.425133249523801,173.18636
HK.09999,网易-S,2026-03-02,178.18636,175.48636,178.98636,174.88636,15.017,0.00269,8510132,1519145160.0,-1.071108285890756,177.38636
HK.09999,网易-S,2026-03-03,177.58636,177.98636,182.48636,176.88636,15.229,0.00315,9958236,1800331400.0,1.4246121464938928,175.48636
HK.09999,网易-S,2026-03-04,177.98636,179.88636,181.18636,176.68636,15.39,0.0029,9177369,1661798224.0,1.0674975318333415,177.98636
HK.09999,网易-S,2026-03-05,180.98636,177.98636,181.18636,175.48636,15.229,0.0034,10760736,1938356722.0,-1.0562223839539615,179.88636
HK.09999,网易-S,2026-03-06,181.18636,187.38636,188.88636,178.88636,16.025,0.00457,14482278,2722558796.0,5.281303578543888,177.98636
HK.09999,网易-S,2026-03-09,179.68636,182.08636,182.08636,178.18636,15.576,0.00283,8945392,1631469498.0,-2.8283808917575337,187.38636
HK.09999,网易-S,2026-03-10,185.18636,186.18636,187.48636,183.28636,15.924,0.00212,6718190,1256686059.0,2.2516788187758787,182.08636
HK.09999,网易-S,2026-03-11,183.48636,182.58636,183.68636,179.78636,15.619,0.00205,6489886,1192953734.0,-1.9335465820374784,186.18636
HK.09999,网易-S,2026-03-12,182.58636,181.48636,184.08636,180.18636,15.526,0.0019,6014994,1102619950.0,-0.6024546411900772,182.58636
HK.09999,网易-S,2026-03-13,184.9,182.4,188.0,181.9,15.449,0.00199,6300525,1159129098.0,0.5034207529425435,181.48636
HK.09999,网易-S,2026-03-16,182.4,186.9,187.6,180.0,15.83,0.00158,5017217,930748396.0,2.4671052631578947,182.4
HK.09999,网易-S,2026-03-17,188.0,186.8,190.2,185.3,15.822,0.00114,3613878,677490714.0,-0.0535045478865673,186.9
HK.09999,网易-S,2026-03-18,186.8,187.8,189.6,186.3,15.907,0.00146,4615814,867572449.0,0.5353319057815845,186.8
HK.09999,网易-S,2026-03-19,182.2,183.3,186.1,182.2,15.526,0.00157,4974697,915303833.0,-2.3961661341853033,187.8
HK.09999,网易-S,2026-03-20,179.6,182.4,184.5,179.6,15.449,0.00285,9016467,1644797302.0,-0.4909983633387919,183.3
HK.09999,网易-S,2026-03-23,178.9,175.8,179.3,174.8,14.89,0.00163,5158576,909098898.0,-3.618421052631576,182.4
HK.09999,网易-S,2026-03-24,176.1,177.1,177.6,173.2,15.0,0.00155,4916020,865144652.0,0.7394766780432211,175.8
HK.09999,网易-S,2026-03-25,179.8,176.3,180.1,174.9,14.933,0.00126,3978591,702415822.0,-0.451722190852616,177.1
HK.09999,网易-S,2026-03-26,176.3,171.8,177.7,171.1,14.551,0.00119,3763747,649441833.0,-2.552467385138967,176.3
HK.09999,网易-S,2026-03-27,171.8,173.1,175.7,171.7,14.662,0.00155,4908897,850673859.0,0.7566938300349144,171.8
HK.09999,网易-S,2026-03-30,173.1,172.4,173.6,169.2,14.602,0.00173,5462052,938936388.0,-0.4043905257076768,173.1
HK.09999,网易-S,2026-03-31,172.7,170.5,174.4,169.7,14.441,0.00199,6306270,1080058738.0,-1.1020881670533675,172.4
HK.09999,网易-S,2026-04-01,175.5,176.1,178.1,174.3,14.916,0.00173,5488151,966322492.0,3.2844574780058617,170.5
HK.09999,网易-S,2026-04-02,175.5,174.8,176.5,174.2,14.806,0.0016,5079961,890251875.0,-0.7382169222032839,176.1
