code,name,time_key,open,close,high,low,pe_ratio,turnover_rate,volume,turnover,change_rate,last_close
HK.09866,蔚来-SW,2022-03-10 00:00:00,160.0,158.9,169.5,158.8,0.0,0.00019,315020,51289295.0,-0.6874999999999964,160.0
HK.09866,蔚来-SW,2022-03-11 00:00:00,142.0,146.4,146.5,139.5,0.0,0.00019,320570,45957248.0,-7.8665827564505975,158.9
HK.09866,蔚来-SW,2022-03-14 00:00:00,131.9,125.7,131.9,123.4,0.0,0.00018,307320,39496783.0,-14.139344262295083,146.4
HK.09866,蔚来-SW,2022-03-15 00:00:00,115.5,109.6,117.4,108.0,0.0,0.00028,470138,53297833.0,-12.808273667462219,125.7
HK.09866,蔚来-SW,2022-03-16 00:00:00,124.9,141.5,146.0,117.8,0.0,0.00038,637606,84940753.0,29.105839416058398,109.6
HK.09866,蔚来-SW,2022-03-17 00:00:00,156.8,145.0,156.8,145.0,0.0,0.00023,393540,58819014.0,2.4734982332155475,141.5
HK.09866,蔚来-SW,2022-03-18 00:00:00,155.0,150.0,155.0,146.6,0.0,0.00017,281470,42547280.0,3.4482758620689653,145.0
HK.09866,蔚来-SW,2022-03-21 00:00:00,160.0,160.0,170.0,158.0,0.0,0.00013,219074,35635008.0,6.666666666666667,150.0
HK.09866,蔚来-SW,2022-03-22 00:00:00,162.5,164.2,164.5,155.0,0.0,9e-05,149270,24074963.0,2.624999999999993,160.0
HK.09866,蔚来-SW,2022-03-23 00:00:00,170.0,173.0,180.0,168.5,0.0,0.00024,407544,71607078.0,5.359317904993917,164.2
HK.09866,蔚来-SW,2022-03-24 00:00:00,174.0,174.4,175.0,170.2,0.0,0.00016,268150,46558224.0,0.8092485549132981,173.0
HK.09866,蔚来-SW,2022-03-25 00:00:00,169.0,162.0,172.0,161.4,0.0,7e-05,115970,19199881.0,-7.110091743119269,174.4
HK.09866,蔚来-SW,2022-03-28 00:00:00,161.3,155.8,161.3,150.0,0.0,0.0001,161315,24980710.0,-3.827160493827154,162.0
HK.09866,蔚来-SW,2022-03-29 00:00:00,163.1,167.0,169.5,163.0,0.0,6e-05,95910,15964948.0,7.18870346598202,155.8
HK.09866,蔚来-SW,2022-03-30 00:00:00,172.5,175.8,179.2,171.0,0.0,6e-05,94796,16626209.0,5.269461077844318,167.0
HK.09866,蔚来-SW,2022-03-31 00:00:00,179.3,175.2,179.3,172.0,0.0,5e-05,92844,16193844.0,-0.34129692832765796,175.8
HK.09866,蔚来-SW,2022-04-01 00:00:00,166.3,169.9,174.0,164.4,0.0,0.00014,231700,39324329.0,-3.025114155251132,175.2
HK.09866,蔚来-SW,2022-04-04 00:00:00,175.0,183.0,196.0,174.0,0.0,0.00013,225584,41075528.0,7.71041789287816,169.9
HK.09866,蔚来-SW,2022-04-06 00:00:00,183.0,177.2,183.0,175.0,0.0,0.0001,163640,29399724.0,-3.1693989071038313,183.0
HK.09866,蔚来-SW,2022-04-07 00:00:00,175.0,170.0,175.0,169.0,0.0,0.00014,238580,40833854.0,-4.063205417607217,177.2
HK.09866,蔚来-SW,2022-04-08 00:00:00,164.0,163.5,165.2,158.1,0.0,0.00026,436364,70279096.0,-3.823529411764706,170.0
HK.09866,蔚来-SW,2022-04-11 00:00:00,162.0,144.8,162.0,140.0,0.0,0.00015,249520,37196605.0,-11.437308868501523,163.5
HK.09866,蔚来-SW,2022-04-12 00:00:00,153.0,157.0,160.0,152.0,0.0,0.00025,416510,65385595.0,8.425414364640876,144.8
HK.09866,蔚来-SW,2022-04-13 00:00:00,159.0,154.2,159.0,151.0,0.0,4e-05,74550,11535772.0,-1.783439490445867,157.0
HK.09866,蔚来-SW,2022-04-14 00:00:00,160.0,160.9,164.1,159.8,0.0,9e-05,144636,23509388.0,4.345006485084317,154.2
HK.09866,蔚来-SW,2022-04-19 00:00:00,152.0,155.6,158.7,151.1,0.0,0.00022,370170,57625120.0,-3.2939714108141773,160.9
HK.09866,蔚来-SW,2022-04-20 00:00:00,158.6,152.6,160.0,150.1,0.0,0.00014,236101,36364657.0,-1.9280205655526992,155.6
HK.09866,蔚来-SW,2022-04-21 00:00:00,148.0,147.4,148.0,141.5,0.0,0.00011,188223,27209989.0,-3.40760157273918,152.6
HK.09866,蔚来-SW,2022-04-22 00:00:00,137.0,139.0,140.6,133.8,0.0,0.00018,308860,42594431.0,-5.698778833107196,147.4
HK.09866,蔚来-SW,2022-04-25 00:00:00,136.0,130.9,136.0,129.0,0.0,0.00014,228727,29912677.0,-5.827338129496399,139.0
HK.09866,蔚来-SW,2022-04-26 00:00:00,135.4,135.8,138.5,133.8,0.0,6e-05,94030,12796685.0,3.7433155080213942,130.9
HK.09866,蔚来-SW,2022-04-27 00:00:00,131.0,132.2,134.8,128.6,0.0,8e-05,141140,18629031.0,-2.6509572901325646,135.8
HK.09866,蔚来-SW,2022-04-28 00:00:00,135.0,135.0,137.0,131.2,0.0,6e-05,102380,13700572.0,2.118003025718617,132.2
HK.09866,蔚来-SW,2022-04-29 00:00:00,134.4,144.0,147.9,131.0,0.0,0.00017,290900,41483857.0,6.666666666666667,135.0
HK.09866,蔚来-SW,2022-05-03 00:00:00,144.0,137.5,144.0,135.4,0.0,5e-05,91770,12723592.0,-4.513888888888888,144.0
HK.09866,蔚来-SW,2022-05-04 00:00:00,137.5,137.3,139.6,135.1,0.0,5e-05,82120,11251113.0,-0.14545454545453718,137.5
HK.09866,蔚来-SW,2022-05-05 00:00:00,141.1,137.8,142.1,137.8,0.0,4e-05,62860,8828190.0,0.36416605972323374,137.3
HK.09866,蔚来-SW,2022-05-06 00:00:00,121.0,122.0,124.1,117.4,0.0,0.00019,313310,38105334.0,-11.465892597968077,137.8
HK.09866,蔚来-SW,2022-05-10 00:00:00,109.0,109.6,114.4,104.5,0.0,0.00021,348530,38208673.0,-10.163934426229511,122.0
HK.09866,蔚来-SW,2022-05-11 00:00:00,109.0,112.0,121.3,106.0,0.0,0.00022,370760,42471954.0,2.1897810218978155,109.6
HK.09866,蔚来-SW,2022-05-12 00:00:00,102.0,100.9,105.4,100.8,0.0,0.00027,457764,46938716.0,-9.910714285714281,112.0
HK.09866,蔚来-SW,2022-05-13 00:00:00,104.6,106.6,108.5,102.1,0.0,0.00017,294930,31387689.0,5.649157581764111,100.9
HK.09866,蔚来-SW,2022-05-16 00:00:00,109.6,109.8,113.9,108.8,0.0,0.00013,226497,24986278.0,3.001876172607883,106.6
HK.09866,蔚来-SW,2022-05-17 00:00:00,114.1,121.5,121.9,113.6,0.0,0.0003,500810,59827129.0,10.655737704918037,109.8
HK.09866,蔚来-SW,2022-05-18 00:00:00,130.0,130.4,133.0,128.4,0.0,0.00031,527530,68741249.0,7.325102880658441,121.5
HK.09866,蔚来-SW,2022-05-19 00:00:00,123.2,123.6,126.7,122.0,0.0,0.00016,266220,33136690.0,-5.214723926380377,130.4
HK.09866,蔚来-SW,2022-05-20 00:00:00,127.7,135.4,135.4,127.7,0.0,0.00033,553183,74263513.0,9.546925566343052,123.6
HK.09866,蔚来-SW,2022-05-23 00:00:00,134.0,132.4,135.8,132.0,0.0,0.00039,653491,87407723.0,-2.2156573116691285,135.4
HK.09866,蔚来-SW,2022-05-24 00:00:00,126.9,121.7,126.9,121.7,0.0,0.00042,705900,87199966.0,-8.081570996978854,132.4
HK.09866,蔚来-SW,2022-05-25 00:00:00,117.0,118.5,121.6,115.0,0.0,0.00032,538260,64440085.0,-2.6294165981922784,121.7
HK.09866,蔚来-SW,2022-05-26 00:00:00,117.6,115.9,117.6,114.0,0.0,0.00039,657936,76035456.0,-2.194092827004215,118.5
HK.09866,蔚来-SW,2022-05-27 00:00:00,123.9,125.7,127.0,123.8,0.0,0.00031,516810,64826095.0,8.455565142364103,115.9
HK.09866,蔚来-SW,2022-05-30 00:00:00,130.2,132.5,134.7,130.2,0.0,0.00024,412506,54830401.0,5.409705648369131,125.7
HK.09866,蔚来-SW,2022-05-31 00:00:00,135.0,136.0,140.4,132.0,0.0,0.00033,551063,74653085.0,2.6415094339622645,132.5
HK.09866,蔚来-SW,2022-06-01 00:00:00,140.0,139.2,141.0,136.8,0.0,0.00032,545780,76217136.0,2.35294117647058,136.0
HK.09866,蔚来-SW,2022-06-02 00:00:00,140.0,141.2,144.5,137.2,0.0,0.00035,597383,84740838.0,1.4367816091954024,139.2
HK.09866,蔚来-SW,2022-06-06 00:00:00,142.4,149.5,151.0,142.4,0.0,0.00041,691640,101252771.0,5.878186968838536,141.2
HK.09866,蔚来-SW,2022-06-07 00:00:00,154.1,153.8,158.8,152.0,0.0,0.00041,688700,106353069.0,2.876254180602014,149.5
HK.09866,蔚来-SW,2022-06-08 00:00:00,155.0,161.6,166.5,155.0,0.0,0.0007,1191970,192860360.0,5.07152145643692,153.8
HK.09866,蔚来-SW,2022-06-09 00:00:00,165.8,159.7,165.8,153.5,0.0,0.00051,866749,139081104.0,-1.1757425742574292,161.6
HK.09866,蔚来-SW,2022-06-10 00:00:00,150.0,154.7,162.7,146.9,0.0,0.00192,3253328,507503305.0,-3.1308703819661865,159.7
HK.09866,蔚来-SW,2022-06-13 00:00:00,143.2,139.9,148.0,139.9,0.0,0.00097,1645710,237508361.0,-9.566903684550732,154.7
HK.09866,蔚来-SW,2022-06-14 00:00:00,127.8,132.6,136.9,127.1,0.0,0.00075,1270183,167560978.0,-5.218012866333103,139.9
HK.09866,蔚来-SW,2022-06-15 00:00:00,148.0,149.1,154.1,147.3,0.0,0.00071,1196560,180156311.0,12.44343891402715,132.6
HK.09866,蔚来-SW,2022-06-16 00:00:00,159.5,155.3,161.4,154.8,0.0,0.00118,1999499,315564209.0,4.15828303152248,149.1
HK.09866,蔚来-SW,2022-06-17 00:00:00,149.8,159.4,161.1,148.3,0.0,0.00139,2349729,372916646.0,2.6400515132002536,155.3
HK.09866,蔚来-SW,2022-06-20 00:00:00,163.0,176.0,180.2,161.7,0.0,0.00074,1248320,213646767.0,10.414052697616057,159.4
HK.09866,蔚来-SW,2022-06-21 00:00:00,176.5,175.1,178.0,172.0,0.0,0.00075,1277280,224099628.0,-0.5113636363636396,176.0
HK.09866,蔚来-SW,2022-06-22 00:00:00,181.4,175.5,184.5,175.1,0.0,0.00077,1300670,231948925.0,0.22844089091947783,175.1
HK.09866,蔚来-SW,2022-06-23 00:00:00,179.9,184.2,190.6,178.9,0.0,0.00083,1403107,260518971.0,4.95726495726495,175.5
HK.09866,蔚来-SW,2022-06-24 00:00:00,180.0,188.5,190.2,178.3,0.0,0.0011,1857430,347225783.0,2.3344191096634157,184.2
HK.09866,蔚来-SW,2022-06-27 00:00:00,193.8,193.5,199.2,190.8,0.0,0.00089,1510551,293659166.0,2.6525198938992043,188.5
HK.09866,蔚来-SW,2022-06-28 00:00:00,181.4,186.7,189.2,175.6,0.0,0.00124,2090540,383625236.0,-3.514211886304915,193.5
HK.09866,蔚来-SW,2022-06-29 00:00:00,174.8,165.5,177.9,162.0,0.0,0.00149,2521450,426544088.0,-11.355115158007493,186.7
HK.09866,蔚来-SW,2022-06-30 00:00:00,169.6,172.0,176.8,168.0,0.0,0.00077,1304330,224423003.0,3.927492447129909,165.5
HK.09866,蔚来-SW,2022-07-04 00:00:00,172.0,168.8,173.2,164.4,0.0,0.00046,783042,131380988.0,-1.860465116279063,172.0
HK.09866,蔚来-SW,2022-07-05 00:00:00,171.0,170.2,174.5,167.0,0.0,0.00037,617949,105144038.0,0.8293838862559108,168.8
HK.09866,蔚来-SW,2022-07-06 00:00:00,171.1,172.9,176.5,167.0,0.0,0.00044,736190,126675663.0,1.5863689776733354,170.2
HK.09866,蔚来-SW,2022-07-07 00:00:00,163.9,166.8,167.8,160.8,0.0,0.00051,869420,143442701.0,-3.528050896471946,172.9
HK.09866,蔚来-SW,2022-07-08 00:00:00,177.0,176.1,179.2,175.3,0.0,0.00081,1374670,243982081.0,5.575539568345313,166.8
HK.09866,蔚来-SW,2022-07-11 00:00:00,176.1,168.7,176.1,166.3,0.0,0.00043,721930,122126194.0,-4.202157864849521,176.1
HK.09866,蔚来-SW,2022-07-12 00:00:00,161.3,158.4,163.6,157.3,0.0,0.00037,626251,100122977.0,-6.105512744516884,168.7
HK.09866,蔚来-SW,2022-07-13 00:00:00,163.9,161.5,166.5,161.0,0.0,0.00016,277410,45279510.0,1.9570707070707034,158.4
HK.09866,蔚来-SW,2022-07-14 00:00:00,161.6,165.5,169.1,161.6,0.0,0.00023,396750,65844207.0,2.476780185758514,161.5
HK.09866,蔚来-SW,2022-07-15 00:00:00,165.5,163.9,170.2,163.3,0.0,0.00015,257350,42910916.0,-0.966767371601205,165.5
HK.09866,蔚来-SW,2022-07-18 00:00:00,163.8,163.9,168.0,160.4,0.0,0.00047,787943,128680048.0,0.0,163.9
HK.09866,蔚来-SW,2022-07-19 00:00:00,166.9,160.5,166.9,158.8,0.0,0.00034,569448,91215901.0,-2.0744356314826145,163.9
HK.09866,蔚来-SW,2022-07-20 00:00:00,160.5,157.0,161.5,156.8,0.0,0.0002,332000,52585000.0,-2.1806853582554515,160.5
HK.09866,蔚来-SW,2022-07-21 00:00:00,157.0,155.1,161.0,153.9,0.0,0.00053,895750,139977807.0,-1.2101910828025513,157.0
HK.09866,蔚来-SW,2022-07-22 00:00:00,160.1,160.4,162.7,159.0,0.0,0.00033,556578,89432316.0,3.4171502256608712,155.1
HK.09866,蔚来-SW,2022-07-25 00:00:00,152.0,150.1,152.5,148.0,0.0,0.00047,787861,117640666.0,-6.421446384039907,160.4
HK.09866,蔚来-SW,2022-07-26 00:00:00,151.0,155.0,156.9,150.1,0.0,0.00027,458300,71145828.0,3.2644903397734883,150.1
HK.09866,蔚来-SW,2022-07-27 00:00:00,152.0,150.2,152.0,148.8,0.0,0.00024,399930,59964534.0,-3.0967741935483946,155.0
HK.09866,蔚来-SW,2022-07-28 00:00:00,151.9,151.5,153.0,150.0,0.0,0.00033,560253,84721533.0,0.8655126498002739,150.2
HK.09866,蔚来-SW,2022-07-29 00:00:00,151.5,149.7,156.0,146.2,0.0,0.0004,669606,99928427.0,-1.1881188118811956,151.5
HK.09866,蔚来-SW,2022-08-01 00:00:00,150.0,162.1,166.8,150.0,0.0,0.00084,1419840,229478294.0,8.283233132932537,149.7
HK.09866,蔚来-SW,2022-08-02 00:00:00,161.9,156.8,161.9,156.5,0.0,0.00045,759951,120249081.0,-3.269586674892032,162.1
HK.09866,蔚来-SW,2022-08-03 00:00:00,156.8,157.7,163.9,156.8,0.0,0.00023,395056,62997944.0,0.5739795918367202,156.8
HK.09866,蔚来-SW,2022-08-04 00:00:00,160.0,161.0,162.5,157.7,0.0,0.00022,366960,59014773.0,2.0925808497146554,157.7
HK.09866,蔚来-SW,2022-08-05 00:00:00,166.0,164.4,166.5,162.4,0.0,0.0002,340446,56011017.0,2.1118012422360284,161.0
HK.09866,蔚来-SW,2022-08-08 00:00:00,158.2,157.5,158.7,155.9,0.0,0.00018,301140,47368456.0,-4.197080291970806,164.4
HK.09866,蔚来-SW,2022-08-09 00:00:00,158.0,158.0,161.8,157.0,0.0,0.00013,224863,35818791.0,0.31746031746031744,157.5
HK.09866,蔚来-SW,2022-08-10 00:00:00,152.0,146.5,152.2,145.1,0.0,0.00059,1005904,148081483.0,-7.2784810126582276,158.0
HK.09866,蔚来-SW,2022-08-11 00:00:00,154.7,157.9,157.9,154.2,0.0,0.00039,665950,104186192.0,7.781569965870311,146.5
HK.09866,蔚来-SW,2022-08-12 00:00:00,165.0,164.6,165.0,159.2,0.0,0.00031,532573,86976123.0,4.243191893603539,157.9
HK.09866,蔚来-SW,2022-08-15 00:00:00,164.6,163.2,167.2,162.6,0.0,0.00023,384220,63476942.0,-0.8505467800729074,164.6
HK.09866,蔚来-SW,2022-08-16 00:00:00,165.4,164.8,168.5,162.3,0.0,0.00025,424721,70121765.0,0.9803921568627592,163.2
HK.09866,蔚来-SW,2022-08-17 00:00:00,164.2,163.7,165.6,160.5,0.0,0.00025,431122,70348398.0,-0.6674757281553536,164.8
HK.09866,蔚来-SW,2022-08-18 00:00:00,160.0,156.2,160.0,154.2,0.0,0.0003,504280,78728582.0,-4.581551618814906,163.7
HK.09866,蔚来-SW,2022-08-19 00:00:00,156.1,155.4,158.0,153.1,0.0,0.00029,489136,75869964.0,-0.5121638924455717,156.2
HK.09866,蔚来-SW,2022-08-22 00:00:00,150.7,148.9,153.3,148.8,0.0,0.00036,606279,91109097.0,-4.1827541827541825,155.4
HK.09866,蔚来-SW,2022-08-23 00:00:00,150.9,148.5,151.3,147.5,0.0,0.00025,427447,63471931.0,-0.2686366689053094,148.9
HK.09866,蔚来-SW,2022-08-24 00:00:00,147.5,141.0,147.5,139.4,0.0,0.00049,827747,117255952.0,-5.05050505050505,148.5
HK.09866,蔚来-SW,2022-08-25 00:00:00,145.0,151.0,151.0,145.0,0.0,0.0003,499444,74294080.0,7.092198581560284,141.0
HK.09866,蔚来-SW,2022-08-26 00:00:00,157.6,153.1,157.6,152.6,0.0,0.00028,466734,71856522.0,1.3907284768211883,151.0
HK.09866,蔚来-SW,2022-08-29 00:00:00,151.5,153.6,157.0,150.6,0.0,0.00023,396300,60588545.0,0.32658393207054215,153.1
HK.09866,蔚来-SW,2022-08-30 00:00:00,155.7,155.4,157.0,150.9,0.0,0.00022,370474,56730583.0,1.1718750000000075,153.6
HK.09866,蔚来-SW,2022-08-31 00:00:00,153.4,158.8,163.0,153.3,0.0,0.00037,628605,99658792.0,2.187902187902192,155.4
HK.09866,蔚来-SW,2022-09-01 00:00:00,156.0,150.4,156.8,149.3,0.0,0.00043,725561,109845967.0,-5.289672544080608,158.8
HK.09866,蔚来-SW,2022-09-02 00:00:00,148.7,145.5,150.4,140.5,0.0,0.00114,1934961,280705813.0,-3.2579787234042588,150.4
HK.09866,蔚来-SW,2022-09-05 00:00:00,140.7,135.5,140.7,135.5,0.0,0.00063,1063950,145818807.0,-6.872852233676976,145.5
HK.09866,蔚来-SW,2022-09-06 00:00:00,136.0,139.5,142.5,136.0,0.0,0.00031,522390,72551760.0,2.952029520295203,135.5
HK.09866,蔚来-SW,2022-09-07 00:00:00,136.0,137.4,140.8,134.0,0.0,0.0003,508840,69723817.0,-1.5053763440860175,139.5
HK.09866,蔚来-SW,2022-09-08 00:00:00,138.6,136.2,143.6,136.2,0.0,0.0004,680490,94257775.0,-0.8733624454148596,137.4
HK.09866,蔚来-SW,2022-09-09 00:00:00,138.8,144.0,145.0,137.2,0.0,0.00052,883218,126547359.0,5.726872246696044,136.2
HK.09866,蔚来-SW,2022-09-13 00:00:00,165.6,168.2,174.0,165.6,0.0,0.00091,1537132,258028292.0,16.80555555555555,144.0
HK.09866,蔚来-SW,2022-09-14 00:00:00,170.0,172.8,175.0,169.3,0.0,0.00075,1276045,220077063.0,2.734839476813331,168.2
HK.09866,蔚来-SW,2022-09-15 00:00:00,172.8,169.8,173.4,169.2,0.0,0.00038,638383,109354901.0,-1.736111111111111,172.8
HK.09866,蔚来-SW,2022-09-16 00:00:00,168.0,166.0,170.3,165.4,0.0,0.00027,463590,77561141.0,-2.2379269729093116,169.8
HK.09866,蔚来-SW,2022-09-19 00:00:00,157.4,155.4,157.4,153.1,0.0,0.00036,607990,94547833.0,-6.3855421686746965,166.0
HK.09866,蔚来-SW,2022-09-20 00:00:00,162.9,162.5,165.8,162.4,0.0,0.00027,455123,74628689.0,4.568854568854565,155.4
HK.09866,蔚来-SW,2022-09-21 00:00:00,161.4,158.0,161.4,157.1,0.0,0.00016,263257,41866593.0,-2.769230769230769,162.5
HK.09866,蔚来-SW,2022-09-22 00:00:00,144.7,146.1,146.3,142.5,0.0,0.00048,808665,117132748.0,-7.531645569620257,158.0
HK.09866,蔚来-SW,2022-09-23 00:00:00,145.4,140.5,145.6,140.1,0.0,0.00043,730259,103535726.0,-3.832991101984938,146.1
HK.09866,蔚来-SW,2022-09-26 00:00:00,139.9,139.8,142.9,138.0,0.0,0.00026,435645,61139179.0,-0.4982206405693869,140.5
HK.09866,蔚来-SW,2022-09-27 00:00:00,138.1,141.0,141.2,135.8,0.0,0.00027,449817,62270332.0,0.8583690987124382,139.8
HK.09866,蔚来-SW,2022-09-28 00:00:00,136.0,130.6,136.0,127.5,0.0,0.00051,861246,112487174.0,-7.375886524822699,141.0
HK.09866,蔚来-SW,2022-09-29 00:00:00,137.3,130.9,137.9,128.2,0.0,0.0003,510740,67154152.0,0.22970903522206076,130.6
HK.09866,蔚来-SW,2022-09-30 00:00:00,122.4,121.4,122.4,116.7,0.0,0.00058,978369,117344218.0,-7.257448433919021,130.9
HK.09866,蔚来-SW,2022-10-03 00:00:00,122.9,124.1,127.3,121.0,0.0,0.00025,427070,52930563.0,2.224052718286646,121.4
HK.09866,蔚来-SW,2022-10-05 00:00:00,133.0,134.0,135.5,130.4,0.0,0.00058,980021,130783335.0,7.977437550362616,124.1
HK.09866,蔚来-SW,2022-10-06 00:00:00,127.4,125.1,128.0,123.8,0.0,0.00041,702101,88020591.0,-6.641791044776124,134.0
HK.09866,蔚来-SW,2022-10-07 00:00:00,117.5,112.0,117.7,111.7,0.0,0.00091,1540868,174843871.0,-10.471622701838525,125.1
HK.09866,蔚来-SW,2022-10-10 00:00:00,110.0,109.1,112.8,107.9,0.0,0.00063,1063773,116298739.0,-2.5892857142857193,112.0
HK.09866,蔚来-SW,2022-10-11 00:00:00,105.8,103.5,107.8,102.0,0.0,0.00046,782163,81956199.0,-5.132905591200728,109.1
HK.09866,蔚来-SW,2022-10-12 00:00:00,100.0,103.0,108.3,98.25,0.0,0.00062,1046032,106829308.0,-0.4830917874396135,103.5
HK.09866,蔚来-SW,2022-10-13 00:00:00,103.8,99.7,103.8,99.2,0.0,0.0003,513311,51425739.0,-3.2038834951456283,103.0
HK.09866,蔚来-SW,2022-10-14 00:00:00,100.5,99.85,104.7,99.15,0.0,0.00034,572357,58068222.0,0.150451354062178,99.7
HK.09866,蔚来-SW,2022-10-17 00:00:00,93.75,94.75,99.95,90.45,0.0,0.00077,1301200,121324208.0,-5.1076614922383525,99.85
HK.09866,蔚来-SW,2022-10-18 00:00:00,98.4,99.2,99.2,93.6,0.0,0.00053,888507,86145217.0,4.696569920844331,94.75
HK.09866,蔚来-SW,2022-10-19 00:00:00,97.75,92.65,97.75,92.6,0.0,0.00063,1061880,99717392.0,-6.602822580645158,99.2
HK.09866,蔚来-SW,2022-10-20 00:00:00,85.7,87.35,90.6,83.25,0.0,0.00151,2558507,221258290.0,-5.720453318942267,92.65
HK.09866,蔚来-SW,2022-10-21 00:00:00,87.35,84.4,87.35,83.95,0.0,0.00054,920764,78202001.0,-3.377218088151104,87.35
HK.09866,蔚来-SW,2022-10-24 00:00:00,84.4,76.7,84.4,74.0,0.0,0.00136,2307280,176319424.0,-9.123222748815168,84.4
HK.09866,蔚来-SW,2022-10-25 00:00:00,74.6,75.65,79.45,72.15,0.0,0.00089,1511926,114329270.0,-1.3689700130378057,76.7
HK.09866,蔚来-SW,2022-10-26 00:00:00,81.1,83.6,89.25,81.0,0.0,0.00114,1932571,164379472.0,10.508922670191655,75.65
HK.09866,蔚来-SW,2022-10-27 00:00:00,85.0,81.15,87.0,80.2,0.0,0.00076,1294480,106549492.0,-2.9306220095693645,83.6
HK.09866,蔚来-SW,2022-10-28 00:00:00,79.25,73.55,79.25,71.95,0.0,0.00095,1608440,119724820.0,-9.365372766481833,81.15
HK.09866,蔚来-SW,2022-10-31 00:00:00,73.65,74.8,78.3,72.0,0.0,0.00066,1108896,83954433.0,1.699524133242692,73.55
HK.09866,蔚来-SW,2022-11-01 00:00:00,76.85,81.65,81.8,74.25,0.0,0.0009,1520480,120200838.0,9.157754010695198,74.8
HK.09866,蔚来-SW,2022-11-02 00:00:00,77.1,80.6,82.7,75.5,0.0,0.00099,1666950,133377750.0,-1.2859767299449005,81.65
HK.09866,蔚来-SW,2022-11-03 00:00:00,75.0,73.4,76.15,73.05,0.0,0.00083,1393448,103951099.0,-8.933002481389565,80.6
HK.09866,蔚来-SW,2022-11-04 00:00:00,76.5,88.1,90.0,76.5,0.0,0.00162,2704571,232249915.0,20.02724795640325,73.4
HK.09866,蔚来-SW,2022-11-07 00:00:00,88.1,93.65,97.5,85.8,0.0,0.00104,1734934,162832923.0,6.299659477866075,88.1
HK.09866,蔚来-SW,2022-11-08 00:00:00,88.3,85.25,88.45,83.05,0.0,0.00128,2137642,181379147.0,-8.969567538707961,93.65
HK.09866,蔚来-SW,2022-11-09 00:00:00,84.15,81.05,84.3,80.0,0.0,0.00082,1370446,111191412.0,-4.9266862170088,85.25
HK.09866,蔚来-SW,2022-11-10 00:00:00,72.9,70.35,73.8,69.55,0.0,0.00208,3482670,249397616.0,-13.201727328809381,81.05
HK.09866,蔚来-SW,2022-11-11 00:00:00,80.9,84.7,85.0,78.05,0.0,0.0019,3180952,260036729.0,20.39800995024877,70.35
HK.09866,蔚来-SW,2022-11-14 00:00:00,91.5,92.3,93.35,88.8,0.0,0.00135,2292740,209927495.0,8.972845336481692,84.7
HK.09866,蔚来-SW,2022-11-15 00:00:00,91.05,94.45,96.95,86.55,0.0,0.00093,1579294,148285235.0,2.3293607800650116,92.3
HK.09866,蔚来-SW,2022-11-16 00:00:00,92.9,88.85,92.9,87.0,0.0,0.00059,1002582,89519783.0,-5.929062996294345,94.45
HK.09866,蔚来-SW,2022-11-17 00:00:00,84.0,83.65,86.5,80.6,0.0,0.00088,1492055,123337355.0,-5.852560495216645,88.85
HK.09866,蔚来-SW,2022-11-18 00:00:00,85.55,82.15,85.95,81.7,0.0,0.0009,1518555,127518402.0,-1.7931858936043037,83.65
HK.09866,蔚来-SW,2022-11-21 00:00:00,80.2,79.6,82.4,78.75,0.0,0.00056,939587,74999304.0,-3.104077906269034,82.15
HK.09866,蔚来-SW,2022-11-22 00:00:00,79.6,76.3,79.6,75.05,0.0,0.00057,967120,73867477.0,-4.145728643216077,79.6
HK.09866,蔚来-SW,2022-11-23 00:00:00,78.0,79.8,79.8,76.8,0.0,0.00047,788544,62097593.0,4.587155963302752,76.3
HK.09866,蔚来-SW,2022-11-24 00:00:00,82.0,82.7,83.75,80.85,0.0,0.0003,506143,41675324.0,3.6340852130325887,79.8
HK.09866,蔚来-SW,2022-11-25 00:00:00,83.8,80.2,83.8,79.1,0.0,0.00022,364860,29417589.0,-3.022974607013301,82.7
HK.09866,蔚来-SW,2022-11-28 00:00:00,75.95,79.4,80.0,75.25,0.0,0.00036,607300,47363497.0,-0.9975062344139616,80.2
HK.09866,蔚来-SW,2022-11-29 00:00:00,80.0,84.15,84.3,78.65,0.0,0.00065,1106142,91305339.0,5.982367758186397,79.4
HK.09866,蔚来-SW,2022-11-30 00:00:00,82.7,87.1,87.45,80.25,0.0,0.0019,3216548,272682208.0,3.505644682115257,84.15
HK.09866,蔚来-SW,2022-12-01 00:00:00,100.0,94.6,102.8,93.25,0.0,0.00139,2359209,222191175.0,8.610792192881746,87.1
HK.09866,蔚来-SW,2022-12-02 00:00:00,94.0,93.65,94.5,91.1,0.0,0.00048,812839,75268803.0,-1.0042283298097132,94.6
HK.09866,蔚来-SW,2022-12-05 00:00:00,101.0,107.6,108.8,100.2,0.0,0.00123,2079228,219239616.0,14.895888948211415,93.65
HK.09866,蔚来-SW,2022-12-06 00:00:00,101.6,103.6,105.2,99.8,0.0,0.00054,915203,94264836.0,-3.717472118959108,107.6
HK.09866,蔚来-SW,2022-12-07 00:00:00,103.7,98.85,108.3,98.4,0.0,0.0007,1182105,122484690.0,-4.584942084942085,103.6
HK.09866,蔚来-SW,2022-12-08 00:00:00,101.9,102.3,103.7,99.1,0.0,0.00043,726461,74059208.0,3.49013657056146,98.85
HK.09866,蔚来-SW,2022-12-09 00:00:00,104.9,106.0,107.0,102.7,0.0,0.00053,898470,94635006.0,3.616813294232652,102.3
HK.09866,蔚来-SW,2022-12-12 00:00:00,99.85,99.05,102.1,97.7,0.0,0.00078,1311920,130591036.0,-6.556603773584908,106.0
HK.09866,蔚来-SW,2022-12-13 00:00:00,97.45,98.7,100.8,96.85,0.0,0.00046,777130,76754136.0,-0.35335689045935825,99.05
HK.09866,蔚来-SW,2022-12-14 00:00:00,97.45,96.0,98.2,94.8,0.0,0.00075,1272270,122150234.0,-2.735562310030398,98.7
HK.09866,蔚来-SW,2022-12-15 00:00:00,95.65,92.5,95.65,91.2,0.0,0.00077,1294950,119980802.0,-3.6458333333333335,96.0
HK.09866,蔚来-SW,2022-12-16 00:00:00,92.5,94.45,97.7,91.65,0.0,0.00137,2319990,219771781.0,2.108108108108111,92.5
HK.09866,蔚来-SW,2022-12-19 00:00:00,93.0,90.85,95.9,90.1,0.0,0.00035,587692,54203551.0,-3.8115404976177962,94.45
HK.09866,蔚来-SW,2022-12-20 00:00:00,90.8,86.35,90.8,85.0,0.0,0.00063,1065990,91612113.0,-4.953219592735278,90.85
HK.09866,蔚来-SW,2022-12-21 00:00:00,88.0,86.4,88.5,85.5,0.0,0.00033,556801,48294169.0,0.05790387955994369,86.35
HK.09866,蔚来-SW,2022-12-22 00:00:00,91.2,90.25,92.35,90.0,0.0,0.00043,735810,66962765.0,4.456018518518512,86.4
HK.09866,蔚来-SW,2022-12-23 00:00:00,89.25,88.4,92.0,86.85,0.0,0.00031,527677,46797409.0,-2.049861495844869,90.25
HK.09866,蔚来-SW,2022-12-28 00:00:00,83.0,78.85,83.0,78.1,0.0,0.0013,2206760,175451701.0,-10.803167420814491,88.4
HK.09866,蔚来-SW,2022-12-29 00:00:00,78.0,78.15,79.25,77.2,0.0,0.00038,642190,50200541.0,-0.8877615726062,78.85
HK.09866,蔚来-SW,2022-12-30 00:00:00,79.0,78.5,79.8,77.5,0.0,0.00052,878785,69047015.0,0.4478566858605173,78.15
HK.09866,蔚来-SW,2023-01-03 00:00:00,78.5,80.2,83.5,75.3,0.0,0.00126,2129610,170416601.0,2.165605095541405,78.5
HK.09866,蔚来-SW,2023-01-04 00:00:00,77.65,77.55,77.7,75.4,0.0,0.00113,1907840,146528872.0,-3.3042394014962664,80.2
HK.09866,蔚来-SW,2023-01-05 00:00:00,84.95,81.9,85.35,81.3,0.0,0.00101,1713248,142347350.0,5.609284332688599,77.55
HK.09866,蔚来-SW,2023-01-06 00:00:00,83.5,78.6,84.4,76.7,0.0,0.00171,2887224,229153024.0,-4.0293040293040425,81.9
HK.09866,蔚来-SW,2023-01-09 00:00:00,81.5,81.05,84.6,78.8,0.0,0.00145,2462201,202955224.0,3.1170483460559835,78.6
HK.09866,蔚来-SW,2023-01-10 00:00:00,83.5,86.05,89.1,82.8,0.0,0.00151,2553479,218532012.0,6.169031462060456,81.05
HK.09866,蔚来-SW,2023-01-11 00:00:00,87.0,88.65,90.7,86.2,0.0,0.00076,1286084,114341283.0,3.021499128413723,86.05
HK.09866,蔚来-SW,2023-01-12 00:00:00,91.7,89.2,92.0,88.55,0.0,0.00076,1283571,115538764.0,0.620417371686404,88.65
HK.09866,蔚来-SW,2023-01-13 00:00:00,91.8,91.95,93.5,89.7,0.0,0.00055,932916,84986724.0,3.0829596412556053,89.2
HK.09866,蔚来-SW,2023-01-16 00:00:00,92.0,88.9,93.0,88.55,0.0,0.00047,793452,71396493.0,-3.3170201196302305,91.95
HK.09866,蔚来-SW,2023-01-17 00:00:00,89.05,88.2,90.05,87.15,0.0,0.0005,844050,74346962.0,-0.7874015748031528,88.9
HK.09866,蔚来-SW,2023-01-18 00:00:00,88.2,87.3,89.4,86.15,0.0,0.00064,1079444,94455674.0,-1.0204081632653124,88.2
HK.09866,蔚来-SW,2023-01-19 00:00:00,86.55,85.1,86.7,84.1,0.0,0.00058,984455,83971154.0,-2.520045819014894,87.3
HK.09866,蔚来-SW,2023-01-20 00:00:00,85.5,85.0,85.9,83.75,0.0,0.00031,518298,43987986.0,-0.11750881316098039,85.1
HK.09866,蔚来-SW,2023-01-26 00:00:00,91.6,96.0,97.0,90.6,0.0,0.00138,2337041,220490318.0,12.941176470588237,85.0
HK.09866,蔚来-SW,2023-01-27 00:00:00,95.5,93.5,95.5,93.0,0.0,0.00058,989245,92815014.0,-2.604166666666667,96.0
HK.09866,蔚来-SW,2023-01-30 00:00:00,98.45,95.05,100.5,93.8,0.0,0.00128,2172486,211668904.0,1.6577540106951842,93.5
HK.09866,蔚来-SW,2023-01-31 00:00:00,94.55,91.7,94.55,90.65,0.0,0.00073,1227860,113058537.0,-3.5244608100999413,95.05
HK.09866,蔚来-SW,2023-02-01 00:00:00,93.6,97.5,97.65,93.2,0.0,0.00071,1194613,115076040.0,6.324972737186474,91.7
HK.09866,蔚来-SW,2023-02-02 00:00:00,96.0,92.3,96.0,91.15,0.0,0.00165,2797645,259052625.0,-5.333333333333337,97.5
HK.09866,蔚来-SW,2023-02-03 00:00:00,92.0,91.0,92.25,89.3,0.0,0.00129,2180865,197597319.0,-1.4084507042253491,92.3
HK.09866,蔚来-SW,2023-02-06 00:00:00,87.25,86.1,87.25,83.4,0.0,0.00139,2358820,199351850.0,-5.384615384615391,91.0
HK.09866,蔚来-SW,2023-02-07 00:00:00,86.1,86.1,88.0,85.85,0.0,0.00029,489408,42433925.0,0.0,86.1
HK.09866,蔚来-SW,2023-02-08 00:00:00,86.4,84.3,86.4,83.8,0.0,0.00036,616955,51999214.0,-2.09059233449477,86.1
HK.09866,蔚来-SW,2023-02-09 00:00:00,84.3,86.1,86.55,83.95,0.0,0.00045,762870,65124285.0,2.1352313167259753,84.3
HK.09866,蔚来-SW,2023-02-10 00:00:00,83.55,80.45,83.8,80.25,0.0,0.00068,1158183,94640196.0,-6.562137049941919,86.1
HK.09866,蔚来-SW,2023-02-13 00:00:00,80.85,82.45,83.5,80.45,0.0,0.00065,1093830,89860496.0,2.486016159105034,80.45
HK.09866,蔚来-SW,2023-02-14 00:00:00,82.5,79.35,82.5,79.15,0.0,0.00077,1294742,103808866.0,-3.7598544572468264,82.45
HK.09866,蔚来-SW,2023-02-15 00:00:00,79.95,77.9,81.95,77.15,0.0,0.00115,1940160,151653922.0,-1.8273471959672196,79.35
HK.09866,蔚来-SW,2023-02-16 00:00:00,81.5,81.75,83.95,80.8,0.0,0.00109,1845723,151658517.0,4.942233632862637,77.9
HK.09866,蔚来-SW,2023-02-17 00:00:00,80.8,78.45,81.3,78.3,0.0,0.00074,1259912,100346329.0,-4.036697247706419,81.75
HK.09866,蔚来-SW,2023-02-20 00:00:00,79.0,81.7,81.8,78.7,0.0,0.00084,1422238,114328198.0,4.1427660930529,78.45
HK.09866,蔚来-SW,2023-02-21 00:00:00,81.65,79.25,82.35,78.6,0.0,0.00079,1338212,107681733.0,-2.998776009791925,81.7
HK.09866,蔚来-SW,2023-02-22 00:00:00,78.5,77.9,79.4,77.35,0.0,0.00065,1096684,85393073.0,-1.703470031545734,79.25
HK.09866,蔚来-SW,2023-02-23 00:00:00,80.25,81.0,81.8,79.55,0.0,0.00091,1537851,124490821.0,3.979460847240044,77.9
HK.09866,蔚来-SW,2023-02-24 00:00:00,77.3,75.9,77.4,74.95,0.0,0.00117,1980149,150359869.0,-6.296296296296289,81.0
HK.09866,蔚来-SW,2023-02-27 00:00:00,74.7,74.75,75.15,73.0,0.0,0.00074,1256227,93328338.0,-1.5151515151515225,75.9
HK.09866,蔚来-SW,2023-02-28 00:00:00,73.9,71.8,74.25,71.3,0.0,0.00113,1913741,137834088.0,-3.946488294314385,74.75
HK.09866,蔚来-SW,2023-03-01 00:00:00,72.0,79.7,79.7,72.0,0.0,0.00116,1967562,151926587.0,11.002785515320342,71.8
HK.09866,蔚来-SW,2023-03-02 00:00:00,70.2,69.2,70.55,68.7,0.0,0.00207,3501253,244812567.0,-13.174404015056462,79.7
HK.09866,蔚来-SW,2023-03-03 00:00:00,70.6,70.1,71.2,69.0,0.0,0.00121,2042632,142298620.0,1.3005780346820686,69.2
HK.09866,蔚来-SW,2023-03-06 00:00:00,73.9,73.9,74.7,73.0,0.0,0.0012,2035130,150429001.0,5.4208273894436685,70.1
HK.09866,蔚来-SW,2023-03-07 00:00:00,72.05,72.4,74.9,72.05,0.0,0.00042,714010,52212325.0,-2.0297699594046006,73.9
HK.09866,蔚来-SW,2023-03-08 00:00:00,70.6,69.7,70.6,69.1,0.0,0.00046,785810,54672137.0,-3.7292817679558046,72.4
HK.09866,蔚来-SW,2023-03-09 00:00:00,71.6,71.2,73.2,71.0,0.0,0.00062,1049321,75547111.0,2.152080344332855,69.7
HK.09866,蔚来-SW,2023-03-10 00:00:00,68.6,68.25,68.65,66.5,0.0,0.00097,1639570,110779118.0,-4.143258426966296,71.2
HK.09866,蔚来-SW,2023-03-13 00:00:00,67.65,68.35,68.5,66.25,0.0,0.0009,1530046,103105512.0,0.1465201465201382,68.25
HK.09866,蔚来-SW,2023-03-14 00:00:00,67.65,65.65,67.85,65.15,0.0,0.00058,983700,64997006.0,-3.9502560351133704,68.35
HK.09866,蔚来-SW,2023-03-15 00:00:00,66.5,66.55,67.35,65.65,0.0,0.00051,857630,56914466.0,1.3709063214013577,65.65
HK.09866,蔚来-SW,2023-03-16 00:00:00,66.05,64.75,66.3,63.65,0.0,0.00048,813931,52879621.0,-2.704733283245676,66.55
HK.09866,蔚来-SW,2023-03-17 00:00:00,65.95,67.35,68.25,65.5,0.0,0.00048,812940,54583448.0,4.0154440154440065,64.75
HK.09866,蔚来-SW,2023-03-20 00:00:00,65.8,63.65,66.1,62.5,0.0,0.00078,1318660,84072627.0,-5.49368968077208,67.35
HK.09866,蔚来-SW,2023-03-21 00:00:00,68.2,69.25,69.5,67.6,0.0,0.00067,1129680,77583135.0,8.798114689709351,63.65
HK.09866,蔚来-SW,2023-03-22 00:00:00,72.5,73.1,75.2,72.5,0.0,0.00088,1486968,109969467.0,5.559566787003602,69.25
HK.09866,蔚来-SW,2023-03-23 00:00:00,72.0,74.6,74.6,70.5,0.0,0.0006,1014260,74444713.0,2.051983584131327,73.1
HK.09866,蔚来-SW,2023-03-24 00:00:00,72.55,73.1,74.0,72.0,0.0,0.00048,805190,58670960.0,-2.010723860589813,74.6
HK.09866,蔚来-SW,2023-03-27 00:00:00,71.8,70.35,71.95,69.6,0.0,0.0005,838900,59200990.0,-3.761969904240766,73.1
HK.09866,蔚来-SW,2023-03-28 00:00:00,70.4,71.0,71.7,70.05,0.0,0.00036,602320,42717955.0,0.9239516702203351,70.35
HK.09866,蔚来-SW,2023-03-29 00:00:00,71.9,72.3,72.9,71.55,0.0,0.00054,913086,65981691.0,1.8309859154929535,71.0
HK.09866,蔚来-SW,2023-03-30 00:00:00,76.3,76.7,77.65,75.15,0.0,0.0009,1516370,116038250.0,6.085753803596136,72.3
HK.09866,蔚来-SW,2023-03-31 00:00:00,81.5,79.55,81.75,78.5,0.0,0.00116,1958600,156689277.0,3.7157757496740476,76.7
HK.09866,蔚来-SW,2023-04-03 00:00:00,81.4,81.25,82.8,79.95,0.0,0.00085,1441770,116999959.0,2.137020741671908,79.55
HK.09866,蔚来-SW,2023-04-04 00:00:00,77.1,75.05,77.1,73.5,0.0,0.0007,1189920,88827228.0,-7.630769230769234,81.25
HK.09866,蔚来-SW,2023-04-06 00:00:00,70.7,70.85,71.15,69.8,0.0,0.00062,1045170,73794774.0,-5.596269153897405,75.05
HK.09866,蔚来-SW,2023-04-11 00:00:00,71.1,71.55,72.2,70.15,0.0,0.00053,902750,64086452.0,0.9880028228652122,70.85
HK.09866,蔚来-SW,2023-04-12 00:00:00,74.0,73.45,75.55,73.25,0.0,0.0007,1187263,88068229.0,2.655485674353607,71.55
HK.09866,蔚来-SW,2023-04-13 00:00:00,70.55,71.75,71.8,69.8,0.0,0.00054,914260,64828663.0,-2.3144996596324066,73.45
HK.09866,蔚来-SW,2023-04-14 00:00:00,71.6,71.85,72.9,71.05,0.0,0.00044,740820,53369171.0,0.13937282229964365,71.75
HK.09866,蔚来-SW,2023-04-17 00:00:00,72.3,76.45,77.0,72.3,0.0,0.00096,1630130,123335357.0,6.402226861517062,71.85
HK.09866,蔚来-SW,2023-04-18 00:00:00,77.3,76.05,78.2,75.85,0.0,0.0004,681144,52270680.0,-0.5232177894048472,76.45
HK.09866,蔚来-SW,2023-04-19 00:00:00,74.6,71.85,74.6,71.2,0.0,0.00061,1031649,74392069.0,-5.522682445759373,76.05
HK.09866,蔚来-SW,2023-04-20 00:00:00,69.3,67.55,69.3,67.2,0.0,0.0008,1354670,92419733.0,-5.9846903270702825,71.85
HK.09866,蔚来-SW,2023-04-21 00:00:00,65.8,64.35,66.3,64.1,0.0,0.00071,1209670,78694768.0,-4.737231680236866,67.55
HK.09866,蔚来-SW,2023-04-24 00:00:00,65.9,65.95,66.5,64.45,0.0,0.00047,788320,51636883.0,2.4864024864025,64.35
HK.09866,蔚来-SW,2023-04-25 00:00:00,65.95,64.2,65.95,63.75,0.0,0.00045,753954,48426671.0,-2.6535253980288096,65.95
HK.09866,蔚来-SW,2023-04-26 00:00:00,63.0,63.8,64.95,62.5,0.0,0.00048,817680,52268584.0,-0.6230529595015665,64.2
HK.09866,蔚来-SW,2023-04-27 00:00:00,60.9,61.0,61.2,59.55,0.0,0.00088,1496930,90601886.0,-4.388714733542316,63.8
HK.09866,蔚来-SW,2023-04-28 00:00:00,62.35,62.1,63.45,61.5,0.0,0.00081,1362910,84833427.0,1.8032786885245924,61.0
HK.09866,蔚来-SW,2023-05-02 00:00:00,61.5,61.0,62.2,60.0,0.0,0.00051,854680,52164227.0,-1.771336553945252,62.1
HK.09866,蔚来-SW,2023-05-03 00:00:00,58.65,59.0,59.1,57.6,0.0,0.00057,959640,55952793.0,-3.278688524590164,61.0
HK.09866,蔚来-SW,2023-05-04 00:00:00,59.3,60.9,61.55,59.2,0.0,0.00029,491213,29897567.0,3.220338983050845,59.0
HK.09866,蔚来-SW,2023-05-05 00:00:00,63.0,63.25,64.2,63.0,0.0,0.00043,734340,46735477.0,3.858784893267654,60.9
HK.09866,蔚来-SW,2023-05-08 00:00:00,63.8,64.6,65.0,63.8,0.0,0.00031,527587,34082328.0,2.1343873517786474,63.25
HK.09866,蔚来-SW,2023-05-09 00:00:00,65.5,63.45,65.8,63.25,0.0,0.0003,511124,32694308.0,-1.7801857585139187,64.6
HK.09866,蔚来-SW,2023-05-10 00:00:00,63.45,63.5,64.4,62.9,0.0,0.00026,443830,28209148.0,0.07880220646177645,63.45
HK.09866,蔚来-SW,2023-05-11 00:00:00,63.55,64.25,65.25,63.0,0.0,0.00072,1241500,79365978.0,1.1811023622047243,63.5
HK.09866,蔚来-SW,2023-05-12 00:00:00,66.0,65.1,66.0,64.6,0.0,0.00031,524332,34158637.0,1.3229571984435708,64.25
HK.09866,蔚来-SW,2023-05-15 00:00:00,63.0,63.5,64.8,62.0,0.0,0.00046,783380,49627031.0,-2.457757296466965,65.1
HK.09866,蔚来-SW,2023-05-16 00:00:00,63.65,63.9,64.45,63.3,0.0,0.00019,333580,21287752.0,0.6299212598425175,63.5
HK.09866,蔚来-SW,2023-05-17 00:00:00,62.6,60.8,62.6,60.65,0.0,0.00034,590806,36169243.0,-4.851330203442881,63.9
HK.09866,蔚来-SW,2023-05-18 00:00:00,62.55,63.0,63.65,62.25,0.0,0.00045,781200,49155247.0,3.618421052631584,60.8
HK.09866,蔚来-SW,2023-05-19 00:00:00,61.7,61.8,62.7,61.2,0.0,0.00031,536606,33221762.0,-1.9047619047619095,63.0
HK.09866,蔚来-SW,2023-05-22 00:00:00,62.55,64.9,66.4,62.55,0.0,0.00052,896000,58342019.0,5.016181229773477,61.8
HK.09866,蔚来-SW,2023-05-23 00:00:00,68.25,67.65,69.2,67.5,0.0,0.00073,1260210,86172000.0,4.23728813559322,64.9
HK.09866,蔚来-SW,2023-05-24 00:00:00,68.35,67.45,69.1,66.8,0.0,0.00064,1105550,74901804.0,-0.2956393200295681,67.65
HK.09866,蔚来-SW,2023-05-25 00:00:00,64.3,61.15,64.3,60.35,0.0,0.00082,1404039,86227518.0,-9.340252038547078,67.45
HK.09866,蔚来-SW,2023-05-29 00:00:00,61.15,59.0,61.3,58.15,0.0,0.00062,1064090,62709667.0,-3.515944399018804,61.15
HK.09866,蔚来-SW,2023-05-30 00:00:00,59.25,60.5,60.85,58.85,0.0,0.00036,614470,36892401.0,2.5423728813559325,59.0
HK.09866,蔚来-SW,2023-05-31 00:00:00,58.15,58.8,58.9,57.6,0.0,0.00039,677303,39387907.0,-2.8099173553719057,60.5
HK.09866,蔚来-SW,2023-06-01 00:00:00,58.8,58.45,59.7,57.95,0.0,0.00027,458287,26970399.0,-0.5952380952380856,58.8
HK.09866,蔚来-SW,2023-06-02 00:00:00,59.45,60.7,61.6,58.85,0.0,0.00053,902570,54604016.0,3.849443969204448,58.45
HK.09866,蔚来-SW,2023-06-05 00:00:00,60.2,59.2,60.2,58.1,0.0,0.00055,952139,56355229.0,-2.471169686985173,60.7
HK.09866,蔚来-SW,2023-06-06 00:00:00,59.85,60.15,61.5,59.25,0.0,0.00041,702030,42476356.0,1.6047297297297223,59.2
HK.09866,蔚来-SW,2023-06-07 00:00:00,61.15,60.9,61.45,60.0,0.0,0.00022,384572,23285033.0,1.2468827930174564,60.15
HK.09866,蔚来-SW,2023-06-08 00:00:00,60.9,60.5,61.45,59.85,0.0,0.00017,296800,17903648.0,-0.656814449917896,60.9
HK.09866,蔚来-SW,2023-06-09 00:00:00,60.5,60.3,60.9,59.15,0.0,0.00025,434373,26136854.0,-0.33057851239669894,60.5
HK.09866,蔚来-SW,2023-06-12 00:00:00,63.0,63.15,64.5,62.1,0.0,0.00141,2418600,153114376.0,4.726368159203983,60.3
HK.09866,蔚来-SW,2023-06-13 00:00:00,65.8,66.8,67.0,65.55,0.0,0.00075,1294766,86032456.0,5.779889152810766,63.15
HK.09866,蔚来-SW,2023-06-14 00:00:00,68.0,71.2,71.6,68.0,0.0,0.0013,2241806,158161211.0,6.586826347305398,66.8
HK.09866,蔚来-SW,2023-06-15 00:00:00,70.5,71.65,71.75,69.2,0.0,0.00069,1189206,83887769.0,0.6320224719101163,71.2
HK.09866,蔚来-SW,2023-06-16 00:00:00,76.0,77.8,77.8,75.4,0.0,0.00175,3006644,231330143.0,8.583391486392172,71.65
HK.09866,蔚来-SW,2023-06-19 00:00:00,74.95,73.2,75.0,71.5,0.0,0.00066,1132840,82840079.0,-5.912596401028271,77.8
HK.09866,蔚来-SW,2023-06-20 00:00:00,73.2,70.55,73.2,69.8,0.0,0.00059,1021338,72110964.0,-3.6202185792349804,73.2
HK.09866,蔚来-SW,2023-06-21 00:00:00,72.55,73.35,74.85,72.55,0.0,0.00101,1731532,127466707.0,3.968816442239542,70.55
HK.09866,蔚来-SW,2023-06-23 00:00:00,71.75,68.5,71.75,66.8,0.0,0.0007,1211610,82869374.0,-6.61213360599863,73.35
HK.09866,蔚来-SW,2023-06-26 00:00:00,67.5,67.75,69.25,66.75,0.0,0.00054,923310,62897498.0,-1.094890510948905,68.5
HK.09866,蔚来-SW,2023-06-27 00:00:00,66.8,68.25,69.4,66.35,0.0,0.0007,1194950,81637122.0,0.7380073800738007,67.75
HK.09866,蔚来-SW,2023-06-28 00:00:00,72.8,73.15,73.4,71.65,0.0,0.00083,1428639,103926948.0,7.179487179487188,68.25
HK.09866,蔚来-SW,2023-06-29 00:00:00,74.45,72.35,74.95,71.6,0.0,0.00069,1185030,86190427.0,-1.0936431989063724,73.15
HK.09866,蔚来-SW,2023-06-30 00:00:00,73.2,75.85,77.05,73.15,0.0,0.00111,1903384,144117631.0,4.8375950241879755,72.35
HK.09866,蔚来-SW,2023-07-03 00:00:00,76.15,82.0,83.0,76.15,0.0,0.00172,2965010,239648727.0,8.108108108108118,75.85
HK.09866,蔚来-SW,2023-07-04 00:00:00,80.0,77.95,80.0,75.2,0.0,0.00105,1813601,141234761.0,-4.939024390243899,82.0
HK.09866,蔚来-SW,2023-07-05 00:00:00,78.05,78.7,80.4,77.9,0.0,0.00053,918440,72448057.0,0.9621552277100706,77.95
HK.09866,蔚来-SW,2023-07-06 00:00:00,80.0,78.2,80.85,76.8,0.0,0.00074,1271870,99673298.0,-0.6353240152477764,78.7
HK.09866,蔚来-SW,2023-07-07 00:00:00,75.9,75.0,76.05,74.0,0.0,0.00062,1068390,80147545.0,-4.092071611253201,78.2
HK.09866,蔚来-SW,2023-07-10 00:00:00,78.25,76.7,79.0,75.4,0.0,0.00051,874814,67130056.0,2.26666666666667,75.0
HK.09866,蔚来-SW,2023-07-11 00:00:00,83.6,85.75,86.05,82.5,0.0,0.00157,2700670,229227558.0,11.799217731421118,76.7
HK.09866,蔚来-SW,2023-07-12 00:00:00,85.6,84.95,87.35,84.25,0.0,0.00056,961140,82290435.0,-0.9329446064139909,85.75
HK.09866,蔚来-SW,2023-07-13 00:00:00,87.0,85.45,88.0,84.05,0.0,0.00054,977580,83818715.0,0.5885815185403178,84.95
HK.09866,蔚来-SW,2023-07-14 00:00:00,85.0,82.45,85.0,81.4,0.0,0.00046,827980,68123048.0,-3.510825043885313,85.45
HK.09866,蔚来-SW,2023-07-18 00:00:00,83.05,82.55,84.0,81.0,0.0,0.00065,1168460,96523975.0,0.12128562765311621,82.45
HK.09866,蔚来-SW,2023-07-19 00:00:00,82.5,82.15,82.8,79.5,0.0,0.00027,480570,39087396.0,-0.48455481526346633,82.55
HK.09866,蔚来-SW,2023-07-20 00:00:00,82.55,81.95,84.45,81.25,0.0,0.00041,731606,60386199.0,-0.24345709068776972,82.15
HK.09866,蔚来-SW,2023-07-21 00:00:00,80.8,81.55,82.55,79.55,0.0,0.0002,365773,29737963.0,-0.48810250152532725,81.95
HK.09866,蔚来-SW,2023-07-24 00:00:00,82.05,83.25,85.35,81.85,0.0,0.0005,909980,76260785.0,2.084610668301659,81.55
HK.09866,蔚来-SW,2023-07-25 00:00:00,90.1,91.8,92.3,90.05,0.0,0.0011,1957670,178483371.0,10.270270270270267,83.25
HK.09866,蔚来-SW,2023-07-26 00:00:00,92.9,92.45,92.9,90.45,0.0,0.00068,1216780,111635001.0,0.7080610021786554,91.8
HK.09866,蔚来-SW,2023-07-27 00:00:00,102.2,104.8,104.8,101.1,0.0,0.00207,3679084,379797069.0,13.358572201189824,92.45
HK.09866,蔚来-SW,2023-07-28 00:00:00,104.0,109.4,110.9,103.1,0.0,0.0013,2320191,250106708.0,4.3893129770992445,104.8
HK.09866,蔚来-SW,2023-07-31 00:00:00,119.8,116.2,123.8,114.5,0.0,0.00199,3538108,416266885.0,6.215722120658133,109.4
HK.09866,蔚来-SW,2023-08-01 00:00:00,118.9,117.1,122.0,115.4,0.0,0.00108,1922027,226839443.0,0.7745266781411286,116.2
HK.09866,蔚来-SW,2023-08-02 00:00:00,113.3,107.5,113.3,106.9,0.0,0.00148,2625339,287106968.0,-8.198121263877024,117.1
HK.09866,蔚来-SW,2023-08-03 00:00:00,113.2,115.8,118.6,113.2,0.0,0.00115,2049564,238420150.0,7.720930232558137,107.5
HK.09866,蔚来-SW,2023-08-04 00:00:00,120.3,122.6,123.0,118.0,0.0,0.00081,1447450,174981880.0,5.872193436960274,115.8
HK.09866,蔚来-SW,2023-08-07 00:00:00,116.5,119.3,121.3,115.3,0.0,0.00089,1590091,189867851.0,-2.691680261011417,122.6
HK.09866,蔚来-SW,2023-08-08 00:00:00,118.0,113.2,118.0,113.1,0.0,0.00065,1156660,132868944.0,-5.113160100586751,119.3
HK.09866,蔚来-SW,2023-08-09 00:00:00,109.9,110.3,111.1,108.6,0.0,0.00062,1101582,120957950.0,-2.5618374558303936,113.2
HK.09866,蔚来-SW,2023-08-10 00:00:00,103.8,106.2,106.6,102.0,0.0,0.0009,1593280,165852491.0,-3.7171350861287347,110.3
HK.09866,蔚来-SW,2023-08-11 00:00:00,106.0,103.2,106.0,101.7,0.0,0.00064,1137949,117324777.0,-2.824858757062147,106.2
HK.09866,蔚来-SW,2023-08-14 00:00:00,101.8,99.9,101.8,96.6,0.0,0.00071,1255492,123605739.0,-3.1976744186046484,103.2
HK.09866,蔚来-SW,2023-08-15 00:00:00,100.8,97.35,102.0,97.0,0.0,0.00065,1148290,112788447.0,-2.5525525525525636,99.9
HK.09866,蔚来-SW,2023-08-16 00:00:00,92.5,92.0,93.35,91.5,0.0,0.00075,1326800,122459613.0,-5.495634309193625,97.35
HK.09866,蔚来-SW,2023-08-17 00:00:00,88.0,93.0,95.05,88.0,0.0,0.00117,2073480,192495341.0,1.0869565217391304,92.0
HK.09866,蔚来-SW,2023-08-18 00:00:00,92.0,87.85,92.0,87.55,0.0,0.00059,1053588,93566873.0,-5.537634408602156,93.0
HK.09866,蔚来-SW,2023-08-21 00:00:00,85.85,84.9,87.5,83.6,0.0,0.00105,1868385,160056017.0,-3.3579965850882054,87.85
HK.09866,蔚来-SW,2023-08-22 00:00:00,85.5,86.95,88.95,85.5,0.0,0.00056,990540,86025673.0,2.4146054181389833,84.9
HK.09866,蔚来-SW,2023-08-23 00:00:00,85.8,85.6,87.05,84.3,0.0,0.00043,761510,65268834.0,-1.5526164462334773,86.95
HK.09866,蔚来-SW,2023-08-24 00:00:00,85.6,87.1,88.1,84.8,0.0,0.0005,892960,77710332.0,1.752336448598131,85.6
HK.09866,蔚来-SW,2023-08-25 00:00:00,83.75,83.5,84.5,83.25,0.0,0.00044,778040,65158201.0,-4.133180252583232,87.1
HK.09866,蔚来-SW,2023-08-28 00:00:00,89.05,86.5,89.6,86.5,0.0,0.00066,1176584,103147262.0,3.592814371257485,83.5
HK.09866,蔚来-SW,2023-08-29 00:00:00,87.0,88.55,89.6,86.65,0.0,0.0006,1068540,94513473.0,2.3699421965317886,86.5
HK.09866,蔚来-SW,2023-08-30 00:00:00,85.9,82.0,85.9,80.75,0.0,0.0019,3383560,278645275.0,-7.396950875211742,88.55
HK.09866,蔚来-SW,2023-08-31 00:00:00,82.1,83.75,84.4,82.0,0.0,0.00069,1219740,101889018.0,2.1341463414634148,82.0
HK.09866,蔚来-SW,2023-09-04 00:00:00,86.3,86.3,87.3,85.2,0.0,0.00061,1080730,93396472.0,3.044776119402982,83.75
HK.09866,蔚来-SW,2023-09-05 00:00:00,86.55,85.4,86.6,84.35,0.0,0.0004,707898,60350087.0,-1.0428736964078695,86.3
HK.09866,蔚来-SW,2023-09-06 00:00:00,85.2,84.15,85.2,83.4,0.0,0.00028,497162,41785425.0,-1.4637002341920373,85.4
HK.09866,蔚来-SW,2023-09-07 00:00:00,82.5,81.95,82.95,81.55,0.0,0.00029,511990,42005478.0,-2.6143790849673234,84.15
HK.09866,蔚来-SW,2023-09-11 00:00:00,79.7,80.85,81.75,78.3,0.0,0.00054,953370,76541427.0,-1.3422818791946411,81.95
HK.09866,蔚来-SW,2023-09-12 00:00:00,81.25,81.15,83.05,80.4,0.0,0.00052,926150,75813549.0,0.3710575139146709,80.85
HK.09866,蔚来-SW,2023-09-13 00:00:00,82.4,80.45,82.8,80.15,0.0,0.00053,936470,76145336.0,-0.8626001232285925,81.15
HK.09866,蔚来-SW,2023-09-14 00:00:00,79.65,79.7,83.0,78.25,0.0,0.00055,972218,77273781.0,-0.9322560596643877,80.45
HK.09866,蔚来-SW,2023-09-15 00:00:00,81.3,84.0,85.25,80.15,0.0,0.00442,7869550,660502843.0,5.39523212045169,79.7
HK.09866,蔚来-SW,2023-09-18 00:00:00,83.0,82.05,83.3,81.25,0.0,0.0006,1062073,87850375.0,-2.321428571428575,84.0
HK.09866,蔚来-SW,2023-09-19 00:00:00,78.0,78.4,79.35,76.9,0.0,0.00155,2751410,215711729.0,-4.448507007921989,82.05
HK.09866,蔚来-SW,2023-09-20 00:00:00,67.75,69.1,69.45,67.75,0.0,0.00274,4873794,334772821.0,-11.862244897959197,78.4
HK.09866,蔚来-SW,2023-09-21 00:00:00,70.0,69.8,70.8,68.9,0.0,0.00088,1564540,109102723.0,1.0130246020260534,69.1
HK.09866,蔚来-SW,2023-09-22 00:00:00,66.9,68.45,68.6,66.35,0.0,0.00105,1862891,125780229.0,-1.9340974212034303,69.8
HK.09866,蔚来-SW,2023-09-25 00:00:00,68.0,65.3,68.0,65.0,0.0,0.00081,1433173,94059591.0,-4.601899196493799,68.45
HK.09866,蔚来-SW,2023-09-26 00:00:00,65.35,63.7,65.95,63.2,0.0,0.00095,1691583,108748871.0,-2.4502297090352134,65.3
HK.09866,蔚来-SW,2023-09-27 00:00:00,65.5,65.55,67.35,65.4,0.0,0.00076,1351568,89391129.0,2.9042386185243236,63.7
HK.09866,蔚来-SW,2023-09-28 00:00:00,65.75,65.45,66.75,64.75,0.0,0.00033,592069,38749279.0,-0.15255530129671138,65.55
HK.09866,蔚来-SW,2023-09-29 00:00:00,69.6,71.45,72.5,69.35,0.0,0.00114,2025803,143944140.0,9.167303284950343,65.45
HK.09866,蔚来-SW,2023-10-03 00:00:00,68.95,67.45,69.2,66.5,0.0,0.00067,1196092,80866106.0,-5.598320503848845,71.45
HK.09866,蔚来-SW,2023-10-04 00:00:00,67.4,66.3,67.4,65.25,0.0,0.00036,631618,41725391.0,-1.7049666419570138,67.45
HK.09866,蔚来-SW,2023-10-05 00:00:00,68.6,68.15,69.45,67.7,0.0,0.00057,1012200,69232640.0,2.79034690799398,66.3
HK.09866,蔚来-SW,2023-10-06 00:00:00,68.15,67.65,68.9,67.05,0.0,0.00025,438170,29694706.0,-0.7336757153338225,68.15
HK.09866,蔚来-SW,2023-10-09 00:00:00,67.1,66.8,67.8,66.2,0.0,0.00024,432469,28931434.0,-1.2564671101256593,67.65
HK.09866,蔚来-SW,2023-10-10 00:00:00,66.6,65.25,66.75,65.05,0.0,0.00059,1057821,69359424.0,-2.3203592814371214,66.8
HK.09866,蔚来-SW,2023-10-11 00:00:00,68.85,68.9,70.1,68.5,0.0,0.00076,1349806,93507247.0,5.593869731800774,65.25
HK.09866,蔚来-SW,2023-10-12 00:00:00,70.3,69.65,70.8,69.6,0.0,0.00041,723870,50621506.0,1.0885341074020318,68.9
HK.09866,蔚来-SW,2023-10-13 00:00:00,67.2,65.95,67.3,65.8,0.0,0.00044,776070,51545975.0,-5.312275664034462,69.65
HK.09866,蔚来-SW,2023-10-16 00:00:00,67.0,65.35,67.35,64.7,0.0,0.00032,562295,36788140.0,-0.9097801364670333,65.95
HK.09866,蔚来-SW,2023-10-17 00:00:00,66.7,66.15,66.7,65.6,0.0,0.00025,444050,29355689.0,1.2241775057383495,65.35
HK.09866,蔚来-SW,2023-10-18 00:00:00,66.15,66.95,67.65,65.8,0.0,0.00069,1220742,81805652.0,1.2093726379440621,66.15
HK.09866,蔚来-SW,2023-10-19 00:00:00,62.1,61.6,62.1,60.45,0.0,0.00109,1941870,119373305.0,-7.991038088125468,66.95
HK.09866,蔚来-SW,2023-10-20 00:00:00,61.55,59.3,61.55,58.8,0.0,0.00085,1516859,90363473.0,-3.7337662337662407,61.6
HK.09866,蔚来-SW,2023-10-24 00:00:00,59.4,58.55,60.4,57.75,0.0,0.00072,1289300,75443147.0,-1.2647554806070826,59.3
HK.09866,蔚来-SW,2023-10-25 00:00:00,62.9,61.45,63.2,60.65,0.0,0.00088,1573950,97085874.0,4.953031596925714,58.55
HK.09866,蔚来-SW,2023-10-26 00:00:00,60.2,59.65,60.8,58.8,0.0,0.00041,723347,43170023.0,-2.9292107404393883,61.45
HK.09866,蔚来-SW,2023-10-27 00:00:00,60.55,61.1,61.5,59.95,0.0,0.00041,733780,44738857.0,2.4308466051969875,59.65
HK.09866,蔚来-SW,2023-10-30 00:00:00,59.8,59.9,60.0,58.55,0.0,0.00054,966870,57294463.0,-1.96399345335516,61.1
HK.09866,蔚来-SW,2023-10-31 00:00:00,59.0,57.9,59.0,56.5,0.0,0.00082,1467181,84256512.0,-3.33889816360601,59.9
HK.09866,蔚来-SW,2023-11-01 00:00:00,58.1,56.8,58.1,56.25,0.0,0.00036,646640,36709157.0,-1.8998272884283272,57.9
HK.09866,蔚来-SW,2023-11-02 00:00:00,58.2,58.1,59.5,57.85,0.0,0.00047,829250,48615410.0,2.288732394366205,56.8
HK.09866,蔚来-SW,2023-11-03 00:00:00,60.9,61.4,62.35,60.35,0.0,0.00081,1442253,88673387.0,5.679862306368325,58.1
HK.09866,蔚来-SW,2023-11-06 00:00:00,64.0,65.8,66.6,64.0,0.0,0.00097,1730760,114166589.0,7.1661237785016265,61.4
HK.09866,蔚来-SW,2023-11-07 00:00:00,62.8,62.5,63.55,62.2,0.0,0.0006,1064027,66730175.0,-5.015197568389054,65.8
HK.09866,蔚来-SW,2023-11-08 00:00:00,62.5,61.0,62.7,60.8,0.0,0.00044,790220,48388824.0,-2.4,62.5
HK.09866,蔚来-SW,2023-11-09 00:00:00,61.0,61.65,62.95,61.0,0.0,0.00024,434493,26825180.0,1.065573770491801,61.0
HK.09866,蔚来-SW,2023-11-10 00:00:00,58.95,58.35,59.15,57.05,0.0,0.00101,1788230,103244371.0,-5.352798053527976,61.65
HK.09866,蔚来-SW,2023-11-13 00:00:00,58.35,57.85,58.65,56.7,0.0,0.00047,835320,47904815.0,-0.8568980291345331,58.35
HK.09866,蔚来-SW,2023-11-14 00:00:00,57.5,56.55,57.5,56.2,0.0,0.00076,1352270,76610813.0,-2.2471910112359623,57.85
HK.09866,蔚来-SW,2023-11-15 00:00:00,59.1,60.0,60.35,58.5,0.0,0.00081,1442080,85653122.0,6.100795755968176,56.55
HK.09866,蔚来-SW,2023-11-16 00:00:00,61.9,59.95,62.0,59.3,0.0,0.00044,777850,46812869.0,-0.0833333333333286,60.0
HK.09866,蔚来-SW,2023-11-17 00:00:00,58.3,58.1,58.3,56.4,0.0,0.00058,1033694,59375660.0,-3.0859049207673084,59.95
HK.09866,蔚来-SW,2023-11-20 00:00:00,58.1,59.6,59.75,57.85,0.0,0.00124,2197030,129722061.0,2.5817555938037864,58.1
HK.09866,蔚来-SW,2023-11-21 00:00:00,61.45,59.65,62.5,59.45,0.0,0.00107,1903750,116164015.0,0.08389261744965966,59.6
HK.09866,蔚来-SW,2023-11-22 00:00:00,59.45,59.0,59.9,58.55,0.0,0.00078,1394064,82530842.0,-1.0896898575020932,59.65
HK.09866,蔚来-SW,2023-11-23 00:00:00,59.0,61.0,61.0,58.95,0.0,0.00072,1287745,77584756.0,3.389830508474576,59.0
HK.09866,蔚来-SW,2023-11-24 00:00:00,60.6,58.2,60.6,58.2,0.0,0.00086,1529260,89910207.0,-4.590163934426225,61.0
HK.09866,蔚来-SW,2023-11-27 00:00:00,58.2,57.6,58.55,56.5,0.0,0.0006,1075990,61729489.0,-1.0309278350515487,58.2
HK.09866,蔚来-SW,2023-11-28 00:00:00,57.25,56.9,57.4,56.45,0.0,0.00055,985315,56036672.0,-1.2152777777777826,57.6
HK.09866,蔚来-SW,2023-11-29 00:00:00,57.2,55.95,57.55,55.25,0.0,0.00087,1547517,86451675.0,-1.669595782073806,56.9
HK.09866,蔚来-SW,2023-11-30 00:00:00,56.6,57.05,57.45,55.8,0.0,0.00085,1518649,86123441.0,1.9660411081322506,55.95
HK.09866,蔚来-SW,2023-12-01 00:00:00,57.05,56.45,57.15,55.8,0.0,0.00155,2758040,155683877.0,-1.05170902716914,57.05
HK.09866,蔚来-SW,2023-12-04 00:00:00,56.7,55.35,56.85,54.6,0.0,0.00098,1740089,96469658.0,-1.9486271036315346,56.45
HK.09866,蔚来-SW,2023-12-05 00:00:00,57.1,56.45,58.25,55.8,0.0,0.00094,1669070,95276243.0,1.9873532068654043,55.35
HK.09866,蔚来-SW,2023-12-06 00:00:00,58.2,59.2,59.7,57.3,0.0,0.00123,2181504,128677670.0,4.871567759078831,56.45
HK.09866,蔚来-SW,2023-12-07 00:00:00,60.75,60.45,61.3,59.3,0.0,0.00107,1902964,114589448.0,2.1114864864864864,59.2
HK.09866,蔚来-SW,2023-12-08 00:00:00,59.8,57.8,59.8,57.15,0.0,0.00114,2019719,116460890.0,-4.3837882547560065,60.45
HK.09866,蔚来-SW,2023-12-11 00:00:00,57.8,58.6,59.0,57.05,0.0,0.00062,1098520,63922089.0,1.3840830449827064,57.8
HK.09866,蔚来-SW,2023-12-12 00:00:00,59.5,59.7,60.85,59.25,0.0,0.00081,1433932,86191720.0,1.87713310580205,58.6
HK.09866,蔚来-SW,2023-12-13 00:00:00,58.5,56.5,58.5,55.85,0.0,0.001,1776690,100346720.0,-5.360134003350088,59.7
HK.09866,蔚来-SW,2023-12-14 00:00:00,58.1,57.9,59.1,57.45,0.0,0.00072,1284190,74710831.0,2.477876106194688,56.5
HK.09866,蔚来-SW,2023-12-15 00:00:00,60.95,61.95,62.25,60.35,0.0,0.00307,5462240,337654333.0,6.994818652849749,57.9
HK.09866,蔚来-SW,2023-12-18 00:00:00,62.35,61.45,62.75,61.4,0.0,0.00063,1120710,69329191.0,-0.8071025020177561,61.95
HK.09866,蔚来-SW,2023-12-19 00:00:00,64.35,64.95,65.4,63.85,0.0,0.00121,2155790,139227638.0,5.695687550854353,61.45
HK.09866,蔚来-SW,2023-12-20 00:00:00,69.0,68.4,69.45,67.7,0.0,0.00089,1587049,108338644.0,5.311778290993076,64.95
HK.09866,蔚来-SW,2023-12-21 00:00:00,62.65,62.5,63.3,61.95,0.0,0.00099,1769590,110669108.0,-8.625730994152054,68.4
HK.09866,蔚来-SW,2023-12-22 00:00:00,64.05,63.15,64.7,62.5,0.0,0.00072,1288020,81628057.0,1.0399999999999976,62.5
HK.09866,蔚来-SW,2023-12-27 00:00:00,72.6,70.85,72.7,68.35,0.0,0.00195,3474452,243578745.0,12.1931908155186,63.15
HK.09866,蔚来-SW,2023-12-28 00:00:00,70.85,71.25,72.3,70.65,0.0,0.00108,1929375,137899195.0,0.56457304163727,70.85
HK.09866,蔚来-SW,2023-12-29 00:00:00,73.05,73.6,74.2,72.35,0.0,0.00084,1493635,109224331.0,3.29824561403508,71.25
HK.09866,蔚来-SW,2024-01-02 00:00:00,72.75,69.0,72.85,68.1,0.0,0.00137,2455600,169888331.0,-6.249999999999993,73.6
HK.09866,蔚来-SW,2024-01-03 00:00:00,66.6,65.8,66.6,65.4,0.0,0.0008,1432616,94334774.0,-4.6376811594202945,69.0
HK.09866,蔚来-SW,2024-01-04 00:00:00,65.2,65.3,65.7,64.35,0.0,0.00054,969676,63036550.0,-0.7598784194528876,65.8
HK.09866,蔚来-SW,2024-01-05 00:00:00,64.9,63.9,65.2,63.5,0.0,0.0005,896749,57498712.0,-2.143950995405817,65.3
HK.09866,蔚来-SW,2024-01-08 00:00:00,63.8,61.25,63.8,60.6,0.0,0.00062,1113929,68167563.0,-4.147104851330202,63.9
HK.09866,蔚来-SW,2024-01-09 00:00:00,61.25,61.35,62.55,60.9,0.0,0.00051,913477,56260201.0,0.1632653061224513,61.25
HK.09866,蔚来-SW,2024-01-10 00:00:00,59.9,58.5,59.9,57.6,0.0,0.00108,1927500,112603560.0,-4.645476772616139,61.35
HK.09866,蔚来-SW,2024-01-11 00:00:00,58.5,59.1,59.5,57.05,0.0,0.00069,1230750,72583415.0,1.025641025641028,58.5
HK.09866,蔚来-SW,2024-01-12 00:00:00,58.45,57.15,58.85,57.0,0.0,0.00069,1224080,70703241.0,-3.2994923857868073,59.1
HK.09866,蔚来-SW,2024-01-15 00:00:00,56.95,55.55,56.95,54.9,0.0,0.00072,1283502,71387620.0,-2.7996500437445344,57.15
HK.09866,蔚来-SW,2024-01-16 00:00:00,55.4,54.25,56.05,54.05,0.0,0.00062,1106600,60405896.0,-2.3402340234023353,55.55
HK.09866,蔚来-SW,2024-01-17 00:00:00,52.0,48.95,52.0,48.1,0.0,0.00187,3340369,164335488.0,-9.769585253456215,54.25
HK.09866,蔚来-SW,2024-01-18 00:00:00,48.95,49.85,50.35,48.25,0.0,0.00135,2412777,119341666.0,1.8386108273748691,48.95
HK.09866,蔚来-SW,2024-01-19 00:00:00,49.5,48.45,49.5,47.35,0.0,0.00107,1912231,92669450.0,-2.8084252758274793,49.85
HK.09866,蔚来-SW,2024-01-22 00:00:00,47.2,45.2,47.35,44.3,0.0,0.00131,2335610,105921130.0,-6.707946336429309,48.45
HK.09866,蔚来-SW,2024-01-23 00:00:00,46.5,47.9,48.7,46.25,0.0,0.00114,2028450,96530872.0,5.973451327433618,45.2
HK.09866,蔚来-SW,2024-01-24 00:00:00,48.65,49.25,49.3,46.45,0.0,0.00114,2036120,97426047.0,2.818371607515661,47.9
HK.09866,蔚来-SW,2024-01-25 00:00:00,46.8,46.95,47.15,45.6,0.0,0.00114,2027837,94374597.0,-4.670050761421314,49.25
HK.09866,蔚来-SW,2024-01-26 00:00:00,46.55,45.75,47.1,45.6,0.0,0.00095,1701735,78770788.0,-2.555910543130996,46.95
HK.09866,蔚来-SW,2024-01-29 00:00:00,47.5,47.3,48.55,46.95,0.0,0.00127,2263540,107523497.0,3.3879781420764963,45.75
HK.09866,蔚来-SW,2024-01-30 00:00:00,47.25,46.9,47.95,46.6,0.0,0.0008,1429330,67159480.0,-0.8456659619450289,47.3
HK.09866,蔚来-SW,2024-01-31 00:00:00,45.45,44.1,45.45,43.3,0.0,0.00115,2059600,90681957.0,-5.970149253731337,46.9
HK.09866,蔚来-SW,2024-02-01 00:00:00,44.1,44.25,45.55,43.75,0.0,0.00079,1419140,63505318.0,0.3401360544217655,44.1
HK.09866,蔚来-SW,2024-02-02 00:00:00,45.0,43.8,46.4,43.75,0.0,0.0007,1245628,55938574.0,-1.0169491525423793,44.25
HK.09866,蔚来-SW,2024-02-05 00:00:00,43.75,43.6,44.4,42.85,0.0,0.00062,1103369,48050565.0,-0.4566210045662003,43.8
HK.09866,蔚来-SW,2024-02-06 00:00:00,42.0,44.65,45.45,41.55,0.0,0.00117,2080750,91740682.0,2.4082568807339384,43.6
HK.09866,蔚来-SW,2024-02-07 00:00:00,46.6,45.45,48.35,44.7,0.0,0.00226,4034870,185708093.0,1.7917133258678708,44.65
HK.09866,蔚来-SW,2024-02-08 00:00:00,45.6,46.0,46.7,45.2,0.0,0.00057,1022170,47021573.0,1.2101210121012038,45.45
HK.09866,蔚来-SW,2024-02-09 00:00:00,45.9,45.05,45.9,44.15,0.0,0.00048,849800,37913745.0,-2.065217391304354,46.0
HK.09866,蔚来-SW,2024-02-14 00:00:00,44.2,45.9,46.15,43.6,0.0,0.00087,1560610,70937437.0,1.886792452830192,45.05
HK.09866,蔚来-SW,2024-02-15 00:00:00,46.6,47.7,48.2,46.1,0.0,0.00096,1718120,81554404.0,3.92156862745099,45.9
HK.09866,蔚来-SW,2024-02-16 00:00:00,47.7,48.75,49.45,47.15,0.0,0.0008,1428080,69701220.0,2.201257861635214,47.7
HK.09866,蔚来-SW,2024-02-19 00:00:00,48.8,48.35,48.8,47.1,0.0,0.00059,1227186,58869764.0,-0.8205128205128176,48.75
HK.09866,蔚来-SW,2024-02-20 00:00:00,48.2,47.45,48.6,45.9,0.0,0.00086,1798980,84268585.0,-1.8614270941054778,48.35
HK.09866,蔚来-SW,2024-02-21 00:00:00,46.8,48.1,49.3,46.05,0.0,0.00065,1360097,65771368.0,1.3698630136986272,47.45
HK.09866,蔚来-SW,2024-02-22 00:00:00,47.2,47.55,47.8,46.65,0.0,0.00059,1237205,58469077.0,-1.1434511434511523,48.1
HK.09866,蔚来-SW,2024-02-23 00:00:00,45.8,45.85,46.8,45.2,0.0,0.00077,1594845,72996160.0,-3.5751840168243865,47.55
HK.09866,蔚来-SW,2024-02-26 00:00:00,42.55,43.75,44.25,42.25,0.0,0.00167,3472335,151657318.0,-4.580152671755728,45.85
HK.09866,蔚来-SW,2024-02-27 00:00:00,44.5,45.6,45.7,44.2,0.0,0.00139,2886102,130085750.0,4.228571428571431,43.75
HK.09866,蔚来-SW,2024-02-28 00:00:00,45.65,43.75,45.95,43.6,0.0,0.00114,2381500,105506225.0,-4.057017543859652,45.6
HK.09866,蔚来-SW,2024-02-29 00:00:00,43.55,43.8,44.95,43.05,0.0,0.00097,2027859,89514512.0,0.11428571428570779,43.75
HK.09866,蔚来-SW,2024-03-01 00:00:00,44.55,46.5,47.3,44.35,0.0,0.00205,4259517,197835796.0,6.1643835616438425,43.8
HK.09866,蔚来-SW,2024-03-04 00:00:00,45.4,44.5,46.05,43.9,0.0,0.0013,2707965,121496904.0,-4.301075268817205,46.5
HK.09866,蔚来-SW,2024-03-05 00:00:00,43.5,42.5,44.3,41.8,0.0,0.00133,2760479,117474030.0,-4.49438202247191,44.5
HK.09866,蔚来-SW,2024-03-06 00:00:00,43.0,43.8,44.6,42.15,0.0,0.00081,1680210,73238313.0,3.058823529411758,42.5
HK.09866,蔚来-SW,2024-03-07 00:00:00,44.6,43.85,45.4,43.2,0.0,0.00067,1384060,60772637.0,0.11415525114156226,43.8
HK.09866,蔚来-SW,2024-03-08 00:00:00,44.7,44.65,45.65,44.6,0.0,0.00067,1392170,62545122.0,1.8244013683010196,43.85
HK.09866,蔚来-SW,2024-03-11 00:00:00,44.7,46.55,46.9,44.7,0.0,0.0008,1657972,76897821.0,4.2553191489361675,44.65
HK.09866,蔚来-SW,2024-03-12 00:00:00,47.7,49.0,49.3,47.2,0.0,0.00121,2511261,122330440.0,5.263157894736849,46.55
HK.09866,蔚来-SW,2024-03-13 00:00:00,48.1,48.2,49.2,47.9,0.0,0.0005,1034620,50146996.0,-1.632653061224484,49.0
HK.09866,蔚来-SW,2024-03-14 00:00:00,47.0,45.85,47.05,45.25,0.0,0.00072,1498370,68578922.0,-4.875518672199173,48.2
HK.09866,蔚来-SW,2024-03-15 00:00:00,44.0,44.15,44.25,43.35,0.0,0.00277,5768598,253886103.0,-3.7077426390403554,45.85
HK.09866,蔚来-SW,2024-03-18 00:00:00,44.15,46.25,46.9,44.15,0.0,0.0016,3330629,153002023.0,4.7565118912797315,44.15
HK.09866,蔚来-SW,2024-03-19 00:00:00,43.8,43.35,43.8,42.85,0.0,0.00119,2469589,106871066.0,-6.2702702702702675,46.25
HK.09866,蔚来-SW,2024-03-20 00:00:00,41.1,41.0,41.35,40.1,0.0,0.00162,3366640,137258869.0,-5.420991926182241,43.35
HK.09866,蔚来-SW,2024-03-21 00:00:00,40.75,40.25,41.55,40.2,0.0,0.00079,1633866,66396696.0,-1.8292682926829267,41.0
HK.09866,蔚来-SW,2024-03-22 00:00:00,40.0,39.0,40.05,38.85,0.0,0.00113,2349360,92042112.0,-3.1055900621118013,40.25
HK.09866,蔚来-SW,2024-03-25 00:00:00,39.0,38.35,39.35,38.0,0.0,0.00077,1593910,61457895.0,-1.6666666666666632,39.0
HK.09866,蔚来-SW,2024-03-26 00:00:00,38.45,38.95,39.65,38.45,0.0,0.00097,2016299,78924858.0,1.5645371577575002,38.35
HK.09866,蔚来-SW,2024-03-27 00:00:00,38.2,36.7,38.2,36.65,0.0,0.00096,2004389,74107387.0,-5.776636713735558,38.95
HK.09866,蔚来-SW,2024-03-28 00:00:00,36.3,37.45,38.1,36.25,0.0,0.00126,2620745,97993693.0,2.043596730245232,36.7
HK.09866,蔚来-SW,2024-04-02 00:00:00,37.35,36.4,37.55,36.15,0.0,0.00088,1821185,66544717.0,-2.8037383177570203,37.45
HK.09866,蔚来-SW,2024-04-03 00:00:00,36.1,34.7,36.1,34.35,0.0,0.00125,2609395,90476750.0,-4.670329670329658,36.4
HK.09866,蔚来-SW,2024-04-05 00:00:00,35.0,35.0,35.75,34.6,0.0,0.00057,1191970,41705252.0,0.8645533141210292,34.7
HK.09866,蔚来-SW,2024-04-08 00:00:00,35.0,34.85,35.65,34.5,0.0,0.00046,950948,33344235.0,-0.4285714285714245,35.0
HK.09866,蔚来-SW,2024-04-09 00:00:00,34.8,35.1,35.45,34.65,0.0,0.00062,1291165,45320948.0,0.7173601147776184,34.85
HK.09866,蔚来-SW,2024-04-10 00:00:00,36.9,37.2,37.65,36.85,0.0,0.00126,2632121,97700709.0,5.9829059829059865,35.1
HK.09866,蔚来-SW,2024-04-11 00:00:00,36.2,36.45,36.65,35.9,0.0,0.00059,1236351,44957729.0,-2.0161290322580645,37.2
HK.09866,蔚来-SW,2024-04-12 00:00:00,35.2,34.25,35.5,34.2,0.0,0.00132,2748531,94929050.0,-6.035665294924562,36.45
HK.09866,蔚来-SW,2024-04-15 00:00:00,32.6,33.25,33.35,32.3,0.0,0.00102,2136770,70535924.0,-2.9197080291970803,34.25
HK.09866,蔚来-SW,2024-04-16 00:00:00,30.95,29.85,31.05,29.5,0.0,0.00197,4117690,123556902.0,-10.225563909774433,33.25
HK.09866,蔚来-SW,2024-04-17 00:00:00,29.8,30.1,30.5,29.25,0.0,0.00085,1766680,52625464.0,0.8375209380234505,29.85
HK.09866,蔚来-SW,2024-04-18 00:00:00,30.35,30.7,31.35,30.25,0.0,0.00055,1153510,35595075.0,1.9933554817275676,30.1
HK.09866,蔚来-SW,2024-04-19 00:00:00,30.8,30.15,31.05,29.65,0.0,0.00095,1978260,59574514.0,-1.7915309446254093,30.7
HK.09866,蔚来-SW,2024-04-22 00:00:00,29.75,29.65,30.35,29.35,0.0,0.00075,1566390,46704498.0,-1.658374792703151,30.15
HK.09866,蔚来-SW,2024-04-23 00:00:00,31.6,31.35,31.65,30.85,0.0,0.00105,2198952,68786294.0,5.7335581787521175,29.65
HK.09866,蔚来-SW,2024-04-24 00:00:00,32.1,32.55,32.8,31.5,0.0,0.00095,1979490,63991549.0,3.8277511961722346,31.35
HK.09866,蔚来-SW,2024-04-25 00:00:00,32.55,32.45,33.15,32.1,0.0,0.0009,1879070,61249656.0,-0.3072196620583543,32.55
HK.09866,蔚来-SW,2024-04-26 00:00:00,32.45,34.8,35.25,32.25,0.0,0.00196,4092694,140793985.0,7.241910631741122,32.45
HK.09866,蔚来-SW,2024-04-29 00:00:00,35.5,35.7,37.2,35.5,0.0,0.00116,2423880,87927232.0,2.5862068965517406,34.8
HK.09866,蔚来-SW,2024-04-30 00:00:00,36.05,35.75,36.4,35.5,0.0,0.00054,1133240,40597326.0,0.1400560224089556,35.7
HK.09866,蔚来-SW,2024-05-02 00:00:00,41.0,43.15,44.2,40.75,0.0,0.00322,6714776,287529848.0,20.699300699300696,35.75
HK.09866,蔚来-SW,2024-05-03 00:00:00,44.0,42.9,44.5,42.3,0.0,0.0016,3329614,143876953.0,-0.5793742757821553,43.15
HK.09866,蔚来-SW,2024-05-06 00:00:00,42.95,44.0,44.7,42.95,0.0,0.00247,5157840,226833472.0,2.5641025641025674,42.9
HK.09866,蔚来-SW,2024-05-07 00:00:00,44.25,43.25,44.55,43.05,0.0,0.00142,2954750,128790462.0,-1.7045454545454544,44.0
HK.09866,蔚来-SW,2024-05-08 00:00:00,43.25,42.2,44.4,41.45,0.0,0.00225,4699177,199180389.0,-2.427745664739878,43.25
HK.09866,蔚来-SW,2024-05-09 00:00:00,40.9,41.9,42.35,40.75,0.0,0.00091,1907964,79648908.0,-0.7109004739336593,42.2
HK.09866,蔚来-SW,2024-05-10 00:00:00,42.15,41.05,42.2,40.25,0.0,0.00144,2995005,122437225.0,-2.0286396181384285,41.9
HK.09866,蔚来-SW,2024-05-13 00:00:00,40.5,40.35,40.65,39.0,0.0,0.00229,4775464,191209254.0,-1.7052375152253245,41.05
HK.09866,蔚来-SW,2024-05-14 00:00:00,42.25,42.2,43.4,42.0,0.0,0.00128,2680311,114143722.0,4.58488228004957,40.35
HK.09866,蔚来-SW,2024-05-16 00:00:00,42.15,42.1,42.35,40.5,0.0,0.00163,3398627,141731192.0,-0.23696682464455313,42.2
HK.09866,蔚来-SW,2024-05-17 00:00:00,41.5,42.15,42.2,40.85,0.0,0.00175,3662713,152987138.0,0.11876484560569395,42.1
HK.09866,蔚来-SW,2024-05-20 00:00:00,42.05,42.2,43.25,41.6,0.0,0.002,4178723,177330601.0,0.11862396204034226,42.15
HK.09866,蔚来-SW,2024-05-21 00:00:00,41.15,39.65,41.7,39.4,0.0,0.0018,3750200,150246727.0,-6.042654028436028,42.2
HK.09866,蔚来-SW,2024-05-22 00:00:00,40.5,41.75,42.3,40.5,0.0,0.00133,2769849,115114202.0,5.296343001261038,39.65
HK.09866,蔚来-SW,2024-05-23 00:00:00,41.5,39.95,41.5,39.65,0.0,0.00148,3091865,123971300.0,-4.311377245508975,41.75
HK.09866,蔚来-SW,2024-05-24 00:00:00,37.9,37.35,37.95,36.85,0.0,0.00216,4516010,168114088.0,-6.508135168961204,39.95
HK.09866,蔚来-SW,2024-05-27 00:00:00,37.75,38.55,39.05,37.2,0.0,0.00076,1580280,60570019.0,3.2128514056224784,37.35
HK.09866,蔚来-SW,2024-05-28 00:00:00,39.05,39.05,39.7,38.65,0.0,0.00167,3490090,136744769.0,1.297016861219196,38.55
HK.09866,蔚来-SW,2024-05-29 00:00:00,38.85,38.2,38.85,37.65,0.0,0.00091,1909355,72735475.0,-2.1766965428937115,39.05
HK.09866,蔚来-SW,2024-05-30 00:00:00,38.5,38.2,39.25,37.8,0.0,0.00082,1715599,65669691.0,0.0,38.2
HK.09866,蔚来-SW,2024-05-31 00:00:00,41.7,40.95,42.5,40.55,0.0,0.0026,5424023,225996527.0,7.198952879581151,38.2
HK.09866,蔚来-SW,2024-06-03 00:00:00,43.1,42.6,43.6,42.0,0.0,0.00203,4238780,181563893.0,4.029304029304026,40.95
HK.09866,蔚来-SW,2024-06-04 00:00:00,41.65,41.55,42.15,41.25,0.0,0.00079,1639296,68267476.0,-2.4647887323943762,42.6
HK.09866,蔚来-SW,2024-06-05 00:00:00,41.45,41.6,42.5,40.7,0.0,0.00066,1369490,57052303.0,0.12033694344164685,41.55
HK.09866,蔚来-SW,2024-06-06 00:00:00,41.6,41.2,41.7,40.4,0.0,0.001,2087570,85447939.0,-0.9615384615384581,41.6
HK.09866,蔚来-SW,2024-06-07 00:00:00,38.5,38.25,39.0,37.75,0.0,0.0028,5846169,223611286.0,-7.160194174757288,41.2
HK.09866,蔚来-SW,2024-06-11 00:00:00,37.25,37.55,37.6,36.5,0.0,0.00133,2784617,103588320.0,-1.8300653594771314,38.25
HK.09866,蔚来-SW,2024-06-12 00:00:00,34.85,34.35,35.35,34.05,0.0,0.00218,4552585,157259854.0,-8.521970705725689,37.55
HK.09866,蔚来-SW,2024-06-13 00:00:00,35.1,34.8,35.7,34.55,0.0,0.00067,1402365,48977215.0,1.3100436681222583,34.35
HK.09866,蔚来-SW,2024-06-14 00:00:00,34.6,34.4,34.8,34.0,0.0,0.0005,1037110,35711019.0,-1.1494252873563178,34.8
HK.09866,蔚来-SW,2024-06-17 00:00:00,34.0,34.05,34.5,33.45,0.0,0.00067,1392055,47468959.0,-1.0174418604651205,34.4
HK.09866,蔚来-SW,2024-06-18 00:00:00,34.3,34.1,34.9,34.1,0.0,0.0005,1042431,35883221.0,0.14684287812042368,34.05
HK.09866,蔚来-SW,2024-06-19 00:00:00,34.15,34.85,34.9,34.15,0.0,0.00074,1539045,53244821.0,2.19941348973607,34.1
HK.09866,蔚来-SW,2024-06-20 00:00:00,35.2,34.25,35.25,34.0,0.0,0.00055,1156850,39788187.0,-1.721664275466288,34.85
HK.09866,蔚来-SW,2024-06-21 00:00:00,34.2,33.65,34.2,32.95,0.0,0.00154,3223222,107993924.0,-1.7518248175182525,34.25
HK.09866,蔚来-SW,2024-06-24 00:00:00,33.65,33.5,33.85,33.25,0.0,0.00066,1371559,46077079.0,-0.44576523031203147,33.65
HK.09866,蔚来-SW,2024-06-25 00:00:00,34.25,34.45,35.0,33.9,0.0,0.00083,1732820,59624569.0,2.8358208955223967,33.5
HK.09866,蔚来-SW,2024-06-26 00:00:00,34.45,34.6,35.0,33.85,0.0,0.00038,794435,27479218.0,0.4354136429608086,34.45
HK.09866,蔚来-SW,2024-06-27 00:00:00,36.0,35.45,36.75,35.2,0.0,0.00124,2587350,92607132.0,2.4566473988439346,34.6
HK.09866,蔚来-SW,2024-06-28 00:00:00,34.95,34.05,34.95,33.7,0.0,0.00104,2177773,74193951.0,-3.9492242595204665,35.45
HK.09866,蔚来-SW,2024-07-02 00:00:00,34.95,34.3,35.5,34.2,0.0,0.00087,1823306,63528931.0,0.7342143906020558,34.05
HK.09866,蔚来-SW,2024-07-03 00:00:00,35.25,35.8,36.2,35.05,0.0,0.00079,1656882,59153739.0,4.373177842565598,34.3
HK.09866,蔚来-SW,2024-07-04 00:00:00,38.0,37.6,38.75,37.35,0.0,0.00108,2248320,85250168.0,5.0279329608938665,35.8
HK.09866,蔚来-SW,2024-07-05 00:00:00,37.6,37.3,37.6,36.75,0.0,0.00072,1503780,55920432.0,-0.7978723404255433,37.6
HK.09866,蔚来-SW,2024-07-08 00:00:00,35.6,35.85,36.4,35.15,0.0,0.00124,2597020,92415531.0,-3.8873994638069593,37.3
HK.09866,蔚来-SW,2024-07-09 00:00:00,35.6,35.45,35.6,34.4,0.0,0.00054,1132791,39634571.0,-1.1157601115760072,35.85
HK.09866,蔚来-SW,2024-07-10 00:00:00,35.45,35.25,35.95,34.85,0.0,0.00054,1121560,39615894.0,-0.5641748942172153,35.45
HK.09866,蔚来-SW,2024-07-11 00:00:00,36.05,37.15,37.4,35.95,0.0,0.00078,1618635,59658196.0,5.390070921985812,35.25
HK.09866,蔚来-SW,2024-07-12 00:00:00,36.55,36.95,37.15,36.45,0.0,0.00062,1298055,47939532.0,-0.5383580080753587,37.15
HK.09866,蔚来-SW,2024-07-15 00:00:00,37.7,37.1,38.15,36.8,0.0,0.00086,1800835,67046285.0,0.40595399188091624,36.95
HK.09866,蔚来-SW,2024-07-16 00:00:00,36.75,36.5,36.75,36.05,0.0,0.00046,959205,34942149.0,-1.6172506738544514,37.1
HK.09866,蔚来-SW,2024-07-17 00:00:00,37.6,37.85,38.5,37.6,0.0,0.00103,2156355,82001499.0,3.6986301369863055,36.5
HK.09866,蔚来-SW,2024-07-18 00:00:00,36.05,36.5,36.7,35.85,0.0,0.00097,2025735,73654637.0,-3.566710700132104,37.85
HK.09866,蔚来-SW,2024-07-19 00:00:00,36.3,35.4,36.3,35.1,0.0,0.00054,1123235,39854391.0,-3.0136986301369904,36.5
HK.09866,蔚来-SW,2024-07-22 00:00:00,35.1,35.55,35.9,35.05,0.0,0.00061,1271440,45124282.0,0.423728813559318,35.4
HK.09866,蔚来-SW,2024-07-23 00:00:00,36.2,36.1,36.55,35.8,0.0,0.00051,1071586,38722650.0,1.5471167369901668,35.55
HK.09866,蔚来-SW,2024-07-24 00:00:00,35.0,34.5,35.1,34.0,0.0,0.00078,1621041,55862008.0,-4.4321329639889235,36.1
HK.09866,蔚来-SW,2024-07-25 00:00:00,34.1,33.6,34.4,33.05,0.0,0.00085,1766355,59175775.0,-2.608695652173909,34.5
HK.09866,蔚来-SW,2024-07-26 00:00:00,33.6,33.65,33.8,33.15,0.0,0.00058,1209040,40445582.0,0.14880952380951534,33.6
HK.09866,蔚来-SW,2024-07-29 00:00:00,34.9,34.7,35.1,34.45,0.0,0.00077,1600734,55620458.0,3.1203566121842625,33.65
HK.09866,蔚来-SW,2024-07-30 00:00:00,34.5,33.65,34.5,33.2,0.0,0.00065,1356805,45590847.0,-3.0259365994236433,34.7
HK.09866,蔚来-SW,2024-07-31 00:00:00,34.4,35.45,35.95,34.35,0.0,0.00108,2261958,80045920.0,5.349182763744441,33.65
HK.09866,蔚来-SW,2024-08-01 00:00:00,35.0,34.35,35.0,34.15,0.0,0.00043,892535,30719951.0,-3.1029619181946444,35.45
HK.09866,蔚来-SW,2024-08-02 00:00:00,32.0,31.8,32.5,31.25,0.0,0.00192,4012530,127478860.0,-7.423580786026203,34.35
HK.09866,蔚来-SW,2024-08-05 00:00:00,31.8,30.85,31.9,30.25,0.0,0.00128,2668227,82245123.0,-2.9874213836477965,31.8
HK.09866,蔚来-SW,2024-08-06 00:00:00,31.25,30.4,31.65,30.1,0.0,0.00085,1773062,54144534.0,-1.4586709886547902,30.85
HK.09866,蔚来-SW,2024-08-07 00:00:00,30.0,30.05,30.3,29.35,0.0,0.00101,2110532,63121913.0,-1.1513157894736772,30.4
HK.09866,蔚来-SW,2024-08-08 00:00:00,29.65,29.05,29.65,28.6,0.0,0.00089,1849299,53724855.0,-3.3277870216306153,30.05
HK.09866,蔚来-SW,2024-08-09 00:00:00,29.65,29.95,30.3,29.6,0.0,0.00062,1287531,38571475.0,3.098106712564539,29.05
HK.09866,蔚来-SW,2024-08-12 00:00:00,29.95,29.5,30.1,29.3,0.0,0.00043,903390,26763271.0,-1.502504173622702,29.95
HK.09866,蔚来-SW,2024-08-13 00:00:00,29.7,29.7,29.9,29.35,0.0,0.00063,1319691,39110984.0,0.6779661016949128,29.5
HK.09866,蔚来-SW,2024-08-14 00:00:00,30.3,30.05,30.65,29.95,0.0,0.00038,785456,23702813.0,1.1784511784511833,29.7
HK.09866,蔚来-SW,2024-08-15 00:00:00,29.45,29.75,30.1,29.15,0.0,0.00052,1084865,32224442.0,-0.9983361064891871,30.05
HK.09866,蔚来-SW,2024-08-16 00:00:00,29.8,30.45,30.6,29.8,0.0,0.00061,1272107,38549696.0,2.3529411764705856,29.75
HK.09866,蔚来-SW,2024-08-19 00:00:00,30.45,31.3,32.1,30.45,0.0,0.00089,1861265,58893082.0,2.791461412151072,30.45
HK.09866,蔚来-SW,2024-08-20 00:00:00,32.2,31.7,32.3,31.55,0.0,0.00091,1902455,60874276.0,1.2779552715654907,31.3
HK.09866,蔚来-SW,2024-08-21 00:00:00,30.75,31.1,31.1,30.0,0.0,0.00113,2354744,72086977.0,-1.8927444794952615,31.7
HK.09866,蔚来-SW,2024-08-22 00:00:00,31.1,31.65,31.8,31.05,0.0,0.00104,2173705,68445662.0,1.7684887459806982,31.1
HK.09866,蔚来-SW,2024-08-23 00:00:00,31.65,31.35,31.65,31.1,0.0,0.00035,734431,23002447.0,-0.9478672985781901,31.65
HK.09866,蔚来-SW,2024-08-26 00:00:00,31.6,32.05,32.4,31.2,0.0,0.00123,2577175,81546725.0,2.2328548644337984,31.35
HK.09866,蔚来-SW,2024-08-27 00:00:00,32.05,32.3,32.6,31.1,0.0,0.00076,1585291,51126330.0,0.7800312012480499,32.05
HK.09866,蔚来-SW,2024-08-28 00:00:00,32.0,31.6,32.0,30.7,0.0,0.00087,1817490,56856225.0,-2.1671826625386865,32.3
HK.09866,蔚来-SW,2024-08-29 00:00:00,30.5,30.35,30.5,29.05,0.0,0.00185,3864536,115545655.0,-3.9556962025316453,31.6
HK.09866,蔚来-SW,2024-08-30 00:00:00,30.85,33.6,33.9,30.85,0.0,0.0082,17107277,568450977.0,10.70840197693575,30.35
HK.09866,蔚来-SW,2024-09-02 00:00:00,32.25,31.95,32.4,31.4,0.0,0.00204,4260589,135854426.0,-4.910714285714292,33.6
HK.09866,蔚来-SW,2024-09-03 00:00:00,31.95,31.85,32.4,31.35,0.0,0.00147,3059548,97741573.0,-0.3129890453834049,31.95
HK.09866,蔚来-SW,2024-09-04 00:00:00,32.7,33.7,34.15,32.5,0.0,0.00284,5926954,198811307.0,5.8084772370486695,31.85
HK.09866,蔚来-SW,2024-09-05 00:00:00,33.7,34.1,34.25,32.3,0.0,0.00177,3697971,123088546.0,1.1869436201780372,33.7
HK.09866,蔚来-SW,2024-09-09 00:00:00,39.2,38.55,40.2,38.05,0.0,0.00478,9991922,388706513.0,13.049853372434002,34.1
HK.09866,蔚来-SW,2024-09-10 00:00:00,42.5,42.35,42.9,41.5,0.0,0.00524,10959270,462306554.0,9.857328145265901,38.55
HK.09866,蔚来-SW,2024-09-11 00:00:00,42.0,43.2,43.2,41.85,0.0,0.00264,5514822,235807270.0,2.0070838252656467,42.35
HK.09866,蔚来-SW,2024-09-12 00:00:00,43.2,42.75,43.9,42.45,0.0,0.00153,3190830,136826043.0,-1.0416666666666732,43.2
HK.09866,蔚来-SW,2024-09-13 00:00:00,41.1,41.45,41.95,40.55,0.0,0.0017,3558301,147223537.0,-3.040935672514613,42.75
HK.09866,蔚来-SW,2024-09-16 00:00:00,42.8,43.0,43.4,42.65,0.0,0.00181,3774069,161723108.0,3.7394451145958914,41.45
HK.09866,蔚来-SW,2024-09-17 00:00:00,42.95,42.5,42.95,41.85,0.0,0.0009,1875700,79566308.0,-1.1627906976744187,43.0
HK.09866,蔚来-SW,2024-09-19 00:00:00,39.6,41.05,41.45,39.45,0.0,0.00285,5948701,241788565.0,-3.41176470588236,42.5
HK.09866,蔚来-SW,2024-09-20 00:00:00,42.0,42.05,43.1,41.4,0.0,0.00544,11362863,478106182.0,2.43605359317905,41.05
HK.09866,蔚来-SW,2024-09-23 00:00:00,41.7,39.95,42.05,39.75,0.0,0.00294,6150609,248345436.0,-4.994054696789523,42.05
HK.09866,蔚来-SW,2024-09-24 00:00:00,42.0,44.4,44.4,41.8,0.0,0.00348,7266880,313679093.0,11.138923654568199,39.95
HK.09866,蔚来-SW,2024-09-25 00:00:00,46.2,43.55,46.5,43.1,0.0,0.0036,7523679,332537824.0,-1.9144144144144177,44.4
HK.09866,蔚来-SW,2024-09-26 00:00:00,43.7,46.2,46.5,43.25,0.0,0.00356,7447330,336514329.0,6.0849598163031136,43.55
HK.09866,蔚来-SW,2024-09-27 00:00:00,45.0,48.25,48.5,44.6,0.0,0.00647,13520716,637415618.0,4.437229437229431,46.2
HK.09866,蔚来-SW,2024-09-30 00:00:00,55.45,56.35,59.6,54.85,0.0,0.00857,17915571,1027756765.0,16.78756476683938,48.25
HK.09866,蔚来-SW,2024-10-02 00:00:00,55.5,59.15,60.7,55.1,0.0,0.00565,11810673,697634734.0,4.968944099378877,56.35
HK.09866,蔚来-SW,2024-10-03 00:00:00,56.5,54.75,57.1,52.65,0.0,0.00474,9916939,545956843.0,-7.438715131022821,59.15
HK.09866,蔚来-SW,2024-10-04 00:00:00,52.9,54.55,55.7,52.0,0.0,0.00307,6425466,348536904.0,-0.36529680365297323,54.75
HK.09866,蔚来-SW,2024-10-07 00:00:00,54.3,54.45,57.1,54.25,0.0,0.00347,7260412,399395708.0,-0.1833180568285872,54.55
HK.09866,蔚来-SW,2024-10-08 00:00:00,52.85,46.55,54.0,46.25,0.0,0.00608,12713706,615529713.0,-14.5087235996327,54.45
HK.09866,蔚来-SW,2024-10-09 00:00:00,48.4,46.55,50.45,44.8,0.0,0.00339,7078174,333661700.0,0.0,46.55
HK.09866,蔚来-SW,2024-10-10 00:00:00,48.35,48.7,49.5,47.5,0.0,0.00323,6749542,327950529.0,4.618689581095609,46.55
HK.09866,蔚来-SW,2024-10-14 00:00:00,48.5,47.0,48.5,45.55,0.0,0.00228,4766181,221850820.0,-3.490759753593435,48.7
HK.09866,蔚来-SW,2024-10-15 00:00:00,45.25,43.1,45.45,42.15,0.0,0.0034,7114858,307618999.0,-8.29787234042553,47.0
HK.09866,蔚来-SW,2024-10-16 00:00:00,43.6,43.8,45.0,43.35,0.0,0.00305,6374743,280656270.0,1.6241299303944219,43.1
HK.09866,蔚来-SW,2024-10-17 00:00:00,43.05,41.95,44.05,41.55,0.0,0.00171,3573217,151646658.0,-4.223744292237431,43.8
HK.09866,蔚来-SW,2024-10-18 00:00:00,40.2,42.55,43.1,39.6,0.0,0.00356,7451024,309978523.0,1.4302741358760294,41.95
HK.09866,蔚来-SW,2024-10-21 00:00:00,40.95,39.95,41.55,39.55,0.0,0.00297,6208009,250455153.0,-6.110458284371314,42.55
HK.09866,蔚来-SW,2024-10-22 00:00:00,40.3,40.6,41.8,39.95,0.0,0.00194,4050935,166265931.0,1.6270337922402967,39.95
HK.09866,蔚来-SW,2024-10-23 00:00:00,41.3,41.2,41.9,40.4,0.0,0.00156,3264030,134422251.0,1.4778325123152742,40.6
HK.09866,蔚来-SW,2024-10-24 00:00:00,40.65,39.65,41.05,39.4,0.0,0.00295,6175095,245826251.0,-3.762135922330107,41.2
HK.09866,蔚来-SW,2024-10-25 00:00:00,39.4,39.35,40.0,38.95,0.0,0.00123,2566200,100990151.0,-0.7566204287515692,39.65
HK.09866,蔚来-SW,2024-10-28 00:00:00,40.75,41.55,41.9,40.4,0.0,0.00284,5942080,244899964.0,5.590851334180421,39.35
HK.09866,蔚来-SW,2024-10-29 00:00:00,45.9,45.6,46.8,45.15,0.0,0.0044,9191922,421852279.0,9.747292418772574,41.55
HK.09866,蔚来-SW,2024-10-30 00:00:00,45.3,42.6,45.3,42.2,0.0,0.0025,5236373,226163533.0,-6.578947368421052,45.6
HK.09866,蔚来-SW,2024-10-31 00:00:00,42.35,41.65,42.35,40.8,0.0,0.00164,3423854,142466864.0,-2.230046948356814,42.6
HK.09866,蔚来-SW,2024-11-01 00:00:00,40.8,40.25,41.25,39.85,0.0,0.00114,2391268,96266570.0,-3.3613445378151225,41.65
HK.09866,蔚来-SW,2024-11-04 00:00:00,40.25,40.6,41.0,40.2,0.0,0.00122,2540686,103090191.0,0.8695652173913079,40.25
HK.09866,蔚来-SW,2024-11-05 00:00:00,40.55,41.9,42.2,39.6,0.0,0.00187,3916579,162624138.0,3.2019704433497465,40.6
HK.09866,蔚来-SW,2024-11-06 00:00:00,41.15,40.25,41.5,39.75,0.0,0.00187,3901251,157456113.0,-3.937947494033409,41.9
HK.09866,蔚来-SW,2024-11-07 00:00:00,39.5,40.1,40.6,38.65,0.0,0.002,4175182,166079765.0,-0.37267080745341263,40.25
HK.09866,蔚来-SW,2024-11-08 00:00:00,41.4,41.6,43.5,41.15,0.0,0.0025,5224046,220048759.0,3.7406483790523692,40.1
HK.09866,蔚来-SW,2024-11-11 00:00:00,41.5,40.75,41.5,39.9,0.0,0.00183,3825594,154755126.0,-2.0432692307692344,41.6
HK.09866,蔚来-SW,2024-11-12 00:00:00,40.7,38.0,40.7,37.7,0.0,0.0028,5856221,226264972.0,-6.748466257668712,40.75
HK.09866,蔚来-SW,2024-11-13 00:00:00,35.95,36.4,36.5,34.95,0.0,0.00281,5880246,210717126.0,-4.210526315789478,38.0
HK.09866,蔚来-SW,2024-11-14 00:00:00,36.4,35.1,36.4,34.75,0.0,0.00231,4826861,170685240.0,-3.5714285714285636,36.4
HK.09866,蔚来-SW,2024-11-15 00:00:00,35.1,34.95,35.65,34.4,0.0,0.00134,2803301,98340875.0,-0.42735042735042333,35.1
HK.09866,蔚来-SW,2024-11-18 00:00:00,35.75,35.95,36.4,35.7,0.0,0.00158,3308087,118925371.0,2.8612303290414873,34.95
HK.09866,蔚来-SW,2024-11-19 00:00:00,36.85,37.8,38.0,36.75,0.0,0.00208,4352080,163325207.0,5.1460361613351715,35.95
HK.09866,蔚来-SW,2024-11-20 00:00:00,37.05,36.4,37.05,35.75,0.0,0.00206,4311043,156537039.0,-3.7037037037037,37.8
HK.09866,蔚来-SW,2024-11-21 00:00:00,36.4,36.2,37.0,36.0,0.0,0.00234,4893470,178181922.0,-0.5494505494505377,36.4
HK.09866,蔚来-SW,2024-11-22 00:00:00,36.8,35.95,38.0,35.75,0.0,0.00163,3406955,124960924.0,-0.6906077348066298,36.2
HK.09866,蔚来-SW,2024-11-25 00:00:00,37.6,37.55,38.35,37.05,0.0,0.00603,12610670,473410550.0,4.450625869262849,35.95
HK.09866,蔚来-SW,2024-11-26 00:00:00,36.4,35.45,36.45,35.4,0.0,0.00246,5146920,185315036.0,-5.592543275632475,37.55
HK.09866,蔚来-SW,2024-11-27 00:00:00,34.0,34.85,34.95,33.45,0.0,0.00286,5987358,203914212.0,-1.692524682651626,35.45
HK.09866,蔚来-SW,2024-11-28 00:00:00,34.85,34.0,34.85,33.5,0.0,0.00176,3677699,124701798.0,-2.4390243902439064,34.85
HK.09866,蔚来-SW,2024-11-29 00:00:00,33.95,34.2,34.8,33.6,0.0,0.00135,2827960,96630240.0,0.5882352941176554,34.0
HK.09866,蔚来-SW,2024-12-02 00:00:00,34.2,35.2,35.3,34.2,0.0,0.00158,3300884,115531311.0,2.923976608187134,34.2
HK.09866,蔚来-SW,2024-12-03 00:00:00,35.2,35.5,35.9,34.7,0.0,0.00358,7485226,264518279.0,0.8522727272727191,35.2
HK.09866,蔚来-SW,2024-12-04 00:00:00,36.7,37.1,37.75,36.35,0.0,0.00342,7140511,265687506.0,4.5070422535211305,35.5
HK.09866,蔚来-SW,2024-12-05 00:00:00,36.8,36.65,36.8,35.85,0.0,0.00282,5902752,215320318.0,-1.2129380053908432,37.1
HK.09866,蔚来-SW,2024-12-06 00:00:00,36.65,36.2,37.25,35.35,0.0,0.00707,14780600,536602930.0,-1.2278308321964413,36.65
HK.09866,蔚来-SW,2024-12-09 00:00:00,36.1,38.15,38.15,35.55,0.0,0.00477,9978930,365239323.0,5.3867403314917,36.2
HK.09866,蔚来-SW,2024-12-10 00:00:00,40.7,37.95,40.95,37.7,0.0,0.0036,7520652,290602149.0,-0.5242463958060176,38.15
HK.09866,蔚来-SW,2024-12-11 00:00:00,37.95,37.3,38.1,36.6,0.0,0.00182,3798914,141540895.0,-1.7127799736495537,37.95
HK.09866,蔚来-SW,2024-12-12 00:00:00,37.0,36.4,37.05,36.25,0.0,0.00204,4263093,155970515.0,-2.412868632707771,37.3
HK.09866,蔚来-SW,2024-12-13 00:00:00,36.4,34.95,36.4,34.9,0.0,0.00179,3731618,131694054.0,-3.983516483516472,36.4
HK.09866,蔚来-SW,2024-12-16 00:00:00,34.95,35.3,35.5,34.75,0.0,0.00113,2369332,83090077.0,1.0014306151645045,34.95
HK.09866,蔚来-SW,2024-12-17 00:00:00,35.3,34.65,35.65,34.6,0.0,0.00139,2913321,102021446.0,-1.841359773371101,35.3
HK.09866,蔚来-SW,2024-12-18 00:00:00,35.0,35.85,36.15,34.8,0.0,0.00138,2890846,103270221.0,3.4632034632034716,34.65
HK.09866,蔚来-SW,2024-12-19 00:00:00,34.8,34.65,34.85,34.3,0.0,0.00253,5279146,182588552.0,-3.3472803347280413,35.85
HK.09866,蔚来-SW,2024-12-20 00:00:00,34.65,35.3,36.8,34.6,0.0,0.00843,17623091,624530342.0,1.8759018759018717,34.65
HK.09866,蔚来-SW,2024-12-23 00:00:00,36.1,34.95,36.1,34.75,0.0,0.00214,4470945,156630890.0,-0.9915014164305789,35.3
HK.09866,蔚来-SW,2024-12-24 00:00:00,34.7,35.2,35.5,34.5,0.0,0.00043,894900,31511152.0,0.7153075822603718,34.95
HK.09866,蔚来-SW,2024-12-27 00:00:00,36.05,36.4,36.9,35.5,0.0,0.00193,4026218,146584322.0,3.409090909090897,35.2
HK.09866,蔚来-SW,2024-12-30 00:00:00,36.0,35.05,36.0,34.95,0.0,0.0019,3973227,140011087.0,-3.708791208791213,36.4
HK.09866,蔚来-SW,2024-12-31 00:00:00,35.05,34.8,35.15,34.5,0.0,0.00077,1612062,56213580.0,-0.7132667617689016,35.05
HK.09866,蔚来-SW,2025-01-02 00:00:00,34.8,34.3,35.6,34.25,0.0,0.00222,4645716,161037435.0,-1.4367816091954024,34.8
HK.09866,蔚来-SW,2025-01-03 00:00:00,36.15,35.15,36.5,34.85,0.0,0.00341,7129465,254013259.0,2.478134110787176,34.3
HK.09866,蔚来-SW,2025-01-06 00:00:00,36.0,36.55,37.2,35.75,0.0,0.0024,5017660,183936505.0,3.982930298719769,35.15
HK.09866,蔚来-SW,2025-01-07 00:00:00,36.5,36.4,36.95,35.95,0.0,0.00146,3055770,110876557.0,-0.41039671682626155,36.55
HK.09866,蔚来-SW,2025-01-08 00:00:00,35.9,33.8,35.9,33.3,0.0,0.00477,9961103,337333659.0,-7.142857142857147,36.4
HK.09866,蔚来-SW,2025-01-09 00:00:00,33.6,33.2,33.9,33.1,0.0,0.00173,3611659,120286101.0,-1.7751479289940661,33.8
HK.09866,蔚来-SW,2025-01-10 00:00:00,33.45,33.05,33.75,32.75,0.0,0.0012,2498720,82658685.0,-0.4518072289156797,33.2
HK.09866,蔚来-SW,2025-01-13 00:00:00,32.5,32.85,32.95,32.25,0.0,0.00116,2417994,79076397.0,-0.6051437216338752,33.05
HK.09866,蔚来-SW,2025-01-14 00:00:00,32.0,32.4,32.85,31.75,0.0,0.00235,4920886,159123633.0,-1.3698630136986387,32.85
HK.09866,蔚来-SW,2025-01-15 00:00:00,32.5,31.65,32.5,31.15,0.0,0.00263,5495390,173284743.0,-2.314814814814815,32.4
HK.09866,蔚来-SW,2025-01-16 00:00:00,32.2,32.2,32.85,31.85,0.0,0.00182,3801914,122714839.0,1.7377567140600452,31.65
HK.09866,蔚来-SW,2025-01-17 00:00:00,32.35,32.65,33.0,32.35,0.0,0.00087,1814278,59307977.0,1.3975155279502973,32.2
HK.09866,蔚来-SW,2025-01-20 00:00:00,34.0,34.1,34.8,33.8,0.0,0.00222,4635646,159074744.0,4.441041347626349,32.65
HK.09866,蔚来-SW,2025-01-21 00:00:00,34.2,34.95,35.15,33.95,0.0,0.00264,5527614,191144420.0,2.4926686217008838,34.1
HK.09866,蔚来-SW,2025-01-22 00:00:00,32.65,32.9,33.55,32.1,0.0,0.00297,6205191,204909336.0,-5.865522174535061,34.95
HK.09866,蔚来-SW,2025-01-23 00:00:00,33.55,33.0,34.0,32.9,0.0,0.0012,2503110,83239465.0,0.30395136778115933,32.9
HK.09866,蔚来-SW,2025-01-24 00:00:00,32.4,32.95,33.35,32.3,0.0,0.00091,1905800,62745919.0,-0.15151515151514292,33.0
HK.09866,蔚来-SW,2025-01-27 00:00:00,33.0,34.05,34.3,33.0,0.0,0.00187,3918800,133327904.0,3.3383915022761586,32.95
HK.09866,蔚来-SW,2025-01-28 00:00:00,33.85,34.05,34.1,33.4,0.0,0.00049,1025520,34605774.0,0.0,34.05
HK.09866,蔚来-SW,2025-02-03 00:00:00,33.6,33.25,33.6,32.5,0.0,0.00203,4249230,140243569.0,-2.3494860499265706,34.05
HK.09866,蔚来-SW,2025-02-04 00:00:00,33.9,34.75,35.3,33.75,0.0,0.00286,5969264,206074501.0,4.511278195488721,33.25
HK.09866,蔚来-SW,2025-02-05 00:00:00,33.55,33.15,33.75,32.7,0.0,0.00275,5754192,190598639.0,-4.604316546762594,34.75
HK.09866,蔚来-SW,2025-02-06 00:00:00,33.15,33.85,33.85,32.3,0.0,0.00214,4471468,147468927.0,2.1116138763197676,33.15
HK.09866,蔚来-SW,2025-02-07 00:00:00,33.45,33.95,34.3,33.25,0.0,0.00307,6425417,217547974.0,0.2954209748892213,33.85
HK.09866,蔚来-SW,2025-02-10 00:00:00,34.0,34.05,34.55,33.45,0.0,0.00179,3743460,127000202.0,0.29455081001471073,33.95
HK.09866,蔚来-SW,2025-02-11 00:00:00,34.15,33.3,34.6,32.95,0.0,0.00238,4965542,166220410.0,-2.2026431718061676,34.05
HK.09866,蔚来-SW,2025-02-12 00:00:00,32.3,32.5,32.85,31.95,0.0,0.00301,6291873,203504062.0,-2.402402402402394,33.3
HK.09866,蔚来-SW,2025-02-13 00:00:00,32.5,32.7,34.1,32.25,0.0,0.00291,6093273,201741941.0,0.6153846153846242,32.5
HK.09866,蔚来-SW,2025-02-14 00:00:00,33.85,34.55,34.65,33.2,0.0,0.00277,5783600,197711928.0,5.657492354740043,32.7
HK.09866,蔚来-SW,2025-02-17 00:00:00,34.5,34.8,35.55,34.25,0.0,0.00236,4939071,172475747.0,0.7235890014471781,34.55
HK.09866,蔚来-SW,2025-02-18 00:00:00,34.8,35.5,35.7,34.6,0.0,0.0018,3757105,132110144.0,2.0114942528735713,34.8
HK.09866,蔚来-SW,2025-02-19 00:00:00,34.65,34.9,35.25,34.05,0.0,0.00215,4498585,156519755.0,-1.6901408450704265,35.5
HK.09866,蔚来-SW,2025-02-20 00:00:00,34.9,33.75,35.0,33.5,0.0,0.00224,4677255,158292036.0,-3.2951289398280763,34.9
HK.09866,蔚来-SW,2025-02-21 00:00:00,34.4,35.3,35.3,34.05,0.0,0.00284,5943712,206740432.0,4.592592592592585,33.75
HK.09866,蔚来-SW,2025-02-24 00:00:00,35.3,35.05,35.9,34.35,0.0,0.00211,4418570,155178975.0,-0.708215297450425,35.3
HK.09866,蔚来-SW,2025-02-25 00:00:00,34.8,35.2,36.15,34.1,0.0,0.00282,5891474,208909692.0,0.4279600570613572,35.05
HK.09866,蔚来-SW,2025-02-26 00:00:00,34.3,34.75,35.05,33.8,0.0,0.00357,7470043,256915146.0,-1.2784090909090988,35.2
HK.09866,蔚来-SW,2025-02-27 00:00:00,37.05,37.0,39.7,36.7,0.0,0.01045,21847916,827225313.0,6.474820143884892,34.75
HK.09866,蔚来-SW,2025-02-28 00:00:00,37.8,35.25,38.3,35.15,0.0,0.00568,11864870,423887350.0,-4.72972972972973,37.0
HK.09866,蔚来-SW,2025-03-03 00:00:00,35.8,35.15,36.55,34.9,0.0,0.00236,4924726,175524346.0,-0.2836879432624154,35.25
HK.09866,蔚来-SW,2025-03-04 00:00:00,33.85,33.55,33.85,32.7,0.0,0.0035,7324070,243964144.0,-4.55192034139403,35.15
HK.09866,蔚来-SW,2025-03-05 00:00:00,33.55,33.1,33.95,32.7,0.0,0.00286,5984879,198004759.0,-1.341281669150509,33.55
HK.09866,蔚来-SW,2025-03-06 00:00:00,33.55,34.1,34.3,33.45,0.0,0.00263,5493044,186422236.0,3.021148036253776,33.1
HK.09866,蔚来-SW,2025-03-07 00:00:00,33.9,33.65,34.6,33.2,0.0,0.00243,5085788,172133764.0,-1.3196480938416504,34.1
HK.09866,蔚来-SW,2025-03-10 00:00:00,34.05,34.65,35.5,33.95,0.0,0.00285,5954336,206260288.0,2.971768202080238,33.65
HK.09866,蔚来-SW,2025-03-11 00:00:00,34.65,38.05,39.45,34.3,0.0,0.00877,18338453,692489368.0,9.81240981240981,34.65
HK.09866,蔚来-SW,2025-03-12 00:00:00,40.9,40.15,42.05,39.8,0.0,0.00706,14757606,603996111.0,5.519053876478322,38.05
HK.09866,蔚来-SW,2025-03-13 00:00:00,40.2,39.15,40.9,38.4,0.0,0.00293,6118774,240469035.0,-2.4906600249066004,40.15
HK.09866,蔚来-SW,2025-03-14 00:00:00,38.0,36.75,38.0,35.8,0.0,0.00417,8720262,317654802.0,-6.130268199233713,39.15
HK.09866,蔚来-SW,2025-03-17 00:00:00,37.65,38.0,38.75,37.65,0.0,0.00267,5591008,213173487.0,3.4013605442176873,36.75
HK.09866,蔚来-SW,2025-03-18 00:00:00,38.85,41.4,44.75,38.45,0.0,0.00993,20761139,867150700.0,8.947368421052628,38.0
HK.09866,蔚来-SW,2025-03-19 00:00:00,41.35,40.95,42.0,39.65,0.0,0.00463,9686668,398117382.0,-1.0869565217391202,41.4
HK.09866,蔚来-SW,2025-03-20 00:00:00,40.9,39.35,40.9,39.05,0.0,0.00244,5098812,202027281.0,-3.9072039072039106,40.95
HK.09866,蔚来-SW,2025-03-21 00:00:00,37.0,35.9,38.9,35.75,0.0,0.00709,14815279,538043216.0,-8.76747141041932,39.35
HK.09866,蔚来-SW,2025-03-24 00:00:00,35.9,34.7,35.9,34.0,0.0,0.00503,10513857,363969350.0,-3.342618384401103,35.9
HK.09866,蔚来-SW,2025-03-25 00:00:00,34.4,33.8,34.55,33.65,0.0,0.00247,5167684,175082698.0,-2.5936599423631286,34.7
HK.09866,蔚来-SW,2025-03-26 00:00:00,34.0,34.3,34.6,33.9,0.0,0.00147,3077321,105366768.0,1.4792899408284024,33.8
HK.09866,蔚来-SW,2025-03-27 00:00:00,33.35,32.55,33.65,32.5,0.0,0.00359,7506937,246495228.0,-5.1020408163265305,34.3
HK.09866,蔚来-SW,2025-03-28 00:00:00,31.2,30.25,31.25,29.9,0.0,0.01656,34617357,1044455230.0,-7.066052227342542,32.55
HK.09866,蔚来-SW,2025-03-31 00:00:00,29.5,28.95,29.5,28.4,0.0,0.00699,14621210,420467670.0,-4.2975206611570265,30.25
HK.09866,蔚来-SW,2025-04-01 00:00:00,29.65,29.3,29.85,29.1,0.0,0.00495,10338913,304536829.0,1.2089810017271208,28.95
HK.09866,蔚来-SW,2025-04-02 00:00:00,29.7,29.65,30.05,29.15,0.0,0.00676,14141037,417359913.0,1.1945392491467504,29.3
HK.09866,蔚来-SW,2025-04-03 00:00:00,28.8,28.75,29.3,28.4,0.0,0.00402,8399641,241093485.0,-3.0354131534569935,29.65
HK.09866,蔚来-SW,2025-04-07 00:00:00,25.15,24.5,25.95,24.05,0.0,0.01141,25402692,630919361.0,-14.782608695652174,28.75
HK.09866,蔚来-SW,2025-04-08 00:00:00,25.85,25.85,26.6,25.15,0.0,0.00871,19396620,496404197.0,5.510204081632659,24.5
HK.09866,蔚来-SW,2025-04-09 00:00:00,24.0,25.5,25.5,23.7,0.0,0.007,15733090,386539754.0,-1.3539651837524231,25.85
HK.09866,蔚来-SW,2025-04-10 00:00:00,26.55,26.5,27.3,26.2,0.0,0.00584,13122040,351604414.0,3.9215686274509802,25.5
HK.09866,蔚来-SW,2025-04-11 00:00:00,25.65,26.05,27.35,25.15,0.0,0.007,15723354,415686586.0,-1.698113207547167,26.5
HK.09866,蔚来-SW,2025-04-14 00:00:00,28.1,27.85,28.35,27.25,0.0,0.0048,10776590,297914797.0,6.9097888675623835,26.05
HK.09866,蔚来-SW,2025-04-15 00:00:00,28.1,27.95,28.6,27.5,0.0,0.00286,6426780,179836409.0,0.3590664272890408,27.85
HK.09866,蔚来-SW,2025-04-16 00:00:00,27.9,26.55,27.9,26.25,0.0,0.00461,10357461,274898869.0,-5.00894454382826,27.95
HK.09866,蔚来-SW,2025-04-17 00:00:00,26.8,27.35,27.75,26.8,0.0,0.0034,7644650,209048492.0,3.013182674199626,26.55
HK.09866,蔚来-SW,2025-04-22 00:00:00,28.5,28.15,28.95,27.9,0.0,0.0051,11449515,323029489.0,2.925045703839112,27.35
HK.09866,蔚来-SW,2025-04-23 00:00:00,29.45,29.4,29.7,28.95,0.0,0.00409,9191076,269682611.0,4.440497335701599,28.15
HK.09866,蔚来-SW,2025-04-24 00:00:00,30.4,30.5,30.75,29.9,0.0,0.0047,10545333,319129849.0,3.741496598639461,29.4
HK.09866,蔚来-SW,2025-04-25 00:00:00,32.4,31.7,32.65,31.55,0.0,0.0055,12346037,395991230.0,3.9344262295081944,30.5
HK.09866,蔚来-SW,2025-04-28 00:00:00,31.2,31.6,31.8,30.9,0.0,0.00325,7305449,229665326.0,-0.3154574132492046,31.7
HK.09866,蔚来-SW,2025-04-29 00:00:00,33.35,33.15,34.2,32.85,0.0,0.0049,11004687,365976693.0,4.905063291139231,31.6
HK.09866,蔚来-SW,2025-04-30 00:00:00,33.1,31.45,33.25,30.65,0.0,0.00764,17166862,540381265.0,-5.128205128205126,33.15
HK.09866,蔚来-SW,2025-05-02 00:00:00,30.9,31.8,32.05,30.25,0.0,0.00296,6653695,210078607.0,1.1128775834658233,31.45
HK.09866,蔚来-SW,2025-05-06 00:00:00,31.2,29.75,31.2,29.5,0.0,0.00559,12563401,375393335.0,-6.446540880503147,31.8
HK.09866,蔚来-SW,2025-05-07 00:00:00,30.5,29.85,30.9,29.8,0.0,0.00307,6898525,208472337.0,0.3361344537815174,29.75
HK.09866,蔚来-SW,2025-05-08 00:00:00,30.05,30.1,30.3,29.75,0.0,0.00133,2980565,89746724.0,0.8375209380234505,29.85
HK.09866,蔚来-SW,2025-05-09 00:00:00,30.5,30.55,30.7,29.95,0.0,0.00146,3287436,99930498.0,1.4950166112956786,30.1
HK.09866,蔚来-SW,2025-05-12 00:00:00,31.8,32.9,33.3,31.6,0.0,0.0042,9427601,306491137.0,7.692307692307685,30.55
HK.09866,蔚来-SW,2025-05-13 00:00:00,32.3,31.2,32.5,30.75,0.0,0.00466,10471650,327237206.0,-5.167173252279634,32.9
HK.09866,蔚来-SW,2025-05-14 00:00:00,32.0,32.3,32.55,31.55,0.0,0.00261,5865864,188388538.0,3.5256410256410184,31.2
HK.09866,蔚来-SW,2025-05-15 00:00:00,32.2,31.5,32.2,31.25,0.0,0.0022,4945182,155837426.0,-2.4767801857585052,32.3
HK.09866,蔚来-SW,2025-05-16 00:00:00,31.45,32.25,32.35,30.8,0.0,0.00327,7349870,233312670.0,2.380952380952381,31.5
HK.09866,蔚来-SW,2025-05-19 00:00:00,31.65,30.95,31.65,30.65,0.0,0.00328,7368256,227728389.0,-4.031007751937986,32.25
HK.09866,蔚来-SW,2025-05-20 00:00:00,31.05,30.55,31.1,30.5,0.0,0.00292,6565056,201744718.0,-1.2924071082390907,30.95
HK.09866,蔚来-SW,2025-05-21 00:00:00,30.85,30.75,31.45,30.6,0.0,0.00186,4175367,128867130.0,0.6546644844517162,30.55
HK.09866,蔚来-SW,2025-05-22 00:00:00,30.65,30.6,31.35,30.15,0.0,0.00191,4280693,131144757.0,-0.48780487804877587,30.75
HK.09866,蔚来-SW,2025-05-23 00:00:00,30.5,30.05,30.5,29.8,0.0,0.00294,6600298,198397031.0,-1.797385620915035,30.6
HK.09866,蔚来-SW,2025-05-26 00:00:00,29.6,29.15,30.05,28.9,0.0,0.0026,5839342,170582228.0,-2.995008319467561,30.05
HK.09866,蔚来-SW,2025-05-27 00:00:00,29.15,28.55,29.35,27.95,0.0,0.00527,11842799,335370841.0,-2.0583190394511077,29.15
HK.09866,蔚来-SW,2025-05-28 00:00:00,28.55,28.35,28.6,28.05,0.0,0.00212,4770735,134698221.0,-0.7005253940455316,28.55
HK.09866,蔚来-SW,2025-05-29 00:00:00,28.6,29.4,29.45,28.35,0.0,0.00338,7601750,221470800.0,3.703703703703694,28.35
HK.09866,蔚来-SW,2025-05-30 00:00:00,28.8,28.1,28.8,27.6,0.0,0.00631,14180360,397073249.0,-4.4217687074829835,29.4
HK.09866,蔚来-SW,2025-06-02 00:00:00,27.75,27.5,27.8,27.0,0.0,0.00224,5027720,137300875.0,-2.1352313167259838,28.1
HK.09866,蔚来-SW,2025-06-03 00:00:00,27.65,27.5,27.8,27.25,0.0,0.00245,5504273,151298323.0,0.0,27.5
HK.09866,蔚来-SW,2025-06-04 00:00:00,27.45,27.95,28.7,27.35,0.0,0.00339,7612534,213377174.0,1.6363636363636338,27.5
HK.09866,蔚来-SW,2025-06-05 00:00:00,29.05,28.5,29.2,28.3,0.0,0.00391,8792853,252049702.0,1.9677996422182493,27.95
HK.09866,蔚来-SW,2025-06-06 00:00:00,28.3,27.55,28.3,26.85,0.0,0.00516,11595042,316945208.0,-3.3333333333333304,28.5
HK.09866,蔚来-SW,2025-06-09 00:00:00,28.0,27.9,28.4,27.7,0.0,0.00475,10663946,298726844.0,1.2704174228675058,27.55
HK.09866,蔚来-SW,2025-06-10 00:00:00,28.05,28.45,28.65,27.95,0.0,0.00506,11355704,322627130.0,1.9713261648745546,27.9
HK.09866,蔚来-SW,2025-06-11 00:00:00,29.3,29.6,29.85,28.95,0.0,0.00431,9678230,284863461.0,4.042179261862925,28.45
HK.09866,蔚来-SW,2025-06-12 00:00:00,29.0,28.35,29.0,28.3,0.0,0.00242,5435781,155278734.0,-4.222972972972973,29.6
HK.09866,蔚来-SW,2025-06-13 00:00:00,27.65,26.95,27.8,26.75,0.0,0.00413,9282197,250642952.0,-4.938271604938279,28.35
HK.09866,蔚来-SW,2025-06-16 00:00:00,27.0,27.45,27.6,26.85,0.0,0.00233,5229059,142472086.0,1.855287569573284,26.95
HK.09866,蔚来-SW,2025-06-17 00:00:00,27.4,27.35,27.4,26.9,0.0,0.00193,4323951,117301756.0,-0.3642987249544549,27.45
HK.09866,蔚来-SW,2025-06-18 00:00:00,26.9,26.8,26.9,26.35,0.0,0.00213,4781009,127170815.0,-2.010968921389399,27.35
HK.09866,蔚来-SW,2025-06-19 00:00:00,26.5,26.05,26.95,26.0,0.0,0.00196,4395725,116050704.0,-2.798507462686567,26.8
HK.09866,蔚来-SW,2025-06-20 00:00:00,26.3,26.75,26.75,26.15,0.0,0.00239,5370948,142674098.0,2.687140115163145,26.05
HK.09866,蔚来-SW,2025-06-23 00:00:00,26.35,26.85,26.95,25.8,0.0,0.00185,4156165,110367107.0,0.3738317757009399,26.75
HK.09866,蔚来-SW,2025-06-24 00:00:00,26.95,27.05,27.35,26.75,0.0,0.0021,4710317,127411909.0,0.7448789571694573,26.85
HK.09866,蔚来-SW,2025-06-25 00:00:00,27.35,27.55,28.4,27.25,0.0,0.00333,7469554,207980374.0,1.8484288354898335,27.05
HK.09866,蔚来-SW,2025-06-26 00:00:00,26.85,27.15,27.35,26.8,0.0,0.00173,3876986,105131668.0,-1.451905626134309,27.55
HK.09866,蔚来-SW,2025-06-27 00:00:00,27.0,26.65,27.0,26.15,0.0,0.00335,7533357,199309751.0,-1.841620626151013,27.15
HK.09866,蔚来-SW,2025-06-30 00:00:00,26.95,27.4,27.6,26.8,0.0,0.00244,5484857,149627115.0,2.8142589118198877,26.65
HK.09866,蔚来-SW,2025-07-02 00:00:00,27.4,26.8,27.55,26.7,0.0,0.00202,4546634,122447789.0,-2.1897810218978027,27.4
HK.09866,蔚来-SW,2025-07-03 00:00:00,27.2,27.15,27.55,26.9,0.0,0.00228,5113615,139037375.0,1.3059701492537232,26.8
HK.09866,蔚来-SW,2025-07-04 00:00:00,27.25,26.6,27.55,26.5,0.0,0.0021,4706470,126757662.0,-2.0257826887661037,27.15
HK.09866,蔚来-SW,2025-07-07 00:00:00,26.6,26.75,26.8,26.2,0.0,0.00213,4793760,127329622.0,0.5639097744360848,26.6
HK.09866,蔚来-SW,2025-07-08 00:00:00,26.55,26.75,26.9,26.25,0.0,0.00278,6239461,165693716.0,0.0,26.75
HK.09866,蔚来-SW,2025-07-09 00:00:00,27.05,27.4,27.45,26.9,0.0,0.00313,7022042,191508933.0,2.4299065420560697,26.75
HK.09866,蔚来-SW,2025-07-10 00:00:00,27.35,27.6,27.8,26.75,0.0,0.00295,6631050,181237662.0,0.7299270072992805,27.4
HK.09866,蔚来-SW,2025-07-11 00:00:00,28.95,29.25,30.0,28.95,0.0,0.00615,13823848,407907401.0,5.978260869565212,27.6
HK.09866,蔚来-SW,2025-07-14 00:00:00,30.6,32.35,32.75,30.6,0.0,0.00902,20262966,651666152.0,10.598290598290603,29.25
HK.09866,蔚来-SW,2025-07-15 00:00:00,32.35,33.6,34.0,32.3,0.0,0.00601,13492197,449467613.0,3.863987635239567,32.35
HK.09866,蔚来-SW,2025-07-16 00:00:00,33.35,32.95,33.5,32.8,0.0,0.00359,8055316,266732815.0,-1.934523809523805,33.6
HK.09866,蔚来-SW,2025-07-17 00:00:00,31.8,32.5,33.0,31.6,0.0,0.00387,8702778,282403282.0,-1.365705614567535,32.95
HK.09866,蔚来-SW,2025-07-18 00:00:00,34.9,34.0,34.95,33.65,0.0,0.00476,10691822,363973155.0,4.615384615384616,32.5
HK.09866,蔚来-SW,2025-07-21 00:00:00,35.0,34.7,35.1,34.25,0.0,0.00339,7603713,263666461.0,2.058823529411773,34.0
HK.09866,蔚来-SW,2025-07-22 00:00:00,35.5,36.25,36.45,35.45,0.0,0.0036,8084572,292065484.0,4.466858789625352,34.7
HK.09866,蔚来-SW,2025-07-23 00:00:00,39.5,39.5,40.3,38.9,0.0,0.00847,19029161,754519846.0,8.96551724137931,36.25
HK.09866,蔚来-SW,2025-07-24 00:00:00,38.7,38.05,39.55,38.05,0.0,0.0049,11001722,424599440.0,-3.670886075949374,39.5
HK.09866,蔚来-SW,2025-07-25 00:00:00,38.0,38.15,38.45,37.55,0.0,0.00315,7071643,269608606.0,0.2628120893561141,38.05
HK.09866,蔚来-SW,2025-07-28 00:00:00,38.9,38.65,39.9,38.3,0.0,0.00206,4630128,178904133.0,1.3106159895150722,38.15
HK.09866,蔚来-SW,2025-07-29 00:00:00,37.6,38.1,38.1,37.2,0.0,0.00318,7149412,269508165.0,-1.4230271668822696,38.65
HK.09866,蔚来-SW,2025-07-30 00:00:00,37.35,35.95,37.4,35.75,0.0,0.00521,11697770,426647304.0,-5.643044619422568,38.1
HK.09866,蔚来-SW,2025-07-31 00:00:00,35.95,34.8,35.95,34.4,0.0,0.00666,14955679,521002820.0,-3.1988873435326997,35.95
HK.09866,蔚来-SW,2025-08-01 00:00:00,37.85,37.8,38.3,37.25,0.0,0.00567,12741361,481361071.0,8.620689655172415,34.8
HK.09866,蔚来-SW,2025-08-04 00:00:00,38.7,38.2,39.08,37.12,0.0,0.00519,11660549,441823156.0,1.0582010582010732,37.8
HK.09866,蔚来-SW,2025-08-05 00:00:00,35.96,35.7,36.14,35.3,0.0,0.00516,11589054,413662232.0,-6.544502617801047,38.2
HK.09866,蔚来-SW,2025-08-06 00:00:00,35.18,36.42,36.42,35.1,0.0,0.00434,9755035,351545014.0,2.0168067226890725,35.7
HK.09866,蔚来-SW,2025-08-07 00:00:00,36.14,36.3,36.78,36.0,0.0,0.00165,3707700,134815204.0,-0.3294892915980355,36.42
HK.09866,蔚来-SW,2025-08-08 00:00:00,36.0,37.38,37.42,36.0,0.0,0.00179,4025279,149332605.0,2.9752066115702633,36.3
HK.09866,蔚来-SW,2025-08-11 00:00:00,37.5,38.36,38.9,37.5,0.0,0.00233,5230387,200483252.0,2.621722846441939,37.38
HK.09866,蔚来-SW,2025-08-12 00:00:00,38.36,37.38,39.0,36.66,0.0,0.00384,8622979,323311897.0,-2.5547445255474375,38.36
HK.09866,蔚来-SW,2025-08-13 00:00:00,35.2,36.3,36.42,35.1,0.0,0.00403,9058881,325732275.0,-2.8892455858748134,37.38
HK.09866,蔚来-SW,2025-08-14 00:00:00,36.58,35.66,36.6,35.52,0.0,0.00287,6448467,230421919.0,-1.7630853994490374,36.3
HK.09866,蔚来-SW,2025-08-15 00:00:00,35.14,35.82,36.02,34.88,0.0,0.00261,5865569,209289250.0,0.44868199663489544,35.66
HK.09866,蔚来-SW,2025-08-18 00:00:00,37.7,38.32,38.9,37.62,0.0,0.00414,9308159,357936424.0,6.979341150195421,35.82
HK.09866,蔚来-SW,2025-08-19 00:00:00,38.02,38.64,39.34,37.22,0.0,0.00304,6824502,262852749.0,0.835073068893529,38.32
HK.09866,蔚来-SW,2025-08-20 00:00:00,39.24,39.12,39.8,38.54,0.0,0.00259,5819647,227608328.0,1.2422360248447124,38.64
HK.09866,蔚来-SW,2025-08-21 00:00:00,39.6,41.18,41.38,39.3,0.0,0.00513,11527006,469378793.0,5.265848670756652,39.12
HK.09866,蔚来-SW,2025-08-22 00:00:00,43.6,45.76,45.82,43.4,0.0,0.01012,22731791,1018834479.0,11.121903836813983,41.18
HK.09866,蔚来-SW,2025-08-25 00:00:00,52.55,52.7,54.4,50.6,0.0,0.01604,36019538,1895599053.0,15.166083916083927,45.76
HK.09866,蔚来-SW,2025-08-26 00:00:00,48.5,49.54,49.94,48.4,0.0,0.00748,16798706,827568522.0,-5.996204933586345,52.7
HK.09866,蔚来-SW,2025-08-27 00:00:00,53.55,51.65,53.95,51.0,0.0,0.00769,17264542,903217660.0,4.259184497375857,49.54
HK.09866,蔚来-SW,2025-08-28 00:00:00,50.25,50.5,51.2,49.56,0.0,0.00432,9706395,488315444.0,-2.226524685382379,51.65
HK.09866,蔚来-SW,2025-08-29 00:00:00,50.55,50.6,52.2,49.54,0.0,0.00434,9743858,495058757.0,0.19801980198020083,50.5
HK.09866,蔚来-SW,2025-09-01 00:00:00,50.55,52.95,53.75,50.05,0.0,0.00485,10883409,571335809.0,4.644268774703559,50.6
HK.09866,蔚来-SW,2025-09-02 00:00:00,53.5,51.05,53.95,50.75,0.0,0.00389,8774690,456078605.0,-3.588290840415497,52.95
HK.09866,蔚来-SW,2025-09-03 00:00:00,52.65,51.55,53.35,50.8,0.0,0.00423,9536739,494684838.0,0.9794319294809012,51.05
HK.09866,蔚来-SW,2025-09-04 00:00:00,50.1,48.24,50.3,48.16,0.0,0.00609,13730983,669465678.0,-6.420950533462648,51.55
HK.09866,蔚来-SW,2025-09-05 00:00:00,48.2,47.84,48.7,47.06,0.0,0.00445,10025630,479144952.0,-0.8291873963515726,48.24
HK.09866,蔚来-SW,2025-09-08 00:00:00,47.7,47.18,47.7,46.4,0.0,0.00318,7169518,337369301.0,-1.3795986622073655,47.84
HK.09866,蔚来-SW,2025-09-09 00:00:00,48.5,47.8,48.98,47.68,0.0,0.00223,5023352,242012386.0,1.3141161509113977,47.18
HK.09866,蔚来-SW,2025-09-10 00:00:00,48.8,46.72,48.98,46.66,0.0,0.0043,9691517,461011868.0,-2.2594142259414194,47.8
HK.09866,蔚来-SW,2025-09-11 00:00:00,45.02,45.9,47.32,44.76,0.0,0.00951,21431695,991448851.0,-1.7551369863013706,46.72
HK.09866,蔚来-SW,2025-09-12 00:00:00,48.0,48.12,48.62,47.16,0.0,0.0047,10582514,508613390.0,4.8366013071895395,45.9
HK.09866,蔚来-SW,2025-09-15 00:00:00,48.56,49.82,51.65,48.44,0.0,0.00517,11639457,586177497.0,3.5328345802161327,48.12
HK.09866,蔚来-SW,2025-09-16 00:00:00,50.85,51.05,51.85,50.6,0.0,0.00271,6096185,311778977.0,2.4688879967884323,49.82
HK.09866,蔚来-SW,2025-09-17 00:00:00,54.85,56.9,57.15,54.75,0.0,0.00703,17327768,972914055.0,11.459353574926547,51.05
HK.09866,蔚来-SW,2025-09-18 00:00:00,57.8,56.15,58.8,54.7,0.0,0.00853,21019211,1192867940.0,-1.3181019332161688,56.9
HK.09866,蔚来-SW,2025-09-19 00:00:00,58.2,58.65,60.35,57.45,0.0,0.00881,21717176,1279125235.0,4.452359750667854,56.15
HK.09866,蔚来-SW,2025-09-22 00:00:00,59.45,57.15,59.6,55.9,0.0,0.01494,36810557,2112240378.0,-2.557544757033248,58.65
HK.09866,蔚来-SW,2025-09-23 00:00:00,55.1,53.75,55.35,52.15,0.0,0.00716,17632595,942114030.0,-5.949256342957128,57.15
HK.09866,蔚来-SW,2025-09-24 00:00:00,54.45,55.45,55.8,53.75,0.0,0.00437,9825808,543880898.0,3.162790697674424,53.75
HK.09866,蔚来-SW,2025-09-25 00:00:00,56.4,56.7,57.4,55.65,0.0,0.00272,6105121,345577797.0,2.254283137962128,55.45
HK.09866,蔚来-SW,2025-09-26 00:00:00,57.7,56.6,58.75,56.3,0.0,0.00296,6652447,382642561.0,-0.17636684303351222,56.7
HK.09866,蔚来-SW,2025-09-29 00:00:00,56.0,55.7,56.3,55.4,0.0,0.0019,4273374,238308887.0,-1.5901060070671353,56.6
HK.09866,蔚来-SW,2025-09-30 00:00:00,56.6,57.4,57.7,55.7,0.0,0.00359,8057298,460638768.0,3.0520646319569043,55.7
HK.09866,蔚来-SW,2025-10-02 00:00:00,58.9,61.2,61.6,58.9,0.0,0.00423,9493670,576151520.0,6.620209059233457,57.4
HK.09866,蔚来-SW,2025-10-03 00:00:00,61.25,59.9,61.3,59.45,0.0,0.00177,3975484,238374352.0,-2.124183006535955,61.2
HK.09866,蔚来-SW,2025-10-06 00:00:00,59.8,59.8,60.1,58.9,0.0,0.00116,2601874,154372851.0,-0.16694490818030286,59.9
HK.09866,蔚来-SW,2025-10-08 00:00:00,58.95,60.1,60.1,58.65,0.0,0.00196,4409407,262725816.0,0.5016722408026827,59.8
HK.09866,蔚来-SW,2025-10-09 00:00:00,61.2,60.9,61.75,60.1,0.0,0.00257,5772510,352071788.0,1.3311148086522415,60.1
HK.09866,蔚来-SW,2025-10-10 00:00:00,59.1,57.8,59.3,57.75,0.0,0.00184,4543590,264951884.0,-5.090311986863713,60.9
HK.09866,蔚来-SW,2025-10-13 00:00:00,55.0,55.45,56.3,53.75,0.0,0.00401,9920753,546497088.0,-4.065743944636669,57.8
HK.09866,蔚来-SW,2025-10-14 00:00:00,56.7,53.5,57.15,53.0,0.0,0.00406,10047744,547288005.0,-3.5166816952209246,55.45
HK.09866,蔚来-SW,2025-10-15 00:00:00,53.55,54.15,54.35,53.0,0.0,0.0017,4216026,227272218.0,1.2149532710280349,53.5
HK.09866,蔚来-SW,2025-10-16 00:00:00,53.6,49.28,53.95,47.0,0.0,0.01587,39245986,1943979073.0,-8.993536472760844,54.15
HK.09866,蔚来-SW,2025-10-17 00:00:00,52.05,50.35,52.3,49.56,0.0,0.0073,17993383,909176558.0,2.1712662337662345,49.28
HK.09866,蔚来-SW,2025-10-20 00:00:00,52.55,52.2,53.3,51.75,0.0,0.00258,6390423,335484894.0,3.6742800397219493,50.35
HK.09866,蔚来-SW,2025-10-21 00:00:00,54.45,53.65,54.65,53.45,0.0,0.00309,7645098,412149732.0,2.7777777777777692,52.2
HK.09866,蔚来-SW,2025-10-22 00:00:00,53.2,54.55,55.15,52.4,0.0,0.00278,6886363,374308416.0,1.6775396085740888,53.65
HK.09866,蔚来-SW,2025-10-23 00:00:00,54.0,54.4,54.65,52.65,0.0,0.0029,7175507,385605063.0,-0.2749770852428939,54.55
HK.09866,蔚来-SW,2025-10-24 00:00:00,54.4,52.65,54.45,52.05,0.0,0.00523,12924095,682380606.0,-3.2169117647058827,54.4
HK.09866,蔚来-SW,2025-10-27 00:00:00,53.55,55.0,55.0,53.0,0.0,0.00404,9989936,540133645.0,4.463437796771133,52.65
HK.09866,蔚来-SW,2025-10-28 00:00:00,55.0,54.5,55.7,54.0,0.0,0.00189,4668712,254928305.0,-0.9090909090909091,55.0
HK.09866,蔚来-SW,2025-10-30 00:00:00,56.0,55.15,56.3,54.55,0.0,0.00297,7323008,405332405.0,1.192660550458713,54.5
HK.09866,蔚来-SW,2025-10-31 00:00:00,54.95,54.6,55.4,54.15,0.0,0.0022,5418428,296289750.0,-0.997280145058925,55.15
HK.09866,蔚来-SW,2025-11-03 00:00:00,56.5,56.9,57.1,55.85,0.0,0.00215,5308594,300897513.0,4.212454212454207,54.6
HK.09866,蔚来-SW,2025-11-04 00:00:00,57.0,56.35,58.1,56.2,0.0,0.00228,5638792,321367910.0,-0.9666080843585189,56.9
HK.09866,蔚来-SW,2025-11-05 00:00:00,55.3,57.2,57.3,54.0,0.0,0.00202,4990447,281105113.0,1.5084294587400202,56.35
HK.09866,蔚来-SW,2025-11-06 00:00:00,57.25,58.4,58.5,56.7,0.0,0.00199,4933112,286083917.0,2.0979020979020904,57.2
HK.09866,蔚来-SW,2025-11-07 00:00:00,56.9,55.4,56.9,55.05,0.0,0.00226,5574247,309882391.0,-5.136986301369864,58.4
HK.09866,蔚来-SW,2025-11-10 00:00:00,54.65,54.3,55.0,53.9,0.0,0.00206,5069192,275345468.0,-1.985559566787006,55.4
HK.09866,蔚来-SW,2025-11-11 00:00:00,53.2,54.9,55.55,52.4,0.0,0.00351,8647676,471820860.0,1.1049723756906105,54.3
HK.09866,蔚来-SW,2025-11-12 00:00:00,52.65,51.25,53.15,50.65,0.0,0.00386,9499444,488850848.0,-6.648451730418942,54.9
HK.09866,蔚来-SW,2025-11-13 00:00:00,51.1,51.0,51.1,50.3,0.0,0.00188,4628100,235152301.0,-0.4878048780487805,51.25
HK.09866,蔚来-SW,2025-11-14 00:00:00,48.62,49.36,49.72,48.46,0.0,0.00268,6601196,324624682.0,-3.215686274509805,51.0
HK.09866,蔚来-SW,2025-11-17 00:00:00,49.26,49.32,49.58,48.92,0.0,0.00148,3649890,179798077.0,-0.08103727714748611,49.36
HK.09866,蔚来-SW,2025-11-18 00:00:00,47.84,47.62,48.7,47.1,0.0,0.00212,5213854,247899382.0,-3.4468775344687814,49.32
HK.09866,蔚来-SW,2025-11-19 00:00:00,47.02,46.64,47.16,46.3,0.0,0.0029,7133878,333110661.0,-2.057958840823177,47.62
HK.09866,蔚来-SW,2025-11-20 00:00:00,46.24,45.14,46.64,44.78,0.0,0.00389,9575938,433868998.0,-3.216123499142367,46.64
HK.09866,蔚来-SW,2025-11-21 00:00:00,42.84,42.96,43.4,42.22,0.0,0.0057,14047597,600389098.0,-4.829419583517944,45.14
HK.09866,蔚来-SW,2025-11-24 00:00:00,44.9,45.44,45.44,44.06,0.0,0.00427,10519041,474328696.0,5.772811918063307,42.96
HK.09866,蔚来-SW,2025-11-25 00:00:00,46.4,46.82,46.82,45.1,0.0,0.00326,8045149,371525483.0,3.0369718309859213,45.44
HK.09866,蔚来-SW,2025-11-26 00:00:00,43.56,43.9,45.04,43.14,0.0,0.00435,10712945,469922622.0,-6.236651003844514,46.82
HK.09866,蔚来-SW,2025-11-27 00:00:00,42.94,43.22,43.8,42.94,0.0,0.00244,6022662,260644410.0,-1.5489749430523911,43.9
HK.09866,蔚来-SW,2025-11-28 00:00:00,43.44,43.52,43.94,43.3,0.0,0.0026,6415222,279474567.0,0.6941230911615092,43.22
HK.09866,蔚来-SW,2025-12-01 00:00:00,43.48,43.32,43.62,42.8,0.0,0.00192,4739914,205072314.0,-0.4595588235294183,43.52
HK.09866,蔚来-SW,2025-12-02 00:00:00,40.64,40.4,41.56,39.98,0.0,0.00486,11987762,486443136.0,-6.740535549399819,43.32
HK.09866,蔚来-SW,2025-12-03 00:00:00,39.68,39.06,39.68,38.56,0.0,0.00362,8914663,347670231.0,-3.316831683168308,40.4
HK.09866,蔚来-SW,2025-12-04 00:00:00,38.6,39.38,39.42,37.8,0.0,0.00528,13002784,503677867.0,0.8192524321556587,39.06
HK.09866,蔚来-SW,2025-12-05 00:00:00,39.38,40.22,40.34,39.02,0.0,0.00319,7852356,314172102.0,2.1330624682579895,39.38
HK.09866,蔚来-SW,2025-12-08 00:00:00,40.2,39.94,40.2,39.7,0.0,0.00172,4250423,169833957.0,-0.6961710591745429,40.22
HK.09866,蔚来-SW,2025-12-09 00:00:00,40.5,39.82,40.98,39.56,0.0,0.00157,3871679,154132440.0,-0.30045067601401465,39.94
HK.09866,蔚来-SW,2025-12-10 00:00:00,39.82,38.96,39.82,38.64,0.0,0.00195,4805543,186854029.0,-2.1597187343043682,39.82
HK.09866,蔚来-SW,2025-12-11 00:00:00,39.2,39.22,39.58,38.66,0.0,0.00137,3377942,131903165.0,0.6673511293634445,38.96
HK.09866,蔚来-SW,2025-12-12 00:00:00,40.1,40.24,40.6,39.96,0.0,0.00157,3863559,155690647.0,2.6007139214686466,39.22
HK.09866,蔚来-SW,2025-12-15 00:00:00,39.82,39.24,39.82,39.06,0.0,0.00115,2822890,110865470.0,-2.485089463220676,40.24
HK.09866,蔚来-SW,2025-12-16 00:00:00,40.0,38.84,40.0,38.04,0.0,0.00166,4091579,157594146.0,-1.0193679918450524,39.24
HK.09866,蔚来-SW,2025-12-17 00:00:00,38.84,39.0,39.4,38.76,0.0,0.00149,3669614,143100869.0,0.4119464469618862,38.84
HK.09866,蔚来-SW,2025-12-18 00:00:00,38.8,38.42,38.8,37.84,0.0,0.00133,3287323,125635034.0,-1.4871794871794828,39.0
HK.09866,蔚来-SW,2025-12-19 00:00:00,38.42,39.3,39.56,38.42,0.0,0.00255,6293428,246478891.0,2.2904737116085254,38.42
HK.09866,蔚来-SW,2025-12-22 00:00:00,39.6,39.0,39.7,38.54,0.0,0.00173,4275281,166277887.0,-0.763358778625947,39.3
HK.09866,蔚来-SW,2025-12-23 00:00:00,39.0,38.62,39.2,38.42,0.0,0.00105,2591745,100122943.0,-0.974358974358981,39.0
HK.09866,蔚来-SW,2025-12-24 00:00:00,38.42,38.44,38.6,38.18,0.0,0.00049,1201084,46113721.0,-0.4660797514241318,38.62
HK.09866,蔚来-SW,2025-12-29 00:00:00,39.88,40.32,41.28,39.8,0.0,0.00304,7490038,303710397.0,4.890738813735699,38.44
HK.09866,蔚来-SW,2025-12-30 00:00:00,42.42,41.2,42.42,41.12,0.0,0.00308,7579610,314704347.0,2.182539682539689,40.32
HK.09866,蔚来-SW,2025-12-31 00:00:00,42.5,40.96,43.0,40.52,0.0,0.00256,6301716,258444240.0,-0.5825242718446649,41.2
HK.09866,蔚来-SW,2026-01-02 00:00:00,41.52,41.32,41.7,40.68,0.0,0.0019,4677328,193150420.0,0.8789062499999987,40.96
HK.09866,蔚来-SW,2026-01-05 00:00:00,41.02,38.86,41.02,38.6,0.0,0.00377,9298704,363007950.0,-5.953533397870283,41.32
HK.09866,蔚来-SW,2026-01-06 00:00:00,37.86,38.88,38.96,37.4,0.0,0.00239,5882734,226694255.0,0.05146680391148515,38.86
HK.09866,蔚来-SW,2026-01-07 00:00:00,38.0,37.58,38.04,37.0,0.0,0.00357,8793174,330105815.0,-3.343621399176965,38.88
HK.09866,蔚来-SW,2026-01-08 00:00:00,37.58,37.62,37.7,37.32,0.0,0.0017,4197347,157442547.0,0.10643959552953472,37.58
HK.09866,蔚来-SW,2026-01-09 00:00:00,37.14,37.16,37.26,36.74,0.0,0.00193,4752588,176275162.0,-1.222753854332804,37.62
HK.09866,蔚来-SW,2026-01-12 00:00:00,36.86,37.56,37.6,36.36,0.0,0.00246,6059627,225015058.0,1.0764262648008764,37.16
HK.09866,蔚来-SW,2026-01-13 00:00:00,37.96,37.72,38.76,37.5,0.0,0.00216,5314029,202067709.0,0.42598509052182265,37.56
HK.09866,蔚来-SW,2026-01-14 00:00:00,37.26,36.54,37.44,36.36,0.0,0.0032,7897505,290421391.0,-3.12831389183457,37.72
HK.09866,蔚来-SW,2026-01-15 00:00:00,36.36,36.08,36.36,35.84,0.0,0.00148,3636307,131164084.0,-1.2588943623426405,36.54
HK.09866,蔚来-SW,2026-01-16 00:00:00,36.3,36.64,36.98,36.3,0.0,0.0017,4197676,154033111.0,1.552106430155217,36.08
HK.09866,蔚来-SW,2026-01-19 00:00:00,37.0,36.74,37.68,36.64,0.0,0.00193,4764744,176436857.0,0.27292576419214365,36.64
HK.09866,蔚来-SW,2026-01-20 00:00:00,36.86,36.58,37.0,36.3,0.0,0.00136,3363060,123236092.0,-0.43549265106152335,36.74
HK.09866,蔚来-SW,2026-01-21 00:00:00,36.14,36.22,36.34,35.64,0.0,0.00187,4613170,166105666.0,-0.9841443411700368,36.58
HK.09866,蔚来-SW,2026-01-22 00:00:00,37.1,37.04,37.14,36.58,0.0,0.00147,3615432,133285108.0,2.2639425731639986,36.22
HK.09866,蔚来-SW,2026-01-23 00:00:00,37.38,37.44,37.9,37.2,0.0,0.00155,3820796,143262518.0,1.0799136069114432,37.04
HK.09866,蔚来-SW,2026-01-26 00:00:00,37.0,36.02,37.28,35.72,0.0,0.00304,7486325,269889796.0,-3.7927350427350284,37.44
HK.09866,蔚来-SW,2026-01-27 00:00:00,36.38,36.68,36.82,35.9,0.0,0.00134,3302962,120725284.0,1.8323153803442436,36.02
HK.09866,蔚来-SW,2026-01-28 00:00:00,36.98,38.14,38.24,36.64,0.0,0.00332,8186054,309439982.0,3.980370774263906,36.68
HK.09866,蔚来-SW,2026-01-29 00:00:00,36.88,37.26,37.28,35.88,0.0,0.00485,11956000,437195812.0,-2.307288935500793,38.14
HK.09866,蔚来-SW,2026-01-30 00:00:00,37.28,38.62,38.76,37.28,0.0,0.00417,10286104,395658344.0,3.6500268384326344,37.26
HK.09866,蔚来-SW,2026-02-02 00:00:00,37.9,36.88,37.9,35.96,0.0,0.00425,10484441,382745505.0,-4.505437597099935,38.62
HK.09866,蔚来-SW,2026-02-03 00:00:00,35.78,36.34,36.5,35.68,0.0,0.00263,6482056,234650151.0,-1.464208242950106,36.88
HK.09866,蔚来-SW,2026-02-04 00:00:00,36.34,35.6,36.34,35.52,0.0,0.00256,6318093,226098938.0,-2.036323610346731,36.34
HK.09866,蔚来-SW,2026-02-05 00:00:00,35.2,36.56,36.78,34.82,0.0,0.0033,8124984,293857600.0,2.696629213483148,35.6
HK.09866,蔚来-SW,2026-02-06 00:00:00,37.3,39.1,39.8,37.08,0.0,0.00766,18876305,736653318.0,6.947483588621442,36.56
HK.09866,蔚来-SW,2026-02-09 00:00:00,40.3,38.9,40.76,38.72,0.0,0.00286,7049079,277436679.0,-0.5115089514066569,39.1
HK.09866,蔚来-SW,2026-02-10 00:00:00,38.9,39.08,39.52,38.5,0.0,0.00132,3252624,127339720.0,0.4627249357326471,38.9
HK.09866,蔚来-SW,2026-02-11 00:00:00,39.74,39.7,40.64,39.3,0.0,0.00245,6046906,241762552.0,1.5864892528147507,39.08
HK.09866,蔚来-SW,2026-02-12 00:00:00,39.7,39.46,39.92,39.42,0.0,0.00166,4089733,162046499.0,-0.6045340050377883,39.7
HK.09866,蔚来-SW,2026-02-13 00:00:00,39.0,39.46,39.6,39.0,0.0,0.00088,2169766,85362955.0,0.0,39.46
HK.09866,蔚来-SW,2026-02-16 00:00:00,39.02,39.56,39.64,38.78,0.0,0.00039,959500,37714499.0,0.2534211860111541,39.46
HK.09866,蔚来-SW,2026-02-20 00:00:00,39.56,38.94,39.58,38.66,0.0,0.00175,4313672,168666915.0,-1.5672396359959668,39.56
HK.09866,蔚来-SW,2026-02-23 00:00:00,39.26,41.1,41.1,39.26,0.0,0.00178,4384497,178602564.0,5.546995377503862,38.94
HK.09866,蔚来-SW,2026-02-24 00:00:00,41.64,41.74,42.2,41.3,0.0,0.00343,8451342,353634993.0,1.5571776155717774,41.1
HK.09866,蔚来-SW,2026-02-25 00:00:00,41.74,40.64,42.06,40.46,0.0,0.00186,4578466,187623539.0,-2.635361763296601,41.74
HK.09866,蔚来-SW,2026-02-26 00:00:00,40.98,40.6,41.04,40.2,0.0,0.00294,7248727,293699052.0,-0.0984251968503916,40.64
HK.09866,蔚来-SW,2026-02-27 00:00:00,40.22,39.6,40.38,39.5,0.0,0.00248,6111208,242871418.0,-2.463054187192118,40.6
HK.09866,蔚来-SW,2026-03-02 00:00:00,38.0,38.62,39.3,37.66,0.0,0.00276,6806738,262761305.0,-2.4747474747474847,39.6
HK.09866,蔚来-SW,2026-03-03 00:00:00,37.3,36.72,38.22,35.86,0.0,0.00428,10536909,386310993.0,-4.919730709476951,38.62
HK.09866,蔚来-SW,2026-03-04 00:00:00,36.72,36.16,36.82,35.04,0.0,0.00282,6943004,248898174.0,-1.525054466230943,36.72
HK.09866,蔚来-SW,2026-03-05 00:00:00,38.0,37.22,38.48,36.92,0.0,0.00168,4145766,155139276.0,2.9314159292035464,36.16
HK.09866,蔚来-SW,2026-03-06 00:00:00,37.22,37.82,38.24,37.08,0.0,0.00167,4109463,155256280.0,1.6120365394948992,37.22
HK.09866,蔚来-SW,2026-03-09 00:00:00,36.16,38.26,38.4,36.16,0.0,0.00243,5977100,225406524.0,1.1634056054997295,37.82
HK.09866,蔚来-SW,2026-03-10 00:00:00,39.16,38.14,39.46,37.64,0.0,0.00241,5929190,225806167.0,-0.31364349189753643,38.26
HK.09866,蔚来-SW,2026-03-11 00:00:00,43.86,43.5,45.66,43.02,0.0,0.00831,20465025,895576631.0,14.053487152595698,38.14
HK.09866,蔚来-SW,2026-03-12 00:00:00,42.86,44.9,44.9,42.66,0.0,0.0048,11834418,525065118.0,3.2183908045976977,43.5
HK.09866,蔚来-SW,2026-03-13 00:00:00,44.9,44.8,45.3,43.92,0.0,0.00251,6194784,277717045.0,-0.22271714922049313,44.9
HK.09866,蔚来-SW,2026-03-16 00:00:00,46.0,47.04,47.6,45.6,0.0,0.003,7392578,346601956.0,5.000000000000004,44.8
HK.09866,蔚来-SW,2026-03-17 00:00:00,48.06,47.32,49.04,46.62,0.0,0.00406,10009826,477947471.0,0.5952380952380977,47.04
HK.09866,蔚来-SW,2026-03-18 00:00:00,47.32,47.62,47.74,46.54,0.0,0.00153,3768012,178293464.0,0.6339814032121664,47.32
HK.09866,蔚来-SW,2026-03-19 00:00:00,46.3,47.14,47.68,45.9,0.0,0.00167,4111398,194009980.0,-1.0079798404031854,47.62
HK.09866,蔚来-SW,2026-03-20 00:00:00,46.28,46.52,47.48,46.28,0.0,0.00179,4421076,206139158.0,-1.315231226134912,47.14
HK.09866,蔚来-SW,2026-03-23 00:00:00,43.2,44.1,45.04,43.0,0.0,0.00442,10880997,481486736.0,-5.202063628546865,46.52
HK.09866,蔚来-SW,2026-03-24 00:00:00,45.28,45.84,46.08,44.78,0.0,0.00193,4767898,217219443.0,3.9455782312925214,44.1
HK.09866,蔚来-SW,2026-03-25 00:00:00,46.42,46.72,47.3,46.1,0.0,0.00208,5129415,239763330.0,1.9197207678882973,45.84
HK.09866,蔚来-SW,2026-03-26 00:00:00,45.58,45.78,46.68,45.54,0.0,0.00307,7557879,347414444.0,-2.0119863013698582,46.72
HK.09866,蔚来-SW,2026-03-27 00:00:00,44.48,44.7,45.38,44.2,0.0,0.00175,4306820,192985730.0,-2.359108781127126,45.78
HK.09866,蔚来-SW,2026-03-30 00:00:00,43.46,43.58,43.94,41.8,0.0,0.00381,9394324,405597818.0,-2.505592841163321,44.7
HK.09866,蔚来-SW,2026-03-31 00:00:00,44.26,43.86,44.98,43.4,0.0,0.00222,5461249,239628777.0,0.6424965580541558,43.58
HK.09866,蔚来-SW,2026-04-01 00:00:00,46.76,48.38,48.42,46.76,0.0,0.00317,7808233,374332013.0,10.30551755585956,43.86
