code,name,time_key,open,close,high,low,pe_ratio,turnover_rate,volume,turnover,change_rate,last_close
HK.00939,建设银行,2019-06-03,3.15455,3.16455,3.19455,3.14455,5.421,0.00143,344713049,2132760643.0,-0.6280322180527866,3.18455
HK.00939,建设银行,2019-06-04,3.16455,3.12455,3.17455,3.09455,5.385,0.00151,361939035,2223050816.0,-1.264002780806119,3.16455
HK.00939,建设银行,2019-06-05,3.16455,3.13455,3.19455,3.11455,5.394,0.00148,355191880,2186578361.0,0.3200460866364688,3.12455
HK.00939,建设银行,2019-06-06,3.12455,3.16455,3.17455,3.11455,5.421,0.0012,288640537,1779473086.0,0.95707517825526,3.13455
HK.00939,建设银行,2019-06-10,3.16455,3.29455,3.32455,3.15455,5.535,0.00245,589300411,3716550563.0,4.10800903761988,3.16455
HK.00939,建设银行,2019-06-11,3.30455,3.37455,3.40455,3.28455,5.605,0.00175,420149580,2682154753.0,2.428252720401878,3.29455
HK.00939,建设银行,2019-06-12,3.32455,3.29455,3.34455,3.28455,5.535,0.00184,443296865,2802341452.0,-2.3706864618986256,3.37455
HK.00939,建设银行,2019-06-13,3.23455,3.30455,3.31455,3.19455,5.543,0.00145,347828872,2183966082.0,0.303531590050228,3.29455
HK.00939,建设银行,2019-06-14,3.26455,3.31455,3.36455,3.26455,5.552,0.00198,476985803,3019904838.0,0.3026130638059715,3.30455
HK.00939,建设银行,2019-06-17,3.31455,3.33455,3.39455,3.31455,5.57,0.00115,276962333,1761511109.0,0.6034001599010429,3.31455
HK.00939,建设银行,2019-06-18,3.30455,3.40455,3.42455,3.30455,5.631,0.00153,367057137,2351990808.0,2.0992337796704152,3.33455
HK.00939,建设银行,2019-06-19,3.57455,3.52455,3.57455,3.49455,5.736,0.00166,398020633,2604521526.0,3.5246948935982765,3.40455
HK.00939,建设银行,2019-06-20,3.55455,3.58455,3.60455,3.52455,5.789,0.00115,277009880,1825367978.0,1.7023449802102413,3.52455
HK.00939,建设银行,2019-06-21,3.58455,3.55455,3.60455,3.53455,5.763,0.0017,408410779,2689440817.0,-0.8369251370464981,3.58455
HK.00939,建设银行,2019-06-24,3.55455,3.57455,3.60455,3.54455,5.78,0.00097,232402712,1531267987.0,0.5626591270343649,3.55455
HK.00939,建设银行,2019-06-25,3.54455,3.49455,3.60455,3.47455,5.71,0.00175,421625317,2753225108.0,-2.238043949588062,3.57455
HK.00939,建设银行,2019-06-26,3.45455,3.55455,3.57455,3.45455,5.763,0.0014,336702641,2205476482.0,1.716959265141436,3.49455
HK.00939,建设银行,2019-06-27,3.57455,3.66455,3.68455,3.56455,5.859,0.00187,449929117,2998086351.0,3.0946251986890134,3.55455
HK.00939,建设银行,2019-06-28,3.67455,3.71455,3.72455,3.64455,5.903,0.00189,454770107,3045942102.0,1.364424008404847,3.66455
HK.00939,建设银行,2019-07-02,3.73353,3.72353,3.79353,3.71353,5.605,0.00169,406419765,2603715959.0,0.2417520291825326,3.71455
HK.00939,建设银行,2019-07-03,3.67353,3.64353,3.69353,3.61353,5.535,0.00113,271229878,1710451178.0,-2.148498870695271,3.72353
HK.00939,建设银行,2019-07-04,3.62353,3.63353,3.66353,3.62353,5.526,0.00075,179679265,1133180074.0,-0.2744591097095462,3.64353
HK.00939,建设银行,2019-07-05,3.63353,3.60353,3.65353,3.58353,5.5,0.00069,165104762,1036124408.0,-0.8256433826058902,3.63353
HK.00939,建设银行,2019-07-08,3.53353,3.52353,3.55353,3.50353,5.429,0.00115,275650046,1705737702.0,-2.220045344426162,3.60353
HK.00939,建设银行,2019-07-09,3.50353,3.47353,3.54353,3.47353,5.385,0.00103,248225739,1528122803.0,-1.4190314826324812,3.52353
HK.00939,建设银行,2019-07-10,3.50353,3.47353,3.52353,3.45353,5.385,0.00073,175812386,1081123839.0,0.0,3.47353
HK.00939,建设银行,2019-07-11,3.48353,3.54353,3.57353,3.48353,5.447,0.00076,182001897,1130582291.0,2.0152409796374378,3.47353
HK.00939,建设银行,2019-07-12,3.57353,3.58353,3.65353,3.55353,5.482,0.0013,312359871,1958572388.0,1.1288178737022132,3.54353
HK.00939,建设银行,2019-07-15,3.53353,3.60353,3.62353,3.51353,5.5,0.00081,193879351,1211082870.0,0.5581089037903971,3.58353
HK.00939,建设银行,2019-07-16,3.60353,3.58353,3.61353,3.54353,5.482,0.00063,151414012,944737048.0,-0.5550113361065405,3.60353
HK.00939,建设银行,2019-07-17,3.53353,3.55353,3.56353,3.51353,5.456,0.00058,140215687,871233752.0,-0.8371633556856017,3.58353
HK.00939,建设银行,2019-07-18,3.51353,3.52353,3.55353,3.51353,5.429,0.00071,170930337,1059447717.0,-0.8442309478180797,3.55353
HK.00939,建设银行,2019-07-19,3.57353,3.58353,3.61353,3.55353,5.482,0.00114,275252966,1723721053.0,1.7028377791589695,3.52353
HK.00939,建设银行,2019-07-22,3.56353,3.49353,3.59353,3.49353,5.403,0.00093,223978342,1388232690.0,-2.5114900670567932,3.58353
HK.00939,建设银行,2019-07-23,3.51353,3.51353,3.54353,3.49353,5.421,0.00078,187697860,1160218869.0,0.5724868542706094,3.49353
HK.00939,建设银行,2019-07-24,3.53353,3.50353,3.59353,3.50353,5.412,0.00076,182166331,1131316891.0,-0.2846140491186865,3.51353
HK.00939,建设银行,2019-07-25,3.49353,3.52353,3.55353,3.49353,5.429,0.00062,148943696,922334632.0,0.5708528255787739,3.50353
HK.00939,建设银行,2019-07-26,3.47353,3.53353,3.55353,3.47353,5.438,0.00107,257912174,1597659327.0,0.2838062965264887,3.52353
HK.00939,建设银行,2019-07-29,3.53353,3.46353,3.53353,3.45353,5.377,0.0013,312966643,1920688891.0,-1.9810218110501352,3.53353
HK.00939,建设银行,2019-07-30,3.44353,3.48353,3.53353,3.44353,5.394,0.00121,289806742,1787942957.0,0.577445554102318,3.46353
HK.00939,建设银行,2019-07-31,3.44353,3.40353,3.46353,3.38353,5.324,0.00131,314793627,1914047838.0,-2.2965210576627753,3.48353
HK.00939,建设银行,2019-08-01,3.34353,3.37353,3.40353,3.34353,5.298,0.0016,385456795,2326514739.0,-0.8814378013415426,3.40353
HK.00939,建设银行,2019-08-02,3.26353,3.26353,3.28353,3.24353,5.201,0.00186,446839720,2650612634.0,-3.260679466315709,3.37353
HK.00939,建设银行,2019-08-05,3.18353,3.11353,3.20353,3.10353,5.07,0.0018,432617840,2508628559.0,-4.596250072773957,3.26353
HK.00939,建设银行,2019-08-06,2.96353,3.04353,3.06353,2.96353,5.008,0.00264,635815601,3613244074.0,-2.248251984082371,3.11353
HK.00939,建设银行,2019-08-07,3.04353,3.04353,3.05353,2.99353,5.008,0.00143,343895928,1957841467.0,0.0,3.04353
HK.00939,建设银行,2019-08-08,3.00353,3.04353,3.08353,3.00353,5.008,0.00166,398280893,2276911268.0,0.0,3.04353
HK.00939,建设银行,2019-08-09,3.08353,3.03353,3.10353,3.03353,5.0,0.00124,297610378,1708266140.0,-0.3285658429521059,3.04353
HK.00939,建设银行,2019-08-12,3.03353,3.06353,3.10353,3.03353,5.026,0.00134,321295982,1845974634.0,0.9889468704776366,3.03353
HK.00939,建设银行,2019-08-13,3.02353,2.97353,3.04353,2.96353,4.947,0.00158,379475943,2147369422.0,-2.9377874543418963,3.06353
HK.00939,建设银行,2019-08-14,3.03353,2.97353,3.04353,2.97353,4.947,0.00143,344386357,1957203268.0,0.0,2.97353
HK.00939,建设银行,2019-08-15,2.88353,3.04353,3.08353,2.88353,5.008,0.00201,483688075,2757649735.0,2.3541043809882627,2.97353
HK.00939,建设银行,2019-08-16,3.03353,3.06353,3.10353,3.02353,5.026,0.00138,332232354,1906061074.0,0.6571316859041973,3.04353
HK.00939,建设银行,2019-08-19,3.06353,3.10353,3.15353,3.06353,5.061,0.0018,432427842,2497582068.0,1.3056833130408396,3.06353
HK.00939,建设银行,2019-08-20,3.06353,3.06353,3.08353,3.04353,5.026,0.00131,315353740,1807180402.0,-1.2888549490418986,3.10353
HK.00939,建设银行,2019-08-21,3.04353,3.10353,3.14353,3.04353,5.061,0.00134,321457019,1856434406.0,1.3056833130408396,3.06353
HK.00939,建设银行,2019-08-22,3.06353,3.11353,3.13353,3.06353,5.07,0.00163,392736552,2266717585.0,0.3222137372604675,3.10353
HK.00939,建设银行,2019-08-23,3.09353,3.12353,3.14353,3.08353,5.078,0.00126,302151677,1748364048.0,0.3211788548689183,3.11353
HK.00939,建设银行,2019-08-26,2.98353,3.08353,3.10353,2.95353,5.043,0.00224,537994977,3069877909.0,-1.2806023953667816,3.12353
HK.00939,建设银行,2019-08-27,3.12353,3.11353,3.15353,3.06353,5.07,0.00205,491896056,2844269884.0,0.9729109170333936,3.08353
HK.00939,建设银行,2019-08-28,3.11353,3.13353,3.16353,3.11353,5.087,0.0011,263561280,1528779454.0,0.6423577097378224,3.11353
HK.00939,建设银行,2019-08-29,3.10353,3.10353,3.11353,3.05353,5.061,0.00155,371953908,2139346464.0,-0.9573867172166792,3.13353
HK.00939,建设银行,2019-08-30,3.13353,3.15353,3.19353,3.12353,5.105,0.00131,314164154,1830309614.0,1.6110686863023662,3.10353
HK.00939,建设银行,2019-09-02,3.08353,3.14353,3.16353,3.08353,5.096,0.00115,277623083,1611209428.0,-0.3171049585702304,3.15353
HK.00939,建设银行,2019-09-03,3.08353,3.07353,3.14353,3.06353,5.035,0.00131,314687996,1812349021.0,-2.226795990494771,3.14353
HK.00939,建设银行,2019-09-04,3.12353,3.22353,3.27353,3.10353,5.166,0.00246,590687220,3458583241.0,4.880381841075243,3.07353
HK.00939,建设银行,2019-09-05,3.24353,3.32353,3.35353,3.24353,5.254,0.00183,441159302,2640424685.0,3.1021892149289783,3.22353
HK.00939,建设银行,2019-09-06,3.38353,3.36353,3.39353,3.33353,5.289,0.00181,435614991,2624814075.0,1.2035396099929905,3.32353
HK.00939,建设银行,2019-09-09,3.36353,3.36353,3.41353,3.35353,5.289,0.00138,332248517,2009961356.0,0.0,3.36353
HK.00939,建设银行,2019-09-10,3.40353,3.36353,3.42353,3.36353,5.289,0.00119,286671131,1732139777.0,0.0,3.36353
HK.00939,建设银行,2019-09-11,3.40353,3.53353,3.53353,3.39353,5.438,0.00139,333980356,2059905473.0,5.05421387649285,3.36353
HK.00939,建设银行,2019-09-12,3.61353,3.50353,3.61353,3.49353,5.412,0.00101,242595725,1501441161.0,-0.8490093475929115,3.53353
HK.00939,建设银行,2019-09-13,3.50353,3.57353,3.57353,3.50353,5.473,0.00075,181030805,1125292580.0,1.9979848895257024,3.50353
HK.00939,建设银行,2019-09-16,3.49353,3.45353,3.51353,3.42353,5.368,0.0023,553936257,3391144385.0,-3.35802413859684,3.57353
HK.00939,建设银行,2019-09-17,3.42353,3.35353,3.43353,3.33353,5.28,0.0021,505668090,3050854023.0,-2.895587992575715,3.45353
HK.00939,建设银行,2019-09-18,3.36353,3.33353,3.39353,3.31353,5.263,0.00164,394211824,2367960223.0,-0.5963864942314522,3.35353
HK.00939,建设银行,2019-09-19,3.35353,3.29353,3.35353,3.28353,5.228,0.0015,359809688,2151034363.0,-1.1999292041769547,3.33353
HK.00939,建设银行,2019-09-20,3.29353,3.30353,3.33353,3.29353,5.236,0.00201,484289890,2896097860.0,0.3036255932084962,3.29353
HK.00939,建设银行,2019-09-23,3.28353,3.29353,3.33353,3.27353,5.228,0.00141,337917798,2015047056.0,-0.3027064988058164,3.30353
HK.00939,建设银行,2019-09-24,3.29353,3.27353,3.31353,3.27353,5.21,0.00265,637162491,3797448071.0,-0.607251186417006,3.29353
HK.00939,建设银行,2019-09-25,3.27353,3.23353,3.29353,3.21353,5.175,0.00229,550032137,3255441657.0,-1.2219225117839163,3.27353
HK.00939,建设银行,2019-09-26,3.25353,3.29353,3.31353,3.22353,5.228,0.00248,595256330,3538781019.0,1.855557239301941,3.23353
HK.00939,建设银行,2019-09-27,3.26353,3.25353,3.27353,3.21353,5.192,0.00053,128083577,757307630.0,-1.214502372834012,3.29353
HK.00939,建设银行,2019-09-30,3.23353,3.31353,3.33353,3.21353,5.245,0.00105,251694225,1502503178.0,1.844150814653624,3.25353
HK.00939,建设银行,2019-10-02,3.28353,3.31353,3.33353,3.23353,5.245,0.00085,204517585,1219706569.0,0.0,3.31353
HK.00939,建设银行,2019-10-03,3.25353,3.32353,3.37353,3.23353,5.254,0.00072,173114900,1033634618.0,0.3017929519273942,3.31353
HK.00939,建设银行,2019-10-04,3.31353,3.25353,3.35353,3.21353,5.192,0.00074,177887866,1056130039.0,-2.1061943174877267,3.32353
HK.00939,建设银行,2019-10-08,3.21353,3.28353,3.34353,3.19353,5.219,0.00177,425590770,2540701895.0,0.9220754073268052,3.25353
HK.00939,建设银行,2019-10-09,3.24353,3.29353,3.34353,3.21353,5.228,0.00196,471515224,2819744752.0,0.3045502858204503,3.28353
HK.00939,建设银行,2019-10-10,3.30353,3.33353,3.37353,3.25353,5.263,0.00129,310772450,1865486531.0,1.214502372834012,3.29353
HK.00939,建设银行,2019-10-11,3.38353,3.46353,3.49353,3.38353,5.377,0.00152,364855852,2235457326.0,3.899769913575096,3.33353
HK.00939,建设银行,2019-10-14,3.44353,3.55353,3.58353,3.44353,5.456,0.0027,649977688,4039361459.0,2.598504993460425,3.46353
HK.00939,建设银行,2019-10-15,3.58353,3.59353,3.60353,3.54353,5.491,0.00218,524816882,3275006136.0,1.1256412637574478,3.55353
HK.00939,建设银行,2019-10-16,3.59353,3.61353,3.63353,3.57353,5.508,0.00184,441498796,2771828620.0,0.5565558100252403,3.59353
HK.00939,建设银行,2019-10-17,3.63353,3.64353,3.65353,3.60353,5.535,0.00158,380657198,2398337037.0,0.8302131157068089,3.61353
HK.00939,建设银行,2019-10-18,3.65353,3.59353,3.68353,3.55353,5.491,0.00195,468664599,2939880172.0,-1.3722955485477069,3.64353
HK.00939,建设银行,2019-10-21,3.55353,3.60353,3.62353,3.54353,5.264,0.00105,252809373,1583864548.0,0.2782779050126263,3.59353
HK.00939,建设银行,2019-10-22,3.63353,3.63353,3.65353,3.61353,5.289,0.00119,285108139,1797795018.0,0.8325170041598046,3.60353
HK.00939,建设银行,2019-10-23,3.61353,3.62353,3.65353,3.59353,5.281,0.00131,314371791,1977942235.0,-0.275214460868626,3.63353
HK.00939,建设银行,2019-10-24,3.63353,3.68353,3.71353,3.61353,5.331,0.00137,330381665,2099436760.0,1.6558438870383316,3.62353
HK.00939,建设银行,2019-10-25,3.71353,3.62353,3.71353,3.62353,5.281,0.00102,245408924,1550142513.0,-1.628872304555686,3.68353
HK.00939,建设银行,2019-10-28,3.65353,3.64353,3.71353,3.63353,5.298,0.00122,292901543,1852625038.0,0.5519479623461104,3.62353
HK.00939,建设银行,2019-10-29,3.67353,3.64353,3.70353,3.62353,5.298,0.00118,283427016,1793029088.0,0.0,3.64353
HK.00939,建设银行,2019-10-30,3.64353,3.56353,3.64353,3.52353,5.23,0.00136,326818808,2039562876.0,-2.195672877676321,3.64353
HK.00939,建设银行,2019-10-31,3.57353,3.64353,3.65353,3.55353,5.298,0.00148,355281281,2236584230.0,2.2449649645155243,3.56353
HK.00939,建设银行,2019-11-01,3.60353,3.69353,3.70353,3.60353,5.34,0.00118,284320906,1802251521.0,1.3722955485476946,3.64353
HK.00939,建设银行,2019-11-04,3.69353,3.81353,3.81353,3.69353,5.44,0.00144,347007015,2237705942.0,3.248924470628372,3.69353
HK.00939,建设银行,2019-11-05,3.78353,3.83353,3.83353,3.77353,5.457,0.00142,342048572,2217933675.0,0.5244484768705115,3.81353
HK.00939,建设银行,2019-11-06,3.81353,3.78353,3.83353,3.77353,5.415,0.00107,258029244,1671171720.0,-1.3042809108054527,3.83353
HK.00939,建设银行,2019-11-07,3.82353,3.89353,3.89353,3.76353,5.507,0.00125,301639541,1958389446.0,2.907337856446237,3.78353
HK.00939,建设银行,2019-11-08,3.87353,3.80353,3.88353,3.79353,5.432,0.00142,342395416,2224950218.0,-2.311527071834564,3.89353
HK.00939,建设银行,2019-11-11,3.76353,3.60353,3.76353,3.57353,5.264,0.00156,374142932,2359530393.0,-5.258273235652138,3.80353
HK.00939,建设银行,2019-11-12,3.61353,3.64353,3.67353,3.60353,5.298,0.00112,269707873,1700975561.0,1.110022672213081,3.60353
HK.00939,建设银行,2019-11-13,3.55353,3.54353,3.60353,3.52353,5.214,0.00177,424970152,2642275793.0,-2.7445910970954017,3.64353
HK.00939,建设银行,2019-11-14,3.50353,3.51353,3.57353,3.49353,5.188,0.00163,391245831,2422937279.0,-0.8466134052766661,3.54353
HK.00939,建设银行,2019-11-15,3.58353,3.54353,3.60353,3.53353,5.214,0.00147,352552711,2197348360.0,0.853842147356085,3.51353
HK.00939,建设银行,2019-11-18,3.58353,3.64353,3.64353,3.54353,5.298,0.00157,377764329,2369171351.0,2.822044684255533,3.54353
HK.00939,建设银行,2019-11-19,3.66353,3.75353,3.75353,3.62353,5.39,0.0012,288730983,1841713468.0,3.0190502068049354,3.64353
HK.00939,建设银行,2019-11-20,3.68353,3.73353,3.74353,3.64353,5.373,0.00129,309949121,1976265746.0,-0.5328317610356123,3.75353
HK.00939,建设银行,2019-11-21,3.67353,3.60353,3.67353,3.58353,5.264,0.00138,331650926,2083580756.0,-3.4819594324941785,3.73353
HK.00939,建设银行,2019-11-22,3.63353,3.66353,3.68353,3.63353,5.314,0.00064,153409545,970416058.0,1.6650340083196211,3.60353
HK.00939,建设银行,2019-11-25,3.69353,3.73353,3.77353,3.68353,5.373,0.00095,229281711,1468199230.0,1.9107254478603928,3.66353
HK.00939,建设银行,2019-11-26,3.74353,3.73353,3.78353,3.73353,5.373,0.00192,460639088,2952821933.0,0.0,3.73353
HK.00939,建设银行,2019-11-27,3.73353,3.75353,3.76353,3.69353,5.39,0.00073,174360691,1116711204.0,0.5356860665375668,3.73353
HK.00939,建设银行,2019-11-28,3.69353,3.73353,3.75353,3.69353,5.373,0.0007,167710370,1073657760.0,-0.5328317610356123,3.75353
HK.00939,建设银行,2019-11-29,3.70353,3.56353,3.70353,3.55353,5.23,0.00174,418300429,2616238499.0,-4.553331565569311,3.73353
HK.00939,建设银行,2019-12-02,3.53353,3.56353,3.59353,3.53353,5.23,0.00132,316756197,1976337811.0,0.0,3.56353
HK.00939,建设银行,2019-12-03,3.53353,3.53353,3.57353,3.47353,5.205,0.00236,568427527,3527133000.0,-0.841861861693328,3.56353
HK.00939,建设银行,2019-12-04,3.51353,3.50353,3.52353,3.45353,5.18,0.00141,339244748,2091378020.0,-0.8490093475929115,3.53353
HK.00939,建设银行,2019-12-05,3.52353,3.53353,3.55353,3.50353,5.205,0.00127,304727645,1886891829.0,0.8562792383681544,3.50353
HK.00939,建设银行,2019-12-06,3.54353,3.62353,3.63353,3.54353,5.281,0.0011,264593179,1657811373.0,2.5470280427787593,3.53353
HK.00939,建设银行,2019-12-09,3.60353,3.63353,3.65353,3.57353,5.289,0.00098,235185400,1478652246.0,0.2759739811730491,3.62353
HK.00939,建设银行,2019-12-10,3.60353,3.64353,3.66353,3.58353,5.298,0.00067,160479103,1012161421.0,0.2752144608686382,3.63353
HK.00939,建设银行,2019-12-11,3.60353,3.70353,3.71353,3.57353,5.348,0.00098,234523816,1485636850.0,1.646754658257241,3.64353
HK.00939,建设银行,2019-12-12,3.75353,3.73353,3.78353,3.72353,5.373,0.00114,273936246,1756460800.0,0.8100379907817623,3.70353
HK.00939,建设银行,2019-12-13,3.83353,3.84353,3.84353,3.77353,5.465,0.00179,431149103,2794449369.0,2.9462733659566114,3.73353
HK.00939,建设银行,2019-12-16,3.78353,3.79353,3.84353,3.76353,5.424,0.00125,299393580,1940240940.0,-1.300887465428911,3.84353
HK.00939,建设银行,2019-12-17,3.80353,3.92353,3.92353,3.79353,5.533,0.00171,411904388,2696045245.0,3.4268873582125323,3.79353
HK.00939,建设银行,2019-12-18,3.93353,3.96353,3.96353,3.92353,5.566,0.00161,386392699,2554530064.0,1.019490102025473,3.92353
HK.00939,建设银行,2019-12-19,3.97353,3.97353,3.98353,3.94353,5.575,0.00112,269510765,1787307282.0,0.2523003484267758,3.96353
HK.00939,建设银行,2019-12-20,3.95353,3.95353,4.01353,3.94353,5.558,0.00108,259943524,1724626766.0,-0.5033307915128256,3.97353
HK.00939,建设银行,2019-12-23,3.99353,4.01353,4.01353,3.96353,5.608,0.00111,266693862,1777684949.0,1.5176310790609924,3.95353
HK.00939,建设银行,2019-12-24,3.98353,3.96353,4.01353,3.93353,5.566,0.00042,101621482,673407313.0,-1.245786128420624,4.01353
HK.00939,建设银行,2019-12-27,4.00353,4.09353,4.09353,3.99353,5.675,0.00127,304298961,2048632222.0,3.2799045295481637,3.96353
HK.00939,建设银行,2019-12-30,4.04353,4.08353,4.10353,4.03353,5.667,0.00119,286893053,1935938144.0,-0.2442879373059602,4.09353
HK.00939,建设银行,2019-12-31,4.06353,4.06353,4.09353,4.04353,5.65,0.00061,147238879,991741243.0,-0.4897723293326992,4.08353
HK.00939,建设银行,2020-01-02,4.06353,4.13353,4.16353,4.06353,5.709,0.001,239292513,1624594495.0,1.722640167539068,4.06353
HK.00939,建设银行,2020-01-03,4.16353,4.05353,4.18353,4.05353,5.642,0.00115,277420033,1874840145.0,-1.9353917837780312,4.13353
HK.00939,建设银行,2020-01-06,4.03353,3.98353,4.04353,3.91353,5.583,0.00108,260518248,1731073863.0,-1.7268898959672256,4.05353
HK.00939,建设银行,2020-01-07,3.97353,3.94353,4.03353,3.93353,5.549,0.00085,204806676,1358939979.0,-1.0041345239021682,3.98353
HK.00939,建设银行,2020-01-08,3.87353,3.89353,3.92353,3.81353,5.507,0.00111,267421237,1748176027.0,-1.2678995722106798,3.94353
HK.00939,建设银行,2020-01-09,3.98353,4.00353,4.04353,3.93353,5.6,0.0009,215859440,1437846041.0,2.825199754464443,3.89353
HK.00939,建设银行,2020-01-10,4.06353,4.05353,4.08353,4.01353,5.642,0.00093,223748680,1501361162.0,1.2488978476494672,4.00353
HK.00939,建设银行,2020-01-13,4.07353,4.13353,4.16353,4.07353,5.709,0.002,481124394,3251271868.0,1.973588452533966,4.05353
HK.00939,建设银行,2020-01-14,4.17353,4.08353,4.17353,4.06353,5.667,0.00104,251178559,1702218334.0,-1.209619864861286,4.13353
HK.00939,建设银行,2020-01-15,4.07353,4.06353,4.11353,4.03353,5.65,0.00065,156885440,1055596580.0,-0.4897723293326992,4.08353
HK.00939,建设银行,2020-01-16,4.02353,4.02353,4.08353,4.00353,5.617,0.00113,270617598,1812994462.0,-0.9843658100223214,4.06353
HK.00939,建设银行,2020-01-17,4.03353,4.10353,4.10353,4.00353,5.684,0.00091,218738775,1469629033.0,1.9883038028795628,4.02353
HK.00939,建设银行,2020-01-20,4.06353,3.98353,4.10353,3.98353,5.583,0.00099,236940433,1586646084.0,-2.924311507409477,4.10353
HK.00939,建设银行,2020-01-21,3.92353,3.77353,3.97353,3.76353,5.407,0.00176,423025861,2747808832.0,-5.271706250486377,3.98353
HK.00939,建设银行,2020-01-22,3.78353,3.84353,3.88353,3.75353,5.465,0.00083,200650403,1302317554.0,1.8550269906427097,3.77353
HK.00939,建设银行,2020-01-23,3.77353,3.76353,3.79353,3.71353,5.398,0.00088,210787793,1352182631.0,-2.081419944686267,3.84353
HK.00939,建设银行,2020-01-24,3.77353,3.76353,3.78353,3.71353,5.398,0.00029,69900162,447983457.0,0.0,3.76353
HK.00939,建设银行,2020-01-29,3.52353,3.52353,3.57353,3.49353,5.197,0.00121,290599534,1798785075.0,-6.376991813536753,3.76353
HK.00939,建设银行,2020-01-30,3.47353,3.33353,3.49353,3.31353,5.037,0.00142,341264626,2062147431.0,-5.392319634003399,3.52353
HK.00939,建设银行,2020-01-31,3.37353,3.28353,3.41353,3.28353,4.995,0.00123,296736460,1775668777.0,-1.4999115052212,3.33353
HK.00939,建设银行,2020-02-03,3.23353,3.34353,3.41353,3.23353,5.046,0.0018,432238892,2603281341.0,1.8273017149226616,3.28353
HK.00939,建设银行,2020-02-04,3.29353,3.41353,3.47353,3.29353,5.104,0.00232,558324771,3392767471.0,2.093595690781907,3.34353
HK.00939,建设银行,2020-02-05,3.36353,3.48353,3.51353,3.34353,5.163,0.00204,490712737,3007947532.0,2.050663096559861,3.41353
HK.00939,建设银行,2020-02-06,3.53353,3.64353,3.68353,3.52353,5.298,0.00139,335099314,2106836041.0,4.5930421153255505,3.48353
HK.00939,建设银行,2020-02-07,3.64353,3.65353,3.70353,3.58353,5.306,0.00129,311101756,1962074157.0,0.2744591097095341,3.64353
HK.00939,建设银行,2020-02-10,3.56353,3.61353,3.69353,3.53353,5.272,0.00167,401675657,2523653787.0,-1.0948315738477592,3.65353
HK.00939,建设银行,2020-02-11,3.69353,3.76353,3.82353,3.64353,5.398,0.00176,423473343,2724325641.0,4.151065578534007,3.61353
HK.00939,建设银行,2020-02-12,3.81353,3.83353,3.88353,3.74353,5.457,0.00161,387813044,2521963530.0,1.8599559456148955,3.76353
HK.00939,建设银行,2020-02-13,3.81353,3.77353,3.81353,3.75353,5.407,0.00144,345744450,2232531913.0,-1.565137092966536,3.83353
HK.00939,建设银行,2020-02-14,3.78353,3.84353,3.86353,3.78353,5.465,0.00136,327153275,2129740323.0,1.8550269906427097,3.77353
HK.00939,建设银行,2020-02-17,3.79353,3.87353,3.91353,3.79353,5.491,0.00151,363136907,2373224970.0,0.7805324792573559,3.84353
HK.00939,建设银行,2020-02-18,3.83353,3.80353,3.89353,3.80353,5.432,0.00138,332570849,2163799542.0,-1.8071371591287604,3.87353
HK.00939,建设银行,2020-02-19,3.81353,3.88353,3.92353,3.79353,5.499,0.00136,328128635,2154662870.0,2.1033092942608596,3.80353
HK.00939,建设银行,2020-02-20,3.85353,3.88353,3.92353,3.79353,5.499,0.00149,358043950,2333023375.0,0.0,3.88353
HK.00939,建设银行,2020-02-21,3.83353,3.79353,3.88353,3.76353,5.424,0.00144,346636865,2250256867.0,-2.3174792006241707,3.88353
HK.00939,建设银行,2020-02-24,3.71353,3.67353,3.74353,3.66353,5.323,0.00159,381575057,2429283451.0,-3.1632806383500354,3.79353
HK.00939,建设银行,2020-02-25,3.65353,3.69353,3.73353,3.63353,5.34,0.00172,413014189,2618507099.0,0.5444354612593342,3.67353
HK.00939,建设银行,2020-02-26,3.50353,3.65353,3.68353,3.50353,5.306,0.00186,446689641,2813814645.0,-1.0829748235427907,3.69353
HK.00939,建设银行,2020-02-27,3.59353,3.77353,3.83353,3.59353,5.407,0.00194,466210473,2976406054.0,3.2844947215432776,3.65353
HK.00939,建设银行,2020-02-28,3.65353,3.63353,3.71353,3.59353,5.289,0.00251,602262893,3806512269.0,-3.7100539812854305,3.77353
HK.00939,建设银行,2020-03-02,3.63353,3.77353,3.79353,3.63353,5.407,0.00175,420255076,2692957520.0,3.8530024521608497,3.63353
HK.00939,建设银行,2020-03-03,3.74353,3.78353,3.83353,3.74353,5.415,0.00192,462022610,2981626390.0,0.2650038558060963,3.77353
HK.00939,建设银行,2020-03-04,3.76353,3.74353,3.83353,3.69353,5.382,0.00167,401145520,2586337629.0,-1.057213765980448,3.78353
HK.00939,建设银行,2020-03-05,3.71353,3.86353,3.89353,3.69353,5.482,0.00198,475481356,3084813991.0,3.205530608810404,3.74353
HK.00939,建设银行,2020-03-06,3.73353,3.68353,3.75353,3.66353,5.331,0.00197,473871973,3016818236.0,-4.65895178761391,3.86353
HK.00939,建设银行,2020-03-09,3.43353,3.56353,3.57353,3.43353,5.23,0.00286,687347920,4254114747.0,-3.257744609111372,3.68353
HK.00939,建设银行,2020-03-10,3.58353,3.74353,3.78353,3.56353,5.382,0.00263,633437668,4034239600.0,5.051171170159917,3.56353
HK.00939,建设银行,2020-03-11,3.69353,3.78353,3.80353,3.67353,5.415,0.00241,578382106,3711149527.0,1.0685102029368014,3.74353
HK.00939,建设银行,2020-03-12,3.60353,3.66353,3.69353,3.54353,5.314,0.00277,666062512,4195403778.0,-3.1716412979413313,3.78353
HK.00939,建设银行,2020-03-13,3.23353,3.67353,3.74353,3.17353,5.323,0.00434,1042913308,6410682157.0,0.2729607782657651,3.66353
HK.00939,建设银行,2020-03-16,3.49353,3.52353,3.66353,3.40353,5.197,0.00349,838110880,5201258724.0,-4.083265959445001,3.67353
HK.00939,建设银行,2020-03-17,3.43353,3.53353,3.63353,3.37353,5.205,0.00315,756408701,4671953280.0,0.2838062965264887,3.52353
HK.00939,建设银行,2020-03-18,3.51353,3.33353,3.69353,3.33353,5.037,0.0033,793909521,4905317049.0,-5.660062317286106,3.53353
HK.00939,建设银行,2020-03-19,3.29353,3.29353,3.43353,3.15353,5.004,0.00524,1259700851,7514803081.0,-1.1999292041769547,3.33353
HK.00939,建设银行,2020-03-20,3.40353,3.44353,3.53353,3.32353,5.13,0.00446,1071668289,6549163052.0,4.554383898127538,3.29353
HK.00939,建设银行,2020-03-23,3.23353,3.28353,3.36353,3.20353,4.995,0.00311,747499914,4456641648.0,-4.64639483320895,3.44353
HK.00939,建设银行,2020-03-24,3.56353,3.60353,3.63353,3.45353,5.264,0.00275,662244406,4120765938.0,9.745609146254193,3.28353
HK.00939,建设银行,2020-03-25,3.63353,3.66353,3.73353,3.59353,5.314,0.00311,746927830,4728729827.0,1.6650340083196211,3.60353
HK.00939,建设银行,2020-03-26,3.54353,3.59353,3.66353,3.52353,5.256,0.00203,487622444,3053583749.0,-1.9107254478604043,3.66353
HK.00939,建设银行,2020-03-27,3.66353,3.62353,3.70353,3.58353,5.281,0.00125,299493296,1887082053.0,0.8348337150378667,3.59353
HK.00939,建设银行,2020-03-30,3.53353,3.57353,3.66353,3.51353,5.239,0.00205,494057095,3100791268.0,-1.3798699058652824,3.62353
HK.00939,建设银行,2020-03-31,3.65353,3.67353,3.69353,3.55353,5.323,0.00133,318720687,2005901710.0,2.798353448830711,3.57353
HK.00939,建设银行,2020-04-01,3.56353,3.54353,3.67353,3.51353,5.214,0.00147,353657470,2209960577.0,-3.538830498185666,3.67353
HK.00939,建设银行,2020-04-02,3.48353,3.55353,3.56353,3.48353,5.222,0.00101,242035123,1500448467.0,0.282204468425547,3.54353
HK.00939,建设银行,2020-04-03,3.49353,3.46353,3.52353,3.44353,5.221,0.00104,249022565,1529766599.0,-2.5326928434542517,3.55353
HK.00939,建设银行,2020-04-06,3.53353,3.55353,3.60353,3.46353,5.298,0.00082,197816517,1227203598.0,2.598504993460425,3.46353
HK.00939,建设银行,2020-04-07,3.59353,3.63353,3.66353,3.53353,5.366,0.00139,334837474,2097653829.0,2.2512825275148955,3.55353
HK.00939,建设银行,2020-04-08,3.56353,3.56353,3.65353,3.54353,5.306,0.00135,325491429,2036939442.0,-1.9265012260804188,3.63353
HK.00939,建设银行,2020-04-09,3.61353,3.60353,3.62353,3.54353,5.34,0.00092,221965479,1388238205.0,1.122482482257762,3.56353
HK.00939,建设银行,2020-04-14,3.60353,3.60353,3.66353,3.56353,5.34,0.00124,298220768,1873559760.0,0.0,3.60353
HK.00939,建设银行,2020-04-15,3.58353,3.54353,3.62353,3.54353,5.289,0.00113,271787588,1699376936.0,-1.6650340083196211,3.60353
HK.00939,建设银行,2020-04-16,3.48353,3.43353,3.52353,3.43353,5.195,0.00138,331962959,2034720453.0,-3.10424915268108,3.54353
HK.00939,建设银行,2020-04-17,3.49353,3.45353,3.55353,3.45353,5.212,0.00113,270535568,1668974661.0,0.5824909058607327,3.43353
HK.00939,建设银行,2020-04-20,3.48353,3.42353,3.49353,3.41353,5.187,0.00075,179735709,1098128919.0,-0.8686763977727209,3.45353
HK.00939,建设银行,2020-04-21,3.38353,3.33353,3.41353,3.33353,5.11,0.00098,235780927,1418471355.0,-2.6288655276863313,3.42353
HK.00939,建设银行,2020-04-22,3.28353,3.34353,3.38353,3.28353,5.119,0.00087,208017280,1250980768.0,0.2999823010442319,3.33353
HK.00939,建设银行,2020-04-23,3.30353,3.35353,3.41353,3.30353,5.127,0.00079,190666207,1148555138.0,0.2990850986831352,3.34353
HK.00939,建设银行,2020-04-24,3.35353,3.34353,3.39353,3.33353,5.119,0.00067,161844515,975279954.0,-0.2981932471157327,3.35353
HK.00939,建设银行,2020-04-27,3.41353,3.50353,3.53353,3.38353,5.255,0.00107,257220293,1587626390.0,4.785361578930057,3.34353
HK.00939,建设银行,2020-04-28,3.48353,3.58353,3.61353,3.48353,5.323,0.00108,260427695,1622410712.0,2.2834113023150957,3.50353
HK.00939,建设银行,2020-04-29,3.62353,3.65353,3.66353,3.60353,5.383,0.00092,220639587,1391280953.0,1.9533811632663836,3.58353
HK.00939,建设银行,2020-05-04,3.47353,3.39353,3.50353,3.38353,5.161,0.00133,320253955,1950966169.0,-7.116405230010423,3.65353
HK.00939,建设银行,2020-05-05,3.42353,3.42353,3.45353,3.39353,5.187,0.00061,146019497,888712708.0,0.8840352081755518,3.39353
HK.00939,建设银行,2020-05-06,3.39353,3.46353,3.50353,3.39353,5.221,0.00106,254982027,1559541489.0,1.1683846789717056,3.42353
HK.00939,建设银行,2020-05-07,3.43353,3.41353,3.45353,3.38353,5.178,0.00106,255896471,1555337619.0,-1.443613885255789,3.46353
HK.00939,建设银行,2020-05-08,3.45353,3.49353,3.50353,3.44353,5.247,0.00065,156962072,964926003.0,2.3436149674969786,3.41353
HK.00939,建设银行,2020-05-11,3.54353,3.55353,3.59353,3.54353,5.298,0.0007,168755886,1053363092.0,1.7174605628118282,3.49353
HK.00939,建设银行,2020-05-12,3.50353,3.49353,3.52353,3.46353,5.247,0.00065,156462273,964719917.0,-1.688461895636172,3.55353
HK.00939,建设银行,2020-05-13,3.45353,3.48353,3.54353,3.44353,5.238,0.0006,144963861,893537933.0,-0.2862434271352983,3.49353
HK.00939,建设银行,2020-05-14,3.46353,3.42353,3.47353,3.40353,5.187,0.00082,197047974,1200339566.0,-1.7223907932470812,3.48353
HK.00939,建设银行,2020-05-15,3.46353,3.43353,3.47353,3.38353,5.195,0.00071,171515486,1046596593.0,0.2920961697429329,3.42353
HK.00939,建设银行,2020-05-18,3.40353,3.47353,3.50353,3.40353,5.229,0.0008,191689190,1175022136.0,1.1649818117214523,3.43353
HK.00939,建设银行,2020-05-19,3.61353,3.56353,3.62353,3.55353,5.306,0.0012,288917883,1807487709.0,2.591024116676704,3.47353
HK.00939,建设银行,2020-05-20,3.56353,3.60353,3.61353,3.54353,5.34,0.00087,208654152,1306243896.0,1.122482482257762,3.56353
HK.00939,建设银行,2020-05-21,3.61353,3.60353,3.64353,3.56353,5.34,0.00085,204168826,1280705816.0,0.0,3.60353
HK.00939,建设银行,2020-05-22,3.47353,3.35353,3.52353,3.34353,5.127,0.00203,487447742,2956573824.0,-6.937641701331749,3.60353
HK.00939,建设银行,2020-05-25,3.35353,3.42353,3.45353,3.31353,5.187,0.00084,201684483,1222557682.0,2.087352729810076,3.35353
HK.00939,建设银行,2020-05-26,3.48353,3.44353,3.53353,3.44353,5.204,0.0008,191617912,1177971531.0,0.5841923394858528,3.42353
HK.00939,建设银行,2020-05-27,3.48353,3.42353,3.51353,3.39353,5.187,0.00111,266486266,1625268761.0,-0.5807993541511187,3.44353
HK.00939,建设银行,2020-05-28,3.43353,3.51353,3.54353,3.42353,5.264,0.00117,282149164,1738429557.0,2.6288655276863313,3.42353
HK.00939,建设银行,2020-05-29,3.39353,3.42353,3.48353,3.39353,5.187,0.00188,451399153,2756063589.0,-2.5615264420682293,3.51353
HK.00939,建设银行,2020-06-01,3.65353,3.62353,3.67353,3.56353,5.357,0.00154,369083223,2315135980.0,5.8419233948585285,3.42353
HK.00939,建设银行,2020-06-02,3.57353,3.64353,3.64353,3.56353,5.374,0.0009,215468379,1353296981.0,0.5519479623461104,3.62353
HK.00939,建设银行,2020-06-03,3.70353,3.69353,3.73353,3.66353,5.417,0.00131,315453276,2006968324.0,1.3722955485476946,3.64353
HK.00939,建设银行,2020-06-04,3.73353,3.67353,3.73353,3.63353,5.4,0.00092,220578996,1398135454.0,-0.5414874117713954,3.69353
HK.00939,建设银行,2020-06-05,3.66353,3.72353,3.77353,3.63353,5.442,0.00119,287266167,1830421213.0,1.3610886531483295,3.67353
HK.00939,建设银行,2020-06-08,3.74353,3.62353,3.75353,3.60353,5.357,0.00121,290194643,1833519168.0,-2.685623588369092,3.72353
HK.00939,建设银行,2020-06-09,3.62353,3.67353,3.75353,3.60353,5.4,0.00112,269016397,1708868835.0,1.37986990586527,3.62353
HK.00939,建设银行,2020-06-10,3.71353,3.72353,3.78353,3.65353,5.442,0.00131,314226523,2011465668.0,1.3610886531483295,3.67353
HK.00939,建设银行,2020-06-11,3.68353,3.61353,3.74353,3.61353,5.349,0.00089,214191528,1358267331.0,-2.954185947206008,3.72353
HK.00939,建设银行,2020-06-12,3.49353,3.53353,3.57353,3.49353,5.281,0.00096,229835928,1424896248.0,-2.213901641884807,3.61353
HK.00939,建设银行,2020-06-15,3.51353,3.47353,3.54353,3.43353,5.229,0.00125,299519386,1839001882.0,-1.6980186951858358,3.53353
HK.00939,建设银行,2020-06-16,3.59353,3.55353,3.61353,3.53353,5.298,0.00093,224188981,1399205243.0,2.3031325481570644,3.47353
HK.00939,建设银行,2020-06-17,3.50353,3.54353,3.58353,3.46353,5.289,0.00085,203803110,1263700981.0,-0.2814103159393557,3.55353
HK.00939,建设银行,2020-06-18,3.48353,3.50353,3.53353,3.45353,5.255,0.00139,335381374,2064747936.0,-1.1288178737022132,3.54353
HK.00939,建设银行,2020-06-19,3.48353,3.59353,3.62353,3.46353,5.332,0.00147,352261233,2193944715.0,2.5688377151044763,3.50353
HK.00939,建设银行,2020-06-22,3.53353,3.53353,3.58353,3.49353,5.281,0.00111,266589979,1653341283.0,-1.6696674300757208,3.59353
HK.00939,建设银行,2020-06-23,3.50353,3.59353,3.59353,3.45353,5.332,0.00081,195048973,1209934158.0,1.6980186951858358,3.53353
HK.00939,建设银行,2020-06-24,3.61353,3.55353,3.62353,3.54353,5.298,0.0006,143472210,895697131.0,-1.1131116200504807,3.59353
HK.00939,建设银行,2020-06-26,3.58353,3.50353,3.58353,3.50353,5.255,0.00092,222323440,1376678285.0,-1.4070515796968035,3.55353
HK.00939,建设银行,2020-06-29,3.47353,3.56353,3.58353,3.47353,5.306,0.00132,316386324,1967411074.0,1.7125584767363218,3.50353
HK.00939,建设银行,2020-06-30,3.61353,3.60353,3.65353,3.55353,5.34,0.00154,370222275,2320548803.0,1.122482482257762,3.56353
HK.00939,建设银行,2020-07-02,3.64327,3.77327,3.77327,3.64327,5.187,0.00204,491339842,2961966967.0,4.710381209536204,3.60353
HK.00939,建设银行,2020-07-03,3.79327,3.82327,3.83327,3.77327,5.229,0.00099,238915507,1463021569.0,1.3251105804779362,3.77327
HK.00939,建设银行,2020-07-06,3.88327,4.20327,4.23327,3.85327,5.553,0.00307,738327288,4745120039.0,9.939135870602913,3.82327
HK.00939,建设银行,2020-07-07,4.22327,4.24327,4.34327,4.17327,5.587,0.00256,614533478,4031680513.0,0.951640032641254,4.20327
HK.00939,建设银行,2020-07-08,4.25327,4.25327,4.33327,4.19327,5.596,0.00179,431247221,2833278571.0,0.2356673037539394,4.24327
HK.00939,建设银行,2020-07-09,4.26327,4.19327,4.26327,4.15327,5.545,0.00137,329685977,2146001563.0,-1.4106793126229846,4.25327
HK.00939,建设银行,2020-07-10,4.11327,4.07327,4.15327,4.01327,5.442,0.00115,276498323,1765247943.0,-2.8617284362800417,4.19327
HK.00939,建设银行,2020-07-13,4.07327,3.99327,4.08327,3.97327,5.374,0.00115,275496342,1748127868.0,-1.9640239905530463,4.07327
HK.00939,建设银行,2020-07-14,3.94327,3.93327,3.95327,3.85327,5.323,0.00125,300227674,1864530654.0,-1.5025280033656645,3.99327
HK.00939,建设银行,2020-07-15,3.98327,3.85327,3.98327,3.80327,5.255,0.00099,238601571,1472892656.0,-2.0339310548220597,3.93327
HK.00939,建设银行,2020-07-16,3.85327,3.80327,3.87327,3.80327,5.212,0.0009,215849792,1325083604.0,-1.297599181993483,3.85327
HK.00939,建设银行,2020-07-17,3.81327,3.80327,3.85327,3.78327,5.212,0.00054,129058057,790309474.0,0.0,3.80327
HK.00939,建设银行,2020-07-20,3.76327,3.77327,3.84327,3.72327,5.187,0.00078,186917765,1139060192.0,-0.7887949054366322,3.80327
HK.00939,建设银行,2020-07-21,3.84327,3.74327,3.84327,3.73327,5.161,0.00113,272019036,1652339785.0,-0.7950663482867711,3.77327
HK.00939,建设银行,2020-07-22,3.74327,3.68327,3.79327,3.68327,5.11,0.00111,267633742,1620056252.0,-1.602876629257309,3.74327
HK.00939,建设银行,2020-07-23,3.69327,3.64327,3.72327,3.63327,5.076,0.00094,226128230,1351234639.0,-1.0859915238361575,3.68327
HK.00939,建设银行,2020-07-24,3.64327,3.54327,3.64327,3.53327,4.991,0.00118,282783629,1661721441.0,-2.744786963359829,3.64327
HK.00939,建设银行,2020-07-27,3.64327,3.60327,3.65327,3.57327,5.042,0.00071,171186420,1014740269.0,1.6933510570743988,3.54327
HK.00939,建设银行,2020-07-28,3.66327,3.56327,3.67327,3.53327,5.008,0.00079,189791119,1118763615.0,-1.1101027677637267,3.60327
HK.00939,建设银行,2020-07-29,3.61327,3.54327,3.61327,3.54327,4.991,0.00042,101148729,595176819.0,-0.5612821930417851,3.56327
HK.00939,建设银行,2020-07-30,3.59327,3.45327,3.59327,3.43327,4.914,0.00121,291055301,1693036421.0,-2.5400265856116047,3.54327
HK.00939,建设银行,2020-07-31,3.47327,3.36327,3.52327,3.36327,4.838,0.00128,306555866,1760619194.0,-2.6062254037477484,3.45327
HK.00939,建设银行,2020-08-03,3.37327,3.36327,3.39327,3.31327,4.838,0.00122,294307773,1667485519.0,0.0,3.36327
HK.00939,建设银行,2020-08-04,3.38327,3.51327,3.57327,3.36327,4.965,0.00108,260049011,1512572468.0,4.45994523187255,3.36327
HK.00939,建设银行,2020-08-05,3.51327,3.47327,3.54327,3.44327,4.931,0.00099,237031227,1373622870.0,-1.1385404480725942,3.51327
HK.00939,建设银行,2020-08-06,3.47327,3.44327,3.49327,3.38327,4.906,0.00075,180907797,1038169798.0,-0.863739358011321,3.47327
HK.00939,建设银行,2020-08-07,3.42327,3.37327,3.44327,3.33327,4.846,0.00094,226577143,1289185971.0,-2.0329512353082926,3.44327
HK.00939,建设银行,2020-08-10,3.38327,3.36327,3.40327,3.34327,4.838,0.00056,134907064,767976295.0,-0.2964482534751215,3.37327
HK.00939,建设银行,2020-08-11,3.44327,3.48327,3.53327,3.42327,4.94,0.00082,198273812,1150958038.0,3.5679561854980455,3.36327
HK.00939,建设银行,2020-08-12,3.44327,3.53327,3.54327,3.40327,4.982,0.00077,185020391,1071505279.0,1.4354327973427217,3.48327
HK.00939,建设银行,2020-08-13,3.55327,3.48327,3.56327,3.43327,4.94,0.00077,186107962,1077152995.0,-1.4151197049758388,3.53327
HK.00939,建设银行,2020-08-14,3.44327,3.48327,3.54327,3.44327,4.94,0.00071,169549682,984747814.0,0.0,3.48327
HK.00939,建设银行,2020-08-17,3.48327,3.54327,3.61327,3.47327,4.991,0.00088,212350378,1248029854.0,1.7225193568112738,3.48327
HK.00939,建设银行,2020-08-18,3.56327,3.56327,3.58327,3.52327,5.008,0.00061,146842194,861471589.0,0.564450352358133,3.54327
HK.00939,建设银行,2020-08-19,3.61327,3.62327,3.62327,3.50327,5.059,0.0007,167854450,989992883.0,1.6838465791253552,3.56327
HK.00939,建设银行,2020-08-20,3.52327,3.43327,3.54327,3.39327,4.897,0.00154,370338049,2143951000.0,-5.243881907779447,3.62327
HK.00939,建设银行,2020-08-21,3.48327,3.47327,3.49327,3.43327,4.931,0.00046,110096385,636541958.0,1.1650700352724963,3.43327
HK.00939,建设银行,2020-08-24,3.51327,3.47327,3.51327,3.45327,4.931,0.00069,167045876,967608616.0,0.0,3.47327
HK.00939,建设银行,2020-08-25,3.46327,3.45327,3.49327,3.43327,4.914,0.00062,150125989,866610805.0,-0.5758262386742182,3.47327
HK.00939,建设银行,2020-08-26,3.48327,3.41327,3.48327,3.40327,4.88,0.00059,141356361,811460747.0,-1.1583224016656688,3.45327
HK.00939,建设银行,2020-08-27,3.42327,3.36327,3.44327,3.35327,4.838,0.00075,181421802,1032072208.0,-1.4648709302223328,3.41327
HK.00939,建设银行,2020-08-28,3.38327,3.33327,3.41327,3.33327,4.812,0.00147,352855233,2006053662.0,-0.8919890463745047,3.36327
HK.00939,建设银行,2020-08-31,3.33327,3.17327,3.41327,3.17327,4.676,0.00207,496735636,2767128602.0,-4.800091201732837,3.33327
HK.00939,建设银行,2020-09-01,3.10327,3.17327,3.19327,3.10327,4.676,0.00091,219467258,1203829580.0,0.0,3.17327
HK.00939,建设银行,2020-09-02,3.10327,3.06327,3.14327,3.04327,4.582,0.00162,389334851,2100393836.0,-3.4664557380872054,3.17327
HK.00939,建设银行,2020-09-03,2.98327,3.06327,3.13327,2.98327,4.582,0.00112,268275296,1446219439.0,0.0,3.06327
HK.00939,建设银行,2020-09-04,3.07327,3.12327,3.18327,3.03327,4.633,0.0019,456083353,2474856858.0,1.9586912025384655,3.06327
HK.00939,建设银行,2020-09-07,3.11327,3.10327,3.18327,3.08327,4.616,0.00095,227409001,1236194047.0,-0.6403545002513397,3.12327
HK.00939,建设银行,2020-09-08,3.16327,3.27327,3.28327,3.12327,4.761,0.00103,248263427,1377393913.0,5.478092463755971,3.10327
HK.00939,建设银行,2020-09-09,3.17327,3.18327,3.24327,3.15327,4.684,0.00096,230170981,1268767953.0,-2.749544033947713,3.27327
HK.00939,建设银行,2020-09-10,3.19327,3.10327,3.20327,3.08327,4.616,0.00056,134842807,733385985.0,-2.513139004859771,3.18327
HK.00939,建设银行,2020-09-11,3.14327,3.07327,3.14327,3.06327,4.591,0.00066,157959024,852993811.0,-0.9667221994863562,3.10327
HK.00939,建设银行,2020-09-14,3.05327,3.03327,3.09327,3.03327,4.557,0.0005,120278921,645984201.0,-1.3015452596094723,3.07327
HK.00939,建设银行,2020-09-15,3.02327,3.04327,3.08327,3.00327,4.565,0.00069,166135994,890357283.0,0.3296772130407194,3.03327
HK.00939,建设银行,2020-09-16,3.08327,3.03327,3.09327,3.02327,4.557,0.00052,125249101,670989257.0,-0.3285939137835365,3.04327
HK.00939,建设银行,2020-09-17,3.02327,2.98327,3.05327,2.97327,4.514,0.00089,213679592,1134738741.0,-1.6483860652035534,3.03327
HK.00939,建设银行,2020-09-18,3.02327,3.00327,3.06327,2.98327,4.531,0.00137,329202893,1756750469.0,0.6704052935201982,2.98327
HK.00939,建设银行,2020-09-21,3.04327,2.96327,3.06327,2.96327,4.497,0.00087,209288177,1111438538.0,-1.331881582408509,3.00327
HK.00939,建设银行,2020-09-22,2.97327,2.94327,2.98327,2.93327,4.48,0.00075,179300922,945517047.0,-0.6749300603724945,2.96327
HK.00939,建设银行,2020-09-23,2.93327,2.86327,2.94327,2.84327,4.412,0.00095,227267788,1181443895.0,-2.7180652811328923,2.94327
HK.00939,建设银行,2020-09-24,2.81327,2.74327,2.82327,2.74327,4.31,0.00106,254597769,1294536144.0,-4.191012373964038,2.86327
HK.00939,建设银行,2020-09-25,2.76327,2.70327,2.81327,2.69327,4.275,0.00091,219083702,1106722435.0,-1.4581138568205112,2.74327
HK.00939,建设银行,2020-09-28,2.71327,2.75327,2.78327,2.70327,4.318,0.00065,156528959,792833317.0,1.8496117664902236,2.70327
HK.00939,建设银行,2020-09-29,2.77327,2.69327,2.78327,2.65327,4.267,0.00104,250167522,1252692974.0,-2.17922688294283,2.75327
HK.00939,建设银行,2020-09-30,2.75327,2.70327,2.82327,2.69327,4.275,0.00091,217607797,1098982776.0,0.3712958596798608,2.69327
HK.00939,建设银行,2020-10-05,2.71327,2.66327,2.74327,2.66327,4.241,0.00079,191021864,955633189.0,-1.4796894131921725,2.70327
HK.00939,建设银行,2020-10-06,2.71327,2.66327,2.71327,2.66327,4.241,0.00072,172776519,862145174.0,0.0,2.66327
HK.00939,建设银行,2020-10-07,2.63327,2.69327,2.71327,2.61327,4.267,0.00126,302349973,1505776959.0,1.1264347963218244,2.66327
HK.00939,建设银行,2020-10-08,2.66327,2.70327,2.72327,2.65327,4.275,0.00064,154705759,775314866.0,0.3712958596798608,2.69327
HK.00939,建设银行,2020-10-09,2.72327,2.70327,2.75327,2.68327,4.275,0.00089,214985520,1081074209.0,0.0,2.70327
HK.00939,建设银行,2020-10-12,2.68327,2.98327,3.04327,2.68327,4.514,0.00226,542755389,2853775565.0,10.357825892345208,2.70327
HK.00939,建设银行,2020-10-14,2.96327,2.98327,3.03327,2.90327,4.514,0.00158,379721673,2011710220.0,0.0,2.98327
HK.00939,建设银行,2020-10-15,2.96327,2.94327,3.06327,2.90327,4.48,0.00189,453665075,2403737032.0,-1.3408105870403964,2.98327
HK.00939,建设银行,2020-10-16,2.94327,3.24327,3.24327,2.93327,4.735,0.0027,648776626,3556203866.0,10.19274480424833,2.94327
HK.00939,建设银行,2020-10-19,3.38327,3.34327,3.43327,3.30327,4.821,0.00587,1410979401,7855223942.0,3.083307896043194,3.24327
HK.00939,建设银行,2020-10-20,3.34327,3.28327,3.35327,3.22327,4.77,0.00166,398140872,2238643663.0,-1.7946501479090846,3.34327
HK.00939,建设银行,2020-10-21,3.28327,3.34327,3.38327,3.24327,4.821,0.0013,312260946,1769446499.0,1.8274464177481613,3.28327
HK.00939,建设银行,2020-10-22,3.30327,3.47327,3.53327,3.30327,4.931,0.00216,519709896,3009842335.0,3.8884086538030096,3.34327
HK.00939,建设银行,2020-10-23,3.45327,3.48327,3.54327,3.45327,4.94,0.00127,304589702,1769579211.0,0.2879131193371155,3.47327
HK.00939,建设银行,2020-10-27,3.44327,3.29327,3.45327,3.28327,4.778,0.00172,412831332,2333570494.0,-5.4546446299023605,3.48327
HK.00939,建设银行,2020-10-28,3.28327,3.21327,3.29327,3.16327,4.71,0.00122,293651424,1623730232.0,-2.429196512888408,3.29327
HK.00939,建设银行,2020-10-29,3.09327,3.17327,3.23327,3.09327,4.676,0.00119,286268227,1571878768.0,-1.2448378131934148,3.21327
HK.00939,建设银行,2020-10-30,3.14327,3.03327,3.19327,3.00327,4.557,0.00161,388054515,2091660004.0,-4.411852757565544,3.17327
HK.00939,建设银行,2020-11-02,3.07327,3.22327,3.30327,3.06327,4.718,0.0018,432343116,2397478975.0,6.263867047773523,3.03327
HK.00939,建设银行,2020-11-03,3.30327,3.32327,3.40327,3.29327,4.804,0.00128,308715818,1748833076.0,3.1024394481380737,3.22327
HK.00939,建设银行,2020-11-04,3.43327,3.32327,3.43327,3.28327,4.804,0.00113,270529858,1534649600.0,0.0,3.32327
HK.00939,建设银行,2020-11-05,3.48327,3.46327,3.51327,3.36327,4.923,0.00156,375439017,2158486786.0,4.2127181962344356,3.32327
HK.00939,建设银行,2020-11-06,3.47327,3.52327,3.53327,3.42327,4.974,0.00138,331079996,1926005771.0,1.7324667149832398,3.46327
HK.00939,建设银行,2020-11-09,3.58327,3.59327,3.62327,3.55327,5.034,0.00147,353003766,2085647856.0,1.9867906802487416,3.52327
HK.00939,建设银行,2020-11-10,3.70327,3.68327,3.71327,3.61327,5.11,0.00189,454690795,2719335414.0,2.504682364531467,3.59327
HK.00939,建设银行,2020-11-11,3.75327,3.87327,3.87327,3.68327,5.272,0.00223,536246141,3280314095.0,5.158459738221754,3.68327
HK.00939,建设银行,2020-11-12,3.88327,3.82327,3.88327,3.70327,5.229,0.00171,411187096,2507532704.0,-1.2908989045431964,3.87327
HK.00939,建设银行,2020-11-13,3.73327,3.66327,3.75327,3.59327,5.093,0.00151,363043198,2165955853.0,-4.184899313938073,3.82327
HK.00939,建设银行,2020-11-16,3.65327,3.59327,3.69327,3.54327,5.034,0.00152,364337582,2151664334.0,-1.910861061292229,3.66327
HK.00939,建设银行,2020-11-17,3.57327,3.68327,3.71327,3.56327,5.11,0.0012,288200972,1718779945.0,2.504682364531467,3.59327
HK.00939,建设银行,2020-11-18,3.66327,3.71327,3.76327,3.60327,5.136,0.00147,352884985,2118940336.0,0.8144936428771241,3.68327
HK.00939,建设银行,2020-11-19,3.68327,3.63327,3.69327,3.59327,5.068,0.00257,618556545,3680403566.0,-2.1544353090402817,3.71327
HK.00939,建设银行,2020-11-20,3.62327,3.54327,3.63327,3.53327,4.991,0.00117,281179890,1657145432.0,-2.4771073991197974,3.63327
HK.00939,建设银行,2020-11-23,3.54327,3.58327,3.60327,3.49327,5.025,0.00125,301296400,1771066990.0,1.128900704716266,3.54327
HK.00939,建设银行,2020-11-24,3.58327,3.52327,3.59327,3.51327,4.974,0.00088,211345578,1238108959.0,-1.6744481995495746,3.58327
HK.00939,建设银行,2020-11-25,3.53327,3.57327,3.66327,3.53327,5.017,0.00121,290627772,1719760796.0,1.4191362001776708,3.52327
HK.00939,建设银行,2020-11-26,3.53327,3.65327,3.67327,3.53327,5.085,0.00102,246202157,1466117056.0,2.238845651182252,3.57327
HK.00939,建设银行,2020-11-27,3.66327,3.78327,3.82327,3.63327,5.195,0.00317,761533820,4583303551.0,3.5584558491433675,3.65327
HK.00939,建设银行,2020-11-30,3.84327,3.76327,4.05327,3.70327,5.178,0.00547,1313908116,8056093905.0,-0.5286432107674054,3.78327
HK.00939,建设银行,2020-12-01,3.78327,3.88327,3.93327,3.75327,5.281,0.00229,550833407,3400881251.0,3.1887161962867427,3.76327
HK.00939,建设银行,2020-12-02,3.88327,3.86327,3.90327,3.76327,5.264,0.00113,272154054,1679763532.0,-0.5150298588560676,3.88327
HK.00939,建设银行,2020-12-03,3.78327,3.74327,3.84327,3.71327,5.161,0.00169,406409320,2467927891.0,-3.106176891597018,3.86327
HK.00939,建设银行,2020-12-04,3.74327,3.77327,3.77327,3.70327,5.187,0.00195,469180569,2849006511.0,0.8014383146286602,3.74327
HK.00939,建设银行,2020-12-07,3.69327,3.65327,3.71327,3.55327,5.085,0.00138,330839457,1966404438.0,-3.180265393147061,3.77327
HK.00939,建设银行,2020-12-08,3.64327,3.53327,3.64327,3.51327,4.982,0.00115,277224933,1626418605.0,-3.2847284761323445,3.65327
HK.00939,建设银行,2020-12-09,3.52327,3.58327,3.62327,3.52327,5.025,0.00076,183698957,1084585837.0,1.4151197049758515,3.53327
HK.00939,建设银行,2020-12-10,3.50327,3.49327,3.55327,3.48327,4.948,0.00091,219289700,1277508690.0,-2.5116722993243688,3.58327
HK.00939,建设银行,2020-12-11,3.48327,3.49327,3.52327,3.45327,4.948,0.00105,253123122,1468967871.0,0.0,3.49327
HK.00939,建设银行,2020-12-14,3.50327,3.44327,3.57327,3.43327,4.906,0.00116,279193537,1616426966.0,-1.4313236594938217,3.49327
HK.00939,建设银行,2020-12-15,3.40327,3.42327,3.48327,3.35327,4.889,0.0017,409638609,2342548454.0,-0.5808432100880854,3.44327
HK.00939,建设银行,2020-12-16,3.47327,3.43327,3.52327,3.41327,4.897,0.001,239342364,1382149155.0,0.2921183546725729,3.42327
HK.00939,建设银行,2020-12-17,3.47327,3.42327,3.47327,3.35327,4.889,0.00135,324202430,1851105466.0,-0.2912675088181176,3.43327
HK.00939,建设银行,2020-12-18,3.38327,3.43327,3.44327,3.33327,4.897,0.00268,645127121,3691208200.0,0.2921183546725729,3.42327
HK.00939,建设银行,2020-12-21,3.33327,3.33327,3.39327,3.32327,4.812,0.00093,223699577,1267732977.0,-2.912675088181228,3.43327
HK.00939,建设银行,2020-12-22,3.33327,3.31327,3.37327,3.30327,4.795,0.00074,177375634,1001706005.0,-0.6000114002166046,3.33327
HK.00939,建设银行,2020-12-23,3.28327,3.22327,3.32327,3.19327,4.718,0.00148,355500936,1974314400.0,-2.7163497088978654,3.31327
HK.00939,建设银行,2020-12-24,3.25327,3.36327,3.36327,3.23327,4.838,0.00069,166216682,936452288.0,4.3434152273933035,3.22327
HK.00939,建设银行,2020-12-28,3.36327,3.48327,3.51327,3.36327,4.94,0.00145,347813094,2011642076.0,3.5679561854980455,3.36327
HK.00939,建设银行,2020-12-29,3.52327,3.57327,3.59327,3.48327,5.017,0.00119,286761976,1679992762.0,2.583779035216904,3.48327
HK.00939,建设银行,2020-12-30,3.60327,3.61327,3.61327,3.49327,5.051,0.00104,250538137,1476011678.0,1.119422825591126,3.57327
HK.00939,建设银行,2020-12-31,3.61327,3.57327,3.66327,3.54327,5.017,0.00086,207449148,1225862846.0,-1.107030473781368,3.61327
HK.00939,建设银行,2021-01-04,3.50327,3.45327,3.52327,3.39327,4.914,0.00132,318204149,1831936949.0,-3.358268476773379,3.57327
HK.00939,建设银行,2021-01-05,3.41327,3.43327,3.46327,3.39327,4.897,0.00092,221592357,1273626007.0,-0.5791612008328344,3.45327
HK.00939,建设银行,2021-01-06,3.41327,3.44327,3.45327,3.34327,4.906,0.00117,280573682,1602880746.0,0.2912675088181305,3.43327
HK.00939,建设银行,2021-01-07,3.50327,3.56327,3.63327,3.49327,5.008,0.0013,312948166,1839492614.0,3.485059260528512,3.44327
HK.00939,建设银行,2021-01-08,3.51327,3.61327,3.66327,3.46327,5.051,0.00177,424476135,2512220781.0,1.4032054826044569,3.56327
HK.00939,建设银行,2021-01-11,3.56327,3.74327,3.77327,3.56327,5.161,0.0018,433795936,2617886265.0,3.59784903978944,3.61327
HK.00939,建设银行,2021-01-12,3.71327,3.79327,3.80327,3.67327,5.204,0.00107,258029907,1564969138.0,1.3357305243810964,3.74327
HK.00939,建设银行,2021-01-13,3.78327,3.79327,3.82327,3.72327,5.204,0.00095,229132030,1396067939.0,0.0,3.79327
HK.00939,建设银行,2021-01-14,3.80327,3.75327,3.80327,3.69327,5.17,0.00131,315675579,1913537854.0,-1.0544991524463072,3.79327
HK.00939,建设银行,2021-01-15,3.78327,3.86327,3.96327,3.77327,5.264,0.00228,548531577,3403098285.0,2.93077769518313,3.75327
HK.00939,建设银行,2021-01-18,3.86327,3.88327,3.89327,3.76327,5.281,0.0012,287312698,1768382521.0,0.517696148599503,3.86327
HK.00939,建设银行,2021-01-19,3.90327,3.94327,3.96327,3.85327,5.332,0.00212,508963780,3170504904.0,1.545089576568203,3.88327
HK.00939,建设银行,2021-01-20,3.97327,3.90327,3.97327,3.83327,5.298,0.00123,295410327,1836124645.0,-1.014386537061881,3.94327
HK.00939,建设银行,2021-01-21,3.90327,3.89327,3.96327,3.84327,5.289,0.00153,367781339,2290057859.0,-0.2561954463821419,3.90327
HK.00939,建设银行,2021-01-22,3.84327,3.74327,3.87327,3.70327,5.161,0.00118,284504155,1730101517.0,-3.85280240003904,3.89327
HK.00939,建设银行,2021-01-25,3.76327,3.81327,3.87327,3.68327,5.221,0.00139,335363214,2056402013.0,1.8700227341335327,3.74327
HK.00939,建设银行,2021-01-26,3.78327,3.74327,3.83327,3.72327,5.161,0.00132,317004784,1929885527.0,-1.835694823602847,3.81327
HK.00939,建设银行,2021-01-27,3.83327,3.74327,3.86327,3.74327,5.161,0.00147,352849090,2154589801.0,0.0,3.74327
HK.00939,建设银行,2021-01-28,3.77327,3.67327,3.77327,3.65327,5.102,0.00099,237482243,1427796294.0,-1.8700227341335207,3.74327
HK.00939,建设银行,2021-01-29,3.61327,3.56327,3.66327,3.56327,5.008,0.00137,328614511,1943349959.0,-2.9946069850569077,3.67327
HK.00939,建设银行,2021-02-01,3.56327,3.55327,3.59327,3.45327,5.0,0.00123,294962303,1721426836.0,-0.2806410965208988,3.56327
HK.00939,建设银行,2021-02-02,3.59327,3.56327,3.61327,3.53327,5.008,0.00107,258085106,1517139529.0,0.2814309073051085,3.55327
HK.00939,建设银行,2021-02-03,3.54327,3.55327,3.58327,3.49327,5.0,0.00132,317675443,1859532454.0,-0.2806410965208988,3.56327
HK.00939,建设银行,2021-02-04,3.48327,3.55327,3.65327,3.48327,5.0,0.00131,315717718,1855290521.0,0.0,3.55327
HK.00939,建设银行,2021-02-05,3.51327,3.62327,3.68327,3.51327,5.059,0.00116,278764336,1656597749.0,1.9700163511357225,3.55327
HK.00939,建设银行,2021-02-08,3.65327,3.63327,3.74327,3.61327,5.068,0.00101,242806078,1455898335.0,0.2759937846199645,3.62327
HK.00939,建设银行,2021-02-09,3.60327,3.67327,3.69327,3.56327,5.102,0.00102,245050452,1461907340.0,1.1009366218310237,3.63327
HK.00939,建设银行,2021-02-10,3.70327,3.82327,3.88327,3.70327,5.229,0.00154,371358286,2278500687.0,4.083554979623058,3.67327
HK.00939,建设银行,2021-02-11,3.85327,3.91327,3.91327,3.78327,5.306,0.00106,255948185,1580943294.0,2.35400586409016,3.82327
HK.00939,建设银行,2021-02-16,3.94327,3.97327,3.98327,3.91327,5.357,0.00175,420630764,2641105818.0,1.5332445755084638,3.91327
HK.00939,建设银行,2021-02-17,3.96327,4.04327,4.05327,3.92327,5.417,0.00136,325866765,2062241822.0,1.7617730483959018,3.97327
HK.00939,建设银行,2021-02-18,4.02327,3.91327,4.02327,3.88327,5.306,0.0013,312189300,1949927011.0,-3.2152193645242564,4.04327
HK.00939,建设银行,2021-02-19,3.89327,3.83327,3.90327,3.82327,5.238,0.00113,271410683,1674215369.0,-2.04432610067794,3.91327
HK.00939,建设银行,2021-02-22,3.85327,3.92327,3.98327,3.77327,5.315,0.00156,374829360,2334132998.0,2.3478648777675417,3.83327
HK.00939,建设银行,2021-02-23,3.99327,4.05327,4.14327,3.97327,5.425,0.0019,456348718,2916494689.0,3.3135624109480193,3.92327
HK.00939,建设银行,2021-02-24,4.10327,3.92327,4.13327,3.90327,5.315,0.00196,470779300,2984353651.0,-3.207286955963958,4.05327
HK.00939,建设银行,2021-02-25,3.95327,4.03327,4.08327,3.92327,5.408,0.00155,372766299,2366576302.0,2.8037835784944667,3.92327
HK.00939,建设银行,2021-02-26,3.98327,3.91327,4.04327,3.91327,5.306,0.00192,462570671,2896985754.0,-2.9752533304241995,4.03327
HK.00939,建设银行,2021-03-01,3.95327,3.82327,3.97327,3.80327,5.229,0.00116,279868518,1725935679.0,-2.29986686326269,3.91327
HK.00939,建设银行,2021-03-02,3.81327,3.74327,3.85327,3.69327,5.161,0.00143,342846743,2085572296.0,-2.0924496569690363,3.82327
HK.00939,建设银行,2021-03-03,3.75327,4.08327,4.08327,3.74327,5.451,0.00239,574830925,3638011234.0,9.082967565791405,3.74327
HK.00939,建设银行,2021-03-04,4.04327,4.06327,4.09327,3.94327,5.434,0.00192,462035251,2946356725.0,-0.489803515319819,4.08327
HK.00939,建设银行,2021-03-05,4.03327,4.17327,4.23327,4.00327,5.528,0.00265,635907491,4115616401.0,2.707179193112922,4.06327
HK.00939,建设银行,2021-03-08,4.23327,4.24327,4.33327,4.21327,5.587,0.00234,561930035,3704207842.0,1.6773417487965143,4.17327
HK.00939,建设银行,2021-03-09,4.27327,4.18327,4.42327,4.09327,5.536,0.00277,667146361,4375158789.0,-1.4140038225236575,4.24327
HK.00939,建设银行,2021-03-10,4.11327,4.11327,4.13327,4.02327,5.477,0.00111,266737014,1709094356.0,-1.6733321062231288,4.18327
HK.00939,建设银行,2021-03-11,4.12327,4.23327,4.28327,4.12327,5.579,0.00201,482882404,3159040906.0,2.9173868965567564,4.11327
HK.00939,建设银行,2021-03-12,4.22327,4.08327,4.28327,4.07327,5.451,0.00171,412283441,2667804416.0,-3.543360097513278,4.23327
HK.00939,建设银行,2021-03-15,4.09327,4.29327,4.32327,4.08327,5.63,0.00202,486839951,3198088403.0,5.142936910858209,4.08327
HK.00939,建设银行,2021-03-16,4.32327,4.26327,4.37327,4.22327,5.604,0.00149,358203401,2366927731.0,-0.6987680718892444,4.29327
HK.00939,建设银行,2021-03-17,4.23327,4.26327,4.31327,4.21327,5.604,0.00095,228609351,1501029321.0,0.0,4.26327
HK.00939,建设银行,2021-03-18,4.28327,4.28327,4.37327,4.24327,5.621,0.00101,243611800,1609716159.0,0.4691234662594574,4.26327
HK.00939,建设银行,2021-03-19,4.24327,4.14327,4.32327,4.14327,5.502,0.00166,399246850,2594096443.0,-3.268530818743616,4.28327
HK.00939,建设银行,2021-03-22,4.08327,4.27327,4.33327,4.08327,5.613,0.00095,228791641,1507628346.0,3.1376183545846614,4.14327
HK.00939,建设银行,2021-03-23,4.27327,4.19327,4.27327,4.16327,5.545,0.00102,245761640,1602439516.0,-1.872102628666105,4.27327
HK.00939,建设银行,2021-03-24,4.16327,4.08327,4.25327,4.05327,5.451,0.00114,275164772,1767136833.0,-2.6232510665900435,4.19327
HK.00939,建设银行,2021-03-25,3.99327,4.05327,4.13327,3.99327,5.425,0.00129,309603245,1971842636.0,-0.7347052729797285,4.08327
HK.00939,建设银行,2021-03-26,4.10327,4.15327,4.15327,4.03327,5.511,0.00103,248557772,1597122489.0,2.4671438122799527,4.05327
HK.00939,建设银行,2021-03-29,4.13327,4.36327,4.39327,4.13327,5.186,0.00218,524745533,3470154520.0,5.056256877111287,4.15327
HK.00939,建设银行,2021-03-30,4.41327,4.28327,4.41327,4.26327,5.124,0.00129,310041262,2049653758.0,-1.833487269868701,4.36327
HK.00939,建设银行,2021-03-31,4.35327,4.22327,4.35327,4.18327,5.077,0.00104,250045819,1636907523.0,-1.4007989223186867,4.28327
HK.00939,建设银行,2021-04-01,4.28327,4.20327,4.29327,4.14327,5.062,0.00113,270591593,1762829351.0,-0.4735666912132177,4.22327
HK.00939,建设银行,2021-04-07,4.20327,4.17327,4.24327,4.14327,5.038,0.00113,272471073,1770673325.0,-0.7137300244809458,4.20327
HK.00939,建设银行,2021-04-08,4.15327,4.22327,4.23327,4.14327,5.077,0.00072,173668249,1131939329.0,1.1981012491403795,4.17327
HK.00939,建设银行,2021-04-09,4.22327,4.20327,4.24327,4.14327,5.062,0.00086,207150755,1351246575.0,-0.4735666912132177,4.22327
HK.00939,建设银行,2021-04-12,4.21327,4.14327,4.21327,4.11327,5.015,0.00087,209067035,1349944935.0,-1.4274600489618705,4.20327
HK.00939,建设银行,2021-04-13,4.13327,4.25327,4.28327,4.13327,5.1,0.00103,247515607,1627312699.0,2.654907838494702,4.14327
HK.00939,建设银行,2021-04-14,4.28327,4.26327,4.28327,4.20327,5.108,0.00062,149118554,978764452.0,0.2351132187705148,4.25327
HK.00939,建设银行,2021-04-15,4.24327,4.18327,4.25327,4.12327,5.046,0.00101,242514664,1571058868.0,-1.8764938650378715,4.26327
HK.00939,建设银行,2021-04-16,4.16327,4.22327,4.24327,4.11327,5.077,0.00086,206087504,1341579001.0,0.956189774984642,4.18327
HK.00939,建设银行,2021-04-19,4.25327,4.23327,4.27327,4.14327,5.085,0.00105,251314182,1644231485.0,0.2367833456065983,4.22327
HK.00939,建设银行,2021-04-20,4.17327,4.23327,4.24327,4.16327,5.085,0.00124,297090290,1937703395.0,0.0,4.23327
HK.00939,建设银行,2021-04-21,4.18327,4.18327,4.23327,4.15327,5.046,0.00117,280194799,1820725921.0,-1.181120032504419,4.23327
HK.00939,建设银行,2021-04-22,4.15327,4.16327,4.19327,4.12327,5.031,0.00098,235457921,1522777269.0,-0.4780948874923316,4.18327
HK.00939,建设银行,2021-04-23,4.12327,4.22327,4.22327,4.10327,5.077,0.00086,207741563,1347412412.0,1.4411748457342546,4.16327
HK.00939,建设银行,2021-04-26,4.19327,4.09327,4.21327,4.08327,4.976,0.00111,266475471,1715110797.0,-3.0781834928858416,4.22327
HK.00939,建设银行,2021-04-27,4.07327,4.03327,4.13327,4.02327,4.93,0.00095,227583925,1450168214.0,-1.4658207252392463,4.09327
HK.00939,建设银行,2021-04-28,4.00327,4.13327,4.13327,3.99327,5.007,0.00112,269183937,1720141767.0,2.4793777753535107,4.03327
HK.00939,建设银行,2021-04-29,4.14327,4.05327,4.17327,4.02327,4.945,0.00095,228953943,1464453826.0,-1.9355135280298663,4.13327
HK.00939,建设银行,2021-04-30,4.01327,3.83327,4.05327,3.83327,4.774,0.00176,422515861,2623486507.0,-5.42771638701592,4.05327
HK.00939,建设银行,2021-05-03,3.83327,3.76327,3.84327,3.73327,4.72,0.00156,374174831,2276569514.0,-1.826117127152543,3.83327
HK.00939,建设银行,2021-05-04,3.72327,3.71327,3.76327,3.69327,4.681,0.00183,439006174,2651480461.0,-1.3286317484528036,3.76327
HK.00939,建设银行,2021-05-05,3.71327,3.81327,3.86327,3.70327,4.759,0.00093,224302735,1374385184.0,2.6930441363003523,3.71327
HK.00939,建设银行,2021-05-06,3.90327,3.84327,3.93327,3.82327,4.782,0.00106,255611967,1579823103.0,0.7867263529726405,3.81327
HK.00939,建设银行,2021-05-07,3.89327,3.93327,3.96327,3.87327,4.852,0.00101,243969698,1523256343.0,2.341755848535228,3.84327
HK.00939,建设银行,2021-05-10,4.02327,3.98327,4.02327,3.93327,4.891,0.00093,224187708,1411487391.0,1.2712069092638,3.93327
HK.00939,建设银行,2021-05-11,3.98327,3.89327,3.98327,3.86327,4.821,0.00101,241968733,1505777927.0,-2.2594501502534428,3.98327
HK.00939,建设银行,2021-05-12,3.83327,3.87327,3.89327,3.83327,4.805,0.00067,161255412,997333991.0,-0.5137069866718613,3.89327
HK.00939,建设银行,2021-05-13,3.80327,3.80327,3.87327,3.80327,4.751,0.00063,151508461,931298202.0,-1.8072584663604725,3.87327
HK.00939,建设银行,2021-05-14,3.91327,3.91327,3.92327,3.85327,4.836,0.00065,156363241,972035020.0,2.8922479866010007,3.80327
HK.00939,建设银行,2021-05-17,3.85327,3.91327,3.92327,3.85327,4.836,0.00055,133296455,827923653.0,0.0,3.91327
HK.00939,建设银行,2021-05-18,3.94327,3.97327,3.99327,3.93327,4.883,0.00053,126934281,797353270.0,1.5332445755084638,3.91327
HK.00939,建设银行,2021-05-20,3.87327,3.84327,3.88327,3.82327,4.782,0.00125,300956145,1854513937.0,-3.2718642327352505,3.97327
HK.00939,建设银行,2021-05-21,3.82327,3.84327,3.87327,3.82327,4.782,0.00056,135564424,834179880.0,0.0,3.84327
HK.00939,建设银行,2021-05-24,3.82327,3.86327,3.89327,3.81327,4.798,0.00072,172607717,1066938544.0,0.5203901885633853,3.84327
HK.00939,建设银行,2021-05-25,3.82327,3.94327,3.95327,3.82327,4.86,0.00087,209139055,1302734517.0,2.070784594398012,3.86327
HK.00939,建设银行,2021-05-26,3.96327,4.00327,4.03327,3.96327,4.906,0.00102,244488814,1545914743.0,1.5215798055928105,3.94327
HK.00939,建设银行,2021-05-27,3.95327,3.97327,4.06327,3.95327,4.883,0.00169,406457402,2564882359.0,-0.7493873758202622,4.00327
HK.00939,建设银行,2021-05-28,4.00327,4.08327,4.10327,3.99327,4.968,0.00123,294601805,1880887954.0,2.7685005046221347,3.97327
HK.00939,建设银行,2021-05-31,4.11327,4.06327,4.11327,4.00327,4.953,0.0008,192395234,1223638324.0,-0.489803515319819,4.08327
HK.00939,建设银行,2021-06-01,4.02327,4.04327,4.04327,3.95327,4.937,0.0008,191489076,1209413560.0,-0.4922143987478179,4.06327
HK.00939,建设银行,2021-06-02,4.03327,4.00327,4.04327,3.98327,4.906,0.00066,157825095,999182452.0,-0.9892982660074652,4.04327
HK.00939,建设银行,2021-06-03,4.03327,3.87327,4.03327,3.86327,4.805,0.00127,305357305,1901982909.0,-3.2473452952211437,4.00327
HK.00939,建设银行,2021-06-04,3.87327,3.91327,3.92327,3.84327,4.836,0.00144,345365943,2146117149.0,1.0327191236345412,3.87327
HK.00939,建设银行,2021-06-07,3.91327,3.88327,3.92327,3.85327,4.813,0.00091,219896132,1363608827.0,-0.7666222877542261,3.91327
HK.00939,建设银行,2021-06-08,3.92327,3.93327,3.94327,3.87327,4.852,0.00048,115540824,720075952.0,1.2875746471401637,3.88327
HK.00939,建设银行,2021-06-09,3.93327,3.93327,3.97327,3.92327,4.852,0.00053,126682773,792874557.0,0.0,3.93327
HK.00939,建设银行,2021-06-10,3.99327,3.92327,4.01327,3.89327,4.844,0.0008,193419235,1210340738.0,-0.2542413818527532,3.93327
HK.00939,建设银行,2021-06-11,3.94327,3.94327,3.97327,3.91327,4.86,0.00059,142951937,894148527.0,0.5097788324535404,3.92327
HK.00939,建设银行,2021-06-15,3.89327,3.86327,3.92327,3.84327,4.798,0.00108,259689995,1604978108.0,-2.028773074123762,3.94327
HK.00939,建设银行,2021-06-16,3.85327,3.92327,3.97327,3.84327,4.844,0.00091,219125498,1368291188.0,1.553088445798509,3.86327
HK.00939,建设银行,2021-06-17,3.86327,3.88327,3.89327,3.85327,4.813,0.00098,235281847,1456854268.0,-1.0195576649070808,3.92327
HK.00939,建设银行,2021-06-18,3.84327,3.88327,3.89327,3.84327,4.813,0.00148,356723987,2207581388.0,0.0,3.88327
HK.00939,建设银行,2021-06-21,3.78327,3.82327,3.86327,3.78327,4.767,0.00079,188914660,1160527126.0,-1.545089576568203,3.88327
HK.00939,建设银行,2021-06-22,3.82327,3.82327,3.85327,3.81327,4.767,0.00065,157380044,967451826.0,0.0,3.82327
HK.00939,建设银行,2021-06-23,3.83327,3.85327,3.89327,3.81327,4.79,0.00076,182443397,1124477306.0,0.7846686213633944,3.82327
HK.00939,建设银行,2021-06-24,3.83327,3.85327,3.88327,3.83327,4.79,0.00057,137101920,845896872.0,0.0,3.85327
HK.00939,建设银行,2021-06-25,3.82327,3.88327,3.90327,3.82327,4.813,0.00091,218182312,1349898988.0,0.7785595091960803,3.85327
HK.00939,建设银行,2021-06-28,3.86327,3.84327,3.90327,3.82327,4.782,0.00065,155593022,959025116.0,-1.0300597177121351,3.88327
HK.00939,建设银行,2021-06-29,3.84327,3.79327,3.85327,3.79327,4.743,0.00123,294848421,1806146748.0,-1.3009754714084574,3.84327
HK.00939,建设银行,2021-06-30,3.80327,3.79327,3.84327,3.79327,4.743,0.00094,226496360,1386796136.0,0.0,3.79327
HK.00939,建设银行,2021-07-02,3.79327,3.75327,3.81327,3.74327,4.712,0.00139,334208133,2034805866.0,-1.0544991524463072,3.79327
HK.00939,建设银行,2021-07-05,3.75327,3.80327,3.83327,3.75327,4.751,0.00078,188647945,1155594411.0,1.3321716796286922,3.75327
HK.00939,建设银行,2021-07-06,3.80327,3.82327,3.85327,3.79327,4.767,0.00109,262663934,1614100541.0,0.525863270291092,3.80327
HK.00939,建设银行,2021-07-07,3.82411,3.78411,3.85411,3.74411,4.433,0.00123,296741096,1695779598.0,-1.024254107086339,3.82327
HK.00939,建设银行,2021-07-08,3.78411,3.67411,3.79411,3.67411,4.347,0.00156,375793101,2112853854.0,-2.906892241504604,3.78411
HK.00939,建设银行,2021-07-09,3.66411,3.62411,3.70411,3.62411,4.309,0.00144,346136548,1929070565.0,-1.3608737898429897,3.67411
HK.00939,建设银行,2021-07-12,3.70411,3.61411,3.74411,3.59411,4.301,0.00109,262126752,1458291463.0,-0.2759298144923798,3.62411
HK.00939,建设银行,2021-07-13,3.61411,3.62411,3.66411,3.60411,4.309,0.00098,236102581,1312329628.0,0.2766932937846326,3.61411
HK.00939,建设银行,2021-07-14,3.61411,3.53411,3.62411,3.52411,4.239,0.00125,299497848,1640959700.0,-2.4833683304314675,3.62411
HK.00939,建设银行,2021-07-15,3.49411,3.65411,3.72411,3.49411,4.332,0.00122,292986756,1637608811.0,3.3954800501399247,3.53411
HK.00939,建设银行,2021-07-16,3.65411,3.65411,3.69411,3.61411,4.332,0.00092,221029293,1234553710.0,0.0,3.65411
HK.00939,建设银行,2021-07-19,3.60411,3.60411,3.63411,3.51411,4.293,0.00095,227342234,1251107769.0,-1.3683222453620791,3.65411
HK.00939,建设银行,2021-07-20,3.59411,3.53411,3.61411,3.50411,4.239,0.00102,244970778,1336965298.0,-1.9422270685411889,3.60411
HK.00939,建设银行,2021-07-21,3.52411,3.50411,3.54411,3.46411,4.215,0.00082,197953060,1072963973.0,-0.8488700125349875,3.53411
HK.00939,建设银行,2021-07-22,3.54411,3.55411,3.59411,3.53411,4.254,0.00058,139923105,768106141.0,1.4268958451646858,3.50411
HK.00939,建设银行,2021-07-23,3.56411,3.53411,3.56411,3.52411,4.239,0.00041,97759389,534893127.0,-0.5627287844214168,3.55411
HK.00939,建设银行,2021-07-26,3.53411,3.50411,3.54411,3.45411,4.215,0.00125,300197197,1629160256.0,-0.8488700125349875,3.53411
HK.00939,建设银行,2021-07-27,3.54411,3.59411,3.64411,3.52411,4.285,0.00221,531967147,2936038730.0,2.568412521296429,3.50411
HK.00939,建设银行,2021-07-28,3.68411,3.63411,3.68411,3.56411,4.316,0.0016,384898080,2140613940.0,1.1129319915083298,3.59411
HK.00939,建设银行,2021-07-29,3.62411,3.48411,3.62411,3.46411,4.2,0.00187,448979387,2437894172.0,-4.127558054104041,3.63411
HK.00939,建设银行,2021-07-30,3.44411,3.49411,3.55411,3.41411,4.208,0.00112,268602680,1450981180.0,0.2870173444581322,3.48411
HK.00939,建设银行,2021-08-02,3.49411,3.52411,3.60411,3.47411,4.231,0.00065,156912992,857655824.0,0.8585877376499252,3.49411
HK.00939,建设银行,2021-08-03,3.52411,3.56411,3.58411,3.47411,4.262,0.00085,204817263,1116751188.0,1.1350383501082553,3.52411
HK.00939,建设银行,2021-08-04,3.58411,3.56411,3.62411,3.54411,4.262,0.00076,182034652,1002015924.0,0.0,3.56411
HK.00939,建设银行,2021-08-05,3.57411,3.55411,3.57411,3.51411,4.254,0.00059,141340803,773525727.0,-0.2805749541961327,3.56411
HK.00939,建设银行,2021-08-06,3.51411,3.52411,3.56411,3.48411,4.231,0.00063,152271601,829702255.0,-0.8440931766321315,3.55411
HK.00939,建设银行,2021-08-09,3.52411,3.59411,3.63411,3.51411,4.285,0.0008,192975331,1066504808.0,1.9863171126894532,3.52411
HK.00939,建设银行,2021-08-10,3.59411,3.56411,3.59411,3.52411,4.262,0.00092,221329286,1212489868.0,-0.8346989936312535,3.59411
HK.00939,建设银行,2021-08-11,3.56411,3.69411,3.70411,3.53411,4.363,0.00169,405675509,2268729187.0,3.6474744045498007,3.56411
HK.00939,建设银行,2021-08-12,3.67411,3.67411,3.71411,3.64411,4.347,0.00066,157734998,883863269.0,-0.5414023946227798,3.69411
HK.00939,建设银行,2021-08-13,3.68411,3.67411,3.69411,3.61411,4.347,0.00048,114345496,639381988.0,0.0,3.67411
HK.00939,建设银行,2021-08-16,3.71411,3.71411,3.74411,3.67411,4.378,0.00084,202650099,1141994863.0,1.0886990318743748,3.67411
HK.00939,建设银行,2021-08-17,3.75411,3.71411,3.77411,3.67411,4.378,0.00112,270271638,1527228208.0,0.0,3.71411
HK.00939,建设银行,2021-08-18,3.75411,3.77411,3.78411,3.73411,4.425,0.00075,180521048,1027769324.0,1.6154610391183906,3.71411
HK.00939,建设银行,2021-08-19,3.74411,3.74411,3.76411,3.66411,4.402,0.00099,236966924,1334129730.0,-0.7948893911412175,3.77411
HK.00939,建设银行,2021-08-20,3.80411,3.70411,3.82411,3.69411,4.371,0.00105,251547192,1426761974.0,-1.0683446800441234,3.74411
HK.00939,建设银行,2021-08-23,3.77411,3.74411,3.81411,3.73411,4.402,0.00086,207315622,1180638853.0,1.0798815369953925,3.70411
HK.00939,建设银行,2021-08-24,3.78411,3.73411,3.79411,3.67411,4.394,0.00077,185375541,1048842726.0,-0.2670861700110368,3.74411
HK.00939,建设银行,2021-08-25,3.68411,3.68411,3.72411,3.64411,4.355,0.00065,156831833,878475570.0,-1.3390071529762066,3.73411
HK.00939,建设银行,2021-08-26,3.63411,3.66411,3.70411,3.61411,4.34,0.00057,137559018,767213856.0,-0.542871955506215,3.68411
HK.00939,建设银行,2021-08-27,3.66411,3.71411,3.72411,3.65411,4.378,0.00045,108057852,608145352.0,1.3645878535305933,3.66411
HK.00939,建设银行,2021-08-30,3.68411,3.65411,3.72411,3.61411,4.332,0.00081,193828100,1080646132.0,-1.6154610391183786,3.71411
HK.00939,建设银行,2021-08-31,3.65411,3.69411,3.70411,3.61411,4.363,0.00124,298748539,1673656716.0,1.0946577962896462,3.65411
HK.00939,建设银行,2021-09-01,3.69411,3.74411,3.76411,3.67411,4.402,0.0008,192143279,1085006761.0,1.3535059865569858,3.69411
HK.00939,建设银行,2021-09-02,3.76411,3.73411,3.77411,3.65411,4.394,0.00095,229280100,1290797342.0,-0.2670861700110368,3.74411
HK.00939,建设银行,2021-09-03,3.76411,3.74411,3.76411,3.68411,4.402,0.00098,234462656,1326576944.0,0.2678014305952484,3.73411
HK.00939,建设银行,2021-09-06,3.74411,3.79411,3.80411,3.73411,4.44,0.001,239252715,1362364965.0,1.3354308500551486,3.74411
HK.00939,建设银行,2021-09-07,3.75411,3.78411,3.81411,3.73411,4.433,0.0009,216073720,1232226570.0,-0.2635664226920091,3.79411
HK.00939,建设银行,2021-09-08,3.72411,3.74411,3.81411,3.72411,4.402,0.00083,199796130,1135415353.0,-1.0570517241834947,3.78411
HK.00939,建设银行,2021-09-09,3.78411,3.75411,3.78411,3.69411,4.409,0.00089,213604920,1211849080.0,0.2670861700110249,3.74411
HK.00939,建设银行,2021-09-10,3.71411,3.84411,3.85411,3.71411,4.479,0.00102,245181892,1407024343.0,2.397372479762189,3.75411
HK.00939,建设银行,2021-09-13,3.77411,3.87411,3.87411,3.76411,4.503,0.00079,190161693,1097759423.0,0.7804147123781526,3.84411
HK.00939,建设银行,2021-09-14,3.87411,3.73411,3.91411,3.72411,4.394,0.00123,295718068,1687194182.0,-3.613733218726368,3.87411
HK.00939,建设银行,2021-09-15,3.75411,3.75411,3.81411,3.69411,4.409,0.00111,266194530,1511996817.0,0.5356028611904851,3.73411
HK.00939,建设银行,2021-09-16,3.78411,3.73411,3.78411,3.64411,4.394,0.00116,279417038,1573546620.0,-0.5327494399471517,3.75411
HK.00939,建设银行,2021-09-17,3.68411,3.72411,3.73411,3.62411,4.386,0.00155,373588536,2099528405.0,-0.2678014305952365,3.73411
HK.00939,建设银行,2021-09-20,3.62411,3.49411,3.64411,3.47411,4.208,0.00142,341127917,1860811193.0,-6.175972245717768,3.72411
HK.00939,建设银行,2021-09-21,3.47411,3.47411,3.58411,3.43411,4.192,0.00101,243144424,1316664782.0,-0.5723918250999545,3.49411
HK.00939,建设银行,2021-09-23,3.49411,3.55411,3.66411,3.49411,4.254,0.00114,275155004,1511194266.0,2.3027480419445574,3.47411
HK.00939,建设银行,2021-09-24,3.55411,3.49411,3.59411,3.47411,4.208,0.00075,180417176,981756607.0,-1.6881863532642505,3.55411
HK.00939,建设银行,2021-09-27,3.47411,3.48411,3.61411,3.47411,4.2,0.00086,205575806,1118607292.0,-0.2861959125499835,3.49411
HK.00939,建设银行,2021-09-28,3.48411,3.48411,3.54411,3.46411,4.2,0.00101,243984178,1324346629.0,0.0,3.48411
HK.00939,建设银行,2021-09-29,3.47411,3.64411,3.66411,3.44411,4.324,0.00147,352915503,1953314699.0,4.592277511330014,3.48411
HK.00939,建设银行,2021-09-30,3.61411,3.65411,3.67411,3.58411,4.332,0.00072,173114059,962759023.0,0.2744154265376246,3.64411
HK.00939,建设银行,2021-10-04,3.57411,3.55411,3.59411,3.50411,4.254,0.0007,169062627,925097837.0,-2.736644490724146,3.65411
HK.00939,建设银行,2021-10-05,3.50411,3.61411,3.65411,3.50411,4.301,0.00062,149714880,825873181.0,1.6881863532642505,3.55411
HK.00939,建设银行,2021-10-06,3.61411,3.57411,3.63411,3.50411,4.27,0.0007,167169951,917725703.0,-1.1067731751385552,3.61411
HK.00939,建设银行,2021-10-07,3.62411,3.59411,3.66411,3.56411,4.285,0.00084,200867874,1111093753.0,0.5595798674355299,3.57411
HK.00939,建设银行,2021-10-08,3.57411,3.56411,3.60411,3.51411,4.262,0.0011,263463324,1443941667.0,-0.8346989936312535,3.59411
HK.00939,建设银行,2021-10-11,3.56411,3.54411,3.61411,3.52411,4.246,0.00106,254604273,1396582428.0,-0.561149908392278,3.56411
HK.00939,建设银行,2021-10-12,3.50411,3.56411,3.59411,3.50411,4.262,0.00086,206944943,1133389145.0,0.5643165703096128,3.54411
HK.00939,建设银行,2021-10-15,3.56411,3.54411,3.56411,3.47411,4.246,0.00121,291134867,1585058126.0,-0.561149908392278,3.56411
HK.00939,建设银行,2021-10-18,3.54411,3.50411,3.55411,3.46411,4.215,0.00096,230246271,1247194237.0,-1.1286331406192256,3.54411
HK.00939,建设银行,2021-10-19,3.48411,3.54411,3.57411,3.48411,4.246,0.00082,198213822,1082145173.0,1.1415166761317437,3.50411
HK.00939,建设银行,2021-10-20,3.53411,3.53411,3.54411,3.48411,4.239,0.00083,200674484,1090638313.0,-0.2821582851548001,3.54411
HK.00939,建设银行,2021-10-21,3.50411,3.53411,3.55411,3.49411,4.239,0.00085,204858391,1116833183.0,0.0,3.53411
HK.00939,建设银行,2021-10-22,3.54411,3.50411,3.57411,3.49411,4.215,0.00108,260671068,1418991469.0,-0.8488700125349875,3.53411
HK.00939,建设银行,2021-10-25,3.50411,3.49411,3.52411,3.47411,4.208,0.00066,158659366,858560850.0,-0.2853791690329295,3.50411
HK.00939,建设银行,2021-10-26,3.48411,3.46411,3.49411,3.42411,4.184,0.00088,211742619,1141092425.0,-0.8585877376499381,3.49411
HK.00939,建设银行,2021-10-27,3.46411,3.42411,3.47411,3.40411,4.153,0.00103,246931908,1321138602.0,-1.1546977434319232,3.46411
HK.00939,建设银行,2021-10-28,3.39411,3.40411,3.43411,3.37411,4.138,0.00119,285745661,1520013155.0,-0.5840933848503703,3.42411
HK.00939,建设银行,2021-10-29,3.37411,3.36411,3.40411,3.35411,4.107,0.00129,309951240,1640796422.0,-1.175050159953704,3.40411
HK.00939,建设银行,2021-11-01,3.37411,3.40411,3.41411,3.33411,4.138,0.00097,232745878,1238272812.0,1.1890217620708012,3.36411
HK.00939,建设银行,2021-11-02,3.47411,3.37411,3.47411,3.35411,4.114,0.00139,334150032,1776151928.0,-0.8812876199652845,3.40411
HK.00939,建设银行,2021-11-03,3.35411,3.36411,3.40411,3.34411,4.107,0.00085,204553231,1082388924.0,-0.2963744513367907,3.37411
HK.00939,建设银行,2021-11-04,3.33411,3.32411,3.35411,3.30411,4.076,0.00135,323945084,1700710994.0,-1.1890217620708012,3.36411
HK.00939,建设银行,2021-11-05,3.32411,3.24411,3.32411,3.23411,4.013,0.00135,324089753,1680117429.0,-2.4066592260785615,3.32411
HK.00939,建设银行,2021-11-08,3.25411,3.33411,3.34411,3.25411,4.083,0.00114,274570340,1439705506.0,2.7742585793946524,3.24411
HK.00939,建设银行,2021-11-09,3.36411,3.29411,3.36411,3.27411,4.052,0.00066,158845045,830155063.0,-1.1997204651316251,3.33411
HK.00939,建设银行,2021-11-10,3.25411,3.26411,3.29411,3.22411,4.029,0.00111,266635370,1380479278.0,-0.910716399877351,3.29411
HK.00939,建设银行,2021-11-11,3.24411,3.30411,3.32411,3.23411,4.06,0.00107,257890575,1346523404.0,1.2254488972491746,3.26411
HK.00939,建设银行,2021-11-12,3.34411,3.31411,3.34411,3.26411,4.068,0.00087,209671940,1095110170.0,0.3026533620248656,3.30411
HK.00939,建设银行,2021-11-15,3.31411,3.31411,3.33411,3.27411,4.068,0.00054,129293196,675546350.0,0.0,3.31411
HK.00939,建设银行,2021-11-16,3.30411,3.34411,3.34411,3.29411,4.091,0.00094,226114435,1186863793.0,0.9052204060818816,3.31411
HK.00939,建设银行,2021-11-17,3.30411,3.31411,3.33411,3.29411,4.068,0.00069,164807538,863024145.0,-0.8970996767450905,3.34411
HK.00939,建设银行,2021-11-18,3.28411,3.29411,3.30411,3.26411,4.052,0.00084,201539940,1049976849.0,-0.60348027072125,3.31411
HK.00939,建设银行,2021-11-19,3.29411,3.28411,3.32411,3.25411,4.045,0.00085,203546811,1059207556.0,-0.3035721332924458,3.29411
HK.00939,建设银行,2021-11-22,3.28411,3.27411,3.30411,3.26411,4.037,0.0008,192644137,1002181560.0,-0.3044964998127417,3.28411
HK.00939,建设银行,2021-11-23,3.26411,3.26411,3.32411,3.25411,4.029,0.00085,204507725,1065094718.0,-0.3054265128538683,3.27411
HK.00939,建设银行,2021-11-24,3.30411,3.27411,3.30411,3.24411,4.037,0.00071,169546860,881115484.0,0.3063622243122868,3.26411
HK.00939,建设银行,2021-11-25,3.26411,3.24411,3.26411,3.22411,4.013,0.00066,158038427,816986637.0,-0.9162795385616184,3.27411
HK.00939,建设银行,2021-11-26,3.22411,3.17411,3.23411,3.15411,3.959,0.00136,326103016,1667739433.0,-2.1577566728625057,3.24411
HK.00939,建设银行,2021-11-29,3.18411,3.14411,3.20411,3.14411,3.936,0.00095,229410054,1167381177.0,-0.9451468285598246,3.17411
HK.00939,建设银行,2021-11-30,3.14411,3.15411,3.17411,3.10411,3.944,0.00179,430891569,2185933139.0,0.3180550298812774,3.14411
HK.00939,建设银行,2021-12-01,3.19411,3.20411,3.28411,3.15411,3.982,0.00131,314817859,1621864231.0,1.5852332353659138,3.15411
HK.00939,建设银行,2021-12-02,3.19411,3.33411,3.34411,3.17411,4.083,0.00194,465330827,2429118784.0,4.057288919543957,3.20411
HK.00939,建设银行,2021-12-03,3.35411,3.40411,3.41411,3.29411,4.138,0.00186,447796501,2370851916.0,2.099510813980351,3.33411
HK.00939,建设银行,2021-12-06,3.41411,3.40411,3.42411,3.35411,4.138,0.00146,351350705,1869710192.0,0.0,3.40411
HK.00939,建设银行,2021-12-07,3.43411,3.40411,3.43411,3.33411,4.138,0.00124,299231735,1589644272.0,0.0,3.40411
HK.00939,建设银行,2021-12-08,3.38411,3.34411,3.41411,3.32411,4.091,0.00129,311117449,1642473151.0,-1.762575239930556,3.40411
HK.00939,建设银行,2021-12-09,3.38411,3.40411,3.42411,3.35411,4.138,0.00122,293156407,1560850273.0,1.794199353490168,3.34411
HK.00939,建设银行,2021-12-10,3.36411,3.37411,3.42411,3.35411,4.114,0.00113,272072706,1444489970.0,-0.8812876199652845,3.40411
HK.00939,建设银行,2021-12-13,3.42411,3.38411,3.45411,3.35411,4.122,0.00103,248644486,1324479452.0,0.2963744513368038,3.37411
HK.00939,建设银行,2021-12-14,3.36411,3.36411,3.41411,3.33411,4.107,0.00098,234433847,1241131897.0,-0.5909973375569948,3.38411
HK.00939,建设银行,2021-12-15,3.36411,3.35411,3.40411,3.32411,4.099,0.00102,245018485,1295089220.0,-0.2972554405177069,3.36411
HK.00939,建设银行,2021-12-16,3.30411,3.31411,3.37411,3.28411,4.068,0.0009,216048074,1137031169.0,-1.1925667315621742,3.35411
HK.00939,建设银行,2021-12-17,3.29411,3.38411,3.39411,3.29411,4.122,0.00166,399589609,2108598994.0,2.112180947524382,3.31411
HK.00939,建设银行,2021-12-20,3.33411,3.34411,3.40411,3.32411,4.091,0.00087,209185559,1105569195.0,-1.1819946751139896,3.38411
HK.00939,建设银行,2021-12-21,3.37411,3.33411,3.42411,3.32411,4.083,0.00112,269241188,1427095476.0,-0.2990332255817012,3.34411
HK.00939,建设银行,2021-12-22,3.34411,3.34411,3.38411,3.28411,4.091,0.00084,203087819,1071289839.0,0.299930116282913,3.33411
HK.00939,建设银行,2021-12-23,3.38411,3.41411,3.46411,3.36411,4.145,0.00118,283171258,1513865517.0,2.093232579071856,3.34411
HK.00939,建设银行,2021-12-24,3.45411,3.43411,3.45411,3.41411,4.161,0.0004,96923919,519652848.0,0.5858042066600085,3.41411
HK.00939,建设银行,2021-12-28,3.43411,3.47411,3.50411,3.43411,4.192,0.001,240704278,1300092496.0,1.1647850534781947,3.43411
HK.00939,建设银行,2021-12-29,3.49411,3.48411,3.51411,3.47411,4.2,0.00036,87377081,473063817.0,0.2878435052430633,3.47411
HK.00939,建设银行,2021-12-30,3.50411,3.47411,3.51411,3.45411,4.192,0.00063,151293746,817893917.0,-0.2870173444581195,3.48411
HK.00939,建设银行,2021-12-31,3.47411,3.47411,3.50411,3.45411,4.192,0.00037,90156216,487581628.0,0.0,3.47411
HK.00939,建设银行,2022-01-03,3.52411,3.51411,3.53411,3.48411,4.223,0.00036,87016109,473103268.0,1.1513740209722787,3.47411
HK.00939,建设银行,2022-01-04,3.53411,3.58411,3.59411,3.51411,4.277,0.00092,221520727,1215897287.0,1.9919695171750411,3.51411
HK.00939,建设银行,2022-01-05,3.62411,3.68411,3.69411,3.60411,4.355,0.00161,387560063,2169365794.0,2.7900929379957673,3.58411
HK.00939,建设银行,2022-01-06,3.68411,3.62411,3.69411,3.58411,4.309,0.001,241327639,1341462774.0,-1.628615866518645,3.68411
HK.00939,建设银行,2022-01-07,3.56411,3.68411,3.69411,3.55411,4.355,0.00118,283002136,1578695620.0,1.6555788869543158,3.62411
HK.00939,建设银行,2022-01-10,3.72411,3.82411,3.86411,3.69411,4.464,0.00206,495256484,2837319258.0,3.8001036885435058,3.68411
HK.00939,建设银行,2022-01-11,3.81411,3.93411,3.94411,3.79411,4.549,0.0022,528215375,3074983984.0,2.876486293542808,3.82411
HK.00939,建设银行,2022-01-12,3.95411,3.87411,3.95411,3.84411,4.503,0.00149,357056162,2075944814.0,-1.5251225817275078,3.93411
HK.00939,建设银行,2022-01-13,3.87411,3.96411,3.96411,3.84411,4.572,0.00113,271014334,1589376313.0,2.323114212038374,3.87411
HK.00939,建设银行,2022-01-14,3.97411,3.96411,4.00411,3.92411,4.572,0.00098,235531191,1384190136.0,0.0,3.96411
HK.00939,建设银行,2022-01-17,3.96411,3.92411,3.97411,3.89411,4.541,0.00058,139970360,818352933.0,-1.0090537346339934,3.96411
HK.00939,建设银行,2022-01-18,3.90411,3.94411,3.96411,3.88411,4.557,0.00077,185120122,1082192500.0,0.5096697085453663,3.92411
HK.00939,建设银行,2022-01-19,3.94411,3.93411,3.97411,3.90411,4.549,0.00057,138168597,809686622.0,-0.2535426243182819,3.94411
HK.00939,建设银行,2022-01-20,3.92411,3.94411,3.97411,3.88411,4.557,0.00095,229040610,1340909726.0,0.254187096954579,3.93411
HK.00939,建设银行,2022-01-21,3.95411,3.97411,3.97411,3.91411,4.58,0.00077,185730458,1090796238.0,0.7606278729548681,3.94411
HK.00939,建设银行,2022-01-24,3.97411,4.01411,4.04411,3.94411,4.611,0.00083,200477395,1188903002.0,1.0065146661768192,3.97411
HK.00939,建设银行,2022-01-25,3.90411,3.99411,4.01411,3.90411,4.596,0.00121,291262772,1719399657.0,-0.4982424497584664,4.01411
HK.00939,建设银行,2022-01-26,4.02411,4.01411,4.03411,3.99411,4.611,0.00118,282696264,1678586526.0,0.5007373357268472,3.99411
HK.00939,建设银行,2022-01-27,3.96411,4.02411,4.02411,3.90411,4.619,0.00086,205730617,1218079580.0,0.2491212248792553,4.01411
HK.00939,建设银行,2022-01-28,4.00411,4.03411,4.06411,3.96411,4.627,0.00131,315692635,1882882447.0,0.2485021532711527,4.02411
HK.00939,建设银行,2022-01-31,4.03411,4.03411,4.07411,3.97411,4.627,0.00084,202520716,1208741353.0,0.0,4.03411
HK.00939,建设银行,2022-02-04,4.10411,4.13411,4.15411,4.04411,4.704,0.00096,229900912,1388994794.0,2.478861508486373,4.03411
HK.00939,建设银行,2022-02-07,4.17411,4.23411,4.24411,4.10411,4.782,0.00159,381243753,2337761441.0,2.4189003195367453,4.13411
HK.00939,建设银行,2022-02-08,4.25411,4.22411,4.27411,4.20411,4.774,0.00112,268902836,1655794911.0,-0.2361771423038295,4.23411
HK.00939,建设银行,2022-02-09,4.28411,4.24411,4.30411,4.21411,4.79,0.00135,324699719,2004356893.0,0.4734725184713576,4.22411
HK.00939,建设银行,2022-02-10,4.27411,4.23411,4.27411,4.16411,4.782,0.0012,289276504,1772636036.0,-0.2356206601619606,4.24411
HK.00939,建设银行,2022-02-11,4.19411,4.25411,4.25411,4.15411,4.798,0.00142,340989006,2097732898.0,0.4723542846076169,4.23411
HK.00939,建设银行,2022-02-14,4.22411,4.21411,4.24411,4.18411,4.767,0.00068,163582269,1004401398.0,-0.9402671769183222,4.25411
HK.00939,建设银行,2022-02-15,4.17411,4.03411,4.21411,3.96411,4.627,0.00162,389616940,2322748068.0,-4.27136453486026,4.21411
HK.00939,建设银行,2022-02-16,4.03411,4.07411,4.08411,3.99411,4.658,0.00073,175630770,1050335938.0,0.991544603394554,4.03411
HK.00939,建设银行,2022-02-17,4.09411,4.07411,4.13411,4.02411,4.658,0.00079,190232397,1140384758.0,0.0,4.07411
HK.00939,建设银行,2022-02-18,4.05411,4.08411,4.14411,4.03411,4.666,0.00097,234019466,1406685955.0,0.2454523810108167,4.07411
HK.00939,建设银行,2022-02-21,4.07411,4.12411,4.14411,4.00411,4.697,0.00073,175821708,1057592701.0,0.9794055498015488,4.08411
HK.00939,建设银行,2022-02-22,4.03411,4.01411,4.06411,3.97411,4.611,0.00097,233615639,1387121008.0,-2.667242144365701,4.12411
HK.00939,建设银行,2022-02-23,4.07411,4.01411,4.07411,3.97411,4.611,0.00067,159961639,947942792.0,0.0,4.01411
HK.00939,建设银行,2022-02-24,3.97411,3.91411,3.99411,3.84411,4.534,0.00134,321974420,1872997168.0,-2.491212248792376,4.01411
HK.00939,建设银行,2022-02-25,3.87411,3.82411,3.88411,3.80411,4.464,0.00112,270425963,1556008829.0,-2.2993732930346837,3.91411
HK.00939,建设银行,2022-02-28,3.85411,3.93411,3.98411,3.79411,4.549,0.00179,429153705,2504326241.0,2.876486293542808,3.82411
HK.00939,建设银行,2022-03-01,3.96411,3.93411,4.02411,3.85411,4.549,0.00106,254709084,1494388618.0,0.0,3.93411
HK.00939,建设银行,2022-03-02,3.93411,3.87411,3.96411,3.81411,4.503,0.00121,290382441,1686502406.0,-1.5251225817275078,3.93411
HK.00939,建设银行,2022-03-03,3.89411,3.90411,3.94411,3.86411,4.526,0.00078,187448813,1092116420.0,0.7743714040127991,3.87411
HK.00939,建设银行,2022-03-04,3.84411,3.88411,3.91411,3.82411,4.51,0.0009,215607170,1251058696.0,-0.5122806478301076,3.90411
HK.00939,建设银行,2022-03-07,3.78411,3.76411,3.81411,3.72411,4.417,0.00114,274359274,1563342603.0,-3.08951085319417,3.88411
HK.00939,建设银行,2022-03-08,3.68411,3.67411,3.78411,3.63411,4.347,0.00165,396856463,2231286833.0,-2.391003451014977,3.76411
HK.00939,建设银行,2022-03-09,3.62411,3.59411,3.71411,3.52411,4.285,0.00182,436940704,2415963705.0,-2.1773980637487735,3.67411
HK.00939,建设银行,2022-03-10,3.65411,3.69411,3.70411,3.57411,4.363,0.00137,328950220,1834648040.0,2.782329978770812,3.59411
HK.00939,建设银行,2022-03-11,3.65411,3.69411,3.74411,3.62411,4.363,0.00116,278126910,1560573615.0,0.0,3.69411
HK.00939,建设银行,2022-03-14,3.67411,3.70411,3.72411,3.61411,4.371,0.0019,456714978,2559966032.0,0.2707011973114019,3.69411
HK.00939,建设银行,2022-03-15,3.70411,3.56411,3.70411,3.42411,4.262,0.00235,566144787,3096333340.0,-3.779585379483874,3.70411
HK.00939,建设银行,2022-03-16,3.57411,3.49411,3.58411,3.43411,4.208,0.0025,600864761,3258736002.0,-1.9640246793729663,3.56411
HK.00939,建设银行,2022-03-17,3.56411,3.71411,3.72411,3.52411,4.378,0.00227,545026060,3027477893.0,6.296310076099486,3.49411
HK.00939,建设银行,2022-03-18,3.65411,3.79411,3.84411,3.65411,4.44,0.00251,602424208,3433990673.0,2.1539480521578542,3.71411
HK.00939,建设银行,2022-03-21,3.82411,3.69411,3.83411,3.65411,4.363,0.00126,303850632,1714103189.0,-2.6356642269201496,3.79411
HK.00939,建设银行,2022-03-22,3.73411,3.75411,3.78411,3.69411,4.409,0.00094,225609794,1277203095.0,1.6242071838683758,3.69411
HK.00939,建设银行,2022-03-23,3.69411,3.71411,3.75411,3.69411,4.378,0.00141,338679660,1913679413.0,-1.0654988798943037,3.75411
HK.00939,建设银行,2022-03-24,3.66411,3.73411,3.78411,3.66411,4.394,0.0011,264597148,1499399399.0,0.5384870130394636,3.71411
HK.00939,建设银行,2022-03-25,3.75411,3.76411,3.81411,3.72411,4.417,0.00131,314052583,1787897537.0,0.8034042917857334,3.73411
HK.00939,建设银行,2022-03-28,3.75411,3.80411,3.81411,3.72411,4.448,0.00065,155561533,887264832.0,1.0626682004511037,3.76411
HK.00939,建设银行,2022-03-29,3.77411,3.82411,3.83411,3.75411,4.464,0.00061,147007892,842008913.0,0.5257471524219861,3.80411
HK.00939,建设银行,2022-03-30,3.89411,3.87411,3.92411,3.85411,4.503,0.00113,271963271,1579756364.0,1.3074937697921822,3.82411
HK.00939,建设银行,2022-03-31,3.87411,3.96411,4.02411,3.87411,3.979,0.00128,307315530,1814565970.0,2.323114212038374,3.87411
HK.00939,建设银行,2022-04-01,3.97411,4.00411,4.00411,3.92411,4.006,0.00085,205166469,1212018210.0,1.0090537346340045,3.96411
HK.00939,建设银行,2022-04-04,3.99411,4.02411,4.05411,3.96411,4.02,0.00072,173228763,1028722838.0,0.4994867773362985,4.00411
HK.00939,建设银行,2022-04-06,4.00411,3.98411,4.04411,3.93411,3.993,0.00105,252246513,1494367299.0,-0.9940086130846442,4.02411
HK.00939,建设银行,2022-04-07,3.96411,3.95411,3.99411,3.92411,3.972,0.00073,174436788,1027768235.0,-0.7529912577714925,3.98411
HK.00939,建设银行,2022-04-08,3.96411,3.96411,3.98411,3.93411,3.979,0.00073,175205876,1030550333.0,0.2529014114427718,3.95411
HK.00939,建设银行,2022-04-11,3.95411,3.93411,3.95411,3.88411,3.959,0.00078,188123001,1100321881.0,-0.7567903009754978,3.96411
HK.00939,建设银行,2022-04-12,3.90411,3.90411,3.93411,3.89411,3.939,0.00083,198900847,1160523621.0,-0.7625612908637482,3.93411
HK.00939,建设银行,2022-04-13,3.91411,3.93411,3.96411,3.88411,3.959,0.00084,202504167,1185513297.0,0.7684209717451558,3.90411
HK.00939,建设银行,2022-04-14,3.97411,3.93411,3.97411,3.91411,3.959,0.00085,205477881,1203971395.0,0.0,3.93411
HK.00939,建设银行,2022-04-19,3.87411,3.82411,3.88411,3.73411,3.885,0.00133,320134367,1833154730.0,-2.796058066500425,3.93411
HK.00939,建设银行,2022-04-20,3.75411,3.79411,3.81411,3.74411,3.864,0.00096,230365626,1316471193.0,-0.7844962618753186,3.82411
HK.00939,建设银行,2022-04-21,3.80411,3.79411,3.82411,3.77411,3.864,0.00116,278628077,1592744870.0,0.0,3.79411
HK.00939,建设银行,2022-04-22,3.73411,3.76411,3.79411,3.73411,3.844,0.00167,401921705,2285959730.0,-0.7906992680760391,3.79411
HK.00939,建设银行,2022-04-25,3.71411,3.62411,3.72411,3.61411,3.75,0.00195,469080355,2617601988.0,-3.719338701578862,3.76411
HK.00939,建设银行,2022-04-26,3.64411,3.57411,3.66411,3.56411,3.716,0.00139,333009261,1840440425.0,-1.3796490724619237,3.62411
HK.00939,建设银行,2022-04-27,3.56411,3.55411,3.58411,3.52411,3.702,0.00098,236613944,1297666248.0,-0.5595798674355299,3.57411
HK.00939,建设银行,2022-04-28,3.55411,3.67411,3.67411,3.53411,3.783,0.00155,372627028,2068003038.0,3.3763727065285005,3.55411
HK.00939,建设银行,2022-04-29,3.61411,3.66411,3.71411,3.57411,3.777,0.0011,265500357,1474777712.0,-0.2721747579686027,3.67411
HK.00939,建设银行,2022-05-03,3.64411,3.71411,3.72411,3.59411,3.81,0.00094,225606674,1264959746.0,1.3645878535305933,3.66411
HK.00939,建设银行,2022-05-04,3.71411,3.73411,3.76411,3.70411,3.824,0.00057,138203809,781864563.0,0.5384870130394636,3.71411
HK.00939,建设银行,2022-05-05,3.76411,3.67411,3.79411,3.65411,3.783,0.00101,241818677,1359255446.0,-1.6068085835714432,3.73411
HK.00939,建设银行,2022-05-06,3.62411,3.57411,3.64411,3.57411,3.716,0.00114,273997193,1512515420.0,-2.721747579685967,3.67411
HK.00939,建设银行,2022-05-10,3.52411,3.57411,3.62411,3.50411,3.716,0.00121,291117323,1599798975.0,0.0,3.57411
HK.00939,建设银行,2022-05-11,3.57411,3.57411,3.59411,3.53411,3.716,0.00087,209485672,1150294489.0,0.0,3.57411
HK.00939,建设银行,2022-05-12,3.56411,3.46411,3.57411,3.44411,3.641,0.0014,336216167,1820143965.0,-3.0776892708954207,3.57411
HK.00939,建设银行,2022-05-13,3.45411,3.53411,3.54411,3.45411,3.689,0.00081,194181989,1055479970.0,2.020721051005894,3.46411
HK.00939,建设银行,2022-05-16,3.52411,3.54411,3.55411,3.48411,3.695,0.00049,117360196,638863764.0,0.2829566708449875,3.53411
HK.00939,建设银行,2022-05-17,3.59411,3.56411,3.60411,3.53411,3.709,0.00098,236178255,1296629929.0,0.5643165703096128,3.54411
HK.00939,建设银行,2022-05-18,3.53411,3.56411,3.59411,3.52411,3.709,0.00082,196177334,1074644448.0,0.0,3.56411
HK.00939,建设银行,2022-05-19,3.54411,3.56411,3.57411,3.51411,3.709,0.00103,246969057,1352972262.0,0.0,3.56411
HK.00939,建设银行,2022-05-20,3.62411,3.68411,3.69411,3.60411,3.79,0.00107,257941451,1438108475.0,3.366899450353668,3.56411
HK.00939,建设银行,2022-05-23,3.68411,3.68411,3.71411,3.61411,3.79,0.00076,183060423,1024698045.0,0.0,3.68411
HK.00939,建设银行,2022-05-24,3.68411,3.68411,3.70411,3.63411,3.79,0.00083,198706901,1111508590.0,0.0,3.68411
HK.00939,建设银行,2022-05-25,3.71411,3.73411,3.77411,3.67411,3.824,0.00127,304415346,1723948064.0,1.3571798887655315,3.68411
HK.00939,建设银行,2022-05-26,3.75411,3.75411,3.77411,3.70411,3.837,0.00086,206235817,1169143010.0,0.5356028611904851,3.73411
HK.00939,建设银行,2022-05-27,3.80411,3.88411,3.89411,3.77411,3.925,0.0015,360634589,2082394464.0,3.462871359656492,3.75411
HK.00939,建设银行,2022-05-30,3.91411,3.90411,3.97411,3.84411,3.939,0.00169,406623664,2378418508.0,0.5149184755323618,3.88411
HK.00939,建设银行,2022-05-31,3.90411,3.91411,3.91411,3.85411,3.945,0.00187,449919496,2620576197.0,0.2561403239150481,3.90411
HK.00939,建设银行,2022-06-01,3.92411,3.88411,3.92411,3.85411,3.925,0.00107,256199585,1490865616.0,-0.7664577643448908,3.91411
HK.00939,建设银行,2022-06-02,3.84411,3.81411,3.85411,3.77411,3.878,0.00095,229047314,1314242165.0,-1.802214664363272,3.88411
HK.00939,建设银行,2022-06-06,3.80411,3.89411,3.91411,3.75411,3.932,0.00089,214702900,1235180843.0,2.097474902401873,3.81411
HK.00939,建设银行,2022-06-07,3.80411,3.79411,3.85411,3.77411,3.864,0.00106,255435635,1464828776.0,-2.5679808736784553,3.89411
HK.00939,建设银行,2022-06-08,3.79411,3.72411,3.81411,3.72411,3.817,0.00158,380157582,2156760892.0,-1.8449649588440988,3.79411
HK.00939,建设银行,2022-06-09,3.65411,3.71411,3.75411,3.65411,3.81,0.00145,348016937,1960996256.0,-0.2685205324225179,3.72411
HK.00939,建设银行,2022-06-10,3.67411,3.66411,3.71411,3.64411,3.777,0.00152,364918212,2041014881.0,-1.346217532598653,3.71411
HK.00939,建设银行,2022-06-13,3.58411,3.62411,3.63411,3.58411,3.75,0.00119,286521052,1589771221.0,-1.0916702828244795,3.66411
HK.00939,建设银行,2022-06-14,3.60411,3.61411,3.64411,3.59411,3.743,0.00096,231320187,1282871775.0,-0.2759298144923798,3.62411
HK.00939,建设银行,2022-06-15,3.57411,3.64411,3.64411,3.57411,3.763,0.00112,269272919,1495080844.0,0.8300798813539102,3.61411
HK.00939,建设银行,2022-06-16,3.64411,3.57411,3.65411,3.56411,3.716,0.00114,274916894,1516948788.0,-1.9209079857633231,3.64411
HK.00939,建设银行,2022-06-17,3.57411,3.58411,3.63411,3.56411,3.722,0.00189,453246455,2500563467.0,0.2797899337177587,3.57411
HK.00939,建设银行,2022-06-20,3.56411,3.57411,3.60411,3.55411,3.716,0.00056,135521018,745425902.0,-0.2790092937995705,3.58411
HK.00939,建设银行,2022-06-21,3.58411,3.72411,3.73411,3.57411,3.817,0.00108,260032303,1459194675.0,4.196849005766468,3.57411
HK.00939,建设银行,2022-06-22,3.65411,3.64411,3.72411,3.64411,3.763,0.00117,280532891,1572795355.0,-2.1481642593800956,3.72411
HK.00939,建设银行,2022-06-23,3.66411,3.66411,3.70411,3.64411,3.777,0.00081,193967615,1084863522.0,0.548830853075237,3.64411
HK.00939,建设银行,2022-06-24,3.64411,3.66411,3.70411,3.64411,3.777,0.00112,268880915,1501292184.0,0.0,3.66411
HK.00939,建设银行,2022-06-27,3.67411,3.68411,3.72411,3.63411,3.79,0.00116,279358940,1566218538.0,0.5458351414122398,3.66411
HK.00939,建设银行,2022-06-28,3.67411,3.76411,3.76411,3.67411,3.844,0.00164,395075000,2240354715.0,2.17148782202486,3.68411
HK.00939,建设银行,2022-06-29,3.73006,3.72006,3.79006,3.72006,3.527,0.0019,456546079,2399313622.0,-1.1702633557467748,3.76411
HK.00939,建设银行,2022-06-30,3.69006,3.77006,3.78006,3.69006,3.56,0.00218,524256377,2744588106.0,1.3440643430482255,3.72006
HK.00939,建设银行,2022-07-04,3.69006,3.74006,3.76006,3.69006,3.54,0.00088,212698495,1112500141.0,-0.7957433038200932,3.77006
HK.00939,建设银行,2022-07-05,3.79006,3.77006,3.84006,3.76006,3.56,0.00084,202040494,1067606194.0,0.8021261690988861,3.74006
HK.00939,建设银行,2022-07-06,3.72006,3.69006,3.74006,3.66006,3.506,0.00094,224928456,1167971315.0,-2.121982143520264,3.77006
HK.00939,建设银行,2022-07-07,3.66006,3.71006,3.71006,3.66006,3.52,0.00067,161978909,840035533.0,0.5419966071012401,3.69006
HK.00939,建设银行,2022-07-08,3.77006,3.69006,3.77006,3.67006,3.506,0.0006,145246427,753874085.0,-0.5390748397600044,3.71006
HK.00939,建设银行,2022-07-11,3.66006,3.67006,3.70006,3.65006,3.493,0.00067,160222800,827053687.0,-0.5419966071012401,3.69006
HK.00939,建设银行,2022-07-12,3.66006,3.62006,3.70006,3.62006,3.459,0.00094,227174800,1169773130.0,-1.3623755469937775,3.67006
HK.00939,建设银行,2022-07-13,3.62006,3.56006,3.65006,3.56006,3.418,0.001,240454947,1224042888.0,-1.657431092302339,3.62006
HK.00939,建设银行,2022-07-14,3.55006,3.49006,3.56006,3.48006,3.371,0.00146,351668829,1758599169.0,-1.9662589956349004,3.56006
HK.00939,建设银行,2022-07-15,3.43006,3.40006,3.45006,3.40006,3.31,0.00148,356904637,1754362093.0,-2.578752227755406,3.49006
HK.00939,建设银行,2022-07-18,3.43006,3.55006,3.57006,3.41006,3.412,0.00099,237161007,1190201918.0,4.411686852584965,3.40006
HK.00939,建设银行,2022-07-19,3.49006,3.51006,3.54006,3.47006,3.385,0.0005,120654768,604331360.0,-1.126741519861637,3.55006
HK.00939,建设银行,2022-07-20,3.52006,3.53006,3.57006,3.52006,3.398,0.00052,124262780,626180179.0,0.569790829786386,3.51006
HK.00939,建设银行,2022-07-21,3.49006,3.44006,3.50006,3.43006,3.337,0.00122,294480760,1461298963.0,-2.5495317360044956,3.53006
HK.00939,建设银行,2022-07-22,3.46006,3.47006,3.52006,3.45006,3.358,0.00065,157210355,783302923.0,0.8720778125962992,3.44006
HK.00939,建设银行,2022-07-25,3.49006,3.51006,3.53006,3.48006,3.385,0.00055,131305627,657097152.0,1.152717820441146,3.47006
HK.00939,建设银行,2022-07-26,3.52006,3.52006,3.54006,3.49006,3.391,0.00067,161154397,809117683.0,0.2848954148931866,3.51006
HK.00939,建设银行,2022-07-27,3.52006,3.52006,3.53006,3.47006,3.391,0.00056,134273722,671568043.0,0.0,3.52006
HK.00939,建设银行,2022-07-28,3.48006,3.51006,3.52006,3.47006,3.385,0.00086,205656850,1026830998.0,-0.2840860667147658,3.52006
HK.00939,建设银行,2022-07-29,3.50006,3.51006,3.55006,3.48006,3.385,0.00095,227553037,1138959739.0,0.0,3.51006
HK.00939,建设银行,2022-08-01,3.55006,3.50006,3.55006,3.47006,3.378,0.00125,300680954,1502586909.0,-0.2848954148931993,3.51006
HK.00939,建设银行,2022-08-02,3.47006,3.40006,3.47006,3.38006,3.31,0.00131,315371471,1547749299.0,-2.8570938783906588,3.50006
HK.00939,建设银行,2022-08-03,3.39006,3.33006,3.40006,3.31006,3.263,0.00144,346666963,1679530028.0,-2.058787197872974,3.40006
HK.00939,建设银行,2022-08-04,3.33006,3.36006,3.37006,3.32006,3.283,0.00132,318043696,1540660271.0,0.9008846687447016,3.33006
HK.00939,建设银行,2022-08-05,3.37006,3.39006,3.42006,3.36006,3.304,0.0008,192098805,938137498.0,0.8928411992643062,3.36006
HK.00939,建设银行,2022-08-08,3.42006,3.43006,3.45006,3.40006,3.331,0.00053,128521582,632601804.0,1.1799201194079172,3.39006
HK.00939,建设银行,2022-08-09,3.43006,3.44006,3.50006,3.41006,3.337,0.00056,134409490,665630641.0,0.2915400896777253,3.43006
HK.00939,建设银行,2022-08-10,3.42006,3.37006,3.45006,3.33006,3.29,0.00093,222665510,1085388246.0,-2.0348482293913435,3.44006
HK.00939,建设银行,2022-08-11,3.38006,3.44006,3.44006,3.37006,3.337,0.00058,138273704,678765736.0,2.077114354047104,3.37006
HK.00939,建设银行,2022-08-12,3.44006,3.47006,3.49006,3.43006,3.358,0.0005,119575589,594064928.0,0.8720778125962992,3.44006
HK.00939,建设银行,2022-08-15,3.44006,3.44006,3.46006,3.40006,3.337,0.00044,104943381,518209842.0,-0.864538365330866,3.47006
HK.00939,建设银行,2022-08-16,3.45006,3.40006,3.48006,3.39006,3.31,0.00058,140108917,688207190.0,-1.162770416795057,3.44006
HK.00939,建设银行,2022-08-17,3.45006,3.41006,3.47006,3.41006,3.317,0.00037,89811812,443064890.0,0.2941124568390038,3.40006
HK.00939,建设银行,2022-08-18,3.43006,3.38006,3.44006,3.37006,3.297,0.00044,104642171,511738498.0,-0.8797499164237652,3.41006
HK.00939,建设银行,2022-08-19,3.35006,3.41006,3.43006,3.35006,3.317,0.00041,97377014,477927204.0,0.8875582090258827,3.38006
HK.00939,建设银行,2022-08-22,3.38006,3.40006,3.43006,3.38006,3.31,0.0006,145329265,712496468.0,-0.2932499721412594,3.41006
HK.00939,建设银行,2022-08-23,3.38006,3.34006,3.40006,3.33006,3.27,0.00069,165861151,803663548.0,-1.7646747410339831,3.40006
HK.00939,建设银行,2022-08-24,3.35006,3.31006,3.35006,3.30006,3.25,0.0006,144498440,695365547.0,-0.8981874577103347,3.34006
HK.00939,建设银行,2022-08-25,3.30006,3.37006,3.38006,3.30006,3.29,0.00048,116421882,563834321.0,1.8126559639402324,3.31006
HK.00939,建设银行,2022-08-26,3.39006,3.39006,3.40006,3.34006,3.304,0.0005,120179327,584634042.0,0.5934612440134602,3.37006
HK.00939,建设银行,2022-08-29,3.32006,3.36006,3.39006,3.32006,3.283,0.0005,119497567,580046659.0,-0.8849400895559445,3.39006
HK.00939,建设银行,2022-08-30,3.35006,3.35006,3.37006,3.30006,3.277,0.00076,182798647,884491286.0,-0.2976137330880932,3.36006
HK.00939,建设银行,2022-08-31,3.30006,3.37006,3.37006,3.30006,3.29,0.00128,307235501,1489791977.0,0.5970042327600108,3.35006
HK.00939,建设银行,2022-09-01,3.34006,3.33006,3.34006,3.30006,3.263,0.00106,254106672,1225741646.0,-1.1869224880269205,3.37006
HK.00939,建设银行,2022-09-02,3.32006,3.31006,3.32006,3.29006,3.25,0.00097,233451763,1121482911.0,-0.6005897791631387,3.33006
HK.00939,建设银行,2022-09-05,3.29006,3.27006,3.29006,3.23006,3.222,0.00087,208600165,995613694.0,-1.2084373092934884,3.31006
HK.00939,建设银行,2022-09-06,3.27006,3.25006,3.31006,3.25006,3.209,0.00046,111111690,529567840.0,-0.6116095729130357,3.27006
HK.00939,建设银行,2022-09-07,3.21006,3.23006,3.24006,3.18006,3.195,0.00078,187212995,881044891.0,-0.6153732546476071,3.25006
HK.00939,建设银行,2022-09-08,3.24006,3.19006,3.25006,3.18006,3.168,0.00073,176390916,829721699.0,-1.2383670891562395,3.23006
HK.00939,建设银行,2022-09-09,3.19006,3.30006,3.32006,3.18006,3.243,0.00058,139915901,668447628.0,3.4482110054356445,3.19006
HK.00939,建设银行,2022-09-13,3.26006,3.28006,3.34006,3.26006,3.229,0.0007,167557894,802935081.0,-0.6060495869772069,3.30006
HK.00939,建设银行,2022-09-14,3.20006,3.20006,3.22006,3.19006,3.175,0.00075,180722040,850292616.0,-2.43897977476022,3.28006
HK.00939,建设银行,2022-09-15,3.19006,3.19006,3.22006,3.19006,3.168,0.00055,132894562,624609052.0,-0.3124941407348684,3.20006
HK.00939,建设银行,2022-09-16,3.15006,3.18006,3.21006,3.15006,3.162,0.00125,299640288,1402374880.0,-0.3134737277668691,3.19006
HK.00939,建设银行,2022-09-19,3.17006,3.20006,3.22006,3.15006,3.175,0.00053,126898787,595350176.0,0.6289189512147575,3.18006
HK.00939,建设银行,2022-09-20,3.19006,3.21006,3.24006,3.19006,3.182,0.0005,120622540,568864144.0,0.3124941407348545,3.20006
HK.00939,建设银行,2022-09-21,3.20006,3.17006,3.21006,3.16006,3.155,0.00058,140264999,656450852.0,-1.2460826277390469,3.21006
HK.00939,建设银行,2022-09-22,3.14006,3.15006,3.16006,3.12006,3.141,0.00064,153640414,713477738.0,-0.6309028851188943,3.17006
HK.00939,建设银行,2022-09-23,3.15006,3.17006,3.20006,3.13006,3.155,0.00058,140597218,657192900.0,0.6349085414246084,3.15006
HK.00939,建设银行,2022-09-26,3.16006,3.10006,3.16006,3.09006,3.108,0.0009,217346325,1001670751.0,-2.2081600979161227,3.17006
HK.00939,建设银行,2022-09-27,3.09006,3.06006,3.11006,3.04006,3.081,0.00071,169755370,773963434.0,-1.2902976071430887,3.10006
HK.00939,建设银行,2022-09-28,3.01006,2.95006,3.03006,2.95006,3.006,0.00115,277608942,1240988683.0,-3.594700757501483,3.06006
HK.00939,建设银行,2022-09-29,2.96006,2.91006,3.01006,2.87006,2.979,0.00119,287250756,1275551836.0,-1.3559046256686316,2.95006
HK.00939,建设银行,2022-09-30,2.92006,3.04006,3.05006,2.90006,3.067,0.00095,228525213,1032062947.0,4.467261843398414,2.91006
HK.00939,建设银行,2022-10-03,2.98006,2.96006,3.01006,2.95006,3.013,0.00062,149058674,666628057.0,-2.6315270093353447,3.04006
HK.00939,建设银行,2022-10-05,3.06006,3.18006,3.22006,3.05006,3.162,0.00095,227782928,1059121426.0,7.432281778072072,2.96006
HK.00939,建设银行,2022-10-06,3.20006,3.15006,3.22006,3.14006,3.141,0.00049,117445373,547966425.0,-0.9433784268221432,3.18006
HK.00939,建设银行,2022-10-07,3.12006,3.10006,3.15006,3.09006,3.108,0.00035,85192815,393023893.0,-1.587271353561514,3.15006
HK.00939,建设银行,2022-10-10,3.02006,3.03006,3.06006,2.98006,3.06,0.00081,194807679,882870006.0,-2.258020812500398,3.10006
HK.00939,建设银行,2022-10-11,3.02006,2.98006,3.05006,2.96006,3.027,0.00065,156523798,703628647.0,-1.6501323406137258,3.03006
HK.00939,建设银行,2022-10-12,2.98006,2.96006,3.01006,2.94006,3.013,0.00083,200124872,894278687.0,-0.6711274269645583,2.98006
HK.00939,建设银行,2022-10-13,2.96006,2.91006,2.96006,2.90006,2.979,0.00096,230893839,1020602283.0,-1.689154949561827,2.96006
HK.00939,建设银行,2022-10-14,2.96006,2.91006,3.00006,2.90006,2.979,0.001,240815480,1071989021.0,0.0,2.91006
HK.00939,建设银行,2022-10-17,2.96006,2.92006,2.96006,2.90006,2.986,0.00086,207652081,919579841.0,0.3436355264152556,2.91006
HK.00939,建设银行,2022-10-18,2.95006,2.95006,2.98006,2.90006,3.006,0.00092,220805110,978748770.0,1.0273761498051497,2.92006
HK.00939,建设银行,2022-10-19,2.93006,2.95006,3.00006,2.92006,3.006,0.00077,184546637,821103468.0,0.0,2.95006
HK.00939,建设银行,2022-10-20,2.90006,2.97006,3.00006,2.90006,3.02,0.00067,161760524,719820816.0,0.6779523128343158,2.95006
HK.00939,建设银行,2022-10-21,3.00006,3.02006,3.05006,2.94006,3.054,0.00078,188389748,845735744.0,1.683467674053717,2.97006
HK.00939,建设银行,2022-10-24,2.96006,2.91006,2.98006,2.85006,2.979,0.0013,311752605,1371085902.0,-3.642311742150814,3.02006
HK.00939,建设银行,2022-10-25,2.98006,2.93006,2.98006,2.87006,2.993,0.00126,302644912,1336319693.0,0.6872710528305264,2.91006
HK.00939,建设银行,2022-10-26,2.92006,2.90006,2.97006,2.87006,2.972,0.00093,223050417,984369915.0,-1.0238698183655026,2.93006
HK.00939,建设银行,2022-10-27,2.95006,2.92006,3.00006,2.89006,2.986,0.00102,244593612,1087099438.0,0.6896409039812976,2.90006
HK.00939,建设银行,2022-10-28,2.92006,2.87006,2.94006,2.84006,2.952,0.00094,226926705,993564626.0,-1.7122935830085624,2.92006
HK.00939,建设银行,2022-10-31,2.87006,2.67006,2.87006,2.66006,2.817,0.0017,408151184,1725945038.0,-6.968495432151251,2.87006
HK.00939,建设银行,2022-11-01,2.71006,2.680059999,2.720059999,2.600059999,2.824,0.0017,407606835,1699237623.0,0.3745233814970505,2.67006
HK.00939,建设银行,2022-11-02,2.67006,2.75006,2.79006,2.62006,2.871,0.00082,196656848,831381494.0,2.6118818618284196,2.680059999
HK.00939,建设银行,2022-11-03,2.70006,2.65006,2.76006,2.63006,2.804,0.00097,232987849,974145152.0,-3.636284299251656,2.75006
HK.00939,建设银行,2022-11-04,2.65006,2.770059999,2.85006,2.640059999,2.885,0.00117,281400718,1204569192.0,4.528199323788897,2.65006
HK.00939,建设银行,2022-11-07,2.770059999,2.87006,2.92006,2.74006,2.952,0.00083,199878291,872176279.0,3.6100301450546377,2.770059999
HK.00939,建设银行,2022-11-08,2.90006,2.89006,2.94006,2.85006,2.966,0.00057,136760016,599437341.0,0.696849543215125,2.87006
HK.00939,建设银行,2022-11-09,2.93006,2.95006,2.98006,2.91006,3.006,0.00124,297336458,1322516540.0,2.0760814654367055,2.89006
HK.00939,建设银行,2022-11-10,2.96006,2.89006,2.96006,2.85006,2.966,0.0008,192410820,844372378.0,-2.0338569385029475,2.95006
HK.00939,建设银行,2022-11-11,2.99006,3.09006,3.12006,2.98006,3.101,0.00201,484312856,2206762660.0,6.92027155145567,2.89006
HK.00939,建设银行,2022-11-14,3.26006,3.06006,3.26006,3.04006,3.081,0.00135,324675032,1498992526.0,-0.9708549348556276,3.09006
HK.00939,建设银行,2022-11-15,3.09006,3.15006,3.16006,3.07006,3.141,0.00119,286000333,1320944640.0,2.941118801592121,3.06006
HK.00939,建设银行,2022-11-16,3.09006,3.10006,3.15006,3.06006,3.108,0.00133,320773030,1476856961.0,-1.587271353561514,3.15006
HK.00939,建设银行,2022-11-17,3.06006,3.06006,3.10006,3.02006,3.081,0.00084,202689856,923183639.0,-1.2902976071430887,3.10006
HK.00939,建设银行,2022-11-18,3.06006,3.01006,3.08006,2.97006,3.047,0.00096,230474916,1040445457.0,-1.633954889773397,3.06006
HK.00939,建设银行,2022-11-21,2.97006,3.03006,3.07006,2.94006,3.06,0.00088,211765438,956083537.0,0.6644385826196161,3.01006
HK.00939,建设银行,2022-11-22,3.06006,3.09006,3.12006,3.00006,3.101,0.00106,254564792,1162473402.0,1.9801588087364477,3.03006
HK.00939,建设银行,2022-11-23,3.10006,3.09006,3.15006,3.07006,3.101,0.00081,194176557,894611624.0,0.0,3.09006
HK.00939,建设银行,2022-11-24,3.10006,3.12006,3.14006,3.10006,3.121,0.00083,199869775,924104301.0,0.970854934855642,3.09006
HK.00939,建设银行,2022-11-25,3.14006,3.20006,3.22006,3.10006,3.175,0.00086,207222435,967793306.0,2.5640532553861166,3.12006
HK.00939,建设银行,2022-11-28,3.13006,3.09006,3.14006,3.00006,3.101,0.00115,275847761,1265530665.0,-3.4374355480834833,3.20006
HK.00939,建设银行,2022-11-29,3.13006,3.22006,3.25006,3.12006,3.189,0.00165,397053665,1864551066.0,4.207038051041091,3.09006
HK.00939,建设银行,2022-11-30,3.19006,3.21006,3.24006,3.15006,3.182,0.00189,454529752,2135063751.0,-0.3105532195052338,3.22006
HK.00939,建设银行,2022-12-01,3.20006,3.23006,3.25006,3.17006,3.195,0.00148,355158610,1675597629.0,0.6230413138695233,3.21006
HK.00939,建设银行,2022-12-02,3.21006,3.16006,3.25006,3.15006,3.148,0.00148,355254146,1663020933.0,-2.1671424060234123,3.23006
HK.00939,建设银行,2022-12-05,3.19006,3.21006,3.24006,3.17006,3.182,0.00146,349953485,1645491667.0,1.5822484383207855,3.16006
HK.00939,建设银行,2022-12-06,3.20006,3.25006,3.25006,3.17006,3.209,0.0011,265285183,1255448162.0,1.2460826277390469,3.21006
HK.00939,建设银行,2022-12-07,3.26006,3.17006,3.27006,3.15006,3.155,0.00204,490988912,2320875356.0,-2.461493018590428,3.25006
HK.00939,建设银行,2022-12-08,3.14006,3.21006,3.22006,3.14006,3.182,0.00084,200923584,940458326.0,1.2618057702377885,3.17006
HK.00939,建设银行,2022-12-09,3.19006,3.23006,3.27006,3.19006,3.195,0.00105,252656324,1194942003.0,0.6230413138695233,3.21006
HK.00939,建设银行,2022-12-12,3.19006,3.21006,3.25006,3.18006,3.182,0.00093,224019383,1055068312.0,-0.6191835445781199,3.23006
HK.00939,建设银行,2022-12-13,3.22006,3.21006,3.22006,3.17006,3.182,0.00093,224170969,1052542612.0,0.0,3.21006
HK.00939,建设银行,2022-12-14,3.25006,3.18006,3.25006,3.16006,3.162,0.00097,233895831,1097460657.0,-0.934561970804278,3.21006
HK.00939,建设银行,2022-12-15,3.16006,3.17006,3.19006,3.12006,3.155,0.00066,157738780,734896025.0,-0.3144594756073857,3.18006
HK.00939,建设银行,2022-12-16,3.20006,3.20006,3.23006,3.16006,3.175,0.00095,227732300,1069946555.0,0.9463543276783484,3.17006
HK.00939,建设银行,2022-12-19,3.18006,3.14006,3.22006,3.11006,3.135,0.00083,199398426,925426178.0,-1.8749648444091689,3.20006
HK.00939,建设银行,2022-12-20,3.11006,3.11006,3.14006,3.09006,3.114,0.00062,149161505,687617238.0,-0.9553957567689868,3.14006
HK.00939,建设银行,2022-12-21,3.13006,3.14006,3.15006,3.10006,3.135,0.00042,101250570,468029168.0,0.964611615210004,3.11006
HK.00939,建设银行,2022-12-22,3.18006,3.21006,3.21006,3.16006,3.182,0.00071,171706013,804797670.0,2.229256765794279,3.14006
HK.00939,建设银行,2022-12-23,3.15006,3.17006,3.20006,3.15006,3.155,0.00031,73977124,345487057.0,-1.2460826277390469,3.21006
HK.00939,建设银行,2022-12-28,3.20006,3.36006,3.38006,3.19006,3.283,0.00141,338613773,1635595295.0,5.993577408629489,3.17006
HK.00939,建设银行,2022-12-29,3.31006,3.38006,3.38006,3.30006,3.297,0.00111,265947132,1289965086.0,0.5952274661761998,3.36006
HK.00939,建设银行,2022-12-30,3.44006,3.39006,3.44006,3.38006,3.304,0.00082,197705514,970248681.0,0.2958527363419653,3.38006
HK.00939,建设银行,2023-01-03,3.31006,3.43006,3.45006,3.26006,3.331,0.00128,308365503,1512078012.0,1.1799201194079172,3.39006
HK.00939,建设银行,2023-01-04,3.47006,3.50006,3.50006,3.42006,3.378,0.00134,322176859,1600471848.0,2.0407806277441165,3.43006
HK.00939,建设银行,2023-01-05,3.54006,3.49006,3.55006,3.48006,3.371,0.00135,325699037,1631689622.0,-0.2857093878390595,3.50006
HK.00939,建设银行,2023-01-06,3.55006,3.49006,3.55006,3.49006,3.371,0.00102,244965877,1226335262.0,0.0,3.49006
HK.00939,建设银行,2023-01-09,3.54006,3.50006,3.56006,3.50006,3.378,0.00106,254580777,1277369377.0,0.286528025306149,3.49006
HK.00939,建设银行,2023-01-10,3.50006,3.49006,3.51006,3.47006,3.371,0.0012,287721964,1435430747.0,-0.2857093878390595,3.50006
HK.00939,建设银行,2023-01-11,3.47006,3.49006,3.52006,3.46006,3.371,0.00129,309782294,1548911049.0,0.0,3.49006
HK.00939,建设银行,2023-01-12,3.50006,3.51006,3.52006,3.48006,3.385,0.00137,329002365,1646981696.0,0.5730560506123109,3.49006
HK.00939,建设银行,2023-01-13,3.50006,3.56006,3.60006,3.49006,3.418,0.00133,319287450,1614733004.0,1.4244770744659585,3.51006
HK.00939,建设银行,2023-01-16,3.54006,3.59006,3.62006,3.54006,3.439,0.00117,281560511,1431686938.0,0.8426824267006682,3.56006
HK.00939,建设银行,2023-01-17,3.58006,3.55006,3.61006,3.55006,3.412,0.0015,361329799,1834157476.0,-1.114187506615477,3.59006
HK.00939,建设银行,2023-01-18,3.57006,3.59006,3.60006,3.55006,3.439,0.00129,308964837,1567792871.0,1.1267415198616246,3.55006
HK.00939,建设银行,2023-01-19,3.52006,3.58006,3.59006,3.52006,3.432,0.00074,177913176,900489019.0,-0.2785468766538662,3.59006
HK.00939,建设银行,2023-01-20,3.64006,3.63006,3.64006,3.57006,3.466,0.00083,198547385,1015215199.0,1.3966246375759015,3.58006
HK.00939,建设银行,2023-01-26,3.68006,3.72006,3.72006,3.63006,3.527,0.00129,308975305,1605243633.0,2.4792978628452507,3.63006
HK.00939,建设银行,2023-01-27,3.72006,3.77006,3.77006,3.69006,3.56,0.00083,198596280,1041033084.0,1.3440643430482255,3.72006
HK.00939,建设银行,2023-01-30,3.73006,3.64006,3.75006,3.61006,3.472,0.0026,625251495,3243586873.0,-3.4482209832204234,3.77006
HK.00939,建设银行,2023-01-31,3.66006,3.58006,3.67006,3.57006,3.432,0.00225,540889355,2761752956.0,-1.6483244781679438,3.64006
HK.00939,建设银行,2023-02-01,3.56006,3.57006,3.61006,3.53006,3.425,0.00141,339599922,1721142029.0,-0.2793249275151878,3.58006
HK.00939,建设银行,2023-02-02,3.60006,3.54006,3.61006,3.53006,3.405,0.0016,383943740,1945553879.0,-0.8403220113947611,3.57006
HK.00939,建设银行,2023-02-03,3.55006,3.51006,3.55006,3.48006,3.385,0.00109,263092921,1316529811.0,-0.8474432636734915,3.54006
HK.00939,建设银行,2023-02-06,3.46006,3.46006,3.49006,3.44006,3.351,0.0007,168805993,837860505.0,-1.4244770744659712,3.51006
HK.00939,建设银行,2023-02-07,3.48006,3.46006,3.52006,3.46006,3.351,0.00076,181727464,905158882.0,0.0,3.46006
HK.00939,建设银行,2023-02-08,3.47006,3.50006,3.53006,3.46006,3.378,0.00064,153421629,766169310.0,1.156049317063867,3.46006
HK.00939,建设银行,2023-02-09,3.48006,3.49006,3.52006,3.47006,3.371,0.00071,171102201,853483391.0,-0.2857093878390595,3.50006
HK.00939,建设银行,2023-02-10,3.49006,3.48006,3.52006,3.47006,3.364,0.00053,126311690,629450423.0,-0.2865280253061618,3.49006
HK.00939,建设银行,2023-02-13,3.47006,3.45006,3.49006,3.43006,3.344,0.00067,161332384,799799393.0,-0.8620541025154683,3.48006
HK.00939,建设银行,2023-02-14,3.48006,3.47006,3.51006,3.46006,3.358,0.00056,134725822,670084821.0,0.5797000631873074,3.45006
HK.00939,建设银行,2023-02-15,3.48006,3.44006,3.48006,3.40006,3.337,0.00088,211670136,1043138351.0,-0.864538365330866,3.47006
HK.00939,建设银行,2023-02-16,3.44006,3.43006,3.47006,3.42006,3.331,0.0012,289271506,1429613672.0,-0.2906926041987577,3.44006
HK.00939,建设银行,2023-02-17,3.43006,3.44006,3.47006,3.42006,3.337,0.00075,180256927,891271314.0,0.2915400896777253,3.43006
HK.00939,建设银行,2023-02-20,3.48006,3.48006,3.52006,3.42006,3.364,0.00088,212660283,1057365515.0,1.162770416795057,3.44006
HK.00939,建设银行,2023-02-21,3.47006,3.49006,3.52006,3.46006,3.371,0.00125,300880472,1500690745.0,0.2873513675051646,3.48006
HK.00939,建设银行,2023-02-22,3.52006,3.43006,3.53006,3.42006,3.331,0.00081,194576397,965976901.0,-1.7191681518369326,3.49006
HK.00939,建设银行,2023-02-23,3.43006,3.43006,3.47006,3.42006,3.331,0.00078,186963120,923395532.0,0.0,3.43006
HK.00939,建设银行,2023-02-24,3.42006,3.38006,3.45006,3.38006,3.297,0.00093,223010035,1092457657.0,-1.4577004483886655,3.43006
HK.00939,建设银行,2023-02-27,3.36006,3.35006,3.39006,3.32006,3.277,0.00069,166879886,808757445.0,-0.8875582090258696,3.38006
HK.00939,建设银行,2023-02-28,3.37006,3.30006,3.42006,3.30006,3.243,0.00124,297969124,1442305939.0,-1.4925105819000204,3.35006
HK.00939,建设银行,2023-03-01,3.30006,3.44006,3.47006,3.30006,3.337,0.00133,319778999,1567748506.0,4.242347108840435,3.30006
HK.00939,建设银行,2023-03-02,3.40006,3.48006,3.52006,3.40006,3.364,0.00112,270383417,1346407098.0,1.162770416795057,3.44006
HK.00939,建设银行,2023-03-03,3.52006,3.50006,3.53006,3.48006,3.378,0.00121,290978437,1455393046.0,0.5747027350103164,3.48006
HK.00939,建设银行,2023-03-06,3.45006,3.53006,3.56006,3.45006,3.398,0.00119,287182540,1438673001.0,0.857128163517204,3.50006
HK.00939,建设银行,2023-03-07,3.53006,3.60006,3.70006,3.52006,3.445,0.00236,567233517,2901502991.0,1.9829691280034851,3.53006
HK.00939,建设银行,2023-03-08,3.55006,3.51006,3.56006,3.47006,3.385,0.00177,425281231,2129868191.0,-2.4999583340277622,3.60006
HK.00939,建设银行,2023-03-09,3.50006,3.45006,3.54006,3.43006,3.344,0.00103,246905355,1229045389.0,-1.7093724893591578,3.51006
HK.00939,建设银行,2023-03-10,3.42006,3.39006,3.45006,3.36006,3.304,0.0012,289175897,1416414826.0,-1.739100189561922,3.45006
HK.00939,建设银行,2023-03-13,3.37006,3.49006,3.49006,3.36006,3.371,0.00123,294661347,1456511773.0,2.949800298519793,3.39006
HK.00939,建设银行,2023-03-14,3.48006,3.42006,3.52006,3.40006,3.324,0.00137,329124232,1635191334.0,-2.0056961771430943,3.49006
HK.00939,建设银行,2023-03-15,3.44006,3.55006,3.55006,3.44006,3.412,0.00136,326079147,1637874751.0,3.801102904627414,3.42006
HK.00939,建设银行,2023-03-16,3.54006,3.57006,3.58006,3.51006,3.425,0.00187,448426422,2268436346.0,0.5633707599308061,3.55006
HK.00939,建设银行,2023-03-17,3.62006,3.62006,3.62006,3.55006,3.459,0.00206,495446742,2523206902.0,1.4005366856579518,3.57006
HK.00939,建设银行,2023-03-20,3.57006,3.55006,3.64006,3.52006,3.412,0.00142,340788949,1730808881.0,-1.933669607686056,3.62006
HK.00939,建设银行,2023-03-21,3.53006,3.50006,3.60006,3.48006,3.378,0.00087,210089926,1054443879.0,-1.4084268998270526,3.55006
HK.00939,建设银行,2023-03-22,3.51006,3.59006,3.62006,3.51006,3.439,0.001,241203545,1227047776.0,2.5713844905515866,3.50006
HK.00939,建设银行,2023-03-23,3.57006,3.63006,3.63006,3.55006,3.466,0.001,239885810,1222870388.0,1.1141875066154894,3.59006
HK.00939,建设银行,2023-03-24,3.59006,3.56006,3.61006,3.56006,3.418,0.00078,187994516,954576334.0,-1.928342782212962,3.63006
HK.00939,建设银行,2023-03-27,3.56006,3.49006,3.57006,3.47006,3.371,0.00095,228852646,1145261333.0,-1.9662589956349004,3.56006
HK.00939,建设银行,2023-03-28,3.51006,3.55006,3.57006,3.47006,3.412,0.0006,144018766,724375316.0,1.7191681518369326,3.49006
HK.00939,建设银行,2023-03-29,3.57006,3.60006,3.62006,3.54006,3.445,0.00101,242360190,1232615653.0,1.4084268998270402,3.55006
HK.00939,建设银行,2023-03-30,3.60006,3.57006,3.61006,3.52006,3.496,0.00126,302493029,1530473972.0,-0.833319444675929,3.60006
HK.00939,建设银行,2023-03-31,3.61006,3.59006,3.63006,3.56006,3.51,0.00127,306022385,1558376291.0,0.5602146742631782,3.57006
HK.00939,建设银行,2023-04-03,3.57006,3.59006,3.62006,3.55006,3.51,0.00088,211777221,1075351737.0,0.0,3.59006
HK.00939,建设银行,2023-04-04,3.59006,3.60006,3.63006,3.56006,3.517,0.00118,283243193,1445632809.0,0.2785468766538785,3.59006
HK.00939,建设银行,2023-04-06,3.63006,3.65006,3.66006,3.60006,3.551,0.00123,296443876,1522708353.0,1.388865741126532,3.60006
HK.00939,建设银行,2023-04-11,3.70006,3.69006,3.71006,3.66006,3.579,0.00129,309168819,1602401191.0,1.0958723966181387,3.65006
HK.00939,建设银行,2023-04-12,3.70006,3.75006,3.75006,3.69006,3.62,0.00109,263251557,1374975966.0,1.62598982130372,3.69006
HK.00939,建设银行,2023-04-13,3.70006,3.74006,3.74006,3.69006,3.613,0.00104,250329216,1305995156.0,-0.2666624000682598,3.75006
HK.00939,建设银行,2023-04-14,3.75006,3.76006,3.77006,3.71006,3.627,0.00107,258106357,1354966430.0,0.5347507793992614,3.74006
HK.00939,建设银行,2023-04-17,3.76006,3.88006,3.88006,3.73006,3.71,0.00224,538316082,2863890211.0,3.1914384344930573,3.76006
HK.00939,建设银行,2023-04-18,3.85006,3.87006,3.88006,3.82006,3.703,0.00135,323720524,1733375647.0,-0.2577279732787582,3.88006
HK.00939,建设银行,2023-04-19,3.86006,3.81006,3.86006,3.78006,3.662,0.00096,229786383,1220956176.0,-1.550363560254881,3.87006
HK.00939,建设银行,2023-04-20,3.83006,3.82006,3.84006,3.77006,3.668,0.00108,258813324,1371650349.0,0.2624630583245352,3.81006
HK.00939,建设银行,2023-04-21,3.83006,3.79006,3.87006,3.75006,3.648,0.00166,399878186,2118592999.0,-0.7853279791416837,3.82006
HK.00939,建设银行,2023-04-24,3.78006,3.73006,3.81006,3.69006,3.606,0.00115,275970219,1442192181.0,-1.5830883943789822,3.79006
HK.00939,建设银行,2023-04-25,3.73006,3.74006,3.77006,3.71006,3.613,0.0008,193075295,1011799203.0,0.2680922022702109,3.73006
HK.00939,建设银行,2023-04-26,3.75006,3.73006,3.76006,3.67006,3.606,0.00103,247497799,1290423557.0,-0.2673753896996366,3.74006
HK.00939,建设银行,2023-04-27,3.71006,3.75006,3.78006,3.69006,3.62,0.00136,327412506,1713967297.0,0.5361844045404099,3.73006
HK.00939,建设银行,2023-04-28,3.76006,3.75006,3.84006,3.73006,3.62,0.00146,351432337,1849814314.0,0.0,3.75006
HK.00939,建设银行,2023-05-02,3.77006,3.70006,3.81006,3.68006,3.586,0.00071,171231451,892875746.0,-1.3333120003413232,3.75006
HK.00939,建设银行,2023-05-03,3.65006,3.65006,3.66006,3.60006,3.551,0.00076,182166025,935354176.0,-1.351329437901014,3.70006
HK.00939,建设银行,2023-05-04,3.66006,3.86006,3.86006,3.65006,3.696,0.00208,500196614,2652700704.0,5.753330082245222,3.65006
HK.00939,建设银行,2023-05-05,3.88006,3.93006,3.97006,3.85006,3.744,0.0034,817705287,4428070051.0,1.8134433143526345,3.86006
HK.00939,建设银行,2023-05-08,3.92006,4.13006,4.13006,3.90006,3.882,0.00425,1022410165,5650844006.0,5.088980829809218,3.93006
HK.00939,建设银行,2023-05-09,4.15006,4.07006,4.20006,4.01006,3.841,0.00299,719442971,4031711158.0,-1.452763398110451,4.13006
HK.00939,建设银行,2023-05-10,4.11006,3.95006,4.11006,3.91006,3.758,0.00254,610064791,3332993853.0,-2.9483594836439675,4.07006
HK.00939,建设银行,2023-05-11,3.98006,3.94006,4.01006,3.88006,3.751,0.00116,278795902,1513685560.0,-0.2531607114828694,3.95006
HK.00939,建设银行,2023-05-12,3.91006,3.81006,3.93006,3.78006,3.662,0.00121,290235511,1547040699.0,-3.299442140475015,3.94006
HK.00939,建设银行,2023-05-15,3.82006,3.89006,3.89006,3.73006,3.717,0.00156,375976422,2001394469.0,2.0997044665963283,3.81006
HK.00939,建设银行,2023-05-16,3.92006,3.86006,3.95006,3.82006,3.696,0.00122,292773717,1577128274.0,-0.7711963311619936,3.89006
HK.00939,建设银行,2023-05-17,3.83006,3.79006,3.89006,3.76006,3.648,0.00121,291033792,1548491028.0,-1.8134433143526227,3.86006
HK.00939,建设银行,2023-05-18,3.82006,3.89006,3.93006,3.79006,3.717,0.0011,264105671,1419202488.0,2.6384806572983037,3.79006
HK.00939,建设银行,2023-05-19,3.87006,3.83006,3.89006,3.79006,3.675,0.00109,261544914,1396361030.0,-1.542392662323976,3.89006
HK.00939,建设银行,2023-05-22,3.86006,3.86006,3.91006,3.83006,3.696,0.00089,214446336,1151917666.0,0.7832775465658451,3.83006
HK.00939,建设银行,2023-05-23,3.88006,3.80006,3.92006,3.76006,3.655,0.00118,284171295,1514062229.0,-1.5543799837308128,3.86006
HK.00939,建设银行,2023-05-24,3.75006,3.66006,3.77006,3.65006,3.558,0.00175,419876066,2178904977.0,-3.6841523554891262,3.80006
HK.00939,建设银行,2023-05-25,3.61006,3.59006,3.64006,3.56006,3.51,0.00172,413602431,2107258724.0,-1.9125369529461345,3.66006
HK.00939,建设银行,2023-05-29,3.59006,3.62006,3.66006,3.59006,3.531,0.00108,259001745,1327945784.0,0.8356406299616231,3.59006
HK.00939,建设银行,2023-05-30,3.60006,3.58006,3.63006,3.54006,3.503,0.00139,334625625,1698226456.0,-1.1049540615348927,3.62006
HK.00939,建设银行,2023-05-31,3.56006,3.51006,3.58006,3.50006,3.455,0.00221,530545696,2661065372.0,-1.9552744926062648,3.58006
HK.00939,建设银行,2023-06-01,3.50006,3.47006,3.55006,3.46006,3.427,0.00155,372140270,1858384677.0,-1.139581659572772,3.51006
HK.00939,建设银行,2023-06-02,3.50006,3.52006,3.57006,3.50006,3.462,0.00199,479414008,2413075272.0,1.4408972755514262,3.47006
HK.00939,建设银行,2023-06-05,3.54006,3.60006,3.61006,3.53006,3.517,0.00103,247029875,1252068171.0,2.2726885337181773,3.52006
HK.00939,建设银行,2023-06-06,3.60006,3.58006,3.65006,3.56006,3.503,0.00115,276696508,1410730832.0,-0.5555462964506152,3.60006
HK.00939,建设银行,2023-06-07,3.63006,3.62006,3.65006,3.58006,3.531,0.00104,250772269,1282245179.0,1.1172997100607265,3.58006
HK.00939,建设银行,2023-06-08,3.60006,3.64006,3.65006,3.59006,3.544,0.00125,300980528,1540964079.0,0.5524770307674464,3.62006
HK.00939,建设银行,2023-06-09,3.64006,3.64006,3.67006,3.63006,3.544,0.00093,223987875,1152884047.0,0.0,3.64006
HK.00939,建设银行,2023-06-12,3.65006,3.66006,3.66006,3.61006,3.558,0.00072,173831785,892623627.0,0.5494414927226479,3.64006
HK.00939,建设银行,2023-06-13,3.65006,3.58006,3.65006,3.58006,3.503,0.00122,294244837,1501951172.0,-2.185756517652718,3.66006
HK.00939,建设银行,2023-06-14,3.58006,3.51006,3.58006,3.50006,3.455,0.00184,441811693,2223720734.0,-1.9552744926062648,3.58006
HK.00939,建设银行,2023-06-15,3.55006,3.53006,3.56006,3.49006,3.468,0.00145,347935945,1747763949.0,0.569790829786386,3.51006
HK.00939,建设银行,2023-06-16,3.51006,3.57006,3.58006,3.51006,3.496,0.00196,470534586,2375808723.0,1.133125216001983,3.53006
HK.00939,建设银行,2023-06-19,3.56006,3.56006,3.58006,3.55006,3.489,0.00082,197082815,997916419.0,-0.2801073371315828,3.57006
HK.00939,建设银行,2023-06-20,3.55006,3.56006,3.57006,3.54006,3.489,0.00071,170200596,860382690.0,0.0,3.56006
HK.00939,建设银行,2023-06-21,3.54006,3.53006,3.57006,3.53006,3.468,0.0007,168731033,850870899.0,-0.8426824267006682,3.56006
HK.00939,建设银行,2023-06-23,3.52006,3.50006,3.54006,3.49006,3.448,0.00116,277853774,1392313444.0,-0.8498439120015028,3.53006
HK.00939,建设银行,2023-06-26,3.51006,3.50006,3.54006,3.49006,3.448,0.00088,210506442,1055813346.0,0.0,3.50006
HK.00939,建设银行,2023-06-27,3.50006,3.56006,3.59006,3.50006,3.489,0.00093,223127518,1129245485.0,1.7142563270343951,3.50006
HK.00939,建设银行,2023-06-28,3.56006,3.57006,3.62006,3.56006,3.496,0.00085,204316753,1038866464.0,0.2808941422335518,3.56006
HK.00939,建设银行,2023-06-29,3.57006,3.55006,3.59006,3.53006,3.482,0.00078,187463478,946603958.0,-0.5602146742631657,3.57006
HK.00939,建设银行,2023-06-30,3.54006,3.57006,3.60006,3.54006,3.496,0.00093,224460583,1139306353.0,0.5633707599308061,3.55006
HK.00939,建设银行,2023-07-03,3.58006,3.62006,3.65006,3.57006,3.531,0.00147,352641894,1804372272.0,1.4005366856579518,3.57006
HK.00939,建设银行,2023-07-04,3.61006,3.59006,3.65006,3.58006,3.51,0.00161,387215906,1977041919.0,-0.8287155461511757,3.62006
HK.00939,建设银行,2023-07-05,3.57006,3.50006,3.58006,3.50006,3.448,0.00255,613703063,3083754038.0,-2.5069218898848447,3.59006
HK.00939,建设银行,2023-07-06,3.49205,3.35205,3.52205,3.34205,3.055,0.0031,745481670,3342064539.0,-4.228784649406004,3.50006
HK.00939,建设银行,2023-07-07,3.35205,3.29205,3.36205,3.28205,3.013,0.00205,493864148,2168126826.0,-1.789949433928493,3.35205
HK.00939,建设银行,2023-07-10,3.35205,3.30205,3.39205,3.27205,3.02,0.00137,330123113,1449707020.0,0.3037620935283421,3.29205
HK.00939,建设银行,2023-07-11,3.33205,3.28205,3.35205,3.26205,3.006,0.00161,387829026,1695874956.0,-0.6056843476022477,3.30205
HK.00939,建设银行,2023-07-12,3.32205,3.31205,3.34205,3.29205,3.027,0.0011,263498104,1156816201.0,0.914062857055811,3.28205
HK.00939,建设银行,2023-07-13,3.33205,3.31205,3.36205,3.30205,3.027,0.00207,497278847,2188163205.0,0.0,3.31205
HK.00939,建设银行,2023-07-14,3.32205,3.31205,3.34205,3.30205,3.027,0.00209,502617973,2209636554.0,0.0,3.31205
HK.00939,建设银行,2023-07-18,3.31205,3.21205,3.31205,3.20205,2.958,0.0024,576011308,2479147646.0,-3.019278090608538,3.31205
HK.00939,建设银行,2023-07-19,3.17205,3.21205,3.25205,3.16205,2.958,0.00142,341448080,1461743788.0,0.0,3.21205
HK.00939,建设银行,2023-07-20,3.25205,3.23205,3.30205,3.22205,2.972,0.00117,280977011,1215772997.0,0.6226553135847829,3.21205
HK.00939,建设银行,2023-07-21,3.24205,3.26205,3.27205,3.22205,2.993,0.00095,229556272,994182859.0,0.928203462198908,3.23205
HK.00939,建设银行,2023-07-24,3.24205,3.192049999,3.26205,3.17205,2.944,0.00122,293911807,1261697993.0,-2.14588988519489,3.26205
HK.00939,建设银行,2023-07-25,3.24205,3.35205,3.38205,3.24205,3.055,0.00168,402887035,1773377361.0,5.012452845354074,3.192049999
HK.00939,建设银行,2023-07-26,3.32205,3.31205,3.37205,3.28205,3.027,0.00091,219706593,964813861.0,-1.1932996226189954,3.35205
HK.00939,建设银行,2023-07-27,3.34205,3.34205,3.39205,3.31205,3.048,0.00139,333487497,1475437751.0,0.9057834271825548,3.31205
HK.00939,建设银行,2023-07-28,3.30205,3.40205,3.41205,3.30205,3.089,0.00134,322148976,1435260651.0,1.7953052767014273,3.34205
HK.00939,建设银行,2023-07-31,3.44205,3.45205,3.48205,3.40205,3.124,0.00178,426983822,1934328719.0,1.4697020913860708,3.40205
HK.00939,建设银行,2023-08-01,3.46205,3.41205,3.49205,3.37205,3.096,0.00128,306732046,1379132322.0,-1.1587317680798377,3.45205
HK.00939,建设银行,2023-08-02,3.38205,3.27205,3.39205,3.27205,3.0,0.00189,454524459,1991852596.0,-4.103105171377901,3.41205
HK.00939,建设银行,2023-08-03,3.28205,3.25205,3.33205,3.23205,2.986,0.00184,443391990,1926665514.0,-0.6112376033373579,3.27205
HK.00939,建设银行,2023-08-04,3.26205,3.25205,3.33205,3.23205,2.986,0.00174,418298136,1817544553.0,0.0,3.25205
HK.00939,建设银行,2023-08-07,3.25205,3.23205,3.27205,3.22205,2.972,0.00103,248682417,1074658379.0,-0.6149966943927682,3.25205
HK.00939,建设银行,2023-08-08,3.21205,3.192049999,3.23205,3.18205,2.944,0.00158,380760395,1629357434.0,-1.2376046472053377,3.23205
HK.00939,建设银行,2023-08-09,3.18205,3.23205,3.23205,3.18205,2.972,0.00088,211087392,904457147.0,1.2531132348343932,3.192049999
HK.00939,建设银行,2023-08-10,3.192049999,3.22205,3.24205,3.192049999,2.965,0.00079,190531578,816725218.0,-0.3094011540663118,3.23205
HK.00939,建设银行,2023-08-11,3.21205,3.192049999,3.23205,3.17205,2.944,0.00101,243676279,1039578193.0,-0.9310842786424756,3.22205
HK.00939,建设银行,2023-08-14,3.16205,3.12205,3.16205,3.102049999,2.896,0.00141,338550582,1423174006.0,-2.1929480748086414,3.192049999
HK.00939,建设银行,2023-08-15,3.102049999,3.11205,3.13205,3.102049999,2.889,0.0011,263463249,1104624349.0,-0.3203023654329761,3.12205
HK.00939,建设银行,2023-08-16,3.07205,3.04205,3.09205,3.03205,2.841,0.00159,382260001,1578513848.0,-2.2493211869989183,3.11205
HK.00939,建设银行,2023-08-17,3.00205,3.022049999,3.03205,2.97205,2.827,0.00195,469392214,1914202694.0,-0.6574514225604478,3.04205
HK.00939,建设银行,2023-08-18,3.00205,3.00205,3.08205,2.99205,2.813,0.00184,441453306,1813512611.0,-0.661802386016709,3.022049999
HK.00939,建设银行,2023-08-21,2.99205,2.942049999,2.99205,2.93205,2.772,0.00194,466335304,1879337108.0,-1.9986342998950763,3.00205
HK.00939,建设银行,2023-08-22,2.93205,2.982049999,3.022049999,2.93205,2.8,0.00159,381315165,1549822089.0,1.3595962003907478,2.942049999
HK.00939,建设银行,2023-08-23,2.982049999,3.01205,3.04205,2.982049999,2.82,0.00124,298740536,1223384384.0,1.006019382976814,2.982049999
HK.00939,建设银行,2023-08-24,3.04205,3.03205,3.062049999,2.99205,2.834,0.0014,336239802,1378323351.0,0.6639996016002397,3.01205
HK.00939,建设银行,2023-08-25,3.022049999,3.022049999,3.07205,3.022049999,2.827,0.00099,238348559,982306912.0,-0.3298098975940327,3.03205
HK.00939,建设银行,2023-08-28,3.12205,3.062049999,3.16205,3.05205,2.855,0.00115,276844988,1156419263.0,1.3236048382136656,3.022049999
HK.00939,建设银行,2023-08-29,3.102049999,3.12205,3.15205,3.07205,2.896,0.00129,311016371,1305529258.0,1.9594716291241112,3.062049999
HK.00939,建设银行,2023-08-30,3.12205,3.11205,3.142049999,3.09205,2.889,0.00146,350346764,1468716393.0,-0.3203023654329761,3.12205
HK.00939,建设银行,2023-08-31,3.11205,3.12205,3.142049999,3.09205,2.896,0.0014,337703545,1417537822.0,0.3213315981427108,3.11205
HK.00939,建设银行,2023-09-04,3.15205,3.26205,3.28205,3.142049999,2.993,0.0021,504687917,2177611588.0,4.484233116061551,3.12205
HK.00939,建设银行,2023-09-05,3.22205,3.20205,3.26205,3.192049999,2.951,0.00096,231225980,993889756.0,-1.8393341610337075,3.26205
HK.00939,建设银行,2023-09-06,3.18205,3.25205,3.26205,3.16205,2.986,0.00135,323989401,1393477444.0,1.5614996642775805,3.20205
HK.00939,建设银行,2023-09-07,3.25205,3.21205,3.25205,3.192049999,2.958,0.001,240704171,1036039076.0,-1.2299933887855363,3.25205
HK.00939,建设银行,2023-09-11,3.17205,3.23205,3.25205,3.17205,2.972,0.001,241060023,1037338902.0,0.6226553135847829,3.21205
HK.00939,建设银行,2023-09-12,3.21205,3.22205,3.26205,3.21205,2.965,0.00082,197067023,851297538.0,-0.3094011540663118,3.23205
HK.00939,建设银行,2023-09-13,3.24205,3.25205,3.28205,3.23205,2.986,0.0012,288113939,1248338105.0,0.9310842476063454,3.22205
HK.00939,建设银行,2023-09-14,3.29205,3.30205,3.34205,3.26205,3.02,0.00124,297017281,1301823685.0,1.5374917359819136,3.25205
HK.00939,建设银行,2023-09-15,3.34205,3.33205,3.37205,3.30205,3.041,0.00171,409990997,1810705569.0,0.9085265214033782,3.30205
HK.00939,建设银行,2023-09-18,3.29205,3.28205,3.32205,3.23205,3.006,0.00103,247477193,1079693016.0,-1.5005777224231407,3.33205
HK.00939,建设银行,2023-09-19,3.29205,3.35205,3.37205,3.27205,3.055,0.00128,307890167,1361836135.0,2.132813333130217,3.28205
HK.00939,建设银行,2023-09-20,3.34205,3.36205,3.40205,3.33205,3.062,0.00123,296322933,1319171136.0,0.2983249056547422,3.35205
HK.00939,建设银行,2023-09-21,3.35205,3.33205,3.42205,3.32205,3.041,0.00116,278989719,1238465870.0,-0.8923127258666529,3.36205
HK.00939,建设银行,2023-09-22,3.30205,3.38205,3.39205,3.30205,3.075,0.00083,198661665,880528289.0,1.5005777224231276,3.33205
HK.00939,建设银行,2023-09-25,3.37205,3.32205,3.39205,3.32205,3.034,0.00083,200488350,888688487.0,-1.7740719386171124,3.38205
HK.00939,建设银行,2023-09-26,3.32205,3.29205,3.35205,3.28205,3.013,0.00108,260051253,1143293225.0,-0.90305684742854,3.32205
HK.00939,建设银行,2023-09-27,3.30205,3.33205,3.35205,3.29205,3.041,0.00061,146313905,644631554.0,1.2150483741133955,3.29205
HK.00939,建设银行,2023-09-28,3.34205,3.28205,3.35205,3.27205,3.006,0.00089,213465328,936108761.0,-1.5005777224231407,3.33205
HK.00939,建设银行,2023-09-29,3.28205,3.34205,3.37205,3.27205,3.048,0.00097,233605142,1033640591.0,1.8281257141116083,3.28205
HK.00939,建设银行,2023-10-03,3.29205,3.16205,3.30205,3.15205,2.924,0.00121,291972725,1247097108.0,-5.385915830104282,3.34205
HK.00939,建设银行,2023-10-04,3.13205,3.18205,3.192049999,3.11205,2.937,0.00066,158241536,671863324.0,0.6325010673455518,3.16205
HK.00939,建设银行,2023-10-05,3.20205,3.192049999,3.22205,3.16205,2.944,0.00062,149151316,638081947.0,0.3142627865684118,3.18205
HK.00939,建设银行,2023-10-06,3.24205,3.28205,3.34205,3.22205,3.006,0.0007,169327747,739717461.0,2.8195047392175874,3.192049999
HK.00939,建设银行,2023-10-09,3.25205,3.29205,3.32205,3.142049999,3.013,0.00046,109900314,481156069.0,0.3046876190186082,3.28205
HK.00939,建设银行,2023-10-10,3.35205,3.33205,3.39205,3.33205,3.041,0.00076,183131584,811814920.0,1.2150483741133955,3.29205
HK.00939,建设银行,2023-10-11,3.38205,3.36205,3.39205,3.36205,3.062,0.00096,230050597,1024917551.0,0.9003466334538739,3.33205
HK.00939,建设银行,2023-10-12,3.50205,3.61205,3.63205,3.46205,3.234,0.0041,986624676,4593002249.0,7.4359393822221564,3.36205
HK.00939,建设银行,2023-10-13,3.57205,3.56205,3.62205,3.55205,3.2,0.00158,380430997,1772174448.0,-1.38425547819105,3.61205
HK.00939,建设银行,2023-10-16,3.56205,3.55205,3.62205,3.55205,3.193,0.00159,382921466,1783710892.0,-0.2807372159290361,3.56205
HK.00939,建设银行,2023-10-17,3.58205,3.60205,3.64205,3.55205,3.227,0.00105,253508768,1186594583.0,1.407637842935777,3.55205
HK.00939,建设银行,2023-10-18,3.58205,3.57205,3.64205,3.56205,3.206,0.00091,218283129,1020092460.0,-0.8328590663649934,3.60205
HK.00939,建设银行,2023-10-19,3.55205,3.47205,3.55205,3.47205,3.137,0.00128,308700695,1411508117.0,-2.7995128847580544,3.57205
HK.00939,建设银行,2023-10-20,3.44205,3.47205,3.52205,3.43205,3.137,0.00106,255905570,1164124624.0,0.0,3.47205
HK.00939,建设银行,2023-10-24,3.41205,3.39205,3.45205,3.38205,3.082,0.00126,303635800,1361219870.0,-2.3041142840684916,3.47205
HK.00939,建设银行,2023-10-25,3.52205,3.40205,3.53205,3.39205,3.089,0.00115,277510756,1255939435.0,0.2948069751330385,3.39205
HK.00939,建设银行,2023-10-26,3.42205,3.45205,3.48205,3.41205,3.124,0.00083,199568952,902348376.0,1.4697020913860708,3.40205
HK.00939,建设银行,2023-10-27,3.49205,3.48205,3.51205,3.43205,3.144,0.00134,322651373,1470205898.0,0.8690488260598848,3.45205
HK.00939,建设银行,2023-10-30,3.48205,3.40205,3.48205,3.32205,3.089,0.00132,316590732,1411646242.0,-2.29749716402694,3.48205
HK.00939,建设银行,2023-10-31,3.39205,3.36205,3.40205,3.33205,3.062,0.00086,207821639,923266027.0,-1.1757616731088618,3.40205
HK.00939,建设银行,2023-11-01,3.37205,3.39205,3.41205,3.33205,3.082,0.00058,139807172,624757043.0,0.8923127258666529,3.36205
HK.00939,建设银行,2023-11-02,3.46205,3.41205,3.49205,3.40205,3.096,0.00068,162981646,736120011.0,0.5896139502660639,3.39205
HK.00939,建设银行,2023-11-03,3.41205,3.47205,3.48205,3.41205,3.137,0.00078,188425565,856253669.0,1.7584736448762488,3.41205
HK.00939,建设银行,2023-11-06,3.49205,3.48205,3.50205,3.45205,3.144,0.00127,305382587,1389212985.0,0.2880142855085679,3.47205
HK.00939,建设银行,2023-11-07,3.45205,3.38205,3.47205,3.38205,3.075,0.00092,221476621,993519082.0,-2.8718714550336752,3.48205
HK.00939,建设银行,2023-11-08,3.37205,3.36205,3.40205,3.35205,3.062,0.00096,231493729,1029790484.0,-0.5913573128723708,3.38205
HK.00939,建设银行,2023-11-09,3.37205,3.38205,3.40205,3.34205,3.075,0.00058,139024218,619145538.0,0.594875150577773,3.36205
HK.00939,建设银行,2023-11-10,3.35205,3.33205,3.37205,3.33205,3.041,0.00067,160428569,710622148.0,-1.4783932821809205,3.38205
HK.00939,建设银行,2023-11-13,3.36205,3.39205,3.39205,3.32205,3.082,0.00036,85500772,378994261.0,1.8006932669077478,3.33205
HK.00939,建设银行,2023-11-14,3.41205,3.41205,3.44205,3.38205,3.096,0.00053,127074975,571400537.0,0.5896139502660639,3.39205
HK.00939,建设银行,2023-11-15,3.50205,3.55205,3.57205,3.47205,3.193,0.0017,409225471,1885348312.0,4.103105171377915,3.41205
HK.00939,建设银行,2023-11-16,3.57205,3.51205,3.57205,3.48205,3.165,0.00081,194974207,894939287.0,-1.1261102743486164,3.55205
HK.00939,建设银行,2023-11-17,3.48205,3.45205,3.49205,3.45205,3.124,0.00063,150576390,684391119.0,-1.708403923634346,3.51205
HK.00939,建设银行,2023-11-20,3.51205,3.54205,3.55205,3.48205,3.186,0.00108,259211202,1193891185.0,2.607146478179641,3.45205
HK.00939,建设银行,2023-11-21,3.58205,3.50205,3.60205,3.48205,3.158,0.00094,226649166,1046890963.0,-1.1292895357208406,3.54205
HK.00939,建设银行,2023-11-22,3.49205,3.51205,3.54205,3.48205,3.165,0.00033,78938524,362200545.0,0.2855470367356201,3.50205
HK.00939,建设银行,2023-11-23,3.49205,3.56205,3.58205,3.47205,3.2,0.00083,198850198,916006141.0,1.4236699363619616,3.51205
HK.00939,建设银行,2023-11-24,3.51205,3.48205,3.52205,3.48205,3.144,0.00063,150276558,686932150.0,-2.245897727432239,3.56205
HK.00939,建设银行,2023-11-27,3.51205,3.48205,3.51205,3.43205,3.144,0.00072,172151208,780588572.0,0.0,3.48205
HK.00939,建设银行,2023-11-28,3.50205,3.47205,3.50205,3.45205,3.137,0.00073,176078601,800747803.0,-0.2871871455033739,3.48205
HK.00939,建设银行,2023-11-29,3.50205,3.40205,3.50205,3.37205,3.089,0.00125,300804546,1350856831.0,-2.016099998559924,3.47205
HK.00939,建设银行,2023-11-30,3.44205,3.44205,3.45205,3.39205,3.117,0.0013,311752810,1406451037.0,1.1757616731088618,3.40205
HK.00939,建设银行,2023-12-01,3.42205,3.38205,3.45205,3.37205,3.075,0.00099,237993218,1067001759.0,-1.743147252364145,3.44205
HK.00939,建设银行,2023-12-04,3.44205,3.39205,3.46205,3.39205,3.082,0.00113,271191992,1218426673.0,0.2956786564361788,3.38205
HK.00939,建设银行,2023-12-05,3.42205,3.34205,3.42205,3.32205,3.048,0.00151,363148107,1606202398.0,-1.4740348756651531,3.39205
HK.00939,建设银行,2023-12-06,3.33205,3.36205,3.38205,3.29205,3.062,0.00091,218698127,968217948.0,0.5984350922338092,3.34205
HK.00939,建设银行,2023-12-07,3.36205,3.37205,3.40205,3.31205,3.068,0.00092,221282498,981673937.0,0.2974375752888931,3.36205
HK.00939,建设银行,2023-12-08,3.41205,3.36205,3.41205,3.32205,3.062,0.00114,274155234,1216176671.0,-0.296555507777175,3.37205
HK.00939,建设银行,2023-12-11,3.31205,3.35205,3.35205,3.25205,3.055,0.00151,362715714,1590805113.0,-0.2974375752888799,3.36205
HK.00939,建设银行,2023-12-12,3.35205,3.42205,3.44205,3.33205,3.103,0.00129,309599147,1385625805.0,2.088274339583235,3.35205
HK.00939,建设银行,2023-12-13,3.42205,3.40205,3.42205,3.37205,3.089,0.00108,260851685,1168280860.0,-0.5844449964202749,3.42205
HK.00939,建设银行,2023-12-14,3.43205,3.40205,3.47205,3.36205,3.089,0.00132,316319124,1415441285.0,0.0,3.40205
HK.00939,建设银行,2023-12-15,3.45205,3.46205,3.50205,3.43205,3.131,0.0016,383690050,1743559656.0,1.7636425096632928,3.40205
HK.00939,建设银行,2023-12-18,3.43205,3.43205,3.45205,3.40205,3.11,0.00044,105243472,475112238.0,-0.8665386115163053,3.46205
HK.00939,建设银行,2023-12-19,3.41205,3.41205,3.45205,3.39205,3.096,0.0006,144669568,649835725.0,-0.5827420929182272,3.43205
HK.00939,建设银行,2023-12-20,3.44205,3.40205,3.45205,3.38205,3.089,0.00071,170039954,762129107.0,-0.2930789408127016,3.41205
HK.00939,建设银行,2023-12-21,3.36205,3.43205,3.44205,3.36205,3.11,0.00074,178226596,801122349.0,0.8818212548316398,3.40205
HK.00939,建设银行,2023-12-22,3.45205,3.43205,3.47205,3.41205,3.11,0.001,240113364,1085728395.0,0.0,3.43205
HK.00939,建设银行,2023-12-27,3.45205,3.48205,3.52205,3.41205,3.144,0.0013,312506247,1420472101.0,1.4568552322955746,3.43205
HK.00939,建设银行,2023-12-28,3.51205,3.55205,3.56205,3.47205,3.193,0.00108,259492707,1197451647.0,2.0103100185235663,3.48205
HK.00939,建设银行,2023-12-29,3.54205,3.57205,3.57205,3.53205,3.206,0.00063,152278171,706108163.0,0.5630551371743082,3.55205
HK.00939,建设银行,2024-01-02,3.59205,3.46205,3.59205,3.44205,3.131,0.00125,300674421,1371804867.0,-3.0794641732338537,3.57205
HK.00939,建设银行,2024-01-03,3.44205,3.49205,3.50205,3.44205,3.151,0.0008,192783785,876976376.0,0.8665386115162925,3.46205
HK.00939,建设银行,2024-01-04,3.48205,3.52205,3.53205,3.47205,3.172,0.00104,250591271,1149677755.0,0.8590942283186166,3.49205
HK.00939,建设银行,2024-01-05,3.51205,3.49205,3.56205,3.46205,3.151,0.00106,254830530,1168876615.0,-0.8517766641586646,3.52205
HK.00939,建设银行,2024-01-08,3.50205,3.42205,3.53205,3.39205,3.103,0.00138,332159906,1496956554.0,-2.004553199410084,3.49205
HK.00939,建设银行,2024-01-09,3.43205,3.44205,3.47205,3.39205,3.117,0.00124,297111399,1341949523.0,0.5844449964202749,3.42205
HK.00939,建设银行,2024-01-10,3.43205,3.44205,3.46205,3.41205,3.117,0.00109,261032005,1180826133.0,0.0,3.44205
HK.00939,建设银行,2024-01-11,3.44205,3.46205,3.50205,3.42205,3.131,0.001,240308389,1093364319.0,0.5810490841213817,3.44205
HK.00939,建设银行,2024-01-12,3.44205,3.47205,3.49205,3.42205,3.137,0.00074,177583720,806940719.0,0.2888462038387598,3.46205
HK.00939,建设银行,2024-01-15,3.48205,3.45205,3.49205,3.43205,3.124,0.00064,153431935,696136441.0,-0.5760285710171229,3.47205
HK.00939,建设银行,2024-01-16,3.42205,3.37205,3.46205,3.36205,3.068,0.00117,281685770,1261559739.0,-2.3174635361596625,3.45205
HK.00939,建设银行,2024-01-17,3.34205,3.26205,3.36205,3.25205,2.993,0.00262,629057232,2757649468.0,-3.2621105855488595,3.37205
HK.00939,建设银行,2024-01-18,3.29205,3.29205,3.31205,3.26205,3.013,0.0014,336156595,1469298178.0,0.9196670805168606,3.26205
HK.00939,建设银行,2024-01-19,3.29205,3.31205,3.33205,3.27205,3.027,0.00128,307234802,1347190744.0,0.6075241870566978,3.29205
HK.00939,建设银行,2024-01-22,3.31205,3.24205,3.34205,3.22205,2.979,0.00139,334468002,1454917679.0,-2.1134946634259832,3.31205
HK.00939,建设银行,2024-01-23,3.24205,3.33205,3.37205,3.23205,3.041,0.00145,347881230,1530258291.0,2.7760213445196804,3.24205
HK.00939,建设银行,2024-01-24,3.35205,3.50205,3.54205,3.35205,3.158,0.00257,618361562,2794162278.0,5.10196425623865,3.33205
HK.00939,建设银行,2024-01-25,3.50205,3.58205,3.60205,3.49205,3.213,0.00252,604842300,2804935624.0,2.2843762938850123,3.50205
HK.00939,建设银行,2024-01-26,3.58205,3.58205,3.64205,3.56205,3.213,0.00168,403528535,1887056142.0,0.0,3.58205
HK.00939,建设银行,2024-01-29,3.58205,3.61205,3.65205,3.58205,3.234,0.0016,385009317,1810147429.0,0.8375092474979356,3.58205
HK.00939,建设银行,2024-01-30,3.58205,3.57205,3.60205,3.54205,3.206,0.00138,332736293,1545889323.0,-1.107404382552845,3.61205
HK.00939,建设银行,2024-01-31,3.57205,3.56205,3.60205,3.53205,3.2,0.0014,336138254,1560355620.0,-0.2799512884757992,3.57205
HK.00939,建设银行,2024-02-01,3.56205,3.54205,3.60205,3.53205,3.186,0.00123,296098063,1372996756.0,-0.5614744318580598,3.56205
HK.00939,建设银行,2024-02-02,3.56205,3.53205,3.61205,3.52205,3.179,0.00127,305452990,1417982454.0,-0.2823223839302164,3.54205
HK.00939,建设银行,2024-02-05,3.50205,3.53205,3.57205,3.49205,3.179,0.00131,314081172,1450578491.0,0.0,3.53205
HK.00939,建设银行,2024-02-06,3.53205,3.68205,3.68205,3.53205,3.282,0.00217,521370935,2454925052.0,4.2468254979402875,3.53205
HK.00939,建设银行,2024-02-07,3.71205,3.64205,3.71205,3.62205,3.255,0.00138,331429079,1570915150.0,-1.0863513531864053,3.68205
HK.00939,建设银行,2024-02-08,3.62205,3.56205,3.65205,3.55205,3.2,0.00085,204376989,953202804.0,-2.19656512129157,3.64205
HK.00939,建设银行,2024-02-09,3.53205,3.53205,3.54205,3.48205,3.179,0.00043,104413615,479633497.0,-0.8422116477870958,3.56205
HK.00939,建设银行,2024-02-14,3.50205,3.58205,3.61205,3.45205,3.213,0.00063,150848046,697184044.0,1.4156084993134377,3.53205
HK.00939,建设银行,2024-02-15,3.55205,3.61205,3.63205,3.55205,3.234,0.00054,129208622,604044842.0,0.8375092474979356,3.58205
HK.00939,建设银行,2024-02-16,3.62205,3.64205,3.66205,3.59205,3.255,0.00091,218631689,1031418773.0,0.8305532869146275,3.61205
HK.00939,建设银行,2024-02-19,3.63205,3.65205,3.68205,3.60205,3.262,0.00081,194095711,918565459.0,0.2745706401614539,3.64205
HK.00939,建设银行,2024-02-20,3.66205,3.72205,3.72205,3.62205,3.31,0.00122,293170740,1399023342.0,1.916731698635009,3.65205
HK.00939,建设银行,2024-02-21,3.72205,3.79205,3.88205,3.71205,3.358,0.00273,655138099,3214286598.0,1.8806840316492337,3.72205
HK.00939,建设银行,2024-02-22,3.78205,3.88205,3.88205,3.77205,3.42,0.00177,424745623,2088894212.0,2.3733864268667304,3.79205
HK.00939,建设银行,2024-02-23,3.86205,3.90205,3.94205,3.86205,3.434,0.00188,450809016,2251339459.0,0.5151917157172117,3.88205
HK.00939,建设银行,2024-02-26,3.91205,3.81205,3.92205,3.79205,3.372,0.00139,334824031,1648187834.0,-2.3064799272177408,3.90205
HK.00939,建设银行,2024-02-27,3.80205,3.86205,3.87205,3.76205,3.406,0.00114,274530613,1348462003.0,1.311630225206905,3.81205
HK.00939,建设银行,2024-02-28,3.89205,3.79205,3.89205,3.77205,3.358,0.00146,351174477,1718972810.0,-1.8125089007133477,3.86205
HK.00939,建设银行,2024-02-29,3.77205,3.80205,3.84205,3.77205,3.365,0.00138,332807769,1626868958.0,0.2637096029851871,3.79205
HK.00939,建设银行,2024-03-01,3.78205,3.80205,3.84205,3.76205,3.365,0.00126,301949347,1475285918.0,0.0,3.80205
HK.00939,建设银行,2024-03-04,3.80205,3.77205,3.82205,3.75205,3.344,0.00097,234129397,1136561335.0,-0.7890480135716207,3.80205
HK.00939,建设银行,2024-03-05,3.73205,3.72205,3.81205,3.69205,3.31,0.00163,391484724,1882928646.0,-1.3255391630545794,3.77205
HK.00939,建设银行,2024-03-06,3.72205,3.76205,3.78205,3.70205,3.337,0.00132,318448678,1538385035.0,1.074676589513844,3.72205
HK.00939,建设银行,2024-03-07,3.77205,3.74205,3.83205,3.73205,3.324,0.00097,232138779,1126410984.0,-0.5316250448558636,3.76205
HK.00939,建设银行,2024-03-08,3.76205,3.78205,3.83205,3.76205,3.351,0.00118,283694634,1383649956.0,1.0689328042115964,3.74205
HK.00939,建设银行,2024-03-11,3.79205,3.78205,3.84205,3.76205,3.351,0.00104,249923302,1216759264.0,0.0,3.78205
HK.00939,建设银行,2024-03-12,3.79205,3.85205,3.87205,3.76205,3.4,0.00169,405402552,1982883029.0,1.8508480850332565,3.78205
HK.00939,建设银行,2024-03-13,3.81205,3.80205,3.83205,3.78205,3.365,0.0014,336671728,1644638166.0,-1.2980101504393833,3.85205
HK.00939,建设银行,2024-03-14,3.78205,3.77205,3.83205,3.76205,3.344,0.00088,211107182,1026814574.0,-0.7890480135716207,3.80205
HK.00939,建设银行,2024-03-15,3.74205,3.70205,3.77205,3.69205,3.296,0.00181,434614956,2082359761.0,-1.855754828276409,3.77205
HK.00939,建设银行,2024-03-18,3.71205,3.70205,3.74205,3.69205,3.296,0.00082,196586833,940372701.0,0.0,3.70205
HK.00939,建设银行,2024-03-19,3.68205,3.65205,3.68205,3.64205,3.262,0.00109,262881570,1243977949.0,-1.3506030442592571,3.70205
HK.00939,建设银行,2024-03-20,3.65205,3.64205,3.67205,3.63205,3.255,0.00114,273221878,1290870897.0,-0.2738188140907225,3.65205
HK.00939,建设银行,2024-03-21,3.69205,3.77205,3.78205,3.67205,3.344,0.00205,492137615,2371846731.0,3.5694183220988274,3.64205
HK.00939,建设银行,2024-03-22,3.75205,3.72205,3.78205,3.70205,3.31,0.00122,293884178,1413184730.0,-1.3255391630545794,3.77205
HK.00939,建设银行,2024-03-25,3.71205,3.71205,3.76205,3.68205,3.303,0.00085,204062600,979184922.0,-0.2686691473784551,3.72205
HK.00939,建设银行,2024-03-26,3.75205,3.79205,3.83205,3.74205,3.358,0.00111,266220224,1295472197.0,2.1551433843832943,3.71205
HK.00939,建设银行,2024-03-27,3.77205,3.72205,3.79205,3.72205,3.31,0.00119,285751268,1379301137.0,-1.8459672208963565,3.79205
HK.00939,建设银行,2024-03-28,3.72205,3.64205,3.73205,3.61205,3.255,0.00184,441781265,2089799276.0,-2.1493531790276883,3.72205
HK.00939,建设银行,2024-04-02,3.70205,3.77205,3.79205,3.69205,3.303,0.00184,441582827,2135479517.0,3.5694183220988274,3.64205
HK.00939,建设银行,2024-04-03,3.80205,3.74205,3.80205,3.74205,3.283,0.00111,266180860,1288199809.0,-0.79532349783275,3.77205
HK.00939,建设银行,2024-04-05,3.77205,3.73205,3.79205,3.68205,3.276,0.00092,222244549,1067622512.0,-0.2672332010528931,3.74205
HK.00939,建设银行,2024-04-08,3.72205,3.77205,3.80205,3.70205,3.303,0.00151,362585459,1757378640.0,1.0717970016478888,3.73205
HK.00939,建设银行,2024-04-09,3.78205,3.80205,3.84205,3.77205,3.324,0.00089,213907813,1044075570.0,0.7953234978327383,3.77205
HK.00939,建设银行,2024-04-10,3.83205,3.84205,3.85205,3.81205,3.351,0.00122,293235403,1441503796.0,1.052064018095502,3.80205
HK.00939,建设银行,2024-04-11,3.82205,3.81205,3.83205,3.78205,3.331,0.00098,234879769,1147962884.0,-0.7808331489699459,3.84205
HK.00939,建设银行,2024-04-12,3.78205,3.72205,3.80205,3.72205,3.269,0.00145,349142758,1685222757.0,-2.3609344053724453,3.81205
HK.00939,建设银行,2024-04-15,3.69205,3.74205,3.76205,3.69205,3.283,0.0008,192726973,928901655.0,0.5373382947569221,3.72205
HK.00939,建设银行,2024-04-16,3.70205,3.68205,3.73205,3.67205,3.242,0.00151,363712976,1736471722.0,-1.6033992063173943,3.74205
HK.00939,建设银行,2024-04-17,3.70205,3.70205,3.71205,3.67205,3.256,0.00115,276194572,1318331220.0,0.5431756765932026,3.68205
HK.00939,建设银行,2024-04-18,3.70205,3.78205,3.84205,3.68205,3.31,0.00194,466547806,2271217706.0,2.160964870814821,3.70205
HK.00939,建设银行,2024-04-19,3.76205,3.79205,3.81205,3.73205,3.317,0.00154,369341418,1794717995.0,0.2644068692904702,3.78205
HK.00939,建设银行,2024-04-22,3.84205,3.82205,3.89205,3.80205,3.337,0.00148,355018022,1747667650.0,0.791128808955573,3.79205
HK.00939,建设银行,2024-04-23,3.82205,3.83205,3.86205,3.79205,3.344,0.00153,367652724,1804286875.0,0.2616396959746793,3.82205
HK.00939,建设银行,2024-04-24,3.83205,3.85205,3.87205,3.79205,3.358,0.00152,364267646,1791013757.0,0.5219138581177181,3.83205
HK.00939,建设银行,2024-04-25,3.85205,3.91205,3.94205,3.84205,3.399,0.002,481208451,2395894187.0,1.5576121805272414,3.85205
HK.00939,建设银行,2024-04-26,3.90205,3.89205,3.94205,3.88205,3.385,0.00187,448404222,2237616689.0,-0.5112409094975785,3.91205
HK.00939,建设银行,2024-04-29,3.87205,3.99205,4.02205,3.84205,3.453,0.00275,661613033,3341533141.0,2.569340065004306,3.89205
HK.00939,建设银行,2024-04-30,4.02205,4.02205,4.07205,3.99205,3.474,0.00205,491805547,2511113998.0,0.7514935935171215,3.99205
HK.00939,建设银行,2024-05-02,4.03205,4.05205,4.06205,4.00205,3.494,0.00108,259711270,1329166960.0,0.7458882907969878,4.02205
HK.00939,建设银行,2024-05-03,4.09205,4.10205,4.15205,4.06205,3.528,0.00152,364304293,1890629113.0,1.2339433126442123,4.05205
HK.00939,建设银行,2024-05-06,4.14205,4.14205,4.17205,4.10205,3.555,0.00165,396427178,2066614245.0,0.9751221950000616,4.10205
HK.00939,建设银行,2024-05-07,4.14205,4.16205,4.17205,4.12205,3.569,0.00128,308690493,1613246282.0,0.4828526937144547,4.14205
HK.00939,建设银行,2024-05-08,4.17205,4.12205,4.21205,4.12205,3.542,0.00159,381841841,2003007004.0,-0.961064859864731,4.16205
HK.00939,建设银行,2024-05-09,4.12205,4.20205,4.20205,4.12205,3.596,0.00173,415075533,2179568973.0,1.9407818925049447,4.12205
HK.00939,建设银行,2024-05-10,4.28205,4.56205,4.56205,4.27205,3.841,0.00783,1883266621,10480741166.0,8.56724693899407,4.20205
HK.00939,建设银行,2024-05-13,4.57205,4.55205,4.60205,4.52205,3.835,0.00263,632386628,3560649419.0,-0.2191997018884007,4.56205
HK.00939,建设银行,2024-05-14,4.55205,4.48205,4.56205,4.43205,3.787,0.00239,573753450,3190992274.0,-1.5377686976197598,4.55205
HK.00939,建设银行,2024-05-16,4.54205,4.82205,4.82205,4.53205,4.019,0.00553,1329258544,7735947979.0,7.585814526834815,4.48205
HK.00939,建设银行,2024-05-17,4.82205,4.77205,4.83205,4.70205,3.985,0.00258,621421688,3632608679.0,-1.0369033917109909,4.82205
HK.00939,建设银行,2024-05-20,4.78205,4.82205,4.83205,4.74205,4.019,0.00174,418819859,2464488711.0,1.0477677308494215,4.77205
HK.00939,建设银行,2024-05-21,4.80205,4.79205,4.87205,4.78205,3.998,0.00182,437375067,2581029345.0,-0.6221420350266018,4.82205
HK.00939,建设银行,2024-05-22,4.84205,4.81205,4.85205,4.79205,4.012,0.00129,309625081,1826845206.0,0.4173579157145786,4.79205
HK.00939,建设银行,2024-05-23,4.80205,4.77205,4.81205,4.65205,3.985,0.00181,434680781,2525615715.0,-0.831246558119721,4.81205
HK.00939,建设银行,2024-05-24,4.75205,4.73205,4.79205,4.72205,3.957,0.00167,400709477,2333379041.0,-0.8382141846795409,4.77205
HK.00939,建设银行,2024-05-27,4.75205,4.75205,4.82205,4.73205,3.971,0.00147,353099668,2063995908.0,0.4226498029395203,4.73205
HK.00939,建设银行,2024-05-28,4.75205,4.76205,4.81205,4.74205,3.978,0.00101,243967485,1425834217.0,0.2104354962595233,4.75205
HK.00939,建设银行,2024-05-29,4.74205,4.61205,4.74205,4.61205,3.876,0.00247,594621139,3406176730.0,-3.1499039279302052,4.76205
HK.00939,建设银行,2024-05-30,4.60205,4.52205,4.62205,4.48205,3.814,0.0022,528289186,2961181487.0,-1.9514098936481576,4.61205
HK.00939,建设银行,2024-05-31,4.58205,4.46205,4.64205,4.46205,3.773,0.00258,621317467,3474231125.0,-1.326831857232903,4.52205
HK.00939,建设银行,2024-06-03,4.52205,4.54205,4.60205,4.51205,3.828,0.00167,401285313,2255938863.0,1.7928978832599385,4.46205
HK.00939,建设银行,2024-06-04,4.53205,4.53205,4.55205,4.48205,3.821,0.00166,399492020,2234155024.0,-0.2201649035127263,4.54205
HK.00939,建设银行,2024-06-05,4.53205,4.52205,4.62205,4.51205,3.814,0.00193,465109859,2618473183.0,-0.2206506989110841,4.53205
HK.00939,建设银行,2024-06-06,4.56205,4.51205,4.58205,4.48205,3.807,0.00136,326196844,1824613975.0,-0.221138642872144,4.52205
HK.00939,建设银行,2024-06-07,4.54205,4.58205,4.60205,4.51205,3.855,0.00155,371712008,2098971961.0,1.5514012477698471,4.51205
HK.00939,建设银行,2024-06-11,4.56205,4.46205,4.57205,4.42205,3.773,0.00203,488810768,2713231372.0,-2.6189151144138565,4.58205
HK.00939,建设银行,2024-06-12,4.44205,4.41205,4.46205,4.32205,3.739,0.00188,452192082,2471424684.0,-1.1205611770374566,4.46205
HK.00939,建设银行,2024-06-13,4.42205,4.43205,4.44205,4.37205,3.753,0.00111,266813746,1462784309.0,0.4533040196734049,4.41205
HK.00939,建设银行,2024-06-14,4.41205,4.42205,4.49205,4.38205,3.746,0.00102,246297684,1359316384.0,-0.2256292234970425,4.43205
HK.00939,建设银行,2024-06-17,4.39205,4.45205,4.47205,4.35205,3.767,0.00102,246286755,1357229765.0,0.6784183806153312,4.42205
HK.00939,建设银行,2024-06-18,4.45205,4.53205,4.54205,4.42205,3.821,0.0012,287717640,1605629870.0,1.7969250120730915,4.45205
HK.00939,建设银行,2024-06-19,4.56205,4.73205,4.74205,4.56205,3.957,0.00231,555737809,3206346655.0,4.41301397822178,4.53205
HK.00939,建设银行,2024-06-20,4.73205,4.71205,4.80205,4.68205,3.944,0.00121,291157311,1692984309.0,-0.4226498029395391,4.73205
HK.00939,建设银行,2024-06-21,4.67205,4.63205,4.72205,4.59205,3.889,0.00216,518397176,2971139231.0,-1.6977748538321975,4.71205
HK.00939,建设银行,2024-06-24,4.63205,4.70205,4.71205,4.57205,3.937,0.00164,393903098,2258059466.0,1.511209939443665,4.63205
HK.00939,建设银行,2024-06-25,4.74205,4.72205,4.78205,4.69205,3.95,0.0013,313192601,1821299933.0,0.4253463914675612,4.70205
HK.00939,建设银行,2024-06-26,4.68205,4.71205,4.75205,4.67205,3.944,0.00135,323771283,1877602616.0,-0.2117724293474375,4.72205
HK.00939,建设银行,2024-06-27,4.68205,4.64205,4.69205,4.61205,3.896,0.00141,338667886,1938192582.0,-1.485552997103159,4.71205
HK.00939,建设银行,2024-06-28,4.62205,4.69205,4.75205,4.62205,3.93,0.00194,467543421,2705966549.0,1.0771103284109351,4.64205
HK.00939,建设银行,2024-07-02,4.69205,4.78205,4.82205,4.67205,3.991,0.00287,690742407,4048572774.0,1.9181381272578055,4.69205
HK.00939,建设银行,2024-07-03,4.82205,4.72205,4.83205,4.67205,3.95,0.00285,684365870,3978912655.0,-1.254692025386594,4.78205
HK.00939,建设银行,2024-07-04,4.79044,4.90044,4.90044,4.77044,3.773,0.00325,780650023,4278022598.0,3.7778083671286704,4.72205
HK.00939,建设银行,2024-07-05,4.91044,4.72044,4.98044,4.71044,3.651,0.00263,633420297,3460648247.0,-3.6731395548154806,4.90044
HK.00939,建设银行,2024-07-08,4.72044,4.73044,4.78044,4.68044,3.658,0.00137,328949302,1768737863.0,0.2118446585487748,4.72044
HK.00939,建设银行,2024-07-09,4.71044,4.74044,4.78044,4.69044,3.664,0.00155,371610655,1998979761.0,0.2113968256652801,4.73044
HK.00939,建设银行,2024-07-10,4.75044,4.79044,4.84044,4.74044,3.698,0.00161,387235842,2105148421.0,1.054754410982943,4.74044
HK.00939,建设银行,2024-07-11,4.84044,4.89044,4.90044,4.82044,3.767,0.00143,344774002,1897328874.0,2.087490919414493,4.79044
HK.00939,建设银行,2024-07-12,4.93044,5.02044,5.04044,4.92044,3.855,0.00219,525380166,2956789621.0,2.6582475196505815,4.89044
HK.00939,建设银行,2024-07-15,4.99044,4.98044,5.05044,4.94044,3.828,0.00152,366459386,2061781769.0,-0.7967429149636295,5.02044
HK.00939,建设银行,2024-07-16,4.94044,4.83044,4.99044,4.83044,3.726,0.00155,372031744,2054021300.0,-3.011782091542102,4.98044
HK.00939,建设银行,2024-07-17,4.85044,4.82044,4.89044,4.80044,3.719,0.00111,266156776,1457610232.0,-0.2070204784657437,4.83044
HK.00939,建设银行,2024-07-18,4.81044,4.84044,4.90044,4.80044,3.732,0.00127,304300717,1669475874.0,0.4148998846578416,4.82044
HK.00939,建设银行,2024-07-19,4.78044,4.70044,4.80044,4.67044,3.637,0.00171,412134584,2205753210.0,-2.89229904719405,4.84044
HK.00939,建设银行,2024-07-22,4.68044,4.78044,4.81044,4.62044,3.692,0.00117,282311811,1515665371.0,1.7019683263694283,4.70044
HK.00939,建设银行,2024-07-23,4.77044,4.84044,4.88044,4.75044,3.732,0.00145,349494781,1916713948.0,1.2551145919622566,4.78044
HK.00939,建设银行,2024-07-24,4.83044,4.86044,4.90044,4.82044,3.746,0.00114,274655123,1512862093.0,0.4131855781705707,4.84044
HK.00939,建设银行,2024-07-25,4.86044,4.78044,4.92044,4.74044,3.692,0.00157,378252789,2056356153.0,-1.6459415196978069,4.86044
HK.00939,建设银行,2024-07-26,4.83044,4.75044,4.86044,4.72044,3.671,0.00188,452586763,2447415203.0,-0.6275572959811098,4.78044
HK.00939,建设银行,2024-07-29,4.78044,4.82044,4.86044,4.74044,3.719,0.00163,391770058,2132009892.0,1.4735477134749495,4.75044
HK.00939,建设银行,2024-07-30,4.80044,4.79044,4.81044,4.73044,3.698,0.00113,271636605,1469379497.0,-0.6223498269867349,4.82044
HK.00939,建设银行,2024-07-31,4.81044,4.83044,4.85044,4.78044,3.726,0.00101,243123211,1329160207.0,0.834996367765801,4.79044
HK.00939,建设银行,2024-08-01,4.80044,4.82044,4.87044,4.77044,3.719,0.00086,206891136,1130445539.0,-0.2070204784657437,4.83044
HK.00939,建设银行,2024-08-02,4.76044,4.76044,4.80044,4.71044,3.678,0.00148,355766409,1917299565.0,-1.2446996539734885,4.82044
HK.00939,建设银行,2024-08-05,4.68044,4.67044,4.73044,4.59044,3.617,0.00172,412321504,2183797481.0,-1.8905815428825876,4.76044
HK.00939,建设银行,2024-08-06,4.69044,4.70044,4.73044,4.66044,3.637,0.00144,345457619,1844574067.0,0.6423377668913475,4.67044
HK.00939,建设银行,2024-08-07,4.72044,4.78044,4.81044,4.71044,3.692,0.00155,373556342,2019231529.0,1.7019683263694283,4.70044
HK.00939,建设银行,2024-08-08,4.75044,4.82044,4.83044,4.73044,3.719,0.00132,318320587,1731473214.0,0.836743061308165,4.78044
HK.00939,建设银行,2024-08-09,4.86044,4.83044,4.90044,4.82044,3.726,0.00134,321233405,1767799787.0,0.20744994232893,4.82044
HK.00939,建设银行,2024-08-12,4.83044,4.91044,4.91044,4.83044,3.78,0.0011,264943115,1465166323.0,1.65616382772584,4.83044
HK.00939,建设银行,2024-08-13,4.92044,4.89044,4.95044,4.84044,3.767,0.00145,348547735,1928263959.0,-0.4072954765764465,4.91044
HK.00939,建设银行,2024-08-14,4.91044,4.87044,4.94044,4.83044,3.753,0.00072,173730111,956896059.0,-0.4089611568693118,4.89044
HK.00939,建设银行,2024-08-15,4.85044,4.94044,4.95044,4.81044,3.801,0.00116,278238817,1546311376.0,1.4372418097748745,4.87044
HK.00939,建设银行,2024-08-16,4.97044,5.00044,5.00044,4.93044,3.841,0.0014,337742716,1898679348.0,1.2144667276598946,4.94044
HK.00939,建设银行,2024-08-19,5.01044,5.04044,5.05044,4.99044,3.869,0.0012,287679380,1632060445.0,0.7999296061946555,5.00044
HK.00939,建设银行,2024-08-20,5.05044,5.06044,5.10044,5.01044,3.882,0.00112,268641419,1528053962.0,0.3967907563625312,5.04044
HK.00939,建设银行,2024-08-21,5.03044,5.01044,5.03044,4.94044,3.848,0.00083,198553206,1118387270.0,-0.9880563745445026,5.06044
HK.00939,建设银行,2024-08-22,5.01044,5.07044,5.07044,4.99044,3.889,0.00087,209417509,1190337165.0,1.197499620791779,5.01044
HK.00939,建设银行,2024-08-23,5.03044,5.09044,5.09044,5.00044,3.903,0.00079,191112441,1089829195.0,0.394443085807158,5.07044
HK.00939,建设银行,2024-08-26,5.10044,5.10044,5.13044,5.03044,3.91,0.00076,183822475,1054388683.0,0.1964466725862555,5.09044
HK.00939,建设银行,2024-08-27,5.10044,5.20044,5.21044,5.08044,3.978,0.00138,331384026,1925673799.0,1.960615162613432,5.10044
HK.00939,建设银行,2024-08-28,5.18044,5.18044,5.22044,5.12044,3.964,0.00108,260186362,1512356781.0,-0.3845828429902174,5.20044
HK.00939,建设银行,2024-08-29,5.15044,4.99044,5.17044,4.89044,3.835,0.00208,498954122,2804443243.0,-3.667642130784248,5.18044
HK.00939,建设银行,2024-08-30,4.99044,4.88044,5.06044,4.79044,3.76,0.00318,765428579,4244112409.0,-2.204214458043786,4.99044
HK.00939,建设银行,2024-09-02,4.80044,4.79044,4.84044,4.72044,3.698,0.00258,619273721,3352194436.0,-1.844096024128969,4.88044
HK.00939,建设银行,2024-09-03,4.75044,4.74044,4.79044,4.66044,3.664,0.00187,450720295,2411852050.0,-1.0437454597072464,4.79044
HK.00939,建设银行,2024-09-04,4.72044,4.77044,4.80044,4.69044,3.685,0.00145,348558769,1881118753.0,0.6328526465897545,4.74044
HK.00939,建设银行,2024-09-05,4.76044,4.72044,4.79044,4.69044,3.651,0.00131,315540539,1693518904.0,-1.048121347297101,4.77044
HK.00939,建设银行,2024-09-09,4.67044,4.70044,4.71044,4.61044,3.637,0.00175,421788785,2236236292.0,-0.4236893170975497,4.72044
HK.00939,建设银行,2024-09-10,4.67044,4.77044,4.79044,4.65044,3.685,0.00143,344156036,1857181635.0,1.4892222855732524,4.70044
HK.00939,建设银行,2024-09-11,4.72044,4.69044,4.75044,4.64044,3.63,0.0014,337411087,1795722774.0,-1.6769941556753691,4.77044
HK.00939,建设银行,2024-09-12,4.68044,4.72044,4.77044,4.63044,3.651,0.00094,225015186,1203770770.0,0.6395988436052961,4.69044
HK.00939,建设银行,2024-09-13,4.76044,4.81044,4.82044,4.70044,3.712,0.00101,242478420,1315927923.0,1.906601926939011,4.72044
HK.00939,建设银行,2024-09-16,4.77044,4.81044,4.82044,4.74044,3.712,0.00035,83125132,450980909.0,0.0,4.81044
HK.00939,建设银行,2024-09-17,4.79044,4.93044,4.94044,4.79044,3.794,0.00094,226482042,1253092499.0,2.4945743008955543,4.81044
HK.00939,建设银行,2024-09-19,4.91044,4.92044,4.95044,4.83044,3.787,0.00159,381600507,2113026427.0,-0.202821654862442,4.93044
HK.00939,建设银行,2024-09-20,4.90044,4.94044,4.98044,4.88044,3.801,0.00158,381051072,2127336337.0,0.4064677142694469,4.92044
HK.00939,建设银行,2024-09-23,4.96044,5.02044,5.03044,4.95044,3.855,0.00116,278803667,1574016432.0,1.619288970213181,4.94044
HK.00939,建设银行,2024-09-24,5.08044,5.29044,5.30044,5.08044,4.039,0.00444,1068271519,6259446496.0,5.3780146760045024,5.02044
HK.00939,建设银行,2024-09-25,5.40044,5.41044,5.52044,5.36044,4.121,0.00425,1022092300,6229900849.0,2.268242339011502,5.29044
HK.00939,建设银行,2024-09-26,5.48044,5.56044,5.56044,5.35044,4.223,0.0043,1034700728,6342070793.0,2.772417770088929,5.41044
HK.00939,建设银行,2024-09-27,5.60044,5.35044,5.64044,5.25044,4.08,0.0048,1153119316,6925685385.0,-3.77667954334549,5.56044
HK.00939,建设银行,2024-09-30,5.27044,5.24044,5.37044,5.11044,4.005,0.00578,1388623982,8162558928.0,-2.055905682523296,5.35044
HK.00939,建设银行,2024-10-02,5.16044,5.48044,5.54044,5.16044,4.168,0.00389,934522324,5648349155.0,4.579768111074629,5.24044
HK.00939,建设银行,2024-10-03,5.51044,5.42044,5.51044,5.29044,4.128,0.00214,513575898,3093756841.0,-1.0948026070899346,5.48044
HK.00939,建设银行,2024-10-04,5.34044,5.47044,5.51044,5.30044,4.162,0.00211,506470575,3068058256.0,0.9224343411235956,5.42044
HK.00939,建设银行,2024-10-07,5.51044,5.54044,5.59044,5.48044,4.209,0.00193,463907456,2855426268.0,1.2796045656290953,5.47044
HK.00939,建设银行,2024-10-08,5.59044,5.18044,5.65044,5.17044,3.964,0.00534,1282667989,7705848525.0,-6.497678884709524,5.54044
HK.00939,建设银行,2024-10-09,5.24044,5.09044,5.25044,5.04044,3.903,0.00294,706690876,4078753473.0,-1.737304167213593,5.18044
HK.00939,建设银行,2024-10-10,5.14044,5.37044,5.46044,5.14044,4.094,0.00287,689607725,4125595284.0,5.500506832415277,5.09044
HK.00939,建设银行,2024-10-14,5.46044,5.51044,5.61044,5.43044,4.189,0.00352,845213022,5219884119.0,2.6068627524001697,5.37044
HK.00939,建设银行,2024-10-15,5.51044,5.39044,5.56044,5.36044,4.107,0.00207,497133897,3024926749.0,-2.1776845406174483,5.51044
HK.00939,建设银行,2024-10-16,5.35044,5.43044,5.50044,5.35044,4.134,0.0019,456557836,2783569233.0,0.7420544519556852,5.39044
HK.00939,建设银行,2024-10-17,5.44044,5.35044,5.53044,5.34044,4.08,0.00149,357971897,2171644077.0,-1.4731771274519203,5.43044
HK.00939,建设银行,2024-10-18,5.39044,5.51044,5.53044,5.36044,4.189,0.00194,467113533,2851227907.0,2.9904082654884485,5.35044
HK.00939,建设银行,2024-10-21,5.44044,5.42044,5.50044,5.40044,4.128,0.00175,420586465,2557269904.0,-1.633263405463082,5.51044
HK.00939,建设银行,2024-10-22,5.39044,5.45044,5.48044,5.39044,4.148,0.00107,258404281,1572297038.0,0.5534606046741638,5.42044
HK.00939,建设银行,2024-10-23,5.45044,5.49044,5.51044,5.42044,4.175,0.00134,321132765,1967892102.0,0.7338857046403598,5.45044
HK.00939,建设银行,2024-10-24,5.46044,5.51044,5.52044,5.44044,4.189,0.00123,296804753,1820676871.0,0.3642695303108598,5.49044
HK.00939,建设银行,2024-10-25,5.48044,5.45044,5.53044,5.45044,4.148,0.00099,237582750,1456160122.0,-1.088842270308716,5.51044
HK.00939,建设银行,2024-10-28,5.44044,5.44044,5.49044,5.38044,4.141,0.00115,275733882,1676950856.0,-0.1834714261601022,5.45044
HK.00939,建设银行,2024-10-29,5.44044,5.41044,5.49044,5.40044,4.121,0.00108,259688886,1575637585.0,-0.551425987603932,5.44044
HK.00939,建设银行,2024-10-30,5.40044,5.33044,5.45044,5.28044,4.066,0.00172,412912654,2468622526.0,-1.478622810714102,5.41044
HK.00939,建设银行,2024-10-31,5.39044,5.39044,5.45044,5.33044,4.107,0.00144,346275672,2090230221.0,1.12561064377424,5.33044
HK.00939,建设银行,2024-11-01,5.44044,5.52044,5.55044,5.42044,4.196,0.00238,572315808,3520496244.0,2.4116769688559727,5.39044
HK.00939,建设银行,2024-11-04,5.52044,5.46044,5.52044,5.42044,4.155,0.0014,337252567,2056279870.0,-1.0868698871828988,5.52044
HK.00939,建设银行,2024-11-05,5.42044,5.54044,5.54044,5.41044,4.209,0.00151,362747987,2225083769.0,1.465083399872539,5.46044
HK.00939,建设银行,2024-11-06,5.45044,5.44044,5.51044,5.39044,4.141,0.00192,462410135,2812415141.0,-1.804910801308209,5.54044
HK.00939,建设银行,2024-11-07,5.41044,5.58044,5.59044,5.38044,4.237,0.00242,581857885,3598123231.0,2.5733212754850814,5.44044
HK.00939,建设银行,2024-11-08,5.56044,5.56044,5.62044,5.51044,4.223,0.00223,535776234,3329179336.0,-0.3583946785558211,5.58044
HK.00939,建设银行,2024-11-11,5.45044,5.41044,5.49044,5.40044,4.121,0.00153,366774617,2229517199.0,-2.6976282452467695,5.56044
HK.00939,建设银行,2024-11-12,5.41044,5.31044,5.44044,5.28044,4.053,0.00208,499169231,2984453258.0,-1.848278513392636,5.41044
HK.00939,建设银行,2024-11-13,5.30044,5.29044,5.33044,5.26044,4.039,0.00102,246327827,1460424884.0,-0.3766166268708351,5.31044
HK.00939,建设银行,2024-11-14,5.24044,5.20044,5.28044,5.19044,3.978,0.0015,361090198,2117789503.0,-1.701181754258622,5.29044
HK.00939,建设银行,2024-11-15,5.20044,5.22044,5.30044,5.18044,3.991,0.00117,280302732,1646258311.0,0.3845828429902003,5.20044
HK.00939,建设银行,2024-11-18,5.29044,5.39044,5.41044,5.28044,4.107,0.0015,361766115,2176275453.0,3.2564304924489114,5.22044
HK.00939,建设银行,2024-11-19,5.42044,5.38044,5.46044,5.36044,4.1,0.00087,208029506,1257288030.0,-0.1855136129889171,5.39044
HK.00939,建设银行,2024-11-20,5.37044,5.35044,5.41044,5.34044,4.08,0.00057,137922079,828251766.0,-0.557575216896764,5.38044
HK.00939,建设银行,2024-11-21,5.34044,5.31044,5.37044,5.29044,4.053,0.00091,219109669,1307831160.0,-0.7476020663721121,5.35044
HK.00939,建设银行,2024-11-22,5.33044,5.23044,5.36044,5.21044,3.998,0.00115,277231961,1632010998.0,-1.506466507483374,5.31044
HK.00939,建设银行,2024-11-25,5.27044,5.20044,5.29044,5.20044,3.978,0.00167,402347470,2358627100.0,-0.5735655126528431,5.23044
HK.00939,建设银行,2024-11-26,5.20044,5.20044,5.24044,5.17044,3.978,0.00092,222137477,1297749357.0,0.0,5.20044
HK.00939,建设银行,2024-11-27,5.23044,5.26044,5.27044,5.18044,4.019,0.00099,237232069,1390269976.0,1.153748528970618,5.20044
HK.00939,建设银行,2024-11-28,5.22044,5.21044,5.22044,5.16044,3.985,0.00116,279500636,1629365903.0,-0.9504908334663988,5.26044
HK.00939,建设银行,2024-11-29,5.21044,5.21044,5.23044,5.17044,3.985,0.00105,251932911,1471430279.0,0.0,5.21044
HK.00939,建设银行,2024-12-02,5.25044,5.27044,5.29044,5.20044,4.025,0.00091,219424593,1292446861.0,1.1515342274356792,5.21044
HK.00939,建设银行,2024-12-03,5.27044,5.39044,5.39044,5.26044,4.107,0.00111,268031671,1604882048.0,2.2768497506849545,5.27044
HK.00939,建设银行,2024-12-04,5.37044,5.45044,5.47044,5.36044,4.148,0.00157,378537762,2301074197.0,1.113081677933536,5.39044
HK.00939,建设银行,2024-12-05,5.42044,5.43044,5.49044,5.40044,4.134,0.00107,256444089,1557677420.0,-0.3669428523201881,5.45044
HK.00939,建设银行,2024-12-06,5.46044,5.52044,5.53044,5.43044,4.196,0.0022,529428163,3247304116.0,1.6573242683834064,5.43044
HK.00939,建设银行,2024-12-09,5.47044,5.62044,5.62044,5.45044,4.264,0.0018,433226185,2677397214.0,1.8114498119715192,5.52044
HK.00939,建设银行,2024-12-10,5.68044,5.61044,5.70044,5.60044,4.257,0.00227,546258724,3437684986.0,-0.177922013223176,5.62044
HK.00939,建设银行,2024-12-11,5.64044,5.59044,5.67044,5.58044,4.243,0.00089,213226669,1333682147.0,-0.3564782797784055,5.61044
HK.00939,建设银行,2024-12-12,5.63044,5.67044,5.69044,5.60044,4.298,0.00147,352484140,2219125222.0,1.4310143745393935,5.59044
HK.00939,建设银行,2024-12-13,5.64044,5.60044,5.66044,5.59044,4.25,0.00176,422218580,2642493010.0,-1.234472104457507,5.67044
HK.00939,建设银行,2024-12-16,5.58044,5.64044,5.68044,5.57044,4.277,0.00138,331325750,2082028098.0,0.7142295962460099,5.60044
HK.00939,建设银行,2024-12-17,5.61044,5.62044,5.69044,5.59044,4.264,0.00148,355017765,2225498482.0,-0.3545822666316737,5.64044
HK.00939,建设银行,2024-12-18,5.62044,5.64044,5.71044,5.62044,4.277,0.00118,284027133,1789140077.0,0.3558440264463204,5.62044
HK.00939,建设银行,2024-12-19,5.58044,5.62044,5.63044,5.55044,4.264,0.00098,235504104,1470068445.0,-0.3545822666316737,5.64044
HK.00939,建设银行,2024-12-20,5.62044,5.58044,5.64044,5.58044,4.237,0.00145,348329085,2173975187.0,-0.7116880528926567,5.62044
HK.00939,建设银行,2024-12-23,5.61044,5.76044,5.76044,5.61044,4.359,0.00239,574890888,3652602127.0,3.22555210700231,5.58044
HK.00939,建设银行,2024-12-24,5.73044,5.85044,5.86044,5.72044,4.42,0.00112,269903843,1745206867.0,1.5623806514780096,5.76044
HK.00939,建设银行,2024-12-27,5.83044,5.83044,5.88044,5.72044,4.407,0.00111,266566345,1721698313.0,-0.3418546297372432,5.85044
HK.00939,建设银行,2024-12-30,5.80044,5.80044,5.87044,5.78044,4.386,0.00134,322289433,2082066880.0,-0.5145409265853048,5.83044
HK.00939,建设银行,2024-12-31,5.80044,5.84044,5.86044,5.80044,4.414,0.00067,161457076,1045195565.0,0.689602857714243,5.80044
HK.00939,建设银行,2025-01-02,5.83357,5.61357,5.86357,5.57357,4.114,0.00284,683522552,4159965664.0,-3.8844676086048295,5.84044
HK.00939,建设银行,2025-01-03,5.63357,5.60357,5.66357,5.54357,4.107,0.00231,556535690,3351059531.0,-0.1781397577655536,5.61357
HK.00939,建设银行,2025-01-06,5.61357,5.60357,5.65357,5.56357,4.107,0.00136,326873884,1971849926.0,0.0,5.60357
HK.00939,建设银行,2025-01-07,5.57357,5.59357,5.63357,5.51357,4.1,0.00171,410936920,2463650408.0,-0.1784576618120354,5.60357
HK.00939,建设银行,2025-01-08,5.55357,5.60357,5.64357,5.55357,4.107,0.0015,360420843,2172073341.0,0.1787767025352445,5.59357
HK.00939,建设银行,2025-01-09,5.57357,5.52357,5.58357,5.50357,4.053,0.0012,287976707,1719181562.0,-1.4276612944961884,5.60357
HK.00939,建设银行,2025-01-10,5.55357,5.48357,5.58357,5.47357,4.025,0.00094,225432703,1336856570.0,-0.7241693325150226,5.52357
HK.00939,建设银行,2025-01-13,5.47357,5.45357,5.48357,5.37357,4.005,0.00108,258799595,1517324840.0,-0.5470888490527201,5.48357
HK.00939,建设银行,2025-01-14,5.49357,5.54357,5.54357,5.44357,4.066,0.00121,290796726,1723606957.0,1.650295127778682,5.45357
HK.00939,建设银行,2025-01-15,5.53357,5.60357,5.61357,5.52357,4.107,0.00088,211368285,1268594488.0,1.0823350295928524,5.54357
HK.00939,建设银行,2025-01-16,5.63357,5.68357,5.68357,5.60357,4.162,0.00098,234621698,1427203254.0,1.4276612944961726,5.60357
HK.00939,建设银行,2025-01-17,5.67357,5.59357,5.68357,5.55357,4.1,0.00138,332660432,2005928689.0,-1.5835117716505624,5.68357
HK.00939,建设银行,2025-01-20,5.65357,5.67357,5.69357,5.60357,4.155,0.00122,293541757,1787925322.0,1.4302136202818607,5.59357
HK.00939,建设银行,2025-01-21,5.71357,5.74357,5.74357,5.65357,4.202,0.00084,201422263,1238318628.0,1.2337910698202417,5.67357
HK.00939,建设银行,2025-01-22,5.73357,5.65357,5.73357,5.65357,4.141,0.00097,233897784,1426161769.0,-1.5669696721725312,5.74357
HK.00939,建设银行,2025-01-23,5.67357,5.81357,5.84357,5.67357,4.25,0.00204,490231066,3047139038.0,2.830070203428986,5.65357
HK.00939,建设银行,2025-01-24,5.84357,5.91357,5.93357,5.80357,4.318,0.00174,417671069,2639889199.0,1.7201134586837288,5.81357
HK.00939,建设银行,2025-01-27,5.91357,5.99357,6.00357,5.90357,4.373,0.00115,277274115,1773263413.0,1.3528207157436214,5.91357
HK.00939,建设银行,2025-01-28,5.98357,5.90357,5.98357,5.90357,4.311,0.00045,107896320,685706309.0,-1.5016092245523094,5.99357
HK.00939,建设银行,2025-02-03,5.76357,5.88357,5.89357,5.73357,4.298,0.00075,179286314,1119124706.0,-0.338778061410307,5.90357
HK.00939,建设银行,2025-02-04,5.97357,5.98357,6.03357,5.83357,4.366,0.00134,322575451,2060540446.0,1.6996483427578928,5.88357
HK.00939,建设银行,2025-02-05,5.97357,5.89357,5.97357,5.86357,4.305,0.00107,257349511,1625931300.0,-1.5041187785886996,5.98357
HK.00939,建设银行,2025-02-06,5.89357,5.91357,5.94357,5.85357,4.318,0.00123,295425501,1866043262.0,0.3393528879779077,5.89357
HK.00939,建设银行,2025-02-07,5.88357,5.87357,5.90357,5.81357,4.291,0.00158,381022393,2390337739.0,-0.6764103578718107,5.91357
HK.00939,建设银行,2025-02-10,5.84357,5.95357,5.96357,5.82357,4.346,0.00118,283813281,1802234244.0,1.3620336524464691,5.87357
HK.00939,建设银行,2025-02-11,5.90357,5.97357,5.99357,5.89357,4.359,0.00099,237733179,1518249354.0,0.3359328940450784,5.95357
HK.00939,建设银行,2025-02-12,5.99357,6.15357,6.15357,5.97357,4.482,0.00222,534866458,3486313029.0,3.013273469633747,5.97357
HK.00939,建设银行,2025-02-13,6.16357,6.10357,6.22357,6.08357,4.448,0.00197,474179288,3127837423.0,-0.8125364625737551,6.15357
HK.00939,建设银行,2025-02-14,6.14357,6.19357,6.19357,6.08357,4.509,0.00169,406995029,2677512732.0,1.4745468635568997,6.10357
HK.00939,建设银行,2025-02-17,6.12357,6.25357,6.26357,6.12357,4.55,0.00177,425311937,2825405627.0,0.9687466194779362,6.19357
HK.00939,建设银行,2025-02-18,6.25357,6.31357,6.35357,6.21357,4.591,0.00191,458795648,3083414924.0,0.959451961039862,6.25357
HK.00939,建设银行,2025-02-19,6.28357,6.30357,6.31357,6.22357,4.584,0.00131,315695214,2114053819.0,-0.1583889938656049,6.31357
HK.00939,建设银行,2025-02-20,6.27357,6.29357,6.31357,6.20357,4.577,0.00136,327191472,2192099281.0,-0.1586402625813592,6.30357
HK.00939,建设银行,2025-02-21,6.31357,6.30357,6.31357,6.18357,4.584,0.00164,393542017,2636739994.0,0.1588923297905606,6.29357
HK.00939,建设银行,2025-02-24,6.25357,6.29357,6.36357,6.22357,4.577,0.00152,366335245,2471386925.0,-0.1586402625813592,6.30357
HK.00939,建设银行,2025-02-25,6.26357,6.19357,6.28357,6.17357,4.509,0.00128,308066693,2043115800.0,-1.5889232979056347,6.29357
HK.00939,建设银行,2025-02-26,6.23357,6.29357,6.32357,6.21357,4.577,0.0014,336587733,2255958539.0,1.6145776991298983,6.19357
HK.00939,建设银行,2025-02-27,6.19357,6.27357,6.30357,6.19357,4.564,0.00213,512626820,3433364658.0,-0.3177846595811213,6.29357
HK.00939,建设银行,2025-02-28,6.23357,6.16357,6.28357,6.14357,4.489,0.00193,464707749,3075461130.0,-1.7533876245901507,6.27357
HK.00939,建设银行,2025-03-03,6.16357,6.18357,6.25357,6.14357,4.502,0.00105,253609277,1678083697.0,0.3244872695531903,6.16357
HK.00939,建设银行,2025-03-04,6.16357,6.20357,6.23357,6.12357,4.516,0.00124,299088107,1977128114.0,0.3234377552126112,6.18357
HK.00939,建设银行,2025-03-05,6.25357,6.35357,6.37357,6.22357,4.618,0.00149,357604647,2419258649.0,2.417962560267722,6.20357
HK.00939,建设银行,2025-03-06,6.35357,6.40357,6.42357,6.33357,4.652,0.00154,370944507,2526508723.0,0.7869591426552287,6.35357
HK.00939,建设银行,2025-03-07,6.39357,6.33357,6.40357,6.31357,4.604,0.00118,283013815,1918949882.0,-1.0931402327139437,6.40357
HK.00939,建设银行,2025-03-10,6.30357,6.26357,6.37357,6.25357,4.557,0.00103,247597505,1664264174.0,-1.1052218574990138,6.33357
HK.00939,建设银行,2025-03-11,6.23357,6.22357,6.28357,6.21357,4.529,0.001,241580262,1609563508.0,-0.6386134424936584,6.26357
HK.00939,建设银行,2025-03-12,6.20357,6.22357,6.24357,6.17357,4.529,0.0012,287829028,1908920128.0,0.0,6.22357
HK.00939,建设银行,2025-03-13,6.20357,6.26357,6.29357,6.19357,4.557,0.00093,222765720,1484899318.0,0.6427179255636241,6.22357
HK.00939,建设银行,2025-03-14,6.32357,6.40357,6.46357,6.27357,4.652,0.00194,466141682,3181880226.0,2.2351470487278116,6.26357
HK.00939,建设银行,2025-03-17,6.38357,6.42357,6.50357,6.38357,4.666,0.00093,223803475,1539104890.0,0.3123257807754045,6.40357
HK.00939,建设银行,2025-03-18,6.50357,6.53357,6.54357,6.46357,4.741,0.00149,357713127,2480866211.0,1.7124433920701467,6.42357
HK.00939,建设银行,2025-03-19,6.55357,6.55357,6.59357,6.53357,4.754,0.00109,262194274,1831129814.0,0.3061113602517394,6.53357
HK.00939,建设银行,2025-03-20,6.54357,6.47357,6.58357,6.47357,4.7,0.00093,222879829,1546329730.0,-1.2207087129610283,6.55357
HK.00939,建设银行,2025-03-21,6.46357,6.44357,6.51357,6.43357,4.679,0.00163,391188121,2692904227.0,-0.4634228099796459,6.47357
HK.00939,建设银行,2025-03-24,6.48357,6.55357,6.57357,6.43357,4.754,0.00089,212980780,1478257773.0,1.7071281913597498,6.44357
HK.00939,建设银行,2025-03-25,6.51357,6.44357,6.56357,6.44357,4.679,0.0009,216503044,1496330357.0,-1.678474480321404,6.55357
HK.00939,建设银行,2025-03-26,6.50357,6.39357,6.50357,6.34357,4.645,0.00107,257475563,1757230057.0,-0.7759673597089783,6.44357
HK.00939,建设银行,2025-03-27,6.34357,6.32357,6.46357,6.30357,4.598,0.00122,293721894,1992416399.0,-1.0948499820913868,6.39357
HK.00939,建设银行,2025-03-28,6.37357,6.27357,6.37357,6.24357,4.623,0.00107,257263248,1727861950.0,-0.7906925992754065,6.32357
HK.00939,建设银行,2025-03-31,6.27357,6.45357,6.57357,6.24357,4.748,0.00272,654865451,4517916740.0,2.8691797493293243,6.27357
HK.00939,建设银行,2025-04-01,6.42357,6.48357,6.50357,6.36357,4.768,0.00125,300802309,2066606834.0,0.4648589850268959,6.45357
HK.00939,建设银行,2025-04-02,6.49357,6.50357,6.51357,6.40357,4.782,0.00112,270395725,1864246212.0,0.3084720300698469,6.48357
HK.00939,建设银行,2025-04-03,6.38357,6.48357,6.52357,6.35357,4.768,0.00162,388565233,2676906902.0,-0.3075234063752611,6.50357
HK.00939,建设银行,2025-04-07,6.18357,5.85357,6.25357,5.82357,4.334,0.00478,1148539190,7407741677.0,-9.716868947200382,6.48357
HK.00939,建设银行,2025-04-08,5.85357,5.79357,5.99357,5.74357,4.292,0.00368,883706062,5515778347.0,-1.0250155033594968,5.85357
HK.00939,建设银行,2025-04-09,5.71357,5.70357,5.76357,5.60357,4.23,0.00381,915956898,5598455043.0,-1.5534463206623872,5.79357
HK.00939,建设银行,2025-04-10,5.73357,5.78357,5.88357,5.59357,4.285,0.00282,677858016,4213298216.0,1.4026302824371415,5.70357
HK.00939,建设银行,2025-04-11,5.78357,6.04357,6.10357,5.73357,4.465,0.00263,631351795,4026897294.0,4.495493267998827,5.78357
HK.00939,建设银行,2025-04-14,6.13357,6.17357,6.18357,6.05357,4.554,0.00147,352428282,2315388829.0,2.15104648411452,6.04357
HK.00939,建设银行,2025-04-15,6.17357,6.20357,6.22357,6.13357,4.575,0.00097,232004925,1536735877.0,0.4859424935653155,6.17357
HK.00939,建设银行,2025-04-16,6.21357,6.12357,6.25357,6.09357,4.52,0.00134,321094076,2112344245.0,-1.2895800321427835,6.20357
HK.00939,建设银行,2025-04-17,6.14357,6.24357,6.24357,6.12357,4.603,0.00119,286138710,1896672049.0,1.959641189698168,6.12357
HK.00939,建设银行,2025-04-22,6.24357,6.31357,6.32357,6.22357,4.651,0.00158,380936345,2556185024.0,1.121153442661815,6.24357
HK.00939,建设银行,2025-04-23,6.39357,6.38357,6.42357,6.29357,4.699,0.00121,290182087,1967258137.0,1.10872295705915,6.31357
HK.00939,建设银行,2025-04-24,6.32357,6.41357,6.42357,6.32357,4.72,0.00101,242630582,1655702518.0,0.4699564663660028,6.38357
HK.00939,建设银行,2025-04-25,6.46357,6.39357,6.46357,6.38357,4.706,0.00114,274759218,1879865990.0,-0.3118388042852822,6.41357
HK.00939,建设银行,2025-04-28,6.43357,6.44357,6.48357,6.38357,4.741,0.00125,299967961,2061452740.0,0.7820357014938417,6.39357
HK.00939,建设银行,2025-04-29,6.48357,6.36357,6.50357,6.35357,4.685,0.00195,468569944,3198307072.0,-1.2415477755343711,6.44357
HK.00939,建设银行,2025-04-30,6.31534,6.17534,6.33534,6.05534,4.403,0.00308,740738845,4699020339.0,-2.9579308469931167,6.36357
HK.00939,建设银行,2025-05-02,6.17534,6.17534,6.20534,6.10534,4.403,0.00088,212185635,1350557093.0,0.0,6.17534
HK.00939,建设银行,2025-05-06,6.12534,6.21534,6.26534,6.12534,4.43,0.00144,346399356,2224612897.0,0.6477376144471403,6.17534
HK.00939,建设银行,2025-05-07,6.37534,6.34534,6.44534,6.27534,4.52,0.00181,434355748,2860304474.0,2.091599172370295,6.21534
HK.00939,建设银行,2025-05-08,6.32534,6.40534,6.43534,6.32534,4.561,0.00152,365743201,2416967782.0,0.945575808388512,6.34534
HK.00939,建设银行,2025-05-09,6.41534,6.44534,6.45534,6.38534,4.589,0.00114,273003709,1812515967.0,0.6244789503757808,6.40534
HK.00939,建设银行,2025-05-12,6.54534,6.54534,6.58534,6.44534,4.658,0.0023,553753109,3721720537.0,1.5515085317454242,6.44534
HK.00939,建设银行,2025-05-13,6.51534,6.55534,6.57534,6.49534,4.665,0.00144,346640020,2342865921.0,0.1527804514356746,6.54534
HK.00939,建设银行,2025-05-14,6.59534,6.69534,6.72534,6.57534,4.761,0.00241,578744270,3975398445.0,2.1356634438488267,6.55534
HK.00939,建设银行,2025-05-15,6.69534,6.72534,6.77534,6.67534,4.782,0.00162,388661630,2692772890.0,0.4480728387206661,6.69534
HK.00939,建设银行,2025-05-16,6.70534,6.71534,6.72534,6.66534,4.775,0.00152,365779463,2524573202.0,-0.1486913672765955,6.72534
HK.00939,建设银行,2025-05-19,6.66534,6.64534,6.73534,6.61534,4.727,0.00133,318828829,2188946923.0,-1.0423895141571429,6.71534
HK.00939,建设银行,2025-05-20,6.69534,6.72534,6.73534,6.65534,4.782,0.00146,349816506,2417039645.0,1.203851119732024,6.64534
HK.00939,建设银行,2025-05-21,6.74534,6.76534,6.79534,6.69534,4.81,0.00152,366396021,2553774280.0,0.594765469106395,6.72534
HK.00939,建设银行,2025-05-22,6.76534,6.76534,6.79534,6.71534,4.81,0.00163,390996638,2725719388.0,0.0,6.76534
HK.00939,建设银行,2025-05-23,6.78534,6.82534,6.85534,6.76534,4.851,0.00177,425261725,2986974293.0,0.8868733869990215,6.76534
HK.00939,建设银行,2025-05-26,6.79534,6.81534,6.87534,6.79534,4.844,0.00122,292289015,2055506211.0,-0.1465128477116127,6.82534
HK.00939,建设银行,2025-05-27,6.84534,6.80534,6.86534,6.76534,4.837,0.00104,250600943,1757548355.0,-0.1467278228232162,6.81534
HK.00939,建设银行,2025-05-28,6.80534,6.79534,6.84534,6.74534,4.83,0.00092,221469021,1547529146.0,-0.1469434297184238,6.80534
HK.00939,建设银行,2025-05-29,6.75534,6.81534,6.82534,6.72534,4.844,0.00118,284342686,1985263439.0,0.2943193423728551,6.79534
HK.00939,建设银行,2025-05-30,6.75534,6.83534,6.83534,6.75534,4.858,0.00167,400402645,2810114874.0,0.2934556456464455,6.81534
HK.00939,建设银行,2025-06-02,6.75534,6.71534,6.78534,6.58534,4.775,0.00117,282105204,1942670121.0,-1.7555820193289595,6.83534
HK.00939,建设银行,2025-06-03,6.76534,6.95534,6.95534,6.75534,4.941,0.00223,535713860,3803547742.0,3.5739069056816084,6.71534
HK.00939,建设银行,2025-06-04,6.97534,7.01534,7.02534,6.94534,4.982,0.0014,336622961,2423495347.0,0.8626465420813433,6.95534
HK.00939,建设银行,2025-06-05,7.04534,7.09534,7.11534,7.01534,5.037,0.00121,290165907,2111409345.0,1.1403581294705611,7.01534
HK.00939,建设银行,2025-06-06,7.10534,7.07534,7.11534,7.02534,5.024,0.00151,363536537,2645629384.0,-0.2818751462227386,7.09534
HK.00939,建设银行,2025-06-09,7.13534,7.23534,7.23534,7.10534,5.134,0.00157,378271430,2783100641.0,2.261375425067914,7.07534
HK.00939,建设银行,2025-06-10,7.22534,7.28534,7.32534,7.19534,5.169,0.00154,370048897,2770474257.0,0.6910525282847776,7.23534
HK.00939,建设银行,2025-06-11,7.31534,7.44534,7.45534,7.29534,5.279,0.00151,361967249,2754436903.0,2.196191255315471,7.28534
HK.00939,建设银行,2025-06-12,7.41534,7.43534,7.50534,7.39534,5.272,0.00161,387811012,2970912131.0,-0.1343122006516799,7.44534
HK.00939,建设银行,2025-06-13,7.39534,7.42534,7.48534,7.39534,5.265,0.00149,357337192,2728737150.0,-0.1344928409460735,7.43534
HK.00939,建设银行,2025-06-16,7.40534,7.57534,7.58534,7.39534,5.369,0.00187,449199372,3461066075.0,2.0201095168706007,7.42534
HK.00939,建设银行,2025-06-17,7.59534,7.44534,7.59534,7.43534,5.279,0.00173,416954593,3219213613.0,-1.716094591133862,7.57534
HK.00939,建设银行,2025-06-18,7.43534,7.44534,7.45534,7.39534,5.279,0.00156,376199741,2869255373.0,0.0,7.44534
HK.00939,建设银行,2025-06-19,7.42534,7.27534,7.43534,7.24534,5.162,0.00197,474217200,3562583534.0,-2.2833074110786065,7.44534
HK.00939,建设银行,2025-06-20,7.27534,7.52534,7.52534,7.25534,5.334,0.00247,594572678,4569084315.0,3.4362655216113613,7.27534
HK.00939,建设银行,2025-06-23,7.47534,7.59534,7.61534,7.40534,5.383,0.00138,330663427,2559831970.0,0.9301905295973376,7.52534
HK.00939,建设银行,2025-06-24,7.62534,7.79534,7.79534,7.62534,5.521,0.00192,460536297,3669088710.0,2.6331935107579145,7.59534
HK.00939,建设银行,2025-06-25,7.835339999,7.905339999,7.905339999,7.79534,5.855,0.00175,420465431,3391003174.0,1.411099438895537,7.79534
HK.00939,建设银行,2025-06-26,7.88534,7.915339999,7.94534,7.86534,5.862,0.00161,386024272,3132750061.0,0.126496773083329,7.905339999
HK.00939,建设银行,2025-06-27,7.915339999,7.825339999,7.95534,7.74534,5.797,0.0021,504445996,4053103601.0,-1.1370326481410915,7.915339999
HK.00939,建设银行,2025-06-30,7.825339999,7.71534,7.825339999,7.68534,5.718,0.00217,522059442,4148271894.0,-1.4056897082306488,7.825339999
HK.00939,建设银行,2025-07-02,7.81534,7.94534,7.97534,7.80534,5.884,0.00199,478988477,3894017297.0,2.981074068025512,7.71534
HK.00939,建设银行,2025-07-03,7.985339999,7.94534,7.995339999,7.87534,5.884,0.00163,390897409,3180427552.0,0.0,7.94534
HK.00939,建设银行,2025-07-04,7.88534,8.00534,8.00534,7.84534,5.927,0.00187,450404575,3670938849.0,0.7551596281594053,7.94534
HK.00939,建设银行,2025-07-07,7.97534,7.995339999,8.01534,7.93534,5.92,0.00103,247606347,2026530191.0,-0.1249166306490512,8.00534
HK.00939,建设银行,2025-07-08,8.01534,8.03534,8.085339999,7.995339999,5.949,0.00145,349557317,2883955670.0,0.5002914323218653,7.995339999
HK.00939,建设银行,2025-07-09,8.02534,8.01534,8.06534,7.89534,5.935,0.00126,302543620,2482592120.0,-0.2489004821202285,8.03534
HK.00939,建设银行,2025-07-10,8.01534,8.27534,8.29534,7.995339999,6.122,0.00237,569921756,4788086573.0,3.243780051750765,8.01534
HK.00939,建设银行,2025-07-11,8.245339999,8.14534,8.35534,8.14534,6.028,0.00174,418900172,3551633598.0,-1.570932432987657,8.27534
HK.00939,建设银行,2025-07-14,8.12534,8.20534,8.245339999,8.11534,6.072,0.00111,265844984,2234679331.0,0.7366175015407644,8.14534
HK.00939,建设银行,2025-07-15,8.245339999,8.21534,8.30534,8.14534,6.079,0.00118,282960765,2383290971.0,0.1218718541827613,8.20534
HK.00939,建设银行,2025-07-16,8.20534,8.18534,8.27534,8.165339999,6.057,0.00152,365288433,3072178416.0,-0.365170522461631,8.21534
HK.00939,建设银行,2025-07-17,8.165339999,8.10534,8.22534,8.085339999,6.0,0.00133,320083314,2672410078.0,-0.9773570798525176,8.18534
HK.00939,建设银行,2025-07-18,8.14534,8.26534,8.26534,8.13534,6.115,0.00141,338418736,2850458594.0,1.9740072594116984,8.10534
HK.00939,建设银行,2025-07-21,8.29534,8.165339999,8.29534,8.10534,6.043,0.00146,351785854,2952600602.0,-1.2098715963287625,8.26534
HK.00939,建设银行,2025-07-22,8.19534,8.06534,8.19534,7.985339999,5.971,0.00181,435405447,3589661340.0,-1.2246887332584613,8.165339999
HK.00939,建设银行,2025-07-23,8.12534,8.17534,8.17534,8.00534,6.05,0.00162,390459466,3241220481.0,1.3638606679941505,8.06534
HK.00939,建设银行,2025-07-24,8.155339999,8.21534,8.21534,8.12534,6.079,0.00138,331374507,2776467494.0,0.4892762869801029,8.17534
HK.00939,建设银行,2025-07-25,8.14534,8.09534,8.165339999,8.085339999,5.992,0.00137,329507438,2739379261.0,-1.460682089846546,8.21534
HK.00939,建设银行,2025-07-28,8.09534,8.13534,8.20534,8.05534,6.021,0.00128,307134894,2563152771.0,0.4941114270679075,8.09534
HK.00939,建设银行,2025-07-29,8.10534,7.985339999,8.10534,7.93534,5.913,0.0015,361536602,2961314039.0,-1.8438074007970109,8.13534
HK.00939,建设银行,2025-07-30,7.94534,7.985339999,8.03534,7.905339999,5.913,0.00146,351015162,2875270187.0,0.0,7.985339999
HK.00939,建设银行,2025-07-31,7.94534,7.84534,7.95534,7.80534,5.812,0.00137,329275670,2655231051.0,-1.753212750083675,7.985339999
HK.00939,建设银行,2025-08-01,7.825339999,7.68534,7.86534,7.68534,5.696,0.0012,289432836,2298229107.0,-2.039427226863337,7.84534
HK.00939,建设银行,2025-08-04,7.67534,7.71534,7.78534,7.62534,5.718,0.00115,277272454,2192903091.0,0.3903535822748277,7.68534
HK.00939,建设银行,2025-08-05,7.72534,7.79534,7.825339999,7.70534,5.776,0.00112,268646902,2142640412.0,1.0368953280088766,7.71534
HK.00939,建设银行,2025-08-06,7.79534,7.72534,7.89534,7.72534,5.725,0.00061,147168820,1173276575.0,-0.8979723783696449,7.79534
HK.00939,建设银行,2025-08-07,7.74534,7.825339999,7.84534,7.72534,5.797,0.00059,142757534,1141018912.0,1.2944413967540531,7.72534
HK.00939,建设银行,2025-08-08,7.79534,7.73534,7.825339999,7.71534,5.732,0.00057,137530561,1095155190.0,-1.1501097589561715,7.825339999
HK.00939,建设银行,2025-08-11,7.73534,7.72534,7.74534,7.66534,5.725,0.00055,132580826,1048964778.0,-0.1292767997269646,7.73534
HK.00939,建设银行,2025-08-12,7.73534,7.74534,7.77534,7.69534,5.74,0.00047,112710242,895197925.0,0.258888281939689,7.72534
HK.00939,建设银行,2025-08-13,7.74534,7.81534,7.835339999,7.73534,5.79,0.001,239748245,1917159241.0,0.9037692341459548,7.74534
HK.00939,建设银行,2025-08-14,7.81534,7.77534,7.89534,7.76534,5.761,0.00069,165804831,1331723679.0,-0.5118139453945706,7.81534
HK.00939,建设银行,2025-08-15,7.74534,7.59534,7.75534,7.51534,5.631,0.00159,382012189,2977108425.0,-2.3150113049718692,7.77534
HK.00939,建设银行,2025-08-18,7.64534,7.50534,7.65534,7.50534,5.566,0.00101,242257473,1879569930.0,-1.1849370798410586,7.59534
HK.00939,建设银行,2025-08-19,7.49534,7.50534,7.55534,7.47534,5.566,0.00086,207650295,1602210227.0,0.0,7.50534
HK.00939,建设银行,2025-08-20,7.47534,7.54534,7.59534,7.46534,5.595,0.00068,163553942,1266864595.0,0.5329538701777672,7.50534
HK.00939,建设银行,2025-08-21,7.54534,7.53534,7.57534,7.49534,5.588,0.00061,147679361,1141909928.0,-0.1325321324155131,7.54534
HK.00939,建设银行,2025-08-22,7.56534,7.54534,7.60534,7.49534,5.595,0.00057,136754327,1056775503.0,0.1327080131752605,7.53534
HK.00939,建设银行,2025-08-25,7.60534,7.52534,7.60534,7.47534,5.581,0.00126,304061354,2350728361.0,-0.2650642648310143,7.54534
HK.00939,建设银行,2025-08-26,7.51534,7.34534,7.55534,7.34534,5.451,0.00132,316813111,2410178741.0,-2.3919185046788547,7.52534
HK.00939,建设银行,2025-08-27,7.34534,7.28534,7.42534,7.27534,5.407,0.00107,258261986,1945614786.0,-0.8168444210887514,7.34534
HK.00939,建设银行,2025-08-28,7.28534,7.32534,7.38534,7.24534,5.436,0.00111,266872449,2006983793.0,0.5490478138288678,7.28534
HK.00939,建设银行,2025-08-29,7.34534,7.30534,7.43534,7.29534,5.422,0.00111,266305855,2010042673.0,-0.2730248698353875,7.32534
HK.00939,建设银行,2025-09-01,7.41534,7.34534,7.47534,7.31534,5.451,0.00109,262715494,1992508947.0,0.5475446728009926,7.30534
HK.00939,建设银行,2025-09-02,7.32534,7.49534,7.56534,7.28534,5.559,0.00117,281581401,2167561451.0,2.0421110527218547,7.34534
HK.00939,建设银行,2025-09-03,7.49534,7.42534,7.57534,7.40534,5.509,0.00064,154465987,1182845252.0,-0.933913604986557,7.49534
HK.00939,建设银行,2025-09-04,7.46534,7.38534,7.46534,7.34534,5.48,0.00064,154566195,1174438686.0,-0.5386958711654959,7.42534
HK.00939,建设银行,2025-09-05,7.39534,7.46534,7.46534,7.36534,5.537,0.00057,136728369,1043650654.0,1.0832270416798695,7.38534
HK.00939,建设银行,2025-09-08,7.46534,7.42534,7.47534,7.39534,5.509,0.0005,119839264,914282931.0,-0.5358094875785969,7.46534
HK.00939,建设银行,2025-09-09,7.42534,7.54534,7.54534,7.41534,5.595,0.00077,185069807,1425531190.0,1.6160876134964877,7.42534
HK.00939,建设银行,2025-09-10,7.57534,7.76534,7.79534,7.52534,5.754,0.00131,315370304,2496674171.0,2.915706913141088,7.54534
HK.00939,建设银行,2025-09-11,7.69534,7.67534,7.74534,7.63534,5.689,0.00089,213126763,1681547127.0,-1.1589962577298594,7.76534
HK.00939,建设银行,2025-09-12,7.79534,7.67534,7.79534,7.64534,5.689,0.00063,150867038,1192124647.0,0.0,7.67534
HK.00939,建设银行,2025-09-15,7.64534,7.54534,7.66534,7.52534,5.595,0.00094,226837170,1765024840.0,-1.6937360429635675,7.67534
HK.00939,建设银行,2025-09-16,7.54534,7.56534,7.61534,7.50534,5.61,0.0007,167592177,1303324824.0,0.2650642648310026,7.54534
HK.00939,建设银行,2025-09-17,7.54534,7.63534,7.63534,7.52534,5.66,0.00065,155094773,1209916499.0,0.9252723605284136,7.56534
HK.00939,建设银行,2025-09-18,7.57534,7.44534,7.62534,7.44534,5.523,0.00117,280196541,2155376042.0,-2.488428806051864,7.63534
HK.00939,建设银行,2025-09-19,7.43534,7.40534,7.45534,7.34534,5.494,0.00154,370536176,2815646014.0,-0.5372488026067317,7.44534
HK.00939,建设银行,2025-09-22,7.40534,7.24534,7.40534,7.23534,5.379,0.00099,239058698,1792469640.0,-2.1606030243040855,7.40534
HK.00939,建设银行,2025-09-23,7.27534,7.29534,7.35534,7.19534,5.415,0.00087,209026344,1565762409.0,0.6900987393276328,7.24534
HK.00939,建设银行,2025-09-24,7.29534,7.26534,7.36534,7.25534,5.393,0.0006,144724730,1083774703.0,-0.4112214098314848,7.29534
HK.00939,建设银行,2025-09-25,7.26534,7.09534,7.26534,7.09534,5.27,0.00139,335038631,2455564003.0,-2.339876729788281,7.26534
HK.00939,建设银行,2025-09-26,7.03534,7.17534,7.21534,7.01534,5.328,0.00104,249995407,1837979452.0,1.1275005848909292,7.09534
HK.00939,建设银行,2025-09-29,7.24534,7.27534,7.31534,7.18534,5.4,0.00115,275337757,2052202233.0,1.3936621818617605,7.17534
HK.00939,建设银行,2025-09-30,7.26534,7.27534,7.29534,7.17534,5.4,0.00101,241913238,1801926206.0,0.0,7.27534
HK.00939,建设银行,2025-10-02,7.19534,7.19534,7.27534,7.17534,5.342,0.00102,244839565,1815625863.0,-1.0996049669156365,7.27534
HK.00939,建设银行,2025-10-03,7.15534,7.16534,7.19534,7.11534,5.321,0.00055,131942924,970405457.0,-0.4169365172458876,7.19534
HK.00939,建设银行,2025-10-06,7.10534,7.08534,7.16534,7.06534,5.263,0.00055,132618911,968428799.0,-1.116485749455004,7.16534
HK.00939,建设银行,2025-10-08,7.09534,7.07534,7.12534,6.98534,5.256,0.00094,225144953,1632631359.0,-0.1411364874515644,7.08534
HK.00939,建设银行,2025-10-09,7.06534,7.08534,7.12534,7.01534,5.263,0.00086,205898302,1500678346.0,0.141335964066754,7.07534
HK.00939,建设银行,2025-10-10,7.07534,7.13534,7.17534,7.04534,5.299,0.00073,175442480,1286283973.0,0.7056824372577719,7.08534
HK.00939,建设银行,2025-10-13,7.11534,7.11534,7.21534,6.97534,5.285,0.00156,375625111,2743375857.0,-0.2802949824395258,7.13534
HK.00939,建设银行,2025-10-14,7.08534,7.28534,7.33534,7.08534,5.407,0.00196,471098938,3507809454.0,2.389204170145066,7.11534
HK.00939,建设银行,2025-10-15,7.29534,7.28534,7.38534,7.24534,5.407,0.00131,313940094,2356734658.0,0.0,7.28534
HK.00939,建设银行,2025-10-16,7.27534,7.41534,7.44534,7.26534,5.501,0.00141,338217343,2569244796.0,1.7844053949438172,7.28534
HK.00939,建设银行,2025-10-17,7.42534,7.41534,7.51534,7.38534,5.501,0.00158,380304042,2904834271.0,0.0,7.41534
HK.00939,建设银行,2025-10-20,7.57534,7.54534,7.57534,7.44534,5.595,0.00088,211259274,1632672139.0,1.7531225810279878,7.41534
HK.00939,建设银行,2025-10-21,7.60534,7.61534,7.68534,7.57534,5.646,0.00092,221604049,1737451437.0,0.9277249269085208,7.54534
HK.00939,建设银行,2025-10-22,7.61534,7.60534,7.65534,7.57534,5.638,0.00103,247512174,1934335685.0,-0.1313139006268897,7.61534
HK.00939,建设银行,2025-10-23,7.58534,7.67534,7.68534,7.57534,5.689,0.00089,213162590,1675051809.0,0.9204059253103778,7.60534
HK.00939,建设银行,2025-10-24,7.72534,7.68534,7.72534,7.62534,5.696,0.0009,215698486,1699209467.0,0.1302873879202717,7.67534
HK.00939,建设银行,2025-10-27,7.74534,7.67534,7.74534,7.59534,5.689,0.00091,219898505,1732214304.0,-0.130117860758272,7.68534
HK.00939,建设银行,2025-10-28,7.69534,7.69534,7.73534,7.61534,5.703,0.00094,225912075,1782233783.0,0.2605747758405435,7.67534
HK.00939,建设银行,2025-10-30,7.74534,7.65534,7.76534,7.61534,5.675,0.00125,299849276,2368797519.0,-0.5197950967728526,7.69534
HK.00939,建设银行,2025-10-31,7.65534,7.49534,7.67534,7.47534,5.559,0.00169,405939201,3149471675.0,-2.090044335065459,7.65534
HK.00939,建设银行,2025-11-03,7.49534,7.73534,7.75534,7.47534,5.732,0.00118,283757075,2241819896.0,3.201989502811083,7.49534
HK.00939,建设银行,2025-11-04,7.69534,7.84534,7.88534,7.69534,5.812,0.00149,358514928,2881386537.0,1.4220447969966454,7.73534
HK.00939,建设银行,2025-11-05,7.825339999,7.81534,7.86534,7.76534,5.79,0.001,239875370,1923387980.0,-0.3823926050368785,7.84534
HK.00939,建设银行,2025-11-06,7.86534,7.93534,7.94534,7.84534,5.877,0.00107,257458423,2091428319.0,1.535441836183712,7.81534
HK.00939,建设银行,2025-11-07,7.92534,7.92534,7.97534,7.88534,5.87,0.00075,181158195,1473459430.0,-0.1260185448890632,7.93534
HK.00939,建设银行,2025-11-10,7.87534,8.085339999,8.085339999,7.87534,5.985,0.00085,204703137,1685757991.0,2.0188408194474943,7.92534
HK.00939,建设银行,2025-11-11,8.14534,8.12534,8.165339999,8.09534,6.014,0.00071,170594850,1419872796.0,0.4947225596566929,8.085339999
HK.00939,建设银行,2025-11-12,8.155339999,8.19534,8.245339999,8.13534,6.064,0.00115,276959855,2325279994.0,0.8615024109760364,8.12534
HK.00939,建设银行,2025-11-13,8.17534,8.21534,8.25534,8.14534,6.079,0.00109,262268603,2203945698.0,0.2440411258105164,8.19534
HK.00939,建设银行,2025-11-14,8.11534,8.14534,8.235339999,8.10534,6.028,0.00075,180989604,1518612214.0,-0.8520645524104942,8.21534
HK.00939,建设银行,2025-11-17,8.14534,8.03534,8.19534,7.995339999,5.949,0.00075,179821146,1483794887.0,-1.3504654194913832,8.14534
HK.00939,建设银行,2025-11-18,8.00534,7.94534,8.00534,7.905339999,5.884,0.00076,181571626,1479699200.0,-1.1200521695410506,8.03534
HK.00939,建设银行,2025-11-19,7.985339999,7.92534,8.02534,7.89534,5.87,0.00066,158680458,1293538646.0,-0.2517198760531277,7.94534
HK.00939,建设银行,2025-11-20,8.01534,8.01534,8.12534,7.95534,5.935,0.00102,245589350,2024796317.0,1.1355979680367003,7.92534
HK.00939,建设银行,2025-11-21,8.01534,7.88534,8.075339999,7.87534,5.841,0.00121,290893260,2371067361.0,-1.6218900258753826,8.01534
HK.00939,建设银行,2025-11-24,7.94534,8.00534,8.01534,7.92534,5.927,0.00164,394294937,3227831923.0,1.5218113613363546,7.88534
HK.00939,建设银行,2025-11-25,8.00534,8.01534,8.04534,7.94534,5.935,0.00091,217612312,1785016847.0,0.1249166181573772,8.00534
HK.00939,建设银行,2025-11-26,8.11534,8.00534,8.12534,7.985339999,5.927,0.00074,178027853,1465204135.0,-0.1247607712211807,8.01534
HK.00939,建设银行,2025-11-27,7.97534,8.02534,8.05534,7.93534,5.942,0.00091,219600513,1802641166.0,0.2498332363147545,8.00534
HK.00939,建设银行,2025-11-28,8.04534,7.96534,8.075339999,7.92534,5.898,0.00069,165198161,1351949697.0,-0.7476318760326617,8.02534
HK.00939,建设银行,2025-12-01,8.02534,7.94534,8.03534,7.86534,5.884,0.00096,231800284,1889799675.0,-0.2510878380583937,7.96534
HK.00939,建设银行,2025-12-02,7.95534,7.95534,8.00534,7.92534,5.891,0.00085,204396965,1665822072.0,0.1258599380265638,7.94534
HK.00939,建设银行,2025-12-03,7.97,7.84,7.97,7.82,5.66,0.001,241290667,1901419221.0,-1.4498437527497223,7.95534
HK.00939,建设银行,2025-12-04,7.88,7.92,7.96,7.84,5.718,0.00078,187100245,1479173316.0,1.020408163265307,7.84
HK.00939,建设银行,2025-12-05,7.93,7.98,8.02,7.83,5.761,0.00169,407345984,3238644353.0,0.7575757575757638,7.92
HK.00939,建设银行,2025-12-08,7.98,7.66,7.98,7.66,5.53,0.00191,458291984,3579500617.0,-4.010025062656645,7.98
HK.00939,建设银行,2025-12-09,7.66,7.61,7.74,7.6,5.494,0.0011,265462556,2031100276.0,-0.652741514360311,7.66
HK.00939,建设银行,2025-12-10,7.61,7.57,7.62,7.53,5.465,0.00125,300448445,2270936291.0,-0.5256241787122212,7.61
HK.00939,建设银行,2025-12-11,7.61,7.58,7.64,7.53,5.472,0.00092,221124311,1673437604.0,0.132100396301186,7.57
HK.00939,建设银行,2025-12-12,7.63,7.64,7.68,7.57,5.516,0.00111,266723704,2032629228.0,0.7915567282321848,7.58
HK.00939,建设银行,2025-12-15,7.59,7.55,7.62,7.55,5.451,0.00096,230201765,1744443395.0,-1.1780104712041866,7.64
HK.00939,建设银行,2025-12-16,7.55,7.39,7.55,7.37,5.335,0.00134,321860924,2389056035.0,-2.119205298013247,7.55
HK.00939,建设银行,2025-12-17,7.39,7.43,7.45,7.38,5.364,0.00092,220968959,1638587601.0,0.5412719891745607,7.39
HK.00939,建设银行,2025-12-18,7.43,7.52,7.54,7.38,5.429,0.00101,243119413,1819996456.0,1.2113055181695809,7.43
HK.00939,建设银行,2025-12-19,7.59,7.49,7.59,7.49,5.407,0.00259,623766081,4678190941.0,-0.3989361702127575,7.52
HK.00939,建设银行,2025-12-22,7.49,7.54,7.58,7.48,5.444,0.0008,191344179,1440994324.0,0.667556742323095,7.49
HK.00939,建设银行,2025-12-23,7.56,7.61,7.66,7.54,5.494,0.00075,181008090,1378194436.0,0.9283819628647252,7.54
HK.00939,建设银行,2025-12-24,7.63,7.56,7.63,7.53,5.458,0.00031,73476467,555478236.0,-0.6570302233902853,7.61
HK.00939,建设银行,2025-12-29,7.56,7.62,7.7,7.55,5.501,0.00092,220040116,1675029401.0,0.7936507936508002,7.56
HK.00939,建设银行,2025-12-30,7.64,7.72,7.79,7.59,5.574,0.00132,316867120,2450177292.0,1.3123359580052447,7.62
HK.00939,建设银行,2025-12-31,7.72,7.69,7.74,7.63,5.552,0.00084,200967550,1543446290.0,-0.3886010362694218,7.72
HK.00939,建设银行,2026-01-02,7.69,7.8,7.8,7.62,5.631,0.00055,131152850,1015592217.0,1.4304291287386142,7.69
HK.00939,建设银行,2026-01-05,7.8,7.67,7.82,7.66,5.537,0.00076,183520774,1413843452.0,-1.6666666666666652,7.8
HK.00939,建设银行,2026-01-06,7.71,7.73,7.78,7.66,5.581,0.00118,284406995,2195573946.0,0.7822685788787549,7.67
HK.00939,建设银行,2026-01-07,7.73,7.62,7.74,7.62,5.501,0.00106,253893301,1946047680.0,-1.423027166882281,7.73
HK.00939,建设银行,2026-01-08,7.62,7.61,7.63,7.55,5.494,0.00093,224164921,1702161917.0,-0.1312335958005221,7.62
HK.00939,建设银行,2026-01-09,7.64,7.59,7.66,7.56,5.48,0.00086,206567831,1568198212.0,-0.2628120893561164,7.61
HK.00939,建设银行,2026-01-12,7.65,7.72,7.72,7.53,5.574,0.00094,225905621,1728500526.0,1.7127799736495375,7.59
HK.00939,建设银行,2026-01-13,7.74,7.81,7.84,7.73,5.638,0.0012,288520443,2251762701.0,1.1658031088082883,7.72
HK.00939,建设银行,2026-01-14,7.8,7.77,7.81,7.71,5.61,0.00118,283371395,2202733255.0,-0.5121638924455831,7.81
HK.00939,建设银行,2026-01-15,7.78,7.85,7.93,7.77,5.667,0.00101,243540139,1915963241.0,1.0296010296010305,7.77
HK.00939,建设银行,2026-01-16,7.91,7.83,7.96,7.81,5.653,0.00098,235998173,1859826033.0,-0.2547770700636888,7.85
HK.00939,建设银行,2026-01-19,7.83,7.8,7.91,7.78,5.631,0.00061,147075730,1150557350.0,-0.3831417624521104,7.83
HK.00939,建设银行,2026-01-20,7.8,7.76,7.84,7.74,5.602,0.00073,176482495,1370992504.0,-0.5128205128205132,7.8
HK.00939,建设银行,2026-01-21,7.8,7.67,7.8,7.66,5.537,0.00074,178712915,1376243883.0,-1.1597938144329878,7.76
HK.00939,建设银行,2026-01-22,7.67,7.61,7.72,7.6,5.494,0.00083,199691699,1524734890.0,-0.7822685788787432,7.67
HK.00939,建设银行,2026-01-23,7.69,7.61,7.7,7.59,5.494,0.0007,168752227,1287010990.0,0.0,7.61
HK.00939,建设银行,2026-01-26,7.58,7.66,7.7,7.56,5.53,0.00064,154964771,1184303072.0,0.6570302233902736,7.61
HK.00939,建设银行,2026-01-27,7.66,7.77,7.83,7.65,5.61,0.00096,231513037,1797010615.0,1.4360313315926818,7.66
HK.00939,建设银行,2026-01-28,7.82,8.03,8.03,7.75,5.797,0.00173,415467941,3306139116.0,3.3462033462033434,7.77
HK.00939,建设银行,2026-01-29,7.96,8.16,8.2,7.95,5.891,0.00189,453785185,3682929764.0,1.6189290161893002,8.03
HK.00939,建设银行,2026-01-30,8.12,7.91,8.16,7.91,5.711,0.0014,337710885,2699740312.0,-3.063725490196078,8.16
HK.00939,建设银行,2026-02-02,7.91,7.83,7.95,7.76,5.653,0.00117,280584652,2193682932.0,-1.011378002528446,7.91
HK.00939,建设银行,2026-02-03,7.84,7.81,7.93,7.8,5.638,0.0008,192653761,1510842579.0,-0.2554278416347441,7.83
HK.00939,建设银行,2026-02-04,7.83,7.88,7.92,7.8,5.689,0.00092,221214028,1740188888.0,0.8962868117797732,7.81
HK.00939,建设银行,2026-02-05,7.84,7.92,7.94,7.83,5.718,0.00091,218756809,1726334319.0,0.5076142131979701,7.88
HK.00939,建设银行,2026-02-06,7.85,7.97,7.98,7.85,5.754,0.0011,264274016,2090949681.0,0.631313131313129,7.92
HK.00939,建设银行,2026-02-09,8.01,8.08,8.14,7.96,5.833,0.0009,215461804,1738624091.0,1.3801756587202048,7.97
HK.00939,建设银行,2026-02-10,8.12,8.12,8.18,8.08,5.862,0.00072,173428692,1410433874.0,0.4950495049504845,8.08
HK.00939,建设银行,2026-02-11,8.16,8.15,8.17,8.07,5.884,0.00065,157373539,1280926471.0,0.3694581280788317,8.12
HK.00939,建设银行,2026-02-12,8.15,8.08,8.17,8.06,5.833,0.00053,127045403,1028692608.0,-0.8588957055214758,8.15
HK.00939,建设银行,2026-02-13,8.02,7.96,8.04,7.93,5.747,0.00055,132123383,1053839734.0,-1.4851485148514865,8.08
HK.00939,建设银行,2026-02-16,8.01,8.01,8.02,7.91,5.783,0.00018,42185583,336633337.0,0.6281407035175857,7.96
HK.00939,建设银行,2026-02-20,8.02,8.04,8.14,7.92,5.805,0.00058,138825822,1117210740.0,0.3745318352059845,8.01
HK.00939,建设银行,2026-02-23,8.14,8.21,8.22,8.1,5.927,0.00089,213458608,1747475887.0,2.114427860696539,8.04
HK.00939,建设银行,2026-02-24,8.12,8.06,8.15,8.05,5.819,0.00074,178774740,1445271865.0,-1.8270401948842916,8.21
HK.00939,建设银行,2026-02-25,8.12,8.13,8.2,8.08,5.87,0.00087,208900569,1698068433.0,0.8684863523573236,8.06
HK.00939,建设银行,2026-02-26,8.18,8.0,8.18,8.0,5.776,0.00091,218839644,1761280862.0,-1.5990159901599112,8.13
HK.00939,建设银行,2026-02-27,8.0,7.99,8.03,7.89,5.768,0.0012,288324734,2296804360.0,-0.1249999999999973,8.0
HK.00939,建设银行,2026-03-02,7.9,7.78,7.93,7.78,5.617,0.00123,296783047,2325399971.0,-2.6282853566958693,7.99
HK.00939,建设银行,2026-03-03,7.8,7.95,8.03,7.77,5.74,0.00118,283188912,2247112159.0,2.1850899742930583,7.78
HK.00939,建设银行,2026-03-04,7.87,7.79,7.9,7.72,5.624,0.00152,365404516,2846941119.0,-2.012578616352203,7.95
HK.00939,建设银行,2026-03-05,7.88,7.85,7.96,7.83,5.667,0.00082,197075530,1551770804.0,0.7702182284980694,7.79
HK.00939,建设银行,2026-03-06,7.84,7.91,7.92,7.82,5.711,0.00075,179718978,1418478316.0,0.7643312101910892,7.85
HK.00939,建设银行,2026-03-09,7.79,7.92,7.92,7.75,5.718,0.00133,318596238,2499646869.0,0.1264222503160529,7.91
HK.00939,建设银行,2026-03-10,7.94,7.91,7.99,7.88,5.711,0.00128,307695865,2437349882.0,-0.1262626262626235,7.92
HK.00939,建设银行,2026-03-11,7.93,7.78,7.98,7.74,5.617,0.00122,294080455,2298448160.0,-1.6434892541087216,7.91
HK.00939,建设银行,2026-03-12,7.7,7.92,7.92,7.7,5.718,0.00096,231049023,1808444539.0,1.7994858611825153,7.78
HK.00939,建设银行,2026-03-13,7.88,7.91,7.94,7.8,5.711,0.00083,199435400,1572838528.0,-0.1262626262626235,7.92
HK.00939,建设银行,2026-03-16,7.92,8.05,8.05,7.86,5.812,0.00088,212046864,1692819667.0,1.769911504424786,7.91
HK.00939,建设银行,2026-03-17,8.05,8.11,8.12,8.04,5.855,0.00083,200344295,1620404534.0,0.7453416149068163,8.05
HK.00939,建设银行,2026-03-18,8.11,8.14,8.15,8.08,5.877,0.00067,161281410,1310707737.0,0.3699136868064259,8.11
HK.00939,建设银行,2026-03-19,8.05,8.09,8.11,8.03,5.841,0.00107,257739779,2083634527.0,-0.614250614250623,8.14
HK.00939,建设银行,2026-03-20,8.12,8.08,8.15,8.04,5.833,0.00147,352319085,2852919919.0,-0.1236093943139652,8.09
HK.00939,建设银行,2026-03-23,7.98,7.79,7.99,7.75,5.624,0.00154,371308356,2905670424.0,-3.5891089108910896,8.08
HK.00939,建设银行,2026-03-24,7.79,7.97,7.97,7.79,5.754,0.00125,301518274,2379888019.0,2.3106546854942196,7.79
HK.00939,建设银行,2026-03-25,8.0,8.08,8.08,7.95,5.833,0.00121,291465105,2336775840.0,1.3801756587202048,7.97
HK.00939,建设银行,2026-03-26,8.01,8.01,8.08,7.96,5.783,0.00097,234123645,1876116309.0,-0.8663366336633699,8.08
HK.00939,建设银行,2026-03-27,8.03,8.09,8.15,8.01,5.641,0.00105,252471333,2042424216.0,0.9987515605493142,8.01
HK.00939,建设银行,2026-03-30,7.95,8.24,8.24,7.92,5.746,0.002,480436687,3915534230.0,1.8541409147095225,8.09
HK.00939,建设银行,2026-03-31,8.27,8.39,8.39,8.24,5.85,0.00148,356073108,2966227855.0,1.8203883495145672,8.24
HK.00939,建设银行,2026-04-01,8.5,8.41,8.53,8.37,5.864,0.00114,274475215,2315218137.0,0.238379022646002,8.39
HK.00939,建设银行,2026-04-02,8.41,8.45,8.46,8.37,5.892,0.00075,180305376,1517959227.0,0.4756242568370886,8.41
