code,name,time_key,open,close,high,low,pe_ratio,turnover_rate,volume,turnover,change_rate,last_close
HK.01177,中国生物制药,2019-06-03,4.763333335,4.696666669,4.763333335,4.623333335,9.123,0.00192,36315449,188722893.0,-1.399580111476698,4.763333335
HK.01177,中国生物制药,2019-06-04,4.696666669,4.570000002,4.696666669,4.523333335,8.901,0.00262,49396609,251266540.0,-2.6969481959631976,4.696666669
HK.01177,中国生物制药,2019-06-05,4.636666669,4.143333335,4.656666669,3.990000002,8.154,0.01483,280019743,1320923152.0,-9.336250914951297,4.570000002
HK.01177,中国生物制药,2019-06-06,4.156666669,4.090000002,4.190000002,3.983333335,8.06,0.00519,98009140,448445049.0,-1.2872083582915568,4.143333335
HK.01177,中国生物制药,2019-06-10,4.103333335,4.250000002,4.290000002,4.070000002,8.341,0.0055,103784021,491608122.0,3.911980438184854,4.090000002
HK.01177,中国生物制药,2019-06-11,4.263333335,4.283333335,4.356666669,4.183333335,8.399,0.00332,62621524,299590146.0,0.7843137172779666,4.250000002
HK.01177,中国生物制药,2019-06-12,4.223333335,4.156666669,4.243333335,4.130000002,8.177,0.0026,49086413,229995999.0,-2.9571984268649083,4.283333335
HK.01177,中国生物制药,2019-06-13,4.170000002,4.190000002,4.283333335,4.130000002,8.235,0.00349,65826479,309300701.0,0.8019246106163981,4.156666669
HK.01177,中国生物制药,2019-06-14,4.243333336,4.250000002,4.303333336,4.190000002,8.585,0.00597,112699903,533616912.0,1.4319809062377298,4.190000002
HK.01177,中国生物制药,2019-06-17,4.316666669,4.330000002,4.430000002,4.283333336,8.73,0.00346,65303965,316410274.0,1.8823529402906591,4.250000002
HK.01177,中国生物制药,2019-06-18,4.403333336,4.450000002,4.476666669,4.343333336,8.948,0.00339,63992144,314550632.0,2.771362585325008,4.330000002
HK.01177,中国生物制药,2019-06-19,4.516666669,4.616666669,4.670000002,4.510000002,9.25,0.00428,80832170,410533632.0,3.745318357867259,4.450000002
HK.01177,中国生物制药,2019-06-20,4.623333336,4.703333336,4.730000002,4.583333336,9.407,0.0028,52844659,273432562.0,1.8772563239609592,4.616666669
HK.01177,中国生物制药,2019-06-21,4.703333336,4.636666669,4.776666669,4.590000002,9.286,0.0029,54707017,282327840.0,-1.4174344499405005,4.703333336
HK.01177,中国生物制药,2019-06-24,4.596666669,4.750000002,4.876666669,4.590000002,9.492,0.00402,75861734,400672125.0,2.4442846788562176,4.636666669
HK.01177,中国生物制药,2019-06-25,4.730000002,4.730000002,4.816666669,4.636666669,9.455,0.00268,50650060,262389028.0,-0.4210526314016717,4.750000002
HK.01177,中国生物制药,2019-06-26,4.736666669,4.876666669,4.950000003,4.616666669,9.721,0.00472,89204024,477808101.0,3.1007751995345534,4.730000002
HK.01177,中国生物制药,2019-06-27,4.910000003,4.956666669,4.970000003,4.876666669,9.866,0.00389,73529192,398020857.0,1.6404647975746252,4.876666669
HK.01177,中国生物制药,2019-06-28,4.976666669,4.843333336,4.976666669,4.823333336,9.661,0.00253,47747189,255465543.0,-2.28648284357731,4.956666669
HK.01177,中国生物制药,2019-07-02,4.943333336,5.056666669,5.110000003,4.883333336,10.048,0.00503,94963873,525939257.0,4.4046799631632965,4.843333336
HK.01177,中国生物制药,2019-07-03,5.056666669,5.143333336,5.183333336,4.990000003,10.205,0.00339,64104880,359008062.0,1.7139090367833034,5.056666669
HK.01177,中国生物制药,2019-07-04,5.150000003,5.303333336,5.436666669,5.143333336,10.495,0.00459,86650970,504124590.0,3.1108230703248987,5.143333336
HK.01177,中国生物制药,2019-07-05,5.370000003,5.383333336,5.396666669,5.270000003,10.64,0.00312,58866758,343083318.0,1.508485228656954,5.303333336
HK.01177,中国生物制药,2019-07-08,5.316666669,5.183333336,5.383333336,5.076666669,10.278,0.00409,77178778,435808833.0,-3.7151702767974424,5.383333336
HK.01177,中国生物制药,2019-07-09,5.150000003,5.143333336,5.190000003,5.063333336,10.205,0.0027,51013462,287064922.0,-0.7717041796672741,5.183333336
HK.01177,中国生物制药,2019-07-10,5.170000003,5.330000003,5.456666669,5.143333336,10.544,0.00406,76657915,445142309.0,3.629293588526611,5.143333336
HK.01177,中国生物制药,2019-07-11,5.383333336,5.290000003,5.416666669,5.276666669,10.471,0.00211,39930551,231671948.0,-0.7504690427295677,5.330000003
HK.01177,中国生物制药,2019-07-12,5.236666669,5.196666669,5.303333336,5.190000003,10.302,0.00279,52612915,300768903.0,-1.764335235294336,5.290000003
HK.01177,中国生物制药,2019-07-15,5.183333336,5.510000003,5.51666667,5.056666669,10.87,0.00843,159190558,931647138.0,6.029506103771232,5.196666669
HK.01177,中国生物制药,2019-07-16,5.550000003,5.470000003,5.55666667,5.390000003,10.798,0.00526,99279103,590897405.0,-0.7259528126718957,5.510000003
HK.01177,中国生物制药,2019-07-17,5.383333336,5.430000003,5.496666669,5.356666669,10.725,0.00185,34840558,205955962.0,-0.7312614255587239,5.470000003
HK.01177,中国生物制药,2019-07-18,5.383333336,5.403333336,5.476666669,5.363333336,10.677,0.00156,29506658,174117056.0,-0.4910988395076757,5.430000003
HK.01177,中国生物制药,2019-07-19,5.463333336,5.51666667,5.61666667,5.390000003,10.882,0.00296,55903423,336568696.0,2.097470708403469,5.403333336
HK.01177,中国生物制药,2019-07-22,5.416666669,5.443333336,5.496666669,5.363333336,10.749,0.00174,32909038,195055220.0,-1.3293051472330475,5.51666667
HK.01177,中国生物制药,2019-07-23,5.550000003,5.77666667,5.77666667,5.456666669,11.354,0.0046,86798500,535244042.0,6.123698723270688,5.443333336
HK.01177,中国生物制药,2019-07-24,5.783333336,5.683333336,5.843333336,5.65666667,11.185,0.00335,63339938,394067270.0,-1.6156953366326128,5.77666667
HK.01177,中国生物制药,2019-07-25,5.71666667,5.910000003,5.963333336,5.69666667,11.596,0.00425,80222141,510658101.0,3.988269798715196,5.683333336
HK.01177,中国生物制药,2019-07-26,5.850000003,5.81666667,6.023333336,5.810000003,11.426,0.00425,80313896,513292240.0,-1.5792442123963284,5.910000003
HK.01177,中国生物制药,2019-07-29,5.81666667,5.850000003,5.883333336,5.69666667,11.487,0.00257,48465296,304518493.0,0.5730658965197305,5.81666667
HK.01177,中国生物制药,2019-07-30,5.850000003,5.903333336,6.01666667,5.850000003,11.584,0.00234,44209310,283693559.0,0.9116809055153828,5.850000003
HK.01177,中国生物制药,2019-07-31,5.883333336,5.970000003,5.970000003,5.723333336,11.704,0.00163,30767071,194069316.0,1.1293054822679556,5.903333336
HK.01177,中国生物制药,2019-08-01,5.863333336,5.91666667,6.063333336,5.85666667,11.608,0.00306,57810017,372185147.0,-0.8933556611926239,5.970000003
HK.01177,中国生物制药,2019-08-02,5.663333336,5.603333336,5.81666667,5.590000003,11.039,0.00549,103723135,638685687.0,-5.295774656171383,5.91666667
HK.01177,中国生物制药,2019-08-05,5.450000003,5.496666669,5.61666667,5.390000003,10.846,0.00467,88151953,528046512.0,-1.9036287974283868,5.603333336
HK.01177,中国生物制药,2019-08-06,5.383333336,5.663333336,5.73666667,5.303333336,11.148,0.00487,91892290,554480493.0,3.0321406961052224,5.496666669
HK.01177,中国生物制药,2019-08-07,5.743333336,5.690000003,5.77666667,5.623333336,11.197,0.00346,65376352,404354494.0,0.470865220496351,5.663333336
HK.01177,中国生物制药,2019-08-08,5.67666667,5.81666667,5.85666667,5.65666667,11.426,0.00232,43821182,274808178.0,2.2261277141162825,5.690000003
HK.01177,中国生物制药,2019-08-09,5.850000003,5.730000003,5.970000003,5.730000003,11.269,0.00233,43992374,277973655.0,-1.4899713515816826,5.81666667
HK.01177,中国生物制药,2019-08-12,5.730000003,5.803333336,5.903333336,5.730000003,11.402,0.00226,42630983,269155055.0,1.2798138387714744,5.730000003
HK.01177,中国生物制药,2019-08-13,5.73666667,5.590000003,5.803333336,5.530000003,11.015,0.0028,52961758,324011757.0,-3.676048240700258,5.803333336
HK.01177,中国生物制药,2019-08-14,5.730000003,5.563333336,5.79666667,5.563333336,10.967,0.00351,66273244,405876981.0,-0.477042343214463,5.590000003
HK.01177,中国生物制药,2019-08-15,5.443333336,5.55666667,5.630000003,5.423333336,10.955,0.00341,64317307,386438148.0,-0.1198322228305195,5.563333336
HK.01177,中国生物制药,2019-08-16,5.550000003,5.79666667,5.910000003,5.51666667,11.39,0.00489,92345500,577600270.0,4.319136170174471,5.55666667
HK.01177,中国生物制药,2019-08-19,5.87666667,6.13666667,6.183333337,5.870000003,12.007,0.00489,92418800,607526235.0,5.8654399046202315,5.79666667
HK.01177,中国生物制药,2019-08-20,6.183333337,6.250000003,6.410000003,6.163333336,12.212,0.00379,71567491,486042844.0,1.8468223727067763,6.13666667
HK.01177,中国生物制药,2019-08-21,6.263333337,6.490000003,6.730000003,6.250000003,12.648,0.00798,150629053,1059231583.0,3.8399999981567894,6.250000003
HK.01177,中国生物制药,2019-08-22,6.543333337,6.55666667,6.703333337,6.43666667,12.769,0.00394,74470715,523062293.0,1.0272213708657016,6.490000003
HK.01177,中国生物制药,2019-08-23,6.55666667,6.703333337,6.823333337,6.39666667,13.035,0.00383,72281701,518641145.0,2.2369090024214984,6.55666667
HK.01177,中国生物制药,2019-08-26,6.410000003,6.75666667,6.890000004,6.330000003,13.131,0.00529,99917539,719768869.0,0.7956240622202003,6.703333337
HK.01177,中国生物制药,2019-08-27,6.903333337,6.850000004,6.970000004,6.743333337,13.301,0.00475,89653898,657179019.0,1.381351760542,6.75666667
HK.01177,中国生物制药,2019-08-28,6.91666667,6.59666667,6.930000004,6.51666667,12.841,0.00473,89404546,640648734.0,-3.6982968445557343,6.850000004
HK.01177,中国生物制药,2019-08-29,6.450000003,7.290000004,7.370000004,6.223333337,14.099,0.00998,188536741,1389862069.0,10.51035877184924,6.59666667
HK.01177,中国生物制药,2019-08-30,7.31666667,7.290000004,7.623333337,7.143333337,14.099,0.00517,97532185,762395351.0,0.0,7.290000004
HK.01177,中国生物制药,2019-09-02,7.290000004,7.39666667,7.676666671,7.210000004,14.292,0.00511,96566992,770644879.0,1.4631915767005772,7.290000004
HK.01177,中国生物制药,2019-09-03,7.450000004,7.303333337,7.556666671,7.263333337,14.123,0.00267,50395103,396355322.0,-1.2618296479216675,7.39666667
HK.01177,中国生物制药,2019-09-04,7.39666667,7.303333337,7.503333337,7.27666667,14.123,0.00398,75067078,588390942.0,0.0,7.303333337
HK.01177,中国生物制药,2019-09-05,7.19666667,7.383333337,7.636666671,7.19666667,14.268,0.00535,101107601,800035115.0,1.0953902322204807,7.303333337
HK.01177,中国生物制药,2019-09-06,7.463333337,7.130000004,7.463333337,7.11666667,13.808,0.00406,76742101,594240861.0,-3.431151235316353,7.383333337
HK.01177,中国生物制药,2019-09-09,7.250000004,6.810000003,7.250000004,6.663333337,13.228,0.00916,172986088,1270016495.0,-4.488078552881868,7.130000004
HK.01177,中国生物制药,2019-09-10,6.770000003,6.810000003,6.983333337,6.67666667,13.228,0.00518,97818179,714140790.0,0.0,6.810000003
HK.01177,中国生物制药,2019-09-11,6.810000003,6.690000003,6.850000004,6.490000003,13.01,0.00422,79597562,567801942.0,-1.7621145366686737,6.810000003
HK.01177,中国生物制药,2019-09-12,6.770000003,6.75666667,6.983333337,6.650000003,13.107,0.00251,47447857,345917650.0,0.996512211810244,6.690000003
HK.01177,中国生物制药,2019-09-13,6.83666667,6.863333337,6.863333337,6.690000003,13.301,0.00215,40675334,296924206.0,1.5786877199907778,6.75666667
HK.01177,中国生物制药,2019-09-16,6.71666667,6.71666667,6.943333337,6.63666667,13.035,0.00418,78890092,570665803.0,-2.136959692884575,6.863333337
HK.01177,中国生物制药,2019-09-17,6.71666667,6.730000003,6.75666667,6.530000003,13.059,0.00441,83236214,593175747.0,0.1985111611917968,6.71666667
HK.01177,中国生物制药,2019-09-18,6.79666667,6.71666667,6.890000003,6.610000003,13.035,0.00469,88517629,635520792.0,-0.1981178750974124,6.730000003
HK.01177,中国生物制药,2019-09-19,6.770000003,6.703333336,6.770000003,6.583333336,13.01,0.00365,68862679,491327803.0,-0.1985111760801487,6.71666667
HK.01177,中国生物制药,2019-09-20,6.730000003,6.650000003,6.823333336,6.59666667,12.914,0.0043,81105662,580641509.0,-0.7956240623388912,6.703333336
HK.01177,中国生物制药,2019-09-23,6.663333336,6.43666667,6.663333336,6.370000003,12.527,0.0048,90701512,629055443.0,-3.2080200436655484,6.650000003
HK.01177,中国生物制药,2019-09-24,6.490000003,6.51666667,6.610000003,5.850000003,12.672,0.02336,441025790,2939936057.0,1.2428793364873758,6.43666667
HK.01177,中国生物制药,2019-09-25,6.450000003,6.143333336,6.450000003,6.090000003,11.995,0.00789,148929373,998596896.0,-5.728900263054268,6.51666667
HK.01177,中国生物制药,2019-09-26,6.143333336,6.23666667,6.343333336,6.063333336,12.164,0.00491,92693666,620987640.0,1.519262082899933,6.143333336
HK.01177,中国生物制药,2019-09-27,6.130000003,6.223333336,6.23666667,6.070000003,12.14,0.00187,35350808,234923558.0,-0.2137894279990494,6.23666667
HK.01177,中国生物制药,2019-09-30,6.19666667,6.170000003,6.290000003,6.110000003,12.043,0.00182,34404895,228735565.0,-0.8569898175224376,6.223333336
HK.01177,中国生物制药,2019-10-02,6.190000003,6.23666667,6.263333336,6.123333336,12.164,0.00179,33863141,225957403.0,1.0804970335102897,6.170000003
HK.01177,中国生物制药,2019-10-03,6.136666669,6.31666667,6.330000003,6.136666669,12.309,0.00187,35328608,237811934.0,1.2827365038574374,6.23666667
HK.01177,中国生物制药,2019-10-04,6.39666667,6.330000003,6.51666667,6.183333336,12.333,0.00324,61255466,417434298.0,0.2110817888068214,6.31666667
HK.01177,中国生物制药,2019-10-08,6.330000003,6.51666667,6.71666667,6.27666667,12.672,0.00518,97905050,691056434.0,2.9489204883338433,6.330000003
HK.01177,中国生物制药,2019-10-09,6.450000003,6.530000003,6.610000003,6.410000003,12.696,0.00254,47884463,335394548.0,0.2046035753429044,6.51666667
HK.01177,中国生物制药,2019-10-10,6.59666667,6.770000003,6.823333336,6.55666667,13.131,0.00366,69116002,498507808.0,3.675344561864317,6.530000003
HK.01177,中国生物制药,2019-10-11,6.87666667,6.743333336,6.95666667,6.463333336,13.083,0.00739,139518422,997272088.0,-0.393894637934755,6.770000003
HK.01177,中国生物制药,2019-10-14,6.863333337,6.970000003,6.99666667,6.823333336,13.494,0.00357,67377860,497877698.0,3.3613445414290273,6.743333336
HK.01177,中国生物制药,2019-10-15,7.03666667,7.07666667,7.250000003,6.970000003,13.688,0.00329,62171620,470840707.0,1.5303682489826225,6.970000003
HK.01177,中国生物制药,2019-10-16,7.010000003,7.090000003,7.15666667,7.010000003,13.712,0.00216,40821029,308450990.0,0.1884126188467243,7.07666667
HK.01177,中国生物制药,2019-10-17,7.15666667,7.023333337,7.290000003,6.903333337,13.591,0.0036,68042999,511235903.0,-0.9402914805612266,7.090000003
HK.01177,中国生物制药,2019-10-18,6.930000003,6.970000003,7.090000003,6.930000003,13.494,0.00278,52550764,392744647.0,-0.7593735259443288,7.023333337
HK.01177,中国生物制药,2019-10-21,6.983333337,6.983333337,7.143333337,6.930000003,13.518,0.00216,40824277,305401525.0,0.1912960400898347,6.970000003
HK.01177,中国生物制药,2019-10-22,7.063333337,6.890000003,7.090000003,6.83666667,13.349,0.0019,35920247,265626449.0,-1.3365155219712868,6.983333337
HK.01177,中国生物制药,2019-10-23,7.010000003,6.730000003,7.010000003,6.663333336,13.059,0.00266,50307637,363817965.0,-2.322206094779883,6.890000003
HK.01177,中国生物制药,2019-10-24,6.75666667,6.810000003,6.810000003,6.663333336,13.204,0.00159,30101092,216868859.0,1.1887072803022118,6.730000003
HK.01177,中国生物制药,2019-10-25,6.83666667,7.063333337,7.130000003,6.83666667,13.663,0.00332,62761145,469371599.0,3.7200195872011745,6.810000003
HK.01177,中国生物制药,2019-10-28,7.130000003,7.15666667,7.383333337,7.07666667,13.833,0.00301,56747348,436382999.0,1.3213780030894138,7.063333337
HK.01177,中国生物制药,2019-10-29,7.303333337,7.290000003,7.450000003,7.170000003,14.074,0.0033,62378927,487292770.0,1.8630647359743584,7.15666667
HK.01177,中国生物制药,2019-10-30,7.370000003,7.263333337,7.370000003,7.07666667,14.026,0.00265,50075120,384867046.0,-0.3657978873666203,7.290000003
HK.01177,中国生物制药,2019-10-31,7.263333337,7.343333337,7.43666667,7.23666667,14.171,0.00252,47529961,371225131.0,1.1014226703939594,7.263333337
HK.01177,中国生物制药,2019-11-01,7.343333337,7.343333337,7.370000003,7.223333337,14.171,0.0015,28266289,220080293.0,0.0,7.343333337
HK.01177,中国生物制药,2019-11-04,7.383333337,7.63666667,7.663333337,7.343333337,14.703,0.00345,65155382,525305303.0,3.994552875899232,7.343333337
HK.01177,中国生物制药,2019-11-05,7.663333337,7.410000003,7.67666667,7.31666667,14.292,0.00349,65875024,523100644.0,-2.9681361881413624,7.63666667
HK.01177,中国生物制药,2019-11-06,7.490000003,7.423333337,7.490000003,7.290000003,14.316,0.00261,49319932,387588887.0,0.1799370309662802,7.410000003
HK.01177,中国生物制药,2019-11-07,7.463333337,7.59666667,7.610000004,7.39666667,14.439,0.00278,52462012,419623794.0,2.3349797878004197,7.423333337
HK.01177,中国生物制药,2019-11-08,7.63666667,7.39666667,7.63666667,7.31666667,14.081,0.00279,52647316,416917249.0,-2.632733653956679,7.59666667
HK.01177,中国生物制药,2019-11-11,7.47666667,7.170000003,7.47666667,7.050000003,13.675,0.00412,77732569,599915993.0,-3.0644434461178705,7.39666667
HK.01177,中国生物制药,2019-11-12,7.19666667,7.050000003,7.263333337,6.87666667,13.46,0.00371,69988949,524245820.0,-1.6736401666637504,7.170000003
HK.01177,中国生物制药,2019-11-13,6.87666667,7.11666667,7.15666667,6.863333337,13.579,0.00334,63020042,472889970.0,0.9456264818671064,7.050000003
HK.01177,中国生物制药,2019-11-14,7.170000003,7.063333337,7.303333337,6.99666667,13.484,0.00185,34923271,264941896.0,-0.7494145148714606,7.11666667
HK.01177,中国生物制药,2019-11-15,7.170000003,6.99666667,7.170000003,6.970000003,13.365,0.00171,32271583,241283967.0,-0.9438414388682372,7.063333337
HK.01177,中国生物制药,2019-11-18,6.99666667,6.95666667,7.023333337,6.83666667,13.293,0.00244,46118029,340849881.0,-0.5717008096371131,6.99666667
HK.01177,中国生物制药,2019-11-19,7.023333337,7.31666667,7.31666667,6.87666667,13.937,0.00337,63540386,488557722.0,5.174892187266467,6.95666667
HK.01177,中国生物制药,2019-11-20,7.27666667,7.23666667,7.423333337,7.143333337,13.794,0.00212,40091707,309708143.0,-1.0933940769506187,7.31666667
HK.01177,中国生物制药,2019-11-21,7.15666667,7.07666667,7.19666667,6.983333337,13.508,0.00231,43641964,328301853.0,-2.210962688986201,7.23666667
HK.01177,中国生物制药,2019-11-22,7.010000003,7.03666667,7.103333337,6.87666667,13.436,0.00241,45596795,340141572.0,-0.5652378706711084,7.07666667
HK.01177,中国生物制药,2019-11-25,7.090000003,6.890000003,7.090000003,6.810000003,13.174,0.00326,61538498,452391589.0,-2.0843202311301163,7.03666667
HK.01177,中国生物制药,2019-11-26,6.943333337,6.99666667,7.11666667,6.903333337,13.365,0.00379,71566702,533746050.0,1.5481374013578475,6.890000003
HK.01177,中国生物制药,2019-11-27,6.79666667,6.650000003,6.890000003,6.570000003,12.744,0.0095,179381108,1279517637.0,-4.954740354952483,6.99666667
HK.01177,中国生物制药,2019-11-28,6.543333336,6.610000003,6.770000003,6.330000003,12.673,0.00848,160131142,1125914372.0,-0.6015037591271417,6.650000003
HK.01177,中国生物制药,2019-11-29,6.463333336,6.263333336,6.610000003,6.190000003,12.052,0.01005,189681722,1286191882.0,-5.244578923489602,6.610000003
HK.01177,中国生物制药,2019-12-02,6.23666667,6.23666667,6.370000003,6.136666669,12.004,0.0051,96370601,648153111.0,-0.425758371292913,6.263333336
HK.01177,中国生物制药,2019-12-03,6.19666667,6.31666667,6.343333336,6.190000003,12.147,0.00267,50349010,340929643.0,1.2827365038574374,6.23666667
HK.01177,中国生物制药,2019-12-04,6.330000003,6.27666667,6.343333336,6.250000003,12.076,0.00211,39851881,269587750.0,-0.6332453822515861,6.31666667
HK.01177,中国生物制药,2019-12-05,6.39666667,6.43666667,6.51666667,6.330000003,12.362,0.00389,73439831,506670039.0,2.5491237373610627,6.27666667
HK.01177,中国生物制药,2019-12-06,6.450000003,6.610000003,6.650000003,6.39666667,12.673,0.00988,186491519,1318985339.0,2.6929052238773075,6.43666667
HK.01177,中国生物制药,2019-12-09,6.650000003,6.27666667,6.703333336,6.223333336,12.076,0.00668,126206396,865021817.0,-5.042864339617455,6.610000003
HK.01177,中国生物制药,2019-12-10,6.343333337,6.290000004,6.39666667,6.23666667,12.076,0.00234,44108951,297559237.0,0.2124269887347763,6.27666667
HK.01177,中国生物制药,2019-12-11,6.303333337,6.35666667,6.410000004,6.290000004,12.195,0.00166,31387754,213771650.0,1.0598834015517389,6.290000004
HK.01177,中国生物制药,2019-12-12,6.43666667,6.423333337,6.490000004,6.35666667,12.315,0.00251,47373553,325530408.0,1.0487677026487812,6.35666667
HK.01177,中国生物制药,2019-12-13,6.530000004,6.43666667,6.530000004,6.383333337,12.338,0.00222,41959051,289062918.0,0.2075765385426436,6.423333337
HK.01177,中国生物制药,2019-12-16,6.43666667,6.410000004,6.503333337,6.343333337,12.291,0.00157,29675900,204670922.0,-0.4142931018051392,6.43666667
HK.01177,中国生物制药,2019-12-17,6.490000004,6.663333337,6.783333337,6.43666667,12.744,0.00488,92201927,656645313.0,3.9521580786570074,6.410000004
HK.01177,中国生物制药,2019-12-18,6.690000004,6.623333337,6.71666667,6.490000004,12.673,0.00291,55034911,387422715.0,-0.6003001497447078,6.663333337
HK.01177,中国生物制药,2019-12-19,6.663333337,6.610000004,6.690000004,6.543333337,12.649,0.00206,38853529,274828825.0,-0.2013085001401958,6.623333337
HK.01177,中国生物制药,2019-12-20,6.690000004,6.71666667,6.810000004,6.570000004,12.84,0.00356,67145108,481695802.0,1.613716579961452,6.610000004
HK.01177,中国生物制药,2019-12-23,6.770000004,6.890000004,6.916666671,6.730000004,13.15,0.00329,62128681,454373973.0,2.5806451699351576,6.71666667
HK.01177,中国生物制药,2019-12-24,6.83666667,6.890000004,6.983333337,6.83666667,13.15,0.00097,18327497,134807103.0,0.0,6.890000004
HK.01177,中国生物制药,2019-12-27,6.983333337,6.996666671,7.050000004,6.890000004,13.341,0.0024,45283595,336936464.0,1.5481374011331543,6.890000004
HK.01177,中国生物制药,2019-12-30,7.063333337,6.79666667,7.063333337,6.730000004,12.983,0.00346,65291141,476269896.0,-2.8585040620695343,6.996666671
HK.01177,中国生物制药,2019-12-31,6.79666667,6.810000004,6.850000004,6.690000004,13.007,0.0015,28412687,205128401.0,0.1961746051024209,6.79666667
HK.01177,中国生物制药,2020-01-02,6.810000004,6.876666671,6.916666671,6.743333337,13.126,0.00203,38330249,280038720.0,0.9789525251224918,6.810000004
HK.01177,中国生物制药,2020-01-03,6.943333337,6.75666667,6.956666671,6.690000004,12.911,0.00267,50440714,365424121.0,-1.7450315209556173,6.876666671
HK.01177,中国生物制药,2020-01-06,6.730000004,6.543333337,6.730000004,6.39666667,12.529,0.00359,67720573,473958032.0,-3.1573754251813706,6.75666667
HK.01177,中国生物制药,2020-01-07,6.55666667,6.67666667,6.743333337,6.543333337,12.768,0.00261,49351088,352387583.0,2.037697395699717,6.543333337
HK.01177,中国生物制药,2020-01-08,6.450000004,6.623333337,6.663333337,6.43666667,12.673,0.00149,28067888,197814930.0,-0.7988017919127347,6.67666667
HK.01177,中国生物制药,2020-01-09,6.743333337,6.810000004,6.850000004,6.703333337,13.007,0.00223,42028972,304805325.0,2.8183190774533697,6.623333337
HK.01177,中国生物制药,2020-01-10,6.863333337,6.863333337,6.930000004,6.79666667,13.102,0.0018,33900190,248392440.0,0.7831620112874279,6.810000004
HK.01177,中国生物制药,2020-01-13,6.943333337,6.930000004,6.983333337,6.83666667,13.221,0.00187,35285026,260548510.0,0.9713453175966557,6.863333337
HK.01177,中国生物制药,2020-01-14,6.996666671,6.83666667,6.996666671,6.743333337,13.054,0.00246,46431322,339065058.0,-1.3468013556439882,6.930000004
HK.01177,中国生物制药,2020-01-15,6.75666667,6.75666667,6.863333337,6.610000004,12.911,0.00213,40253644,288631815.0,-1.1701608965528107,6.83666667
HK.01177,中国生物制药,2020-01-16,6.79666667,7.103333337,7.156666671,6.730000004,13.532,0.00553,104389868,777952262.0,5.1307350788698765,6.75666667
HK.01177,中国生物制药,2020-01-17,7.103333337,7.370000004,7.463333337,6.943333337,14.009,0.0077,145425868,1123680870.0,3.7541060562508255,7.103333337
HK.01177,中国生物制药,2020-01-20,7.543333338,7.756666671,7.876666671,7.503333337,14.701,0.00811,153152941,1255147645.0,5.246494800408947,7.370000004
HK.01177,中国生物制药,2020-01-21,7.836666671,7.503333337,7.850000004,7.370000004,14.248,0.00695,131292290,1059398728.0,-3.2660077420516465,7.756666671
HK.01177,中国生物制药,2020-01-22,7.543333338,7.623333338,7.676666671,7.463333337,14.463,0.00301,56751451,457574008.0,1.5992892173437527,7.503333337
HK.01177,中国生物制药,2020-01-23,7.543333338,7.250000004,7.596666671,7.116666671,13.794,0.00698,131751044,1015983259.0,-4.897245305266222,7.623333338
HK.01177,中国生物制药,2020-01-24,7.343333337,7.196666671,7.343333337,7.103333337,13.699,0.00162,30508520,234056333.0,-0.7356321789044831,7.250000004
HK.01177,中国生物制药,2020-01-29,7.010000004,6.970000004,7.143333337,6.876666671,13.293,0.00294,55421686,410910143.0,-3.1496063019478973,7.196666671
HK.01177,中国生物制药,2020-01-30,6.876666671,6.55666667,7.010000004,6.490000004,12.553,0.00503,94928285,673649406.0,-5.930176954989853,6.970000004
HK.01177,中国生物制药,2020-01-31,6.67666667,6.490000004,6.743333337,6.423333337,12.434,0.00313,59045867,412531139.0,-1.0167768068038847,6.55666667
HK.01177,中国生物制药,2020-02-03,6.410000004,6.690000004,6.943333337,6.410000004,12.792,0.00703,132769391,954049859.0,3.081664096713923,6.490000004
HK.01177,中国生物制药,2020-02-04,6.783333337,6.930000004,6.943333337,6.63666667,13.221,0.00656,123931124,902117918.0,3.587443944043385,6.690000004
HK.01177,中国生物制药,2020-02-05,6.983333337,6.970000004,7.196666671,6.79666667,13.293,0.00446,84218407,626541873.0,0.5772005768674172,6.930000004
HK.01177,中国生物制药,2020-02-06,7.076666671,7.063333337,7.156666671,6.930000004,13.46,0.00305,57664742,433094904.0,1.3390722087006808,6.970000004
HK.01177,中国生物制药,2020-02-07,6.890000004,7.036666671,7.116666671,6.876666671,13.412,0.00197,37195921,277867658.0,-0.3775365642212017,7.063333337
HK.01177,中国生物制药,2020-02-10,6.970000004,7.050000004,7.143333337,6.876666671,13.436,0.00314,59215699,442698021.0,0.1894836521808051,7.036666671
HK.01177,中国生物制药,2020-02-11,7.183333337,7.276666671,7.356666671,7.090000004,13.842,0.00413,78048632,601039268.0,3.2151300265446063,7.050000004
HK.01177,中国生物制药,2020-02-12,7.330000004,7.276666671,7.370000004,7.223333337,13.842,0.0028,52861496,409611256.0,0.0,7.276666671
HK.01177,中国生物制药,2020-02-13,7.250000004,7.276666671,7.316666671,7.050000004,13.842,0.00295,55788145,428037715.0,0.0,7.276666671
HK.01177,中国生物制药,2020-02-14,7.343333337,7.396666671,7.530000004,7.330000004,14.057,0.0037,69774898,550521121.0,1.6491067328704372,7.276666671
HK.01177,中国生物制药,2020-02-17,7.463333337,7.383333337,7.516666671,7.343333337,14.033,0.00147,27705913,218228675.0,-0.1802613879070171,7.396666671
HK.01177,中国生物制药,2020-02-18,7.290000004,7.223333337,7.383333337,7.116666671,13.747,0.00215,40562249,311860930.0,-2.167042888314337,7.383333337
HK.01177,中国生物制药,2020-02-19,7.303333337,7.250000004,7.370000004,7.210000004,13.794,0.00289,54658063,423011564.0,0.3691739776621726,7.223333337
HK.01177,中国生物制药,2020-02-20,7.410000004,7.183333337,7.410000004,7.143333337,13.675,0.0024,45279817,346969275.0,-0.9195402339754352,7.250000004
HK.01177,中国生物制药,2020-02-21,7.103333337,7.063333337,7.170000004,7.010000004,13.46,0.00289,54551470,410501388.0,-1.6705336418386958,7.183333337
HK.01177,中国生物制药,2020-02-24,7.170000004,6.876666671,7.170000004,6.810000004,13.126,0.00263,49727219,365913253.0,-2.642756006178853,7.063333337
HK.01177,中国生物制药,2020-02-25,6.876666671,6.983333337,7.010000004,6.743333337,13.317,0.00198,37380877,276780805.0,1.5511391071175658,6.876666671
HK.01177,中国生物制药,2020-02-26,7.050000004,6.903333337,7.170000004,6.876666671,13.174,0.0037,69846814,519577255.0,-1.1455847249354931,6.983333337
HK.01177,中国生物制药,2020-02-27,6.903333337,7.156666671,7.210000004,6.890000004,13.627,0.00555,104760098,795204728.0,3.669724778350214,6.903333337
HK.01177,中国生物制药,2020-02-28,6.970000004,7.063333337,7.303333337,6.876666671,13.46,0.00679,128230093,959730211.0,-1.3041453275754995,7.156666671
HK.01177,中国生物制药,2020-03-02,7.116666671,7.116666671,7.210000004,6.983333337,13.556,0.00286,53986859,408171806.0,0.7550731567576238,7.063333337
HK.01177,中国生物制药,2020-03-03,7.210000004,7.343333337,7.450000004,7.210000004,13.961,0.00594,112166011,874596442.0,3.1850116982948387,7.116666671
HK.01177,中国生物制药,2020-03-04,7.436666671,7.396666671,7.436666671,7.143333337,14.057,0.00367,69225043,537092983.0,0.7262823509764419,7.343333337
HK.01177,中国生物制药,2020-03-05,7.476666671,7.770000004,7.836666671,7.423333337,14.725,0.0081,152952322,1247660665.0,5.047318604523874,7.396666671
HK.01177,中国生物制药,2020-03-06,7.676666671,7.756666671,8.050000004,7.650000004,14.701,0.00835,157712848,1303897738.0,-0.171600167221831,7.770000004
HK.01177,中国生物制药,2020-03-09,7.276666671,7.236666671,7.490000004,7.156666671,13.77,0.00713,134551157,1045335262.0,-6.703910610779933,7.756666671
HK.01177,中国生物制药,2020-03-10,7.463333337,7.116666671,7.463333337,6.903333337,13.556,0.00536,101149877,767998972.0,-1.6582220165105088,7.236666671
HK.01177,中国生物制药,2020-03-11,7.183333337,7.036666671,7.183333337,6.943333337,13.412,0.00365,68871172,516583932.0,-1.1241217791750089,7.116666671
HK.01177,中国生物制药,2020-03-12,6.876666671,6.863333337,6.930000004,6.570000004,13.102,0.00559,105588260,763185054.0,-2.4632875494067807,7.036666671
HK.01177,中国生物制药,2020-03-13,6.47666667,6.930000004,7.076666671,6.27666667,13.221,0.00807,152390002,1094871980.0,0.9713453175966557,6.863333337
HK.01177,中国生物制药,2020-03-16,6.770000004,6.490000004,6.850000004,6.31666667,12.434,0.00671,126742507,887478616.0,-6.349206345541589,6.930000004
HK.01177,中国生物制药,2020-03-17,6.663333337,6.610000004,6.743333337,6.150000003,12.649,0.00631,119153521,826647162.0,1.848998458028354,6.490000004
HK.01177,中国生物制药,2020-03-18,6.463333337,6.290000004,6.823333337,6.070000003,12.076,0.00811,153190618,1056777897.0,-4.841149770141504,6.610000004
HK.01177,中国生物制药,2020-03-19,6.210000004,6.010000003,6.410000004,5.71666667,11.575,0.00822,155144587,991607984.0,-4.451510346930682,6.290000004
HK.01177,中国生物制药,2020-03-20,6.290000004,6.383333337,6.450000004,6.05666667,12.243,0.00471,88872952,600846626.0,6.211869115035669,6.010000003
HK.01177,中国生物制药,2020-03-23,6.143333337,6.130000003,6.303333337,6.09666667,11.789,0.00355,67064278,445794508.0,-3.968668415474911,6.383333337
HK.01177,中国生物制药,2020-03-24,6.75666667,6.503333337,6.75666667,6.450000004,12.458,0.00582,109899547,770161320.0,6.090266457052068,6.130000003
HK.01177,中国生物制药,2020-03-25,6.690000004,6.75666667,6.810000004,6.51666667,12.911,0.00375,70740391,504845731.0,3.895438229479771,6.503333337
HK.01177,中国生物制药,2020-03-26,6.623333337,6.67666667,6.850000004,6.51666667,12.768,0.00462,87319927,625920891.0,-1.1840157862930372,6.75666667
HK.01177,中国生物制药,2020-03-27,6.79666667,6.623333337,6.850000004,6.543333337,12.673,0.00267,50390713,358666128.0,-0.7988017919127347,6.67666667
HK.01177,中国生物制药,2020-03-30,6.51666667,6.663333337,6.783333337,6.490000004,12.744,0.00249,47006090,334785105.0,0.6039255155187132,6.623333337
HK.01177,中国生物制药,2020-03-31,6.223333337,6.35666667,6.370000004,5.903333337,43.122,0.01335,252048157,1679573628.0,-4.602301153045257,6.663333337
HK.01177,中国生物制药,2020-04-01,6.050000003,6.263333337,6.463333337,6.050000003,42.531,0.00557,105170221,712296857.0,-1.4682747711230917,6.35666667
HK.01177,中国生物制药,2020-04-02,6.35666667,6.43666667,6.51666667,6.163333337,43.628,0.00349,65885608,452797829.0,2.7674294768258867,6.263333337
HK.01177,中国生物制药,2020-04-03,6.383333337,6.570000004,6.67666667,6.383333337,44.472,0.00229,43288162,304529360.0,2.0714655711696124,6.43666667
HK.01177,中国生物制药,2020-04-06,6.783333337,6.67666667,6.79666667,6.51666667,45.147,0.00187,35220037,251377132.0,1.6235413384331658,6.570000004
HK.01177,中国生物制药,2020-04-07,6.810000004,6.876666671,6.930000004,6.663333337,46.413,0.00471,88940945,646943781.0,2.995506753372178,6.67666667
HK.01177,中国生物制药,2020-04-08,6.930000004,6.823333337,6.930000004,6.730000004,46.075,0.00257,48475111,352398743.0,-0.7755695681007004,6.876666671
HK.01177,中国生物制药,2020-04-09,6.876666671,7.063333337,7.183333337,6.810000004,47.594,0.0045,84978611,638585377.0,3.5173424504792035,6.823333337
HK.01177,中国生物制药,2020-04-14,7.156666671,7.023333337,7.170000004,6.983333337,47.341,0.00385,72691414,548938281.0,-0.5663048604894128,7.063333337
HK.01177,中国生物制药,2020-04-15,7.076666671,7.036666671,7.356666671,7.010000004,47.426,0.00403,76080307,578930178.0,0.1898433886052,7.023333337
HK.01177,中国生物制药,2020-04-16,6.943333337,6.996666671,7.170000004,6.930000004,47.172,0.00346,65283014,489097473.0,-0.5684509707536782,7.036666671
HK.01177,中国生物制药,2020-04-17,7.183333337,7.236666671,7.383333337,7.130000004,48.691,0.00484,91466176,706795436.0,3.4302048573324155,6.996666671
HK.01177,中国生物制药,2020-04-20,7.210000004,7.463333337,7.543333338,7.156666671,50.126,0.00353,66724667,527842103.0,3.132197133085278,7.236666671
HK.01177,中国生物制药,2020-04-21,7.090000004,6.83666667,7.143333337,6.743333337,46.16,0.03102,585785822,4378751741.0,-8.396605627853392,7.463333337
HK.01177,中国生物制药,2020-04-22,6.783333337,6.930000004,7.036666671,6.743333337,46.751,0.00644,121599598,896660651.0,1.365187722396307,6.83666667
HK.01177,中国生物制药,2020-04-23,7.050000004,7.050000004,7.210000004,6.996666671,47.51,0.00477,90144281,682691058.0,1.7316017306022515,6.930000004
HK.01177,中国生物制药,2020-04-24,6.983333337,7.023333337,7.090000004,6.890000004,47.341,0.00351,66248204,494087784.0,-0.378250595530067,7.050000004
HK.01177,中国生物制药,2020-04-27,7.156666671,7.223333337,7.290000004,7.050000004,48.607,0.00342,64568614,493223339.0,2.847650686695568,7.023333337
HK.01177,中国生物制药,2020-04-28,7.183333337,7.250000004,7.263333337,7.076666671,48.776,0.00222,41855749,320291353.0,0.3691739776621726,7.223333337
HK.01177,中国生物制药,2020-04-29,7.343333337,7.103333337,7.356666671,7.036666671,47.848,0.00307,57967963,440286846.0,-2.022988509228706,7.250000004
HK.01177,中国生物制药,2020-05-04,6.956666671,6.876666671,6.956666671,6.783333337,46.413,0.00385,72758173,533667614.0,-3.1909901344391867,7.103333337
HK.01177,中国生物制药,2020-05-05,6.996666671,7.023333337,7.116666671,6.930000004,47.341,0.00202,38133236,285017913.0,2.1328162759221323,6.876666671
HK.01177,中国生物制药,2020-05-06,7.130000004,7.436666671,7.463333337,7.090000004,49.957,0.00536,101102647,790839710.0,5.885144761996362,7.023333337
HK.01177,中国生物制药,2020-05-07,7.316666671,7.410000004,7.503333337,7.276666671,49.789,0.00302,57008759,448948705.0,-0.3585835990738953,7.436666671
HK.01177,中国生物制药,2020-05-08,7.516666671,7.463333337,7.516666671,7.383333337,50.126,0.00217,41030201,324155907.0,0.7197480832821915,7.410000004
HK.01177,中国生物制药,2020-05-11,7.543333338,7.423333337,7.716666671,7.370000004,49.873,0.00333,62788255,499815746.0,-0.5359535504289648,7.463333337
HK.01177,中国生物制药,2020-05-12,7.330000004,7.330000004,7.463333337,7.276666671,49.282,0.00385,72676309,569128142.0,-1.2572968067431332,7.423333337
HK.01177,中国生物制药,2020-05-13,7.396666671,7.543333338,7.650000004,7.370000004,50.632,0.00361,68195387,546843464.0,2.9104138319724844,7.330000004
HK.01177,中国生物制药,2020-05-14,7.463333337,7.503333337,7.636666671,7.423333337,50.379,0.00242,45581593,363186459.0,-0.5302695666184826,7.543333338
HK.01177,中国生物制药,2020-05-15,7.530000004,7.516666671,7.650000004,7.450000004,50.464,0.00249,46985497,375074031.0,0.1776988093312048,7.503333337
HK.01177,中国生物制药,2020-05-18,7.556666671,7.610000004,7.743333338,7.370000004,51.054,0.00213,40249795,324330259.0,1.2416851389737442,7.516666671
HK.01177,中国生物制药,2020-05-19,7.770000004,7.690000004,7.796666671,7.596666671,51.561,0.00233,44017286,359046272.0,1.051248356871881,7.610000004
HK.01177,中国生物制药,2020-05-20,7.650000004,7.810000004,7.983333338,7.650000004,52.32,0.00405,76485161,636074503.0,1.560468139630447,7.690000004
HK.01177,中国生物制药,2020-05-21,7.743333338,7.596666671,7.810000004,7.450000004,50.97,0.0034,64251725,518894305.0,-2.731540754042739,7.810000004
HK.01177,中国生物制药,2020-05-22,7.370000004,7.143333337,7.543333338,7.076666671,48.101,0.00626,118177253,905213281.0,-5.967529623625377,7.596666671
HK.01177,中国生物制药,2020-05-25,7.143333337,7.210000004,7.276666671,7.010000004,48.523,0.00365,68834107,525531587.0,0.9332711194463008,7.143333337
HK.01177,中国生物制药,2020-05-26,7.356666671,7.516666671,7.650000004,7.343333337,50.464,0.00325,61347170,488703586.0,4.253351828430873,7.210000004
HK.01177,中国生物制药,2020-05-27,7.676666671,7.503333337,7.676666671,7.356666671,50.379,0.00262,49477540,391922308.0,-0.1773836007846617,7.516666671
HK.01177,中国生物制药,2020-05-28,7.410000004,7.116666671,7.450000004,6.890000004,47.932,0.00671,126661094,960930932.0,-5.1532652040566,7.503333337
HK.01177,中国生物制药,2020-05-29,6.996666671,7.676666671,7.796666671,6.996666671,51.476,0.0141,266155108,2152726299.0,7.868852454225061,7.116666671
HK.01177,中国生物制药,2020-06-01,7.943333338,8.223333338,8.463333338,7.943333338,54.936,0.00747,140956960,1225323126.0,7.121146331195176,7.676666671
HK.01177,中国生物制药,2020-06-02,8.223333338,8.250000005,8.383333338,8.130000004,55.105,0.00389,73383718,638083857.0,0.324280506504267,8.223333338
HK.01177,中国生物制药,2020-06-03,8.476666671,8.396666671,8.516666671,8.236666671,56.033,0.00362,68293387,605176893.0,1.7777777686195255,8.250000005
HK.01177,中国生物制药,2020-06-04,8.543333338,8.543333338,8.596666671,8.383333338,56.962,0.0038,71708623,643382141.0,1.746724893898076,8.396666671
HK.01177,中国生物制药,2020-06-05,8.543333338,8.676666671,8.730000005,8.396666671,57.805,0.00291,54957812,498675017.0,1.5606710838139075,8.543333338
HK.01177,中国生物制药,2020-06-08,8.756666671,8.743333338,9.036666672,8.623333338,58.227,0.0041,77311027,716791046.0,0.7683442216677473,8.676666671
HK.01177,中国生物制药,2020-06-09,8.770000005,8.663333338,8.916666672,8.636666671,57.721,0.00308,58069130,535286217.0,-0.9149828435833116,8.743333338
HK.01177,中国生物制药,2020-06-10,8.810000005,8.823333338,9.023333338,8.676666671,58.734,0.00415,78248443,727923148.0,1.8468641775353576,8.663333338
HK.01177,中国生物制药,2020-06-11,8.876666672,8.783333338,9.156666672,8.743333338,58.481,0.00408,76941083,722521331.0,-0.4533434073914974,8.823333338
HK.01177,中国生物制药,2020-06-12,8.543333337,8.743333337,8.836666671,8.423333337,58.059,0.00328,61875933,564843923.0,-0.4554079807827169,8.783333338
HK.01177,中国生物制药,2020-06-15,8.370000004,8.610000004,9.023333338,8.370000004,57.215,0.00388,73237536,668735400.0,-1.5249714023341658,8.743333337
HK.01177,中国生物制药,2020-06-16,8.903333338,8.970000004,9.130000004,8.836666671,59.493,0.00369,69706320,655532019.0,4.181184667047062,8.610000004
HK.01177,中国生物制药,2020-06-17,9.036666671,9.410000004,9.423333338,9.023333338,62.278,0.00537,101336778,983743656.0,4.905239685661,8.970000004
HK.01177,中国生物制药,2020-06-18,9.290000004,9.303333338,9.356666671,9.063333338,61.603,0.0034,64180851,620470308.0,-1.133545865618053,9.410000004
HK.01177,中国生物制药,2020-06-19,9.370000004,9.450000004,9.543333338,9.223333338,62.531,0.00337,63601203,626235084.0,1.5764958716563595,9.303333338
HK.01177,中国生物制药,2020-06-22,9.450000004,9.183333338,9.463333338,9.076666671,60.843,0.00329,62138083,598383327.0,-2.821869480287029,9.450000004
HK.01177,中国生物制药,2020-06-23,9.116666671,9.543333338,9.583333338,9.050000004,63.122,0.00273,51546093,506417233.0,3.920145188570519,9.183333338
HK.01177,中国生物制药,2020-06-24,9.703333338,9.490000004,9.703333338,9.410000004,62.784,0.00156,29499846,293313251.0,-0.5588543552977957,9.543333338
HK.01177,中国生物制药,2020-06-26,9.370000004,9.303333338,9.570000005,9.263333338,61.603,0.00246,46450612,456270973.0,-1.96698278104659,9.490000004
HK.01177,中国生物制药,2020-06-29,9.436666671,9.316666671,9.450000004,9.116666671,61.687,0.00345,65157702,633911656.0,0.1433178035827171,9.303333338
HK.01177,中国生物制药,2020-06-30,9.516666671,9.303333338,9.516666671,9.236666671,61.603,0.00284,53527912,523263010.0,-0.1431126976078575,9.316666671
HK.01177,中国生物制药,2020-07-02,9.436666671,9.423333338,9.650000005,9.316666671,62.362,0.00361,68066751,674200349.0,1.2898602644909445,9.303333338
HK.01177,中国生物制药,2020-07-03,9.450000004,9.490000004,9.556666671,9.263333338,62.784,0.0029,54652465,539499009.0,0.7074637350582037,9.423333338
HK.01177,中国生物制药,2020-07-06,9.636666671,9.076666671,9.636666671,9.076666671,60.168,0.00726,137109009,1330211533.0,-4.355461884360191,9.490000004
HK.01177,中国生物制药,2020-07-07,9.303333338,9.290000004,9.476666671,8.943333338,61.518,0.00607,114513292,1110417647.0,2.3503488751173465,9.076666671
HK.01177,中国生物制药,2020-07-08,9.436666671,9.410000004,9.516666671,9.343333338,62.278,0.00294,55439242,546514436.0,1.2917115172048712,9.290000004
HK.01177,中国生物制药,2020-07-09,9.450000004,9.503333338,9.596666671,9.170000004,62.869,0.00361,68085802,670955766.0,0.9918526456995168,9.410000004
HK.01177,中国生物制药,2020-07-10,9.490000004,9.703333338,9.983333338,9.330000004,64.135,0.00523,98767042,1003208167.0,2.1045247271321283,9.503333338
HK.01177,中国生物制药,2020-07-13,9.796666671,9.743333338,10.036666671,9.703333338,64.388,0.00548,103383091,1062374337.0,0.412229474209156,9.703333338
HK.01177,中国生物制药,2020-07-14,9.770000005,9.583333338,9.770000005,9.383333338,63.375,0.00297,56057080,559294436.0,-1.6421484768049937,9.743333338
HK.01177,中国生物制药,2020-07-15,9.743333338,9.663333338,10.076666671,9.623333338,63.881,0.00449,84716557,868343923.0,0.8347826082891502,9.583333338
HK.01177,中国生物制药,2020-07-16,9.823333338,9.236666671,9.890000005,9.170000004,61.181,0.00445,83932912,826719572.0,-4.415315627395149,9.663333338
HK.01177,中国生物制药,2020-07-17,9.250000004,9.663333338,9.676666671,9.223333338,63.881,0.00427,80515555,801154612.0,4.619271022733643,9.236666671
HK.01177,中国生物制药,2020-07-20,9.85,9.63,10.07,9.37,42.447,0.0043,81113069,817189903.0,-0.3449465814132561,9.663333338
HK.01177,中国生物制药,2020-07-21,9.67,10.33,10.59,9.67,68.101,0.00481,90713650,973897203.0,7.26895119418483,9.63
HK.01177,中国生物制药,2020-07-22,10.47,9.99,10.81,9.99,65.949,0.0047,88640572,960059731.0,-3.29138431752178,10.33
HK.01177,中国生物制药,2020-07-23,10.15,10.45,10.51,9.95,68.86,0.00437,82554818,887708302.0,4.604604604604595,9.99
HK.01177,中国生物制药,2020-07-24,9.81,9.51,10.13,9.39,62.911,0.02948,556379965,5745627190.0,-8.995215311004781,10.45
HK.01177,中国生物制药,2020-07-27,9.67,9.73,9.91,9.57,64.303,0.00476,89764356,911421007.0,2.313354363827557,9.51
HK.01177,中国生物制药,2020-07-28,9.95,9.71,9.97,9.55,64.177,0.00294,55540687,562431725.0,-0.2055498458376112,9.73
HK.01177,中国生物制药,2020-07-29,9.77,9.56,9.77,9.48,63.227,0.00371,70038976,700803792.0,-1.5447991761071096,9.71
HK.01177,中国生物制药,2020-07-30,9.73,9.73,9.89,9.53,64.303,0.00397,74991824,761416615.0,1.7782426778242668,9.56
HK.01177,中国生物制药,2020-07-31,9.81,9.67,9.89,9.59,63.924,0.00194,36573858,371910880.0,-0.616649537512852,9.73
HK.01177,中国生物制药,2020-08-03,9.59,9.57,9.77,9.37,63.291,0.00368,69519055,690539011.0,-1.03412616339193,9.67
HK.01177,中国生物制药,2020-08-04,9.67,9.57,9.71,9.48,63.291,0.00319,60216234,601910863.0,0.0,9.57
HK.01177,中国生物制药,2020-08-05,9.59,9.54,9.67,9.42,63.101,0.0044,83085737,825981913.0,-0.3134796238244632,9.57
HK.01177,中国生物制药,2020-08-06,9.61,9.48,9.63,9.29,62.721,0.00384,72398819,712705157.0,-0.6289308176100495,9.54
HK.01177,中国生物制药,2020-08-07,9.48,9.27,9.48,9.04,61.392,0.00445,84042885,811635343.0,-2.2151898734177307,9.48
HK.01177,中国生物制药,2020-08-10,9.07,8.94,9.11,8.81,59.303,0.00549,103634020,968078460.0,-3.559870550161813,9.27
HK.01177,中国生物制药,2020-08-11,8.99,8.97,9.01,8.76,59.493,0.00423,79906952,744210266.0,0.3355704697986704,8.94
HK.01177,中国生物制药,2020-08-12,8.95,8.77,8.99,8.59,58.227,0.00578,109141724,997344636.0,-2.2296544035674586,8.97
HK.01177,中国生物制药,2020-08-13,8.82,8.83,8.96,8.72,58.607,0.00295,55765827,513881994.0,0.6841505131128905,8.77
HK.01177,中国生物制药,2020-08-14,8.79,8.73,8.89,8.68,57.974,0.00291,54981277,505286463.0,-1.1325028312570742,8.83
HK.01177,中国生物制药,2020-08-17,8.77,8.82,9.04,8.66,58.544,0.00411,77613877,718760909.0,1.0309278350515447,8.73
HK.01177,中国生物制药,2020-08-18,8.95,9.03,9.19,8.86,59.873,0.0035,66078013,626687765.0,2.3809523809523703,8.82
HK.01177,中国生物制药,2020-08-19,9.03,8.97,9.16,8.93,59.493,0.00149,28081044,263841262.0,-0.6644518272425108,9.03
HK.01177,中国生物制药,2020-08-20,8.89,8.76,8.95,8.63,58.164,0.00294,55551385,508799405.0,-2.3411371237458285,8.97
HK.01177,中国生物制药,2020-08-21,8.82,8.75,8.87,8.69,58.101,0.00221,41731937,383829810.0,-0.11415525114155,8.76
HK.01177,中国生物制药,2020-08-24,8.86,8.96,9.02,8.83,59.43,0.00264,49754838,466502115.0,2.4000000000000097,8.75
HK.01177,中国生物制药,2020-08-25,9.03,8.59,9.04,8.43,57.088,0.00641,120931610,1088933105.0,-4.129464285714297,8.96
HK.01177,中国生物制药,2020-08-26,8.59,8.68,8.86,8.57,57.658,0.00314,59325827,542249808.0,1.0477299185098936,8.59
HK.01177,中国生物制药,2020-08-27,8.62,8.67,8.71,8.46,57.594,0.00241,45532876,412496370.0,-0.1152073732718869,8.68
HK.01177,中国生物制药,2020-08-28,8.74,8.81,8.92,8.6,58.481,0.00399,75309575,696089006.0,1.6147635524798218,8.67
HK.01177,中国生物制药,2020-08-31,8.72,8.52,8.87,8.52,56.645,0.00507,95768589,869834823.0,-3.2917139614075017,8.81
HK.01177,中国生物制药,2020-09-01,8.37,8.46,8.55,8.37,56.265,0.0035,66080721,586447954.0,-0.704225352112661,8.52
HK.01177,中国生物制药,2020-09-02,8.54,8.84,8.89,8.42,58.67,0.00518,97828304,895355755.0,4.4917257683215,8.46
HK.01177,中国生物制药,2020-09-03,8.94,8.82,9.07,8.78,58.544,0.00374,70621748,659846280.0,-0.2262443438913979,8.84
HK.01177,中国生物制药,2020-09-04,8.65,8.66,8.71,8.52,57.531,0.00598,112872344,1025635192.0,-1.8140589569161012,8.82
HK.01177,中国生物制药,2020-09-07,8.62,8.46,8.65,8.29,56.265,0.00359,67689969,599397595.0,-2.309468822170893,8.66
HK.01177,中国生物制药,2020-09-08,8.55,8.37,8.57,8.22,55.696,0.00274,51661050,452143811.0,-1.063829787234062,8.46
HK.01177,中国生物制药,2020-09-09,8.45,8.35,8.45,8.19,55.569,0.00185,34841875,304786612.0,-0.2389486260453951,8.37
HK.01177,中国生物制药,2020-09-10,8.35,8.25,8.49,8.23,54.936,0.0021,39655722,347029026.0,-1.1976047904191574,8.35
HK.01177,中国生物制药,2020-09-11,8.29,8.39,8.44,8.2,55.822,0.003,56594464,498189131.0,1.6969696969697037,8.25
HK.01177,中国生物制药,2020-09-14,8.47,8.46,8.54,8.29,56.139,0.00168,31780694,282588835.0,0.8343265792610284,8.39
HK.01177,中国生物制药,2020-09-15,8.38,8.59,8.65,8.38,56.962,0.00169,31893278,285471354.0,1.5366430260047164,8.46
HK.01177,中国生物制药,2020-09-16,8.66,8.62,8.76,8.55,57.151,0.00165,31205750,282589894.0,0.3492433061699576,8.59
HK.01177,中国生物制药,2020-09-17,8.57,8.5,8.69,8.36,56.392,0.00171,32338236,287124562.0,-1.392111368909504,8.62
HK.01177,中国生物制药,2020-09-18,8.59,8.52,8.59,8.4,56.518,0.00224,42298745,377401405.0,0.2352941176470538,8.5
HK.01177,中国生物制药,2020-09-21,8.54,8.38,8.66,8.34,55.632,0.00246,46489396,410586599.0,-1.6431924882628968,8.52
HK.01177,中国生物制药,2020-09-22,8.29,8.27,8.44,8.2,54.936,0.00241,45400038,395195730.0,-1.3126491646778184,8.38
HK.01177,中国生物制药,2020-09-23,8.21,8.49,8.62,8.21,56.329,0.00331,62470345,556192726.0,2.6602176541717126,8.27
HK.01177,中国生物制药,2020-09-24,8.35,8.37,8.53,8.26,55.569,0.0021,39560559,346376988.0,-1.4134275618374674,8.49
HK.01177,中国生物制药,2020-09-25,8.39,8.17,8.45,8.1,54.303,0.00226,42702265,368609256.0,-2.389486260453994,8.37
HK.01177,中国生物制药,2020-09-28,8.18,8.15,8.28,8.06,54.177,0.00208,39263811,335925885.0,-0.2447980416156618,8.17
HK.01177,中国生物制药,2020-09-29,8.09,8.0,8.24,7.97,53.227,0.00235,44317915,374441735.0,-1.8404907975460163,8.15
HK.01177,中国生物制药,2020-09-30,8.24,8.029999999,8.24,8.029999999,53.417,0.00137,25902438,220390617.0,0.3749999874999909,8.0
HK.01177,中国生物制药,2020-10-05,8.14,7.9,8.15,7.879999999,52.594,0.00181,34166251,285102420.0,-1.618929003937587,8.029999999
HK.01177,中国生物制药,2020-10-06,7.99,8.129999999,8.24,7.949999999,54.05,0.00237,44648577,381699104.0,2.911392392405068,7.9
HK.01177,中国生物制药,2020-10-07,8.05,8.28,8.36,8.05,55.0,0.00156,29418308,255652238.0,1.845018462711548,8.129999999
HK.01177,中国生物制药,2020-10-08,8.29,8.19,8.29,8.09,54.43,0.00133,25067183,214889872.0,-1.0869565217391288,8.28
HK.01177,中国生物制药,2020-10-09,8.25,8.06,8.26,7.949999999,53.607,0.00316,59580852,506575911.0,-1.5873015873015754,8.19
HK.01177,中国生物制药,2020-10-12,8.14,8.119999999,8.2,8.06,53.987,0.00286,54063188,461830701.0,0.7444168610421666,8.06
HK.01177,中国生物制药,2020-10-14,8.11,7.89,8.11,7.83,52.531,0.00464,87631110,729698975.0,-2.83251230330449,8.119999999
HK.01177,中国生物制药,2020-10-15,7.89,7.72,7.92,7.69,51.455,0.00377,71061279,580817458.0,-2.1546261089987317,7.89
HK.01177,中国生物制药,2020-10-16,7.6,7.54,7.74,7.37,50.316,0.00823,155386939,1227538396.0,-2.3316062176165766,7.72
HK.01177,中国生物制药,2020-10-19,7.65,7.61,7.74,7.48,50.759,0.00475,89647825,720710389.0,0.9283819628647252,7.54
HK.01177,中国生物制药,2020-10-20,7.54,7.61,7.74,7.53,50.759,0.00292,55200939,443680792.0,0.0,7.61
HK.01177,中国生物制药,2020-10-21,7.68,7.619999999,7.8,7.6,50.822,0.00242,45633378,367709378.0,0.1314060315374468,7.61
HK.01177,中国生物制药,2020-10-22,7.699999999,7.57,7.75,7.45,50.506,0.00258,48680056,387012019.0,-0.656167965965373,7.619999999
HK.01177,中国生物制药,2020-10-23,7.59,7.53,7.59,7.41,50.253,0.00381,71929419,567081076.0,-0.5284015852047561,7.57
HK.01177,中国生物制药,2020-10-27,7.51,7.42,7.51,7.32,49.556,0.00347,65502173,510541114.0,-1.460823373173975,7.53
HK.01177,中国生物制药,2020-10-28,7.47,7.58,7.65,7.27,50.569,0.00425,80196189,636330486.0,2.156334231805932,7.42
HK.01177,中国生物制药,2020-10-29,7.55,7.53,7.55,7.39,50.253,0.00263,49583998,390681353.0,-0.659630606860156,7.58
HK.01177,中国生物制药,2020-10-30,7.629999999,7.41,7.629999999,7.31,49.493,0.00321,60529288,473684576.0,-1.5936254980079694,7.53
HK.01177,中国生物制药,2020-11-02,7.39,7.29,7.39,7.19,48.734,0.00383,72334587,553554439.0,-1.6194331983805683,7.41
HK.01177,中国生物制药,2020-11-03,7.29,7.46,7.55,7.24,49.81,0.00364,68639347,538430033.0,2.3319615912208493,7.29
HK.01177,中国生物制药,2020-11-04,7.47,7.53,7.65,7.44,50.253,0.0027,50919904,405368711.0,0.9383378016085828,7.46
HK.01177,中国生物制药,2020-11-05,7.69,7.74,7.92,7.64,51.582,0.00578,109146969,891021159.0,2.788844621513944,7.53
HK.01177,中国生物制药,2020-11-06,7.76,7.709999999,7.8,7.57,51.392,0.00404,76219830,615492511.0,-0.3875969121447071,7.74
HK.01177,中国生物制药,2020-11-09,7.81,7.75,7.879999999,7.72,51.645,0.00367,69240786,566995311.0,0.5188067575251386,7.709999999
HK.01177,中国生物制药,2020-11-10,7.9,7.6,7.9,7.56,50.696,0.00398,75165229,604347565.0,-1.9354838709677464,7.75
HK.01177,中国生物制药,2020-11-11,7.72,7.52,7.73,7.41,50.189,0.00424,80072268,635296473.0,-1.0526315789473697,7.6
HK.01177,中国生物制药,2020-11-12,7.44,7.57,7.779999999,7.44,50.506,0.00306,57673663,463345204.0,0.664893617021286,7.52
HK.01177,中国生物制药,2020-11-13,7.66,7.53,7.69,7.47,50.253,0.0031,58534435,463994670.0,-0.5284015852047561,7.57
HK.01177,中国生物制药,2020-11-16,7.67,7.46,7.67,7.4,49.81,0.00358,67650904,531690405.0,-0.9296148738379852,7.53
HK.01177,中国生物制药,2020-11-17,7.4,7.36,7.45,7.26,49.177,0.00467,88209628,681024237.0,-1.340482573726537,7.46
HK.01177,中国生物制药,2020-11-18,7.41,7.29,7.45,7.24,48.734,0.00335,63265929,487213746.0,-0.951086956521743,7.36
HK.01177,中国生物制药,2020-11-19,7.3,7.39,7.47,7.24,49.367,0.00334,63062707,491919920.0,1.3717421124828484,7.29
HK.01177,中国生物制药,2020-11-20,7.33,7.47,7.53,7.33,49.873,0.00308,58007144,456748461.0,1.0825439783491213,7.39
HK.01177,中国生物制药,2020-11-23,7.53,7.34,7.54,7.29,49.05,0.00217,40960973,318398671.0,-1.7402945113788475,7.47
HK.01177,中国生物制药,2020-11-24,7.34,7.32,7.38,7.25,48.924,0.0024,45205977,348828762.0,-0.2724795640326917,7.34
HK.01177,中国生物制药,2020-11-25,7.29,7.23,7.36,7.19,48.354,0.00566,106770549,815243322.0,-1.2295081967213095,7.32
HK.01177,中国生物制药,2020-11-26,7.25,7.21,7.3,7.15,48.227,0.00479,90394313,689724028.0,-0.2766251728907394,7.23
HK.01177,中国生物制药,2020-11-27,7.22,7.18,7.24,7.05,48.037,0.00372,70243340,531100497.0,-0.4160887656033322,7.21
HK.01177,中国生物制药,2020-11-30,7.24,7.39,7.44,7.15,49.367,0.00461,86951350,674771383.0,2.9247910863509743,7.18
HK.01177,中国生物制药,2020-12-01,6.87,6.47,6.97,6.31,43.544,0.02339,441206753,3064519559.0,-12.449255751014883,7.39
HK.01177,中国生物制药,2020-12-02,6.39,6.24,6.46,6.18,42.088,0.0097,182888910,1221072718.0,-3.5548686244203953,6.47
HK.01177,中国生物制药,2020-12-03,6.09,6.3,6.49,6.09,42.468,0.01012,190921863,1282259936.0,0.9615384615384552,6.24
HK.01177,中国生物制药,2020-12-04,6.37,6.28,6.4,6.23,42.341,0.00577,108746432,728404572.0,-0.3174603174603106,6.3
HK.01177,中国生物制药,2020-12-07,6.47,6.59,6.68,6.15,44.303,0.01415,266892314,1829692862.0,4.93630573248407,6.28
HK.01177,中国生物制药,2020-12-08,6.69,6.49,6.84,6.42,43.67,0.0066,124464009,869770889.0,-1.517450682852802,6.59
HK.01177,中国生物制药,2020-12-09,6.54,6.43,6.63,6.33,43.291,0.00624,117713691,804847651.0,-0.924499229583983,6.49
HK.01177,中国生物制药,2020-12-10,6.41,6.4,6.45,6.34,43.101,0.0029,54737915,373325959.0,-0.4665629860031005,6.43
HK.01177,中国生物制药,2020-12-11,6.41,6.34,6.43,6.18,42.594,0.00643,121214904,810773101.0,-0.9375000000000078,6.4
HK.01177,中国生物制药,2020-12-14,6.4,6.37,6.47,6.27,42.784,0.00422,79517452,534652909.0,0.4731861198738209,6.34
HK.01177,中国生物制药,2020-12-15,6.41,6.73,6.76,6.37,45.063,0.00812,153113773,1075755046.0,5.651491365777085,6.37
HK.01177,中国生物制药,2020-12-16,6.79,6.9,7.01,6.77,46.139,0.00659,124360012,907156327.0,2.5260029717682007,6.73
HK.01177,中国生物制药,2020-12-17,6.91,7.47,7.48,6.91,49.746,0.01206,227498135,1756411375.0,8.260869565217382,6.9
HK.01177,中国生物制药,2020-12-18,7.58,7.42,7.58,7.29,49.43,0.00731,137790156,1070590480.0,-0.6693440428380164,7.47
HK.01177,中国生物制药,2020-12-21,7.38,7.31,7.48,7.2,48.734,0.00463,87350893,672454469.0,-1.4824797843665811,7.42
HK.01177,中国生物制药,2020-12-22,7.26,7.22,7.4,7.13,48.164,0.00387,72909704,556752440.0,-1.2311901504787943,7.31
HK.01177,中国生物制药,2020-12-23,7.22,7.08,7.26,6.99,47.278,0.00404,76268305,569124895.0,-1.939058171745148,7.22
HK.01177,中国生物制药,2020-12-24,7.08,7.07,7.14,6.99,47.215,0.00251,47375322,353145198.0,-0.1412429378531043,7.08
HK.01177,中国生物制药,2020-12-28,7.11,7.08,7.27,6.99,47.278,0.00335,63107914,473501415.0,0.1414427157001384,7.07
HK.01177,中国生物制药,2020-12-29,7.09,7.26,7.37,7.05,48.417,0.00399,75223077,572386821.0,2.542372881355928,7.08
HK.01177,中国生物制药,2020-12-30,7.31,7.15,7.32,6.99,47.721,0.00416,78466199,590801019.0,-1.5151515151515074,7.26
HK.01177,中国生物制药,2020-12-31,7.14,7.11,7.25,7.09,47.468,0.00165,31062085,233740905.0,-0.5594405594405599,7.15
HK.01177,中国生物制药,2021-01-04,7.11,7.31,7.5,7.1,48.734,0.0042,79140984,613207649.0,2.812939521800271,7.11
HK.01177,中国生物制药,2021-01-05,7.3,7.21,7.3,7.1,48.101,0.00313,59015302,446638393.0,-1.3679890560875465,7.31
HK.01177,中国生物制药,2021-01-06,7.18,7.24,7.36,7.12,48.291,0.00325,61381494,467372169.0,0.4160887656033322,7.21
HK.01177,中国生物制药,2021-01-07,7.19,7.09,7.28,7.0,47.341,0.0034,64068349,478028298.0,-2.071823204419894,7.24
HK.01177,中国生物制药,2021-01-08,7.17,7.18,7.28,7.0,47.911,0.00565,106479164,804650875.0,1.2693935119887143,7.09
HK.01177,中国生物制药,2021-01-11,7.23,7.08,7.26,7.01,47.278,0.00315,59367192,441612297.0,-1.392757660167126,7.18
HK.01177,中国生物制药,2021-01-12,7.08,6.97,7.13,6.89,46.582,0.00348,65703749,482114720.0,-1.5536723163841852,7.08
HK.01177,中国生物制药,2021-01-13,6.82,6.74,6.97,6.63,45.126,0.00706,133242108,950596613.0,-3.299856527977038,6.97
HK.01177,中国生物制药,2021-01-14,6.65,6.71,6.71,6.51,44.936,0.00538,101422348,711627480.0,-0.4451038575667692,6.74
HK.01177,中国生物制药,2021-01-15,6.8,6.67,6.81,6.61,44.683,0.00322,60648201,429197163.0,-0.5961251862891213,6.71
HK.01177,中国生物制药,2021-01-18,6.6,6.65,6.71,6.57,44.556,0.0036,67958031,476302285.0,-0.2998500749625123,6.67
HK.01177,中国生物制药,2021-01-19,6.65,6.98,7.06,6.65,46.645,0.00689,130020046,950821147.0,4.962406015037595,6.65
HK.01177,中国生物制药,2021-01-20,7.02,7.4,7.46,6.97,49.303,0.00889,167734099,1295604087.0,6.0171919770773625,6.98
HK.01177,中国生物制药,2021-01-21,7.51,7.71,7.91,7.46,51.265,0.01176,221842291,1809396487.0,4.189189189189184,7.4
HK.01177,中国生物制药,2021-01-22,7.86,7.59,7.86,7.45,50.506,0.00547,103249968,822128123.0,-1.5564202334630364,7.71
HK.01177,中国生物制药,2021-01-25,7.62,7.43,7.639999999,7.34,49.493,0.00454,85697261,668494049.0,-2.108036890645588,7.59
HK.01177,中国生物制药,2021-01-26,7.43,7.27,7.43,7.14,48.481,0.00475,89610951,682364578.0,-2.1534320323014824,7.43
HK.01177,中国生物制药,2021-01-27,7.22,7.12,7.39,7.07,47.531,0.00378,71333452,537993198.0,-2.0632737276478608,7.27
HK.01177,中国生物制药,2021-01-28,7.12,6.86,7.12,6.83,45.886,0.0047,88650021,646078238.0,-3.651685393258424,7.12
HK.01177,中国生物制药,2021-01-29,6.91,6.84,7.12,6.77,45.759,0.00354,66794954,483586218.0,-0.2915451895043799,6.86
HK.01177,中国生物制药,2021-02-01,6.84,6.9,7.02,6.75,46.139,0.00365,68801070,500839871.0,0.8771929824561476,6.84
HK.01177,中国生物制药,2021-02-02,7.01,7.22,7.39,6.94,48.164,0.00502,94597142,720056546.0,4.637681159420281,6.9
HK.01177,中国生物制药,2021-02-03,7.18,7.22,7.35,7.07,48.164,0.00419,79038971,600844210.0,0.0,7.22
HK.01177,中国生物制药,2021-02-04,7.75,7.21,7.84,7.07,48.101,0.00843,159011169,1236382397.0,-0.1385041551246507,7.22
HK.01177,中国生物制药,2021-02-05,7.29,7.05,7.3,6.98,47.088,0.00389,73346910,546252321.0,-2.2191400832177552,7.21
HK.01177,中国生物制药,2021-02-08,7.36,7.1,7.36,7.07,47.405,0.00469,88454701,669456316.0,0.7092198581560258,7.05
HK.01177,中国生物制药,2021-02-09,7.15,7.09,7.17,6.97,47.341,0.00183,34481763,256677686.0,-0.1408450704225322,7.1
HK.01177,中国生物制药,2021-02-10,7.17,7.18,7.25,7.14,47.911,0.00224,42187333,320162528.0,1.2693935119887143,7.09
HK.01177,中国生物制药,2021-02-11,7.24,7.19,7.28,7.11,47.974,0.00133,25130705,190595648.0,0.1392757660167225,7.18
HK.01177,中国生物制药,2021-02-16,7.35,7.23,7.38,7.18,48.227,0.00241,45522750,347789828.0,0.5563282336578587,7.19
HK.01177,中国生物制药,2021-02-17,7.23,7.34,7.36,7.15,48.924,0.00276,52106837,399594522.0,1.5214384508990235,7.23
HK.01177,中国生物制药,2021-02-18,7.34,7.2,7.46,7.18,48.037,0.00417,78617429,602008061.0,-1.9073569482288784,7.34
HK.01177,中国生物制药,2021-02-19,7.21,7.24,7.25,7.1,48.291,0.00261,49135414,371519902.0,0.555555555555556,7.2
HK.01177,中国生物制药,2021-02-22,7.33,7.01,7.36,7.01,46.835,0.00359,67646601,506750742.0,-3.176795580110503,7.24
HK.01177,中国生物制药,2021-02-23,7.27,7.899999999,8.19,7.16,52.468,0.02042,385105159,3141037211.0,12.69614834522112,7.01
HK.01177,中国生物制药,2021-02-24,8.049999999,8.11,8.47,7.88,53.797,0.01961,369911957,3173337693.0,2.6582278610959675,7.899999999
HK.01177,中国生物制药,2021-02-25,8.41,8.36,8.77,8.24,55.379,0.01471,277506038,2475726119.0,3.082614056720099,8.11
HK.01177,中国生物制药,2021-02-26,8.11,8.24,8.66,7.91,54.62,0.01107,208829371,1811387403.0,-1.435406698564584,8.36
HK.01177,中国生物制药,2021-03-01,8.49,8.28,8.53,8.11,54.873,0.00599,112918673,979971400.0,0.4854368932038731,8.24
HK.01177,中国生物制药,2021-03-02,8.42,8.67,8.85,8.37,57.341,0.01042,196451890,1778484186.0,4.710144927536239,8.28
HK.01177,中国生物制药,2021-03-03,8.74,8.41,8.75,8.23,55.696,0.00466,87807020,771029904.0,-2.998846597462512,8.67
HK.01177,中国生物制药,2021-03-04,8.31,8.09,8.36,7.969999999,53.67,0.00456,85920271,730212338.0,-3.8049940546967926,8.41
HK.01177,中国生物制药,2021-03-05,8.12,7.889999999,8.12,7.71,52.405,0.00372,70217017,579047049.0,-2.4721878986403,8.09
HK.01177,中国生物制药,2021-03-08,7.83,7.56,8.0,7.48,50.316,0.00516,97391249,781839050.0,-4.1825094935592535,7.889999999
HK.01177,中国生物制药,2021-03-09,7.78,7.63,7.78,7.35,50.759,0.00412,77719787,619499291.0,0.9259259259259296,7.56
HK.01177,中国生物制药,2021-03-10,7.74,7.889999999,7.899999999,7.649999999,52.405,0.00439,82844583,681380353.0,3.4076015596330236,7.63
HK.01177,中国生物制药,2021-03-11,7.96,8.11,8.16,7.77,53.797,0.00396,74706589,632778095.0,2.788339683496619,7.889999999
HK.01177,中国生物制药,2021-03-12,8.26,7.979999999,8.26,7.92,52.974,0.00297,56061740,471995866.0,-1.6029593218248963,8.11
HK.01177,中国生物制药,2021-03-15,8.07,8.12,8.2,7.87,53.86,0.00257,48495000,410926027.0,1.754385977663443,7.979999999
HK.01177,中国生物制药,2021-03-16,8.21,8.41,8.57,8.08,55.696,0.00447,84380756,742744190.0,3.571428571428583,8.12
HK.01177,中国生物制药,2021-03-17,8.5,8.57,8.65,8.42,56.708,0.00326,61441617,548149807.0,1.9024970273483963,8.41
HK.01177,中国生物制药,2021-03-18,8.67,8.46,8.67,8.37,56.012,0.00267,50378448,446825508.0,-1.283547257876306,8.57
HK.01177,中国生物制药,2021-03-19,8.24,8.22,8.38,8.19,54.493,0.00333,62894791,543654424.0,-2.836879432624116,8.46
HK.01177,中国生物制药,2021-03-22,8.16,8.13,8.22,7.969999999,53.924,0.0029,54613932,464495806.0,-1.094890510948903,8.22
HK.01177,中国生物制药,2021-03-23,8.13,7.92,8.2,7.76,52.594,0.00214,40284719,335007249.0,-2.583025830258313,8.13
HK.01177,中国生物制药,2021-03-24,7.92,7.59,7.92,7.52,45.6,0.00446,84104327,673898439.0,-4.166666666666668,7.92
HK.01177,中国生物制药,2021-03-25,7.61,7.29,7.69,7.21,43.885,0.00652,123018775,947901099.0,-3.952569169960472,7.59
HK.01177,中国生物制药,2021-03-26,7.39,7.61,7.68,7.36,45.714,0.00501,94467935,752525326.0,4.389574759945134,7.29
HK.01177,中国生物制药,2021-03-29,7.61,7.41,7.68,7.39,44.571,0.00334,62989388,494689103.0,-2.628120893561106,7.61
HK.01177,中国生物制药,2021-03-30,7.47,7.42,7.639999999,7.39,44.628,0.00272,51329871,404059001.0,0.134952766531711,7.41
HK.01177,中国生物制药,2021-03-31,7.46,7.39,7.55,7.35,44.457,0.00246,46338429,362454238.0,-0.4043126684636152,7.42
HK.01177,中国生物制药,2021-04-01,7.44,7.37,7.55,7.23,44.342,0.00425,80210576,622467937.0,-0.2706359945872744,7.39
HK.01177,中国生物制药,2021-04-07,7.48,7.56,7.69,7.36,45.428,0.00474,89313924,710419378.0,2.578018995929437,7.37
HK.01177,中国生物制药,2021-04-08,7.56,7.809999999,7.87,7.49,46.857,0.0031,58492078,475289820.0,3.3068782936508043,7.56
HK.01177,中国生物制药,2021-04-09,7.899999999,7.71,7.899999999,7.649999999,46.285,0.00213,40265820,326768334.0,-1.2804097184738097,7.809999999
HK.01177,中国生物制药,2021-04-12,7.76,7.57,7.76,7.43,45.485,0.00204,38420407,304071288.0,-1.8158236057068704,7.71
HK.01177,中国生物制药,2021-04-13,7.45,7.57,7.71,7.45,45.485,0.00199,37468801,299197029.0,0.0,7.57
HK.01177,中国生物制药,2021-04-14,7.63,7.67,7.71,7.53,46.057,0.00214,40333251,323114751.0,1.3210039630118842,7.57
HK.01177,中国生物制药,2021-04-15,7.7,7.77,7.82,7.58,46.628,0.00235,44311738,359309172.0,1.3037809647979093,7.67
HK.01177,中国生物制药,2021-04-16,7.799999999,7.67,7.809999999,7.6,46.057,0.00185,34869124,281019090.0,-1.2870012870012826,7.77
HK.01177,中国生物制药,2021-04-19,7.71,7.889999999,7.92,7.63,47.314,0.00315,59387485,488877870.0,2.8683181095175967,7.67
HK.01177,中国生物制药,2021-04-20,7.87,7.799999999,7.889999999,7.74,46.8,0.00209,39335478,323041393.0,-1.1406844107909595,7.889999999
HK.01177,中国生物制药,2021-04-21,7.76,7.809999999,7.88,7.67,46.857,0.00177,33392146,273111099.0,0.1282051282215734,7.799999999
HK.01177,中国生物制药,2021-04-22,7.84,7.979999999,8.139999999,7.82,47.828,0.00387,72926923,610618805.0,2.176696543172431,7.809999999
HK.01177,中国生物制药,2021-04-23,8.08,8.059999999,8.11,8.0,48.285,0.00211,39722968,335560605.0,1.0025062657897887,7.979999999
HK.01177,中国生物制药,2021-04-26,8.059999999,7.91,8.13,7.86,47.428,0.00249,47007724,393470194.0,-1.8610421714467824,8.059999999
HK.01177,中国生物制药,2021-04-27,7.91,8.02,8.059999999,7.87,48.057,0.00184,34644816,290075347.0,1.3906447534766049,7.91
HK.01177,中国生物制药,2021-04-28,8.03,7.99,8.08,7.79,47.885,0.00268,50632480,420065964.0,-0.374064837905229,8.02
HK.01177,中国生物制药,2021-04-29,8.01,7.92,8.01,7.809999999,47.485,0.00101,19060546,158425702.0,-0.8760951188986269,7.99
HK.01177,中国生物制药,2021-04-30,7.86,7.979999999,8.03,7.85,47.828,0.00188,35431023,296265484.0,0.7575757449495002,7.92
HK.01177,中国生物制药,2021-05-03,8.059999999,8.02,8.16,7.84,48.057,0.00188,35545347,297715975.0,0.5012531454262125,7.979999999
HK.01177,中国生物制药,2021-05-04,8.11,8.13,8.21,8.04,48.685,0.00269,50764218,433197670.0,1.3715710723192172,8.02
HK.01177,中国生物制药,2021-05-05,8.139999999,8.01,8.17,7.87,48.0,0.00237,44771568,374966117.0,-1.4760147601476137,8.13
HK.01177,中国生物制药,2021-05-06,8.1,7.52,8.1,7.36,45.2,0.00856,161490429,1284914631.0,-6.117353308364548,8.01
HK.01177,中国生物制药,2021-05-07,7.57,7.57,7.66,7.51,45.485,0.00287,54189401,432204419.0,0.664893617021286,7.52
HK.01177,中国生物制药,2021-05-10,7.71,7.78,8.03,7.7,46.685,0.00324,61107497,504214403.0,2.7741083223249663,7.57
HK.01177,中国生物制药,2021-05-11,7.61,7.74,7.86,7.57,46.457,0.00273,51569994,418783364.0,-0.5141388174807203,7.78
HK.01177,中国生物制药,2021-05-12,7.69,7.809999999,7.85,7.63,46.857,0.00182,34269227,279390919.0,0.9043927519379872,7.74
HK.01177,中国生物制药,2021-05-13,7.76,7.809999999,7.99,7.719999999,46.857,0.00242,45610767,375734697.0,0.0,7.809999999
HK.01177,中国生物制药,2021-05-14,7.899999999,8.1,8.11,7.75,48.514,0.00471,88811196,746531682.0,3.7131882335100017,7.809999999
HK.01177,中国生物制药,2021-05-17,8.11,8.04,8.19,7.96,48.171,0.00258,48607265,410400465.0,-0.7407407407407469,8.1
HK.01177,中国生物制药,2021-05-18,8.11,8.48,8.55,8.08,50.685,0.00745,140534833,1242184529.0,5.472636815920414,8.04
HK.01177,中国生物制药,2021-05-20,8.39,8.19,8.54,8.11,49.028,0.00354,66839189,577754636.0,-3.419811320754728,8.48
HK.01177,中国生物制药,2021-05-21,8.24,8.38,8.46,8.18,50.114,0.00334,62935311,551504582.0,2.3199023199023356,8.19
HK.01177,中国生物制药,2021-05-24,8.49,8.66,8.79,8.39,51.714,0.00731,137967323,1237509430.0,3.3412887828162217,8.38
HK.01177,中国生物制药,2021-05-25,9.1,8.4,9.3,8.26,50.228,0.01358,256119247,2312829049.0,-3.0023094688221685,8.66
HK.01177,中国生物制药,2021-05-26,8.45,8.37,8.53,8.22,50.057,0.00727,137113600,1200993725.0,-0.3571428571428706,8.4
HK.01177,中国生物制药,2021-05-27,8.37,8.61,8.75,8.37,51.428,0.00975,183809875,1650467548.0,2.8673835125448055,8.37
HK.01177,中国生物制药,2021-05-28,8.61,8.21,8.62,8.17,49.142,0.00655,123530213,1072681404.0,-4.645760743321703,8.61
HK.01177,中国生物制药,2021-05-31,8.29,8.33,8.38,8.16,49.828,0.00417,78603095,682013169.0,1.4616321559074203,8.21
HK.01177,中国生物制药,2021-06-01,8.34,8.24,8.34,8.01,49.314,0.00361,68016884,579994977.0,-1.080432172869146,8.33
HK.01177,中国生物制药,2021-06-02,8.39,8.32,8.45,8.28,49.771,0.00486,91729428,801115423.0,0.9708737864077678,8.24
HK.01177,中国生物制药,2021-06-03,8.41,8.31,8.41,8.24,49.714,0.00255,48065421,418740582.0,-0.1201923076923051,8.32
HK.01177,中国生物制药,2021-06-04,8.21,8.21,8.3,8.16,49.142,0.0036,67947179,584059407.0,-1.2033694344163617,8.31
HK.01177,中国生物制药,2021-06-07,8.31,8.35,8.36,8.16,49.942,0.00386,72822310,629025359.0,1.70523751522532,8.21
HK.01177,中国生物制药,2021-06-08,8.35,8.149999999,8.39,8.1,48.8,0.00322,60772669,520137647.0,-2.3952095928143637,8.35
HK.01177,中国生物制药,2021-06-09,8.17,8.1,8.21,8.07,48.514,0.00205,38737342,328927137.0,-0.6134969203206821,8.149999999
HK.01177,中国生物制药,2021-06-10,8.149999999,8.08,8.17,8.0,48.4,0.00212,39939623,337378394.0,-0.2469135802469083,8.1
HK.01177,中国生物制药,2021-06-11,8.11,7.91,8.11,7.84,47.428,0.00364,68660245,570890782.0,-2.103960396039603,8.08
HK.01177,中国生物制药,2021-06-15,7.93,7.83,7.96,7.7,46.971,0.00332,62628992,511944472.0,-1.011378002528446,7.91
HK.01177,中国生物制药,2021-06-16,7.82,7.56,7.84,7.51,45.428,0.00413,77809714,620826767.0,-3.4482758620689715,7.83
HK.01177,中国生物制药,2021-06-17,7.56,7.49,7.57,7.44,45.028,0.00283,53392256,420088146.0,-0.925925925925918,7.56
HK.01177,中国生物制药,2021-06-18,7.46,7.38,7.55,7.25,44.171,0.00551,103876763,798385644.0,-1.4686248331108187,7.49
HK.01177,中国生物制药,2021-06-21,7.3,7.25,7.35,7.07,43.428,0.00506,95497754,721685588.0,-1.7615176151761502,7.38
HK.01177,中国生物制药,2021-06-22,7.33,7.28,7.36,7.13,43.6,0.00355,66956592,510762259.0,0.4137931034482792,7.25
HK.01177,中国生物制药,2021-06-23,7.31,7.26,7.32,7.08,43.485,0.01065,200928700,1511826471.0,-0.2747252747252811,7.28
HK.01177,中国生物制药,2021-06-24,7.32,7.35,7.49,7.25,44.0,0.00555,104757483,810397151.0,1.2396694214876014,7.26
HK.01177,中国生物制药,2021-06-25,7.39,7.37,7.42,7.17,44.114,0.00549,103568953,791798009.0,0.2721088435374212,7.35
HK.01177,中国生物制药,2021-06-28,7.37,7.4,7.43,7.29,44.285,0.0017,32040302,247778014.0,0.4070556309362313,7.37
HK.01177,中国生物制药,2021-06-29,7.47,7.37,7.55,7.31,44.114,0.00409,77183521,600302453.0,-0.4054054054054087,7.4
HK.01177,中国生物制药,2021-06-30,7.35,7.27,7.36,7.13,43.542,0.00487,91856538,695813383.0,-1.356852103120767,7.37
HK.01177,中国生物制药,2021-07-02,7.26,7.12,7.34,7.06,42.685,0.00453,85508535,639948033.0,-2.0632737276478608,7.27
HK.01177,中国生物制药,2021-07-05,7.05,6.98,7.13,6.94,41.885,0.00279,52618421,386668597.0,-1.966292134831456,7.12
HK.01177,中国生物制药,2021-07-06,6.98,6.78,7.0,6.63,40.742,0.00548,103299783,733267029.0,-2.865329512893985,6.98
HK.01177,中国生物制药,2021-07-07,6.77,6.77,6.89,6.69,40.685,0.00198,37316560,265714662.0,-0.1474926253687415,6.78
HK.01177,中国生物制药,2021-07-08,6.81,6.68,6.89,6.64,40.171,0.00297,56057809,395869579.0,-1.329394387001475,6.77
HK.01177,中国生物制药,2021-07-09,6.74,6.6,6.74,6.55,39.714,0.00335,63192107,440174028.0,-1.197604790419163,6.68
HK.01177,中国生物制药,2021-07-12,6.62,6.65,6.75,6.55,40.0,0.00243,45843584,321804953.0,0.7575757575757683,6.6
HK.01177,中国生物制药,2021-07-13,6.75,6.68,6.81,6.65,40.171,0.00224,42326402,298737103.0,0.4511278195488626,6.65
HK.01177,中国生物制药,2021-07-14,6.68,6.85,6.96,6.66,41.142,0.00269,50829569,366792026.0,2.5449101796407176,6.68
HK.01177,中国生物制药,2021-07-15,6.85,6.92,7.0,6.8,41.542,0.003,56678524,411307716.0,1.0218978102189822,6.85
HK.01177,中国生物制药,2021-07-16,6.92,6.74,6.92,6.72,40.514,0.00278,52427353,372959604.0,-2.6011560693641576,6.92
HK.01177,中国生物制药,2021-07-19,6.7,6.81,6.84,6.65,40.914,0.00226,42641431,302812384.0,1.0385756676557774,6.74
HK.01177,中国生物制药,2021-07-20,6.81,6.7,6.86,6.69,40.285,0.00278,52411210,371839712.0,-1.6152716593245144,6.81
HK.01177,中国生物制药,2021-07-21,6.74,6.64,6.75,6.58,39.942,0.0023,43401332,303135976.0,-0.8955223880597089,6.7
HK.01177,中国生物制药,2021-07-22,6.73,6.7,6.76,6.58,40.285,0.00248,46799765,329553868.0,0.9036144578313328,6.64
HK.01177,中国生物制药,2021-07-23,6.66,6.64,6.77,6.59,39.942,0.00152,28646044,200002046.0,-0.8955223880597089,6.7
HK.01177,中国生物制药,2021-07-26,6.6,6.32,6.6,6.25,38.114,0.00451,85124499,570523120.0,-4.8192771084337265,6.64
HK.01177,中国生物制药,2021-07-27,6.28,5.98,6.45,5.85,36.171,0.00785,148117471,950053378.0,-5.379746835443036,6.32
HK.01177,中国生物制药,2021-07-28,6.09,6.14,6.27,6.02,37.085,0.0045,84910762,550996750.0,2.675585284280924,5.98
HK.01177,中国生物制药,2021-07-29,6.27,6.28,6.4,6.13,37.885,0.00409,77101400,512407907.0,2.2801302931596186,6.14
HK.01177,中国生物制药,2021-07-30,6.21,6.25,6.25,6.04,37.714,0.00315,59463640,387086652.0,-0.4777070063694307,6.28
HK.01177,中国生物制药,2021-08-02,6.27,6.34,6.4,6.19,38.228,0.00267,50298075,335079108.0,1.4399999999999975,6.25
HK.01177,中国生物制药,2021-08-03,6.29,6.49,6.56,6.29,39.085,0.00311,58723390,401500805.0,2.365930599369091,6.34
HK.01177,中国生物制药,2021-08-04,6.51,6.57,6.61,6.42,39.542,0.00297,55952180,385873923.0,1.2326656394453015,6.49
HK.01177,中国生物制药,2021-08-05,6.57,6.52,6.67,6.47,39.257,0.00235,44388956,306546321.0,-0.7610350076103609,6.57
HK.01177,中国生物制药,2021-08-06,6.55,6.59,6.63,6.39,39.657,0.00294,55447474,381048085.0,1.073619631901845,6.52
HK.01177,中国生物制药,2021-08-09,6.44,6.45,6.53,6.37,38.857,0.00249,46980226,319920219.0,-2.1244309559939256,6.59
HK.01177,中国生物制药,2021-08-10,6.45,6.56,6.58,6.41,39.485,0.00217,40860736,280068833.0,1.7054263565891383,6.45
HK.01177,中国生物制药,2021-08-11,6.48,6.5,6.57,6.44,39.142,0.00208,39257626,268712719.0,-0.9146341463414576,6.56
HK.01177,中国生物制药,2021-08-12,6.44,6.31,6.47,6.2,38.057,0.00343,64770161,429663393.0,-2.923076923076929,6.5
HK.01177,中国生物制药,2021-08-13,6.22,6.27,6.38,6.18,37.828,0.00166,31371613,207184944.0,-0.633914421553091,6.31
HK.01177,中国生物制药,2021-08-16,6.27,6.25,6.37,6.21,37.5,0.0018,33934196,223961076.0,-0.3189792663476806,6.27
HK.01177,中国生物制药,2021-08-17,6.27,6.15,6.38,6.1,36.931,0.0027,50946357,334038701.0,-1.5999999999999943,6.25
HK.01177,中国生物制药,2021-08-18,6.15,6.11,6.25,6.09,36.704,0.00183,34482693,224102437.0,-0.6504065040650412,6.15
HK.01177,中国生物制药,2021-08-19,6.66,6.27,6.7,6.17,37.613,0.00892,168180426,1132570198.0,2.6186579378068617,6.11
HK.01177,中国生物制药,2021-08-20,6.34,5.96,6.34,5.91,35.852,0.0054,101778366,651205331.0,-4.944178628389149,6.27
HK.01177,中国生物制药,2021-08-23,5.95,6.06,6.14,5.91,36.42,0.00278,52314151,335189058.0,1.6778523489932826,5.96
HK.01177,中国生物制药,2021-08-24,6.07,6.11,6.21,6.06,36.704,0.00194,36558173,236349158.0,0.8250825082508368,6.06
HK.01177,中国生物制药,2021-08-25,6.15,6.1,6.27,6.04,36.647,0.00217,40899134,264289292.0,-0.1636661211129406,6.11
HK.01177,中国生物制药,2021-08-26,6.04,5.91,6.08,5.85,35.568,0.00343,64666618,406097378.0,-3.114754098360648,6.1
HK.01177,中国生物制药,2021-08-27,5.91,5.89,5.99,5.87,35.454,0.00128,24048171,150537653.0,-0.3384094754653208,5.91
HK.01177,中国生物制药,2021-08-30,5.89,6.0,6.06,5.83,36.079,0.00192,36136816,228249461.0,1.8675721561969496,5.89
HK.01177,中国生物制药,2021-08-31,6.08,6.16,6.18,5.99,36.988,0.00421,79269261,512178962.0,2.6666666666666687,6.0
HK.01177,中国生物制药,2021-09-01,6.19,6.36,6.48,6.07,38.125,0.0047,88651296,593792569.0,3.2467532467532494,6.16
HK.01177,中国生物制药,2021-09-02,6.46,6.33,6.51,6.27,37.954,0.00297,55908271,373985232.0,-0.471698113207551,6.36
HK.01177,中国生物制药,2021-09-03,6.32,6.47,6.53,6.31,38.75,0.00398,75010676,511246823.0,2.211690363349126,6.33
HK.01177,中国生物制药,2021-09-06,6.46,6.5,6.62,6.46,38.92,0.00281,52978303,364268099.0,0.4636785162287519,6.47
HK.01177,中国生物制药,2021-09-07,6.54,6.43,6.54,6.38,38.522,0.0022,41559862,282455080.0,-1.076923076923081,6.5
HK.01177,中国生物制药,2021-09-08,6.43,6.42,6.52,6.4,38.465,0.00226,42547436,288796757.0,-0.1555209953343668,6.43
HK.01177,中国生物制药,2021-09-09,6.36,6.27,6.42,6.21,37.613,0.00324,61134333,405025629.0,-2.3364485981308465,6.42
HK.01177,中国生物制药,2021-09-10,6.34,6.44,6.46,6.28,38.579,0.00233,43976720,297205683.0,2.711323763955356,6.27
HK.01177,中国生物制药,2021-09-13,6.46,6.38,6.46,6.31,38.125,0.00181,34024543,227303534.0,-0.931677018633548,6.44
HK.01177,中国生物制药,2021-09-14,6.4,6.34,6.42,6.28,37.897,0.00127,23913109,159658807.0,-0.6269592476489034,6.38
HK.01177,中国生物制药,2021-09-15,6.38,6.1,6.38,6.06,36.534,0.00286,53822751,349007594.0,-3.78548895899054,6.34
HK.01177,中国生物制药,2021-09-16,6.09,5.94,6.09,5.82,35.625,0.00317,59704935,371006696.0,-2.622950819672119,6.1
HK.01177,中国生物制药,2021-09-17,5.96,6.03,6.04,5.9,36.136,0.00188,35494174,224386593.0,1.5151515151515127,5.94
HK.01177,中国生物制药,2021-09-20,5.94,5.91,6.0,5.8,35.454,0.00159,29909414,185366961.0,-1.9900497512437827,6.03
HK.01177,中国生物制药,2021-09-21,5.89,5.9,6.04,5.82,35.397,0.00179,33728082,210314575.0,-0.1692047377326529,5.91
HK.01177,中国生物制药,2021-09-23,6.01,6.01,6.05,5.92,36.022,0.00167,31438148,199136323.0,1.864406779661007,5.9
HK.01177,中国生物制药,2021-09-24,5.93,5.95,6.06,5.88,35.681,0.00142,26712086,168465921.0,-0.9983361064891784,6.01
HK.01177,中国生物制药,2021-09-27,6.02,5.95,6.13,5.94,35.681,0.0019,35791364,227633906.0,0.0,5.95
HK.01177,中国生物制药,2021-09-28,5.92,5.89,5.98,5.83,35.34,0.00191,36032565,224329417.0,-1.0084033613445462,5.95
HK.01177,中国生物制药,2021-09-29,5.87,5.98,6.01,5.82,35.852,0.00167,31436526,196597176.0,1.5280135823429668,5.89
HK.01177,中国生物制药,2021-09-30,5.98,6.13,6.19,5.94,36.704,0.00264,49691693,320235285.0,2.508361204013369,5.98
HK.01177,中国生物制药,2021-10-04,6.05,5.8,6.13,5.7,34.829,0.0041,77265544,473148383.0,-5.38336052202284,6.13
HK.01177,中国生物制药,2021-10-05,5.72,5.61,5.79,5.48,33.75,0.00349,65785710,391185966.0,-3.2758620689655085,5.8
HK.01177,中国生物制药,2021-10-06,5.66,5.41,5.66,5.27,32.613,0.00464,87456922,498080485.0,-3.5650623885918034,5.61
HK.01177,中国生物制药,2021-10-07,5.47,5.47,5.51,5.39,32.954,0.00182,34376043,199089187.0,1.109057301293893,5.41
HK.01177,中国生物制药,2021-10-08,5.53,5.59,5.64,5.51,33.636,0.0028,52808231,312041075.0,2.193784277879344,5.47
HK.01177,中国生物制药,2021-10-11,5.62,5.68,5.8,5.62,34.147,0.00187,35166239,212373417.0,1.610017889087654,5.59
HK.01177,中国生物制药,2021-10-12,5.63,5.57,5.67,5.53,33.522,0.00172,32368324,190942436.0,-1.9366197183098492,5.68
HK.01177,中国生物制药,2021-10-15,5.67,5.68,5.72,5.53,34.147,0.00205,38566218,230491879.0,1.9748653500897564,5.57
HK.01177,中国生物制药,2021-10-18,5.73,5.69,5.76,5.59,34.204,0.00139,26189943,156613374.0,0.1760563380281809,5.68
HK.01177,中国生物制药,2021-10-19,5.63,5.73,5.73,5.63,34.431,0.00188,35382665,213097557.0,0.7029876977152906,5.69
HK.01177,中国生物制药,2021-10-20,5.73,5.73,5.75,5.68,34.431,0.00125,23582125,142475880.0,0.0,5.73
HK.01177,中国生物制药,2021-10-21,5.72,5.64,5.74,5.53,33.92,0.00167,31486316,187622585.0,-1.570680628272264,5.73
HK.01177,中国生物制药,2021-10-22,5.63,5.66,5.7,5.58,34.034,0.00121,22882809,136998233.0,0.3546099290780223,5.64
HK.01177,中国生物制药,2021-10-25,5.6,5.62,5.72,5.58,33.806,0.00122,23071248,137337052.0,-0.7067137809187285,5.66
HK.01177,中国生物制药,2021-10-26,5.62,5.47,5.62,5.42,32.954,0.00275,51830437,300831075.0,-2.6690391459074796,5.62
HK.01177,中国生物制药,2021-10-27,5.47,5.43,5.52,5.39,32.727,0.00178,33536245,193086499.0,-0.7312614259597813,5.47
HK.01177,中国生物制药,2021-10-28,5.47,5.42,5.5,5.37,32.67,0.00169,31860551,183293829.0,-0.1841620626150973,5.43
HK.01177,中国生物制药,2021-10-29,5.42,5.43,5.45,5.29,32.727,0.00153,28891639,165452859.0,0.1845018450184462,5.42
HK.01177,中国生物制药,2021-11-01,5.43,5.4,5.43,5.3,32.556,0.00127,23934653,136073358.0,-0.5524861878452921,5.43
HK.01177,中国生物制药,2021-11-02,5.4,5.25,5.44,5.22,31.704,0.00247,46583917,262150135.0,-2.7777777777777843,5.4
HK.01177,中国生物制药,2021-11-03,5.27,5.23,5.34,5.17,31.59,0.00159,29925455,166269932.0,-0.3809523809523728,5.25
HK.01177,中国生物制药,2021-11-04,5.25,5.31,5.36,5.2,32.045,0.00187,35256128,198923435.0,1.5296367112810552,5.23
HK.01177,中国生物制药,2021-11-05,5.26,5.16,5.31,5.13,31.193,0.00171,32185729,177646948.0,-2.8248587570621373,5.31
HK.01177,中国生物制药,2021-11-08,5.14,5.07,5.19,4.95,30.681,0.00304,57245814,305944123.0,-1.744186046511625,5.16
HK.01177,中国生物制药,2021-11-09,5.14,5.14,5.2,5.07,31.079,0.00113,21240283,116068169.0,1.3806706114398302,5.07
HK.01177,中国生物制药,2021-11-10,5.14,5.28,5.29,5.07,31.875,0.00215,40539686,224599123.0,2.7237354085603225,5.14
HK.01177,中国生物制药,2021-11-11,5.24,5.32,5.34,5.17,32.102,0.00137,25844506,144655373.0,0.7575757575757582,5.28
HK.01177,中国生物制药,2021-11-12,5.37,5.25,5.37,5.2,31.704,0.00118,22293514,124666246.0,-1.3157894736842155,5.32
HK.01177,中国生物制药,2021-11-15,5.26,5.26,5.33,5.21,31.761,0.00096,18005496,100681085.0,0.1904761904761864,5.25
HK.01177,中国生物制药,2021-11-16,5.26,5.47,5.55,5.18,32.954,0.0025,47056274,272374183.0,3.9923954372623567,5.26
HK.01177,中国生物制药,2021-11-17,5.47,5.57,5.6,5.44,33.522,0.00194,36537281,214656805.0,1.8281535648994611,5.47
HK.01177,中国生物制药,2021-11-18,5.51,5.5,5.58,5.46,33.125,0.00115,21711894,126577101.0,-1.2567324955116748,5.57
HK.01177,中国生物制药,2021-11-19,5.56,5.47,5.57,5.39,32.954,0.00122,23031684,133299489.0,-0.54545454545455,5.5
HK.01177,中国生物制药,2021-11-22,5.44,5.41,5.52,5.39,32.613,0.00073,13760633,79123789.0,-1.0968921389396638,5.47
HK.01177,中国生物制药,2021-11-23,5.41,5.29,5.41,5.29,31.931,0.00115,21687564,122447842.0,-2.2181146025878022,5.41
HK.01177,中国生物制药,2021-11-24,5.28,5.3,5.34,5.22,31.988,0.00115,21750854,122046074.0,0.1890359168241925,5.29
HK.01177,中国生物制药,2021-11-25,5.3,5.39,5.43,5.26,32.5,0.00108,20313503,115661147.0,1.6981132075471674,5.3
HK.01177,中国生物制药,2021-11-26,5.39,5.29,5.39,5.27,31.931,0.00099,18569863,104737441.0,-1.8552875695732771,5.39
HK.01177,中国生物制药,2021-11-29,5.4,5.31,5.56,5.27,32.045,0.00217,40933707,234328911.0,0.3780718336483851,5.29
HK.01177,中国生物制药,2021-11-30,5.37,5.36,5.44,5.19,32.329,0.00406,76541771,432184686.0,0.9416195856873958,5.31
HK.01177,中国生物制药,2021-12-01,5.38,5.22,5.38,5.19,31.534,0.00237,44569324,249302988.0,-2.611940298507473,5.36
HK.01177,中国生物制药,2021-12-02,5.18,5.17,5.27,5.16,31.25,0.00157,29658435,164242781.0,-0.9578544061302648,5.22
HK.01177,中国生物制药,2021-12-03,5.17,5.37,5.46,5.16,32.386,0.00381,71761585,408297423.0,3.86847195357834,5.17
HK.01177,中国生物制药,2021-12-06,5.47,5.24,5.47,5.19,31.647,0.00219,41296931,231863501.0,-2.420856610800743,5.37
HK.01177,中国生物制药,2021-12-07,5.22,5.12,5.23,5.0,30.965,0.00363,68458120,370296420.0,-2.2900763358778646,5.24
HK.01177,中国生物制药,2021-12-08,5.16,5.2,5.31,5.07,31.42,0.00175,32936335,182676287.0,1.562500000000001,5.12
HK.01177,中国生物制药,2021-12-09,5.24,5.44,5.47,5.24,32.784,0.00236,44402342,254620515.0,4.615384615384619,5.2
HK.01177,中国生物制药,2021-12-10,5.39,5.32,5.42,5.29,32.102,0.00179,33812029,191823137.0,-2.2058823529411784,5.44
HK.01177,中国生物制药,2021-12-13,5.4,5.3,5.44,5.24,31.988,0.00203,38213818,216744268.0,-0.3759398496240688,5.32
HK.01177,中国生物制药,2021-12-14,5.3,5.25,5.35,5.22,31.704,0.0016,30227815,169241744.0,-0.943396226415091,5.3
HK.01177,中国生物制药,2021-12-15,5.25,4.97,5.31,4.88,30.113,0.00498,93871101,501763257.0,-5.3333333333333375,5.25
HK.01177,中国生物制药,2021-12-16,4.91,5.14,5.19,4.91,31.079,0.00343,64530109,348664003.0,3.420523138832997,4.97
HK.01177,中国生物制药,2021-12-17,5.17,5.08,5.18,5.01,30.738,0.00256,48185126,260549051.0,-1.1673151750972686,5.14
HK.01177,中国生物制药,2021-12-20,5.05,5.03,5.17,4.99,30.454,0.00246,46362454,249888793.0,-0.9842519685039336,5.08
HK.01177,中国生物制药,2021-12-21,5.03,5.09,5.17,4.98,30.795,0.00187,35245114,191359283.0,1.1928429423459166,5.03
HK.01177,中国生物制药,2021-12-22,5.06,5.13,5.16,5.05,31.022,0.00124,23309648,126736051.0,0.7858546168958749,5.09
HK.01177,中国生物制药,2021-12-23,5.15,5.13,5.16,5.08,31.022,0.00131,24648001,134338045.0,0.0,5.13
HK.01177,中国生物制药,2021-12-24,5.17,5.12,5.17,5.07,30.965,0.00086,16257885,88373396.0,-0.1949317738791381,5.13
HK.01177,中国生物制药,2021-12-28,5.13,5.14,5.22,5.09,31.079,0.00155,29204115,160311721.0,0.3906249999999917,5.12
HK.01177,中国生物制药,2021-12-29,5.14,4.99,5.14,4.95,30.227,0.00197,37198975,197969977.0,-2.9182879377431807,5.14
HK.01177,中国生物制药,2021-12-30,4.99,5.03,5.09,4.88,30.454,0.00113,21271961,113416288.0,0.8016032064128262,4.99
HK.01177,中国生物制药,2021-12-31,5.1,5.13,5.19,4.97,31.022,0.00067,12595943,68884483.0,1.9880715705765335,5.03
HK.01177,中国生物制药,2022-01-03,5.13,5.29,5.3,5.13,31.931,0.00156,29387091,164150965.0,3.1189083820662797,5.13
HK.01177,中国生物制药,2022-01-04,5.35,5.42,5.44,5.29,32.67,0.0036,67907224,388764886.0,2.457466918714554,5.29
HK.01177,中国生物制药,2022-01-05,5.41,5.5,5.52,5.38,33.125,0.00292,55061159,318926538.0,1.4760147601476028,5.42
HK.01177,中国生物制药,2022-01-06,5.5,5.51,5.52,5.35,33.181,0.00265,49876924,288710322.0,0.1818181818181779,5.5
HK.01177,中国生物制药,2022-01-07,5.51,5.53,5.57,5.43,33.295,0.0016,30127043,176261596.0,0.3629764065335837,5.51
HK.01177,中国生物制药,2022-01-10,5.57,5.88,5.97,5.53,35.284,0.00499,93923911,581584585.0,6.329113924050627,5.53
HK.01177,中国生物制药,2022-01-11,5.85,5.78,5.92,5.74,34.715,0.00324,61001765,375218023.0,-1.7006802721088374,5.88
HK.01177,中国生物制药,2022-01-12,5.78,5.7,5.83,5.66,34.261,0.00254,47909464,289213548.0,-1.3840830449827002,5.78
HK.01177,中国生物制药,2022-01-13,5.7,5.64,5.74,5.6,33.92,0.00142,26704378,159718723.0,-1.052631578947377,5.7
HK.01177,中国生物制药,2022-01-14,5.69,5.82,5.9,5.57,34.943,0.00222,41766550,255433030.0,3.1914893617021387,5.64
HK.01177,中国生物制药,2022-01-17,5.82,5.82,5.89,5.77,34.943,0.00118,22204010,136538388.0,0.0,5.82
HK.01177,中国生物制药,2022-01-18,5.82,5.72,5.88,5.67,34.375,0.00182,34321489,208738897.0,-1.7182130584192532,5.82
HK.01177,中国生物制药,2022-01-19,5.72,5.71,5.73,5.56,34.318,0.00202,38024972,227076057.0,-0.1748251748251711,5.72
HK.01177,中国生物制药,2022-01-20,5.74,5.72,5.74,5.61,34.375,0.00177,33386542,200635601.0,0.1751313485113798,5.71
HK.01177,中国生物制药,2022-01-21,5.72,5.75,5.88,5.71,34.545,0.00243,45798218,280036976.0,0.5244755244755288,5.72
HK.01177,中国生物制药,2022-01-24,5.77,5.6,5.78,5.57,33.693,0.00244,45905680,274513749.0,-2.6086956521739193,5.75
HK.01177,中国生物制药,2022-01-25,5.52,5.27,5.54,5.22,31.818,0.00428,80579157,454221565.0,-5.892857142857145,5.6
HK.01177,中国生物制药,2022-01-26,5.27,5.19,5.28,5.15,31.363,0.00259,48816709,269302518.0,-1.51802656546488,5.27
HK.01177,中国生物制药,2022-01-27,5.17,5.09,5.18,5.0,30.795,0.00184,34728786,186890094.0,-1.926782273603093,5.19
HK.01177,中国生物制药,2022-01-28,5.09,5.02,5.1,4.98,30.397,0.00149,28124626,150755739.0,-1.3752455795677856,5.09
HK.01177,中国生物制药,2022-01-31,5.02,5.03,5.07,4.94,30.454,0.00098,18465471,98314500.0,0.1992031872510095,5.02
HK.01177,中国生物制药,2022-02-04,5.14,5.13,5.18,5.01,31.022,0.00123,23112739,125872970.0,1.9880715705765335,5.03
HK.01177,中国生物制药,2022-02-07,5.11,5.17,5.23,5.11,31.25,0.00158,29684608,162906109.0,0.7797270955165699,5.13
HK.01177,中国生物制药,2022-02-08,5.14,5.16,5.18,5.04,31.193,0.00156,29366434,160070993.0,-0.1934235976789127,5.17
HK.01177,中国生物制药,2022-02-09,5.2,5.26,5.32,5.2,31.761,0.00176,33166763,185276542.0,1.937984496124024,5.16
HK.01177,中国生物制药,2022-02-10,5.28,5.29,5.32,5.25,31.931,0.00111,20843887,117011255.0,0.5703422053231987,5.26
HK.01177,中国生物制药,2022-02-11,5.19,5.17,5.29,5.11,31.25,0.00198,37211441,204550306.0,-2.268431001890361,5.29
HK.01177,中国生物制药,2022-02-14,5.1,5.14,5.16,5.03,31.079,0.00118,22296537,121545809.0,-0.5802707930367553,5.17
HK.01177,中国生物制药,2022-02-15,5.07,5.18,5.28,5.07,31.306,0.00123,23083260,127552977.0,0.7782101167315182,5.14
HK.01177,中国生物制药,2022-02-16,5.2,5.16,5.23,5.11,31.193,0.00132,24929109,136841332.0,-0.3861003861003779,5.18
HK.01177,中国生物制药,2022-02-17,5.17,5.23,5.28,5.15,31.59,0.00119,22388900,124080412.0,1.3565891472868272,5.16
HK.01177,中国生物制药,2022-02-18,5.17,5.18,5.23,5.16,31.306,0.00131,24736235,136439243.0,-0.9560229445506828,5.23
HK.01177,中国生物制药,2022-02-21,5.17,5.23,5.26,5.16,31.59,0.00163,30670975,169891836.0,0.965250965250979,5.18
HK.01177,中国生物制药,2022-02-22,5.16,5.09,5.16,5.04,30.795,0.00182,34263741,185249090.0,-2.676864244741884,5.23
HK.01177,中国生物制药,2022-02-23,5.12,5.16,5.19,5.07,31.193,0.00112,21015094,114850242.0,1.3752455795677856,5.09
HK.01177,中国生物制药,2022-02-24,5.13,4.88,5.15,4.84,29.602,0.0032,60369677,317614041.0,-5.426356589147292,5.16
HK.01177,中国生物制药,2022-02-25,4.88,4.92,4.96,4.87,29.829,0.00225,42385822,222019813.0,0.8196721311475417,4.88
HK.01177,中国生物制药,2022-02-28,4.92,4.65,4.92,4.64,28.295,0.00349,65668464,328912860.0,-5.487804878048772,4.92
HK.01177,中国生物制药,2022-03-01,4.66,4.65,4.71,4.57,28.295,0.00238,44918313,223098734.0,0.0,4.65
HK.01177,中国生物制药,2022-03-02,4.64,4.46,4.64,4.4,27.215,0.00301,56672189,272591242.0,-4.086021505376352,4.65
HK.01177,中国生物制药,2022-03-03,4.46,4.49,4.54,4.41,27.386,0.00199,37489470,180586336.0,0.6726457399103195,4.46
HK.01177,中国生物制药,2022-03-04,4.41,4.29,4.41,4.21,26.25,0.00541,101943991,471282023.0,-4.454342984409803,4.49
HK.01177,中国生物制药,2022-03-07,4.17,4.07,4.18,4.06,25.0,0.00367,69164325,307913758.0,-5.128205128205122,4.29
HK.01177,中国生物制药,2022-03-08,4.09,3.95,4.18,3.939999999,24.318,0.00291,54905666,239565740.0,-2.948402948402951,4.07
HK.01177,中国生物制药,2022-03-09,4.08,4.0,4.09,3.87,24.602,0.00256,48306319,207677898.0,1.265822784810122,3.95
HK.01177,中国生物制药,2022-03-10,4.05,4.11,4.12,4.03,25.227,0.0018,33915817,149561530.0,2.750000000000008,4.0
HK.01177,中国生物制药,2022-03-11,4.08,4.06,4.13,3.97,24.943,0.0024,45231666,198689755.0,-1.2165450121654673,4.11
HK.01177,中国生物制药,2022-03-14,4.14,3.76,4.15,3.72,23.238,0.00325,61142776,254963789.0,-7.389162561576351,4.06
HK.01177,中国生物制药,2022-03-15,3.76,3.47,3.76,3.38,21.59,0.00556,104712667,407019295.0,-7.712765957446797,3.76
HK.01177,中国生物制药,2022-03-16,3.769999999,3.79,3.849999999,3.66,23.409,0.00952,179379380,735098673.0,9.22190201729106,3.47
HK.01177,中国生物制药,2022-03-17,3.97,4.29,4.3,3.84,26.25,0.01012,190542651,846236528.0,13.192612137203168,3.79
HK.01177,中国生物制药,2022-03-18,4.33,4.27,4.37,4.13,26.285,0.00678,127791842,583643274.0,-0.4662004662004769,4.29
HK.01177,中国生物制药,2022-03-21,4.4,4.31,4.4,4.23,26.514,0.00292,55067006,255439868.0,0.9367681498829048,4.27
HK.01177,中国生物制药,2022-03-22,4.4,4.42,4.42,4.31,27.142,0.00201,37880004,178380030.0,2.552204176334114,4.31
HK.01177,中国生物制药,2022-03-23,4.42,4.63,4.67,4.39,28.342,0.00444,83535752,412530765.0,4.751131221719456,4.42
HK.01177,中国生物制药,2022-03-24,4.61,4.75,4.79,4.55,29.028,0.00369,69579519,351676054.0,2.5917926565874754,4.63
HK.01177,中国生物制药,2022-03-25,4.75,4.51,4.75,4.45,27.657,0.00201,37893613,184997941.0,-5.0526315789473735,4.75
HK.01177,中国生物制药,2022-03-28,4.51,4.56,4.6,4.4,27.942,0.00159,30008606,145925585.0,1.1086474501108607,4.51
HK.01177,中国生物制药,2022-03-29,4.56,4.64,4.64,4.52,28.4,0.00117,22030941,108442394.0,1.7543859649122824,4.56
HK.01177,中国生物制药,2022-03-30,4.64,4.64,4.68,4.49,28.4,0.00217,40930771,202767684.0,0.0,4.64
HK.01177,中国生物制药,2022-03-31,4.65,4.56,4.71,4.52,27.942,0.00214,40208723,197998206.0,-1.7241379310344844,4.64
HK.01177,中国生物制药,2022-04-01,4.46,4.17,4.54,4.13,25.714,0.00492,92644134,418709143.0,-8.552631578947361,4.56
HK.01177,中国生物制药,2022-04-04,4.21,4.21,4.31,4.19,4.783,0.003,56423976,257451299.0,0.9592326139088736,4.17
HK.01177,中国生物制药,2022-04-06,4.15,4.07,4.17,4.04,4.636,0.00448,84288918,373317541.0,-3.3254156769596124,4.21
HK.01177,中国生物制药,2022-04-07,4.07,3.98,4.18,3.96,4.541,0.0032,60274659,263132540.0,-2.2113022113022183,4.07
HK.01177,中国生物制药,2022-04-08,3.98,4.05,4.06,3.92,4.615,0.0016,30041906,130057282.0,1.758793969849242,3.98
HK.01177,中国生物制药,2022-04-11,4.03,3.82,4.03,3.79,4.373,0.00296,55710585,233474934.0,-5.679012345679013,4.05
HK.01177,中国生物制药,2022-04-12,3.849999999,3.8,3.9,3.7,4.351,0.00272,51180695,210115689.0,-0.5235602094240842,3.82
HK.01177,中国生物制药,2022-04-13,3.78,3.78,3.84,3.71,4.33,0.00167,31456637,129105518.0,-0.5263157894736847,3.8
HK.01177,中国生物制药,2022-04-14,3.84,3.889999999,3.9,3.809999999,4.446,0.00191,35997425,150752925.0,2.9100528835978903,3.78
HK.01177,中国生物制药,2022-04-19,3.84,3.76,3.889999999,3.74,4.309,0.00176,33095462,135827360.0,-3.341902288776845,3.889999999
HK.01177,中国生物制药,2022-04-20,3.72,3.75,3.84,3.72,4.299,0.00122,23042173,94376407.0,-0.2659574468085049,3.76
HK.01177,中国生物制药,2022-04-21,3.769999999,3.7,3.769999999,3.62,4.246,0.00249,46895583,188115696.0,-1.3333333333333286,3.75
HK.01177,中国生物制药,2022-04-22,3.61,3.68,3.68,3.58,4.225,0.00277,52099759,206565487.0,-0.540540540540541,3.7
HK.01177,中国生物制药,2022-04-25,3.65,3.61,3.65,3.54,4.151,0.00235,44289258,173798700.0,-1.902173913043486,3.68
HK.01177,中国生物制药,2022-04-26,3.64,3.61,3.66,3.55,4.151,0.00255,48077591,189375515.0,0.0,3.61
HK.01177,中国生物制药,2022-04-27,3.59,3.58,3.59,3.5,4.12,0.00245,46125993,179102801.0,-0.8310249307479171,3.61
HK.01177,中国生物制药,2022-04-28,3.63,3.729999999,3.729999999,3.58,4.278,0.0022,41382566,165899856.0,4.189944106145246,3.58
HK.01177,中国生物制药,2022-04-29,3.65,3.82,3.83,3.64,4.373,0.00182,34352025,140584929.0,2.4128686601643063,3.729999999
HK.01177,中国生物制药,2022-05-03,3.769999999,3.64,3.8,3.58,4.183,0.00345,64936671,258609773.0,-4.712041884816746,3.82
HK.01177,中国生物制药,2022-05-04,3.65,3.57,3.67,3.5,4.109,0.0019,35810863,139553778.0,-1.923076923076931,3.64
HK.01177,中国生物制药,2022-05-05,3.59,3.56,3.67,3.54,4.099,0.00204,38489371,150815271.0,-0.2801120448179212,3.57
HK.01177,中国生物制药,2022-05-06,3.44,3.43,3.5,3.38,3.962,0.00283,53346450,200172968.0,-3.651685393258424,3.56
HK.01177,中国生物制药,2022-05-10,3.33,3.4,3.45,3.29,3.93,0.00235,44305201,165103110.0,-0.8746355685131266,3.43
HK.01177,中国生物制药,2022-05-11,3.46,3.51,3.62,3.4,4.046,0.00287,54024868,208855046.0,3.235294117647055,3.4
HK.01177,中国生物制药,2022-05-12,3.46,3.5,3.52,3.4,4.035,0.00218,41140302,156531524.0,-0.2849002849002788,3.51
HK.01177,中国生物制药,2022-05-13,3.57,3.58,3.59,3.51,4.12,0.00225,42445253,165355425.0,2.285714285714288,3.5
HK.01177,中国生物制药,2022-05-16,3.56,3.62,3.63,3.54,4.162,0.00168,31690179,124297654.0,1.1173184357541908,3.58
HK.01177,中国生物制药,2022-05-17,3.66,3.72,3.74,3.62,4.267,0.00227,42707565,171126531.0,2.7624309392265216,3.62
HK.01177,中国生物制药,2022-05-18,3.67,3.769999999,3.78,3.66,4.32,0.0019,35728997,145089457.0,1.3440859946236487,3.72
HK.01177,中国生物制药,2022-05-19,3.72,3.76,3.79,3.63,4.309,0.00194,36530357,148048687.0,-0.265251962935084,3.769999999
HK.01177,中国生物制药,2022-05-20,3.82,3.92,3.939999999,3.82,4.478,0.00252,47365663,199796502.0,4.255319148936175,3.76
HK.01177,中国生物制药,2022-05-23,3.9,3.98,3.98,3.84,4.541,0.00243,45660590,194426515.0,1.5306122448979604,3.92
HK.01177,中国生物制药,2022-05-24,3.99,3.91,4.0,3.849999999,4.467,0.00224,42127819,178347184.0,-1.758793969849242,3.98
HK.01177,中国生物制药,2022-05-25,3.889999999,3.939999999,3.99,3.809999999,4.499,0.00218,40990630,175056084.0,0.7672634015345198,3.91
HK.01177,中国生物制药,2022-05-26,3.93,3.83,3.939999999,3.78,4.383,0.0017,31941454,133051528.0,-2.791878147916715,3.939999999
HK.01177,中国生物制药,2022-05-27,3.88,3.96,3.97,3.86,4.52,0.00185,34895283,148707472.0,3.394255874673626,3.83
HK.01177,中国生物制药,2022-05-30,3.96,4.08,4.1,3.91,4.646,0.00315,59278741,259062069.0,3.030303030303033,3.96
HK.01177,中国生物制药,2022-05-31,4.04,4.08,4.11,4.01,4.646,0.00372,70084211,308342149.0,0.0,4.08
HK.01177,中国生物制药,2022-06-01,4.09,4.02,4.09,3.96,4.583,0.00152,28670285,124524431.0,-1.4705882352941295,4.08
HK.01177,中国生物制药,2022-06-02,3.95,3.84,3.96,3.8,4.394,0.00252,47397023,197883000.0,-4.477611940298501,4.02
HK.01177,中国生物制药,2022-06-06,3.79,3.9,3.91,3.79,4.457,0.0016,30154542,126492096.0,1.562500000000001,3.84
HK.01177,中国生物制药,2022-06-07,3.769999999,3.72,3.849999999,3.7,4.267,0.00392,73777118,301710506.0,-4.615384615384608,3.9
HK.01177,中国生物制药,2022-06-08,3.75,3.9,3.91,3.729999999,4.457,0.0035,65883090,275612720.0,4.838709677419347,3.72
HK.01177,中国生物制药,2022-06-09,3.86,3.93,3.99,3.849999999,4.484,0.00271,51073375,217661744.0,0.7692307692307756,3.9
HK.01177,中国生物制药,2022-06-10,3.88,3.9,3.93,3.78,4.452,0.00236,44479487,187860227.0,-0.7633587786259605,3.93
HK.01177,中国生物制药,2022-06-13,3.79,3.86,3.87,3.79,4.41,0.00202,37932446,158193273.0,-1.0256410256410264,3.9
HK.01177,中国生物制药,2022-06-14,3.849999999,3.78,3.849999999,3.72,4.326,0.00178,33406916,137508434.0,-2.072538860103629,3.86
HK.01177,中国生物制药,2022-06-15,3.71,3.86,3.88,3.71,4.368,0.00158,29637477,122173018.0,2.1164021164021185,3.78
HK.01177,中国生物制药,2022-06-16,3.87,3.889999999,4.01,3.83,4.4,0.00244,45818828,192631529.0,0.7772020466321287,3.86
HK.01177,中国生物制药,2022-06-17,3.91,4.04,4.05,3.83,4.557,0.0029,54568603,234379717.0,3.8560411578036096,3.889999999
HK.01177,中国生物制药,2022-06-20,4.01,4.12,4.17,4.01,4.642,0.00201,37743944,166007087.0,1.980198019801982,4.04
HK.01177,中国生物制药,2022-06-21,4.11,4.25,4.26,4.08,4.778,0.0022,41399991,185691778.0,3.15533980582524,4.12
HK.01177,中国生物制药,2022-06-22,4.15,4.09,4.25,4.08,4.61,0.00194,36444013,161755968.0,-3.764705882352944,4.25
HK.01177,中国生物制药,2022-06-23,4.19,4.21,4.23,4.13,4.736,0.00247,46540929,208123810.0,2.9339853300733525,4.09
HK.01177,中国生物制药,2022-06-24,4.18,4.43,4.46,4.18,4.968,0.00458,86240603,404332049.0,5.225653206650825,4.21
HK.01177,中国生物制药,2022-06-27,4.51,4.5,4.61,4.41,5.042,0.00358,67267216,322181048.0,1.5801354401805936,4.43
HK.01177,中国生物制药,2022-06-28,4.47,4.54,4.55,4.42,5.084,0.00167,31360058,150060123.0,0.8888888888888897,4.5
HK.01177,中国生物制药,2022-06-29,4.48,4.4,4.54,4.35,4.936,0.00258,48586552,229096870.0,-3.0837004405286272,4.54
HK.01177,中国生物制药,2022-06-30,4.47,4.68,4.71,4.44,5.231,0.00462,87017228,428666587.0,6.363636363636349,4.4
HK.01177,中国生物制药,2022-07-04,4.7,4.98,5.01,4.61,5.547,0.00612,115068709,598052904.0,6.410256410256427,4.68
HK.01177,中国生物制药,2022-07-05,4.99,4.94,5.06,4.89,5.505,0.00327,61483474,321986135.0,-0.8032128514056232,4.98
HK.01177,中国生物制药,2022-07-06,5.0,4.9,5.1,4.77,5.463,0.00326,61326401,319418153.0,-0.8097165991902842,4.94
HK.01177,中国生物制药,2022-07-07,4.91,4.98,4.98,4.77,5.547,0.00212,39977022,207488187.0,1.632653061224491,4.9
HK.01177,中国生物制药,2022-07-08,5.03,4.97,5.06,4.91,5.536,0.00193,36297100,191059307.0,-0.2008032128514191,4.98
HK.01177,中国生物制药,2022-07-11,4.92,5.06,5.09,4.86,5.631,0.00373,70128867,372849707.0,1.8108651911468785,4.97
HK.01177,中国生物制药,2022-07-12,5.02,4.94,5.08,4.85,5.505,0.00328,61670634,322621393.0,-2.371541501976269,5.06
HK.01177,中国生物制药,2022-07-13,4.98,4.75,5.01,4.73,5.305,0.00265,49928987,254736615.0,-3.846153846153854,4.94
HK.01177,中国生物制药,2022-07-14,4.76,4.91,4.95,4.76,5.473,0.00266,50125087,259026443.0,3.3684210526315814,4.75
HK.01177,中国生物制药,2022-07-15,4.89,4.63,4.91,4.6,5.178,0.0028,52607828,261725841.0,-5.702647657841146,4.91
HK.01177,中国生物制药,2022-07-18,4.69,4.67,4.74,4.52,5.221,0.00313,58960090,291828335.0,0.8639308855291584,4.63
HK.01177,中国生物制药,2022-07-19,4.61,4.53,4.71,4.51,5.073,0.00224,42208463,204662933.0,-2.997858672376867,4.67
HK.01177,中国生物制药,2022-07-20,4.55,4.49,4.7,4.45,5.031,0.00364,68399103,330659262.0,-0.8830022075055195,4.53
HK.01177,中国生物制药,2022-07-21,4.54,4.5,4.56,4.46,5.042,0.0015,28240044,135551079.0,0.2227171492204852,4.49
HK.01177,中国生物制药,2022-07-22,4.56,4.42,4.56,4.38,4.957,0.00162,30482933,143778142.0,-1.7777777777777797,4.5
HK.01177,中国生物制药,2022-07-25,4.36,4.36,4.39,4.3,4.894,0.00172,32306739,149134300.0,-1.3574660633484077,4.42
HK.01177,中国生物制药,2022-07-26,4.36,4.36,4.42,4.29,4.894,0.00162,30549189,141949800.0,0.0,4.36
HK.01177,中国生物制药,2022-07-27,4.32,4.34,4.42,4.31,4.873,0.00106,19947405,92380153.0,-0.4587155963302857,4.36
HK.01177,中国生物制药,2022-07-28,4.36,4.39,4.41,4.33,4.926,0.00168,31669739,147653151.0,1.15207373271889,4.34
HK.01177,中国生物制药,2022-07-29,4.4,4.25,4.41,4.2,4.778,0.00186,35005258,159466452.0,-3.1890660592255053,4.39
HK.01177,中国生物制药,2022-08-01,4.29,4.2,4.29,4.14,4.726,0.0013,24483976,109797608.0,-1.17647058823529,4.25
HK.01177,中国生物制药,2022-08-02,4.11,4.03,4.11,3.95,4.547,0.00278,52314150,224615923.0,-4.047619047619046,4.2
HK.01177,中国生物制药,2022-08-03,4.07,4.01,4.11,3.99,4.526,0.0013,24366953,105275521.0,-0.4962779156327658,4.03
HK.01177,中国生物制药,2022-08-04,3.99,4.12,4.15,3.99,4.642,0.0022,41351698,181711740.0,2.743142144638412,4.01
HK.01177,中国生物制药,2022-08-05,4.19,4.22,4.27,4.15,4.747,0.00153,28817823,129987377.0,2.427184466019409,4.12
HK.01177,中国生物制药,2022-08-08,4.12,4.17,4.26,4.11,4.694,0.00117,22032544,98622021.0,-1.1848341232227448,4.22
HK.01177,中国生物制药,2022-08-09,4.17,4.24,4.28,4.15,4.768,0.00151,28498592,128982300.0,1.6786570743405345,4.17
HK.01177,中国生物制药,2022-08-10,4.24,4.08,4.25,4.02,4.6,0.00155,29178442,127670186.0,-3.773584905660381,4.24
HK.01177,中国生物制药,2022-08-11,4.14,4.18,4.21,4.13,4.705,0.0016,30076849,133979289.0,2.450980392156854,4.08
HK.01177,中国生物制药,2022-08-12,4.02,4.01,4.09,3.86,4.526,0.00267,50161267,215337527.0,-4.066985645933013,4.18
HK.01177,中国生物制药,2022-08-15,4.0,4.02,4.06,3.96,4.536,0.00136,25551507,110176957.0,0.2493765586034859,4.01
HK.01177,中国生物制药,2022-08-16,4.02,4.08,4.09,3.97,4.6,0.00225,42402289,183249535.0,1.4925373134328483,4.02
HK.01177,中国生物制药,2022-08-17,4.11,4.0,4.11,3.97,4.515,0.00122,22896764,98711060.0,-1.960784313725492,4.08
HK.01177,中国生物制药,2022-08-18,4.02,3.91,4.03,3.91,4.421,0.00081,15200349,64403248.0,-2.2499999999999964,4.0
HK.01177,中国生物制药,2022-08-19,3.91,3.889999999,3.95,3.88,4.4,0.00075,14090475,59040176.0,-0.5115089769820997,3.91
HK.01177,中国生物制药,2022-08-22,3.87,3.889999999,3.929999999,3.84,4.4,0.00126,23693651,98981973.0,0.0,3.889999999
HK.01177,中国生物制药,2022-08-23,3.889999999,3.82,3.94,3.769999999,4.326,0.00105,19756258,81127493.0,-1.7994858359381762,3.889999999
HK.01177,中国生物制药,2022-08-24,3.79,3.75,3.92,3.72,4.252,0.00142,26733787,108722560.0,-1.8324607329842892,3.82
HK.01177,中国生物制药,2022-08-25,3.76,3.889999999,3.94,3.75,4.4,0.0021,39471406,164257194.0,3.733333306666667,3.75
HK.01177,中国生物制药,2022-08-26,3.9,3.889999999,3.96,3.83,4.4,0.00134,25259834,105475489.0,0.0,3.889999999
HK.01177,中国生物制药,2022-08-29,3.849999999,3.84,3.849999999,3.78,4.347,0.00142,26740027,109757435.0,-1.2853470183252866,3.889999999
HK.01177,中国生物制药,2022-08-30,3.82,3.8,3.83,3.7,4.305,0.00204,38401510,155361081.0,-1.0416666666666676,3.84
HK.01177,中国生物制药,2022-08-31,3.74,3.849999999,3.88,3.729999999,4.357,0.00155,29254200,120563874.0,1.315789447368426,3.8
HK.01177,中国生物制药,2022-09-01,3.809999999,3.82,3.889999999,3.79,4.326,0.00126,23629600,97349212.0,-0.7792207534491525,3.849999999
HK.01177,中国生物制药,2022-09-02,3.82,3.75,3.849999999,3.729999999,4.252,0.00135,25361448,102644507.0,-1.8324607329842892,3.82
HK.01177,中国生物制药,2022-09-05,3.729999999,3.7,3.78,3.61,4.2,0.0018,33788298,134493891.0,-1.3333333333333286,3.75
HK.01177,中国生物制药,2022-09-06,3.74,3.7,3.75,3.67,4.136,0.00093,17479750,68713159.0,0.0,3.7
HK.01177,中国生物制药,2022-09-07,3.67,3.7,3.71,3.63,4.136,0.00156,29409151,114385247.0,0.0,3.7
HK.01177,中国生物制药,2022-09-08,3.71,3.66,3.74,3.64,4.094,0.00115,21626533,84546462.0,-1.081081081081082,3.7
HK.01177,中国生物制药,2022-09-09,3.69,3.78,3.82,3.65,4.221,0.00135,25376828,101682788.0,3.2786885245901543,3.66
HK.01177,中国生物制药,2022-09-13,3.789999999,3.75,3.81,3.73,4.189,0.00119,22416639,89361082.0,-0.7936507936507886,3.78
HK.01177,中国生物制药,2022-09-14,3.68,3.66,3.71,3.62,4.094,0.00158,29653933,115167507.0,-2.3999999999999964,3.75
HK.01177,中国生物制药,2022-09-15,3.63,3.66,3.75,3.63,4.094,0.0012,22618687,88383362.0,0.0,3.66
HK.01177,中国生物制药,2022-09-16,3.66,3.7,3.74,3.62,4.136,0.0022,41372223,162320157.0,1.0928961748633887,3.66
HK.01177,中国生物制药,2022-09-19,3.65,3.43,3.66,3.4,3.852,0.00468,87979120,325690386.0,-7.297297297297297,3.7
HK.01177,中国生物制药,2022-09-20,3.44,3.49,3.52,3.4,3.915,0.00204,38380489,142551907.0,1.7492711370262406,3.43
HK.01177,中国生物制药,2022-09-21,3.45,3.47,3.56,3.41,3.894,0.00232,43704997,162512917.0,-0.5730659025787971,3.49
HK.01177,中国生物制药,2022-09-22,3.4,3.51,3.52,3.39,3.936,0.00166,31152397,115837672.0,1.1527377521613713,3.47
HK.01177,中国生物制药,2022-09-23,3.54,3.47,3.54,3.44,3.894,0.00133,24971969,92647867.0,-1.139601139601128,3.51
HK.01177,中国生物制药,2022-09-26,3.45,3.52,3.56,3.42,3.947,0.00224,42178469,157623833.0,1.4409221902017235,3.47
HK.01177,中国生物制药,2022-09-27,3.51,3.51,3.55,3.43,3.936,0.00198,37313118,139107212.0,-0.2840909090909156,3.52
HK.01177,中国生物制药,2022-09-28,3.48,3.4,3.49,3.37,3.821,0.00213,40116285,146007823.0,-3.1339031339031305,3.51
HK.01177,中国生物制药,2022-09-29,3.43,3.4,3.47,3.35,3.821,0.00217,40919505,148679140.0,0.0,3.4
HK.01177,中国生物制药,2022-09-30,3.47,3.46,3.52,3.38,3.884,0.00262,49339831,182436821.0,1.764705882352943,3.4
HK.01177,中国生物制药,2022-10-03,3.38,3.48,3.56,3.38,3.905,0.00188,35282073,131338425.0,0.5780346820809253,3.46
HK.01177,中国生物制药,2022-10-05,3.57,3.68,3.69,3.57,4.115,0.00204,38402843,148867523.0,5.747126436781615,3.48
HK.01177,中国生物制药,2022-10-06,3.69,3.61,3.69,3.57,4.042,0.00086,16088774,61661999.0,-1.902173913043486,3.68
HK.01177,中国生物制药,2022-10-07,3.56,3.51,3.57,3.47,3.936,0.00102,19129964,71520562.0,-2.7700831024930777,3.61
HK.01177,中国生物制药,2022-10-10,3.42,3.48,3.51,3.37,3.905,0.00107,20157197,74463839.0,-0.8547008547008492,3.51
HK.01177,中国生物制药,2022-10-11,3.48,3.42,3.48,3.39,3.842,0.00101,18922234,69302517.0,-1.7241379310344844,3.48
HK.01177,中国生物制药,2022-10-12,3.45,3.46,3.5,3.36,3.884,0.00172,32325261,118374057.0,1.1695906432748548,3.42
HK.01177,中国生物制药,2022-10-13,3.46,3.44,3.58,3.42,3.863,0.00173,32554668,120891969.0,-0.5780346820809253,3.46
HK.01177,中国生物制药,2022-10-14,3.54,3.68,3.77,3.49,4.115,0.00465,87472497,342795453.0,6.976744186046519,3.44
HK.01177,中国生物制药,2022-10-17,3.71,3.82,3.88,3.66,4.263,0.00385,72504697,290472391.0,3.804347826086948,3.68
HK.01177,中国生物制药,2022-10-18,3.829999999,3.98,4.02,3.76,4.431,0.00377,70957447,294911824.0,4.188481675392674,3.82
HK.01177,中国生物制药,2022-10-19,3.98,3.86,4.0,3.85,4.305,0.00228,42930494,177719592.0,-3.015075376884425,3.98
HK.01177,中国生物制药,2022-10-20,3.869999999,3.92,3.98,3.8,4.368,0.00246,46237437,191189071.0,1.5544041450777215,3.86
HK.01177,中国生物制药,2022-10-21,4.0,3.97,4.03,3.92,4.421,0.00208,39141176,164434558.0,1.2755102040816395,3.92
HK.01177,中国生物制药,2022-10-24,3.96,3.88,3.97,3.76,4.326,0.0039,73401204,299635667.0,-2.267002518891695,3.97
HK.01177,中国生物制药,2022-10-25,3.97,3.829999999,3.97,3.78,4.273,0.00312,58622851,239565807.0,-1.2886598195876264,3.88
HK.01177,中国生物制药,2022-10-26,3.869999999,3.97,4.08,3.8,4.421,0.00376,70815069,297585553.0,3.65535250748182,3.829999999
HK.01177,中国生物制药,2022-10-27,3.97,3.82,4.02,3.81,4.263,0.00275,51662071,212798997.0,-3.7783375314861543,3.97
HK.01177,中国生物制药,2022-10-28,3.86,3.73,3.869999999,3.67,4.168,0.00286,53845581,215061878.0,-2.356020942408373,3.82
HK.01177,中国生物制药,2022-10-31,3.72,3.58,3.77,3.57,4.01,0.00263,49522852,192372209.0,-4.021447721179623,3.73
HK.01177,中国生物制药,2022-11-01,3.63,3.96,3.989999999,3.63,4.41,0.00456,85704594,354446608.0,10.6145251396648,3.58
HK.01177,中国生物制药,2022-11-02,3.949999999,4.16,4.2,3.89,4.621,0.0046,86631722,375758394.0,5.0505050505050555,3.96
HK.01177,中国生物制药,2022-11-03,4.02,3.82,4.06,3.8,4.263,0.00403,75842267,313896429.0,-8.17307692307693,4.16
HK.01177,中国生物制药,2022-11-04,3.89,4.01,4.12,3.89,4.463,0.00525,98837836,419937704.0,4.973821989528795,3.82
HK.01177,中国生物制药,2022-11-07,3.93,4.15,4.16,3.88,4.61,0.00382,71782962,309051241.0,3.491271820448892,4.01
HK.01177,中国生物制药,2022-11-08,4.17,4.14,4.17,3.98,4.6,0.00242,45574257,196273005.0,-0.2409638554217029,4.15
HK.01177,中国生物制药,2022-11-09,4.15,4.07,4.18,4.01,4.526,0.00199,37450321,160631473.0,-1.690821256038633,4.14
HK.01177,中国生物制药,2022-11-10,4.06,3.96,4.08,3.94,4.41,0.00118,22211663,93467828.0,-2.70270270270271,4.07
HK.01177,中国生物制药,2022-11-11,4.13,4.14,4.27,4.08,4.6,0.00473,89079145,391803886.0,4.545454545454539,3.96
HK.01177,中国生物制药,2022-11-14,4.27,4.4,4.42,4.24,4.873,0.00432,81353141,372167905.0,6.280193236714993,4.14
HK.01177,中国生物制药,2022-11-15,4.38,4.45,4.45,4.27,4.926,0.00337,63440573,292015851.0,1.1363636363636322,4.4
HK.01177,中国生物制药,2022-11-16,4.48,4.36,4.48,4.34,4.831,0.00296,55732988,257734195.0,-2.0224719101123565,4.45
HK.01177,中国生物制药,2022-11-17,4.3,4.3,4.36,4.19,4.768,0.0024,45087526,202603463.0,-1.376146788990837,4.36
HK.01177,中国生物制药,2022-11-18,4.33,4.27,4.39,4.22,4.736,0.00285,53529942,242922790.0,-0.697674418604657,4.3
HK.01177,中国生物制药,2022-11-21,4.13,4.16,4.21,4.039999999,4.621,0.00208,39073921,170725167.0,-2.576112412177973,4.27
HK.01177,中国生物制药,2022-11-22,4.1,4.05,4.21,3.96,4.505,0.00256,48099377,206091965.0,-2.6442307692307767,4.16
HK.01177,中国生物制药,2022-11-23,4.07,3.96,4.09,3.94,4.41,0.00222,41736297,176009891.0,-2.2222222222222188,4.05
HK.01177,中国生物制药,2022-11-24,3.989999999,4.06,4.19,3.989999999,4.515,0.00221,41590056,179603297.0,2.525252525252516,3.96
HK.01177,中国生物制药,2022-11-25,4.06,4.01,4.07,3.98,4.463,0.00167,31433148,133684896.0,-1.2315270935960547,4.06
HK.01177,中国生物制药,2022-11-28,3.94,4.09,4.13,3.86,4.547,0.00318,59899577,254402400.0,1.9950124688279325,4.01
HK.01177,中国生物制药,2022-11-29,4.09,4.28,4.31,4.09,4.747,0.00313,58934571,262676736.0,4.6454767726161466,4.09
HK.01177,中国生物制药,2022-11-30,4.26,4.35,4.37,4.17,4.821,0.00434,81641985,370559389.0,1.6355140186915746,4.28
HK.01177,中国生物制药,2022-12-01,4.39,4.22,4.42,4.09,4.684,0.00421,79253545,352576409.0,-2.9885057471264345,4.35
HK.01177,中国生物制药,2022-12-02,4.24,4.26,4.35,4.2,4.726,0.00291,54766136,247510150.0,0.9478672985782,4.22
HK.01177,中国生物制药,2022-12-05,4.34,4.33,4.36,4.25,4.8,0.00346,65146870,295270944.0,1.6431924882629174,4.26
HK.01177,中国生物制药,2022-12-06,4.31,4.23,4.48,4.17,4.694,0.00436,82064832,370236076.0,-2.309468822170893,4.33
HK.01177,中国生物制药,2022-12-07,4.2,4.22,4.4,4.2,4.684,0.00383,72107879,325245484.0,-0.2364066193853587,4.23
HK.01177,中国生物制药,2022-12-08,4.21,4.27,4.32,4.21,4.736,0.00197,37102859,166875845.0,1.1848341232227448,4.22
HK.01177,中国生物制药,2022-12-09,4.31,4.31,4.36,4.23,4.778,0.00227,42690214,192683161.0,0.9367681498829048,4.27
HK.01177,中国生物制药,2022-12-12,4.32,4.32,4.42,4.27,4.789,0.00181,34028965,155393569.0,0.2320185614849345,4.31
HK.01177,中国生物制药,2022-12-13,4.36,4.32,4.36,4.22,4.789,0.00209,39244731,177441768.0,0.0,4.32
HK.01177,中国生物制药,2022-12-14,4.36,4.44,4.48,4.32,4.915,0.00337,63413229,295082512.0,2.77777777777778,4.32
HK.01177,中国生物制药,2022-12-15,4.47,4.33,4.47,4.3,4.8,0.00176,33089067,151860009.0,-2.4774774774774846,4.44
HK.01177,中国生物制药,2022-12-16,4.37,4.34,4.43,4.31,4.81,0.00179,33712881,154659837.0,0.2309468822170851,4.33
HK.01177,中国生物制药,2022-12-19,4.32,4.14,4.38,4.1,4.6,0.00227,42674970,188163690.0,-4.60829493087558,4.34
HK.01177,中国生物制药,2022-12-20,4.09,4.09,4.18,4.07,4.547,0.00164,30943578,134181829.0,-1.2077294685990296,4.14
HK.01177,中国生物制药,2022-12-21,4.1,4.21,4.26,4.1,4.673,0.00159,29957610,132796302.0,2.9339853300733525,4.09
HK.01177,中国生物制药,2022-12-22,4.29,4.22,4.31,4.2,4.684,0.00102,19266551,86231908.0,0.2375296912113963,4.21
HK.01177,中国生物制药,2022-12-23,4.16,4.19,4.24,4.16,4.652,0.00078,14745680,65372654.0,-0.7109004739336342,4.22
HK.01177,中国生物制药,2022-12-28,4.23,4.3,4.35,4.23,4.768,0.0019,35726191,161865527.0,2.6252983293555947,4.19
HK.01177,中国生物制药,2022-12-29,4.23,4.37,4.39,4.23,4.842,0.00201,37845640,173267140.0,1.6279069767441927,4.3
HK.01177,中国生物制药,2022-12-30,4.6,4.34,4.7,4.32,4.81,0.0051,96012169,449326783.0,-0.686498855835246,4.37
HK.01177,中国生物制药,2023-01-03,4.38,4.4,4.45,4.21,4.873,0.00175,32883626,150947110.0,1.3824884792626844,4.34
HK.01177,中国生物制药,2023-01-04,4.42,4.46,4.47,4.39,4.936,0.00195,36768987,171507754.0,1.3636363636363549,4.4
HK.01177,中国生物制药,2023-01-05,4.52,4.57,4.63,4.45,5.052,0.00269,50655223,243256324.0,2.466367713004491,4.46
HK.01177,中国生物制药,2023-01-06,4.58,4.41,4.59,4.4,4.884,0.00216,40616398,190393360.0,-3.5010940919037226,4.57
HK.01177,中国生物制药,2023-01-09,4.51,4.52,4.58,4.48,5.0,0.00237,44579628,211779606.0,2.4943310657596243,4.41
HK.01177,中国生物制药,2023-01-10,4.52,4.54,4.59,4.52,5.021,0.00134,25260345,120834925.0,0.4424778761062049,4.52
HK.01177,中国生物制药,2023-01-11,4.56,4.6,4.7,4.55,5.084,0.00232,43651891,212129721.0,1.3215859030836918,4.54
HK.01177,中国生物制药,2023-01-12,4.52,4.58,4.68,4.52,5.063,0.00192,36104435,174296231.0,-0.4347826086956429,4.6
HK.01177,中国生物制药,2023-01-13,4.59,4.76,4.77,4.58,5.252,0.00268,50477607,249088135.0,3.9301310043668063,4.58
HK.01177,中国生物制药,2023-01-16,4.76,4.62,4.76,4.59,5.105,0.00274,51641856,252544457.0,-2.941176470588229,4.76
HK.01177,中国生物制药,2023-01-17,4.58,4.49,4.62,4.45,4.968,0.00202,37923857,179102371.0,-2.8138528138528116,4.62
HK.01177,中国生物制药,2023-01-18,4.45,4.55,4.57,4.45,5.031,0.00157,29470213,140128550.0,1.336302895322931,4.49
HK.01177,中国生物制药,2023-01-19,4.5,4.51,4.62,4.46,4.989,0.0011,20739503,98773935.0,-0.87912087912088,4.55
HK.01177,中国生物制药,2023-01-20,4.57,4.61,4.61,4.47,5.094,0.00118,22170255,106039960.0,2.2172949002217415,4.51
HK.01177,中国生物制药,2023-01-26,4.68,4.65,4.7,4.56,5.136,0.00126,23625607,114536060.0,0.8676789587852501,4.61
HK.01177,中国生物制药,2023-01-27,4.65,4.68,4.74,4.6,5.168,0.00103,19416765,95059593.0,0.6451612903225669,4.65
HK.01177,中国生物制药,2023-01-30,4.67,4.56,4.7,4.55,5.042,0.00227,42738289,206293193.0,-2.5641025641025665,4.68
HK.01177,中国生物制药,2023-01-31,4.6,4.32,4.63,4.31,4.789,0.00353,66427192,306929820.0,-5.263157894736828,4.56
HK.01177,中国生物制药,2023-02-01,4.31,4.37,4.43,4.31,4.842,0.00209,39254935,180867673.0,1.1574074074074032,4.32
HK.01177,中国生物制药,2023-02-02,4.37,4.53,4.64,4.35,5.01,0.00373,70261197,333841887.0,3.6613272311212848,4.37
HK.01177,中国生物制药,2023-02-03,4.52,4.44,4.57,4.42,4.915,0.00141,26586622,124833002.0,-1.9867549668874136,4.53
HK.01177,中国生物制药,2023-02-06,4.37,4.29,4.37,4.25,4.757,0.00227,42623096,193056513.0,-3.378378378378386,4.44
HK.01177,中国生物制药,2023-02-07,4.29,4.31,4.4,4.27,4.778,0.0015,28285168,128821631.0,0.4662004662004562,4.29
HK.01177,中国生物制药,2023-02-08,4.31,4.31,4.41,4.29,4.778,0.00109,20472116,93459152.0,0.0,4.31
HK.01177,中国生物制药,2023-02-09,4.3,4.35,4.39,4.29,4.821,0.00119,22337165,102137101.0,0.928074245939676,4.31
HK.01177,中国生物制药,2023-02-10,4.3,4.26,4.37,4.23,4.726,0.00106,19898426,89478002.0,-2.0689655172413763,4.35
HK.01177,中国生物制药,2023-02-13,4.26,4.26,4.32,4.22,4.726,0.00118,22247559,99823873.0,0.0,4.26
HK.01177,中国生物制药,2023-02-14,4.26,4.23,4.28,4.15,4.694,0.00184,34663619,153645941.0,-0.704225352112661,4.26
HK.01177,中国生物制药,2023-02-15,4.25,4.1,4.25,4.07,4.557,0.00197,37121707,161121182.0,-3.0732860520094745,4.23
HK.01177,中国生物制药,2023-02-16,4.1,4.01,4.12,3.97,4.463,0.00252,47327661,201969870.0,-2.195121951219509,4.1
HK.01177,中国生物制药,2023-02-17,4.0,4.0,4.039999999,3.98,4.452,0.00102,19097909,80951946.0,-0.2493765586034859,4.01
HK.01177,中国生物制药,2023-02-20,3.97,3.989999999,4.02,3.9,4.442,0.00174,32780977,138042775.0,-0.2500000249999967,4.0
HK.01177,中国生物制药,2023-02-21,4.02,4.02,4.15,4.01,4.473,0.0031,58235232,249890741.0,0.751879724499204,3.989999999
HK.01177,中国生物制药,2023-02-22,4.02,3.97,4.03,3.949999999,4.421,0.00102,19195527,80863002.0,-1.2437810945273478,4.02
HK.01177,中国生物制药,2023-02-23,3.97,3.949999999,4.03,3.94,4.4,0.00111,20947707,88117807.0,-0.5037783627204055,3.97
HK.01177,中国生物制药,2023-02-24,3.93,3.89,3.949999999,3.86,4.336,0.00175,32854818,135334300.0,-1.518987316840249,3.949999999
HK.01177,中国生物制药,2023-02-27,3.88,3.84,3.9,3.8,4.284,0.00144,27085054,110298570.0,-1.2853470437018062,3.89
HK.01177,中国生物制药,2023-02-28,3.88,3.82,3.9,3.81,4.263,0.00239,44948692,182918562.0,-0.5208333333333338,3.84
HK.01177,中国生物制药,2023-03-01,3.81,3.93,3.94,3.81,4.378,0.0026,48841363,201564790.0,2.879581151832469,3.82
HK.01177,中国生物制药,2023-03-02,3.92,3.949999999,3.98,3.9,4.4,0.00151,28478732,118826499.0,0.5089058269720085,3.93
HK.01177,中国生物制药,2023-03-03,3.949999999,4.02,4.05,3.94,4.473,0.00216,40654543,172233764.0,1.7721519244992656,3.949999999
HK.01177,中国生物制药,2023-03-06,3.97,4.07,4.1,3.97,4.526,0.00227,42667979,182566058.0,1.2437810945273808,4.02
HK.01177,中国生物制药,2023-03-07,4.07,4.03,4.12,3.98,4.484,0.00171,32194216,137603104.0,-0.9828009828009836,4.07
HK.01177,中国生物制药,2023-03-08,4.03,3.97,4.06,3.94,4.421,0.00248,46572978,197029407.0,-1.4888337468982642,4.03
HK.01177,中国生物制药,2023-03-09,3.97,3.989999999,4.039999999,3.909999999,4.442,0.00168,31522559,132701880.0,0.5037783123425676,3.97
HK.01177,中国生物制药,2023-03-10,3.989999999,4.0,4.039999999,3.9,4.452,0.00254,47732064,201587664.0,0.2506265915415072,3.989999999
HK.01177,中国生物制药,2023-03-13,3.98,3.989999999,4.03,3.94,4.442,0.00184,34526037,145391330.0,-0.2500000249999967,4.0
HK.01177,中国生物制药,2023-03-14,3.989999999,3.949999999,4.09,3.909999999,4.4,0.00156,29342238,123973235.0,-1.002506265915416,3.989999999
HK.01177,中国生物制药,2023-03-15,3.98,4.03,4.13,3.98,4.484,0.00191,35971366,154512578.0,2.025316481525401,3.949999999
HK.01177,中国生物制药,2023-03-16,4.0,4.06,4.11,3.989999999,4.515,0.00244,45936906,197384583.0,0.7444168734491157,4.03
HK.01177,中国生物制药,2023-03-17,4.06,4.16,4.18,4.06,4.621,0.00296,55751893,243413920.0,2.4630541871921316,4.06
HK.01177,中国生物制药,2023-03-20,4.13,4.03,4.14,3.97,4.484,0.00202,38005205,161677570.0,-3.1249999999999973,4.16
HK.01177,中国生物制药,2023-03-21,4.06,4.15,4.19,4.05,4.61,0.00183,34505639,150922043.0,2.9776674937965284,4.03
HK.01177,中国生物制药,2023-03-22,4.17,4.17,4.23,4.16,4.631,0.00099,18677171,82545700.0,0.4819277108433632,4.15
HK.01177,中国生物制药,2023-03-23,4.22,4.19,4.23,4.1,4.652,0.00151,28350192,124314021.0,0.4796163069544475,4.17
HK.01177,中国生物制药,2023-03-24,4.16,4.11,4.21,4.06,4.568,0.00138,26016470,113249149.0,-1.9093078758949895,4.19
HK.01177,中国生物制药,2023-03-27,4.12,4.15,4.19,4.07,4.61,0.00119,22293707,97570897.0,0.9732360097323608,4.11
HK.01177,中国生物制药,2023-03-28,4.15,4.09,4.17,4.06,4.547,0.00132,24877317,107375294.0,-1.4457831325301322,4.15
HK.01177,中国生物制药,2023-03-29,4.11,4.12,4.18,4.05,4.578,0.00175,32830185,142330026.0,0.7334963325183435,4.09
HK.01177,中国生物制药,2023-03-30,4.15,4.15,4.16,4.05,4.61,0.00184,34674625,150646981.0,0.7281553398058312,4.12
HK.01177,中国生物制药,2023-03-31,4.18,4.17,4.22,4.14,4.631,0.00216,40584297,179322845.0,0.4819277108433632,4.15
HK.01177,中国生物制药,2023-04-03,4.15,3.97,4.16,3.74,27.814,0.00889,167269253,684764123.0,-4.796163069544359,4.17
HK.01177,中国生物制药,2023-04-04,3.89,3.88,3.96,3.829999999,27.218,0.00239,44946042,184801625.0,-2.267002518891695,3.97
HK.01177,中国生物制药,2023-04-06,3.829999999,3.92,3.94,3.78,27.483,0.00333,62602259,257647581.0,1.0309278350515474,3.88
HK.01177,中国生物制药,2023-04-11,3.97,4.19,4.19,3.96,29.271,0.00351,65983407,285595418.0,6.8877551020408285,3.92
HK.01177,中国生物制药,2023-04-12,4.2,4.24,4.27,4.14,29.602,0.00227,42701300,190472644.0,1.1933174224343632,4.19
HK.01177,中国生物制药,2023-04-13,4.17,4.39,4.42,4.16,30.596,0.00292,55012839,251464262.0,3.5377358490565913,4.24
HK.01177,中国生物制药,2023-04-14,4.42,4.35,4.5,4.3,30.331,0.00247,46458261,213494833.0,-0.9111617312072902,4.39
HK.01177,中国生物制药,2023-04-17,4.35,4.39,4.43,4.31,30.596,0.00224,42160961,193669225.0,0.9195402298850583,4.35
HK.01177,中国生物制药,2023-04-18,4.36,4.38,4.43,4.32,30.529,0.00206,38704079,178061855.0,-0.2277904328018175,4.39
HK.01177,中国生物制药,2023-04-19,4.39,4.33,4.41,4.29,30.198,0.00122,22987234,104997149.0,-1.1415525114155212,4.38
HK.01177,中国生物制药,2023-04-20,4.35,4.26,4.36,4.24,29.735,0.00174,32688952,147398002.0,-1.6166281755196372,4.33
HK.01177,中国生物制药,2023-04-21,4.25,4.23,4.31,4.19,29.536,0.00148,27856877,124518087.0,-0.704225352112661,4.26
HK.01177,中国生物制药,2023-04-24,4.23,4.19,4.32,4.12,29.271,0.0023,43277142,191631269.0,-0.945626477541372,4.23
HK.01177,中国生物制药,2023-04-25,4.17,3.98,4.17,3.96,27.88,0.00211,39613755,168055058.0,-5.011933174224352,4.19
HK.01177,中国生物制药,2023-04-26,3.97,4.07,4.1,3.97,28.476,0.0013,24383796,104312474.0,2.2613065326633244,3.98
HK.01177,中国生物制药,2023-04-27,4.07,4.06,4.12,4.02,28.41,0.00118,22256334,95709410.0,-0.2457002457002622,4.07
HK.01177,中国生物制药,2023-04-28,4.08,4.11,4.14,4.06,28.741,0.00109,20499173,89012743.0,1.2315270935960767,4.06
HK.01177,中国生物制药,2023-05-02,4.11,4.06,4.18,4.02,28.41,0.00079,14911269,64077596.0,-1.2165450121654673,4.11
HK.01177,中国生物制药,2023-05-03,4.02,4.01,4.06,3.98,28.079,0.00105,19785940,83980776.0,-1.2315270935960547,4.06
HK.01177,中国生物制药,2023-05-04,4.03,4.08,4.13,4.01,28.543,0.00139,26190812,112768985.0,1.745635910224446,4.01
HK.01177,中国生物制药,2023-05-05,4.09,4.02,4.12,4.01,28.145,0.00153,28840760,123188970.0,-1.4705882352941295,4.08
HK.01177,中国生物制药,2023-05-08,4.02,4.03,4.11,3.989999999,28.211,0.00108,20344917,86597357.0,0.2487562189054894,4.02
HK.01177,中国生物制药,2023-05-09,4.03,3.909999999,4.03,3.89,27.417,0.00132,24814969,103460963.0,-2.9776675186104264,4.03
HK.01177,中国生物制药,2023-05-10,3.94,3.869999999,3.96,3.86,27.152,0.00132,24836383,102316297.0,-1.0230179030749416,3.909999999
HK.01177,中国生物制药,2023-05-11,3.9,3.9,3.96,3.85,27.35,0.00154,29039040,119579532.0,0.7751938244897113,3.869999999
HK.01177,中国生物制药,2023-05-12,3.89,3.81,3.909999999,3.8,26.754,0.00171,32167802,131055766.0,-2.307692307692304,3.9
HK.01177,中国生物制药,2023-05-15,3.8,3.86,3.9,3.8,27.086,0.00129,24252108,99039514.0,1.3123359580052447,3.81
HK.01177,中国生物制药,2023-05-16,3.869999999,3.9,3.93,3.869999999,27.35,0.00087,16313026,67358642.0,1.0362694300518145,3.86
HK.01177,中国生物制药,2023-05-17,3.869999999,3.73,3.9,3.73,26.225,0.00215,40348603,162192613.0,-4.358974358974358,3.9
HK.01177,中国生物制药,2023-05-18,3.74,3.71,3.8,3.7,26.092,0.00141,26523233,105170656.0,-0.5361930294906171,3.73
HK.01177,中国生物制药,2023-05-19,3.71,3.69,3.73,3.63,25.96,0.00115,21543975,84475126.0,-0.539083557951483,3.71
HK.01177,中国生物制药,2023-05-22,3.76,3.77,3.81,3.71,26.49,0.00177,33222663,132749249.0,2.168021680216804,3.69
HK.01177,中国生物制药,2023-05-23,3.77,3.78,3.84,3.75,26.556,0.00134,25238050,101549611.0,0.2652519893899148,3.77
HK.01177,中国生物制药,2023-05-24,3.78,3.68,3.78,3.65,25.894,0.00118,22241646,87192413.0,-2.6455026455026363,3.78
HK.01177,中国生物制药,2023-05-25,3.66,3.65,3.7,3.59,25.695,0.00239,44907947,173513367.0,-0.8152173913043546,3.68
HK.01177,中国生物制药,2023-05-29,3.63,3.6,3.66,3.57,25.364,0.00266,49990247,191810438.0,-1.3698630136986254,3.65
HK.01177,中国生物制药,2023-05-30,3.62,3.51,3.62,3.44,24.768,0.00417,78445621,292731983.0,-2.5000000000000084,3.6
HK.01177,中国生物制药,2023-05-31,3.43,3.5,3.51,3.43,24.701,0.00271,50952315,189156895.0,-0.2849002849002788,3.51
HK.01177,中国生物制药,2023-06-01,3.5,3.41,3.54,3.41,24.105,0.00176,33161471,121859666.0,-2.571428571428567,3.5
HK.01177,中国生物制药,2023-06-02,3.45,3.55,3.56,3.45,25.033,0.002,37654037,141832787.0,4.1055718475073215,3.41
HK.01177,中国生物制药,2023-06-05,3.53,3.57,3.59,3.51,25.165,0.00094,17595746,66483365.0,0.5633802816901414,3.55
HK.01177,中国生物制药,2023-06-06,3.57,3.6,3.62,3.53,25.364,0.00085,16038397,61269307.0,0.8403361344537886,3.57
HK.01177,中国生物制药,2023-06-07,3.6,3.61,3.65,3.57,25.43,0.00114,21528150,82554587.0,0.2777777777777718,3.6
HK.01177,中国生物制药,2023-06-08,3.63,3.58,3.65,3.56,25.231,0.00095,17845193,68109048.0,-0.8310249307479171,3.61
HK.01177,中国生物制药,2023-06-09,3.59,3.63,3.65,3.57,25.562,0.00094,17763944,68350279.0,1.3966480446927323,3.58
HK.01177,中国生物制药,2023-06-12,3.63,3.59,3.64,3.55,25.298,0.001,18765664,71450584.0,-1.1019283746556483,3.63
HK.01177,中国生物制药,2023-06-13,3.57,3.58,3.6,3.53,25.231,0.00113,21177221,80529678.0,-0.2785515320334202,3.59
HK.01177,中国生物制药,2023-06-14,3.58,3.52,3.62,3.51,24.834,0.00133,25036713,94399183.0,-1.6759776536312865,3.58
HK.01177,中国生物制药,2023-06-15,3.52,3.59,3.59,3.48,25.298,0.00191,35916472,135713260.0,1.988636363636359,3.52
HK.01177,中国生物制药,2023-06-16,3.59,3.63,3.67,3.53,25.562,0.00331,62224305,239704683.0,1.1142061281337057,3.59
HK.01177,中国生物制药,2023-06-19,3.62,3.58,3.62,3.53,25.231,0.00154,28943710,109982316.0,-1.3774104683195545,3.63
HK.01177,中国生物制药,2023-06-20,3.57,3.54,3.59,3.48,24.569,0.00181,34083930,126249039.0,-1.1173184357541908,3.58
HK.01177,中国生物制药,2023-06-21,3.54,3.42,3.54,3.33,23.774,0.00352,66152152,235809282.0,-3.3898305084745792,3.54
HK.01177,中国生物制药,2023-06-23,3.34,3.16,3.37,3.1,22.052,0.00464,87202361,292818483.0,-7.602339181286544,3.42
HK.01177,中国生物制药,2023-06-26,3.13,3.26,3.28,3.08,22.715,0.00451,84858378,286816378.0,3.164556962025305,3.16
HK.01177,中国生物制药,2023-06-27,3.23,3.34,3.36,3.23,23.245,0.00194,36465989,127030601.0,2.4539877300613524,3.26
HK.01177,中国生物制药,2023-06-28,3.3,3.25,3.32,3.21,22.649,0.00244,45890320,156579981.0,-2.6946107784431095,3.34
HK.01177,中国生物制药,2023-06-29,3.24,3.18,3.25,3.14,22.185,0.00277,52045463,174093334.0,-2.153846153846149,3.25
HK.01177,中国生物制药,2023-06-30,3.17,3.24,3.26,3.17,22.582,0.00323,60672892,205612177.0,1.8867924528301905,3.18
HK.01177,中国生物制药,2023-07-03,3.26,3.29,3.32,3.21,22.913,0.00175,32847615,113056534.0,1.5432098765432043,3.24
HK.01177,中国生物制药,2023-07-04,3.26,3.41,3.43,3.25,23.708,0.00359,67485047,238027357.0,3.6474164133738634,3.29
HK.01177,中国生物制药,2023-07-05,3.39,3.32,3.41,3.3,23.112,0.00215,40532810,141891248.0,-2.639296187683293,3.41
HK.01177,中国生物制药,2023-07-06,3.3,3.27,3.3,3.2,22.781,0.00321,60465899,207732672.0,-1.506024096385537,3.32
HK.01177,中国生物制药,2023-07-07,3.27,3.25,3.3,3.24,22.649,0.00282,53004905,181738514.0,-0.6116207951070342,3.27
HK.01177,中国生物制药,2023-07-10,3.29,3.26,3.35,3.24,22.715,0.00178,33563600,115618291.0,0.3076923076923011,3.25
HK.01177,中国生物制药,2023-07-11,3.29,3.26,3.32,3.24,22.715,0.00139,26074012,89645436.0,0.0,3.26
HK.01177,中国生物制药,2023-07-12,3.26,3.25,3.28,3.24,22.649,0.00088,16621697,56911075.0,-0.3067484662576622,3.26
HK.01177,中国生物制药,2023-07-13,3.28,3.36,3.39,3.28,23.377,0.00221,41511377,146187294.0,3.384615384615381,3.25
HK.01177,中国生物制药,2023-07-14,3.36,3.35,3.38,3.33,23.311,0.00164,30813265,108566090.0,-0.2976190476190413,3.36
HK.01177,中国生物制药,2023-07-18,3.33,3.27,3.35,3.26,22.781,0.00164,30897191,106853116.0,-2.3880597014925393,3.35
HK.01177,中国生物制药,2023-07-19,3.24,3.24,3.26,3.18,22.582,0.00162,30511776,103467434.0,-0.9174311926605444,3.27
HK.01177,中国生物制药,2023-07-20,3.25,3.26,3.32,3.22,22.715,0.00155,29181503,100292950.0,0.6172839506172707,3.24
HK.01177,中国生物制药,2023-07-21,3.28,3.3,3.38,3.24,22.98,0.00189,35450238,124031568.0,1.2269938650306762,3.26
HK.01177,中国生物制药,2023-07-24,3.31,3.26,3.35,3.24,22.715,0.00159,29910391,103491812.0,-1.2121212121212133,3.3
HK.01177,中国生物制药,2023-07-25,3.34,3.34,3.35,3.28,23.245,0.00212,39885861,139342824.0,2.4539877300613524,3.26
HK.01177,中国生物制药,2023-07-26,3.35,3.35,3.38,3.32,23.311,0.00146,27448498,96838674.0,0.2994011976047973,3.34
HK.01177,中国生物制药,2023-07-27,3.36,3.37,3.4,3.33,23.443,0.00159,29835279,105323971.0,0.5970149253731348,3.35
HK.01177,中国生物制药,2023-07-28,3.33,3.41,3.42,3.29,23.708,0.00278,52322309,185821080.0,1.1869436201780426,3.37
HK.01177,中国生物制药,2023-07-31,3.41,3.35,3.46,3.34,23.311,0.00296,55727024,197940867.0,-1.759530791788858,3.41
HK.01177,中国生物制药,2023-08-01,3.35,3.37,3.42,3.34,23.443,0.00349,65580828,232424915.0,0.5970149253731348,3.35
HK.01177,中国生物制药,2023-08-02,3.34,3.19,3.4,3.19,22.251,0.00346,65132272,223498719.0,-5.341246290801192,3.37
HK.01177,中国生物制药,2023-08-03,3.19,3.27,3.28,3.15,22.781,0.00305,57340937,195050108.0,2.5078369905956137,3.19
HK.01177,中国生物制药,2023-08-04,3.29,3.21,3.31,3.18,22.384,0.00198,37291626,126404475.0,-1.8348623853211024,3.27
HK.01177,中国生物制药,2023-08-07,3.22,3.02,3.22,2.96,21.125,0.00721,135635404,433289840.0,-5.919003115264796,3.21
HK.01177,中国生物制药,2023-08-08,2.96,2.93,3.0,2.84,20.529,0.00672,126323300,392154341.0,-2.980132450331121,3.02
HK.01177,中国生物制药,2023-08-09,2.91,3.02,3.1,2.91,21.125,0.00379,71221188,227674161.0,3.0716723549488005,2.93
HK.01177,中国生物制药,2023-08-10,3.01,3.05,3.07,3.0,21.324,0.00162,30402871,97464438.0,0.993377483443702,3.02
HK.01177,中国生物制药,2023-08-11,3.05,2.97,3.05,2.96,20.794,0.00129,24174304,76474829.0,-2.622950819672119,3.05
HK.01177,中国生物制药,2023-08-14,2.95,3.0,3.01,2.91,20.993,0.00211,39633886,123973793.0,1.0101010101010035,2.97
HK.01177,中国生物制药,2023-08-15,2.98,2.97,3.02,2.92,20.794,0.00213,40111693,125877050.0,-0.9999999999999934,3.0
HK.01177,中国生物制药,2023-08-16,2.96,2.95,2.98,2.92,20.662,0.00115,21697947,67687187.0,-0.673400673400674,2.97
HK.01177,中国生物制药,2023-08-17,2.92,2.93,2.95,2.88,20.529,0.00168,31670159,97913124.0,-0.6779661016949159,2.95
HK.01177,中国生物制药,2023-08-18,2.93,2.82,2.93,2.8,19.801,0.00395,74322890,223889374.0,-3.754266211604106,2.93
HK.01177,中国生物制药,2023-08-21,2.82,2.81,2.85,2.72,19.735,0.00346,65140481,193044300.0,-0.3546099290780066,2.82
HK.01177,中国生物制药,2023-08-22,2.81,2.83,2.89,2.77,19.867,0.00211,39720389,118975260.0,0.7117437722419936,2.81
HK.01177,中国生物制药,2023-08-23,2.81,2.78,2.83,2.75,19.536,0.00212,39952026,117733911.0,-1.7667844522968292,2.83
HK.01177,中国生物制药,2023-08-24,2.78,2.83,2.86,2.78,19.867,0.00251,47249525,141764173.0,1.7985611510791464,2.78
HK.01177,中国生物制药,2023-08-25,2.84,2.84,2.89,2.8,19.933,0.00117,22073471,66603399.0,0.3533568904593564,2.83
HK.01177,中国生物制药,2023-08-28,2.93,2.82,2.97,2.8,19.801,0.00249,46759840,142048847.0,-0.7042253521126767,2.84
HK.01177,中国生物制药,2023-08-29,2.86,2.92,2.93,2.81,20.463,0.0026,48873962,149699784.0,3.5460992907801447,2.82
HK.01177,中国生物制药,2023-08-30,2.92,2.88,2.95,2.86,20.198,0.00212,39788539,122288832.0,-1.3698630136986314,2.92
HK.01177,中国生物制药,2023-08-31,2.87,2.81,2.89,2.77,19.735,0.00272,51086184,152255768.0,-2.43055555555555,2.88
HK.01177,中国生物制药,2023-09-04,2.81,2.9,2.92,2.78,20.331,0.00212,39792298,121442164.0,3.2028469750889625,2.81
HK.01177,中国生物制药,2023-09-05,2.93,2.8,2.93,2.79,19.668,0.00263,49411149,148559175.0,-3.448275862068969,2.9
HK.01177,中国生物制药,2023-09-06,2.8,2.79,2.81,2.73,19.602,0.00206,38642638,113645059.0,-0.3571428571428495,2.8
HK.01177,中国生物制药,2023-09-07,2.79,2.75,2.79,2.74,19.337,0.00169,31816784,93296352.0,-1.4336917562724028,2.79
HK.01177,中国生物制药,2023-09-11,2.75,2.84,2.87,2.73,19.933,0.00313,58902214,176617913.0,3.2727272727272676,2.75
HK.01177,中国生物制药,2023-09-12,2.81,2.79,2.83,2.76,19.602,0.00146,27396773,81283172.0,-1.760563380281684,2.84
HK.01177,中国生物制药,2023-09-13,2.81,2.75,2.81,2.73,19.337,0.0018,33845913,98829203.0,-1.4336917562724028,2.79
HK.01177,中国生物制药,2023-09-14,2.77,2.76,2.78,2.73,19.403,0.00127,23859375,69829907.0,0.3636363636363559,2.75
HK.01177,中国生物制药,2023-09-15,2.78,2.79,2.84,2.73,19.602,0.00262,49334288,146226191.0,1.0869565217391397,2.76
HK.01177,中国生物制药,2023-09-18,2.76,2.78,2.82,2.75,19.536,0.00142,26751412,79027371.0,-0.3584229390681086,2.79
HK.01177,中国生物制药,2023-09-19,2.79,2.77,2.79,2.75,19.47,0.0009,16929146,49692935.0,-0.3597122302158196,2.78
HK.01177,中国生物制药,2023-09-20,2.77,2.77,2.8,2.74,19.47,0.00152,28640446,84215305.0,0.0,2.77
HK.01177,中国生物制药,2023-09-21,2.77,2.68,2.78,2.67,18.874,0.00308,57849693,165932243.0,-3.2490974729241824,2.77
HK.01177,中国生物制药,2023-09-22,2.66,2.77,2.77,2.62,19.47,0.00244,45829982,131916897.0,3.358208955223875,2.68
HK.01177,中国生物制药,2023-09-25,2.78,2.74,2.79,2.73,19.271,0.0015,28211260,82372046.0,-1.0830324909747222,2.77
HK.01177,中国生物制药,2023-09-26,2.73,2.65,2.75,2.65,18.675,0.0023,43172166,123482313.0,-3.2846715328467257,2.74
HK.01177,中国生物制药,2023-09-27,2.69,2.72,2.72,2.65,19.139,0.00224,42050679,120523050.0,2.641509433962275,2.65
HK.01177,中国生物制药,2023-09-28,2.68,2.64,2.7,2.61,18.609,0.00294,55330435,155783901.0,-2.9411764705882377,2.72
HK.01177,中国生物制药,2023-09-29,2.66,2.66,2.69,2.6,18.741,0.0014,26297250,74094386.0,0.7575757575757582,2.64
HK.01177,中国生物制药,2023-10-03,2.6,2.55,2.61,2.46,18.013,0.00283,53204314,143194497.0,-4.135338345864673,2.66
HK.01177,中国生物制药,2023-10-04,2.58,2.51,2.59,2.48,17.615,0.0013,24355361,64829383.0,-1.5686274509803937,2.55
HK.01177,中国生物制药,2023-10-05,2.49,2.52,2.54,2.42,17.682,0.00236,44405707,117742520.0,0.3984063745020013,2.51
HK.01177,中国生物制药,2023-10-06,2.52,2.61,2.62,2.52,18.278,0.00108,20298124,55583988.0,3.571428571428566,2.52
HK.01177,中国生物制药,2023-10-09,2.65,2.6,2.68,2.58,18.211,0.00129,24258620,67149844.0,-0.3831417624520991,2.61
HK.01177,中国生物制药,2023-10-10,2.67,2.61,2.67,2.6,18.278,0.00211,39624940,109617543.0,0.3846153846153764,2.6
HK.01177,中国生物制药,2023-10-11,2.64,2.71,2.74,2.61,18.94,0.00318,59760490,170385504.0,3.8314176245210767,2.61
HK.01177,中国生物制药,2023-10-12,2.75,2.76,2.77,2.71,19.271,0.00234,44031896,127477446.0,1.8450184501844953,2.71
HK.01177,中国生物制药,2023-10-13,2.69,2.68,2.73,2.66,18.741,0.00186,34892083,99717313.0,-2.898550724637668,2.76
HK.01177,中国生物制药,2023-10-16,2.68,2.63,2.75,2.61,18.41,0.00153,28802894,80644789.0,-1.8656716417910544,2.68
HK.01177,中国生物制药,2023-10-17,2.66,2.65,2.7,2.63,18.543,0.00084,15873942,44516433.0,0.7604562737642593,2.63
HK.01177,中国生物制药,2023-10-18,2.65,2.59,2.65,2.56,18.145,0.00162,30446867,83571482.0,-2.264150943396228,2.65
HK.01177,中国生物制药,2023-10-19,2.55,2.53,2.58,2.5,17.748,0.0018,33898130,91091526.0,-2.316602316602319,2.59
HK.01177,中国生物制药,2023-10-20,2.5,2.52,2.54,2.48,17.682,0.00123,23064756,61382208.0,-0.3952569169960391,2.53
HK.01177,中国生物制药,2023-10-24,2.48,2.51,2.54,2.44,17.615,0.00171,32121393,85152657.0,-0.396825396825406,2.52
HK.01177,中国生物制药,2023-10-25,2.59,2.52,2.61,2.49,17.682,0.00219,41159840,111210635.0,0.3984063745020013,2.51
HK.01177,中国生物制药,2023-10-26,2.53,2.51,2.53,2.45,17.615,0.00169,31780182,83931036.0,-0.396825396825406,2.52
HK.01177,中国生物制药,2023-10-27,2.51,2.77,2.84,2.48,19.337,0.00613,115188335,331820868.0,10.358565737051803,2.51
HK.01177,中国生物制药,2023-10-30,2.76,2.94,3.04,2.75,20.463,0.0085,159882395,493128118.0,6.137184115523463,2.77
HK.01177,中国生物制药,2023-10-31,2.91,2.89,2.96,2.85,20.132,0.0035,65817082,200803611.0,-1.7006802721088374,2.94
HK.01177,中国生物制药,2023-11-01,2.89,2.93,2.96,2.8,20.397,0.00372,70016853,213468822.0,1.3840830449827002,2.89
HK.01177,中国生物制药,2023-11-02,2.94,2.94,2.97,2.88,20.463,0.00409,76948301,236882494.0,0.3412969283276377,2.93
HK.01177,中国生物制药,2023-11-03,2.93,3.2,3.23,2.93,22.185,0.01084,203798048,667669912.0,8.843537414965995,2.94
HK.01177,中国生物制药,2023-11-06,3.28,3.39,3.53,3.25,23.443,0.01182,222226398,786947432.0,5.937499999999998,3.2
HK.01177,中国生物制药,2023-11-07,3.33,3.28,3.41,3.25,22.715,0.00734,137948823,477529851.0,-3.2448377581121033,3.39
HK.01177,中国生物制药,2023-11-08,3.27,3.42,3.46,3.26,23.642,0.00669,125858262,446213929.0,4.268292682926833,3.28
HK.01177,中国生物制药,2023-11-09,3.42,3.36,3.44,3.34,23.245,0.00395,74213944,262360903.0,-1.7543859649122824,3.42
HK.01177,中国生物制药,2023-11-10,3.3,3.29,3.32,3.23,22.781,0.00366,68825080,235744348.0,-2.0833333333333286,3.36
HK.01177,中国生物制药,2023-11-13,3.29,3.5,3.51,3.29,24.172,0.00686,129016690,461696859.0,6.382978723404255,3.29
HK.01177,中国生物制药,2023-11-14,3.51,3.5,3.58,3.44,24.172,0.00487,91622450,334778118.0,0.0,3.5
HK.01177,中国生物制药,2023-11-15,3.59,3.67,3.7,3.55,25.298,0.008,150459272,569227265.0,4.857142857142855,3.5
HK.01177,中国生物制药,2023-11-16,3.66,3.61,3.68,3.5,24.9,0.0053,99687301,371922870.0,-1.6348773841961868,3.67
HK.01177,中国生物制药,2023-11-17,3.51,3.68,3.72,3.51,25.364,0.00627,117906177,448852011.0,1.9390581717451605,3.61
HK.01177,中国生物制药,2023-11-20,3.73,3.67,3.74,3.62,25.298,0.00237,44618339,171033723.0,-0.2717391304347888,3.68
HK.01177,中国生物制药,2023-11-21,3.67,3.65,3.71,3.6,25.165,0.00311,58502352,222749462.0,-0.5449591280653956,3.67
HK.01177,中国生物制药,2023-11-22,3.65,3.62,3.65,3.57,24.966,0.00186,35059277,131852266.0,-0.8219178082191728,3.65
HK.01177,中国生物制药,2023-11-23,3.64,3.73,3.73,3.6,25.695,0.00211,39609764,152015748.0,3.0386740331491677,3.62
HK.01177,中国生物制药,2023-11-24,3.73,3.62,3.73,3.59,24.966,0.00233,43754865,165508280.0,-2.949061662198388,3.73
HK.01177,中国生物制药,2023-11-27,3.66,3.6,3.67,3.56,24.834,0.00301,56637265,212232260.0,-0.5524861878453043,3.62
HK.01177,中国生物制药,2023-11-28,3.62,3.68,3.69,3.53,25.364,0.0043,80832613,305571794.0,2.222222222222224,3.6
HK.01177,中国生物制药,2023-11-29,3.68,3.59,3.74,3.56,24.768,0.00292,54943271,207464049.0,-2.4456521739130515,3.68
HK.01177,中国生物制药,2023-11-30,3.59,3.69,3.73,3.52,25.43,0.00628,118062226,451655782.0,2.7855153203342646,3.59
HK.01177,中国生物制药,2023-12-01,3.69,3.58,3.71,3.56,24.701,0.00319,59944002,225859103.0,-2.9810298102980997,3.69
HK.01177,中国生物制药,2023-12-04,3.68,3.41,3.68,3.38,23.576,0.00665,125068395,452759793.0,-4.748603351955305,3.58
HK.01177,中国生物制药,2023-12-05,3.38,3.36,3.45,3.31,23.245,0.00389,73108765,256732043.0,-1.4662756598240547,3.41
HK.01177,中国生物制药,2023-12-06,3.35,3.3,3.36,3.25,22.847,0.00389,73161020,253121287.0,-1.7857142857142874,3.36
HK.01177,中国生物制药,2023-12-07,3.29,3.23,3.29,3.15,22.384,0.00306,57601857,193252469.0,-2.1212121212121167,3.3
HK.01177,中国生物制药,2023-12-08,3.27,3.22,3.3,3.18,22.317,0.00274,51503576,173489316.0,-0.3095975232198076,3.23
HK.01177,中国生物制药,2023-12-11,3.15,3.12,3.19,3.05,21.655,0.00397,74653936,242575542.0,-3.105590062111804,3.22
HK.01177,中国生物制药,2023-12-12,3.11,3.17,3.2,3.06,21.986,0.00243,45706613,151515176.0,1.6025641025640969,3.12
HK.01177,中国生物制药,2023-12-13,3.17,3.18,3.23,3.15,22.052,0.00212,39894716,132788858.0,0.3154574132492186,3.17
HK.01177,中国生物制药,2023-12-14,3.35,3.25,3.41,3.21,22.516,0.00388,73005556,250452130.0,2.201257861635215,3.18
HK.01177,中国生物制药,2023-12-15,3.3,3.32,3.41,3.28,22.98,0.00436,81902536,285516657.0,2.153846153846149,3.25
HK.01177,中国生物制药,2023-12-18,3.3,3.12,3.3,3.1,21.655,0.0034,63842501,211067609.0,-6.024096385542161,3.32
HK.01177,中国生物制药,2023-12-19,3.2,2.97,3.2,2.93,20.662,0.00478,89948857,282412946.0,-4.807692307692305,3.12
HK.01177,中国生物制药,2023-12-20,3.0,3.01,3.04,2.95,20.927,0.00264,49720697,156573929.0,1.3468013468013331,2.97
HK.01177,中国生物制药,2023-12-21,2.99,2.97,3.0,2.87,20.662,0.00323,60734437,188228173.0,-1.3289036544850363,3.01
HK.01177,中国生物制药,2023-12-22,3.0,3.02,3.04,2.94,20.993,0.00193,36256880,114150698.0,1.6835016835016776,2.97
HK.01177,中国生物制药,2023-12-27,3.0,3.12,3.16,2.99,21.655,0.00325,61104130,199092655.0,3.3112582781456985,3.02
HK.01177,中国生物制药,2023-12-28,3.13,3.24,3.27,3.11,22.45,0.00342,64340458,216891858.0,3.84615384615385,3.12
HK.01177,中国生物制药,2023-12-29,3.24,3.32,3.34,3.22,22.98,0.0038,71411625,247191323.0,2.469135802469124,3.24
HK.01177,中国生物制药,2024-01-02,3.32,3.2,3.34,3.17,22.185,0.00227,42623767,143522249.0,-3.614457831325291,3.32
HK.01177,中国生物制药,2024-01-03,3.18,3.19,3.25,3.17,22.119,0.0028,52580084,176366931.0,-0.3125000000000072,3.2
HK.01177,中国生物制药,2024-01-04,3.21,3.22,3.27,3.18,22.317,0.00346,65079850,219575244.0,0.940438871473362,3.19
HK.01177,中国生物制药,2024-01-05,3.2,3.16,3.25,3.13,21.92,0.0013,24459506,81430654.0,-1.8633540372670825,3.22
HK.01177,中国生物制药,2024-01-08,3.16,3.09,3.24,3.05,21.456,0.00204,38340987,125294207.0,-2.2151898734177307,3.16
HK.01177,中国生物制药,2024-01-09,3.11,3.17,3.24,3.09,21.986,0.00182,34263250,114434884.0,2.588996763754048,3.09
HK.01177,中国生物制药,2024-01-10,3.15,3.23,3.26,3.15,22.384,0.00193,36243327,122485649.0,1.89274447949527,3.17
HK.01177,中国生物制药,2024-01-11,3.25,3.17,3.29,3.14,21.986,0.00238,44700253,149938427.0,-1.8575851393188871,3.23
HK.01177,中国生物制药,2024-01-12,3.14,3.07,3.19,2.99,21.324,0.0046,86462140,278120678.0,-3.154574132492116,3.17
HK.01177,中国生物制药,2024-01-15,3.06,2.97,3.08,2.91,20.662,0.00482,90564554,283153801.0,-3.257328990228001,3.07
HK.01177,中国生物制药,2024-01-16,2.97,2.86,2.99,2.84,19.933,0.00399,75025922,228198380.0,-3.703703703703714,2.97
HK.01177,中国生物制药,2024-01-17,2.85,2.76,2.86,2.72,19.271,0.00433,81427159,237000706.0,-3.4965034965034993,2.86
HK.01177,中国生物制药,2024-01-18,2.75,2.89,2.92,2.7,20.132,0.00545,102455667,307514585.0,4.710144927536245,2.76
HK.01177,中国生物制药,2024-01-19,2.89,2.78,2.89,2.75,19.403,0.0031,58246658,171660086.0,-3.8062283737024334,2.89
HK.01177,中国生物制药,2024-01-22,2.8,2.71,2.8,2.66,18.94,0.00253,47579144,136085583.0,-2.517985611510786,2.78
HK.01177,中国生物制药,2024-01-23,2.73,2.83,2.87,2.7,19.735,0.00364,68385210,202122023.0,4.428044280442808,2.71
HK.01177,中国生物制药,2024-01-24,2.84,2.78,2.89,2.71,19.403,0.00348,65513859,191502706.0,-1.7667844522968292,2.83
HK.01177,中国生物制药,2024-01-25,2.8,2.79,2.82,2.74,19.47,0.00262,49311608,144852409.0,0.3597122302158357,2.78
HK.01177,中国生物制药,2024-01-26,2.79,2.74,2.88,2.6,19.139,0.00539,101346169,293089428.0,-1.7921146953404954,2.79
HK.01177,中国生物制药,2024-01-29,2.76,2.79,2.81,2.72,19.47,0.00277,52043749,152893666.0,1.8248175182481683,2.74
HK.01177,中国生物制药,2024-01-30,2.82,2.72,2.82,2.69,19.006,0.00276,51875028,149311370.0,-2.508960573476697,2.79
HK.01177,中国生物制药,2024-01-31,2.71,2.66,2.72,2.62,18.609,0.00242,45482225,127771807.0,-2.2058823529411784,2.72
HK.01177,中国生物制药,2024-02-01,2.68,2.76,2.8,2.66,19.271,0.00303,56930633,164805088.0,3.759398496240588,2.66
HK.01177,中国生物制药,2024-02-02,2.76,2.7,2.85,2.68,18.874,0.00221,41488702,119333741.0,-2.173913043478247,2.76
HK.01177,中国生物制药,2024-02-05,2.65,2.63,2.7,2.56,18.41,0.00323,60652935,168080455.0,-2.5925925925926028,2.7
HK.01177,中国生物制药,2024-02-06,2.63,2.82,2.86,2.63,19.668,0.00319,59990220,176016425.0,7.2243346007604545,2.63
HK.01177,中国生物制药,2024-02-07,2.84,2.85,2.9,2.81,19.867,0.00283,53115400,159506017.0,1.0638297872340514,2.82
HK.01177,中国生物制药,2024-02-08,2.85,2.84,2.9,2.78,19.801,0.00307,57689007,172719255.0,-0.3508771929824642,2.85
HK.01177,中国生物制药,2024-02-09,2.75,2.76,2.8,2.7,19.271,0.00049,9133096,26358073.0,-2.8169014084507067,2.84
HK.01177,中国生物制药,2024-02-14,2.69,2.78,2.81,2.68,19.403,0.0008,15114302,43965775.0,0.724637681159421,2.76
HK.01177,中国生物制药,2024-02-15,2.81,2.8,2.83,2.73,19.536,0.00134,25163293,74057593.0,0.7194244604316554,2.78
HK.01177,中国生物制药,2024-02-16,2.82,3.0,3.01,2.81,20.86,0.00227,42694605,132755391.0,7.1428571428571495,2.8
HK.01177,中国生物制药,2024-02-19,3.0,2.95,3.03,2.89,20.529,0.00188,35268659,109506928.0,-1.6666666666666607,3.0
HK.01177,中国生物制药,2024-02-20,2.97,2.95,3.01,2.87,20.529,0.00287,53924359,166263485.0,0.0,2.95
HK.01177,中国生物制药,2024-02-21,2.97,2.99,3.06,2.89,20.794,0.00243,45776272,144514015.0,1.3559322033898318,2.95
HK.01177,中国生物制药,2024-02-22,3.0,3.02,3.03,2.95,20.993,0.00166,31212167,98146023.0,1.0033444816053445,2.99
HK.01177,中国生物制药,2024-02-23,2.99,2.99,3.05,2.94,20.794,0.00214,40166992,125834818.0,-0.993377483443702,3.02
HK.01177,中国生物制药,2024-02-26,2.99,3.01,3.08,2.97,20.927,0.00182,34289646,108590205.0,0.6688963210702198,2.99
HK.01177,中国生物制药,2024-02-27,3.0,2.99,3.01,2.89,20.794,0.00244,45785547,142541210.0,-0.6644518272425108,3.01
HK.01177,中国生物制药,2024-02-28,2.99,2.91,3.06,2.9,20.264,0.00166,31303199,97473576.0,-2.6755852842809387,2.99
HK.01177,中国生物制药,2024-02-29,2.92,2.98,3.05,2.9,20.728,0.00315,59223416,185924313.0,2.4054982817869357,2.91
HK.01177,中国生物制药,2024-03-01,2.98,2.96,2.98,2.9,20.596,0.00168,31588594,97957083.0,-0.671140939597316,2.98
HK.01177,中国生物制药,2024-03-04,2.99,3.0,3.03,2.94,20.86,0.002,37548414,117875624.0,1.3513513513513526,2.96
HK.01177,中国生物制药,2024-03-05,2.96,2.76,2.96,2.75,19.271,0.00318,59833423,178212333.0,-8.000000000000007,3.0
HK.01177,中国生物制药,2024-03-06,2.79,2.79,2.85,2.75,19.47,0.00287,53932213,158794154.0,1.0869565217391397,2.76
HK.01177,中国生物制药,2024-03-07,2.78,2.77,2.8,2.74,19.337,0.00249,46799947,136537169.0,-0.7168458781362014,2.79
HK.01177,中国生物制药,2024-03-08,2.76,2.75,2.85,2.75,19.205,0.00182,34259291,100397392.0,-0.7220216606498201,2.77
HK.01177,中国生物制药,2024-03-11,2.75,2.83,2.84,2.75,19.735,0.00155,29207904,86514302.0,2.9090909090909114,2.75
HK.01177,中国生物制药,2024-03-12,2.86,3.04,3.04,2.86,21.125,0.00332,62471284,196256652.0,7.420494699646642,2.83
HK.01177,中国生物制药,2024-03-13,3.04,3.05,3.07,2.98,21.192,0.00202,38008607,120663641.0,0.3289473684210456,3.04
HK.01177,中国生物制药,2024-03-14,3.13,3.15,3.31,3.1,21.854,0.00585,109936169,365769357.0,3.2786885245901667,3.05
HK.01177,中国生物制药,2024-03-15,3.1,3.11,3.16,3.02,21.589,0.00314,59088671,191602921.0,-1.269841269841271,3.15
HK.01177,中国生物制药,2024-03-18,3.08,3.12,3.15,2.99,21.655,0.0015,28235233,91773513.0,0.321543408360136,3.11
HK.01177,中国生物制药,2024-03-19,3.03,3.0,3.09,2.99,20.86,0.00311,58503590,185833097.0,-3.84615384615385,3.12
HK.01177,中国生物制药,2024-03-20,3.02,3.0,3.03,2.93,20.86,0.00265,49876364,156372047.0,0.0,3.0
HK.01177,中国生物制药,2024-03-21,3.05,3.04,3.09,2.99,21.125,0.00244,45865030,146000769.0,1.3333333333333344,3.0
HK.01177,中国生物制药,2024-03-22,2.97,2.9,3.01,2.87,20.198,0.00303,56970288,175364125.0,-4.605263157894741,3.04
HK.01177,中国生物制药,2024-03-25,2.92,2.93,2.97,2.89,20.397,0.00137,25665708,79174976.0,1.0344827586206984,2.9
HK.01177,中国生物制药,2024-03-26,2.97,2.96,3.01,2.87,20.596,0.00274,51440918,159294840.0,1.0238907849829284,2.93
HK.01177,中国生物制药,2024-03-27,2.93,2.86,2.95,2.86,19.933,0.00221,41614801,126607912.0,-3.378378378378381,2.96
HK.01177,中国生物制药,2024-03-28,2.86,2.87,2.93,2.83,20.0,0.00174,32720710,99191420.0,0.3496503496503577,2.86
HK.01177,中国生物制药,2024-04-02,2.85,2.82,2.88,2.78,21.678,0.00453,85260157,253787620.0,-1.7421602787456538,2.87
HK.01177,中国生物制药,2024-04-03,2.8,2.77,2.82,2.76,21.313,0.00281,52843610,155221086.0,-1.7730496453900648,2.82
HK.01177,中国生物制药,2024-04-05,2.77,2.67,2.77,2.63,20.583,0.00313,58861394,165894899.0,-3.610108303249101,2.77
HK.01177,中国生物制药,2024-04-08,2.69,2.68,2.73,2.67,20.656,0.00312,58683935,166649537.0,0.3745318352060012,2.67
HK.01177,中国生物制药,2024-04-09,2.74,2.7,2.74,2.68,20.802,0.00256,48065178,137531109.0,0.7462686567164185,2.68
HK.01177,中国生物制药,2024-04-10,2.7,2.7,2.74,2.69,20.802,0.00159,29822823,85365914.0,0.0,2.7
HK.01177,中国生物制药,2024-04-11,2.63,2.64,2.68,2.6,20.364,0.00305,57346397,160162741.0,-2.222222222222224,2.7
HK.01177,中国生物制药,2024-04-12,2.64,2.58,2.65,2.57,19.927,0.00292,54947598,151099817.0,-2.2727272727272747,2.64
HK.01177,中国生物制药,2024-04-15,2.53,2.53,2.56,2.49,19.562,0.00329,61948885,165946157.0,-1.9379844961240411,2.58
HK.01177,中国生物制药,2024-04-16,2.47,2.39,2.53,2.37,18.54,0.00474,89051344,228569819.0,-5.533596837944652,2.53
HK.01177,中国生物制药,2024-04-17,2.37,2.31,2.42,2.29,17.956,0.00522,98109479,243573656.0,-3.347280334728036,2.39
HK.01177,中国生物制药,2024-04-18,2.31,2.28,2.33,2.26,17.737,0.00361,67966167,166812460.0,-1.2987012987013091,2.31
HK.01177,中国生物制药,2024-04-19,2.25,2.19,2.28,2.14,17.08,0.00711,133647456,311442183.0,-3.9473684210526256,2.28
HK.01177,中国生物制药,2024-04-22,2.26,2.39,2.41,2.26,18.54,0.00501,94155092,235366000.0,9.132420091324208,2.19
HK.01177,中国生物制药,2024-04-23,2.38,2.43,2.46,2.36,18.832,0.00266,49984618,128653430.0,1.673640167364018,2.39
HK.01177,中国生物制药,2024-04-24,2.47,2.53,2.55,2.43,19.562,0.0042,78914763,210353358.0,4.115226337448545,2.43
HK.01177,中国生物制药,2024-04-25,2.52,2.59,2.66,2.51,20.0,0.0048,90192910,248405750.0,2.371541501976287,2.53
HK.01177,中国生物制药,2024-04-26,2.59,2.62,2.66,2.57,20.218,0.0021,39487702,109609806.0,1.158301158301168,2.59
HK.01177,中国生物制药,2024-04-29,2.65,2.66,2.73,2.62,20.51,0.00324,60921326,172422624.0,1.5267175572519098,2.62
HK.01177,中国生物制药,2024-04-30,2.66,2.55,2.66,2.55,19.708,0.00453,85113037,231531752.0,-4.135338345864673,2.66
HK.01177,中国生物制药,2024-05-02,2.57,2.73,2.73,2.57,21.021,0.00241,45315565,127401369.0,7.058823529411772,2.55
HK.01177,中国生物制药,2024-05-03,2.83,2.72,2.83,2.69,20.948,0.00162,30390300,87454993.0,-0.3663003663003585,2.73
HK.01177,中国生物制药,2024-05-06,2.71,2.74,2.78,2.66,21.094,0.00239,45016344,129876343.0,0.7352941176470594,2.72
HK.01177,中国生物制药,2024-05-07,2.74,2.73,2.78,2.7,21.021,0.00197,37023099,106492250.0,-0.3649635036496434,2.74
HK.01177,中国生物制药,2024-05-08,2.74,2.76,2.84,2.73,21.24,0.00358,67230012,197731839.0,1.0989010989010917,2.73
HK.01177,中国生物制药,2024-05-09,2.79,2.92,2.95,2.77,22.408,0.00463,87132813,266079093.0,5.797101449275368,2.76
HK.01177,中国生物制药,2024-05-10,2.94,2.96,2.97,2.86,22.7,0.00328,61676449,190380574.0,1.3698630136986314,2.92
HK.01177,中国生物制药,2024-05-13,2.98,2.91,2.98,2.82,22.335,0.00302,56763501,172640402.0,-1.689189189189183,2.96
HK.01177,中国生物制药,2024-05-14,2.93,2.91,2.97,2.91,22.335,0.00156,29377846,90528356.0,0.0,2.91
HK.01177,中国生物制药,2024-05-16,2.95,2.97,2.99,2.85,22.773,0.00349,65691689,203255212.0,2.0618556701030943,2.91
HK.01177,中国生物制药,2024-05-17,2.96,2.94,3.01,2.92,22.554,0.0022,41359581,128100201.0,-1.0101010101010184,2.97
HK.01177,中国生物制药,2024-05-20,2.97,2.98,3.03,2.96,22.846,0.00187,35183897,110491452.0,1.360544217687076,2.94
HK.01177,中国生物制药,2024-05-21,2.96,2.8,2.96,2.77,21.532,0.00399,75055273,223960241.0,-6.040268456375844,2.98
HK.01177,中国生物制药,2024-05-22,2.84,2.79,2.85,2.77,21.459,0.00232,43632435,128744579.0,-0.3571428571428495,2.8
HK.01177,中国生物制药,2024-05-23,2.77,2.78,2.85,2.76,21.386,0.00283,53097929,156160917.0,-0.3584229390681086,2.79
HK.01177,中国生物制药,2024-05-24,2.78,2.72,2.79,2.68,20.948,0.00321,60281130,172926959.0,-2.15827338129495,2.78
HK.01177,中国生物制药,2024-05-27,2.72,2.69,2.73,2.62,20.729,0.00381,71655303,201783785.0,-1.1029411764705974,2.72
HK.01177,中国生物制药,2024-05-28,2.69,2.73,2.78,2.65,21.021,0.00264,49565142,142896832.0,1.4869888475836444,2.69
HK.01177,中国生物制药,2024-05-29,2.7,2.65,2.7,2.65,20.437,0.00156,29362375,82627377.0,-2.9304029304029333,2.73
HK.01177,中国生物制药,2024-05-30,2.64,2.65,2.71,2.63,20.437,0.00188,35233835,99187814.0,0.0,2.65
HK.01177,中国生物制药,2024-05-31,2.69,2.69,2.77,2.65,20.729,0.00715,134336918,382696004.0,1.5094339622641524,2.65
HK.01177,中国生物制药,2024-06-03,2.71,2.64,2.73,2.63,20.364,0.00274,51424322,144888058.0,-1.8587360594795477,2.69
HK.01177,中国生物制药,2024-06-04,2.62,2.69,2.74,2.62,20.729,0.00209,39323798,111974266.0,1.8939393939393872,2.64
HK.01177,中国生物制药,2024-06-05,2.71,2.7,2.74,2.68,20.802,0.00188,35360694,101186453.0,0.3717472118959194,2.69
HK.01177,中国生物制药,2024-06-06,2.73,2.69,2.76,2.67,20.729,0.00131,24613683,70158938.0,-0.3703703703703789,2.7
HK.01177,中国生物制药,2024-06-07,2.71,2.7,2.74,2.68,20.802,0.00153,28774981,82187837.0,0.3717472118959194,2.69
HK.01177,中国生物制药,2024-06-11,2.62,2.6,2.68,2.57,19.854,0.00287,53857469,147253598.0,-3.703703703703707,2.7
HK.01177,中国生物制药,2024-06-12,2.61,2.62,2.68,2.57,20.0,0.00181,33925577,92681815.0,0.7692307692307698,2.6
HK.01177,中国生物制药,2024-06-13,2.63,2.69,2.73,2.63,20.51,0.0023,43180528,121486193.0,2.6717557251908333,2.62
HK.01177,中国生物制药,2024-06-14,2.69,2.64,2.69,2.61,20.145,0.00156,29372780,81442904.0,-1.8587360594795477,2.69
HK.01177,中国生物制药,2024-06-17,2.64,2.63,2.67,2.59,20.072,0.00186,35022795,96514151.0,-0.3787878787878875,2.64
HK.01177,中国生物制药,2024-06-18,2.61,2.63,2.66,2.58,20.072,0.00194,36481793,100100628.0,0.0,2.63
HK.01177,中国生物制药,2024-06-19,2.66,2.72,2.73,2.65,20.729,0.00228,42819165,120596789.0,3.422053231939175,2.63
HK.01177,中国生物制药,2024-06-20,2.73,2.57,2.74,2.57,19.635,0.00339,63632357,173567766.0,-5.514705882352954,2.72
HK.01177,中国生物制药,2024-06-21,2.54,2.48,2.57,2.47,18.978,0.00527,98971178,258687371.0,-3.5019455252918235,2.57
HK.01177,中国生物制药,2024-06-24,2.47,2.48,2.49,2.43,18.978,0.00249,46799883,120616282.0,0.0,2.48
HK.01177,中国生物制药,2024-06-25,2.48,2.52,2.54,2.44,19.27,0.00309,58076051,152498087.0,1.6129032258064528,2.48
HK.01177,中国生物制药,2024-06-26,2.54,2.64,2.66,2.52,20.145,0.00313,58887577,160616948.0,4.761904761904765,2.52
HK.01177,中国生物制药,2024-06-27,2.62,2.58,2.62,2.54,19.708,0.00192,36163260,97646491.0,-2.2727272727272747,2.64
HK.01177,中国生物制药,2024-06-28,2.58,2.55,2.62,2.55,19.489,0.00207,38948942,104807047.0,-1.1627906976744282,2.58
HK.01177,中国生物制药,2024-07-02,2.48,2.58,2.62,2.47,19.708,0.00167,31323025,84227009.0,1.176470588235304,2.55
HK.01177,中国生物制药,2024-07-03,2.58,2.63,2.66,2.57,20.072,0.00163,30594180,83826473.0,1.937984496124024,2.58
HK.01177,中国生物制药,2024-07-04,2.63,2.61,2.66,2.58,19.927,0.00102,19114880,52178605.0,-0.7604562737642593,2.63
HK.01177,中国生物制药,2024-07-05,2.61,2.71,2.75,2.58,20.656,0.00312,58544824,164099345.0,3.8314176245210767,2.61
HK.01177,中国生物制药,2024-07-08,2.7,2.67,2.7,2.63,20.364,0.00178,33460118,93136316.0,-1.4760147601476028,2.71
HK.01177,中国生物制药,2024-07-09,2.68,2.71,2.72,2.64,20.656,0.00184,34532064,97037720.0,1.4981273408239717,2.67
HK.01177,中国生物制药,2024-07-10,2.75,2.66,2.75,2.63,20.291,0.00206,38657904,107833255.0,-1.8450184501844953,2.71
HK.01177,中国生物制药,2024-07-11,2.68,2.71,2.72,2.66,20.656,0.00244,45942819,129168687.0,1.879699248120294,2.66
HK.01177,中国生物制药,2024-07-12,2.73,2.77,2.8,2.72,21.094,0.00167,31468003,90560191.0,2.214022140221404,2.71
HK.01177,中国生物制药,2024-07-15,2.77,2.64,2.77,2.62,20.145,0.00203,38176485,106248963.0,-4.693140794223822,2.77
HK.01177,中国生物制药,2024-07-16,2.64,2.7,2.71,2.6,20.583,0.00231,43428798,121758306.0,2.2727272727272747,2.64
HK.01177,中国生物制药,2024-07-17,2.7,2.83,2.86,2.69,21.532,0.00376,70731747,206782233.0,4.81481481481481,2.7
HK.01177,中国生物制药,2024-07-18,2.83,2.84,2.87,2.8,21.605,0.00221,41544300,123067169.0,0.3533568904593564,2.83
HK.01177,中国生物制药,2024-07-19,2.79,2.73,2.83,2.73,20.802,0.00156,29312324,84298907.0,-3.873239436619714,2.84
HK.01177,中国生物制药,2024-07-22,2.74,2.77,2.78,2.72,21.094,0.00099,18653784,53688963.0,1.4652014652014669,2.73
HK.01177,中国生物制药,2024-07-23,2.79,2.71,2.81,2.71,20.656,0.00107,20038715,57083134.0,-2.1660649819494604,2.77
HK.01177,中国生物制药,2024-07-24,2.71,2.66,2.76,2.65,20.291,0.0016,30075838,84143473.0,-1.8450184501844953,2.71
HK.01177,中国生物制药,2024-07-25,2.66,2.64,2.69,2.63,20.145,0.00177,33311382,92311223.0,-0.7518796992481209,2.66
HK.01177,中国生物制药,2024-07-26,2.64,2.68,2.7,2.62,20.437,0.00207,38984917,108774067.0,1.5151515151515165,2.64
HK.01177,中国生物制药,2024-07-29,2.72,2.66,2.74,2.63,20.291,0.00366,68724582,192140819.0,-0.7462686567164185,2.68
HK.01177,中国生物制药,2024-07-30,2.65,2.61,2.68,2.58,19.927,0.00277,52086514,142209629.0,-1.8796992481203108,2.66
HK.01177,中国生物制药,2024-07-31,2.64,2.69,2.71,2.58,20.51,0.00177,33330833,93429973.0,3.065134099616861,2.61
HK.01177,中国生物制药,2024-08-01,2.69,2.67,2.74,2.64,20.364,0.00176,33126723,92570220.0,-0.7434944237918222,2.69
HK.01177,中国生物制药,2024-08-02,2.66,2.68,2.71,2.61,20.437,0.00228,42766407,119406446.0,0.3745318352060012,2.67
HK.01177,中国生物制药,2024-08-05,2.65,2.73,2.73,2.64,20.802,0.00325,61097896,171625653.0,1.865671641791038,2.68
HK.01177,中国生物制药,2024-08-06,2.73,2.75,2.82,2.7,20.948,0.00388,72878142,209732851.0,0.7326007326007333,2.73
HK.01177,中国生物制药,2024-08-07,2.77,2.73,2.77,2.68,20.802,0.00291,54667282,155919817.0,-0.7272727272727278,2.75
HK.01177,中国生物制药,2024-08-08,2.73,2.73,2.77,2.7,20.802,0.00175,32959681,93991779.0,0.0,2.73
HK.01177,中国生物制药,2024-08-09,2.75,2.77,2.79,2.74,21.094,0.00199,37399111,108000346.0,1.4652014652014669,2.73
HK.01177,中国生物制药,2024-08-12,2.78,2.83,2.85,2.76,21.532,0.00156,29248294,86052939.0,2.1660649819494604,2.77
HK.01177,中国生物制药,2024-08-13,2.82,2.83,2.85,2.79,21.532,0.00168,31635243,92894298.0,0.0,2.83
HK.01177,中国生物制药,2024-08-14,2.96,2.9,3.01,2.82,22.043,0.00733,137767144,415955713.0,2.473498233215542,2.83
HK.01177,中国生物制药,2024-08-15,2.9,3.07,3.08,2.88,23.284,0.00583,109609477,342442748.0,5.862068965517239,2.9
HK.01177,中国生物制药,2024-08-16,3.09,3.17,3.24,3.03,24.014,0.00692,129988705,426546598.0,3.257328990228016,3.07
HK.01177,中国生物制药,2024-08-19,3.18,3.13,3.19,3.09,23.722,0.00293,54971726,178556993.0,-1.261829652996847,3.17
HK.01177,中国生物制药,2024-08-20,3.18,3.14,3.2,3.12,23.795,0.00312,58544655,191527178.0,0.3194888178913812,3.13
HK.01177,中国生物制药,2024-08-21,3.09,3.11,3.13,3.03,23.576,0.00359,67535471,216107969.0,-0.9554140127388614,3.14
HK.01177,中国生物制药,2024-08-22,3.12,3.09,3.15,3.03,23.43,0.00261,49117471,156667016.0,-0.6430868167202578,3.11
HK.01177,中国生物制药,2024-08-23,3.09,3.02,3.11,2.98,22.919,0.00296,55628229,174667621.0,-2.2653721682847845,3.09
HK.01177,中国生物制药,2024-08-26,3.02,3.02,3.06,2.96,22.919,0.00249,46877637,145964183.0,0.0,3.02
HK.01177,中国生物制药,2024-08-27,2.99,3.03,3.04,2.95,22.992,0.00163,30606396,95488640.0,0.3311258278145624,3.02
HK.01177,中国生物制药,2024-08-28,3.04,3.05,3.06,3.0,23.138,0.00171,32221209,101635479.0,0.6600660066006607,3.03
HK.01177,中国生物制药,2024-08-29,3.05,3.1,3.11,3.02,23.503,0.00225,42278508,135309027.0,1.639344262295091,3.05
HK.01177,中国生物制药,2024-08-30,3.1,3.11,3.15,3.07,23.576,0.00356,66954394,216475019.0,0.3225806451612834,3.1
HK.01177,中国生物制药,2024-09-02,3.11,3.01,3.11,2.97,22.846,0.00228,42764502,133619249.0,-3.2154340836012896,3.11
HK.01177,中国生物制药,2024-09-03,2.99,3.0,3.06,2.97,22.773,0.00145,27338360,85313018.0,-0.3322259136212554,3.01
HK.01177,中国生物制药,2024-09-04,2.97,3.0,3.0,2.94,22.773,0.00166,31176728,96637457.0,0.0,3.0
HK.01177,中国生物制药,2024-09-05,3.0,3.05,3.05,2.98,23.138,0.00207,38893677,122174446.0,1.6666666666666607,3.0
HK.01177,中国生物制药,2024-09-09,3.03,3.02,3.06,2.96,22.919,0.0027,50668270,158288690.0,-0.9836065573770428,3.05
HK.01177,中国生物制药,2024-09-10,3.02,3.02,3.04,2.97,22.7,0.00226,42523029,132303041.0,0.0,3.02
HK.01177,中国生物制药,2024-09-11,2.99,3.07,3.1,2.99,23.065,0.00235,44178977,138845926.0,1.655629139072842,3.02
HK.01177,中国生物制药,2024-09-12,3.06,3.02,3.1,3.01,22.7,0.00214,40276280,126237119.0,-1.6286644951140006,3.07
HK.01177,中国生物制药,2024-09-13,3.0,3.13,3.18,3.0,23.503,0.00269,50542826,162590708.0,3.642384105960261,3.02
HK.01177,中国生物制药,2024-09-16,3.11,3.18,3.19,3.04,23.868,0.00192,36068369,116881096.0,1.5974440894568775,3.13
HK.01177,中国生物制药,2024-09-17,3.17,3.19,3.22,3.13,23.941,0.00173,32581835,106863035.0,0.3144654088050247,3.18
HK.01177,中国生物制药,2024-09-19,3.18,3.21,3.24,3.14,24.087,0.00323,60736381,199495902.0,0.6269592476489034,3.19
HK.01177,中国生物制药,2024-09-20,3.21,3.27,3.33,3.21,24.525,0.00392,73676677,247583362.0,1.8691588785046744,3.21
HK.01177,中国生物制药,2024-09-23,3.27,3.25,3.3,3.24,24.379,0.00242,45484852,152448914.0,-0.6116207951070342,3.27
HK.01177,中国生物制药,2024-09-24,3.32,3.37,3.38,3.29,25.255,0.00359,67467024,232033474.0,3.692307692307696,3.25
HK.01177,中国生物制药,2024-09-25,3.46,3.34,3.47,3.33,25.036,0.00364,68358245,236485575.0,-0.8902077151335385,3.37
HK.01177,中国生物制药,2024-09-26,3.4,3.47,3.48,3.35,25.985,0.004,75248359,264581443.0,3.892215568862286,3.34
HK.01177,中国生物制药,2024-09-27,3.52,3.61,3.64,3.51,27.007,0.00658,123697820,455633778.0,4.0345821325648314,3.47
HK.01177,中国生物制药,2024-09-30,3.68,3.64,3.69,3.5,27.226,0.01044,196208760,723677856.0,0.8310249307479294,3.61
HK.01177,中国生物制药,2024-10-02,3.59,3.89,3.91,3.58,29.051,0.00488,91792850,359409296.0,6.868131868131868,3.64
HK.01177,中国生物制药,2024-10-03,3.91,3.77,3.91,3.61,28.175,0.00324,60822820,232633771.0,-3.0848329048843217,3.89
HK.01177,中国生物制药,2024-10-04,3.79,4.06,4.07,3.72,30.291,0.00522,98047047,397795456.0,7.692307692307682,3.77
HK.01177,中国生物制药,2024-10-07,4.1,4.04,4.16,3.94,30.145,0.00522,98112104,403405639.0,-0.4926108374384131,4.06
HK.01177,中国生物制药,2024-10-08,4.06,3.76,4.089999999,3.59,28.102,0.01177,221135902,860443811.0,-6.930693069306937,4.04
HK.01177,中国生物制药,2024-10-09,3.75,3.64,3.84,3.54,27.226,0.0066,124013720,466957216.0,-3.191489361702119,3.76
HK.01177,中国生物制药,2024-10-10,3.73,3.7,3.85,3.68,27.664,0.00821,154261847,594303824.0,1.6483516483516498,3.64
HK.01177,中国生物制药,2024-10-14,3.7,3.61,3.76,3.52,27.007,0.00572,107412979,397323917.0,-2.4324324324324405,3.7
HK.01177,中国生物制药,2024-10-15,3.63,3.6,3.67,3.54,26.934,0.0053,99511478,367340437.0,-0.2770083102493015,3.61
HK.01177,中国生物制药,2024-10-16,3.56,3.53,3.61,3.48,26.423,0.0033,62075318,225560580.0,-1.9444444444444524,3.6
HK.01177,中国生物制药,2024-10-17,3.59,3.52,3.63,3.5,26.35,0.00322,60566337,222003857.0,-0.283286118980164,3.53
HK.01177,中国生物制药,2024-10-18,3.53,3.69,3.72,3.53,27.591,0.00335,62975448,235270925.0,4.829545454545452,3.52
HK.01177,中国生物制药,2024-10-21,3.64,3.59,3.67,3.56,26.861,0.00293,55103225,203807060.0,-2.7100271002710055,3.69
HK.01177,中国生物制药,2024-10-22,3.58,3.55,3.64,3.54,26.569,0.00186,34889418,127907269.0,-1.1142061281337057,3.59
HK.01177,中国生物制药,2024-10-23,3.55,3.58,3.58,3.5,26.788,0.00223,41817329,152190707.0,0.8450704225352182,3.55
HK.01177,中国生物制药,2024-10-24,3.55,3.44,3.55,3.43,25.766,0.00219,41102479,146024599.0,-3.910614525139669,3.58
HK.01177,中国生物制药,2024-10-25,3.43,3.45,3.49,3.42,25.839,0.00184,34594434,122296045.0,0.2906976744186114,3.44
HK.01177,中国生物制药,2024-10-28,3.41,3.46,3.49,3.41,25.912,0.00177,33207334,117847953.0,0.2898550724637619,3.45
HK.01177,中国生物制药,2024-10-29,3.51,3.43,3.53,3.4,25.693,0.00217,40741688,143930396.0,-0.8670520231213816,3.46
HK.01177,中国生物制药,2024-10-30,3.42,3.42,3.48,3.37,25.62,0.00356,66810028,234593137.0,-0.2915451895043799,3.43
HK.01177,中国生物制药,2024-10-31,3.41,3.44,3.52,3.34,25.766,0.00562,105563240,374079397.0,0.5847953216374274,3.42
HK.01177,中国生物制药,2024-11-01,3.5,3.51,3.54,3.43,26.277,0.00306,57593762,207112740.0,2.0348837209302277,3.44
HK.01177,中国生物制药,2024-11-04,3.52,3.45,3.57,3.41,25.839,0.00333,62486200,222239182.0,-1.7094017094016984,3.51
HK.01177,中国生物制药,2024-11-05,3.41,3.49,3.52,3.41,26.131,0.00314,59057452,210879050.0,1.1594202898550736,3.45
HK.01177,中国生物制药,2024-11-06,3.5,3.39,3.5,3.33,25.401,0.00551,103479231,361601323.0,-2.865329512893985,3.49
HK.01177,中国生物制药,2024-11-07,3.36,3.42,3.43,3.33,25.62,0.0022,41372642,144449135.0,0.8849557522123837,3.39
HK.01177,中国生物制药,2024-11-08,3.41,3.36,3.48,3.35,25.182,0.00285,53619885,186549957.0,-1.7543859649122824,3.42
HK.01177,中国生物制药,2024-11-11,3.31,3.31,3.34,3.25,24.817,0.00522,98017306,331238171.0,-1.4880952380952328,3.36
HK.01177,中国生物制药,2024-11-12,3.24,3.28,3.36,3.23,24.598,0.00429,80619425,272360503.0,-0.9063444108761404,3.31
HK.01177,中国生物制药,2024-11-13,3.3,3.25,3.3,3.18,24.379,0.00326,61281619,202840763.0,-0.9146341463414576,3.28
HK.01177,中国生物制药,2024-11-14,3.2,3.2,3.26,3.17,24.014,0.0026,48875246,161593982.0,-1.538461538461533,3.25
HK.01177,中国生物制药,2024-11-15,3.21,3.22,3.28,3.21,24.16,0.00232,43633071,145345905.0,0.6250000000000006,3.2
HK.01177,中国生物制药,2024-11-18,3.27,3.22,3.28,3.21,24.16,0.00313,58824028,195873100.0,0.0,3.22
HK.01177,中国生物制药,2024-11-19,3.28,3.18,3.28,3.16,23.868,0.00173,32532466,106621520.0,-1.2422360248447215,3.22
HK.01177,中国生物制药,2024-11-20,3.16,3.29,3.36,3.14,24.671,0.00385,72407387,244869153.0,3.4591194968553416,3.18
HK.01177,中国生物制药,2024-11-21,3.27,3.29,3.34,3.25,24.671,0.00168,31632703,107121714.0,0.0,3.29
HK.01177,中国生物制药,2024-11-22,3.27,3.21,3.34,3.17,24.087,0.00226,42393906,140581215.0,-2.4316109422492422,3.29
HK.01177,中国生物制药,2024-11-25,3.24,3.18,3.24,3.14,23.868,0.00403,75714785,247802371.0,-0.9345794392523304,3.21
HK.01177,中国生物制药,2024-11-26,3.13,3.16,3.21,3.13,23.722,0.00162,30514039,99273772.0,-0.6289308176100634,3.18
HK.01177,中国生物制药,2024-11-27,3.16,3.21,3.24,3.13,24.087,0.00231,43412730,142392770.0,1.5822784810126524,3.16
HK.01177,中国生物制药,2024-11-28,3.23,3.17,3.25,3.15,23.795,0.00236,44287109,144825033.0,-1.2461059190031163,3.21
HK.01177,中国生物制药,2024-11-29,3.17,3.16,3.2,3.13,23.722,0.00223,41821058,135797827.0,-0.3154574132492046,3.17
HK.01177,中国生物制药,2024-12-02,3.16,3.2,3.23,3.14,24.014,0.00198,37282415,122514721.0,1.2658227848101276,3.16
HK.01177,中国生物制药,2024-12-03,3.2,3.26,3.27,3.16,24.452,0.00237,44529692,147930179.0,1.874999999999988,3.2
HK.01177,中国生物制药,2024-12-04,3.26,3.23,3.29,3.21,24.233,0.00161,30341226,100759090.0,-0.9202453987730002,3.26
HK.01177,中国生物制药,2024-12-05,3.19,3.15,3.22,3.13,23.649,0.00252,47312810,153504863.0,-2.4767801857585163,3.23
HK.01177,中国生物制药,2024-12-06,3.15,3.19,3.22,3.12,23.941,0.00298,56007243,183162926.0,1.269841269841271,3.15
HK.01177,中国生物制药,2024-12-09,3.2,3.24,3.24,3.1,24.306,0.00421,79080521,258018642.0,1.5673981191222657,3.19
HK.01177,中国生物制药,2024-12-10,3.39,3.24,3.4,3.23,24.306,0.00393,73785712,249108365.0,0.0,3.24
HK.01177,中国生物制药,2024-12-11,3.25,3.27,3.3,3.22,24.525,0.00245,45956746,153914322.0,0.9259259259259198,3.24
HK.01177,中国生物制药,2024-12-12,3.25,3.3,3.36,3.21,24.744,0.00276,51927072,177217607.0,0.9174311926605444,3.27
HK.01177,中国生物制药,2024-12-13,3.25,3.21,3.28,3.19,24.087,0.00296,55633140,183856905.0,-2.727272727272723,3.3
HK.01177,中国生物制药,2024-12-16,3.21,3.11,3.24,3.08,23.357,0.00368,69202142,222899763.0,-3.1152647975077907,3.21
HK.01177,中国生物制药,2024-12-17,3.11,3.08,3.12,3.05,23.138,0.00251,47143051,149614209.0,-0.9646302250803797,3.11
HK.01177,中国生物制药,2024-12-18,3.08,3.12,3.13,3.07,23.43,0.00223,41838762,133616649.0,1.2987012987012998,3.08
HK.01177,中国生物制药,2024-12-19,3.1,3.14,3.16,3.08,23.576,0.00192,36006159,116071975.0,0.6410256410256416,3.12
HK.01177,中国生物制药,2024-12-20,3.13,3.12,3.15,3.1,23.43,0.00162,30378757,97745205.0,-0.6369426751592362,3.14
HK.01177,中国生物制药,2024-12-23,3.11,3.13,3.16,3.09,23.503,0.00189,35514092,114186806.0,0.3205128205128136,3.12
HK.01177,中国生物制药,2024-12-24,3.15,3.15,3.18,3.12,23.649,0.00086,16205255,52706735.0,0.6389776357827481,3.13
HK.01177,中国生物制药,2024-12-27,3.15,3.14,3.2,3.11,23.576,0.00231,43316690,140151130.0,-0.3174603174603106,3.15
HK.01177,中国生物制药,2024-12-30,3.11,3.14,3.22,3.11,23.576,0.00277,52103080,169709622.0,0.0,3.14
HK.01177,中国生物制药,2024-12-31,3.14,3.11,3.14,3.09,23.357,0.00145,27234463,87084951.0,-0.9554140127388614,3.14
HK.01177,中国生物制药,2025-01-02,3.11,3.0,3.11,2.99,22.554,0.00228,42810375,133019342.0,-3.5369774919614105,3.11
HK.01177,中国生物制药,2025-01-03,3.0,2.97,3.05,2.94,22.335,0.00302,56782744,174479001.0,-0.9999999999999934,3.0
HK.01177,中国生物制药,2025-01-06,2.99,2.97,3.01,2.94,22.335,0.00273,51213072,156303303.0,0.0,2.97
HK.01177,中国生物制药,2025-01-07,2.96,2.94,2.97,2.88,22.116,0.0031,58197597,175072507.0,-1.0101010101010184,2.97
HK.01177,中国生物制药,2025-01-08,2.95,2.91,2.95,2.84,21.897,0.00475,89232789,265875084.0,-1.0204081632652997,2.94
HK.01177,中国生物制药,2025-01-09,2.91,2.89,2.94,2.87,21.751,0.0034,63902976,190847024.0,-0.6872852233676982,2.91
HK.01177,中国生物制药,2025-01-10,2.89,2.77,2.9,2.76,20.875,0.00527,98982025,285499757.0,-4.1522491349481,2.89
HK.01177,中国生物制药,2025-01-13,2.72,2.76,2.76,2.67,20.802,0.00433,81397064,229099699.0,-0.3610108303249181,2.77
HK.01177,中国生物制药,2025-01-14,2.76,2.79,2.81,2.74,21.021,0.00411,77209836,221293272.0,1.0869565217391397,2.76
HK.01177,中国生物制药,2025-01-15,2.79,2.78,2.81,2.75,20.948,0.00204,38312342,110031070.0,-0.3584229390681086,2.79
HK.01177,中国生物制药,2025-01-16,2.8,2.72,2.84,2.63,20.51,0.00728,136832945,383397236.0,-2.15827338129495,2.78
HK.01177,中国生物制药,2025-01-17,2.71,2.82,2.86,2.7,21.24,0.00356,66922882,193402095.0,3.676470588235281,2.72
HK.01177,中国生物制药,2025-01-20,2.85,2.79,2.88,2.78,21.021,0.00328,61715039,179707140.0,-1.063829787234036,2.82
HK.01177,中国生物制药,2025-01-21,2.84,2.82,2.84,2.78,21.24,0.00229,43078000,124992223.0,1.075268817204294,2.79
HK.01177,中国生物制药,2025-01-22,2.81,2.81,2.84,2.79,21.167,0.00147,27540005,79797983.0,-0.3546099290780066,2.82
HK.01177,中国生物制药,2025-01-23,2.81,2.78,2.83,2.76,20.948,0.00299,56230144,161765141.0,-1.067615658362998,2.81
HK.01177,中国生物制药,2025-01-24,2.76,2.78,2.87,2.73,20.948,0.00407,76569725,220593593.0,0.0,2.78
HK.01177,中国生物制药,2025-01-27,2.79,2.84,2.87,2.76,21.386,0.00319,59865159,174485022.0,2.158273381294966,2.78
HK.01177,中国生物制药,2025-01-28,2.84,2.73,2.84,2.73,20.583,0.0009,16988396,48287590.0,-3.873239436619714,2.84
HK.01177,中国生物制药,2025-02-03,2.6,2.77,2.77,2.58,20.875,0.00159,29840906,83226178.0,1.4652014652014669,2.73
HK.01177,中国生物制药,2025-02-04,2.81,2.87,2.89,2.78,21.605,0.00199,37349813,109610134.0,3.610108303249101,2.77
HK.01177,中国生物制药,2025-02-05,2.85,2.78,2.85,2.77,20.948,0.00239,44967637,130017213.0,-3.1358885017421705,2.87
HK.01177,中国生物制药,2025-02-06,2.79,2.88,2.88,2.77,21.678,0.00227,42647195,125358552.0,3.5971223021582768,2.78
HK.01177,中国生物制药,2025-02-07,2.88,2.88,2.91,2.84,21.678,0.00305,57249144,169672518.0,0.0,2.88
HK.01177,中国生物制药,2025-02-10,2.88,2.93,2.94,2.86,22.043,0.00359,67375546,202336737.0,1.7361111111111205,2.88
HK.01177,中国生物制药,2025-02-11,2.93,2.85,2.94,2.85,21.459,0.00241,45338424,134711110.0,-2.7303754266211624,2.93
HK.01177,中国生物制药,2025-02-12,2.9,2.95,2.97,2.85,22.189,0.0038,71317536,214885884.0,3.5087719298245648,2.85
HK.01177,中国生物制药,2025-02-13,2.95,2.98,3.09,2.91,22.408,0.0077,144708281,451565268.0,1.0169491525423662,2.95
HK.01177,中国生物制药,2025-02-14,3.01,3.14,3.15,3.0,23.576,0.00568,106754246,341075155.0,5.369127516778528,2.98
HK.01177,中国生物制药,2025-02-17,3.12,3.22,3.28,3.08,24.16,0.0091,170957675,568653463.0,2.5477707006369448,3.14
HK.01177,中国生物制药,2025-02-18,3.24,3.26,3.26,3.16,24.452,0.00492,92535183,306828997.0,1.2422360248447075,3.22
HK.01177,中国生物制药,2025-02-19,3.22,3.23,3.3,3.21,24.233,0.00382,71838926,239465872.0,-0.9202453987730002,3.26
HK.01177,中国生物制药,2025-02-20,3.24,3.2,3.33,3.2,24.014,0.00543,101999898,340159564.0,-0.9287925696594366,3.23
HK.01177,中国生物制药,2025-02-21,3.27,3.25,3.27,3.13,24.379,0.00693,130256603,429498241.0,1.5624999999999944,3.2
HK.01177,中国生物制药,2025-02-24,3.19,3.34,3.4,3.13,25.036,0.01054,198054455,673543546.0,2.7692307692307647,3.25
HK.01177,中国生物制药,2025-02-25,3.27,3.25,3.29,3.19,24.379,0.00566,106312447,355280139.0,-2.6946107784431095,3.34
HK.01177,中国生物制药,2025-02-26,3.25,3.35,3.37,3.24,25.109,0.00465,87358437,297631840.0,3.0769230769230793,3.25
HK.01177,中国生物制药,2025-02-27,3.33,3.35,3.39,3.29,25.109,0.00512,96272840,330639298.0,0.0,3.35
HK.01177,中国生物制药,2025-02-28,3.34,3.13,3.34,3.12,23.503,0.00616,115710716,377620786.0,-6.567164179104483,3.35
HK.01177,中国生物制药,2025-03-03,3.13,3.11,3.22,3.09,23.357,0.00353,66333519,214418859.0,-0.6389776357827481,3.13
HK.01177,中国生物制药,2025-03-04,3.1,3.15,3.17,3.06,23.649,0.00325,60980846,196081834.0,1.2861736334405156,3.11
HK.01177,中国生物制药,2025-03-05,3.18,3.22,3.27,3.17,24.16,0.00286,53629386,177314882.0,2.222222222222231,3.15
HK.01177,中国生物制药,2025-03-06,3.25,3.23,3.28,3.19,24.233,0.00439,82317893,272586566.0,0.3105590062111735,3.22
HK.01177,中国生物制药,2025-03-07,3.21,3.25,3.34,3.19,24.379,0.0075,140838768,471731445.0,0.6191950464396291,3.23
HK.01177,中国生物制药,2025-03-10,3.25,3.26,3.31,3.2,24.452,0.00515,96616617,321974275.0,0.3076923076923011,3.25
HK.01177,中国生物制药,2025-03-11,3.21,3.47,3.49,3.2,25.985,0.00862,161764523,565326755.0,6.4417177914110555,3.26
HK.01177,中国生物制药,2025-03-12,3.43,3.44,3.5,3.41,25.766,0.00412,77336427,273371496.0,-0.8645533141210446,3.47
HK.01177,中国生物制药,2025-03-13,3.43,3.38,3.51,3.33,25.328,0.00441,82806484,287808681.0,-1.7441860465116297,3.44
HK.01177,中国生物制药,2025-03-14,3.43,3.44,3.5,3.37,25.766,0.00511,95952471,340169474.0,1.7751479289940846,3.38
HK.01177,中国生物制药,2025-03-17,3.45,3.41,3.51,3.39,25.547,0.00424,79543127,280121593.0,-0.8720930232558082,3.44
HK.01177,中国生物制药,2025-03-18,3.47,3.52,3.53,3.43,26.35,0.00494,92681570,332544163.0,3.2258064516128995,3.41
HK.01177,中国生物制药,2025-03-19,3.52,3.55,3.58,3.5,26.569,0.00422,79123246,288303518.0,0.8522727272727216,3.52
HK.01177,中国生物制药,2025-03-20,3.56,3.61,3.69,3.54,18.407,0.00579,108735520,404571821.0,1.690140845070424,3.55
HK.01177,中国生物制药,2025-03-21,3.66,3.51,3.67,3.46,17.91,0.0095,178287089,649993579.0,-2.7700831024930777,3.61
HK.01177,中国生物制药,2025-03-24,3.5,3.45,3.6,3.42,17.611,0.00446,83739649,300396124.0,-1.7094017094016984,3.51
HK.01177,中国生物制药,2025-03-25,3.43,3.46,3.48,3.4,17.661,0.0029,54366609,192354530.0,0.2898550724637619,3.45
HK.01177,中国生物制药,2025-03-26,3.48,3.51,3.56,3.45,17.91,0.00421,79036615,283726687.0,1.445086705202307,3.46
HK.01177,中国生物制药,2025-03-27,3.52,3.56,3.63,3.46,18.159,0.0068,127550181,465060669.0,1.4245014245014322,3.51
HK.01177,中国生物制药,2025-03-28,3.62,3.64,3.71,3.55,18.557,0.00793,148904971,554515808.0,2.247191011235957,3.56
HK.01177,中国生物制药,2025-03-31,3.64,3.66,3.71,3.53,18.656,0.00768,144062326,535668747.0,0.5494505494505499,3.64
HK.01177,中国生物制药,2025-04-01,3.67,3.77,3.84,3.63,19.203,0.00762,143103794,552019752.0,3.005464480874313,3.66
HK.01177,中国生物制药,2025-04-02,3.77,3.86,3.91,3.73,19.651,0.00863,162009457,636384538.0,2.3872679045092804,3.77
HK.01177,中国生物制药,2025-04-03,3.82,3.8,3.89,3.72,19.353,0.00734,137699524,532774782.0,-1.5544041450777215,3.86
HK.01177,中国生物制药,2025-04-07,3.31,3.25,3.48,3.19,16.616,0.01092,204920361,698327828.0,-14.473684210526311,3.8
HK.01177,中国生物制药,2025-04-08,3.27,3.33,3.36,3.2,17.014,0.00675,126657455,428358722.0,2.4615384615384635,3.25
HK.01177,中国生物制药,2025-04-09,3.21,3.31,3.35,3.09,16.915,0.00715,134134585,448175727.0,-0.6006006006006012,3.33
HK.01177,中国生物制药,2025-04-10,3.36,3.35,3.45,3.3,17.114,0.00869,163196079,564975397.0,1.2084592145015116,3.31
HK.01177,中国生物制药,2025-04-11,3.34,3.49,3.51,3.32,17.81,0.00582,109152748,384619609.0,4.1791044776119435,3.35
HK.01177,中国生物制药,2025-04-14,3.52,3.65,3.67,3.52,18.606,0.00576,108188156,403274074.0,4.584527220630363,3.49
HK.01177,中国生物制药,2025-04-15,3.7,3.63,3.7,3.6,18.507,0.00413,77498018,288565310.0,-0.5479452054794526,3.65
HK.01177,中国生物制药,2025-04-16,3.62,3.52,3.62,3.44,17.96,0.0042,78905132,283647979.0,-3.0303030303030267,3.63
HK.01177,中国生物制药,2025-04-17,3.52,3.58,3.6,3.5,18.258,0.00285,53563043,196285252.0,1.704545454545456,3.52
HK.01177,中国生物制药,2025-04-22,3.58,3.74,3.78,3.58,19.054,0.0059,110786981,420367638.0,4.469273743016763,3.58
HK.01177,中国生物制药,2025-04-23,3.81,3.75,3.84,3.72,19.104,0.00486,91284504,351620588.0,0.2673796791443793,3.74
HK.01177,中国生物制药,2025-04-24,3.75,3.8,3.84,3.72,19.353,0.00448,84169777,326140436.0,1.3333333333333286,3.75
HK.01177,中国生物制药,2025-04-25,3.89,3.86,4.0,3.82,19.651,0.00779,146221632,582683621.0,1.578947368421054,3.8
HK.01177,中国生物制药,2025-04-28,3.81,3.75,3.85,3.69,19.104,0.00511,95956787,371144620.0,-2.849740932642484,3.86
HK.01177,中国生物制药,2025-04-29,3.77,3.8,3.9,3.76,19.353,0.00383,71860606,280308329.0,1.3333333333333286,3.75
HK.01177,中国生物制药,2025-04-30,3.83,3.82,3.85,3.77,19.452,0.00401,75236557,293525540.0,0.5263157894736847,3.8
HK.01177,中国生物制药,2025-05-02,3.81,3.88,3.89,3.75,19.751,0.00189,35404772,139429876.0,1.5706806282722523,3.82
HK.01177,中国生物制药,2025-05-06,3.88,3.86,3.929999999,3.8,19.651,0.00405,76092514,300619510.0,-0.5154639175257737,3.88
HK.01177,中国生物制药,2025-05-07,3.91,3.74,3.92,3.71,19.054,0.00568,106548415,413613774.0,-3.1088082901554315,3.86
HK.01177,中国生物制药,2025-05-08,3.77,3.79,3.8,3.72,19.303,0.00333,62480596,240530122.0,1.3368983957219205,3.74
HK.01177,中国生物制药,2025-05-09,3.79,3.82,3.83,3.73,19.452,0.00345,64840386,251003333.0,0.7915567282321848,3.79
HK.01177,中国生物制药,2025-05-12,3.82,3.75,3.82,3.65,19.104,0.00679,127485453,485636255.0,-1.8324607329842892,3.82
HK.01177,中国生物制药,2025-05-13,3.74,3.75,3.81,3.74,19.104,0.00315,59118382,228105020.0,0.0,3.75
HK.01177,中国生物制药,2025-05-14,3.76,3.91,3.98,3.76,19.9,0.00616,115677459,461585038.0,4.266666666666671,3.75
HK.01177,中国生物制药,2025-05-15,3.89,3.81,3.929999999,3.78,19.402,0.00322,60381896,237238060.0,-2.55754475703325,3.91
HK.01177,中国生物制药,2025-05-16,3.81,3.96,4.049999999,3.79,20.149,0.0056,105168352,424860731.0,3.937007874015746,3.81
HK.01177,中国生物制药,2025-05-19,3.929999999,3.969999999,4.04,3.91,20.199,0.00461,86500447,351895202.0,0.252525227272731,3.96
HK.01177,中国生物制药,2025-05-20,4.02,4.089999999,4.19,4.02,20.796,0.00777,145862485,614100044.0,3.022670025950286,3.969999999
HK.01177,中国生物制药,2025-05-21,4.11,4.1,4.17,4.07,20.845,0.00501,94016992,395120975.0,0.2444988020157667,4.089999999
HK.01177,中国生物制药,2025-05-22,4.1,4.12,4.17,4.049999999,20.945,0.00391,73352518,308277905.0,0.4878048780487917,4.1
HK.01177,中国生物制药,2025-05-23,4.16,4.089999999,4.23,4.049999999,20.796,0.00852,159928126,674305868.0,-0.7281553640776779,4.12
HK.01177,中国生物制药,2025-05-26,4.11,3.969999999,4.12,3.94,20.199,0.00835,156665436,643340792.0,-2.9339853307906973,4.089999999
HK.01177,中国生物制药,2025-05-27,4.02,4.16,4.19,3.99,21.144,0.00443,83202095,351663105.0,4.7858942329435505,3.969999999
HK.01177,中国生物制药,2025-05-28,4.179999999,4.1,4.2,4.07,20.845,0.00498,93514461,393852737.0,-1.4423076923077045,4.16
HK.01177,中国生物制药,2025-05-29,4.1,4.33,4.37,4.06,21.99,0.00804,150874414,657708331.0,5.609756097560987,4.1
HK.01177,中国生物制药,2025-05-30,4.39,4.36,4.43,4.28,22.139,0.00884,165935973,738921896.0,0.692840646651276,4.33
HK.01177,中国生物制药,2025-06-02,4.32,4.31,4.35,4.2,21.89,0.00201,37668569,164286192.0,-1.1467889908257043,4.36
HK.01177,中国生物制药,2025-06-03,4.39,4.39,4.44,4.28,22.288,0.00843,158188924,704506354.0,1.856148491879352,4.31
HK.01177,中国生物制药,2025-06-04,4.44,4.53,4.75,4.42,22.985,0.01158,217221590,1017028095.0,3.189066059225526,4.39
HK.01177,中国生物制药,2025-06-05,4.59,4.44,4.61,4.38,22.537,0.00769,144212321,656214246.0,-1.9867549668874136,4.53
HK.01177,中国生物制药,2025-06-06,4.45,4.46,4.53,4.33,22.636,0.00908,170431626,770728075.0,0.4504504504504408,4.44
HK.01177,中国生物制药,2025-06-09,4.51,4.65,4.67,4.37,23.582,0.01142,214332093,1002004828.0,4.260089686098664,4.46
HK.01177,中国生物制药,2025-06-10,4.66,4.68,4.83,4.61,23.731,0.01058,198398246,951483200.0,0.6451612903225669,4.65
HK.01177,中国生物制药,2025-06-11,4.69,4.68,4.82,4.65,23.731,0.00576,108016608,518858056.0,0.0,4.68
HK.01177,中国生物制药,2025-06-12,4.91,5.6,5.64,4.86,28.308,0.02744,514830848,2815381441.0,19.65811965811966,4.68
HK.01177,中国生物制药,2025-06-13,5.69,5.44,5.69,5.23,27.512,0.02099,393835686,2162986659.0,-2.857142857142844,5.6
HK.01177,中国生物制药,2025-06-16,5.35,5.23,5.49,5.19,26.268,0.01108,207793713,1109040292.0,-3.8602941176470575,5.44
HK.01177,中国生物制药,2025-06-17,5.29,4.95,5.31,4.89,24.875,0.01203,225748633,1144660376.0,-5.3537284894837525,5.23
HK.01177,中国生物制药,2025-06-18,4.92,4.91,4.99,4.83,24.676,0.0083,155674509,770262345.0,-0.8080808080808087,4.95
HK.01177,中国生物制药,2025-06-19,4.94,4.8,5.0,4.74,24.129,0.00805,151102976,739087698.0,-2.2403258655804543,4.91
HK.01177,中国生物制药,2025-06-20,4.82,4.94,4.95,4.76,24.825,0.00577,108327890,536349443.0,2.9166666666666785,4.8
HK.01177,中国生物制药,2025-06-23,4.95,5.11,5.15,4.83,25.671,0.0087,163217814,828014563.0,3.441295546558703,4.94
HK.01177,中国生物制药,2025-06-24,5.2,5.18,5.27,5.12,26.019,0.00934,175299853,918839986.0,1.3698630136986183,5.11
HK.01177,中国生物制药,2025-06-25,5.25,5.19,5.26,5.08,26.069,0.00733,137575808,718592509.0,0.1930501930502061,5.18
HK.01177,中国生物制药,2025-06-26,5.14,5.12,5.14,5.02,25.721,0.0073,136960789,703035837.0,-1.3487475915221634,5.19
HK.01177,中国生物制药,2025-06-27,5.13,5.25,5.3,5.06,26.368,0.00817,153337909,808126216.0,2.539062499999998,5.12
HK.01177,中国生物制药,2025-06-30,5.33,5.21,5.33,5.14,26.169,0.00719,134874508,708493077.0,-0.7619047619047626,5.25
HK.01177,中国生物制药,2025-07-02,5.31,5.28,5.47,5.22,26.517,0.00954,179014344,963849663.0,1.3435700575815794,5.21
HK.01177,中国生物制药,2025-07-03,5.33,5.4,5.45,5.28,27.114,0.0097,181920730,989965531.0,2.2727272727272747,5.28
HK.01177,中国生物制药,2025-07-04,5.42,5.55,5.55,5.39,27.86,0.00632,118510167,657062425.0,2.7777777777777675,5.4
HK.01177,中国生物制药,2025-07-07,5.55,5.45,5.58,5.42,27.363,0.00501,94061647,521976588.0,-1.8018018018017956,5.55
HK.01177,中国生物制药,2025-07-08,5.45,5.32,5.5,5.26,26.716,0.00821,154076522,829614427.0,-2.3853211009174293,5.45
HK.01177,中国生物制药,2025-07-09,5.31,5.86,5.9,5.19,29.402,0.01591,298413723,1705536242.0,10.150375939849624,5.32
HK.01177,中国生物制药,2025-07-10,5.8,5.87,6.02,5.78,29.452,0.00945,177288112,1057692519.0,0.1706484641638188,5.86
HK.01177,中国生物制药,2025-07-11,5.93,5.88,6.01,5.77,29.502,0.00692,129786364,769196427.0,0.1703577512776795,5.87
HK.01177,中国生物制药,2025-07-14,5.88,6.02,6.12,5.76,30.199,0.00648,121574742,730324081.0,2.3809523809523756,5.88
HK.01177,中国生物制药,2025-07-15,6.09,6.32,6.37,6.04,31.691,0.01356,254445076,1600771204.0,4.983388704318949,6.02
HK.01177,中国生物制药,2025-07-16,6.67,6.39,6.67,6.32,32.039,0.01669,313068441,2029236705.0,1.1075949367088511,6.32
HK.01177,中国生物制药,2025-07-17,6.4,6.77,6.87,6.4,33.93,0.01718,322299259,2168280012.0,5.946791862284819,6.39
HK.01177,中国生物制药,2025-07-18,6.85,6.85,6.95,6.74,34.328,0.00901,169063836,1164088946.0,1.1816838995568697,6.77
HK.01177,中国生物制药,2025-07-21,6.85,6.83,6.91,6.59,34.228,0.00877,164454111,1121966218.0,-0.2919708029197018,6.85
HK.01177,中国生物制药,2025-07-22,6.83,6.85,7.12,6.76,34.328,0.01139,213691753,1492558463.0,0.2928257686676365,6.83
HK.01177,中国生物制药,2025-07-23,6.88,6.64,6.91,6.57,33.283,0.01319,247363271,1666195479.0,-3.065693430656934,6.85
HK.01177,中国生物制药,2025-07-24,6.63,6.66,6.74,6.47,33.383,0.00914,171471907,1140083976.0,0.3012048192771154,6.64
HK.01177,中国生物制药,2025-07-25,6.71,6.72,6.98,6.67,33.681,0.00859,161081016,1101968531.0,0.900900900900895,6.66
HK.01177,中国生物制药,2025-07-28,6.88,7.2,7.24,6.86,36.069,0.01229,230522973,1639643603.0,7.1428571428571495,6.72
HK.01177,中国生物制药,2025-07-29,7.2,7.5,7.52,7.14,37.562,0.01411,264678481,1961291231.0,4.166666666666664,7.2
HK.01177,中国生物制药,2025-07-30,7.4,7.47,7.8,7.25,37.412,0.01486,278833635,2110032098.0,-0.4000000000000033,7.5
HK.01177,中国生物制药,2025-07-31,7.62,7.47,7.8,7.41,37.412,0.01195,224134239,1714761350.0,0.0,7.47
HK.01177,中国生物制药,2025-08-01,7.42,7.27,7.67,7.18,36.417,0.00873,163874851,1212658420.0,-2.677376171352077,7.47
HK.01177,中国生物制药,2025-08-04,7.03,7.2,7.28,6.98,36.069,0.00646,121274301,875583375.0,-0.96286107290233,7.27
HK.01177,中国生物制药,2025-08-05,7.21,7.43,7.47,7.18,37.213,0.00941,176515840,1306330279.0,3.194444444444438,7.2
HK.01177,中国生物制药,2025-08-06,7.45,7.45,7.55,7.3,37.313,0.00639,119879433,894964767.0,0.2691790040376913,7.43
HK.01177,中国生物制药,2025-08-07,7.45,7.24,7.51,7.13,36.268,0.00917,172047484,1255574685.0,-2.8187919463087243,7.45
HK.01177,中国生物制药,2025-08-08,7.23,7.31,7.35,7.11,36.616,0.00833,156217670,1138956154.0,0.9668508287292734,7.24
HK.01177,中国生物制药,2025-08-11,7.31,7.38,7.42,6.94,36.965,0.00895,167959410,1215734549.0,0.9575923392612898,7.31
HK.01177,中国生物制药,2025-08-12,7.37,7.44,7.54,7.34,37.263,0.00585,109723600,820525043.0,0.8130081300813075,7.38
HK.01177,中国生物制药,2025-08-13,7.42,7.66,7.68,7.36,38.358,0.0079,148219612,1133733305.0,2.9569892473118244,7.44
HK.01177,中国生物制药,2025-08-14,7.65,7.57,7.71,7.48,37.91,0.00852,159822954,1220767226.0,-1.174934725848562,7.66
HK.01177,中国生物制药,2025-08-15,7.55,7.77,7.95,7.46,38.905,0.00908,170293625,1329897712.0,2.6420079260237683,7.57
HK.01177,中国生物制药,2025-08-18,7.87,7.86,8.0,7.69,39.353,0.00777,145795001,1150645510.0,1.158301158301168,7.77
HK.01177,中国生物制药,2025-08-19,7.83,7.34,7.86,7.23,36.766,0.01954,366513303,2743399221.0,-6.615776081424942,7.86
HK.01177,中国生物制药,2025-08-20,7.25,7.41,7.47,7.11,37.114,0.01142,214195410,1582449399.0,0.9536784741144452,7.34
HK.01177,中国生物制药,2025-08-21,7.45,7.67,7.74,7.45,38.407,0.00763,143055811,1098151010.0,3.5087719298245585,7.41
HK.01177,中国生物制药,2025-08-22,7.95,8.12,8.149999999,7.83,40.646,0.01145,214831335,1734483548.0,5.867014341590603,7.67
HK.01177,中国生物制药,2025-08-25,8.229999999,8.309999999,8.35,8.12,41.592,0.00776,145673375,1208691957.0,2.3399014655172565,8.12
HK.01177,中国生物制药,2025-08-26,8.34,8.25,8.41,8.12,41.293,0.00707,132601065,1098911649.0,-0.722021648703016,8.309999999
HK.01177,中国生物制药,2025-08-27,8.28,7.86,8.33,7.75,39.353,0.00986,184902570,1479660362.0,-4.727272727272724,8.25
HK.01177,中国生物制药,2025-08-28,7.93,7.69,7.95,7.49,38.507,0.00769,144347802,1116005569.0,-2.1628498727735357,7.86
HK.01177,中国生物制药,2025-08-29,7.71,8.11,8.28,7.7,40.348,0.0081,151952003,1225174658.0,5.461638491547451,7.69
HK.01177,中国生物制药,2025-09-01,8.2,8.61,8.63,8.05,42.835,0.00937,175723712,1484523764.0,6.165228113440198,8.11
HK.01177,中国生物制药,2025-09-02,8.55,8.49,8.67,8.34,42.238,0.00491,92135059,783869314.0,-1.393728222996507,8.61
HK.01177,中国生物制药,2025-09-03,8.68,8.63,8.85,8.52,42.935,0.00609,114324453,993116238.0,1.648998822143705,8.49
HK.01177,中国生物制药,2025-09-04,8.76,8.39,8.79,8.31,41.741,0.0054,101327365,856642424.0,-2.7809965237543475,8.63
HK.01177,中国生物制药,2025-09-05,8.5,8.91,8.99,8.41,44.328,0.00865,162294009,1432579593.0,6.19785458879618,8.39
HK.01177,中国生物制药,2025-09-08,8.96,9.01,9.12,8.83,44.825,0.00644,120872145,1084213656.0,1.122334455667785,8.91
HK.01177,中国生物制药,2025-09-09,9.0,8.9,9.05,8.79,44.278,0.00468,87889616,782280482.0,-1.220865704772469,9.01
HK.01177,中国生物制药,2025-09-10,9.01,8.79,9.12,8.72,43.731,0.00546,102512213,904063047.0,-1.2359550561797887,8.9
HK.01177,中国生物制药,2025-09-11,8.2,8.44,8.7,7.51,41.99,0.02345,439871843,3583922329.0,-3.9817974971558554,8.79
HK.01177,中国生物制药,2025-09-12,8.64,8.63,8.76,8.51,42.935,0.00785,147229730,1269473709.0,2.251184834123238,8.44
HK.01177,中国生物制药,2025-09-15,8.58,8.72,8.86,8.47,43.383,0.00669,125437494,1092820061.0,1.0428736964078775,8.63
HK.01177,中国生物制药,2025-09-16,8.75,8.51,8.81,8.42,42.338,0.00601,112760170,959992833.0,-2.4082568807339544,8.72
HK.01177,中国生物制药,2025-09-17,8.51,8.27,8.52,7.97,41.144,0.01427,267740312,2187522188.0,-2.820211515863692,8.51
HK.01177,中国生物制药,2025-09-18,8.25,8.39,8.45,8.1,41.741,0.00785,147326739,1217206137.0,1.4510278113663966,8.27
HK.01177,中国生物制药,2025-09-19,8.39,8.46,8.49,8.28,42.089,0.00672,126140983,1059977867.0,0.8343265792610284,8.39
HK.01177,中国生物制药,2025-09-22,8.5,8.52,8.65,8.36,42.388,0.0055,103120199,876272229.0,0.7092198581560132,8.46
HK.01177,中国生物制药,2025-09-23,8.52,8.14,8.56,8.05,40.497,0.00639,119915770,977865820.0,-4.4600938967136035,8.52
HK.01177,中国生物制药,2025-09-24,8.13,8.0,8.22,7.96,39.8,0.00689,129336299,1039100712.0,-1.7199017199017268,8.14
HK.01177,中国生物制药,2025-09-25,8.07,8.01,8.09,7.91,39.85,0.00452,84886005,679637098.0,0.1249999999999973,8.0
HK.01177,中国生物制药,2025-09-26,7.9,7.95,8.05,7.76,39.552,0.00548,102720292,815578092.0,-0.7490636704119802,8.01
HK.01177,中国生物制药,2025-09-29,8.03,8.06,8.08,7.84,40.099,0.00447,83802303,671499615.0,1.3836477987421425,7.95
HK.01177,中国生物制药,2025-09-30,8.1,8.14,8.19,8.02,40.497,0.00387,72645010,590295995.0,0.9925558312655096,8.06
HK.01177,中国生物制药,2025-10-02,8.18,8.35,8.44,8.16,41.542,0.00347,65018342,543852672.0,2.5798525798525684,8.14
HK.01177,中国生物制药,2025-10-03,8.35,8.39,8.4,8.25,41.741,0.00152,28520404,238180671.0,0.4790419161676758,8.35
HK.01177,中国生物制药,2025-10-06,8.39,8.3,8.39,8.23,41.293,0.00085,15946586,132068790.0,-1.0727056019070305,8.39
HK.01177,中国生物制药,2025-10-08,8.3,8.54,8.54,8.22,42.487,0.00241,45156950,381228140.0,2.891566265060222,8.3
HK.01177,中国生物制药,2025-10-09,8.44,7.9,8.48,7.81,39.303,0.00902,169306890,1348791618.0,-7.494145199063218,8.54
HK.01177,中国生物制药,2025-10-10,7.87,7.8,8.08,7.77,38.805,0.00626,117476078,926523207.0,-1.265822784810133,7.9
HK.01177,中国生物制药,2025-10-13,7.5,7.8,7.9,7.5,38.805,0.00877,164507728,1270153224.0,0.0,7.8
HK.01177,中国生物制药,2025-10-14,7.91,7.38,7.98,7.28,36.716,0.00732,137357635,1025091286.0,-5.384615384615383,7.8
HK.01177,中国生物制药,2025-10-15,7.46,7.51,7.57,7.23,37.363,0.00627,117594991,875194375.0,1.7615176151761502,7.38
HK.01177,中国生物制药,2025-10-16,7.51,7.66,7.79,7.5,38.109,0.00446,83661164,640478272.0,1.9973368841544656,7.51
HK.01177,中国生物制药,2025-10-17,7.71,7.28,7.77,7.21,36.218,0.00688,129051624,954030802.0,-4.96083550913838,7.66
HK.01177,中国生物制药,2025-10-20,7.46,7.43,7.48,7.3,36.965,0.00357,66908015,495386367.0,2.060439560439553,7.28
HK.01177,中国生物制药,2025-10-21,7.43,7.4,7.56,7.37,36.815,0.00372,69711494,519655819.0,-0.403768506056519,7.43
HK.01177,中国生物制药,2025-10-22,7.49,7.2,7.49,7.05,35.82,0.00871,163481617,1176269741.0,-2.702702702702705,7.4
HK.01177,中国生物制药,2025-10-23,7.11,7.0,7.13,6.84,34.825,0.00922,172943979,1202409270.0,-2.77777777777778,7.2
HK.01177,中国生物制药,2025-10-24,7.0,6.96,7.08,6.92,34.626,0.00457,85804022,598508295.0,-0.571428571428572,7.0
HK.01177,中国生物制药,2025-10-27,7.04,7.09,7.18,7.01,35.273,0.00411,77196796,547267002.0,1.8678160919540217,6.96
HK.01177,中国生物制药,2025-10-28,7.07,7.04,7.14,6.96,35.024,0.00339,63604277,447412122.0,-0.7052186177715067,7.09
HK.01177,中国生物制药,2025-10-30,7.05,6.87,7.05,6.74,34.179,0.00754,141544537,969535891.0,-2.414772727272726,7.04
HK.01177,中国生物制药,2025-10-31,6.87,7.07,7.16,6.83,35.174,0.00713,133768041,944242568.0,2.911208151382826,6.87
HK.01177,中国生物制药,2025-11-03,7.1,7.12,7.25,6.96,35.422,0.00672,126099605,899121800.0,0.7072135785007047,7.07
HK.01177,中国生物制药,2025-11-04,7.07,6.97,7.15,6.93,34.676,0.00472,88553268,620664227.0,-2.1067415730337125,7.12
HK.01177,中国生物制药,2025-11-05,6.93,6.99,7.13,6.88,34.776,0.00477,89415576,624211476.0,0.286944045911054,6.97
HK.01177,中国生物制药,2025-11-06,7.04,7.01,7.07,6.88,34.875,0.00291,54618150,379236707.0,0.2861230329041426,6.99
HK.01177,中国生物制药,2025-11-07,6.96,6.84,7.01,6.81,34.029,0.00329,61667496,423488341.0,-2.4251069900142643,7.01
HK.01177,中国生物制药,2025-11-10,6.83,6.96,6.97,6.77,34.626,0.00417,78207828,538840952.0,1.7543859649122824,6.84
HK.01177,中国生物制药,2025-11-11,6.99,6.87,6.99,6.78,34.179,0.00296,55498469,380702754.0,-1.29310344827586,6.96
HK.01177,中国生物制药,2025-11-12,6.87,6.92,7.02,6.83,34.427,0.00346,64926235,451021338.0,0.7278020378457034,6.87
HK.01177,中国生物制药,2025-11-13,7.0,7.37,7.43,6.97,36.666,0.00854,160301237,1170678544.0,6.502890173410407,6.92
HK.01177,中国生物制药,2025-11-14,7.27,7.34,7.48,7.24,36.517,0.0049,91862339,677769659.0,-0.4070556309362313,7.37
HK.01177,中国生物制药,2025-11-17,7.43,7.12,7.43,7.05,35.422,0.00366,68652000,491231319.0,-2.9972752043596698,7.34
HK.01177,中国生物制药,2025-11-18,7.1,6.98,7.16,6.94,34.726,0.0023,43169811,303257616.0,-1.966292134831456,7.12
HK.01177,中国生物制药,2025-11-19,7.01,6.96,7.02,6.86,34.626,0.00261,48967553,339510721.0,-0.2865329512894048,6.98
HK.01177,中国生物制药,2025-11-20,6.96,7.03,7.04,6.89,34.975,0.00212,39703244,277032117.0,1.0057471264367857,6.96
HK.01177,中国生物制药,2025-11-21,6.93,6.8,6.93,6.69,33.83,0.00391,73263765,497559239.0,-3.2716927453769618,7.03
HK.01177,中国生物制药,2025-11-24,6.87,6.86,6.93,6.73,34.129,0.00414,77593370,531727661.0,0.8823529411764779,6.8
HK.01177,中国生物制药,2025-11-25,6.92,6.96,7.15,6.9,34.626,0.00292,54796739,384770623.0,1.457725947521861,6.86
HK.01177,中国生物制药,2025-11-26,7.03,7.09,7.3,7.0,35.273,0.00297,55637148,398137641.0,1.8678160919540217,6.96
HK.01177,中国生物制药,2025-11-27,7.11,7.1,7.17,7.02,35.323,0.00261,48995960,347404430.0,0.1410437235542988,7.09
HK.01177,中国生物制药,2025-11-28,7.11,7.05,7.13,6.99,35.074,0.00252,47348276,333668198.0,-0.7042253521126736,7.1
HK.01177,中国生物制药,2025-12-01,7.08,6.92,7.1,6.82,34.427,0.00388,72814128,502941692.0,-1.843971631205672,7.05
HK.01177,中国生物制药,2025-12-02,6.93,6.91,6.94,6.85,34.378,0.00169,31737053,218879584.0,-0.1445086705202281,6.92
HK.01177,中国生物制药,2025-12-03,6.91,6.75,6.94,6.72,33.582,0.00256,47977907,325131200.0,-2.3154848046309717,6.91
HK.01177,中国生物制药,2025-12-04,6.78,6.88,6.88,6.71,34.228,0.00191,35819894,243835977.0,1.9259259259259245,6.75
HK.01177,中国生物制药,2025-12-05,6.88,6.84,6.88,6.68,34.029,0.00261,48888158,332783319.0,-0.5813953488372098,6.88
HK.01177,中国生物制药,2025-12-08,6.88,6.78,6.9,6.69,33.731,0.00369,69239602,469719022.0,-0.8771929824561345,6.84
HK.01177,中国生物制药,2025-12-09,6.75,6.87,6.94,6.75,34.179,0.00437,81930843,560924194.0,1.327433628318582,6.78
HK.01177,中国生物制药,2025-12-10,6.87,6.77,6.88,6.68,33.681,0.00266,49902210,336612809.0,-1.4556040756914197,6.87
HK.01177,中国生物制药,2025-12-11,6.77,6.73,6.86,6.66,33.482,0.00293,55025457,370720583.0,-0.5908419497784217,6.77
HK.01177,中国生物制药,2025-12-12,6.82,6.8,6.9,6.71,33.83,0.00302,56586483,383371906.0,1.0401188707280742,6.73
HK.01177,中国生物制药,2025-12-15,6.8,6.5,6.8,6.49,32.338,0.00503,94303803,619452797.0,-4.411764705882351,6.8
HK.01177,中国生物制药,2025-12-16,6.51,6.46,6.56,6.34,32.139,0.00301,56418377,362233349.0,-0.6153846153846159,6.5
HK.01177,中国生物制药,2025-12-17,6.47,6.44,6.48,6.34,32.039,0.00278,52076320,333569596.0,-0.3095975232198076,6.46
HK.01177,中国生物制药,2025-12-18,6.44,6.49,6.54,6.33,32.288,0.00302,56717803,365930131.0,0.7763975155279476,6.44
HK.01177,中国生物制药,2025-12-19,6.43,6.57,6.69,6.43,32.686,0.00285,53505336,351879459.0,1.2326656394453015,6.49
HK.01177,中国生物制药,2025-12-22,6.6,6.54,6.62,6.45,32.537,0.00179,33502637,217952796.0,-0.4566210045662138,6.57
HK.01177,中国生物制药,2025-12-23,6.56,6.45,6.6,6.42,32.089,0.0019,35560940,230467227.0,-1.3761467889908234,6.54
HK.01177,中国生物制药,2025-12-24,6.45,6.42,6.48,6.32,31.94,0.00183,34301463,219378213.0,-0.4651162790697712,6.45
HK.01177,中国生物制药,2025-12-29,6.44,6.29,6.46,6.26,31.293,0.00448,84036490,531109697.0,-2.024922118380061,6.42
HK.01177,中国生物制药,2025-12-30,6.29,6.28,6.29,6.17,31.243,0.00301,56444411,351804294.0,-0.158982511923685,6.29
HK.01177,中国生物制药,2025-12-31,6.29,6.18,6.29,6.13,30.746,0.00185,34734685,214883729.0,-1.5923566878980977,6.28
HK.01177,中国生物制药,2026-01-02,6.24,6.36,6.4,6.21,31.641,0.00228,42863258,272100190.0,2.912621359223311,6.18
HK.01177,中国生物制药,2026-01-05,6.32,6.51,6.59,6.18,32.388,0.00538,100979130,654869449.0,2.3584905660377276,6.36
HK.01177,中国生物制药,2026-01-06,6.58,6.58,6.68,6.52,32.736,0.00434,81447361,536767137.0,1.0752688172043054,6.51
HK.01177,中国生物制药,2026-01-07,6.58,6.83,6.85,6.57,33.98,0.00636,119309495,801784433.0,3.7993920972644375,6.58
HK.01177,中国生物制药,2026-01-08,6.9,6.78,6.9,6.72,33.731,0.00302,56568223,384188578.0,-0.7320644216691043,6.83
HK.01177,中国生物制药,2026-01-09,6.78,6.83,6.88,6.71,33.98,0.00496,93024440,633972476.0,0.7374631268436552,6.78
HK.01177,中国生物制药,2026-01-12,6.87,6.85,6.93,6.7,34.079,0.00402,75463757,514967715.0,0.2928257686676365,6.83
HK.01177,中国生物制药,2026-01-13,6.91,6.91,7.17,6.81,34.378,0.00695,130333080,910740377.0,0.8759124087591315,6.85
HK.01177,中国生物制药,2026-01-14,7.14,7.11,7.29,7.04,35.373,0.00807,151467461,1083076723.0,2.8943560057887145,6.91
HK.01177,中国生物制药,2026-01-15,7.19,7.0,7.19,6.97,34.825,0.00247,46298143,325566419.0,-1.547116736990159,7.11
HK.01177,中国生物制药,2026-01-16,7.12,6.95,7.12,6.88,34.577,0.00254,47677369,331335399.0,-0.7142857142857117,7.0
HK.01177,中国生物制药,2026-01-19,6.95,6.52,6.95,6.5,32.437,0.00464,87072766,575867218.0,-6.187050359712239,6.95
HK.01177,中国生物制药,2026-01-20,6.52,6.5,6.64,6.43,32.338,0.00294,55241763,359648583.0,-0.3067484662576622,6.52
HK.01177,中国生物制药,2026-01-21,6.51,6.57,6.64,6.43,32.686,0.00263,49422768,323591386.0,1.076923076923081,6.5
HK.01177,中国生物制药,2026-01-22,6.6,6.5,6.65,6.47,32.338,0.00246,46184832,300596822.0,-1.0654490106544945,6.57
HK.01177,中国生物制药,2026-01-23,6.57,6.63,6.64,6.47,32.985,0.0031,58249547,382804233.0,1.9999999999999984,6.5
HK.01177,中国生物制药,2026-01-26,6.65,6.52,6.65,6.45,32.437,0.00244,45715880,297280791.0,-1.659125188536958,6.63
HK.01177,中国生物制药,2026-01-27,6.5,6.67,6.67,6.46,33.184,0.00287,53937001,356048772.0,2.3006134969325207,6.52
HK.01177,中国生物制药,2026-01-28,6.7,6.83,6.96,6.67,33.98,0.0048,89973921,612616147.0,2.398800599700152,6.67
HK.01177,中国生物制药,2026-01-29,6.73,6.87,6.99,6.73,34.179,0.0034,63729290,438651291.0,0.5856515373352861,6.83
HK.01177,中国生物制药,2026-01-30,6.87,6.64,6.89,6.61,33.034,0.00453,85002323,568927401.0,-3.3478893740902538,6.87
HK.01177,中国生物制药,2026-02-02,6.64,6.29,6.64,6.28,31.293,0.00439,82332252,523570470.0,-5.271084337349392,6.64
HK.01177,中国生物制药,2026-02-03,6.35,6.34,6.39,6.15,31.542,0.00558,104734993,658335837.0,0.7949125596184391,6.29
HK.01177,中国生物制药,2026-02-04,6.36,6.39,6.46,6.18,31.791,0.00211,39600518,249927349.0,0.7886435331230256,6.34
HK.01177,中国生物制药,2026-02-05,6.28,6.43,6.44,6.23,31.99,0.00317,59431308,377657816.0,0.6259780907668238,6.39
HK.01177,中国生物制药,2026-02-06,6.29,6.48,6.5,6.26,32.238,0.00303,56932493,364902308.0,0.7776049766718618,6.43
HK.01177,中国生物制药,2026-02-09,6.52,6.6,6.72,6.52,32.835,0.00276,51702879,343169515.0,1.8518518518518396,6.48
HK.01177,中国生物制药,2026-02-10,6.6,6.79,6.97,6.6,33.781,0.00426,79870307,544955289.0,2.8787878787878847,6.6
HK.01177,中国生物制药,2026-02-11,6.86,6.83,6.88,6.77,33.98,0.0018,33724696,230150373.0,0.5891016200294555,6.79
HK.01177,中国生物制药,2026-02-12,6.83,6.58,6.87,6.56,32.736,0.00172,32177648,213539969.0,-3.6603221083455346,6.83
HK.01177,中国生物制药,2026-02-13,6.58,6.52,6.58,6.43,32.437,0.00128,24031588,155986722.0,-0.9118541033434726,6.58
HK.01177,中国生物制药,2026-02-16,6.53,6.53,6.55,6.42,32.487,0.00042,7832025,50773031.0,0.1533742331288447,6.52
HK.01177,中国生物制药,2026-02-20,6.53,6.65,6.7,6.52,33.084,0.00112,20997645,139350566.0,1.8376722817764184,6.53
HK.01177,中国生物制药,2026-02-23,6.66,6.84,6.87,6.66,34.029,0.00165,30877386,210556792.0,2.857142857142849,6.65
HK.01177,中国生物制药,2026-02-24,6.81,6.39,6.81,6.39,31.791,0.00487,91282865,591597123.0,-6.578947368421055,6.84
HK.01177,中国生物制药,2026-02-25,6.43,6.39,6.48,6.37,31.791,0.00247,46354406,296869266.0,0.0,6.39
HK.01177,中国生物制药,2026-02-26,6.41,6.15,6.43,6.14,30.597,0.00389,72972545,456338346.0,-3.755868544600929,6.39
HK.01177,中国生物制药,2026-02-27,6.15,6.05,6.15,5.93,30.099,0.00727,136335556,821422174.0,-1.62601626016261,6.15
HK.01177,中国生物制药,2026-03-02,5.97,5.88,6.02,5.83,29.253,0.00368,69012771,406490906.0,-2.8099173553718995,6.05
HK.01177,中国生物制药,2026-03-03,5.88,5.71,5.89,5.68,28.407,0.00453,84931748,487753903.0,-2.891156462585033,5.88
HK.01177,中国生物制药,2026-03-04,5.67,5.71,5.84,5.58,28.407,0.0048,89976955,512264430.0,0.0,5.71
HK.01177,中国生物制药,2026-03-05,5.88,5.91,6.13,5.87,29.402,0.00558,104737720,625847888.0,3.5026269702276736,5.71
HK.01177,中国生物制药,2026-03-06,5.92,6.13,6.16,5.91,30.497,0.00403,75588178,460993318.0,3.722504230118439,5.91
HK.01177,中国生物制药,2026-03-09,5.9,6.17,6.18,5.82,30.696,0.00604,113330307,683944504.0,0.652528548123981,6.13
HK.01177,中国生物制药,2026-03-10,6.18,6.18,6.31,6.13,30.746,0.0041,76840263,475681319.0,0.1620745542949722,6.17
HK.01177,中国生物制药,2026-03-11,6.22,6.1,6.3,6.07,30.348,0.00158,29668153,182023407.0,-1.294498381877024,6.18
HK.01177,中国生物制药,2026-03-12,6.11,6.03,6.16,5.93,30.0,0.00271,50876125,306259887.0,-1.1475409836065475,6.1
HK.01177,中国生物制药,2026-03-13,6.03,5.95,6.05,5.93,29.601,0.00178,33434046,200121811.0,-1.3266998341625218,6.03
HK.01177,中国生物制药,2026-03-16,5.96,6.09,6.1,5.88,30.298,0.00243,45579161,274864252.0,2.3529411764705825,5.95
HK.01177,中国生物制药,2026-03-17,6.09,6.05,6.3,6.04,30.099,0.00287,53816660,331091668.0,-0.6568144499178987,6.09
HK.01177,中国生物制药,2026-03-18,6.1,6.25,6.28,6.04,31.094,0.00286,53744661,332637140.0,3.305785123966945,6.05
HK.01177,中国生物制药,2026-03-19,6.13,6.06,6.16,6.0,30.149,0.00262,49233693,298788576.0,-3.0400000000000063,6.25
HK.01177,中国生物制药,2026-03-20,6.05,5.98,6.18,5.95,29.751,0.0024,44988301,271600122.0,-1.3201320132013068,6.06
HK.01177,中国生物制药,2026-03-23,5.87,5.72,5.87,5.62,28.457,0.00462,86641833,495075569.0,-4.347826086956533,5.98
HK.01177,中国生物制药,2026-03-24,5.78,5.9,5.93,5.78,29.353,0.00274,51426732,301045189.0,3.1468531468531578,5.72
HK.01177,中国生物制药,2026-03-25,5.91,5.93,6.04,5.86,29.502,0.00163,30583219,181553741.0,0.5084745762711755,5.9
HK.01177,中国生物制药,2026-03-26,5.93,5.82,5.99,5.79,42.173,0.002,37588731,220211125.0,-1.8549747048903784,5.93
HK.01177,中国生物制药,2026-03-27,5.82,5.89,5.92,5.42,42.681,0.00675,126583397,724441493.0,1.2027491408934603,5.82
HK.01177,中国生物制药,2026-03-30,5.79,5.85,5.89,5.66,42.391,0.00687,128915659,744371828.0,-0.6791171477079803,5.89
HK.01177,中国生物制药,2026-03-31,5.85,5.89,5.97,5.68,42.681,0.0059,110668887,645949149.0,0.6837606837606843,5.85
HK.01177,中国生物制药,2026-04-01,6.04,6.36,6.45,6.0,46.086,0.00926,173673242,1089406228.0,7.979626485568772,5.89
HK.01177,中国生物制药,2026-04-02,6.34,6.33,6.44,6.19,45.869,0.00565,106074218,668610229.0,-0.47169811320755106,6.36
