code,name,time_key,open,close,high,low,pe_ratio,turnover_rate,volume,turnover,change_rate,last_close
HK.00883,中国海洋石油,2019-06-03,4.84,4.78,4.98,4.72,9.457,0.00086,38278691,487189619.0,-1.2396694214875952,4.84
HK.00883,中国海洋石油,2019-06-04,4.84,4.82,4.94,4.74,9.486,0.00086,38184654,487433560.0,0.836820083682009,4.78
HK.00883,中国海洋石油,2019-06-05,5.12,4.84,5.18,4.78,9.204,0.00077,34436909,429988933.0,0.4149377593360907,4.82
HK.00883,中国海洋石油,2019-06-06,4.72,4.62,4.8,4.38,9.04,0.00115,51161927,619427334.0,-4.5454545454545405,4.84
HK.00883,中国海洋石油,2019-06-10,4.82,5.22,5.34,4.74,9.486,0.00131,58444842,742670066.0,12.98701298701298,4.62
HK.00883,中国海洋石油,2019-06-11,5.32,5.14,5.32,5.1,9.427,0.00084,37612882,478662372.0,-1.5325670498084305,5.22
HK.00883,中国海洋石油,2019-06-12,5.12,4.9,5.18,4.8,9.249,0.00098,43954115,546886314.0,-4.669260700389092,5.14
HK.00883,中国海洋石油,2019-06-13,4.82,4.78,4.86,4.54,9.159,0.0012,53627785,657184624.0,-2.4489795918367365,4.9
HK.00883,中国海洋石油,2019-06-14,4.88,4.8,4.9,4.7,9.174,0.00122,54345410,671279996.0,0.4184100418409952,4.78
HK.00883,中国海洋石油,2019-06-17,4.96,4.98,5.14,4.9,9.308,0.00105,46876107,589442549.0,3.750000000000013,4.8
HK.00883,中国海洋石油,2019-06-18,4.94,4.98,5.08,4.84,9.308,0.00067,29703843,372339266.0,0.0,4.98
HK.00883,中国海洋石油,2019-06-19,5.54,5.48,5.56,5.24,9.68,0.00133,59460621,769385252.0,10.04016064257028,4.98
HK.00883,中国海洋石油,2019-06-20,5.5,5.6,5.66,5.34,9.769,0.00118,52639016,687446869.0,2.1897810218977956,5.48
HK.00883,中国海洋石油,2019-06-21,5.82,5.94,5.94,5.74,10.022,0.00166,74309197,997059899.0,6.071428571428585,5.6
HK.00883,中国海洋石油,2019-06-24,5.88,5.92,5.94,5.76,10.007,0.0008,35585882,477804437.0,-0.3367003367003444,5.94
HK.00883,中国海洋石油,2019-06-25,5.88,5.72,5.9,5.64,9.858,0.00096,42665405,566418800.0,-3.378378378378381,5.92
HK.00883,中国海洋石油,2019-06-26,5.66,5.74,5.74,5.52,9.873,0.0007,31155368,411680119.0,0.3496503496503577,5.72
HK.00883,中国海洋石油,2019-06-27,5.8,5.92,5.94,5.78,10.007,0.00065,29219591,391862182.0,3.1358885017421554,5.74
HK.00883,中国海洋石油,2019-06-28,5.82,5.82,5.9,5.66,9.933,0.00094,42133780,560997091.0,-1.689189189189183,5.92
HK.00883,中国海洋石油,2019-07-02,5.96,6.08,6.18,5.9,10.126,0.00107,47744674,649295239.0,4.46735395189003,5.82
HK.00883,中国海洋石油,2019-07-03,5.96,5.9,6.08,5.78,9.992,0.00112,49949959,669902496.0,-2.960526315789469,6.08
HK.00883,中国海洋石油,2019-07-04,5.88,5.8,5.96,5.72,9.918,0.00053,23540966,314670686.0,-1.6949152542372972,5.9
HK.00883,中国海洋石油,2019-07-05,5.7,5.8,5.86,5.7,9.918,0.00031,13789711,183957717.0,0.0,5.8
HK.00883,中国海洋石油,2019-07-08,5.66,5.52,5.74,5.4,9.71,0.00092,41202649,537976140.0,-4.827586206896556,5.8
HK.00883,中国海洋石油,2019-07-09,5.6,5.42,5.64,5.4,9.635,0.00055,24518698,319185187.0,-1.8115942028985448,5.52
HK.00883,中国海洋石油,2019-07-10,5.42,5.6,5.7,5.42,9.769,0.00064,28708769,377178267.0,3.321033210332098,5.42
HK.00883,中国海洋石油,2019-07-11,5.72,5.92,6.04,5.72,10.007,0.00069,30968740,417157833.0,5.71428571428572,5.6
HK.00883,中国海洋石油,2019-07-12,5.78,5.92,5.96,5.78,10.007,0.00054,24213800,325238176.0,0.0,5.92
HK.00883,中国海洋石油,2019-07-15,5.72,5.98,6.0,5.56,10.052,0.00077,34468145,461999445.0,1.0135135135135218,5.92
HK.00883,中国海洋石油,2019-07-16,5.94,5.88,5.96,5.7,9.977,0.00066,29537714,395086672.0,-1.6722408026755942,5.98
HK.00883,中国海洋石油,2019-07-17,5.6,5.64,5.68,5.54,9.799,0.00089,39757625,522830626.0,-4.081632653061228,5.88
HK.00883,中国海洋石油,2019-07-18,5.58,5.34,5.58,5.26,9.576,0.0015,67058034,864394254.0,-5.31914893617021,5.64
HK.00883,中国海洋石油,2019-07-19,5.44,5.58,5.66,5.38,9.754,0.00091,40715629,534200164.0,4.494382022471914,5.34
HK.00883,中国海洋石油,2019-07-22,5.66,5.58,5.7,5.46,9.754,0.00096,42767319,561413381.0,0.0,5.58
HK.00883,中国海洋石油,2019-07-23,5.66,5.72,5.74,5.54,9.858,0.00057,25433677,335774897.0,2.508960573476697,5.58
HK.00883,中国海洋石油,2019-07-24,5.76,5.6,5.76,5.56,9.769,0.00051,22864246,301100328.0,-2.0979020979020997,5.72
HK.00883,中国海洋石油,2019-07-25,5.68,5.72,5.72,5.56,9.858,0.00041,18223042,240808937.0,2.142857142857145,5.6
HK.00883,中国海洋石油,2019-07-26,5.5,5.62,5.66,5.44,9.784,0.00078,34713536,454356646.0,-1.748251748251742,5.72
HK.00883,中国海洋石油,2019-07-29,5.38,5.5,5.6,5.38,9.695,0.0005,22197424,289009586.0,-2.1352313167259807,5.62
HK.00883,中国海洋石油,2019-07-30,5.46,5.58,5.62,5.46,9.754,0.00055,24747860,323905291.0,1.4545454545454557,5.5
HK.00883,中国海洋石油,2019-07-31,5.36,5.4,5.54,5.28,9.62,0.00083,37218899,481118265.0,-3.225806451612898,5.58
HK.00883,中国海洋石油,2019-08-01,5.56,5.28,5.56,5.12,9.531,0.00133,59307340,760304033.0,-2.222222222222224,5.4
HK.00883,中国海洋石油,2019-08-02,4.76,4.82,4.94,4.72,9.189,0.00135,60358277,744316022.0,-8.712121212121211,5.28
HK.00883,中国海洋石油,2019-08-05,4.46,4.44,4.56,4.32,8.907,0.00109,48513513,581315132.0,-7.883817427385889,4.82
HK.00883,中国海洋石油,2019-08-06,4.04,4.52,4.58,4.0,8.966,0.00165,73702793,879575765.0,1.8018018018017832,4.44
HK.00883,中国海洋石油,2019-08-07,4.34,4.4,4.46,4.22,8.877,0.00111,49521451,588415396.0,-2.654867256637151,4.52
HK.00883,中国海洋石油,2019-08-08,4.34,4.36,4.52,4.26,8.847,0.00113,50393161,600007375.0,-0.9090909090909096,4.4
HK.00883,中国海洋石油,2019-08-09,4.32,4.24,4.44,4.22,8.758,0.00082,36544710,432183550.0,-2.7522935779816535,4.36
HK.00883,中国海洋石油,2019-08-12,4.16,4.16,4.38,4.12,8.698,0.00066,29572853,347672694.0,-1.8867924528301905,4.24
HK.00883,中国海洋石油,2019-08-13,4.06,3.92,4.16,3.86,8.52,0.0011,49202663,564819971.0,-5.7692307692307745,4.16
HK.00883,中国海洋石油,2019-08-14,4.46,3.94,4.46,3.82,8.535,0.00101,45277850,522831720.0,0.5102040816326535,3.92
HK.00883,中国海洋石油,2019-08-15,3.76,3.8,3.88,3.7,8.431,0.00121,53987841,611310034.0,-3.55329949238579,3.94
HK.00883,中国海洋石油,2019-08-16,3.86,3.84,3.9,3.62,8.46,0.00132,59107416,668691013.0,1.0526315789473697,3.8
HK.00883,中国海洋石油,2019-08-19,3.82,3.92,4.02,3.82,8.52,0.001,44447898,509923276.0,2.0833333333333353,3.84
HK.00883,中国海洋石油,2019-08-20,3.9,4.08,4.16,3.84,8.639,0.00106,47362527,548201431.0,4.081632653061228,3.92
HK.00883,中国海洋石油,2019-08-21,4.16,4.06,4.16,3.98,8.624,0.00072,32066421,372019957.0,-0.4901960784313838,4.08
HK.00883,中国海洋石油,2019-08-22,4.04,3.96,4.12,3.88,8.55,0.00123,54980661,632432319.0,-2.4630541871921094,4.06
HK.00883,中国海洋石油,2019-08-23,3.84,3.92,4.06,3.78,8.52,0.00085,37941363,434743855.0,-1.010101010101011,3.96
HK.00883,中国海洋石油,2019-08-26,3.46,3.4,3.52,3.2,8.133,0.00192,85878068,934669669.0,-13.26530612244898,3.92
HK.00883,中国海洋石油,2019-08-27,3.44,3.4,3.54,3.3,8.133,0.00161,71665077,783632657.0,0.0,3.4
HK.00883,中国海洋石油,2019-08-28,3.48,3.5,3.64,3.46,8.208,0.00089,39725938,439658684.0,2.941176470588238,3.4
HK.00883,中国海洋石油,2019-08-29,3.66,3.56,3.66,3.42,8.252,0.00137,61335567,680106979.0,1.7142857142857155,3.5
HK.00883,中国海洋石油,2019-08-30,4.02,4.16,4.4,3.98,8.698,0.00296,132339575,1549019427.0,16.853932584269664,3.56
HK.00883,中国海洋石油,2019-09-02,4.0,4.02,4.1,3.78,8.594,0.00173,77273268,889279086.0,-3.365384615384629,4.16
HK.00883,中国海洋石油,2019-09-03,3.96,3.9,3.98,3.78,8.505,0.00076,33710058,385247126.0,-2.9850746268656634,4.02
HK.00883,中国海洋石油,2019-09-04,4.12,4.2,4.24,3.92,8.728,0.00142,63600180,740317007.0,7.6923076923077,3.9
HK.00883,中国海洋石油,2019-09-05,4.26,4.3,4.38,4.16,8.802,0.00141,63008743,743917198.0,2.3809523809523725,4.2
HK.00883,中国海洋石油,2019-09-06,4.46,4.46,4.5,4.32,8.921,0.00138,61405168,735318011.0,3.720930232558143,4.3
HK.00883,中国海洋石油,2019-09-09,4.54,4.48,4.66,4.4,8.936,0.00073,32386850,390236929.0,0.448430493273553,4.46
HK.00883,中国海洋石油,2019-09-10,4.52,4.62,4.78,4.52,9.04,0.00127,56890730,694079920.0,3.124999999999993,4.48
HK.00883,中国海洋石油,2019-09-11,4.74,4.74,4.88,4.54,9.13,0.00161,72034716,882151847.0,2.5974025974025996,4.62
HK.00883,中国海洋石油,2019-09-12,4.75,4.69,4.81,4.53,8.847,0.00122,54540378,647771051.0,-1.0548523206751017,4.74
HK.00883,中国海洋石油,2019-09-13,4.69,4.69,4.75,4.53,8.847,0.00089,39612423,469291293.0,0.0,4.69
HK.00883,中国海洋石油,2019-09-16,5.73,5.57,5.73,5.35,9.501,0.00345,154082030,1963352076.0,18.76332622601279,4.69
HK.00883,中国海洋石油,2019-09-17,5.69,5.65,5.71,5.51,9.561,0.0015,66799833,856327645.0,1.4362657091561952,5.57
HK.00883,中国海洋石油,2019-09-18,5.29,5.47,5.53,5.21,9.427,0.00147,65556402,828403509.0,-3.185840707964612,5.65
HK.00883,中国海洋石油,2019-09-19,5.45,5.37,5.49,5.25,9.353,0.00083,37177933,467180665.0,-1.828153564899445,5.47
HK.00883,中国海洋石油,2019-09-20,5.25,5.37,5.45,5.25,9.353,0.00122,54360190,683420451.0,0.0,5.37
HK.00883,中国海洋石油,2019-09-23,5.33,5.21,5.37,5.17,9.234,0.00085,37971145,473355728.0,-2.9795158286778425,5.37
HK.00883,中国海洋石油,2019-09-24,5.19,5.29,5.39,5.17,9.293,0.00098,43677359,546082585.0,1.5355086372360858,5.21
HK.00883,中国海洋石油,2019-09-25,5.13,5.07,5.21,4.93,9.13,0.0011,49063882,603272462.0,-4.15879017013232,5.29
HK.00883,中国海洋石油,2019-09-26,5.03,4.99,5.11,4.81,9.07,0.00093,41498889,505198743.0,-1.577909270216964,5.07
HK.00883,中国海洋石油,2019-09-27,4.83,4.75,4.89,4.73,8.892,0.00077,34246519,410700057.0,-4.809619238476958,4.99
HK.00883,中国海洋石油,2019-09-30,4.59,4.75,4.85,4.55,8.892,0.00141,62918474,752128193.0,0.0,4.75
HK.00883,中国海洋石油,2019-10-02,4.75,4.65,4.85,4.59,8.817,0.00114,50878939,605693519.0,-2.1052631578947296,4.75
HK.00883,中国海洋石油,2019-10-03,4.51,4.53,4.61,4.39,8.728,0.00139,61881707,726053449.0,-2.5806451612903247,4.65
HK.00883,中国海洋石油,2019-10-04,4.49,4.33,4.53,4.21,8.579,0.00071,31867436,369135017.0,-4.415011037527598,4.53
HK.00883,中国海洋石油,2019-10-08,4.35,4.33,4.53,4.19,8.579,0.00167,74342523,861679056.0,0.0,4.33
HK.00883,中国海洋石油,2019-10-09,4.21,4.25,4.29,4.17,8.52,0.00083,37086570,424903136.0,-1.8475750577367225,4.33
HK.00883,中国海洋石油,2019-10-10,4.23,4.29,4.35,4.13,8.55,0.00075,33435952,383320179.0,0.941176470588236,4.25
HK.00883,中国海洋石油,2019-10-11,4.61,4.83,4.87,4.51,8.951,0.00155,68987425,825630348.0,12.587412587412588,4.29
HK.00883,中国海洋石油,2019-10-14,4.83,4.75,4.87,4.57,8.892,0.00091,40724030,486322082.0,-1.656314699792962,4.83
HK.00883,中国海洋石油,2019-10-15,4.61,4.61,4.69,4.53,8.788,0.00086,38325628,452736466.0,-2.9473684210526248,4.75
HK.00883,中国海洋石油,2019-10-16,4.69,4.65,4.73,4.53,8.817,0.00081,36025733,426778369.0,0.8676789587852501,4.61
HK.00883,中国海洋石油,2019-10-17,4.87,4.73,4.87,4.63,8.877,0.00068,30479702,364009697.0,1.720430107526883,4.65
HK.00883,中国海洋石油,2019-10-18,4.87,4.67,4.87,4.59,8.832,0.00129,57662270,686620768.0,-1.268498942917558,4.73
HK.00883,中国海洋石油,2019-10-21,4.57,4.79,4.81,4.57,8.658,0.0006,26870433,321734117.0,2.5695931477516085,4.67
HK.00883,中国海洋石油,2019-10-22,4.81,4.73,4.87,4.67,8.614,0.00048,21598865,258201109.0,-1.2526096033402845,4.79
HK.00883,中国海洋石油,2019-10-23,4.79,4.69,4.79,4.51,8.585,0.00089,39577990,469004577.0,-0.8456659619450324,4.73
HK.00883,中国海洋石油,2019-10-24,4.79,4.85,4.85,4.69,8.701,0.00139,62278340,747350276.0,3.411513859275037,4.69
HK.00883,中国海洋石油,2019-10-25,4.93,4.87,5.03,4.85,8.715,0.00088,39437617,478797189.0,0.4123711340206281,4.85
HK.00883,中国海洋石油,2019-10-28,4.97,4.97,5.05,4.81,8.787,0.00088,39142889,477009692.0,2.0533880903490687,4.87
HK.00883,中国海洋石油,2019-10-29,5.07,4.87,5.07,4.79,8.715,0.00073,32555718,394260649.0,-2.012072434607639,4.97
HK.00883,中国海洋石油,2019-10-30,4.69,4.67,4.79,4.61,8.571,0.00109,48587211,578758128.0,-4.106776180698155,4.87
HK.00883,中国海洋石油,2019-10-31,4.69,4.55,4.75,4.51,8.484,0.00106,47396929,559711219.0,-2.5695931477516085,4.67
HK.00883,中国海洋石油,2019-11-01,4.61,4.75,4.77,4.53,8.629,0.00094,41789746,496463918.0,4.3956043956043995,4.55
HK.00883,中国海洋石油,2019-11-04,4.97,5.05,5.05,4.87,8.845,0.00091,40696977,497131579.0,6.315789473684206,4.75
HK.00883,中国海洋石油,2019-11-05,5.05,5.31,5.35,4.97,9.033,0.00139,62153991,775227348.0,5.148514851485145,5.05
HK.00883,中国海洋石油,2019-11-06,5.11,5.27,5.43,5.09,9.004,0.0006,26586577,333035816.0,-0.7532956685499066,5.31
HK.00883,中国海洋石油,2019-11-07,5.15,5.33,5.45,5.15,9.047,0.00106,47522526,594065513.0,1.1385199240986812,5.27
HK.00883,中国海洋石油,2019-11-08,5.21,5.49,5.49,5.21,9.163,0.00117,52067639,656790241.0,3.001876172607883,5.33
HK.00883,中国海洋石油,2019-11-11,5.19,5.11,5.35,5.03,8.888,0.00102,45659124,565191352.0,-6.921675774134789,5.49
HK.00883,中国海洋石油,2019-11-12,5.27,5.21,5.27,5.05,8.961,0.00068,30385736,375837827.0,1.9569471624266075,5.11
HK.00883,中国海洋石油,2019-11-13,4.91,4.91,5.07,4.77,8.744,0.00086,38240558,461793933.0,-5.758157389635313,5.21
HK.00883,中国海洋石油,2019-11-14,5.05,4.77,5.05,4.61,8.643,0.00081,36071236,432219405.0,-2.851323828920582,4.91
HK.00883,中国海洋石油,2019-11-15,4.91,4.73,4.91,4.59,8.614,0.00085,38160696,453698718.0,-0.8385744234800661,4.77
HK.00883,中国海洋石油,2019-11-18,4.75,4.85,4.85,4.65,8.701,0.00089,39660446,475584483.0,2.5369978858350786,4.73
HK.00883,中国海洋石油,2019-11-19,4.61,4.81,4.81,4.59,8.672,0.00106,47368410,565780286.0,-0.8247422680412378,4.85
HK.00883,中国海洋石油,2019-11-20,4.65,4.63,4.69,4.59,8.542,0.0007,31180088,369348898.0,-3.7422037422037366,4.81
HK.00883,中国海洋石油,2019-11-21,4.51,4.47,4.65,4.39,8.427,0.00107,47611973,556447274.0,-3.4557235421166337,4.63
HK.00883,中国海洋石油,2019-11-22,4.61,4.65,4.75,4.55,8.556,0.00091,40417106,478862897.0,4.026845637583906,4.47
HK.00883,中国海洋石油,2019-11-25,4.71,4.71,4.87,4.65,8.6,0.00103,45942611,549788171.0,1.2903225806451528,4.65
HK.00883,中国海洋石油,2019-11-26,4.79,4.67,4.87,4.67,8.571,0.00182,81150205,966660558.0,-0.8492569002123149,4.71
HK.00883,中国海洋石油,2019-11-27,4.69,4.71,4.81,4.65,8.6,0.00072,32347181,386029310.0,0.856531049250536,4.67
HK.00883,中国海洋石油,2019-11-28,4.63,4.53,4.69,4.51,8.47,0.00055,24484692,288423305.0,-3.821656050955408,4.71
HK.00883,中国海洋石油,2019-11-29,4.41,4.15,4.53,4.11,8.196,0.00126,56211562,642203685.0,-8.388520971302425,4.53
HK.00883,中国海洋石油,2019-12-02,4.19,4.15,4.23,4.11,8.196,0.00071,31667092,360575225.0,0.0,4.15
HK.00883,中国海洋石油,2019-12-03,4.11,4.13,4.23,3.93,8.181,0.00077,34573982,391573563.0,-0.4819277108433845,4.15
HK.00883,中国海洋石油,2019-12-04,3.95,3.95,4.11,3.91,8.051,0.00083,36977469,413887526.0,-4.358353510895877,4.13
HK.00883,中国海洋石油,2019-12-05,4.15,4.09,4.19,4.01,8.152,0.00098,43878497,495834872.0,3.5443037974683462,3.95
HK.00883,中国海洋石油,2019-12-06,4.17,4.09,4.19,4.05,8.152,0.00102,45347330,512810992.0,0.0,4.09
HK.00883,中国海洋石油,2019-12-09,4.19,4.11,4.33,4.05,8.167,0.00103,46167349,524993413.0,0.4889975550122362,4.09
HK.00883,中国海洋石油,2019-12-10,4.03,4.07,4.13,4.01,8.138,0.00097,43461041,490346320.0,-0.9732360097323608,4.11
HK.00883,中国海洋石油,2019-12-11,4.11,4.15,4.23,4.01,8.196,0.00109,48714908,551526606.0,1.9656019656019672,4.07
HK.00883,中国海洋石油,2019-12-12,4.21,4.25,4.31,4.17,8.268,0.00105,46921888,537772322.0,2.4096385542168584,4.15
HK.00883,中国海洋石油,2019-12-13,4.43,4.57,4.59,4.41,8.499,0.00189,84466841,990335828.0,7.529411764705888,4.25
HK.00883,中国海洋石油,2019-12-16,4.43,4.53,4.73,4.41,8.47,0.00101,44989072,530273224.0,-0.8752735229759306,4.57
HK.00883,中国海洋石油,2019-12-17,4.59,4.85,4.91,4.59,8.701,0.00136,60821154,730806289.0,7.064017660044136,4.53
HK.00883,中国海洋石油,2019-12-18,5.17,5.27,5.27,5.05,9.004,0.00214,95357810,1179569119.0,8.65979381443299,4.85
HK.00883,中国海洋石油,2019-12-19,5.47,5.27,5.47,5.07,9.004,0.00128,57304241,711707676.0,0.0,5.27
HK.00883,中国海洋石油,2019-12-20,5.41,5.29,5.41,5.19,9.018,0.00115,51331364,641541190.0,0.3795066413662327,5.27
HK.00883,中国海洋石油,2019-12-23,5.35,5.45,5.45,5.25,9.134,0.00078,34636658,436695434.0,3.024574669187148,5.29
HK.00883,中国海洋石油,2019-12-24,5.49,5.41,5.49,5.37,9.105,0.00028,12527419,158362553.0,-0.733944954128441,5.45
HK.00883,中国海洋石油,2019-12-27,5.47,5.63,5.65,5.41,9.264,0.00086,38489592,492784351.0,4.0665434380776295,5.41
HK.00883,中国海洋石油,2019-12-30,5.65,5.71,5.79,5.51,9.321,0.00103,45827327,592232251.0,1.420959147424513,5.63
HK.00883,中国海洋石油,2019-12-31,5.79,5.75,5.79,5.59,9.35,0.00051,22809671,294261987.0,0.7005253940455347,5.71
HK.00883,中国海洋石油,2020-01-02,5.79,5.77,5.79,5.59,9.365,0.0009,40154251,517801367.0,0.3478260869565143,5.75
HK.00883,中国海洋石油,2020-01-03,5.87,6.03,6.25,5.73,9.552,0.00218,97342297,1288454362.0,4.506065857885627,5.77
HK.00883,中国海洋石油,2020-01-06,6.25,6.51,6.57,6.23,9.898,0.00212,94458649,1293063568.0,7.960199004975116,6.03
HK.00883,中国海洋石油,2020-01-07,6.35,6.43,6.55,6.31,9.841,0.00134,60014009,818201317.0,-1.228878648233488,6.51
HK.00883,中国海洋石油,2020-01-08,6.79,6.43,6.83,6.21,9.841,0.00146,64964345,888604977.0,0.0,6.43
HK.00883,中国海洋石油,2020-01-09,6.23,6.47,6.47,6.15,9.87,0.00308,137426484,1861491224.0,0.6220839813374812,6.43
HK.00883,中国海洋石油,2020-01-10,6.43,6.33,6.45,6.15,9.769,0.00104,46400470,626254342.0,-2.1638330757341526,6.47
HK.00883,中国海洋石油,2020-01-13,6.35,6.53,6.55,6.31,9.913,0.00088,39287291,537348654.0,3.159557661927333,6.33
HK.00883,中国海洋石油,2020-01-14,6.55,6.33,6.57,6.19,9.769,0.00182,81058672,1099587976.0,-3.06278713629403,6.53
HK.00883,中国海洋石油,2020-01-15,6.35,6.01,6.45,5.97,9.538,0.00249,111022173,1483402517.0,-5.055292259083732,6.33
HK.00883,中国海洋石油,2020-01-16,6.13,6.23,6.35,6.11,9.696,0.00184,82057027,1102050238.0,3.660565723793688,6.01
HK.00883,中国海洋石油,2020-01-17,6.33,6.31,6.35,6.15,9.754,0.00127,56905724,765771053.0,1.2841091492776755,6.23
HK.00883,中国海洋石油,2020-01-20,6.39,6.11,6.39,6.07,9.61,0.00172,76856729,1031398247.0,-3.1695721077654406,6.31
HK.00883,中国海洋石油,2020-01-21,5.61,5.79,5.99,5.61,9.379,0.00151,67633505,882033317.0,-5.237315875613753,6.11
HK.00883,中国海洋石油,2020-01-22,6.09,6.13,6.19,5.89,9.624,0.00092,41156549,547393192.0,5.872193436960274,5.79
HK.00883,中国海洋石油,2020-01-23,5.75,5.79,5.99,5.65,9.379,0.00111,49542594,642400714.0,-5.546492659053831,6.13
HK.00883,中国海洋石油,2020-01-24,5.75,5.83,5.85,5.59,9.408,0.0006,26568313,344399416.0,0.6908462867012095,5.79
HK.00883,中国海洋石油,2020-01-29,5.31,5.25,5.43,5.09,8.989,0.00155,69134727,859934990.0,-9.948542024013724,5.83
HK.00883,中国海洋石油,2020-01-30,5.01,4.79,5.23,4.69,8.658,0.00176,78662570,950213955.0,-8.761904761904761,5.25
HK.00883,中国海洋石油,2020-01-31,5.09,4.65,5.09,4.61,8.556,0.00147,65587804,781838472.0,-2.922755741127342,4.79
HK.00883,中国海洋石油,2020-02-03,4.57,4.47,4.67,4.39,8.427,0.00135,60401418,707037884.0,-3.870967741935496,4.65
HK.00883,中国海洋石油,2020-02-04,4.29,4.59,4.65,4.29,8.513,0.0017,75732295,887943619.0,2.684563758389264,4.47
HK.00883,中国海洋石油,2020-02-05,5.03,4.79,5.03,4.59,8.658,0.00195,87228592,1045870761.0,4.357298474945537,4.59
HK.00883,中国海洋石油,2020-02-06,5.21,5.39,5.53,5.13,9.09,0.00237,105728410,1325773196.0,12.526096033402917,4.79
HK.00883,中国海洋石油,2020-02-07,5.13,5.05,5.25,5.01,8.845,0.00108,48055427,590604252.0,-6.307977736549162,5.39
HK.00883,中国海洋石油,2020-02-10,4.87,4.97,5.09,4.87,8.787,0.00081,36167925,441132467.0,-1.5841584158415856,5.05
HK.00883,中国海洋石油,2020-02-11,5.01,5.11,5.23,4.97,8.888,0.00076,33894425,417701588.0,2.8169014084507156,4.97
HK.00883,中国海洋石油,2020-02-12,5.27,5.23,5.27,5.05,8.975,0.00102,45733071,566989060.0,2.3483365949119395,5.11
HK.00883,中国海洋石油,2020-02-13,5.27,5.13,5.31,5.11,8.903,0.00117,52377658,650151861.0,-1.9120458891013483,5.23
HK.00883,中国海洋石油,2020-02-14,5.27,5.13,5.27,5.05,8.903,0.00069,30846048,380792927.0,0.0,5.13
HK.00883,中国海洋石油,2020-02-17,5.01,5.05,5.21,5.01,8.845,0.00125,55610737,683841191.0,-1.55945419103314,5.13
HK.00883,中国海洋石油,2020-02-18,5.01,4.79,5.05,4.77,8.658,0.00129,57773825,696006892.0,-5.148514851485145,5.05
HK.00883,中国海洋石油,2020-02-19,4.81,4.87,4.97,4.75,8.715,0.00149,66585479,801281919.0,1.670146137787058,4.79
HK.00883,中国海洋石油,2020-02-20,5.13,5.01,5.17,4.89,8.816,0.00146,65309203,797689798.0,2.8747433264886997,4.87
HK.00883,中国海洋石油,2020-02-21,5.01,4.97,5.05,4.83,8.787,0.0013,58194937,707735424.0,-0.7984031936127752,5.01
HK.00883,中国海洋石油,2020-02-24,4.73,4.53,4.75,4.43,8.47,0.00173,77353821,910000686.0,-8.853118712273632,4.97
HK.00883,中国海洋石油,2020-02-25,4.37,4.35,4.41,4.29,8.34,0.00129,57607399,665850847.0,-3.973509933774848,4.53
HK.00883,中国海洋石油,2020-02-26,4.01,4.15,4.23,4.01,8.196,0.00176,78658139,893578657.0,-4.597701149425271,4.35
HK.00883,中国海洋石油,2020-02-27,3.95,3.97,4.01,3.81,8.066,0.00179,80083802,890077750.0,-4.337349397590365,4.15
HK.00883,中国海洋石油,2020-02-28,3.47,3.47,3.55,3.31,7.705,0.00311,138638039,1479767986.0,-12.594458438287154,3.97
HK.00883,中国海洋石油,2020-03-02,3.59,3.93,3.99,3.59,8.037,0.00235,104900983,1158217268.0,13.256484149855908,3.47
HK.00883,中国海洋石油,2020-03-03,3.87,3.85,4.05,3.77,7.979,0.00205,91468945,1017859243.0,-2.035623409669213,3.93
HK.00883,中国海洋石油,2020-03-04,3.71,3.69,3.77,3.53,7.864,0.00258,115119248,1253864734.0,-4.155844155844159,3.85
HK.00883,中国海洋石油,2020-03-05,3.63,3.85,3.93,3.63,7.979,0.00216,96466267,1061389412.0,4.336043360433608,3.69
HK.00883,中国海洋石油,2020-03-06,3.63,3.41,3.67,3.41,7.662,0.00204,91065451,975001921.0,-11.428571428571429,3.85
HK.00883,中国海洋石油,2020-03-09,1.09,1.58,1.9,1.09,6.341,0.01002,447580337,3932653141.0,-53.66568914956011,3.41
HK.00883,中国海洋石油,2020-03-10,1.84,1.84,1.95,1.58,6.529,0.00466,207875969,1868362212.0,16.455696202531644,1.58
HK.00883,中国海洋石油,2020-03-11,1.71,1.31,1.76,1.31,6.147,0.00609,271703194,2357568564.0,-28.804347826086957,1.84
HK.00883,中国海洋石油,2020-03-12,0.89,0.6,1.02,0.59,5.634,0.00568,253671441,2009007087.0,-54.19847328244275,1.31
HK.00883,中国海洋石油,2020-03-13,0.09,0.72,0.86,-0.14,5.721,0.00659,294020441,2225783552.0,20.0,0.6
HK.00883,中国海洋石油,2020-03-16,0.15,0.31,0.58,0.15,5.425,0.00428,191115035,1448843258.0,-56.94444444444444,0.72
HK.00883,中国海洋石油,2020-03-17,0.27,0.19,0.49,0.01,5.339,0.00319,142593260,1055065842.0,-38.70967741935484,0.31
HK.00883,中国海洋石油,2020-03-18,-0.03,-0.34,0.04,-0.41,4.956,0.00416,185882687,1310701271.0,-278.94736842105266,0.19
HK.00883,中国海洋石油,2020-03-19,-0.8,-0.81,-0.54,-0.97,4.617,0.00486,217050918,1396421760.0,-138.23529411764704,-0.34
HK.00883,中国海洋石油,2020-03-20,-0.45,-0.08,-0.08,-0.5,5.144,0.00453,202034771,1402253215.0,90.12345679012346,-0.81
HK.00883,中国海洋石油,2020-03-23,-0.63,-0.44,-0.27,-0.66,4.884,0.00358,159621290,1080945668.0,-450.0,-0.08
HK.00883,中国海洋石油,2020-03-24,-0.07,-0.09,-0.03,-0.24,5.137,0.00435,194016618,1373804612.0,79.54545454545455,-0.44
HK.00883,中国海洋石油,2020-03-25,0.11,0.44,0.47,0.05,5.519,0.00455,202983872,1517486682.0,588.8888888888889,-0.09
HK.00883,中国海洋石油,2020-03-26,0.29,0.37,0.44,0.19,5.06,0.00318,141826172,1067508725.0,-15.909090909090912,0.44
HK.00883,中国海洋石油,2020-03-27,0.51,0.56,0.58,0.34,5.186,0.00313,139962480,1078305038.0,51.35135135135137,0.37
HK.00883,中国海洋石油,2020-03-30,0.29,0.36,0.48,0.15,5.053,0.00286,127557539,962666789.0,-35.71428571428572,0.56
HK.00883,中国海洋石油,2020-03-31,0.49,0.92,0.94,0.48,5.427,0.00369,164645157,1312626579.0,155.55555555555557,0.36
HK.00883,中国海洋石油,2020-04-01,0.79,0.819999999,1.05,0.68,5.36,0.00423,188795742,1521873956.0,-10.869565326086962,0.92
HK.00883,中国海洋石油,2020-04-02,0.57,1.42,1.52,0.56,5.761,0.00488,217697750,1816512816.0,73.17073191850089,0.819999999
HK.00883,中国海洋石油,2020-04-03,1.49,1.35,1.53,1.19,5.714,0.00342,152636703,1301482843.0,-4.929577464788721,1.42
HK.00883,中国海洋石油,2020-04-06,1.43,1.68,1.77,1.239999999,5.934,0.00369,164821630,1444512182.0,24.444444444444432,1.35
HK.00883,中国海洋石油,2020-04-07,1.62,1.73,1.76,1.5,5.967,0.00301,134358302,1186781474.0,2.976190476190479,1.68
HK.00883,中国海洋石油,2020-04-08,1.64,1.46,1.64,1.42,5.787,0.00277,123612586,1077579074.0,-15.606936416184972,1.73
HK.00883,中国海洋石油,2020-04-09,1.67,1.71,1.73,1.54,5.954,0.00217,97101207,861271157.0,17.123287671232877,1.46
HK.00883,中国海洋石油,2020-04-14,1.58,1.47,1.58,1.37,5.794,0.0034,151608646,1314394665.0,-14.035087719298245,1.71
HK.00883,中国海洋石油,2020-04-15,1.319999999,1.02,1.4,1.0,5.493,0.00369,164568076,1380253161.0,-30.61224489795918,1.47
HK.00883,中国海洋石油,2020-04-16,1.04,1.149999999,1.25,0.89,5.58,0.00229,102449568,850459702.0,12.745097941176471,1.02
HK.00883,中国海洋石油,2020-04-17,1.239999999,1.18,1.38,1.17,5.6,0.00157,69948841,593527311.0,2.608695741398856,1.149999999
HK.00883,中国海洋石油,2020-04-20,1.09,1.31,1.329999999,1.0,5.687,0.00175,78143975,659867234.0,11.016949152542384,1.18
HK.00883,中国海洋石油,2020-04-21,1.1,1.06,1.19,0.89,5.52,0.00245,109189663,900912198.0,-19.083969465648853,1.31
HK.00883,中国海洋石油,2020-04-22,0.88,1.03,1.06,0.85,5.5,0.00146,65258601,532252039.0,-2.8301886792452855,1.06
HK.00883,中国海洋石油,2020-04-23,1.1,1.229999999,1.31,1.1,5.634,0.0017,75996080,642737951.0,19.417475631067948,1.03
HK.00883,中国海洋石油,2020-04-24,1.27,1.3,1.4,1.19,5.68,0.00144,64409731,549413778.0,5.6910569964968065,1.229999999
HK.00883,中国海洋石油,2020-04-27,1.44,1.319999999,1.45,1.3,5.694,0.00141,62822695,537345768.0,1.5384614615384564,1.3
HK.00883,中国海洋石油,2020-04-28,1.39,1.44,1.44,1.17,5.774,0.00147,65820906,562194199.0,9.090909173553715,1.319999999
HK.00883,中国海洋石油,2020-04-29,1.59,1.58,1.64,1.44,5.867,0.00153,68199395,599100744.0,9.72222222222223,1.44
HK.00883,中国海洋石油,2020-05-04,1.29,0.95,1.29,0.92,5.447,0.00275,122563799,1008010843.0,-39.873417721519,1.58
HK.00883,中国海洋石油,2020-05-05,1.12,1.18,1.239999999,1.079999999,5.6,0.00243,108487896,909551802.0,24.210526315789473,0.95
HK.00883,中国海洋石油,2020-05-06,1.18,1.41,1.48,1.18,5.754,0.00248,110692179,950281942.0,19.491525423728813,1.18
HK.00883,中国海洋石油,2020-05-07,1.319999999,1.36,1.39,1.2,5.72,0.00134,59694775,507749202.0,-3.5460992907801296,1.41
HK.00883,中国海洋石油,2020-05-08,1.34,1.52,1.53,1.34,5.827,0.00143,63718852,552733232.0,11.764705882352937,1.36
HK.00883,中国海洋石油,2020-05-11,1.65,1.54,1.74,1.52,5.841,0.00152,68044697,601382246.0,1.3157894736842115,1.52
HK.00883,中国海洋石油,2020-05-12,1.47,1.31,1.47,1.229999999,5.687,0.0017,76098501,647907625.0,-14.935064935064934,1.54
HK.00883,中国海洋石油,2020-05-13,1.239999999,1.319999999,1.39,1.22,5.694,0.00113,50504649,430734892.0,0.7633587022900706,1.31
HK.00883,中国海洋石油,2020-05-14,1.19,1.14,1.229999999,1.09,5.574,0.0017,75897719,634247514.0,-13.636363570936645,1.319999999
HK.00883,中国海洋石油,2020-05-15,1.1,1.21,1.35,1.09,5.62,0.00193,86387260,726550402.0,6.140350877192988,1.14
HK.00883,中国海洋石油,2020-05-18,1.43,1.87,1.92,1.36,6.061,0.00472,210808110,1883823680.0,54.54545454545456,1.21
HK.00883,中国海洋石油,2020-05-19,2.19,2.11,2.29,1.96,6.221,0.00288,128416864,1196317300.0,12.834224598930469,1.87
HK.00883,中国海洋石油,2020-05-20,2.14,1.96,2.15,1.84,6.121,0.00155,69296659,633567633.0,-7.109004739336489,2.11
HK.00883,中国海洋石油,2020-05-21,1.99,1.86,2.02,1.82,6.054,0.00172,76948612,700655352.0,-5.102040816326523,1.96
HK.00883,中国海洋石油,2020-05-22,1.59,1.41,1.64,1.19,5.754,0.00326,145595860,1258415124.0,-24.193548387096783,1.86
HK.00883,中国海洋石油,2020-05-25,1.34,1.51,1.51,1.28,5.821,0.00113,50609479,436048670.0,7.0921985815602895,1.41
HK.00883,中国海洋石油,2020-05-26,1.65,1.63,1.69,1.54,5.901,0.00117,52447851,463422925.0,7.947019867549661,1.51
HK.00883,中国海洋石油,2020-05-27,1.71,1.69,1.78,1.55,5.941,0.00154,68967332,610621625.0,3.680981595092028,1.63
HK.00883,中国海洋石油,2020-05-28,1.43,1.59,1.67,1.34,5.874,0.00195,87280984,763897693.0,-5.9171597633136015,1.69
HK.00883,中国海洋石油,2020-05-29,1.49,1.42,1.6,1.42,5.761,0.00272,121301167,1052465319.0,-10.691823899371078,1.59
HK.00883,中国海洋石油,2020-06-01,1.73,1.82,1.89,1.7,6.028,0.0019,84706948,765031160.0,28.169014084507054,1.42
HK.00883,中国海洋石油,2020-06-02,1.82,1.92,1.94,1.74,6.094,0.00146,64968307,588421187.0,5.4945054945054865,1.82
HK.00883,中国海洋石油,2020-06-03,2.18,2.34,2.39,2.14,6.375,0.00286,127536499,1213777218.0,21.874999999999996,1.92
HK.00883,中国海洋石油,2020-06-04,2.64,2.39,2.64,2.19,6.108,0.00242,107884608,985345983.0,2.1367521367521483,2.34
HK.00883,中国海洋石油,2020-06-05,2.33,2.57,2.6,2.31,6.228,0.00157,70308592,649385450.0,7.531380753138063,2.39
HK.00883,中国海洋石油,2020-06-08,2.98,2.77,2.98,2.76,6.361,0.00218,97389534,937430212.0,7.782101167315182,2.57
HK.00883,中国海洋石油,2020-06-09,2.7,2.79,2.94,2.7,6.375,0.0017,75973651,731749625.0,0.7220216606498201,2.77
HK.00883,中国海洋石油,2020-06-10,2.91,2.74,2.92,2.68,6.341,0.00233,104068959,993757517.0,-1.7921146953404954,2.79
HK.00883,中国海洋石油,2020-06-11,2.69,2.5,2.77,2.48,6.181,0.00199,88694977,828085477.0,-8.759124087591248,2.74
HK.00883,中国海洋石油,2020-06-12,2.17,2.07,2.17,1.96,5.894,0.00319,142217007,1253814033.0,-17.200000000000006,2.5
HK.00883,中国海洋石油,2020-06-15,1.84,1.85,2.1,1.779999999,5.747,0.00207,92371928,799977195.0,-10.628019323671486,2.07
HK.00883,中国海洋石油,2020-06-16,2.07,2.21,2.37,2.06,5.987,0.00167,74708263,673406850.0,19.459459459459453,1.85
HK.00883,中国海洋石油,2020-06-17,2.26,2.23,2.29,2.13,6.001,0.00118,52604364,472272675.0,0.9049773755656116,2.21
HK.00883,中国海洋石油,2020-06-18,2.04,2.11,2.18,2.01,5.921,0.00137,61181436,542098522.0,-5.381165919282516,2.23
HK.00883,中国海洋石油,2020-06-19,2.05,2.17,2.18,2.02,5.961,0.00166,74138902,657776859.0,2.8436018957346,2.11
HK.00883,中国海洋石油,2020-06-22,2.14,2.14,2.23,2.06,5.941,0.00103,46001896,409053836.0,-1.382488479262664,2.17
HK.00883,中国海洋石油,2020-06-23,2.1,2.22,2.22,1.9,5.994,0.00117,52426947,465215662.0,3.738317757009349,2.14
HK.00883,中国海洋石油,2020-06-24,2.34,2.04,2.34,2.0,5.874,0.00128,56951515,505386488.0,-8.108108108108114,2.22
HK.00883,中国海洋石油,2020-06-26,1.96,1.94,2.08,1.9,5.807,0.00115,51327858,447005633.0,-4.901960784313729,2.04
HK.00883,中国海洋石油,2020-06-29,2.07,1.83,2.07,1.779999999,5.734,0.00127,56855651,489697096.0,-5.670103092783499,1.94
HK.00883,中国海洋石油,2020-06-30,1.93,1.86,1.98,1.84,5.754,0.00121,54015087,467551225.0,1.6393442622950831,1.83
HK.00883,中国海洋石油,2020-07-02,2.06,2.23,2.32,2.03,6.001,0.00231,103015336,920789280.0,19.892473118279565,1.86
HK.00883,中国海洋石油,2020-07-03,2.36,2.24,2.39,2.24,6.008,0.00146,65156080,589692806.0,0.448430493273553,2.23
HK.00883,中国海洋石油,2020-07-06,2.16,2.43,2.51,2.16,6.134,0.00242,108041930,989901613.0,8.482142857142854,2.24
HK.00883,中国海洋石油,2020-07-07,2.54,2.14,2.63,2.1,5.941,0.00263,117218292,1061660701.0,-11.934156378600823,2.43
HK.00883,中国海洋石油,2020-07-08,2.14,2.1,2.2,1.96,5.914,0.0025,111535589,985082070.0,-1.8691588785046744,2.14
HK.00883,中国海洋石油,2020-07-09,2.11,2.04,2.24,2.0,5.874,0.00138,61664413,546625428.0,-2.857142857142859,2.1
HK.00883,中国海洋石油,2020-07-10,1.94,1.91,2.01,1.8,5.787,0.00199,88933499,768550010.0,-6.372549019607848,2.04
HK.00883,中国海洋石油,2020-07-13,1.99,2.12,2.23,1.9,5.927,0.00196,87321432,774864097.0,10.994764397905769,1.91
HK.00883,中国海洋石油,2020-07-14,2.04,1.96,2.09,1.9,5.821,0.00173,77392709,675069241.0,-7.547169811320761,2.12
HK.00883,中国海洋石油,2020-07-15,2.15,2.05,2.16,1.96,5.881,0.00126,56457004,496413416.0,4.59183673469387,1.96
HK.00883,中国海洋石油,2020-07-16,1.99,1.9,2.08,1.85,5.781,0.00158,70545423,611719705.0,-7.317073170731704,2.05
HK.00883,中国海洋石油,2020-07-17,2.06,1.85,2.06,1.81,5.747,0.00121,54074343,466594784.0,-2.631578947368412,1.9
HK.00883,中国海洋石油,2020-07-20,1.84,1.79,1.92,1.75,5.707,0.00133,59581573,509676333.0,-3.243243243243246,1.85
HK.00883,中国海洋石油,2020-07-21,1.84,1.84,1.88,1.769999999,5.74,0.00103,45902885,394212562.0,2.793296089385477,1.79
HK.00883,中国海洋石油,2020-07-22,1.99,1.99,2.32,1.95,5.841,0.00288,128380848,1141578568.0,8.152173913043473,1.84
HK.00883,中国海洋石油,2020-07-23,1.99,1.89,2.04,1.8,5.774,0.00165,73816933,639414705.0,-5.0251256281407075,1.99
HK.00883,中国海洋石油,2020-07-24,1.8,1.76,1.88,1.689999999,5.687,0.00204,91065030,776685016.0,-6.878306878306873,1.89
HK.00883,中国海洋石油,2020-07-27,1.89,1.83,1.98,1.79,5.734,0.0009,40215326,347202540.0,3.97727272727273,1.76
HK.00883,中国海洋石油,2020-07-28,1.95,1.85,1.99,1.769999999,5.747,0.00105,46723821,402101057.0,1.0928961748633887,1.83
HK.00883,中国海洋石油,2020-07-29,1.87,1.76,1.91,1.76,5.687,0.00111,49551973,424146086.0,-4.864864864864869,1.85
HK.00883,中国海洋石油,2020-07-30,1.769999999,1.679999999,1.85,1.65,5.634,0.00171,76294531,648674420.0,-4.545454602272724,1.76
HK.00883,中国海洋石油,2020-07-31,1.599999999,1.439999999,1.67,1.42,5.473,0.00275,122742202,1015317990.0,-14.285714294217684,1.679999999
HK.00883,中国海洋石油,2020-08-03,1.349999999,1.39,1.439999999,1.279999999,5.44,0.00165,73854137,601894333.0,-3.4722221551890557,1.439999999
HK.00883,中国海洋石油,2020-08-04,1.45,1.63,1.689999999,1.439999999,5.6,0.00143,63851152,533677968.0,17.26618705035971,1.39
HK.00883,中国海洋石油,2020-08-05,1.65,1.76,1.81,1.609999999,5.687,0.00138,61747567,524299413.0,7.975460122699395,1.63
HK.00883,中国海洋石油,2020-08-06,1.88,1.88,2.0,1.779999999,5.767,0.00213,95291331,823486585.0,6.818181818181812,1.76
HK.00883,中国海洋石油,2020-08-07,1.89,1.73,1.9,1.679999999,5.667,0.00109,48884032,416139488.0,-7.978723404255315,1.88
HK.00883,中国海洋石油,2020-08-10,1.73,1.75,1.779999999,1.609999999,5.68,0.00064,28428825,241140680.0,1.156069364161851,1.73
HK.00883,中国海洋石油,2020-08-11,1.88,2.01,2.04,1.84,5.854,0.00177,79092001,691900794.0,14.857142857142843,1.75
HK.00883,中国海洋石油,2020-08-12,1.95,2.13,2.17,1.9,5.934,0.00147,65417249,577678675.0,5.97014925373135,2.01
HK.00883,中国海洋石油,2020-08-13,2.2,2.23,2.26,2.09,6.001,0.00136,60735705,544298603.0,4.694835680751178,2.13
HK.00883,中国海洋石油,2020-08-14,2.07,2.22,2.26,2.07,5.994,0.00124,55569509,498591168.0,-0.448430493273533,2.23
HK.00883,中国海洋石油,2020-08-17,2.2,2.21,2.29,2.14,5.987,0.0011,48998244,440729676.0,-0.4504504504504608,2.22
HK.00883,中国海洋石油,2020-08-18,2.32,2.28,2.32,2.21,6.034,0.00106,47443225,428427461.0,3.1674208144796308,2.21
HK.00883,中国海洋石油,2020-08-19,2.34,2.23,2.34,2.14,6.001,0.00068,30470586,273663364.0,-2.192982456140343,2.28
HK.00883,中国海洋石油,2020-08-20,2.36,2.24,2.51,2.15,6.008,0.0025,111471511,1010828413.0,0.448430493273553,2.23
HK.00883,中国海洋石油,2020-08-21,2.24,2.25,2.33,2.15,6.014,0.00116,51642731,464920176.0,0.4464285714285618,2.24
HK.00883,中国海洋石油,2020-08-24,2.23,2.23,2.29,2.15,6.001,0.00094,41795132,374567737.0,-0.8888888888888897,2.25
HK.00883,中国海洋石油,2020-08-25,2.22,2.37,2.37,2.16,6.094,0.00111,49400615,447088807.0,6.278026905829602,2.23
HK.00883,中国海洋石油,2020-08-26,2.36,2.39,2.47,2.33,6.108,0.00148,66261601,607489331.0,0.8438818565400852,2.37
HK.00883,中国海洋石油,2020-08-27,2.3,2.07,2.33,2.04,5.894,0.00186,83033464,737046754.0,-13.389121338912144,2.39
HK.00883,中国海洋石油,2020-08-28,1.99,1.99,2.16,1.99,5.841,0.00139,62253120,550020664.0,-3.864734299516901,2.07
HK.00883,中国海洋石油,2020-08-31,2.13,2.06,2.45,2.06,5.887,0.00256,114127854,1026904495.0,3.5175879396984957,1.99
HK.00883,中国海洋石油,2020-09-01,2.0,1.96,2.07,1.95,5.821,0.00178,79469092,696375991.0,-4.854368932038839,2.06
HK.00883,中国海洋石油,2020-09-02,1.87,1.87,1.95,1.79,5.761,0.0019,84847756,730916098.0,-4.59183673469387,1.96
HK.00883,中国海洋石油,2020-09-03,1.84,1.86,1.93,1.75,5.62,0.00163,72630489,613195327.0,-0.5347593582887704,1.87
HK.00883,中国海洋石油,2020-09-04,1.74,1.799999999,1.84,1.68,5.58,0.00261,116750300,973770621.0,-3.225806505376351,1.86
HK.00883,中国海洋石油,2020-09-07,1.799999999,1.7,1.84,1.639999999,5.514,0.0009,40087444,331793984.0,-5.55555550308642,1.799999999
HK.00883,中国海洋石油,2020-09-08,1.729999999,1.74,1.74,1.62,5.54,0.00103,45789189,377905063.0,2.35294117647059,1.7
HK.00883,中国海洋石油,2020-09-09,1.57,1.59,1.59,1.46,5.44,0.00161,71821445,581405608.0,-8.62068965517241,1.74
HK.00883,中国海洋石油,2020-09-10,1.59,1.53,1.59,1.49,5.4,0.00103,46047064,372628855.0,-3.773584905660381,1.59
HK.00883,中国海洋石油,2020-09-11,1.469999999,1.549999999,1.57,1.469999999,5.413,0.00086,38356282,310699079.0,1.3071894771241788,1.53
HK.00883,中国海洋石油,2020-09-14,1.52,1.53,1.59,1.51,5.4,0.00062,27628127,223754492.0,-1.2903225169614942,1.549999999
HK.00883,中国海洋石油,2020-09-15,1.559999999,1.53,1.59,1.479999999,5.4,0.0008,35518178,286689241.0,0.0,1.53
HK.00883,中国海洋石油,2020-09-16,1.54,1.62,1.65,1.479999999,5.46,0.00089,39533178,321339393.0,5.8823529411764754,1.53
HK.00883,中国海洋石油,2020-09-17,1.719999999,1.799999999,1.86,1.639999999,5.58,0.00162,72352155,601248262.0,11.111111049382709,1.62
HK.00883,中国海洋石油,2020-09-18,1.74,1.729999999,1.77,1.65,5.534,0.00176,78647048,651798042.0,-3.8888888910493864,1.799999999
HK.00883,中国海洋石油,2020-09-21,1.75,1.54,1.78,1.51,5.407,0.00072,32162251,262573733.0,-10.982658908082454,1.729999999
HK.00883,中国海洋石油,2020-09-22,1.46,1.35,1.469999999,1.35,5.28,0.00105,46913829,373025388.0,-12.337662337662334,1.54
HK.00883,中国海洋石油,2020-09-23,1.34,1.23,1.37,1.18,5.2,0.00143,64002069,499243221.0,-8.888888888888896,1.35
HK.00883,中国海洋石油,2020-09-24,1.1,0.95,1.13,0.89,5.013,0.00255,113727006,855599525.0,-22.764227642276424,1.23
HK.00883,中国海洋石油,2020-09-25,0.91,0.88,0.97,0.86,4.966,0.00142,63619932,475067628.0,-7.368421052631574,0.95
HK.00883,中国海洋石油,2020-09-28,0.84,0.89,0.95,0.79,4.973,0.001,44460482,331619009.0,1.1363636363636374,0.88
HK.00883,中国海洋石油,2020-09-29,0.89,0.93,1.08,0.87,5.0,0.00111,49605111,372599584.0,4.494382022471914,0.89
HK.00883,中国海洋石油,2020-09-30,0.89,0.89,1.0,0.85,4.973,0.00177,78853177,588932408.0,-4.3010752688172085,0.93
HK.00883,中国海洋石油,2020-10-05,0.99,0.8,0.99,0.8,4.913,0.00159,71007781,526333072.0,-10.112359550561797,0.89
HK.00883,中国海洋石油,2020-10-06,0.92,1.04,1.12,0.92,5.073,0.00132,58756845,446671532.0,30.0,0.8
HK.00883,中国海洋石油,2020-10-07,1.04,1.17,1.22,1.02,5.16,0.00118,52508463,403741358.0,12.49999999999999,1.04
HK.00883,中国海洋石油,2020-10-08,1.16,1.09,1.16,1.02,5.106,0.00107,47773451,364870268.0,-6.837606837606826,1.17
HK.00883,中国海洋石油,2020-10-09,1.18,1.09,1.19,1.06,5.106,0.00069,30969211,237344813.0,0.0,1.09
HK.00883,中国海洋石油,2020-10-12,1.08,1.08,1.16,1.02,5.1,0.00106,47440199,362888038.0,-0.9174311926605512,1.09
HK.00883,中国海洋石油,2020-10-14,1.08,0.84,1.08,0.84,4.939,0.00216,96646136,725300958.0,-22.22222222222223,1.08
HK.00883,中国海洋石油,2020-10-15,0.85,0.73,0.85,0.72,4.866,0.00143,63806651,466751493.0,-13.095238095238091,0.84
HK.00883,中国海洋石油,2020-10-16,0.67,0.72,0.8,0.65,4.859,0.00102,45534793,332702280.0,-1.3698630136986314,0.73
HK.00883,中国海洋石油,2020-10-19,0.67,0.85,0.87,0.67,4.946,0.00097,43393801,319239173.0,18.055555555555557,0.72
HK.00883,中国海洋石油,2020-10-20,0.94,0.7,0.94,0.67,4.846,0.00148,66075113,482017013.0,-17.647058823529417,0.85
HK.00883,中国海洋石油,2020-10-21,0.7,0.79,0.83,0.69,4.906,0.00132,59026590,433494940.0,12.85714285714287,0.7
HK.00883,中国海洋石油,2020-10-22,0.71,0.59,0.78,0.57,4.773,0.00287,128260021,919619315.0,-25.31645569620254,0.79
HK.00883,中国海洋石油,2020-10-23,0.69,1.11,1.14,0.63,5.12,0.00266,118600636,895158306.0,88.13559322033902,0.59
HK.00883,中国海洋石油,2020-10-27,0.94,0.8,0.94,0.7,4.913,0.00176,78482435,577047035.0,-27.927927927927932,1.11
HK.00883,中国海洋石油,2020-10-28,0.8,0.7,0.8,0.69,4.846,0.00101,45258591,329789364.0,-12.50000000000001,0.8
HK.00883,中国海洋石油,2020-10-29,0.61,0.59,0.64,0.49,4.773,0.0015,67076878,478011822.0,-15.714285714285714,0.7
HK.00883,中国海洋石油,2020-10-30,0.54,0.48,0.55,0.39,4.699,0.00172,76921352,541769728.0,-18.64406779661017,0.59
HK.00883,中国海洋石油,2020-11-02,0.4,0.47,0.53,0.38,4.692,0.00106,47339721,332516714.0,-2.0833333333333353,0.48
HK.00883,中国海洋石油,2020-11-03,0.67,0.73,0.81,0.64,4.866,0.00126,56124004,409780335.0,55.319148936170215,0.47
HK.00883,中国海洋石油,2020-11-04,0.74,0.69,0.81,0.64,4.839,0.00077,34592996,251653792.0,-5.479452054794526,0.73
HK.00883,中国海洋石油,2020-11-05,0.86,0.77,0.91,0.72,4.893,0.00129,57642133,423014099.0,11.594202898550735,0.69
HK.00883,中国海洋石油,2020-11-06,0.74,0.75,0.8,0.68,4.879,0.00141,62731858,457630469.0,-2.5974025974025996,0.77
HK.00883,中国海洋石油,2020-11-09,0.93,0.82,0.93,0.7,4.926,0.00129,57588555,423096974.0,9.333333333333329,0.75
HK.00883,中国海洋石油,2020-11-10,1.44,1.85,1.889999999,1.39,5.614,0.00763,340505818,2813051021.0,125.60975609756102,0.82
HK.00883,中国海洋石油,2020-11-11,2.29,2.28,2.29,1.889999999,5.901,0.00479,213728306,1864217687.0,23.243243243243228,1.85
HK.00883,中国海洋石油,2020-11-12,2.29,2.34,2.34,2.12,5.941,0.00399,178063119,1573911180.0,2.631578947368424,2.28
HK.00883,中国海洋石油,2020-11-13,2.12,1.979999999,2.14,1.78,5.7,0.00183,81814116,691671972.0,-15.384615427350424,2.34
HK.00883,中国海洋石油,2020-11-16,2.11,2.12,2.12,2.04,5.794,0.00161,71903276,621711530.0,7.070707124783196,1.979999999
HK.00883,中国海洋石油,2020-11-17,2.34,2.3,2.43,2.21,5.914,0.00293,130982936,1161012767.0,8.490566037735835,2.12
HK.00883,中国海洋石油,2020-11-18,2.3,2.32,2.37,2.18,5.927,0.00151,67230618,594566949.0,0.8695652173913052,2.3
HK.00883,中国海洋石油,2020-11-19,2.29,2.3,2.3,2.16,5.914,0.00166,74332146,653746584.0,-0.8620689655172422,2.32
HK.00883,中国海洋石油,2020-11-20,2.31,2.19,2.31,2.14,5.841,0.00112,50120411,439284790.0,-4.782608695652169,2.3
HK.00883,中国海洋石油,2020-11-23,2.33,2.62,2.66,2.29,6.128,0.00314,140257936,1273514099.0,19.63470319634704,2.19
HK.00883,中国海洋石油,2020-11-24,2.89,2.58,2.89,2.51,6.101,0.00177,79104082,725591684.0,-1.5267175572519098,2.62
HK.00883,中国海洋石油,2020-11-25,2.74,2.96,3.06,2.74,6.355,0.00367,163805144,1563860882.0,14.728682170542632,2.58
HK.00883,中国海洋石油,2020-11-26,3.03,3.04,3.12,2.92,6.408,0.00197,88046689,843266178.0,2.7027027027027053,2.96
HK.00883,中国海洋石油,2020-11-27,2.84,2.89,2.97,2.72,6.308,0.00132,58933506,555736126.0,-4.934210526315787,3.04
HK.00883,中国海洋石油,2020-11-30,2.44,1.57,2.47,1.57,5.427,0.00861,384350675,3218664013.0,-45.674740484429066,2.89
HK.00883,中国海洋石油,2020-12-01,0.94,1.19,1.4,0.9,5.173,0.01229,548847616,4230184949.0,-24.20382165605096,1.57
HK.00883,中国海洋石油,2020-12-02,1.05,1.14,1.25,0.99,5.14,0.00518,231152907,1779362710.0,-4.201680672268911,1.19
HK.00883,中国海洋石油,2020-12-03,1.22,1.14,1.35,1.14,5.14,0.00593,264831527,2058144492.0,0.0,1.14
HK.00883,中国海洋石油,2020-12-04,1.13,0.84,1.14,0.84,4.939,0.00849,378997911,2840749820.0,-26.31578947368421,1.14
HK.00883,中国海洋石油,2020-12-07,0.82,0.61,0.89,0.57,4.786,0.00881,393365034,2832664125.0,-27.38095238095238,0.84
HK.00883,中国海洋石油,2020-12-08,0.52,0.33,0.54,0.32,4.599,0.00891,397713885,2770440679.0,-45.90163934426229,0.61
HK.00883,中国海洋石油,2020-12-09,0.15,0.15,0.26,0.1,4.479,0.01082,483243925,3244235806.0,-54.545454545454554,0.33
HK.00883,中国海洋石油,2020-12-10,0.04,-0.01,0.17,-0.06,4.372,0.00952,425125639,2793100204.0,-106.66666666666669,0.15
HK.00883,中国海洋石油,2020-12-11,0.19,0.39,0.52,0.19,4.639,0.01324,591029610,4112632636.0,4000.0,-0.01
HK.00883,中国海洋石油,2020-12-14,0.44,0.63,0.76,0.37,4.799,0.00644,287601565,2064548311.0,61.53846153846153,0.39
HK.00883,中国海洋石油,2020-12-15,0.56,0.44,0.57,0.4,4.672,0.00562,251003504,1762651939.0,-30.15873015873016,0.63
HK.00883,中国海洋石油,2020-12-16,0.47,0.44,0.6,0.42,4.672,0.00515,230006548,1622038114.0,0.0,0.44
HK.00883,中国海洋石油,2020-12-17,0.45,0.52,0.59,0.33,4.726,0.00482,215370246,1519102598.0,18.181818181818183,0.44
HK.00883,中国海洋石油,2020-12-18,0.52,0.69,0.8,0.5,4.839,0.00675,301353700,2180669106.0,32.69230769230768,0.52
HK.00883,中国海洋石油,2020-12-21,0.74,0.69,0.78,0.59,4.839,0.0064,285569784,2078021246.0,0.0,0.69
HK.00883,中国海洋石油,2020-12-22,0.6,0.7,0.84,0.6,4.846,0.00417,186219595,1356848036.0,1.449275362318842,0.69
HK.00883,中国海洋石油,2020-12-23,0.67,0.68,0.76,0.65,4.833,0.00314,140139706,1017809996.0,-2.857142857142844,0.7
HK.00883,中国海洋石油,2020-12-24,0.78,0.78,0.97,0.77,4.899,0.00318,141789396,1052451717.0,14.705882352941172,0.68
HK.00883,中国海洋石油,2020-12-28,0.86,0.94,1.06,0.85,5.006,0.00397,177333282,1337386858.0,20.5128205128205,0.78
HK.00883,中国海洋石油,2020-12-29,0.84,0.82,0.95,0.7,4.926,0.00446,199110842,1472506331.0,-12.76595744680851,0.94
HK.00883,中国海洋石油,2020-12-30,0.76,0.65,0.79,0.56,4.813,0.00856,382366121,2756018366.0,-20.73170731707316,0.82
HK.00883,中国海洋石油,2020-12-31,0.59,0.62,0.69,0.44,4.793,0.00658,293576418,2091357620.0,-4.615384615384619,0.65
HK.00883,中国海洋石油,2021-01-04,0.49,0.49,0.56,0.21,4.706,0.01017,454217719,3166782643.0,-20.967741935483872,0.62
HK.00883,中国海洋石油,2021-01-05,0.26,0.5,0.69,0.24,4.712,0.01398,624374651,4394377136.0,2.040816326530614,0.49
HK.00883,中国海洋石油,2021-01-06,0.57,0.8,0.94,0.52,4.913,0.01011,451567344,3321306247.0,60.00000000000001,0.5
HK.00883,中国海洋石油,2021-01-07,0.65,0.69,0.76,0.59,4.839,0.00825,368322906,2660295747.0,-13.750000000000012,0.8
HK.00883,中国海洋石油,2021-01-08,0.34,0.56,0.68,0.34,4.753,0.00885,394931613,2806557147.0,-18.840579710144915,0.69
HK.00883,中国海洋石油,2021-01-11,0.43,0.6,0.84,0.42,4.779,0.01524,680429136,4876985839.0,7.142857142857128,0.56
HK.00883,中国海洋石油,2021-01-12,0.45,0.74,0.82,0.44,4.873,0.01278,570602030,4105395770.0,23.333333333333336,0.6
HK.00883,中国海洋石油,2021-01-13,0.94,1.14,1.39,0.92,5.14,0.01961,875712308,6812197875.0,54.05405405405405,0.74
HK.00883,中国海洋石油,2021-01-14,1.27,1.62,1.79,1.26,5.46,0.01418,633309653,5126271062.0,42.105263157894754,1.14
HK.00883,中国海洋石油,2021-01-15,1.49,1.53,1.76,1.46,5.4,0.00834,372162234,3035038779.0,-5.55555555555556,1.62
HK.00883,中国海洋石油,2021-01-18,1.59,1.69,1.889999999,1.49,5.507,0.00826,368742230,3049228378.0,10.457516339869276,1.53
HK.00883,中国海洋石油,2021-01-19,1.84,1.87,2.13,1.799999999,5.627,0.00783,349417580,2980951797.0,10.650887573964509,1.69
HK.00883,中国海洋石油,2021-01-20,1.94,1.86,2.04,1.67,5.62,0.0074,330400232,2785596319.0,-0.5347593582887704,1.87
HK.00883,中国海洋石油,2021-01-21,1.85,1.7,1.879999999,1.639999999,5.514,0.0055,245347393,2035976053.0,-8.602150537634417,1.86
HK.00883,中国海洋石油,2021-01-22,1.58,1.24,1.59,1.16,5.206,0.01161,518576514,4090685041.0,-27.058823529411764,1.7
HK.00883,中国海洋石油,2021-01-25,1.09,1.23,1.49,1.09,5.2,0.0086,383757388,3010212706.0,-0.8064516129032264,1.24
HK.00883,中国海洋石油,2021-01-26,1.49,1.04,1.67,1.04,5.073,0.04818,2151037077,16598849312.0,-15.44715447154471,1.23
HK.00883,中国海洋石油,2021-01-27,1.37,1.5,1.62,1.26,5.38,0.0288,1285849478,10205541967.0,44.230769230769226,1.04
HK.00883,中国海洋石油,2021-01-28,1.42,1.36,1.729999999,1.34,5.287,0.01152,514118560,4148541529.0,-9.333333333333329,1.5
HK.00883,中国海洋石油,2021-01-29,1.49,1.06,1.53,1.04,5.086,0.01011,451464209,3513605787.0,-22.058823529411768,1.36
HK.00883,中国海洋石油,2021-02-01,1.12,1.31,1.469999999,0.99,5.253,0.01056,471576034,3701435490.0,23.584905660377355,1.06
HK.00883,中国海洋石油,2021-02-02,1.51,1.61,1.74,1.51,5.453,0.01076,480218178,3939437854.0,22.90076335877863,1.31
HK.00883,中国海洋石油,2021-02-03,1.84,1.9,1.96,1.79,5.647,0.01059,472917041,3997956516.0,18.012422360248433,1.61
HK.00883,中国海洋石油,2021-02-04,2.04,1.889999999,2.21,1.809999999,5.64,0.00739,329733306,2830104043.0,-0.5263158421052563,1.9
HK.00883,中国海洋石油,2021-02-05,2.05,1.96,2.17,1.95,5.687,0.00773,345254311,2977292030.0,3.703703758573384,1.889999999
HK.00883,中国海洋石油,2021-02-08,2.12,2.03,2.14,1.889999999,5.734,0.00603,269314070,2321936186.0,3.5714285714285636,1.96
HK.00883,中国海洋石油,2021-02-09,2.12,2.32,2.35,2.01,5.927,0.00462,206326618,1806211235.0,14.285714285714288,2.03
HK.00883,中国海洋石油,2021-02-10,2.33,2.23,2.33,2.16,5.867,0.00261,116307525,1025525568.0,-3.87931034482758,2.32
HK.00883,中国海洋石油,2021-02-11,2.15,2.15,2.24,2.12,5.814,0.00108,48197765,419844212.0,-3.587443946188344,2.23
HK.00883,中国海洋石油,2021-02-16,2.44,2.98,3.03,2.44,6.368,0.00766,342005692,3201022727.0,38.6046511627907,2.15
HK.00883,中国海洋石油,2021-02-17,2.94,3.41,3.72,2.78,6.655,0.00704,314341760,3103278880.0,14.429530201342288,2.98
HK.00883,中国海洋石油,2021-02-18,3.5,3.56,3.98,3.24,6.755,0.01091,487045276,4974981682.0,4.398826979472139,3.41
HK.00883,中国海洋石油,2021-02-19,3.35,3.35,3.5,3.08,6.615,0.00962,429508716,4232700451.0,-5.8988764044943816,3.56
HK.00883,中国海洋石油,2021-02-22,3.52,3.5,3.82,3.17,6.715,0.0089,397544698,3991971156.0,4.477611940298504,3.35
HK.00883,中国海洋石油,2021-02-23,3.82,3.84,4.04,3.62,6.942,0.00801,357640016,3729916661.0,9.71428571428571,3.5
HK.00883,中国海洋石油,2021-02-24,3.74,3.08,3.76,2.81,6.435,0.01318,588581845,5747894592.0,-19.791666666666664,3.84
HK.00883,中国海洋石油,2021-02-25,3.52,3.3,3.52,3.2,6.582,0.00508,226961802,2243399908.0,7.142857142857134,3.08
HK.00883,中国海洋石油,2021-02-26,2.85,2.69,3.1,2.56,6.174,0.00772,344775815,3222746588.0,-18.48484848484848,3.3
HK.00883,中国海洋石油,2021-03-01,2.83,2.59,2.83,2.27,6.108,0.00909,405921632,3654496601.0,-3.7174721189591113,2.69
HK.00883,中国海洋石油,2021-03-02,2.52,2.28,2.54,2.05,5.901,0.00857,382723688,3366329851.0,-11.969111969111973,2.59
HK.00883,中国海洋石油,2021-03-03,2.29,2.6,2.69,2.19,6.114,0.00365,163057977,1474336681.0,14.03508771929826,2.28
HK.00883,中国海洋石油,2021-03-04,2.55,2.53,2.72,2.32,6.068,0.00372,165896119,1499516975.0,-2.692307692307703,2.6
HK.00883,中国海洋石油,2021-03-05,2.78,2.75,2.83,2.45,6.214,0.0063,281304474,2590263779.0,8.695652173913052,2.53
HK.00883,中国海洋石油,2021-03-08,3.22,2.94,3.62,2.76,6.341,0.00979,436942585,4210006073.0,6.909090909090907,2.75
HK.00883,中国海洋石油,2021-03-09,2.9,2.7,2.99,2.64,6.181,0.0055,245361919,2290940747.0,-8.163265306122442,2.94
HK.00883,中国海洋石油,2021-03-10,2.68,2.46,2.69,2.37,6.021,0.00388,173392762,1573859627.0,-8.888888888888896,2.7
HK.00883,中国海洋石油,2021-03-11,2.63,2.74,2.83,2.49,6.208,0.00262,117030348,1079161849.0,11.382113821138224,2.46
HK.00883,中国海洋石油,2021-03-12,2.82,2.42,2.9,2.42,5.994,0.0029,129566274,1185046648.0,-11.67883211678833,2.74
HK.00883,中国海洋石油,2021-03-15,2.51,2.56,2.73,2.5,6.088,0.0023,102574296,939863733.0,5.7851239669421535,2.42
HK.00883,中国海洋石油,2021-03-16,2.52,2.51,2.58,2.41,6.054,0.00185,82478539,747903345.0,-1.9531250000000104,2.56
HK.00883,中国海洋石油,2021-03-17,2.47,2.39,2.48,2.35,5.974,0.0023,102720989,921639220.0,-4.780876494023891,2.51
HK.00883,中国海洋石油,2021-03-18,2.36,2.21,2.39,2.17,5.854,0.00442,197311449,1738104065.0,-7.531380753138081,2.39
HK.00883,中国海洋石油,2021-03-19,1.879999999,1.799999999,1.92,1.61,5.58,0.01053,470193989,3918045807.0,-18.552036244343892,2.21
HK.00883,中国海洋石油,2021-03-22,1.82,1.78,2.02,1.7,5.567,0.00388,173295868,1453028688.0,-1.111111056172836,1.799999999
HK.00883,中国海洋石油,2021-03-23,1.799999999,1.7,1.879999999,1.549999999,5.514,0.00416,185601381,1523181916.0,-4.494382022471914,1.78
HK.00883,中国海洋石油,2021-03-24,1.5,1.549999999,1.629999999,1.44,5.413,0.00489,218309293,1762814021.0,-8.823529470588236,1.7
HK.00883,中国海洋石油,2021-03-25,1.629999999,1.52,1.639999999,1.46,5.393,0.00248,110756484,896998289.0,-1.9354838077003087,1.549999999
HK.00883,中国海洋石油,2021-03-26,1.549999999,1.84,1.84,1.49,12.631,0.00267,119006493,981234844.0,21.052631578947373,1.52
HK.00883,中国海洋石油,2021-03-29,1.9,1.719999999,1.91,1.67,12.451,0.00278,124116253,1038375552.0,-6.521739184782619,1.84
HK.00883,中国海洋石油,2021-03-30,1.82,1.67,1.85,1.66,12.375,0.00196,87305449,724440930.0,-2.9069766877366123,1.719999999
HK.00883,中国海洋石油,2021-03-31,1.7,1.57,1.719999999,1.44,12.225,0.00336,149950989,1212127713.0,-5.9880239520958005,1.67
HK.00883,中国海洋石油,2021-04-01,1.549999999,1.549999999,1.69,1.52,12.195,0.00188,83904201,684184885.0,-1.2738854140127451,1.57
HK.00883,中国海洋石油,2021-04-07,1.59,1.58,1.67,1.5,12.24,0.00408,181998143,1487475638.0,1.9354839367325771,1.549999999
HK.00883,中国海洋石油,2021-04-08,1.62,1.26,1.629999999,1.11,11.759,0.01343,599471287,4698721811.0,-20.253164556962027,1.58
HK.00883,中国海洋石油,2021-04-09,1.26,1.35,1.469999999,1.21,11.894,0.00455,202961518,1604620914.0,7.1428571428571495,1.26
HK.00883,中国海洋石油,2021-04-12,1.4,1.42,1.559999999,1.4,12.0,0.00245,109383774,877630086.0,5.185185185185174,1.35
HK.00883,中国海洋石油,2021-04-13,1.479999999,1.35,1.49,1.29,11.894,0.00247,110155384,876190522.0,-4.929577464788721,1.42
HK.00883,中国海洋石油,2021-04-14,1.42,1.49,1.549999999,1.4,12.105,0.00185,82551074,664344449.0,10.370370370370363,1.35
HK.00883,中国海洋石油,2021-04-15,1.62,1.62,1.69,1.59,12.3,0.00224,99931786,818964079.0,8.724832214765108,1.49
HK.00883,中国海洋石油,2021-04-16,1.71,1.87,1.94,1.69,12.676,0.00376,167776131,1411265030.0,15.432098765432098,1.62
HK.00883,中国海洋石油,2021-04-19,1.86,1.83,1.969999999,1.68,12.616,0.00155,69254514,583987592.0,-2.1390374331550817,1.87
HK.00883,中国海洋石油,2021-04-20,1.83,1.799999999,1.86,1.68,12.571,0.00213,95087432,791999755.0,-1.639344316939897,1.83
HK.00883,中国海洋石油,2021-04-21,1.69,1.67,1.71,1.57,12.375,0.00181,80680051,660015747.0,-7.222222170679014,1.799999999
HK.00883,中国海洋石油,2021-04-22,1.639999999,1.629999999,1.66,1.57,12.315,0.00147,65480259,534752537.0,-2.395209640718557,1.67
HK.00883,中国海洋石油,2021-04-23,1.66,1.62,1.729999999,1.559999999,12.3,0.00152,67838554,555664000.0,-0.613496871542018,1.629999999
HK.00883,中国海洋石油,2021-04-26,1.639999999,1.61,1.68,1.58,12.285,0.00134,60021996,490983810.0,-0.6172839506172845,1.62
HK.00883,中国海洋石油,2021-04-27,1.61,1.57,1.67,1.559999999,12.225,0.00164,73060809,596972222.0,-2.484472049689443,1.61
HK.00883,中国海洋石油,2021-04-28,1.61,1.58,1.639999999,1.58,12.24,0.00102,45386380,370355833.0,0.6369426751592362,1.57
HK.00883,中国海洋石油,2021-04-29,1.639999999,1.68,1.77,1.639999999,12.39,0.00134,59724505,493943258.0,6.329113924050624,1.58
HK.00883,中国海洋石油,2021-04-30,1.75,1.68,1.76,1.68,12.39,0.00101,45154381,373231036.0,0.0,1.68
HK.00883,中国海洋石油,2021-05-03,1.639999999,1.6,1.66,1.5,12.27,0.00085,38117153,309761644.0,-4.761904761904753,1.68
HK.00883,中国海洋石油,2021-05-04,1.65,1.729999999,1.82,1.61,12.466,0.00109,48496534,402292591.0,8.124999937499988,1.6
HK.00883,中国海洋石油,2021-05-05,1.77,1.879999999,1.96,1.76,12.691,0.00198,88423079,747996942.0,8.670520236225743,1.729999999
HK.00883,中国海洋石油,2021-05-06,1.93,2.08,2.17,1.9,12.992,0.00405,180930279,1561523360.0,10.638297931190586,1.879999999
HK.00883,中国海洋石油,2021-05-07,2.13,2.16,2.38,2.08,13.112,0.00351,156526514,1376895510.0,3.84615384615385,2.08
HK.00883,中国海洋石油,2021-05-10,2.36,2.56,2.66,2.33,13.714,0.00533,238044992,2150377491.0,18.518518518518512,2.16
HK.00883,中国海洋石油,2021-05-11,2.39,2.24,2.4,2.22,13.233,0.00272,121489884,1074393099.0,-12.499999999999991,2.56
HK.00883,中国海洋石油,2021-05-12,2.24,2.27,2.35,2.05,13.278,0.00203,90495523,791620873.0,1.3392857142857053,2.24
HK.00883,中国海洋石油,2021-05-13,2.22,2.07,2.44,2.04,12.977,0.00214,95660790,841854561.0,-8.810572687224678,2.27
HK.00883,中国海洋石油,2021-05-14,2.03,2.04,2.1,1.94,12.932,0.00167,74439669,639365330.0,-1.4492753623188313,2.07
HK.00883,中国海洋石油,2021-05-17,2.16,1.979999999,2.22,1.91,12.842,0.00217,96763528,833087878.0,-2.9411765196078496,2.04
HK.00883,中国海洋石油,2021-05-18,2.13,2.25,2.29,2.1,13.248,0.002,89077905,783287310.0,13.636363693755746,1.979999999
HK.00883,中国海洋石油,2021-05-20,1.969999999,1.94,2.04,1.91,12.781,0.00302,134993201,1148696278.0,-13.77777777777778,2.25
HK.00883,中国海洋石油,2021-05-21,1.9,1.879999999,1.99,1.85,12.691,0.00161,72039497,609446299.0,-3.0927835567010264,1.94
HK.00883,中国海洋石油,2021-05-24,1.889999999,1.92,1.969999999,1.85,12.751,0.00123,54752016,463420525.0,2.127659628791303,1.879999999
HK.00883,中国海洋石油,2021-05-25,2.05,2.0,2.11,1.969999999,12.872,0.00167,74562009,639737327.0,4.1666666666666705,1.92
HK.00883,中国海洋石油,2021-05-26,1.969999999,1.969999999,2.01,1.87,12.827,0.0023,102738801,872095621.0,-1.5000000500000057,2.0
HK.00883,中国海洋石油,2021-05-27,1.94,1.9,2.0,1.79,12.721,0.00215,95773407,806650530.0,-3.55329944342807,1.969999999
HK.00883,中国海洋石油,2021-05-28,2.0,1.94,2.04,1.91,12.781,0.00153,68162611,581025458.0,2.105263157894739,1.9
HK.00883,中国海洋石油,2021-05-31,1.9,1.87,1.969999999,1.84,12.676,0.00188,83757949,707545665.0,-3.608247422680405,1.94
HK.00883,中国海洋石油,2021-06-01,1.93,2.15,2.2,1.85,13.097,0.00315,140739748,1213490098.0,14.973262032085549,1.87
HK.00883,中国海洋石油,2021-06-02,2.24,2.22,2.31,2.15,13.203,0.00231,103255228,906636054.0,3.2558139534883854,2.15
HK.00883,中国海洋石油,2021-06-03,2.36,2.24,2.43,2.2,12.857,0.00288,128480176,1108915519.0,0.9009009009009016,2.22
HK.00883,中国海洋石油,2021-06-04,2.19,2.21,2.25,2.129999999,12.812,0.00275,122671885,1042113839.0,-1.3392857142857253,2.24
HK.00883,中国海洋石油,2021-06-07,2.32,2.41,2.51,2.27,13.112,0.0043,191952568,1678103447.0,9.049773755656116,2.21
HK.00883,中国海洋石油,2021-06-08,2.42,2.45,2.52,2.35,13.172,0.00205,91466266,799972265.0,1.6597510373443998,2.41
HK.00883,中国海洋石油,2021-06-09,2.54,2.71,2.74,2.46,13.563,0.0046,205411737,1842370035.0,10.612244897959174,2.45
HK.00883,中国海洋石油,2021-06-10,2.67,2.71,2.71,2.59,13.563,0.00215,95849195,858241473.0,0.0,2.71
HK.00883,中国海洋石油,2021-06-11,2.74,2.83,2.96,2.71,13.744,0.00387,172756858,1580930925.0,4.428044280442808,2.71
HK.00883,中国海洋石油,2021-06-15,2.89,2.61,2.94,2.56,13.413,0.00304,135694261,1220176181.0,-7.773851590106013,2.83
HK.00883,中国海洋石油,2021-06-16,2.73,2.59,2.81,2.57,13.383,0.00256,114207624,1026076357.0,-0.7662835249042153,2.61
HK.00883,中国海洋石油,2021-06-17,2.55,2.53,2.57,2.4,13.293,0.00247,110277023,971530259.0,-2.316602316602319,2.59
HK.00883,中国海洋石油,2021-06-18,2.4,2.35,2.43,2.28,13.022,0.00276,123019374,1063903117.0,-7.114624505928843,2.53
HK.00883,中国海洋石油,2021-06-21,2.27,2.36,2.51,2.26,13.037,0.00217,96777764,841361624.0,0.4255319148936079,2.35
HK.00883,中国海洋石油,2021-06-22,2.51,2.6,2.7,2.47,13.398,0.00269,120200175,1075727760.0,10.169491525423735,2.36
HK.00883,中国海洋石油,2021-06-23,2.64,2.65,2.74,2.62,13.473,0.00164,73229481,657697106.0,1.923076923076916,2.6
HK.00883,中国海洋石油,2021-06-24,2.65,2.66,2.83,2.65,13.488,0.00174,77831281,705152237.0,0.3773584905660465,2.65
HK.00883,中国海洋石油,2021-06-25,2.67,2.89,2.89,2.67,13.834,0.00268,119632951,1095578796.0,8.646616541353383,2.66
HK.00883,中国海洋石油,2021-06-28,2.98,2.78,2.99,2.74,13.669,0.00192,85579249,785014308.0,-3.8062283737024334,2.89
HK.00883,中国海洋石油,2021-06-29,2.67,2.52,2.77,2.52,13.278,0.00296,132343000,1181045085.0,-9.352517985611504,2.78
HK.00883,中国海洋石油,2021-06-30,2.57,2.52,2.72,2.5,13.278,0.00153,68328296,607848053.0,0.0,2.52
HK.00883,中国海洋石油,2021-07-02,2.7,2.61,2.81,2.57,13.413,0.00298,133206269,1199103678.0,3.571428571428566,2.52
HK.00883,中国海洋石油,2021-07-05,2.59,2.68,2.79,2.58,13.518,0.00195,86987200,781251469.0,2.681992337164762,2.61
HK.00883,中国海洋石油,2021-07-06,2.78,2.81,2.85,2.67,13.714,0.00252,112537456,1022553575.0,4.850746268656712,2.68
HK.00883,中国海洋石油,2021-07-07,2.63,2.59,2.69,2.51,13.383,0.00275,122577094,1089247695.0,-7.829181494661928,2.81
HK.00883,中国海洋石油,2021-07-08,2.49,2.09,2.51,2.07,12.631,0.00599,267524982,2277184165.0,-19.305019305019304,2.59
HK.00883,中国海洋石油,2021-07-09,2.19,2.1,2.21,1.99,12.646,0.00251,112147562,940956425.0,0.4784688995215422,2.09
HK.00883,中国海洋石油,2021-07-12,2.229999999,2.059999999,2.24,1.979999999,12.586,0.00265,118326121,994622815.0,-1.904761952380958,2.1
HK.00883,中国海洋石油,2021-07-13,2.09,2.08,2.12,1.95,12.616,0.00243,108590725,905414585.0,0.9708738354227592,2.059999999
HK.00883,中国海洋石油,2021-07-14,2.09,1.99,2.12,1.94,12.481,0.00201,89839100,745993924.0,-4.32692307692308,2.08
HK.00883,中国海洋石油,2021-07-15,1.84,1.92,1.99,1.77,12.375,0.00301,134246160,1103371353.0,-3.5175879396984957,1.99
HK.00883,中国海洋石油,2021-07-16,1.85,1.809999999,1.9,1.77,12.21,0.00333,148660450,1208902256.0,-5.7291667187499975,1.92
HK.00883,中国海洋石油,2021-07-19,1.77,1.67,1.78,1.59,12.0,0.00309,137846062,1099352280.0,-7.734806578859012,1.809999999
HK.00883,中国海洋石油,2021-07-20,1.49,1.53,1.57,1.34,11.789,0.00492,219659745,1702250198.0,-8.383233532934126,1.67
HK.00883,中国海洋石油,2021-07-21,1.54,1.53,1.61,1.41,11.789,0.0016,71655700,559847617.0,0.0,1.53
HK.00883,中国海洋石油,2021-07-22,1.71,1.799999999,1.83,1.63,12.195,0.00305,136004960,1093413567.0,17.64705875816993,1.53
HK.00883,中国海洋石油,2021-07-23,1.809999999,1.78,1.93,1.76,12.165,0.00129,57538022,468210744.0,-1.111111056172836,1.799999999
HK.00883,中国海洋石油,2021-07-26,1.71,1.57,1.77,1.47,11.849,0.00272,121311200,957827136.0,-11.797752808988765,1.78
HK.00883,中国海洋石油,2021-07-27,1.54,1.46,1.71,1.31,11.684,0.00515,229981136,1791412002.0,-7.006369426751598,1.57
HK.00883,中国海洋石油,2021-07-28,1.57,1.43,1.61,1.4,11.639,0.00256,114313426,893417161.0,-2.054794520547947,1.46
HK.00883,中国海洋石油,2021-07-29,1.5,1.48,1.59,1.39,11.714,0.00351,156777656,1215613836.0,3.4965034965034993,1.43
HK.00883,中国海洋石油,2021-07-30,1.47,1.39,1.48,1.28,11.578,0.00258,115283717,883042623.0,-6.081081081081086,1.48
HK.00883,中国海洋石油,2021-08-02,1.39,1.49,1.61,1.32,11.729,0.00207,92437585,719863260.0,7.1942446043165535,1.39
HK.00883,中国海洋石油,2021-08-03,1.47,1.49,1.58,1.39,11.729,0.00167,74495211,580453346.0,0.0,1.49
HK.00883,中国海洋石油,2021-08-04,1.49,1.5,1.56,1.41,11.744,0.00144,64327327,502541600.0,0.671140939597316,1.49
HK.00883,中国海洋石油,2021-08-05,1.42,1.54,1.57,1.36,11.804,0.00248,110844211,862747018.0,2.6666666666666687,1.5
HK.00883,中国海洋石油,2021-08-06,1.57,1.78,1.92,1.44,12.165,0.00312,139215283,1124256797.0,15.584415584415584,1.54
HK.00883,中国海洋石油,2021-08-09,1.69,1.76,1.85,1.59,12.135,0.00144,64308304,519358810.0,-1.1235955056179785,1.78
HK.00883,中国海洋石油,2021-08-10,1.76,1.76,1.79,1.6,12.135,0.0017,75837914,606537752.0,0.0,1.76
HK.00883,中国海洋石油,2021-08-11,1.77,1.83,1.969999999,1.75,12.24,0.00189,84194289,690542744.0,3.97727272727273,1.76
HK.00883,中国海洋石油,2021-08-12,1.889999999,1.92,1.99,1.85,12.375,0.00147,65653346,541953329.0,4.918032786885238,1.83
HK.00883,中国海洋石油,2021-08-13,1.84,1.95,2.049999999,1.83,12.421,0.00131,58290414,482933878.0,1.562500000000001,1.92
HK.00883,中国海洋石油,2021-08-16,1.87,1.95,2.03,1.85,12.421,0.00115,51203262,422953700.0,0.0,1.95
HK.00883,中国海洋石油,2021-08-17,1.979999999,1.76,1.99,1.7,12.135,0.00191,85110107,689567533.0,-9.74358974358974,1.95
HK.00883,中国海洋石油,2021-08-18,1.76,1.95,2.01,1.74,12.421,0.00262,117117149,968022494.0,10.795454545454543,1.76
HK.00883,中国海洋石油,2021-08-19,1.84,1.799999999,1.94,1.71,12.195,0.0021,93868316,761908325.0,-7.692307743589744,1.95
HK.00883,中国海洋石油,2021-08-20,1.64,1.59,1.65,1.32,11.879,0.00538,240137409,1871077174.0,-11.666666617592586,1.799999999
HK.00883,中国海洋石油,2021-08-23,1.59,1.48,1.62,1.39,11.714,0.00298,133006815,1035750940.0,-6.918238993710697,1.59
HK.00883,中国海洋石油,2021-08-24,1.61,1.52,1.65,1.44,11.774,0.00212,94678523,743356333.0,2.7027027027027053,1.48
HK.00883,中国海洋石油,2021-08-25,1.57,1.5,1.59,1.47,11.744,0.00156,69497744,542900136.0,-1.3157894736842115,1.52
HK.00883,中国海洋石油,2021-08-26,1.49,1.42,1.52,1.4,11.624,0.00179,79736455,617528769.0,-5.3333333333333375,1.5
HK.00883,中国海洋石油,2021-08-27,1.43,1.43,1.49,1.38,11.639,0.00215,96163079,744487375.0,0.7042253521126767,1.42
HK.00883,中国海洋石油,2021-08-30,1.49,1.49,1.52,1.45,11.729,0.00213,95294246,741968897.0,4.195804195804199,1.43
HK.00883,中国海洋石油,2021-08-31,1.5,1.46,1.53,1.41,11.684,0.00256,114484931,888085364.0,-2.0134228187919483,1.49
HK.00883,中国海洋石油,2021-09-01,1.47,1.63,1.67,1.45,11.939,0.00241,107640888,850204410.0,11.643835616438352,1.46
HK.00883,中国海洋石油,2021-09-02,1.69,1.66,1.74,1.62,11.533,0.002,89494300,687703266.0,1.840490797546014,1.63
HK.00883,中国海洋石油,2021-09-03,1.74,1.69,1.87,1.69,11.578,0.00384,171283013,1332050449.0,1.807228915662652,1.66
HK.00883,中国海洋石油,2021-09-06,1.7,1.76,1.85,1.7,11.684,0.0014,62290470,486062937.0,4.14201183431953,1.69
HK.00883,中国海洋石油,2021-09-07,1.79,1.8,1.85,1.74,11.744,0.00201,89901475,701211050.0,2.2727272727272747,1.76
HK.00883,中国海洋石油,2021-09-08,1.79,1.72,1.86,1.71,11.624,0.0013,57826281,449692301.0,-4.444444444444448,1.8
HK.00883,中国海洋石油,2021-09-09,1.76,1.86,1.96,1.69,11.834,0.00311,139061354,1094078507.0,8.139534883720938,1.72
HK.00883,中国海洋石油,2021-09-10,1.88,2.06,2.14,1.87,12.135,0.00303,135288495,1089641053.0,10.752688172043008,1.86
HK.00883,中国海洋石油,2021-09-13,2.12,2.279999999,2.349999999,2.09,12.466,0.00431,192499383,1585960801.0,10.679611601941753,2.06
HK.00883,中国海洋石油,2021-09-14,2.34,2.23,2.48,2.23,12.39,0.00392,174948979,1464631523.0,-2.192982413242544,2.279999999
HK.00883,中国海洋石油,2021-09-15,2.3,2.21,2.37,2.189999999,12.36,0.00214,95676850,791415414.0,-0.896860986547086,2.23
HK.00883,中国海洋石油,2021-09-16,2.39,2.22,2.41,2.109999999,12.375,0.0017,75941093,627690217.0,0.4524886877828158,2.21
HK.00883,中国海洋石油,2021-09-17,2.189999999,2.06,2.26,2.019999999,12.135,0.00105,46895262,379648329.0,-7.207207207207213,2.22
HK.00883,中国海洋石油,2021-09-20,2.08,1.82,2.08,1.75,11.774,0.00178,79358444,621425869.0,-11.650485436893202,2.06
HK.00883,中国海洋石油,2021-09-21,1.74,1.79,1.84,1.73,11.729,0.00106,47505645,369830240.0,-1.6483516483516498,1.82
HK.00883,中国海洋石油,2021-09-23,2.05,2.019999999,2.22,1.95,12.075,0.00254,113540668,918828731.0,12.849161955307256,1.79
HK.00883,中国海洋石油,2021-09-24,2.15,2.06,2.26,2.05,12.135,0.00244,108821794,890463822.0,1.9801980702872328,2.019999999
HK.00883,中国海洋石油,2021-09-27,2.34,2.47,2.62,2.34,12.751,0.00664,296546334,2519512898.0,19.902912621359228,2.06
HK.00883,中国海洋石油,2021-09-28,2.57,2.96,2.99,2.48,13.488,0.00812,362709816,3201936204.0,19.838056680161937,2.47
HK.00883,中国海洋石油,2021-09-29,2.83,2.72,2.98,2.69,13.127,0.00256,114198825,1009038588.0,-8.1081081081081,2.96
HK.00883,中国海洋石油,2021-09-30,2.77,2.69,2.77,2.54,13.082,0.00129,57399065,497064810.0,-1.1029411764705974,2.72
HK.00883,中国海洋石油,2021-10-04,2.78,2.73,2.81,2.64,13.142,0.00105,46995249,410885440.0,1.4869888475836444,2.69
HK.00883,中国海洋石油,2021-10-05,2.81,2.95,2.97,2.76,13.473,0.00196,87702226,780761117.0,8.058608058608066,2.73
HK.00883,中国海洋石油,2021-10-06,2.99,3.16,3.19,2.97,13.789,0.00304,135762197,1239450516.0,7.118644067796609,2.95
HK.00883,中国海洋石油,2021-10-07,3.01,2.84,3.13,2.74,13.308,0.0024,107000320,948948064.0,-10.12658227848102,3.16
HK.00883,中国海洋石油,2021-10-08,2.97,2.89,3.07,2.68,13.383,0.00339,151488754,1349156202.0,1.7605633802816996,2.84
HK.00883,中国海洋石油,2021-10-11,3.07,2.89,3.09,2.87,13.383,0.0023,102885654,922620785.0,0.0,2.89
HK.00883,中国海洋石油,2021-10-12,2.9,2.68,2.92,2.58,13.067,0.00238,106397869,925438318.0,-7.266435986159168,2.89
HK.00883,中国海洋石油,2021-10-15,2.68,2.67,2.74,2.5,13.052,0.00177,79136673,685212618.0,-0.3731343283582175,2.68
HK.00883,中国海洋石油,2021-10-18,2.77,2.79,2.82,2.69,13.233,0.00139,62153672,545521943.0,4.494382022471914,2.67
HK.00883,中国海洋石油,2021-10-19,2.78,2.79,2.82,2.7,13.233,0.00136,60824264,533409729.0,0.0,2.79
HK.00883,中国海洋石油,2021-10-20,2.76,2.59,2.76,2.54,12.932,0.00228,102001912,881190795.0,-7.1684587813620135,2.79
HK.00883,中国海洋石油,2021-10-21,2.68,2.68,2.75,2.64,13.067,0.00148,66168830,576428507.0,3.4749034749034866,2.59
HK.00883,中国海洋石油,2021-10-22,2.64,2.54,2.66,2.5,12.857,0.00157,70268270,601308183.0,-5.22388059701493,2.68
HK.00883,中国海洋石油,2021-10-25,2.54,2.65,2.66,2.54,13.022,0.00112,49964498,429849532.0,4.330708661417318,2.54
HK.00883,中国海洋石油,2021-10-26,2.66,2.55,2.67,2.54,12.872,0.00112,49988587,428661684.0,-3.773584905660381,2.65
HK.00883,中国海洋石油,2021-10-27,2.59,2.51,2.59,2.269999999,12.812,0.00231,103114143,868628668.0,-1.5686274509803937,2.55
HK.00883,中国海洋石油,2021-10-28,2.38,2.429999999,2.529999999,2.3,12.691,0.00208,92874126,778253314.0,-3.187251035856562,2.51
HK.00883,中国海洋石油,2021-10-29,2.49,2.57,2.69,2.439999999,12.902,0.00183,81564942,699758528.0,5.7613169159511495,2.429999999
HK.00883,中国海洋石油,2021-11-01,2.54,2.529999999,2.64,2.429999999,12.842,0.00091,40547542,345643340.0,-1.5564202723735283,2.57
HK.00883,中国海洋石油,2021-11-02,2.63,2.46,2.69,2.4,12.736,0.00098,43866013,374032043.0,-2.7667983805402443,2.529999999
HK.00883,中国海洋石油,2021-11-03,2.39,2.4,2.49,2.39,12.646,0.00081,36130317,304956247.0,-2.4390243902439046,2.46
HK.00883,中国海洋石油,2021-11-04,2.31,2.33,2.359999999,2.25,12.541,0.0011,49281810,410194521.0,-2.9166666666666603,2.4
HK.00883,中国海洋石油,2021-11-05,2.21,2.15,2.269999999,2.07,12.27,0.0017,75728364,619110420.0,-7.725321888412023,2.33
HK.00883,中国海洋石油,2021-11-08,2.15,2.2,2.269999999,2.14,12.345,0.00107,47896023,394000078.0,2.32558139534885,2.15
HK.00883,中国海洋石油,2021-11-09,2.25,2.17,2.269999999,2.17,12.3,0.00061,27024827,221871706.0,-1.3636363636363749,2.2
HK.00883,中国海洋石油,2021-11-10,2.25,2.189999999,2.279999999,2.099999999,12.33,0.00084,37393580,306320433.0,0.921658940092163,2.17
HK.00883,中国海洋石油,2021-11-11,2.109999999,2.12,2.15,2.029999999,12.225,0.00174,77802635,630731879.0,-3.1963469877608777,2.189999999
HK.00883,中国海洋石油,2021-11-12,2.12,2.14,2.22,2.09,12.255,0.00109,48846965,398326789.0,0.9433962264150952,2.12
HK.00883,中国海洋石油,2021-11-15,2.23,2.109999999,2.23,2.07,12.21,0.00089,39851041,324011110.0,-1.401869205607492,2.14
HK.00883,中国海洋石油,2021-11-16,2.07,2.16,2.2,2.07,12.285,0.00116,51791496,423083711.0,2.369668294961945,2.109999999
HK.00883,中国海洋石油,2021-11-17,2.16,2.109999999,2.16,2.08,12.21,0.00088,39367978,319950694.0,-2.314814861111127,2.16
HK.00883,中国海洋石油,2021-11-18,2.06,2.05,2.12,2.04,12.12,0.00088,39210535,316591430.0,-2.8436018496889095,2.109999999
HK.00883,中国海洋石油,2021-11-19,2.07,2.09,2.16,2.019999999,12.18,0.00085,38136272,308919203.0,1.9512195121951237,2.05
HK.00883,中国海洋石油,2021-11-22,2.07,1.95,2.109999999,1.89,11.969,0.00232,103758969,826374995.0,-6.698564593301431,2.09
HK.00883,中国海洋石油,2021-11-23,1.97,1.9,1.98,1.86,11.894,0.00175,78323455,619482748.0,-2.5641025641025665,1.95
HK.00883,中国海洋石油,2021-11-24,1.99,1.94,2.04,1.91,11.954,0.0011,49324652,392828336.0,2.105263157894739,1.9
HK.00883,中国海洋石油,2021-11-25,1.95,1.94,1.99,1.82,11.954,0.00126,56266258,444195671.0,0.0,1.94
HK.00883,中国海洋石油,2021-11-26,1.88,1.77,1.88,1.74,11.699,0.0019,84904720,662136443.0,-8.762886597938142,1.94
HK.00883,中国海洋石油,2021-11-29,1.67,1.74,1.83,1.64,11.654,0.00165,73879267,572745758.0,-1.6949152542372896,1.77
HK.00883,中国海洋石油,2021-11-30,1.74,1.65,1.75,1.54,11.518,0.0018,80415966,614502081.0,-5.172413793103453,1.74
HK.00883,中国海洋石油,2021-12-01,1.65,1.77,1.84,1.63,11.699,0.00105,47002708,365353673.0,7.27272727272728,1.65
HK.00883,中国海洋石油,2021-12-02,1.73,1.79,1.86,1.72,11.729,0.00098,43750353,341897323.0,1.12994350282486,1.77
HK.00883,中国海洋石油,2021-12-03,1.79,1.7,1.84,1.67,11.593,0.00182,81196747,627784205.0,-5.027932960893859,1.79
HK.00883,中国海洋石油,2021-12-06,1.7,1.71,1.8,1.61,11.609,0.00128,57306340,442867118.0,0.5882352941176475,1.7
HK.00883,中国海洋石油,2021-12-07,1.79,1.76,1.8,1.7,11.684,0.00112,49913058,386970508.0,2.9239766081871372,1.71
HK.00883,中国海洋石油,2021-12-08,1.81,1.74,1.82,1.68,11.654,0.00117,52049225,402621746.0,-1.1363636363636374,1.76
HK.00883,中国海洋石油,2021-12-09,1.74,1.73,1.79,1.72,11.639,0.00111,49760649,386184286.0,-0.5747126436781614,1.74
HK.00883,中国海洋石油,2021-12-10,1.71,1.73,1.77,1.66,11.639,0.00108,48179155,371567301.0,0.0,1.73
HK.00883,中国海洋石油,2021-12-13,1.75,1.74,1.82,1.69,11.654,0.00111,49530047,385707402.0,0.5780346820809253,1.73
HK.00883,中国海洋石油,2021-12-14,1.7,1.67,1.75,1.67,11.548,0.00084,37339050,287538721.0,-4.02298850574713,1.74
HK.00883,中国海洋石油,2021-12-15,1.71,1.69,1.73,1.64,11.578,0.00115,51433465,396477125.0,1.197604790419163,1.67
HK.00883,中国海洋石油,2021-12-16,1.68,1.74,1.79,1.66,11.654,0.00125,55766189,432391970.0,2.9585798816568074,1.69
HK.00883,中国海洋石油,2021-12-17,1.79,1.87,1.95,1.76,11.849,0.00193,85964065,677457585.0,7.471264367816098,1.74
HK.00883,中国海洋石油,2021-12-20,1.82,1.81,1.92,1.76,11.759,0.00171,76179530,599239503.0,-3.208556149732623,1.87
HK.00883,中国海洋石油,2021-12-21,1.8,1.78,1.88,1.77,11.714,0.00104,46308035,363034241.0,-1.657458563535913,1.81
HK.00883,中国海洋石油,2021-12-22,1.8,1.86,1.95,1.74,11.834,0.00137,61069082,482100683.0,4.494382022471914,1.78
HK.00883,中国海洋石油,2021-12-23,1.96,2.01,2.099999999,1.91,12.06,0.00178,79487826,640043895.0,8.064516129032242,1.86
HK.00883,中国海洋石油,2021-12-24,2.06,2.09,2.16,2.05,12.18,0.00072,31962446,259986175.0,3.9800995024875663,2.01
HK.00883,中国海洋石油,2021-12-28,2.179999999,2.16,2.23,2.13,12.285,0.00162,72471476,592678531.0,3.3492822966507316,2.09
HK.00883,中国海洋石油,2021-12-29,2.21,2.12,2.21,2.08,12.225,0.00065,29143060,237211019.0,-1.8518518518518536,2.16
HK.00883,中国海洋石油,2021-12-30,2.13,2.019999999,2.16,1.98,12.075,0.00077,34548950,277560172.0,-4.716981179245291,2.12
HK.00883,中国海洋石油,2021-12-31,2.029999999,2.019999999,2.06,1.99,12.075,0.00032,14146550,113689875.0,0.0,2.019999999
HK.00883,中国海洋石油,2022-01-03,2.019999999,2.08,2.15,2.019999999,12.165,0.00042,18826599,152509233.0,2.970297080678372,2.019999999
HK.00883,中国海洋石油,2022-01-04,2.12,2.189999999,2.31,2.12,12.33,0.00185,82450130,680815281.0,5.288461490384605,2.08
HK.00883,中国海洋石油,2022-01-05,2.31,2.39,2.57,2.29,12.631,0.00434,193578308,1640226897.0,9.13242014115637,2.189999999
HK.00883,中国海洋石油,2022-01-06,2.4,2.529999999,2.55,2.4,12.842,0.00174,77609289,660153181.0,5.857740543933056,2.39
HK.00883,中国海洋石油,2022-01-07,2.59,2.58,2.64,2.529999999,12.917,0.00169,75301301,648601495.0,1.9762846252870652,2.529999999
HK.00883,中国海洋石油,2022-01-10,2.56,2.529999999,2.59,2.47,12.842,0.00096,42888502,366942366.0,-1.937984534883717,2.58
HK.00883,中国海洋石油,2022-01-11,2.47,2.56,2.61,2.41,12.887,0.00107,47896336,409285886.0,1.1857707909825137,2.529999999
HK.00883,中国海洋石油,2022-01-12,3.44,3.14,3.51,3.1,13.759,0.00766,342176397,3167899298.0,22.656250000000004,2.56
HK.00883,中国海洋石油,2022-01-13,3.22,3.23,3.37,3.17,13.894,0.00295,131756031,1221531286.0,2.866242038216556,3.14
HK.00883,中国海洋石油,2022-01-14,3.22,3.19,3.28,3.12,13.834,0.00186,83076654,765401267.0,-1.2383900928792582,3.23
HK.00883,中国海洋石油,2022-01-17,3.25,3.29,3.34,3.21,13.984,0.00223,99767577,926953768.0,3.134796238244517,3.19
HK.00883,中国海洋石油,2022-01-18,3.29,3.34,3.41,3.23,14.06,0.00246,109725989,1023784013.0,1.5197568389057698,3.29
HK.00883,中国海洋石油,2022-01-19,3.39,3.42,3.49,3.37,14.18,0.00229,102410994,966962570.0,2.395209580838326,3.34
HK.00883,中国海洋石油,2022-01-20,3.42,3.3,3.48,3.27,14.0,0.00253,112790507,1053772595.0,-3.5087719298245648,3.42
HK.00883,中国海洋石油,2022-01-21,3.2,3.27,3.29,3.14,13.954,0.0024,107042058,988023301.0,-0.9090909090909032,3.3
HK.00883,中国海洋石油,2022-01-24,3.25,3.34,3.4,3.19,14.06,0.00202,90012107,841925463.0,2.1406727828746126,3.27
HK.00883,中国海洋石油,2022-01-25,3.26,3.23,3.35,3.17,13.894,0.00212,94847844,880169694.0,-3.2934131736526906,3.34
HK.00883,中国海洋石油,2022-01-26,3.3,3.4,3.48,3.29,14.15,0.00213,95103838,892948919.0,5.26315789473684,3.23
HK.00883,中国海洋石油,2022-01-27,3.41,3.3,3.47,3.28,14.0,0.00118,52800402,493639408.0,-2.941176470588238,3.4
HK.00883,中国海洋石油,2022-01-28,3.27,3.33,3.43,3.27,14.045,0.00077,34287442,320205871.0,0.9090909090909168,3.3
HK.00883,中国海洋石油,2022-01-31,3.29,3.35,3.4,3.29,14.075,0.00039,17430000,163342100.0,0.6006006006006012,3.33
HK.00883,中国海洋石油,2022-02-04,3.49,3.49,3.58,3.47,14.285,0.00161,71712611,683163968.0,4.1791044776119435,3.35
HK.00883,中国海洋石油,2022-02-07,3.59,3.89,3.98,3.59,14.887,0.00578,258084761,2533894040.0,11.461318051575928,3.49
HK.00883,中国海洋石油,2022-02-08,3.85,3.78,3.99,3.69,14.721,0.0035,156433650,1536484533.0,-2.827763496143967,3.89
HK.00883,中国海洋石油,2022-02-09,3.72,3.85,4.03,3.7,14.827,0.00404,180575969,1792738267.0,1.8518518518518592,3.78
HK.00883,中国海洋石油,2022-02-10,3.92,3.85,3.98,3.74,14.827,0.00251,112211401,1105335018.0,0.0,3.85
HK.00883,中国海洋石油,2022-02-11,3.82,3.94,4.05,3.77,14.962,0.00279,124735690,1242041192.0,2.337662337662334,3.85
HK.00883,中国海洋石油,2022-02-14,4.15,3.95,4.45,3.94,14.977,0.00398,177664682,1800425908.0,0.2538071065989906,3.94
HK.00883,中国海洋石油,2022-02-15,3.97,3.69,4.01,3.61,14.586,0.00309,138118591,1347767530.0,-6.582278481012664,3.95
HK.00883,中国海洋石油,2022-02-16,3.59,3.81,3.91,3.59,14.766,0.0021,93669208,920039220.0,3.2520325203252063,3.69
HK.00883,中国海洋石油,2022-02-17,3.82,3.82,3.91,3.73,14.781,0.00148,66089802,650333224.0,0.2624671916010442,3.81
HK.00883,中国海洋石油,2022-02-18,3.82,3.86,3.93,3.76,14.842,0.00195,87094843,860883887.0,1.0471204188481684,3.82
HK.00883,中国海洋石油,2022-02-21,3.91,3.99,4.05,3.91,15.037,0.00187,83695895,836750067.0,3.367875647668403,3.86
HK.00883,中国海洋石油,2022-02-22,4.11,4.05,4.25,3.99,15.127,0.00304,135540995,1367839537.0,1.5037593984962307,3.99
HK.00883,中国海洋石油,2022-02-23,4.15,4.01,4.17,3.91,15.067,0.00149,66328024,665262727.0,-0.9876543209876552,4.05
HK.00883,中国海洋石油,2022-02-24,3.99,4.11,4.19,3.97,15.218,0.00301,134472559,1353633542.0,2.493765586034926,4.01
HK.00883,中国海洋石油,2022-02-25,4.07,3.79,4.07,3.72,14.736,0.00342,152739840,1507171584.0,-7.785888077858886,4.11
HK.00883,中国海洋石油,2022-02-28,3.89,3.96,4.05,3.83,14.992,0.00262,117023032,1163185629.0,4.4854881266490745,3.79
HK.00883,中国海洋石油,2022-03-01,3.94,4.01,4.15,3.87,15.067,0.00198,88269914,884702297.0,1.262626262626258,3.96
HK.00883,中国海洋石油,2022-03-02,4.21,4.35,4.53,4.21,15.578,0.0056,250143525,2601837649.0,8.4788029925187,4.01
HK.00883,中国海洋石油,2022-03-03,4.49,4.63,4.75,4.39,16.0,0.00534,238378818,2532469560.0,6.4367816091954095,4.35
HK.00883,中国海洋石油,2022-03-04,4.43,4.41,4.59,4.39,15.669,0.00313,139875552,1465994599.0,-4.751619870410362,4.63
HK.00883,中国海洋石油,2022-03-07,4.85,4.65,4.97,4.45,16.03,0.00607,271128950,2901607983.0,5.442176870748304,4.41
HK.00883,中国海洋石油,2022-03-08,4.59,4.17,4.75,4.03,15.308,0.00526,234703432,2417179484.0,-10.3225806451613,4.65
HK.00883,中国海洋石油,2022-03-09,4.33,4.11,4.49,3.8,15.218,0.00439,195981468,1988051123.0,-1.4388489208633,4.17
HK.00883,中国海洋石油,2022-03-10,3.81,4.09,4.13,3.79,15.187,0.00334,149065777,1483963988.0,-0.4866180048661912,4.11
HK.00883,中国海洋石油,2022-03-11,3.97,3.78,3.99,3.61,14.721,0.00379,169313571,1653906436.0,-7.579462102689488,4.09
HK.00883,中国海洋石油,2022-03-14,3.59,3.46,3.73,3.28,14.24,0.00431,192456138,1830387618.0,-8.465608465608462,3.78
HK.00883,中国海洋石油,2022-03-15,3.16,2.91,3.39,2.529999999,13.413,0.0079,352589146,3150955076.0,-15.895953757225428,3.46
HK.00883,中国海洋石油,2022-03-16,2.89,3.18,3.4,2.83,13.819,0.00408,181950448,1658956536.0,9.278350515463918,2.91
HK.00883,中国海洋石油,2022-03-17,3.39,3.51,3.59,3.19,14.315,0.00301,134450613,1267837549.0,10.377358490566026,3.18
HK.00883,中国海洋石油,2022-03-18,3.65,3.83,3.94,3.64,14.819,0.00327,146137798,1439369002.0,9.116809116809126,3.51
HK.00883,中国海洋石油,2022-03-21,3.97,3.91,4.11,3.84,14.939,0.00219,97787605,976536288.0,2.088772845953004,3.83
HK.00883,中国海洋石油,2022-03-22,4.13,4.35,4.47,4.13,15.602,0.0042,187429654,1938663873.0,11.25319693094628,3.91
HK.00883,中国海洋石油,2022-03-23,4.27,4.19,4.33,4.17,15.361,0.00159,70938863,726220563.0,-3.678160919540213,4.35
HK.00883,中国海洋石油,2022-03-24,4.35,4.33,4.59,4.31,15.572,0.00321,143334909,1500217414.0,3.3412887828162217,4.19
HK.00883,中国海洋石油,2022-03-25,4.25,4.25,4.53,4.19,15.451,0.00166,74161159,765739959.0,-1.8475750577367225,4.33
HK.00883,中国海洋石油,2022-03-28,4.37,4.63,4.79,4.35,16.024,0.00484,215925163,2302345673.0,8.941176470588234,4.25
HK.00883,中国海洋石油,2022-03-29,4.69,4.91,5.01,4.49,16.445,0.00414,184911894,1998467964.0,6.047516198704109,4.63
HK.00883,中国海洋石油,2022-03-30,4.91,5.11,5.19,4.83,16.746,0.00397,177068205,1953109872.0,4.073319755600818,4.91
HK.00883,中国海洋石油,2022-03-31,4.81,4.73,5.07,4.69,16.174,0.00265,118363259,1285722311.0,-7.4363992172211315,5.11
HK.00883,中国海洋石油,2022-04-01,4.55,4.93,5.01,4.49,5.68,0.0021,93961726,1023317023.0,4.228329809725143,4.73
HK.00883,中国海洋石油,2022-04-04,5.09,5.11,5.17,4.93,5.773,0.00124,55142867,611483855.0,3.65111561866127,4.93
HK.00883,中国海洋石油,2022-04-06,5.11,5.69,5.83,5.09,6.074,0.00615,274800313,3193477903.0,11.350293542074365,5.11
HK.00883,中国海洋石油,2022-04-07,5.51,5.35,5.81,5.21,5.898,0.0042,187666963,2166106370.0,-5.975395430579978,5.69
HK.00883,中国海洋石油,2022-04-08,5.31,5.65,5.77,5.31,6.053,0.00346,154313976,1794589191.0,5.607476635514033,5.35
HK.00883,中国海洋石油,2022-04-11,5.39,5.15,5.71,5.13,5.794,0.00365,162780237,1857198506.0,-8.849557522123893,5.65
HK.00883,中国海洋石油,2022-04-12,5.17,5.05,5.27,4.69,5.742,0.00361,161005524,1761606122.0,-1.941747572815544,5.15
HK.00883,中国海洋石油,2022-04-13,5.25,5.45,5.63,5.17,5.95,0.00384,171338950,1965533472.0,7.920792079207928,5.05
HK.00883,中国海洋石油,2022-04-14,5.55,5.55,5.77,5.53,6.002,0.00236,105477409,1228767433.0,1.8348623853210944,5.45
HK.00883,中国海洋石油,2022-04-19,5.51,5.63,5.81,5.37,6.043,0.00276,123329852,1441096426.0,1.441441441441443,5.55
HK.00883,中国海洋石油,2022-04-20,5.39,5.15,5.53,5.07,5.794,0.00328,146478694,1653015618.0,-8.52575488454706,5.63
HK.00883,中国海洋石油,2022-04-21,5.21,4.87,5.63,4.69,5.649,0.00538,240126014,2654254131.0,-5.436893203883499,5.15
HK.00883,中国海洋石油,2022-04-22,4.61,4.99,5.21,4.59,6.043,0.00314,140090776,1534943592.0,2.4640657084188935,4.87
HK.00883,中国海洋石油,2022-04-25,4.79,4.19,4.81,4.05,5.604,0.00575,256733004,2654522928.0,-16.03206412825651,4.99
HK.00883,中国海洋石油,2022-04-26,4.11,3.79,4.21,3.71,5.384,0.00473,211043263,2094802350.0,-9.546539379474948,4.19
HK.00883,中国海洋石油,2022-04-27,3.93,4.45,4.61,3.7,5.747,0.00525,234367331,2396352928.0,17.414248021108182,3.79
HK.00883,中国海洋石油,2022-04-28,4.49,4.83,4.89,4.29,5.956,0.00248,110730974,1187035100.0,8.539325842696627,4.45
HK.00883,中国海洋石油,2022-04-29,5.55,5.21,5.63,5.13,6.164,0.00452,201946219,2291319458.0,7.86749482401656,4.83
HK.00883,中国海洋石油,2022-05-03,5.17,5.09,5.21,4.93,6.098,0.0015,66834781,740744275.0,-2.303262955854129,5.21
HK.00883,中国海洋石油,2022-05-04,5.07,4.93,5.15,4.91,6.01,0.00119,53091108,583248909.0,-3.1434184675834995,5.09
HK.00883,中国海洋石油,2022-05-05,5.19,5.01,5.31,5.01,6.054,0.00367,163905304,1831189236.0,1.622718052738338,4.93
HK.00883,中国海洋石油,2022-05-06,4.87,4.89,5.17,4.83,5.989,0.00243,108689763,1189684423.0,-2.395209580838326,5.01
HK.00883,中国海洋石油,2022-05-10,4.21,4.51,4.57,4.19,5.78,0.0049,218945416,2279130618.0,-7.770961145194272,4.89
HK.00883,中国海洋石油,2022-05-11,4.39,4.51,4.67,4.35,5.78,0.00233,104241104,1097087016.0,0.0,4.51
HK.00883,中国海洋石油,2022-05-12,4.67,4.51,4.77,4.47,5.78,0.0029,129288532,1369595892.0,0.0,4.51
HK.00883,中国海洋石油,2022-05-13,4.67,4.65,4.83,4.61,5.857,0.00273,121719921,1305644624.0,3.104212860310434,4.51
HK.00883,中国海洋石油,2022-05-16,4.87,4.67,4.89,4.55,5.868,0.00347,154923251,1662252963.0,0.4301075268817112,4.65
HK.00883,中国海洋石油,2022-05-17,4.83,4.97,5.03,4.79,6.032,0.00366,163280181,1782625884.0,6.423982869379011,4.67
HK.00883,中国海洋石油,2022-05-18,5.05,5.07,5.23,4.97,6.087,0.00269,120128691,1335152887.0,2.012072434607657,4.97
HK.00883,中国海洋石油,2022-05-19,4.81,4.81,4.93,4.71,5.945,0.00346,154404453,1674079087.0,-5.128205128205141,5.07
HK.00883,中国海洋石油,2022-05-20,4.93,5.13,5.23,4.91,6.12,0.00266,118841611,1324457706.0,6.6528066528066585,4.81
HK.00883,中国海洋石油,2022-05-23,5.17,5.29,5.47,5.17,6.208,0.00294,131146571,1487436418.0,3.1189083820662797,5.13
HK.00883,中国海洋石油,2022-05-24,5.41,5.21,5.45,5.05,6.164,0.00294,131286010,1475811216.0,-1.512287334593574,5.29
HK.00883,中国海洋石油,2022-05-25,5.27,5.41,5.53,5.25,6.274,0.00336,150191503,1720046905.0,3.838771593090214,5.21
HK.00883,中国海洋石油,2022-05-26,5.49,5.59,5.63,5.41,6.426,0.00292,130457553,1506015445.0,3.3271719038816956,5.41
HK.00883,中国海洋石油,2022-05-27,5.75,5.99,6.17,5.75,6.648,0.00606,270348638,3242498100.0,7.155635062611814,5.59
HK.00883,中国海洋石油,2022-05-30,6.17,6.15,6.39,6.09,6.736,0.00412,184018647,2253588088.0,2.67111853088481,5.99
HK.00883,中国海洋石油,2022-05-31,6.29,6.41,6.53,6.27,6.88,0.00294,131295054,1632075187.0,4.227642276422761,6.15
HK.00883,中国海洋石油,2022-06-01,6.23,6.19,6.45,6.13,6.759,0.00221,98647767,1209746330.0,-3.4321372854914154,6.41
HK.00883,中国海洋石油,2022-06-02,6.03,6.03,6.11,5.87,6.67,0.00244,108802009,1304833692.0,-2.584814216478193,6.19
HK.00883,中国海洋石油,2022-06-06,6.31,6.19,6.41,6.13,6.759,0.00274,122265684,1502445419.0,2.6533996683250436,6.03
HK.00883,中国海洋石油,2022-06-07,6.17,6.09,6.25,6.05,6.703,0.00323,144130860,1750597770.0,-1.6155088852988777,6.19
HK.00883,中国海洋石油,2022-06-08,6.19,6.35,6.41,6.15,6.847,0.00555,247703049,3051550437.0,4.269293924466335,6.09
HK.00883,中国海洋石油,2022-06-09,6.81,6.59,6.81,6.59,6.326,0.00528,235830282,2718893745.0,3.7795275590551216,6.35
HK.00883,中国海洋石油,2022-06-10,6.49,6.55,6.79,6.43,6.304,0.00308,137535856,1571543181.0,-0.6069802731411235,6.59
HK.00883,中国海洋石油,2022-06-13,6.35,6.45,6.53,6.17,6.249,0.00364,162343672,1810611697.0,-1.526717557251903,6.55
HK.00883,中国海洋石油,2022-06-14,6.31,6.35,6.57,6.25,6.193,0.00293,130900033,1467695610.0,-1.5503875968992331,6.45
HK.00883,中国海洋石油,2022-06-15,6.35,6.19,6.51,6.05,6.105,0.0029,129549300,1441668709.0,-2.519685039370067,6.35
HK.00883,中国海洋石油,2022-06-16,6.13,5.77,6.21,5.67,5.872,0.00464,207014065,2222698312.0,-6.785137318255263,6.19
HK.00883,中国海洋石油,2022-06-17,5.77,5.69,5.95,5.55,5.828,0.00358,159833418,1682889163.0,-1.386481802426329,5.77
HK.00883,中国海洋石油,2022-06-20,5.39,5.31,5.41,5.06,5.617,0.0071,317094884,3176430774.0,-6.678383128295268,5.69
HK.00883,中国海洋石油,2022-06-21,5.39,5.39,5.57,5.25,5.662,0.00197,88127334,903410521.0,1.5065913370998132,5.31
HK.00883,中国海洋石油,2022-06-22,5.41,5.0,5.47,4.97,5.445,0.00402,179566442,1785673316.0,-7.235621521335801,5.39
HK.00883,中国海洋石油,2022-06-23,5.06,5.17,5.27,5.01,5.54,0.00284,126925292,1268671866.0,3.399999999999999,5.0
HK.00883,中国海洋石油,2022-06-24,5.13,5.03,5.23,4.93,5.462,0.00423,188768219,1860890934.0,-2.7079303675048294,5.17
HK.00883,中国海洋石油,2022-06-27,5.12,5.29,5.35,5.09,5.606,0.00258,115314886,1159530818.0,5.168986083499001,5.03
HK.00883,中国海洋石油,2022-06-28,5.53,5.65,5.71,5.47,5.806,0.00323,144296803,1505285422.0,6.805293005671084,5.29
HK.00883,中国海洋石油,2022-06-29,5.67,5.61,5.87,5.53,5.783,0.00221,98753145,1040780040.0,-0.707964601769912,5.65
HK.00883,中国海洋石油,2022-06-30,5.47,5.53,5.71,5.43,5.739,0.00246,110008265,1145303901.0,-1.4260249554367213,5.61
HK.00883,中国海洋石油,2022-07-04,5.51,5.45,5.75,5.41,5.695,0.00172,76835487,799781096.0,-1.4466546112115743,5.53
HK.00883,中国海洋石油,2022-07-05,5.63,5.57,5.77,5.53,5.761,0.00192,85634630,898100692.0,2.201834862385323,5.45
HK.00883,中国海洋石油,2022-07-06,5.16,5.07,5.31,4.94,5.484,0.00538,240046993,2368691616.0,-8.976660682226212,5.57
HK.00883,中国海洋石油,2022-07-07,4.91,5.01,5.04,4.85,5.451,0.00277,123888974,1206548329.0,-1.1834319526627315,5.07
HK.00883,中国海洋石油,2022-07-08,5.17,5.06,5.23,5.05,5.479,0.00166,74251940,741338307.0,0.9980039920159646,5.01
HK.00883,中国海洋石油,2022-07-11,5.07,5.01,5.09,4.91,5.451,0.0012,53471169,523627074.0,-0.9881422924901152,5.06
HK.00883,中国海洋石油,2022-07-12,5.02,4.97,5.11,4.97,5.429,0.00072,32362971,319301015.0,-0.7984031936127752,5.01
HK.00883,中国海洋石油,2022-07-13,4.83,4.75,4.86,4.66,5.307,0.00275,122653352,1176132999.0,-4.426559356136816,4.97
HK.00883,中国海洋石油,2022-07-14,4.85,4.64,4.85,4.56,5.246,0.00153,68380130,647992229.0,-2.3157894736842173,4.75
HK.00883,中国海洋石油,2022-07-15,4.7,4.49,4.76,4.39,5.163,0.00292,130248994,1221653737.0,-3.2327586206896437,4.64
HK.00883,中国海洋石油,2022-07-18,4.64,5.02,5.05,4.6,5.457,0.00257,114569486,1114707867.0,11.804008908685953,4.49
HK.00883,中国海洋石油,2022-07-19,5.07,5.13,5.19,4.99,5.518,0.00265,118480164,1177412032.0,2.191235059760963,5.02
HK.00883,中国海洋石油,2022-07-20,5.19,5.17,5.27,5.15,5.54,0.00166,74116218,744772052.0,0.7797270955165699,5.13
HK.00883,中国海洋石油,2022-07-21,5.17,4.96,5.17,4.93,5.423,0.00155,69030935,679267549.0,-4.061895551257252,5.17
HK.00883,中国海洋石油,2022-07-22,4.95,5.02,5.14,4.95,5.457,0.00116,51616933,509684399.0,1.209677419354831,4.96
HK.00883,中国海洋石油,2022-07-25,5.01,4.94,5.12,4.87,5.412,0.00108,48259675,471502026.0,-1.593625498007952,5.02
HK.00883,中国海洋石油,2022-07-26,5.06,5.17,5.27,5.06,5.54,0.00168,75038603,752220419.0,4.65587044534412,4.94
HK.00883,中国海洋石油,2022-07-27,5.08,5.11,5.23,5.02,5.506,0.00128,57034036,567649047.0,-1.1605415860734931,5.17
HK.00883,中国海洋石油,2022-07-28,5.25,5.27,5.33,5.16,5.595,0.00206,91811101,926703399.0,3.1311154598825683,5.11
HK.00883,中国海洋石油,2022-07-29,5.37,5.17,5.37,5.03,5.54,0.00164,73353426,732106715.0,-1.8975332068311128,5.27
HK.00883,中国海洋石油,2022-08-01,5.27,5.21,5.31,5.1,5.562,0.00106,47219002,474103209.0,0.773694390715668,5.17
HK.00883,中国海洋石油,2022-08-02,4.97,4.92,4.97,4.83,5.401,0.00199,88782140,862576808.0,-5.566218809980807,5.21
HK.00883,中国海洋石油,2022-08-03,4.93,4.84,4.99,4.78,5.357,0.00107,47687882,461829039.0,-1.6260162601626031,4.92
HK.00883,中国海洋石油,2022-08-04,4.8,4.8,4.91,4.78,5.335,0.00091,40576711,392092625.0,-0.8264462809917362,4.84
HK.00883,中国海洋石油,2022-08-05,4.76,4.68,4.76,4.5,5.268,0.00253,112796281,1064401240.0,-2.500000000000002,4.8
HK.00883,中国海洋石油,2022-08-08,4.62,4.8,4.89,4.59,5.335,0.00088,39163399,375462769.0,2.5641025641025665,4.68
HK.00883,中国海洋石油,2022-08-09,4.81,4.83,4.99,4.8,5.351,0.00117,52052936,505975599.0,0.6250000000000052,4.8
HK.00883,中国海洋石油,2022-08-10,4.87,4.74,4.95,4.69,5.301,0.0011,48987469,471598119.0,-1.8633540372670776,4.83
HK.00883,中国海洋石油,2022-08-11,4.82,4.93,5.01,4.81,5.407,0.00106,47141969,460629829.0,4.00843881856539,4.74
HK.00883,中国海洋石油,2022-08-12,5.02,5.17,5.25,5.01,5.54,0.00177,78881746,788803263.0,4.868154158215015,4.93
HK.00883,中国海洋石油,2022-08-15,5.05,5.02,5.14,4.94,5.457,0.0014,62526166,616847609.0,-2.901353965183759,5.17
HK.00883,中国海洋石油,2022-08-16,4.96,4.75,4.96,4.72,5.307,0.00206,91936843,884144805.0,-5.378486055776884,5.02
HK.00883,中国海洋石油,2022-08-17,4.77,4.82,4.87,4.73,5.346,0.00122,54582672,526215526.0,1.473684210526322,4.75
HK.00883,中国海洋石油,2022-08-18,4.89,4.76,4.89,4.75,5.313,0.00076,33933075,326377641.0,-1.244813278008309,4.82
HK.00883,中国海洋石油,2022-08-19,4.84,4.85,4.99,4.84,5.362,0.00114,50987667,497195286.0,1.8907563025210057,4.76
HK.00883,中国海洋石油,2022-08-22,4.82,5.0,5.08,4.82,5.445,0.0013,58023468,571010700.0,3.0927835051546464,4.85
HK.00883,中国海洋石油,2022-08-23,5.05,5.33,5.39,5.04,5.628,0.00314,140218315,1415816943.0,6.600000000000001,5.0
HK.00883,中国海洋石油,2022-08-24,5.47,5.49,5.65,5.45,5.717,0.00287,128333559,1333090920.0,3.001876172607883,5.33
HK.00883,中国海洋石油,2022-08-25,5.47,5.99,6.09,5.47,5.994,0.0048,214229572,2303578159.0,9.107468123861564,5.49
HK.00883,中国海洋石油,2022-08-26,6.05,5.87,6.07,5.79,5.927,0.00356,158985201,1706582012.0,-2.003338898163608,5.99
HK.00883,中国海洋石油,2022-08-29,5.71,6.03,6.15,5.71,6.016,0.00327,145861154,1582581360.0,2.7257240204429327,5.87
HK.00883,中国海洋石油,2022-08-30,6.17,6.05,6.19,5.97,6.027,0.00224,100096035,1089680293.0,0.331674958540623,6.03
HK.00883,中国海洋石油,2022-08-31,5.81,5.81,5.95,5.67,5.894,0.00252,112554296,1199055784.0,-3.9669421487603342,6.05
HK.00883,中国海洋石油,2022-09-01,5.73,5.75,5.91,5.61,5.861,0.00242,107846320,1145778607.0,-1.032702237521508,5.81
HK.00883,中国海洋石油,2022-09-02,5.67,5.65,5.81,5.59,5.806,0.00245,109512764,1152269556.0,-1.7391304347826024,5.75
HK.00883,中国海洋石油,2022-09-05,5.71,5.91,5.97,5.69,5.95,0.00426,190065637,2032084122.0,4.60176991150442,5.65
HK.00883,中国海洋石油,2022-09-06,6.17,5.99,6.25,5.99,5.606,0.00319,142370349,1458673263.0,1.3536379018612532,5.91
HK.00883,中国海洋石油,2022-09-07,5.89,5.8,5.93,5.7,5.501,0.00314,140408730,1396573613.0,-3.1719532554257164,5.99
HK.00883,中国海洋石油,2022-09-08,5.65,5.44,5.65,5.39,5.301,0.00336,150091973,1442429353.0,-6.206896551724128,5.8
HK.00883,中国海洋石油,2022-09-09,5.52,5.64,5.71,5.48,5.412,0.00168,75136065,731883943.0,3.676470588235281,5.44
HK.00883,中国海洋石油,2022-09-13,5.76,5.81,5.91,5.72,5.506,0.0018,80190020,799299962.0,3.0141843971631195,5.64
HK.00883,中国海洋石油,2022-09-14,5.77,6.03,6.13,5.75,5.628,0.00404,180227057,1829329799.0,3.786574870912231,5.81
HK.00883,中国海洋石油,2022-09-15,6.13,6.19,6.29,5.99,5.717,0.00374,166848487,1720947293.0,2.6533996683250436,6.03
HK.00883,中国海洋石油,2022-09-16,5.99,5.95,6.09,5.91,5.584,0.00237,105603741,1066479487.0,-3.877221324717289,6.19
HK.00883,中国海洋石油,2022-09-19,5.93,5.87,6.17,5.86,5.54,0.00267,119329961,1203842236.0,-1.3445378151260516,5.95
HK.00883,中国海洋石油,2022-09-20,6.03,5.95,6.05,5.93,5.584,0.00134,60046223,606625094.0,1.3628620102214664,5.87
HK.00883,中国海洋石油,2022-09-21,5.91,6.17,6.27,5.85,5.706,0.00216,96595961,986494720.0,3.6974789915966344,5.95
HK.00883,中国海洋石油,2022-09-22,5.97,6.09,6.17,5.95,5.662,0.00238,106281507,1082126140.0,-1.2965964343598066,6.17
HK.00883,中国海洋石油,2022-09-23,6.09,6.09,6.35,6.03,5.658,0.00263,117512614,1215223705.0,0.0,6.09
HK.00883,中国海洋石油,2022-09-26,5.85,5.52,5.85,5.4,5.343,0.00526,234784787,2285481342.0,-9.359605911330055,6.09
HK.00883,中国海洋石油,2022-09-27,5.5,5.45,5.54,5.36,5.304,0.00192,85709848,819080394.0,-1.2681159420289747,5.52
HK.00883,中国海洋石油,2022-09-28,5.45,5.26,5.47,5.2,5.199,0.00193,86045865,812037811.0,-3.486238532110099,5.45
HK.00883,中国海洋石油,2022-09-29,5.51,5.17,5.53,5.11,5.149,0.00151,67230840,631916764.0,-1.711026615969579,5.26
HK.00883,中国海洋石油,2022-09-30,5.17,5.28,5.35,5.17,5.21,0.00081,36061653,338777526.0,2.1276595744680913,5.17
HK.00883,中国海洋石油,2022-10-03,5.19,5.35,5.39,5.19,5.246,0.00073,32400322,306187233.0,1.325757575757564,5.28
HK.00883,中国海洋石油,2022-10-05,5.71,5.64,5.74,5.57,5.406,0.00116,51673842,506893206.0,5.420560747663552,5.35
HK.00883,中国海洋石油,2022-10-06,5.75,5.76,5.8,5.72,5.473,0.00066,29560075,292642796.0,2.1276595744680873,5.64
HK.00883,中国海洋石油,2022-10-07,5.76,5.77,5.87,5.73,5.478,0.00053,23848139,236722720.0,0.1736111111111074,5.76
HK.00883,中国海洋石油,2022-10-10,5.81,5.7,6.01,5.65,5.439,0.00283,126250592,1257367192.0,-1.2131715771230398,5.77
HK.00883,中国海洋石油,2022-10-11,5.67,5.55,5.7,5.52,5.356,0.0013,57797135,563161159.0,-2.631578947368427,5.7
HK.00883,中国海洋石油,2022-10-12,5.51,5.45,5.55,5.35,5.301,0.00183,81719145,780170710.0,-1.8018018018017956,5.55
HK.00883,中国海洋石油,2022-10-13,5.41,5.39,5.48,5.33,5.268,0.00097,43278651,411869224.0,-1.1009174311926695,5.45
HK.00883,中国海洋石油,2022-10-14,5.56,5.53,5.66,5.5,5.345,0.00169,75206694,729749294.0,2.597402597402608,5.39
HK.00883,中国海洋石油,2022-10-17,5.64,5.71,5.76,5.58,5.445,0.00171,76384014,748080708.0,3.2549728752260343,5.53
HK.00883,中国海洋石油,2022-10-18,5.76,5.76,5.79,5.63,5.473,0.00102,45702399,449425063.0,0.8756567425569146,5.71
HK.00883,中国海洋石油,2022-10-19,5.71,5.72,5.77,5.64,5.451,0.00086,38489061,378370443.0,-0.6944444444444451,5.76
HK.00883,中国海洋石油,2022-10-20,5.69,5.75,5.82,5.68,5.467,0.00128,57165424,564849484.0,0.5244755244755288,5.72
HK.00883,中国海洋石油,2022-10-21,5.77,5.82,5.91,5.72,5.506,0.00123,55001950,548183368.0,1.217391304347831,5.75
HK.00883,中国海洋石油,2022-10-24,5.82,5.63,5.86,5.53,5.401,0.002,89069823,872923564.0,-3.26460481099657,5.82
HK.00883,中国海洋石油,2022-10-25,5.6,5.63,5.71,5.45,5.401,0.00163,72909302,708439915.0,0.0,5.63
HK.00883,中国海洋石油,2022-10-26,5.61,5.6,5.73,5.51,5.384,0.00146,65258591,637193824.0,-0.5328596802841963,5.63
HK.00883,中国海洋石油,2022-10-27,5.73,5.67,5.79,5.64,5.423,0.001,44538324,438815025.0,1.250000000000005,5.6
HK.00883,中国海洋石油,2022-10-28,5.72,5.64,5.82,5.56,5.406,0.00208,92794100,911438298.0,-0.5291005291005335,5.67
HK.00883,中国海洋石油,2022-10-31,5.71,5.23,5.72,5.15,5.179,0.00358,159861577,1515380459.0,-7.269503546099278,5.64
HK.00883,中国海洋石油,2022-11-01,5.31,5.54,5.68,5.24,5.351,0.0025,111503218,1071435856.0,5.927342256214141,5.23
HK.00883,中国海洋石油,2022-11-02,5.57,5.75,5.79,5.46,5.467,0.00165,73372603,722076602.0,3.790613718411552,5.54
HK.00883,中国海洋石油,2022-11-03,5.67,5.59,5.73,5.57,5.379,0.00145,64882566,633664953.0,-2.7826086956521765,5.75
HK.00883,中国海洋石油,2022-11-04,5.64,5.75,5.87,5.61,5.467,0.00216,96418197,955422028.0,2.862254025044725,5.59
HK.00883,中国海洋石油,2022-11-07,5.87,6.01,6.19,5.83,5.611,0.00323,144069363,1466130249.0,4.521739130434779,5.75
HK.00883,中国海洋石油,2022-11-08,6.11,6.07,6.17,5.97,5.641,0.00155,68968656,703015649.0,0.998336106489193,6.01
HK.00883,中国海洋石油,2022-11-09,5.95,6.05,6.15,5.95,5.63,0.0016,71463747,725287013.0,-0.3294892915980306,6.07
HK.00883,中国海洋石油,2022-11-10,5.86,5.97,6.01,5.8,5.586,0.0014,62569260,627011765.0,-1.322314049586778,6.05
HK.00883,中国海洋石油,2022-11-11,6.17,6.19,6.21,6.05,5.707,0.00212,94683922,972952941.0,3.685092127303194,5.97
HK.00883,中国海洋石油,2022-11-14,6.25,6.19,6.43,6.09,5.707,0.00297,132186801,1371056375.0,0.0,6.19
HK.00883,中国海洋石油,2022-11-15,6.15,6.35,6.37,6.09,5.796,0.00249,110938482,1155607011.0,2.584814216478178,6.19
HK.00883,中国海洋石油,2022-11-16,6.35,6.31,6.43,6.29,5.774,0.00232,103382012,1083966408.0,-0.6299212598425202,6.35
HK.00883,中国海洋石油,2022-11-17,6.23,6.25,6.35,6.13,5.741,0.00167,74263356,767555776.0,-0.9508716323296292,6.31
HK.00883,中国海洋石油,2022-11-18,6.15,6.07,6.19,6.01,5.641,0.00213,94974563,970847184.0,-2.8799999999999955,6.25
HK.00883,中国海洋石油,2022-11-21,5.97,5.91,5.97,5.77,5.553,0.00204,90907612,907556550.0,-2.6359143327841865,6.07
HK.00883,中国海洋石油,2022-11-22,5.91,6.03,6.11,5.78,5.619,0.0018,80018952,810115133.0,2.0304568527918803,5.91
HK.00883,中国海洋石油,2022-11-23,6.07,6.13,6.33,6.01,5.674,0.0018,80232606,829412027.0,1.6583747927031451,6.03
HK.00883,中国海洋石油,2022-11-24,5.99,6.07,6.11,5.97,5.641,0.00126,56222030,572094801.0,-0.9787928221859644,6.13
HK.00883,中国海洋石油,2022-11-25,6.07,6.11,6.19,6.03,5.663,0.00107,47871993,490354236.0,0.6589785831960466,6.07
HK.00883,中国海洋石油,2022-11-28,5.87,5.93,5.99,5.79,5.564,0.0014,62288250,623993410.0,-2.945990180032743,6.11
HK.00883,中国海洋石油,2022-11-29,5.97,6.05,6.05,5.86,5.63,0.00173,77092180,780591614.0,2.023608768971334,5.93
HK.00883,中国海洋石油,2022-11-30,6.05,6.07,6.19,5.95,5.641,0.0019,84910457,865519892.0,0.3305785123967018,6.05
HK.00883,中国海洋石油,2022-12-01,6.15,5.97,6.23,5.89,5.586,0.00222,99057088,1005866484.0,-1.647446457990124,6.07
HK.00883,中国海洋石油,2022-12-02,6.05,5.84,6.07,5.83,5.514,0.00192,85529759,856215373.0,-2.1775544388609696,5.97
HK.00883,中国海洋石油,2022-12-05,5.99,5.93,6.01,5.83,5.564,0.00225,100405215,1005926950.0,1.5410958904109566,5.84
HK.00883,中国海洋石油,2022-12-06,5.84,5.91,5.93,5.8,5.553,0.00155,69246496,690800077.0,-0.3372681281618815,5.93
HK.00883,中国海洋石油,2022-12-07,5.78,5.81,5.83,5.61,5.497,0.0026,115698610,1139427069.0,-1.692047377326574,5.91
HK.00883,中国海洋石油,2022-12-08,5.74,5.68,5.77,5.63,5.425,0.00206,91784282,899596877.0,-2.2375215146299468,5.81
HK.00883,中国海洋石油,2022-12-09,5.61,5.69,5.72,5.61,5.431,0.00181,80501351,789036199.0,0.1760563380281809,5.68
HK.00883,中国海洋石油,2022-12-12,5.66,5.72,5.74,5.61,5.448,0.00137,61227503,599850045.0,0.5272407732864562,5.69
HK.00883,中国海洋石油,2022-12-13,5.8,5.87,5.93,5.76,5.53,0.00138,61668705,615794164.0,2.6223776223776287,5.72
HK.00883,中国海洋石油,2022-12-14,5.89,5.93,6.01,5.89,5.564,0.00128,57153572,576251794.0,1.022146507666092,5.87
HK.00883,中国海洋石油,2022-12-15,5.93,5.86,6.07,5.86,5.525,0.00105,47007182,472533177.0,-1.1804384485666004,5.93
HK.00883,中国海洋石油,2022-12-16,5.87,5.87,5.93,5.77,5.53,0.00105,46726414,466015277.0,0.1706484641638188,5.86
HK.00883,中国海洋石油,2022-12-19,5.84,5.82,5.89,5.68,5.503,0.00079,35155859,347523077.0,-0.8517887563884127,5.87
HK.00883,中国海洋石油,2022-12-20,5.77,5.74,5.84,5.69,5.459,0.00083,37155768,367237965.0,-1.3745704467353963,5.82
HK.00883,中国海洋石油,2022-12-21,5.75,5.69,5.8,5.58,5.431,0.00124,55304024,542044892.0,-0.8710801393728191,5.74
HK.00883,中国海洋石油,2022-12-22,5.79,5.68,5.8,5.64,5.425,0.00127,56627363,557082976.0,-0.1757469244288343,5.69
HK.00883,中国海洋石油,2022-12-23,5.66,5.68,5.73,5.62,5.425,0.00159,70938288,695030052.0,0.0,5.68
HK.00883,中国海洋石油,2022-12-28,5.78,5.85,5.91,5.78,5.519,0.00192,85475120,852985401.0,2.992957746478872,5.68
HK.00883,中国海洋石油,2022-12-29,5.82,5.81,5.84,5.76,5.497,0.00152,67615779,671320457.0,-0.6837606837606843,5.85
HK.00883,中国海洋石油,2022-12-30,5.81,5.85,5.93,5.75,5.519,0.00104,46487265,464813419.0,0.688468158347677,5.81
HK.00883,中国海洋石油,2023-01-03,5.87,5.97,6.01,5.74,5.586,0.00148,65916538,662766574.0,2.0512820512820533,5.85
HK.00883,中国海洋石油,2023-01-04,5.93,5.91,6.05,5.83,5.553,0.0018,80198729,805925006.0,-1.0050251256281342,5.97
HK.00883,中国海洋石油,2023-01-05,5.85,5.84,5.85,5.73,5.514,0.00208,92914243,922351926.0,-1.1844331641286003,5.91
HK.00883,中国海洋石油,2023-01-06,5.84,5.87,5.95,5.84,5.53,0.00111,49369890,494528908.0,0.5136986301369906,5.84
HK.00883,中国海洋石油,2023-01-09,5.95,5.82,5.95,5.8,5.503,0.00172,76774545,766776082.0,-0.8517887563884127,5.87
HK.00883,中国海洋石油,2023-01-10,5.81,5.82,5.89,5.76,5.503,0.00186,82963617,825112411.0,0.0,5.82
HK.00883,中国海洋石油,2023-01-11,5.86,5.97,6.07,5.79,5.586,0.00277,123595470,1242504229.0,2.577319587628857,5.82
HK.00883,中国海洋石油,2023-01-12,6.11,6.21,6.27,6.07,5.719,0.00257,114712214,1185921946.0,4.020100502512566,5.97
HK.00883,中国海洋石油,2023-01-13,6.33,6.33,6.45,6.29,5.785,0.00266,118352803,1246780165.0,1.932367149758456,6.21
HK.00883,中国海洋石油,2023-01-16,6.47,6.37,6.67,6.33,5.807,0.00266,118594011,1265209603.0,0.6319115323854665,6.33
HK.00883,中国海洋石油,2023-01-17,6.39,6.37,6.51,6.33,5.807,0.00143,63656603,672601876.0,0.0,6.37
HK.00883,中国海洋石油,2023-01-18,6.43,6.71,6.79,6.43,5.995,0.00261,116123545,1259627148.0,5.337519623233907,6.37
HK.00883,中国海洋石油,2023-01-19,6.57,6.67,6.75,6.57,5.973,0.00075,33428025,361943157.0,-0.5961251862891213,6.71
HK.00883,中国海洋石油,2023-01-20,6.87,7.25,7.33,6.85,6.294,0.0024,107027573,1207989979.0,8.695652173913045,6.67
HK.00883,中国海洋石油,2023-01-26,7.27,7.35,7.55,7.13,6.349,0.00161,71953543,827003048.0,1.3793103448275814,7.25
HK.00883,中国海洋石油,2023-01-27,7.35,7.51,7.57,7.31,6.438,0.00104,46279719,537630459.0,2.1768707482993217,7.35
HK.00883,中国海洋石油,2023-01-30,7.47,7.25,7.51,7.19,6.294,0.00284,126381522,1453561715.0,-3.462050599201062,7.51
HK.00883,中国海洋石油,2023-01-31,7.17,7.23,7.25,7.01,6.283,0.00194,86571137,976258403.0,-0.2758620689655113,7.25
HK.00883,中国海洋石油,2023-02-01,7.17,7.47,7.57,7.11,6.415,0.00226,100826450,1159211473.0,3.319502074688787,7.23
HK.00883,中国海洋石油,2023-02-02,7.45,7.41,7.47,7.29,6.382,0.00165,73627901,846700985.0,-0.8032128514056172,7.47
HK.00883,中国海洋石油,2023-02-03,7.39,7.13,7.39,7.05,6.227,0.00188,83996373,948192473.0,-3.778677462887992,7.41
HK.00883,中国海洋石油,2023-02-06,7.09,7.03,7.11,6.89,6.172,0.00137,61145710,680397751.0,-1.4025245441795182,7.13
HK.00883,中国海洋石油,2023-02-07,7.05,7.27,7.41,7.05,6.305,0.00147,65609606,749496174.0,3.41394025604551,7.03
HK.00883,中国海洋石油,2023-02-08,7.37,7.43,7.53,7.35,6.393,0.00172,76773150,888611032.0,2.2008253094910613,7.27
HK.00883,中国海洋石油,2023-02-09,7.41,7.33,7.53,7.25,6.338,0.00154,68582144,788906660.0,-1.3458950201884206,7.43
HK.00883,中国海洋石油,2023-02-10,7.27,7.17,7.39,7.11,6.25,0.00099,43925035,497889880.0,-2.1828103683492515,7.33
HK.00883,中国海洋石油,2023-02-13,7.21,7.27,7.43,7.13,6.305,0.00127,56835100,648284065.0,1.3947001394700091,7.17
HK.00883,中国海洋石油,2023-02-14,7.33,7.33,7.45,7.25,6.338,0.00082,36464425,419631996.0,0.8253094910591541,7.27
HK.00883,中国海洋石油,2023-02-15,7.37,7.23,7.37,7.19,6.283,0.00084,37349806,426061989.0,-1.3642564802182762,7.33
HK.00883,中国海洋石油,2023-02-16,7.27,7.25,7.39,7.19,6.294,0.00091,40375197,460984173.0,0.2766251728907271,7.23
HK.00883,中国海洋石油,2023-02-17,7.19,7.23,7.37,7.19,6.283,0.00061,27198954,310202856.0,-0.2758620689655113,7.25
HK.00883,中国海洋石油,2023-02-20,7.21,7.25,7.41,7.17,6.294,0.00148,66083853,758073370.0,0.2766251728907271,7.23
HK.00883,中国海洋石油,2023-02-21,7.31,7.49,7.61,7.25,6.426,0.00194,86432520,1006575571.0,3.31034482758621,7.25
HK.00883,中国海洋石油,2023-02-22,7.55,7.39,7.61,7.37,6.371,0.00151,67344501,780362308.0,-1.335113484646202,7.49
HK.00883,中国海洋石油,2023-02-23,7.37,7.35,7.53,7.31,6.349,0.00119,53072701,610888920.0,-0.5412719891745607,7.39
HK.00883,中国海洋石油,2023-02-24,7.37,7.25,7.39,7.23,6.294,0.00146,65100078,743740310.0,-1.36054421768707,7.35
HK.00883,中国海洋石油,2023-02-27,7.19,7.03,7.27,6.99,6.172,0.00128,57034907,640978608.0,-3.0344827586206864,7.25
HK.00883,中国海洋石油,2023-02-28,7.07,6.89,7.17,6.85,6.095,0.00153,68311090,755676378.0,-1.991465149359894,7.03
HK.00883,中国海洋石油,2023-03-01,6.85,7.13,7.23,6.83,6.227,0.00244,108598558,1218384708.0,3.4833091436865056,6.89
HK.00883,中国海洋石油,2023-03-02,7.13,7.21,7.35,6.97,6.272,0.00164,73088960,828689288.0,1.1220196353436196,7.13
HK.00883,中国海洋石油,2023-03-03,7.25,7.45,7.53,7.25,6.404,0.00266,118537435,1372235020.0,3.328710124826632,7.21
HK.00883,中国海洋石油,2023-03-06,7.47,7.85,7.85,7.43,6.626,0.00314,140046132,1661663669.0,5.369127516778517,7.45
HK.00883,中国海洋石油,2023-03-07,7.89,8.25,8.55,7.83,6.847,0.00651,290135349,3616214038.0,5.0955414012738895,7.85
HK.00883,中国海洋石油,2023-03-08,8.05,7.91,8.13,7.91,6.659,0.00199,88841301,1077853485.0,-4.121212121212119,8.25
HK.00883,中国海洋石油,2023-03-09,7.93,8.11,8.23,7.93,6.769,0.00181,80587371,986173275.0,2.5284450063211033,7.91
HK.00883,中国海洋石油,2023-03-10,7.95,7.27,8.07,7.27,6.305,0.00436,194568301,2281452180.0,-10.35758323057953,8.11
HK.00883,中国海洋石油,2023-03-13,7.55,7.95,8.05,7.51,6.681,0.0039,173659780,2082406620.0,9.35350756533701,7.27
HK.00883,中国海洋石油,2023-03-14,7.83,7.59,7.93,7.49,6.482,0.0032,142560546,1690866190.0,-4.528301886792456,7.95
HK.00883,中国海洋石油,2023-03-15,7.53,7.69,7.75,7.37,6.537,0.0019,84897585,993271371.0,1.3175230566534986,7.59
HK.00883,中国海洋石油,2023-03-16,7.29,7.11,7.35,7.01,6.216,0.00417,185795076,2101101807.0,-7.542262678803642,7.69
HK.00883,中国海洋石油,2023-03-17,7.27,7.47,7.67,7.17,6.415,0.00318,141766553,1650084003.0,5.063291139240498,7.11
HK.00883,中国海洋石油,2023-03-20,7.37,7.17,7.59,7.05,6.25,0.00245,109294538,1246677457.0,-4.01606425702811,7.47
HK.00883,中国海洋石油,2023-03-21,7.23,7.15,7.33,7.03,6.238,0.00154,68623407,774511714.0,-0.2789400278939968,7.17
HK.00883,中国海洋石油,2023-03-22,7.29,7.27,7.55,7.15,6.305,0.00172,76816042,882012796.0,1.6783216783216672,7.15
HK.00883,中国海洋石油,2023-03-23,7.31,7.37,7.43,7.25,6.36,0.00184,82144591,942593801.0,1.3755158184319194,7.27
HK.00883,中国海洋石油,2023-03-24,7.29,7.21,7.31,7.11,6.272,0.00151,67487176,763799410.0,-2.170963364993218,7.37
HK.00883,中国海洋石油,2023-03-27,7.19,7.13,7.23,6.99,6.227,0.00157,69946864,784082197.0,-1.1095700416088776,7.21
HK.00883,中国海洋石油,2023-03-28,7.37,7.33,7.41,7.19,6.338,0.00151,67238376,767738212.0,2.805049088359049,7.13
HK.00883,中国海洋石油,2023-03-29,7.45,7.61,7.67,7.41,6.493,0.00173,77283963,903817897.0,3.8199181446111905,7.33
HK.00883,中国海洋石油,2023-03-30,7.35,7.61,7.67,7.31,3.52,0.00259,115401723,1341071996.0,0.0,7.61
HK.00883,中国海洋石油,2023-03-31,7.67,7.53,7.77,7.53,3.496,0.0014,62209779,734178763.0,-1.0512483574244424,7.61
HK.00883,中国海洋石油,2023-04-03,7.91,7.81,8.15,7.71,3.58,0.00365,162598222,1965101754.0,3.718459495351917,7.53
HK.00883,中国海洋石油,2023-04-04,8.01,8.17,8.19,7.93,3.688,0.00264,117897421,1440576029.0,4.609475032010248,7.81
HK.00883,中国海洋石油,2023-04-06,8.01,8.07,8.17,8.01,3.658,0.00167,74321279,908180041.0,-1.2239902080783311,8.17
HK.00883,中国海洋石油,2023-04-11,8.21,8.13,8.33,8.07,3.676,0.00206,91721919,1132434752.0,0.7434944237918277,8.07
HK.00883,中国海洋石油,2023-04-12,8.23,8.19,8.33,8.11,3.694,0.00165,73522898,909538305.0,0.738007380073785,8.13
HK.00883,中国海洋石油,2023-04-13,8.21,8.39,8.59,8.19,3.754,0.00342,152392284,1919939189.0,2.442002442002455,8.19
HK.00883,中国海洋石油,2023-04-14,8.39,8.49,8.53,8.33,3.784,0.00149,66354567,836203955.0,1.1918951132300313,8.39
HK.00883,中国海洋石油,2023-04-17,8.41,8.83,8.93,8.29,3.886,0.00429,191103229,2458217449.0,4.004711425206123,8.49
HK.00883,中国海洋石油,2023-04-18,8.71,8.69,8.79,8.49,3.844,0.00177,78736903,1008746143.0,-1.585503963759916,8.83
HK.00883,中国海洋石油,2023-04-19,8.69,8.49,8.77,8.43,3.784,0.00215,95939648,1212974388.0,-2.3014959723820403,8.69
HK.00883,中国海洋石油,2023-04-20,8.43,8.37,8.55,8.27,3.748,0.00172,76824500,962995730.0,-1.4134275618374674,8.49
HK.00883,中国海洋石油,2023-04-21,8.27,8.27,8.51,8.23,3.718,0.00218,97005995,1210086224.0,-1.194743130226997,8.37
HK.00883,中国海洋石油,2023-04-24,8.35,8.23,8.37,8.19,3.706,0.00136,60583025,751056954.0,-0.4836759371221179,8.27
HK.00883,中国海洋石油,2023-04-25,8.33,8.29,8.51,8.27,3.724,0.00168,74953063,936101860.0,0.7290400972053307,8.23
HK.00883,中国海洋石油,2023-04-26,8.21,8.37,8.41,8.15,3.748,0.00147,65347212,814217699.0,0.9650180940892652,8.29
HK.00883,中国海洋石油,2023-04-27,8.25,8.29,8.39,8.19,3.724,0.00172,76626563,950267156.0,-0.955794504181602,8.37
HK.00883,中国海洋石油,2023-04-28,8.51,8.67,8.79,8.45,3.838,0.00246,109723076,1404450303.0,4.583835946924015,8.29
HK.00883,中国海洋石油,2023-05-02,8.67,8.51,8.81,8.47,3.79,0.00055,24398823,310424586.0,-1.8454440599769335,8.67
HK.00883,中国海洋石油,2023-05-03,8.23,8.09,8.27,8.05,3.664,0.00136,60476714,741856986.0,-4.935370152761457,8.51
HK.00883,中国海洋石油,2023-05-04,7.93,8.25,8.31,7.79,3.712,0.00313,139424175,1711615047.0,1.9777503090234876,8.09
HK.00883,中国海洋石油,2023-05-05,8.23,8.21,8.39,8.11,3.7,0.00179,79807521,985949069.0,-0.4848484848484745,8.25
HK.00883,中国海洋石油,2023-05-08,8.43,8.93,9.03,8.39,3.916,0.00374,166791423,2154548183.0,8.769792935444565,8.21
HK.00883,中国海洋石油,2023-05-09,8.99,8.81,9.23,8.79,3.88,0.0029,129450375,1703197278.0,-1.343784994400887,8.93
HK.00883,中国海洋石油,2023-05-10,8.81,8.83,8.99,8.67,3.886,0.00187,83460363,1083967732.0,0.2270147559591324,8.81
HK.00883,中国海洋石油,2023-05-11,8.87,8.69,8.87,8.51,3.844,0.00182,81248904,1039670272.0,-1.585503963759916,8.83
HK.00883,中国海洋石油,2023-05-12,8.57,8.49,8.69,8.43,3.784,0.00233,103992897,1316560037.0,-2.3014959723820403,8.69
HK.00883,中国海洋石油,2023-05-15,8.41,8.75,8.83,8.31,3.862,0.00206,91794387,1170119644.0,3.0624263839811516,8.49
HK.00883,中国海洋石油,2023-05-16,8.79,8.81,8.93,8.71,3.88,0.00128,56954865,737718357.0,0.6857142857142914,8.75
HK.00883,中国海洋石油,2023-05-17,8.65,8.57,8.79,8.51,3.808,0.00155,69183786,883167216.0,-2.7241770715096503,8.81
HK.00883,中国海洋石油,2023-05-18,8.75,8.69,8.85,8.61,3.844,0.00131,58358896,750452367.0,1.4002333722286957,8.57
HK.00883,中国海洋石油,2023-05-19,8.59,8.65,8.73,8.47,3.832,0.00116,51606435,658115409.0,-0.4602991944763999,8.69
HK.00883,中国海洋石油,2023-05-22,8.69,8.77,8.91,8.61,3.868,0.00096,42958812,555177552.0,1.3872832369942103,8.65
HK.00883,中国海洋石油,2023-05-23,8.81,8.67,8.91,8.61,3.838,0.00111,49401364,636671043.0,-1.1402508551881374,8.77
HK.00883,中国海洋石油,2023-05-24,8.73,8.57,8.79,8.55,3.808,0.00147,65644820,839685478.0,-1.1534025374855783,8.67
HK.00883,中国海洋石油,2023-05-25,8.57,8.35,8.59,8.13,3.742,0.00272,121361650,1507685479.0,-2.567094515752633,8.57
HK.00883,中国海洋石油,2023-05-29,8.29,8.27,8.47,8.27,3.718,0.00177,78923622,984755272.0,-0.9580838323353302,8.35
HK.00883,中国海洋石油,2023-05-30,8.27,8.17,8.35,8.09,3.688,0.00184,81985491,1011843921.0,-1.2091898428053165,8.27
HK.00883,中国海洋石油,2023-05-31,7.87,7.65,8.01,7.37,3.532,0.00531,236727081,2776824255.0,-6.3647490820073385,8.17
HK.00883,中国海洋石油,2023-06-01,7.51,7.69,7.89,7.37,3.544,0.00346,154066400,1821164399.0,0.5228758169934644,7.65
HK.00883,中国海洋石油,2023-06-02,7.87,8.01,8.17,7.85,3.64,0.00276,123090198,1499147678.0,4.161248374512345,7.69
HK.00883,中国海洋石油,2023-06-05,8.17,8.07,8.25,7.89,3.658,0.00295,131711656,1600768565.0,0.7490636704119913,8.01
HK.00883,中国海洋石油,2023-06-06,8.07,8.09,8.29,8.05,3.664,0.00181,80659000,992974719.0,0.2478314745972685,8.07
HK.00883,中国海洋石油,2023-06-07,8.17,8.07,8.21,8.03,3.658,0.00201,89512238,1094537100.0,-0.2472187886279304,8.09
HK.00883,中国海洋石油,2023-06-08,8.24,8.4,8.54,8.22,3.532,0.00266,118458617,1388820885.0,4.089219330855019,8.07
HK.00883,中国海洋石油,2023-06-09,8.38,8.5,8.58,8.34,3.562,0.00137,61037299,724255101.0,1.1904761904761862,8.4
HK.00883,中国海洋石油,2023-06-12,8.44,8.3,8.48,8.16,3.502,0.00211,93956545,1095744381.0,-2.35294117647058,8.5
HK.00883,中国海洋石油,2023-06-13,8.22,7.9,8.22,7.84,3.382,0.0028,124644070,1408007991.0,-4.819277108433739,8.3
HK.00883,中国海洋石油,2023-06-14,8.02,7.86,8.06,7.76,3.37,0.002,89041779,999909827.0,-0.5063291139240511,7.9
HK.00883,中国海洋石油,2023-06-15,7.92,7.78,7.96,7.52,3.346,0.00291,129894949,1440983133.0,-1.0178117048346065,7.86
HK.00883,中国海洋石油,2023-06-16,7.94,7.86,8.02,7.84,3.37,0.00212,94520171,1069419938.0,1.0282776349614406,7.78
HK.00883,中国海洋石油,2023-06-19,7.92,7.96,8.06,7.9,3.4,0.00124,55153735,625475479.0,1.2722646310432524,7.86
HK.00883,中国海洋石油,2023-06-20,8.0,7.86,8.0,7.74,3.37,0.00129,57613263,645566268.0,-1.256281407035171,7.96
HK.00883,中国海洋石油,2023-06-21,7.74,7.78,7.84,7.64,3.346,0.0014,62427582,693635485.0,-1.0178117048346065,7.86
HK.00883,中国海洋石油,2023-06-23,7.7,7.66,7.78,7.58,3.31,0.00089,39554615,435817639.0,-1.5424164524421609,7.78
HK.00883,中国海洋石油,2023-06-26,7.66,7.66,7.78,7.64,3.31,0.00086,38121971,423087961.0,0.0,7.66
HK.00883,中国海洋石油,2023-06-27,7.7,7.86,8.02,7.68,3.37,0.00128,57280243,646809233.0,2.6109660574412556,7.66
HK.00883,中国海洋石油,2023-06-28,7.86,7.86,7.96,7.8,3.37,0.0008,35666567,400736355.0,0.0,7.86
HK.00883,中国海洋石油,2023-06-29,7.92,7.76,7.94,7.68,3.34,0.00115,51061392,567713866.0,-1.2722646310432637,7.86
HK.00883,中国海洋石油,2023-06-30,7.8,7.82,7.92,7.74,3.358,0.00121,54129493,607643735.0,0.7731958762886663,7.76
HK.00883,中国海洋石油,2023-07-03,7.86,8.04,8.14,7.86,3.424,0.00187,83211273,948602061.0,2.8132992327365582,7.82
HK.00883,中国海洋石油,2023-07-04,8.12,8.22,8.3,8.06,3.478,0.0014,62473647,725277536.0,2.2388059701492726,8.04
HK.00883,中国海洋石油,2023-07-05,8.3,8.28,8.38,8.22,3.496,0.00095,42132780,491854304.0,0.7299270072992544,8.22
HK.00883,中国海洋石油,2023-07-06,8.34,8.2,8.42,8.2,3.472,0.00156,69478362,811055107.0,-0.966183574879228,8.28
HK.00883,中国海洋石油,2023-07-07,8.14,8.2,8.28,8.06,3.472,0.00076,34010219,393367008.0,0.0,8.2
HK.00883,中国海洋石油,2023-07-10,8.38,8.24,8.44,8.22,3.484,0.00074,33003008,385901969.0,0.4878048780487917,8.2
HK.00883,中国海洋石油,2023-07-11,8.3,8.4,8.54,8.26,3.532,0.00172,76551219,904054907.0,1.9417475728155356,8.24
HK.00883,中国海洋石油,2023-07-12,8.6,8.68,8.76,8.54,3.616,0.00185,82672914,996482315.0,3.3333333333333255,8.4
HK.00883,中国海洋石油,2023-07-13,8.7,8.82,8.92,8.68,3.658,0.00165,73773172,902221696.0,1.6129032258064582,8.68
HK.00883,中国海洋石油,2023-07-14,8.9,8.88,9.02,8.82,3.676,0.00154,68727865,845972632.0,0.680272108843543,8.82
HK.00883,中国海洋石油,2023-07-18,8.78,8.74,8.88,8.66,3.634,0.001,44777198,543890447.0,-1.576576576576583,8.88
HK.00883,中国海洋石油,2023-07-19,8.82,8.88,8.98,8.8,3.676,0.001,44732206,549604796.0,1.601830663615567,8.74
HK.00883,中国海洋石油,2023-07-20,8.9,8.88,8.98,8.78,3.676,0.00083,37060227,454700457.0,0.0,8.88
HK.00883,中国海洋石油,2023-07-21,8.86,8.86,8.92,8.78,3.67,0.00061,27152505,332190671.0,-0.2252252252252404,8.88
HK.00883,中国海洋石油,2023-07-24,8.88,8.68,8.94,8.68,3.616,0.00128,56938082,694243476.0,-2.0316027088036086,8.86
HK.00883,中国海洋石油,2023-07-25,8.94,8.96,9.2,8.88,3.7,0.00194,86625445,1069192847.0,3.2258064516129163,8.68
HK.00883,中国海洋石油,2023-07-26,8.96,8.94,9.04,8.84,3.694,0.00114,50652769,623758386.0,-0.2232142857143007,8.96
HK.00883,中国海洋石油,2023-07-27,8.98,9.0,9.1,8.96,3.712,0.00113,50306760,623845083.0,0.671140939597321,8.94
HK.00883,中国海洋石油,2023-07-28,9.04,9.04,9.14,8.9,3.724,0.00144,64133217,797055551.0,0.444444444444435,9.0
HK.00883,中国海洋石油,2023-07-31,9.12,9.2,9.36,9.0,3.772,0.00195,86770468,1092957457.0,1.7699115044247804,9.04
HK.00883,中国海洋石油,2023-08-01,9.34,9.34,9.48,9.24,3.814,0.0015,66947342,852774537.0,1.521739130434789,9.2
HK.00883,中国海洋石油,2023-08-02,9.42,9.0,9.42,9.0,3.712,0.00156,69389677,868874206.0,-3.6402569593147738,9.34
HK.00883,中国海洋石油,2023-08-03,9.02,8.8,9.12,8.8,3.652,0.00136,60664003,746983530.0,-2.2222222222222143,9.0
HK.00883,中国海洋石油,2023-08-04,9.04,8.9,9.22,8.88,3.682,0.00181,80633686,999387770.0,1.1363636363636322,8.8
HK.00883,中国海洋石油,2023-08-07,9.0,9.22,9.34,8.98,3.778,0.00175,77795948,980962768.0,3.595505617977531,8.9
HK.00883,中国海洋石油,2023-08-08,9.34,9.26,9.42,9.14,3.79,0.00158,70548363,896395831.0,0.4338394793926154,9.22
HK.00883,中国海洋石油,2023-08-09,9.28,9.4,9.46,9.18,3.832,0.00127,56568087,721881565.0,1.511879049676032,9.26
HK.00883,中国海洋石油,2023-08-10,9.48,9.62,9.66,9.44,3.898,0.00233,103823727,1347829294.0,2.3404255319148812,9.4
HK.00883,中国海洋石油,2023-08-11,9.5,9.7,9.72,9.5,3.922,0.00219,97606986,1272752653.0,0.8316008316008323,9.62
HK.00883,中国海洋石油,2023-08-14,9.62,9.62,9.7,9.48,3.898,0.00154,68614525,890888397.0,-0.8247422680412378,9.7
HK.00883,中国海洋石油,2023-08-15,9.64,9.42,9.64,9.36,3.838,0.00148,65770951,845221862.0,-2.079002079002072,9.62
HK.00883,中国海洋石油,2023-08-16,9.24,9.24,9.36,9.14,3.784,0.00165,73607734,928849656.0,-1.910828025477704,9.42
HK.00883,中国海洋石油,2023-08-17,9.12,9.36,9.44,9.06,3.82,0.00135,60231930,760192752.0,1.2987012987012905,9.24
HK.00883,中国海洋石油,2023-08-18,9.48,9.38,9.66,9.36,3.826,0.00192,85503772,1100946582.0,0.2136752136752281,9.36
HK.00883,中国海洋石油,2023-08-21,9.4,9.32,9.48,9.24,3.808,0.00113,50163655,638626404.0,-0.6396588486140777,9.38
HK.00883,中国海洋石油,2023-08-22,9.24,9.34,9.46,9.24,3.814,0.00148,65758530,836193797.0,0.214592274678107,9.32
HK.00883,中国海洋石油,2023-08-23,9.32,9.34,9.56,9.26,3.814,0.00113,50190734,641446737.0,0.0,9.34
HK.00883,中国海洋石油,2023-08-24,9.4,9.54,9.56,9.32,3.874,0.00139,62051397,797276939.0,2.141327623126331,9.34
HK.00883,中国海洋石油,2023-08-25,9.46,9.6,9.66,9.46,3.892,0.00171,76326185,992083606.0,0.6289308176100681,9.54
HK.00883,中国海洋石油,2023-08-28,9.72,9.52,9.88,9.5,3.868,0.00225,100475997,1310776880.0,-0.8333333333333341,9.6
HK.00883,中国海洋石油,2023-08-29,9.64,9.7,9.78,9.6,3.922,0.00167,74609901,976040187.0,1.8907563025210057,9.52
HK.00883,中国海洋石油,2023-08-30,9.76,9.82,9.82,9.7,3.958,0.00166,73986885,972871189.0,1.237113402061866,9.7
HK.00883,中国海洋石油,2023-08-31,9.82,10.0,10.02,9.76,4.011,0.00155,69222995,919051600.0,1.8329938900203635,9.82
HK.00883,中国海洋石油,2023-09-04,10.16,10.46,10.48,10.14,4.149,0.00332,147793580,2034871708.0,4.6000000000000085,10.0
HK.00883,中国海洋石油,2023-09-05,10.48,10.32,10.48,10.24,4.107,0.00181,80521271,1103997469.0,-1.338432122370942,10.46
HK.00883,中国海洋石油,2023-09-06,10.46,10.62,10.66,10.38,4.197,0.00317,141401031,1964466523.0,2.906976744186036,10.32
HK.00883,中国海洋石油,2023-09-07,10.81,10.69,10.95,10.65,4.041,0.00306,136280335,1850219034.0,0.6591337099811703,10.62
HK.00883,中国海洋石油,2023-09-11,10.75,10.55,10.77,10.47,4.0,0.00149,66317152,886893048.0,-1.3096351730589224,10.69
HK.00883,中国海洋石油,2023-09-12,10.51,10.33,10.59,10.27,3.934,0.00225,100470189,1325727863.0,-2.085308056872044,10.55
HK.00883,中国海洋石油,2023-09-13,10.57,10.35,10.73,10.31,3.94,0.00207,92415689,1222457284.0,0.1936108422071594,10.33
HK.00883,中国海洋石油,2023-09-14,10.43,11.01,11.09,10.43,4.137,0.00289,128992742,1748690921.0,6.376811594202899,10.35
HK.00883,中国海洋石油,2023-09-15,11.19,10.95,11.49,10.91,4.119,0.00266,118359229,1656498608.0,-0.5449591280653996,11.01
HK.00883,中国海洋石油,2023-09-18,11.01,10.95,11.09,10.85,4.119,0.00153,68040926,935780772.0,0.0,10.95
HK.00883,中国海洋石油,2023-09-19,11.01,10.99,11.23,10.95,4.131,0.00201,89507124,1241050144.0,0.3652968036529764,10.95
HK.00883,中国海洋石油,2023-09-20,10.99,11.05,11.11,10.95,4.149,0.00099,44052524,609304795.0,0.5459508644222065,10.99
HK.00883,中国海洋石油,2023-09-21,10.97,10.91,11.05,10.83,4.107,0.00141,62781266,863159581.0,-1.2669683257918605,11.05
HK.00883,中国海洋石油,2023-09-22,10.87,10.93,10.95,10.65,4.113,0.00149,66238323,901546202.0,0.1833180568285937,10.91
HK.00883,中国海洋石油,2023-09-25,11.03,10.79,11.03,10.71,4.071,0.00151,67118920,911760612.0,-1.280878316559932,10.93
HK.00883,中国海洋石油,2023-09-26,10.79,10.61,10.85,10.55,4.017,0.00152,67969518,917350477.0,-1.6682113067655209,10.79
HK.00883,中国海洋石油,2023-09-27,10.59,10.81,10.83,10.59,4.077,0.00129,57721921,782044167.0,1.8850141376060423,10.61
HK.00883,中国海洋石油,2023-09-28,11.15,11.01,11.25,10.85,4.137,0.00193,86194573,1188425276.0,1.850138760407024,10.81
HK.00883,中国海洋石油,2023-09-29,11.03,10.99,11.15,10.97,4.131,0.00059,26369256,365083770.0,-0.1816530426884611,11.01
HK.00883,中国海洋石油,2023-10-03,10.87,10.57,10.89,10.51,4.005,0.00068,30440873,407449912.0,-3.821656050955413,10.99
HK.00883,中国海洋石油,2023-10-04,10.57,10.39,10.57,10.29,3.952,0.00064,28628321,376597791.0,-1.702932828760641,10.57
HK.00883,中国海洋石油,2023-10-05,10.21,10.33,10.33,10.13,3.934,0.00069,30610508,399820544.0,-0.5774783445620837,10.39
HK.00883,中国海洋石油,2023-10-06,10.29,10.31,10.39,10.21,3.928,0.00051,22657660,296673630.0,-0.1936108422071594,10.33
HK.00883,中国海洋石油,2023-10-09,10.59,10.61,10.97,10.53,4.017,0.00109,48798084,656078040.0,2.9097963142579912,10.31
HK.00883,中国海洋石油,2023-10-10,10.85,10.73,10.97,10.65,4.053,0.00185,82671734,1123333052.0,1.1310084825636286,10.61
HK.00883,中国海洋石油,2023-10-11,10.81,10.87,10.99,10.75,4.095,0.00149,66343042,907638745.0,1.3047530288909486,10.73
HK.00883,中国海洋石油,2023-10-12,10.79,10.73,10.83,10.51,4.053,0.00241,107615649,1444551328.0,-1.2879484820607066,10.87
HK.00883,中国海洋石油,2023-10-13,10.57,10.73,10.79,10.57,4.053,0.00109,48667567,656599469.0,0.0,10.73
HK.00883,中国海洋石油,2023-10-16,10.95,10.75,11.05,10.69,4.059,0.00178,79557583,1085438108.0,0.1863932898415617,10.73
HK.00883,中国海洋石油,2023-10-17,10.81,10.75,10.87,10.53,4.059,0.00138,61616973,829588007.0,0.0,10.75
HK.00883,中国海洋石油,2023-10-18,10.85,10.95,11.05,10.81,4.119,0.00185,82379097,1130882707.0,1.860465116279063,10.75
HK.00883,中国海洋石油,2023-10-19,10.95,10.69,11.03,10.67,4.041,0.00152,67890043,923478270.0,-2.3744292237442908,10.95
HK.00883,中国海洋石油,2023-10-20,10.85,10.65,10.91,10.59,4.029,0.00164,73087675,987942141.0,-0.3741814780168302,10.69
HK.00883,中国海洋石油,2023-10-24,10.47,10.63,10.67,10.47,4.023,0.0016,71131213,950528988.0,-0.1877934272300429,10.65
HK.00883,中国海洋石油,2023-10-25,10.61,10.25,10.63,10.09,3.91,0.00339,150988534,1969615201.0,-3.57478833490123,10.63
HK.00883,中国海洋石油,2023-10-26,10.37,10.45,10.45,10.25,3.97,0.00121,54033951,710672874.0,1.951219512195115,10.25
HK.00883,中国海洋石油,2023-10-27,10.49,10.53,10.59,10.35,3.994,0.00137,61241587,811546423.0,0.7655502392344504,10.45
HK.00883,中国海洋石油,2023-10-30,10.43,10.07,10.49,9.93,3.856,0.0025,111619209,1444875091.0,-4.368471035137693,10.53
HK.00883,中国海洋石油,2023-10-31,10.07,9.89,10.09,9.77,3.802,0.00211,94235106,1192772669.0,-1.7874875868917548,10.07
HK.00883,中国海洋石油,2023-11-01,9.89,10.11,10.17,9.79,3.868,0.00098,43907020,562400616.0,2.2244691607684413,9.89
HK.00883,中国海洋石油,2023-11-02,10.21,10.17,10.27,10.09,3.886,0.00072,32279919,419127772.0,0.5934718100890257,10.11
HK.00883,中国海洋石油,2023-11-03,10.37,10.41,10.41,10.21,3.958,0.001,44600745,585108889.0,2.359882005899707,10.17
HK.00883,中国海洋石油,2023-11-06,10.41,10.01,10.43,9.89,3.838,0.00244,108757662,1394240342.0,-3.8424591738712808,10.41
HK.00883,中国海洋石油,2023-11-07,9.95,10.03,10.09,9.85,3.844,0.0012,53291544,682330890.0,0.1998001998001955,10.01
HK.00883,中国海洋石油,2023-11-08,9.85,9.71,9.85,9.59,3.748,0.00203,90396341,1130065512.0,-3.19042871385841,10.03
HK.00883,中国海洋石油,2023-11-09,9.59,9.79,9.93,9.57,3.772,0.00128,57001512,715212101.0,0.8238928939237724,9.71
HK.00883,中国海洋石油,2023-11-10,9.77,9.81,9.99,9.67,3.778,0.00105,46657033,589823565.0,0.2042900919305551,9.79
HK.00883,中国海洋石油,2023-11-13,9.87,10.11,10.15,9.83,3.868,0.00097,43447269,557362459.0,3.058103975535157,9.81
HK.00883,中国海洋石油,2023-11-14,10.19,10.03,10.25,9.95,3.844,0.00088,39267326,503960327.0,-0.7912957467853617,10.11
HK.00883,中国海洋石油,2023-11-15,10.05,10.39,10.45,10.05,3.952,0.00189,84295585,1105157057.0,3.58923230309074,10.03
HK.00883,中国海洋石油,2023-11-16,10.25,10.21,10.43,10.15,3.898,0.00145,64799853,848248522.0,-1.732435033686234,10.39
HK.00883,中国海洋石油,2023-11-17,10.01,9.93,10.07,9.89,3.814,0.00165,73499870,937010453.0,-2.7424094025465338,10.21
HK.00883,中国海洋石油,2023-11-20,10.15,10.19,10.25,9.95,3.892,0.00124,55070326,713244648.0,2.6183282980866043,9.93
HK.00883,中国海洋石油,2023-11-21,10.27,10.15,10.41,10.13,3.88,0.0014,62309701,815130128.0,-0.3925417075564195,10.19
HK.00883,中国海洋石油,2023-11-22,10.29,10.13,10.29,10.07,3.874,0.00099,44020698,568785935.0,-0.1970443349753652,10.15
HK.00883,中国海洋石油,2023-11-23,10.01,10.19,10.19,9.99,3.892,0.00077,34269663,441016710.0,0.5923000987166704,10.13
HK.00883,中国海洋石油,2023-11-24,10.17,10.07,10.29,9.99,3.856,0.0012,53510963,692364955.0,-1.177625122669276,10.19
HK.00883,中国海洋石油,2023-11-27,10.17,10.13,10.27,9.99,3.874,0.00153,68155850,880688906.0,0.5958291956305908,10.07
HK.00883,中国海洋石油,2023-11-28,10.13,10.05,10.15,10.03,3.85,0.00082,36572076,471254320.0,-0.7897334649555782,10.13
HK.00883,中国海洋石油,2023-11-29,10.21,10.07,10.23,10.01,3.856,0.00169,75151882,972446508.0,0.1990049751243738,10.05
HK.00883,中国海洋石油,2023-11-30,10.09,10.27,10.37,10.03,3.916,0.00123,55044296,716852471.0,1.9860973187686124,10.07
HK.00883,中国海洋石油,2023-12-01,10.29,10.03,10.31,10.03,3.844,0.00225,100272098,1299206841.0,-2.33690360272639,10.27
HK.00883,中国海洋石油,2023-12-04,10.13,10.07,10.33,10.07,3.856,0.00174,77723550,1009665844.0,0.3988035892323123,10.03
HK.00883,中国海洋石油,2023-12-05,10.15,10.05,10.27,10.03,3.85,0.00208,92920205,1203064196.0,-0.1986097318768577,10.07
HK.00883,中国海洋石油,2023-12-06,10.17,10.01,10.17,9.97,3.838,0.00144,64054785,822218998.0,-0.3980099502487654,10.05
HK.00883,中国海洋石油,2023-12-07,9.83,9.67,9.87,9.49,3.736,0.00301,134307624,1673816601.0,-3.3966033966033953,10.01
HK.00883,中国海洋石油,2023-12-08,9.69,9.75,9.99,9.63,3.76,0.00198,88245482,1115309643.0,0.8273009307135478,9.67
HK.00883,中国海洋石油,2023-12-11,9.77,9.59,9.83,9.59,3.712,0.0011,49132510,612170451.0,-1.6410256410256423,9.75
HK.00883,中国海洋石油,2023-12-12,9.65,9.63,9.77,9.53,3.724,0.00134,59554304,740855252.0,0.417101147028164,9.59
HK.00883,中国海洋石油,2023-12-13,9.49,9.27,9.53,9.17,3.616,0.00263,117353687,1415756228.0,-3.738317757009358,9.63
HK.00883,中国海洋石油,2023-12-14,9.39,9.19,9.41,9.09,3.592,0.00259,115519873,1384224285.0,-0.8629989212513492,9.27
HK.00883,中国海洋石油,2023-12-15,9.37,9.47,9.57,9.25,3.676,0.00271,120609856,1475490294.0,3.04678998911862,9.19
HK.00883,中国海洋石油,2023-12-18,9.41,9.47,9.53,9.35,3.676,0.00122,54201882,664913441.0,0.0,9.47
HK.00883,中国海洋石油,2023-12-19,9.51,9.57,9.67,9.49,3.706,0.00115,51293604,634518289.0,1.0559662090813056,9.47
HK.00883,中国海洋石油,2023-12-20,9.65,9.65,9.77,9.61,3.73,0.00095,42366294,528256879.0,0.8359456635318712,9.57
HK.00883,中国海洋石油,2023-12-21,9.65,9.55,9.65,9.45,3.7,0.00074,33024742,408042928.0,-1.0362694300518096,9.65
HK.00883,中国海洋石油,2023-12-22,9.53,9.63,9.73,9.45,3.724,0.00226,100573128,1246773506.0,0.8376963350785347,9.55
HK.00883,中国海洋石油,2023-12-27,9.77,10.03,10.07,9.61,3.844,0.00215,95659983,1217881186.0,4.153686396677036,9.63
HK.00883,中国海洋石油,2023-12-28,9.99,10.19,10.23,9.97,3.892,0.0025,111633475,1445961472.0,1.595214356929214,10.03
HK.00883,中国海洋石油,2023-12-29,10.11,10.21,10.37,9.97,3.898,0.00185,82677242,1072415955.0,0.1962708537782272,10.19
HK.00883,中国海洋石油,2024-01-02,10.29,10.41,10.43,10.17,3.958,0.00219,97608060,1280155195.0,1.958863858961795,10.21
HK.00883,中国海洋石油,2024-01-03,10.29,10.21,10.39,10.21,3.898,0.00149,66451059,869032541.0,-1.921229586935632,10.41
HK.00883,中国海洋石油,2024-01-04,10.35,10.57,10.63,10.29,4.005,0.00227,101359770,1349219976.0,3.525954946131238,10.21
HK.00883,中国海洋石油,2024-01-05,10.57,10.79,10.87,10.45,4.071,0.00196,87380726,1187600297.0,2.0813623462629978,10.57
HK.00883,中国海洋石油,2024-01-08,10.89,10.89,11.11,10.71,4.101,0.00274,122265818,1674189347.0,0.926784059314193,10.79
HK.00883,中国海洋石油,2024-01-09,10.67,10.71,10.99,10.47,4.047,0.00211,94185676,1279270016.0,-1.6528925619834682,10.89
HK.00883,中国海洋石油,2024-01-10,10.75,10.57,10.95,10.57,4.005,0.00118,52416221,708417966.0,-1.3071895424836657,10.71
HK.00883,中国海洋石油,2024-01-11,10.61,10.43,10.71,10.41,3.964,0.00126,56000223,745908226.0,-1.3245033112582836,10.57
HK.00883,中国海洋石油,2024-01-12,10.45,10.67,10.81,10.45,4.035,0.00111,49680548,668553865.0,2.301054650047941,10.43
HK.00883,中国海洋石油,2024-01-15,10.75,10.79,10.87,10.67,4.071,0.00103,45845017,622835491.0,1.1246485473289525,10.67
HK.00883,中国海洋石油,2024-01-16,10.65,10.71,10.87,10.59,4.047,0.00131,58542646,791596047.0,-0.741427247451328,10.79
HK.00883,中国海洋石油,2024-01-17,10.71,10.39,10.71,10.33,3.952,0.00147,65613924,870303637.0,-2.987861811391226,10.71
HK.00883,中国海洋石油,2024-01-18,10.41,10.49,10.57,10.19,3.982,0.0015,67074870,883453194.0,0.9624639076034612,10.39
HK.00883,中国海洋石油,2024-01-19,10.55,10.41,10.59,10.29,3.958,0.00116,51660076,684255170.0,-0.7626310772163972,10.49
HK.00883,中国海洋石油,2024-01-22,10.37,10.31,10.45,10.15,3.928,0.00146,65119665,853102900.0,-0.960614793467816,10.41
HK.00883,中国海洋石油,2024-01-23,10.31,10.47,10.65,10.19,3.976,0.00148,65887610,869344553.0,1.551891367604269,10.31
HK.00883,中国海洋石油,2024-01-24,10.47,10.99,11.01,10.47,4.131,0.0018,80114992,1086945169.0,4.9665711556828995,10.47
HK.00883,中国海洋石油,2024-01-25,11.05,11.65,11.73,10.99,4.329,0.00424,188926998,2692340355.0,6.005459508644223,10.99
HK.00883,中国海洋石油,2024-01-26,11.79,11.79,12.07,11.75,4.371,0.0041,182668122,2691379833.0,1.2017167381974143,11.65
HK.00883,中国海洋石油,2024-01-29,11.85,11.91,12.29,11.67,4.407,0.00305,136085735,2014782175.0,1.0178117048346145,11.79
HK.00883,中国海洋石油,2024-01-30,11.81,11.71,12.01,11.65,4.347,0.00153,68380761,1000236487.0,-1.6792611251049478,11.91
HK.00883,中国海洋石油,2024-01-31,11.73,11.67,11.95,11.63,4.335,0.00181,80495228,1173593327.0,-0.341588385994884,11.71
HK.00883,中国海洋石油,2024-02-01,11.61,11.53,11.75,11.23,4.293,0.00225,100513439,1436221791.0,-1.199657240788351,11.67
HK.00883,中国海洋石油,2024-02-02,11.51,11.59,11.89,11.49,4.311,0.00131,58270880,843727940.0,0.5203816131830052,11.53
HK.00883,中国海洋石油,2024-02-05,11.41,11.59,11.77,11.41,4.311,0.00113,50202339,724370542.0,0.0,11.59
HK.00883,中国海洋石油,2024-02-06,11.73,11.91,11.97,11.57,4.407,0.00113,50346461,735039002.0,2.761000862812772,11.59
HK.00883,中国海洋石油,2024-02-07,11.91,11.81,11.99,11.75,4.377,0.00111,49512605,724949335.0,-0.8396305625524739,11.91
HK.00883,中国海洋石油,2024-02-08,11.81,11.85,11.97,11.77,4.389,0.00086,38507109,564702230.0,0.3386960203217539,11.81
HK.00883,中国海洋石油,2024-02-09,11.91,11.69,11.91,11.53,4.341,0.00035,15431776,223241768.0,-1.3502109704641363,11.85
HK.00883,中国海洋石油,2024-02-14,11.57,11.73,11.89,11.51,4.353,0.00037,16665151,242473887.0,0.3421727972626255,11.69
HK.00883,中国海洋石油,2024-02-15,11.73,11.75,11.79,11.59,4.359,0.00022,10008313,145030554.0,0.1705029838022129,11.73
HK.00883,中国海洋石油,2024-02-16,11.85,11.83,12.03,11.81,4.383,0.00069,30691410,451118229.0,0.6808510638297879,11.75
HK.00883,中国海洋石油,2024-02-19,11.97,12.29,12.49,11.87,4.521,0.00263,117306483,1770977491.0,3.88841927303465,11.83
HK.00883,中国海洋石油,2024-02-20,12.39,12.79,12.91,12.35,4.671,0.00296,131816035,2050737893.0,4.068348250610253,12.29
HK.00883,中国海洋石油,2024-02-21,12.71,12.59,13.09,12.59,4.611,0.00275,122636010,1913069867.0,-1.5637216575449515,12.79
HK.00883,中国海洋石油,2024-02-22,12.63,13.49,13.55,12.63,4.881,0.00408,182025706,2914642374.0,7.148530579825262,12.59
HK.00883,中国海洋石油,2024-02-23,13.589999999,13.57,13.89,13.33,4.905,0.00437,194736536,3205419619.0,0.5930318754633066,13.49
HK.00883,中国海洋石油,2024-02-26,13.53,14.01,14.01,13.429999999,5.037,0.003,133715751,2225475134.0,3.2424465733235044,13.57
HK.00883,中国海洋石油,2024-02-27,13.91,13.99,14.25,13.789999999,5.031,0.0032,142542335,2404607378.0,-0.1427551748750861,14.01
HK.00883,中国海洋石油,2024-02-28,14.01,13.65,14.15,13.55,4.929,0.00254,113325849,1874847904.0,-2.4303073624017144,13.99
HK.00883,中国海洋石油,2024-02-29,13.53,13.289999999,13.83,13.269999999,4.821,0.00228,101737093,1653921935.0,-2.637362644688641,13.65
HK.00883,中国海洋石油,2024-03-01,13.31,13.37,13.57,13.269999999,4.845,0.00213,95070009,1538642852.0,0.6019563657337692,13.289999999
HK.00883,中国海洋石油,2024-03-04,13.69,13.91,14.01,13.609999999,5.007,0.00297,132193532,2196492564.0,4.0388930441286535,13.37
HK.00883,中国海洋石油,2024-03-05,13.769999999,13.87,14.15,13.67,4.995,0.00165,73455715,1229077667.0,-0.2875629043853409,13.91
HK.00883,中国海洋石油,2024-03-06,13.91,13.949999999,14.15,13.81,5.019,0.00182,81056644,1359263561.0,0.5767844196106705,13.87
HK.00883,中国海洋石油,2024-03-07,14.089999999,14.41,14.77,14.089999999,5.157,0.0031,138202780,2391951444.0,3.297491046831368,13.949999999
HK.00883,中国海洋石油,2024-03-08,14.53,15.17,15.37,14.53,5.385,0.00337,150412702,2684473081.0,5.274115197779318,14.41
HK.00883,中国海洋石油,2024-03-11,15.27,14.53,15.29,14.53,5.193,0.0029,129260348,2269903303.0,-4.218852999340808,15.17
HK.00883,中国海洋石油,2024-03-12,14.47,14.59,14.71,14.17,5.211,0.00346,154061219,2654587893.0,0.4129387474191362,14.53
HK.00883,中国海洋石油,2024-03-13,14.31,14.79,15.03,14.289999999,5.271,0.00247,110255448,1932721831.0,1.370801919122682,14.59
HK.00883,中国海洋石油,2024-03-14,15.01,14.93,15.33,14.79,5.313,0.00254,113113268,2020419759.0,0.9465855307640336,14.79
HK.00883,中国海洋石油,2024-03-15,15.03,14.69,15.23,14.47,5.241,0.00217,96733537,1693412252.0,-1.6075016744809123,14.93
HK.00883,中国海洋石油,2024-03-18,14.57,14.67,14.93,14.53,5.235,0.00138,61726115,1080986036.0,-0.1361470388019031,14.69
HK.00883,中国海洋石油,2024-03-19,14.91,14.93,15.31,14.79,5.313,0.00173,76966683,1376710277.0,1.7723244717109732,14.67
HK.00883,中国海洋石油,2024-03-20,15.05,15.29,15.39,14.83,5.421,0.00177,78932911,1422599191.0,2.411252511721363,14.93
HK.00883,中国海洋石油,2024-03-21,15.35,15.43,15.71,15.19,5.463,0.00183,81779312,1493999308.0,0.9156311314584732,15.29
HK.00883,中国海洋石油,2024-03-22,14.71,14.93,15.09,14.33,6.167,0.0053,236201897,4156945446.0,-3.240440699935191,15.43
HK.00883,中国海洋石油,2024-03-25,15.13,15.23,15.41,15.13,6.272,0.00157,69906804,1264197372.0,2.009377093101143,14.93
HK.00883,中国海洋石油,2024-03-26,15.67,15.17,15.67,14.77,6.251,0.00153,68300872,1224396652.0,-0.3939592908732797,15.23
HK.00883,中国海洋石油,2024-03-27,15.17,14.81,15.17,14.65,6.126,0.00173,76985115,1362843585.0,-2.3731048121291987,15.17
HK.00883,中国海洋石油,2024-03-28,14.95,15.33,15.51,14.71,6.306,0.00156,69413138,1248855409.0,3.511141120864278,14.81
HK.00883,中国海洋石油,2024-04-02,15.65,16.37,16.39,15.61,6.668,0.00306,136460285,2579229105.0,6.78408349641227,15.33
HK.00883,中国海洋石油,2024-04-03,16.41,16.35,16.75,16.19,6.662,0.00175,77922947,1501220222.0,-0.1221747098350615,16.37
HK.00883,中国海洋石油,2024-04-05,16.51,16.51,16.61,16.07,6.717,0.00055,24463168,468242854.0,0.9785932721712546,16.35
HK.00883,中国海洋石油,2024-04-08,16.43,16.33,16.99,16.17,6.655,0.00235,104773900,2030800524.0,-1.0902483343428422,16.51
HK.00883,中国海洋石油,2024-04-09,16.41,16.07,16.57,16.03,6.564,0.00128,57020795,1083096203.0,-1.5921616656460382,16.33
HK.00883,中国海洋石油,2024-04-10,15.97,16.37,16.55,15.83,6.668,0.00189,84264578,1608134591.0,1.8668326073428791,16.07
HK.00883,中国海洋石油,2024-04-11,16.11,16.57,16.85,16.11,6.738,0.00183,81419371,1577632615.0,1.2217470983506369,16.37
HK.00883,中国海洋石油,2024-04-12,16.63,16.31,16.63,16.21,6.648,0.00164,73309413,1401889415.0,-1.5691007845504017,16.57
HK.00883,中国海洋石油,2024-04-15,16.13,16.59,16.71,16.11,6.745,0.00148,65831558,1271480164.0,1.7167381974248996,16.31
HK.00883,中国海洋石油,2024-04-16,16.33,16.21,16.71,16.17,6.613,0.00149,66426411,1273215252.0,-2.2905364677516515,16.59
HK.00883,中国海洋石油,2024-04-17,16.11,16.03,16.37,15.95,6.55,0.00164,73149985,1381380132.0,-1.1104256631708802,16.21
HK.00883,中国海洋石油,2024-04-18,15.85,15.61,16.01,15.57,6.404,0.00222,98918975,1834442571.0,-2.620087336244552,16.03
HK.00883,中国海洋石油,2024-04-19,15.75,15.83,16.31,15.73,6.481,0.0025,111513243,2098009421.0,1.4093529788597094,15.61
HK.00883,中国海洋石油,2024-04-22,15.89,15.37,16.15,15.23,6.32,0.00236,105172961,1936466221.0,-2.905874921036013,15.83
HK.00883,中国海洋石油,2024-04-23,15.53,15.63,15.79,15.17,6.411,0.00189,84301830,1542685248.0,1.6916070266753518,15.37
HK.00883,中国海洋石油,2024-04-24,15.77,15.93,16.01,15.75,6.515,0.00124,55063967,1028016613.0,1.9193857965450989,15.63
HK.00883,中国海洋石油,2024-04-25,15.89,16.21,16.33,15.79,6.613,0.00134,59921808,1132993029.0,1.7576898932831209,15.93
HK.00883,中国海洋石油,2024-04-26,16.93,16.89,17.41,16.75,6.849,0.00408,181912762,3614928749.0,4.194941394201108,16.21
HK.00883,中国海洋石油,2024-04-29,17.03,16.97,17.15,16.81,6.877,0.00206,91952120,1816871174.0,0.4736530491414937,16.89
HK.00883,中国海洋石油,2024-04-30,16.97,17.51,17.96,16.87,7.065,0.0031,138122063,2818268418.0,3.182086034177977,16.97
HK.00883,中国海洋石油,2024-05-02,17.19,17.41,17.66,17.05,7.03,0.00115,51199509,1029913690.0,-0.5711022272986945,17.51
HK.00883,中国海洋石油,2024-05-03,17.66,17.51,17.81,17.31,7.065,0.00078,34579606,703906669.0,0.5743825387708296,17.41
HK.00883,中国海洋石油,2024-05-06,17.21,16.93,17.36,16.77,6.863,0.00397,177141129,3500940512.0,-3.3123929183323915,17.51
HK.00883,中国海洋石油,2024-05-07,16.99,17.03,17.26,16.93,6.898,0.00104,46359318,920610175.0,0.5906674542232807,16.93
HK.00883,中国海洋石油,2024-05-08,17.03,17.03,17.46,17.01,6.898,0.00181,80812720,1618835268.0,0.0,17.03
HK.00883,中国海洋石油,2024-05-09,17.26,17.13,17.36,17.05,6.933,0.00169,75343868,1504763948.0,0.5871990604814907,17.03
HK.00883,中国海洋石油,2024-05-10,17.41,17.71,17.86,17.31,7.135,0.00477,212510891,4340151711.0,3.3858727378867597,17.13
HK.00883,中国海洋石油,2024-05-13,17.41,17.21,17.81,17.09,6.961,0.00281,125383251,2513092401.0,-2.82326369282891,17.71
HK.00883,中国海洋石油,2024-05-14,17.11,16.75,17.31,16.71,6.801,0.00277,123682174,2436939021.0,-2.672864613596751,17.21
HK.00883,中国海洋石油,2024-05-16,16.89,16.53,16.89,16.41,6.724,0.00325,144789295,2795264374.0,-1.3134328358208889,16.75
HK.00883,中国海洋石油,2024-05-17,16.51,16.57,16.79,16.39,6.738,0.0028,124930097,2419651590.0,0.2419842710223783,16.53
HK.00883,中国海洋石油,2024-05-20,16.57,16.87,17.13,16.57,6.843,0.00359,159874016,3148991837.0,1.8105009052504568,16.57
HK.00883,中国海洋石油,2024-05-21,16.89,16.43,17.01,16.35,6.689,0.0027,120154422,2327597913.0,-2.608180201541205,16.87
HK.00883,中国海洋石油,2024-05-22,16.35,16.25,16.57,16.17,6.627,0.00251,111667265,2142562923.0,-1.0955569080949463,16.43
HK.00883,中国海洋石油,2024-05-23,16.13,16.39,16.57,16.09,6.675,0.00307,136697943,2616433784.0,0.8615384615384649,16.25
HK.00883,中国海洋石油,2024-05-24,16.41,16.83,16.97,16.41,6.829,0.00309,137768507,2690743860.0,2.6845637583892477,16.39
HK.00883,中国海洋石油,2024-05-27,16.91,17.66,17.81,16.89,7.117,0.00289,129020371,2606355804.0,4.931669637552002,16.83
HK.00883,中国海洋石油,2024-05-28,17.81,17.81,18.21,17.71,7.17,0.00185,82572521,1716191016.0,0.8493771234428006,17.66
HK.00883,中国海洋石油,2024-05-29,17.96,18.16,18.36,17.81,7.292,0.00202,89948082,1885944566.0,1.9651880965749664,17.81
HK.00883,中国海洋石油,2024-05-30,18.06,17.66,18.21,17.46,7.117,0.00179,79833378,1647278760.0,-2.753303964757709,18.16
HK.00883,中国海洋石油,2024-05-31,17.51,18.11,18.31,17.46,7.274,0.00166,73855895,1539133734.0,2.548131370328422,17.66
HK.00883,中国海洋石油,2024-06-03,18.11,18.26,18.96,17.96,7.326,0.00281,125046760,2657186516.0,0.8282716731087915,18.11
HK.00883,中国海洋石油,2024-06-04,17.66,17.86,18.16,17.31,7.187,0.00415,184816170,3809313243.0,-2.190580503833527,18.26
HK.00883,中国海洋石油,2024-06-05,17.71,17.51,17.81,17.36,7.065,0.00287,127717595,2599196409.0,-1.9596864501679616,17.86
HK.00883,中国海洋石油,2024-06-06,17.71,18.31,18.56,17.71,7.344,0.00205,91173492,1909206798.0,4.5688178183894745,17.51
HK.00883,中国海洋石油,2024-06-07,18.61,18.46,18.86,18.21,7.396,0.00138,61362771,1303873234.0,0.8192244675041078,18.31
HK.00883,中国海洋石油,2024-06-11,18.61,18.51,18.81,18.06,7.413,0.0027,120266858,2553479867.0,0.2708559046587254,18.46
HK.00883,中国海洋石油,2024-06-12,18.51,19.01,19.11,18.41,7.587,0.00309,137862229,2981173245.0,2.701242571582928,18.51
HK.00883,中国海洋石油,2024-06-13,19.27,19.27,19.62,19.07,7.448,0.00195,87097765,1868675186.0,1.3677012098895212,19.01
HK.00883,中国海洋石油,2024-06-14,19.12,19.17,19.62,18.77,7.413,0.00168,74770386,1597545560.0,-0.5189413596263512,19.27
HK.00883,中国海洋石油,2024-06-17,19.17,18.97,19.47,18.97,7.344,0.0014,62367024,1327189030.0,-1.04329681794472,19.17
HK.00883,中国海洋石油,2024-06-18,19.22,19.32,19.47,19.02,7.466,0.00125,55711808,1192667886.0,1.8450184501845095,18.97
HK.00883,中国海洋石油,2024-06-19,19.57,20.57,20.62,19.47,7.901,0.00272,121173091,2695386562.0,6.469979296066253,19.32
HK.00883,中国海洋石油,2024-06-20,20.72,21.37,21.47,20.52,8.179,0.00278,124025009,2892592497.0,3.8891589693728768,20.57
HK.00883,中国海洋石油,2024-06-21,21.17,20.62,21.22,20.27,7.918,0.00241,107259398,2447788849.0,-3.509592887225082,21.37
HK.00883,中国海洋石油,2024-06-24,20.52,20.42,21.12,19.97,7.848,0.00221,98532556,2224514756.0,-0.9699321047526638,20.62
HK.00883,中国海洋石油,2024-06-25,20.67,20.57,20.82,20.32,7.901,0.00175,77789691,1765505718.0,0.7345739471106688,20.42
HK.00883,中国海洋石油,2024-06-26,20.57,20.42,20.62,20.07,7.848,0.00134,59717334,1344551441.0,-0.7292173067574068,20.57
HK.00883,中国海洋石油,2024-06-27,20.27,19.62,20.37,19.52,7.57,0.00208,92841751,2044975934.0,-3.9177277179236074,20.42
HK.00883,中国海洋石油,2024-06-28,19.87,20.27,20.52,19.62,7.796,0.00208,92792080,2075401266.0,3.312945973496425,19.62
HK.00883,中国海洋石油,2024-07-02,20.87,21.27,21.42,20.77,8.144,0.00221,98584548,2294904575.0,4.93339911198816,20.27
HK.00883,中国海洋石油,2024-07-03,21.32,21.27,21.77,21.07,8.144,0.00153,68005840,1597677208.0,0.0,21.27
HK.00883,中国海洋石油,2024-07-04,21.32,21.27,21.42,20.82,8.144,0.00143,63531266,1476052115.0,0.0,21.27
HK.00883,中国海洋石油,2024-07-05,21.32,21.12,21.52,20.77,8.092,0.00155,69117072,1608574398.0,-0.7052186177715025,21.27
HK.00883,中国海洋石油,2024-07-08,21.07,21.02,21.27,20.77,8.057,0.00116,51745576,1198544022.0,-0.4734848484848551,21.12
HK.00883,中国海洋石油,2024-07-09,20.92,20.82,21.07,20.67,7.988,0.00142,63223494,1452918401.0,-0.9514747859181698,21.02
HK.00883,中国海洋石油,2024-07-10,20.82,20.02,20.87,19.87,7.709,0.0027,120267510,2695264644.0,-3.8424591738712808,20.82
HK.00883,中国海洋石油,2024-07-11,20.37,20.47,20.57,20.02,7.866,0.00142,63462728,1420812904.0,2.247752247752244,20.02
HK.00883,中国海洋石油,2024-07-12,20.72,20.72,20.92,20.37,7.953,0.00127,56447198,1285317552.0,1.2212994626282363,20.47
HK.00883,中国海洋石油,2024-07-15,20.47,20.37,20.97,20.27,7.831,0.00147,65665859,1488519066.0,-1.6891891891891788,20.72
HK.00883,中国海洋石油,2024-07-16,20.67,20.17,20.77,20.17,7.761,0.00141,62739922,1413055124.0,-0.9818360333824216,20.37
HK.00883,中国海洋石油,2024-07-17,20.17,19.02,20.27,18.57,7.361,0.00544,242663931,5148709022.0,-5.701536936043639,20.17
HK.00883,中国海洋石油,2024-07-18,19.27,19.42,19.67,18.97,7.5,0.00258,115026272,2472730868.0,2.1030494216614204,19.02
HK.00883,中国海洋石油,2024-07-19,19.27,18.37,19.27,18.17,7.135,0.00447,199162522,4102312984.0,-5.406797116374874,19.42
HK.00883,中国海洋石油,2024-07-22,18.02,18.32,18.67,17.77,7.117,0.00373,166099279,3358074754.0,-0.2721829069134497,18.37
HK.00883,中国海洋石油,2024-07-23,18.17,18.22,18.72,18.12,7.083,0.0023,102438928,2103379227.0,-0.5458515283842873,18.32
HK.00883,中国海洋石油,2024-07-24,18.17,18.47,18.72,18.02,7.17,0.00185,82264004,1694902948.0,1.3721185510428102,18.22
HK.00883,中国海洋石油,2024-07-25,18.57,17.67,18.57,17.55,6.891,0.00296,131905090,2635371053.0,-4.331348132106102,18.47
HK.00883,中国海洋石油,2024-07-26,17.87,17.77,18.37,17.61,6.926,0.00215,96014049,1923560132.0,0.5659309564233043,17.67
HK.00883,中国海洋石油,2024-07-29,17.83,18.47,18.77,17.79,7.17,0.0023,102631064,2106334596.0,3.9392234102419774,17.77
HK.00883,中国海洋石油,2024-07-30,18.27,17.79,18.27,17.61,6.933,0.00313,139683861,2783119867.0,-3.681645912290199,18.47
HK.00883,中国海洋石油,2024-07-31,17.85,18.37,18.42,17.51,7.135,0.00206,91746632,1857637465.0,3.2602585722316015,17.79
HK.00883,中国海洋石油,2024-08-01,18.72,18.77,19.07,18.37,7.272,0.00238,105846403,2203496013.0,2.1774632553075586,18.37
HK.00883,中国海洋石油,2024-08-02,18.27,18.27,18.27,17.87,7.098,0.00242,107681965,2177814787.0,-2.663825253063399,18.77
HK.00883,中国海洋石油,2024-08-05,17.47,16.97,17.75,16.59,6.645,0.00599,266986598,5119778968.0,-7.115489874110568,18.27
HK.00883,中国海洋石油,2024-08-06,17.37,16.73,17.59,16.57,6.562,0.00274,121937960,2330330565.0,-1.4142604596346402,16.97
HK.00883,中国海洋石油,2024-08-07,16.59,17.11,17.45,16.59,6.694,0.00157,69955606,1345149433.0,2.271368798565445,16.73
HK.00883,中国海洋石油,2024-08-08,17.41,17.51,17.55,17.09,6.833,0.00181,80445093,1569499300.0,2.3378141437755824,17.11
HK.00883,中国海洋石油,2024-08-09,17.67,17.77,18.27,17.61,6.924,0.0023,102340443,2050275254.0,1.4848657909765732,17.51
HK.00883,中国海洋石油,2024-08-12,17.87,17.61,18.12,17.49,6.868,0.00119,52881997,1049029360.0,-0.9003939223410249,17.77
HK.00883,中国海洋石油,2024-08-13,18.02,17.92,18.27,17.83,6.976,0.00136,60727878,1223085600.0,1.7603634298694053,17.61
HK.00883,中国海洋石油,2024-08-14,17.97,17.85,18.02,17.77,6.951,0.00093,41663326,832929113.0,-0.3906250000000015,17.92
HK.00883,中国海洋石油,2024-08-15,17.77,17.79,18.02,17.71,6.931,0.00104,46437660,925604029.0,-0.3361344537815253,17.85
HK.00883,中国海洋石油,2024-08-16,17.97,18.47,18.57,17.97,7.167,0.00171,76395226,1567746078.0,3.82237211916807,17.79
HK.00883,中国海洋石油,2024-08-19,18.32,18.42,18.62,18.17,7.15,0.00145,64493333,1324049270.0,-0.270709258256617,18.47
HK.00883,中国海洋石油,2024-08-20,18.22,18.02,18.37,17.85,7.011,0.00145,64786613,1306182217.0,-2.17155266015202,18.42
HK.00883,中国海洋石油,2024-08-21,17.97,18.22,18.32,17.69,7.08,0.00125,55527586,1119268894.0,1.109877913429519,18.02
HK.00883,中国海洋石油,2024-08-22,18.07,18.12,18.12,17.79,7.045,0.0014,62219995,1248627265.0,-0.5488474204171123,18.22
HK.00883,中国海洋石油,2024-08-23,18.07,18.32,18.42,18.07,7.115,0.00074,32999258,673232472.0,1.1037527593818943,18.12
HK.00883,中国海洋石油,2024-08-26,18.57,18.57,19.02,18.57,7.202,0.00176,78327169,1639032985.0,1.3646288209606987,18.32
HK.00883,中国海洋石油,2024-08-27,18.92,19.27,19.42,18.77,7.446,0.00209,93091495,1979635421.0,3.769520732364024,18.57
HK.00883,中国海洋石油,2024-08-28,19.12,19.17,19.37,19.02,7.411,0.00109,48648549,1035819162.0,-0.5189413596263512,19.27
HK.00883,中国海洋石油,2024-08-29,19.12,19.07,19.47,18.72,7.376,0.00206,91798782,1943636220.0,-0.52164840897236,19.17
HK.00883,中国海洋石油,2024-08-30,19.32,19.42,19.67,19.02,7.498,0.00159,70864018,1526385631.0,1.8353434714210877,19.07
HK.00883,中国海洋石油,2024-09-02,19.07,19.02,19.17,18.77,7.359,0.00142,63064626,1333784369.0,-2.0597322348094855,19.42
HK.00883,中国海洋石油,2024-09-03,19.02,19.12,19.22,18.77,7.393,0.00125,55643919,1176193698.0,0.5257623554153598,19.02
HK.00883,中国海洋石油,2024-09-04,18.17,17.77,18.32,17.71,6.924,0.00396,176587092,3546998883.0,-7.060669456066952,19.12
HK.00883,中国海洋石油,2024-09-05,17.87,17.71,17.97,17.49,6.903,0.00216,96439474,1910597545.0,-0.3376477208778768,17.77
HK.00883,中国海洋石油,2024-09-09,17.31,16.95,17.31,16.65,6.638,0.00463,206256784,3913629310.0,-4.291360813099952,17.71
HK.00883,中国海洋石油,2024-09-10,16.97,17.03,17.23,16.73,6.666,0.0023,102490404,1961736722.0,0.4719764011799519,16.95
HK.00883,中国海洋石油,2024-09-11,16.27,16.59,16.59,15.87,6.513,0.00538,239802002,4396359585.0,-2.5836758661186217,17.03
HK.00883,中国海洋石油,2024-09-12,16.83,16.77,16.91,16.41,6.318,0.00219,97405548,1759394795.0,1.084990958408678,16.59
HK.00883,中国海洋石油,2024-09-13,16.91,17.09,17.33,16.91,6.43,0.00176,78299262,1450546447.0,1.9081693500298167,16.77
HK.00883,中国海洋石油,2024-09-16,16.79,17.03,17.11,16.75,6.409,0.00046,20440956,375981804.0,-0.3510825043885238,17.09
HK.00883,中国海洋石油,2024-09-17,17.19,17.39,17.53,17.15,6.534,0.00079,35350031,663965937.0,2.113916617733408,17.03
HK.00883,中国海洋石油,2024-09-19,17.41,17.41,17.49,16.93,6.541,0.00283,125938648,2350809565.0,0.115008625646921,17.39
HK.00883,中国海洋石油,2024-09-20,17.59,17.51,18.01,17.47,6.576,0.00211,94133374,1797860150.0,0.5743825387708296,17.41
HK.00883,中国海洋石油,2024-09-23,17.71,17.59,17.89,17.51,6.601,0.00171,76073013,1453761967.0,0.4568817818389393,17.51
HK.00883,中国海洋石油,2024-09-24,17.81,18.37,18.51,17.77,6.873,0.0031,138176442,2705432328.0,4.434337691870387,17.59
HK.00883,中国海洋石油,2024-09-25,19.21,18.29,19.26,18.17,6.845,0.00345,153824831,3076721081.0,-0.4354926510615233,18.37
HK.00883,中国海洋石油,2024-09-26,18.21,17.01,18.37,16.91,6.4,0.01023,455750772,8537618716.0,-6.99835975943137,18.29
HK.00883,中国海洋石油,2024-09-27,16.69,17.19,17.31,16.15,6.462,0.00851,379095541,6905428989.0,1.0582010582010564,17.01
HK.00883,中国海洋石油,2024-09-30,17.47,18.03,18.15,17.37,6.754,0.00712,316965798,6084294931.0,4.886561954624781,17.19
HK.00883,中国海洋石油,2024-10-02,18.81,19.01,19.21,18.23,7.095,0.00402,178880465,3629473359.0,5.435385468663341,18.03
HK.00883,中国海洋石油,2024-10-03,18.91,19.51,19.61,18.76,7.269,0.00222,99033030,2041904507.0,2.6301946344029457,19.01
HK.00883,中国海洋石油,2024-10-04,20.16,20.16,20.31,19.71,7.495,0.0021,93652313,2009874942.0,3.331624807790869,19.51
HK.00883,中国海洋石油,2024-10-07,20.51,20.66,20.86,19.81,7.669,0.00203,90368789,1967714281.0,2.4801587301587302,20.16
HK.00883,中国海洋石油,2024-10-08,20.61,18.96,20.81,18.81,7.078,0.00795,353887489,7387262275.0,-8.22846079380445,20.66
HK.00883,中国海洋石油,2024-10-09,18.59,17.91,18.71,17.77,6.713,0.00448,199722725,3915828395.0,-5.5379746835443076,18.96
HK.00883,中国海洋石油,2024-10-10,18.13,18.71,19.46,18.13,6.991,0.00464,206552960,4173986702.0,4.466778336125074,17.91
HK.00883,中国海洋石油,2024-10-14,18.96,18.76,19.26,18.66,7.008,0.00308,137229030,2789244998.0,0.2672367717798007,18.71
HK.00883,中国海洋石油,2024-10-15,18.35,17.91,18.49,17.73,6.713,0.00304,135272800,2640125626.0,-4.5309168443496874,18.76
HK.00883,中国海洋石油,2024-10-16,17.77,17.71,17.97,17.61,6.643,0.00223,99183511,1902576008.0,-1.1166945840312634,17.91
HK.00883,中国海洋石油,2024-10-17,17.91,17.65,18.27,17.55,6.622,0.00209,93219126,1796436579.0,-0.338791643139482,17.71
HK.00883,中国海洋石油,2024-10-18,17.75,17.63,17.89,17.49,6.615,0.00291,129556556,2465230302.0,-0.1133144475920655,17.65
HK.00883,中国海洋石油,2024-10-21,17.43,17.37,17.67,17.21,6.525,0.00284,126639860,2385218333.0,-1.4747589336358369,17.63
HK.00883,中国海洋石油,2024-10-22,17.43,17.37,17.65,17.31,6.525,0.00182,81224142,1531505901.0,0.0,17.37
HK.00883,中国海洋石油,2024-10-23,17.53,17.45,17.65,17.37,6.553,0.00206,91912849,1736688310.0,0.4605641911341295,17.37
HK.00883,中国海洋石油,2024-10-24,17.39,17.67,17.79,17.03,6.629,0.00211,94102230,1782116255.0,1.2607449856733663,17.45
HK.00883,中国海洋石油,2024-10-25,17.65,17.53,17.93,17.39,6.58,0.00166,74119647,1409367841.0,-0.792303338992646,17.67
HK.00883,中国海洋石油,2024-10-28,17.21,17.31,17.43,16.95,6.504,0.00203,90261072,1682329251.0,-1.2549914432401734,17.53
HK.00883,中国海洋石油,2024-10-29,17.33,17.03,17.45,16.91,6.406,0.00319,142015994,2623339535.0,-1.61756210283072,17.31
HK.00883,中国海洋石油,2024-10-30,17.01,16.63,17.03,16.43,6.267,0.00389,173087171,3118079494.0,-2.348796241926025,17.03
HK.00883,中国海洋石油,2024-10-31,16.71,16.79,16.91,16.59,6.323,0.00191,85043796,1541206366.0,0.9621166566446192,16.63
HK.00883,中国海洋石油,2024-11-01,17.01,16.99,17.19,16.91,6.393,0.00163,72668550,1339513867.0,1.1911852293031524,16.79
HK.00883,中国海洋石油,2024-11-04,17.15,16.73,17.17,16.65,6.302,0.00225,100373270,1825780697.0,-1.5303119482048149,16.99
HK.00883,中国海洋石油,2024-11-05,16.93,17.01,17.03,16.69,6.4,0.00193,85843608,1572181491.0,1.6736401673640235,16.73
HK.00883,中国海洋石油,2024-11-06,16.79,16.55,16.89,16.41,6.24,0.0035,155668946,2804437448.0,-2.7042915931804865,17.01
HK.00883,中国海洋石油,2024-11-07,16.61,16.65,16.85,16.55,6.274,0.00241,107312410,1939610807.0,0.6042296072507424,16.55
HK.00883,中国海洋石油,2024-11-08,16.67,16.37,16.77,16.17,6.177,0.0033,146858658,2614835264.0,-1.681681681681667,16.65
HK.00883,中国海洋石油,2024-11-11,16.11,15.91,16.35,15.669999999,6.017,0.0047,209455503,3622064436.0,-2.8100183262064804,16.37
HK.00883,中国海洋石油,2024-11-12,15.71,15.55,15.83,15.37,5.892,0.00391,174028480,2953683706.0,-2.262727844123189,15.91
HK.00883,中国海洋石油,2024-11-13,15.53,15.63,15.87,15.489999999,5.92,0.00218,97121707,1659401968.0,0.5144694533762062,15.55
HK.00883,中国海洋石油,2024-11-14,15.509999999,15.349999999,15.669999999,15.31,5.822,0.00207,92144894,1549934167.0,-1.791426749840059,15.63
HK.00883,中国海洋石油,2024-11-15,15.41,15.43,15.669999999,15.349999999,5.85,0.00186,82670186,1396747138.0,0.5211726449850936,15.349999999
HK.00883,中国海洋石油,2024-11-18,15.41,15.65,16.05,15.37,5.926,0.00255,113520063,1943984271.0,1.4257939079714883,15.43
HK.00883,中国海洋石油,2024-11-19,15.91,15.77,16.09,15.63,5.968,0.00181,80823570,1388767872.0,0.7667731629392921,15.65
HK.00883,中国海洋石油,2024-11-20,15.77,15.71,15.93,15.59,5.947,0.00156,69511606,1187612569.0,-0.3804692454026552,15.77
HK.00883,中国海洋石油,2024-11-21,15.669999999,15.77,15.93,15.63,5.968,0.00188,83700099,1440977623.0,0.3819223424570255,15.71
HK.00883,中国海洋石油,2024-11-22,15.91,15.669999999,16.09,15.63,5.933,0.00226,100858595,1736785819.0,-0.6341154153455912,15.77
HK.00883,中国海洋石油,2024-11-25,15.87,15.93,16.25,15.77,6.024,0.00259,115557455,2017473186.0,1.659221448733836,15.669999999
HK.00883,中国海洋石油,2024-11-26,15.61,15.73,15.87,15.61,5.954,0.00176,78595543,1345370477.0,-1.2554927809165053,15.93
HK.00883,中国海洋石油,2024-11-27,15.73,15.87,15.91,15.61,6.003,0.00122,54374757,934551770.0,0.8900190718372459,15.73
HK.00883,中国海洋石油,2024-11-28,15.73,15.65,15.81,15.63,5.926,0.00126,56324630,962792362.0,-1.3862633900441013,15.87
HK.00883,中国海洋石油,2024-11-29,15.73,15.71,15.81,15.59,5.947,0.00126,56177066,959697529.0,0.3833865814696517,15.65
HK.00883,中国海洋石油,2024-12-02,15.79,15.669999999,15.79,15.47,5.933,0.00175,78103206,1326338377.0,-0.2546149013367346,15.71
HK.00883,中国海洋石油,2024-12-03,15.61,16.01,16.03,15.53,6.052,0.00198,88110302,1516525521.0,2.1697511233037603,15.669999999
HK.00883,中国海洋石油,2024-12-04,16.11,16.41,16.71,15.99,6.191,0.00372,165570973,2957609924.0,2.4984384759525207,16.01
HK.00883,中国海洋石油,2024-12-05,16.27,16.25,16.49,16.09,6.135,0.00182,81129877,1430874453.0,-0.9750152346130416,16.41
HK.00883,中国海洋石油,2024-12-06,16.35,16.33,16.65,16.27,6.163,0.00194,86608489,1547283825.0,0.4923076923076818,16.25
HK.00883,中国海洋石油,2024-12-09,16.33,16.65,16.67,16.15,6.274,0.00177,78976149,1406889394.0,1.9595835884874484,16.33
HK.00883,中国海洋石油,2024-12-10,16.95,16.35,16.97,16.35,6.17,0.00212,94248184,1686278463.0,-1.8018018018017847,16.65
HK.00883,中国海洋石油,2024-12-11,16.49,16.47,16.65,16.35,6.212,0.00136,60752763,1087665637.0,0.7339449541284246,16.35
HK.00883,中国海洋石油,2024-12-12,16.69,16.59,16.73,16.45,6.253,0.00137,60805902,1091946683.0,0.7285974499089314,16.47
HK.00883,中国海洋石油,2024-12-13,16.43,16.29,16.51,16.25,6.149,0.00143,63894578,1134658686.0,-1.8083182640144708,16.59
HK.00883,中国海洋石油,2024-12-16,16.49,16.43,16.71,16.41,6.198,0.00182,81182965,1456344826.0,0.8594229588704763,16.29
HK.00883,中国海洋石油,2024-12-17,16.43,16.73,16.89,16.43,6.302,0.00214,95530203,1731440404.0,1.8259281801582512,16.43
HK.00883,中国海洋石油,2024-12-18,16.75,16.77,17.05,16.73,6.316,0.002,89119969,1632450172.0,0.2390914524805687,16.73
HK.00883,中国海洋石油,2024-12-19,16.59,16.73,16.87,16.55,6.302,0.00149,66339572,1198371487.0,-0.2385211687537218,16.77
HK.00883,中国海洋石油,2024-12-20,16.69,16.51,16.75,16.49,6.226,0.00111,49233035,884725145.0,-1.3150029886431491,16.73
HK.00883,中国海洋石油,2024-12-23,16.59,16.91,17.03,16.59,6.365,0.00173,77125372,1413084858.0,2.422774076317374,16.51
HK.00883,中国海洋石油,2024-12-24,17.01,17.21,17.41,16.95,6.469,0.00158,70386808,1310091770.0,1.7740981667652318,16.91
HK.00883,中国海洋石油,2024-12-27,17.21,17.29,17.43,17.11,6.497,0.00183,81635511,1526493674.0,0.4648460197559459,17.21
HK.00883,中国海洋石油,2024-12-30,17.45,17.47,17.59,17.39,6.56,0.00176,78600546,1485097211.0,1.0410641989589342,17.29
HK.00883,中国海洋石油,2024-12-31,17.53,17.73,17.91,17.49,6.65,0.00162,72315191,1384302240.0,1.4882655981682975,17.47
HK.00883,中国海洋石油,2025-01-02,17.79,17.49,17.93,17.29,6.566,0.00194,86629562,1642230322.0,-1.3536379018612634,17.73
HK.00883,中国海洋石油,2025-01-03,17.63,17.63,17.95,17.61,6.615,0.0019,84576051,1622441941.0,0.8004574042309925,17.49
HK.00883,中国海洋石油,2025-01-06,17.85,17.75,17.97,17.65,6.657,0.00143,63846663,1226760607.0,0.680657969370397,17.63
HK.00883,中国海洋石油,2025-01-07,17.67,17.59,17.73,17.45,6.601,0.002,89143767,1687496220.0,-0.901408450704226,17.75
HK.00883,中国海洋石油,2025-01-08,17.73,17.63,17.81,17.57,6.615,0.00166,74007839,1413244691.0,0.2274019329164249,17.59
HK.00883,中国海洋石油,2025-01-09,17.61,17.49,17.63,17.37,6.566,0.00122,54550884,1031028907.0,-0.7941009642654598,17.63
HK.00883,中国海洋石油,2025-01-10,17.61,17.43,17.73,17.39,6.546,0.00094,41888604,790805728.0,-0.3430531732418452,17.49
HK.00883,中国海洋石油,2025-01-13,17.81,17.85,18.09,17.67,6.692,0.0028,124856968,2408845790.0,2.4096385542168774,17.43
HK.00883,中国海洋石油,2025-01-14,18.01,18.09,18.11,17.83,6.775,0.00162,72149644,1400963933.0,1.3445378151260414,17.85
HK.00883,中国海洋石油,2025-01-15,18.01,18.11,18.19,17.91,6.782,0.00096,42618678,827969929.0,0.110558319513541,18.09
HK.00883,中国海洋石油,2025-01-16,18.39,18.39,18.57,18.29,6.88,0.00189,84377648,1675947893.0,1.546107123136395,18.11
HK.00883,中国海洋石油,2025-01-17,18.27,18.21,18.35,18.15,6.817,0.00079,35321663,694195912.0,-0.978792822185969,18.39
HK.00883,中国海洋石油,2025-01-20,18.37,17.69,18.37,17.59,6.636,0.00284,126329903,2421156961.0,-2.8555738605161975,18.21
HK.00883,中国海洋石油,2025-01-21,17.53,17.55,17.65,17.09,6.587,0.00255,113706988,2136515933.0,-0.7914075749010772,17.69
HK.00883,中国海洋石油,2025-01-22,17.41,17.35,17.51,17.25,6.518,0.00188,83571753,1564221921.0,-1.1396011396011354,17.55
HK.00883,中国海洋石油,2025-01-23,17.39,17.23,17.49,17.11,6.476,0.00261,116316154,2167403343.0,-0.6916426512968357,17.35
HK.00883,中国海洋石油,2025-01-24,17.01,17.07,17.13,16.77,6.42,0.0026,115803686,2126641273.0,-0.9286128845037732,17.23
HK.00883,中国海洋石油,2025-01-27,16.93,17.29,17.41,16.87,6.497,0.00135,60343224,1125555621.0,1.2888107791446917,17.07
HK.00883,中国海洋石油,2025-01-28,17.21,17.05,17.23,16.99,6.413,0.00028,12602369,232707786.0,-1.3880855986119054,17.29
HK.00883,中国海洋石油,2025-02-03,16.61,17.17,17.17,16.61,6.455,0.00062,27818139,507213126.0,0.7038123167155483,17.05
HK.00883,中国海洋石油,2025-02-04,17.11,17.37,17.55,17.09,6.525,0.00075,33270876,623413800.0,1.1648223645893958,17.17
HK.00883,中国海洋石油,2025-02-05,17.25,17.17,17.31,16.97,6.455,0.00159,70790414,1309238593.0,-1.1514104778353442,17.37
HK.00883,中国海洋石油,2025-02-06,17.21,17.41,17.45,17.09,6.539,0.00166,73746196,1377008399.0,1.3977868375072708,17.17
HK.00883,中国海洋石油,2025-02-07,17.27,17.27,17.37,17.09,6.49,0.00251,111744053,2074620584.0,-0.8041355542791532,17.41
HK.00883,中国海洋石油,2025-02-10,17.21,17.17,17.29,17.09,6.455,0.00242,107793673,1998964408.0,-0.5790387955992928,17.27
HK.00883,中国海洋石油,2025-02-11,17.25,17.35,17.49,17.21,6.518,0.00166,73739502,1383245642.0,1.0483401281304583,17.17
HK.00883,中国海洋石油,2025-02-12,17.49,17.51,17.61,17.35,6.573,0.00174,77652944,1467182334.0,0.9221902017291074,17.35
HK.00883,中国海洋石油,2025-02-13,17.27,17.25,17.41,17.11,6.483,0.00273,121481430,2267567623.0,-1.4848657909765937,17.51
HK.00883,中国海洋石油,2025-02-14,17.27,17.23,17.41,17.05,6.476,0.00284,126389253,2348463887.0,-0.1159420289855047,17.25
HK.00883,中国海洋石油,2025-02-17,17.01,17.05,17.15,16.87,6.413,0.00371,165356969,3041009882.0,-1.0446894950667422,17.23
HK.00883,中国海洋石油,2025-02-18,17.11,17.09,17.21,17.01,6.427,0.00199,88483763,1635947422.0,0.2346041055718424,17.05
HK.00883,中国海洋石油,2025-02-19,17.09,17.09,17.17,16.95,6.427,0.00173,76936830,1417497232.0,0.0,17.09
HK.00883,中国海洋石油,2025-02-20,17.15,17.23,17.31,16.97,6.476,0.00211,93867091,1741591852.0,0.8191925102399097,17.09
HK.00883,中国海洋石油,2025-02-21,17.33,17.11,17.33,16.93,6.434,0.00275,122278269,2256245342.0,-0.696459663377835,17.23
HK.00883,中国海洋石油,2025-02-24,16.79,16.69,16.89,16.65,6.288,0.00355,158103873,2864130845.0,-2.4547048509643377,17.11
HK.00883,中国海洋石油,2025-02-25,16.73,16.59,16.79,16.51,6.253,0.00228,101477060,1825465015.0,-0.5991611743559102,16.69
HK.00883,中国海洋石油,2025-02-26,16.41,16.37,16.53,16.27,6.177,0.00275,122660738,2177689452.0,-1.3261000602772686,16.59
HK.00883,中国海洋石油,2025-02-27,16.23,16.45,16.57,16.07,6.205,0.00248,110472885,1961153014.0,0.4886988393402461,16.37
HK.00883,中国海洋石油,2025-02-28,16.53,16.49,16.77,16.41,6.219,0.00198,87973137,1586799334.0,0.2431610942249188,16.45
HK.00883,中国海洋石油,2025-03-03,16.61,16.47,16.79,16.45,6.212,0.00142,63132996,1136189866.0,-0.1212856276531205,16.49
HK.00883,中国海洋石油,2025-03-04,16.13,16.05,16.13,15.83,6.066,0.00312,138997406,2415095316.0,-2.5500910746812275,16.47
HK.00883,中国海洋石油,2025-03-05,16.01,16.07,16.19,15.99,6.073,0.00159,70726120,1235866720.0,0.1246105919003088,16.05
HK.00883,中国海洋石油,2025-03-06,15.87,16.03,16.03,15.75,6.059,0.00355,158053767,2726828852.0,-0.248911014312378,16.07
HK.00883,中国海洋石油,2025-03-07,15.93,16.15,16.31,15.93,6.1,0.00277,123466387,2162914486.0,0.7485963817841387,16.03
HK.00883,中国海洋石油,2025-03-10,16.21,16.31,16.43,16.15,6.156,0.00187,83104008,1471107946.0,0.9907120743034064,16.15
HK.00883,中国海洋石油,2025-03-11,16.11,16.31,16.31,15.99,6.156,0.00151,67050516,1177202036.0,0.0,16.31
HK.00883,中国海洋石油,2025-03-12,16.21,16.37,16.53,16.21,6.177,0.00181,80660764,1436439602.0,0.3678724708767767,16.31
HK.00883,中国海洋石油,2025-03-13,16.51,16.67,16.83,16.51,6.281,0.00201,89532064,1619164061.0,1.8326206475259663,16.37
HK.00883,中国海洋石油,2025-03-14,16.67,16.69,16.83,16.49,6.288,0.00163,72622694,1316279378.0,0.1199760047990376,16.67
HK.00883,中国海洋石油,2025-03-17,16.83,16.81,16.97,16.75,6.33,0.00184,81797653,1495065441.0,0.7189934092270667,16.69
HK.00883,中国海洋石油,2025-03-18,16.91,16.93,16.97,16.79,6.372,0.00179,79521528,1451912927.0,0.7138607971445627,16.81
HK.00883,中国海洋石油,2025-03-19,16.89,17.01,17.11,16.81,6.4,0.00157,70096372,1291766800.0,0.4725339633786287,16.93
HK.00883,中国海洋石油,2025-03-20,16.97,17.13,17.29,16.93,6.441,0.00155,69206642,1285215554.0,0.7054673721340237,17.01
HK.00883,中国海洋石油,2025-03-21,17.21,17.11,17.37,17.01,6.434,0.0015,66952222,1243871472.0,-0.1167542323409198,17.13
HK.00883,中国海洋石油,2025-03-24,17.37,17.15,17.37,17.03,6.448,0.00127,56395707,1047498162.0,0.233781414377552,17.11
HK.00883,中国海洋石油,2025-03-25,17.27,17.19,17.29,17.15,6.462,0.00127,56576456,1052802608.0,0.2332361516035143,17.15
HK.00883,中国海洋石油,2025-03-26,17.21,17.01,17.37,16.87,6.4,0.00187,83385113,1541371372.0,-1.047120418848166,17.19
HK.00883,中国海洋石油,2025-03-27,17.15,17.29,17.49,17.13,5.96,0.00171,76264267,1425793216.0,1.6460905349794095,17.01
HK.00883,中国海洋石油,2025-03-28,16.91,17.07,17.17,16.89,5.89,0.0024,107032910,1969725529.0,-1.2724117987275816,17.29
HK.00883,中国海洋石油,2025-03-31,17.05,17.13,17.27,17.01,5.909,0.00141,62729131,1161364316.0,0.3514938488576375,17.07
HK.00883,中国海洋石油,2025-04-01,17.35,17.63,17.81,17.35,6.068,0.00279,124444771,2372470284.0,2.918855808523059,17.13
HK.00883,中国海洋石油,2025-04-02,17.71,17.45,17.73,17.31,6.011,0.00147,65525297,1236055935.0,-1.0209869540555856,17.63
HK.00883,中国海洋石油,2025-04-03,17.07,17.05,17.35,16.95,5.883,0.00237,105721889,1954909978.0,-2.292263610315178,17.45
HK.00883,中国海洋石油,2025-04-07,14.73,14.23,15.27,14.11,4.984,0.01162,517353983,8340332687.0,-16.53958944281525,17.05
HK.00883,中国海洋石油,2025-04-08,14.51,14.75,15.07,14.49,5.149,0.00548,244183236,3955573167.0,3.6542515811665464,14.23
HK.00883,中国海洋石油,2025-04-09,14.25,14.55,14.57,14.11,5.086,0.00503,223842507,3535540810.0,-1.3559322033898256,14.75
HK.00883,中国海洋石油,2025-04-10,15.189999999,14.81,15.29,14.71,5.169,0.00348,155208805,2543321489.0,1.7869415807560125,14.55
HK.00883,中国海洋石油,2025-04-11,14.61,14.81,14.87,14.51,5.169,0.00271,120792636,1944966682.0,0.0,14.81
HK.00883,中国海洋石油,2025-04-14,15.009999999,15.25,15.29,14.87,5.309,0.00266,118507486,1959623376.0,2.9709655638082344,14.81
HK.00883,中国海洋石油,2025-04-15,15.29,15.23,15.39,15.13,5.303,0.00209,93089536,1551293471.0,-0.1311475409836037,15.25
HK.00883,中国海洋石油,2025-04-16,15.21,15.07,15.329999999,14.93,5.252,0.00186,82651835,1361283737.0,-1.0505581089954048,15.23
HK.00883,中国海洋石油,2025-04-17,15.27,15.43,15.45,15.189999999,5.366,0.00174,77676543,1302852573.0,2.3888520238885165,15.07
HK.00883,中国海洋石油,2025-04-22,15.43,15.61,15.61,15.29,5.424,0.00218,96929159,1632593194.0,1.1665586519766669,15.43
HK.00883,中国海洋石油,2025-04-23,15.83,15.77,15.87,15.61,5.475,0.00223,99197727,1698272801.0,1.024983984625241,15.61
HK.00883,中国海洋石油,2025-04-24,15.61,15.47,15.71,15.349999999,5.379,0.0025,111138106,1872613008.0,-1.9023462270133096,15.77
HK.00883,中国海洋石油,2025-04-25,15.57,15.47,15.63,15.43,5.379,0.00191,84890716,1434993190.0,0.0,15.47
HK.00883,中国海洋石油,2025-04-28,15.47,15.61,15.63,15.329999999,5.424,0.00156,69391421,1172712790.0,0.904977375565603,15.47
HK.00883,中国海洋石油,2025-04-29,15.349999999,15.349999999,15.57,15.23,5.341,0.00226,100877967,1690206150.0,-1.6655989814221646,15.61
HK.00883,中国海洋石油,2025-04-30,15.23,15.37,15.37,15.169999999,5.347,0.00202,89901753,1497527966.0,0.1302931661322644,15.349999999
HK.00883,中国海洋石油,2025-05-02,15.31,15.39,15.39,15.21,5.354,0.00056,24925470,416800113.0,0.1301236174365735,15.37
HK.00883,中国海洋石油,2025-05-06,15.11,15.189999999,15.189999999,14.849999999,5.29,0.00303,135007536,2216134574.0,-1.2995451656920152,15.39
HK.00883,中国海洋石油,2025-05-07,15.509999999,15.329999999,15.59,15.21,5.335,0.00221,98523503,1649667805.0,0.9216589862357945,15.189999999
HK.00883,中国海洋石油,2025-05-08,15.27,15.31,15.43,15.23,5.328,0.00122,54142602,905539861.0,-0.130463137647124,15.329999999
HK.00883,中国海洋石油,2025-05-09,15.509999999,15.53,15.55,15.41,5.398,0.00106,47299976,798853850.0,1.436969301110378,15.31
HK.00883,中国海洋石油,2025-05-12,15.669999999,15.99,16.11,15.65,5.545,0.00304,135577157,2339337887.0,2.96200901481005,15.53
HK.00883,中国海洋石油,2025-05-13,15.99,15.91,16.19,15.89,5.52,0.00205,91480564,1594307188.0,-0.5003126954346471,15.99
HK.00883,中国海洋石油,2025-05-14,16.09,16.25,16.41,16.01,5.628,0.00233,103941240,1832742009.0,2.1370207416719036,15.91
HK.00883,中国海洋石油,2025-05-15,16.15,16.03,16.29,15.99,5.558,0.00169,75121446,1314594931.0,-1.3538461538461468,16.25
HK.00883,中国海洋石油,2025-05-16,16.09,15.85,16.09,15.81,5.5,0.00122,54216818,936147161.0,-1.1228945726762414,16.03
HK.00883,中国海洋石油,2025-05-19,15.89,16.03,16.09,15.77,5.558,0.00136,60641901,1051374584.0,1.1356466876971705,15.85
HK.00883,中国海洋石油,2025-05-20,16.11,16.21,16.27,15.93,5.615,0.00164,73104827,1285081990.0,1.1228945726762305,16.03
HK.00883,中国海洋石油,2025-05-21,16.31,16.47,16.55,16.17,5.698,0.0027,120352455,2150518496.0,1.6039481801357065,16.21
HK.00883,中国海洋石油,2025-05-22,16.39,16.31,16.53,16.19,5.647,0.00229,101831010,1809688102.0,-0.9714632665452348,16.47
HK.00883,中国海洋石油,2025-05-23,16.31,16.41,16.43,16.27,5.679,0.00158,70323414,1249676744.0,0.6131207847946133,16.31
HK.00883,中国海洋石油,2025-05-26,16.41,16.49,16.69,16.35,5.705,0.0021,93728484,1678296554.0,0.48750761730651,16.41
HK.00883,中国海洋石油,2025-05-27,16.53,16.49,16.55,16.35,5.705,0.00169,75071777,1340403000.0,0.0,16.49
HK.00883,中国海洋石油,2025-05-28,16.45,16.63,16.67,16.43,5.749,0.00175,77802971,1399664828.0,0.8489993935718653,16.49
HK.00883,中国海洋石油,2025-05-29,16.69,16.71,16.75,16.57,5.775,0.00173,77180808,1396483519.0,0.4810583283223202,16.63
HK.00883,中国海洋石油,2025-05-30,16.45,16.69,16.69,16.39,5.768,0.00165,73604780,1324602937.0,-0.1196888090963469,16.71
HK.00883,中国海洋石油,2025-06-02,16.53,16.49,16.57,16.15,5.705,0.00067,29791407,527288823.0,-1.1983223487118204,16.69
HK.00883,中国海洋石油,2025-06-03,16.59,16.73,16.79,16.59,5.781,0.00161,71592886,1296470336.0,1.4554275318374894,16.49
HK.00883,中国海洋石油,2025-06-04,16.77,16.87,16.97,16.69,5.826,0.00178,79310229,1447311713.0,0.8368200836820118,16.73
HK.00883,中国海洋石油,2025-06-05,16.87,16.91,16.95,16.69,5.839,0.00146,65214501,1188574391.0,0.2371072910491947,16.87
HK.00883,中国海洋石油,2025-06-06,16.89,16.89,17.21,16.77,5.832,0.00256,113958444,2099212534.0,-0.1182732111176793,16.91
HK.00883,中国海洋石油,2025-06-09,17.13,17.13,17.25,17.03,5.909,0.00137,60896687,1128070761.0,1.4209591474245022,16.89
HK.00883,中国海洋石油,2025-06-10,17.21,17.25,17.35,17.11,5.947,0.00172,76647980,1430029648.0,0.7005253940455399,17.13
HK.00883,中国海洋石油,2025-06-11,17.25,17.49,17.55,17.19,6.024,0.00276,122903980,2313738673.0,1.3913043478260778,17.25
HK.00883,中国海洋石油,2025-06-12,17.89,17.59,17.97,17.57,5.845,0.00268,119442578,2205895400.0,0.571755288736429,17.49
HK.00883,中国海洋石油,2025-06-13,18.07,17.97,18.25,17.75,5.966,0.00613,273240018,5122708931.0,2.160318362706078,17.59
HK.00883,中国海洋石油,2025-06-16,18.13,17.93,18.15,17.77,5.954,0.00302,134340220,2505233761.0,-0.2225932109070626,17.97
HK.00883,中国海洋石油,2025-06-17,17.89,17.55,17.89,17.45,5.832,0.00301,134113109,2449151472.0,-2.119353039598433,17.93
HK.00883,中国海洋石油,2025-06-18,17.79,17.41,17.85,17.39,5.788,0.00234,104184781,1903755441.0,-0.797720797720801,17.55
HK.00883,中国海洋石油,2025-06-19,17.47,17.29,17.47,17.05,5.749,0.0029,128947133,2311741907.0,-0.6892590465249914,17.41
HK.00883,中国海洋石油,2025-06-20,17.31,17.17,17.37,17.09,5.711,0.00219,97479170,1750008730.0,-0.6940427993059425,17.29
HK.00883,中国海洋石油,2025-06-23,17.47,17.37,17.59,17.29,5.775,0.00259,115374981,2089459355.0,1.1648223645893958,17.17
HK.00883,中国海洋石油,2025-06-24,16.89,17.17,17.29,16.77,5.711,0.00371,165344935,2944223227.0,-1.1514104778353442,17.37
HK.00883,中国海洋石油,2025-06-25,17.17,17.23,17.33,17.01,5.73,0.00192,85334902,1530377498.0,0.3494467093768125,17.17
HK.00883,中国海洋石油,2025-06-26,17.25,17.17,17.41,17.15,5.711,0.00132,58591078,1055176811.0,-0.3482298316889072,17.23
HK.00883,中国海洋石油,2025-06-27,17.19,17.19,17.37,17.19,5.717,0.00152,67834749,1220522370.0,0.1164822364589375,17.17
HK.00883,中国海洋石油,2025-06-30,17.19,16.99,17.19,16.91,5.654,0.00193,85887788,1523066967.0,-1.163467132053536,17.19
HK.00883,中国海洋石油,2025-07-02,17.05,17.15,17.29,17.05,5.705,0.00113,50511406,906811867.0,0.9417304296645096,16.99
HK.00883,中国海洋石油,2025-07-03,17.27,17.51,17.59,17.19,5.82,0.00174,77515363,1409751202.0,2.0991253644315044,17.15
HK.00883,中国海洋石油,2025-07-04,17.49,17.49,17.53,17.37,5.813,0.00111,49493822,900315868.0,-0.1142204454597551,17.51
HK.00883,中国海洋石油,2025-07-07,17.35,17.35,17.47,17.19,5.768,0.00125,55821585,1008415237.0,-0.8004574042309722,17.49
HK.00883,中国海洋石油,2025-07-08,17.37,17.47,17.51,17.29,5.807,0.00112,49725502,902712109.0,0.6916426512968151,17.35
HK.00883,中国海洋石油,2025-07-09,17.53,17.43,17.67,17.39,5.794,0.00139,62003886,1128339974.0,-0.2289639381797318,17.47
HK.00883,中国海洋石油,2025-07-10,17.51,17.61,17.69,17.43,5.851,0.00118,52730396,967036968.0,1.032702237521513,17.43
HK.00883,中国海洋石油,2025-07-11,17.57,17.59,17.75,17.47,5.845,0.00171,76015581,1396263869.0,-0.1135718341851196,17.61
HK.00883,中国海洋石油,2025-07-14,17.67,17.91,17.99,17.67,5.947,0.00157,69972095,1302160367.0,1.81921546333144,17.59
HK.00883,中国海洋石油,2025-07-15,17.85,17.81,17.93,17.71,5.915,0.00162,72130436,1336242734.0,-0.5583472920156416,17.91
HK.00883,中国海洋石油,2025-07-16,17.77,17.79,17.93,17.75,5.909,0.00087,38871056,721716855.0,-0.1122964626614237,17.81
HK.00883,中国海洋石油,2025-07-17,17.79,17.51,17.83,17.49,5.82,0.00141,62909224,1152508592.0,-1.573917931422134,17.79
HK.00883,中国海洋石油,2025-07-18,17.63,17.79,17.81,17.57,5.909,0.00116,51506931,949705619.0,1.5990862364363083,17.51
HK.00883,中国海洋石油,2025-07-21,17.77,18.03,18.09,17.75,5.985,0.00207,92002352,1721431980.0,1.349072512647566,17.79
HK.00883,中国海洋石油,2025-07-22,18.05,18.13,18.17,17.93,6.017,0.00273,121502998,2279903858.0,0.5546311702717575,18.03
HK.00883,中国海洋石油,2025-07-23,18.17,18.25,18.31,18.11,6.056,0.00271,120499613,2279306884.0,0.661886376172096,18.13
HK.00883,中国海洋石油,2025-07-24,18.25,18.33,18.37,18.13,6.081,0.00171,76144697,1445766949.0,0.4383561643835523,18.25
HK.00883,中国海洋石油,2025-07-25,18.27,18.35,18.63,18.25,6.088,0.00173,77047643,1473774641.0,0.1091107474086368,18.33
HK.00883,中国海洋石油,2025-07-28,18.31,18.07,18.35,17.93,5.998,0.00201,89454105,1681592310.0,-1.5258855585831124,18.35
HK.00883,中国海洋石油,2025-07-29,18.15,18.17,18.21,18.01,6.03,0.00138,61350760,1156287066.0,0.5534034311012807,18.07
HK.00883,中国海洋石油,2025-07-30,18.27,18.45,18.59,18.21,6.119,0.00209,93008496,1787014287.0,1.541001651073184,18.17
HK.00883,中国海洋石油,2025-07-31,18.47,18.19,18.49,18.15,6.037,0.00159,70827268,1342540958.0,-1.4092140921409106,18.45
HK.00883,中国海洋石油,2025-08-01,18.17,17.93,18.17,17.91,5.954,0.00164,73070521,1368135093.0,-1.4293567894447583,18.19
HK.00883,中国海洋石油,2025-08-04,17.77,17.83,17.89,17.59,5.922,0.00174,77524948,1432020265.0,-0.5577244841048602,17.93
HK.00883,中国海洋石油,2025-08-05,17.83,17.92,18.05,17.75,5.95,0.0012,53315612,992036005.0,0.5047672462142648,17.83
HK.00883,中国海洋石油,2025-08-06,17.87,18.03,18.15,17.86,5.985,0.00119,52923565,993749644.0,0.6138392857142825,17.92
HK.00883,中国海洋石油,2025-08-07,18.04,18.07,18.16,17.91,5.998,0.00105,46569437,873990166.0,0.2218524681087029,18.03
HK.00883,中国海洋石油,2025-08-08,17.97,17.97,18.15,17.95,5.966,0.00097,43210598,810272957.0,-0.5534034311012807,18.07
HK.00883,中国海洋石油,2025-08-11,17.92,17.83,17.96,17.73,5.922,0.00145,64541041,1195697530.0,-0.7790762381747388,17.97
HK.00883,中国海洋石油,2025-08-12,17.83,18.06,18.11,17.83,5.995,0.00112,49843651,934169472.0,1.289960740325297,17.83
HK.00883,中国海洋石油,2025-08-13,18.06,18.28,18.32,18.05,6.065,0.00188,83614514,1584964733.0,1.2181616832779758,18.06
HK.00883,中国海洋石油,2025-08-14,18.29,18.26,18.35,18.24,6.059,0.00149,66275992,1261554659.0,-0.1094091903719889,18.28
HK.00883,中国海洋石油,2025-08-15,18.23,18.17,18.3,18.14,6.03,0.00116,51787093,980320556.0,-0.4928806133625402,18.26
HK.00883,中国海洋石油,2025-08-18,18.07,17.86,18.1,17.85,5.931,0.00256,113830333,2120953333.0,-1.7061089708310526,18.17
HK.00883,中国海洋石油,2025-08-19,17.89,17.83,17.95,17.78,5.922,0.00143,63903682,1186716432.0,-0.1679731243001183,17.86
HK.00883,中国海洋石油,2025-08-20,17.79,17.92,18.0,17.76,5.95,0.00126,56036343,1041530497.0,0.5047672462142648,17.83
HK.00883,中国海洋石油,2025-08-21,17.97,18.03,18.14,17.92,5.985,0.00129,57233911,1076232068.0,0.6138392857142825,17.92
HK.00883,中国海洋石油,2025-08-22,18.12,18.0,18.15,17.88,5.976,0.00149,66361643,1243556577.0,-0.166389351081537,18.03
HK.00883,中国海洋石油,2025-08-25,18.15,18.1,18.23,17.97,6.008,0.00277,123240695,2314747424.0,0.5555555555555635,18.0
HK.00883,中国海洋石油,2025-08-26,18.13,18.26,18.27,17.97,6.059,0.00184,82030432,1552452929.0,0.8839779005524869,18.1
HK.00883,中国海洋石油,2025-08-27,18.18,17.91,18.26,17.83,5.947,0.00182,80844502,1515912163.0,-1.9167579408543336,18.26
HK.00883,中国海洋石油,2025-08-28,18.16,18.67,18.75,18.09,6.19,0.00458,203818376,3929385259.0,4.243439419318825,17.91
HK.00883,中国海洋石油,2025-08-29,18.77,18.78,19.05,18.75,6.225,0.00264,117594860,2308854399.0,0.5891805034815181,18.67
HK.00883,中国海洋石油,2025-09-01,18.91,19.22,19.33,18.84,6.365,0.00306,136470262,2710177671.0,2.342917997870062,18.78
HK.00883,中国海洋石油,2025-09-02,19.31,19.33,19.63,19.22,6.4,0.00251,111700422,2253087952.0,0.5723204994797058,19.22
HK.00883,中国海洋石油,2025-09-03,19.47,19.14,19.61,19.13,6.34,0.00119,52940601,1060255925.0,-0.9829280910501694,19.33
HK.00883,中国海洋石油,2025-09-04,18.99,19.06,19.25,18.82,6.314,0.00204,90696779,1790350034.0,-0.4179728317659449,19.14
HK.00883,中国海洋石油,2025-09-05,19.07,19.27,19.31,19.04,6.381,0.00109,48532813,967578465.0,1.1017838405036773,19.06
HK.00883,中国海洋石油,2025-09-08,19.06,19.35,19.45,18.97,6.407,0.00172,76666299,1535779664.0,0.4151530877010994,19.27
HK.00883,中国海洋石油,2025-09-09,19.37,19.41,19.47,19.29,6.426,0.00143,63554071,1278719017.0,0.3100775193798383,19.35
HK.00883,中国海洋石油,2025-09-10,19.47,19.45,19.55,19.35,6.439,0.00202,90129950,1820793112.0,0.2060793405461058,19.41
HK.00883,中国海洋石油,2025-09-11,19.61,19.53,19.75,19.53,6.231,0.00217,96763262,1900476236.0,0.4113110539845853,19.45
HK.00883,中国海洋石油,2025-09-12,19.59,19.42,19.73,19.35,6.196,0.00161,71576210,1391178549.0,-0.5632360471070119,19.53
HK.00883,中国海洋石油,2025-09-15,19.5,19.48,19.64,19.32,6.215,0.00134,59543995,1157954102.0,0.3089598352214146,19.42
HK.00883,中国海洋石油,2025-09-16,19.5,19.31,19.55,19.22,6.161,0.00128,57008918,1102709929.0,-0.8726899383983661,19.48
HK.00883,中国海洋石油,2025-09-17,19.47,19.39,19.51,19.27,6.186,0.00127,56725312,1100653754.0,0.4142931123770163,19.31
HK.00883,中国海洋石油,2025-09-18,19.31,19.05,19.43,19.03,6.078,0.00136,60771901,1164519736.0,-1.7534811758638464,19.39
HK.00883,中国海洋石油,2025-09-19,19.03,19.28,19.34,18.97,6.151,0.00109,48669864,935697193.0,1.2073490813648315,19.05
HK.00883,中国海洋石油,2025-09-22,19.28,19.04,19.28,19.01,6.075,0.00119,53016159,1012039009.0,-1.244813278008309,19.28
HK.00883,中国海洋石油,2025-09-23,19.06,18.91,19.16,18.9,6.033,0.00114,50924255,967292282.0,-0.6827731092436923,19.04
HK.00883,中国海洋石油,2025-09-24,19.01,19.07,19.3,19.01,6.084,0.00109,48655138,932351774.0,0.8461131676361721,18.91
HK.00883,中国海洋石油,2025-09-25,19.15,19.0,19.25,18.98,6.062,0.00105,46623254,889529224.0,-0.3670686942842175,19.07
HK.00883,中国海洋石油,2025-09-26,19.1,19.12,19.21,19.01,6.1,0.00103,45886833,878333630.0,0.6315789473684263,19.0
HK.00883,中国海洋石油,2025-09-29,19.19,19.28,19.3,19.13,6.151,0.00125,55799995,1073397910.0,0.836820083682009,19.12
HK.00883,中国海洋石油,2025-09-30,19.2,19.04,19.2,18.92,6.075,0.00171,76198886,1446724582.0,-1.244813278008309,19.28
HK.00883,中国海洋石油,2025-10-02,19.04,18.93,19.16,18.9,6.04,0.00085,37953297,720780867.0,-0.5777310924369718,19.04
HK.00883,中国海洋石油,2025-10-03,18.9,18.85,18.93,18.77,6.014,0.00052,23192135,436659265.0,-0.4226096143687179,18.93
HK.00883,中国海洋石油,2025-10-06,18.9,18.76,18.93,18.73,5.985,0.00039,17452907,327788487.0,-0.4774535809018559,18.85
HK.00883,中国海洋石油,2025-10-08,18.75,18.5,18.76,18.45,5.902,0.00097,43314002,801807394.0,-1.385927505330499,18.76
HK.00883,中国海洋石油,2025-10-09,18.7,18.8,18.92,18.51,5.998,0.00307,136709127,2566175351.0,1.6216216216216257,18.5
HK.00883,中国海洋石油,2025-10-10,18.73,18.86,18.97,18.62,6.017,0.00189,84059942,1584548151.0,0.3191489361702059,18.8
HK.00883,中国海洋石油,2025-10-13,18.42,18.84,18.84,18.42,6.011,0.00226,100552343,1872262594.0,-0.1060445387062543,18.86
HK.00883,中国海洋石油,2025-10-14,18.79,18.63,18.94,18.63,5.944,0.00228,101465116,1905838186.0,-1.114649681528667,18.84
HK.00883,中国海洋石油,2025-10-15,18.82,18.8,18.9,18.66,5.998,0.00142,63052800,1183698455.0,0.9125067096081682,18.63
HK.00883,中国海洋石油,2025-10-16,18.7,18.96,19.07,18.7,6.049,0.00175,78016720,1477820169.0,0.8510638297872347,18.8
HK.00883,中国海洋石油,2025-10-17,18.84,18.61,18.96,18.59,5.938,0.00224,99747247,1866617460.0,-1.845991561181442,18.96
HK.00883,中国海洋石油,2025-10-20,18.8,19.04,19.04,18.68,6.075,0.00297,132156396,2501506341.0,2.310585706609348,18.61
HK.00883,中国海洋石油,2025-10-21,19.05,19.32,19.47,19.05,6.164,0.00223,99407577,1925335142.0,1.4705882352941235,19.04
HK.00883,中国海洋石油,2025-10-22,19.39,19.5,19.53,19.18,6.222,0.00354,157545911,3062356432.0,0.9316770186335388,19.32
HK.00883,中国海洋石油,2025-10-23,19.8,19.92,20.16,19.77,6.356,0.00384,171232155,3418697338.0,2.153846153846162,19.5
HK.00883,中国海洋石油,2025-10-24,20.1,20.02,20.16,19.74,6.388,0.00206,91599061,1828968896.0,0.5020080321285033,19.92
HK.00883,中国海洋石油,2025-10-27,20.02,20.06,20.24,19.89,6.4,0.00225,100171568,2014272786.0,0.1998001998001955,20.02
HK.00883,中国海洋石油,2025-10-28,20.1,19.95,20.2,19.9,6.365,0.0016,71260225,1427660019.0,-0.5483549351944139,20.06
HK.00883,中国海洋石油,2025-10-30,20.0,20.02,20.2,19.96,6.388,0.00266,118660843,2383550359.0,0.3508771929824575,19.95
HK.00883,中国海洋石油,2025-10-31,20.0,19.77,20.14,19.74,6.308,0.00191,85230537,1695902022.0,-1.2487512487512489,20.02
HK.00883,中国海洋石油,2025-11-03,19.98,20.46,20.66,19.98,6.528,0.00397,176823885,3624393001.0,3.490136570561463,19.77
HK.00883,中国海洋石油,2025-11-04,20.48,20.4,20.86,20.38,6.509,0.00287,127851220,2637680914.0,-0.2932551319648205,20.46
HK.00883,中国海洋石油,2025-11-05,20.22,20.34,20.46,20.12,6.49,0.00166,74097866,1504846523.0,-0.2941176470588172,20.4
HK.00883,中国海洋石油,2025-11-06,20.34,20.88,20.9,20.3,6.662,0.00183,81539655,1686744315.0,2.654867256637164,20.34
HK.00883,中国海洋石油,2025-11-07,20.8,21.18,21.26,20.8,6.758,0.0023,102323152,2162816688.0,1.4367816091954058,20.88
HK.00883,中国海洋石油,2025-11-10,21.28,22.44,22.48,21.28,7.16,0.00417,185602960,4074586710.0,5.949008498583576,21.18
HK.00883,中国海洋石油,2025-11-11,22.46,22.38,22.5,21.98,7.141,0.00192,85585363,1906885936.0,-0.2673796791443951,22.44
HK.00883,中国海洋石油,2025-11-12,22.66,22.94,23.3,22.62,7.319,0.00304,135487712,3112922744.0,2.502234137622888,22.38
HK.00883,中国海洋石油,2025-11-13,22.4,22.48,22.64,22.16,7.172,0.00205,91265992,2044433694.0,-2.005231037489106,22.94
HK.00883,中国海洋石油,2025-11-14,22.42,22.4,22.84,22.36,7.147,0.00122,54241020,1224203938.0,-0.3558718861210047,22.48
HK.00883,中国海洋石油,2025-11-17,22.3,22.5,22.84,22.2,7.179,0.00128,57034049,1287266535.0,0.4464285714285778,22.4
HK.00883,中国海洋石油,2025-11-18,22.44,21.8,22.44,21.54,6.955,0.00254,113152164,2474577325.0,-3.111111111111108,22.5
HK.00883,中国海洋石油,2025-11-19,21.8,22.06,22.48,21.8,7.038,0.00127,56569163,1254124846.0,1.1926605504587064,21.8
HK.00883,中国海洋石油,2025-11-20,21.92,21.96,22.16,21.84,7.007,0.00077,34452171,758114696.0,-0.4533091568449586,22.06
HK.00883,中国海洋石油,2025-11-21,21.8,21.54,21.86,21.44,6.873,0.00173,77247371,1669976923.0,-1.9125683060109369,21.96
HK.00883,中国海洋石油,2025-11-24,21.64,21.22,21.82,20.84,6.77,0.00252,112299190,2373108313.0,-1.4856081708449411,21.54
HK.00883,中国海洋石油,2025-11-25,21.38,21.24,21.46,21.1,6.777,0.00157,69971678,1491691167.0,0.0942507068802996,21.22
HK.00883,中国海洋石油,2025-11-26,21.3,21.06,21.5,21.02,6.719,0.00113,50436893,1070576838.0,-0.8474576271186428,21.24
HK.00883,中国海洋石油,2025-11-27,21.1,21.34,21.52,21.0,6.809,0.00102,45461194,970210970.0,1.3295346628680018,21.06
HK.00883,中国海洋石油,2025-11-28,21.5,21.18,21.5,21.14,6.758,0.00063,28275797,600405240.0,-0.7497656982193072,21.34
HK.00883,中国海洋石油,2025-12-01,21.16,21.44,21.58,21.16,6.841,0.00144,64238964,1375631251.0,1.2275731822474103,21.18
HK.00883,中国海洋石油,2025-12-02,21.48,21.84,22.12,21.4,6.968,0.00133,59144467,1295101949.0,1.865671641791038,21.44
HK.00883,中国海洋石油,2025-12-03,21.86,21.7,21.94,21.68,6.924,0.00066,29214615,636527724.0,-0.6410256410256436,21.84
HK.00883,中国海洋石油,2025-12-04,21.8,21.9,22.08,21.7,6.987,0.00082,36696875,802725306.0,0.921658986175112,21.7
HK.00883,中国海洋石油,2025-12-05,21.86,22.08,22.12,21.8,7.045,0.00101,44802686,986201471.0,0.8219178082191768,21.9
HK.00883,中国海洋石油,2025-12-08,22.14,21.58,22.24,21.58,6.885,0.00115,51238897,1113722712.0,-2.264492753623189,22.08
HK.00883,中国海洋石油,2025-12-09,21.52,21.06,21.56,21.0,6.719,0.00167,74162041,1567688025.0,-2.4096385542168655,21.58
HK.00883,中国海洋石油,2025-12-10,21.06,21.02,21.14,20.96,6.707,0.00163,72788526,1529534621.0,-0.1899335232668525,21.06
HK.00883,中国海洋石油,2025-12-11,21.1,20.9,21.4,20.88,6.668,0.00127,56702896,1194857478.0,-0.5708848715509087,21.02
HK.00883,中国海洋石油,2025-12-12,21.0,20.88,21.02,20.8,6.662,0.0014,62146771,1298405435.0,-0.0956937799043041,20.9
HK.00883,中国海洋石油,2025-12-15,20.86,20.68,21.0,20.56,6.598,0.00155,68991743,1432394545.0,-0.9578544061302648,20.88
HK.00883,中国海洋石油,2025-12-16,20.64,20.2,20.72,20.1,6.445,0.00193,86139772,1747488259.0,-2.321083172147004,20.68
HK.00883,中国海洋石油,2025-12-17,19.95,20.16,20.18,19.92,6.432,0.00211,94180175,1888318839.0,-0.1980198019801938,20.2
HK.00883,中国海洋石油,2025-12-18,20.22,20.36,20.48,20.02,6.496,0.00153,68163406,1382570062.0,0.9920634920634884,20.16
HK.00883,中国海洋石油,2025-12-19,20.48,20.38,20.5,20.2,6.502,0.00103,45906018,934158403.0,0.0982318271119822,20.36
HK.00883,中国海洋石油,2025-12-22,20.52,20.8,20.86,20.28,6.636,0.00189,84016400,1729388581.0,2.060843964671254,20.38
HK.00883,中国海洋石油,2025-12-23,21.0,20.56,21.0,20.52,6.56,0.00137,60932145,1265455506.0,-1.1538461538461635,20.8
HK.00883,中国海洋石油,2025-12-24,20.7,20.6,20.8,20.54,6.573,0.00056,24740407,511534379.0,0.1945525291828925,20.56
HK.00883,中国海洋石油,2025-12-29,20.54,20.64,21.06,20.46,6.585,0.00166,73903225,1537137958.0,0.1941747572815492,20.6
HK.00883,中国海洋石油,2025-12-30,20.72,21.46,21.7,20.72,6.847,0.00254,113278941,2425171233.0,3.9728682170542657,20.64
HK.00883,中国海洋石油,2025-12-31,21.46,21.3,21.68,21.22,6.796,0.00083,36812274,788997826.0,-0.7455731593662634,21.46
HK.00883,中国海洋石油,2026-01-02,21.3,21.86,21.86,21.3,6.975,0.00056,25115214,546484499.0,2.6291079812206513,21.3
HK.00883,中国海洋石油,2026-01-05,21.28,21.14,21.32,20.82,6.745,0.00439,195564660,4116261170.0,-3.293687099725521,21.86
HK.00883,中国海洋石油,2026-01-06,21.3,21.3,21.64,21.1,6.796,0.0019,84628348,1810032784.0,0.7568590350047311,21.14
HK.00883,中国海洋石油,2026-01-07,21.1,20.66,21.14,20.62,6.592,0.00259,115386041,2396033001.0,-3.0046948356807537,21.3
HK.00883,中国海洋石油,2026-01-08,20.6,20.68,20.78,20.54,6.598,0.00115,51386447,1062697301.0,0.0968054211035797,20.66
HK.00883,中国海洋石油,2026-01-09,21.06,20.94,21.24,20.86,6.681,0.0017,75558950,1587802468.0,1.257253384912967,20.68
HK.00883,中国海洋石油,2026-01-12,21.24,20.94,21.28,20.84,6.681,0.00141,62847741,1317769290.0,0.0,20.94
HK.00883,中国海洋石油,2026-01-13,21.04,21.48,21.56,21.02,6.853,0.00213,94691043,2029440811.0,2.5787965616045803,20.94
HK.00883,中国海洋石油,2026-01-14,21.66,21.66,22.04,21.62,6.911,0.00211,94114154,2055169870.0,0.837988826815641,21.48
HK.00883,中国海洋石油,2026-01-15,21.7,22.2,22.32,21.7,7.083,0.00317,141110749,3128915063.0,2.4930747922437635,21.66
HK.00883,中国海洋石油,2026-01-16,22.0,21.8,22.18,21.5,6.955,0.00226,100481270,2198226410.0,-1.8018018018017956,22.2
HK.00883,中国海洋石油,2026-01-19,21.62,21.9,22.16,21.62,6.987,0.00128,56876139,1247306308.0,0.4587155963302654,21.8
HK.00883,中国海洋石油,2026-01-20,21.76,21.52,22.04,21.52,6.866,0.00148,65794797,1427212127.0,-1.7351598173515936,21.9
HK.00883,中国海洋石油,2026-01-21,21.52,22.18,22.24,21.52,7.077,0.00183,81575202,1791436941.0,3.066914498141265,21.52
HK.00883,中国海洋石油,2026-01-22,22.3,22.74,22.98,22.3,7.255,0.00266,118343287,2696558741.0,2.5247971145175776,22.18
HK.00883,中国海洋石油,2026-01-23,22.6,22.44,22.82,22.22,7.16,0.00174,77490762,1736811857.0,-1.319261213720304,22.74
HK.00883,中国海洋石油,2026-01-26,22.9,23.34,23.58,22.84,7.447,0.00351,156481447,3650956689.0,4.010695187165768,22.44
HK.00883,中国海洋石油,2026-01-27,23.26,23.52,23.72,23.14,7.504,0.00215,95688842,2244918727.0,0.7712082262210784,23.34
HK.00883,中国海洋石油,2026-01-28,23.86,24.66,25.04,23.84,7.868,0.00536,238851458,5866629368.0,4.846938775510207,23.52
HK.00883,中国海洋石油,2026-01-29,24.8,24.98,25.58,24.74,7.97,0.00458,203806344,5110764062.0,1.2976480129764811,24.66
HK.00883,中国海洋石油,2026-01-30,25.32,24.38,25.38,23.8,7.779,0.00397,176766138,4330654605.0,-2.4019215372297893,24.98
HK.00883,中国海洋石油,2026-02-02,23.64,23.22,24.1,22.86,7.409,0.00372,165500833,3870201191.0,-4.757998359310911,24.38
HK.00883,中国海洋石油,2026-02-03,23.22,23.36,23.56,23.0,7.453,0.00159,70798156,1653527947.0,0.6029285099052565,23.22
HK.00883,中国海洋石油,2026-02-04,23.82,23.68,23.98,23.22,7.555,0.00191,85241027,2022235531.0,1.3698630136986314,23.36
HK.00883,中国海洋石油,2026-02-05,23.86,23.58,23.96,23.26,7.523,0.0014,62143315,1463503958.0,-0.4222972972973033,23.68
HK.00883,中国海洋石油,2026-02-06,23.1,24.02,24.14,22.86,7.664,0.00201,89685986,2117931960.0,1.865988125530116,23.58
HK.00883,中国海洋石油,2026-02-09,24.2,24.0,24.24,23.84,7.657,0.00142,63273650,1521599004.0,-0.0832639467110723,24.02
HK.00883,中国海洋石油,2026-02-10,24.16,24.64,24.74,24.08,7.862,0.00175,78129369,1910518467.0,2.6666666666666687,24.0
HK.00883,中国海洋石油,2026-02-11,24.7,24.8,24.88,24.36,7.913,0.0012,53342908,1315476372.0,0.6493506493506499,24.64
HK.00883,中国海洋石油,2026-02-12,24.88,25.12,25.4,24.82,8.015,0.00191,85011300,2143082716.0,1.2903225806451624,24.8
HK.00883,中国海洋石油,2026-02-13,24.74,24.24,24.74,24.12,7.734,0.00158,70494670,1714387562.0,-3.5031847133758065,25.12
HK.00883,中国海洋石油,2026-02-16,24.2,25.14,25.52,24.2,8.021,0.00089,39791110,1002571257.0,3.7128712871287215,24.24
HK.00883,中国海洋石油,2026-02-20,25.7,25.7,26.16,25.68,8.2,0.00117,52117951,1351454638.0,2.227525855210814,25.14
HK.00883,中国海洋石油,2026-02-23,25.66,25.84,26.06,25.62,8.245,0.00051,22749224,587300673.0,0.5447470817120645,25.7
HK.00883,中国海洋石油,2026-02-24,25.72,25.58,25.94,25.42,8.162,0.00182,80946824,2073257094.0,-1.0061919504644024,25.84
HK.00883,中国海洋石油,2026-02-25,25.82,25.48,25.9,25.26,8.13,0.00153,68302560,1749150442.0,-0.390930414386231,25.58
HK.00883,中国海洋石油,2026-02-26,25.42,24.66,25.42,24.62,7.868,0.00243,108450477,2698971907.0,-3.218210361067505,25.48
HK.00883,中国海洋石油,2026-02-27,24.6,25.32,25.32,24.3,8.079,0.00161,71881030,1779601357.0,2.676399026763991,24.66
HK.00883,中国海洋石油,2026-03-02,26.6,26.74,26.88,25.76,8.532,0.00979,435928564,11526294563.0,5.608214849921004,25.32
HK.00883,中国海洋石油,2026-03-03,26.8,27.6,28.12,26.76,8.806,0.00989,440535736,12048778575.0,3.216155572176526,26.74
HK.00883,中国海洋石油,2026-03-04,27.44,27.08,27.46,25.88,8.64,0.00583,259573182,6930744598.0,-1.884057971014504,27.6
HK.00883,中国海洋石油,2026-03-05,26.88,26.86,27.74,26.22,8.57,0.00491,218901181,5894617318.0,-0.8124076809453431,27.08
HK.00883,中国海洋石油,2026-03-06,26.9,26.62,27.18,26.16,8.493,0.00302,134709441,3579909522.0,-0.8935219657483189,26.86
HK.00883,中国海洋石油,2026-03-09,28.76,27.5,28.86,27.32,8.774,0.01024,455872203,12835432108.0,3.3057851239669382,26.62
HK.00883,中国海洋石油,2026-03-10,26.24,27.06,27.34,26.1,8.634,0.00422,188168976,5054155311.0,-1.6000000000000043,27.5
HK.00883,中国海洋石油,2026-03-11,26.9,28.06,28.4,26.86,8.953,0.00612,272616125,7566637494.0,3.6954915003695494,27.06
HK.00883,中国海洋石油,2026-03-12,28.58,29.1,29.48,28.54,9.285,0.00584,259943534,7586711387.0,3.706343549536717,28.06
HK.00883,中国海洋石油,2026-03-13,29.5,29.76,29.92,28.92,9.495,0.00425,189076083,5578876604.0,2.2680412371134024,29.1
HK.00883,中国海洋石油,2026-03-16,29.64,29.44,30.04,28.6,9.393,0.00435,193662844,5664672730.0,-1.075268817204302,29.76
HK.00883,中国海洋石油,2026-03-17,29.18,28.8,29.58,28.2,9.189,0.005,222580435,6407190848.0,-2.1739130434782625,29.44
HK.00883,中国海洋石油,2026-03-18,28.6,28.3,28.88,27.54,9.029,0.00416,185444877,5216106927.0,-1.7361111111111112,28.8
HK.00883,中国海洋石油,2026-03-19,29.02,29.58,29.74,29.02,9.438,0.00502,223646829,6584006006.0,4.52296819787985,28.3
HK.00883,中国海洋石油,2026-03-20,28.88,30.38,30.38,28.72,9.693,0.00576,256680801,7637753156.0,2.70453008789723,29.58
HK.00883,中国海洋石油,2026-03-23,30.38,30.5,30.98,29.82,9.731,0.00562,250405146,7612022240.0,0.394996708360767,30.38
HK.00883,中国海洋石油,2026-03-24,29.9,29.44,30.38,29.12,9.393,0.00561,249877481,7431723900.0,-3.4754098360655696,30.5
HK.00883,中国海洋石油,2026-03-25,28.5,28.5,28.78,27.38,9.093,0.00653,291014529,8218653848.0,-3.1929347826087,29.44
HK.00883,中国海洋石油,2026-03-26,28.76,29.22,29.36,28.16,10.274,0.00349,155365883,4494475083.0,2.5263157894736805,28.5
HK.00883,中国海洋石油,2026-03-27,29.0,29.06,29.42,28.58,10.218,0.00255,113686050,3293199501.0,-0.5475701574264208,29.22
HK.00883,中国海洋石油,2026-03-30,29.64,28.9,29.82,28.54,10.161,0.00327,145669040,4227879734.0,-0.5505849965588443,29.06
HK.00883,中国海洋石油,2026-03-31,28.98,28.0,29.16,27.58,9.845,0.00497,221374233,6192216620.0,-3.114186851211068,28.9
HK.00883,中国海洋石油,2026-04-01,27.32,26.96,27.82,26.44,9.479,0.00695,309772255,8406131014.0,-3.714285714285711,28.0
HK.00883,中国海洋石油,2026-04-02,27.0,27.02,28.0,26.88,9.5,0.00411,182899200,4969204102.0,0.22255192878337804,26.96
