code,name,time_key,open,close,high,low,pe_ratio,turnover_rate,volume,turnover,change_rate,last_close
HK.09618,京东集团-SW,2020-06-18 00:00:00,224.80218,219.80218,224.80218,214.40218,52.081,0.00964,29789263,7000096555.0,3.777109376305759,211.80218
HK.09618,京东集团-SW,2020-06-19 00:00:00,219.80218,219.40218,221.40218,219.20218,54.528,0.00244,7588265,1778409038.0,-0.18198181655887385,219.80218
HK.09618,京东集团-SW,2020-06-22 00:00:00,215.60218,213.80218,215.80218,212.60218,53.221,0.0028,8716948,1992980922.0,-2.5523903180907292,219.40218
HK.09618,京东集团-SW,2020-06-23 00:00:00,212.80218,215.80218,217.40218,211.80218,53.688,0.00187,5800950,1330228290.0,0.9354441568369416,213.80218
HK.09618,京东集团-SW,2020-06-24 00:00:00,218.40218,220.60218,221.20218,217.60218,54.808,0.00235,7307560,1713110549.0,2.224259273006423,215.80218
HK.09618,京东集团-SW,2020-06-26 00:00:00,220.60218,220.20218,221.80218,219.20218,54.715,0.00101,3147850,739105750.0,-0.18132187088994572,220.60218
HK.09618,京东集团-SW,2020-06-29 00:00:00,217.80218,215.60218,218.00218,214.00218,53.641,0.00133,4125307,947082847.0,-2.088989309733443,220.20218
HK.09618,京东集团-SW,2020-06-30 00:00:00,217.00218,217.60218,218.60218,214.20218,54.108,0.0007,2175206,501528933.0,0.9276344051808753,215.60218
HK.09618,京东集团-SW,2020-07-02 00:00:00,218.20218,221.60218,221.60218,217.20218,55.042,0.00149,4620079,1076705613.0,1.838216878158114,217.60218
HK.09618,京东集团-SW,2020-07-03 00:00:00,222.00218,221.40218,222.60218,220.20218,54.995,0.0014,4343783,1024500443.0,-0.09025181972488584,221.60218
HK.09618,京东集团-SW,2020-07-06 00:00:00,222.80218,230.60218,230.80218,221.80218,57.142,0.00175,5452223,1311211939.0,4.155333971869662,221.40218
HK.09618,京东集团-SW,2020-07-07 00:00:00,234.20218,227.80218,234.40218,226.00218,56.489,0.00143,4434131,1076930621.0,-1.2142122854172548,230.60218
HK.09618,京东集团-SW,2020-07-08 00:00:00,222.80218,233.40218,233.40218,222.40218,57.796,0.00145,4511655,1094445497.0,2.4582732263580596,227.80218
HK.09618,京东集团-SW,2020-07-09 00:00:00,238.40218,251.80218,257.40218,237.80218,62.091,0.00354,11022464,2892146491.0,7.883388235705429,233.40218
HK.09618,京东集团-SW,2020-07-10 00:00:00,249.80218,246.202179999,251.80218,242.80218,60.784,0.00185,5766817,1508915676.0,-2.2239680375285014,251.80218
HK.09618,京东集团-SW,2020-07-13 00:00:00,242.60218,241.40218,244.80218,238.00218,59.663,0.00169,5257759,1345568694.0,-1.9496171800832625,246.202179999
HK.09618,京东集团-SW,2020-07-14 00:00:00,229.00218,227.60218,230.20218,224.40218,56.442,0.00294,9143476,2213972509.0,-5.7166012336756795,241.40218
HK.09618,京东集团-SW,2020-07-15 00:00:00,228.00218,227.00218,229.20218,224.80218,56.659,0.00116,3617890,873272854.0,-0.2636178616566829,227.60218
HK.09618,京东集团-SW,2020-07-16 00:00:00,229.60218,220.80218,229.80218,218.80218,55.203,0.00177,5553074,1313178888.0,-2.731251303401587,227.00218
HK.09618,京东集团-SW,2020-07-17 00:00:00,224.80218,226.40218,230.00218,224.60218,56.518,0.00111,3488903,844826592.0,2.5362068436099654,220.80218
HK.09618,京东集团-SW,2020-07-20 00:00:00,228.00218,227.60218,229.40218,223.80218,56.8,0.00074,2322904,561694714.0,0.5300302320410595,226.40218
HK.09618,京东集团-SW,2020-07-21 00:00:00,237.00218,240.00218,240.00218,234.00218,59.713,0.00149,4671746,1172576549.0,5.4481024742381665,227.60218
HK.09618,京东集团-SW,2020-07-22 00:00:00,230.20218,228.00218,234.00218,227.80218,56.894,0.00261,8166401,1999835128.0,-4.999954583745865,240.00218
HK.09618,京东集团-SW,2020-07-23 00:00:00,227.20218,227.40218,229.60218,224.40218,56.753,0.00132,4145525,999474411.0,-0.26315537860209176,228.00218
HK.09618,京东集团-SW,2020-07-24 00:00:00,220.80218,220.60218,224.40218,217.60218,55.156,0.00227,7106385,1668395622.0,-2.9902967508930582,227.40218
HK.09618,京东集团-SW,2020-07-27 00:00:00,221.80218,222.60218,224.80218,220.00218,55.626,0.00096,2997808,709097344.0,0.9066093544497158,220.60218
HK.09618,京东集团-SW,2020-07-28 00:00:00,227.80218,229.20218,230.80218,227.00218,57.176,0.00099,3109197,756079179.0,2.9649305321268615,222.60218
HK.09618,京东集团-SW,2020-07-29 00:00:00,225.00218,225.60218,225.80218,224.00218,56.33,0.00066,2066347,494588556.0,-1.5706656891308777,229.20218
HK.09618,京东集团-SW,2020-07-30 00:00:00,227.40218,226.60218,228.60218,225.60218,56.565,0.00049,1537150,370941515.0,0.44325812809078347,225.60218
HK.09618,京东集团-SW,2020-07-31 00:00:00,229.00218,226.60218,229.80218,224.60218,56.565,0.00055,1722539,415055673.0,0.0,226.60218
HK.09618,京东集团-SW,2020-08-03 00:00:00,230.80218,233.00218,233.20218,230.80218,58.069,0.00106,3302847,814089054.0,2.824332934484569,226.60218
HK.09618,京东集团-SW,2020-08-04 00:00:00,235.80218,237.80218,237.80218,233.80218,59.196,0.00107,3337203,835993909.0,2.060066562467348,233.00218
HK.09618,京东集团-SW,2020-08-05 00:00:00,237.40218,238.80218,238.80218,235.00218,59.431,0.00053,1656440,416242821.0,0.4205175915544593,237.80218
HK.09618,京东集团-SW,2020-08-06 00:00:00,239.40218,239.80218,240.60218,236.20218,59.666,0.00059,1840278,464693335.0,0.41875664619142083,238.80218
HK.09618,京东集团-SW,2020-08-07 00:00:00,236.60218,232.20218,236.60218,227.00218,57.881,0.00131,4084993,1007764448.0,-3.1692789448369467,239.80218
HK.09618,京东集团-SW,2020-08-10 00:00:00,227.60218,226.20218,229.20218,224.80218,56.471,0.00086,2688482,647322840.0,-2.583955068811154,232.20218
HK.09618,京东集团-SW,2020-08-11 00:00:00,226.20218,228.20218,229.80218,226.20218,56.941,0.00087,2721861,659788657.0,0.8841647768381367,226.20218
HK.09618,京东集团-SW,2020-08-12 00:00:00,224.80218,226.80218,227.40218,222.60218,56.612,0.00119,3717897,888555517.0,-0.6134910718206135,228.20218
HK.09618,京东集团-SW,2020-08-13 00:00:00,230.20218,230.20218,231.40218,228.80218,57.411,0.00058,1825042,446019010.0,1.499103756410104,226.80218
HK.09618,京东集团-SW,2020-08-14 00:00:00,230.20218,228.80218,230.20218,228.20218,57.082,0.00045,1421558,345597301.0,-0.6081610521672756,230.20218
HK.09618,京东集团-SW,2020-08-17 00:00:00,227.40218,228.40218,232.40218,223.80218,56.988,0.00133,4163589,1008548476.0,-0.17482350911167266,228.80218
HK.09618,京东集团-SW,2020-08-18 00:00:00,241.80218,251.40218,251.80218,241.60218,62.391,0.00546,17077458,4450794970.0,10.069956425109428,228.40218
HK.09618,京东集团-SW,2020-08-19 00:00:00,254.202179999,263.80218,265.40218,254.202179999,65.304,0.00238,7451163,2052610303.0,4.93233590894082,251.40218
HK.09618,京东集团-SW,2020-08-20 00:00:00,265.20218,265.60218,265.80218,259.80218,65.727,0.00154,4811896,1335271200.0,0.6823294636912987,263.80218
HK.09618,京东集团-SW,2020-08-21 00:00:00,272.40218,273.40218,276.80218,271.40218,67.559,0.00207,6479102,1867509586.0,2.936722883825732,265.60218
HK.09618,京东集团-SW,2020-08-24 00:00:00,275.80218,284.80218,286.40218,275.60218,70.237,0.00205,6424380,1900865018.0,4.169681456087891,273.40218
HK.09618,京东集团-SW,2020-08-25 00:00:00,284.80218,283.80218,291.80218,280.20218,70.002,0.0025,7810400,2344335307.0,-0.35112090785260136,284.80218
HK.09618,京东集团-SW,2020-08-26 00:00:00,296.60218,301.60218,307.40218,292.60218,74.183,0.00291,9122156,2869918287.0,6.271974373135524,283.80218
HK.09618,京东集团-SW,2020-08-27 00:00:00,300.80218,302.40218,308.40218,293.20218,74.371,0.00238,7458833,2352288065.0,0.2652500721314453,301.60218
HK.09618,京东集团-SW,2020-08-28 00:00:00,294.80218,294.20218,297.80218,292.80218,72.445,0.00219,6864653,2122974188.0,-2.7116206635811912,302.40218
HK.09618,京东集团-SW,2020-08-31 00:00:00,295.80218,296.40218,303.20218,295.80218,72.962,0.00114,3569552,1120599726.0,0.7477850775952744,294.20218
HK.09618,京东集团-SW,2020-09-01 00:00:00,292.20218,295.00218,297.80218,290.80218,72.633,0.00148,4629256,1431636186.0,-0.47233120890000785,296.40218
HK.09618,京东集团-SW,2020-09-02 00:00:00,311.80218,317.80218,323.00218,308.00218,77.989,0.00258,8081230,2661259553.0,7.728756445121866,295.00218
HK.09618,京东集团-SW,2020-09-03 00:00:00,308.80218,309.00218,314.00218,306.00218,75.922,0.00193,6026765,1951054645.0,-2.7690181357472157,317.80218
HK.09618,京东集团-SW,2020-09-04 00:00:00,290.80218,293.60218,295.40218,285.80218,72.304,0.00345,10782370,3296622882.0,-4.983783609552539,309.00218
HK.09618,京东集团-SW,2020-09-07 00:00:00,292.60218,291.60218,299.80218,288.20218,71.834,0.00131,4106816,1263693014.0,-0.6811938521709887,293.60218
HK.09618,京东集团-SW,2020-09-08 00:00:00,295.80218,290.80218,296.00218,282.20218,71.646,0.00107,3356261,1015505767.0,-0.2743463714845872,291.60218
HK.09618,京东集团-SW,2020-09-09 00:00:00,279.00218,281.40218,283.60218,277.60218,69.438,0.00144,4512619,1328474941.0,-3.2324379411461197,290.80218
HK.09618,京东集团-SW,2020-09-10 00:00:00,284.20218,280.80218,290.60218,279.80218,69.297,0.00088,2748950,821401814.0,-0.21321796440950314,281.40218
HK.09618,京东集团-SW,2020-09-11 00:00:00,277.60218,280.80218,282.20218,274.80218,69.297,0.00125,3923159,1151550091.0,0.0,280.80218
HK.09618,京东集团-SW,2020-09-14 00:00:00,278.60218,279.60218,281.00218,277.80218,69.015,0.00135,4212797,1235756937.0,-0.42734710962715655,280.80218
HK.09618,京东集团-SW,2020-09-15 00:00:00,282.40218,287.60218,290.40218,282.20218,70.894,0.00131,4112490,1239660766.0,2.8612080206241597,279.60218
HK.09618,京东集团-SW,2020-09-16 00:00:00,285.80218,284.20218,286.40218,281.80218,70.096,0.00121,3773093,1126974548.0,-1.1821885355667254,287.60218
HK.09618,京东集团-SW,2020-09-17 00:00:00,277.80218,272.80218,278.80218,270.00218,67.418,0.00197,6150385,1774557031.0,-4.011228907533354,284.20218
HK.09618,京东集团-SW,2020-09-18 00:00:00,274.80218,277.60218,279.20218,273.80218,68.545,0.00083,2591487,756558633.0,1.7595167311346096,272.80218
HK.09618,京东集团-SW,2020-09-21 00:00:00,276.80218,273.00218,278.60218,272.80218,67.465,0.00062,1946835,562807304.0,-1.6570475058949343,277.60218
HK.09618,京东集团-SW,2020-09-22 00:00:00,275.80218,275.80218,279.60218,272.80218,68.123,0.00087,2715939,788566807.0,1.0256328356059323,273.00218
HK.09618,京东集团-SW,2020-09-23 00:00:00,277.40218,278.20218,281.80218,276.00218,68.686,0.00074,2311704,677745080.0,0.870188915838148,275.80218
HK.09618,京东集团-SW,2020-09-24 00:00:00,273.80218,274.20218,277.80218,271.00218,67.747,0.00095,2957946,852062578.0,-1.4378032551721918,278.20218
HK.09618,京东集团-SW,2020-09-25 00:00:00,270.40218,268.00218,271.80218,265.60218,66.29,0.00123,3834701,1082755228.0,-2.2611052909936706,274.20218
HK.09618,京东集团-SW,2020-09-28 00:00:00,272.40218,275.80218,278.20218,272.40218,68.123,0.00112,3492472,1013001460.0,2.91042408684885,268.00218
HK.09618,京东集团-SW,2020-09-29 00:00:00,282.80218,281.00218,282.80218,278.40218,69.344,0.00117,3648160,1076475021.0,1.885409317649334,275.80218
HK.09618,京东集团-SW,2020-09-30 00:00:00,278.40218,279.60218,284.20218,277.00218,69.015,0.00134,4193866,1234207625.0,-0.49821677540011755,281.00218
HK.09618,京东集团-SW,2020-10-05 00:00:00,285.80218,283.20218,286.40218,280.80218,69.861,0.00085,2649215,788942196.0,1.28754360928088,279.60218
HK.09618,京东集团-SW,2020-10-06 00:00:00,283.00218,284.40218,285.00218,282.20218,70.143,0.00082,2579224,769252979.0,0.4237255518301408,283.20218
HK.09618,京东集团-SW,2020-10-07 00:00:00,283.80218,291.00218,291.80218,283.80218,71.693,0.00144,4504756,1365772028.0,2.3206573170430773,284.40218
HK.09618,京东集团-SW,2020-10-08 00:00:00,291.00218,290.80218,291.00218,287.80218,71.646,0.00106,3323959,1010940289.0,-0.06872800746715664,291.00218
HK.09618,京东集团-SW,2020-10-09 00:00:00,290.80218,293.60218,295.00218,287.80218,72.304,0.00203,6339645,1948430758.0,0.9628538548094633,290.80218
HK.09618,京东集团-SW,2020-10-12 00:00:00,296.00218,302.60218,303.60218,295.40218,74.418,0.0021,6558498,2059521844.0,3.065372334769449,293.60218
HK.09618,京东集团-SW,2020-10-14 00:00:00,309.00218,309.80218,309.80218,305.20218,76.109,0.0017,5306020,1709294371.0,2.379361576311197,302.60218
HK.09618,京东集团-SW,2020-10-15 00:00:00,301.80218,297.20218,301.80218,295.80218,73.15,0.00162,5075136,1584914936.0,-4.0671114709393015,309.80218
HK.09618,京东集团-SW,2020-10-16 00:00:00,295.00218,300.80218,302.00218,294.40218,73.995,0.00122,3809369,1189941360.0,1.2112966331539097,297.20218
HK.09618,京东集团-SW,2020-10-19 00:00:00,304.40218,302.80218,307.00218,300.40218,74.465,0.0007,2204561,699414609.0,0.6648887983458098,300.80218
HK.09618,京东集团-SW,2020-10-20 00:00:00,302.20218,303.40218,304.00218,297.40218,74.606,0.00076,2373277,748689455.0,0.19814916788246567,302.80218
HK.09618,京东集团-SW,2020-10-21 00:00:00,306.80218,308.60218,311.80218,306.00218,75.828,0.00108,3380891,1094700800.0,1.7138967162332153,303.40218
HK.09618,京东集团-SW,2020-10-22 00:00:00,307.80218,308.80218,308.80218,302.60218,75.875,0.00099,3105355,994585993.0,0.06480835618207412,308.60218
HK.09618,京东集团-SW,2020-10-23 00:00:00,303.20218,301.80218,303.40218,300.00218,74.23,0.00131,4105015,1296795502.0,-2.266823375404927,308.80218
HK.09618,京东集团-SW,2020-10-27 00:00:00,299.20218,302.20218,304.00218,298.00218,74.324,0.00067,2094501,659693485.0,0.13253714734597916,301.80218
HK.09618,京东集团-SW,2020-10-28 00:00:00,306.80218,306.80218,309.00218,304.40218,75.405,0.00111,3480020,1118557005.0,1.522159767345167,302.20218
HK.09618,京东集团-SW,2020-10-29 00:00:00,300.60218,303.80218,306.40218,298.40218,74.7,0.00125,3910246,1238940140.0,-0.9778287755321685,306.80218
HK.09618,京东集团-SW,2020-10-30 00:00:00,307.40218,301.00218,311.80218,300.40218,74.042,0.00154,4808349,1538324733.0,-0.9216523726064149,303.80218
HK.09618,京东集团-SW,2020-11-02 00:00:00,302.80218,306.20218,308.20218,300.80218,75.264,0.00074,2326434,742014665.0,1.727562238918,301.00218
HK.09618,京东集团-SW,2020-11-03 00:00:00,307.40218,307.80218,309.80218,306.40218,75.64,0.00099,3094286,998146756.0,0.5225305711409445,306.20218
HK.09618,京东集团-SW,2020-11-04 00:00:00,304.60218,315.80218,323.40218,303.40218,77.519,0.00297,9289115,3075989467.0,2.599071910406872,307.80218
HK.09618,京东集团-SW,2020-11-05 00:00:00,335.80218,346.80218,347.60218,333.00218,84.801,0.00301,9415312,3335990065.0,9.816271692614661,315.80218
HK.09618,京东集团-SW,2020-11-06 00:00:00,341.40218,344.00218,350.00218,339.80218,84.143,0.00153,4780390,1710258544.0,-0.8073767010345815,346.80218
HK.09618,京东集团-SW,2020-11-09 00:00:00,350.80218,348.00218,351.00218,343.60218,85.083,0.00153,4800405,1740385447.0,1.1627833288730902,344.00218
HK.09618,京东集团-SW,2020-11-10 00:00:00,320.80218,316.20218,326.40218,308.80218,77.613,0.00553,17310752,5784797629.0,-9.137873791480274,348.00218
HK.09618,京东集团-SW,2020-11-11 00:00:00,295.60218,285.80218,300.60218,285.80218,70.472,0.00542,16951314,5195474342.0,-9.614101964761906,316.20218
HK.09618,京东集团-SW,2020-11-12 00:00:00,305.80218,308.80218,312.60218,303.00218,75.875,0.00341,10671161,3443570359.0,8.047524340087259,285.80218
HK.09618,京东集团-SW,2020-11-13 00:00:00,320.80218,334.20218,334.20218,318.00218,81.841,0.00326,10216844,3509201813.0,8.225330533612157,308.80218
HK.09618,京东集团-SW,2020-11-16 00:00:00,345.80218,353.80218,354.00218,334.40218,86.445,0.00304,9499722,3431019382.0,5.8647133899605395,334.20218
HK.09618,京东集团-SW,2020-11-17 00:00:00,324.80218,327.60218,331.60218,321.40218,80.291,0.00468,14658502,5007539863.0,-7.405268107731852,353.80218
HK.09618,京东集团-SW,2020-11-18 00:00:00,325.60218,325.80218,330.00218,321.80218,79.868,0.00276,8649610,2938684795.0,-0.5494468931800011,327.60218
HK.09618,京东集团-SW,2020-11-19 00:00:00,322.60218,318.00218,322.60218,316.80218,78.036,0.00212,6629844,2205189932.0,-2.394090794604263,325.80218
HK.09618,京东集团-SW,2020-11-20 00:00:00,317.80218,321.80218,325.20218,316.40218,78.928,0.00163,5109847,1711978822.0,1.1949603615924933,318.00218
HK.09618,京东集团-SW,2020-11-23 00:00:00,326.80218,330.40218,331.00218,324.20218,80.949,0.00153,4799775,1642568633.0,2.672449266813533,321.80218
HK.09618,京东集团-SW,2020-11-24 00:00:00,338.60218,334.00218,339.80218,331.60218,81.794,0.00177,5550985,1940687696.0,1.089581188598702,330.40218
HK.09618,京东集团-SW,2020-11-25 00:00:00,334.80218,328.80218,338.20218,325.40218,80.573,0.00177,5527376,1910893994.0,-1.556876065898728,334.00218
HK.09618,京东集团-SW,2020-11-26 00:00:00,328.80218,331.60218,332.60218,326.40218,81.23,0.00116,3624361,1249166697.0,0.8515758624227961,328.80218
HK.09618,京东集团-SW,2020-11-27 00:00:00,332.40218,328.60218,335.80218,328.60218,80.526,0.00099,3090093,1066640817.0,-0.9046985155525819,331.60218
HK.09618,京东集团-SW,2020-11-30 00:00:00,329.40218,324.40218,329.40218,321.80218,79.539,0.00142,4435838,1502270483.0,-1.2781412466587985,328.60218
HK.09618,京东集团-SW,2020-12-01 00:00:00,319.40218,321.40218,323.20218,315.60218,78.834,0.00171,5343968,1781120025.0,-0.92477800241663,324.40218
HK.09618,京东集团-SW,2020-12-02 00:00:00,317.60218,311.80218,317.60218,309.80218,76.579,0.0018,5631674,1843240439.0,-2.9869119120473813,321.40218
HK.09618,京东集团-SW,2020-12-03 00:00:00,315.80218,317.20218,318.60218,313.60218,77.848,0.00155,4841972,1600155152.0,1.7318673012484957,311.80218
HK.09618,京东集团-SW,2020-12-04 00:00:00,318.80218,325.20218,329.40218,318.40218,79.727,0.0024,7503488,2547512679.0,2.522050762702829,317.20218
HK.09618,京东集团-SW,2020-12-07 00:00:00,318.60218,317.60218,318.80218,314.00218,77.942,0.00172,5379127,1777486067.0,-2.3370077039459027,325.20218
HK.09618,京东集团-SW,2020-12-08 00:00:00,310.60218,311.60218,312.00218,306.80218,76.532,0.00263,8216680,2666417146.0,-1.8891557986157401,317.60218
HK.09618,京东集团-SW,2020-12-09 00:00:00,305.80218,307.00218,309.40218,305.60218,75.452,0.00403,12619788,4058398656.0,-1.476241276617502,311.60218
HK.09618,京东集团-SW,2020-12-10 00:00:00,304.40218,304.80218,305.60218,302.80218,74.935,0.00262,8185147,2613562832.0,-0.7166072892381379,307.00218
HK.09618,京东集团-SW,2020-12-11 00:00:00,304.80218,306.00218,310.20218,303.80218,75.217,0.00242,7589145,2434251847.0,0.3936979715827454,304.80218
HK.09618,京东集团-SW,2020-12-14 00:00:00,306.80218,301.00218,308.60218,299.20218,74.042,0.00215,6720726,2117514431.0,-1.6339752873655997,306.00218
HK.09618,京东集团-SW,2020-12-15 00:00:00,294.80218,292.20218,296.00218,288.00218,71.975,0.00354,11088321,3388270228.0,-2.923566865861241,301.00218
HK.09618,京东集团-SW,2020-12-16 00:00:00,294.60218,297.40218,303.20218,293.00218,73.197,0.00227,7111959,2223669631.0,1.7795897347514615,292.20218
HK.09618,京东集团-SW,2020-12-17 00:00:00,302.80218,308.80218,309.80218,302.40218,75.875,0.00194,6066105,1950703904.0,3.833193152787257,297.40218
HK.09618,京东集团-SW,2020-12-18 00:00:00,306.80218,306.20218,307.80218,302.60218,75.264,0.0038,11890700,3806668553.0,-0.8419629680075518,308.80218
HK.09618,京东集团-SW,2020-12-21 00:00:00,303.80218,299.20218,304.00218,299.00218,73.619,0.00189,5909369,1866787525.0,-2.2860712487415995,306.20218
HK.09618,京东集团-SW,2020-12-22 00:00:00,300.80218,301.00218,307.20218,299.00218,74.042,0.00138,4318485,1366533289.0,0.6015998947601289,299.20218
HK.09618,京东集团-SW,2020-12-23 00:00:00,306.40218,318.80218,322.60218,304.20218,78.224,0.00309,9682381,3197694449.0,5.913578433219325,301.00218
HK.09618,京东集团-SW,2020-12-24 00:00:00,311.80218,311.20218,319.40218,306.80218,76.438,0.00152,4746655,1545335852.0,-2.383923472543388,318.80218
HK.09618,京东集团-SW,2020-12-28 00:00:00,308.80218,304.20218,309.60218,300.80218,74.794,0.00198,6207213,1977481405.0,-2.249341569522424,311.20218
HK.09618,京东集团-SW,2020-12-29 00:00:00,303.40218,307.80218,310.60218,302.60218,75.64,0.00132,4117028,1325705869.0,1.1834234718502092,304.20218
HK.09618,京东集团-SW,2020-12-30 00:00:00,317.20218,323.60218,323.80218,316.00218,79.351,0.00169,5290284,1773164206.0,5.1331670230535575,307.80218
HK.09618,京东集团-SW,2020-12-31 00:00:00,329.80218,327.80218,332.00218,326.20218,80.338,0.00107,3343847,1146550258.0,1.297889896786247,323.60218
HK.09618,京东集团-SW,2021-01-04 00:00:00,326.00218,329.40218,331.80218,322.40218,80.714,0.00138,4312589,1473441430.0,0.48809925547168903,327.80218
HK.09618,京东集团-SW,2021-01-05 00:00:00,321.20218,324.60218,326.60218,319.60218,79.586,0.00104,3244487,1098313291.0,-1.457185256029578,329.40218
HK.09618,京东集团-SW,2021-01-06 00:00:00,349.60218,350.80218,353.60218,342.40218,85.741,0.00326,10200927,3705403569.0,8.071418374331326,324.60218
HK.09618,京东集团-SW,2021-01-07 00:00:00,332.40218,336.80218,338.80218,329.20218,82.452,0.00226,7080623,2469177355.0,-3.9908531925314716,350.80218
HK.09618,京东集团-SW,2021-01-08 00:00:00,327.80218,333.40218,335.80218,327.00218,81.653,0.00195,6109727,2117578268.0,-1.0094946535084879,336.80218
HK.09618,京东集团-SW,2021-01-11 00:00:00,338.80218,339.40218,343.40218,336.80218,83.063,0.00157,4907313,1737193058.0,1.7996283047699329,333.40218
HK.09618,京东集团-SW,2021-01-12 00:00:00,336.20218,338.60218,343.80218,336.20218,82.875,0.00103,3231081,1144988507.0,-0.23570856262620687,339.40218
HK.09618,京东集团-SW,2021-01-13 00:00:00,331.20218,332.40218,333.20218,329.40218,81.418,0.00157,4907614,1695725224.0,-1.831057319241119,338.60218
HK.09618,京东集团-SW,2021-01-14 00:00:00,336.80218,339.20218,341.40218,336.20218,83.016,0.00093,2912710,1029215422.0,2.045714621967886,332.40218
HK.09618,京东集团-SW,2021-01-15 00:00:00,335.20218,336.20218,337.00218,331.80218,82.311,0.00125,3910133,1364987933.0,-0.8844282781437313,339.20218
HK.09618,京东集团-SW,2021-01-18 00:00:00,327.80218,333.20218,334.40218,325.60218,81.606,0.002,6262771,2161568114.0,-0.8923202104162442,336.20218
HK.09618,京东集团-SW,2021-01-19 00:00:00,335.80218,338.20218,345.60218,335.80218,82.781,0.0023,7201078,2545236083.0,1.500590422307561,333.20218
HK.09618,京东集团-SW,2021-01-20 00:00:00,340.60218,350.00218,355.20218,337.80218,85.553,0.00291,9095720,3299525709.0,3.4890372380213552,338.20218
HK.09618,京东集团-SW,2021-01-21 00:00:00,356.80218,355.80218,363.60218,351.80218,86.915,0.00249,7783199,2899904761.0,1.657132535574496,350.00218
HK.09618,京东集团-SW,2021-01-22 00:00:00,355.80218,351.00218,359.60218,349.40218,85.788,0.00127,3971471,1462359055.0,-1.3490642468801095,355.80218
HK.09618,京东集团-SW,2021-01-25 00:00:00,355.80218,373.40218,374.80218,355.80218,91.05,0.00264,8276429,3184516380.0,6.3817267459706315,351.00218
HK.09618,京东集团-SW,2021-01-26 00:00:00,371.60218,367.80218,375.60218,363.80218,89.734,0.00199,6236887,2387037344.0,-1.4997234349301245,373.40218
HK.09618,京东集团-SW,2021-01-27 00:00:00,361.80218,358.60218,363.60218,349.20218,87.573,0.00222,6956387,2581670313.0,-2.501344608669814,367.80218
HK.09618,京东集团-SW,2021-01-28 00:00:00,337.60218,336.20218,341.80218,331.80218,82.311,0.00424,13272231,4643794579.0,-6.246476248415439,358.60218
HK.09618,京东集团-SW,2021-01-29 00:00:00,340.80218,331.60218,344.60218,328.20218,81.23,0.00204,6382292,2225320131.0,-1.3682243226382478,336.20218
HK.09618,京东集团-SW,2021-02-01 00:00:00,330.20218,338.80218,341.60218,329.80218,82.922,0.00176,5495973,1930712477.0,2.17127643732621,331.60218
HK.09618,京东集团-SW,2021-02-02 00:00:00,345.80218,358.20218,361.40218,345.20218,87.479,0.0026,8138153,3009448211.0,5.726055245571318,338.80218
HK.09618,京东集团-SW,2021-02-03 00:00:00,359.00218,363.40218,368.00218,354.20218,88.7,0.00202,6309732,2376648101.0,1.4516941242512786,358.20218
HK.09618,京东集团-SW,2021-02-04 00:00:00,355.80218,353.80218,357.60218,345.60218,86.445,0.00182,5701389,2091950408.0,-2.6417012688256207,363.40218
HK.09618,京东集团-SW,2021-02-05 00:00:00,357.40218,355.40218,361.20218,354.40218,86.821,0.0012,3745232,1391909923.0,0.452230113449263,353.80218
HK.09618,京东集团-SW,2021-02-08 00:00:00,361.40218,353.20218,364.00218,351.40218,86.304,0.00115,3609172,1341196601.0,-0.6190170246001273,355.40218
HK.09618,京东集团-SW,2021-02-09 00:00:00,353.40218,352.80218,355.00218,348.20218,86.21,0.00117,3661107,1340588428.0,-0.11324958413336443,353.20218
HK.09618,京东集团-SW,2021-02-10 00:00:00,361.80218,369.80218,371.80218,361.40218,90.204,0.00196,6119575,2342290637.0,4.818564329732883,352.80218
HK.09618,京东集团-SW,2021-02-11 00:00:00,368.80218,372.60218,372.60218,366.00218,90.862,0.00055,1727383,664647587.0,0.7571615721681128,369.80218
HK.09618,京东集团-SW,2021-02-16 00:00:00,378.80218,377.40218,380.60218,373.80218,91.989,0.00145,4534364,1776974870.0,1.288237229315194,372.60218
HK.09618,京东集团-SW,2021-02-17 00:00:00,385.40218,402.60218,405.60218,384.20218,97.909,0.00262,8193956,3386710509.0,6.677226930697641,377.40218
HK.09618,京东集团-SW,2021-02-18 00:00:00,408.20218,399.40218,408.60218,394.20218,97.157,0.00184,5764341,2385549430.0,-0.7948292778742502,402.60218
HK.09618,京东集团-SW,2021-02-19 00:00:00,392.20218,396.40218,396.40218,379.00218,96.452,0.00151,4735906,1911298453.0,-0.751122590267284,399.40218
HK.09618,京东集团-SW,2021-02-22 00:00:00,399.60218,380.80218,400.00218,380.80218,92.788,0.00151,4730672,1898022996.0,-3.9353971262216487,396.40218
HK.09618,京东集团-SW,2021-02-23 00:00:00,365.80218,374.80218,378.40218,361.60218,91.378,0.00246,7684387,2964373785.0,-1.5756212320002998,380.80218
HK.09618,京东集团-SW,2021-02-24 00:00:00,374.80218,359.60218,376.80218,353.00218,87.808,0.00236,7389001,2768809990.0,-4.055472676279536,374.80218
HK.09618,京东集团-SW,2021-02-25 00:00:00,363.80218,363.80218,369.20218,355.00218,88.794,0.0016,5002837,1883670080.0,1.1679573243966557,359.60218
HK.09618,京东集团-SW,2021-02-26 00:00:00,342.60218,345.80218,351.20218,339.40218,84.566,0.00243,7604685,2745483386.0,-4.947743853541504,363.80218
HK.09618,京东集团-SW,2021-03-01 00:00:00,348.80218,360.40218,360.40218,348.80218,87.996,0.00172,5392759,1996689100.0,4.222067078929336,345.80218
HK.09618,京东集团-SW,2021-03-02 00:00:00,370.20218,363.60218,374.40218,361.00218,88.747,0.00198,6211340,2375461149.0,0.8878969600017371,360.40218
HK.09618,京东集团-SW,2021-03-03 00:00:00,362.40218,363.60218,363.60218,354.20218,88.747,0.00124,3867732,1446187003.0,0.0,363.60218
HK.09618,京东集团-SW,2021-03-04 00:00:00,350.60218,348.60218,351.80218,342.80218,85.224,0.00226,7079842,2566132594.0,-4.125387807080805,363.60218
HK.09618,京东集团-SW,2021-03-05 00:00:00,334.40218,343.20218,344.80218,329.20218,83.955,0.0021,6568329,2316505317.0,-1.5490436692048162,348.60218
HK.09618,京东集团-SW,2021-03-08 00:00:00,340.40218,322.00218,340.60218,317.60218,78.975,0.00303,9474502,3216151539.0,-6.17711694022456,343.20218
HK.09618,京东集团-SW,2021-03-09 00:00:00,315.80218,312.80218,326.80218,305.20218,76.814,0.00333,10424128,3422319295.0,-2.8571235138842814,322.00218
HK.09618,京东集团-SW,2021-03-10 00:00:00,332.80218,327.20218,334.00218,325.20218,80.197,0.00187,5847436,2007738016.0,4.60354847910586,312.80218
HK.09618,京东集团-SW,2021-03-11 00:00:00,331.80218,346.60218,348.80218,331.00218,84.754,0.00183,5729258,2046866925.0,5.929055851644991,327.20218
HK.09618,京东集团-SW,2021-03-12 00:00:00,339.40218,329.20218,339.40218,324.80218,18.211,0.00395,12357281,4252406282.0,-5.020164616391039,346.60218
HK.09618,京东集团-SW,2021-03-15 00:00:00,314.80218,308.00218,315.80218,304.20218,17.087,0.00389,12174234,3944326777.0,-6.439811546812961,329.20218
HK.09618,京东集团-SW,2021-03-16 00:00:00,317.40218,316.80218,322.60218,314.40218,17.554,0.00181,5668725,1881345362.0,2.8571226346514855,308.00218
HK.09618,京东集团-SW,2021-03-17 00:00:00,314.80218,314.80218,318.80218,309.80218,17.448,0.00116,3642710,1197344398.0,-0.6313087870796849,316.80218
HK.09618,京东集团-SW,2021-03-18 00:00:00,319.80218,316.80218,322.60218,316.80218,17.554,0.00153,4783318,1594400633.0,0.6353196156392563,314.80218
HK.09618,京东集团-SW,2021-03-19 00:00:00,310.80218,312.20218,314.60218,307.80218,17.31,0.00198,6190440,2013490470.0,-1.4520102102832821,316.80218
HK.09618,京东集团-SW,2021-03-22 00:00:00,312.00218,313.80218,319.40218,312.00218,17.394,0.00084,2635125,866072668.0,0.5124884137580406,312.20218
HK.09618,京东集团-SW,2021-03-23 00:00:00,318.80218,308.80218,318.80218,305.80218,17.129,0.00092,2887668,932686813.0,-1.5933605050162492,313.80218
HK.09618,京东集团-SW,2021-03-24 00:00:00,310.80218,305.00218,313.60218,302.00218,16.928,0.00174,5456416,1740926608.0,-1.230561260934107,308.80218
HK.09618,京东集团-SW,2021-03-25 00:00:00,293.80218,293.60218,295.00218,283.80218,16.323,0.00252,7887111,2406183833.0,-3.7376782028246596,305.00218
HK.09618,京东集团-SW,2021-03-26 00:00:00,294.60218,299.00218,301.80218,292.60218,16.61,0.00104,3243485,1014567230.0,1.8392234008616812,293.60218
HK.09618,京东集团-SW,2021-03-29 00:00:00,302.80218,299.20218,306.00218,295.80218,16.62,0.00126,3934800,1234924878.0,0.06688914442028103,299.00218
HK.09618,京东集团-SW,2021-03-30 00:00:00,306.80218,304.80218,311.20218,302.80218,16.917,0.00143,4469920,1435561824.0,1.871644117031508,299.20218
HK.09618,京东集团-SW,2021-03-31 00:00:00,311.80218,307.80218,313.20218,307.00218,17.076,0.00121,3798164,1230407210.0,0.9842449289568728,304.80218
HK.09618,京东集团-SW,2021-04-01 00:00:00,314.40218,322.00218,324.00218,312.40218,17.829,0.00201,6303187,2104503583.0,4.613352640972194,307.80218
HK.09618,京东集团-SW,2021-04-07 00:00:00,312.80218,310.20218,313.20218,306.80218,17.204,0.00148,4624561,1498387841.0,-3.6645714634602817,322.00218
HK.09618,京东集团-SW,2021-04-08 00:00:00,302.80218,306.60218,309.20218,301.00218,17.013,0.00159,4969124,1592357202.0,-1.1605334301648114,310.20218
HK.09618,京东集团-SW,2021-04-09 00:00:00,306.60218,301.80218,306.60218,298.60218,16.758,0.00105,3288043,1036696189.0,-1.565546598527106,306.60218
HK.09618,京东集团-SW,2021-04-12 00:00:00,300.80218,295.00218,300.80218,289.00218,16.397,0.00173,5424736,1671300985.0,-2.2531315048817775,301.80218
HK.09618,京东集团-SW,2021-04-13 00:00:00,291.00218,284.20218,293.60218,281.20218,15.825,0.00297,9310823,2798452077.0,-3.6609898950577286,295.00218
HK.09618,京东集团-SW,2021-04-14 00:00:00,289.20218,291.80218,293.60218,289.00218,16.228,0.00175,5481245,1672773332.0,2.6741526050222495,284.20218
HK.09618,京东集团-SW,2021-04-15 00:00:00,288.80218,286.80218,289.00218,283.80218,15.963,0.00157,4915355,1475834439.0,-1.7134895976445412,291.80218
HK.09618,京东集团-SW,2021-04-16 00:00:00,286.80218,288.80218,290.20218,285.00218,16.069,0.00101,3173306,958581277.0,0.697344769136692,286.80218
HK.09618,京东集团-SW,2021-04-19 00:00:00,284.80218,287.20218,288.40218,281.80218,15.984,0.00196,6140290,1839551588.0,-0.554012438548775,288.80218
HK.09618,京东集团-SW,2021-04-20 00:00:00,284.00218,283.80218,286.80218,282.20218,15.803,0.00162,5085730,1514582230.0,-1.18383502520767,287.20218
HK.09618,京东集团-SW,2021-04-21 00:00:00,275.60218,273.00218,275.80218,269.80218,15.231,0.00399,12479182,3581247908.0,-3.805467597183366,283.80218
HK.09618,京东集团-SW,2021-04-22 00:00:00,276.80218,277.20218,280.80218,274.20218,15.453,0.00129,4029795,1173724538.0,1.538449253408888,273.00218
HK.09618,京东集团-SW,2021-04-23 00:00:00,280.80218,282.80218,284.20218,279.00218,15.75,0.00103,3233401,959333269.0,2.0201861327353283,277.20218
HK.09618,京东集团-SW,2021-04-26 00:00:00,283.80218,285.00218,289.40218,283.80218,15.867,0.00148,4647326,1397605063.0,0.7779289395859638,282.80218
HK.09618,京东集团-SW,2021-04-27 00:00:00,284.80218,283.80218,285.80218,281.60218,15.803,0.00096,2989807,890200971.0,-0.42104941092029147,285.00218
HK.09618,京东集团-SW,2021-04-28 00:00:00,291.80218,290.40218,297.80218,287.00218,16.154,0.00191,5966680,1832040125.0,2.3255635316120427,283.80218
HK.09618,京东集团-SW,2021-04-29 00:00:00,295.40218,292.80218,296.60218,291.00218,16.281,0.00081,2525149,776466606.0,0.8264400769994338,290.40218
HK.09618,京东集团-SW,2021-04-30 00:00:00,287.80218,284.60218,287.80218,283.00218,15.846,0.00116,3616470,1082016018.0,-2.8005255971796537,292.80218
HK.09618,京东集团-SW,2021-05-03 00:00:00,284.80218,284.60218,287.80218,283.20218,15.846,0.00096,2997664,897035043.0,0.0,284.60218
HK.09618,京东集团-SW,2021-05-04 00:00:00,282.80218,286.60218,288.40218,282.80218,15.952,0.00059,1845055,553943652.0,0.7027353058223237,284.60218
HK.09618,京东集团-SW,2021-05-05 00:00:00,281.00218,281.80218,283.20218,279.00218,15.697,0.00086,2699099,798689576.0,-1.674795355708723,286.60218
HK.09618,京东集团-SW,2021-05-06 00:00:00,282.40218,281.20218,285.60218,279.40218,15.666,0.00101,3171637,939095674.0,-0.2129153152754257,281.80218
HK.09618,京东集团-SW,2021-05-07 00:00:00,282.80218,278.40218,285.60218,277.80218,15.517,0.00091,2850882,840320737.0,-0.9957248553336292,281.20218
HK.09618,京东集团-SW,2021-05-10 00:00:00,280.40218,273.00218,280.80218,269.40218,15.231,0.00147,4604034,1321556058.0,-1.9396399841409209,278.40218
HK.09618,京东集团-SW,2021-05-11 00:00:00,259.80218,258.00218,260.80218,253.202179999,14.435,0.00287,8983155,2438458244.0,-5.494461619317472,273.00218
HK.09618,京东集团-SW,2021-05-12 00:00:00,264.60218,272.20218,272.80218,264.40218,15.188,0.00167,5221350,1481773277.0,5.503829463766542,258.00218
HK.09618,京东集团-SW,2021-05-13 00:00:00,264.80218,262.40218,265.60218,260.80218,14.669,0.0011,3431222,950744671.0,-3.600265067678742,272.20218
HK.09618,京东集团-SW,2021-05-14 00:00:00,250.60218,254.00218,254.202179999,246.80218,14.223,0.00318,9953866,2641152571.0,-3.201192916918593,262.40218
HK.09618,京东集团-SW,2021-05-17 00:00:00,250.60218,251.60218,252.80218,247.40218,14.096,0.00291,9107426,2408995766.0,-0.9448737802171641,254.00218
HK.09618,京东集团-SW,2021-05-18 00:00:00,255.40218,256.60218,257.40218,252.60218,14.361,0.00141,4415339,1189250073.0,1.987264180302401,251.60218
HK.09618,京东集团-SW,2021-05-20 00:00:00,261.20218,266.60218,270.80218,261.20218,14.891,0.00273,8532149,2398490363.0,3.8970830255612015,256.60218
HK.09618,京东集团-SW,2021-05-21 00:00:00,277.60218,274.60218,278.40218,274.00218,15.316,0.00279,8727689,2529426548.0,3.000725650480428,266.60218
HK.09618,京东集团-SW,2021-05-24 00:00:00,268.20218,268.20218,268.40218,262.60218,14.976,0.00178,5562028,1560573105.0,-2.3306442796630304,274.60218
HK.09618,京东集团-SW,2021-05-25 00:00:00,264.00218,270.80218,272.00218,262.80218,15.114,0.00141,4416752,1250489209.0,0.9694179219572423,268.20218
HK.09618,京东集团-SW,2021-05-26 00:00:00,271.80218,273.40218,276.80218,271.40218,15.252,0.00118,3707365,1069318685.0,0.9601104392881792,270.80218
HK.09618,京东集团-SW,2021-05-27 00:00:00,270.80218,270.20218,272.00218,268.40218,15.082,0.00112,3500292,997208278.0,-1.1704368999544879,273.40218
HK.09618,京东集团-SW,2021-05-28 00:00:00,272.60218,268.20218,272.60218,266.80218,14.976,0.0011,3432284,971797746.0,-0.7401864781401838,270.20218
HK.09618,京东集团-SW,2021-05-31 00:00:00,272.20218,277.00218,277.80218,271.40218,15.443,0.00116,3616214,1048617160.0,3.2811068127783347,268.20218
HK.09618,京东集团-SW,2021-06-01 00:00:00,279.80218,283.60218,284.80218,279.00218,15.793,0.00191,5987869,1776645728.0,2.3826527285814016,277.00218
HK.09618,京东集团-SW,2021-06-02 00:00:00,289.40218,285.60218,291.60218,284.40218,15.899,0.00208,6518988,1968523861.0,0.7052131968802215,283.60218
HK.09618,京东集团-SW,2021-06-03 00:00:00,284.00218,281.60218,285.80218,280.20218,15.687,0.00101,3170345,941629036.0,-1.400549533620507,285.60218
HK.09618,京东集团-SW,2021-06-04 00:00:00,279.80218,281.20218,284.60218,276.60218,15.666,0.00105,3272562,965920175.0,-0.1420443549123012,281.60218
HK.09618,京东集团-SW,2021-06-07 00:00:00,276.20218,275.00218,277.80218,272.00218,15.337,0.00105,3298122,951932063.0,-2.2048193225244517,281.20218
HK.09618,京东集团-SW,2021-06-08 00:00:00,277.80218,273.80218,277.80218,270.80218,15.273,0.00085,2663573,765555208.0,-0.4363601772175001,275.00218
HK.09618,京东集团-SW,2021-06-09 00:00:00,270.40218,267.20218,270.60218,265.80218,14.923,0.00156,4881901,1373188720.0,-2.410499434299618,273.80218
HK.09618,京东集团-SW,2021-06-10 00:00:00,267.20218,269.20218,271.40218,266.00218,15.029,0.00078,2451267,694944796.0,0.7484968872634198,267.20218
HK.09618,京东集团-SW,2021-06-11 00:00:00,264.80218,265.00218,265.80218,263.00218,14.806,0.00155,4835571,1346925105.0,-1.5601656717638723,269.20218
HK.09618,京东集团-SW,2021-06-15 00:00:00,263.80218,261.80218,264.20218,260.00218,14.637,0.00151,4724469,1305087250.0,-1.2075372361087704,265.00218
HK.09618,京东集团-SW,2021-06-16 00:00:00,261.80218,259.60218,262.40218,258.40218,14.52,0.0014,4397356,1207414067.0,-0.8403291370606789,261.80218
HK.09618,京东集团-SW,2021-06-17 00:00:00,261.00218,262.40218,268.00218,261.00218,14.669,0.00095,2980751,827410000.0,1.078573377157315,259.60218
HK.09618,京东集团-SW,2021-06-18 00:00:00,270.80218,272.20218,275.40218,269.80218,15.188,0.00229,7176870,2057022010.0,3.7347250697383734,262.40218
HK.09618,京东集团-SW,2021-06-21 00:00:00,263.80218,265.80218,266.00218,261.40218,14.849,0.0017,5321187,1481476054.0,-2.3511935135861064,272.20218
HK.09618,京东集团-SW,2021-06-22 00:00:00,265.80218,264.60218,267.80218,263.40218,14.785,0.00078,2445189,682137476.0,-0.451463565874458,265.80218
HK.09618,京东集团-SW,2021-06-23 00:00:00,270.60218,271.80218,273.60218,269.80218,15.167,0.00137,4274506,1223851014.0,2.7210660169164314,264.60218
HK.09618,京东集团-SW,2021-06-24 00:00:00,271.80218,272.00218,274.20218,269.80218,15.178,0.00122,3814626,1093506311.0,0.0735829271126481,271.80218
HK.09618,京东集团-SW,2021-06-25 00:00:00,277.00218,280.80218,282.60218,276.20218,15.644,0.00198,6194875,1825196573.0,3.235268187924086,272.00218
HK.09618,京东集团-SW,2021-06-28 00:00:00,284.80218,286.00218,290.80218,284.80218,15.92,0.00136,4270196,1286342877.0,1.8518374750509374,280.80218
HK.09618,京东集团-SW,2021-06-29 00:00:00,286.20218,287.80218,293.40218,285.80218,16.016,0.00209,6532320,1978039417.0,0.6293658321065985,286.00218
HK.09618,京东集团-SW,2021-06-30 00:00:00,295.40218,291.20218,295.40218,290.20218,16.196,0.00173,5428940,1663305565.0,1.1813670070184934,287.80218
HK.09618,京东集团-SW,2021-07-02 00:00:00,290.40218,286.60218,290.40218,283.00218,15.952,0.00223,6978208,2096083260.0,-1.5796585039301636,291.20218
HK.09618,京东集团-SW,2021-07-05 00:00:00,281.00218,277.80218,283.00218,275.60218,15.485,0.00159,4963743,1452414285.0,-3.070458152132672,286.60218
HK.09618,京东集团-SW,2021-07-06 00:00:00,277.80218,279.00218,281.00218,275.00218,15.549,0.0006,1871064,546700624.0,0.4319620529975641,277.80218
HK.09618,京东集团-SW,2021-07-07 00:00:00,269.40218,272.80218,273.20218,267.40218,15.22,0.00206,6441944,1836363292.0,-2.2222048587577303,279.00218
HK.09618,京东集团-SW,2021-07-08 00:00:00,264.80218,262.40218,267.60218,261.80218,14.669,0.00222,6941862,1929903224.0,-3.812286250791703,272.80218
HK.09618,京东集团-SW,2021-07-09 00:00:00,260.80218,264.80218,266.00218,254.80218,14.796,0.00185,5777611,1598811362.0,0.9146265476910421,262.40218
HK.09618,京东集团-SW,2021-07-12 00:00:00,269.80218,267.20218,271.80218,265.60218,14.923,0.00151,4723965,1336221518.0,0.9063369493408163,264.80218
HK.09618,京东集团-SW,2021-07-13 00:00:00,270.80218,276.80218,280.40218,268.80218,15.432,0.00185,5781729,1674701309.0,3.5927850588644237,267.20218
HK.09618,京东集团-SW,2021-07-14 00:00:00,283.40218,281.60218,284.60218,280.40218,15.687,0.00221,6928302,2053564061.0,1.7340903890279888,276.80218
HK.09618,京东集团-SW,2021-07-15 00:00:00,281.00218,282.80218,285.40218,278.80218,15.75,0.00146,4565622,1356422850.0,0.426133064736944,281.60218
HK.09618,京东集团-SW,2021-07-16 00:00:00,284.20218,283.80218,285.80218,281.00218,15.803,0.001,3115372,928979676.0,0.3536040634481672,282.80218
HK.09618,京东集团-SW,2021-07-19 00:00:00,278.40218,275.40218,279.20218,273.80218,15.358,0.001,3140552,910137212.0,-2.9598081311426268,283.80218
HK.09618,京东集团-SW,2021-07-20 00:00:00,273.80218,273.60218,278.40218,272.40218,15.263,0.00066,2057975,593360077.0,-0.6535895975841627,275.40218
HK.09618,京东集团-SW,2021-07-21 00:00:00,272.40218,272.00218,275.00218,268.60218,15.178,0.00069,2165207,618451294.0,-0.5847906621211739,273.60218
HK.09618,京东集团-SW,2021-07-22 00:00:00,277.00218,281.00218,282.40218,277.00218,15.655,0.00086,2697633,794191118.0,3.308797010376902,272.00218
HK.09618,京东集团-SW,2021-07-23 00:00:00,282.80218,275.60218,283.00218,273.80218,15.369,0.00076,2394028,696653944.0,-1.9216932765432757,281.00218
HK.09618,京东集团-SW,2021-07-26 00:00:00,265.00218,253.00218,265.00218,252.60218,14.17,0.003,9397687,2555630629.0,-8.200225411859938,275.60218
HK.09618,京东集团-SW,2021-07-27 00:00:00,243.80218,227.80218,248.40218,224.00218,12.834,0.00528,16523228,4118176796.0,-9.96038848360912,253.00218
HK.09618,京东集团-SW,2021-07-28 00:00:00,237.00218,236.80218,240.80218,227.00218,13.311,0.00332,10380744,2577473710.0,3.950796256646886,227.80218
HK.09618,京东集团-SW,2021-07-29 00:00:00,257.80218,269.00218,269.00218,254.40218,15.019,0.00375,11726410,3240304235.0,13.597847790083698,236.80218
HK.09618,京东集团-SW,2021-07-30 00:00:00,261.80218,262.40218,263.40218,256.202179999,14.669,0.00173,5418352,1487696363.0,-2.45351171503518,269.00218
HK.09618,京东集团-SW,2021-08-02 00:00:00,265.00218,263.00218,265.00218,256.00218,14.7,0.00126,3938732,1086598965.0,0.22865663692276597,262.40218
HK.09618,京东集团-SW,2021-08-03 00:00:00,271.60218,261.60218,271.60218,257.00218,14.626,0.00208,6514363,1802630170.0,-0.5323149792902987,263.00218
HK.09618,京东集团-SW,2021-08-04 00:00:00,257.80218,263.20218,268.60218,257.00218,14.711,0.00123,3837901,1069323334.0,0.6116156983095564,261.60218
HK.09618,京东集团-SW,2021-08-05 00:00:00,263.20218,259.40218,267.00218,258.80218,14.509,0.0007,2194268,606412755.0,-1.4437570387904886,263.20218
HK.09618,京东集团-SW,2021-08-06 00:00:00,258.80218,262.20218,263.80218,255.40218,14.658,0.00084,2629143,723675658.0,1.0794049610531458,259.40218
HK.09618,京东集团-SW,2021-08-09 00:00:00,255.80218,259.202179999,262.80218,252.80218,14.499,0.00119,3735189,1020106685.0,-1.1441552472980925,262.20218
HK.09618,京东集团-SW,2021-08-10 00:00:00,264.00218,271.00218,272.20218,262.40218,15.125,0.0011,3440279,973381286.0,4.552430848014289,259.202179999
HK.09618,京东集团-SW,2021-08-11 00:00:00,265.80218,267.40218,271.80218,263.20218,14.934,0.00094,2946149,830625902.0,-1.3284025980898098,271.00218
HK.09618,京东集团-SW,2021-08-12 00:00:00,263.80218,262.00218,265.60218,259.80218,14.647,0.00124,3865338,1069730229.0,-2.0194300584983926,267.40218
HK.09618,京东集团-SW,2021-08-13 00:00:00,259.40218,259.80218,265.60218,258.202179999,14.531,0.00125,3922730,1076426465.0,-0.8396876697743463,262.00218
HK.09618,京东集团-SW,2021-08-16 00:00:00,256.80218,249.40218,258.80218,247.80218,13.979,0.00135,4220101,1117294843.0,-4.003045701925993,259.80218
HK.09618,京东集团-SW,2021-08-17 00:00:00,245.60218,235.80218,245.80218,231.00218,13.258,0.0025,7827200,1985405869.0,-5.453039744881137,249.40218
HK.09618,京东集团-SW,2021-08-18 00:00:00,236.60218,239.20218,242.202179999,236.00218,13.438,0.00148,4645307,1177236861.0,1.4418865847635531,235.80218
HK.09618,京东集团-SW,2021-08-19 00:00:00,239.20218,232.40218,242.80218,230.60218,13.078,0.00154,4823518,1208714717.0,-2.8427834562377363,239.20218
HK.09618,京东集团-SW,2021-08-20 00:00:00,231.80218,227.20218,232.80218,222.20218,12.802,0.00186,5828161,1404855316.0,-2.2375005260277634,232.40218
HK.09618,京东集团-SW,2021-08-23 00:00:00,233.00218,229.40218,240.00218,226.60218,12.918,0.00181,5680532,1396634534.0,0.9683005682427821,227.20218
HK.09618,京东集团-SW,2021-08-24 00:00:00,242.00218,265.80218,269.80218,242.00218,14.849,0.00396,12394449,3384609014.0,15.867329595560092,229.40218
HK.09618,京东集团-SW,2021-08-25 00:00:00,280.80218,279.80218,292.60218,274.20218,15.591,0.00474,14835906,4379367834.0,5.26707493520181,265.80218
HK.09618,京东集团-SW,2021-08-26 00:00:00,283.80218,282.40218,284.60218,276.80218,15.729,0.00174,5460927,1610517782.0,0.9292279281026208,279.80218
HK.09618,京东集团-SW,2021-08-27 00:00:00,284.80218,290.60218,292.40218,284.20218,16.164,0.00249,7794088,2361449002.0,2.9036603046052933,282.40218
HK.09618,京东集团-SW,2021-08-30 00:00:00,283.80218,284.20218,290.40218,280.60218,15.825,0.00136,4246552,1275061878.0,-2.2023234650201102,290.60218
HK.09618,京东集团-SW,2021-08-31 00:00:00,284.20218,292.20218,292.20218,280.00218,16.249,0.0013,4058187,1225155062.0,2.8148974789707806,284.20218
HK.09618,京东集团-SW,2021-09-01 00:00:00,292.80218,297.20218,299.80218,291.40218,16.514,0.00177,5552660,1726831168.0,1.7111439757225633,292.20218
HK.09618,京东集团-SW,2021-09-02 00:00:00,300.80218,300.80218,306.60218,297.00218,16.705,0.00171,5354590,1691762125.0,1.2112966331539097,297.20218
HK.09618,京东集团-SW,2021-09-03 00:00:00,301.00218,298.00218,302.40218,294.60218,16.557,0.00108,3372365,1052374074.0,-0.9308443176841374,300.80218
HK.09618,京东集团-SW,2021-09-06 00:00:00,294.60218,302.20218,302.60218,293.20218,16.779,0.0008,2515295,791748401.0,1.409385662883402,298.00218
HK.09618,京东集团-SW,2021-09-07 00:00:00,303.80218,303.20218,309.20218,301.40218,16.832,0.00129,4031048,1285663066.0,0.3309042972489477,302.20218
HK.09618,京东集团-SW,2021-09-08 00:00:00,303.80218,309.20218,311.60218,303.80218,17.151,0.00146,4569193,1474977655.0,1.978877592502798,303.20218
HK.09618,京东集团-SW,2021-09-09 00:00:00,305.80218,291.00218,305.80218,289.00218,16.185,0.00176,5493747,1699864907.0,-5.886116326864186,309.20218
HK.09618,京东集团-SW,2021-09-10 00:00:00,298.80218,307.00218,307.00218,297.20218,17.034,0.00187,5848784,1857013153.0,5.4982405973728445,291.00218
HK.09618,京东集团-SW,2021-09-13 00:00:00,300.80218,299.00218,300.80218,293.00218,16.61,0.00158,4929511,1531785866.0,-2.6058446881386965,307.00218
HK.09618,京东集团-SW,2021-09-14 00:00:00,303.80218,299.40218,303.80218,296.80218,16.631,0.00176,5523084,1738897324.0,0.13377828884056206,299.00218
HK.09618,京东集团-SW,2021-09-15 00:00:00,288.80218,280.80218,290.00218,278.60218,15.644,0.0023,7200608,2153577005.0,-6.2123796159399935,299.40218
HK.09618,京东集团-SW,2021-09-16 00:00:00,280.80218,279.60218,284.20218,276.60218,15.581,0.00155,4844463,1425651928.0,-0.42734710962715655,280.80218
HK.09618,京东集团-SW,2021-09-17 00:00:00,282.60218,293.20218,294.60218,281.60218,16.302,0.00246,7710234,2355513937.0,4.86405363506108,279.60218
HK.09618,京东集团-SW,2021-09-20 00:00:00,286.60218,280.40218,287.00218,277.00218,15.623,0.00129,4048031,1193143309.0,-4.36558827768607,293.20218
HK.09618,京东集团-SW,2021-09-21 00:00:00,275.60218,276.60218,280.20218,270.80218,15.422,0.0012,3744311,1082030733.0,-1.3551963112412362,280.40218
HK.09618,京东集团-SW,2021-09-23 00:00:00,285.80218,282.20218,288.80218,279.00218,15.719,0.00116,3643254,1086250381.0,2.0245682806983023,276.60218
HK.09618,京东集团-SW,2021-09-24 00:00:00,282.20218,278.00218,284.80218,277.00218,15.496,0.00105,3278373,966968051.0,-1.4882946687371403,282.20218
HK.09618,京东集团-SW,2021-09-27 00:00:00,279.20218,278.20218,286.60218,277.20218,15.507,0.00148,4630083,1369509863.0,0.07194188189459112,278.00218
HK.09618,京东集团-SW,2021-09-28 00:00:00,283.60218,285.00218,287.80218,280.80218,15.867,0.00127,3959849,1186152932.0,2.4442655337927297,278.20218
HK.09618,京东集团-SW,2021-09-29 00:00:00,276.80218,279.60218,280.20218,272.60218,15.581,0.00164,5119391,1491088595.0,-1.8947223491413412,285.00218
HK.09618,京东集团-SW,2021-09-30 00:00:00,267.00218,269.00218,273.40218,261.80218,15.019,0.00273,8535741,2403646120.0,-3.7911006273269994,279.60218
HK.09618,京东集团-SW,2021-10-04 00:00:00,261.80218,260.40218,264.20218,254.80218,14.563,0.00212,6641369,1823385072.0,-3.1970001135306867,269.00218
HK.09618,京东集团-SW,2021-10-05 00:00:00,254.80218,261.40218,262.20218,253.80218,14.616,0.00172,5377150,1469211909.0,0.38402136264757847,260.40218
HK.09618,京东集团-SW,2021-10-06 00:00:00,263.00218,259.00218,265.80218,258.00218,14.488,0.00102,3192588,876640179.0,-0.9181254724042384,261.40218
HK.09618,京东集团-SW,2021-10-07 00:00:00,264.80218,275.80218,277.20218,263.80218,15.379,0.00163,5091948,1465696539.0,6.486431890264403,259.00218
HK.09618,京东集团-SW,2021-10-08 00:00:00,287.20218,282.00218,287.20218,279.60218,15.708,0.00163,5113419,1520176935.0,2.2479880325818993,275.80218
HK.09618,京东集团-SW,2021-10-11 00:00:00,290.80218,297.40218,298.80218,290.40218,16.525,0.00167,5218002,1617554792.0,5.460950691941451,282.00218
HK.09618,京东集团-SW,2021-10-12 00:00:00,291.20218,290.20218,295.40218,286.20218,16.143,0.00126,3941953,1203540864.0,-2.420964096497204,297.40218
HK.09618,京东集团-SW,2021-10-15 00:00:00,300.80218,300.60218,302.80218,296.60218,16.694,0.00147,4585521,1440364022.0,3.5837084338925287,290.20218
HK.09618,京东集团-SW,2021-10-18 00:00:00,302.80218,303.60218,304.20218,296.20218,16.854,0.00116,3629284,1143976670.0,0.9979967543814886,300.60218
HK.09618,京东集团-SW,2021-10-19 00:00:00,303.60218,308.80218,308.80218,302.80218,17.129,0.00091,2857853,918753942.0,1.7127676751201346,303.60218
HK.09618,京东集团-SW,2021-10-20 00:00:00,313.80218,317.00218,320.60218,312.60218,17.564,0.00159,4966747,1645346135.0,2.6554216683314826,308.80218
HK.09618,京东集团-SW,2021-10-21 00:00:00,317.80218,312.80218,318.60218,309.40218,17.341,0.00132,4123145,1348238719.0,-1.3249120242643089,317.00218
HK.09618,京东集团-SW,2021-10-22 00:00:00,312.80218,310.80218,314.00218,309.20218,17.235,0.0013,4070983,1325616088.0,-0.6393817332091484,312.80218
HK.09618,京东集团-SW,2021-10-25 00:00:00,310.80218,310.80218,313.80218,308.20218,17.235,0.00064,2002973,652010178.0,0.0,310.80218
HK.09618,京东集团-SW,2021-10-26 00:00:00,311.80218,311.40218,313.20218,308.20218,17.267,0.00056,1750991,568273949.0,0.1930488389753141,310.80218
HK.09618,京东集团-SW,2021-10-27 00:00:00,305.00218,298.40218,305.00218,296.80218,16.578,0.00101,3152755,986713427.0,-4.174665700798883,311.40218
HK.09618,京东集团-SW,2021-10-28 00:00:00,300.80218,298.40218,302.00218,296.20218,16.578,0.00078,2436460,762387942.0,0.0,298.40218
HK.09618,京东集团-SW,2021-10-29 00:00:00,297.80218,296.20218,299.40218,293.80218,16.461,0.00062,1942762,602977879.0,-0.7372600294005857,298.40218
HK.09618,京东集团-SW,2021-11-01 00:00:00,290.00218,292.20218,292.40218,287.20218,16.249,0.00075,2358467,719522031.0,-1.3504289536289031,296.20218
HK.09618,京东集团-SW,2021-11-02 00:00:00,306.20218,300.00218,307.40218,297.60218,16.663,0.00103,3216614,1015770053.0,2.6693846021272023,292.20218
HK.09618,京东集团-SW,2021-11-03 00:00:00,300.80218,302.20218,305.40218,297.40218,16.779,0.00098,3066093,968452914.0,0.7333280044831636,300.00218
HK.09618,京东集团-SW,2021-11-04 00:00:00,304.40218,309.60218,310.60218,302.80218,17.172,0.00087,2711814,873747748.0,2.4486917996422055,302.20218
HK.09618,京东集团-SW,2021-11-05 00:00:00,300.20218,295.60218,301.80218,294.00218,16.429,0.00098,3078753,959879511.0,-4.52193198381226,309.60218
HK.09618,京东集团-SW,2021-11-08 00:00:00,291.00218,291.40218,291.80218,286.80218,16.207,0.00084,2623316,798416278.0,-1.420828493213409,295.60218
HK.09618,京东集团-SW,2021-11-09 00:00:00,289.00218,287.40218,289.80218,283.20218,15.994,0.00088,2725138,818002816.0,-1.3726733272894527,291.40218
HK.09618,京东集团-SW,2021-11-10 00:00:00,288.00218,293.80218,294.80218,282.00218,16.201,0.00064,1980873,600782733.0,2.226844625882808,287.40218
HK.09618,京东集团-SW,2021-11-11 00:00:00,288.80218,299.20218,300.40218,285.80218,16.485,0.00121,3766821,1167582866.0,1.837971386053016,293.80218
HK.09618,京东集团-SW,2021-11-12 00:00:00,314.80218,315.40218,316.60218,310.80218,17.337,0.00215,6676625,2193732215.0,5.414399052841122,299.20218
HK.09618,京东集团-SW,2021-11-15 00:00:00,320.60218,321.60218,323.60218,318.40218,17.663,0.00132,4103558,1375473341.0,1.9657441809691958,315.40218
HK.09618,京东集团-SW,2021-11-16 00:00:00,317.80218,323.80218,323.80218,314.60218,17.779,0.00122,3794922,1275213688.0,0.6840749649147421,321.60218
HK.09618,京东集团-SW,2021-11-17 00:00:00,320.60218,320.80218,322.80218,316.60218,17.621,0.0009,2785612,933292116.0,-0.9264916005197987,323.80218
HK.09618,京东集团-SW,2021-11-18 00:00:00,309.80218,308.80218,311.20218,306.80218,16.99,0.00093,2896847,937284232.0,-3.74062295960707,320.80218
HK.09618,京东集团-SW,2021-11-19 00:00:00,324.80218,338.20218,338.20218,322.00218,18.536,0.004,12403666,4278861159.0,9.520658176700687,308.80218
HK.09618,京东集团-SW,2021-11-22 00:00:00,349.80218,345.00218,350.80218,340.20218,18.894,0.00241,7483155,2687446815.0,2.0106316286902737,338.20218
HK.09618,京东集团-SW,2021-11-23 00:00:00,330.80218,340.60218,343.60218,330.00218,18.676,0.00358,11135160,3933774235.0,-1.2753542600803374,345.00218
HK.09618,京东集团-SW,2021-11-24 00:00:00,335.20218,338.20218,340.80218,333.20218,18.55,0.00148,4611988,1621938526.0,-0.7046343625868682,340.60218
HK.09618,京东集团-SW,2021-11-25 00:00:00,338.00218,340.20218,341.00218,332.40218,18.655,0.00125,3895936,1369469406.0,0.5913622437324325,338.20218
HK.09618,京东集团-SW,2021-11-26 00:00:00,338.20218,331.80218,338.40218,330.60218,18.213,0.00118,3668308,1276797952.0,-2.4691199803599075,340.20218
HK.09618,京东集团-SW,2021-11-29 00:00:00,335.80218,336.40218,341.40218,332.00218,18.455,0.00192,5962909,2095956545.0,1.3863682269959665,331.80218
HK.09618,京东集团-SW,2021-11-30 00:00:00,330.80218,325.60218,331.60218,318.00218,17.887,0.0027,8391947,2831327881.0,-3.2104429287586695,336.40218
HK.09618,京东集团-SW,2021-12-01 00:00:00,319.00218,327.20218,329.60218,318.20218,17.971,0.00284,8809663,2994121735.0,0.49139720133324133,325.60218
HK.09618,京东集团-SW,2021-12-02 00:00:00,321.80218,327.80218,330.80218,321.80218,18.002,0.00194,6025614,2053299047.0,0.18337286139108935,327.20218
HK.09618,京东集团-SW,2021-12-03 00:00:00,317.40218,307.40218,317.40218,301.00218,16.928,0.00531,16502634,5310429232.0,-6.223265507264178,327.80218
HK.09618,京东集团-SW,2021-12-06 00:00:00,295.60218,291.80218,297.80218,288.80218,16.107,0.00508,15776823,4921521555.0,-5.074785090984054,307.40218
HK.09618,京东集团-SW,2021-12-07 00:00:00,285.80218,292.80218,296.00218,281.60218,16.16,0.00447,13898798,4216694104.0,0.3426979195289082,291.80218
HK.09618,京东集团-SW,2021-12-08 00:00:00,292.80218,292.80218,298.20218,290.00218,16.16,0.00164,5085054,1565735928.0,0.0,292.80218
HK.09618,京东集团-SW,2021-12-09 00:00:00,294.80218,296.80218,301.80218,294.40218,16.371,0.00157,4869335,1516460086.0,1.3661100474047017,292.80218
HK.09618,京东集团-SW,2021-12-10 00:00:00,296.80218,298.00218,302.20218,296.60218,16.434,0.00099,3085667,965973075.0,0.4043096988034214,296.80218
HK.09618,京东集团-SW,2021-12-13 00:00:00,301.40218,296.40218,308.80218,296.00218,16.349,0.00169,5236392,1644580103.0,-0.5369088239555907,298.00218
HK.09618,京东集团-SW,2021-12-14 00:00:00,290.80218,290.20218,293.00218,288.20218,16.023,0.00142,4410864,1343150762.0,-2.091752496557208,296.40218
HK.09618,京东集团-SW,2021-12-15 00:00:00,288.40218,285.20218,289.60218,283.00218,15.76,0.00121,3764838,1128270009.0,-1.7229367470637196,290.20218
HK.09618,京东集团-SW,2021-12-16 00:00:00,276.20218,276.20218,277.60218,269.40218,15.286,0.00204,6350977,1827044692.0,-3.1556561033299255,285.20218
HK.09618,京东集团-SW,2021-12-17 00:00:00,273.80218,266.00218,273.80218,263.80218,14.749,0.00324,10071364,2823302543.0,-3.692946956465003,276.20218
HK.09618,京东集团-SW,2021-12-20 00:00:00,259.40218,254.80218,264.80218,252.202179999,14.16,0.00182,5657364,1530925343.0,-4.210491808751348,266.00218
HK.09618,京东集团-SW,2021-12-21 00:00:00,252.60218,259.202179999,262.60218,249.60218,14.391,0.00241,7499042,2029176617.0,1.7268298093054055,254.80218
HK.09618,京东集团-SW,2021-12-22 00:00:00,273.20218,265.00218,273.20218,261.40218,14.697,0.00218,6758432,1890477447.0,2.2376355017625147,259.202179999
HK.09618,京东集团-SW,2021-12-23 00:00:00,247.202179999,245.40218,249.80218,233.80218,13.665,0.00706,21926356,5647980372.0,-7.396165571166254,265.00218
HK.09618,京东集团-SW,2021-12-24 00:00:00,253.40218,247.00218,255.00218,246.00218,13.749,0.00201,6233818,1641129489.0,0.6519909480836815,245.40218
HK.09618,京东集团-SW,2021-12-28 00:00:00,248.80218,246.60218,251.60218,243.202179999,13.728,0.00178,5520278,1436632743.0,-0.16194189055335692,247.00218
HK.09618,京东集团-SW,2021-12-29 00:00:00,245.80218,241.00218,245.80218,240.40218,13.433,0.00181,5634942,1443529060.0,-2.270863947755853,246.60218
HK.09618,京东集团-SW,2021-12-30 00:00:00,243.202179999,245.60218,250.202179999,242.60218,13.675,0.0019,5914686,1538034427.0,1.9086964275592835,241.00218
HK.09618,京东集团-SW,2021-12-31 00:00:00,260.80218,259.80218,263.80218,258.00218,14.423,0.00173,5377924,1476539319.0,5.781707637937097,245.60218
HK.09618,京东集团-SW,2022-01-03 00:00:00,262.00218,256.202179999,263.80218,255.00218,14.233,0.00081,2526429,684430544.0,-1.3856696664362138,259.80218
HK.09618,京东集团-SW,2022-01-04 00:00:00,252.80218,251.202179999,254.00218,246.60218,13.97,0.00129,3998115,1056189145.0,-1.9515837062820915,256.202179999
HK.09618,京东集团-SW,2022-01-05 00:00:00,236.80218,232.20218,238.40218,230.80218,12.97,0.00409,12719737,3165524304.0,-7.563628627377216,251.202179999
HK.09618,京东集团-SW,2022-01-06 00:00:00,233.80218,242.40218,243.60218,233.00218,13.507,0.00368,11419984,2883128603.0,4.392723616978957,232.20218
HK.09618,京东集团-SW,2022-01-07 00:00:00,250.40218,254.60218,255.80218,246.00218,14.149,0.00313,9715221,2593517301.0,5.032958036928553,242.40218
HK.09618,京东集团-SW,2022-01-10 00:00:00,254.60218,256.00218,258.00218,250.80218,14.223,0.00152,4721905,1275242548.0,0.549877459808084,254.60218
HK.09618,京东集团-SW,2022-01-11 00:00:00,259.40218,260.80218,264.20218,256.40218,14.475,0.00226,7023343,1930271251.0,1.8749840333390955,256.00218
HK.09618,京东集团-SW,2022-01-12 00:00:00,284.60218,291.00218,291.80218,280.80218,16.065,0.00478,14837086,4459049728.0,11.579657808075066,260.80218
HK.09618,京东集团-SW,2022-01-13 00:00:00,284.00218,279.00218,286.00218,276.20218,15.434,0.00231,7179345,2105850482.0,-4.123680448029633,291.00218
HK.09618,京东集团-SW,2022-01-14 00:00:00,266.00218,272.80218,273.20218,262.80218,15.107,0.00214,6659772,1883920880.0,-2.2222048587577303,279.00218
HK.09618,京东集团-SW,2022-01-17 00:00:00,270.60218,269.60218,270.80218,266.20218,14.939,0.00098,3050376,863176180.0,-1.1730111540897676,272.80218
HK.09618,京东集团-SW,2022-01-18 00:00:00,272.80218,264.80218,275.80218,262.20218,14.686,0.00143,4451443,1257101440.0,-1.7804010338491902,269.60218
HK.09618,京东集团-SW,2022-01-19 00:00:00,271.80218,267.20218,275.40218,266.20218,14.812,0.00269,8367151,2371917315.0,0.9063369493408163,264.80218
HK.09618,京东集团-SW,2022-01-20 00:00:00,269.80218,285.60218,289.00218,269.00218,15.781,0.00392,12172021,3600821436.0,6.886171362823454,267.20218
HK.09618,京东集团-SW,2022-01-21 00:00:00,287.80218,292.00218,294.00218,284.40218,16.118,0.00298,9267101,2816307688.0,2.240879253792823,285.60218
HK.09618,京东集团-SW,2022-01-24 00:00:00,275.80218,275.00218,278.20218,274.00218,15.223,0.00243,7563868,2195923629.0,-5.821874343540859,292.00218
HK.09618,京东集团-SW,2022-01-25 00:00:00,265.80218,266.40218,269.00218,261.00218,14.77,0.00266,8266102,2308868043.0,-3.127247936725455,275.00218
HK.09618,京东集团-SW,2022-01-26 00:00:00,268.40218,270.60218,272.80218,264.80218,14.991,0.00158,4922643,1399398051.0,1.5765636752672179,266.40218
HK.09618,京东集团-SW,2022-01-27 00:00:00,262.80218,260.60218,263.20218,255.00218,14.465,0.0026,8082096,2205575687.0,-3.6954617290961957,270.60218
HK.09618,京东集团-SW,2022-01-28 00:00:00,248.80218,251.80218,256.80218,244.80218,14.002,0.00323,10021652,2649718935.0,-3.37679446887205,260.60218
HK.09618,京东集团-SW,2022-01-31 00:00:00,259.80218,265.40218,269.80218,255.80218,14.718,0.00245,7612806,2124457136.0,5.401065233033326,251.80218
HK.09618,京东集团-SW,2022-02-04 00:00:00,272.40218,270.60218,273.60218,264.80218,14.991,0.00231,7168192,2040133669.0,1.9592906132119898,265.40218
HK.09618,京东集团-SW,2022-02-07 00:00:00,273.80218,278.00218,279.40218,271.20218,15.381,0.00222,6886706,1997802327.0,2.734641679531198,270.60218
HK.09618,京东集团-SW,2022-02-08 00:00:00,273.80218,271.40218,274.80218,268.40218,15.033,0.00182,5640754,1614746939.0,-2.3740821025216503,278.00218
HK.09618,京东集团-SW,2022-02-09 00:00:00,278.60218,283.80218,286.40218,278.20218,15.686,0.00178,5532193,1648279127.0,4.568865290617796,271.40218
HK.09618,京东集团-SW,2022-02-10 00:00:00,289.80218,287.60218,290.60218,281.40218,15.886,0.0014,4342598,1303113412.0,1.3389608212311668,283.80218
HK.09618,京东集团-SW,2022-02-11 00:00:00,286.80218,284.40218,286.80218,281.20218,15.718,0.00105,3270909,975973159.0,-1.1126480334745685,287.60218
HK.09618,京东集团-SW,2022-02-14 00:00:00,273.80218,275.40218,279.00218,272.60218,15.244,0.00117,3643601,1056003274.0,-3.1645327050587304,284.40218
HK.09618,京东集团-SW,2022-02-15 00:00:00,276.20218,276.20218,279.40218,274.20218,15.286,0.0007,2167445,629340842.0,0.29048426559296353,275.40218
HK.09618,京东集团-SW,2022-02-16 00:00:00,281.80218,283.00218,285.00218,279.40218,15.644,0.00104,3216411,953195866.0,2.461964637643342,276.20218
HK.09618,京东集团-SW,2022-02-17 00:00:00,278.40218,281.20218,282.20218,276.20218,15.549,0.00095,2937475,863871316.0,-0.6360375033153495,283.00218
HK.09618,京东集团-SW,2022-02-18 00:00:00,278.20218,272.80218,283.40218,270.40218,15.107,0.00147,4569249,1329190061.0,-2.987174566000867,281.20218
HK.09618,京东集团-SW,2022-02-21 00:00:00,266.80218,270.80218,276.80218,266.20218,15.002,0.00211,6566388,1877908575.0,-0.7331319713060944,272.80218
HK.09618,京东集团-SW,2022-02-22 00:00:00,265.80218,261.00218,265.80218,256.202179999,14.486,0.00255,7909756,2174752154.0,-3.618877809624727,270.80218
HK.09618,京东集团-SW,2022-02-23 00:00:00,265.80218,270.80218,271.20218,263.80218,15.002,0.00182,5645614,1601919882.0,3.7547579104511737,261.00218
HK.09618,京东集团-SW,2022-02-24 00:00:00,258.202179999,257.00218,261.00218,253.40218,14.275,0.00316,9803730,2664418671.0,-5.095970793145022,270.80218
HK.09618,京东集团-SW,2022-02-25 00:00:00,262.00218,261.60218,264.60218,259.60218,14.518,0.00161,5009708,1383462316.0,1.789868085943849,257.00218
HK.09618,京东集团-SW,2022-02-28 00:00:00,268.80218,265.00218,268.80218,260.202179999,14.697,0.00262,8126113,2256489210.0,1.299683358907802,261.60218
HK.09618,京东集团-SW,2022-03-01 00:00:00,267.80218,273.60218,276.40218,266.60218,15.149,0.0021,6538021,1871921319.0,3.245256322042319,265.00218
HK.09618,京东集团-SW,2022-03-02 00:00:00,275.80218,270.80218,277.40218,270.00218,15.002,0.00159,4932432,1419780655.0,-1.0233836587120595,273.60218
HK.09618,京东集团-SW,2022-03-03 00:00:00,267.80218,272.00218,273.40218,267.60218,15.065,0.0022,6843574,1953187346.0,0.4431278950560843,270.80218
HK.09618,京东集团-SW,2022-03-04 00:00:00,248.40218,248.202179999,253.00218,246.80218,13.812,0.00517,16074031,4244040153.0,-8.74992987225323,272.00218
HK.09618,京东集团-SW,2022-03-07 00:00:00,231.80218,232.80218,239.00218,226.00218,13.002,0.00506,15717918,3919108197.0,-6.204619153249203,248.202179999
HK.09618,京东集团-SW,2022-03-08 00:00:00,225.60218,216.20218,228.80218,213.60218,12.128,0.00406,12617093,2951712804.0,-7.13051742041247,232.80218
HK.09618,京东集团-SW,2022-03-09 00:00:00,216.80218,220.80218,222.80218,209.80218,12.37,0.00382,11861400,2737447171.0,2.127638120947714,216.20218
HK.09618,京东集团-SW,2022-03-10 00:00:00,230.60218,223.20218,233.00218,218.00218,12.496,0.00257,7981880,1919684740.0,1.0869457901185602,220.80218
HK.09618,京东集团-SW,2022-03-11 00:00:00,193.80218,197.00218,202.40218,181.10218,0.0,0.00748,23283995,4778104101.0,-11.738236606828835,223.20218
HK.09618,京东集团-SW,2022-03-14 00:00:00,176.60218,165.80218,177.30218,163.40218,0.0,0.00871,27108838,5028628848.0,-15.837388195399674,197.00218
HK.09618,京东集团-SW,2022-03-15 00:00:00,155.80218,147.70218,165.00218,145.90218,0.0,0.00805,25047944,4200929112.0,-10.916623653561127,165.80218
HK.09618,京东集团-SW,2022-03-16 00:00:00,167.60218,205.40218,207.60218,163.60218,0.0,0.01058,32923422,6611598119.0,39.06509707575067,147.70218
HK.09618,京东集团-SW,2022-03-17 00:00:00,238.20218,240.20218,251.40218,222.40218,0.0,0.01097,34120421,8491857185.0,16.942371302972546,205.40218
HK.09618,京东集团-SW,2022-03-18 00:00:00,226.80218,229.60218,236.80218,215.80218,0.0,0.00559,17392398,4198605079.0,-4.412949124774801,240.20218
HK.09618,京东集团-SW,2022-03-21 00:00:00,236.20218,224.80218,238.40218,220.80218,0.0,0.00386,11999584,2892425823.0,-2.0905724849825083,229.60218
HK.09618,京东集团-SW,2022-03-22 00:00:00,228.80218,239.60218,243.00218,227.00218,0.0,0.00373,11606914,2873679857.0,6.583566049048106,224.80218
HK.09618,京东集团-SW,2022-03-23 00:00:00,244.80218,237.80218,248.80218,235.80218,0.0,0.00321,9998787,2563108003.0,-0.7512452516083166,239.60218
HK.09618,京东集团-SW,2022-03-24 00:00:00,234.80218,227.40218,239.40218,225.60218,0.0,0.00288,8961105,2205432896.0,-4.373382952166379,237.80218
HK.09618,京东集团-SW,2022-03-25 00:00:00,218.00218,214.60218,227.40218,208.80218,0.0,0.00549,17064091,3949833347.0,-5.628793884033998,227.40218
HK.09618,京东集团-SW,2022-03-28 00:00:00,208.80218,210.60218,213.20218,197.80218,0.0,0.01232,38312460,8473164827.0,-1.86391396396812,214.60218
HK.09618,京东集团-SW,2022-03-29 00:00:00,213.80218,224.20218,226.20218,211.00218,0.0,0.01028,31993192,7446009844.0,6.457672945265807,210.60218
HK.09618,京东集团-SW,2022-03-30 00:00:00,229.80218,223.80218,234.40218,223.80218,0.0,0.00792,24650847,5961939493.0,-0.17841039725840566,224.20218
HK.09618,京东集团-SW,2022-03-31 00:00:00,223.80218,219.80218,224.00218,216.00218,0.0,0.00352,10953079,2563040286.0,-1.787292688569879,223.80218
HK.09618,京东集团-SW,2022-04-01 00:00:00,212.20218,214.80218,214.80218,207.40218,0.0,0.00331,10312112,2332469111.0,-2.2747727069858907,219.80218
HK.09618,京东集团-SW,2022-04-04 00:00:00,220.80218,232.40218,234.60218,219.00218,0.0,0.0042,13078563,3181324735.0,8.193585372364467,214.80218
HK.09618,京东集团-SW,2022-04-06 00:00:00,220.00218,220.60218,223.40218,218.60218,0.0,0.00357,11120025,2612918431.0,-5.077405039832236,232.40218
HK.09618,京东集团-SW,2022-04-07 00:00:00,216.00218,213.00218,223.20218,211.20218,0.0,0.00269,8357903,1920604850.0,-3.4451155469089176,220.60218
HK.09618,京东集团-SW,2022-04-08 00:00:00,208.40218,208.20218,211.20218,204.20218,0.0,0.0027,8397595,1857989852.0,-2.253498062789785,213.00218
HK.09618,京东集团-SW,2022-04-11 00:00:00,206.80218,201.20218,208.00218,199.40218,0.0,0.00283,8802098,1913061433.0,-3.362116573419164,208.20218
HK.09618,京东集团-SW,2022-04-12 00:00:00,206.00218,210.00218,215.00218,203.80218,0.0,0.00364,11327157,2530078548.0,4.373710066163305,201.20218
HK.09618,京东集团-SW,2022-04-13 00:00:00,209.20218,213.60218,217.80218,207.60218,0.0,0.00408,12682818,2900181964.0,1.7142679185520808,210.00218
HK.09618,京东集团-SW,2022-04-14 00:00:00,215.80218,212.20218,216.60218,211.00218,0.0,0.00243,7568102,1724801776.0,-0.6554240223578269,213.60218
HK.09618,京东集团-SW,2022-04-19 00:00:00,207.80218,208.00218,215.20218,206.20218,0.0,0.00279,8666598,1942588307.0,-1.9792445110601544,212.20218
HK.09618,京东集团-SW,2022-04-20 00:00:00,205.80218,206.60218,211.40218,205.00218,0.0,0.0012,3739334,828211715.0,-0.6730698687869549,208.00218
HK.09618,京东集团-SW,2022-04-21 00:00:00,196.80218,192.20218,199.60218,187.80218,0.0,0.00339,10550458,2185000880.0,-6.969916774353496,206.60218
HK.09618,京东集团-SW,2022-04-22 00:00:00,181.80218,194.20218,195.60218,181.00218,0.0,0.00284,8839388,1799854355.0,1.0405709238053387,192.20218
HK.09618,京东集团-SW,2022-04-25 00:00:00,189.60218,186.60218,192.40218,185.60218,0.0,0.00289,8996972,1822460542.0,-3.91344731557596,194.20218
HK.09618,京东集团-SW,2022-04-26 00:00:00,196.00218,198.00218,207.20218,195.20218,0.0,0.00398,12375093,2657823036.0,6.109253386000102,186.60218
HK.09618,京东集团-SW,2022-04-27 00:00:00,198.20218,205.60218,206.80218,197.00218,0.0,0.00373,11596201,2528809930.0,3.838341577855352,198.00218
HK.09618,京东集团-SW,2022-04-28 00:00:00,214.20218,215.40218,216.20218,208.60218,0.0,0.00351,10912526,2474024789.0,4.766486425387115,205.60218
HK.09618,京东集团-SW,2022-04-29 00:00:00,212.80218,251.40218,271.80218,208.40218,0.0,0.00862,26926251,6883291319.0,16.712922775433377,215.40218
HK.09618,京东集团-SW,2022-05-03 00:00:00,236.80218,235.60218,244.60218,227.80218,0.0,0.0056,17500126,4407552084.0,-6.284750593650375,251.40218
HK.09618,京东集团-SW,2022-05-04 00:00:00,229.80218,225.40218,231.80218,223.80218,0.0,0.00244,7617477,1836897537.0,-4.329331757456581,235.60218
HK.09618,京东集团-SW,2022-05-05 00:00:00,232.00218,227.40218,235.20218,224.00218,0.0,0.00337,10533336,2569026779.0,0.8873028645951871,225.40218
HK.09618,京东集团-SW,2022-05-06 00:00:00,216.80218,212.40218,220.20218,209.40218,0.0,0.00356,11118477,2533872366.0,-6.596242832852351,227.40218
HK.09618,京东集团-SW,2022-05-10 00:00:00,185.10218,193.80218,197.00218,185.10218,0.0,0.0088,27481497,5655302390.0,-8.756972268363722,212.40218
HK.09618,京东集团-SW,2022-05-11 00:00:00,189.80218,194.00218,202.40218,188.00218,0.0,0.00642,20039496,4193564081.0,0.10319801356208536,193.80218
HK.09618,京东集团-SW,2022-05-12 00:00:00,184.80218,177.80218,186.60218,175.20218,0.0,0.00713,22275662,4336874255.0,-8.350421629282732,194.00218
HK.09618,京东集团-SW,2022-05-13 00:00:00,182.00218,185.40218,187.20218,181.80218,0.0,0.0045,14049091,2799212728.0,4.274413283346692,177.80218
HK.09618,京东集团-SW,2022-05-16 00:00:00,190.80218,185.80218,194.80218,183.80218,0.0,0.00263,8207444,1658499765.0,0.2157471934796051,185.40218
HK.09618,京东集团-SW,2022-05-17 00:00:00,191.00218,200.60218,203.00218,189.20218,0.0,0.0051,15919535,3370723185.0,7.965460900404943,185.80218
HK.09618,京东集团-SW,2022-05-18 00:00:00,199.00218,198.20218,200.00218,191.00218,0.0,0.00485,15135344,3180102449.0,-1.1963977659664544,200.60218
HK.09618,京东集团-SW,2022-05-19 00:00:00,189.60784,190.50784,193.50784,186.20784,0.0,0.00446,13923745,2775027744.0,-3.8820662820156726,198.20218
HK.09618,京东集团-SW,2022-05-20 00:00:00,197.50784,202.30784,205.30784,197.30784,0.0,0.0048,14984250,3159739659.0,6.193970809810248,190.50784
HK.09618,京东集团-SW,2022-05-23 00:00:00,201.30784,203.50784,208.50784,200.10784,0.0,0.00601,18768024,4009912363.0,0.5931554605100764,202.30784
HK.09618,京东集团-SW,2022-05-24 00:00:00,199.30784,192.30784,204.30784,190.90784,0.0,0.00574,17941973,3693936035.0,-5.503473477975094,203.50784
HK.09618,京东集团-SW,2022-05-25 00:00:00,187.90784,189.30784,191.30784,186.80784,0.0,0.00313,9777705,1942288121.0,-1.55999880192092,192.30784
HK.09618,京东集团-SW,2022-05-26 00:00:00,190.20784,188.10784,190.20784,184.40784,0.0,0.0024,7491959,1474561190.0,-0.6338881686041046,189.30784
HK.09618,京东集团-SW,2022-05-27 00:00:00,197.90784,199.10784,199.70784,196.10784,0.0,0.0039,12177627,2524083552.0,5.847709484091678,188.10784
HK.09618,京东集团-SW,2022-05-30 00:00:00,204.70784,213.50784,214.10784,204.10784,0.0,0.00553,17275282,3777780728.0,7.232261672870329,199.10784
HK.09618,京东集团-SW,2022-05-31 00:00:00,212.90784,216.70784,221.50784,209.50784,0.0,0.00807,25198704,5685253001.0,1.498774002865664,213.50784
HK.09618,京东集团-SW,2022-06-01 00:00:00,213.90784,214.90784,217.50784,210.70784,0.0,0.00412,12871097,2888850685.0,-0.8306113890480433,216.70784
HK.09618,京东集团-SW,2022-06-02 00:00:00,210.90784,212.10784,214.70784,207.50784,0.0,0.00365,11386613,2523258000.0,-1.3028840641644266,214.90784
HK.09618,京东集团-SW,2022-06-06 00:00:00,219.90784,222.50784,223.70784,213.70784,0.0,0.00467,14583426,3315597731.0,4.903166238456804,212.10784
HK.09618,京东集团-SW,2022-06-07 00:00:00,232.70784,229.50784,235.30784,227.10784,0.0,0.00561,17532537,4221536619.0,3.1459565649462062,222.50784
HK.09618,京东集团-SW,2022-06-08 00:00:00,233.70784,244.90784,247.70784,232.90784,0.0,0.00833,26010177,6510628112.0,6.710010429273355,229.50784
HK.09618,京东集团-SW,2022-06-09 00:00:00,249.70784,239.70784,252.70784,234.90784,0.0,0.00636,19851258,4963805423.0,-2.1232476673674427,244.90784
HK.09618,京东集团-SW,2022-06-10 00:00:00,229.90784,241.50784,243.50784,226.90784,0.0,0.00872,27221560,6788769527.0,0.7509141127799503,239.70784
HK.09618,京东集团-SW,2022-06-13 00:00:00,228.50784,229.90784,237.30784,227.90784,0.0,0.00662,20692445,5045560574.0,-4.803156700834223,241.50784
HK.09618,京东集团-SW,2022-06-14 00:00:00,224.70784,231.90784,236.10784,224.10784,0.0,0.00419,13094185,3127493692.0,0.8699137880639477,229.90784
HK.09618,京东集团-SW,2022-06-15 00:00:00,240.50784,241.10784,244.10784,239.10784,0.0,0.00355,11077400,2778294799.0,3.9670931349280893,231.90784
HK.09618,京东集团-SW,2022-06-16 00:00:00,249.90784,236.90784,249.90784,233.10784,0.0,0.00502,15693587,3937282877.0,-1.7419591167172404,241.10784
HK.09618,京东集团-SW,2022-06-17 00:00:00,235.90784,251.90784,252.107839999,234.90784,0.0,0.01879,58700625,15260177613.0,6.331576025512706,236.90784
HK.09618,京东集团-SW,2022-06-20 00:00:00,248.70784,245.10784,248.70784,233.90784,0.0,0.00527,16459309,4149150182.0,-2.699399907521728,251.90784
HK.09618,京东集团-SW,2022-06-21 00:00:00,245.10784,247.50784,248.107839999,241.10784,0.0,0.00272,8504328,2164417164.0,0.9791608460994056,245.10784
HK.09618,京东集团-SW,2022-06-22 00:00:00,240.50784,231.50784,242.10784,229.10784,0.0,0.00395,12334897,3007113597.0,-6.464441692028827,247.50784
HK.09618,京东集团-SW,2022-06-23 00:00:00,234.70784,234.30784,238.30784,229.10784,0.0,0.00285,8906182,2168249953.0,1.2094622799815382,231.50784
HK.09618,京东集团-SW,2022-06-24 00:00:00,237.70784,240.50784,243.30784,234.10784,0.0,0.00343,10718920,2665159001.0,2.6460915691083957,234.30784
HK.09618,京东集团-SW,2022-06-27 00:00:00,244.30784,256.107839999,265.90784,244.30784,0.0,0.00593,18527398,4881398551.0,6.4862750415953325,240.50784
HK.09618,京东集团-SW,2022-06-28 00:00:00,249.30784,250.107839999,255.50784,241.90784,0.0,0.00513,16016499,4128988071.0,-2.342763111048633,256.107839999
HK.09618,京东集团-SW,2022-06-29 00:00:00,243.30784,242.10784,246.90784,239.10784,0.0,0.00331,10334958,2609598964.0,-3.1986202427848593,250.107839999
HK.09618,京东集团-SW,2022-06-30 00:00:00,242.70784,243.50784,247.50784,240.10784,0.0,0.0026,8123711,2054159312.0,0.5782547149237204,242.10784
HK.09618,京东集团-SW,2022-07-04 00:00:00,243.70784,252.70784,254.30784,241.90784,0.0,0.00242,7554189,1958737044.0,3.778112441882782,243.50784
HK.09618,京东集团-SW,2022-07-05 00:00:00,255.70784,250.90784,260.50784,249.70784,0.0,0.00171,5326877,1403927036.0,-0.7122849849058943,252.70784
HK.09618,京东集团-SW,2022-07-06 00:00:00,242.10784,240.70784,244.90784,235.70784,0.0,0.00308,9612924,2397238171.0,-4.065237658576148,250.90784
HK.09618,京东集团-SW,2022-07-07 00:00:00,233.30784,237.90784,240.50784,229.70784,0.0,0.00332,10361205,2545738215.0,-1.1632358962632923,240.70784
HK.09618,京东集团-SW,2022-07-08 00:00:00,238.70784,236.50784,240.50784,235.10784,0.0,0.00212,6619381,1628480876.0,-0.5884631628785356,237.90784
HK.09618,京东集团-SW,2022-07-11 00:00:00,229.50784,225.70784,230.70784,223.70784,0.0,0.00284,8864517,2084417698.0,-4.566444816374791,236.50784
HK.09618,京东集团-SW,2022-07-12 00:00:00,224.70784,221.50784,226.70784,219.50784,0.0,0.00253,7914553,1831757419.0,-1.8608126328265855,225.70784
HK.09618,京东集团-SW,2022-07-13 00:00:00,228.30784,228.30784,234.50784,226.90784,0.0,0.00268,8372085,2006138033.0,3.069868768527566,221.50784
HK.09618,京东集团-SW,2022-07-14 00:00:00,232.70784,234.70784,239.50784,232.10784,0.0,0.00253,7912755,1936336581.0,2.8032326879357297,228.30784
HK.09618,京东集团-SW,2022-07-15 00:00:00,232.50784,227.30784,234.10784,226.70784,0.0,0.0014,4382450,1047554093.0,-3.1528559080088696,234.70784
HK.09618,京东集团-SW,2022-07-18 00:00:00,229.10784,234.70784,237.30784,225.30784,0.0,0.00178,5564218,1353920029.0,3.255497038729507,227.30784
HK.09618,京东集团-SW,2022-07-19 00:00:00,234.10784,231.70784,236.30784,229.70784,0.0,0.0012,3749326,905353577.0,-1.2781848275711625,234.70784
HK.09618,京东集团-SW,2022-07-20 00:00:00,238.10784,236.30784,242.30784,236.30784,0.0,0.00191,5978484,1484749628.0,1.9852586774793612,231.70784
HK.09618,京东集团-SW,2022-07-21 00:00:00,237.50784,238.10784,240.50784,233.90784,0.0,0.00198,6174606,1526322223.0,0.7617182739260836,236.30784
HK.09618,京东集团-SW,2022-07-22 00:00:00,240.70784,237.70784,241.90784,236.70784,0.0,0.00115,3599306,894537296.0,-0.16799110856660818,238.10784
HK.09618,京东集团-SW,2022-07-25 00:00:00,234.50784,237.70784,238.70784,233.50784,0.0,0.00167,5227765,1285248499.0,0.0,237.70784
HK.09618,京东集团-SW,2022-07-26 00:00:00,240.70784,242.10784,244.30784,238.30784,0.0,0.00182,5691470,1431394004.0,1.8510117293565098,237.70784
HK.09618,京东集团-SW,2022-07-27 00:00:00,237.90784,239.50784,239.90784,236.70784,0.0,0.00124,3886513,963661527.0,-1.0739016134297934,242.10784
HK.09618,京东集团-SW,2022-07-28 00:00:00,239.50784,235.70784,239.90784,234.70784,0.0,0.00161,5020084,1234696791.0,-1.5865868941910142,239.50784
HK.09618,京东集团-SW,2022-07-29 00:00:00,239.70784,224.50784,239.70784,222.10784,0.0,0.00279,8708370,2055525475.0,-4.751645087409913,235.70784
HK.09618,京东集团-SW,2022-08-01 00:00:00,220.70784,225.70784,228.30784,219.10784,0.0,0.00198,6173646,1448181136.0,0.5345024922069613,224.50784
HK.09618,京东集团-SW,2022-08-02 00:00:00,222.30784,218.90784,222.30784,213.90784,0.0,0.00253,7900179,1794825310.0,-3.012744262671607,225.70784
HK.09618,京东集团-SW,2022-08-03 00:00:00,225.10784,223.90784,228.10784,221.70784,0.0,0.00153,4766086,1114044538.0,2.284066207953082,218.90784
HK.09618,京东集团-SW,2022-08-04 00:00:00,230.50784,236.70784,237.70784,229.10784,0.0,0.0024,7483399,1831943962.0,5.716637702368979,223.90784
HK.09618,京东集团-SW,2022-08-05 00:00:00,239.70784,236.10784,239.70784,233.50784,0.0,0.00139,4348782,1067810112.0,-0.25347702889773077,236.70784
HK.09618,京东集团-SW,2022-08-08 00:00:00,232.30784,228.10784,233.70784,226.70784,0.0,0.0018,5624715,1339934297.0,-3.388282235778363,236.10784
HK.09618,京东集团-SW,2022-08-09 00:00:00,222.30784,219.30784,225.30784,218.70784,0.0,0.0027,8418431,1941687789.0,-3.857824439528256,228.10784
HK.09618,京东集团-SW,2022-08-10 00:00:00,214.70784,209.10784,216.30784,203.30784,0.0,0.00282,8819675,1929796380.0,-4.650996517041976,219.30784
HK.09618,京东集团-SW,2022-08-11 00:00:00,208.30784,211.90784,212.50784,206.70784,0.0,0.00282,8806077,1932014330.0,1.339022008930886,209.10784
HK.09618,京东集团-SW,2022-08-12 00:00:00,213.70784,213.30784,215.90784,210.30784,0.0,0.002,6259290,1392090325.0,0.660664560593891,211.90784
HK.09618,京东集团-SW,2022-08-15 00:00:00,211.90784,212.90784,218.10784,211.30784,0.0,0.00114,3563793,797009866.0,-0.18752240892786956,213.30784
HK.09618,京东集团-SW,2022-08-16 00:00:00,217.70784,211.90784,219.70784,208.10784,0.0,0.00206,6430525,1431876405.0,-0.4696867903032599,212.90784
HK.09618,京东集团-SW,2022-08-17 00:00:00,215.50784,213.90784,217.30784,212.10784,0.0,0.00122,3825652,855511635.0,0.9438065151341263,211.90784
HK.09618,京东集团-SW,2022-08-18 00:00:00,213.70784,208.30784,213.70784,205.90784,0.0,0.00157,4897192,1070478996.0,-2.6179498610242593,213.90784
HK.09618,京东集团-SW,2022-08-19 00:00:00,203.90784,207.90784,210.10784,203.90784,0.0,0.00166,5197263,1128392405.0,-0.19202349753134865,208.30784
HK.09618,京东集团-SW,2022-08-22 00:00:00,203.90784,209.50784,212.50784,203.90784,0.0,0.00192,5988210,1312863866.0,0.7695717487132733,207.90784
HK.09618,京东集团-SW,2022-08-23 00:00:00,209.50784,212.10784,212.90784,209.30784,0.0,0.00211,6578848,1450920373.0,1.241003677953065,209.50784
HK.09618,京东集团-SW,2022-08-24 00:00:00,217.90784,212.50784,220.70784,211.30784,0.0,0.00307,9589394,2156469178.0,0.18858331686371294,212.10784
HK.09618,京东集团-SW,2022-08-25 00:00:00,220.70784,236.90784,238.30784,219.10784,0.0,0.00404,12625314,3040425103.0,11.481929325525122,212.50784
HK.09618,京东集团-SW,2022-08-26 00:00:00,242.70784,239.10784,245.30784,236.50784,0.0,0.0043,13437039,3351476346.0,0.9286311504085374,236.90784
HK.09618,京东集团-SW,2022-08-29 00:00:00,236.90784,235.70784,239.70784,233.10784,0.0,0.00223,6976605,1718145307.0,-1.4219525382354696,239.10784
HK.09618,京东集团-SW,2022-08-30 00:00:00,238.50784,237.70784,238.50784,231.30784,0.0,0.00232,7255844,1777441966.0,0.8485080513231973,235.70784
HK.09618,京东集团-SW,2022-08-31 00:00:00,232.50784,237.50784,244.90784,230.90784,0.0,0.00731,22826527,5639819279.0,-0.08413689678893933,237.70784
HK.09618,京东集团-SW,2022-09-01 00:00:00,236.70784,235.70784,239.90784,233.70784,0.0,0.00251,7847271,1930687964.0,-0.7578697191637898,237.50784
HK.09618,京东集团-SW,2022-09-02 00:00:00,237.30784,234.70784,239.50784,231.70784,0.0,0.00321,10017289,2443878817.0,-0.42425402566159864,235.70784
HK.09618,京东集团-SW,2022-09-05 00:00:00,229.70784,227.50784,229.70784,223.90784,0.0,0.0021,6528350,1542353424.0,-3.067643586170797,234.70784
HK.09618,京东集团-SW,2022-09-06 00:00:00,229.70784,227.30784,230.90784,223.90784,0.0,0.00107,3376895,798445988.0,-0.0879090584306847,227.50784
HK.09618,京东集团-SW,2022-09-07 00:00:00,222.70784,224.50784,225.90784,220.70784,0.0,0.00148,4674027,1085314833.0,-1.2318096903300877,227.30784
HK.09618,京东集团-SW,2022-09-08 00:00:00,225.30784,225.90784,229.70784,224.70784,0.0,0.00145,4580463,1079828333.0,0.6235862409081152,224.50784
HK.09618,京东集团-SW,2022-09-09 00:00:00,227.30784,234.10784,235.50784,224.90784,0.0,0.00166,5241639,1268826994.0,3.629798771038675,225.90784
HK.09618,京东集团-SW,2022-09-13 00:00:00,232.70784,224.10784,232.70784,223.70784,0.0,0.00264,8356058,1977993521.0,-4.271535716189598,234.10784
HK.09618,京东集团-SW,2022-09-14 00:00:00,216.10784,214.30784,217.30784,211.50784,0.0,0.00366,11552241,2597803933.0,-4.372894763520996,224.10784
HK.09618,京东集团-SW,2022-09-15 00:00:00,213.90784,217.50784,218.50784,212.50784,0.0,0.00212,6684999,1506893351.0,1.493179157608041,214.30784
HK.09618,京东集团-SW,2022-09-16 00:00:00,214.10784,213.70784,218.30784,212.90784,0.0,0.00226,7143496,1599177326.0,-1.7470634621722065,217.50784
HK.09618,京东集团-SW,2022-09-19 00:00:00,209.70784,208.10784,211.30784,207.50784,0.0,0.00227,7185155,1569757606.0,-2.6203998879966193,213.70784
HK.09618,京东集团-SW,2022-09-20 00:00:00,211.50784,215.70784,217.70784,211.50784,0.0,0.00165,5211445,1170576095.0,3.651952756801471,208.10784
HK.09618,京东集团-SW,2022-09-21 00:00:00,213.70784,209.10784,213.70784,208.10784,0.0,0.00134,4220924,926028805.0,-3.059694075097129,215.70784
HK.09618,京东集团-SW,2022-09-22 00:00:00,201.70784,202.90784,204.30784,199.50784,0.0,0.00156,4921083,1040411441.0,-2.964977305489845,209.10784
HK.09618,京东集团-SW,2022-09-23 00:00:00,202.90784,195.70784,203.10784,194.90784,0.0,0.00157,4956019,1029236899.0,-3.548408972270361,202.90784
HK.09618,京东集团-SW,2022-09-26 00:00:00,193.50784,200.70784,202.30784,192.90784,0.0,0.00184,5818134,1215642416.0,2.5548286670579983,195.70784
HK.09618,京东集团-SW,2022-09-27 00:00:00,200.30784,203.70784,204.70784,197.50784,0.0,0.00179,5660066,1193803795.0,1.4947099226417861,200.70784
HK.09618,京东集团-SW,2022-09-28 00:00:00,197.50784,191.70784,197.50784,190.70784,0.0,0.00252,7959909,1609738333.0,-5.890789475751154,203.70784
HK.09618,京东集团-SW,2022-09-29 00:00:00,197.90784,192.70784,200.30784,190.60784,0.0,0.00222,7020937,1432579808.0,0.5216270758671111,191.70784
HK.09618,京东集团-SW,2022-09-30 00:00:00,194.70784,189.30784,196.10784,186.50784,0.0,0.00254,8032149,1595429312.0,-1.7643288410061602,192.70784
HK.09618,京东集团-SW,2022-10-03 00:00:00,187.20784,184.10784,188.90784,181.70784,0.0,0.00171,5417556,1047966648.0,-2.746848730617807,189.30784
HK.09618,京东集团-SW,2022-10-05 00:00:00,194.90784,203.70784,206.50784,194.10784,0.0,0.00354,11178543,2366234228.0,10.645934469710792,184.10784
HK.09618,京东集团-SW,2022-10-06 00:00:00,201.70784,197.50784,201.70784,196.30784,0.0,0.00205,6473485,1346431022.0,-3.0435745624714383,203.70784
HK.09618,京东集团-SW,2022-10-07 00:00:00,194.50784,190.10784,195.10784,189.10784,0.0,0.00172,5421783,1085814049.0,-3.7466867138033497,197.50784
HK.09618,京东集团-SW,2022-10-10 00:00:00,184.80784,182.70784,186.10784,180.70784,0.0,0.00195,6155441,1182260438.0,-3.89252752542978,190.10784
HK.09618,京东集团-SW,2022-10-11 00:00:00,178.70784,173.10784,179.80784,171.70784,0.0,0.00245,7741109,1419131466.0,-5.254290127889418,182.70784
HK.09618,京东集团-SW,2022-10-12 00:00:00,173.40784,176.00784,182.40784,169.00784,0.0,0.00266,8402573,1542020023.0,1.6752563026608023,173.10784
HK.09618,京东集团-SW,2022-10-13 00:00:00,175.00784,167.30784,175.50784,167.30784,0.0,0.00185,5833051,1045903293.0,-4.942961631709126,176.00784
HK.09618,京东集团-SW,2022-10-14 00:00:00,169.70784,165.50784,173.20784,164.30784,0.0,0.00253,8004551,1428122600.0,-1.0758611192398464,167.30784
HK.09618,京东集团-SW,2022-10-17 00:00:00,158.90784,162.60784,164.70784,154.80784,0.0,0.00399,12607803,2129428761.0,-1.7521828573196154,165.50784
HK.09618,京东集团-SW,2022-10-18 00:00:00,166.80784,169.00784,169.80784,162.50784,0.0,0.00262,8268857,1459413433.0,3.9358495875721466,162.60784
HK.09618,京东集团-SW,2022-10-19 00:00:00,165.70784,159.10784,167.20784,159.10784,0.0,0.00217,6862764,1175651271.0,-5.8577164230960985,169.00784
HK.09618,京东集团-SW,2022-10-20 00:00:00,151.60784,152.70784,154.80784,148.70784,0.0,0.00417,13038474,2097644851.0,-4.022429064463451,159.10784
HK.09618,京东集团-SW,2022-10-21 00:00:00,158.30784,154.00784,158.30784,153.70784,0.0,0.00307,9589796,1577574527.0,0.8512987938274701,152.70784
HK.09618,京东集团-SW,2022-10-24 00:00:00,146.70784,132.50784,148.20784,129.60784,0.0,0.00834,26061411,3787398559.0,-13.960328253418789,154.00784
HK.09618,京东集团-SW,2022-10-25 00:00:00,134.60784,139.60784,144.40784,129.90784,0.0,0.00703,21972579,3228930310.0,5.358173523921319,132.50784
HK.09618,京东集团-SW,2022-10-26 00:00:00,138.60784,139.10784,144.20784,136.30784,0.0,0.00498,15546158,2324154170.0,-0.3581460754639567,139.60784
HK.09618,京东集团-SW,2022-10-27 00:00:00,152.10784,147.80784,155.10784,146.60784,0.0,0.00501,15636132,2505911790.0,6.254140672445196,139.10784
HK.09618,京东集团-SW,2022-10-28 00:00:00,147.40784,137.30784,147.40784,135.20784,0.0,0.00417,13035586,1935184927.0,-7.103818038339509,147.80784
HK.09618,京东集团-SW,2022-10-31 00:00:00,135.90784,135.80784,141.90784,133.30784,0.0,0.00356,11111441,1633028764.0,-1.0924357997329213,137.30784
HK.09618,京东集团-SW,2022-11-01 00:00:00,140.20784,148.00784,150.70784,137.70784,0.0,0.00464,14488939,2235264099.0,8.98328108303614,135.80784
HK.09618,京东集团-SW,2022-11-02 00:00:00,146.20784,152.30784,153.20784,141.90784,0.0,0.00412,12871001,2034648502.0,2.9052515055959276,148.00784
HK.09618,京东集团-SW,2022-11-03 00:00:00,146.70784,143.20784,150.00784,142.20784,0.0,0.0023,7194784,1111704414.0,-5.974741681058568,152.30784
HK.09618,京东集团-SW,2022-11-04 00:00:00,148.70784,162.30784,168.50784,148.70784,0.0,0.00682,21308781,3627249333.0,13.337258630533071,143.20784
HK.09618,京东集团-SW,2022-11-07 00:00:00,160.70784,167.70784,173.10784,158.50784,0.0,0.00495,15451858,2729681833.0,3.3270111905869775,162.30784
HK.09618,京东集团-SW,2022-11-08 00:00:00,166.60784,168.90784,171.60784,164.40784,0.0,0.00382,11943165,2127787874.0,0.7155300551244286,167.70784
HK.09618,京东集团-SW,2022-11-09 00:00:00,168.90784,162.80784,171.20784,160.90784,0.0,0.00257,8027205,1389924564.0,-3.6114368640318855,168.90784
HK.09618,京东集团-SW,2022-11-10 00:00:00,158.70784,156.50784,158.70784,154.90784,0.0,0.00209,6515680,1079234084.0,-3.8695925208515827,162.80784
HK.09618,京东集团-SW,2022-11-11 00:00:00,173.70784,183.20784,186.70784,170.50784,0.0,0.0051,15928679,2992287268.0,17.059848247857758,156.50784
HK.09618,京东集团-SW,2022-11-14 00:00:00,201.50784,191.50784,201.70784,187.80784,0.0,0.00626,19555404,3955805856.0,4.53037380933042,183.20784
HK.09618,京东集团-SW,2022-11-15 00:00:00,189.40784,208.10784,209.70784,189.00784,0.0,0.00516,16113392,3433695607.0,8.668052441090675,191.50784
HK.09618,京东集团-SW,2022-11-16 00:00:00,200.70784,203.50784,206.50784,197.70784,0.0,0.00334,10439572,2200528768.0,-2.2103924580640606,208.10784
HK.09618,京东集团-SW,2022-11-17 00:00:00,203.30784,201.10784,204.50784,194.10784,0.0,0.00223,6965275,1452827357.0,-1.1793157452803673,203.50784
HK.09618,京东集团-SW,2022-11-18 00:00:00,216.30784,208.70784,219.30784,204.10784,0.0,0.00331,10339323,2281245471.0,3.779066992117261,201.10784
HK.09618,京东集团-SW,2022-11-21 00:00:00,200.70784,197.30784,203.50784,194.30784,0.0,0.00345,10760880,2232107757.0,-5.4621810086290985,208.70784
HK.09618,京东集团-SW,2022-11-22 00:00:00,197.50784,188.30784,197.70784,184.70784,0.0,0.0031,9699390,1935242800.0,-4.561400094390573,197.30784
HK.09618,京东集团-SW,2022-11-23 00:00:00,189.00784,194.90784,197.30784,188.30784,0.0,0.00222,6953490,1408562642.0,3.5048992118437523,188.30784
HK.09618,京东集团-SW,2022-11-24 00:00:00,195.70784,190.70784,197.50784,185.70784,0.0,0.00218,6823250,1367672912.0,-2.154864575996527,194.90784
HK.09618,京东集团-SW,2022-11-25 00:00:00,190.10784,189.40784,190.50784,185.20784,0.0,0.00167,5239631,1033624411.0,-0.6816709790221583,190.70784
HK.09618,京东集团-SW,2022-11-28 00:00:00,175.70784,180.80784,184.10784,173.50784,0.0,0.00294,9196234,1735881071.0,-4.540466751534675,189.40784
HK.09618,京东集团-SW,2022-11-29 00:00:00,188.70784,201.50784,202.50784,186.20784,0.0,0.0043,13452241,2760652988.0,11.44861859972443,180.80784
HK.09618,京东集团-SW,2022-11-30 00:00:00,196.30784,209.50784,210.70784,195.70784,0.0,0.00535,16743352,3577260867.0,3.9700688568742537,201.50784
HK.09618,京东集团-SW,2022-12-01 00:00:00,214.70784,207.70784,219.90784,206.90784,0.0,0.00429,13440020,2977942557.0,-0.8591563924290293,209.50784
HK.09618,京东集团-SW,2022-12-02 00:00:00,209.90784,207.90784,211.90784,203.70784,0.0,0.00273,8552229,1854871527.0,0.0962890952984676,207.70784
HK.09618,京东集团-SW,2022-12-05 00:00:00,222.70784,232.30784,232.70784,217.30784,0.0,0.00475,14883311,3498218681.0,11.735969167877462,207.90784
HK.09618,京东集团-SW,2022-12-06 00:00:00,222.50784,226.50784,230.10784,220.90784,0.0,0.00364,11395629,2676971321.0,-2.4966871544240656,232.30784
HK.09618,京东集团-SW,2022-12-07 00:00:00,226.90784,212.50784,230.90784,212.10784,0.0,0.00333,10434201,2395806605.0,-6.1808015122125575,226.50784
HK.09618,京东集团-SW,2022-12-08 00:00:00,216.30784,224.70784,227.30784,214.90784,0.0,0.00226,7073902,1641730640.0,5.740964662762568,212.50784
HK.09618,京东集团-SW,2022-12-09 00:00:00,226.70784,227.50784,231.70784,224.30784,0.0,0.00301,9416015,2232792038.0,1.24606244268112,224.70784
HK.09618,京东集团-SW,2022-12-12 00:00:00,217.30784,220.70784,223.30784,216.90784,0.0,0.00236,7397832,1702567799.0,-2.988907986643442,227.50784
HK.09618,京东集团-SW,2022-12-13 00:00:00,216.30784,218.70784,223.70784,214.50784,0.0,0.00223,6973102,1591350051.0,-0.906175331152713,220.70784
HK.09618,京东集团-SW,2022-12-14 00:00:00,217.70784,218.70784,222.50784,215.90784,0.0,0.00269,8426204,1921820587.0,0.0,218.70784
HK.09618,京东集团-SW,2022-12-15 00:00:00,217.70784,212.30784,217.70784,211.10784,0.0,0.00213,6679972,1490831790.0,-2.926278271505953,218.70784
HK.09618,京东集团-SW,2022-12-16 00:00:00,212.30784,215.70784,221.30784,209.30784,0.0,0.00215,6740682,1516775178.0,1.6014481613114269,212.30784
HK.09618,京东集团-SW,2022-12-19 00:00:00,217.50784,214.90784,224.90784,213.50784,0.0,0.00163,5116697,1158095789.0,-0.37087200910268786,215.70784
HK.09618,京东集团-SW,2022-12-20 00:00:00,212.10784,211.10784,215.10784,206.90784,0.0,0.0016,5003277,1101186908.0,-1.76819980136601,214.90784
HK.09618,京东集团-SW,2022-12-21 00:00:00,211.30784,209.70784,214.30784,207.30784,0.0,0.00149,4676429,1026954993.0,-0.6631681703531265,211.10784
HK.09618,京东集团-SW,2022-12-22 00:00:00,218.50784,223.30784,225.10784,217.90784,0.0,0.00199,6246154,1446645478.0,6.485212951504337,209.70784
HK.09618,京东集团-SW,2022-12-23 00:00:00,216.30784,218.50784,220.70784,214.70784,0.0,0.00124,3868817,881585294.0,-2.149499095060886,223.30784
HK.09618,京东集团-SW,2022-12-28 00:00:00,219.70784,221.10784,224.30784,219.30784,0.0,0.00204,6402105,1479487229.0,1.1898886557114028,218.50784
HK.09618,京东集团-SW,2022-12-29 00:00:00,209.50784,208.70784,211.10784,205.10784,0.0,0.00294,9216806,2008299174.0,-5.608123167410077,221.10784
HK.09618,京东集团-SW,2022-12-30 00:00:00,214.70784,210.90784,215.90784,209.10784,0.0,0.0013,4082108,903405710.0,1.0541051069284166,208.70784
HK.09618,京东集团-SW,2023-01-03 00:00:00,203.70784,215.50784,216.70784,202.30784,0.0,0.0022,6894915,1518364905.0,2.181047418626066,210.90784
HK.09618,京东集团-SW,2023-01-04 00:00:00,217.90784,231.70784,231.70784,215.50784,0.0,0.00378,11835143,2794571860.0,7.517127915160775,215.50784
HK.09618,京东集团-SW,2023-01-05 00:00:00,248.70784,238.10784,249.30784,235.70784,0.0,0.00417,13064014,3267635445.0,2.7620990295365084,231.70784
HK.09618,京东集团-SW,2023-01-06 00:00:00,241.70784,240.70784,244.90784,236.90784,0.0,0.00356,11143856,2786776158.0,1.091942205682935,238.10784
HK.09618,京东集团-SW,2023-01-09 00:00:00,240.70784,240.70784,243.90784,237.10784,0.0,0.00283,8859205,2214108872.0,0.0,240.70784
HK.09618,京东集团-SW,2023-01-10 00:00:00,238.70784,240.70784,241.70784,235.10784,0.0,0.00187,5864606,1458067532.0,0.0,240.70784
HK.09618,京东集团-SW,2023-01-11 00:00:00,237.30784,237.30784,243.10784,234.90784,0.0,0.00261,8159286,2029629591.0,-1.4125007311768514,240.70784
HK.09618,京东集团-SW,2023-01-12 00:00:00,237.70784,238.10784,240.70784,231.90784,0.0,0.00319,9990408,2455399912.0,0.3371148631246281,237.30784
HK.09618,京东集团-SW,2023-01-13 00:00:00,238.90784,238.90784,239.90784,229.90784,0.0,0.00206,6449487,1580926529.0,0.33598221713320436,238.10784
HK.09618,京东集团-SW,2023-01-16 00:00:00,240.50784,234.50784,240.90784,231.10784,0.0,0.00164,5128571,1252691840.0,-1.841714361487679,238.90784
HK.09618,京东集团-SW,2023-01-17 00:00:00,231.70784,230.30784,234.30784,225.30784,0.0,0.00258,8091792,1925647411.0,-1.7909848984153316,234.50784
HK.09618,京东集团-SW,2023-01-18 00:00:00,222.90784,226.10784,226.10784,216.90784,0.0,0.00339,10610610,2462743772.0,-1.8236461251167082,230.30784
HK.09618,京东集团-SW,2023-01-19 00:00:00,219.10784,222.50784,225.30784,217.90784,0.0,0.00216,6765457,1561936598.0,-1.5921606256554495,226.10784
HK.09618,京东集团-SW,2023-01-20 00:00:00,225.70784,229.50784,231.50784,224.50784,0.0,0.00207,6492161,1542631469.0,3.1459565649462062,222.50784
HK.09618,京东集团-SW,2023-01-26 00:00:00,235.30784,236.10784,236.10784,230.70784,0.0,0.00198,6191386,1507506325.0,2.875718755402876,229.50784
HK.09618,京东集团-SW,2023-01-27 00:00:00,240.90784,242.10784,242.10784,236.90784,0.0,0.00177,5555259,1387769846.0,2.5412116768337722,236.10784
HK.09618,京东集团-SW,2023-01-30 00:00:00,237.10784,228.10784,239.70784,226.90784,0.0,0.00344,10769927,2594223422.0,-5.782547149237298,242.10784
HK.09618,京东集团-SW,2023-01-31 00:00:00,228.70784,222.30784,229.70784,218.90784,0.0,0.00295,9233551,2144013993.0,-2.542657016961807,228.10784
HK.09618,京东集团-SW,2023-02-01 00:00:00,223.10784,228.70784,228.70784,220.70784,0.0,0.00256,8013925,1881585719.0,2.878890820944509,222.30784
HK.09618,京东集团-SW,2023-02-02 00:00:00,231.50784,227.10784,233.30784,226.10784,0.0,0.00185,5792332,1383728898.0,-0.6995824891704605,228.70784
HK.09618,京东集团-SW,2023-02-03 00:00:00,219.30784,221.50784,224.50784,217.70784,0.0,0.00213,6676415,1533842695.0,-2.4657889397389465,227.10784
HK.09618,京东集团-SW,2023-02-06 00:00:00,212.70784,213.30784,214.30784,209.30784,0.0,0.00215,6718137,1485329044.0,-3.701900573812642,221.50784
HK.09618,京东集团-SW,2023-02-07 00:00:00,213.70784,213.30784,216.90784,211.10784,0.0,0.00151,4720757,1053746123.0,0.0,213.30784
HK.09618,京东集团-SW,2023-02-08 00:00:00,214.10784,209.90784,215.70784,208.90784,0.0,0.00183,5734017,1261886389.0,-1.5939404758868712,213.30784
HK.09618,京东集团-SW,2023-02-09 00:00:00,207.70784,215.30784,215.70784,206.70784,0.0,0.00209,6530590,1451405976.0,2.572557556687738,209.90784
HK.09618,京东集团-SW,2023-02-10 00:00:00,207.70784,201.10784,209.70784,199.50784,0.0,0.00397,12439326,2639768014.0,-6.595208051875858,215.30784
HK.09618,京东集团-SW,2023-02-13 00:00:00,191.10784,198.10784,199.30784,190.00784,0.0,0.00523,16376266,3360779785.0,-1.4917369705726042,201.10784
HK.09618,京东集团-SW,2023-02-14 00:00:00,196.30784,194.30784,196.50784,192.30784,0.0,0.00291,9095805,1849409175.0,-1.918147207096908,198.10784
HK.09618,京东集团-SW,2023-02-15 00:00:00,195.70784,192.70784,196.90784,190.50784,0.0,0.00263,8234044,1661689000.0,-0.8234356369768684,194.30784
HK.09618,京东集团-SW,2023-02-16 00:00:00,195.70784,203.30784,208.30784,195.30784,0.0,0.00433,13546520,2883226316.0,5.50055462196037,192.70784
HK.09618,京东集团-SW,2023-02-17 00:00:00,203.70784,201.30784,206.50784,200.10784,0.0,0.00219,6859486,1448480597.0,-0.9837298945284156,203.30784
HK.09618,京东集团-SW,2023-02-20 00:00:00,199.10784,198.10784,201.50784,197.30784,0.0,0.00191,5989310,1250089514.0,-1.5896052533274356,201.30784
HK.09618,京东集团-SW,2023-02-21 00:00:00,196.10784,180.40784,197.30784,179.70784,0.0,0.00722,22613377,4368394781.0,-8.934527780425054,198.10784
HK.09618,京东集团-SW,2023-02-22 00:00:00,174.10784,174.70784,179.60784,172.70784,0.0,0.00631,19767488,3643465188.0,-3.1595079238241466,180.40784
HK.09618,京东集团-SW,2023-02-23 00:00:00,169.50784,178.00784,179.40784,169.50784,0.0,0.00484,15161702,2819165641.0,1.8888677233946587,174.70784
HK.09618,京东集团-SW,2023-02-24 00:00:00,174.50784,169.10784,176.10784,168.10784,0.0,0.00392,12274957,2215623655.0,-4.999779784980245,178.00784
HK.09618,京东集团-SW,2023-02-27 00:00:00,166.70784,168.70784,172.60784,166.50784,0.0,0.00326,10191538,1817297317.0,-0.23653545571867374,169.10784
HK.09618,京东集团-SW,2023-02-28 00:00:00,168.20784,164.40784,168.70784,162.00784,0.0,0.00498,15577215,2717958479.0,-2.5487849290228666,168.70784
HK.09618,京东集团-SW,2023-03-01 00:00:00,164.80784,174.00784,175.30784,164.20784,0.0,0.00327,10224998,1850415737.0,5.839137598304312,164.40784
HK.09618,京东集团-SW,2023-03-02 00:00:00,169.50784,169.80784,171.30784,167.50784,0.0,0.00313,9798016,1754062545.0,-2.413684348935076,174.00784
HK.09618,京东集团-SW,2023-03-03 00:00:00,176.30784,175.40784,178.40784,173.90784,0.0,0.00291,9105981,1686629038.0,3.297845376279443,169.80784
HK.09618,京东集团-SW,2023-03-06 00:00:00,178.70784,178.00784,181.40784,175.90784,0.0,0.00318,9953007,1872138307.0,1.4822598579402122,175.40784
HK.09618,京东集团-SW,2023-03-07 00:00:00,179.10784,177.10784,182.90784,173.30784,0.0,0.0025,7839049,1467587527.0,-0.5055957085934963,178.00784
HK.09618,京东集团-SW,2023-03-08 00:00:00,172.70784,169.00784,173.20784,167.40784,0.0,0.00322,10066987,1796108840.0,-4.573484719818175,177.10784
HK.09618,京东集团-SW,2023-03-09 00:00:00,173.60784,170.00784,174.10784,169.20784,0.0,0.00264,8259285,1493888880.0,0.5916885275854659,169.00784
HK.09618,京东集团-SW,2023-03-10 00:00:00,152.20784,149.40784,153.80784,148.70784,42.834,0.01392,43661369,6968793871.0,-12.11708824722436,170.00784
HK.09618,京东集团-SW,2023-03-13 00:00:00,149.70784,149.70784,155.20784,148.30784,42.914,0.00653,20493003,3287868114.0,0.20079267593990474,149.40784
HK.09618,京东集团-SW,2023-03-14 00:00:00,148.30784,146.20784,150.90784,144.40784,41.97,0.00473,14841727,2317086580.0,-2.3378869136045246,149.70784
HK.09618,京东集团-SW,2023-03-15 00:00:00,149.60784,149.90784,151.60784,148.10784,42.968,0.00294,9224652,1468133201.0,2.530644047542176,146.20784
HK.09618,京东集团-SW,2023-03-16 00:00:00,145.40784,145.70784,149.20784,144.30784,41.835,0.00286,8984223,1399778994.0,-2.801721377614399,149.90784
HK.09618,京东集团-SW,2023-03-17 00:00:00,148.50784,145.30784,148.70784,143.50784,41.727,0.006,18824803,2915713071.0,-0.27452194748066105,145.70784
HK.09618,京东集团-SW,2023-03-20 00:00:00,143.10784,141.10784,144.20784,137.80784,40.593,0.00371,11644403,1741142251.0,-2.890415272844183,145.30784
HK.09618,京东集团-SW,2023-03-21 00:00:00,140.10784,140.80784,141.40784,136.40784,40.512,0.00353,11079465,1643467751.0,-0.21260335357696025,141.10784
HK.09618,京东集团-SW,2023-03-22 00:00:00,145.70784,143.60784,148.40784,142.50784,41.268,0.00341,10701327,1648702085.0,1.988525638913296,140.80784
HK.09618,京东集团-SW,2023-03-23 00:00:00,142.30784,149.50784,149.90784,141.20784,42.86,0.00401,12582745,1958137948.0,4.10841079428531,143.60784
HK.09618,京东集团-SW,2023-03-24 00:00:00,146.50784,149.50784,153.00784,146.00784,42.86,0.00393,12333500,1960472741.0,0.0,149.50784
HK.09618,京东集团-SW,2023-03-27 00:00:00,148.30784,143.90784,149.20784,142.50784,41.349,0.00343,10765673,1664035757.0,-3.7456229720127014,149.50784
HK.09618,京东集团-SW,2023-03-28 00:00:00,147.70784,146.80784,147.90784,144.80784,42.132,0.00234,7329905,1140510772.0,2.0151786031949377,143.90784
HK.09618,京东集团-SW,2023-03-29 00:00:00,156.90784,149.80784,158.70784,148.90784,42.941,0.00546,17110423,2763150156.0,2.043487595757829,146.80784
HK.09618,京东集团-SW,2023-03-30 00:00:00,151.20784,153.90784,155.00784,150.20784,44.048,0.00466,14622088,2362089108.0,2.736839407069746,149.80784
HK.09618,京东集团-SW,2023-03-31 00:00:00,165.50784,162.70784,167.20784,162.10784,46.423,0.00767,24058257,4181355284.0,5.717707428029665,153.90784
HK.09618,京东集团-SW,2023-04-03 00:00:00,162.30784,160.40784,162.90784,158.00784,45.802,0.00298,9360923,1588848194.0,-1.413576629128634,162.70784
HK.09618,京东集团-SW,2023-04-04 00:00:00,158.14122,157.14122,158.64122,154.14122,44.264,0.00256,8033703,1311534906.0,-2.0364465976226533,160.40784
HK.09618,京东集团-SW,2023-04-06 00:00:00,151.14122,152.14122,152.54122,149.04122,42.914,0.00414,12979395,2045792489.0,-3.1818513309238656,157.14122
HK.09618,京东集团-SW,2023-04-11 00:00:00,152.14122,151.74122,154.84122,149.34122,42.807,0.00288,9024853,1430535654.0,-0.26291362722081874,152.14122
HK.09618,京东集团-SW,2023-04-12 00:00:00,150.84122,146.14122,150.94122,144.44122,41.295,0.00343,10761564,1646362902.0,-3.6904935916555797,151.74122
HK.09618,京东集团-SW,2023-04-13 00:00:00,137.54122,143.04122,143.04122,136.64122,40.458,0.00441,13821516,2038945611.0,-2.1212358840305248,146.14122
HK.09618,京东集团-SW,2023-04-14 00:00:00,142.54122,140.84122,142.64122,139.54122,39.865,0.00374,11727208,1732304598.0,-1.5380182020259732,143.04122
HK.09618,京东集团-SW,2023-04-17 00:00:00,138.14122,142.54122,144.34122,136.84122,40.323,0.00359,11257419,1665088547.0,1.2070329978681078,140.84122
HK.09618,京东集团-SW,2023-04-18 00:00:00,141.74122,141.64122,142.64122,139.64122,40.08,0.00258,8085116,1194347804.0,-0.6313963076785828,142.54122
HK.09618,京东集团-SW,2023-04-19 00:00:00,141.64122,137.34122,141.64122,136.74122,38.92,0.00325,10183194,1476523108.0,-3.0358394258394634,141.64122
HK.09618,京东集团-SW,2023-04-20 00:00:00,137.24122,136.04122,138.54122,135.14122,38.569,0.00401,12571216,1802054290.0,-0.9465475841848376,137.34122
HK.09618,京东集团-SW,2023-04-21 00:00:00,134.64122,132.84122,135.14122,131.54122,37.705,0.00363,11385223,1595830227.0,-2.3522282437631894,136.04122
HK.09618,京东集团-SW,2023-04-24 00:00:00,131.84122,131.54122,133.74122,129.94122,37.344,0.00288,9038647,1249765707.0,-0.9786119097671514,132.84122
HK.09618,京东集团-SW,2023-04-25 00:00:00,129.841219999,125.841219999,130.04122,124.74122,35.806,0.00352,11030238,1467899236.0,-4.333242462704852,131.54122
HK.09618,京东集团-SW,2023-04-26 00:00:00,125.841219999,129.24122,131.84122,125.841219999,36.724,0.0036,11282847,1538263182.0,2.701817418034419,125.841219999
HK.09618,京东集团-SW,2023-04-27 00:00:00,129.24122,129.04122,129.24122,126.64122,36.67,0.00254,7979961,1077463401.0,-0.15474939032608068,129.24122
HK.09618,京东集团-SW,2023-04-28 00:00:00,129.44122,129.04122,131.74122,128.44122,36.67,0.00259,8128265,1109804573.0,0.0,129.04122
HK.09618,京东集团-SW,2023-05-02 00:00:00,132.24122,131.34122,135.94122,129.44122,37.29,0.00298,9336864,1297569296.0,1.782376205060664,129.04122
HK.09618,京东集团-SW,2023-05-03 00:00:00,127.94122,127.44122,128.54122,125.54122,36.238,0.00274,8607140,1155600902.0,-2.969364834588861,131.34122
HK.09618,京东集团-SW,2023-05-04 00:00:00,128.64122,130.64122,130.94122,128.24122,37.101,0.0024,7529847,1030303485.0,2.5109615240657637,127.44122
HK.09618,京东集团-SW,2023-05-05 00:00:00,133.84122,133.94122,136.14122,132.84122,37.992,0.0026,8147678,1148471742.0,2.5260021301086923,130.64122
HK.09618,京东集团-SW,2023-05-08 00:00:00,133.94122,132.64122,134.84122,131.34122,37.641,0.00212,6663123,929946977.0,-0.970575002975173,133.94122
HK.09618,京东集团-SW,2023-05-09 00:00:00,133.34122,129.64122,133.74122,129.04122,36.832,0.00237,7426665,1027641854.0,-2.2617403549213435,132.64122
HK.09618,京东集团-SW,2023-05-10 00:00:00,129.64122,128.74122,130.64122,126.74122,36.589,0.00433,13575422,1836777964.0,-0.6942236427580716,129.64122
HK.09618,京东集团-SW,2023-05-11 00:00:00,131.24122,128.14122,132.64122,125.341219999,36.427,0.00396,12467373,1680069945.0,-0.46605119945266504,128.74122
HK.09618,京东集团-SW,2023-05-12 00:00:00,139.14122,137.94122,139.14122,135.44122,39.071,0.00693,21710205,3135991846.0,7.647812312072558,128.14122
HK.09618,京东集团-SW,2023-05-15 00:00:00,132.94122,134.24122,136.44122,130.74122,38.073,0.00427,13391094,1877825084.0,-2.68230192541431,137.94122
HK.09618,京东集团-SW,2023-05-16 00:00:00,140.14122,139.94122,140.84122,139.14122,39.611,0.00382,11971065,1756719274.0,4.246087751586278,134.24122
HK.09618,京东集团-SW,2023-05-17 00:00:00,142.34122,136.74122,142.34122,135.24122,38.747,0.00355,11128795,1617358858.0,-2.286674362278669,139.94122
HK.09618,京东集团-SW,2023-05-18 00:00:00,139.04122,137.14122,139.84122,136.34122,38.855,0.00317,9925411,1432207210.0,0.292523351773522,136.74122
HK.09618,京东集团-SW,2023-05-19 00:00:00,134.94122,130.341219999,134.94122,129.841219999,37.021,0.00348,10896133,1509033051.0,-4.958392524873266,137.14122
HK.09618,京东集团-SW,2023-05-22 00:00:00,131.64122,133.24122,135.84122,129.94122,37.803,0.002,6265046,879624017.0,2.2249293055736663,130.341219999
HK.09618,京东集团-SW,2023-05-23 00:00:00,134.44122,131.54122,134.74122,130.54122,37.344,0.00164,5136527,714322660.0,-1.2758814426946772,133.24122
HK.09618,京东集团-SW,2023-05-24 00:00:00,130.14122,128.44122,130.44122,127.74122,36.508,0.00178,5589836,759391014.0,-2.356675724917271,131.54122
HK.09618,京东集团-SW,2023-05-25 00:00:00,125.841219999,123.24122,126.04122,121.54122,35.105,0.00391,12264676,1597292995.0,-4.048544540452037,128.44122
HK.09618,京东集团-SW,2023-05-29 00:00:00,123.24122,121.04122,123.841219999,120.64122,34.511,0.00306,9573227,1233678530.0,-1.7851170249694077,123.24122
HK.09618,京东集团-SW,2023-05-30 00:00:00,122.24122,123.14122,124.14122,119.24122,35.078,0.00312,9767010,1258304019.0,1.734946161315962,121.04122
HK.09618,京东集团-SW,2023-05-31 00:00:00,119.24122,119.04122,119.44122,115.84122,33.971,0.01012,31696443,3973681648.0,-3.3295106220321746,123.14122
HK.09618,京东集团-SW,2023-06-01 00:00:00,121.44122,123.14122,126.04122,120.74122,35.078,0.00696,21801803,2814660612.0,3.4441851318392143,119.04122
HK.09618,京东集团-SW,2023-06-02 00:00:00,129.24122,131.64122,132.44122,127.44122,37.371,0.00626,19619054,2704739445.0,6.902643972505714,123.14122
HK.09618,京东集团-SW,2023-06-05 00:00:00,128.14122,131.54122,131.74122,128.14122,37.344,0.00276,8637266,1187489116.0,-0.07596404834290833,131.64122
HK.09618,京东集团-SW,2023-06-06 00:00:00,134.94122,134.54122,137.74122,133.44122,38.154,0.00281,8797161,1249459020.0,2.2806539273392783,131.54122
HK.09618,京东集团-SW,2023-06-07 00:00:00,140.14122,137.34122,140.14122,135.44122,38.909,0.00289,9050028,1303729830.0,2.081146580951163,134.54122
HK.09618,京东集团-SW,2023-06-08 00:00:00,136.94122,137.84122,138.54122,136.04122,39.044,0.00217,6799043,980852985.0,0.3640567631480192,137.34122
HK.09618,京东集团-SW,2023-06-09 00:00:00,137.94122,138.14122,139.04122,136.34122,39.125,0.00213,6664745,964365602.0,0.21764171849321368,137.84122
HK.09618,京东集团-SW,2023-06-12 00:00:00,138.14122,136.94122,138.14122,134.64122,38.801,0.00172,5380386,770618488.0,-0.8686762720062968,138.14122
HK.09618,京东集团-SW,2023-06-13 00:00:00,136.84122,140.54122,141.14122,136.34122,39.773,0.00209,6543742,957481233.0,2.628865143745633,136.94122
HK.09618,京东集团-SW,2023-06-14 00:00:00,142.24122,140.64122,143.34122,139.04122,39.8,0.00155,4856129,718268406.0,0.07115350215402591,140.54122
HK.09618,京东集团-SW,2023-06-15 00:00:00,143.14122,148.34122,148.64122,141.94122,41.878,0.00421,13180426,2017245928.0,5.4749240656473175,140.64122
HK.09618,京东集团-SW,2023-06-16 00:00:00,149.14122,150.54122,152.54122,146.74122,42.471,0.00408,12783130,2006902487.0,1.4830672148982036,148.34122
HK.09618,京东集团-SW,2023-06-19 00:00:00,149.34122,147.54122,150.14122,144.14122,41.662,0.0022,6885818,1057531008.0,-1.9928096769775079,150.54122
HK.09618,京东集团-SW,2023-06-20 00:00:00,146.94122,142.84122,146.94122,141.64122,40.393,0.00254,7948980,1191752948.0,-3.1855504515958435,147.54122
HK.09618,京东集团-SW,2023-06-21 00:00:00,137.84122,135.74122,139.34122,135.44122,38.478,0.00264,8278540,1188536442.0,-4.970554017950837,142.84122
HK.09618,京东集团-SW,2023-06-23 00:00:00,135.34122,133.24122,135.74122,131.94122,37.803,0.00277,8687735,1217774322.0,-1.8417397456719484,135.74122
HK.09618,京东集团-SW,2023-06-26 00:00:00,129.24122,129.24122,131.24122,128.74122,36.724,0.00281,8800583,1201690407.0,-3.002073982811025,133.24122
HK.09618,京东集团-SW,2023-06-27 00:00:00,129.94122,132.84122,133.94122,129.74122,37.695,0.00253,7918347,1104454318.0,2.785489025869606,129.24122
HK.09618,京东集团-SW,2023-06-28 00:00:00,131.84122,131.14122,132.54122,129.74122,37.236,0.00308,9659309,1332838126.0,-1.2797232666185907,132.84122
HK.09618,京东集团-SW,2023-06-29 00:00:00,130.44122,126.04122,130.44122,125.14122,35.86,0.00365,11448891,1526325121.0,-3.8889374370621295,131.14122
HK.09618,京东集团-SW,2023-06-30 00:00:00,126.14122,125.54122,127.341219999,124.341219999,35.725,0.00258,8073936,1071554316.0,-0.3966956206866294,126.04122
HK.09618,京东集团-SW,2023-07-03 00:00:00,127.64122,131.44122,132.04122,127.14122,37.317,0.00321,10049005,1382092709.0,4.6996516363310725,125.54122
HK.09618,京东集团-SW,2023-07-04 00:00:00,131.44122,135.34122,135.44122,130.64122,38.37,0.00215,6734973,950873154.0,2.9671057526702858,131.44122
HK.09618,京东集团-SW,2023-07-05 00:00:00,134.44122,131.84122,135.74122,131.34122,37.425,0.00111,3465074,482324882.0,-2.5860561918977827,135.34122
HK.09618,京东集团-SW,2023-07-06 00:00:00,130.04122,128.64122,131.94122,126.54122,36.562,0.00246,7700580,1041707987.0,-2.427162005934099,131.84122
HK.09618,京东集团-SW,2023-07-07 00:00:00,127.04122,127.841219999,129.841219999,124.64122,36.346,0.00282,8837699,1184345517.0,-0.6218846501922174,128.64122
HK.09618,京东集团-SW,2023-07-10 00:00:00,132.44122,130.14122,132.94122,129.04122,36.967,0.00188,5877453,808284150.0,1.7991067364798239,127.841219999
HK.09618,京东集团-SW,2023-07-11 00:00:00,132.74122,132.64122,134.44122,131.84122,37.641,0.00215,6739947,940938153.0,1.9209901367145628,130.14122
HK.09618,京东集团-SW,2023-07-12 00:00:00,134.74122,134.74122,136.94122,133.34122,38.208,0.00167,5219331,742000697.0,1.583218248444936,132.64122
HK.09618,京东集团-SW,2023-07-13 00:00:00,140.04122,143.84122,143.84122,138.94122,40.663,0.00452,14165794,2109980369.0,6.753686807941916,134.74122
HK.09618,京东集团-SW,2023-07-14 00:00:00,148.34122,143.64122,148.44122,142.24122,40.609,0.00326,10220309,1545434921.0,-0.13904220222825464,143.84122
HK.09618,京东集团-SW,2023-07-18 00:00:00,140.64122,136.64122,140.94122,135.44122,38.72,0.00386,12104169,1746927933.0,-4.8732529562196705,143.64122
HK.09618,京东集团-SW,2023-07-19 00:00:00,133.54122,135.94122,136.84122,130.94122,38.532,0.00305,9558761,1348047864.0,-0.5122905079448332,136.64122
HK.09618,京东集团-SW,2023-07-20 00:00:00,136.44122,136.04122,139.14122,135.14122,38.559,0.00156,4882915,699889006.0,0.07356120535038801,135.94122
HK.09618,京东集团-SW,2023-07-21 00:00:00,135.84122,138.34122,140.84122,135.54122,39.179,0.00123,3848023,558005855.0,1.690664050204771,136.04122
HK.09618,京东集团-SW,2023-07-24 00:00:00,135.04122,134.54122,137.24122,132.94122,38.154,0.00207,6472926,915769522.0,-2.7468313493259515,138.34122
HK.09618,京东集团-SW,2023-07-25 00:00:00,141.64122,145.44122,146.44122,141.34122,41.095,0.00443,13870351,2095385968.0,8.10160633298849,134.54122
HK.09618,京东集团-SW,2023-07-26 00:00:00,143.64122,142.64122,143.64122,141.74122,40.339,0.00161,5044730,754008180.0,-1.9251763702202052,145.44122
HK.09618,京东集团-SW,2023-07-27 00:00:00,145.14122,144.44122,146.34122,142.74122,40.825,0.00231,7226209,1093838086.0,1.2619073224415656,142.64122
HK.09618,京东集团-SW,2023-07-28 00:00:00,141.44122,146.54122,147.64122,140.84122,41.392,0.00264,8283419,1263055148.0,1.4538786088901927,144.44122
HK.09618,京东集团-SW,2023-07-31 00:00:00,155.84122,152.94122,157.64122,151.84122,43.119,0.00588,18408224,2974648370.0,4.36737185619171,146.54122
HK.09618,京东集团-SW,2023-08-01 00:00:00,153.14122,151.34122,156.64122,149.54122,42.687,0.00285,8944417,1427198788.0,-1.046153548402448,152.94122
HK.09618,京东集团-SW,2023-08-02 00:00:00,151.14122,145.84122,151.84122,145.34122,41.203,0.00326,10221363,1581720783.0,-3.634171840295724,151.34122
HK.09618,京东集团-SW,2023-08-03 00:00:00,142.94122,143.44122,146.24122,142.34122,40.555,0.00201,6298502,951489572.0,-1.6456252902985902,145.84122
HK.09618,京东集团-SW,2023-08-04 00:00:00,148.24122,148.14122,150.34122,146.04122,41.824,0.00222,6944259,1076354211.0,3.276603475625777,143.44122
HK.09618,京东集团-SW,2023-08-07 00:00:00,147.54122,148.34122,150.34122,145.44122,41.878,0.0017,5325575,826028574.0,0.13500631357024642,148.14122
HK.09618,京东集团-SW,2023-08-08 00:00:00,144.64122,141.54122,144.64122,141.04122,40.043,0.00284,8909879,1328717725.0,-4.584025936958038,148.34122
HK.09618,京东集团-SW,2023-08-09 00:00:00,141.14122,142.24122,143.74122,140.44122,40.232,0.00158,4939474,733299536.0,0.4945555789331112,141.54122
HK.09618,京东集团-SW,2023-08-10 00:00:00,140.54122,142.24122,142.84122,138.54122,40.232,0.00173,5429141,801342998.0,0.0,142.24122
HK.09618,京东集团-SW,2023-08-11 00:00:00,143.14122,139.24122,143.64122,138.64122,39.422,0.00192,6007880,883166306.0,-2.109093271275373,142.24122
HK.09618,京东集团-SW,2023-08-14 00:00:00,134.54122,137.34122,137.54122,133.64122,38.909,0.00248,7781906,1110221569.0,-1.364538460665603,139.24122
HK.09618,京东集团-SW,2023-08-15 00:00:00,136.04122,135.34122,138.74122,134.54122,38.37,0.00224,7033239,1005408984.0,-1.4562270525920769,137.34122
HK.09618,京东集团-SW,2023-08-16 00:00:00,132.94122,133.74122,136.44122,132.74122,37.938,0.00235,7357815,1036894644.0,-1.1821971162961251,135.34122
HK.09618,京东集团-SW,2023-08-17 00:00:00,128.54122,131.74122,132.64122,127.24122,37.398,0.00485,15189227,2084504895.0,-1.4954252697859345,133.74122
HK.09618,京东集团-SW,2023-08-18 00:00:00,127.74122,124.341219999,129.54122,124.341219999,35.402,0.00548,17175129,2289034353.0,-5.6170726223728575,131.74122
HK.09618,京东集团-SW,2023-08-21 00:00:00,120.94122,122.14122,125.841219999,120.94122,34.808,0.00371,11659908,1515740654.0,-1.7693247653655744,124.341219999
HK.09618,京东集团-SW,2023-08-22 00:00:00,122.341219999,124.44122,126.74122,121.74122,35.429,0.00263,8280596,1082810818.0,1.8830661753665119,122.14122
HK.09618,京东集团-SW,2023-08-23 00:00:00,124.44122,124.14122,125.841219999,123.14122,35.348,0.0021,6598692,865556154.0,-0.2410776750661856,124.44122
HK.09618,京东集团-SW,2023-08-24 00:00:00,124.94122,126.341219999,127.44122,123.94122,35.941,0.00284,8943038,1188252607.0,1.7721752686174659,124.14122
HK.09618,京东集团-SW,2023-08-25 00:00:00,123.341219999,123.14122,124.24122,122.54122,35.078,0.00212,6677775,870410795.0,-2.532823411888319,126.341219999
HK.09618,京东集团-SW,2023-08-28 00:00:00,129.54122,124.24122,129.74122,123.94122,35.375,0.00191,6023360,800794942.0,0.8932833376183817,123.14122
HK.09618,京东集团-SW,2023-08-29 00:00:00,125.14122,126.94122,127.64122,124.841219999,36.103,0.00188,5915101,789021781.0,2.1731917957663347,124.24122
HK.09618,京东集团-SW,2023-08-30 00:00:00,127.74122,124.94122,128.54122,123.94122,35.563,0.00248,7796486,1032419875.0,-1.5755323605681433,126.94122
HK.09618,京东集团-SW,2023-08-31 00:00:00,125.14122,121.94122,126.341219999,121.24122,34.754,0.00544,17121776,2215613059.0,-2.401129106951253,124.94122
HK.09618,京东集团-SW,2023-09-04 00:00:00,125.94122,128.341219999,129.341219999,123.841219999,36.481,0.00649,20415714,2748338501.0,5.248430349474937,121.94122
HK.09618,京东集团-SW,2023-09-05 00:00:00,126.94122,125.341219999,127.94122,125.04122,35.671,0.00276,8667579,1157268395.0,-2.3375186865321798,128.341219999
HK.09618,京东集团-SW,2023-09-06 00:00:00,126.14122,125.74122,127.341219999,124.54122,35.779,0.00261,8197063,1086483357.0,0.3191288556176383,125.341219999
HK.09618,京东集团-SW,2023-09-07 00:00:00,124.24122,121.64122,125.24122,121.341219999,34.673,0.00286,8990170,1161936138.0,-3.2606650388790523,125.74122
HK.09618,京东集团-SW,2023-09-11 00:00:00,117.34122,118.74122,119.84122,115.94122,33.89,0.00607,19094054,2378984617.0,-2.3840602716743597,121.64122
HK.09618,京东集团-SW,2023-09-12 00:00:00,116.64122,117.84122,119.14122,116.14122,33.648,0.00216,6790145,846114423.0,-0.757950777329045,118.74122
HK.09618,京东集团-SW,2023-09-13 00:00:00,117.84122,116.84122,118.94122,115.94122,33.378,0.00204,6427598,796778017.0,-0.8485994968483863,117.84122
HK.09618,京东集团-SW,2023-09-14 00:00:00,117.44122,117.14122,118.04122,115.94122,33.459,0.00239,7515238,931845251.0,0.25675870210872254,116.84122
HK.09618,京东集团-SW,2023-09-15 00:00:00,117.94122,117.74122,119.54122,116.24122,33.621,0.00364,11461269,1432092153.0,0.5122022802904002,117.14122
HK.09618,京东集团-SW,2023-09-18 00:00:00,116.54122,114.14122,117.04122,114.14122,32.649,0.00315,9895275,1210418271.0,-3.057552826444294,117.74122
HK.09618,京东集团-SW,2023-09-19 00:00:00,114.24122,112.74122,114.94122,110.54122,32.271,0.00369,11605963,1380811151.0,-1.2265507587881097,114.14122
HK.09618,京东集团-SW,2023-09-20 00:00:00,112.84122,111.14122,113.24122,111.14122,31.84,0.00249,7836229,930277264.0,-1.4191792496125146,112.74122
HK.09618,京东集团-SW,2023-09-21 00:00:00,111.14122,109.84122,111.64122,109.14122,31.489,0.00243,7654302,894990125.0,-1.1696830392900106,111.14122
HK.09618,京东集团-SW,2023-09-22 00:00:00,109.44122,113.44122,113.64122,109.04122,32.46,0.0035,11004795,1303760216.0,3.277458134569148,109.84122
HK.09618,京东集团-SW,2023-09-25 00:00:00,112.14122,108.54122,112.54122,108.34122,31.138,0.00288,9053631,1050965243.0,-4.319417580311642,113.44122
HK.09618,京东集团-SW,2023-09-26 00:00:00,108.14122,105.44122,109.34122,105.14122,30.302,0.00541,17008879,1922322681.0,-2.8560578184029946,108.54122
HK.09618,京东集团-SW,2023-09-27 00:00:00,106.54122,106.54122,108.54122,105.84122,30.599,0.00439,13797259,1570951400.0,1.043235273643452,105.44122
HK.09618,京东集团-SW,2023-09-28 00:00:00,106.24122,104.24122,107.04122,103.84122,29.978,0.00289,9100120,1015551892.0,-2.15878887063617,106.54122
HK.09618,京东集团-SW,2023-09-29 00:00:00,105.04122,108.24122,109.44122,104.24122,31.057,0.00236,7425918,852277609.0,3.837253631528871,104.24122
HK.09618,京东集团-SW,2023-10-03 00:00:00,105.44122,104.54122,105.54122,103.34122,30.059,0.00291,9165391,1019782500.0,-3.418291109431326,108.24122
HK.09618,京东集团-SW,2023-10-04 00:00:00,103.84122,103.44122,104.14122,102.34122,29.762,0.00218,6847283,754344253.0,-1.0522165323878891,104.54122
HK.09618,京东集团-SW,2023-10-05 00:00:00,104.14122,104.64122,105.94122,103.64122,30.086,0.00212,6681323,747572777.0,1.1600791251301974,103.44122
HK.09618,京东集团-SW,2023-10-06 00:00:00,106.74122,106.34122,107.44122,105.34122,30.545,0.00236,7431822,840747644.0,1.6245987957709236,104.64122
HK.09618,京东集团-SW,2023-10-09 00:00:00,104.64122,106.94122,108.04122,103.84122,30.706,0.00228,7159342,813140086.0,0.5642214749840131,106.34122
HK.09618,京东集团-SW,2023-10-10 00:00:00,109.24122,108.54122,112.34122,108.04122,31.138,0.00315,9907644,1154529950.0,1.496149005967946,106.94122
HK.09618,京东集团-SW,2023-10-11 00:00:00,111.84122,110.24122,112.04122,109.74122,31.597,0.00221,6948831,816315870.0,1.5662252552532605,108.54122
HK.09618,京东集团-SW,2023-10-12 00:00:00,112.74122,110.84122,113.14122,110.04122,31.759,0.00278,8739630,1031159548.0,0.5442610304929577,110.24122
HK.09618,京东集团-SW,2023-10-13 00:00:00,102.14122,97.34122,103.34122,95.64122,28.116,0.01297,40812885,4296098930.0,-12.179584454231016,110.84122
HK.09618,京东集团-SW,2023-10-16 00:00:00,98.04122,96.84122,100.74122,95.24122,27.981,0.00517,16265661,1689056062.0,-0.513657009846394,97.34122
HK.09618,京东集团-SW,2023-10-17 00:00:00,100.64122,99.14122,100.64122,98.24122,28.602,0.00318,10018401,1062799943.0,2.375021710796288,96.84122
HK.09618,京东集团-SW,2023-10-18 00:00:00,96.84122,95.94122,97.94122,95.34122,27.738,0.00496,15618440,1607527717.0,-3.2277190052734905,99.14122
HK.09618,京东集团-SW,2023-10-19 00:00:00,92.14122,90.34122,93.14122,90.09122,26.227,0.00825,25950460,2539678482.0,-5.836907222985068,95.94122
HK.09618,京东集团-SW,2023-10-20 00:00:00,89.19122,89.79122,90.79122,88.24122,26.079,0.00413,12990207,1253303862.0,-0.6088029362455049,90.34122
HK.09618,京东集团-SW,2023-10-24 00:00:00,88.64122,87.04122,89.89122,86.49122,25.337,0.0058,18259565,1722444785.0,-3.062660246736819,89.79122
HK.09618,京东集团-SW,2023-10-25 00:00:00,91.34122,89.79122,92.24122,89.09122,26.079,0.00484,15220177,1482201132.0,3.1594226275780604,87.04122
HK.09618,京东集团-SW,2023-10-26 00:00:00,90.94122,91.24122,92.64122,90.44122,26.47,0.00363,11405751,1121284901.0,1.6148572210066898,89.79122
HK.09618,京东集团-SW,2023-10-27 00:00:00,94.14122,94.54122,95.74122,93.54122,27.361,0.00488,15340532,1554940637.0,3.6167863603752743,91.24122
HK.09618,京东集团-SW,2023-10-30 00:00:00,93.14122,94.44122,95.74122,93.14122,27.334,0.00313,9831290,994659013.0,-0.10577396822253227,94.54122
HK.09618,京东集团-SW,2023-10-31 00:00:00,94.44122,92.94122,95.04122,92.54122,26.929,0.00171,5371974,536910913.0,-1.5882895201904421,94.44122
HK.09618,京东集团-SW,2023-11-01 00:00:00,92.34122,91.89122,93.14122,90.34122,26.645,0.00241,7568142,744170233.0,-1.129746306321347,92.94122
HK.09618,京东集团-SW,2023-11-02 00:00:00,93.64122,92.54122,95.04122,92.19122,26.821,0.00145,4548782,455045105.0,0.7073581132125478,91.89122
HK.09618,京东集团-SW,2023-11-03 00:00:00,94.34122,96.24122,97.14122,93.34122,27.819,0.00308,9700407,994434802.0,3.9982183074742292,92.54122
HK.09618,京东集团-SW,2023-11-06 00:00:00,99.94122,100.14122,100.84122,99.24122,28.872,0.00286,9012380,963431475.0,4.0523177075269885,96.24122
HK.09618,京东集团-SW,2023-11-07 00:00:00,99.34122,97.74122,99.54122,97.14122,28.224,0.00214,6720551,704925571.0,-2.3966154995914826,100.14122
HK.09618,京东集团-SW,2023-11-08 00:00:00,96.74122,96.84122,98.84122,96.44122,27.981,0.00234,7371413,767231617.0,-0.9207988195768289,97.74122
HK.09618,京东集团-SW,2023-11-09 00:00:00,96.34122,95.24122,96.74122,94.64122,27.549,0.00267,8392126,858797721.0,-1.6521890162061244,96.84122
HK.09618,京东集团-SW,2023-11-10 00:00:00,92.94122,92.14122,93.04122,91.54122,26.713,0.00237,7459545,739288387.0,-3.2548932069538736,95.24122
HK.09618,京东集团-SW,2023-11-13 00:00:00,92.94122,93.94122,94.34122,91.84122,27.199,0.00221,6955880,694386312.0,1.9535230812007884,92.14122
HK.09618,京东集团-SW,2023-11-14 00:00:00,93.54122,92.69122,94.34122,91.99122,26.861,0.0016,5044540,502610798.0,-1.3306192957681409,93.94122
HK.09618,京东集团-SW,2023-11-15 00:00:00,97.54122,99.04122,99.04122,96.54122,28.575,0.00421,13253618,1388354467.0,6.850702795798775,92.69122
HK.09618,京东集团-SW,2023-11-16 00:00:00,104.54122,101.14122,104.54122,100.04122,29.141,0.00634,19953606,2171130298.0,2.120329293197326,99.04122
HK.09618,京东集团-SW,2023-11-17 00:00:00,100.54122,98.54122,101.64122,97.54122,28.44,0.00445,13989742,1480293655.0,-2.5706630788119904,101.14122
HK.09618,京东集团-SW,2023-11-20 00:00:00,100.94122,101.74122,102.84122,100.34122,29.303,0.00424,13348160,1449985531.0,3.247372013457925,98.54122
HK.09618,京东集团-SW,2023-11-21 00:00:00,103.74122,103.94122,106.14122,103.24122,29.897,0.00503,15826463,1764215968.0,2.1623487510765083,101.74122
HK.09618,京东集团-SW,2023-11-22 00:00:00,103.74122,103.34122,104.24122,102.44122,29.735,0.00217,6837913,754366739.0,-0.5772493338061592,103.94122
HK.09618,京东集团-SW,2023-11-23 00:00:00,102.74122,105.74122,106.14122,102.34122,30.383,0.00203,6392557,713863633.0,2.3224033933410033,103.34122
HK.09618,京东集团-SW,2023-11-24 00:00:00,104.54122,103.64122,105.24122,103.34122,29.816,0.00172,5397138,597760186.0,-1.9859804908624983,105.74122
HK.09618,京东集团-SW,2023-11-27 00:00:00,105.84122,103.84122,105.84122,102.74122,29.87,0.00165,5193665,574688850.0,0.1929734134739082,103.64122
HK.09618,京东集团-SW,2023-11-28 00:00:00,102.64122,101.44122,103.24122,101.04122,29.222,0.00273,8587054,934005426.0,-2.311220919785039,103.84122
HK.09618,京东集团-SW,2023-11-29 00:00:00,102.54122,99.74122,102.84122,99.04122,28.764,0.0048,15107674,1615629147.0,-1.6758473527822348,101.44122
HK.09618,京东集团-SW,2023-11-30 00:00:00,97.64122,99.84122,100.14122,97.64122,28.791,0.00354,11123904,1182130159.0,0.10025945140836308,99.74122
HK.09618,京东集团-SW,2023-12-01 00:00:00,99.64122,98.94122,100.14122,98.44122,28.548,0.00441,13866532,1469446193.0,-0.9014312926064061,99.84122
HK.09618,京东集团-SW,2023-12-04 00:00:00,99.84122,96.94122,99.94122,96.54122,28.008,0.00301,9475305,990492080.0,-2.021402202236843,98.94122
HK.09618,京东集团-SW,2023-12-05 00:00:00,95.74122,95.24122,96.04122,94.04122,27.549,0.00395,12432306,1263733601.0,-1.7536399892636,96.94122
HK.09618,京东集团-SW,2023-12-06 00:00:00,95.24122,96.54122,97.44122,93.54122,27.9,0.00244,7681977,792291105.0,1.364955215819366,95.24122
HK.09618,京东集团-SW,2023-12-07 00:00:00,95.94122,97.14122,97.74122,95.14122,28.062,0.00182,5711829,591045372.0,0.6214961857743341,96.54122
HK.09618,京东集团-SW,2023-12-08 00:00:00,96.54122,97.94122,98.94122,95.94122,28.278,0.00347,10925791,1143705306.0,0.8235432908913406,97.14122
HK.09618,京东集团-SW,2023-12-11 00:00:00,95.14122,91.39122,95.64122,89.74122,26.511,0.00753,23702314,2331909886.0,-6.687684715383367,97.94122
HK.09618,京东集团-SW,2023-12-12 00:00:00,92.64122,93.44122,94.54122,91.39122,27.064,0.00245,7714227,775269638.0,2.2431038780311687,91.39122
HK.09618,京东集团-SW,2023-12-13 00:00:00,91.14122,91.04122,91.49122,90.04122,26.416,0.0036,11319014,1106438333.0,-2.5684596155743744,93.44122
HK.09618,京东集团-SW,2023-12-14 00:00:00,92.74122,91.94122,93.44122,91.04122,26.659,0.00343,10803242,1069219175.0,0.988563202470272,91.04122
HK.09618,京东集团-SW,2023-12-15 00:00:00,95.34122,98.84122,102.34122,95.24122,28.521,0.00895,28156143,2981577814.0,7.504794911357501,91.94122
HK.09618,京东集团-SW,2023-12-18 00:00:00,98.24122,98.64122,99.24122,97.64122,28.467,0.00253,7963448,838459091.0,-0.20234473026537192,98.84122
HK.09618,京东集团-SW,2023-12-19 00:00:00,97.24122,95.84122,97.34122,94.94122,27.711,0.00241,7574945,778188295.0,-2.838569920363918,98.64122
HK.09618,京东集团-SW,2023-12-20 00:00:00,100.14122,99.24122,100.44122,98.64122,28.629,0.00517,16275616,1730284345.0,3.547534140320826,95.84122
HK.09618,京东集团-SW,2023-12-21 00:00:00,97.64122,98.44122,99.04122,97.14122,28.413,0.00276,8675670,914356200.0,-0.8061166519315232,99.24122
HK.09618,京东集团-SW,2023-12-22 00:00:00,102.34122,98.94122,103.84122,98.04122,28.548,0.00509,16015631,1719296403.0,0.5079173134993653,98.44122
HK.09618,京东集团-SW,2023-12-27 00:00:00,101.34122,100.34122,101.34122,98.04122,28.926,0.00268,8423999,898153381.0,1.414981541565796,98.94122
HK.09618,京东集团-SW,2023-12-28 00:00:00,100.74122,105.74122,106.64122,100.54122,30.383,0.00398,12534712,1402818845.0,5.381636778982746,100.34122
HK.09618,京东集团-SW,2023-12-29 00:00:00,105.74122,105.64122,106.24122,104.44122,30.356,0.0023,7247700,813099012.0,-0.09457049956487576,105.74122
HK.09618,京东集团-SW,2024-01-02 00:00:00,106.14122,102.94122,106.64122,101.74122,29.627,0.00203,6377349,699376662.0,-2.5558205405049303,105.64122
HK.09618,京东集团-SW,2024-01-03 00:00:00,99.14122,99.44122,99.64122,98.34122,28.683,0.00219,6883027,729081985.0,-3.3999985622863225,102.94122
HK.09618,京东集团-SW,2024-01-04 00:00:00,99.84122,100.14122,100.34122,98.44122,28.872,0.00146,4594782,489228705.0,0.7039334392719667,99.44122
HK.09618,京东集团-SW,2024-01-05 00:00:00,99.54122,98.44122,100.94122,97.14122,28.413,0.0016,5027820,531015047.0,-1.6976026455439657,100.14122
HK.09618,京东集团-SW,2024-01-08 00:00:00,98.14122,94.34122,98.14122,92.39122,27.307,0.00286,8995344,907768343.0,-4.16492197069479,98.44122
HK.09618,京东集团-SW,2024-01-09 00:00:00,93.44122,91.14122,95.24122,90.14122,26.443,0.00374,11759100,1162779347.0,-3.3919425676284476,94.34122
HK.09618,京东集团-SW,2024-01-10 00:00:00,92.09122,91.34122,93.44122,90.49122,26.497,0.00175,5495993,541114142.0,0.219439678336545,91.14122
HK.09618,京东集团-SW,2024-01-11 00:00:00,92.24122,93.04122,94.44122,91.54122,26.956,0.00208,6559195,656376661.0,1.8611531573587352,91.34122
HK.09618,京东集团-SW,2024-01-12 00:00:00,91.64122,91.44122,93.64122,90.69122,26.524,0.00182,5737024,565482334.0,-1.7196679063322629,93.04122
HK.09618,京东集团-SW,2024-01-15 00:00:00,90.34122,89.79122,90.79122,88.84122,26.079,0.00166,5223898,503703388.0,-1.804437867298802,91.44122
HK.09618,京东集团-SW,2024-01-16 00:00:00,89.39122,86.54122,89.49122,86.49122,25.202,0.00285,8955773,841834479.0,-3.619507564325332,89.79122
HK.09618,京东集团-SW,2024-01-17 00:00:00,85.44122,80.89122,86.24122,79.74122,23.677,0.0054,16975185,1502382588.0,-6.528680783561859,86.54122
HK.09618,京东集团-SW,2024-01-18 00:00:00,80.59122,79.44122,80.69122,78.54122,23.286,0.00515,16211614,1402474531.0,-1.7925307592097175,80.89122
HK.09618,京东集团-SW,2024-01-19 00:00:00,78.39122,77.29122,79.99122,76.14122,22.706,0.00397,12478533,1056591955.0,-2.7064035522113152,79.44122
HK.09618,京东集团-SW,2024-01-22 00:00:00,78.69122,75.64122,78.89122,74.69122,22.261,0.00515,16209371,1346552709.0,-2.1347832263483375,77.29122
HK.09618,京东集团-SW,2024-01-23 00:00:00,77.24122,79.49122,81.44122,76.79122,23.3,0.00459,14441806,1248119992.0,5.0898174302318155,75.64122
HK.09618,京东集团-SW,2024-01-24 00:00:00,82.89122,83.54122,84.19122,78.24122,24.392,0.00665,20918444,1850967573.0,5.094902304933799,79.49122
HK.09618,京东集团-SW,2024-01-25 00:00:00,84.94122,86.64122,86.94122,83.79122,25.229,0.00588,18498485,1714580023.0,3.710743032002655,83.54122
HK.09618,京东集团-SW,2024-01-26 00:00:00,85.94122,84.49122,87.74122,83.79122,24.649,0.00342,10761230,992155811.0,-2.4814978367109854,86.64122
HK.09618,京东集团-SW,2024-01-29 00:00:00,86.04122,86.49122,88.04122,85.99122,25.188,0.00281,8842093,828011696.0,2.367109860645875,84.49122
HK.09618,京东集团-SW,2024-01-30 00:00:00,83.09122,82.69122,84.59122,82.14122,24.163,0.00359,11299168,1014344401.0,-4.39350953773111,86.49122
HK.09618,京东集团-SW,2024-01-31 00:00:00,82.69122,79.94122,83.04122,79.09122,23.421,0.00225,7077293,616391141.0,-3.325625138920432,82.69122
HK.09618,京东集团-SW,2024-02-01 00:00:00,80.64122,80.64122,83.14122,79.64122,23.61,0.00356,11207603,983990524.0,0.8756433789727036,79.94122
HK.09618,京东集团-SW,2024-02-02 00:00:00,81.74122,79.14122,82.84122,78.29122,23.205,0.00329,10337045,900345619.0,-1.8600909063627757,80.64122
HK.09618,京东集团-SW,2024-02-05 00:00:00,77.29122,79.19122,80.59122,76.74122,23.219,0.00301,9479278,815932684.0,0.06317820220612869,79.14122
HK.09618,京东集团-SW,2024-02-06 00:00:00,80.29122,85.89122,86.24122,80.29122,25.026,0.00499,15710130,1430784211.0,8.460533882417778,79.19122
HK.09618,京东集团-SW,2024-02-07 00:00:00,87.04122,83.49122,88.89122,82.44122,24.379,0.00471,14805097,1351049509.0,-2.7942320530550218,85.89122
HK.09618,京东集团-SW,2024-02-08 00:00:00,83.09122,81.14122,83.74122,79.99122,23.745,0.00313,9851269,869565486.0,-2.8146672189003756,83.49122
HK.09618,京东集团-SW,2024-02-09 00:00:00,78.69122,79.19122,79.49122,77.54122,23.219,0.001,3154307,269323900.0,-2.4032175015362136,81.14122
HK.09618,京东集团-SW,2024-02-14 00:00:00,78.69122,82.24122,82.44122,77.44122,24.042,0.00186,5862054,514008243.0,3.8514370658767434,79.19122
HK.09618,京东集团-SW,2024-02-15 00:00:00,82.24122,84.39122,85.04122,81.79122,24.622,0.00163,5123451,464991845.0,2.614260829301907,82.24122
HK.09618,京东集团-SW,2024-02-16 00:00:00,85.24122,88.89122,89.64122,85.09122,25.836,0.00314,9890087,939193221.0,5.3323082661916725,84.39122
HK.09618,京东集团-SW,2024-02-19 00:00:00,86.99122,84.99122,87.64122,83.94122,24.784,0.00293,9221316,847046268.0,-4.387384940829933,88.89122
HK.09618,京东集团-SW,2024-02-20 00:00:00,85.59122,84.84122,86.39122,81.64122,24.743,0.0035,11009957,992940416.0,-0.1764888184920648,84.99122
HK.09618,京东集团-SW,2024-02-21 00:00:00,84.09122,87.34122,89.74122,83.14122,25.418,0.00351,11055109,1043928994.0,2.9466808704542435,84.84122
HK.09618,京东集团-SW,2024-02-22 00:00:00,86.74122,88.49122,88.49122,84.84122,25.728,0.00256,8052238,755004434.0,1.3166749903424653,87.34122
HK.09618,京东集团-SW,2024-02-23 00:00:00,86.34122,86.89122,88.49122,86.19122,25.296,0.00314,9888466,926967462.0,-1.8080889832912173,88.49122
HK.09618,京东集团-SW,2024-02-26 00:00:00,85.39122,86.19122,87.29122,85.39122,25.107,0.00214,6722924,626093659.0,-0.8056049851757205,86.89122
HK.09618,京东集团-SW,2024-02-27 00:00:00,85.69122,86.89122,87.24122,83.19122,25.296,0.00309,9709631,894540060.0,0.8121476874326676,86.19122
HK.09618,京东集团-SW,2024-02-28 00:00:00,87.54122,84.34122,87.99122,83.99122,24.608,0.0029,9110809,839346808.0,-2.9347038745686813,86.89122
HK.09618,京东集团-SW,2024-02-29 00:00:00,82.54122,82.19122,83.89122,81.49122,24.028,0.00553,17404039,1555275200.0,-2.549168722008059,84.34122
HK.09618,京东集团-SW,2024-03-01 00:00:00,81.89122,83.69122,83.84122,80.29122,24.433,0.00455,14329745,1290058634.0,1.825012452668302,82.19122
HK.09618,京东集团-SW,2024-03-04 00:00:00,84.04122,82.64122,84.54122,81.74122,24.15,0.00305,9592604,857441949.0,-1.2546118935773634,83.69122
HK.09618,京东集团-SW,2024-03-05 00:00:00,77.69122,75.89122,78.84122,75.74122,22.328,0.00722,22703302,1905593027.0,-8.167836825255,82.64122
HK.09618,京东集团-SW,2024-03-06 00:00:00,77.19122,82.34122,83.94122,77.19122,24.069,0.00686,21595354,1917246846.0,8.49900686798816,75.89122
HK.09618,京东集团-SW,2024-03-07 00:00:00,89.64122,87.69122,90.99122,86.64122,11.116,0.00939,29527563,2813835146.0,6.497353330446153,82.34122
HK.09618,京东集团-SW,2024-03-08 00:00:00,87.14122,85.74122,87.99122,85.64122,10.887,0.00401,12622603,1178063856.0,-2.223711792355042,87.69122
HK.09618,京东集团-SW,2024-03-11 00:00:00,89.14122,91.69122,93.54122,89.14122,11.587,0.00643,20227329,1990176051.0,6.939486048833925,85.74122
HK.09618,京东集团-SW,2024-03-12 00:00:00,95.44122,99.44122,100.34122,94.24122,12.498,0.00801,25208723,2654944518.0,8.452281472533576,91.69122
HK.09618,京东集团-SW,2024-03-13 00:00:00,99.14122,99.44122,100.54122,98.84122,12.498,0.00402,12638403,1347153450.0,0.0,99.44122
HK.09618,京东集团-SW,2024-03-14 00:00:00,102.94122,99.54122,103.64122,98.44122,12.51,0.00494,15545395,1666040022.0,0.10056191989598912,99.44122
HK.09618,京东集团-SW,2024-03-15 00:00:00,98.14122,97.64122,98.54122,95.44122,12.286,0.00525,16502616,1716128520.0,-1.9087569953432273,99.54122
HK.09618,京东集团-SW,2024-03-18 00:00:00,99.74122,100.44122,102.14122,99.14122,12.616,0.00318,9995611,1075446155.0,2.8676413506508798,97.64122
HK.09618,京东集团-SW,2024-03-19 00:00:00,100.64122,99.74122,101.54122,99.04122,12.533,0.00286,9010009,961604210.0,-0.6969250273941344,100.44122
HK.09618,京东集团-SW,2024-03-20 00:00:00,100.64122,100.04122,100.94122,98.64122,12.569,0.00175,5510732,589583853.0,0.3007783542250608,99.74122
HK.09618,京东集团-SW,2024-03-21 00:00:00,102.94122,102.54122,104.14122,101.74122,12.863,0.00395,12432625,1365180174.0,2.498969924597081,100.04122
HK.09618,京东集团-SW,2024-03-22 00:00:00,98.94122,96.74122,99.44122,95.54122,12.181,0.00515,16202655,1680783657.0,-5.656261940320192,102.54122
HK.09618,京东集团-SW,2024-03-25 00:00:00,98.14122,96.44122,99.64122,95.14122,12.145,0.00292,9172224,947178517.0,-0.3101056612682755,96.74122
HK.09618,京东集团-SW,2024-03-26 00:00:00,98.04122,97.84122,99.34122,96.54122,12.31,0.00272,8559644,896657366.0,1.4516614368835292,96.44122
HK.09618,京东集团-SW,2024-03-27 00:00:00,96.14122,95.34122,96.24122,93.94122,12.016,0.00274,8621994,880146369.0,-2.5551602892932035,97.84122
HK.09618,京东集团-SW,2024-03-28 00:00:00,98.44122,101.04122,103.04122,98.44122,12.686,0.005,15731624,1697389720.0,5.978526391837642,95.34122
HK.09618,京东集团-SW,2024-04-02 00:00:00,101.74122,101.84122,103.64122,100.84122,12.78,0.00261,8226338,894071076.0,0.7917560773712069,101.04122
HK.09618,京东集团-SW,2024-04-03 00:00:00,101.21434,100.51434,102.11434,99.91434,12.275,0.00264,8298416,867016225.0,-1.3028909119509788,101.84122
HK.09618,京东集团-SW,2024-04-05 00:00:00,99.11434,99.01434,99.61434,96.06434,12.098,0.00286,8997731,917469786.0,-1.4923243787901308,100.51434
HK.09618,京东集团-SW,2024-04-08 00:00:00,97.01434,98.41434,99.51434,96.61434,12.028,0.00157,4917849,501696222.0,-0.605972831814067,99.01434
HK.09618,京东集团-SW,2024-04-09 00:00:00,98.41434,97.71434,99.71434,96.81434,11.945,0.00231,7257487,737786464.0,-0.7112784579970649,98.41434
HK.09618,京东集团-SW,2024-04-10 00:00:00,99.81434,102.51434,104.11434,99.51434,12.51,0.00388,12158080,1288534492.0,4.912277972711065,97.71434
HK.09618,京东集团-SW,2024-04-11 00:00:00,99.51434,101.91434,102.31434,99.21434,12.439,0.00186,5841538,613193508.0,-0.5852839710034796,102.51434
HK.09618,京东集团-SW,2024-04-12 00:00:00,100.81434,98.51434,101.51434,98.11434,12.039,0.00284,8898196,915743625.0,-3.336135032616599,101.91434
HK.09618,京东集团-SW,2024-04-15 00:00:00,95.61434,97.31434,97.81434,95.51434,11.898,0.00186,5830771,588998096.0,-1.2180967765708046,98.51434
HK.09618,京东集团-SW,2024-04-16 00:00:00,94.76434,94.96434,95.91434,94.11434,11.622,0.00279,8739613,863750842.0,-2.414854789129736,97.31434
HK.09618,京东集团-SW,2024-04-17 00:00:00,94.96434,94.86434,96.81434,93.46434,11.61,0.00218,6820563,673218342.0,-0.10530268519742096,94.96434
HK.09618,京东集团-SW,2024-04-18 00:00:00,94.11434,94.16434,95.01434,92.16434,11.528,0.00281,8804974,860313517.0,-0.7378958204948275,94.86434
HK.09618,京东集团-SW,2024-04-19 00:00:00,93.26434,93.41434,94.06434,91.81434,11.165,0.00301,9215461,892418683.0,-0.796479856387248,94.16434
HK.09618,京东集团-SW,2024-04-22 00:00:00,95.96434,96.61434,98.71434,95.96434,11.533,0.00248,7587428,764851633.0,3.4255982539725736,93.41434
HK.09618,京东集团-SW,2024-04-23 00:00:00,101.61434,102.71434,103.41434,100.61434,12.233,0.00566,17308866,1834474132.0,6.313762532559876,96.61434
HK.09618,京东集团-SW,2024-04-24 00:00:00,104.11434,107.31434,107.71434,103.91434,12.761,0.00434,13271677,1461301070.0,4.478439914037314,102.71434
HK.09618,京东集团-SW,2024-04-25 00:00:00,106.11434,107.41434,109.81434,105.91434,12.772,0.00334,10219026,1140060944.0,0.0931841914137424,107.31434
HK.09618,京东集团-SW,2024-04-26 00:00:00,107.41434,113.81434,114.91434,107.41434,13.507,0.00572,17505997,2048128952.0,5.958236116332332,107.41434
HK.09618,京东集团-SW,2024-04-29 00:00:00,114.91434,114.11434,118.11434,113.91434,13.541,0.0053,16217457,1936033952.0,0.2635871718800962,113.81434
HK.09618,京东集团-SW,2024-04-30 00:00:00,113.11434,110.91434,113.71434,109.91434,13.174,0.00401,12279321,1411917750.0,-2.8042049754658382,114.11434
HK.09618,京东集团-SW,2024-05-02 00:00:00,111.51434,116.51434,118.01434,111.01434,13.816,0.00596,18233076,2189237101.0,5.0489413722337515,110.91434
HK.09618,京东集团-SW,2024-05-03 00:00:00,122.91434,123.11434,124.814339999,120.21434,14.574,0.00696,21289942,2689396590.0,5.664538802691578,116.51434
HK.09618,京东集团-SW,2024-05-06 00:00:00,123.41434,123.61434,124.314339999,120.21434,14.631,0.00486,14862899,1881503656.0,0.40612653245755126,123.11434
HK.09618,京东集团-SW,2024-05-07 00:00:00,123.51434,120.91434,123.61434,120.21434,14.321,0.00289,8841190,1107085311.0,-2.1842126083430147,123.61434
HK.09618,京东集团-SW,2024-05-08 00:00:00,121.61434,120.51434,123.71434,119.51434,14.275,0.00362,11089037,1388682416.0,-0.3308127059205645,120.91434
HK.09618,京东集团-SW,2024-05-09 00:00:00,120.51434,121.81434,122.81434,119.71434,14.425,0.00243,7448578,935276728.0,1.0787098033312859,120.51434
HK.09618,京东集团-SW,2024-05-10 00:00:00,121.91434,122.71434,123.51434,119.81434,14.528,0.00254,7766813,979161145.0,0.7388292708395462,121.81434
HK.09618,京东集团-SW,2024-05-13 00:00:00,121.71434,125.41434,126.61434,119.11434,14.838,0.00476,14569054,1877081805.0,2.2002318555435236,122.71434
HK.09618,京东集团-SW,2024-05-14 00:00:00,127.01434,125.21434,129.01434,124.51434,14.815,0.0038,11643351,1509631718.0,-0.1594713969710231,125.41434
HK.09618,京东集团-SW,2024-05-16 00:00:00,126.41434,128.51434,129.71434,124.21434,15.193,0.00487,14900952,1961435138.0,2.635480888211364,125.21434
HK.09618,京东集团-SW,2024-05-17 00:00:00,130.61434,130.21434,130.91434,126.814339999,15.389,0.00463,14162594,1887579067.0,1.3228095790710892,128.51434
HK.09618,京东集团-SW,2024-05-20 00:00:00,131.41434,132.91434,134.91434,131.41434,15.698,0.00451,13811498,1894980306.0,2.073504346756292,130.21434
HK.09618,京东集团-SW,2024-05-21 00:00:00,130.51434,128.11434,132.01434,128.11434,15.148,0.00334,10233343,1359096694.0,-3.611348482037387,132.91434
HK.09618,京东集团-SW,2024-05-22 00:00:00,126.01434,125.11434,126.814339999,124.41434,14.803,0.00554,16948826,2193852910.0,-2.3416582405997644,128.11434
HK.09618,京东集团-SW,2024-05-23 00:00:00,124.01434,119.81434,124.01434,119.31434,14.195,0.00755,23101808,2879948745.0,-4.236125131619603,125.11434
HK.09618,京东集团-SW,2024-05-24 00:00:00,118.31434,115.71434,118.61434,114.91434,13.725,0.00465,14245326,1712336996.0,-3.4219610106770144,119.81434
HK.09618,京东集团-SW,2024-05-27 00:00:00,114.31434,114.91434,115.31434,113.01434,13.603,0.00362,11062249,1306371293.0,-0.6913577003507183,115.71434
HK.09618,京东集团-SW,2024-05-28 00:00:00,114.91434,114.41434,116.81434,113.51434,13.546,0.0023,7031783,834576279.0,-0.4351067064389005,114.91434
HK.09618,京东集团-SW,2024-05-29 00:00:00,112.41434,110.61434,112.71434,109.31434,13.111,0.00461,14081856,1612192592.0,-3.3212620026475683,114.41434
HK.09618,京东集团-SW,2024-05-30 00:00:00,110.01434,109.51434,112.11434,108.81434,12.985,0.00279,8526887,968591638.0,-0.9944461088860579,110.61434
HK.09618,京东集团-SW,2024-05-31 00:00:00,113.21434,110.01434,114.01434,109.71434,13.042,0.00611,18668150,2150825812.0,0.4565612138099905,109.51434
HK.09618,京东集团-SW,2024-06-03 00:00:00,111.81434,112.91434,113.81434,111.71434,13.374,0.00338,10309258,1201294614.0,2.6360199952115257,110.01434
HK.09618,京东集团-SW,2024-06-04 00:00:00,112.51434,113.31434,114.21434,112.31434,13.42,0.00289,8831876,1034698114.0,0.35425084183284933,112.91434
HK.09618,京东集团-SW,2024-06-05 00:00:00,114.51434,115.51434,118.11434,114.51434,13.672,0.00412,12572423,1509611605.0,1.941501843456003,113.31434
HK.09618,京东集团-SW,2024-06-06 00:00:00,116.31434,113.51434,117.91434,111.91434,13.443,0.00303,9243867,1089245985.0,-1.7313867698157646,115.51434
HK.09618,京东集团-SW,2024-06-07 00:00:00,113.11434,111.81434,113.31434,110.01434,13.248,0.0064,19544114,2255993060.0,-1.4976081436054711,113.51434
HK.09618,京东集团-SW,2024-06-11 00:00:00,111.41434,111.81434,112.61434,109.71434,13.248,0.00321,9788850,1129184597.0,0.0,111.81434
HK.09618,京东集团-SW,2024-06-12 00:00:00,110.51434,109.91434,111.31434,109.51434,13.031,0.00237,7249627,827935890.0,-1.6992453740727762,111.81434
HK.09618,京东集团-SW,2024-06-13 00:00:00,112.11434,112.11434,113.11434,110.41434,13.282,0.00283,8636840,996896293.0,2.0015586683229896,109.91434
HK.09618,京东集团-SW,2024-06-14 00:00:00,110.81434,110.01434,111.41434,109.81434,13.042,0.00404,12326895,1406852030.0,-1.8730877780665653,112.11434
HK.09618,京东集团-SW,2024-06-17 00:00:00,109.31434,109.21434,110.01434,107.71434,12.95,0.00364,11105898,1257387006.0,-0.7271779297135238,110.01434
HK.09618,京东集团-SW,2024-06-18 00:00:00,108.81434,109.01434,111.31434,108.71434,12.927,0.00183,5585671,634675845.0,-0.18312613526758742,109.21434
HK.09618,京东集团-SW,2024-06-19 00:00:00,110.11434,111.31434,111.61434,109.51434,13.191,0.00331,10115922,1159886187.0,2.1098141767404153,109.01434
HK.09618,京东集团-SW,2024-06-20 00:00:00,111.31434,108.51434,112.21434,108.21434,12.87,0.003,9148312,1035779733.0,-2.515399183968568,111.31434
HK.09618,京东集团-SW,2024-06-21 00:00:00,107.11434,105.61434,107.71434,104.51434,12.538,0.00458,13998429,1534328342.0,-2.672457852114297,108.51434
HK.09618,京东集团-SW,2024-06-24 00:00:00,104.61434,106.21434,106.51434,104.21434,12.607,0.00161,4901905,534413096.0,0.5681046721496423,105.61434
HK.09618,京东集团-SW,2024-06-25 00:00:00,106.21434,105.51434,106.51434,103.81434,12.527,0.00248,7581942,826788038.0,-0.6590447203268436,106.21434
HK.09618,京东集团-SW,2024-06-26 00:00:00,103.31434,104.01434,105.11434,102.31434,12.355,0.00269,8209914,885841445.0,-1.4216077170174213,105.51434
HK.09618,京东集团-SW,2024-06-27 00:00:00,103.01434,101.61434,103.21434,101.11434,12.08,0.00344,10517585,1110890248.0,-2.307374156294224,104.01434
HK.09618,京东集团-SW,2024-06-28 00:00:00,98.81434,99.41434,101.31434,98.21434,11.828,0.00315,9632889,996490848.0,-2.165048751977332,101.61434
HK.09618,京东集团-SW,2024-07-02 00:00:00,96.41434,97.31434,98.91434,95.81434,11.588,0.00381,11626572,1176773598.0,-2.11237131383661,99.41434
HK.09618,京东集团-SW,2024-07-03 00:00:00,98.01434,99.41434,100.31434,97.61434,11.828,0.00225,6863954,706269893.0,2.157955343477636,97.31434
HK.09618,京东集团-SW,2024-07-04 00:00:00,101.31434,99.51434,101.61434,98.61434,11.84,0.00138,4204980,435812538.0,0.10058911018270456,99.41434
HK.09618,京东集团-SW,2024-07-05 00:00:00,98.31434,98.81434,100.01434,98.31434,11.759,0.00164,4995561,514208212.0,-0.7034162111711767,99.51434
HK.09618,京东集团-SW,2024-07-08 00:00:00,99.61434,99.11434,100.91434,98.01434,11.794,0.00255,7800537,802082421.0,0.3035996597254985,98.81434
HK.09618,京东集团-SW,2024-07-09 00:00:00,98.71434,98.31434,99.31434,97.31434,11.702,0.00298,9086495,928573478.0,-0.8071485922218693,99.11434
HK.09618,京东集团-SW,2024-07-10 00:00:00,100.11434,100.01434,101.91434,99.71434,11.897,0.00304,9272374,970553354.0,1.7291475485671801,98.31434
HK.09618,京东集团-SW,2024-07-11 00:00:00,101.11434,102.91434,103.51434,100.91434,12.229,0.00296,9029729,959901042.0,2.899584199625765,100.01434
HK.09618,京东集团-SW,2024-07-12 00:00:00,108.11434,108.11434,109.01434,107.41434,12.824,0.00421,12848942,1440722894.0,5.052745807824258,102.91434
HK.09618,京东集团-SW,2024-07-15 00:00:00,105.41434,102.81434,105.71434,102.01434,12.218,0.00312,9536268,1022638345.0,-4.9022174116773005,108.11434
HK.09618,京东集团-SW,2024-07-16 00:00:00,100.21434,100.61434,101.21434,99.01434,11.966,0.00321,9798416,1021919220.0,-2.139779334283528,102.81434
HK.09618,京东集团-SW,2024-07-17 00:00:00,101.21434,102.81434,103.71434,101.21434,12.218,0.00274,8369289,892929896.0,2.1865670440217597,100.61434
HK.09618,京东集团-SW,2024-07-18 00:00:00,101.41434,102.31434,103.01434,100.91434,12.16,0.00169,5174988,549203668.0,-0.4863134850644375,102.81434
HK.09618,京东集团-SW,2024-07-19 00:00:00,99.21434,98.81434,100.11434,98.31434,11.759,0.003,9164098,942151923.0,-3.420830354767474,102.31434
HK.09618,京东集团-SW,2024-07-22 00:00:00,98.91434,100.21434,101.11434,98.41434,11.92,0.00156,4754611,494063339.0,1.4167984120523456,98.81434
HK.09618,京东集团-SW,2024-07-23 00:00:00,100.71434,98.71434,100.81434,98.21434,11.748,0.00173,5279349,543007389.0,-1.4967917765062364,100.21434
HK.09618,京东集团-SW,2024-07-24 00:00:00,98.41434,96.71434,99.11434,96.11434,11.519,0.00191,5824334,588768656.0,-2.0260480898722513,98.71434
HK.09618,京东集团-SW,2024-07-25 00:00:00,96.61434,95.41434,97.81434,95.26434,11.37,0.00172,5237869,521693844.0,-1.3441646812665127,96.71434
HK.09618,京东集团-SW,2024-07-26 00:00:00,98.51434,98.41434,100.31434,97.71434,11.714,0.00242,7380146,758524121.0,3.144181472093189,95.41434
HK.09618,京东集团-SW,2024-07-29 00:00:00,100.41434,99.81434,101.21434,99.31434,11.874,0.0019,5797698,603363079.0,1.4225569159941587,98.41434
HK.09618,京东集团-SW,2024-07-30 00:00:00,99.11434,98.31434,99.51434,97.71434,11.702,0.00208,6356280,649160635.0,-1.5027900800626441,99.81434
HK.09618,京东集团-SW,2024-07-31 00:00:00,98.31434,100.11434,100.71434,97.81434,11.908,0.00336,10273622,1061638368.0,1.830862110247597,98.31434
HK.09618,京东集团-SW,2024-08-01 00:00:00,98.11434,96.06434,98.61434,94.76434,11.445,0.00463,14151808,1416821900.0,-4.04537451877523,100.11434
HK.09618,京东集团-SW,2024-08-02 00:00:00,94.51434,94.51434,94.96434,93.36434,11.267,0.00251,7668304,752838150.0,-1.613501950880001,96.06434
HK.09618,京东集团-SW,2024-08-05 00:00:00,92.66434,93.06434,94.71434,90.76434,11.101,0.00315,9615737,928284335.0,-1.5341587318919043,94.51434
HK.09618,京东集团-SW,2024-08-06 00:00:00,94.61434,93.81434,95.66434,93.61434,11.187,0.00279,8535159,837982240.0,0.805894072853254,93.06434
HK.09618,京东集团-SW,2024-08-07 00:00:00,95.36434,95.86434,97.11434,94.66434,11.422,0.00247,7532838,752390659.0,2.185167001121574,93.81434
HK.09618,京东集团-SW,2024-08-08 00:00:00,94.91434,94.96434,96.91434,93.41434,11.319,0.00216,6599583,653749759.0,-0.9388266794513909,95.86434
HK.09618,京东集团-SW,2024-08-09 00:00:00,96.81434,96.31434,97.81434,96.01434,11.473,0.00167,5115016,513708963.0,1.4215862501650558,94.96434
HK.09618,京东集团-SW,2024-08-12 00:00:00,96.81434,96.21434,97.31434,94.86434,11.462,0.00185,5645290,563446301.0,-0.10382669911873382,96.31434
HK.09618,京东集团-SW,2024-08-13 00:00:00,97.31434,96.91434,98.11434,96.01434,11.542,0.00159,4867450,490310346.0,0.7275422769620293,96.21434
HK.09618,京东集团-SW,2024-08-14 00:00:00,97.31434,96.91434,97.81434,96.71434,11.542,0.00171,5233998,528176966.0,0.0,96.91434
HK.09618,京东集团-SW,2024-08-15 00:00:00,96.71434,95.46434,96.71434,94.16434,11.376,0.00284,8664745,859925556.0,-1.4961666147651511,96.91434
HK.09618,京东集团-SW,2024-08-16 00:00:00,101.91434,104.31434,104.91434,100.51434,12.389,0.00688,21019773,2257887606.0,9.270477332164024,95.46434
HK.09618,京东集团-SW,2024-08-19 00:00:00,109.91434,108.51434,111.01434,108.11434,12.34,0.00514,15036115,1704622821.0,4.026292070677917,104.31434
HK.09618,京东集团-SW,2024-08-20 00:00:00,110.91434,108.31434,110.91434,107.61434,12.318,0.00372,10894015,1225831773.0,-0.18430743807685035,108.51434
HK.09618,京东集团-SW,2024-08-21 00:00:00,95.91434,98.51434,99.11434,94.81434,11.242,0.02347,68726949,6917504096.0,-9.047740123791547,108.31434
HK.09618,京东集团-SW,2024-08-22 00:00:00,101.41434,102.11434,102.11434,99.11434,11.638,0.00673,19718862,2069788058.0,3.654290329712399,98.51434
HK.09618,京东集团-SW,2024-08-23 00:00:00,100.01434,102.01434,102.11434,99.81434,11.627,0.00409,11966687,1259998318.0,-0.09792943870566496,102.11434
HK.09618,京东集团-SW,2024-08-26 00:00:00,101.21434,101.71434,102.11434,100.71434,11.594,0.00847,24792182,2614500817.0,-0.2940763033902853,102.01434
HK.09618,京东集团-SW,2024-08-27 00:00:00,97.11434,97.81434,98.01434,95.86434,11.166,0.00573,16786491,1697325153.0,-3.8342676165425695,101.71434
HK.09618,京东集团-SW,2024-08-28 00:00:00,99.41434,99.61434,100.41434,98.61434,11.363,0.0053,15531874,1604671830.0,1.8402209737345232,97.81434
HK.09618,京东集团-SW,2024-08-29 00:00:00,97.31434,99.61434,99.61434,96.91434,11.363,0.00417,12215844,1250178074.0,0.0,99.61434
HK.09618,京东集团-SW,2024-08-30 00:00:00,99.31434,103.31434,104.91434,98.61434,11.769,0.0094,27527908,2945454121.0,3.714324664501118,99.61434
HK.09618,京东集团-SW,2024-09-02 00:00:00,102.11434,101.21434,102.41434,100.31434,11.539,0.00307,8989836,948063998.0,-2.0326316753318023,103.31434
HK.09618,京东集团-SW,2024-09-03 00:00:00,101.21434,101.01434,102.61434,100.41434,11.517,0.00157,4588106,482483410.0,-0.19760045859114708,101.21434
HK.09618,京东集团-SW,2024-09-04 00:00:00,100.21434,101.91434,103.01434,99.61434,11.616,0.00362,10613993,1117876254.0,0.890962609863106,101.01434
HK.09618,京东集团-SW,2024-09-05 00:00:00,101.21434,100.41434,101.91434,99.21434,11.451,0.00293,8587971,894518655.0,-1.4718242790955622,101.91434
HK.09618,京东集团-SW,2024-09-09 00:00:00,99.11434,97.31434,99.11434,96.31434,11.111,0.00539,15785695,1596719136.0,-3.087208460464904,100.41434
HK.09618,京东集团-SW,2024-09-10 00:00:00,97.21434,98.51434,99.11434,96.31434,11.242,0.00371,10854893,1108615161.0,1.2331173391300838,97.31434
HK.09618,京东集团-SW,2024-09-11 00:00:00,96.91434,98.01434,98.31434,96.41434,11.187,0.00262,7681109,779117219.0,-0.5075403235711674,98.51434
HK.09618,京东集团-SW,2024-09-12 00:00:00,99.61434,100.51434,101.41434,99.41434,11.462,0.00304,8891733,929133293.0,2.5506471808104814,98.01434
HK.09618,京东集团-SW,2024-09-13 00:00:00,101.11434,100.41434,101.91434,100.21434,11.451,0.00157,4603415,481795063.0,-0.09948829191935053,100.51434
HK.09618,京东集团-SW,2024-09-16 00:00:00,98.11434,99.51434,99.51434,97.51434,11.352,0.0022,6451995,661620088.0,-0.8962863272317396,100.41434
HK.09618,京东集团-SW,2024-09-17 00:00:00,99.11434,100.41434,100.91434,98.51434,11.451,0.00312,9140642,951860258.0,0.9043922715057865,99.51434
HK.09618,京东集团-SW,2024-09-19 00:00:00,101.61434,107.91434,108.61434,100.91434,12.274,0.00816,23899137,2635553778.0,7.469052726931233,100.41434
HK.09618,京东集团-SW,2024-09-20 00:00:00,107.51434,108.71434,109.81434,106.91434,12.362,0.00589,17251225,1940891831.0,0.7413287242455556,107.91434
HK.09618,京东集团-SW,2024-09-23 00:00:00,108.71434,109.21434,111.51434,108.01434,12.417,0.00469,13739549,1566580278.0,0.4599209267149117,108.71434
HK.09618,京东集团-SW,2024-09-24 00:00:00,114.11434,120.71434,120.91434,112.71434,13.68,0.01133,33165967,4035109017.0,10.529752777886127,109.21434
HK.09618,京东集团-SW,2024-09-25 00:00:00,126.71434,121.91434,127.01434,121.11434,13.812,0.00973,28488437,3633675979.0,0.9940823931937073,120.71434
HK.09618,京东集团-SW,2024-09-26 00:00:00,125.21434,134.61434,135.01434,124.314339999,15.206,0.01187,34768705,4696961638.0,10.41715027124783,121.91434
HK.09618,京东集团-SW,2024-09-27 00:00:00,143.81434,148.11434,151.31434,142.81434,16.688,0.01632,47797976,7181742907.0,10.028649250889615,134.61434
HK.09618,京东集团-SW,2024-09-30 00:00:00,155.71434,163.21434,166.71434,152.41434,18.346,0.01708,50016517,8240312498.0,10.194826510383798,148.11434
HK.09618,京东集团-SW,2024-10-02 00:00:00,164.31434,181.21434,188.41434,164.21434,20.322,0.01562,45744282,8419055305.0,11.028442721393231,163.21434
HK.09618,京东集团-SW,2024-10-03 00:00:00,172.61434,166.51434,173.21434,160.11434,18.708,0.01541,45132324,7718989994.0,-8.11194080998225,181.21434
HK.09618,京东集团-SW,2024-10-04 00:00:00,170.11434,178.91434,181.71434,167.61434,20.07,0.00906,26538078,4812092127.0,7.4468060828875196,166.51434
HK.09618,京东集团-SW,2024-10-07 00:00:00,182.71434,181.21434,185.71434,176.71434,20.322,0.0083,24305099,4481056962.0,1.2855313889316993,178.91434
HK.09618,京东集团-SW,2024-10-08 00:00:00,168.51434,159.11434,173.91434,153.91434,17.896,0.01627,47649791,8058744616.0,-12.195502850381484,181.21434
HK.09618,京东集团-SW,2024-10-09 00:00:00,166.51434,157.71434,167.41434,154.61434,17.742,0.01073,31419471,5144214644.0,-0.8798704126856233,159.11434
HK.09618,京东集团-SW,2024-10-10 00:00:00,162.11434,163.21434,168.71434,160.11434,18.346,0.00635,18590330,3120424409.0,3.48731764023487,157.71434
HK.09618,京东集团-SW,2024-10-14 00:00:00,163.51434,164.81434,169.11434,158.71434,18.522,0.00824,24134724,4060769507.0,0.9803060196793948,163.21434
HK.09618,京东集团-SW,2024-10-15 00:00:00,166.01434,156.51434,167.41434,154.41434,17.61,0.00873,25564137,4179876739.0,-5.035969564298825,164.81434
HK.09618,京东集团-SW,2024-10-16 00:00:00,153.31434,151.51434,154.81434,149.41434,17.061,0.00754,22066852,3435888454.0,-3.194595460070943,156.51434
HK.09618,京东集团-SW,2024-10-17 00:00:00,154.41434,150.81434,159.31434,149.61434,16.985,0.00556,16272763,2563157892.0,-0.4620024744852646,151.51434
HK.09618,京东集团-SW,2024-10-18 00:00:00,146.61434,154.91434,158.21434,145.41434,17.435,0.00813,23802259,3696044379.0,2.7185743742936004,150.81434
HK.09618,京东集团-SW,2024-10-21 00:00:00,152.31434,151.01434,153.61434,149.91434,17.007,0.00604,17699380,2754401376.0,-2.5175203276856135,154.91434
HK.09618,京东集团-SW,2024-10-22 00:00:00,151.11434,150.51434,154.21434,149.01434,16.952,0.00454,13297848,2060184100.0,-0.3310943848114027,151.01434
HK.09618,京东集团-SW,2024-10-23 00:00:00,151.01434,155.11434,156.11434,149.31434,17.457,0.00369,10794964,1709403943.0,3.0561872044882863,150.51434
HK.09618,京东集团-SW,2024-10-24 00:00:00,152.21434,150.31434,153.01434,149.61434,16.93,0.00412,12061663,1866531793.0,-3.094491457076123,155.11434
HK.09618,京东集团-SW,2024-10-25 00:00:00,150.71434,152.31434,153.81434,150.61434,17.149,0.00268,7852941,1226724640.0,1.3305450431409274,150.31434
HK.09618,京东集团-SW,2024-10-28 00:00:00,152.31434,154.31434,155.31434,151.41434,17.369,0.00245,7184912,1135086437.0,1.3130740020933027,152.31434
HK.09618,京东集团-SW,2024-10-29 00:00:00,157.41434,158.61434,163.31434,157.31434,17.841,0.004,11705277,1912642540.0,2.786520034366224,154.31434
HK.09618,京东集团-SW,2024-10-30 00:00:00,155.31434,152.01434,155.91434,151.11434,17.116,0.00408,11948683,1874191404.0,-4.16103613330295,158.61434
HK.09618,京东集团-SW,2024-10-31 00:00:00,153.01434,151.61434,154.21434,151.41434,17.072,0.00285,8353682,1305799030.0,-0.263133070209038,152.01434
HK.09618,京东集团-SW,2024-11-01 00:00:00,155.11434,154.21434,157.21434,153.61434,17.358,0.00262,7662567,1216167056.0,1.7148773658217253,151.61434
HK.09618,京东集团-SW,2024-11-04 00:00:00,154.81434,152.21434,155.11434,150.11434,17.138,0.00205,5991618,936158372.0,-1.296896254913778,154.21434
HK.09618,京东集团-SW,2024-11-05 00:00:00,150.01434,154.71434,154.71434,150.01434,17.413,0.00248,7253485,1136458727.0,1.6424208126514233,152.21434
HK.09618,京东集团-SW,2024-11-06 00:00:00,150.51434,148.11434,150.71434,144.81434,16.688,0.00589,17258974,2611999274.0,-4.265926481023023,154.71434
HK.09618,京东集团-SW,2024-11-07 00:00:00,146.21434,149.71434,150.41434,144.81434,16.864,0.00427,12510690,1901280359.0,1.080246517656558,148.11434
HK.09618,京东集团-SW,2024-11-08 00:00:00,156.31434,151.41434,157.91434,150.81434,17.05,0.00536,15683497,2467343479.0,1.1354957714805523,149.71434
HK.09618,京东集团-SW,2024-11-11 00:00:00,143.31434,147.81434,149.41434,143.31434,16.655,0.0037,10836896,1628366278.0,-2.3775819384082264,151.41434
HK.09618,京东集团-SW,2024-11-12 00:00:00,147.01434,140.21434,148.01434,138.61434,15.821,0.00658,19253570,2803533154.0,-5.141585045131612,147.81434
HK.09618,京东集团-SW,2024-11-13 00:00:00,136.51434,137.91434,137.91434,135.61434,15.568,0.0048,14041060,1974696458.0,-1.6403457734779363,140.21434
HK.09618,京东集团-SW,2024-11-14 00:00:00,135.11434,131.21434,135.81434,129.61434,14.833,0.00645,18896815,2562855731.0,-4.858087998680932,137.91434
HK.09618,京东集团-SW,2024-11-15 00:00:00,127.01434,128.71434,130.814339999,124.91434,14.558,0.0056,16384486,2165191370.0,-1.9052795601456365,131.21434
HK.09618,京东集团-SW,2024-11-18 00:00:00,134.11434,133.51434,135.11434,132.61434,14.936,0.00498,14444133,1988428167.0,3.7291882163246233,128.71434
HK.09618,京东集团-SW,2024-11-19 00:00:00,133.01434,133.314339999,134.61434,132.314339999,14.914,0.00302,8753612,1202004453.0,-0.14979664431551434,133.51434
HK.09618,京东集团-SW,2024-11-20 00:00:00,132.61434,133.61434,135.01434,132.11434,14.947,0.00174,5058507,694028991.0,0.22503205656814648,133.314339999
HK.09618,京东集团-SW,2024-11-21 00:00:00,133.41434,134.01434,135.41434,132.91434,14.99,0.00286,8301033,1145681124.0,0.2993690647276376,133.61434
HK.09618,京东集团-SW,2024-11-22 00:00:00,136.31434,133.61434,137.21434,132.814339999,14.947,0.00612,17737130,2456341044.0,-0.2984755213509283,134.01434
HK.09618,京东集团-SW,2024-11-25 00:00:00,131.41434,129.41434,132.51434,128.41434,14.49,0.00616,17860146,2389346162.0,-3.143375179640141,133.61434
HK.09618,京东集团-SW,2024-11-26 00:00:00,128.51434,131.91434,132.91434,128.51434,14.762,0.00405,11752469,1591267735.0,1.9317797394013676,129.41434
HK.09618,京东集团-SW,2024-11-27 00:00:00,135.01434,138.71434,139.81434,133.41434,15.501,0.00442,12799681,1801847111.0,5.154860343462267,131.91434
HK.09618,京东集团-SW,2024-11-28 00:00:00,140.71434,138.31434,140.71434,137.61434,15.458,0.00384,11124648,1586004767.0,-0.28836240002295777,138.71434
HK.09618,京东集团-SW,2024-11-29 00:00:00,138.11434,139.91434,142.21434,137.81434,15.632,0.00284,8237247,1183479181.0,1.1567853340441945,138.31434
HK.09618,京东集团-SW,2024-12-02 00:00:00,142.11434,143.41434,144.41434,141.11434,16.012,0.00363,10532772,1549488710.0,2.5015305793530525,139.91434
HK.09618,京东集团-SW,2024-12-03 00:00:00,143.91434,141.41434,144.11434,139.21434,15.795,0.00351,10169128,1478635632.0,-1.3945606834016737,143.41434
HK.09618,京东集团-SW,2024-12-04 00:00:00,140.31434,138.51434,140.41434,137.51434,15.479,0.00316,9154441,1305023717.0,-2.050711405929558,141.41434
HK.09618,京东集团-SW,2024-12-05 00:00:00,136.41434,138.31434,138.31434,134.41434,15.458,0.00475,13759352,1936191622.0,-0.14438938235565865,138.51434
HK.09618,京东集团-SW,2024-12-06 00:00:00,139.01434,142.71434,142.81434,137.71434,15.936,0.0076,22018351,3203281310.0,3.181159668621494,138.31434
HK.09618,京东集团-SW,2024-12-09 00:00:00,141.21434,148.31434,149.11434,138.41434,16.545,0.00623,18060947,2655393043.0,3.923922431340813,142.71434
HK.09618,京东集团-SW,2024-12-10 00:00:00,157.01434,149.41434,157.71434,149.31434,16.664,0.00706,20477627,3201302916.0,0.7416680005453437,148.31434
HK.09618,京东集团-SW,2024-12-11 00:00:00,150.61434,145.11434,152.01434,144.31434,16.197,0.0036,10428396,1573022603.0,-2.8779031517322977,149.41434
HK.09618,京东集团-SW,2024-12-12 00:00:00,145.31434,143.91434,146.51434,141.21434,16.066,0.0055,15938415,2358612908.0,-0.8269341265652923,145.11434
HK.09618,京东集团-SW,2024-12-13 00:00:00,143.91434,140.51434,143.91434,139.61434,15.697,0.0062,17973757,2603725196.0,-2.362516480289598,143.91434
HK.09618,京东集团-SW,2024-12-16 00:00:00,140.51434,140.11434,142.81434,139.01434,15.653,0.00272,7875004,1135044313.0,-0.2846684544794543,140.51434
HK.09618,京东集团-SW,2024-12-17 00:00:00,138.11434,138.31434,141.31434,137.21434,15.458,0.00313,9084175,1293568344.0,-1.2846650813899643,140.11434
HK.09618,京东集团-SW,2024-12-18 00:00:00,141.31434,140.11434,141.81434,139.21434,15.653,0.00184,5347904,771140880.0,1.3013835007997085,138.31434
HK.09618,京东集团-SW,2024-12-19 00:00:00,138.01434,137.81434,138.81434,136.81434,15.403,0.0028,8105059,1148250102.0,-1.6415164928871744,140.11434
HK.09618,京东集团-SW,2024-12-20 00:00:00,136.61434,133.51434,137.61434,133.51434,14.936,0.00794,23018242,3175663368.0,-3.120139747431206,137.81434
HK.09618,京东集团-SW,2024-12-23 00:00:00,135.61434,135.71434,136.81434,133.91434,15.175,0.00221,6401037,891237955.0,1.6477630792317801,133.51434
HK.09618,京东集团-SW,2024-12-24 00:00:00,136.61434,137.01434,138.51434,136.41434,15.316,0.00101,2924128,413031130.0,0.9578943536843721,135.71434
HK.09618,京东集团-SW,2024-12-27 00:00:00,134.81434,132.01434,135.71434,130.71434,14.773,0.00298,8639058,1175648134.0,-3.6492530635844393,137.01434
HK.09618,京东集团-SW,2024-12-30 00:00:00,132.61434,130.814339999,133.314339999,130.314339999,14.642,0.00201,5818998,785224395.0,-0.9089921602456266,132.01434
HK.09618,京东集团-SW,2024-12-31 00:00:00,130.814339999,132.11434,132.51434,130.51434,14.784,0.0021,6083465,826221763.0,0.993774842276419,130.814339999
HK.09618,京东集团-SW,2025-01-02 00:00:00,129.01434,128.61434,129.91434,126.91434,14.403,0.00357,10338375,1367179807.0,-2.6492203647234662,132.11434
HK.09618,京东集团-SW,2025-01-03 00:00:00,130.51434,130.314339999,132.41434,128.71434,14.588,0.00337,9781570,1311174621.0,1.3217810696692136,128.61434
HK.09618,京东集团-SW,2025-01-06 00:00:00,133.61434,131.814339999,133.91434,131.11434,14.751,0.00281,8152282,1108303946.0,1.1510628838019752,130.314339999
HK.09618,京东集团-SW,2025-01-07 00:00:00,131.814339999,131.11434,133.314339999,128.91434,14.675,0.00349,10120538,1361454354.0,-0.5310499593635334,131.814339999
HK.09618,京东集团-SW,2025-01-08 00:00:00,132.61434,131.41434,134.41434,129.51434,14.708,0.00356,10327410,1398850632.0,0.22880792444214065,131.11434
HK.09618,京东集团-SW,2025-01-09 00:00:00,130.814339999,129.314339999,131.314339999,128.51434,14.479,0.00203,5896281,787930176.0,-1.5979991232311572,131.41434
HK.09618,京东集团-SW,2025-01-10 00:00:00,129.91434,127.01434,130.01434,126.41434,14.229,0.00229,6650231,873031336.0,-1.7786117139195696,129.314339999
HK.09618,京东集团-SW,2025-01-13 00:00:00,125.71434,125.11434,125.71434,122.71434,14.023,0.00216,6263756,803976941.0,-1.4958940856599385,127.01434
HK.09618,京东集团-SW,2025-01-14 00:00:00,125.814339999,132.01434,133.11434,125.814339999,14.773,0.00406,11784415,1587228241.0,5.514955360033076,125.11434
HK.09618,京东集团-SW,2025-01-15 00:00:00,130.91434,133.21434,134.11434,130.01434,14.903,0.0026,7551753,1029980744.0,0.9089921594881197,132.01434
HK.09618,京东集团-SW,2025-01-16 00:00:00,133.41434,136.21434,136.31434,133.41434,15.229,0.00269,7810928,1087587271.0,2.2520098061515,133.21434
HK.09618,京东集团-SW,2025-01-17 00:00:00,133.91434,142.81434,144.31434,133.51434,15.947,0.00682,19783768,2870887274.0,4.8453048335439535,136.21434
HK.09618,京东集团-SW,2025-01-20 00:00:00,148.71434,153.51434,154.41434,148.21434,17.11,0.00739,21426774,3343902198.0,7.492244826394898,142.81434
HK.09618,京东集团-SW,2025-01-21 00:00:00,155.11434,154.51434,155.41434,151.21434,17.219,0.00395,11460196,1808931160.0,0.6514049436684547,153.51434
HK.09618,京东集团-SW,2025-01-22 00:00:00,147.21434,147.71434,149.31434,146.71434,16.48,0.00801,23216064,3520528056.0,-4.400886027795227,154.51434
HK.09618,京东集团-SW,2025-01-23 00:00:00,148.81434,147.31434,150.11434,146.11434,16.436,0.00365,10582489,1601878312.0,-0.27079293723277353,147.71434
HK.09618,京东集团-SW,2025-01-24 00:00:00,146.51434,151.81434,153.11434,146.31434,16.925,0.00443,12839453,1985878803.0,3.054692435237466,147.31434
HK.09618,京东集团-SW,2025-01-27 00:00:00,153.71434,153.41434,155.71434,152.51434,17.099,0.00357,10348930,1631571573.0,1.0539188853964803,151.81434
HK.09618,京东集团-SW,2025-01-28 00:00:00,154.61434,153.01434,154.71434,150.81434,17.056,0.00239,6917079,1084526431.0,-0.2607318194635558,153.41434
HK.09618,京东集团-SW,2025-02-03 00:00:00,148.51434,148.01434,148.91434,143.31434,16.512,0.00582,16874796,2542659179.0,-3.2676675924622494,153.01434
HK.09618,京东集团-SW,2025-02-04 00:00:00,152.31434,158.21434,158.21434,152.01434,17.621,0.00615,17827300,2848306576.0,6.891224188142845,148.01434
HK.09618,京东集团-SW,2025-02-05 00:00:00,156.91434,152.61434,156.91434,149.41434,17.012,0.00546,15836502,2468208680.0,-3.539502171547784,158.21434
HK.09618,京东集团-SW,2025-02-06 00:00:00,150.81434,153.81434,154.01434,150.41434,17.143,0.00289,8374946,1312595254.0,0.7862957045845028,152.61434
HK.09618,京东集团-SW,2025-02-07 00:00:00,152.11434,153.21434,154.71434,150.81434,17.077,0.0038,11026726,1729178975.0,-0.39008066478066633,153.81434
HK.09618,京东集团-SW,2025-02-10 00:00:00,153.11434,157.61434,157.71434,152.71434,17.556,0.0039,11303750,1814660545.0,2.871793854282834,153.21434
HK.09618,京东集团-SW,2025-02-11 00:00:00,159.51434,154.61434,160.51434,154.41434,17.23,0.00399,11564784,1855137285.0,-1.90338011122592,157.61434
HK.09618,京东集团-SW,2025-02-12 00:00:00,156.61434,152.21434,157.81434,149.61434,16.969,0.00607,17600967,2749612754.0,-1.5522492933061742,154.61434
HK.09618,京东集团-SW,2025-02-13 00:00:00,149.51434,147.61434,155.51434,145.61434,16.469,0.00944,27373656,4226736213.0,-3.0220542952786147,152.21434
HK.09618,京东集团-SW,2025-02-14 00:00:00,151.11434,159.11434,159.11434,151.11434,17.719,0.00857,24858873,3974937401.0,7.790571024468219,147.61434
HK.09618,京东集团-SW,2025-02-17 00:00:00,160.11434,153.21434,160.91434,151.61434,17.077,0.00591,17128732,2734088318.0,-3.708025310603687,159.11434
HK.09618,京东集团-SW,2025-02-18 00:00:00,154.41434,152.71434,155.91434,150.91434,17.023,0.00555,16099549,2526102250.0,-0.326340210713958,153.21434
HK.09618,京东集团-SW,2025-02-19 00:00:00,148.01434,150.31434,151.81434,146.31434,16.762,0.00482,13987154,2146024770.0,-1.5715616490239264,152.71434
HK.09618,京东集团-SW,2025-02-20 00:00:00,149.91434,149.81434,151.41434,146.91434,16.708,0.00458,13279250,2036352233.0,-0.33263626078523184,150.31434
HK.09618,京东集团-SW,2025-02-21 00:00:00,156.81434,157.71434,157.91434,152.31434,17.567,0.00617,17894279,2848342610.0,5.27319347400256,149.81434
HK.09618,京东集团-SW,2025-02-24 00:00:00,157.81434,157.21434,160.41434,154.21434,17.512,0.00514,14895758,2407032397.0,-0.3170288763849882,157.71434
HK.09618,京东集团-SW,2025-02-25 00:00:00,149.11434,151.11434,153.81434,148.31434,16.849,0.00566,16418884,2548056412.0,-3.8800531808993983,157.21434
HK.09618,京东集团-SW,2025-02-26 00:00:00,153.91434,164.21434,165.81434,153.91434,18.273,0.00955,27699130,4609632436.0,8.668932412370655,151.11434
HK.09618,京东集团-SW,2025-02-27 00:00:00,162.81434,163.31434,166.01434,161.31434,18.175,0.00599,17368443,2905503395.0,-0.5480641946373292,164.21434
HK.09618,京东集团-SW,2025-02-28 00:00:00,161.01434,156.71434,162.71434,155.11434,17.458,0.00576,16684324,2698812153.0,-4.041286270391194,163.31434
HK.09618,京东集团-SW,2025-03-03 00:00:00,157.41434,155.11434,161.01434,153.41434,17.284,0.00645,18694436,3005012293.0,-1.0209659179881014,156.71434
HK.09618,京东集团-SW,2025-03-04 00:00:00,152.31434,156.31434,157.01434,150.41434,17.414,0.00313,9078856,1441982425.0,0.7736228642690216,155.11434
HK.09618,京东集团-SW,2025-03-05 00:00:00,157.01434,161.21434,161.81434,155.71434,17.947,0.00387,11230845,1834364455.0,3.134709201983648,156.31434
HK.09618,京东集团-SW,2025-03-06 00:00:00,164.91434,175.11434,176.91434,164.51434,11.618,0.00951,27581261,4842849294.0,8.622061784330109,161.21434
HK.09618,京东集团-SW,2025-03-07 00:00:00,169.91434,166.21434,173.51434,164.61434,10.268,0.01294,34873936,5984118954.0,-5.082393594950594,175.11434
HK.09618,京东集团-SW,2025-03-10 00:00:00,161.91434,158.41434,164.71434,157.41434,9.797,0.00715,21324098,3510518076.0,-4.692735897516414,166.21434
HK.09618,京东集团-SW,2025-03-11 00:00:00,153.41434,156.21434,156.71434,151.71434,9.664,0.00757,22572980,3575395195.0,-1.3887631637388491,158.41434
HK.09618,京东集团-SW,2025-03-12 00:00:00,155.61434,152.81434,156.81434,150.41434,9.459,0.00581,17331449,2727445110.0,-2.1764967287894352,156.21434
HK.09618,京东集团-SW,2025-03-13 00:00:00,153.81434,153.31434,156.01434,151.91434,9.489,0.00431,12843862,2021190280.0,0.3271944242929034,152.81434
HK.09618,京东集团-SW,2025-03-14 00:00:00,157.61434,161.71434,163.01434,154.51434,9.996,0.00641,19093438,3132136428.0,5.478939543424318,153.31434
HK.09618,京东集团-SW,2025-03-17 00:00:00,167.41434,165.11434,168.01434,164.11434,10.201,0.00439,13084601,2220336094.0,2.1024727924561333,161.71434
HK.09618,京东集团-SW,2025-03-18 00:00:00,171.51434,174.01434,174.11434,169.01434,10.738,0.00591,17627921,3100031348.0,5.390204145805874,165.11434
HK.09618,京东集团-SW,2025-03-19 00:00:00,172.81434,172.31434,173.91434,170.61434,10.636,0.0038,11341539,1998538000.0,-0.9769309816650841,174.01434
HK.09618,京东集团-SW,2025-03-20 00:00:00,171.71434,163.61434,171.71434,162.31434,10.111,0.00455,13554596,2295737655.0,-5.048912354015336,172.31434
HK.09618,京东集团-SW,2025-03-21 00:00:00,165.01434,159.01434,166.11434,158.81434,10.588,0.00517,15013036,2473133927.0,-2.8114895063598917,163.61434
HK.09618,京东集团-SW,2025-03-24 00:00:00,161.31434,162.71434,163.71434,158.31434,10.828,0.00316,9185640,1513448878.0,2.326834171056515,159.01434
HK.09618,京东集团-SW,2025-03-25 00:00:00,161.71434,157.31434,162.51434,157.21434,10.477,0.00323,9389015,1524340728.0,-3.3186995073697907,162.71434
HK.09618,京东集团-SW,2025-03-26 00:00:00,157.11434,160.21434,160.81434,157.11434,10.666,0.00315,9153598,1496801188.0,1.8434428800324283,157.31434
HK.09618,京东集团-SW,2025-03-27 00:00:00,159.51434,160.71434,163.71434,158.71434,10.698,0.00259,7523847,1243058244.0,0.31208192724821016,160.21434
HK.09618,京东集团-SW,2025-03-28 00:00:00,164.11434,160.51434,165.21434,158.91434,10.685,0.00308,8950924,1478404228.0,-0.12444440240988368,160.71434
HK.09618,京东集团-SW,2025-03-31 00:00:00,158.31434,156.91434,159.11434,155.11434,10.451,0.00237,6875716,1106196218.0,-2.2427902703272458,160.51434
HK.09618,京东集团-SW,2025-04-01 00:00:00,157.11434,157.31434,159.91434,156.51434,10.477,0.00233,6763957,1094492357.0,0.2549161536160285,156.91434
HK.09618,京东集团-SW,2025-04-02 00:00:00,157.31434,158.01434,159.11434,154.91434,10.523,0.00206,5972448,964453291.0,0.4449689710423202,157.31434
HK.09618,京东集团-SW,2025-04-03 00:00:00,148.51434,149.61434,152.11434,148.31434,9.977,0.00536,15572015,2399933191.0,-5.315973221164614,158.01434
HK.09618,京东集团-SW,2025-04-07 00:00:00,133.6,126.4,137.1,125.2,8.215,0.01514,43949826,5701816155.0,-15.516119644681115,149.61434
HK.09618,京东集团-SW,2025-04-08 00:00:00,134.6,137.6,141.0,132.7,8.943,0.01435,41666302,5689930483.0,8.860759493670876,126.4
HK.09618,京东集团-SW,2025-04-09 00:00:00,130.1,136.7,138.7,127.2,8.885,0.0093,27009831,3631663537.0,-0.6540697674418646,137.6
HK.09618,京东集团-SW,2025-04-10 00:00:00,141.4,141.7,145.9,138.2,9.21,0.00804,23343085,3308539957.0,3.65764447695684,136.7
HK.09618,京东集团-SW,2025-04-11 00:00:00,141.5,143.1,146.2,139.8,9.301,0.00697,20247413,2895311719.0,0.9880028228652122,141.7
HK.09618,京东集团-SW,2025-04-14 00:00:00,145.0,146.6,148.9,142.0,9.528,0.00596,17292261,2527411838.0,2.4458420684835778,143.1
HK.09618,京东集团-SW,2025-04-15 00:00:00,148.4,146.5,149.5,145.2,9.522,0.00421,12226438,1789423815.0,-0.06821282401091018,146.6
HK.09618,京东集团-SW,2025-04-16 00:00:00,143.4,138.4,144.5,136.6,8.995,0.00631,18319471,2548893805.0,-5.529010238907846,146.5
HK.09618,京东集团-SW,2025-04-17 00:00:00,137.8,139.2,139.6,136.6,9.058,0.00367,10658510,1476594786.0,0.5780346820809125,138.4
HK.09618,京东集团-SW,2025-04-22 00:00:00,132.0,130.4,132.0,128.0,8.486,0.01169,33988518,4411589603.0,-6.321839080459759,139.2
HK.09618,京东集团-SW,2025-04-23 00:00:00,135.3,132.4,135.5,130.4,8.616,0.00907,26374585,3478497268.0,1.5337423312883436,130.4
HK.09618,京东集团-SW,2025-04-24 00:00:00,130.8,124.2,130.8,122.1,8.082,0.01511,43918714,5496450056.0,-6.193353474320244,132.4
HK.09618,京东集团-SW,2025-04-25 00:00:00,124.7,123.8,126.9,123.2,8.056,0.00729,21194464,2650987903.0,-0.32206119162641356,124.2
HK.09618,京东集团-SW,2025-04-28 00:00:00,126.0,126.5,127.7,124.6,8.232,0.00627,18225414,2309306142.0,2.1809369951534756,123.8
HK.09618,京东集团-SW,2025-04-29 00:00:00,127.9,128.9,131.3,127.0,8.388,0.00549,15966800,2067114506.0,1.8972332015810323,126.5
HK.09618,京东集团-SW,2025-04-30 00:00:00,128.7,127.9,128.9,126.6,8.323,0.00427,12415165,1584569311.0,-0.7757951900698216,128.9
HK.09618,京东集团-SW,2025-05-02 00:00:00,128.7,132.1,132.7,128.2,8.596,0.00608,17681775,2322752314.0,3.283815480844401,127.9
HK.09618,京东集团-SW,2025-05-06 00:00:00,130.0,131.5,132.3,128.3,8.557,0.00719,20884988,2730968635.0,-0.45420136260408356,132.1
HK.09618,京东集团-SW,2025-05-07 00:00:00,134.6,130.9,135.8,130.9,8.518,0.00618,17948326,2377848300.0,-0.4562737642585508,131.5
HK.09618,京东集团-SW,2025-05-08 00:00:00,130.5,131.6,133.2,130.5,8.564,0.00453,13168759,1738690751.0,0.5347593582887613,130.9
HK.09618,京东集团-SW,2025-05-09 00:00:00,132.4,131.5,132.6,129.7,8.557,0.00392,11381493,1491642376.0,-0.07598784194528443,131.6
HK.09618,京东集团-SW,2025-05-12 00:00:00,135.0,139.9,141.2,134.4,9.104,0.00907,26348682,3630490110.0,6.387832699619776,131.5
HK.09618,京东集团-SW,2025-05-13 00:00:00,139.6,137.0,140.0,136.4,8.915,0.00578,16796654,2314273956.0,-2.0729092208720554,139.9
HK.09618,京东集团-SW,2025-05-14 00:00:00,142.8,141.6,143.2,139.6,9.215,0.00756,21966646,3103327976.0,3.3576642335766382,137.0
HK.09618,京东集团-SW,2025-05-15 00:00:00,138.2,135.4,139.0,135.2,8.811,0.00715,20773139,2831492328.0,-4.37853107344632,141.6
HK.09618,京东集团-SW,2025-05-16 00:00:00,133.6,131.8,134.6,131.3,8.577,0.00712,20699129,2736173826.0,-2.65878877400295,135.4
HK.09618,京东集团-SW,2025-05-19 00:00:00,130.0,130.4,131.5,129.2,8.486,0.00581,16879938,2197336678.0,-1.0622154779969692,131.8
HK.09618,京东集团-SW,2025-05-20 00:00:00,130.7,133.5,134.5,130.7,8.688,0.00483,14041319,1869132307.0,2.3773006134969283,130.4
HK.09618,京东集团-SW,2025-05-21 00:00:00,134.0,134.5,135.7,133.1,8.753,0.0032,9292766,1251526100.0,0.7490636704119851,133.5
HK.09618,京东集团-SW,2025-05-22 00:00:00,132.8,132.5,134.3,132.1,8.622,0.00321,9318454,1240168143.0,-1.486988847583643,134.5
HK.09618,京东集团-SW,2025-05-23 00:00:00,132.7,131.9,133.4,131.3,8.583,0.00231,6727839,890682813.0,-0.45283018867924096,132.5
HK.09618,京东集团-SW,2025-05-26 00:00:00,130.8,129.6,131.9,129.4,8.434,0.00274,7951362,1035888636.0,-1.7437452615617979,131.9
HK.09618,京东集团-SW,2025-05-27 00:00:00,127.0,128.3,128.6,121.0,8.349,0.00656,19067891,2401802371.0,-1.0030864197530733,129.6
HK.09618,京东集团-SW,2025-05-28 00:00:00,127.2,126.5,128.6,125.9,8.232,0.00372,10818992,1371927741.0,-1.4029618082618949,128.3
HK.09618,京东集团-SW,2025-05-29 00:00:00,123.8,131.8,132.8,123.8,8.577,0.00884,25690114,3336983264.0,4.189723320158112,126.5
HK.09618,京东集团-SW,2025-05-30 00:00:00,129.0,128.9,129.2,127.2,8.388,0.00776,22555094,2898336913.0,-2.200303490136575,131.8
HK.09618,京东集团-SW,2025-06-02 00:00:00,127.0,128.6,129.0,125.1,8.369,0.00392,11405309,1451375635.0,-0.23273855702095528,128.9
HK.09618,京东集团-SW,2025-06-03 00:00:00,128.8,128.6,130.8,128.0,8.369,0.00314,9117797,1176319957.0,0.0,128.6
HK.09618,京东集团-SW,2025-06-04 00:00:00,127.3,128.7,129.4,126.5,8.375,0.00487,14148878,1814644697.0,0.07776049766718066,128.6
HK.09618,京东集团-SW,2025-06-05 00:00:00,129.1,130.6,131.3,128.8,8.499,0.00453,13169176,1713018699.0,1.4763014763014808,128.7
HK.09618,京东集团-SW,2025-06-06 00:00:00,130.7,128.7,131.0,127.8,8.375,0.00568,16518729,2131534581.0,-1.4548238897396675,130.6
HK.09618,京东集团-SW,2025-06-09 00:00:00,130.6,134.0,135.5,130.6,8.72,0.00714,20752058,2776461061.0,4.118104118104127,128.7
HK.09618,京东集团-SW,2025-06-10 00:00:00,134.0,131.9,134.7,131.1,8.583,0.00385,11193480,1483539662.0,-1.5671641791044733,134.0
HK.09618,京东集团-SW,2025-06-11 00:00:00,132.6,133.9,135.3,132.6,8.714,0.00374,10862759,1457633286.0,1.5163002274450341,131.9
HK.09618,京东集团-SW,2025-06-12 00:00:00,131.5,131.4,132.9,130.8,8.551,0.00411,11954081,1574395275.0,-1.8670649738610903,133.9
HK.09618,京东集团-SW,2025-06-13 00:00:00,130.2,129.8,132.1,128.8,8.447,0.00828,24065566,3125924832.0,-1.2176560121765556,131.4
HK.09618,京东集团-SW,2025-06-16 00:00:00,129.0,130.9,131.9,128.3,8.518,0.00365,10604032,1381820866.0,0.8474576271186396,129.8
HK.09618,京东集团-SW,2025-06-17 00:00:00,131.0,131.5,132.6,130.5,8.557,0.00223,6490498,853124748.0,0.4583651642475128,130.9
HK.09618,京东集团-SW,2025-06-18 00:00:00,132.0,129.4,132.8,129.1,8.421,0.00307,8916181,1159944626.0,-1.5969581749049384,131.5
HK.09618,京东集团-SW,2025-06-19 00:00:00,128.5,124.7,128.7,123.4,8.115,0.00722,20978668,2624864553.0,-3.6321483771251954,129.4
HK.09618,京东集团-SW,2025-06-20 00:00:00,124.6,125.6,125.7,123.7,8.173,0.00627,18234214,2275421019.0,0.7217321571772185,124.7
HK.09618,京东集团-SW,2025-06-23 00:00:00,123.1,124.8,125.3,121.7,8.121,0.00471,13699454,1693890463.0,-0.6369426751592334,125.6
HK.09618,京东集团-SW,2025-06-24 00:00:00,125.1,126.6,127.3,124.8,8.238,0.00476,13846575,1749011422.0,1.44230769230769,124.8
HK.09618,京东集团-SW,2025-06-25 00:00:00,127.7,129.8,131.2,127.2,8.447,0.00524,15239326,1977555445.0,2.5276461295418775,126.6
HK.09618,京东集团-SW,2025-06-26 00:00:00,128.0,130.1,130.6,128.0,8.466,0.00371,10781497,1397527606.0,0.23112480739598068,129.8
HK.09618,京东集团-SW,2025-06-27 00:00:00,130.7,130.3,133.0,129.7,8.479,0.00551,16008304,2096071265.0,0.1537279016141561,130.1
HK.09618,京东集团-SW,2025-06-30 00:00:00,130.9,127.9,131.5,127.6,8.323,0.00446,12949308,1668227165.0,-1.8419033000767502,130.3
HK.09618,京东集团-SW,2025-07-02 00:00:00,131.5,128.0,131.5,126.8,8.33,0.00463,13455540,1729488622.0,0.0781860828772434,127.9
HK.09618,京东集团-SW,2025-07-03 00:00:00,128.2,125.3,128.8,124.5,8.154,0.00594,17251226,2163305390.0,-2.109375000000002,128.0
HK.09618,京东集团-SW,2025-07-04 00:00:00,124.8,124.2,125.9,123.1,8.082,0.00605,17595224,2184318702.0,-0.8778930566640019,125.3
HK.09618,京东集团-SW,2025-07-07 00:00:00,124.0,124.8,125.7,121.8,8.121,0.0055,15985896,1982311844.0,0.4830917874396089,124.2
HK.09618,京东集团-SW,2025-07-08 00:00:00,126.4,127.7,128.3,125.7,8.31,0.00319,9284825,1181629406.0,2.3237179487179533,124.8
HK.09618,京东集团-SW,2025-07-09 00:00:00,128.0,125.3,128.0,124.8,8.154,0.00384,11166261,1407292435.0,-1.8794048551292135,127.7
HK.09618,京东集团-SW,2025-07-10 00:00:00,124.0,123.6,124.3,122.0,8.043,0.00544,15803091,1945691830.0,-1.3567438148443758,125.3
HK.09618,京东集团-SW,2025-07-11 00:00:00,121.9,123.3,125.9,121.7,8.024,0.00583,16937160,2098756108.0,-0.24271844660193947,123.6
HK.09618,京东集团-SW,2025-07-14 00:00:00,122.0,122.4,122.6,120.5,7.965,0.00366,10640122,1295641364.0,-0.7299270072992632,123.3
HK.09618,京东集团-SW,2025-07-15 00:00:00,121.1,125.0,125.7,121.0,8.134,0.00748,21738410,2684039155.0,2.124183006535943,122.4
HK.09618,京东集团-SW,2025-07-16 00:00:00,127.0,124.7,128.6,124.3,8.115,0.0052,15128348,1906399787.0,-0.23999999999999772,125.0
HK.09618,京东集团-SW,2025-07-17 00:00:00,124.0,124.5,125.4,123.4,8.102,0.00313,9099498,1131332429.0,-0.16038492381716346,124.7
HK.09618,京东集团-SW,2025-07-18 00:00:00,126.8,128.2,129.8,126.8,8.343,0.00708,20590635,2641838599.0,2.971887550200794,124.5
HK.09618,京东集团-SW,2025-07-21 00:00:00,132.3,130.9,132.8,130.3,8.518,0.00693,20128298,2644973345.0,2.1060842433697484,128.2
HK.09618,京东集团-SW,2025-07-22 00:00:00,131.1,130.5,131.5,128.8,8.492,0.00342,9942916,1293369109.0,-0.3055767761650158,130.9
HK.09618,京东集团-SW,2025-07-23 00:00:00,132.8,134.1,135.7,132.0,8.727,0.00695,20208002,2700760525.0,2.758620689655168,130.5
HK.09618,京东集团-SW,2025-07-24 00:00:00,134.1,133.3,135.3,132.9,8.674,0.00531,15439519,2073507457.0,-0.5965697240864899,134.1
HK.09618,京东集团-SW,2025-07-25 00:00:00,132.0,130.5,132.0,130.0,8.492,0.00386,11216257,1466885616.0,-2.100525131282829,133.3
HK.09618,京东集团-SW,2025-07-28 00:00:00,131.1,131.2,132.9,130.5,8.538,0.00277,8050512,1059667470.0,0.5363984674329415,130.5
HK.09618,京东集团-SW,2025-07-29 00:00:00,130.4,130.4,130.8,128.6,8.486,0.00307,8922156,1157227530.0,-0.6097560975609627,131.2
HK.09618,京东集团-SW,2025-07-30 00:00:00,127.4,126.9,129.1,126.5,8.258,0.00743,21601896,2757482325.0,-2.684049079754601,130.4
HK.09618,京东集团-SW,2025-07-31 00:00:00,125.7,122.9,125.7,122.7,7.998,0.0068,19773600,2443435245.0,-3.152088258471237,126.9
HK.09618,京东集团-SW,2025-08-01 00:00:00,122.9,122.7,125.0,122.5,7.985,0.00507,14724532,1821070463.0,-0.16273393002441242,122.9
HK.09618,京东集团-SW,2025-08-04 00:00:00,121.8,123.0,123.3,121.3,8.004,0.00364,10592054,1298049807.0,0.24449877750611013,122.7
HK.09618,京东集团-SW,2025-08-05 00:00:00,123.3,123.0,123.8,122.3,8.004,0.00408,11862607,1457460716.0,0.0,123.0
HK.09618,京东集团-SW,2025-08-06 00:00:00,123.2,122.6,124.3,122.3,7.978,0.00317,9200765,1132328093.0,-0.325203252032525,123.0
HK.09618,京东集团-SW,2025-08-07 00:00:00,123.8,124.7,125.7,122.9,8.115,0.00473,13755622,1712233363.0,1.7128874388254556,122.6
HK.09618,京东集团-SW,2025-08-08 00:00:00,124.7,122.9,125.0,122.6,7.998,0.0029,8428565,1040140790.0,-1.4434643143544483,124.7
HK.09618,京东集团-SW,2025-08-11 00:00:00,123.8,122.3,124.1,121.9,7.959,0.00314,9121178,1119007972.0,-0.4882017900732372,122.9
HK.09618,京东集团-SW,2025-08-12 00:00:00,122.4,122.7,123.4,122.0,7.985,0.00351,10202409,1250794767.0,0.32706459525756804,122.3
HK.09618,京东集团-SW,2025-08-13 00:00:00,125.7,127.4,127.5,124.8,8.291,0.00621,18061549,2284497966.0,3.8304808475957643,122.7
HK.09618,京东集团-SW,2025-08-14 00:00:00,127.1,125.1,127.5,125.0,7.943,0.00458,12991544,1635311926.0,-1.8053375196232426,127.4
HK.09618,京东集团-SW,2025-08-15 00:00:00,122.6,120.8,123.5,119.5,7.67,0.01008,28595222,3452176046.0,-3.437250199840126,125.1
HK.09618,京东集团-SW,2025-08-18 00:00:00,122.8,124.0,126.5,122.7,7.874,0.00755,21398654,2672618908.0,2.6490066225165587,120.8
HK.09618,京东集团-SW,2025-08-19 00:00:00,124.3,123.3,124.6,122.3,7.829,0.00317,8995656,1108714029.0,-0.5645161290322603,124.0
HK.09618,京东集团-SW,2025-08-20 00:00:00,121.7,122.5,123.0,121.3,7.778,0.00337,9547463,1166321611.0,-0.6488240064882378,123.3
HK.09618,京东集团-SW,2025-08-21 00:00:00,122.5,121.1,123.0,120.5,7.689,0.00351,9957126,1208883641.0,-1.1428571428571475,122.5
HK.09618,京东集团-SW,2025-08-22 00:00:00,121.7,121.4,122.3,119.9,7.708,0.00454,12883333,1555110613.0,0.2477291494632629,121.1
HK.09618,京东集团-SW,2025-08-25 00:00:00,124.0,126.6,127.4,123.8,8.039,0.00701,19884498,2509639651.0,4.2833607907742905,121.4
HK.09618,京东集团-SW,2025-08-26 00:00:00,125.2,124.4,126.8,124.0,7.899,0.00388,11008444,1378174193.0,-1.7377567140600225,126.6
HK.09618,京东集团-SW,2025-08-27 00:00:00,124.4,121.3,125.4,120.6,7.702,0.00664,18825418,2299455389.0,-2.4919614147910036,124.4
HK.09618,京东集团-SW,2025-08-28 00:00:00,120.0,115.2,120.6,114.8,7.315,0.01048,29732078,3468608000.0,-5.0288540807914215,121.3
HK.09618,京东集团-SW,2025-08-29 00:00:00,117.1,117.8,119.5,116.8,7.48,0.00694,19682921,2325278493.0,2.2569444444444398,115.2
HK.09618,京东集团-SW,2025-09-01 00:00:00,120.5,121.4,122.3,120.5,7.708,0.00617,17495761,2124118226.0,3.056027164685916,117.8
HK.09618,京东集团-SW,2025-09-02 00:00:00,121.0,119.6,121.7,119.1,7.594,0.00387,10962410,1316384015.0,-1.482701812191113,121.4
HK.09618,京东集团-SW,2025-09-03 00:00:00,122.8,120.7,123.9,119.9,7.664,0.00515,14607782,1774687678.0,0.9197324414715791,119.6
HK.09618,京东集团-SW,2025-09-04 00:00:00,122.7,119.8,122.7,119.6,7.607,0.00395,11194250,1350660995.0,-0.7456503728251911,120.7
HK.09618,京东集团-SW,2025-09-05 00:00:00,121.1,122.1,122.5,120.6,7.753,0.00719,20382243,2484683541.0,1.9198664440734532,119.8
HK.09618,京东集团-SW,2025-09-08 00:00:00,122.2,123.4,123.8,121.9,7.835,0.00383,10859107,1334691249.0,1.064701064701074,122.1
HK.09618,京东集团-SW,2025-09-09 00:00:00,126.8,127.5,127.9,126.0,8.096,0.00708,20087889,2552496983.0,3.322528363046997,123.4
HK.09618,京东集团-SW,2025-09-10 00:00:00,131.1,132.1,135.2,129.0,8.388,0.01215,34449535,4568669276.0,3.607843137254897,127.5
HK.09618,京东集团-SW,2025-09-11 00:00:00,130.6,129.8,131.2,128.8,8.242,0.00457,12959216,1682995139.0,-1.741105223315657,132.1
HK.09618,京东集团-SW,2025-09-12 00:00:00,134.3,131.7,134.9,131.3,8.362,0.00687,19492410,2588657321.0,1.4637904468412768,129.8
HK.09618,京东集团-SW,2025-09-15 00:00:00,131.7,131.7,134.7,130.7,8.362,0.00453,12845549,1698937637.0,0.0,131.7
HK.09618,京东集团-SW,2025-09-16 00:00:00,130.8,130.0,131.1,129.1,8.255,0.00475,13469755,1751347967.0,-1.2908124525436513,131.7
HK.09618,京东集团-SW,2025-09-17 00:00:00,134.0,136.7,138.4,133.7,8.68,0.0108,30635965,4183277239.0,5.153846153846145,130.0
HK.09618,京东集团-SW,2025-09-18 00:00:00,136.2,134.3,138.5,133.1,8.528,0.00671,19037627,2584721796.0,-1.7556693489392667,136.7
HK.09618,京东集团-SW,2025-09-19 00:00:00,137.1,138.8,139.6,136.2,8.813,0.00807,22881305,3168662182.0,3.3507073715562172,134.3
HK.09618,京东集团-SW,2025-09-22 00:00:00,138.0,134.2,138.0,133.5,8.521,0.0053,15017762,2023944166.0,-3.314121037463993,138.8
HK.09618,京东集团-SW,2025-09-23 00:00:00,132.6,128.3,133.0,126.5,8.147,0.0087,24681900,3173258197.0,-4.396423248882249,134.2
HK.09618,京东集团-SW,2025-09-24 00:00:00,128.5,133.0,133.0,128.2,8.445,0.00525,14883510,1955605019.0,3.6632891660171385,128.3
HK.09618,京东集团-SW,2025-09-25 00:00:00,135.5,137.6,142.6,134.4,8.737,0.01175,33321172,4615505375.0,3.458646616541349,133.0
HK.09618,京东集团-SW,2025-09-26 00:00:00,135.4,132.5,136.0,132.2,8.413,0.00505,14308826,1917483727.0,-3.7063953488372055,137.6
HK.09618,京东集团-SW,2025-09-29 00:00:00,134.5,136.6,137.0,134.5,8.674,0.00588,16670663,2270037558.0,3.094339622641505,132.5
HK.09618,京东集团-SW,2025-09-30 00:00:00,137.7,138.5,138.7,135.9,8.794,0.00472,13386682,1840704317.0,1.3909224011713073,136.6
HK.09618,京东集团-SW,2025-10-02 00:00:00,141.3,142.8,143.8,140.5,9.067,0.0074,20985894,2988368373.0,3.104693140794232,138.5
HK.09618,京东集团-SW,2025-10-03 00:00:00,140.2,140.2,141.0,138.3,8.902,0.00394,11171880,1558905539.0,-1.8207282913165423,142.8
HK.09618,京东集团-SW,2025-10-06 00:00:00,138.0,137.2,139.3,136.5,8.712,0.00294,8349301,1146864494.0,-2.139800285306705,140.2
HK.09618,京东集团-SW,2025-10-08 00:00:00,136.5,135.6,136.6,133.0,8.61,0.00417,11829547,1590702803.0,-1.1661807580174888,137.2
HK.09618,京东集团-SW,2025-10-09 00:00:00,137.0,135.7,137.2,133.7,8.616,0.00356,10087126,1369167966.0,0.07374631268436159,135.6
HK.09618,京东集团-SW,2025-10-10 00:00:00,132.7,131.8,134.0,131.6,8.369,0.00498,14114743,1870877947.0,-2.8739867354458197,135.7
HK.09618,京东集团-SW,2025-10-13 00:00:00,127.8,127.0,128.5,123.3,8.064,0.00941,26684816,3368299126.0,-3.641881638846746,131.8
HK.09618,京东集团-SW,2025-10-14 00:00:00,129.0,126.4,131.0,125.8,8.026,0.00619,17562863,2247520727.0,-0.47244094488188526,127.0
HK.09618,京东集团-SW,2025-10-15 00:00:00,129.1,129.0,129.8,127.5,8.191,0.00451,12781596,1644393039.0,2.056962025316451,126.4
HK.09618,京东集团-SW,2025-10-16 00:00:00,128.4,128.1,129.4,126.7,8.134,0.00366,10389455,1329524911.0,-0.6976744186046556,129.0
HK.09618,京东集团-SW,2025-10-17 00:00:00,127.5,124.1,127.7,123.3,7.88,0.00456,12926726,1612017423.0,-3.12256049960968,128.1
HK.09618,京东集团-SW,2025-10-20 00:00:00,130.4,127.8,130.4,127.1,8.115,0.00362,10271485,1315404649.0,2.981466559226433,124.1
HK.09618,京东集团-SW,2025-10-21 00:00:00,130.1,128.6,130.4,128.3,8.166,0.00338,9595574,1239763501.0,0.6259780907668209,127.8
HK.09618,京东集团-SW,2025-10-22 00:00:00,127.6,126.8,128.3,126.1,8.051,0.00256,7253676,922613513.0,-1.399688958009329,128.6
HK.09618,京东集团-SW,2025-10-23 00:00:00,126.2,128.7,130.9,125.4,8.172,0.00294,8345895,1069137233.0,1.4984227129337473,126.8
HK.09618,京东集团-SW,2025-10-24 00:00:00,129.7,128.8,129.9,127.5,8.178,0.00298,8445281,1085186980.0,0.07770007770009538,128.7
HK.09618,京东集团-SW,2025-10-27 00:00:00,131.0,131.8,132.6,130.0,8.369,0.00312,8853659,1165434727.0,2.329192546583851,128.8
HK.09618,京东集团-SW,2025-10-28 00:00:00,132.9,130.8,133.6,130.1,8.305,0.00233,6600492,866180753.0,-0.7587253414264036,131.8
HK.09618,京东集团-SW,2025-10-30 00:00:00,133.6,130.9,134.8,129.9,8.312,0.00509,14423687,1905372573.0,0.07645259938837484,130.8
HK.09618,京东集团-SW,2025-10-31 00:00:00,129.9,127.6,130.6,127.6,8.102,0.00246,6989903,897739699.0,-2.5210084033613533,130.9
HK.09618,京东集团-SW,2025-11-03 00:00:00,128.4,127.2,128.9,126.5,8.077,0.00189,5362005,684109384.0,-0.3134796238244448,127.6
HK.09618,京东集团-SW,2025-11-04 00:00:00,126.3,123.4,126.8,123.3,7.835,0.00383,10856773,1353043392.0,-2.9874213836477965,127.2
HK.09618,京东集团-SW,2025-11-05 00:00:00,121.8,122.8,123.6,120.2,7.797,0.0043,12199635,1491591271.0,-0.48622366288493396,123.4
HK.09618,京东集团-SW,2025-11-06 00:00:00,123.8,126.9,127.3,123.6,8.058,0.00326,9247285,1164532904.0,3.3387622149837206,122.8
HK.09618,京东集团-SW,2025-11-07 00:00:00,124.2,124.0,125.1,123.3,7.874,0.00248,7019975,870775895.0,-2.285263987391651,126.9
HK.09618,京东集团-SW,2025-11-10 00:00:00,123.9,124.5,124.8,122.8,7.905,0.00265,7528870,933194473.0,0.4032258064516129,124.0
HK.09618,京东集团-SW,2025-11-11 00:00:00,122.1,123.1,123.2,121.3,7.816,0.00353,10012848,1223081015.0,-1.1244979919678761,124.5
HK.09618,京东集团-SW,2025-11-12 00:00:00,123.2,124.7,125.3,122.8,7.918,0.00321,9102999,1133738562.0,1.2997562956945643,123.1
HK.09618,京东集团-SW,2025-11-13 00:00:00,121.5,124.4,125.5,121.0,7.899,0.00426,12092692,1488868504.0,-0.24057738572573947,124.7
HK.09618,京东集团-SW,2025-11-14 00:00:00,120.7,116.9,121.1,116.5,7.423,0.00957,27150506,3204614985.0,-6.028938906752411,124.4
HK.09618,京东集团-SW,2025-11-17 00:00:00,115.9,115.4,116.6,114.4,7.333,0.00494,14026491,1618132427.0,-1.2831479897348161,116.9
HK.09618,京东集团-SW,2025-11-18 00:00:00,114.6,114.3,115.7,114.1,7.263,0.00417,11826634,1354766885.0,-0.9532062391681183,115.4
HK.09618,京东集团-SW,2025-11-19 00:00:00,114.5,113.5,114.7,113.1,7.212,0.00349,9909252,1127750729.0,-0.6999125109361305,114.3
HK.09618,京东集团-SW,2025-11-20 00:00:00,113.5,113.5,114.8,112.9,7.212,0.00467,13266682,1506736070.0,0.0,113.5
HK.09618,京东集团-SW,2025-11-21 00:00:00,110.8,110.3,112.2,110.1,7.008,0.00571,16209520,1798858811.0,-2.8193832599118966,113.5
HK.09618,京东集团-SW,2025-11-24 00:00:00,112.0,112.4,113.5,111.2,7.142,0.00755,21419215,2409293238.0,1.9038984587488743,110.3
HK.09618,京东集团-SW,2025-11-25 00:00:00,112.5,112.4,112.9,111.3,7.142,0.00531,15067944,1689976473.0,0.0,112.4
HK.09618,京东集团-SW,2025-11-26 00:00:00,112.8,114.8,115.6,112.7,7.294,0.00485,13777502,1580335207.0,2.135231316725971,112.4
HK.09618,京东集团-SW,2025-11-27 00:00:00,114.7,116.2,117.8,114.6,7.383,0.0039,11080169,1290773197.0,1.219512195121956,114.8
HK.09618,京东集团-SW,2025-11-28 00:00:00,116.8,116.5,117.6,116.2,7.402,0.00326,9249406,1081722928.0,0.25817555938037623,116.2
HK.09618,京东集团-SW,2025-12-01 00:00:00,115.7,117.1,118.1,115.5,7.441,0.00335,9511983,1114126080.0,0.515021459227463,116.5
HK.09618,京东集团-SW,2025-12-02 00:00:00,117.1,116.0,117.4,115.8,7.371,0.00268,7615396,885453208.0,-0.9393680614859047,117.1
HK.09618,京东集团-SW,2025-12-03 00:00:00,115.6,115.5,116.3,115.2,7.339,0.00277,7859439,908647208.0,-0.43103448275862066,116.0
HK.09618,京东集团-SW,2025-12-04 00:00:00,116.2,116.1,116.9,114.5,7.377,0.00316,8972978,1037826693.0,0.5194805194805145,115.5
HK.09618,京东集团-SW,2025-12-05 00:00:00,115.0,117.0,117.7,114.4,7.434,0.00521,14790746,1724892637.0,0.7751937984496173,116.1
HK.09618,京东集团-SW,2025-12-08 00:00:00,117.3,116.2,118.2,116.0,7.383,0.00222,6310171,736782568.0,-0.6837606837606813,117.0
HK.09618,京东集团-SW,2025-12-09 00:00:00,116.4,114.9,116.9,114.8,7.301,0.00325,9213992,1064506660.0,-1.1187607573149718,116.2
HK.09618,京东集团-SW,2025-12-10 00:00:00,114.3,114.8,115.4,113.5,7.294,0.0031,8796504,1007522304.0,-0.08703220191471586,114.9
HK.09618,京东集团-SW,2025-12-11 00:00:00,114.8,114.3,115.5,113.8,7.263,0.00172,4875060,557756696.0,-0.4355400696864111,114.8
HK.09618,京东集团-SW,2025-12-12 00:00:00,115.1,115.6,116.2,114.7,7.345,0.00502,14246121,1644760361.0,1.1373578302712137,114.3
HK.09618,京东集团-SW,2025-12-15 00:00:00,114.9,113.5,115.0,113.5,7.212,0.00304,8616416,982815454.0,-1.8166089965397876,115.6
HK.09618,京东集团-SW,2025-12-16 00:00:00,113.2,110.9,113.2,109.9,7.047,0.00393,11148958,1235464797.0,-2.2907488986784093,113.5
HK.09618,京东集团-SW,2025-12-17 00:00:00,111.4,112.3,112.6,111.0,7.136,0.00362,10265864,1149332349.0,1.262398557258784,110.9
HK.09618,京东集团-SW,2025-12-18 00:00:00,111.4,112.2,112.8,111.0,7.129,0.00174,4946925,554169335.0,-0.08904719501335202,112.3
HK.09618,京东集团-SW,2025-12-19 00:00:00,113.0,111.3,113.1,111.1,7.072,0.00444,12601344,1406183973.0,-0.8021390374331602,112.2
HK.09618,京东集团-SW,2025-12-22 00:00:00,111.4,112.3,112.6,111.4,7.136,0.00279,7906246,885675417.0,0.8984725965858041,111.3
HK.09618,京东集团-SW,2025-12-23 00:00:00,112.7,112.8,113.6,112.4,7.167,0.002,5676788,641126954.0,0.44523597506678536,112.3
HK.09618,京东集团-SW,2025-12-24 00:00:00,112.6,112.8,113.3,112.4,7.167,0.00085,2404081,271313356.0,0.0,112.8
HK.09618,京东集团-SW,2025-12-29 00:00:00,113.4,112.0,114.5,111.8,7.116,0.00313,8879485,1004020680.0,-0.7092198581560258,112.8
HK.09618,京东集团-SW,2025-12-30 00:00:00,112.9,113.6,114.3,112.5,7.218,0.00331,9386468,1065519396.0,1.4285714285714235,112.0
HK.09618,京东集团-SW,2025-12-31 00:00:00,112.1,111.6,112.1,110.8,7.091,0.0022,6236210,695042921.0,-1.7605633802816902,113.6
HK.09618,京东集团-SW,2026-01-02 00:00:00,112.3,115.1,115.6,112.3,7.313,0.00306,8695252,998022018.0,3.1362007168458788,111.6
HK.09618,京东集团-SW,2026-01-05 00:00:00,114.8,113.7,115.2,113.0,7.225,0.00368,10453025,1189786050.0,-1.2163336229365695,115.1
HK.09618,京东集团-SW,2026-01-06 00:00:00,115.0,115.5,117.1,114.5,7.339,0.00415,11779827,1366079630.0,1.5831134564643774,113.7
HK.09618,京东集团-SW,2026-01-07 00:00:00,115.9,114.0,116.2,113.3,7.244,0.00406,11518144,1314726610.0,-1.2987012987012987,115.5
HK.09618,京东集团-SW,2026-01-08 00:00:00,113.1,111.7,113.1,111.0,7.097,0.00475,13487302,1507748415.0,-2.01754385964912,114.0
HK.09618,京东集团-SW,2026-01-09 00:00:00,115.4,114.6,116.6,114.4,7.282,0.00487,13812469,1589993561.0,2.5962399283795805,111.7
HK.09618,京东集团-SW,2026-01-12 00:00:00,115.6,116.9,117.5,114.3,7.428,0.00363,10290561,1198615239.0,2.0069808027923313,114.6
HK.09618,京东集团-SW,2026-01-13 00:00:00,119.3,117.4,120.4,116.9,7.46,0.00456,12940625,1532083248.0,0.42771599657827203,116.9
HK.09618,京东集团-SW,2026-01-14 00:00:00,116.4,115.9,117.4,114.8,7.364,0.00458,12998960,1507737953.0,-1.2776831345826234,117.4
HK.09618,京东集团-SW,2026-01-15 00:00:00,116.2,115.1,116.8,114.5,7.313,0.00281,7960677,918543198.0,-0.6902502157032021,115.9
HK.09618,京东集团-SW,2026-01-16 00:00:00,114.5,113.6,115.5,113.1,7.218,0.00373,10580579,1203247872.0,-1.3032145960034753,115.1
HK.09618,京东集团-SW,2026-01-19 00:00:00,113.0,112.3,113.1,111.9,7.136,0.00212,6024636,677240053.0,-1.1443661971830963,113.6
HK.09618,京东集团-SW,2026-01-20 00:00:00,112.2,112.4,113.8,111.7,7.142,0.00308,8737424,985303312.0,0.08904719501336468,112.3
HK.09618,京东集团-SW,2026-01-21 00:00:00,112.0,112.8,113.6,111.8,7.167,0.0036,10226076,1151117742.0,0.35587188612098886,112.4
HK.09618,京东集团-SW,2026-01-22 00:00:00,113.9,113.9,114.6,112.7,7.237,0.00291,8256681,937425236.0,0.9751773049645467,112.8
HK.09618,京东集团-SW,2026-01-23 00:00:00,116.9,114.8,117.3,114.8,7.294,0.00346,9828732,1134465663.0,0.7901668129938467,113.9
HK.09618,京东集团-SW,2026-01-26 00:00:00,116.0,116.0,116.5,114.6,7.371,0.00371,10532195,1219459572.0,1.0452961672473893,114.8
HK.09618,京东集团-SW,2026-01-27 00:00:00,115.8,113.5,115.9,112.7,7.212,0.00516,14654490,1669128526.0,-2.1551724137931036,116.0
HK.09618,京东集团-SW,2026-01-28 00:00:00,115.2,116.3,116.4,113.5,7.39,0.00548,15557923,1793914507.0,2.466960352422905,113.5
HK.09618,京东集团-SW,2026-01-29 00:00:00,113.6,114.6,115.0,113.5,7.282,0.00524,14861889,1698487944.0,-1.4617368873602776,116.3
HK.09618,京东集团-SW,2026-01-30 00:00:00,113.7,112.4,114.2,112.2,7.142,0.00551,15632455,1762696888.0,-1.9197207678882975,114.6
HK.09618,京东集团-SW,2026-02-02 00:00:00,112.0,110.5,112.7,109.5,7.021,0.00487,13829763,1530457182.0,-1.690391459074738,112.4
HK.09618,京东集团-SW,2026-02-03 00:00:00,111.1,109.7,111.9,107.8,6.97,0.00377,10698271,1175451194.0,-0.7239819004524861,110.5
HK.09618,京东集团-SW,2026-02-04 00:00:00,109.5,107.9,109.8,107.6,6.856,0.00464,13178141,1427606503.0,-1.6408386508659956,109.7
HK.09618,京东集团-SW,2026-02-05 00:00:00,106.3,108.8,109.2,105.9,6.913,0.00513,14545393,1568428032.0,0.8341056533827539,107.9
HK.09618,京东集团-SW,2026-02-06 00:00:00,106.2,106.9,107.3,106.0,6.792,0.00469,13305426,1419387026.0,-1.7463235294117567,108.8
HK.09618,京东集团-SW,2026-02-09 00:00:00,109.8,107.9,110.1,107.9,6.856,0.00276,7827278,848602061.0,0.9354536950420954,106.9
HK.09618,京东集团-SW,2026-02-10 00:00:00,109.2,110.0,110.8,108.7,6.989,0.00401,11390711,1254070537.0,1.946246524559772,107.9
HK.09618,京东集团-SW,2026-02-11 00:00:00,111.0,109.8,111.3,109.6,6.977,0.00241,6850343,755532322.0,-0.1818181818181844,110.0
HK.09618,京东集团-SW,2026-02-12 00:00:00,109.9,108.4,110.3,108.1,6.888,0.0028,7935520,861481782.0,-1.2750455373406115,109.8
HK.09618,京东集团-SW,2026-02-13 00:00:00,107.1,106.4,107.6,105.0,6.761,0.00483,13708742,1456229473.0,-1.8450184501845017,108.4
HK.09618,京东集团-SW,2026-02-16 00:00:00,105.5,105.9,106.3,103.2,6.729,0.00321,9123926,954454029.0,-0.4699248120300752,106.4
HK.09618,京东集团-SW,2026-02-20 00:00:00,105.1,103.8,106.1,103.6,6.595,0.00286,8122746,847763802.0,-1.9830028328611977,105.9
HK.09618,京东集团-SW,2026-02-23 00:00:00,106.0,107.5,109.4,105.9,6.831,0.00366,10400125,1123405546.0,3.564547206165706,103.8
HK.09618,京东集团-SW,2026-02-24 00:00:00,106.9,106.3,107.8,105.3,6.754,0.00396,11228354,1199277201.0,-1.1162790697674445,107.5
HK.09618,京东集团-SW,2026-02-25 00:00:00,107.4,106.8,108.1,106.3,6.786,0.00414,11752769,1257284513.0,0.4703668861712136,106.3
HK.09618,京东集团-SW,2026-02-26 00:00:00,107.3,104.0,107.7,103.9,6.608,0.00502,14245518,1490067313.0,-2.621722846441945,106.8
HK.09618,京东集团-SW,2026-02-27 00:00:00,105.0,104.4,105.4,104.0,6.634,0.00408,11576972,1209808940.0,0.3846153846153901,104.0
HK.09618,京东集团-SW,2026-03-02 00:00:00,102.9,101.3,103.0,100.4,6.437,0.00554,15724548,1594895565.0,-2.9693486590038396,104.4
HK.09618,京东集团-SW,2026-03-03 00:00:00,102.1,100.4,103.4,100.2,6.379,0.00598,16960919,1719629050.0,-0.8884501480750163,101.3
HK.09618,京东集团-SW,2026-03-04 00:00:00,99.3,98.0,99.45,95.9,6.227,0.00836,23737725,2311199735.0,-2.3904382470119576,100.4
HK.09618,京东集团-SW,2026-03-05 00:00:00,98.95,96.95,99.5,96.65,12.659,0.00635,18033650,1759491556.0,-1.0714285714285685,98.0
HK.09618,京东集团-SW,2026-03-06 00:00:00,98.5,106.6,106.6,98.5,13.92,0.01697,48151193,5062004383.0,9.95358432181536,96.95
HK.09618,京东集团-SW,2026-03-09 00:00:00,102.6,105.5,105.8,102.3,13.776,0.00838,23771929,2496541882.0,-1.0318949343339534,106.6
HK.09618,京东集团-SW,2026-03-10 00:00:00,107.6,108.5,108.7,106.7,14.168,0.00478,13555673,1464729109.0,2.843601895734597,105.5
HK.09618,京东集团-SW,2026-03-11 00:00:00,109.0,108.6,110.5,108.0,14.181,0.00312,8840612,961189708.0,0.09216589861750628,108.5
HK.09618,京东集团-SW,2026-03-12 00:00:00,108.9,109.5,110.6,108.3,14.298,0.00309,8770540,959326729.0,0.8287292817679611,108.6
HK.09618,京东集团-SW,2026-03-13 00:00:00,109.5,109.6,111.8,109.0,14.311,0.00349,9895902,1092952342.0,0.09132420091323681,109.5
HK.09618,京东集团-SW,2026-03-16 00:00:00,111.0,111.5,112.2,110.6,14.559,0.00352,9999042,1115363176.0,1.7335766423357717,109.6
HK.09618,京东集团-SW,2026-03-17 00:00:00,111.8,112.1,113.6,111.6,14.638,0.0027,7665981,861718185.0,0.538116591928246,111.5
HK.09618,京东集团-SW,2026-03-18 00:00:00,112.3,112.8,114.0,111.7,14.729,0.0028,7938873,895902121.0,0.6244424620874245,112.1
HK.09618,京东集团-SW,2026-03-19 00:00:00,110.0,110.7,112.1,110.0,14.455,0.00346,9831672,1090548119.0,-1.8617021276595696,112.8
HK.09618,京东集团-SW,2026-03-20 00:00:00,108.4,108.6,110.0,106.2,14.181,0.00765,21697532,2342630880.0,-1.8970189701897096,110.7
HK.09618,京东集团-SW,2026-03-23 00:00:00,106.5,105.1,106.7,103.5,13.724,0.00671,19055693,2009341044.0,-3.2228360957642725,108.6
HK.09618,京东集团-SW,2026-03-24 00:00:00,105.9,107.2,107.6,104.5,13.998,0.00287,8148970,867558993.0,1.9980970504281719,105.1
HK.09618,京东集团-SW,2026-03-25 00:00:00,108.3,112.4,113.3,107.8,14.677,0.00644,18278547,2030145173.0,4.850746268656718,107.2
HK.09618,京东集团-SW,2026-03-26 00:00:00,115.2,113.6,116.3,113.0,14.834,0.00607,17228223,1967389654.0,1.0676156583629792,112.4
HK.09618,京东集团-SW,2026-03-27 00:00:00,114.0,113.7,115.7,113.7,14.847,0.00369,10465238,1197850754.0,0.08802816901409202,113.6
HK.09618,京东集团-SW,2026-03-30 00:00:00,110.3,113.0,114.3,110.3,14.755,0.00459,13019171,1468717461.0,-0.6156552330694837,113.7
HK.09618,京东集团-SW,2026-03-31 00:00:00,113.6,113.2,115.0,111.9,14.781,0.00356,10114180,1143341813.0,0.1769911504424804,113.0
HK.09618,京东集团-SW,2026-04-01 00:00:00,114.4,112.9,115.5,112.7,14.742,0.00302,8581179,973529193.0,-0.26501766784452047,113.2
