code,name,time_key,open,close,high,low,pe_ratio,turnover_rate,volume,turnover,change_rate,last_close
HK.01211,比亚迪股份,2019-06-03,11.932216654,12.165549987,12.465549987,11.89888332,42.449,0.00344,9429189,145358871.0,0.551015041940249,12.09888332
HK.01211,比亚迪股份,2019-06-04,12.082216654,11.915549987,12.19888332,11.798883321,41.758,0.00384,10549266,159499055.0,-2.0549831307844513,12.165549987
HK.01211,比亚迪股份,2019-06-05,12.082216654,11.84888332,12.265549987,11.748883321,41.574,0.00484,13294656,201630283.0,-0.5594929908626448,11.915549987
HK.01211,比亚迪股份,2019-06-06,11.865549987,12.715549986,12.782216653,11.765549987,43.968,0.01423,39073740,604445612.0,7.314332014200294,11.84888332
HK.01211,比亚迪股份,2019-06-10,12.582216653,12.565549986,12.932216653,12.532216653,43.554,0.00947,25984695,412865036.0,-1.1796579791291033,12.715549986
HK.01211,比亚迪股份,2019-06-11,12.742936652,12.792936652,12.909603319,12.542936653,43.968,0.00534,14667720,233089026.0,1.80960376786805,12.565549986
HK.01211,比亚迪股份,2019-06-12,12.859603319,12.509603319,12.859603319,12.242936653,43.186,0.00512,14061651,218534270.0,-2.214763824033355,12.792936652
HK.01211,比亚迪股份,2019-06-13,12.709603319,12.426269986,12.709603319,12.20960332,42.955,0.00398,10917063,169036051.0,-0.6661548801745867,12.509603319
HK.01211,比亚迪股份,2019-06-14,12.20960332,11.992936653,12.392936653,11.95960332,41.758,0.00408,11200194,170014686.0,-3.487235779427079,12.426269986
HK.01211,比亚迪股份,2019-06-17,12.276269986,12.076269986,12.276269986,11.942936653,41.988,0.00242,6635946,100839062.0,0.6948534409139481,11.992936653
HK.01211,比亚迪股份,2019-06-18,12.042936653,12.142936653,12.309603319,11.90960332,42.173,0.00206,5645946,86119412.0,0.552046841262131,12.076269986
HK.01211,比亚迪股份,2019-06-19,12.476269986,12.442936653,12.576269986,12.342936653,43.001,0.0024,6579072,102509066.0,2.470572058249876,12.142936653
HK.01211,比亚迪股份,2019-06-20,12.492936653,12.742936652,12.926269985,12.476269986,43.83,0.00485,13309692,210712373.0,2.411006399583885,12.442936653
HK.01211,比亚迪股份,2019-06-21,12.726269986,12.626269986,12.826269986,12.559603319,43.508,0.00329,9021777,142196371.0,-0.9155398726845893,12.742936652
HK.01211,比亚迪股份,2019-06-24,12.592936652,12.659603319,12.926269985,12.592936652,43.6,0.00212,5831418,92450245.0,0.2639998434768132,12.626269986
HK.01211,比亚迪股份,2019-06-25,12.726269986,12.509603319,12.759603319,12.326269986,43.186,0.00199,5475675,85471082.0,-1.184871249282154,12.659603319
HK.01211,比亚迪股份,2019-06-26,12.309603319,12.276269986,12.426269986,12.176269986,42.541,0.00349,9585465,147544897.0,-1.8652336692851383,12.509603319
HK.01211,比亚迪股份,2019-06-27,12.442936653,12.426269986,12.592936652,12.392936653,42.955,0.00398,10920345,170293750.0,1.2218695106173154,12.276269986
HK.01211,比亚迪股份,2019-06-28,12.459603319,12.592936652,12.692936652,12.376269986,43.416,0.00325,8918646,139632395.0,1.3412445262156334,12.426269986
HK.01211,比亚迪股份,2019-07-02,12.826269986,13.109603319,13.259603318,12.726269986,44.843,0.01052,28864653,467729041.0,4.102829080125186,12.592936652
HK.01211,比亚迪股份,2019-07-03,13.059603319,13.142936652,13.192936652,12.909603319,44.935,0.00358,9824592,158989784.0,0.2542665265217386,13.109603319
HK.01211,比亚迪股份,2019-07-04,13.209603319,12.876269986,13.359603318,12.809603319,44.198,0.0032,8794029,142059670.0,-2.028973227679824,13.142936652
HK.01211,比亚迪股份,2019-07-05,12.776269986,12.809603319,12.876269986,12.442936653,44.014,0.00369,10135467,160471108.0,-0.5177482848098444,12.876269986
HK.01211,比亚迪股份,2019-07-08,12.809603319,12.492936653,12.876269986,12.259603319,43.139,0.00549,15056778,234737360.0,-2.472103609409214,12.809603319
HK.01211,比亚迪股份,2019-07-09,12.259603319,12.676269986,12.842936652,12.259603319,43.646,0.00474,13002534,205157340.0,1.4674958986202442,12.492936653
HK.01211,比亚迪股份,2019-07-10,12.826269986,12.742936652,12.826269986,12.609603319,43.83,0.00213,5846259,92656447.0,0.5259170566233451,12.676269986
HK.01211,比亚迪股份,2019-07-11,12.876269986,12.742936652,12.909603319,12.676269986,43.83,0.00222,6087105,96982020.0,0.0,12.742936652
HK.01211,比亚迪股份,2019-07-12,12.742936652,12.742936652,12.942936652,12.559603319,43.83,0.00247,6775284,107636982.0,0.0,12.742936652
HK.01211,比亚迪股份,2019-07-15,12.676269986,12.976269985,13.042936652,12.442936653,44.475,0.00607,16674000,267097756.0,1.8310797532166916,12.742936652
HK.01211,比亚迪股份,2019-07-16,12.826269986,12.942936652,12.959603319,12.676269986,44.383,0.00419,11499072,183485612.0,-0.2568791574044908,12.976269985
HK.01211,比亚迪股份,2019-07-17,12.809603319,13.176269985,13.242936652,12.709603319,45.027,0.00587,16112412,262008455.0,1.802785096409658,12.942936652
HK.01211,比亚迪股份,2019-07-18,13.009603319,12.842936652,13.092936652,12.692936652,44.106,0.00455,12487743,200075725.0,-2.5298004168058856,13.176269985
HK.01211,比亚迪股份,2019-07-19,12.942936652,12.892936652,12.976269985,12.759603319,44.244,0.00226,6203100,99125530.0,0.3893190580536932,12.842936652
HK.01211,比亚迪股份,2019-07-22,13.009603319,12.992936652,13.276269985,12.892936652,44.521,0.00413,11323191,183106485.0,0.7756184855254623,12.892936652
HK.01211,比亚迪股份,2019-07-23,12.859603319,13.259603318,13.376269985,12.809603319,45.257,0.00473,12972528,211904983.0,2.052397184272832,12.992936652
HK.01211,比亚迪股份,2019-07-24,13.409603318,13.542936652,13.676269985,13.226269985,46.04,0.00569,15631218,260542536.0,2.136816066098848,13.259603318
HK.01211,比亚迪股份,2019-07-25,13.659603318,13.426269985,13.692936651,13.326269985,45.718,0.0033,9059352,150514870.0,-0.8614576734564535,13.542936652
HK.01211,比亚迪股份,2019-07-26,13.359603318,13.309603318,13.359603318,12.992936652,45.395,0.00223,6132384,100279798.0,-0.868943251776854,13.426269985
HK.01211,比亚迪股份,2019-07-29,13.576269985,13.392936652,13.692936651,13.209603319,45.626,0.00366,10039386,166564502.0,0.6261143327036524,13.309603318
HK.01211,比亚迪股份,2019-07-30,13.542936652,13.442936652,13.642936651,13.392936652,45.764,0.0019,5219889,86718439.0,0.3733311169849675,13.392936652
HK.01211,比亚迪股份,2019-07-31,13.442936652,13.309603318,13.442936652,13.142936652,45.395,0.00267,7328307,120002652.0,-0.9918467776173197,13.442936652
HK.01211,比亚迪股份,2019-08-01,13.176269985,13.259603318,13.459603318,13.126269985,45.257,0.00332,9124803,149520926.0,-0.375668596616853,13.309603318
HK.01211,比亚迪股份,2019-08-02,12.409603319,12.626269986,12.842936652,12.409603319,43.508,0.00486,13340835,210432852.0,-4.776412361750258,13.259603318
HK.01211,比亚迪股份,2019-08-05,12.359603319,12.20960332,12.442936653,12.10960332,42.357,0.00506,13878792,212990256.0,-3.2999980711801733,12.626269986
HK.01211,比亚迪股份,2019-08-06,11.692936653,11.90960332,11.942936653,11.492936654,41.528,0.00802,22005504,326791398.0,-2.457082282997536,12.20960332
HK.01211,比亚迪股份,2019-08-07,11.876269987,11.192936654,11.876269987,11.042936654,39.548,0.01108,30422826,436466160.0,-6.017552782773961,11.90960332
HK.01211,比亚迪股份,2019-08-08,11.292936654,11.476269987,11.55960332,11.159603321,40.331,0.00622,17084112,248621408.0,2.5313583178257826,11.192936654
HK.01211,比亚迪股份,2019-08-09,11.626269987,11.392936654,11.742936653,11.25960332,40.101,0.00393,10783947,157378526.0,-0.7261360450250669,11.476269987
HK.01211,比亚迪股份,2019-08-12,11.542936654,11.442936654,11.542936654,11.276269987,40.239,0.00213,5845020,84931319.0,0.4388684104764681,11.392936654
HK.01211,比亚迪股份,2019-08-13,11.142936654,11.109603321,11.30960332,10.909603321,39.318,0.00452,12402735,175784170.0,-2.913005140891699,11.442936654
HK.01211,比亚迪股份,2019-08-14,11.326269987,11.042936654,11.342936654,10.992936654,39.134,0.0037,10150068,144044979.0,-0.6000814347167795,11.109603321
HK.01211,比亚迪股份,2019-08-15,10.892936654,10.992936654,11.042936654,10.709603321,38.996,0.00347,9535491,133996364.0,-0.4527781111728969,11.042936654
HK.01211,比亚迪股份,2019-08-16,10.909603321,10.976269987,11.192936654,10.892936654,38.95,0.00349,9593049,135935555.0,-0.1516125083276503,10.992936654
HK.01211,比亚迪股份,2019-08-19,11.142936654,11.326269987,11.492936654,11.076269987,39.917,0.00397,10901481,157592409.0,3.1886970748216856,10.976269987
HK.01211,比亚迪股份,2019-08-20,11.326269987,11.392936654,11.476269987,11.209603321,40.101,0.00234,6430731,93334901.0,0.5886021353589317,11.326269987
HK.01211,比亚迪股份,2019-08-21,11.45960332,11.276269987,11.45960332,11.226269987,39.779,0.00427,11724159,169182860.0,-1.0240262940375382,11.392936654
HK.01211,比亚迪股份,2019-08-22,11.30960332,10.326269988,11.342936654,10.242936655,37.154,0.01812,49742037,676591467.0,-8.42477166736181,11.276269987
HK.01211,比亚迪股份,2019-08-23,10.409603321,9.942936655,10.459603321,9.809603322,36.095,0.01486,40793367,536861221.0,-3.7122148989467183,10.326269988
HK.01211,比亚迪股份,2019-08-26,9.576269989,9.876269989,9.876269989,9.309603322,35.911,0.00885,24297330,311651606.0,-0.6704927157156841,9.942936655
HK.01211,比亚迪股份,2019-08-27,9.826269989,9.492936656,10.026269988,9.476269989,34.852,0.0102,28011738,357930034.0,-3.881357368996094,9.876269989
HK.01211,比亚迪股份,2019-08-28,10.126269988,9.559603322,10.242936655,9.542936656,35.036,0.00898,24646803,316939620.0,0.702276528495143,9.492936656
HK.01211,比亚迪股份,2019-08-29,9.542936656,9.559603322,9.609603322,9.226269989,35.036,0.00597,16381146,205420439.0,0.0,9.559603322
HK.01211,比亚迪股份,2019-08-30,9.876269989,10.409603321,10.509603321,9.792936655,37.384,0.0152,41728359,555762185.0,8.891582321662378,9.559603322
HK.01211,比亚迪股份,2019-09-02,10.509603321,10.076269988,10.526269988,9.976269988,36.464,0.00624,17141235,227590325.0,-3.2021713289260942,10.409603321
HK.01211,比亚迪股份,2019-09-03,10.142936655,9.876269989,10.142936655,9.809603322,35.911,0.00424,11644962,151605434.0,-1.9848614540716216,10.076269988
HK.01211,比亚迪股份,2019-09-04,10.076269988,9.942936655,10.076269988,9.609603322,36.095,0.00795,21816279,282080047.0,0.6750186667056668,9.876269989
HK.01211,比亚迪股份,2019-09-05,10.009603322,10.326269988,10.442936655,10.009603322,37.154,0.00837,22985895,308198962.0,3.855333150566063,9.942936655
HK.01211,比亚迪股份,2019-09-06,10.526269988,10.642936654,10.676269988,10.392936655,38.029,0.00792,21748749,297897137.0,3.066612304036145,10.326269988
HK.01211,比亚迪股份,2019-09-09,10.859603321,10.859603321,10.959603321,10.592936654,38.627,0.0057,15643881,217888614.0,2.035778977586689,10.642936654
HK.01211,比亚迪股份,2019-09-10,10.976269987,10.742936654,11.026269987,10.692936654,38.305,0.0024,6576267,91610982.0,-1.0743179428515013,10.859603321
HK.01211,比亚迪股份,2019-09-11,10.842936654,11.042936654,11.076269987,10.742936654,39.134,0.00418,11484468,162093504.0,2.792532523109493,10.742936654
HK.01211,比亚迪股份,2019-09-12,10.942936654,10.576269988,11.042936654,10.492936655,37.845,0.00731,20071749,275963687.0,-4.225929031576604,11.042936654
HK.01211,比亚迪股份,2019-09-13,10.692936654,11.109603321,11.226269987,10.676269988,39.318,0.00657,18031461,256179097.0,5.042735610996392,10.576269988
HK.01211,比亚迪股份,2019-09-16,10.942936654,10.992936654,11.109603321,10.876269988,38.996,0.00209,5747688,81020428.0,-1.0501425085040668,11.109603321
HK.01211,比亚迪股份,2019-09-17,10.976269987,10.809603321,11.042936654,10.676269988,38.489,0.00215,5899836,82191470.0,-1.6677375552172309,10.992936654
HK.01211,比亚迪股份,2019-09-18,10.876269988,10.876269988,10.976269987,10.709603321,38.674,0.00255,7007994,97983818.0,0.6167355546755848,10.809603321
HK.01211,比亚迪股份,2019-09-19,10.942936654,10.776269988,11.092936654,10.726269988,38.397,0.00283,7781280,108622216.0,-0.9194328580509068,10.876269988
HK.01211,比亚迪股份,2019-09-20,10.876269988,10.642936654,10.942936654,10.542936655,38.029,0.00376,10332816,142322588.0,-1.237286502180012,10.776269988
HK.01211,比亚迪股份,2019-09-23,10.759603321,10.409603321,10.759603321,10.326269988,37.384,0.00314,8626533,117350512.0,-2.1923773539731073,10.642936654
HK.01211,比亚迪股份,2019-09-24,10.559603321,10.392936655,10.676269988,10.392936655,37.338,0.00197,5397729,73639606.0,-0.1601085602020777,10.409603321
HK.01211,比亚迪股份,2019-09-25,10.526269988,9.842936655,10.526269988,9.776269989,35.819,0.00715,19623609,256703548.0,-5.292055732249615,10.392936655
HK.01211,比亚迪股份,2019-09-26,9.909603322,9.926269988,10.092936655,9.759603322,36.049,0.00369,10133238,131863039.0,0.8466307964876238,9.842936655
HK.01211,比亚迪股份,2019-09-27,9.876269989,9.926269988,9.992936655,9.826269989,36.049,0.0023,6307197,82216627.0,0.0,9.926269988
HK.01211,比亚迪股份,2019-09-30,9.926269988,9.926269988,9.926269988,9.826269989,36.049,0.00312,8557818,111450073.0,0.0,9.926269988
HK.01211,比亚迪股份,2019-10-02,9.876269989,9.842936655,9.992936655,9.676269989,35.819,0.00309,8483766,110070650.0,-0.8395231350823781,9.926269988
HK.01211,比亚迪股份,2019-10-03,9.859603322,9.676269989,9.876269989,9.542936656,35.359,0.00486,13352853,170173543.0,-1.693261592975284,9.842936655
HK.01211,比亚迪股份,2019-10-04,9.659603322,9.609603322,9.759603322,9.476269989,35.174,0.00327,8974335,114039854.0,-0.6889707198722914,9.676269989
HK.01211,比亚迪股份,2019-10-08,9.759603322,9.742936655,9.909603322,9.592936655,35.543,0.00297,8158938,105213164.0,1.3875009043791569,9.609603322
HK.01211,比亚迪股份,2019-10-09,9.592936655,9.459603322,9.726269989,9.376269989,34.76,0.0056,15378849,193663312.0,-2.9080896554386957,9.742936655
HK.01211,比亚迪股份,2019-10-10,9.559603322,9.576269989,9.809603322,9.542936656,35.082,0.00454,12456867,159251333.0,1.2333145802073042,9.459603322
HK.01211,比亚迪股份,2019-10-11,9.576269989,9.776269989,9.809603322,9.492936656,35.635,0.00446,12231096,156933818.0,2.088495836371926,9.576269989
HK.01211,比亚迪股份,2019-10-14,9.976269988,9.876269989,10.126269988,9.792936655,35.911,0.00443,12152853,158826151.0,1.0228850073956508,9.776269989
HK.01211,比亚迪股份,2019-10-15,10.076269988,9.642936655,10.076269988,9.609603322,35.267,0.00295,8099985,103894474.0,-2.3625653638456945,9.876269989
HK.01211,比亚迪股份,2019-10-16,9.642936655,9.642936655,9.759603322,9.576269989,35.267,0.00215,5906244,75489076.0,0.0,9.642936655
HK.01211,比亚迪股份,2019-10-17,9.942936655,9.726269989,9.942936655,9.626269989,35.497,0.00357,9803991,126077538.0,0.8641904119197041,9.642936655
HK.01211,比亚迪股份,2019-10-18,9.776269989,9.692936655,9.876269989,9.659603322,35.405,0.00214,5883480,75598302.0,-0.3427144633831728,9.726269989
HK.01211,比亚迪股份,2019-10-21,9.776269989,9.592936655,9.776269989,9.426269989,35.128,0.00359,9853017,124721869.0,-1.0316790830198574,9.692936655
HK.01211,比亚迪股份,2019-10-22,9.676269989,9.559603322,9.859603322,9.492936656,35.036,0.00328,9002220,114810803.0,-0.3474778808492156,9.592936655
HK.01211,比亚迪股份,2019-10-23,9.542936656,9.659603322,9.742936655,9.526269989,35.313,0.00249,6825870,87183210.0,1.04606850966155,9.559603322
HK.01211,比亚迪股份,2019-10-24,9.726269989,9.692936655,9.759603322,9.609603322,35.405,0.00262,7191042,92090665.0,0.3450797293516423,9.659603322
HK.01211,比亚迪股份,2019-10-25,9.776269989,9.659603322,9.776269989,9.576269989,35.313,0.0017,4675521,59665958.0,-0.3438930242343552,9.692936655
HK.01211,比亚迪股份,2019-10-28,9.709603322,9.942936655,10.026269988,9.676269989,36.095,0.00529,14517438,189058729.0,2.9331777253699514,9.659603322
HK.01211,比亚迪股份,2019-10-29,10.042936655,10.076269988,10.392936655,9.876269989,36.464,0.00678,18618549,246140958.0,1.34098544148876,9.942936655
HK.01211,比亚迪股份,2019-10-30,9.709603322,9.342936656,9.742936655,8.942936656,34.438,0.02099,57627567,710065514.0,-7.2778253547527,10.076269988
HK.01211,比亚迪股份,2019-10-31,9.342936656,9.176269989,9.342936656,9.042936656,33.977,0.00984,27009339,331691497.0,-1.7838788074514742,9.342936656
HK.01211,比亚迪股份,2019-11-01,9.276269989,9.392936656,9.509603322,9.176269989,34.576,0.00702,19259481,241244516.0,2.3611627301695357,9.176269989
HK.01211,比亚迪股份,2019-11-04,9.609603322,9.592936655,9.692936655,9.426269989,35.128,0.00785,21542925,273131660.0,2.1292595311206046,9.392936656
HK.01211,比亚迪股份,2019-11-05,9.642936655,9.642936655,9.726269989,9.492936656,35.267,0.00402,11023509,140620242.0,0.521216826485955,9.592936655
HK.01211,比亚迪股份,2019-11-06,9.559603322,9.542936656,9.742936655,9.459603322,34.99,0.00375,10306473,130966526.0,-1.0370284756371198,9.642936655
HK.01211,比亚迪股份,2019-11-07,9.542936656,9.642936655,9.709603322,9.392936656,32.157,0.00575,15795306,200708537.0,1.0478954498469382,9.542936656
HK.01211,比亚迪股份,2019-11-08,9.776269989,10.026269988,10.276269988,9.709603322,33.123,0.01106,30351105,399680896.0,3.975275859571635,9.642936655
HK.01211,比亚迪股份,2019-11-11,9.876269989,9.659603322,9.909603322,9.576269989,32.199,0.00634,17413278,223406285.0,-3.657059568900955,10.026269988
HK.01211,比亚迪股份,2019-11-12,9.859603322,9.676269989,9.859603322,9.542936656,32.241,0.00388,10642575,135650087.0,0.1725398698520084,9.659603322
HK.01211,比亚迪股份,2019-11-13,9.542936656,9.576269989,9.576269989,9.359603322,31.989,0.0069,18949695,238921782.0,-1.0334560746411563,9.676269989
HK.01211,比亚迪股份,2019-11-14,9.542936656,9.509603322,9.659603322,9.392936656,31.821,0.00334,9181872,115924726.0,-0.6961652822714687,9.576269989
HK.01211,比亚迪股份,2019-11-15,9.492936656,9.526269989,9.609603322,9.442936656,31.863,0.00321,8823903,111591148.0,0.175261432424227,9.509603322
HK.01211,比亚迪股份,2019-11-18,9.776269989,9.542936656,9.792936655,9.492936656,31.905,0.00165,4522947,57357248.0,0.1749548041284352,9.526269989
HK.01211,比亚迪股份,2019-11-19,9.476269989,9.542936656,9.592936655,9.392936656,31.905,0.00267,7320765,92504628.0,0.0,9.542936656
HK.01211,比亚迪股份,2019-11-20,9.426269989,9.492936656,9.576269989,9.426269989,31.78,0.00238,6541215,82513304.0,-0.523947730162956,9.542936656
HK.01211,比亚迪股份,2019-11-21,9.359603322,9.359603322,9.626269989,9.326269989,31.444,0.00285,7826184,98069829.0,-1.4045530780585838,9.492936656
HK.01211,比亚迪股份,2019-11-22,9.409603322,9.442936656,9.592936655,9.409603322,31.654,0.00175,4817139,60703139.0,0.890351130630968,9.359603322
HK.01211,比亚迪股份,2019-11-25,9.542936656,9.659603322,9.726269989,9.409603322,32.199,0.00334,9161331,116758252.0,2.294483950205586,9.442936656
HK.01211,比亚迪股份,2019-11-26,9.776269989,9.726269989,9.992936655,9.592936655,32.367,0.00496,13619406,175420435.0,0.6901594690556776,9.659603322
HK.01211,比亚迪股份,2019-11-27,9.709603322,9.626269989,9.709603322,9.542936656,32.115,0.00174,4771704,60832986.0,-1.028143369586649,9.726269989
HK.01211,比亚迪股份,2019-11-28,9.626269989,9.592936655,9.676269989,9.492936656,32.031,0.00199,5466330,69383825.0,-0.3462746633752236,9.626269989
HK.01211,比亚迪股份,2019-11-29,9.476269989,9.259603322,9.542936656,9.209603323,31.192,0.00416,11405613,141712317.0,-3.4747788397650012,9.592936655
HK.01211,比亚迪股份,2019-12-02,9.209603323,9.242936656,9.409603322,9.209603323,31.15,0.00188,5148882,63831558.0,-0.179993304469126,9.259603322
HK.01211,比亚迪股份,2019-12-03,9.226269989,9.292936656,9.409603322,9.209603323,31.276,0.00153,4200345,52223746.0,0.5409536152943718,9.242936656
HK.01211,比亚迪股份,2019-12-04,9.209603323,9.242936656,9.426269989,9.159603323,31.15,0.00275,7551597,93518085.0,-0.538043051952992,9.292936656
HK.01211,比亚迪股份,2019-12-05,9.309603322,9.309603322,9.342936656,9.226269989,31.318,0.00154,4214316,52292016.0,0.7212714798464341,9.242936656
HK.01211,比亚迪股份,2019-12-06,9.426269989,9.259603322,9.459603322,9.209603323,31.192,0.00263,7213158,89659108.0,-0.5370798117879135,9.309603322
HK.01211,比亚迪股份,2019-12-09,9.376269989,9.292936656,9.376269989,9.226269989,31.276,0.00253,6947376,86232094.0,0.3599866305374322,9.259603322
HK.01211,比亚迪股份,2019-12-10,9.292936656,9.276269989,9.442936656,9.176269989,31.234,0.00202,5543358,68790537.0,-0.179347687571291,9.292936656
HK.01211,比亚迪股份,2019-12-11,9.076269989,9.342936656,9.342936656,9.042936656,31.402,0.00275,7551009,93506761.0,0.7186796749022458,9.276269989
HK.01211,比亚迪股份,2019-12-12,9.342936656,9.292936656,9.426269989,9.209603323,31.276,0.00342,9382602,116939780.0,-0.5351636411651054,9.342936656
HK.01211,比亚迪股份,2019-12-13,9.426269989,9.626269989,9.626269989,9.426269989,32.115,0.00429,11778381,149393977.0,3.5869536760996144,9.292936656
HK.01211,比亚迪股份,2019-12-16,9.576269989,9.626269989,9.776269989,9.409603322,32.115,0.00443,12153729,154935154.0,0.0,9.626269989
HK.01211,比亚迪股份,2019-12-17,9.676269989,9.876269989,10.026269988,9.626269989,32.745,0.00578,15869601,206172084.0,2.597059923372984,9.626269989
HK.01211,比亚迪股份,2019-12-18,9.909603322,9.409603322,9.909603322,9.409603322,31.57,0.01004,27563664,348688858.0,-4.72513071756609,9.876269989
HK.01211,比亚迪股份,2019-12-19,9.476269989,9.459603322,9.559603322,9.309603322,31.696,0.0039,10719153,134658906.0,0.531372028012032,9.409603322
HK.01211,比亚迪股份,2019-12-20,9.526269989,9.442936656,9.792936655,9.359603322,31.654,0.01279,35110185,443568381.0,-0.1761877896215551,9.459603322
HK.01211,比亚迪股份,2019-12-23,9.376269989,9.309603322,9.492936656,9.242936656,31.318,0.00361,9915282,123543129.0,-1.411990134607987,9.442936656
HK.01211,比亚迪股份,2019-12-24,9.209603323,9.309603322,9.359603322,9.209603323,31.318,0.00129,3553338,44182380.0,0.0,9.309603322
HK.01211,比亚迪股份,2019-12-27,9.242936656,9.476269989,9.492936656,9.242936656,31.738,0.00324,8891019,111549739.0,1.790266042873628,9.309603322
HK.01211,比亚迪股份,2019-12-30,9.459603322,9.809603322,9.909603322,9.409603322,32.577,0.00771,21162483,272516464.0,3.5175584210552273,9.476269989
HK.01211,比亚迪股份,2019-12-31,9.909603322,9.826269989,10.009603322,9.726269989,32.619,0.00252,6920238,89919076.0,0.1699015388585848,9.809603322
HK.01211,比亚迪股份,2020-01-02,9.842936655,9.992936655,10.026269988,9.792936655,33.039,0.00473,12976863,169454603.0,1.6961335907376252,9.826269989
HK.01211,比亚迪股份,2020-01-03,10.142936655,9.959603322,10.342936655,9.909603322,32.955,0.00537,14749896,195473441.0,-0.3335689412513328,9.992936655
HK.01211,比亚迪股份,2020-01-06,9.926269988,9.776269989,9.992936655,9.659603322,32.493,0.00315,8659776,111908939.0,-1.8407694269814032,9.959603322
HK.01211,比亚迪股份,2020-01-07,9.892936655,9.776269989,9.942936655,9.726269989,32.493,0.00272,7455444,96424987.0,0.0,9.776269989
HK.01211,比亚迪股份,2020-01-08,9.676269989,9.626269989,9.676269989,9.309603322,32.115,0.00439,12046377,152472878.0,-1.5343275110934398,9.776269989
HK.01211,比亚迪股份,2020-01-09,9.726269989,9.809603322,9.909603322,9.659603322,32.577,0.00276,7564284,97668190.0,1.904510607010759,9.626269989
HK.01211,比亚迪股份,2020-01-10,9.792936655,9.792936655,9.876269989,9.709603322,32.535,0.00248,6810102,88047109.0,-0.1699015388585667,9.809603322
HK.01211,比亚迪股份,2020-01-13,10.892936654,11.842936653,11.842936653,10.576269988,37.699,0.03172,87083133,1251106176.0,20.933455103616215,9.792936655
HK.01211,比亚迪股份,2020-01-14,12.242936653,11.892936653,12.509603319,11.50960332,37.825,0.02764,75874131,1141444747.0,0.4221925816628695,11.842936653
HK.01211,比亚迪股份,2020-01-15,12.076269986,12.126269986,12.309603319,11.742936653,38.413,0.01132,31078974,472798539.0,1.961948842476534,11.892936653
HK.01211,比亚迪股份,2020-01-16,12.042936653,12.042936653,12.142936653,11.85960332,38.203,0.00535,14694996,221635766.0,-0.6872132411385399,12.126269986
HK.01211,比亚迪股份,2020-01-17,11.976269986,12.876269986,13.376269985,11.876269987,40.302,0.02289,62838537,1002094932.0,6.919685430649592,12.042936653
HK.01211,比亚迪股份,2020-01-20,13.042936652,12.942936652,13.259603318,12.426269986,40.47,0.01498,41107242,660769915.0,0.5177482770436195,12.876269986
HK.01211,比亚迪股份,2020-01-21,12.526269986,12.076269986,12.576269986,12.076269986,38.287,0.0099,27175455,418557350.0,-6.696058933936598,12.942936652
HK.01211,比亚迪股份,2020-01-22,12.042936653,12.692936652,12.959603319,11.976269986,39.84,0.01084,29762829,468247005.0,5.106433250622096,12.076269986
HK.01211,比亚迪股份,2020-01-23,12.426269986,12.326269986,12.976269985,11.992936653,38.916,0.00895,24577659,382007553.0,-2.888745733574787,12.692936652
HK.01211,比亚迪股份,2020-01-24,12.05960332,12.276269986,12.309603319,11.95960332,38.79,0.00386,10589667,161663220.0,-0.4056377156819395,12.326269986
HK.01211,比亚迪股份,2020-01-29,11.476269987,11.276269987,11.65960332,11.242936654,36.272,0.00885,24305643,353227777.0,-8.145796729303063,12.276269986
HK.01211,比亚迪股份,2020-01-30,11.35960332,10.759603321,11.85960332,10.492936655,34.97,0.00925,25379982,355973097.0,-4.58189336186208,11.276269987
HK.01211,比亚迪股份,2020-01-31,10.859603321,10.576269988,10.926269987,10.309603321,34.508,0.0057,15649476,214555489.0,-1.7039042010236598,10.759603321
HK.01211,比亚迪股份,2020-02-03,10.276269988,10.692936654,11.209603321,10.042936655,34.802,0.01176,32290134,444712269.0,1.103098409291482,10.576269988
HK.01211,比亚迪股份,2020-02-04,11.042936654,11.50960332,11.742936653,10.926269987,36.859,0.01167,32035044,465262304.0,7.637440419087324,10.692936654
HK.01211,比亚迪股份,2020-02-05,12.042936653,12.526269986,13.176269985,11.726269987,39.42,0.02468,67742310,1063152802.0,8.833203349705025,11.50960332
HK.01211,比亚迪股份,2020-02-06,12.526269986,12.326269986,12.542936653,11.95960332,38.916,0.01025,28128948,434756149.0,-1.5966444937202475,12.526269986
HK.01211,比亚迪股份,2020-02-07,12.20960332,12.076269986,12.326269986,11.80960332,38.287,0.00777,21326982,323086918.0,-2.028188578409741,12.326269986
HK.01211,比亚迪股份,2020-02-10,11.90960332,12.542936653,12.876269986,11.842936653,39.462,0.01353,37151565,582382246.0,3.864327872273525,12.076269986
HK.01211,比亚迪股份,2020-02-11,12.20960332,11.992936653,12.392936653,11.95960332,38.077,0.00844,23177901,352921927.0,-4.384938034973274,12.542936653
HK.01211,比亚迪股份,2020-02-12,11.942936653,12.076269986,12.326269986,11.892936653,38.287,0.00596,16367067,249049193.0,0.6948534409139481,11.992936653
HK.01211,比亚迪股份,2020-02-13,12.10960332,11.976269986,12.326269986,11.942936653,38.035,0.00369,10138521,154087988.0,-0.8280702577528449,12.076269986
HK.01211,比亚迪股份,2020-02-14,11.90960332,11.692936653,11.976269986,11.542936654,37.321,0.00602,16518552,245832687.0,-2.3657894597500757,11.976269986
HK.01211,比亚迪股份,2020-02-17,11.70960332,11.90960332,12.20960332,11.642936653,37.867,0.00614,16864629,254802323.0,1.8529705020202176,11.692936653
HK.01211,比亚迪股份,2020-02-18,11.826269987,11.95960332,12.15960332,11.642936653,37.993,0.00592,16240461,244947463.0,0.4198292643049922,11.90960332
HK.01211,比亚迪股份,2020-02-19,12.876269986,12.909603319,13.576269985,12.742936652,40.386,0.02676,73457157,1196347078.0,7.943407265116558,11.95960332
HK.01211,比亚迪股份,2020-02-20,13.142936652,14.74293665,15.426269983,13.076269985,45.004,0.03804,104421714,1840888856.0,14.201314213131171,12.909603319
HK.01211,比亚迪股份,2020-02-21,14.576269984,14.676269984,14.976269983,14.209603318,44.836,0.01453,39889500,709435857.0,-0.4521939392583735,14.74293665
HK.01211,比亚迪股份,2020-02-24,14.176269984,13.576269985,14.176269984,13.342936652,42.065,0.0165,45297045,762441572.0,-7.495092419253764,14.676269984
HK.01211,比亚迪股份,2020-02-25,13.209603319,14.209603318,14.492936651,13.092936652,43.66,0.01991,54656964,935020993.0,4.665002491109487,13.576269985
HK.01211,比亚迪股份,2020-02-26,13.626269985,14.276269984,15.059603317,13.592936651,43.828,0.01813,49772868,875208481.0,0.4691662709229297,14.209603318
HK.01211,比亚迪股份,2020-02-27,14.242936651,13.942936651,14.309603317,13.692936651,42.989,0.00868,23821851,406171473.0,-2.334876920747372,14.276269984
HK.01211,比亚迪股份,2020-02-28,13.292936652,12.776269986,13.409603318,12.559603319,40.05,0.01764,48411273,776756368.0,-8.367438612125696,13.942936651
HK.01211,比亚迪股份,2020-03-02,12.526269986,13.076269985,13.376269985,12.526269986,40.806,0.00851,23368224,379048653.0,2.348103157875759,12.776269986
HK.01211,比亚迪股份,2020-03-03,13.676269985,13.409603318,13.942936651,13.409603318,41.645,0.0105,28811799,482565677.0,2.549146915614106,13.076269985
HK.01211,比亚迪股份,2020-03-04,13.592936651,13.226269985,13.642936651,13.042936652,41.183,0.00562,15418356,252431288.0,-1.367179391159975,13.409603318
HK.01211,比亚迪股份,2020-03-05,13.242936652,13.376269985,13.509603318,12.926269985,41.561,0.00577,15831462,259801017.0,1.134106593696608,13.226269985
HK.01211,比亚迪股份,2020-03-06,13.042936652,12.926269985,13.176269985,12.926269985,40.428,0.00505,13871670,223640113.0,-3.3641665464634465,13.376269985
HK.01211,比亚迪股份,2020-03-09,11.892936653,11.576269987,12.359603319,11.40960332,37.027,0.01767,48513249,727080687.0,-10.44384806728141,12.926269985
HK.01211,比亚迪股份,2020-03-10,11.492936654,11.70960332,12.00960332,11.109603321,37.363,0.01325,36376212,537129344.0,1.1517814732183258,11.576269987
HK.01211,比亚迪股份,2020-03-11,11.70960332,11.526269987,11.776269987,11.392936654,36.901,0.01153,31645548,465957427.0,-1.565666470416354,11.70960332
HK.01211,比亚迪股份,2020-03-12,11.076269987,10.776269988,11.076269987,10.542936655,35.012,0.01281,35167449,487332587.0,-6.506875162961598,11.526269987
HK.01211,比亚迪股份,2020-03-13,9.876269989,10.876269988,11.176269987,9.359603322,35.264,0.01396,38327151,517358260.0,0.9279648719952008,10.776269988
HK.01211,比亚迪股份,2020-03-16,10.209603322,10.109603322,10.709603321,9.992936655,33.333,0.01187,32575920,437828158.0,-7.048985238927306,10.876269988
HK.01211,比亚迪股份,2020-03-17,9.876269989,9.826269989,10.359603321,9.509603322,32.619,0.01118,30677037,398362494.0,-2.802615730564071,10.109603322
HK.01211,比亚迪股份,2020-03-18,9.409603322,8.926269989,10.009603322,8.77626999,30.352,0.01286,35311686,440344345.0,-9.159121426619702,9.826269989
HK.01211,比亚迪股份,2020-03-19,8.709603323,8.592936656,9.042936656,8.07626999,29.513,0.01374,37713354,436926219.0,-3.7342958863083138,8.926269989
HK.01211,比亚迪股份,2020-03-20,8.976269989,9.176269989,9.242936656,8.692936656,30.982,0.00828,22726278,275197394.0,6.788521274536445,8.592936656
HK.01211,比亚迪股份,2020-03-23,8.27626999,8.059603324,8.659603323,8.042936657,28.169,0.00988,27133983,307163188.0,-12.169069418604703,9.176269989
HK.01211,比亚迪股份,2020-03-24,8.27626999,8.659603323,8.77626999,8.27626999,29.68,0.00872,23933673,279323934.0,7.444535107742994,8.059603324
HK.01211,比亚迪股份,2020-03-25,9.376269989,9.676269989,9.792936655,9.026269989,32.241,0.01372,37651494,471026360.0,11.740337612228972,8.659603323
HK.01211,比亚迪股份,2020-03-26,9.942936655,9.542936656,9.942936655,9.209603323,31.905,0.00891,24465084,309305801.0,-1.3779414294100212,9.676269989
HK.01211,比亚迪股份,2020-03-27,9.876269989,9.676269989,9.992936655,9.576269989,32.241,0.00881,24185655,312582053.0,1.3971939436082064,9.542936656
HK.01211,比亚迪股份,2020-03-30,9.392936656,9.742936655,10.209603322,9.392936656,32.409,0.01335,36636054,479203568.0,0.6889707095377298,9.676269989
HK.01211,比亚迪股份,2020-03-31,10.176269988,10.376269988,10.626269988,9.926269988,34.005,0.01403,38516682,518189563.0,6.500435704618685,9.742936655
HK.01211,比亚迪股份,2020-04-01,10.626269988,9.542936656,10.642936654,9.476269989,31.905,0.01872,51391074,669854370.0,-8.031145420885712,10.376269988
HK.01211,比亚迪股份,2020-04-02,9.342936656,9.976269988,10.092936655,9.076269989,32.997,0.00913,25055394,321144344.0,4.540880314106951,9.542936656
HK.01211,比亚迪股份,2020-04-03,9.992936655,9.776269989,9.992936655,9.592936655,59.814,0.003,8227392,105968355.0,-2.004757281434563,9.976269988
HK.01211,比亚迪股份,2020-04-06,9.959603322,10.009603322,10.142936655,9.676269989,60.896,0.003,8238153,107538368.0,2.386731680513544,9.776269989
HK.01211,比亚迪股份,2020-04-07,10.209603322,10.542936655,10.542936655,10.109603322,63.369,0.00879,24129228,325391600.0,5.32821647215322,10.009603322
HK.01211,比亚迪股份,2020-04-08,10.642936654,10.209603322,10.642936654,10.142936655,61.823,0.00415,11383137,152513146.0,-3.1616744357646964,10.542936655
HK.01211,比亚迪股份,2020-04-09,10.259603321,10.376269988,10.442936655,10.109603322,62.596,0.00395,10834239,145302825.0,1.6324499664042984,10.209603322
HK.01211,比亚迪股份,2020-04-14,10.359603321,10.826269988,10.976269987,10.359603321,64.683,0.00921,25290060,351765637.0,4.336818534217185,10.376269988
HK.01211,比亚迪股份,2020-04-15,11.60960332,11.076269987,11.60960332,11.042936654,65.842,0.00991,27209160,392438303.0,2.3091978980489465,10.826269988
HK.01211,比亚迪股份,2020-04-16,11.009603321,11.576269987,11.692936653,10.976269987,68.16,0.00816,22402560,327160747.0,4.514155041244392,11.076269987
HK.01211,比亚迪股份,2020-04-17,11.876269987,11.526269987,11.95960332,11.45960332,67.928,0.00673,18486840,274549246.0,-0.431918053536675,11.576269987
HK.01211,比亚迪股份,2020-04-20,11.60960332,11.592936653,11.80960332,11.426269987,68.238,0.00353,9689697,142656125.0,0.5783888983616733,11.526269987
HK.01211,比亚迪股份,2020-04-21,11.542936654,10.792936654,11.70960332,10.576269988,64.528,0.01177,32295303,452348275.0,-6.900753648067058,11.592936653
HK.01211,比亚迪股份,2020-04-22,10.426269988,11.009603321,11.092936654,10.426269988,35.6,0.00711,19512993,272858405.0,2.007485765421413,10.792936654
HK.01211,比亚迪股份,2020-04-23,11.226269987,11.292936654,11.592936653,11.142936654,66.743,0.00633,17388795,251696721.0,2.573510822679347,11.009603321
HK.01211,比亚迪股份,2020-04-24,11.292936654,11.342936654,11.792936653,11.226269987,66.975,0.0058,15922263,232591033.0,0.442754630898337,11.292936654
HK.01211,比亚迪股份,2020-04-27,11.30960332,11.55960332,11.65960332,11.30960332,67.978,0.00454,12460227,182469756.0,1.910146134189987,11.342936654
HK.01211,比亚迪股份,2020-04-28,11.80960332,11.976269986,12.042936653,11.50960332,69.907,0.00889,24408627,365957746.0,3.6045066120832887,11.55960332
HK.01211,比亚迪股份,2020-04-29,12.309603319,13.142936652,13.376269985,12.309603319,75.308,0.01571,43117083,694441485.0,9.741486016629612,11.976269986
HK.01211,比亚迪股份,2020-05-04,12.409603319,12.676269986,12.992936652,12.409603319,73.148,0.00693,19022199,302009067.0,-3.5507031522440307,13.142936652
HK.01211,比亚迪股份,2020-05-05,12.809603319,12.792936652,13.092936652,12.592936652,73.688,0.00439,12052062,192154757.0,0.9203548530352392,12.676269986
HK.01211,比亚迪股份,2020-05-06,12.809603319,13.076269985,13.142936652,12.542936653,75.0,0.00598,16408038,263912134.0,2.214763824033355,12.792936652
HK.01211,比亚迪股份,2020-05-07,13.026269985,12.709603319,13.042936652,12.609603319,73.302,0.00571,15660399,249206000.0,-2.8040616048812823,13.076269985
HK.01211,比亚迪股份,2020-05-08,12.726269986,12.476269986,12.776269986,12.276269986,72.222,0.00659,18095526,282076853.0,-1.835882105393341,12.709603319
HK.01211,比亚迪股份,2020-05-11,12.626269986,12.192936653,12.676269986,12.126269986,70.91,0.00625,17155692,264938872.0,-2.270977890971715,12.476269986
HK.01211,比亚迪股份,2020-05-12,12.192936653,12.176269986,12.376269986,12.05960332,70.833,0.00486,13334553,203857836.0,-0.1366911636984525,12.192936653
HK.01211,比亚迪股份,2020-05-13,11.976269986,12.10960332,12.259603319,11.926269986,70.524,0.00335,9183039,139758742.0,-0.5475130403370781,12.176269986
HK.01211,比亚迪股份,2020-05-14,11.75960332,11.55960332,11.90960332,11.476269987,67.978,0.00624,17133246,253276820.0,-4.541849848141838,12.10960332
HK.01211,比亚迪股份,2020-05-15,11.442936654,11.55960332,11.826269987,11.276269987,67.978,0.00633,17371692,254960347.0,0.0,11.55960332
HK.01211,比亚迪股份,2020-05-18,11.35960332,11.292936654,11.842936653,11.226269987,66.743,0.00493,13519617,196582533.0,-2.3068842296571193,11.55960332
HK.01211,比亚迪股份,2020-05-19,11.776269987,11.942936653,12.00960332,11.50960332,69.753,0.00818,22446249,335086496.0,5.755810192823209,11.292936654
HK.01211,比亚迪股份,2020-05-20,11.942936653,12.076269986,12.409603319,11.90960332,70.37,0.00431,11838201,180551492.0,1.1164199968062871,11.942936653
HK.01211,比亚迪股份,2020-05-21,12.309603319,11.826269987,12.309603319,11.642936653,69.212,0.00502,13782933,205653725.0,-2.0701756361014163,12.076269986
HK.01211,比亚迪股份,2020-05-22,11.476269987,11.176269987,11.526269987,10.976269987,66.203,0.00759,20846235,297931740.0,-5.496238464997936,11.826269987
HK.01211,比亚迪股份,2020-05-25,10.942936654,11.009603321,11.159603321,10.676269988,65.432,0.00315,8634609,121451629.0,-1.4912548300449298,11.176269987
HK.01211,比亚迪股份,2020-05-26,11.209603321,11.80960332,11.942936653,11.192936654,69.135,0.00708,19427424,288211603.0,7.266383498795638,11.009603321
HK.01211,比亚迪股份,2020-05-27,11.876269987,11.526269987,11.942936653,11.30960332,67.824,0.00562,15414048,225573847.0,-2.3991773925222883,11.80960332
HK.01211,比亚迪股份,2020-05-28,11.50960332,11.592936653,11.80960332,11.209603321,68.132,0.0054,14827011,217212386.0,0.5783888983616733,11.526269987
HK.01211,比亚迪股份,2020-05-29,11.40960332,11.376269987,11.526269987,11.076269987,67.129,0.00635,17441844,252340223.0,-1.8689541096037252,11.592936653
HK.01211,比亚迪股份,2020-06-01,11.742936653,12.376269986,12.492936653,11.576269987,71.759,0.01071,29397270,449447591.0,8.79022737806618,11.376269987
HK.01211,比亚迪股份,2020-06-02,12.442936653,12.776269986,12.876269986,12.376269986,73.611,0.01014,27825153,441068714.0,3.2319915487661404,12.376269986
HK.01211,比亚迪股份,2020-06-03,12.959603319,12.776269986,13.076269985,12.709603319,73.611,0.0066,18109560,289492744.0,0.0,12.776269986
HK.01211,比亚迪股份,2020-06-04,13.042936652,12.942936652,13.042936652,12.526269986,74.382,0.00541,14842128,236671541.0,1.304501753505754,12.776269986
HK.01211,比亚迪股份,2020-06-05,13.209603319,14.126269984,14.376269984,13.042936652,79.861,0.01625,44618676,756996928.0,9.14269584883695,12.942936652
HK.01211,比亚迪股份,2020-06-08,14.109603318,14.376269984,14.376269984,13.826269985,81.018,0.00934,25641393,443855287.0,1.7697523853300294,14.126269984
HK.01211,比亚迪股份,2020-06-09,14.309603317,14.292936651,14.826269984,14.142936651,80.632,0.00804,22075221,389504576.0,-0.5796589316474022,14.376269984
HK.01211,比亚迪股份,2020-06-10,14.509603317,14.259603317,14.509603317,13.976269984,80.478,0.00494,13557996,234852839.0,-0.2332154323070324,14.292936651
HK.01211,比亚迪股份,2020-06-11,14.509603317,14.659603317,14.959603317,14.259603317,82.33,0.0114,31289235,556067819.0,2.8051271210548245,14.259603317
HK.01211,比亚迪股份,2020-06-12,13.776269985,14.042936651,14.192936651,13.759603318,79.475,0.00644,17684901,302873491.0,-4.206571301181685,14.659603317
HK.01211,比亚迪股份,2020-06-15,14.709603317,14.64293665,15.04293665,14.142936651,82.253,0.01083,29729916,528776494.0,4.272610593577473,14.042936651
HK.01211,比亚迪股份,2020-06-16,15.04293665,14.976269983,15.39293665,14.909603317,83.796,0.00753,20662002,376927552.0,2.276410401597965,14.64293665
HK.01211,比亚迪股份,2020-06-17,15.076269983,15.359603316,15.359603316,14.826269984,85.57,0.0066,18112356,330593867.0,2.5596048511086695,14.976269983
HK.01211,比亚迪股份,2020-06-18,15.476269983,16.242936649,16.376269982,15.026269983,89.66,0.01231,33783966,646814821.0,5.751016577881531,15.359603316
HK.01211,比亚迪股份,2020-06-19,16.376269982,16.826269982,17.076269981,16.342936649,92.361,0.01391,38178537,760364725.0,3.591304612001376,16.242936649
HK.01211,比亚迪股份,2020-06-22,16.692936648,16.676269982,17.076269981,16.509603315,91.666,0.0075,20595552,410019556.0,-0.8914631713413725,16.826269982
HK.01211,比亚迪股份,2020-06-23,16.242936649,17.026269981,17.109603315,16.009603316,93.287,0.00705,19353870,385025297.0,2.0987906730808517,16.676269982
HK.01211,比亚迪股份,2020-06-24,17.126269981,17.226269981,17.659603314,16.976269981,94.212,0.00603,16557780,338476500.0,1.174655401466013,17.026269981
HK.01211,比亚迪股份,2020-06-26,16.898143315,16.848143315,17.131476648,16.748143315,92.361,0.00392,10772133,215548875.0,-2.1950582825943226,17.226269981
HK.01211,比亚迪股份,2020-06-29,16.898143315,16.781476648,16.998143314,16.198143315,92.052,0.00903,24775869,486926177.0,-0.3956914762272117,16.848143315
HK.01211,比亚迪股份,2020-06-30,16.898143315,16.848143315,17.164809981,16.648143315,92.361,0.00606,16644198,333451621.0,0.3972634136933656,16.781476648
HK.01211,比亚迪股份,2020-07-02,16.981476648,16.831476648,17.498143314,16.664809981,92.283,0.00859,23585316,473775856.0,-0.0989228705406619,16.848143315
HK.01211,比亚迪股份,2020-07-03,17.231476648,19.531476645,19.864809978,17.231476648,104.783,0.01887,51796602,1139257761.0,16.04137327618745,16.831476648
HK.01211,比亚迪股份,2020-07-06,19.514809979,20.898143311,21.19814331,19.431476645,111.111,0.01781,48878832,1155997508.0,6.997252132238857,19.531476645
HK.01211,比亚迪股份,2020-07-07,22.231476643,20.648143311,22.231476643,20.231476645,109.953,0.02394,65709138,1615378785.0,-1.196278522352794,20.898143311
HK.01211,比亚迪股份,2020-07-08,20.564809978,21.564809977,21.764809976,20.314809978,114.197,0.0123,33756975,825937482.0,4.439462920192249,20.648143311
HK.01211,比亚迪股份,2020-07-09,21.564809977,21.764809976,22.164809976,21.281476643,115.123,0.00798,21913956,543068126.0,0.9274368715203598,21.564809977
HK.01211,比亚迪股份,2020-07-10,21.231476644,22.664809975,23.314809975,21.231476644,119.29,0.01728,47420919,1208158788.0,4.13511535360258,21.764809976
HK.01211,比亚迪股份,2020-07-13,22.898143309,26.831476638,26.898143305,22.898143309,138.58,0.0349,95789121,2749106081.0,18.383858799592694,22.664809975
HK.01211,比亚迪股份,2020-07-14,25.564809973,24.414809974,25.831476639,23.831476641,127.391,0.0243,66714417,1853698257.0,-9.006834385616347,26.831476638
HK.01211,比亚迪股份,2020-07-15,24.498143307,23.231476642,25.381476639,22.698143309,121.913,0.01972,54126273,1451509249.0,-4.846784936111172,24.414809974
HK.01211,比亚迪股份,2020-07-16,22.931476642,20.114809978,23.148143308,19.998143311,107.484,0.02537,69642471,1671506056.0,-13.415706250740014,23.231476642
HK.01211,比亚迪股份,2020-07-17,20.131476645,19.898143312,21.04814331,19.681476645,106.481,0.01655,45422457,1055894248.0,-1.077149951886072,20.114809978
HK.01211,比亚迪股份,2020-07-20,20.381476644,22.714809975,23.164809975,19.764809978,119.521,0.02308,63359643,1583600451.0,14.155424548085108,19.898143312
HK.01211,比亚迪股份,2020-07-21,24.064809974,23.031476642,24.098143307,22.748143309,120.987,0.01484,40736001,1075807316.0,1.3940978038052012,22.714809975
HK.01211,比亚迪股份,2020-07-22,22.731476642,21.564809977,23.548143308,21.49814331,114.197,0.00975,26751504,686128151.0,-6.368096530664478,23.031476642
HK.01211,比亚迪股份,2020-07-23,21.664809976,23.398143308,23.398143308,21.431476643,122.685,0.01794,49236360,1255541087.0,8.501504687290769,21.564809977
HK.01211,比亚迪股份,2020-07-24,23.048143308,21.04814331,23.098143308,20.898143311,111.805,0.01655,45430668,1123981362.0,-10.043531946385327,23.398143308
HK.01211,比亚迪股份,2020-07-27,21.04814331,20.714809977,21.814809976,20.414809978,110.262,0.00902,24749679,596751068.0,-1.583670958956421,21.04814331
HK.01211,比亚迪股份,2020-07-28,21.514809977,21.564809977,21.79814331,21.081476644,114.197,0.00622,17068164,417949103.0,4.1033444233558845,20.714809977
HK.01211,比亚迪股份,2020-07-29,21.481476643,22.014809976,22.214809976,20.99814331,116.28,0.0065,17835339,442586801.0,2.0867329667172947,21.564809977
HK.01211,比亚迪股份,2020-07-30,22.098143309,21.414809977,22.714809975,21.414809977,113.503,0.00791,21706545,543993401.0,-2.725438010385295,22.014809976
HK.01211,比亚迪股份,2020-07-31,21.414809977,21.581476643,22.198143309,21.29814331,114.274,0.00509,13960506,346895308.0,0.7782775853673295,21.414809977
HK.01211,比亚迪股份,2020-08-03,21.531476643,21.781476643,21.864809976,21.031476644,115.2,0.00601,16496577,405645914.0,0.926720647101195,21.581476643
HK.01211,比亚迪股份,2020-08-04,22.231476643,22.864809975,23.398143308,22.131476643,120.216,0.01119,30729423,798344684.0,4.973645036816885,21.781476643
HK.01211,比亚迪股份,2020-08-05,22.731476642,23.014809975,23.314809975,22.231476643,120.91,0.0083,22776345,591851529.0,0.6560299436732957,22.864809975
HK.01211,比亚迪股份,2020-08-06,23.331476641,23.431476641,23.448143308,22.398143309,122.839,0.00655,17966475,469295222.0,1.810428443478822,23.014809975
HK.01211,比亚迪股份,2020-08-07,23.364809975,23.014809975,24.048143307,22.514809976,120.91,0.0106,29093616,767266238.0,-1.778234775314693,23.431476641
HK.01211,比亚迪股份,2020-08-10,22.631476642,22.364809976,22.964809975,21.54814331,117.901,0.00867,23801850,600611266.0,-2.8242683720007493,23.014809975
HK.01211,比亚迪股份,2020-08-11,22.331476642,22.048143309,22.864809975,21.64814331,116.435,0.00479,13138878,333111567.0,-1.4159148561504404,22.364809976
HK.01211,比亚迪股份,2020-08-12,21.864809976,21.39814331,21.864809976,20.664809977,113.425,0.00654,17938815,435391819.0,-2.9480940408014926,22.048143309
HK.01211,比亚迪股份,2020-08-13,22.131476643,21.331476643,22.131476643,21.19814331,113.117,0.00415,11404230,280316290.0,-0.3115535120696404,21.39814331
HK.01211,比亚迪股份,2020-08-14,21.331476643,21.381476643,21.564809977,21.031476644,113.348,0.00338,9282030,226394359.0,0.2343953999846906,21.331476643
HK.01211,比亚迪股份,2020-08-17,20.931476644,20.94814331,21.481476643,20.831476644,111.342,0.00603,16557675,399965207.0,-2.0266763621392236,21.381476643
HK.01211,比亚迪股份,2020-08-18,21.531476643,20.814809977,21.531476643,20.398143311,110.725,0.01033,28347765,676817316.0,-0.6364923660625821,20.94814331
HK.01211,比亚迪股份,2020-08-19,20.798143311,20.898143311,20.914809977,19.914809978,111.111,0.00443,12162933,287804995.0,0.4003559681403805,20.814809977
HK.01211,比亚迪股份,2020-08-20,20.664809977,20.298143311,20.664809977,19.831476645,108.333,0.00625,17167215,397343406.0,-2.871068453646695,20.898143311
HK.01211,比亚迪股份,2020-08-21,20.564809978,20.281476644,20.864809977,20.181476645,108.256,0.0057,15658119,368367278.0,-0.0821093178062599,20.298143311
HK.01211,比亚迪股份,2020-08-24,20.314809978,20.648143311,20.764809977,19.948143311,109.953,0.00433,11877249,278989569.0,1.807889402907309,20.281476644
HK.01211,比亚迪股份,2020-08-25,20.798143311,21.314809977,21.831476643,20.664809977,113.04,0.01078,29603253,724151879.0,3.22870030471381,20.648143311
HK.01211,比亚迪股份,2020-08-26,21.864809976,22.198143309,23.348143308,21.614809976,117.129,0.01368,37563384,958055765.0,4.1442233496483,21.314809977
HK.01211,比亚迪股份,2020-08-27,23.131476642,22.931476642,23.631476641,22.431476642,120.524,0.01453,39892026,1041792191.0,3.3035795957884404,22.198143309
HK.01211,比亚迪股份,2020-08-28,22.898143309,22.614809975,22.964809975,21.89814331,119.058,0.00716,19655796,502666142.0,-1.380925755212863,22.931476642
HK.01211,比亚迪股份,2020-08-31,23.164809975,22.564809976,23.814809974,22.498143309,118.827,0.01117,30657477,801982531.0,-0.221094048790479,22.614809975
HK.01211,比亚迪股份,2020-09-01,23.514809975,26.114809972,26.198143305,23.248143308,135.262,0.03001,82377867,2312329816.0,15.732461296043668,22.564809976
HK.01211,比亚迪股份,2020-09-02,26.348143305,25.748143306,26.498143305,25.03147664,133.564,0.01284,35235558,1010893670.0,-1.404056420066377,26.114809972
HK.01211,比亚迪股份,2020-09-03,25.898143306,25.23147664,26.098143305,24.814809973,131.172,0.01078,29589246,845325382.0,-2.0066171756920506,25.748143306
HK.01211,比亚迪股份,2020-09-04,23.231476642,24.214809974,24.214809974,22.898143309,126.466,0.02106,57809709,1556713141.0,-4.029358568686605,25.23147664
HK.01211,比亚迪股份,2020-09-07,23.464809975,25.23147664,25.998143305,23.464809975,131.172,0.01652,45360768,1268681562.0,4.198532497639326,24.214809974
HK.01211,比亚迪股份,2020-09-08,25.864809972,24.398143307,25.864809972,23.814809974,127.314,0.01234,33879726,946023829.0,-3.3027529259975914,25.23147664
HK.01211,比亚迪股份,2020-09-09,23.481476641,23.281476641,24.098143307,22.831476642,122.145,0.01185,32529369,862790694.0,-4.576851000295669,24.398143307
HK.01211,比亚迪股份,2020-09-10,24.231476641,23.981476641,24.73147664,23.631476641,125.385,0.00706,19385754,530729467.0,3.0066821395995973,23.281476641
HK.01211,比亚迪股份,2020-09-11,24.43147664,25.948143305,26.031476639,24.231476641,134.49,0.0109,29923368,847553335.0,8.20077384491696,23.981476641
HK.01211,比亚迪股份,2020-09-14,26.064809972,25.698143306,26.831476638,25.314809973,133.333,0.01014,27841068,810189976.0,-0.9634600674947982,25.948143305
HK.01211,比亚迪股份,2020-09-15,26.064809972,29.331476635,29.831476635,26.014809972,150.154,0.03061,84030513,2655870437.0,14.138505205361248,25.698143306
HK.01211,比亚迪股份,2020-09-16,29.948143301,31.431476633,31.564809967,29.231476636,159.876,0.0236,64784154,2183523098.0,7.159544076598438,29.331476635
HK.01211,比亚迪股份,2020-09-17,32.364809966,33.464809965,34.198143297,30.564809968,169.29,0.02612,71710206,2581527371.0,6.4690989727959485,31.431476633
HK.01211,比亚迪股份,2020-09-18,33.198143298,33.731476631,34.598143297,32.331476632,170.524,0.01823,50053773,1838571033.0,0.7968569559453615,33.464809965
HK.01211,比亚迪股份,2020-09-21,33.964809964,30.964809967,35.898143296,30.764809967,157.716,0.02045,56136858,2004062394.0,-8.202032464411502,33.731476631
HK.01211,比亚迪股份,2020-09-22,31.264809967,32.298143299,33.464809965,30.298143301,163.888,0.01783,48955479,1722474021.0,4.305963231878284,30.964809967
HK.01211,比亚迪股份,2020-09-23,32.898143299,32.698143299,33.598143298,31.5981433,165.74,0.01003,27524190,979448534.0,1.2384612833530375,32.298143299
HK.01211,比亚迪股份,2020-09-24,32.864809965,31.3981433,32.864809965,31.0981433,159.722,0.00916,25135284,879060640.0,-3.975760908234072,32.698143299
HK.01211,比亚迪股份,2020-09-25,32.198143299,31.264809967,32.831476632,30.864809967,159.104,0.00884,24259107,844114178.0,-0.4246535590529631,31.3981433
HK.01211,比亚迪股份,2020-09-28,31.231476634,31.864809966,32.198143299,31.064809967,161.882,0.00644,17681706,613044626.0,1.919090503455155,31.264809967
HK.01211,比亚迪股份,2020-09-29,32.898143299,32.964809965,33.098143298,31.2981433,166.975,0.00847,23249658,827360171.0,3.4520839765675992,31.864809966
HK.01211,比亚迪股份,2020-09-30,33.564809965,37.364809961,37.398143294,32.998143298,187.345,0.01972,54139470,2130447632.0,13.347566695126249,32.964809965
HK.01211,比亚迪股份,2020-10-05,37.831476627,38.098143293,38.498143293,36.231476629,190.74,0.01137,31212384,1264180540.0,1.962630969528353,37.364809961
HK.01211,比亚迪股份,2020-10-06,38.298143293,37.598143294,39.498143292,36.731476628,188.425,0.00936,25682028,1055560683.0,-1.3123999118662153,38.098143293
HK.01211,比亚迪股份,2020-10-07,37.198143294,37.298143294,37.931476627,36.431476628,187.037,0.00601,16483893,663673608.0,-0.7979117416893269,37.598143294
HK.01211,比亚迪股份,2020-10-08,37.66480996,39.698143292,40.164809958,37.564809961,198.148,0.0104,28551630,1203273693.0,6.4346366495569685,37.298143294
HK.01211,比亚迪股份,2020-10-09,39.898143292,37.698143294,40.064809958,37.364809961,188.888,0.01103,30274218,1260378055.0,-5.038018990684236,39.698143292
HK.01211,比亚迪股份,2020-10-12,38.598143293,39.898143292,39.898143292,37.198143294,199.074,0.01281,35158524,1470401167.0,5.835831173017353,37.698143294
HK.01211,比亚迪股份,2020-10-14,40.99814329,41.731476623,41.731476623,39.998143291,207.561,0.01433,39339045,1733335684.0,4.595034203928987,39.898143292
HK.01211,比亚迪股份,2020-10-15,43.564809955,41.664809956,44.73147662,41.531476623,207.253,0.01943,53348469,2457155148.0,-0.1597515170677113,41.731476623
HK.01211,比亚迪股份,2020-10-16,42.431476622,40.098143291,43.098143288,39.164809959,200.0,0.01551,42574626,1841884662.0,-3.760167553036899,41.664809956
HK.01211,比亚迪股份,2020-10-19,40.098143291,39.698143292,40.564809958,38.26480996,198.148,0.01047,28740273,1215243296.0,-0.9975524205625296,40.098143291
HK.01211,比亚迪股份,2020-10-20,39.698143292,43.531476621,43.564809955,39.164809959,215.895,0.01597,43829172,1982592114.0,9.656203064218628,39.698143292
HK.01211,比亚迪股份,2020-10-21,43.331476621,43.398143288,44.298143287,42.164809956,215.277,0.00859,23576898,1090944592.0,-0.3062917763182005,43.531476621
HK.01211,比亚迪股份,2020-10-22,43.564809955,45.431476619,45.764809952,42.031476623,224.691,0.01407,38618436,1842294200.0,4.685300284637379,43.398143288
HK.01211,比亚迪股份,2020-10-23,45.431476619,42.198143289,45.898143286,41.39814329,209.722,0.01932,53041608,2442312392.0,-7.116945278084535,45.431476619
HK.01211,比亚迪股份,2020-10-27,40.99814329,44.031476621,44.298143287,40.964809957,218.209,0.01262,34653843,1601510783.0,4.344582934476898,42.198143289
HK.01211,比亚迪股份,2020-10-28,43.564809955,46.598143285,46.898143285,43.498143288,230.092,0.01525,41864247,2047525538.0,5.829163273565692,44.031476621
HK.01211,比亚迪股份,2020-10-29,44.93147662,49.098143282,51.564809947,44.864809953,241.666,0.02285,62735859,3277902497.0,5.365020622623727,46.598143285
HK.01211,比亚迪股份,2020-10-30,50.164809948,48.26480995,51.564809947,47.698143284,237.808,0.02317,63598260,3342100872.0,-1.6972807448413487,49.098143282
HK.01211,比亚迪股份,2020-11-02,48.46480995,54.798143277,54.798143277,48.46480995,268.055,0.01936,53139399,2940928069.0,13.536432307033255,48.26480995
HK.01211,比亚迪股份,2020-11-03,54.764809943,53.664809944,56.198143275,52.231476613,262.808,0.01645,45150519,2567735311.0,-2.068196594309954,54.798143277
HK.01211,比亚迪股份,2020-11-04,54.231476611,53.564809945,55.864809942,52.864809945,262.345,0.01258,34536177,1975898920.0,-0.1863418487913201,53.664809944
HK.01211,比亚迪股份,2020-11-05,56.764809941,62.631476602,62.631476602,56.131476609,304.32,0.01948,53468352,3323972786.0,16.92653566083702,53.564809945
HK.01211,比亚迪股份,2020-11-06,64.564809934,61.564809937,66.898143265,57.564809941,299.382,0.03759,103173849,6688656624.0,-1.7030840128171878,62.631476602
HK.01211,比亚迪股份,2020-11-09,62.964809935,62.231476603,64.498143267,60.864809937,302.469,0.01529,41970411,2742577613.0,1.0828696891652967,61.564809937
HK.01211,比亚迪股份,2020-11-10,59.798143272,58.398143273,60.198143271,54.798143277,284.722,0.02548,69936006,4243924151.0,-6.159798126684979,62.231476603
HK.01211,比亚迪股份,2020-11-11,55.23147661,49.231476616,57.398143274,49.164809949,242.283,0.03269,89731113,4987017545.0,-15.696846069484796,58.398143273
HK.01211,比亚迪股份,2020-11-12,52.431476612,55.898143276,55.898143276,52.198143279,273.148,0.02151,59044575,3379733560.0,13.54147207892879,49.231476616
HK.01211,比亚迪股份,2020-11-13,60.764809937,57.531476607,61.231476604,56.298143275,280.709,0.02354,64628736,3968197233.0,2.9219813669576364,55.898143276
HK.01211,比亚迪股份,2020-11-16,56.698143275,56.831476608,56.831476608,52.298143279,277.469,0.01821,49987116,2897894945.0,-1.21672524378564,57.531476607
HK.01211,比亚迪股份,2020-11-17,58.231476607,53.664809944,58.498143273,52.998143278,262.808,0.01966,53959038,3127908189.0,-5.57202953891619,56.831476608
HK.01211,比亚迪股份,2020-11-18,53.731476611,55.731476609,55.731476609,52.598143279,272.376,0.01304,35794524,2071269846.0,3.8510649104256514,53.664809944
HK.01211,比亚迪股份,2020-11-19,55.931476609,54.33147661,56.498143275,53.731476611,265.895,0.00908,24919122,1432919991.0,-2.512045408059242,55.731476609
HK.01211,比亚迪股份,2020-11-20,55.164809943,57.731476607,58.731476606,54.764809943,281.635,0.02372,65098644,3935840297.0,6.257882555642167,54.33147661
HK.01211,比亚迪股份,2020-11-23,58.631476606,62.964809935,63.398143268,57.66480994,305.864,0.02248,61705110,3968169169.0,9.064956650295436,57.731476607
HK.01211,比亚迪股份,2020-11-24,67.164809931,63.498143268,67.564809931,60.564809938,308.333,0.02373,65139819,4381167989.0,0.8470339758836305,62.964809935
HK.01211,比亚迪股份,2020-11-25,63.531476601,61.131476604,65.0314766,60.231476605,297.376,0.01457,39998085,2606668557.0,-3.7271430977300497,63.498143268
HK.01211,比亚迪股份,2020-11-26,62.231476603,60.198143271,62.231476603,57.898143274,293.055,0.01359,37302708,2340312345.0,-1.5267639272743,61.131476604
HK.01211,比亚迪股份,2020-11-27,60.198143271,59.198143272,60.198143271,57.998143273,288.425,0.00999,27422790,1696124465.0,-1.661180801703794,60.198143271
HK.01211,比亚迪股份,2020-11-30,59.198143272,57.598143274,59.464809939,56.231476609,281.018,0.01386,38034966,2320331624.0,-2.7027874686008637,59.198143272
HK.01211,比亚迪股份,2020-12-01,56.631476608,59.431476605,59.431476605,55.964809942,289.506,0.0086,23594814,1447557062.0,3.1829729689004953,57.598143274
HK.01211,比亚迪股份,2020-12-02,56.398143275,54.498143277,56.831476608,53.231476612,266.666,0.02566,70444764,4071002716.0,-8.300876252475543,59.431476605
HK.01211,比亚迪股份,2020-12-03,54.93147661,54.53147661,55.831476609,53.564809945,266.82,0.01222,33550848,1934446684.0,0.0611641626588577,54.498143277
HK.01211,比亚迪股份,2020-12-04,55.431476609,55.398143276,57.231476608,54.564809944,270.833,0.01075,29495706,1732385359.0,1.5892961641186711,54.53147661
HK.01211,比亚迪股份,2020-12-07,55.064809943,55.864809942,55.964809942,54.064809944,272.993,0.00671,18417636,1071681626.0,0.8423868353764389,55.398143276
HK.01211,比亚迪股份,2020-12-08,56.631476608,57.364809941,58.798143273,56.631476608,279.938,0.01279,35121774,2141009478.0,2.6850534362460508,55.864809942
HK.01211,比亚迪股份,2020-12-09,57.931476607,56.564809942,59.098143272,55.931476609,276.234,0.01088,29859276,1813418021.0,-1.3945831945103708,57.364809941
HK.01211,比亚迪股份,2020-12-10,54.898143277,55.264809943,55.931476609,54.33147661,270.216,0.00553,15174486,884096639.0,-2.2982486820568795,56.564809942
HK.01211,比亚迪股份,2020-12-11,56.198143275,54.93147661,56.364809942,53.764809944,268.672,0.00877,24083121,1395536423.0,-0.603156571684233,55.264809943
HK.01211,比亚迪股份,2020-12-14,54.464809944,56.731476608,56.864809941,53.898143278,277.006,0.00771,21177480,1247296973.0,3.2768097802641685,54.93147661
HK.01211,比亚迪股份,2020-12-15,56.898143275,56.398143275,57.498143274,55.331476609,275.462,0.00631,17330736,1028901783.0,-0.5875632945414887,56.731476608
HK.01211,比亚迪股份,2020-12-16,57.66480994,57.198143274,57.898143274,56.098143275,279.166,0.00544,14941899,897934006.0,1.41848641204226,56.398143275
HK.01211,比亚迪股份,2020-12-17,57.231476608,57.831476607,57.831476607,56.131476609,282.098,0.00595,16343448,981819420.0,1.1072620486404563,57.198143274
HK.01211,比亚迪股份,2020-12-18,57.898143274,58.56480994,60.031476605,57.098143274,285.493,0.01252,34365900,2129858306.0,1.2680522373368568,57.831476607
HK.01211,比亚迪股份,2020-12-21,59.164809939,65.764809932,66.231476599,58.964809939,318.827,0.02422,66491928,4409569033.0,12.29407215591828,58.56480994
HK.01211,比亚迪股份,2020-12-22,65.564809933,61.464809937,65.564809933,60.798143271,298.919,0.0165,45284892,2974562472.0,-6.538451186046388,65.764809932
HK.01211,比亚迪股份,2020-12-23,61.464809937,63.031476602,64.498143267,61.031476604,306.172,0.01268,34807092,2296876069.0,2.5488839331087116,61.464809937
HK.01211,比亚迪股份,2020-12-24,63.564809935,61.39814327,63.564809935,60.264809938,298.611,0.00665,18250791,1172973402.0,-2.591297903924043,63.031476602
HK.01211,比亚迪股份,2020-12-28,61.39814327,63.464809935,64.564809934,61.031476604,308.179,0.01101,30232722,2008930320.0,3.366008408286513,61.39814327
HK.01211,比亚迪股份,2020-12-29,61.564809937,61.064809937,62.864809935,59.931476605,297.067,0.0114,31293840,2001241689.0,-3.7816232341325113,63.464809935
HK.01211,比亚迪股份,2020-12-30,61.064809937,61.89814327,64.164809934,61.031476604,300.925,0.01369,37565376,2467013664.0,1.3646703131635736,61.064809937
HK.01211,比亚迪股份,2020-12-31,63.298143268,64.6314766,65.564809933,62.698143269,313.58,0.00978,26843013,1807557281.0,4.415856737539263,61.89814327
HK.01211,比亚迪股份,2021-01-04,65.564809933,71.29814326,71.764809926,62.898143269,344.444,0.01942,53297691,3847586190.0,10.314891459558584,64.6314766
HK.01211,比亚迪股份,2021-01-05,71.564809927,73.431476591,75.23147659,69.764809928,354.32,0.01583,43455723,3326764833.0,2.992130276409112,71.29814326
HK.01211,比亚迪股份,2021-01-06,74.698143257,71.431476593,76.164809922,69.631476595,345.061,0.0159,43642494,3274978648.0,-2.7236276469553293,73.431476591
HK.01211,比亚迪股份,2021-01-07,72.898143259,75.298143256,75.831476589,71.564809927,362.962,0.01169,32075823,2481993764.0,5.413113164426622,71.431476593
HK.01211,比亚迪股份,2021-01-08,78.631476586,76.964809921,79.564809919,75.23147659,370.679,0.01222,33535809,2695031402.0,2.2134233235122815,75.298143256
HK.01211,比亚迪股份,2021-01-11,79.898143252,82.298143249,85.098143246,79.898143252,395.37,0.01861,51093552,4371039223.0,6.929573831825704,76.964809921
HK.01211,比亚迪股份,2021-01-12,82.098143249,81.49814325,82.098143249,75.23147659,391.666,0.01751,48063240,3949728226.0,-0.9720753924903748,82.298143249
HK.01211,比亚迪股份,2021-01-13,81.89814325,82.898143249,86.231476579,80.298143251,398.148,0.01581,43391355,3746583293.0,1.7178305457897682,81.49814325
HK.01211,比亚迪股份,2021-01-14,82.098143249,79.898143252,82.898143249,78.56480992,384.259,0.01527,41905539,3490626120.0,-3.6188989034277226,82.898143249
HK.01211,比亚迪股份,2021-01-15,79.898143252,78.831476586,80.564809918,76.231476589,379.32,0.01226,33651297,2742718097.0,-1.335033109137117,79.898143252
HK.01211,比亚迪股份,2021-01-18,76.898143255,75.364809923,77.231476588,74.031476591,363.271,0.01726,47378547,3718763971.0,-4.397566572558223,78.831476586
HK.01211,比亚迪股份,2021-01-19,76.764809921,74.898143257,77.164809921,73.764809924,361.111,0.01163,31918557,2497278805.0,-0.6192103005060142,75.364809923
HK.01211,比亚迪股份,2021-01-20,76.764809921,78.231476587,80.098143251,76.564809922,376.543,0.01472,40414311,3290164870.0,4.450488603652358,74.898143257
HK.01211,比亚迪股份,2021-01-21,78.231476587,79.698143252,83.764809914,75.564809923,383.333,0.07553,207325455,17018826709.0,1.8747781954095344,78.231476587
HK.01211,比亚迪股份,2021-01-22,80.898143251,81.764809916,82.298143249,78.698143253,392.901,0.02136,58641918,4937441958.0,2.593117705973844,79.698143252
HK.01211,比亚迪股份,2021-01-25,82.764809915,89.698143242,89.698143242,82.564809916,429.629,0.03566,97880799,8854976826.0,9.702625535545426,81.764809916
HK.01211,比亚迪股份,2021-01-26,87.831476577,84.031476581,88.831476576,82.631476582,403.395,0.02556,70171407,6200244753.0,-6.3174849068075805,89.698143242
HK.01211,比亚迪股份,2021-01-27,84.564809914,81.564809917,84.898143247,77.631476587,391.975,0.02312,63473004,5336615612.0,-2.9354079737279415,84.031476581
HK.01211,比亚迪股份,2021-01-28,77.76480992,75.564809923,80.231476585,75.364809923,364.197,0.02635,72338919,5838063900.0,-7.356113500547087,81.564809917
HK.01211,比亚迪股份,2021-01-29,78.631476586,76.031476589,79.298143252,73.898143258,384.142,0.02163,59372022,4712887315.0,0.6175714151541236,75.564809923
HK.01211,比亚迪股份,2021-02-01,76.698143255,78.56480992,78.831476586,76.098143255,396.44,0.01296,40749240,3293483706.0,3.3319533496558766,76.031476589
HK.01211,比亚迪股份,2021-02-02,81.89814325,84.298143247,85.831476579,80.631476584,424.271,0.0273,85829511,7456525334.0,7.297584418314082,78.56480992
HK.01211,比亚迪股份,2021-02-03,86.898143245,85.898143246,87.031476578,82.898143249,432.038,0.01642,51616653,4534772957.0,1.8980251964884711,84.298143247
HK.01211,比亚迪股份,2021-02-04,84.298143247,81.89814325,84.764809913,79.098143252,412.621,0.01803,56674638,4805085862.0,-4.656678066421729,85.898143246
HK.01211,比亚迪股份,2021-02-05,83.164809915,80.098143251,83.431476581,78.56480992,403.883,0.01134,35659011,2975546099.0,-2.1978520239529455,81.89814325
HK.01211,比亚迪股份,2021-02-08,80.898143251,80.231476585,81.364809917,78.098143253,404.53,0.0066,20758089,1723886814.0,0.1664624529212604,80.098143251
HK.01211,比亚迪股份,2021-02-09,81.231476584,83.564809915,83.964809914,79.964809918,420.711,0.00854,26859666,2304103425.0,4.15464537346331,80.231476585
HK.01211,比亚迪股份,2021-02-10,84.83147658,85.898143246,86.498143245,83.298143248,432.038,0.00853,26831001,2366923071.0,2.7922439282437344,83.564809915
HK.01211,比亚迪股份,2021-02-11,85.364809913,85.23147658,85.364809913,83.431476581,428.802,0.00344,10823031,947595843.0,-0.7761130110702854,85.898143246
HK.01211,比亚迪股份,2021-02-16,86.231476579,86.764809911,87.564809911,84.764809913,436.245,0.00703,22111413,1983370422.0,1.7990223712254665,85.23147658
HK.01211,比亚迪股份,2021-02-17,85.898143246,85.364809913,86.098143245,83.964809914,429.449,0.00766,24078495,2122819655.0,-1.6135573851150764,86.764809911
HK.01211,比亚迪股份,2021-02-18,86.031476579,81.49814325,86.698143245,81.49814325,410.679,0.01529,48075663,4144850245.0,-4.529579187185841,85.364809913
HK.01211,比亚迪股份,2021-02-19,80.231476585,79.898143252,80.631476584,76.231476589,402.912,0.01604,50442228,4129174407.0,-1.9632349084222864,81.49814325
HK.01211,比亚迪股份,2021-02-22,81.231476584,76.698143255,81.431476583,76.231476589,387.378,0.01136,35719323,2885215399.0,-4.005099326159735,79.898143252
HK.01211,比亚迪股份,2021-02-23,73.898143258,72.098143259,75.164809923,69.631476595,365.048,0.02344,73699113,5581652627.0,-5.997537620573534,76.698143255
HK.01211,比亚迪股份,2021-02-24,71.831476593,67.631476597,73.898143258,64.498143267,343.365,0.0305,95886546,6778066169.0,-6.195258934691665,72.098143259
HK.01211,比亚迪股份,2021-02-25,71.164809927,68.964809929,71.164809927,66.964809931,349.838,0.01507,47391606,3414878932.0,1.9714686106071784,67.631476597
HK.01211,比亚迪股份,2021-02-26,64.564809934,62.631476602,66.231476599,61.998143269,319.093,0.02724,85632729,5707186036.0,-9.183427509653448,68.964809929
HK.01211,比亚迪股份,2021-03-01,64.898143267,67.898143264,68.16480993,63.298143268,344.66,0.01647,51778890,3617623884.0,8.4089773189729,62.631476602
HK.01211,比亚迪股份,2021-03-02,71.564809927,68.431476596,71.89814326,66.431476598,347.249,0.01458,45831729,3301782791.0,0.7854903040960983,67.898143264
HK.01211,比亚迪股份,2021-03-03,68.36480993,68.36480993,68.36480993,65.2314766,346.925,0.00932,29304837,2052180333.0,-0.0974210543396135,68.431476596
HK.01211,比亚迪股份,2021-03-04,65.831476599,62.564809936,66.098143265,62.531476602,318.77,0.01515,47628285,3183364797.0,-8.483896905350473,68.36480993
HK.01211,比亚迪股份,2021-03-05,58.098143273,61.89814327,64.898143267,58.098143273,315.533,0.01643,51649800,3345954788.0,-1.0655617218080966,62.564809936
HK.01211,比亚迪股份,2021-03-08,62.298143269,55.264809943,62.831476602,54.964809943,283.333,0.02395,75285132,4544904375.0,-10.716530378084787,61.89814327
HK.01211,比亚迪股份,2021-03-09,55.23147661,55.731476609,58.531476606,51.39814328,285.598,0.02158,67850034,3975840436.0,0.8444191999960077,55.264809943
HK.01211,比亚迪股份,2021-03-10,61.231476604,58.798143273,61.39814327,58.56480994,300.485,0.01589,49948440,3149634676.0,5.502575654894404,55.731476609
HK.01211,比亚迪股份,2021-03-11,59.564809939,62.264809936,62.264809936,58.56480994,317.313,0.00821,25808757,1658071700.0,5.895877777813921,58.798143273
HK.01211,比亚迪股份,2021-03-12,64.098143267,60.598143271,64.564809934,60.231476605,309.223,0.01148,36088791,2350462355.0,-2.676739343961885,62.264809936
HK.01211,比亚迪股份,2021-03-15,60.598143271,58.764809939,61.831476603,57.298143274,300.323,0.00833,26196183,1628263520.0,-3.025395223416622,60.598143271
HK.01211,比亚迪股份,2021-03-16,59.764809938,60.564809938,61.464809937,59.298143272,309.061,0.00625,19665570,1246105640.0,3.063057637501875,58.764809939
HK.01211,比亚迪股份,2021-03-17,59.898143272,60.398143271,61.09814327,58.598143273,308.252,0.00558,17544702,1108831968.0,-0.2751873029414561,60.564809938
HK.01211,比亚迪股份,2021-03-18,61.564809937,60.898143271,62.564809936,60.731476604,310.679,0.00616,19370133,1251232843.0,0.8278400177908674,60.398143271
HK.01211,比亚迪股份,2021-03-19,59.764809938,58.498143273,59.764809938,57.298143274,299.029,0.01005,31598004,1938241930.0,-3.941006850274362,60.898143271
HK.01211,比亚迪股份,2021-03-22,58.16480994,59.264809939,60.564809938,58.16480994,302.75,0.0063,19799154,1240148487.0,1.310582905891756,58.498143273
HK.01211,比亚迪股份,2021-03-23,59.664809938,57.098143274,59.831476605,56.331476608,292.233,0.00931,29256060,1769869309.0,-3.655907556659854,59.264809939
HK.01211,比亚迪股份,2021-03-24,56.231476609,52.964809945,56.764809941,52.231476613,272.168,0.01517,47699100,2704369877.0,-7.238997788711182,57.098143274
HK.01211,比亚迪股份,2021-03-25,50.498143281,52.898143279,53.498143278,49.231476616,271.844,0.01132,35592390,1947428077.0,-0.1258697351491009,52.964809945
HK.01211,比亚迪股份,2021-03-26,53.431476611,55.898143276,56.564809942,53.298143278,286.407,0.00936,29429262,1721539160.0,5.671276553464522,52.898143279
HK.01211,比亚迪股份,2021-03-29,54.798143277,53.931476611,55.23147661,53.231476612,276.86,0.00775,24377646,1392480858.0,-3.5183040969526997,55.898143276
HK.01211,比亚迪股份,2021-03-30,53.898143278,53.698143278,53.898143278,49.564809949,96.928,0.01785,56131653,3081832746.0,-0.432647773920594,53.931476611
HK.01211,比亚迪股份,2021-03-31,54.231476611,51.864809946,55.23147661,51.59814328,93.799,0.01314,41308056,2305792735.0,-3.4141465981582915,53.698143278
HK.01211,比亚迪股份,2021-04-01,52.998143278,56.064809942,56.631476608,52.931476612,100.967,0.01665,52353195,3046446621.0,8.097976258609455,51.864809946
HK.01211,比亚迪股份,2021-04-07,57.131476608,56.164809942,57.998143273,55.598143276,101.137,0.00979,30773451,1834677923.0,0.178365003115953,56.064809942
HK.01211,比亚迪股份,2021-04-08,56.231476609,56.231476609,57.198143274,55.698143276,101.251,0.00694,21805203,1296692694.0,0.11869828646949,56.164809942
HK.01211,比亚迪股份,2021-04-09,57.198143274,55.264809943,57.198143274,54.83147661,99.601,0.00511,16062435,943514216.0,-1.7190846200280594,56.231476609
HK.01211,比亚迪股份,2021-04-12,55.698143276,53.698143278,55.731476609,52.698143279,96.928,0.00566,17784396,1009133288.0,-2.834835886734897,55.264809943
HK.01211,比亚迪股份,2021-04-13,53.698143278,52.998143278,55.064809943,52.898143279,95.733,0.00462,14531130,825222839.0,-1.3035832475175937,53.698143278
HK.01211,比亚迪股份,2021-04-14,54.564809944,56.331476608,56.764809941,54.398143277,101.422,0.01299,40848582,2415374901.0,6.289528507659433,52.998143278
HK.01211,比亚迪股份,2021-04-15,56.431476608,55.23147661,56.431476608,53.998143277,99.544,0.00594,18677157,1082577293.0,-1.952727079488243,56.331476608
HK.01211,比亚迪股份,2021-04-16,55.23147661,55.631476609,55.831476609,53.298143278,100.227,0.00712,22396239,1297085257.0,0.7242247058221499,55.23147661
HK.01211,比亚迪股份,2021-04-19,55.564809943,58.431476606,58.798143273,54.93147661,105.005,0.01321,41525511,2534208496.0,5.033121836185474,55.631476609
HK.01211,比亚迪股份,2021-04-20,58.431476606,57.898143274,58.498143273,56.231476609,104.095,0.0057,17908035,1081368939.0,-0.9127500501078096,58.431476606
HK.01211,比亚迪股份,2021-04-21,57.231476608,56.164809942,57.298143274,55.764809942,101.137,0.00565,17769309,1058804450.0,-2.9937632434896737,57.898143274
HK.01211,比亚迪股份,2021-04-22,56.864809941,56.064809942,57.198143274,55.398143276,100.967,0.00596,18743907,1108588829.0,-0.178047428814001,56.164809942
HK.01211,比亚迪股份,2021-04-23,56.464809942,57.064809941,57.198143274,55.564809943,102.673,0.00552,17339622,1039403087.0,1.783650029375861,56.064809942
HK.01211,比亚迪股份,2021-04-26,57.231476608,55.931476609,57.531476607,55.598143276,100.739,0.00654,20552760,1219774806.0,-1.986045924225046,57.064809941
HK.01211,比亚迪股份,2021-04-27,56.231476609,56.064809942,56.498143275,55.398143276,100.967,0.00654,20577309,1214585911.0,0.2383869353782466,55.931476609
HK.01211,比亚迪股份,2021-04-28,56.431476608,55.03147661,56.431476608,54.698143277,99.203,0.00553,17382204,1015218673.0,-1.8431050298199512,56.064809942
HK.01211,比亚迪股份,2021-04-29,53.931476611,53.164809945,54.73147661,52.264809946,96.018,0.01342,42200718,2374313576.0,-3.3919981435875135,55.03147661
HK.01211,比亚迪股份,2021-04-30,52.364809946,50.331476614,52.364809946,49.898143282,91.183,0.01084,34085361,1830239062.0,-5.329339715370252,53.164809945
HK.01211,比亚迪股份,2021-05-03,50.498143281,49.164809949,50.598143281,49.098143282,89.192,0.00586,18410703,969637947.0,-2.31796629760607,50.331476614
HK.01211,比亚迪股份,2021-05-04,49.164809949,50.064809948,50.131476615,47.898143284,90.728,0.00463,14546250,762137387.0,1.8305776020157292,49.164809949
HK.01211,比亚迪股份,2021-05-05,48.998143282,49.264809949,50.031476615,48.398143283,89.362,0.00274,8617116,450757084.0,-1.5979287643974212,50.064809948
HK.01211,比亚迪股份,2021-05-06,49.898143282,48.16480995,49.898143282,47.164809951,87.485,0.00786,24699942,1259144542.0,-2.232831102238593,49.264809949
HK.01211,比亚迪股份,2021-05-07,47.131476618,45.23147662,47.531476617,44.998143286,82.48,0.01378,43336278,2114371010.0,-6.090200154521728,48.16480995
HK.01211,比亚迪股份,2021-05-10,45.731476619,45.631476619,46.464809952,44.798143287,83.162,0.00692,21743826,1062344870.0,0.8843399086005671,45.23147662
HK.01211,比亚迪股份,2021-05-11,44.098143287,44.231476621,45.364809953,43.098143288,80.773,0.00989,31105521,1473826224.0,-3.0680576254178624,45.631476619
HK.01211,比亚迪股份,2021-05-12,44.298143287,46.531476618,47.831476617,43.731476621,84.698,0.01282,40291929,1998306940.0,5.199916830061283,44.231476621
HK.01211,比亚迪股份,2021-05-13,45.664809952,43.964809954,45.664809952,43.964809954,80.318,0.00682,21437514,1022657902.0,-5.515979398356595,46.531476618
HK.01211,比亚迪股份,2021-05-14,43.564809955,44.83147662,45.298143286,43.031476622,81.797,0.00654,20573790,976199001.0,1.971273541058813,43.964809954
HK.01211,比亚迪股份,2021-05-17,45.664809952,47.86480995,48.798143283,44.93147662,86.973,0.01282,40295313,2048977805.0,6.7660794573221565,44.83147662
HK.01211,比亚迪股份,2021-05-18,48.631476616,47.331476617,48.664809949,46.364809952,86.063,0.00792,24907521,1251523997.0,-1.114249348440172,47.86480995
HK.01211,比亚迪股份,2021-05-20,49.231476616,50.531476614,51.431476613,49.231476616,91.524,0.01639,51537909,2754765981.0,6.7608285769192715,47.331476617
HK.01211,比亚迪股份,2021-05-21,51.39814328,51.531476613,52.298143279,50.598143281,93.23,0.00745,23419089,1278620006.0,1.978964530640588,50.531476614
HK.01211,比亚迪股份,2021-05-24,53.064809945,52.764809945,54.498143277,51.564809947,95.335,0.013,40866078,2288957963.0,2.3933591914361405,51.531476613
HK.01211,比亚迪股份,2021-05-25,53.231476612,53.998143277,54.031476611,52.364809946,97.44,0.0074,23256255,1313982423.0,2.337416420689419,52.764809945
HK.01211,比亚迪股份,2021-05-26,54.498143277,55.364809943,55.764809942,54.264809944,99.772,0.0073,22946871,1337584007.0,2.5309512199137396,53.998143277
HK.01211,比亚迪股份,2021-05-27,55.931476609,55.731476609,56.464809942,54.798143277,100.398,0.00975,30643077,1803453650.0,0.6622738638089727,55.364809943
HK.01211,比亚迪股份,2021-05-28,56.498143275,56.131476609,57.564809941,55.831476609,101.08,0.00905,28448205,1701874734.0,0.7177272599581728,55.731476609
HK.01211,比亚迪股份,2021-05-31,56.498143275,56.898143275,56.898143275,54.231476611,102.389,0.00646,20302683,1198643424.0,1.3658409012476846,56.131476609
HK.01211,比亚迪股份,2021-06-01,57.231476608,60.531476604,60.731476604,56.731476608,108.589,0.01324,41618085,2602832255.0,6.385679953455379,56.898143275
HK.01211,比亚迪股份,2021-06-02,61.231476604,61.231476604,62.064809936,59.731476605,109.783,0.00929,29201916,1864225026.0,1.156423135981695,60.531476604
HK.01211,比亚迪股份,2021-06-03,61.231476604,60.131476605,61.464809937,59.331476605,107.906,0.00689,21665715,1377638371.0,-1.796461656663918,61.231476604
HK.01211,比亚迪股份,2021-06-04,59.131476606,60.864809937,62.398143269,58.631476606,109.158,0.02387,75032565,4812533595.0,1.2195498487709118,60.131476605
HK.01211,比亚迪股份,2021-06-07,61.564809937,60.131476605,61.731476603,59.931476605,107.906,0.0131,41185194,2632047480.0,-1.2048560288926444,60.864809937
HK.01211,比亚迪股份,2021-06-08,61.031476604,64.098143267,64.498143267,60.698143271,114.675,0.01785,56126862,3712095430.0,6.596656004403127,60.131476605
HK.01211,比亚迪股份,2021-06-09,64.564809934,63.398143268,64.964809933,62.298143269,113.481,0.0086,27048855,1801042405.0,-1.0920753134519952,64.098143267
HK.01211,比亚迪股份,2021-06-10,63.358103268,67.624769931,69.291436596,63.324769935,120.591,0.01481,46560054,3273990481.0,6.6667988132286204,63.398143268
HK.01211,比亚迪股份,2021-06-11,67.82476993,68.42476993,69.358103262,66.024769932,121.956,0.01032,32450490,2309448723.0,1.182998477948631,67.624769931
HK.01211,比亚迪股份,2021-06-15,69.958103262,71.75810326,72.624769926,69.424769929,127.645,0.01533,48182316,3583621322.0,4.871530197924046,68.42476993
HK.01211,比亚迪股份,2021-06-16,70.958103261,65.624769933,71.291436594,65.2914366,117.178,0.0162,50947953,3589079543.0,-8.547234456263695,71.75810326
HK.01211,比亚迪股份,2021-06-17,65.424769933,71.291436594,71.95810326,65.224769933,126.848,0.01344,42243072,3073095855.0,8.634950898548558,65.624769933
HK.01211,比亚迪股份,2021-06-18,72.291436593,74.424769924,75.824769922,72.091436593,132.195,0.01767,55561809,4297873176.0,4.395104769516884,71.291436594
HK.01211,比亚迪股份,2021-06-21,72.958103259,74.49143659,76.958103255,71.35810326,132.309,0.01163,36561210,2854076400.0,0.0895759114446453,74.424769924
HK.01211,比亚迪股份,2021-06-22,74.158103257,71.35810326,75.29143659,71.291436594,126.962,0.00876,27553407,2085677988.0,-4.206300043917589,74.49143659
HK.01211,比亚迪股份,2021-06-23,70.824769927,73.558103258,74.89143659,70.291436595,130.716,0.00907,28516395,2183613483.0,3.083041585318071,71.35810326
HK.01211,比亚迪股份,2021-06-24,74.358103257,72.824769925,74.69143659,71.95810326,129.465,0.00582,18302541,1394867506.0,-0.9969443209103532,73.558103258
HK.01211,比亚迪股份,2021-06-25,72.891436592,73.291436592,73.958103258,72.024769926,130.261,0.00758,23846475,1814635052.0,0.640807609115146,72.824769925
HK.01211,比亚迪股份,2021-06-28,75.29143659,75.224769923,75.624769923,73.958103258,133.56,0.00511,16068708,1253979228.0,2.63787069935948,73.291436592
HK.01211,比亚迪股份,2021-06-29,75.758103256,75.824769922,76.958103255,74.358103257,134.584,0.00864,27167385,2137481350.0,0.7976096166384614,75.224769923
HK.01211,比亚迪股份,2021-06-30,76.358103255,74.358103257,76.358103255,72.958103259,132.081,0.00804,25262766,1954592644.0,-1.9342843591991736,75.824769922
HK.01211,比亚迪股份,2021-07-02,72.158103259,70.691436594,72.291436593,68.958103263,125.824,0.01158,36413769,2684327303.0,-4.931092244683937,74.358103257
HK.01211,比亚迪股份,2021-07-05,69.624769929,74.358103257,75.158103256,69.424769929,132.081,0.00794,24966906,1923107803.0,5.186861152728664,70.691436594
HK.01211,比亚迪股份,2021-07-06,75.491436589,71.55810326,76.891436588,69.958103262,127.303,0.01662,52253682,3983642255.0,-3.765561350216947,74.358103257
HK.01211,比亚迪股份,2021-07-07,70.891436594,72.024769926,73.491436591,69.224769929,128.1,0.01238,38915439,2908345553.0,0.6521506925699485,71.55810326
HK.01211,比亚迪股份,2021-07-08,70.291436595,70.224769928,73.424769925,69.891436595,125.028,0.01245,39145056,2929254150.0,-2.499140226132437,72.024769926
HK.01211,比亚迪股份,2021-07-09,70.291436595,69.024769929,71.491436593,66.291436599,122.98,0.01252,39348906,2853926087.0,-1.7087987617906537,70.224769928
HK.01211,比亚迪股份,2021-07-12,69.958103262,74.624769924,76.024769922,69.824769928,132.536,0.01526,47961969,3683548274.0,8.113029570051816,69.024769929
HK.01211,比亚迪股份,2021-07-13,74.624769924,75.024769923,76.891436588,74.091436591,133.219,0.00697,21925617,1717340401.0,0.5360150515805399,74.624769924
HK.01211,比亚迪股份,2021-07-14,74.558103257,70.624769928,74.558103257,69.091436596,125.711,0.01481,46572864,3434563260.0,-5.864729741278554,75.024769923
HK.01211,比亚迪股份,2021-07-15,69.624769929,68.22476993,70.358103261,67.024769931,121.615,0.01413,44433954,3166608385.0,-3.398241155966591,70.624769928
HK.01211,比亚迪股份,2021-07-16,68.62476993,67.758103264,70.158103261,66.758103265,120.819,0.00974,30617418,2186085812.0,-0.6840135429973663,68.22476993
HK.01211,比亚迪股份,2021-07-19,67.358103264,66.358103265,69.424769929,66.024769932,118.43,0.00907,28515012,1999770828.0,-2.0661735372746546,67.758103264
HK.01211,比亚迪股份,2021-07-20,65.491436599,65.624769933,66.824769931,64.291436601,117.178,0.00735,23110926,1578815479.0,-1.1051149685087385,66.358103265
HK.01211,比亚迪股份,2021-07-21,66.624769932,69.824769928,70.758103261,66.291436599,124.345,0.01232,38721027,2790395754.0,6.400022429469869,65.624769933
HK.01211,比亚迪股份,2021-07-22,70.958103261,71.55810326,72.224769926,69.958103262,127.303,0.00801,25171449,1869579209.0,2.4824046449237605,69.824769928
HK.01211,比亚迪股份,2021-07-23,70.958103261,72.691436592,74.424769924,70.958103261,129.237,0.01356,42617115,3255078473.0,1.583794539497701,71.55810326
HK.01211,比亚迪股份,2021-07-26,70.891436594,69.558103262,74.158103257,69.424769929,123.89,0.01345,42285300,3161282847.0,-4.310457293046312,72.691436592
HK.01211,比亚迪股份,2021-07-27,69.358103262,64.958103267,72.691436592,62.291436603,116.04,0.01685,52980699,3746548869.0,-6.613176293311914,69.558103262
HK.01211,比亚迪股份,2021-07-28,63.624769935,67.291436598,67.491436597,62.424769936,120.022,0.0129,40549872,2779559892.0,3.592058902042149,64.958103267
HK.01211,比亚迪股份,2021-07-29,69.624769929,73.958103258,74.291436591,67.891436597,131.399,0.01868,58728567,4412030793.0,9.90715460546154,67.291436598
HK.01211,比亚迪股份,2021-07-30,72.291436593,76.624769922,76.958103255,72.158103259,135.949,0.01667,52403328,4114777690.0,3.605645015932115,73.958103258
HK.01211,比亚迪股份,2021-08-02,79.624769919,83.024769915,83.691436581,79.091436586,146.871,0.0219,68861649,5856253432.0,8.352390486150703,76.624769922
HK.01211,比亚迪股份,2021-08-03,87.624769911,83.291436582,87.624769911,81.024769917,147.326,0.01769,55626339,4887220344.0,0.3211892875740826,83.024769915
HK.01211,比亚迪股份,2021-08-04,83.291436582,90.491436574,91.091436574,82.291436583,159.613,0.02075,65236239,5983183885.0,8.644346030592999,83.291436582
HK.01211,比亚迪股份,2021-08-05,89.824769908,87.224769911,90.024769908,87.091436578,154.038,0.01236,38873889,3549472209.0,-3.6099180062509784,90.491436574
HK.01211,比亚迪股份,2021-08-06,91.091436574,88.758103243,95.29143657,87.224769911,156.655,0.01462,45961671,4287310043.0,1.757910434804859,87.224769911
HK.01211,比亚迪股份,2021-08-09,87.158103244,84.824769913,87.158103244,83.291436582,149.943,0.01266,39805431,3506663528.0,-4.431520262698046,88.758103243
HK.01211,比亚迪股份,2021-08-10,85.958103246,86.958103245,86.958103245,82.624769916,153.583,0.01127,35422851,3114879268.0,2.514988645637408,84.824769913
HK.01211,比亚迪股份,2021-08-11,85.891436579,86.424769912,87.891436577,84.624769914,152.673,0.00621,19517778,1747539631.0,-0.6133221782648159,86.958103245
HK.01211,比亚迪股份,2021-08-12,87.024769911,89.224769909,91.224769907,85.491436579,157.451,0.01055,33174678,3056001328.0,3.239811919489094,86.424769912
HK.01211,比亚迪股份,2021-08-13,87.82476991,88.091436577,90.891436574,86.824769911,155.517,0.00622,19560876,1790451655.0,-1.270200341402829,89.224769909
HK.01211,比亚迪股份,2021-08-16,87.024769911,81.491436583,88.091436577,80.624769918,144.254,0.01369,43030134,3685948463.0,-7.492215191917088,88.091436577
HK.01211,比亚迪股份,2021-08-17,80.624769918,81.224769917,84.024769914,77.758103254,143.799,0.01109,34851696,2915042716.0,-0.3272327463860435,81.491436583
HK.01211,比亚迪股份,2021-08-18,81.55810325,82.558103249,84.158103247,79.624769919,146.075,0.00855,26889855,2297270888.0,1.6415353756772344,81.224769917
HK.01211,比亚迪股份,2021-08-19,82.958103249,83.091436582,85.758103246,82.358103249,146.985,0.00981,30841350,2681917142.0,0.6460096732012333,82.558103249
HK.01211,比亚迪股份,2021-08-20,82.691436582,80.424769918,83.624769915,78.358103253,142.434,0.01201,37768989,3156231368.0,-3.209315873806521,83.091436582
HK.01211,比亚迪股份,2021-08-23,81.424769917,84.424769914,86.158103245,80.691436584,149.26,0.00991,31149291,2712478972.0,4.973592091190744,80.424769918
HK.01211,比亚迪股份,2021-08-24,86.291436579,85.824769912,88.22476991,84.291436581,151.649,0.00822,25834956,2307583250.0,1.6582810938378871,84.424769914
HK.01211,比亚迪股份,2021-08-25,86.091436579,85.758103246,86.624769912,84.624769914,151.535,0.00453,14226657,1257704242.0,-0.077677651881089,85.824769912
HK.01211,比亚迪股份,2021-08-26,85.491436579,82.424769916,86.558103245,81.624769917,145.847,0.00596,18747417,1616107179.0,-3.886901883123771,85.758103246
HK.01211,比亚迪股份,2021-08-27,81.15810325,84.424769914,85.624769913,80.958103251,149.26,0.00682,21445053,1871193968.0,2.4264550571851338,82.424769916
HK.01211,比亚迪股份,2021-08-30,81.95810325,84.091436581,84.558103247,79.958103252,148.691,0.01372,43151223,3689742501.0,-0.3948288320353749,84.424769914
HK.01211,比亚迪股份,2021-08-31,84.291436581,84.758103247,85.29143658,80.624769918,149.829,0.01,31437186,2714327497.0,0.792787818956856,84.091436581
HK.01211,比亚迪股份,2021-09-01,84.624769914,82.424769916,84.89143658,80.824769917,145.847,0.00703,22099437,1895152401.0,-2.7529324531959483,84.758103247
HK.01211,比亚迪股份,2021-09-02,83.624769915,84.358103247,85.558103246,82.958103249,149.146,0.0064,20136597,1753685743.0,2.345573221460347,82.424769916
HK.01211,比亚迪股份,2021-09-03,84.624769914,81.75810325,85.29143658,81.291436584,144.709,0.00839,26390196,2256935653.0,-3.0820986922705145,84.358103247
HK.01211,比亚迪股份,2021-09-06,82.624769916,88.358103243,88.358103243,82.291436583,155.972,0.01401,44031792,3919077193.0,8.072594312539898,81.75810325
HK.01211,比亚迪股份,2021-09-07,88.62476991,87.224769911,88.62476991,86.158103245,154.038,0.00728,22877562,2066729429.0,-1.2826591907288285,88.358103243
HK.01211,比亚迪股份,2021-09-08,87.958103244,86.824769911,89.424769909,86.291436579,153.356,0.00787,24742020,2240998821.0,-0.4585853312174196,87.224769911
HK.01211,比亚迪股份,2021-09-09,86.291436579,84.424769914,88.491436576,82.958103249,149.26,0.01003,31522821,2774201052.0,-2.764188145226456,86.824769911
HK.01211,比亚迪股份,2021-09-10,84.758103247,84.158103247,84.89143658,81.75810325,148.805,0.00737,23158710,1998037134.0,-0.3158630663389877,84.424769914
HK.01211,比亚迪股份,2021-09-13,83.958103248,82.291436583,84.291436581,80.691436584,145.62,0.00662,20808330,1767522049.0,-2.2180474511425428,84.158103247
HK.01211,比亚迪股份,2021-09-14,82.958103249,84.624769914,86.091436579,81.35810325,149.601,0.01037,32589900,2858287258.0,2.8354509629280407,82.291436583
HK.01211,比亚迪股份,2021-09-15,84.224769914,83.091436582,85.491436579,82.358103249,146.985,0.00552,17369961,1498505457.0,-1.8119202374886805,84.624769914
HK.01211,比亚迪股份,2021-09-16,84.024769914,79.958103252,84.024769914,79.291436586,141.638,0.00894,28114179,2364286976.0,-3.770946151481956,83.091436582
HK.01211,比亚迪股份,2021-09-17,79.224769919,82.758103249,82.758103249,78.958103253,146.416,0.00922,28978191,2454811735.0,3.5018339394262257,79.958103252
HK.01211,比亚迪股份,2021-09-20,82.158103249,78.22476992,82.158103249,75.624769923,138.68,0.00968,30423600,2466208370.0,-5.477812022056921,82.758103249
HK.01211,比亚迪股份,2021-09-21,76.491436588,77.958103254,78.22476992,74.49143659,138.225,0.00661,20788098,1663402516.0,-0.3408979870093891,78.22476992
HK.01211,比亚迪股份,2021-09-23,79.158103252,77.691436587,80.624769918,76.758103255,137.77,0.00783,24603381,2002432166.0,-0.3420640778433934,77.958103254
HK.01211,比亚迪股份,2021-09-24,78.22476992,77.958103254,79.758103252,76.491436588,138.225,0.00497,15631422,1270951881.0,0.3432381723323887,77.691436587
HK.01211,比亚迪股份,2021-09-27,78.22476992,77.691436587,79.891436585,76.424769922,137.77,0.00473,14879655,1201908727.0,-0.3420640778433934,77.958103254
HK.01211,比亚迪股份,2021-09-28,78.291436587,77.691436587,79.558103252,77.024769921,137.77,0.00457,14365059,1170713726.0,0.0,77.691436587
HK.01211,比亚迪股份,2021-09-29,76.691436588,76.491436588,76.758103255,74.758103257,135.722,0.00574,18057171,1423955002.0,-1.544571772277916,77.691436587
HK.01211,比亚迪股份,2021-09-30,76.491436588,77.958103254,78.291436587,75.224769923,138.225,0.00463,14549361,1171226939.0,1.9174259648171987,76.491436588
HK.01211,比亚迪股份,2021-10-04,78.958103253,77.558103254,79.358103252,76.358103255,137.542,0.00392,12333579,996109816.0,-0.5130961161237176,77.958103254
HK.01211,比亚迪股份,2021-10-05,76.758103255,79.158103252,79.824769918,75.358103256,140.273,0.00544,17111316,1392806787.0,2.062969478198891,77.558103254
HK.01211,比亚迪股份,2021-10-06,79.291436586,76.891436588,79.424769919,76.624769922,136.405,0.00471,14792724,1190804429.0,-2.8634676310826452,79.158103252
HK.01211,比亚迪股份,2021-10-07,77.958103254,79.824769918,80.024769918,77.424769921,141.41,0.00364,11433543,939377068.0,3.814902491310436,76.891436588
HK.01211,比亚迪股份,2021-10-08,80.424769918,78.958103253,81.891436583,77.558103254,139.931,0.00501,15765540,1293648030.0,-1.085711447574832,79.824769918
HK.01211,比亚迪股份,2021-10-11,80.691436584,83.224769915,83.824769914,79.224769919,147.212,0.00777,24427335,2087026035.0,5.403709671607239,78.958103253
HK.01211,比亚迪股份,2021-10-12,81.624769917,81.55810325,84.224769914,80.691436584,144.368,0.00599,18832407,1602423591.0,-2.002608918837759,83.224769915
HK.01211,比亚迪股份,2021-10-15,84.291436581,87.958103244,88.558103243,83.824769914,155.29,0.01479,46497594,4167394222.0,7.847166301038269,81.55810325
HK.01211,比亚迪股份,2021-10-18,88.62476991,89.224769909,89.624769909,87.291436578,157.451,0.00652,20483790,1878355780.0,1.44007955865784,87.958103244
HK.01211,比亚迪股份,2021-10-19,90.624769908,90.624769908,91.624769907,89.491436575,159.84,0.00637,20011725,1875892133.0,1.5690710106933945,89.224769909
HK.01211,比亚迪股份,2021-10-20,91.224769907,91.95810324,92.291436573,90.491436574,162.116,0.00498,15643014,1479000967.0,1.4712681018153886,90.624769908
HK.01211,比亚迪股份,2021-10-21,92.958103239,90.958103241,92.958103239,89.891436575,160.409,0.0044,13831719,1302859035.0,-1.0874517457043589,91.95810324
HK.01211,比亚迪股份,2021-10-22,92.824769905,95.424769903,95.891436569,92.024769906,168.031,0.0113,35537568,3472604190.0,4.910685802413053,90.958103241
HK.01211,比亚迪股份,2021-10-25,94.424769904,97.891436567,98.6247699,94.424769904,172.241,0.00784,24655599,2480703366.0,2.5849333108242094,95.424769903
HK.01211,比亚迪股份,2021-10-26,103.291436562,100.758103231,105.158103226,99.091436566,177.133,0.00996,31303518,3276416510.0,2.92841413358764,97.891436567
HK.01211,比亚迪股份,2021-10-27,99.224769899,99.891436565,101.624769897,98.291436567,175.654,0.0063,19815597,2039898387.0,-0.8601458723503989,100.758103231
HK.01211,比亚迪股份,2021-10-28,99.758103232,97.558103234,101.891436563,96.691436568,171.672,0.00625,19641249,1996657958.0,-2.3358692308741507,99.891436565
HK.01211,比亚迪股份,2021-10-29,95.024769903,95.824769902,97.958103234,93.291436572,168.714,0.01088,34193763,3374857465.0,-1.7767189751962258,97.558103234
HK.01211,比亚迪股份,2021-11-01,94.291436571,92.691436572,94.558103237,90.491436574,163.367,0.01663,52279710,4985816425.0,-3.2698574003407046,95.824769902
HK.01211,比亚迪股份,2021-11-02,94.224769904,96.158103235,97.691436567,93.424769905,169.283,0.0123,38682408,3822583324.0,3.740007482036588,92.691436572
HK.01211,比亚迪股份,2021-11-03,94.49143657,94.558103237,96.091436569,92.691436572,166.552,0.00519,16315464,1585939174.0,-1.6639263298380318,96.158103235
HK.01211,比亚迪股份,2021-11-04,96.291436569,102.158103229,102.491436562,96.224769902,179.522,0.01163,36552102,3776794822.0,8.037386254408469,94.558103237
HK.01211,比亚迪股份,2021-11-05,101.55810323,100.624769898,102.358103229,99.091436566,176.905,0.01042,32760408,3402435751.0,-1.500941464783124,102.158103229
HK.01211,比亚迪股份,2021-11-08,99.624769899,98.291436567,100.758103231,97.558103234,172.923,0.00564,17719050,1805555306.0,-2.3188458799609823,100.624769898
HK.01211,比亚迪股份,2021-11-09,99.158103232,100.491436564,102.358103229,99.024769899,179.849,0.00551,18134952,1879188058.0,2.238241777553398,98.291436567
HK.01211,比亚迪股份,2021-11-10,99.224769899,96.758103235,99.224769899,94.024769904,173.364,0.00943,31060224,3075563357.0,-3.715076086729395,100.491436564
HK.01211,比亚迪股份,2021-11-11,96.291436569,97.491436567,97.891436567,95.024769903,174.638,0.00399,13128027,1312638544.0,0.7579037904648948,96.758103235
HK.01211,比亚迪股份,2021-11-12,99.291436566,96.958103235,99.291436566,96.758103235,173.711,0.00345,11378757,1144006684.0,-0.547056593666532,97.491436567
HK.01211,比亚迪股份,2021-11-15,97.224769901,94.958103237,97.624769901,93.624769905,170.237,0.00656,21599757,2112039972.0,-2.062746620726004,96.958103235
HK.01211,比亚迪股份,2021-11-16,94.958103237,96.891436568,97.358103234,93.624769905,173.595,0.00506,16656798,1648189743.0,2.0359856242860226,94.958103237
HK.01211,比亚迪股份,2021-11-17,97.958103234,96.558103235,98.824769899,96.024769902,173.016,0.00419,13817517,1383916934.0,-0.3440276507470916,96.891436568
HK.01211,比亚迪股份,2021-11-18,96.291436569,97.891436567,98.891436566,95.158103236,175.332,0.00587,19347108,1945662669.0,1.380861147152996,96.558103235
HK.01211,比亚迪股份,2021-11-19,98.291436567,96.891436568,98.4247699,95.691436569,173.595,0.00628,20695359,2067776305.0,-1.0215398139709235,97.891436567
HK.01211,比亚迪股份,2021-11-22,96.958103235,102.624769896,103.024769895,96.958103235,183.555,0.0089,29310591,3049610442.0,5.917275593262829,96.891436568
HK.01211,比亚迪股份,2021-11-23,100.958103231,102.624769896,103.358103228,100.424769898,183.555,0.00597,19660275,2064463663.0,0.0,102.624769896
HK.01211,比亚迪股份,2021-11-24,101.491436563,101.55810323,102.824769895,101.024769897,181.702,0.00373,12297765,1287262170.0,-1.03938519626496,102.624769896
HK.01211,比亚迪股份,2021-11-25,101.291436564,99.224769899,101.55810323,97.291436568,177.649,0.00518,17060139,1738594826.0,-2.2975353583708378,101.55810323
HK.01211,比亚迪股份,2021-11-26,97.624769901,97.624769901,100.224769898,97.424769901,174.869,0.00353,11631573,1178305657.0,-1.612500587936487,99.224769899
HK.01211,比亚迪股份,2021-11-29,97.291436568,97.691436567,99.291436566,96.291436569,174.985,0.00438,14430153,1457773419.0,0.0682886792640935,97.624769901
HK.01211,比亚迪股份,2021-11-30,98.758103233,99.091436566,100.891436564,97.358103234,177.417,0.00769,25336914,2585741741.0,1.4330836439689738,97.691436567
HK.01211,比亚迪股份,2021-12-01,100.024769898,98.891436566,100.891436564,97.958103234,177.07,0.00501,16509126,1686816335.0,-0.2018337879951841,99.091436566
HK.01211,比亚迪股份,2021-12-02,97.624769901,98.758103233,100.424769898,97.424769901,176.838,0.00438,14426754,1471370085.0,-0.1348279867600158,98.891436566
HK.01211,比亚迪股份,2021-12-03,97.758103234,96.224769902,99.491436565,93.624769905,172.437,0.01006,33125634,3275629361.0,-2.5651903469866175,98.758103233
HK.01211,比亚迪股份,2021-12-06,94.558103237,91.624769907,96.558103235,91.624769907,164.447,0.00869,28635045,2773441132.0,-4.780473883891713,96.224769902
HK.01211,比亚迪股份,2021-12-07,92.958103239,94.358103237,94.558103237,91.091436574,169.195,0.00673,22155879,2128933265.0,2.9831816579450647,91.624769907
HK.01211,比亚迪股份,2021-12-08,95.624769903,94.224769904,95.624769903,93.958103238,168.963,0.00348,11449968,1117366116.0,-0.1413056520064859,94.358103237
HK.01211,比亚迪股份,2021-12-09,94.358103237,94.158103237,95.424769903,93.424769905,168.847,0.00461,15191667,1474818070.0,-0.0707528042444841,94.224769904
HK.01211,比亚迪股份,2021-12-10,92.624769906,93.558103238,94.024769904,92.024769906,167.805,0.00494,16273956,1564390118.0,-0.6372260892828088,94.158103237
HK.01211,比亚迪股份,2021-12-13,93.824769904,93.024769905,94.824769903,92.424769906,166.878,0.00393,12935559,1251286962.0,-0.5700557349300561,93.558103238
HK.01211,比亚迪股份,2021-12-14,91.624769907,89.424769909,92.291436573,88.091436577,160.625,0.00837,27570087,2554787540.0,-3.869937006752539,93.024769905
HK.01211,比亚迪股份,2021-12-15,89.691436575,87.291436578,89.691436575,86.624769912,156.919,0.00453,14909517,1357100335.0,-2.3856179145564647,89.424769909
HK.01211,比亚迪股份,2021-12-16,86.624769912,89.158103242,89.224769909,84.158103247,160.162,0.00817,26915103,2415082784.0,2.138430454552111,87.291436578
HK.01211,比亚迪股份,2021-12-17,87.891436577,85.491436579,87.891436577,84.824769913,153.792,0.00624,20568381,1829501356.0,-4.1125444908217075,89.158103242
HK.01211,比亚迪股份,2021-12-20,84.024769914,80.824769917,84.69143658,80.624769918,145.686,0.00721,23737737,2013203306.0,-5.458636383642559,85.491436579
HK.01211,比亚迪股份,2021-12-21,79.891436585,82.291436583,82.491436582,79.291436586,148.233,0.00576,18960741,1592932654.0,1.814625228758644,80.824769917
HK.01211,比亚迪股份,2021-12-22,84.224769914,85.29143658,85.891436579,83.758103248,153.445,0.00556,18317223,1609503891.0,3.645579809478909,82.291436583
HK.01211,比亚迪股份,2021-12-23,85.558103246,85.691436579,87.424769911,85.158103246,154.14,0.00347,11415969,1017691694.0,0.4689802576192017,85.29143658
HK.01211,比亚迪股份,2021-12-24,87.224769911,84.358103247,87.424769911,83.091436582,151.823,0.00187,6150438,537949056.0,-1.5559703340610689,85.691436579
HK.01211,比亚迪股份,2021-12-28,84.824769913,83.558103248,84.824769913,81.824769916,150.434,0.00367,12098418,1040202552.0,-0.948338059068982,84.358103247
HK.01211,比亚迪股份,2021-12-29,83.491436581,84.358103247,84.69143658,82.291436583,151.823,0.00216,7107717,616671729.0,0.9574176146933496,83.558103248
HK.01211,比亚迪股份,2021-12-30,84.358103247,84.624769914,85.891436579,83.424769915,152.287,0.0026,8567199,751464780.0,0.3161126871466007,84.358103247
HK.01211,比亚迪股份,2021-12-31,87.624769911,85.824769912,87.624769911,85.824769912,154.371,0.00214,7059213,632570780.0,1.4180245325564804,84.624769914
HK.01211,比亚迪股份,2022-01-03,86.291436579,85.358103246,87.224769911,84.824769913,153.561,0.00166,5482968,486361204.0,-0.543743567828366,85.824769912
HK.01211,比亚迪股份,2022-01-04,88.958103243,87.891436577,90.158103241,86.024769912,157.961,0.00665,21892281,1997354220.0,2.967888501105734,85.358103246
HK.01211,比亚迪股份,2022-01-05,86.424769912,80.291436585,86.424769912,79.958103252,144.759,0.0104,34265571,2907532875.0,-8.64703125581726,87.891436577
HK.01211,比亚迪股份,2022-01-06,79.624769919,79.958103252,81.15810325,78.358103253,144.18,0.00605,19941918,1644363568.0,-0.4151542769410006,80.291436585
HK.01211,比亚迪股份,2022-01-07,80.891436584,79.358103252,81.224769917,77.891436587,143.138,0.00589,19386153,1592723977.0,-0.7503929878238907,79.958103252
HK.01211,比亚迪股份,2022-01-10,78.22476992,78.824769919,79.091436586,75.958103256,142.211,0.00652,21490614,1744051490.0,-0.6720590729171194,79.358103252
HK.01211,比亚迪股份,2022-01-11,77.624769921,77.358103254,78.42476992,76.358103255,139.664,0.00497,16378848,1315476519.0,-1.86066723253001,78.824769919
HK.01211,比亚迪股份,2022-01-12,79.224769919,83.491436581,83.558103248,78.891436586,150.318,0.00883,29073831,2460616586.0,7.928494972093131,77.358103254
HK.01211,比亚迪股份,2022-01-13,83.958103248,83.758103248,84.558103247,81.55810325,150.781,0.00494,16280928,1401395411.0,0.3193940335920395,83.491436581
HK.01211,比亚迪股份,2022-01-14,82.024769916,84.89143658,84.958103247,81.624769917,152.75,0.00495,16291665,1416671226.0,1.353102909511109,83.758103248
HK.01211,比亚迪股份,2022-01-17,84.558103247,86.358103245,87.958103244,83.891436581,155.298,0.00527,17346624,1552259152.0,1.7276968373810395,84.89143658
HK.01211,比亚迪股份,2022-01-18,86.824769911,85.624769913,87.358103244,85.024769913,154.024,0.00326,10734993,956424070.0,-0.8491772102955026,86.358103245
HK.01211,比亚迪股份,2022-01-19,85.158103246,82.958103249,86.758103245,81.091436584,149.392,0.00499,16436169,1415417631.0,-3.114363596783369,85.624769913
HK.01211,比亚迪股份,2022-01-20,82.758103249,84.024769914,84.091436581,81.15810325,151.244,0.00486,16015617,1379253625.0,1.2857896012863066,82.958103249
HK.01211,比亚迪股份,2022-01-21,83.424769915,83.891436581,84.89143658,81.891436583,151.013,0.00314,10331460,893434960.0,-0.1586833657937746,84.024769914
HK.01211,比亚迪股份,2022-01-24,81.35810325,81.024769917,82.291436583,79.891436585,146.033,0.00553,18201636,1530935237.0,-3.417114762639844,83.891436581
HK.01211,比亚迪股份,2022-01-25,79.291436586,77.758103254,80.891436584,76.958103255,140.359,0.00718,23653590,1928727957.0,-4.031688909880642,81.024769917
HK.01211,比亚迪股份,2022-01-26,77.958103254,78.824769919,80.491436584,77.358103254,142.211,0.00559,18415212,1507983989.0,1.371775571114035,77.758103254
HK.01211,比亚迪股份,2022-01-27,77.291436588,77.491436587,78.62476992,76.491436588,139.895,0.00416,13701294,1100624922.0,-1.69151566616704,78.824769919
HK.01211,比亚迪股份,2022-01-28,76.024769922,70.224769928,76.291436589,69.624769929,127.272,0.01304,42949947,3193515178.0,-9.37738023586861,77.491436587
HK.01211,比亚迪股份,2022-01-31,69.958103262,70.758103261,71.624769927,69.224769929,128.199,0.00295,9708900,713945072.0,0.7594661165096265,70.224769928
HK.01211,比亚迪股份,2022-02-04,73.291436592,75.958103256,76.291436589,72.491436592,137.232,0.00686,22608255,1764635116.0,7.3489816082536255,70.758103261
HK.01211,比亚迪股份,2022-02-07,77.224769921,77.424769921,78.758103253,76.024769922,139.779,0.00465,15331476,1230911771.0,1.9308890060839583,75.958103256
HK.01211,比亚迪股份,2022-02-08,77.224769921,75.424769923,77.424769921,72.958103259,136.305,0.00664,21876228,1700190183.0,-2.5831526526209863,77.424769921
HK.01211,比亚迪股份,2022-02-09,77.224769921,78.158103253,79.424769919,76.691436588,141.053,0.00596,19624524,1594892688.0,3.623920010349931,75.424769923
HK.01211,比亚迪股份,2022-02-10,79.824769918,77.158103254,79.824769918,75.624769923,139.316,0.00444,14633988,1171312233.0,-1.2794578647372852,78.158103253
HK.01211,比亚迪股份,2022-02-11,76.291436589,74.824769923,76.891436588,74.158103257,135.263,0.00525,17309952,1357564803.0,-3.024093688926999,77.158103254
HK.01211,比亚迪股份,2022-02-14,73.624769925,75.424769923,75.624769923,72.958103259,136.305,0.00527,17365848,1346156497.0,0.8018734980641262,74.824769923
HK.01211,比亚迪股份,2022-02-15,75.358103256,77.224769921,77.958103254,75.224769923,139.432,0.00494,16285866,1307068783.0,2.3864839095135415,75.424769923
HK.01211,比亚迪股份,2022-02-16,78.558103253,79.291436586,80.091436585,78.558103253,143.022,0.00506,16654194,1375603146.0,2.676170699005221,77.224769921
HK.01211,比亚迪股份,2022-02-17,80.291436585,81.491436583,82.091436583,79.158103252,146.844,0.0057,18788412,1580122282.0,2.7745745211891295,79.291436586
HK.01211,比亚迪股份,2022-02-18,80.158103251,79.024769919,80.824769917,78.62476992,142.559,0.00371,12233862,1011358487.0,-3.0269029083659267,81.491436583
HK.01211,比亚迪股份,2022-02-21,78.158103253,79.224769919,79.624769919,77.358103254,142.906,0.00317,10432653,851382186.0,0.2530852037974952,79.024769919
HK.01211,比亚迪股份,2022-02-22,76.291436589,75.624769923,77.158103254,75.024769923,136.653,0.00616,20290470,1600504676.0,-4.544033387134682,79.224769919
HK.01211,比亚迪股份,2022-02-23,75.758103256,78.091436587,79.424769919,75.691436589,140.938,0.00632,20826762,1686575354.0,3.2617179087110273,75.624769923
HK.01211,比亚迪股份,2022-02-24,75.958103256,74.358103257,77.291436588,73.624769925,134.452,0.00814,26809749,2093151014.0,-4.780720515803011,78.091436587
HK.01211,比亚迪股份,2022-02-25,75.491436589,75.624769923,77.158103254,75.491436589,136.653,0.00516,17008566,1348706051.0,1.7034682307886375,74.358103257
HK.01211,比亚迪股份,2022-02-28,76.091436589,76.091436589,76.358103255,74.624769924,137.463,0.00844,27798042,2192574622.0,0.6170817662984597,75.624769923
HK.01211,比亚迪股份,2022-03-01,77.758103254,77.091436588,79.691436585,76.691436588,139.2,0.00496,16325115,1321690559.0,1.3142083312231212,76.091436589
HK.01211,比亚迪股份,2022-03-02,76.824769921,76.691436588,77.291436588,75.491436589,138.506,0.003,9873810,784996010.0,-0.5188643741816782,77.091436588
HK.01211,比亚迪股份,2022-03-03,77.158103254,74.424769924,77.558103254,73.691436591,134.568,0.00488,16089198,1252025850.0,-2.955566833591779,76.691436588
HK.01211,比亚迪股份,2022-03-04,70.224769928,67.758103264,72.491436592,67.558103264,122.987,0.01197,39421515,2849878709.0,-8.957591225082421,74.424769924
HK.01211,比亚迪股份,2022-03-07,64.624769934,64.6914366,65.224769933,60.958103271,117.66,0.0138,45452748,3039275020.0,-4.525903938089308,67.758103264
HK.01211,比亚迪股份,2022-03-08,63.891436601,58.291436607,64.624769934,57.891436607,106.543,0.01801,59328057,3733177919.0,-9.893117743809698,64.6914366
HK.01211,比亚迪股份,2022-03-09,59.624769939,60.258103271,61.05810327,55.624769943,109.959,0.01476,48613803,2981583320.0,3.3738517670429693,58.291436607
HK.01211,比亚迪股份,2022-03-10,64.424769934,63.691436601,65.824769932,62.291436603,115.923,0.01249,41154633,2755761445.0,5.697712247196358,60.258103271
HK.01211,比亚迪股份,2022-03-11,60.891436604,61.991436603,63.224769935,59.224769939,112.97,0.00895,29488461,1890106380.0,-2.6691186268097327,63.691436601
HK.01211,比亚迪股份,2022-03-14,59.558103272,56.624769942,59.624769939,55.791436609,103.647,0.01247,41075562,2470415401.0,-8.657109683340172,61.991436603
HK.01211,比亚迪股份,2022-03-15,52.624769946,52.591436612,58.291436607,51.95810328,96.641,0.01669,54975540,3142309585.0,-7.12291340720905,56.624769942
HK.01211,比亚迪股份,2022-03-16,56.458103275,62.491436602,63.224769935,54.958103277,113.839,0.01836,60492513,3782895553.0,18.824357400689593,52.591436612
HK.01211,比亚迪股份,2022-03-17,69.958103262,68.22476993,70.424769928,64.6914366,123.798,0.01565,51558255,3634001149.0,9.174590375501948,62.491436602
HK.01211,比亚迪股份,2022-03-18,68.02476993,67.691436597,68.824769929,65.024769933,122.8,0.00886,29183085,2054162992.0,-0.7817297640537275,68.22476993
HK.01211,比亚迪股份,2022-03-21,69.691436595,67.758103264,70.824769927,66.958103265,122.916,0.00772,25421874,1827254708.0,0.0984861163412614,67.691436597
HK.01211,比亚迪股份,2022-03-22,67.958103264,69.491436595,69.558103262,66.958103265,125.925,0.00512,16856517,1204403443.0,2.5581196159617416,67.758103264
HK.01211,比亚迪股份,2022-03-23,70.624769928,72.158103259,74.424769924,70.358103261,130.555,0.0102,33613692,2534908284.0,3.8374032753726017,69.491436595
HK.01211,比亚迪股份,2022-03-24,71.291436594,72.024769926,73.624769925,70.758103261,130.324,0.00526,17321769,1306667908.0,-0.1847794315233276,72.158103259
HK.01211,比亚迪股份,2022-03-25,72.024769926,67.491436597,73.958103258,66.958103265,122.453,0.01017,33516141,2413647635.0,-6.294130940866119,72.024769926
HK.01211,比亚迪股份,2022-03-28,67.691436597,67.424769931,68.491436596,64.824769933,122.337,0.0048,15811575,1107497046.0,-0.0987779626000235,67.491436597
HK.01211,比亚迪股份,2022-03-29,68.158103263,68.958103263,69.624769929,67.624769931,125.0,0.00429,14124339,1011413303.0,2.274139509217687,67.424769931
HK.01211,比亚迪股份,2022-03-30,69.291436596,71.55810326,72.224769926,65.824769932,129.513,0.00937,30873852,2254864986.0,3.7704053243515583,68.958103263
HK.01211,比亚迪股份,2022-03-31,72.824769925,71.75810326,72.824769925,69.691436595,175.449,0.00513,16893255,1253214816.0,0.2794931543578239,71.55810326
HK.01211,比亚迪股份,2022-04-01,70.691436594,72.024769926,72.624769926,69.824769928,176.075,0.00409,13478607,1004235982.0,0.3716188888574674,71.75810326
HK.01211,比亚迪股份,2022-04-04,73.158103258,78.158103253,78.22476992,72.891436592,190.461,0.0083,27337830,2172334207.0,8.51558891934195,72.024769926
HK.01211,比亚迪股份,2022-04-06,78.291436587,76.691436588,78.291436587,75.224769923,187.021,0.00584,19228869,1534526575.0,-1.8765382013587888,78.158103253
HK.01211,比亚迪股份,2022-04-07,75.29143659,75.491436589,77.758103254,74.958103257,184.206,0.00492,16215249,1279039675.0,-1.5647118536149112,76.691436588
HK.01211,比亚迪股份,2022-04-08,75.29143659,76.424769922,76.424769922,73.891436591,186.395,0.00368,12107436,947725467.0,1.2363433194169613,75.491436589
HK.01211,比亚迪股份,2022-04-11,75.424769923,70.558103261,75.424769923,70.291436595,172.634,0.00816,26866503,2004313432.0,-7.676394272416632,76.424769922
HK.01211,比亚迪股份,2022-04-12,70.758103261,71.491436593,72.691436592,68.558103263,174.824,0.00704,23183289,1709885058.0,1.32278687898898,70.558103261
HK.01211,比亚迪股份,2022-04-13,71.491436593,73.291436592,74.69143659,70.224769928,179.046,0.00496,16338147,1242918524.0,2.517784065869839,71.491436593
HK.01211,比亚迪股份,2022-04-14,75.424769923,76.891436588,77.958103254,75.29143659,187.49,0.00737,24288378,1941299091.0,4.9118971647950485,73.291436592
HK.01211,比亚迪股份,2022-04-19,76.958103255,76.958103255,78.42476992,75.958103256,187.646,0.00657,21637071,1737634721.0,0.086702329879992,76.891436588
HK.01211,比亚迪股份,2022-04-20,76.958103255,76.491436588,78.291436587,76.024769922,186.551,0.00511,16829580,1346989490.0,-0.606390551822337,76.958103255
HK.01211,比亚迪股份,2022-04-21,74.958103257,74.024769924,75.891436589,72.424769926,180.766,0.00611,20113542,1545690320.0,-3.2247618478994196,76.491436588
HK.01211,比亚迪股份,2022-04-22,71.291436594,74.158103257,74.958103257,71.291436594,181.078,0.00409,13480758,1032145382.0,0.1801198884331381,74.024769924
HK.01211,比亚迪股份,2022-04-25,72.758103259,70.091436595,72.958103259,69.291436596,171.54,0.00559,18418890,1363487792.0,-5.483779227614111,74.158103257
HK.01211,比亚迪股份,2022-04-26,71.091436594,71.691436593,73.758103258,70.491436594,175.293,0.00511,16824363,1261891391.0,2.2827324930505672,70.091436595
HK.01211,比亚迪股份,2022-04-27,69.624769929,71.624769927,72.491436592,67.624769931,175.136,0.00651,21432357,1572913347.0,-0.092991114654986,71.691436593
HK.01211,比亚迪股份,2022-04-28,72.558103259,72.691436592,72.824769925,70.824769927,177.638,0.00408,13434930,1009663144.0,1.489242710429851,71.624769927
HK.01211,比亚迪股份,2022-04-29,72.491436592,75.558103256,75.624769923,71.291436594,184.362,0.00681,22416522,1729775393.0,3.943609864377727,72.691436592
HK.01211,比亚迪股份,2022-05-03,72.624769926,75.224769923,75.758103256,72.291436593,183.58,0.00322,10599933,820108479.0,-0.4411615943701301,75.558103256
HK.01211,比亚迪股份,2022-05-04,76.824769921,75.824769922,77.691436587,74.758103257,184.988,0.0036,11851413,938101914.0,0.7976096166384614,75.224769923
HK.01211,比亚迪股份,2022-05-05,77.558103254,76.424769922,78.42476992,76.291436589,186.395,0.00502,16538016,1325509793.0,0.7912981478443085,75.824769922
HK.01211,比亚迪股份,2022-05-06,73.624769925,73.158103258,74.89143659,73.091436592,178.733,0.00439,14460669,1109186448.0,-4.274355902325904,76.424769922
HK.01211,比亚迪股份,2022-05-10,66.224769932,68.62476993,69.691436595,64.8914366,168.1,0.012,39523110,2782374697.0,-6.196625016387734,73.158103258
HK.01211,比亚迪股份,2022-05-11,68.62476993,74.69143659,76.291436589,68.42476993,182.329,0.01022,33658281,2595366614.0,8.840345353708635,68.62476993
HK.01211,比亚迪股份,2022-05-12,72.758103259,72.224769926,74.024769924,71.75810326,176.544,0.00669,22033431,1668287230.0,-3.302475861510273,74.69143659
HK.01211,比亚迪股份,2022-05-13,72.424769926,76.024769922,76.624769922,72.424769926,185.457,0.00732,24117465,1895063502.0,5.26135285705086,72.224769926
HK.01211,比亚迪股份,2022-05-16,76.558103255,76.158103255,77.291436588,74.824769923,185.77,0.00506,16654122,1318063266.0,0.1753814357304776,76.024769922
HK.01211,比亚迪股份,2022-05-17,76.824769921,81.624769917,82.291436583,76.491436588,198.592,0.01354,44602818,3731126066.0,7.178049909798786,76.158103255
HK.01211,比亚迪股份,2022-05-18,81.624769917,83.691436581,84.558103247,80.958103251,203.44,0.0072,23730903,2048605316.0,2.5319111663058855,81.624769917
HK.01211,比亚迪股份,2022-05-19,81.424769917,83.491436581,84.624769914,81.15810325,202.971,0.00591,19469532,1676221382.0,-0.2389730755863351,83.691436581
HK.01211,比亚迪股份,2022-05-20,85.29143658,86.491436578,87.491436577,84.024769914,210.007,0.00812,26739759,2384342648.0,3.593182869825848,83.491436581
HK.01211,比亚迪股份,2022-05-23,86.958103245,87.091436578,88.558103243,85.358103246,211.415,0.00681,22433568,2023474633.0,0.6937102951907849,86.491436578
HK.01211,比亚迪股份,2022-05-24,85.958103246,81.891436583,86.758103245,81.024769917,199.218,0.01315,43321593,3733900661.0,-5.970736273643649,87.091436578
HK.01211,比亚迪股份,2022-05-25,81.75810325,84.024769914,85.09143658,81.024769917,204.222,0.00656,21622326,1870977857.0,2.6050749870992806,81.891436583
HK.01211,比亚迪股份,2022-05-26,84.958103247,84.89143658,85.29143658,82.491436582,206.254,0.00486,16017957,1397559366.0,1.0314418794446452,84.024769914
HK.01211,比亚迪股份,2022-05-27,87.224769911,86.491436578,88.091436577,85.09143658,210.007,0.00612,20166762,1805667108.0,1.8847601860196972,84.89143658
HK.01211,比亚迪股份,2022-05-30,88.22476991,88.62476991,89.224769909,86.691436578,215.011,0.00912,30038742,2735445879.0,2.4665254924701157,86.491436578
HK.01211,比亚迪股份,2022-05-31,88.62476991,90.291436575,90.291436575,87.291436578,218.921,0.00855,28157292,2608372638.0,1.880587861263321,88.62476991
HK.01211,比亚迪股份,2022-06-01,90.291436575,91.15810324,92.091436573,89.424769909,220.953,0.00589,19403157,1824524103.0,0.9598547745777704,90.291436575
HK.01211,比亚迪股份,2022-06-02,90.491436574,91.75810324,92.291436573,89.824769908,222.361,0.00476,15667332,1478003919.0,0.6581971088410223,91.15810324
HK.01211,比亚迪股份,2022-06-06,92.958103239,97.158103234,97.291436568,92.624769906,235.027,0.01187,39112296,3872024729.0,5.885038817635436,91.75810324
HK.01211,比亚迪股份,2022-06-07,96.558103235,94.89143657,96.958103235,93.824769904,229.71,0.00625,20572473,2023991310.0,-2.3329671829233387,97.158103234
HK.01211,比亚迪股份,2022-06-08,97.091436568,97.624769901,98.891436566,96.158103235,236.121,0.00842,27734613,2791634017.0,2.880484720013337,94.89143657
HK.01211,比亚迪股份,2022-06-09,100.758103231,96.958103235,100.758103231,95.624769903,234.558,0.00719,23671650,2387375021.0,-0.6828867987868812,97.624769901
HK.01211,比亚迪股份,2022-06-10,95.424769903,102.224769896,103.424769895,94.958103237,246.911,0.01208,39788526,4146889945.0,5.43189943416595,96.958103235
HK.01211,比亚迪股份,2022-06-13,99.732586565,99.732586565,104.265919894,99.332586566,240.969,0.01051,34608354,3617751132.0,-2.4379446718593303,102.224769896
HK.01211,比亚迪股份,2022-06-14,97.199253234,98.2659199,98.6659199,93.665919905,237.529,0.01141,37587606,3749275352.0,-1.470599244956026,99.732586565
HK.01211,比亚迪股份,2022-06-15,98.865919899,95.599253236,99.999253232,95.33258657,231.274,0.0112,36907641,3690491624.0,-2.7137248261795435,98.2659199
HK.01211,比亚迪股份,2022-06-16,96.999253235,93.932586571,97.999253234,92.932586572,227.365,0.00935,30782463,3029029132.0,-1.7433887907948364,95.599253236
HK.01211,比亚迪股份,2022-06-17,92.865919905,94.665919904,97.065919901,92.465919906,229.085,0.01035,34106496,3344717362.0,0.7807017349040061,93.932586571
HK.01211,比亚迪股份,2022-06-20,95.399253236,97.399253234,98.199253233,93.665919905,235.496,0.00618,20362092,2025942499.0,2.8873467165077424,94.665919904
HK.01211,比亚迪股份,2022-06-21,97.199253234,96.865919901,97.399253234,95.33258657,234.245,0.00352,11594316,1153255830.0,-0.5475743553378973,97.399253234
HK.01211,比亚迪股份,2022-06-22,97.665919901,95.865919902,98.599253233,95.865919902,231.899,0.00473,15586983,1559482464.0,-1.03235482615767,96.865919901
HK.01211,比亚迪股份,2022-06-23,96.732586568,100.332586565,102.132586563,96.732586568,242.376,0.00893,29405985,3031771486.0,4.659285247109815,95.865919902
HK.01211,比亚迪股份,2022-06-24,100.665919898,100.399253231,102.599253229,99.799253232,242.533,0.00736,24229101,2517569511.0,0.0664456766065864,100.332586565
HK.01211,比亚迪股份,2022-06-27,101.99925323,102.999253229,103.932586561,101.665919897,248.631,0.0075,24697827,2614174739.0,2.58966069400724,100.399253231
HK.01211,比亚迪股份,2022-06-28,102.332586563,107.465919891,107.999253224,101.99925323,259.108,0.0107,35261163,3833762240.0,4.336601015998803,102.999253229
HK.01211,比亚迪股份,2022-06-29,105.865919892,101.99925323,106.065919892,100.332586565,246.286,0.01159,38164479,4042900661.0,-5.086883978236736,107.465919891
HK.01211,比亚迪股份,2022-06-30,101.665919897,101.665919897,103.732586561,99.799253232,245.504,0.00706,23249442,2436174928.0,-0.3267997778850001,101.99925323
HK.01211,比亚迪股份,2022-07-04,100.065919898,102.265919896,102.465919896,99.332586566,246.911,0.00451,14857071,1547272345.0,0.5901682683910973,101.665919897
HK.01211,比亚迪股份,2022-07-05,103.332586562,101.532586563,103.999253228,100.132586565,245.191,0.00511,16824897,1762508213.0,-0.7170847666023761,102.265919896
HK.01211,比亚迪股份,2022-07-06,102.532586562,102.799253229,103.199253228,100.332586565,248.162,0.00598,19696191,2064054168.0,1.24754692939301,101.532586563
HK.01211,比亚迪股份,2022-07-07,101.79925323,105.33258656,105.33258656,100.532586564,254.104,0.00695,22908564,2447741684.0,2.4643499358469394,102.799253229
HK.01211,比亚迪股份,2022-07-08,106.999253225,103.932586561,106.999253225,102.999253229,250.82,0.00478,15745002,1694250244.0,-1.3291233460810612,105.33258656
HK.01211,比亚迪股份,2022-07-11,102.532586562,99.265919899,102.999253229,96.865919901,239.874,0.00898,29569122,3009853504.0,-4.490089986609775,103.932586561
HK.01211,比亚迪股份,2022-07-12,93.932586571,87.065919911,95.265919903,85.33258658,211.258,0.03243,106834572,9880834516.0,-12.29022004773957,99.265919899
HK.01211,比亚迪股份,2022-07-13,88.332586577,86.399253245,88.399253243,83.999253248,209.695,0.01551,51074847,4562948308.0,-0.7657033506123562,87.065919911
HK.01211,比亚迪股份,2022-07-14,86.999253245,91.332586574,91.732586573,86.199253245,221.266,0.0122,40203153,3726949571.0,5.7099258890706945,86.399253245
HK.01211,比亚迪股份,2022-07-15,95.665919903,95.065919903,97.665919901,93.332586572,230.023,0.01941,63940749,6298823860.0,4.087624657356165,91.332586574
HK.01211,比亚迪股份,2022-07-18,96.332586569,94.93258657,96.532586568,92.132586573,229.71,0.00568,18700329,1819576630.0,-0.1402535557811273,95.065919903
HK.01211,比亚迪股份,2022-07-19,94.399253237,93.665919905,94.399253237,91.865919906,226.739,0.00489,16123485,1550218761.0,-1.3342801568626874,94.93258657
HK.01211,比亚迪股份,2022-07-20,94.53258657,92.999253239,95.33258657,92.465919906,225.175,0.0044,14493123,1395018972.0,-0.7117494459843661,93.665919905
HK.01211,比亚迪股份,2022-07-21,92.932586572,91.79925324,92.999253239,90.865919907,222.361,0.00439,14447595,1369331237.0,-1.2903329405410424,92.999253239
HK.01211,比亚迪股份,2022-07-22,92.799253239,92.132586573,94.999253237,91.465919907,223.143,0.00534,17591925,1683162387.0,0.3631111596611053,91.79925324
HK.01211,比亚迪股份,2022-07-25,90.865919907,91.59925324,92.132586573,88.865919909,221.892,0.00457,15059805,1405633124.0,-0.5788758927086263,92.132586573
HK.01211,比亚迪股份,2022-07-26,91.865919906,93.332586572,93.665919905,90.865919907,225.957,0.00347,11428254,1093198484.0,1.892300723738958,91.59925324
HK.01211,比亚迪股份,2022-07-27,91.79925324,92.999253239,92.999253239,91.19925324,225.175,0.00304,10007163,952593191.0,-0.3571457143136753,93.332586572
HK.01211,比亚迪股份,2022-07-28,92.332586573,93.399253238,94.599253237,92.332586573,226.114,0.00332,10940613,1054982951.0,0.4301109794634983,92.999253239
HK.01211,比亚迪股份,2022-07-29,93.732586571,92.199253239,94.599253237,90.665919908,223.299,0.00432,14219112,1353650334.0,-1.284806845234789,93.399253238
HK.01211,比亚迪股份,2022-08-01,92.999253239,95.599253236,96.599253235,91.332586574,231.274,0.00624,20547081,2015573096.0,3.687665439313781,92.199253239
HK.01211,比亚迪股份,2022-08-02,94.265919904,92.665919906,94.332586571,90.932586574,224.394,0.00575,18946998,1809271652.0,-3.0683642713805064,95.599253236
HK.01211,比亚迪股份,2022-08-03,93.332586572,92.932586572,95.33258657,92.132586573,225.019,0.00414,13623609,1313564450.0,0.2877721024843997,92.665919906
HK.01211,比亚迪股份,2022-08-04,95.532586569,95.33258657,96.465919902,94.199253237,230.648,0.00534,17584557,1729081513.0,2.5825171627398813,92.932586572
HK.01211,比亚迪股份,2022-08-05,96.265919902,94.132586571,96.532586568,92.999253239,227.834,0.00381,12543570,1223819575.0,-1.2587511177186756,95.33258657
HK.01211,比亚迪股份,2022-08-08,93.865919904,94.465919904,94.599253237,92.465919906,228.616,0.00255,8392593,812175714.0,0.3541104575391438,94.132586571
HK.01211,比亚迪股份,2022-08-09,94.599253237,93.599253238,95.465919903,93.132586572,226.583,0.00292,9605922,931999572.0,-0.917438444341347,94.465919904
HK.01211,比亚迪股份,2022-08-10,93.599253238,90.199253241,93.599253238,88.66591991,218.608,0.00669,22022244,2048051409.0,-3.632507610241976,93.599253238
HK.01211,比亚迪股份,2022-08-11,91.79925324,92.332586573,92.399253239,90.332586575,223.612,0.00341,11235714,1063728848.0,2.3651341395255607,90.199253241
HK.01211,比亚迪股份,2022-08-12,92.399253239,92.599253239,92.865919905,91.532586573,224.237,0.00222,7311390,696552377.0,0.2888109993422247,92.332586573
HK.01211,比亚迪股份,2022-08-15,92.599253239,92.332586573,94.199253237,91.79925324,223.612,0.00257,8466555,810872258.0,-0.2879792834956623,92.599253239
HK.01211,比亚迪股份,2022-08-16,91.99925324,91.932586573,93.265919905,91.065919907,222.673,0.00338,11133204,1059306079.0,-0.4332165000963745,92.332586573
HK.01211,比亚迪股份,2022-08-17,91.732586573,93.265919905,93.332586572,90.465919908,225.801,0.00433,14246622,1359116766.0,1.4503381028458964,91.932586573
HK.01211,比亚迪股份,2022-08-18,93.132586572,91.465919907,93.199253238,90.999253241,221.579,0.00422,13891524,1315066694.0,-1.9299654148412104,93.265919905
HK.01211,比亚迪股份,2022-08-19,90.665919908,90.132586575,91.865919906,88.999253243,218.451,0.0065,21415446,1989283675.0,-1.4577378474471052,91.465919907
HK.01211,比亚迪股份,2022-08-22,89.132586576,89.665919909,90.932586574,87.332586578,217.357,0.0051,16798719,1550538392.0,-0.5177557681779077,90.132586575
HK.01211,比亚迪股份,2022-08-23,89.465919909,87.999253244,89.999253242,87.132586578,213.448,0.00469,15443754,1405535721.0,-1.8587515375869204,89.665919909
HK.01211,比亚迪股份,2022-08-24,86.999253245,83.265919915,87.732586577,82.665919916,202.345,0.01131,37271001,3241610600.0,-5.378833517911397,87.999253244
HK.01211,比亚迪股份,2022-08-25,84.332586581,84.399253247,84.599253247,82.065919916,205.003,0.00997,32844723,2836442572.0,1.361101076114865,83.265919915
HK.01211,比亚迪股份,2022-08-26,84.799253247,85.33258658,86.465919912,83.799253248,207.193,0.00768,25308654,2234059469.0,1.1058549656458825,84.399253247
HK.01211,比亚迪股份,2022-08-29,84.265919914,85.065919913,85.465919913,82.932586582,206.567,0.00551,18145764,1590338550.0,-0.3125027351069375,85.33258658
HK.01211,比亚迪股份,2022-08-30,86.932586578,84.665919914,87.265919911,83.465919915,205.629,0.00732,24114009,2112018379.0,-0.4702235623961941,85.065919913
HK.01211,比亚迪股份,2022-08-31,77.665919921,77.732586587,78.66591992,73.332586592,189.366,0.0255,83987394,6655889471.0,-8.18904859717178,84.665919914
HK.01211,比亚迪股份,2022-09-01,77.399253254,74.53258659,77.532586587,73.599253258,181.86,0.01469,48403197,3760592876.0,-4.116677621962954,77.732586587
HK.01211,比亚迪股份,2022-09-02,73.665919925,73.132586592,74.53258659,71.865919926,178.577,0.011,36232269,2747721631.0,-1.878373020516956,74.53258659
HK.01211,比亚迪股份,2022-09-05,68.732586596,68.66591993,69.865919928,67.932586597,168.1,0.01566,51569136,3716004521.0,-6.1076284460156165,73.132586592
HK.01211,比亚迪股份,2022-09-06,69.532586595,70.599253261,70.665919928,68.66591993,172.634,0.00866,28517757,2081771586.0,2.815564595902735,68.66591993
HK.01211,比亚迪股份,2022-09-07,69.332586596,71.332586594,72.665919926,68.199253263,174.354,0.00962,31698771,2347645853.0,1.0387267557759112,70.599253261
HK.01211,比亚迪股份,2022-09-08,71.332586594,69.065919929,71.99925326,68.46591993,169.038,0.00557,18342399,1334745162.0,-3.1776033552534297,71.332586594
HK.01211,比亚迪股份,2022-09-09,69.865919928,70.865919927,71.132586594,69.065919929,173.26,0.00532,17519247,1287455453.0,2.606205781158632,69.065919929
HK.01211,比亚迪股份,2022-09-13,72.065919926,72.999253259,73.665919925,71.59925326,178.264,0.0074,24373647,1848072256.0,3.0103797907338024,70.865919927
HK.01211,比亚迪股份,2022-09-14,71.19925326,70.332586595,71.932586593,69.332586596,172.009,0.00595,19613418,1439829214.0,-3.65300540066995,72.999253259
HK.01211,比亚迪股份,2022-09-15,70.399253261,69.399253262,71.332586594,68.732586596,169.82,0.00563,18558942,1344711354.0,-1.3270283067711668,70.332586595
HK.01211,比亚迪股份,2022-09-16,68.26591993,68.732586596,69.665919929,67.732586597,168.256,0.00417,13746027,987053889.0,-0.9606251287505352,69.399253262
HK.01211,比亚迪股份,2022-09-19,68.999253263,68.932586596,70.265919928,68.46591993,168.725,0.00388,12776001,921196007.0,0.2909827927407404,68.732586596
HK.01211,比亚迪股份,2022-09-20,69.932586595,70.999253261,71.932586593,69.932586595,173.573,0.00609,20072076,1489208690.0,2.9980982392439888,68.932586596
HK.01211,比亚迪股份,2022-09-21,70.665919928,69.399253262,70.665919928,68.932586596,169.82,0.00461,15186387,1101545184.0,-2.253544826898746,70.999253261
HK.01211,比亚迪股份,2022-09-22,67.665919931,68.66591993,68.799253263,65.932586599,168.1,0.0052,17140011,1216024534.0,-1.0566876407610313,69.399253262
HK.01211,比亚迪股份,2022-09-23,67.999253264,67.199253264,68.865919929,66.732586598,164.659,0.00365,12007959,846539681.0,-2.135945557119393,68.66591993
HK.01211,比亚迪股份,2022-09-26,66.399253265,68.132586597,69.465919929,66.065919932,166.849,0.0044,14478864,1030661928.0,1.3889043220960886,67.199253264
HK.01211,比亚迪股份,2022-09-27,67.332586598,68.399253263,68.799253263,66.732586598,167.474,0.00434,14305215,1013429486.0,0.3913937211533195,68.132586597
HK.01211,比亚迪股份,2022-09-28,67.532586597,65.3325866,67.86591993,64.7325866,160.281,0.00644,21228192,1460771373.0,-4.483479740938772,68.399253263
HK.01211,比亚迪股份,2022-09-29,66.532586598,63.932586601,67.332586598,63.365919935,156.997,0.00653,21516438,1457463106.0,-2.14288163358896,65.3325866
HK.01211,比亚迪股份,2022-09-30,63.299253268,61.79925327,63.299253268,59.932586605,151.993,0.00814,26827056,1728430556.0,-3.3368481464922106,63.932586601
HK.01211,比亚迪股份,2022-10-03,60.299253271,60.999253271,62.499253269,59.799253272,150.117,0.00399,13138113,839360799.0,-1.2945140218843951,61.79925327
HK.01211,比亚迪股份,2022-10-05,66.999253265,66.932586598,67.599253264,65.199253266,164.034,0.00924,30423183,2120609118.0,9.72689501728835,60.999253271
HK.01211,比亚迪股份,2022-10-06,66.865919931,65.3325866,66.865919931,64.132586601,160.281,0.00388,12768318,869496799.0,-2.390464913017138,66.932586598
HK.01211,比亚迪股份,2022-10-07,63.665919935,62.832586602,63.999253268,61.465919937,154.417,0.00634,20889927,1362149335.0,-3.8265743453665735,65.3325866
HK.01211,比亚迪股份,2022-10-10,60.999253271,60.265919938,61.532586603,59.032586606,148.397,0.0064,21074769,1332921362.0,-4.084929178959342,62.832586602
HK.01211,比亚迪股份,2022-10-11,59.732586605,59.965919938,61.59925327,59.465919939,147.693,0.00615,20252997,1286482454.0,-0.4977937784881345,60.265919938
HK.01211,比亚迪股份,2022-10-12,59.932586605,61.99925327,63.499253268,59.065919939,152.462,0.0073,24054435,1550049236.0,3.39081487301838,59.965919938
HK.01211,比亚迪股份,2022-10-13,62.665919936,60.832586604,63.399253268,60.832586604,149.726,0.00526,17319591,1124034392.0,-1.881743092806765,61.99925327
HK.01211,比亚迪股份,2022-10-14,61.932586603,61.965919936,63.499253268,61.365919937,152.384,0.00613,20189214,1323844516.0,1.8630365652172975,60.832586604
HK.01211,比亚迪股份,2022-10-17,61.832586603,61.332586604,62.365919936,59.865919938,150.899,0.00616,20305371,1299022342.0,-1.0220671824998684,61.965919936
HK.01211,比亚迪股份,2022-10-18,65.265919933,65.3325866,65.999253266,63.732586601,160.281,0.01357,44694882,3041288732.0,6.521818526628269,61.332586604
HK.01211,比亚迪股份,2022-10-19,65.3325866,63.132586602,65.465919933,62.365919936,155.121,0.00709,23338683,1558067736.0,-3.3673854235552274,65.3325866
HK.01211,比亚迪股份,2022-10-20,62.999253269,61.89925327,62.999253269,59.232586606,152.228,0.00998,32864709,2093352561.0,-1.95356059110198,63.132586602
HK.01211,比亚迪股份,2022-10-21,62.132586603,62.132586603,63.399253268,61.29925327,152.775,0.00366,12050547,787181232.0,0.3769566201101239,61.89925327
HK.01211,比亚迪股份,2022-10-24,60.132586605,58.832586606,61.465919937,57.799253274,145.035,0.01338,44077836,2739289321.0,-5.311222624748514,62.132586603
HK.01211,比亚迪股份,2022-10-25,58.66591994,57.96591994,59.165919939,56.532586608,143.002,0.01189,39170004,2385475469.0,-1.4731065145988569,58.832586606
HK.01211,比亚迪股份,2022-10-26,58.46591994,59.365919939,61.732586603,58.332586607,146.286,0.01144,37668171,2369679717.0,2.4152122496272455,57.96591994
HK.01211,比亚迪股份,2022-10-27,61.032586604,58.26591994,61.59925327,57.832586607,143.706,0.00903,29750874,1864027529.0,-1.852914938621815,59.365919939
HK.01211,比亚迪股份,2022-10-28,57.999253274,52.232586613,58.332586607,51.365919947,129.554,0.01612,53104089,3003641420.0,-10.354823768702005,58.26591994
HK.01211,比亚迪股份,2022-10-31,53.032586612,55.565919943,56.799253275,50.899253281,137.372,0.01367,45036846,2615642526.0,6.381712157387917,52.232586613
HK.01211,比亚迪股份,2022-11-01,56.599253275,58.199253273,58.999253273,55.465919943,143.549,0.01572,51770175,3143292025.0,4.739115869405736,55.565919943
HK.01211,比亚迪股份,2022-11-02,57.332586608,60.632586604,60.865919937,57.032586608,149.257,0.00895,29487447,1836723282.0,4.1810387490467695,58.199253273
HK.01211,比亚迪股份,2022-11-03,59.432586605,59.465919939,60.732586604,58.532586606,146.52,0.00658,21685455,1362580858.0,-1.924157833838855,60.632586604
HK.01211,比亚迪股份,2022-11-04,59.399253272,62.665919936,65.465919933,59.399253272,154.026,0.01744,57439536,3783113738.0,5.381233486814887,59.465919939
HK.01211,比亚迪股份,2022-11-07,60.599253271,63.165919935,64.065919934,59.699253272,155.199,0.01344,44279532,2891967922.0,0.7978818463219575,62.665919936
HK.01211,比亚迪股份,2022-11-08,63.332586602,62.365919936,63.799253268,61.19925327,153.322,0.00592,19504086,1268130059.0,-1.2665057357246272,63.165919935
HK.01211,比亚迪股份,2022-11-09,62.299253269,59.332586606,62.632586602,57.899253274,146.207,0.00916,30171744,1881800708.0,-4.863767476071561,62.365919936
HK.01211,比亚迪股份,2022-11-10,57.465919941,56.332586609,58.099253273,55.565919943,139.171,0.00823,27097143,1609627543.0,-5.0562434045250635,59.332586606
HK.01211,比亚迪股份,2022-11-11,61.332586604,61.465919937,61.89925327,58.832586606,151.211,0.01191,39226200,2487469456.0,9.11254681704935,56.332586609
HK.01211,比亚迪股份,2022-11-14,63.932586601,60.499253271,63.999253268,60.232586605,148.944,0.01033,34015758,2195211084.0,-1.572687217552092,61.465919937
HK.01211,比亚迪股份,2022-11-15,60.932586604,62.165919936,62.665919936,59.599253272,152.853,0.01224,40322808,2617053545.0,2.7548549360342416,60.499253271
HK.01211,比亚迪股份,2022-11-16,62.099253269,60.999253271,62.665919936,60.165919938,150.117,0.00638,21024789,1350900119.0,-1.8766981429714027,62.165919936
HK.01211,比亚迪股份,2022-11-17,60.332586605,59.332586606,60.332586605,57.96591994,146.207,0.00878,28936668,1790066912.0,-2.7322738814449727,60.999253271
HK.01211,比亚迪股份,2022-11-18,59.665919939,58.532586606,60.632586604,57.799253274,144.331,0.00674,22190298,1378267980.0,-1.3483315758883454,59.332586606
HK.01211,比亚迪股份,2022-11-21,58.399253273,58.46591994,58.499253273,56.699253275,144.175,0.0043,14166327,862240565.0,-0.1138966682760086,58.532586606
HK.01211,比亚迪股份,2022-11-22,58.36591994,56.399253275,58.599253273,55.365919943,139.327,0.0061,20084088,1196290112.0,-3.5348227944089365,58.46591994
HK.01211,比亚迪股份,2022-11-23,55.499253276,55.33258661,56.399253275,54.73258661,136.825,0.00739,24348516,1420165336.0,-1.8912779922794103,56.399253275
HK.01211,比亚迪股份,2022-11-24,56.365919942,56.099253275,56.632586608,55.065919943,138.623,0.00349,11489391,676530582.0,1.3855608638065122,55.33258661
HK.01211,比亚迪股份,2022-11-25,56.165919942,54.43258661,56.599253275,54.099253277,134.714,0.00446,14681355,848508585.0,-2.9709248656661393,56.099253275
HK.01211,比亚迪股份,2022-11-28,53.299253278,54.599253277,54.83258661,52.032586613,135.105,0.00574,18911418,1069664763.0,0.3061891366547374,54.43258661
HK.01211,比亚迪股份,2022-11-29,55.33258661,57.665919941,57.96591994,54.599253277,142.298,0.00846,27857604,1659509347.0,5.616682426848927,54.599253277
HK.01211,比亚迪股份,2022-11-30,57.132586608,60.832586604,60.932586604,56.432586608,149.726,0.01231,40552188,2530915329.0,5.491400581556537,57.665919941
HK.01211,比亚迪股份,2022-12-01,63.265919935,61.49925327,64.7325866,61.165919937,151.29,0.01521,50115882,3301253898.0,1.0959038620859194,60.832586604
HK.01211,比亚迪股份,2022-12-02,60.665919938,60.799253271,61.632586603,60.165919938,149.648,0.00703,23163999,1475327790.0,-1.138225200762668,61.49925327
HK.01211,比亚迪股份,2022-12-05,62.399253269,62.332586603,63.999253268,61.29925327,153.244,0.01277,42076713,2753371126.0,2.52196079640237,60.799253271
HK.01211,比亚迪股份,2022-12-06,60.665919938,63.565919935,64.599253267,60.665919938,156.137,0.01057,34814010,2310837104.0,1.9786333268265728,62.332586603
HK.01211,比亚迪股份,2022-12-07,64.065919934,63.732586601,68.132586597,63.332586602,156.528,0.02326,76605048,5292604988.0,0.2621950035025552,63.565919935
HK.01211,比亚迪股份,2022-12-08,64.7325866,67.932586597,68.599253263,64.399253267,166.379,0.01177,38768073,2710194379.0,6.590035364944838,63.732586601
HK.01211,比亚迪股份,2022-12-09,68.26591993,68.66591993,69.732586595,67.732586597,168.1,0.0128,42150849,3023622974.0,1.0795015613793657,67.932586597
HK.01211,比亚迪股份,2022-12-12,68.06591993,67.399253264,68.865919929,66.465919932,165.129,0.00653,21495768,1510984188.0,-1.8446802537434617,68.66591993
HK.01211,比亚迪股份,2022-12-13,67.799253264,67.132586598,68.932586596,66.999253265,164.503,0.00567,18675645,1325508543.0,-0.3956522559018124,67.399253264
HK.01211,比亚迪股份,2022-12-14,67.132586598,66.265919932,67.86591993,65.3325866,162.47,0.00774,25505442,1767828079.0,-1.2909776159672357,67.132586598
HK.01211,比亚迪股份,2022-12-15,65.932586599,65.932586599,66.665919932,64.065919934,161.688,0.00613,20179038,1379111982.0,-0.5030237765386113,66.265919932
HK.01211,比亚迪股份,2022-12-16,65.732586599,66.332586599,67.599253264,64.865919933,162.627,0.00547,18004749,1248242088.0,0.6066802784983689,65.932586599
HK.01211,比亚迪股份,2022-12-19,65.732586599,65.1325866,67.665919931,64.665919934,159.812,0.0039,12835161,879488454.0,-1.8090655898199064,66.332586599
HK.01211,比亚迪股份,2022-12-20,64.065919934,64.199253267,64.332586601,62.765919935,157.623,0.00434,14302344,952941281.0,-1.432974462893499,65.1325866
HK.01211,比亚迪股份,2022-12-21,63.632586601,63.032586602,64.399253267,62.499253269,154.886,0.0033,10881780,718832872.0,-1.8172589331341904,64.199253267
HK.01211,比亚迪股份,2022-12-22,64.199253267,64.199253267,64.7325866,63.499253268,157.623,0.00572,18854310,1266871076.0,1.850894478385539,63.032586602
HK.01211,比亚迪股份,2022-12-23,62.865919935,61.69925327,63.132586602,60.765919937,151.759,0.00755,24872484,1606603429.0,-3.8941262861776385,64.199253267
HK.01211,比亚迪股份,2022-12-28,61.332586604,61.332586604,62.199253269,60.165919938,150.899,0.00682,22462635,1439202661.0,-0.5942805570035717,61.69925327
HK.01211,比亚迪股份,2022-12-29,60.032586605,60.665919938,61.632586603,59.999253272,149.335,0.00496,16332987,1040966343.0,-1.086969754438041,61.332586604
HK.01211,比亚迪股份,2022-12-30,61.665919937,61.19925327,62.265919936,61.09925327,150.586,0.00351,11560830,746999996.0,0.8791316979039626,60.665919938
HK.01211,比亚迪股份,2023-01-03,60.665919938,64.199253267,64.665919934,59.332586606,157.623,0.00887,29224431,1933693772.0,4.902020591271838,61.19925327
HK.01211,比亚迪股份,2023-01-04,64.599253267,64.665919934,64.799253267,63.132586602,158.717,0.00589,19400982,1302237641.0,0.7269035748113235,64.199253267
HK.01211,比亚迪股份,2023-01-05,66.332586599,66.265919932,67.465919931,65.465919933,162.47,0.00775,25538694,1771265211.0,2.4742553722780247,64.665919934
HK.01211,比亚迪股份,2023-01-06,66.999253265,64.465919934,67.132586598,64.199253267,158.248,0.01102,36284517,2493482843.0,-2.716328393006703,66.265919932
HK.01211,比亚迪股份,2023-01-09,65.665919933,64.132586601,65.665919933,63.999253268,157.466,0.00745,24545739,1659267263.0,-0.5170690705123954,64.465919934
HK.01211,比亚迪股份,2023-01-10,64.799253267,66.065919932,66.599253265,61.99925327,162.001,0.01216,40060524,2712252341.0,3.014588111077145,64.132586601
HK.01211,比亚迪股份,2023-01-11,66.399253265,69.332586596,69.932586595,65.265919933,169.663,0.01283,42256980,3012212132.0,4.944556387563054,66.065919932
HK.01211,比亚迪股份,2023-01-12,71.332586594,73.132586592,75.932586589,69.999253262,178.577,0.01661,54712224,4182864956.0,5.4808282548905085,69.332586596
HK.01211,比亚迪股份,2023-01-13,73.265919925,73.865919924,74.73258659,72.199253259,180.297,0.00667,21972285,1678431084.0,1.0027449679733065,73.132586592
HK.01211,比亚迪股份,2023-01-16,74.065919924,72.599253259,74.132586591,71.265919927,177.326,0.00758,24968214,1883290935.0,-1.714818777459571,73.865919924
HK.01211,比亚迪股份,2023-01-17,71.99925326,70.799253261,72.332586593,69.932586595,173.103,0.00555,18287901,1351743941.0,-2.4793643421901828,72.599253259
HK.01211,比亚迪股份,2023-01-18,70.332586595,70.865919927,71.99925326,69.465919929,173.26,0.00603,19849665,1467212838.0,0.0941629507789068,70.799253261
HK.01211,比亚迪股份,2023-01-19,70.999253261,72.532586592,73.332586592,70.799253261,177.169,0.0075,24690144,1862696558.0,2.3518592106288403,70.865919927
HK.01211,比亚迪股份,2023-01-20,72.665919926,72.465919926,74.332586591,71.732586593,177.013,0.00555,18284214,1380964791.0,-0.0919127100416356,72.532586592
HK.01211,比亚迪股份,2023-01-26,74.865919923,76.999253255,77.799253254,74.332586591,187.646,0.01088,35837409,2856727153.0,6.2558142277491315,72.465919926
HK.01211,比亚迪股份,2023-01-27,77.532586587,79.065919919,79.865919918,76.732586588,192.494,0.00937,30865287,2518304011.0,2.6840087100010876,76.999253255
HK.01211,比亚迪股份,2023-01-30,80.065919918,76.865919921,80.532586584,76.532586588,187.333,0.01214,39987294,3254614818.0,-2.782488334106289,79.065919919
HK.01211,比亚迪股份,2023-01-31,79.332586586,78.66591992,80.665919918,77.532586587,191.555,0.01171,38570790,3162211407.0,2.3417400076002055,76.865919921
HK.01211,比亚迪股份,2023-02-01,79.532586585,83.665919915,84.332586581,79.332586586,203.283,0.01533,50488413,4331999154.0,6.35599253156234,78.66591992
HK.01211,比亚迪股份,2023-02-02,86.265919912,84.332586581,86.332586579,83.532586581,204.847,0.0122,40185243,3519771738.0,0.7968198600783861,83.665919915
HK.01211,比亚迪股份,2023-02-03,83.599253248,81.932586583,83.665919915,81.265919917,199.218,0.0076,25024755,2131023309.0,-2.8458749995707056,84.332586581
HK.01211,比亚迪股份,2023-02-06,81.19925325,78.932586586,81.19925325,78.132586587,192.181,0.00734,24171480,1981360458.0,-3.661546793669109,81.932586583
HK.01211,比亚迪股份,2023-02-07,79.199253252,78.799253253,79.999253252,78.199253253,191.868,0.00502,16547262,1357254770.0,-0.1689205165660247,78.932586586
HK.01211,比亚迪股份,2023-02-08,78.532586586,77.665919921,78.66591992,76.199253255,189.21,0.00613,20195664,1624066147.0,-1.4382538986267093,78.799253253
HK.01211,比亚迪股份,2023-02-09,77.465919921,80.132586585,80.199253251,76.999253255,194.996,0.00577,19007217,1566195407.0,3.175996198215432,77.665919921
HK.01211,比亚迪股份,2023-02-10,80.265919918,77.199253254,80.265919918,76.665919922,188.115,0.00673,22184340,1789323379.0,-3.6605998333630354,80.132586585
HK.01211,比亚迪股份,2023-02-13,75.799253256,77.332586588,78.199253253,74.465919924,188.428,0.00517,17045307,1365757061.0,0.1727132431725834,77.199253254
HK.01211,比亚迪股份,2023-02-14,78.06591992,76.532586588,78.06591992,75.999253256,186.551,0.00445,14666511,1166288346.0,-1.0344927478788564,77.332586588
HK.01211,比亚迪股份,2023-02-15,76.999253255,75.732586589,77.532586587,74.865919923,184.675,0.00457,15047343,1185514586.0,-1.0453063651260996,76.532586588
HK.01211,比亚迪股份,2023-02-16,76.532586588,75.399253256,77.332586588,74.53258659,183.893,0.00659,21708009,1712791211.0,-0.4401451845412273,75.732586589
HK.01211,比亚迪股份,2023-02-17,75.399253256,73.532586591,75.665919923,72.799253259,179.515,0.0054,17795427,1367779366.0,-2.475709750946976,75.399253256
HK.01211,比亚迪股份,2023-02-20,72.999253259,73.332586592,73.599253258,71.065919927,179.046,0.00725,23887896,1799593180.0,-0.2719882548297004,73.532586591
HK.01211,比亚迪股份,2023-02-21,73.465919925,72.932586592,74.665919924,71.932586593,178.107,0.00469,15441081,1174309515.0,-0.5454600997854728,73.332586592
HK.01211,比亚迪股份,2023-02-22,72.199253259,71.932586593,72.532586592,70.999253261,175.762,0.0051,16810986,1258190395.0,-1.37112921086183,72.932586592
HK.01211,比亚迪股份,2023-02-23,71.79925326,71.99925326,72.799253259,70.999253261,175.918,0.00484,15950346,1193347736.0,0.0926793684998593,71.932586593
HK.01211,比亚迪股份,2023-02-24,71.99925326,71.332586594,71.99925326,71.065919927,174.354,0.00439,14470077,1078887768.0,-0.925935528237446,71.99925326
HK.01211,比亚迪股份,2023-02-27,70.265919928,68.799253263,70.265919928,67.399253264,168.412,0.00963,31705635,2271519434.0,-3.5514390434470724,71.332586594
HK.01211,比亚迪股份,2023-02-28,68.399253263,67.399253264,68.865919929,66.532586598,165.129,0.00783,25783005,1815684093.0,-2.03490580580606,68.799253263
HK.01211,比亚迪股份,2023-03-01,68.199253263,71.79925326,72.132586593,67.86591993,175.449,0.00889,29296203,2150024121.0,6.528262232765983,67.399253264
HK.01211,比亚迪股份,2023-03-02,70.732586594,71.39925326,72.265919926,70.665919928,174.511,0.00453,14921385,1109599534.0,-0.5571088581541687,71.79925326
HK.01211,比亚迪股份,2023-03-03,72.399253259,72.065919926,72.532586592,71.065919927,176.075,0.00365,12019641,900747937.0,0.933716580441463,71.39925326
HK.01211,比亚迪股份,2023-03-06,72.065919926,72.599253259,72.799253259,70.065919928,177.326,0.0041,13510398,1009902034.0,0.740063172089712,72.065919926
HK.01211,比亚迪股份,2023-03-07,72.665919926,71.59925326,73.799253258,71.265919927,174.98,0.00467,15387624,1160363037.0,-1.3774246347031514,72.599253259
HK.01211,比亚迪股份,2023-03-08,70.332586595,69.465919929,70.865919927,68.599253263,169.976,0.00594,19564248,1418666342.0,-2.9795469000957047,71.59925326
HK.01211,比亚迪股份,2023-03-09,70.399253261,69.999253262,72.199253259,69.599253262,171.227,0.00566,18628065,1373833627.0,0.7677625712653242,69.465919929
HK.01211,比亚迪股份,2023-03-10,68.66591993,64.065919934,68.799253263,63.399253268,157.31,0.02244,73921230,4991099736.0,-8.476280890872005,69.999253262
HK.01211,比亚迪股份,2023-03-13,63.999253268,63.665919935,64.265919934,62.099253269,156.372,0.01167,38448720,2550466923.0,-0.6243569114625538,64.065919934
HK.01211,比亚迪股份,2023-03-14,64.5325866,62.265919936,64.599253267,60.499253271,153.088,0.01028,33865257,2200305503.0,-2.198978669324705,63.665919935
HK.01211,比亚迪股份,2023-03-15,62.632586602,63.665919935,64.599253267,62.465919936,156.372,0.00728,23985567,1596496661.0,2.2484209667808397,62.265919936
HK.01211,比亚迪股份,2023-03-16,62.332586603,63.665919935,63.932586601,62.299253269,156.372,0.00476,15682029,1041615678.0,0.0,63.665919935
HK.01211,比亚迪股份,2023-03-17,64.5325866,65.3325866,65.865919932,64.199253267,160.281,0.01096,36092469,2460845879.0,2.6178317484481366,63.665919935
HK.01211,比亚迪股份,2023-03-20,64.665919934,63.365919935,64.999253267,62.665919936,155.668,0.00442,14553570,970351332.0,-3.0102384848788435,65.3325866
HK.01211,比亚迪股份,2023-03-21,63.365919935,64.332586601,64.599253267,62.399253269,157.935,0.00435,14320311,953615753.0,1.525530864211546,63.365919935
HK.01211,比亚迪股份,2023-03-22,64.799253267,65.732586599,68.06591993,64.799253267,161.219,0.00925,30461619,2115283751.0,2.176191059568304,64.332586601
HK.01211,比亚迪股份,2023-03-23,65.999253266,67.332586598,67.599253264,65.399253266,164.972,0.00535,17624064,1231432288.0,2.434104729151714,65.732586599
HK.01211,比亚迪股份,2023-03-24,67.332586598,67.399253264,68.66591993,66.665919932,165.129,0.00347,11445435,807843037.0,0.099010998044696,67.332586598
HK.01211,比亚迪股份,2023-03-27,67.399253264,66.332586599,67.665919931,65.799253266,162.627,0.00348,11464887,797976402.0,-1.582609025090993,67.399253264
HK.01211,比亚迪股份,2023-03-28,67.265919931,67.465919931,67.932586597,66.065919932,165.285,0.00543,17881584,1254606895.0,1.708561945354762,66.332586599
HK.01211,比亚迪股份,2023-03-29,69.332586596,69.665919929,70.199253261,68.732586596,34.105,0.00977,32179782,2333863031.0,3.2609056546624138,67.465919931
HK.01211,比亚迪股份,2023-03-30,71.332586594,72.065919926,72.465919926,70.399253261,35.231,0.01204,39669351,2955143115.0,3.445012998387114,69.665919929
HK.01211,比亚迪股份,2023-03-31,73.665919925,73.599253258,74.999253257,72.865919925,35.951,0.01336,43996623,3376180282.0,2.127681619237612,72.065919926
HK.01211,比亚迪股份,2023-04-03,74.665919924,74.132586591,74.865919923,72.865919925,36.201,0.00582,19184235,1477748485.0,0.7246450329195834,73.599253258
HK.01211,比亚迪股份,2023-04-04,74.465919924,72.732586592,74.465919924,71.99925326,35.544,0.0057,18764919,1421657876.0,-1.8885082301579472,74.132586591
HK.01211,比亚迪股份,2023-04-06,71.732586593,72.799253259,72.865919925,70.465919928,35.575,0.00463,15249753,1140206195.0,0.0916599699306245,72.732586592
HK.01211,比亚迪股份,2023-04-11,72.932586592,72.932586592,74.199253257,72.132586593,35.638,0.00492,16191027,1230882445.0,0.1831520613620119,72.799253259
HK.01211,比亚迪股份,2023-04-12,73.332586592,71.19925326,73.332586592,70.532586594,34.824,0.00465,15311466,1139227607.0,-2.3766239660422666,72.932586592
HK.01211,比亚迪股份,2023-04-13,69.799253262,71.065919927,71.19925326,68.999253263,34.762,0.00432,14236899,1042919511.0,-0.1872678811856546,71.19925326
HK.01211,比亚迪股份,2023-04-14,71.59925326,72.599253259,73.532586591,71.39925326,35.481,0.00369,12153210,917300118.0,2.157621168592571,71.065919927
HK.01211,比亚迪股份,2023-04-17,72.132586593,74.265919924,74.799253257,71.865919926,36.264,0.00699,23026872,1764661716.0,2.2957077245052715,72.599253259
HK.01211,比亚迪股份,2023-04-18,74.265919924,73.532586591,74.799253257,73.132586592,35.919,0.00486,15999609,1229587787.0,-0.9874426032162004,74.265919924
HK.01211,比亚迪股份,2023-04-19,73.799253258,73.532586591,74.132586591,72.332586593,35.919,0.00518,17067513,1305136289.0,0.0,73.532586591
HK.01211,比亚迪股份,2023-04-20,72.999253259,72.865919925,73.332586592,72.065919926,35.607,0.00494,16272159,1232022777.0,-0.906627519725512,73.532586591
HK.01211,比亚迪股份,2023-04-21,72.332586593,70.932586594,72.865919925,70.132586595,34.699,0.00569,18727773,1395213292.0,-2.653275129154969,72.865919925
HK.01211,比亚迪股份,2023-04-24,71.132586594,73.599253258,74.865919923,70.932586594,35.951,0.00675,22247181,1696821175.0,3.7594380693648226,70.932586594
HK.01211,比亚迪股份,2023-04-25,73.865919924,71.332586594,73.932586591,70.665919928,34.887,0.00626,20610963,1531904669.0,-3.0797413882098312,73.599253258
HK.01211,比亚迪股份,2023-04-26,70.999253261,74.599253257,74.665919924,70.532586594,36.42,0.00637,20979186,1605377901.0,4.57948718668049,71.332586594
HK.01211,比亚迪股份,2023-04-27,74.999253257,75.665919923,76.465919922,74.265919924,36.921,0.00955,31457763,2469443308.0,1.4298623906130226,74.599253257
HK.01211,比亚迪股份,2023-04-28,77.465919921,75.665919923,77.532586587,75.065919923,36.921,0.01038,34175769,2706208184.0,0.0,75.665919923
HK.01211,比亚迪股份,2023-05-02,76.665919922,74.265919924,77.265919921,73.665919925,36.264,0.00465,15301305,1188505031.0,-1.850238522738752,75.665919923
HK.01211,比亚迪股份,2023-05-03,73.332586592,74.332586591,74.53258659,72.665919926,36.295,0.0034,11203521,857808787.0,0.0897675098729215,74.265919924
HK.01211,比亚迪股份,2023-05-04,74.799253257,75.065919923,76.265919922,74.665919924,36.639,0.00411,13546872,1062323505.0,0.9865569942224922,74.332586591
HK.01211,比亚迪股份,2023-05-05,75.399253256,75.33258659,76.132586589,74.53258659,36.764,0.0032,10556790,826137832.0,0.3552433211683106,75.065919923
HK.01211,比亚迪股份,2023-05-08,75.999253256,76.999253255,77.532586587,75.999253256,37.546,0.0051,16793157,1343272918.0,2.2124113088946222,75.33258659
HK.01211,比亚迪股份,2023-05-09,76.999253255,76.199253255,77.332586588,75.799253256,37.171,0.00486,16008321,1271808698.0,-1.0389711148894143,76.999253255
HK.01211,比亚迪股份,2023-05-10,76.199253255,78.132586587,79.332586586,75.265919923,38.078,0.00775,25517367,2069743940.0,2.5372077145298575,76.199253255
HK.01211,比亚迪股份,2023-05-11,79.265919919,79.065919919,80.732586584,78.46591992,38.516,0.00657,21627009,1782210825.0,1.19455066415948,78.132586587
HK.01211,比亚迪股份,2023-05-12,80.065919918,78.06591992,80.199253251,77.532586587,38.047,0.00417,13728978,1119181971.0,-1.2647674244787868,79.065919919
HK.01211,比亚迪股份,2023-05-15,77.199253254,78.799253253,79.332586586,76.265919922,38.391,0.00372,12253446,992569441.0,0.9393770466696686,78.06591992
HK.01211,比亚迪股份,2023-05-16,79.599253252,78.399253253,79.599253252,77.932586587,38.204,0.00246,8089299,660774879.0,-0.507619023641924,78.799253253
HK.01211,比亚迪股份,2023-05-17,78.46591992,76.865919921,78.599253253,76.132586589,37.484,0.0046,15147552,1218897783.0,-1.955800939904136,78.399253253
HK.01211,比亚迪股份,2023-05-18,78.66591992,78.26591992,79.399253252,77.532586587,38.141,0.00644,21216021,1726079844.0,1.82135333895551,76.865919921
HK.01211,比亚迪股份,2023-05-19,77.265919921,78.332586587,78.532586586,76.332586589,38.172,0.00378,12440064,1007932642.0,0.0851796887689257,78.26591992
HK.01211,比亚迪股份,2023-05-22,79.332586586,81.065919917,81.665919917,78.732586586,39.455,0.0096,31612353,2641440418.0,3.489394962036948,78.332586587
HK.01211,比亚迪股份,2023-05-23,81.132586584,80.332586585,81.865919916,79.732586585,39.111,0.00413,13597998,1139092239.0,-0.9046135944066632,81.065919917
HK.01211,比亚迪股份,2023-05-24,79.332586586,79.665919919,80.399253251,79.065919919,38.798,0.0034,11185542,925444521.0,-0.829883232123488,80.332586585
HK.01211,比亚迪股份,2023-05-25,78.66591992,75.199253256,79.599253252,74.465919924,36.702,0.00836,27551922,2197532551.0,-5.606747110359691,79.665919919
HK.01211,比亚迪股份,2023-05-29,75.865919922,73.599253258,75.865919922,71.99925326,35.951,0.00828,27289218,2089430147.0,-2.1276806999042113,75.199253256
HK.01211,比亚迪股份,2023-05-30,74.665919924,75.265919923,76.665919922,73.999253258,36.733,0.0063,20741988,1619616235.0,2.2645157270244893,73.599253258
HK.01211,比亚迪股份,2023-05-31,75.399253256,75.799253256,75.799253256,73.732586591,36.983,0.01726,56868999,4460030845.0,0.7085987038298645,75.265919923
HK.01211,比亚迪股份,2023-06-01,74.999253257,75.13258659,76.599253255,74.399253257,36.67,0.00748,24626667,1934329030.0,-0.8795161394907628,75.799253256
HK.01211,比亚迪股份,2023-06-02,76.865919921,78.66591992,79.065919919,76.265919922,38.329,0.00728,23975586,1939449463.0,4.702797401720588,75.13258659
HK.01211,比亚迪股份,2023-06-05,79.799253252,79.732586585,79.799253252,77.332586588,38.829,0.00545,17952249,1467244272.0,1.3559450726372613,78.66591992
HK.01211,比亚迪股份,2023-06-06,79.865919918,80.999253251,81.79925325,79.065919919,39.424,0.00657,21634527,1814854067.0,1.58864364026325,79.732586585
HK.01211,比亚迪股份,2023-06-07,81.99925325,81.265919917,81.99925325,79.465919919,39.549,0.00538,17711505,1480784302.0,0.3292211413031933,80.999253251
HK.01211,比亚迪股份,2023-06-08,80.865919917,79.599253252,80.865919917,78.732586586,38.767,0.00467,15384270,1270111170.0,-2.050880205013662,81.265919917
HK.01211,比亚迪股份,2023-06-09,80.465919918,80.732586584,81.265919917,79.532586585,39.299,0.00519,17105097,1427954165.0,1.4237989499876753,79.599253252
HK.01211,比亚迪股份,2023-06-12,81.19925325,82.199253249,82.532586582,80.732586584,39.987,0.00602,19845039,1686060239.0,1.8166972310170757,80.732586584
HK.01211,比亚迪股份,2023-06-13,83.085983249,83.352649915,83.552649915,81.552649917,40.331,0.00579,19084710,1630053379.0,1.403171708271009,82.199253249
HK.01211,比亚迪股份,2023-06-14,83.752649915,83.685983248,84.61931658,82.752649916,40.488,0.00614,20217075,1745855994.0,0.3999073014954173,83.352649915
HK.01211,比亚迪股份,2023-06-15,85.152649913,86.952649911,87.485983244,84.085983248,42.021,0.01102,36291150,3230307206.0,3.90348124765334,83.685983248
HK.01211,比亚迪股份,2023-06-16,88.35264991,86.552649912,88.35264991,86.352649912,41.833,0.00709,23368995,2092173650.0,-0.4600204817327661,86.952649911
HK.01211,比亚迪股份,2023-06-19,86.552649912,86.352649912,87.885983244,85.819316579,41.739,0.0041,13499541,1203895486.0,-0.2310732256070117,86.552649912
HK.01211,比亚迪股份,2023-06-20,86.419316579,85.085983247,86.419316579,84.019316581,41.145,0.00481,15844149,1384826877.0,-1.4668532654074118,86.352649912
HK.01211,比亚迪股份,2023-06-21,84.019316581,85.619316579,86.419316579,83.485983248,41.395,0.00558,18375975,1612151844.0,0.6268169111377138,85.085983247
HK.01211,比亚迪股份,2023-06-23,85.285983246,82.752649916,85.285983246,82.152649916,40.05,0.00397,13081710,1121689544.0,-3.34815410533552,85.619316579
HK.01211,比亚迪股份,2023-06-26,83.085983249,82.285983249,84.485983247,81.552649917,39.831,0.00387,12739821,1086215052.0,-0.5639295750331853,82.752649916
HK.01211,比亚迪股份,2023-06-27,82.419316583,81.619316583,82.419316583,80.552649918,39.518,0.00442,14554812,1222067638.0,-0.8101825361710063,82.285983249
HK.01211,比亚迪股份,2023-06-28,81.419316584,81.48598325,82.152649916,80.485983251,39.455,0.00324,10683867,896036859.0,-0.1633600213552476,81.619316583
HK.01211,比亚迪股份,2023-06-29,82.08598325,80.019316585,82.08598325,79.419316586,38.767,0.00384,12652947,1049169699.0,-1.7999005552896796,81.48598325
HK.01211,比亚迪股份,2023-06-30,80.085983252,80.752649918,81.68598325,79.419316586,39.111,0.0039,12832023,1069219368.0,0.9164453838105776,80.019316585
HK.01211,比亚迪股份,2023-07-03,81.68598325,84.485983247,84.952649913,80.819316584,40.863,0.00628,20688612,1780392184.0,4.6231712925718105,80.752649918
HK.01211,比亚迪股份,2023-07-04,84.752649914,85.685983246,86.019316579,83.619316581,41.426,0.00358,11781831,1035085190.0,1.4203539485262773,84.485983247
HK.01211,比亚迪股份,2023-07-05,85.885983246,84.81931658,86.419316579,83.885983248,41.02,0.00411,13527555,1180545801.0,-1.0114450849117824,85.685983246
HK.01211,比亚迪股份,2023-07-06,84.81931658,84.885983247,86.419316579,84.285983247,41.051,0.0062,20434101,1791652234.0,0.078598448664832,84.81931658
HK.01211,比亚迪股份,2023-07-07,84.61931658,82.285983249,84.61931658,82.08598325,39.831,0.0051,16815639,1434958181.0,-3.0629320631588364,84.885983247
HK.01211,比亚迪股份,2023-07-10,83.952649914,83.019316582,84.285983247,81.752649917,40.175,0.00609,20059890,1711984985.0,0.891200790274225,82.285983249
HK.01211,比亚迪股份,2023-07-11,83.619316581,85.41931658,85.752649913,83.419316582,41.301,0.00503,16579203,1449509809.0,2.890893465293063,83.019316582
HK.01211,比亚迪股份,2023-07-12,86.285983245,84.485983247,86.685983245,84.152649914,40.863,0.00463,15259746,1341235196.0,-1.0926490287778037,85.41931658
HK.01211,比亚迪股份,2023-07-13,85.619316579,85.41931658,85.885983246,83.552649915,41.301,0.00452,14893326,1302515827.0,1.1047197382687133,84.485983247
HK.01211,比亚迪股份,2023-07-14,85.352649913,84.952649913,85.619316579,83.885983248,41.082,0.00363,11953071,1042500578.0,-0.5463245149742433,85.41931658
HK.01211,比亚迪股份,2023-07-18,85.619316579,85.752649913,86.952649911,83.819316581,41.458,0.0065,21421389,1886197134.0,0.94170105443359,84.952649913
HK.01211,比亚迪股份,2023-07-19,86.085983246,85.819316579,86.152649912,84.485983247,41.489,0.00507,16690485,1469327231.0,0.0777429806165053,85.752649913
HK.01211,比亚迪股份,2023-07-20,86.552649912,86.352649912,87.219316578,85.752649913,41.739,0.00735,24215772,2156641924.0,0.6214607086844459,85.819316579
HK.01211,比亚迪股份,2023-07-21,86.685983245,86.419316579,86.685983245,84.885983247,41.77,0.00641,21122838,1872541736.0,0.0772028039300833,86.352649912
HK.01211,比亚迪股份,2023-07-24,86.419316579,84.219316581,86.419316579,83.552649915,40.738,0.0047,15480237,1352502814.0,-2.54572714190452,86.419316579
HK.01211,比亚迪股份,2023-07-25,86.085983246,86.152649912,87.219316578,85.485983246,41.645,0.0082,27006363,2402846213.0,2.29559370639225,84.219316581
HK.01211,比亚迪股份,2023-07-26,85.885983246,86.019316579,86.152649912,84.752649914,41.583,0.00408,13443372,1184915329.0,-0.1547640532661366,86.152649912
HK.01211,比亚迪股份,2023-07-27,87.419316578,86.219316579,87.419316578,85.952649912,41.677,0.00825,27191358,2427267746.0,0.2325059160593411,86.019316579
HK.01211,比亚迪股份,2023-07-28,86.085983246,87.819316577,88.085983244,85.21931658,42.428,0.00875,28807707,2584353368.0,1.8557326379802288,86.219316579
HK.01211,比亚迪股份,2023-07-31,89.152649909,89.285983242,90.552649908,88.819316576,43.116,0.0092,30319350,2796973990.0,1.670095739943537,87.819316577
HK.01211,比亚迪股份,2023-08-01,89.619316575,89.019316576,90.952649907,88.685983243,42.991,0.00546,17970225,1656705302.0,-0.298665766246013,89.285983242
HK.01211,比亚迪股份,2023-08-02,88.485983243,87.085983245,90.619316574,86.819316578,42.083,0.00596,19644492,1781559076.0,-2.1718132708302944,89.019316576
HK.01211,比亚迪股份,2023-08-03,88.085983244,87.352649911,88.685983243,86.752649912,42.209,0.00425,14012964,1263546464.0,0.306210777054431,87.085983245
HK.01211,比亚迪股份,2023-08-04,87.685983244,86.819316578,88.285983243,86.552649912,41.958,0.00365,12011769,1077147804.0,-0.6105519792970138,87.352649911
HK.01211,比亚迪股份,2023-08-07,86.952649911,87.485983244,87.885983244,86.152649912,42.271,0.00476,15687789,1407434969.0,0.7678782698099824,86.819316578
HK.01211,比亚迪股份,2023-08-08,86.085983246,83.952649914,86.819316578,83.552649915,40.613,0.00702,23138352,2016980987.0,-4.0387422064463285,87.485983244
HK.01211,比亚迪股份,2023-08-09,83.085983249,83.752649915,83.752649915,81.419316584,40.519,0.00628,20698014,1766235075.0,-0.2382295248629752,83.952649914
HK.01211,比亚迪股份,2023-08-10,83.085983249,83.885983248,84.352649914,82.952649915,40.581,0.00267,8778927,756258089.0,0.1591989425233888,83.752649915
HK.01211,比亚迪股份,2023-08-11,83.685983248,82.219316583,83.752649915,81.952649916,39.799,0.00482,15887667,1351755480.0,-1.9868237820765424,83.885983248
HK.01211,比亚迪股份,2023-08-14,80.685983251,76.952649921,80.885983251,74.81931659,37.327,0.01721,56700006,4479814749.0,-6.405631767424529,82.219316583
HK.01211,比亚迪股份,2023-08-15,75.752649923,75.885983256,76.219316589,73.885983258,36.827,0.008,26344647,2050564712.0,-1.3861337667969138,76.952649921
HK.01211,比亚迪股份,2023-08-16,74.552649924,74.219316591,74.885983257,73.752649925,36.045,0.00816,26894946,2063604220.0,-2.196277353852737,75.885983256
HK.01211,比亚迪股份,2023-08-17,73.152649925,75.41931659,76.285983255,71.552649927,36.608,0.00888,29241378,2250396948.0,1.6168297609271087,74.219316591
HK.01211,比亚迪股份,2023-08-18,74.419316591,72.485983259,75.21931659,72.285983259,35.231,0.00828,27273288,2067777730.0,-3.889366098272146,75.41931659
HK.01211,比亚迪股份,2023-08-21,71.752649927,70.285983261,71.952649926,69.819316595,34.198,0.00855,28153341,2060907481.0,-3.035069539084771,72.485983259
HK.01211,比亚迪股份,2023-08-22,70.819316594,71.019316594,71.552649927,68.952649929,34.543,0.00777,25609746,1870511021.0,1.0433564403258673,70.285983261
HK.01211,比亚迪股份,2023-08-23,71.019316594,70.819316594,71.48598326,69.552649929,34.449,0.00565,18608262,1362071129.0,-0.2816135237450308,71.019316594
HK.01211,比亚迪股份,2023-08-24,71.019316594,72.685983259,73.685983258,71.019316594,35.325,0.00627,20661174,1549598416.0,2.6358156994106685,70.819316594
HK.01211,比亚迪股份,2023-08-25,72.685983259,71.952649926,72.685983259,71.552649927,34.981,0.00436,14368569,1073078521.0,-1.0089061193365487,72.685983259
HK.01211,比亚迪股份,2023-08-28,75.01931659,72.485983259,76.085983256,72.08598326,35.231,0.00687,22622055,1721047554.0,0.7412282015304458,71.952649926
HK.01211,比亚迪股份,2023-08-29,73.685983258,76.685983255,77.419316588,73.419316592,37.202,0.01187,39093861,3077430031.0,5.7942236652746555,72.485983259
HK.01211,比亚迪股份,2023-08-30,78.885983253,79.019316586,80.285983251,78.419316587,38.297,0.01255,41330553,3392668228.0,3.0427116298960284,76.685983255
HK.01211,比亚迪股份,2023-08-31,80.352649918,79.352649919,80.819316584,78.885983253,38.454,0.01059,34868739,2868987722.0,0.4218377827112922,79.019316586
HK.01211,比亚迪股份,2023-09-04,81.085983251,81.88598325,82.285983249,80.019316585,39.643,0.00984,32409174,2724785291.0,3.192499977739772,79.352649919
HK.01211,比亚迪股份,2023-09-05,81.88598325,79.952649918,81.88598325,79.485983252,38.735,0.00523,17230737,1424664040.0,-2.3610064326851563,81.88598325
HK.01211,比亚迪股份,2023-09-06,80.752649918,80.485983251,81.219316584,80.085983252,38.986,0.00407,13401339,1115716520.0,0.6670614839495349,79.952649918
HK.01211,比亚迪股份,2023-09-07,80.419316585,79.819316585,80.552649918,79.752649919,38.673,0.00298,9800481,810349289.0,-0.8283015738541215,80.485983251
HK.01211,比亚迪股份,2023-09-11,78.35264992,80.019316585,80.685983251,77.219316588,38.767,0.0056,18434496,1502862884.0,0.2505659138123812,79.819316585
HK.01211,比亚迪股份,2023-09-12,80.752649918,82.352649916,83.285983248,79.819316585,39.862,0.00873,28770402,2435883582.0,2.9159625832613023,80.019316585
HK.01211,比亚迪股份,2023-09-13,83.419316582,80.019316585,83.419316582,79.552649919,38.767,0.00719,23699877,1983057689.0,-2.8333433512825805,82.352649916
HK.01211,比亚迪股份,2023-09-14,79.485983252,79.019316586,80.019316585,76.885983255,38.297,0.00748,24651573,2005425133.0,-1.2496982499691218,80.019316585
HK.01211,比亚迪股份,2023-09-15,78.419316587,79.885983252,80.685983251,77.95264992,38.704,0.00625,20598399,1695635695.0,1.0967782353024669,79.019316586
HK.01211,比亚迪股份,2023-09-18,80.085983252,79.752649919,81.88598325,79.552649919,38.642,0.00453,14917152,1239464599.0,-0.1669045401611901,79.885983252
HK.01211,比亚迪股份,2023-09-19,79.485983252,79.619316585,79.752649919,78.419316587,38.579,0.00281,9268950,756869146.0,-0.1671835783957251,79.752649919
HK.01211,比亚迪股份,2023-09-20,79.019316586,78.885983253,79.552649919,78.485983253,38.235,0.00275,9065778,739765889.0,-0.9210495184508508,79.619316585
HK.01211,比亚迪股份,2023-09-21,78.285983253,77.552649921,78.75264992,76.552649922,37.609,0.00542,17865936,1429340826.0,-1.690203096947902,78.885983253
HK.01211,比亚迪股份,2023-09-22,76.885983255,80.152649918,80.352649918,76.819316588,38.829,0.00535,17633037,1441827750.0,3.3525611305977567,77.552649921
HK.01211,比亚迪股份,2023-09-25,81.752649917,80.019316585,81.752649917,80.019316585,38.767,0.0049,16136112,1341926125.0,-0.1663492512554511,80.152649918
HK.01211,比亚迪股份,2023-09-26,80.019316585,77.152649921,80.085983252,76.285983255,37.421,0.00865,28491999,2274982445.0,-3.582468316828094,80.019316585
HK.01211,比亚迪股份,2023-09-27,77.752649921,76.552649922,78.019316587,76.219316589,37.14,0.00485,15964641,1268493589.0,-0.7776790552422649,77.152649921
HK.01211,比亚迪股份,2023-09-28,76.752649922,75.752649923,77.152649921,75.485983256,36.764,0.00389,12815238,1007113823.0,-1.04503240556025,76.552649922
HK.01211,比亚迪股份,2023-09-29,75.952649922,78.085983254,78.75264992,75.952649922,37.859,0.00355,11705436,938497235.0,3.080200274672563,75.752649923
HK.01211,比亚迪股份,2023-10-03,77.552649921,76.952649921,77.552649921,75.152649923,37.327,0.00484,15946587,1258872679.0,-1.4513915119868075,78.085983254
HK.01211,比亚迪股份,2023-10-04,76.085983256,74.419316591,76.085983256,73.819316591,36.138,0.00562,18510792,1429520725.0,-3.2920676969548652,76.952649921
HK.01211,比亚迪股份,2023-10-05,74.752649924,74.81931659,75.685983256,74.485983257,36.326,0.00319,10518018,817413392.0,0.5374948566087432,74.419316591
HK.01211,比亚迪股份,2023-10-06,74.952649923,75.352649923,75.952649922,74.952649923,36.576,0.0024,7918260,618023795.0,0.7128283942001209,74.81931659
HK.01211,比亚迪股份,2023-10-09,75.352649923,75.752649923,77.352649921,75.352649923,36.764,0.00368,12135150,955994867.0,0.5308373367210714,75.352649923
HK.01211,比亚迪股份,2023-10-10,76.152649922,76.285983255,77.485983254,75.885983256,37.015,0.00514,16920573,1336721539.0,0.7040457760119457,75.752649923
HK.01211,比亚迪股份,2023-10-11,78.685983253,77.819316587,79.085983253,77.619316587,37.734,0.00727,23951874,1938044261.0,2.0099804270393262,76.285983255
HK.01211,比亚迪股份,2023-10-12,79.152649919,80.285983251,81.019316584,78.35264992,38.892,0.00665,21894801,1811876618.0,3.169735705970036,77.819316587
HK.01211,比亚迪股份,2023-10-13,79.619316585,78.55264992,79.619316585,78.419316587,38.078,0.00305,10034712,817553340.0,-2.1589488735300777,80.285983251
HK.01211,比亚迪股份,2023-10-16,79.085983253,77.552649921,79.219316586,77.219316588,37.609,0.00497,16387308,1320360889.0,-1.2730315272857398,78.55264992
HK.01211,比亚迪股份,2023-10-17,77.885983254,77.685983254,78.219316587,77.085983255,37.672,0.00315,10363458,832216110.0,0.1719262115941001,77.552649921
HK.01211,比亚迪股份,2023-10-18,81.352649917,83.219316582,84.352649914,80.019316585,40.269,0.01668,54938412,4686907110.0,7.122692017565588,77.685983254
HK.01211,比亚迪股份,2023-10-19,83.152649915,80.085983252,83.152649915,79.685983252,38.798,0.00902,29728005,2484291188.0,-3.7651514800804384,83.219316582
HK.01211,比亚迪股份,2023-10-20,79.085983253,78.885983253,79.952649918,78.35264992,38.235,0.00494,16261713,1329093678.0,-1.4983895436783956,80.085983252
HK.01211,比亚迪股份,2023-10-24,78.885983253,76.952649921,79.085983253,76.819316588,37.327,0.00647,21302706,1703528107.0,-2.450794491335037,78.885983253
HK.01211,比亚迪股份,2023-10-25,78.952649919,77.885983254,79.685983252,77.152649921,37.765,0.00528,17396856,1412158610.0,1.212867047409229,76.952649921
HK.01211,比亚迪股份,2023-10-26,77.419316588,78.219316587,79.019316586,77.019316588,37.922,0.00527,17347743,1401461076.0,0.4279760222233308,77.885983254
HK.01211,比亚迪股份,2023-10-27,78.952649919,79.352649919,79.952649918,77.95264992,38.454,0.00592,19495053,1595130024.0,1.448917456009026,78.219316587
HK.01211,比亚迪股份,2023-10-30,77.752649921,79.485983252,79.619316585,77.752649921,38.516,0.00481,15837948,1294802772.0,0.1680263143525732,79.352649919
HK.01211,比亚迪股份,2023-10-31,79.485983252,76.552649922,79.752649919,75.885983256,37.14,0.00775,25514808,2029780689.0,-3.690378114466099,79.485983252
HK.01211,比亚迪股份,2023-11-01,76.552649922,75.152649923,76.685983255,74.752649924,36.483,0.00621,20457105,1595076556.0,-1.828806710710173,76.552649922
HK.01211,比亚迪股份,2023-11-02,76.419316589,74.752649924,76.619316588,74.219316591,36.295,0.00553,18207900,1415328976.0,-0.5322500263261969,75.152649923
HK.01211,比亚迪股份,2023-11-03,75.752649923,77.752649921,78.485983253,75.01931659,37.703,0.00671,22104873,1766973254.0,4.013235651244554,74.752649924
HK.01211,比亚迪股份,2023-11-06,79.752649919,80.485983251,80.552649918,79.285983252,38.986,0.00853,28108971,2326760365.0,3.5154214457991806,77.752649921
HK.01211,比亚迪股份,2023-11-07,80.485983251,80.085983252,81.552649917,79.819316585,38.798,0.00457,15054879,1248427384.0,-0.4969809435669882,80.485983251
HK.01211,比亚迪股份,2023-11-08,80.085983252,79.352649919,80.285983251,79.085983253,38.454,0.00361,11900934,978410341.0,-0.9156824992614307,80.085983252
HK.01211,比亚迪股份,2023-11-09,79.419316586,79.419316586,80.352649918,78.885983253,38.485,0.0032,10556139,868205094.0,0.0840131578063786,79.352649919
HK.01211,比亚迪股份,2023-11-10,77.819316587,77.819316587,78.685983253,77.752649921,37.734,0.00324,10676400,860852024.0,-2.0146232274202647,79.419316586
HK.01211,比亚迪股份,2023-11-13,78.419316587,78.15264992,78.485983253,76.419316589,37.891,0.00347,11422293,915588600.0,0.4283426630036523,77.819316587
HK.01211,比亚迪股份,2023-11-14,78.75264992,78.419316587,79.219316586,78.35264992,38.016,0.00374,12309360,1000057269.0,0.3412125721558585,78.15264992
HK.01211,比亚迪股份,2023-11-15,80.085983252,80.885983251,80.952649917,79.819316585,39.173,0.00806,26562705,2203660419.0,3.1454834999275096,78.419316587
HK.01211,比亚迪股份,2023-11-16,81.019316584,81.152649917,81.952649916,80.019316585,39.299,0.00514,16940043,1415593311.0,0.3296821714740165,80.885983251
HK.01211,比亚迪股份,2023-11-17,80.752649918,78.819316586,80.752649918,78.55264992,38.204,0.00401,13197180,1078509129.0,-2.875239851546998,81.152649917
HK.01211,比亚迪股份,2023-11-20,78.55264992,78.885983253,79.219316586,77.95264992,38.235,0.00401,13206804,1070713573.0,0.084581635425964,78.819316586
HK.01211,比亚迪股份,2023-11-21,79.419316586,78.15264992,80.019316585,78.085983254,37.891,0.00384,12647412,1031297460.0,-0.929611703828406,78.885983253
HK.01211,比亚迪股份,2023-11-22,78.15264992,77.419316588,78.35264992,76.885983255,37.546,0.00412,13586682,1085959315.0,-0.9383345705496466,78.15264992
HK.01211,比亚迪股份,2023-11-23,78.619316586,78.019316587,78.619316586,76.952649921,37.828,0.00397,13065873,1050530829.0,0.7750003816140698,77.419316588
HK.01211,比亚迪股份,2023-11-24,77.419316588,73.552649925,77.552649921,73.019316592,35.732,0.01227,40423341,3108343124.0,-5.725077913261635,78.019316587
HK.01211,比亚迪股份,2023-11-27,73.619316591,71.48598326,73.619316591,69.152649929,34.762,0.01144,37695120,2766059935.0,-2.809778664816745,73.552649925
HK.01211,比亚迪股份,2023-11-28,71.48598326,70.419316595,71.48598326,69.952649928,34.261,0.00895,29497062,2156356793.0,-1.49213400495654,71.48598326
HK.01211,比亚迪股份,2023-11-29,70.752649928,68.019316597,70.752649928,66.752649932,33.135,0.01284,42294255,2987886529.0,-3.408155764707331,70.419316595
HK.01211,比亚迪股份,2023-11-30,68.019316597,67.419316598,68.219316597,65.819316599,32.853,0.0128,42147888,2929773934.0,-0.8821023630020828,68.019316597
HK.01211,比亚迪股份,2023-12-01,67.485983264,66.085983266,67.95264993,64.8193166,32.227,0.00857,28214751,1935443525.0,-1.9776725711271137,67.419316598
HK.01211,比亚迪股份,2023-12-04,67.085983265,66.285983265,67.685983264,65.752649933,32.321,0.00943,31051056,2145112662.0,0.3026360343236285,66.085983266
HK.01211,比亚迪股份,2023-12-05,67.219316598,66.685983265,68.35264993,66.152649932,32.509,0.01065,35080071,2450314803.0,0.6034458271530412,66.285983265
HK.01211,比亚迪股份,2023-12-06,66.952649931,68.485983263,69.219316596,66.819316598,33.354,0.01134,37368309,2655626264.0,2.6992179013797584,66.685983265
HK.01211,比亚迪股份,2023-12-07,69.019316596,68.419316597,69.085983263,66.952649931,33.322,0.00822,27089151,1914133074.0,-0.0973435188102295,68.485983263
HK.01211,比亚迪股份,2023-12-08,68.819316596,67.685983264,69.019316596,67.085983265,32.978,0.00622,20482230,1441836509.0,-1.0718220664486424,68.419316597
HK.01211,比亚迪股份,2023-12-11,66.485983265,66.819316598,67.352649931,65.485983266,32.571,0.00486,15999591,1103350541.0,-1.2804226579965376,67.685983264
HK.01211,比亚迪股份,2023-12-12,66.885983265,66.552649932,67.219316598,66.352649932,32.446,0.00456,15006267,1039203274.0,-0.3990861918033861,66.819316598
HK.01211,比亚迪股份,2023-12-13,66.552649932,65.2193166,66.552649932,64.752649934,31.821,0.00511,16844466,1142881237.0,-2.003426359975636,66.552649932
HK.01211,比亚迪股份,2023-12-14,65.819316599,65.819316599,66.952649931,65.4193166,32.102,0.00668,22001397,1510560621.0,0.9199728397644767,65.2193166
HK.01211,比亚迪股份,2023-12-15,67.152649931,66.952649931,67.95264993,66.219316599,32.634,0.00913,30069537,2095839516.0,1.7218855961461184,65.819316599
HK.01211,比亚迪股份,2023-12-18,65.885983266,65.085983267,66.285983265,64.285983267,31.758,0.00659,21691398,1467061839.0,-2.788040004277263,66.952649931
HK.01211,比亚迪股份,2023-12-19,64.419316601,64.685983267,64.885983267,63.285983268,31.57,0.0064,21093891,1406727302.0,-0.6145716480291915,65.085983267
HK.01211,比亚迪股份,2023-12-20,65.085983267,64.085983268,65.485983266,63.885983268,31.289,0.00462,15205224,1018587218.0,-0.927557978864464,64.685983267
HK.01211,比亚迪股份,2023-12-21,63.352649935,64.552649934,64.8193166,63.052649935,31.508,0.00419,13812195,920617252.0,0.7281883529015227,64.085983268
HK.01211,比亚迪股份,2023-12-22,65.085983267,64.952649933,66.619316598,64.419316601,31.695,0.00712,23441001,1591875797.0,0.6196492311453837,64.552649934
HK.01211,比亚迪股份,2023-12-27,66.485983265,65.819316599,66.485983265,65.552649933,32.102,0.00475,15634272,1071695408.0,1.3343053237920006,64.952649933
HK.01211,比亚迪股份,2023-12-28,66.352649932,68.619316596,69.085983263,65.952649932,33.416,0.00836,27542172,1948499320.0,4.254070296807884,65.819316599
HK.01211,比亚迪股份,2023-12-29,69.085983263,68.885983263,69.819316595,68.619316596,33.541,0.00356,11732313,840179325.0,0.3886174917334286,68.619316596
HK.01211,比亚迪股份,2024-01-02,69.685983262,67.219316598,69.752649929,66.619316598,32.759,0.00722,23793675,1662911989.0,-2.4194568852081595,68.885983263
HK.01211,比亚迪股份,2024-01-03,67.219316598,67.619316597,67.819316597,66.552649932,32.947,0.00692,22787280,1588955524.0,0.5950670421006469,67.219316598
HK.01211,比亚迪股份,2024-01-04,68.819316596,67.285983264,68.819316596,66.419316599,32.79,0.00637,20990991,1464398708.0,-0.4929557850852155,67.619316597
HK.01211,比亚迪股份,2024-01-05,67.285983264,66.819316598,68.685983263,66.419316599,32.571,0.00553,18221625,1273344349.0,-0.6935570283174791,67.285983264
HK.01211,比亚迪股份,2024-01-08,67.285983264,65.685983266,67.285983264,64.752649934,32.04,0.00584,19235985,1309094475.0,-1.6961163174092218,66.819316598
HK.01211,比亚迪股份,2024-01-09,66.752649932,66.619316598,68.085983264,66.219316599,32.478,0.0065,21398160,1488857397.0,1.4209018204392327,65.685983266
HK.01211,比亚迪股份,2024-01-10,67.085983265,65.619316599,67.085983265,65.485983266,32.008,0.00454,14961957,1024258373.0,-1.501066132266535,66.619316598
HK.01211,比亚迪股份,2024-01-11,66.752649932,68.219316597,68.685983263,65.4193166,33.229,0.01017,33487104,2353092090.0,3.962247906189904,65.619316599
HK.01211,比亚迪股份,2024-01-12,68.75264993,67.752649931,68.75264993,67.219316598,33.01,0.00623,20514171,1448971783.0,-0.6840682218451467,68.219316597
HK.01211,比亚迪股份,2024-01-15,68.085983264,66.352649932,68.085983264,65.952649932,32.352,0.00514,16939419,1171480823.0,-2.066339841210288,67.752649931
HK.01211,比亚迪股份,2024-01-16,66.219316599,65.819316599,66.952649931,65.4193166,32.102,0.00469,15436503,1059855686.0,-0.8037860334840826,66.352649932
HK.01211,比亚迪股份,2024-01-17,65.752649933,62.519316602,65.752649933,61.319316604,30.553,0.01748,57575823,3755308380.0,-5.013725707766065,65.819316599
HK.01211,比亚迪股份,2024-01-18,61.952649936,62.885983269,63.119316602,60.952649937,30.725,0.00794,26141718,1696238880.0,0.5864854047177273,62.519316602
HK.01211,比亚迪股份,2024-01-19,62.885983269,62.619316602,64.085983268,61.68598327,30.6,0.00687,22630188,1476544297.0,-0.4240478611256087,62.885983269
HK.01211,比亚迪股份,2024-01-22,63.419316602,61.052649937,63.419316602,59.985983272,29.865,0.00982,32363166,2069678339.0,-2.501890391039435,62.619316602
HK.01211,比亚迪股份,2024-01-23,61.58598327,63.085983269,63.752649935,61.419316604,30.819,0.01004,33074868,2161698850.0,3.3304587664879315,61.052649937
HK.01211,比亚迪股份,2024-01-24,64.085983268,63.885983268,64.485983267,61.619316603,31.195,0.00773,25462533,1672349156.0,1.268110533505955,63.085983269
HK.01211,比亚迪股份,2024-01-25,63.885983268,63.552649935,63.885983268,61.452649937,31.038,0.00918,30243912,1977907220.0,-0.5217628593140288,63.885983268
HK.01211,比亚迪股份,2024-01-26,62.419316603,60.819316604,63.085983269,60.252649938,29.755,0.01367,45014904,2871037956.0,-4.300895924553232,63.552649935
HK.01211,比亚迪股份,2024-01-29,60.819316604,59.452649939,61.48598327,58.15264994,29.114,0.01471,48444399,2997571955.0,-2.2470930969160547,60.819316604
HK.01211,比亚迪股份,2024-01-30,58.919316606,56.719316608,58.919316606,55.21931661,27.831,0.01674,55133070,3256714128.0,-4.597496215567296,59.452649939
HK.01211,比亚迪股份,2024-01-31,55.719316609,55.519316609,56.785983275,54.91931661,27.268,0.01238,40769769,2376808638.0,-2.115681342378418,56.719316608
HK.01211,比亚迪股份,2024-02-01,55.519316609,55.852649942,56.619316608,54.952649943,27.424,0.00899,29601429,1726242243.0,0.6003916354870326,55.519316609
HK.01211,比亚迪股份,2024-02-02,56.619316608,55.01931661,57.419316608,53.619316611,27.033,0.00948,31215753,1805964838.0,-1.4920211178258769,55.852649942
HK.01211,比亚迪股份,2024-02-05,54.085983278,54.652649944,55.652649943,53.352649945,26.861,0.00776,25547379,1458490667.0,-0.6664326069316484,55.01931661
HK.01211,比亚迪股份,2024-02-06,54.652649944,57.719316607,58.05264994,54.319316611,28.301,0.01251,41221047,2456575628.0,5.611194820639577,54.652649944
HK.01211,比亚迪股份,2024-02-07,58.819316606,58.35264994,60.419316605,57.985983274,28.598,0.00838,27596529,1702010922.0,1.097264088056073,57.719316607
HK.01211,比亚迪股份,2024-02-08,59.085983273,58.785983273,60.219316605,58.685983273,28.801,0.0061,20091876,1241705198.0,0.7426112326442191,58.35264994
HK.01211,比亚迪股份,2024-02-09,58.685983273,58.385983273,58.685983273,56.852649941,28.613,0.00336,11063085,668847532.0,-0.6804343105777664,58.785983273
HK.01211,比亚迪股份,2024-02-14,58.585983273,58.385983273,58.585983273,57.219316608,28.613,0.00324,10671315,648648899.0,0.0,58.385983273
HK.01211,比亚迪股份,2024-02-15,58.419316607,58.385983273,58.519316606,56.819316608,28.613,0.00399,13128138,794313509.0,0.0,58.385983273
HK.01211,比亚迪股份,2024-02-16,58.952649939,60.752649938,61.319316604,58.952649939,29.724,0.00657,21650649,1365468479.0,4.053484299363402,58.385983273
HK.01211,比亚迪股份,2024-02-19,60.752649938,59.552649939,60.885983271,59.019316606,29.161,0.00582,19179312,1194922570.0,-1.975222480376802,60.752649938
HK.01211,比亚迪股份,2024-02-20,59.552649939,58.15264994,60.052649938,57.085983275,28.504,0.00861,28356624,1708919867.0,-2.350860961576051,59.552649939
HK.01211,比亚迪股份,2024-02-21,57.819316607,59.519316605,60.852649937,57.252649941,29.145,0.00748,24645492,1534399314.0,2.3501365224286057,58.15264994
HK.01211,比亚迪股份,2024-02-22,59.485983272,59.852649938,60.052649938,58.785983273,29.302,0.00565,18623073,1155296907.0,0.5600422720108932,59.519316605
HK.01211,比亚迪股份,2024-02-23,59.119316606,59.152649939,60.319316605,58.25264994,28.973,0.00752,24757428,1524497824.0,-1.1695388587224014,59.852649938
HK.01211,比亚迪股份,2024-02-26,59.885983272,60.052649938,62.052649936,59.585983272,29.396,0.01034,34067637,2150846434.0,1.5214872029031823,59.152649939
HK.01211,比亚迪股份,2024-02-27,61.152649937,63.385983268,63.752649935,60.885983271,30.96,0.0128,42167166,2740715988.0,5.550684829797552,60.052649938
HK.01211,比亚迪股份,2024-02-28,64.019316601,61.719316603,64.085983268,61.38598327,30.178,0.01096,36117963,2356995395.0,-2.629393091455599,63.385983268
HK.01211,比亚迪股份,2024-02-29,60.752649938,61.852649936,62.452649936,60.219316605,30.24,0.00727,23936898,1541093674.0,0.2160317714754394,61.719316603
HK.01211,比亚迪股份,2024-03-01,61.752649937,62.319316603,62.885983269,60.919316604,30.459,0.00639,21049773,1361643685.0,0.7544812833126251,61.852649936
HK.01211,比亚迪股份,2024-03-04,63.052649935,61.619316603,63.052649935,61.019316604,30.131,0.00652,21472092,1380960472.0,-1.123247234014595,62.319316603
HK.01211,比亚迪股份,2024-03-05,60.585983271,61.119316604,62.252649936,59.652649939,29.896,0.00849,27963978,1774278676.0,-0.8114338596472854,61.619316603
HK.01211,比亚迪股份,2024-03-06,61.319316604,61.719316603,62.285983269,60.452649938,30.178,0.00435,14319996,917206627.0,0.9816863674826126,61.119316604
HK.01211,比亚迪股份,2024-03-07,61.919316603,60.219316605,62.08598327,59.785983272,29.474,0.00571,18803694,1190431591.0,-2.4303574319341847,61.719316603
HK.01211,比亚迪股份,2024-03-08,60.085983272,60.085983272,60.652649938,59.619316605,29.411,0.00573,18888225,1185754831.0,-0.2214128962548412,60.219316605
HK.01211,比亚迪股份,2024-03-11,60.285983271,63.219316602,63.485983268,60.285983271,30.882,0.01229,40494237,2640486273.0,5.2147491966901525,60.085983272
HK.01211,比亚迪股份,2024-03-12,64.219316601,67.285983264,68.085983264,63.685983268,32.79,0.01761,57991521,4003245803.0,6.4326330630903135,63.219316602
HK.01211,比亚迪股份,2024-03-13,68.085983264,67.219316598,69.285983262,67.019316598,32.759,0.01039,34222386,2407227403.0,-0.0990795746246569,67.285983264
HK.01211,比亚迪股份,2024-03-14,67.219316598,68.285983263,70.285983261,67.152649931,33.26,0.01039,34239114,2446008685.0,1.5868454470894404,67.219316598
HK.01211,比亚迪股份,2024-03-15,67.419316598,67.485983264,68.485983263,66.019316599,32.884,0.00751,24748944,1724828246.0,-1.1715435009829882,68.285983263
HK.01211,比亚迪股份,2024-03-18,67.485983264,69.685983262,70.419316595,67.485983264,33.917,0.0073,24055200,1737742349.0,3.259936199482734,67.485983264
HK.01211,比亚迪股份,2024-03-19,69.152649929,68.685983263,69.752649929,68.085983264,33.448,0.00609,20051196,1435288073.0,-1.4350088097921692,69.685983262
HK.01211,比亚迪股份,2024-03-20,68.819316596,69.085983263,69.885983262,68.485983263,33.635,0.00655,21590106,1551676374.0,0.5823604482276941,68.685983263
HK.01211,比亚迪股份,2024-03-21,69.685983262,69.619316595,70.285983261,68.819316596,33.886,0.00539,17751666,1281787235.0,0.7719848611977885,69.085983263
HK.01211,比亚迪股份,2024-03-22,69.552649929,68.75264993,69.619316595,68.019316597,33.479,0.00556,18303903,1306320952.0,-1.244865229059488,69.619316595
HK.01211,比亚迪股份,2024-03-25,68.75264993,67.752649931,69.019316596,67.419316598,33.01,0.00447,14722890,1038877255.0,-1.454489390617166,68.75264993
HK.01211,比亚迪股份,2024-03-26,68.75264993,69.419316596,70.085983262,67.95264993,33.792,0.00571,18819999,1349649425.0,2.459928381690397,67.752649931
HK.01211,比亚迪股份,2024-03-27,67.95264993,65.0193166,69.219316596,64.085983268,17.809,0.01879,61883745,4248183238.0,-6.338293448791365,69.419316596
HK.01211,比亚迪股份,2024-03-28,63.819316601,64.6193166,66.419316599,62.019316603,17.704,0.01167,38457150,2574547260.0,-0.6152017906629174,65.0193166
HK.01211,比亚迪股份,2024-04-02,64.6193166,64.952649933,66.552649932,64.552649934,17.792,0.00806,26539248,1801293120.0,0.5158416252888671,64.6193166
HK.01211,比亚迪股份,2024-04-03,64.752649934,63.485983268,64.752649934,62.852649935,17.405,0.00901,29676666,1961708863.0,-2.25805516251131,64.952649933
HK.01211,比亚迪股份,2024-04-05,63.419316602,63.385983268,64.152649934,62.519316602,17.379,0.00579,19076415,1255574425.0,-0.157515084200336,63.485983268
HK.01211,比亚迪股份,2024-04-08,62.752649936,64.752649934,65.4193166,62.519316602,17.739,0.00841,27713418,1856590538.0,2.156102336097956,63.385983268
HK.01211,比亚迪股份,2024-04-09,65.685983266,66.485983265,67.219316598,65.352649933,18.196,0.00614,20235612,1399457136.0,2.6768531214810825,64.752649934
HK.01211,比亚迪股份,2024-04-10,67.419316598,67.885983264,68.35264993,67.085983265,18.565,0.00679,22352556,1574444290.0,2.1057069930362293,66.485983265
HK.01211,比亚迪股份,2024-04-11,66.419316599,67.95264993,68.419316597,66.419316599,18.582,0.00405,13344027,935432757.0,0.0982038747833187,67.885983264
HK.01211,比亚迪股份,2024-04-12,67.619316597,67.485983264,68.619316596,67.485983264,18.459,0.00546,17977800,1265189164.0,-0.68675271160247,67.95264993
HK.01211,比亚迪股份,2024-04-15,66.352649932,66.819316598,67.419316598,66.352649932,18.284,0.0053,17465700,1213840910.0,-0.9878594542989004,67.485983264
HK.01211,比亚迪股份,2024-04-16,65.952649932,65.819316599,67.152649931,65.2193166,18.02,0.00593,19522038,1339474402.0,-1.496573221507518,66.819316598
HK.01211,比亚迪股份,2024-04-17,65.819316599,65.352649933,66.085983266,64.752649934,17.897,0.00429,14133567,959494821.0,-0.7090117158814423,65.819316599
HK.01211,比亚迪股份,2024-04-18,64.552649934,65.885983266,66.552649932,64.219316601,18.038,0.00426,14018652,958783630.0,0.8160852445107869,65.352649933
HK.01211,比亚迪股份,2024-04-19,65.619316599,64.485983267,65.619316599,63.185983268,17.669,0.00631,20782593,1390013332.0,-2.124882910751766,65.885983266
HK.01211,比亚迪股份,2024-04-22,64.285983267,64.352649934,65.0193166,63.652649935,17.634,0.00398,13107180,876960651.0,-0.2067632782273599,64.485983267
HK.01211,比亚迪股份,2024-04-23,64.6193166,63.252649935,64.885983267,62.485983269,17.344,0.00673,22177821,1457441075.0,-1.7093313175574845,64.352649934
HK.01211,比亚迪股份,2024-04-24,63.419316602,64.485983267,64.885983267,62.752649936,17.669,0.00549,18097722,1202883406.0,1.9498524303209397,63.252649935
HK.01211,比亚迪股份,2024-04-25,64.419316601,65.352649933,66.419316599,64.219316601,17.897,0.00434,14304360,974498301.0,1.3439613108039676,64.485983267
HK.01211,比亚迪股份,2024-04-26,66.152649932,68.35264993,69.285983262,66.085983266,18.687,0.01153,37990944,2694123286.0,4.590479498651737,65.352649933
HK.01211,比亚迪股份,2024-04-29,69.752649929,69.552649929,70.952649927,69.352649929,19.004,0.00988,32541285,2361384197.0,1.7556012828016474,68.35264993
HK.01211,比亚迪股份,2024-04-30,70.752649928,69.285983262,71.085983261,69.019316596,18.933,0.00783,25804722,1864940251.0,-0.3834025982794493,69.552649929
HK.01211,比亚迪股份,2024-05-02,69.819316595,72.419316593,73.219316592,69.819316595,19.759,0.00923,30394620,2271108563.0,4.5223192101518235,69.285983262
HK.01211,比亚迪股份,2024-05-03,74.81931659,72.885983259,75.152649923,72.619316592,19.882,0.00639,21045042,1604030603.0,0.6443952911385281,72.419316593
HK.01211,比亚迪股份,2024-05-06,72.419316593,72.752649926,73.352649925,71.419316594,19.847,0.00413,13617138,1023265623.0,-0.1829341212647109,72.885983259
HK.01211,比亚迪股份,2024-05-07,72.752649926,73.219316592,73.552649925,71.952649926,19.97,0.00352,11607996,879177097.0,0.6414428429406522,72.752649926
HK.01211,比亚迪股份,2024-05-08,73.219316592,71.752649927,73.419316592,71.619316593,19.583,0.00368,12138264,908357799.0,-2.00311438738593,73.219316592
HK.01211,比亚迪股份,2024-05-09,71.819316593,72.685983259,72.819316592,71.419316594,19.829,0.00278,9142716,685684209.0,1.3007649654048488,71.752649927
HK.01211,比亚迪股份,2024-05-10,72.619316592,71.88598326,72.685983259,70.819316594,19.618,0.00569,18741048,1389620116.0,-1.1006248565825616,72.685983259
HK.01211,比亚迪股份,2024-05-13,71.019316594,71.619316593,72.152649926,70.085983262,19.536,0.00382,12572577,928214948.0,-0.3709578069420285,71.88598326
HK.01211,比亚迪股份,2024-05-14,71.619316593,71.752649927,72.619316592,71.619316593,19.571,0.00298,9803466,731310611.0,0.1861695145147914,71.619316593
HK.01211,比亚迪股份,2024-05-16,71.28598326,71.352649927,71.952649926,69.819316595,19.466,0.00659,21710523,1591702383.0,-0.5574707002555935,71.752649927
HK.01211,比亚迪股份,2024-05-17,71.352649927,71.619316593,72.552649926,71.085983261,19.536,0.00436,14370609,1069479428.0,0.3737305710058634,71.352649927
HK.01211,比亚迪股份,2024-05-20,71.752649927,73.085983259,73.952649924,71.752649927,19.922,0.00455,14983689,1133659257.0,2.0478646484925545,71.619316593
HK.01211,比亚迪股份,2024-05-21,72.352649926,69.752649929,72.419316593,69.552649929,19.045,0.0081,26682078,1943034082.0,-4.560838044946911,73.085983259
HK.01211,比亚迪股份,2024-05-22,69.752649929,68.819316596,70.552649928,68.55264993,18.799,0.00526,17312256,1242720859.0,-1.3380614699943745,69.752649929
HK.01211,比亚迪股份,2024-05-23,68.15264993,67.95264993,68.35264993,67.485983264,18.571,0.00486,16015740,1128174461.0,-1.259336344601771,68.819316596
HK.01211,比亚迪股份,2024-05-24,67.419316598,66.752649932,67.819316597,66.085983266,18.255,0.00485,15977124,1106477461.0,-1.765935543700157,67.95264993
HK.01211,比亚迪股份,2024-05-27,66.752649932,66.419316599,66.885983265,65.485983266,18.167,0.00445,14647272,1006958861.0,-0.4993559556655216,66.752649932
HK.01211,比亚迪股份,2024-05-28,65.752649933,66.285983265,67.019316598,65.619316599,18.132,0.00344,11335608,780882120.0,-0.2007448146523191,66.419316599
HK.01211,比亚迪股份,2024-05-29,65.819316599,69.952649928,70.952649927,65.819316599,19.097,0.01319,43442940,3128351382.0,5.531586743371213,66.285983265
HK.01211,比亚迪股份,2024-05-30,71.019316594,70.552649928,71.819316593,70.219316595,19.255,0.00771,25382421,1863437683.0,0.8577230464000363,69.952649928
HK.01211,比亚迪股份,2024-05-31,72.08598326,70.619316594,72.419316593,70.419316595,19.273,0.00937,30870987,2280709643.0,0.0944920794159221,70.552649928
HK.01211,比亚迪股份,2024-06-03,71.819316593,74.285983257,75.952649922,70.885983261,20.238,0.01286,42370854,3247085736.0,5.192158236364937,70.619316594
HK.01211,比亚迪股份,2024-06-04,74.752649924,74.352649924,75.752649923,73.952649924,20.256,0.00577,19017654,1467918717.0,0.089743265252836,74.285983257
HK.01211,比亚迪股份,2024-06-05,74.752649924,75.21931659,76.685983255,74.285983257,20.484,0.00777,25585545,2000611803.0,1.1656163793568473,74.352649924
HK.01211,比亚迪股份,2024-06-06,75.619316589,73.819316591,75.885983256,73.352649925,20.115,0.0057,18776865,1443142753.0,-1.861224034553545,75.21931659
HK.01211,比亚迪股份,2024-06-07,73.685983258,73.419316592,74.352649924,72.419316593,20.01,0.00501,16488978,1249154438.0,-0.5418635900088646,73.819316591
HK.01211,比亚迪股份,2024-06-11,71.88801326,74.688013257,75.288013256,71.354679927,20.045,0.0088,28984062,2198537678.0,1.7280148112114602,73.419316592
HK.01211,比亚迪股份,2024-06-12,73.554679925,71.88801326,74.021346591,71.754679926,19.308,0.00926,30513825,2255762743.0,-3.7489282080181394,74.688013257
HK.01211,比亚迪股份,2024-06-13,74.088013257,76.154679922,78.35467992,74.088013257,20.431,0.01916,63114261,4926768631.0,5.935157293286987,71.88801326
HK.01211,比亚迪股份,2024-06-14,75.22134659,75.02134659,75.688013256,73.754679924,20.133,0.0081,26686359,2036909639.0,-1.4881991929593847,76.154679922
HK.01211,比亚迪股份,2024-06-17,74.554679924,76.354679922,78.021346587,74.088013257,20.484,0.00833,27439524,2143902225.0,1.7772719267315,75.02134659
HK.01211,比亚迪股份,2024-06-18,76.221346589,76.421346588,76.888013255,75.088013256,20.502,0.00704,23176635,1800912102.0,0.0873118269477476,76.354679922
HK.01211,比亚迪股份,2024-06-19,77.488013254,77.888013254,78.821346586,77.354679921,20.888,0.00804,26472150,2105575611.0,1.9191845361048592,76.421346588
HK.01211,比亚迪股份,2024-06-20,78.088013253,77.75467992,78.288013253,77.154679921,20.853,0.00441,14514948,1149814127.0,-0.1711859481704678,77.888013254
HK.01211,比亚迪股份,2024-06-21,77.554679921,77.288013254,78.088013253,76.621346588,20.73,0.00561,18463182,1453934918.0,-0.6001782355481847,77.75467992
HK.01211,比亚迪股份,2024-06-24,77.354679921,77.75467992,77.95467992,76.288013255,20.853,0.00428,14083017,1108125846.0,0.603802124485122,77.288013254
HK.01211,比亚迪股份,2024-06-25,77.888013254,78.421346586,79.221346586,77.621346587,21.028,0.00947,31183752,2492375916.0,0.8573974797220123,77.75467992
HK.01211,比亚迪股份,2024-06-26,77.95467992,77.688013254,78.55467992,77.554679921,20.835,0.00562,18511839,1471159294.0,-0.9351195355920062,78.421346586
HK.01211,比亚迪股份,2024-06-27,77.088013254,75.488013256,77.354679921,75.088013256,20.256,0.00546,17983269,1389844363.0,-2.8318396955359417,77.688013254
HK.01211,比亚迪股份,2024-06-28,74.488013257,75.888013256,76.488013255,74.221346591,20.361,0.00326,10730148,828311793.0,0.529885451672287,75.488013256
HK.01211,比亚迪股份,2024-07-02,76.154679922,74.62134659,76.554679922,73.954679924,20.028,0.00503,16562181,1267562038.0,-1.6691261394958763,75.888013256
HK.01211,比亚迪股份,2024-07-03,74.554679924,75.288013256,75.621346589,73.888013258,20.203,0.00403,13278510,1014441173.0,0.8933994044129694,74.62134659
HK.01211,比亚迪股份,2024-07-04,75.954679922,76.754679921,77.75467992,75.954679922,20.589,0.00357,11760876,921696298.0,1.948074602543879,75.288013256
HK.01211,比亚迪股份,2024-07-05,76.554679922,76.888013255,77.288013254,75.554679923,20.624,0.00482,15861309,1238860248.0,0.1737136212895856,76.754679921
HK.01211,比亚迪股份,2024-07-08,76.954679921,76.288013255,78.021346587,75.954679922,20.466,0.00438,14419233,1129822911.0,-0.7803557077357448,76.888013255
HK.01211,比亚迪股份,2024-07-09,76.154679922,76.954679921,78.021346587,75.288013256,20.642,0.0038,12521628,982720426.0,0.8738812790570393,76.288013255
HK.01211,比亚迪股份,2024-07-10,78.421346586,77.488013254,79.021346586,77.354679921,20.782,0.00627,20647647,1644444530.0,0.6930486015243128,76.954679921
HK.01211,比亚迪股份,2024-07-11,78.421346586,79.021346586,79.421346585,77.821346587,21.186,0.00642,21138249,1695663165.0,1.9788006784660468,77.488013254
HK.01211,比亚迪股份,2024-07-12,79.554679919,80.754679917,81.421346583,79.421346585,21.642,0.00764,25158774,2066192302.0,2.1935001184946743,79.021346586
HK.01211,比亚迪股份,2024-07-15,80.688013251,79.954679918,81.754679916,79.621346585,21.432,0.00372,12264870,1003646649.0,-0.99065465905165,80.754679917
HK.01211,比亚迪股份,2024-07-16,79.154679919,78.754679919,79.821346585,78.35467992,21.116,0.0031,10221357,820771483.0,-1.5008502319447674,79.954679918
HK.01211,比亚迪股份,2024-07-17,78.55467992,78.488013253,79.021346586,77.088013254,21.046,0.00426,14017947,1115996787.0,-0.3386042153612474,78.754679919
HK.01211,比亚迪股份,2024-07-18,78.421346586,79.088013252,79.888013252,77.95467992,21.204,0.00302,9960120,803294551.0,0.764447938140487,78.488013253
HK.01211,比亚迪股份,2024-07-19,78.821346586,79.554679919,80.221346585,78.15467992,21.327,0.00585,19254228,1555475692.0,0.5900599190841316,79.088013252
HK.01211,比亚迪股份,2024-07-22,80.021346585,80.554679918,81.154679917,79.754679918,21.59,0.00665,21916959,1799339956.0,1.2569970742364602,79.554679919
HK.01211,比亚迪股份,2024-07-23,80.221346585,78.021346587,80.421346584,77.288013254,20.923,0.00634,20878662,1661419621.0,-3.1448617679057196,80.554679918
HK.01211,比亚迪股份,2024-07-24,77.688013254,76.221346589,77.821346587,75.554679923,20.449,0.00554,18249846,1416963277.0,-2.3070609220937337,78.021346587
HK.01211,比亚迪股份,2024-07-25,76.288013255,76.621346588,76.888013255,75.354679923,20.554,0.00474,15619911,1213926503.0,0.524787368500407,76.221346589
HK.01211,比亚迪股份,2024-07-26,76.221346589,77.154679921,77.95467992,76.221346589,20.695,0.0044,14495775,1142309272.0,0.6960636385938032,76.621346588
HK.01211,比亚迪股份,2024-07-29,77.95467992,75.688013256,78.021346587,75.288013256,20.308,0.00413,13592118,1052737625.0,-1.9009432305360303,77.154679921
HK.01211,比亚迪股份,2024-07-30,75.22134659,73.488013258,75.554679923,72.688013259,19.729,0.00698,22979223,1721280614.0,-2.9066689735386992,75.688013256
HK.01211,比亚迪股份,2024-07-31,73.688013258,74.554679924,75.154679923,73.688013258,20.01,0.00345,11374725,864067981.0,1.451483879765772,73.488013258
HK.01211,比亚迪股份,2024-08-01,75.22134659,74.154679924,75.488013256,73.154679925,19.905,0.00283,9309438,702964012.0,-0.5365189689067753,74.554679924
HK.01211,比亚迪股份,2024-08-02,73.154679925,71.621346593,73.354679925,70.421346594,19.238,0.00654,21540660,1569579652.0,-3.416282470096807,74.154679924
HK.01211,比亚迪股份,2024-08-05,70.221346595,70.354679928,72.088013259,69.554679929,18.904,0.00625,20588601,1482398843.0,-1.7685602481031844,71.621346593
HK.01211,比亚迪股份,2024-08-06,70.354679928,68.888013263,70.888013261,68.288013263,18.518,0.00701,23102133,1628886748.0,-2.0846753428499105,70.354679928
HK.01211,比亚迪股份,2024-08-07,68.221346597,68.954679929,69.154679929,67.488013264,18.536,0.0071,23389695,1633493506.0,0.096775422663838,68.888013263
HK.01211,比亚迪股份,2024-08-08,67.821346597,67.75467993,68.821346596,66.154679932,18.22,0.00718,23662164,1625548208.0,-1.7402734669142017,68.954679929
HK.01211,比亚迪股份,2024-08-09,68.55467993,69.954679928,71.421346593,68.55467993,18.799,0.00592,19490184,1396873820.0,3.2470081775501205,67.75467993
HK.01211,比亚迪股份,2024-08-12,70.088013261,69.754679928,70.821346594,69.621346595,18.746,0.00212,6992034,500067499.0,-0.2858993854390448,69.954679928
HK.01211,比亚迪股份,2024-08-13,69.754679928,69.554679929,69.954679928,68.621346596,18.694,0.00341,11224554,794344058.0,-0.2867191121892279,69.754679928
HK.01211,比亚迪股份,2024-08-14,69.554679929,69.354679929,70.354679928,68.754679929,18.641,0.00276,9094317,643338918.0,-0.2875435559536163,69.554679929
HK.01211,比亚迪股份,2024-08-15,69.221346596,70.088013261,71.421346593,68.288013263,18.834,0.00365,12035526,863265979.0,1.057366759893826,69.354679929
HK.01211,比亚迪股份,2024-08-16,71.154679927,72.021346593,72.754679925,71.154679927,19.343,0.00543,17880021,1314962066.0,2.7584364887052573,70.088013261
HK.01211,比亚迪股份,2024-08-19,72.754679925,72.354679926,74.154679924,72.354679926,19.431,0.00257,8462898,631171177.0,0.4628257437113743,72.021346593
HK.01211,比亚迪股份,2024-08-20,72.888013259,73.488013258,73.888013258,72.888013259,19.729,0.00371,12219348,914152607.0,1.5663580201848686,72.354679926
HK.01211,比亚迪股份,2024-08-21,72.488013259,73.621346591,74.42134659,71.68801326,19.764,0.00249,8198847,614024913.0,0.1814354846305432,73.488013258
HK.01211,比亚迪股份,2024-08-22,73.621346591,74.42134659,74.488013257,73.154679925,19.975,0.00313,10306254,778021339.0,1.0866413561332378,73.621346591
HK.01211,比亚迪股份,2024-08-23,73.554679925,73.954679924,74.154679924,72.821346592,19.852,0.00282,9272916,696771641.0,-0.6270602285268254,74.42134659
HK.01211,比亚迪股份,2024-08-26,74.021346591,74.82134659,75.088013256,74.021346591,20.08,0.00243,7995723,608886521.0,1.171888874227616,73.954679924
HK.01211,比亚迪股份,2024-08-27,74.154679924,75.288013256,75.288013256,73.621346591,20.203,0.00315,10374870,791003688.0,0.6237079219613584,74.82134659
HK.01211,比亚迪股份,2024-08-28,75.02134659,73.888013258,75.22134659,72.888013259,19.835,0.00442,14543409,1092588852.0,-1.8595257564303265,75.288013256
HK.01211,比亚迪股份,2024-08-29,72.488013259,74.42134659,74.688013257,70.888013261,19.975,0.00904,29767971,2214192385.0,0.7218130634230485,73.888013258
HK.01211,比亚迪股份,2024-08-30,75.288013256,78.954679919,79.821346585,75.154679923,21.169,0.0135,44454324,3557943115.0,6.091442222854304,74.42134659
HK.01211,比亚迪股份,2024-09-02,78.488013253,76.888013255,78.688013253,76.421346588,20.624,0.00413,13592280,1067607167.0,-2.617535358410926,78.954679919
HK.01211,比亚迪股份,2024-09-03,76.488013255,77.088013254,77.488013254,76.221346589,20.677,0.00284,9359805,733650987.0,0.2601185679446506,76.888013255
HK.01211,比亚迪股份,2024-09-04,76.688013255,76.821346588,77.488013254,75.821346589,20.607,0.00346,11397873,889870069.0,-0.3459249431184025,77.088013254
HK.01211,比亚迪股份,2024-09-05,76.888013255,77.621346587,78.488013253,76.888013255,20.817,0.00462,15207348,1203665710.0,1.0413772141882411,76.821346588
HK.01211,比亚迪股份,2024-09-09,76.888013255,76.888013255,78.421346586,76.154679922,20.624,0.00474,15626667,1226005063.0,-0.9447572919622852,77.621346587
HK.01211,比亚迪股份,2024-09-10,76.954679921,77.288013254,77.821346587,76.421346588,20.73,0.00326,10730919,844490433.0,0.520237137189899,76.888013255
HK.01211,比亚迪股份,2024-09-11,77.221346588,78.621346586,79.554679919,76.421346588,21.081,0.00712,23467785,1883283037.0,1.7251489278397112,77.288013254
HK.01211,比亚迪股份,2024-09-12,78.688013253,78.15467992,79.154679919,78.15467992,20.958,0.00348,11471163,917950356.0,-0.5935622909861142,78.621346586
HK.01211,比亚迪股份,2024-09-13,78.55467992,78.488013253,79.088013252,78.088013253,21.046,0.00312,10264068,821314384.0,0.4265046358595575,78.15467992
HK.01211,比亚迪股份,2024-09-16,77.554679921,78.55467992,78.754679919,77.421346587,21.063,0.00174,5724408,455892935.0,0.0849386603596371,78.488013253
HK.01211,比亚迪股份,2024-09-17,78.55467992,79.488013252,80.021346585,78.288013253,21.309,0.00375,12346119,999049915.0,1.1881320539406557,78.55467992
HK.01211,比亚迪股份,2024-09-19,79.488013252,80.221346585,80.554679918,78.488013253,21.502,0.00731,24088584,1957817445.0,0.9225709676188856,79.488013252
HK.01211,比亚迪股份,2024-09-20,80.088013251,80.288013251,81.68801325,79.421346585,21.52,0.01162,38277597,3128939842.0,0.083103399329443,80.221346585
HK.01211,比亚迪股份,2024-09-23,80.088013251,78.688013253,80.488013251,78.421346586,21.098,0.00541,17825694,1438019367.0,-1.992825495629104,80.288013251
HK.01211,比亚迪股份,2024-09-24,79.754679918,81.48801325,81.48801325,78.888013253,21.836,0.00975,32110827,2636964524.0,3.558356452586189,78.688013253
HK.01211,比亚迪股份,2024-09-25,82.354679916,82.488013249,84.42134658,81.954679916,22.099,0.01105,36407556,3078587131.0,1.2271743525419805,81.48801325
HK.01211,比亚迪股份,2024-09-26,83.554679915,85.354679913,85.554679913,82.621346582,22.854,0.01252,41239419,3531272514.0,3.47525240466953,82.488013249
HK.01211,比亚迪股份,2024-09-27,87.75467991,90.488013241,92.354679906,86.221346579,24.205,0.01747,57560766,5227938075.0,6.014120530042748,85.354679913
HK.01211,比亚迪股份,2024-09-30,92.688013239,93.154679905,95.154679903,91.68801324,24.907,0.01663,54785163,5207389028.0,2.946983327943957,90.488013241
HK.01211,比亚迪股份,2024-10-02,95.22134657,98.3546799,100.754679897,94.488013237,26.276,0.01822,60031590,5941623111.0,5.582113534503051,93.154679905
HK.01211,比亚迪股份,2024-10-03,98.5546799,98.221346567,99.221346566,93.888013238,26.241,0.01114,36694653,3610015998.0,-0.1355637913066869,98.3546799
HK.01211,比亚迪股份,2024-10-04,98.221346567,100.421346564,100.754679897,97.9546799,26.821,0.00975,32110788,3248296371.0,2.239838969728759,98.221346567
HK.01211,比亚迪股份,2024-10-07,101.88801323,105.088013226,105.488013226,101.48801323,28.049,0.01374,45270111,4777181840.0,4.647086323450027,100.421346564
HK.01211,比亚迪股份,2024-10-08,103.621346561,95.554679903,105.088013226,93.954679904,25.539,0.01707,56222493,5615276972.0,-9.071760927193312,105.088013226
HK.01211,比亚迪股份,2024-10-09,97.488013234,93.954679904,99.154679899,91.754679906,25.118,0.01229,40485723,3920997240.0,-1.6744339477921872,95.554679903
HK.01211,比亚迪股份,2024-10-10,96.821346568,98.1546799,99.554679899,96.088013235,26.224,0.00896,29508426,2936574320.0,4.470240333202597,93.954679904
HK.01211,比亚迪股份,2024-10-14,96.888013235,94.554679904,97.088013234,92.954679905,25.276,0.0091,29976549,2886507922.0,-3.6676804403699226,98.1546799
HK.01211,比亚迪股份,2024-10-15,93.154679905,90.421346574,94.354679904,88.888013243,24.188,0.00821,27057885,2508949542.0,-4.371368328036764,94.554679904
HK.01211,比亚迪股份,2024-10-16,88.088013243,88.754679909,89.754679908,87.088013244,23.749,0.00641,21122643,1900262654.0,-1.8432225665164248,90.421346574
HK.01211,比亚迪股份,2024-10-17,89.621346575,88.754679909,92.354679906,87.95467991,23.749,0.00413,13598160,1243152468.0,0.0,88.754679909
HK.01211,比亚迪股份,2024-10-18,89.088013242,94.221346571,95.154679903,89.088013242,25.188,0.00847,27900942,2628954943.0,6.159299619586209,88.754679909
HK.01211,比亚迪股份,2024-10-21,94.354679904,94.354679904,96.154679902,93.888013238,25.223,0.00469,15435513,1484350558.0,0.1415107487341239,94.221346571
HK.01211,比亚迪股份,2024-10-22,94.021346571,93.421346571,95.554679903,92.954679905,24.978,0.00378,12464583,1188818928.0,-0.9891754536707684,94.354679904
HK.01211,比亚迪股份,2024-10-23,93.421346571,94.954679903,96.688013235,92.688013239,25.381,0.00371,12208107,1178053918.0,1.64130938835769,93.421346571
HK.01211,比亚迪股份,2024-10-24,94.088013237,93.821346571,95.02134657,93.554679905,25.083,0.00242,7987269,763633051.0,-1.1935518430031438,94.954679903
HK.01211,比亚迪股份,2024-10-25,93.954679904,96.088013235,97.7546799,93.621346571,25.68,0.0043,14163579,1380213965.0,2.4159391725258197,93.821346571
HK.01211,比亚迪股份,2024-10-28,97.421346567,96.754679901,97.621346567,94.688013237,25.855,0.00559,18398595,1801583388.0,0.693808357104385,96.088013235
HK.01211,比亚迪股份,2024-10-29,97.688013234,97.554679901,98.488013233,96.354679902,26.066,0.00472,15547425,1536513612.0,0.8268333901973136,96.754679901
HK.01211,比亚迪股份,2024-10-30,96.221346569,96.888013235,97.821346567,95.888013236,25.89,0.00483,15894450,1562488311.0,-0.6833774316891217,97.554679901
HK.01211,比亚迪股份,2024-10-31,95.754679902,92.354679906,96.421346568,91.421346573,24.697,0.01035,34100730,3217024286.0,-4.678941365021584,96.888013235
HK.01211,比亚迪股份,2024-11-01,92.354679906,91.08801324,92.954679905,90.088013241,24.363,0.00557,18332250,1700188631.0,-1.37152407142685,92.354679906
HK.01211,比亚迪股份,2024-11-04,91.954679906,94.354679904,96.288013235,91.954679906,25.223,0.00654,21543375,2073438966.0,3.586275018857793,91.08801324
HK.01211,比亚迪股份,2024-11-05,93.354679905,96.621346568,96.688013235,93.354679905,25.82,0.00506,16669221,1620080802.0,2.4022832426607827,94.354679904
HK.01211,比亚迪股份,2024-11-06,96.621346568,92.888013239,96.954679901,92.088013239,24.837,0.00707,23289606,2210488989.0,-3.863880458727167,96.621346568
HK.01211,比亚迪股份,2024-11-07,90.288013241,92.021346573,92.221346573,89.288013242,24.609,0.00705,23227941,2148710100.0,-0.9330231488212316,92.888013239
HK.01211,比亚迪股份,2024-11-08,94.954679903,91.48801324,95.554679903,91.08801324,24.469,0.00524,17265267,1626803418.0,-0.5795756668013018,92.021346573
HK.01211,比亚迪股份,2024-11-11,90.088013241,90.821346574,90.954679907,89.021346576,24.293,0.00423,13942515,1277359456.0,-0.728692910022141,91.48801324
HK.01211,比亚迪股份,2024-11-12,91.421346573,89.888013242,93.888013238,89.221346576,24.047,0.00742,24441138,2262870788.0,-1.0276585485765026,90.821346574
HK.01211,比亚迪股份,2024-11-13,88.021346577,90.221346575,90.488013241,87.888013244,24.135,0.00427,14061921,1275338940.0,0.3708317950053983,89.888013242
HK.01211,比亚迪股份,2024-11-14,90.821346574,87.154679911,90.821346574,86.888013245,23.328,0.00599,19737132,1767070288.0,-3.399047764655907,90.221346575
HK.01211,比亚迪股份,2024-11-15,87.354679911,86.554679912,87.95467991,85.554679913,23.17,0.00474,15622581,1377645519.0,-0.6884311887929697,87.154679911
HK.01211,比亚迪股份,2024-11-18,87.088013244,87.621346577,88.954679909,86.154679912,23.45,0.00283,9320157,830990521.0,1.2323616309187186,86.554679912
HK.01211,比亚迪股份,2024-11-19,88.088013243,88.088013243,89.088013242,86.421346578,23.573,0.00316,10403580,928765442.0,0.5325947206140128,87.621346577
HK.01211,比亚迪股份,2024-11-20,87.821346577,87.021346578,88.55467991,86.554679912,23.292,0.0033,10865217,963076707.0,-1.2109101178811787,88.088013243
HK.01211,比亚迪股份,2024-11-21,87.021346578,86.821346578,87.421346577,85.954679912,23.24,0.00303,9982347,880676992.0,-0.2298286660282101,87.021346578
HK.01211,比亚迪股份,2024-11-22,87.221346578,84.754679913,87.621346577,84.288013247,22.696,0.00496,16351209,1420879595.0,-2.3803669793848603,86.821346578
HK.01211,比亚迪股份,2024-11-25,86.088013245,85.088013246,87.621346577,84.754679913,22.783,0.00622,20482077,1785764658.0,0.3932919495916482,84.754679913
HK.01211,比亚迪股份,2024-11-26,83.821346581,84.221346581,84.888013247,83.288013248,22.555,0.00451,14860344,1272972926.0,-1.018553180333822,85.088013246
HK.01211,比亚迪股份,2024-11-27,82.888013249,84.888013247,85.088013246,82.088013249,22.731,0.0056,18448212,1565594069.0,0.7915649571796265,84.221346581
HK.01211,比亚迪股份,2024-11-28,84.688013247,82.621346582,84.688013247,81.354679917,22.134,0.00621,20456004,1714470282.0,-2.6701846094626416,84.888013247
HK.01211,比亚迪股份,2024-11-29,82.021346583,83.088013248,83.488013248,81.754679916,22.257,0.00355,11705064,985266780.0,0.564825780873515,82.621346582
HK.01211,比亚迪股份,2024-12-02,83.888013248,85.154679913,86.554679912,83.221346582,22.801,0.0049,16126188,1398851506.0,2.487322279365906,83.088013248
HK.01211,比亚迪股份,2024-12-03,86.888013245,86.021346579,86.888013245,85.154679913,23.029,0.00442,14545425,1271297281.0,1.0177557673699766,85.154679913
HK.01211,比亚迪股份,2024-12-04,86.021346579,85.354679913,86.421346578,84.688013247,22.854,0.00295,9702939,843735263.0,-0.7750014298924587,86.021346579
HK.01211,比亚迪股份,2024-12-05,84.288013247,83.821346581,84.554679914,82.754679915,22.45,0.00495,16307934,1385586956.0,-1.7964256131742142,85.354679913
HK.01211,比亚迪股份,2024-12-06,83.888013248,87.221346578,87.554679911,83.821346581,23.345,0.00619,20386275,1792614892.0,4.056245975140039,83.821346581
HK.01211,比亚迪股份,2024-12-09,86.888013245,89.821346575,90.088013241,86.488013245,24.03,0.00495,16295874,1459937076.0,2.9809216424730307,87.221346578
HK.01211,比亚迪股份,2024-12-10,94.154679904,89.354679909,94.154679904,89.088013242,23.907,0.00985,32459640,3014157322.0,-0.5195498439898656,89.821346575
HK.01211,比亚迪股份,2024-12-11,89.621346575,89.688013242,91.08801324,88.821346576,23.995,0.0051,16788003,1533955739.0,0.3730451872688368,89.354679909
HK.01211,比亚迪股份,2024-12-12,89.354679909,91.88801324,92.354679906,89.154679909,24.574,0.00602,19817526,1840191645.0,2.4529476331066413,89.688013242
HK.01211,比亚迪股份,2024-12-13,91.88801324,88.088013243,91.88801324,87.888013244,23.573,0.00448,14769693,1332997409.0,-4.1354686677955215,91.88801324
HK.01211,比亚迪股份,2024-12-16,87.088013244,85.954679912,88.488013243,85.821346579,23.012,0.00483,15923058,1400239239.0,-2.4218202368975894,88.088013243
HK.01211,比亚迪股份,2024-12-17,85.754679912,87.421346577,89.288013242,85.754679912,23.398,0.00462,15230553,1355945013.0,1.7063255502801682,85.954679912
HK.01211,比亚迪股份,2024-12-18,88.954679909,88.488013243,89.088013242,87.75467991,23.679,0.003,9890907,890868373.0,1.2201444015283982,87.421346577
HK.01211,比亚迪股份,2024-12-19,87.288013244,88.088013243,88.488013243,86.288013245,23.573,0.00293,9663348,861470812.0,-0.4520386268607225,88.488013243
HK.01211,比亚迪股份,2024-12-20,87.554679911,87.554679911,88.754679909,87.221346578,23.433,0.00436,14362809,1280581151.0,-0.6054550583729893,88.088013243
HK.01211,比亚迪股份,2024-12-23,87.554679911,88.421346576,89.021346576,86.354679912,23.661,0.00432,14243589,1273765338.0,0.9898576134148218,87.554679911
HK.01211,比亚迪股份,2024-12-24,87.288013244,89.821346575,91.154679907,87.288013244,24.03,0.00299,9835254,901158430.0,1.5833280686317897,88.421346576
HK.01211,比亚迪股份,2024-12-27,89.821346575,89.754679908,91.021346574,89.354679909,24.012,0.00253,8339547,762548801.0,-0.0742214067614103,89.821346575
HK.01211,比亚迪股份,2024-12-30,89.554679909,87.95467991,90.088013241,87.088013244,23.538,0.00426,14031534,1257517690.0,-2.005466455726914,89.754679908
HK.01211,比亚迪股份,2024-12-31,87.221346578,87.421346577,88.55467991,86.621346578,23.398,0.00233,7690809,683332717.0,-0.606372888339469,87.95467991
HK.01211,比亚迪股份,2025-01-02,86.754679911,84.62134658,86.821346578,83.554679915,22.661,0.00505,16646361,1433228799.0,-3.202879052582179,87.421346577
HK.01211,比亚迪股份,2025-01-03,84.62134658,84.554679914,85.22134658,82.354679916,22.643,0.00447,14709105,1257382709.0,-0.0787823270301698,84.62134658
HK.01211,比亚迪股份,2025-01-06,85.421346579,84.088013247,85.421346579,83.354679915,22.52,0.00436,14350971,1228369594.0,-0.5519111035304514,84.554679914
HK.01211,比亚迪股份,2025-01-07,84.221346581,84.954679913,85.821346579,83.421346581,22.748,0.00453,14935326,1287295620.0,1.03066612295174,84.088013247
HK.01211,比亚迪股份,2025-01-08,85.088013246,83.354679915,85.088013246,82.088013249,22.327,0.00546,18000651,1522896221.0,-1.8833571024439408,84.954679913
HK.01211,比亚迪股份,2025-01-09,84.021346581,83.821346581,84.488013247,83.021346582,22.45,0.00346,11389764,971126743.0,0.5598565869077451,83.354679915
HK.01211,比亚迪股份,2025-01-10,83.821346581,82.354679916,84.288013247,81.88801325,22.064,0.00462,15212115,1278426233.0,-1.7497531653022362,83.821346581
HK.01211,比亚迪股份,2025-01-13,81.621346583,81.621346583,81.88801325,80.354679918,21.871,0.00447,14725170,1218973331.0,-0.8904573896079429,82.354679916
HK.01211,比亚迪股份,2025-01-14,81.954679916,84.221346581,85.22134658,81.554679917,22.555,0.00521,17160240,1463006332.0,3.185441195038463,81.621346583
HK.01211,比亚迪股份,2025-01-15,84.088013247,84.82134658,84.888013247,83.688013248,22.713,0.00302,9954351,855267780.0,0.7124084609867165,84.221346581
HK.01211,比亚迪股份,2025-01-16,85.488013246,85.554679913,86.221346579,84.354679914,22.906,0.00337,11086203,961197283.0,0.8645622388325971,84.82134658
HK.01211,比亚迪股份,2025-01-17,86.221346579,86.488013245,86.754679911,85.22134658,23.152,0.00335,11022894,966013747.0,1.090920254682858,85.554679913
HK.01211,比亚迪股份,2025-01-20,88.221346577,90.221346575,91.354679907,87.488013244,24.135,0.01039,34218873,3133702775.0,4.316590461413822,86.488013245
HK.01211,比亚迪股份,2025-01-21,91.554679907,91.754679906,92.554679906,90.821346574,24.539,0.0057,18760554,1747251568.0,1.69952388121958,90.221346575
HK.01211,比亚迪股份,2025-01-22,90.621346574,90.754679907,91.621346573,89.488013242,24.275,0.00516,17000793,1567250613.0,-1.0898626642526368,91.754679906
HK.01211,比亚迪股份,2025-01-23,90.688013241,88.754679909,91.421346573,88.221346577,23.749,0.00475,15630906,1417036222.0,-2.2037431017876696,90.754679907
HK.01211,比亚迪股份,2025-01-24,89.954679908,90.021346575,90.554679908,88.421346576,24.082,0.00318,10478502,955499951.0,1.427154790371283,88.754679909
HK.01211,比亚迪股份,2025-01-27,90.088013241,90.154679908,90.488013241,89.488013242,24.117,0.00265,8714139,796617888.0,0.1481130177151098,90.021346575
HK.01211,比亚迪股份,2025-01-28,90.554679908,89.554679909,90.888013241,88.621346576,23.959,0.0018,5916510,537385562.0,-0.6655228542902996,90.154679908
HK.01211,比亚迪股份,2025-02-03,89.088013242,90.088013241,90.221346575,87.221346578,24.1,0.00467,15380313,1390892086.0,0.595539320269961,89.554679909
HK.01211,比亚迪股份,2025-02-04,91.021346574,93.954679904,94.088013237,90.621346574,25.118,0.0066,21732915,2053055432.0,4.292098941793783,90.088013241
HK.01211,比亚迪股份,2025-02-05,94.088013237,92.954679905,94.088013237,91.08801324,24.855,0.00658,21677049,2041078538.0,-1.064342936426121,93.954679904
HK.01211,比亚迪股份,2025-02-06,93.221346572,103.821346561,104.021346561,91.554679907,27.716,0.01705,56146854,5672306594.0,11.690284628063656,92.954679905
HK.01211,比亚迪股份,2025-02-07,104.021346561,108.55467989,109.354679889,103.888013228,28.962,0.02547,83910612,9133846863.0,4.559113790937921,103.821346561
HK.01211,比亚迪股份,2025-02-10,108.55467989,108.621346556,109.221346556,106.888013225,28.98,0.01184,39002466,4273238802.0,0.0614129819806548,108.55467989
HK.01211,比亚迪股份,2025-02-11,113.088013218,107.821346557,113.554679885,107.221346558,28.769,0.01698,55929270,6222116306.0,-0.736503481465833,108.621346556
HK.01211,比亚迪股份,2025-02-12,108.55467989,115.888013216,116.621346548,107.688013224,30.893,0.02102,69228855,7999197654.0,7.481511701150518,107.821346557
HK.01211,比亚迪股份,2025-02-13,115.22134655,111.554679887,116.621346548,111.28801322,29.752,0.01701,56034525,6495484079.0,-3.7392420568322584,115.888013216
HK.01211,比亚迪股份,2025-02-14,113.821346551,119.954679878,120.688013211,113.554679885,31.964,0.01626,53556258,6399388328.0,7.529939577173113,111.554679887
HK.01211,比亚迪股份,2025-02-17,120.554679878,116.954679881,122.688013209,113.821346551,31.174,0.01667,54901902,6512571944.0,-2.5009445234242977,119.954679878
HK.01211,比亚迪股份,2025-02-18,119.888013212,120.421346544,122.421346542,118.35467988,32.087,0.01421,46797927,5689677947.0,2.964111112549998,116.954679881
HK.01211,比亚迪股份,2025-02-19,120.421346544,121.28801321,121.821346543,119.154679879,32.315,0.00789,26004177,3179126618.0,0.7196952125787222,120.421346544
HK.01211,比亚迪股份,2025-02-20,123.554679875,123.554679875,125.554679873,120.754679877,32.912,0.01374,45274167,5655898286.0,1.8688299074331935,121.28801321
HK.01211,比亚迪股份,2025-02-21,126.221346539,129.354679869,131.421346533,124.954679873,34.439,0.01727,56892996,7430151941.0,4.694277869416065,123.554679875
HK.01211,比亚迪股份,2025-02-24,130.421346534,128.221346537,132.754679865,127.821346537,34.14,0.01009,33240933,4371174287.0,-0.8761440507198929,129.354679869
HK.01211,比亚迪股份,2025-02-25,126.154679872,127.621346537,129.954679868,123.221346542,33.982,0.01154,38022849,4892545934.0,-0.4679408040897903,128.221346537
HK.01211,比亚迪股份,2025-02-26,126.421346538,128.488013203,129.821346535,124.888013207,34.21,0.00939,30931911,3995532052.0,0.679092243983455,127.621346537
HK.01211,比亚迪股份,2025-02-27,134.82134653,131.421346533,134.82134653,127.488013204,34.983,0.0173,56974608,7549785981.0,2.2829626335380935,128.488013203
HK.01211,比亚迪股份,2025-02-28,128.754679869,122.421346542,131.154679867,119.821346545,32.613,0.01946,64117239,8010690265.0,-6.848202539714573,131.421346533
HK.01211,比亚迪股份,2025-03-03,123.954679874,119.754679878,124.954679873,118.488013213,31.911,0.01202,39584634,4845389695.0,-2.1782693454405986,122.421346542
HK.01211,比亚迪股份,2025-03-04,110.621346554,111.554679887,112.821346552,109.888013222,29.752,0.04672,153895425,17326751055.0,-6.84733156094922,119.754679878
HK.01211,比亚迪股份,2025-03-05,112.688013219,114.954679883,115.888013216,111.28801322,30.647,0.01904,62729145,7214926118.0,3.047832685678487,111.554679887
HK.01211,比亚迪股份,2025-03-06,118.621346546,119.088013212,119.821346545,116.888013215,31.736,0.02196,72331323,8692109809.0,3.5956198853381913,114.954679883
HK.01211,比亚迪股份,2025-03-07,119.088013212,116.954679881,119.688013212,116.154679882,31.174,0.01208,39776103,4739711723.0,-1.7913921590095312,119.088013212
HK.01211,比亚迪股份,2025-03-10,116.954679881,113.754679884,117.821346547,112.354679886,30.331,0.00985,32430651,3758016263.0,-2.7361025657596327,116.954679881
HK.01211,比亚迪股份,2025-03-11,111.88801322,115.288013216,116.088013215,111.221346554,32.104,0.00892,32839194,3792253242.0,1.347929890500854,113.754679884
HK.01211,比亚迪股份,2025-03-12,117.221346548,116.888013215,120.821346544,115.288013216,32.544,0.01334,49123524,5879661312.0,1.3878285819726075,115.288013216
HK.01211,比亚迪股份,2025-03-13,118.288013213,118.821346546,120.288013211,117.288013214,33.076,0.00966,35582484,4272429382.0,1.654004784428913,116.888013215
HK.01211,比亚迪股份,2025-03-14,120.154679878,127.154679871,127.154679871,120.088013211,35.368,0.02517,92718177,11761614960.0,7.013330152569737,118.821346546
HK.01211,比亚迪股份,2025-03-17,131.8880132,127.088013204,131.8880132,126.021346539,35.35,0.01617,59575509,7736212845.0,-0.0524295818821822,127.154679871
HK.01211,比亚迪股份,2025-03-18,134.82134653,132.354679866,134.82134653,129.754679868,36.798,0.01485,54694713,7291443576.0,4.144109683692991,127.088013204
HK.01211,比亚迪股份,2025-03-19,134.554679864,137.554679861,138.021346527,132.354679866,38.228,0.01534,56491482,7761218074.0,3.9288372728978342,132.354679866
HK.01211,比亚迪股份,2025-03-20,140.554679858,139.954679858,140.754679857,137.554679861,38.888,0.0159,58552077,8242122388.0,1.7447607012899873,137.554679861
HK.01211,比亚迪股份,2025-03-21,136.221346529,129.088013202,136.821346528,126.554679872,35.9,0.02193,80770296,10665416817.0,-7.764418215257576,139.954679858
HK.01211,比亚迪股份,2025-03-24,131.821346533,133.021346532,133.488013198,126.754679871,36.982,0.01323,48731643,6412401844.0,3.0470167077751893,129.088013202
HK.01211,比亚迪股份,2025-03-25,132.888013199,128.288013203,132.888013199,127.421346537,27.209,0.0126,46411830,6068132404.0,-3.558326127650001,133.021346532
HK.01211,比亚迪股份,2025-03-26,128.55467987,131.354679867,132.354679866,128.55467987,27.852,0.01014,37342161,4936401901.0,2.390454561914037,128.288013203
HK.01211,比亚迪股份,2025-03-27,132.554679866,134.354679864,136.221346529,129.954679868,28.481,0.01095,40325784,5446752111.0,2.283892739899013,131.354679867
HK.01211,比亚迪股份,2025-03-28,134.62134653,134.154679864,136.688013195,132.088013199,28.439,0.01019,37537407,5092180606.0,-0.1488597198120957,134.354679864
HK.01211,比亚迪股份,2025-03-31,132.754679865,129.488013202,134.688013197,127.821346537,27.46,0.0129,47513913,6279514067.0,-3.478571650821923,134.154679864
HK.01211,比亚迪股份,2025-04-01,129.688013202,127.288013204,131.0880132,126.954679871,26.999,0.00815,30025515,3883102808.0,-1.6989989602883302,129.488013202
HK.01211,比亚迪股份,2025-04-02,127.288013204,125.688013206,127.554679871,123.954679874,26.663,0.00801,29500992,3748464905.0,-1.256991886137572,127.288013204
HK.01211,比亚迪股份,2025-04-03,123.754679874,123.488013208,124.954679873,121.354679877,26.202,0.00811,29867415,3714219538.0,-1.7503658001135256,125.688013206
HK.01211,比亚迪股份,2025-04-07,106.888013225,103.621346561,111.821346553,102.621346562,22.035,0.02977,109650729,11816747364.0,-16.087931233889968,123.488013208
HK.01211,比亚迪股份,2025-04-08,107.821346557,108.688013223,111.821346553,104.354679894,23.098,0.02328,85734000,9339122824.0,4.889597394893289,103.621346561
HK.01211,比亚迪股份,2025-04-09,105.421346559,110.288013221,110.754679887,101.821346563,23.434,0.01608,59222271,6408714164.0,1.4721034551595038,108.688013223
HK.01211,比亚迪股份,2025-04-10,113.954679884,113.288013218,118.35467988,112.354679886,24.063,0.01456,53631939,6234359017.0,2.7201505488982476,110.288013221
HK.01211,比亚迪股份,2025-04-11,113.621346551,121.48801321,122.221346543,113.621346551,25.782,0.01509,55581147,6681254650.0,7.238188541819293,113.288013218
HK.01211,比亚迪股份,2025-04-14,126.554679872,123.888013208,126.554679872,122.421346542,26.286,0.00997,36726426,4601615059.0,1.975503537004462,121.48801321
HK.01211,比亚迪股份,2025-04-15,129.554679869,123.688013208,129.554679869,121.621346543,26.244,0.00808,29770680,3734025486.0,-0.1614361186535582,123.888013208
HK.01211,比亚迪股份,2025-04-16,123.688013208,119.821346545,123.688013208,117.95467988,25.433,0.00753,27754119,3366638123.0,-3.1261450181899373,123.688013208
HK.01211,比亚迪股份,2025-04-17,118.55467988,120.554679878,121.28801321,118.021346547,25.587,0.00392,14434737,1750984649.0,0.6120222766187947,119.821346545
HK.01211,比亚迪股份,2025-04-22,120.554679878,123.821346541,123.821346541,119.554679879,26.272,0.00834,30701319,3787136457.0,2.709697098698969,120.554679878
HK.01211,比亚迪股份,2025-04-23,131.554679867,128.688013203,131.554679867,127.154679871,27.293,0.01225,45103734,5890713911.0,3.9303939086048776,123.821346541
HK.01211,比亚迪股份,2025-04-24,130.621346534,128.688013203,130.621346534,125.688013206,27.293,0.00844,31099782,4034619301.0,0.0,128.688013203
HK.01211,比亚迪股份,2025-04-25,129.954679868,130.888013201,132.221346533,128.55467987,27.754,0.01132,41680098,5505241405.0,1.7095609320889902,128.688013203
HK.01211,比亚迪股份,2025-04-28,130.888013201,125.621346539,130.888013201,123.221346542,26.649,0.01148,42301950,5364604969.0,-4.0237960170670295,130.888013201
HK.01211,比亚迪股份,2025-04-29,125.621346539,122.354679876,125.888013206,121.421346543,25.964,0.01013,37309344,4647101738.0,-2.6004072978041486,125.621346539
HK.01211,比亚迪股份,2025-04-30,122.488013209,121.954679876,123.288013208,120.021346545,25.88,0.00844,31079235,3833007620.0,-0.3269184312405414,122.354679876
HK.01211,比亚迪股份,2025-05-02,124.154679874,126.021346539,126.088013205,120.754679877,26.733,0.00674,24812946,3120157691.0,3.334572045234243,121.954679876
HK.01211,比亚迪股份,2025-05-06,127.354679871,126.821346538,127.421346537,124.888013207,26.901,0.00835,30742893,3934741859.0,0.6348130860135004,126.021346539
HK.01211,比亚迪股份,2025-05-07,130.221346535,126.688013205,130.221346535,125.954679872,26.873,0.00693,25535952,3294852593.0,-0.1051347715820417,126.821346538
HK.01211,比亚迪股份,2025-05-08,125.888013206,127.154679871,127.888013204,125.02134654,26.971,0.00613,22566177,2892501979.0,0.3683589742976384,126.688013205
HK.01211,比亚迪股份,2025-05-09,127.888013204,127.554679871,129.154679869,126.354679872,27.055,0.00604,22233231,2869262325.0,0.3145774897202452,127.154679871
HK.01211,比亚迪股份,2025-05-12,129.221346536,137.088013194,137.821346527,127.688013204,29.054,0.01288,47450982,6385539265.0,7.473918897088969,127.554679871
HK.01211,比亚迪股份,2025-05-13,137.888013194,130.488013201,137.888013194,130.021346535,27.67,0.00957,35245446,4736206155.0,-4.814425301838773,137.088013194
HK.01211,比亚迪股份,2025-05-14,132.221346533,136.754679861,137.154679861,131.021346534,28.984,0.00735,27061623,3682064835.0,4.802484539592924,130.488013201
HK.01211,比亚迪股份,2025-05-15,136.688013195,138.688013193,142.288013189,134.688013197,29.39,0.0112,41266929,5796243430.0,1.413723708735281,136.754679861
HK.01211,比亚迪股份,2025-05-16,137.421346527,143.288013188,144.088013187,137.421346527,30.355,0.01152,42442647,6081759784.0,3.3167970966593923,138.688013193
HK.01211,比亚迪股份,2025-05-19,143.288013188,143.154679855,143.821346521,139.821346525,30.327,0.00808,29765577,4275546623.0,-0.093052677634002,143.288013188
HK.01211,比亚迪股份,2025-05-20,141.554679857,146.754679851,148.088013183,141.554679857,31.082,0.00853,31405446,4613603193.0,2.514762353313482,143.154679855
HK.01211,比亚迪股份,2025-05-21,148.488013183,152.754679845,153.488013178,147.354679851,32.34,0.01157,42621954,6523117648.0,4.088455645906356,146.754679851
HK.01211,比亚迪股份,2025-05-22,152.754679845,150.621346514,155.754679842,149.621346515,31.893,0.00817,30111351,4631371927.0,-1.3965747780458704,152.754679845
HK.01211,比亚迪股份,2025-05-23,151.154679847,153.621346511,157.821346507,151.021346514,32.522,0.0081,29839200,4648940843.0,1.9917495537202343,150.621346514
HK.01211,比亚迪股份,2025-05-26,151.821346513,140.288013191,152.888013179,139.154679859,29.725,0.02082,76671750,11048227587.0,-8.67934933706969,153.621346511
HK.01211,比亚迪股份,2025-05-27,137.95467986,137.95467986,139.488013192,134.221346531,29.236,0.01475,54313494,7512456122.0,-1.6632449757651122,140.288013191
HK.01211,比亚迪股份,2025-05-28,137.95467986,134.221346531,138.15467986,133.354679865,28.453,0.00981,36150498,4937515264.0,-2.706202741935749,137.95467986
HK.01211,比亚迪股份,2025-05-29,132.554679866,133.888013198,135.088013196,131.221346534,28.383,0.01114,41034618,5539337815.0,-0.2483459908688945,134.221346531
HK.01211,比亚迪股份,2025-05-30,130.621346534,129.488013202,131.354679867,127.288013204,27.46,0.02011,74067621,9661585402.0,-3.2863285449557673,133.888013198
HK.01211,比亚迪股份,2025-06-02,125.621346539,127.021346538,127.354679871,123.021346542,26.943,0.01137,41894988,5332413147.0,-1.9049382278744305,129.488013202
HK.01211,比亚迪股份,2025-06-03,127.554679871,132.088013199,132.221346533,126.421346538,28.006,0.0142,52297500,6868394470.0,3.988830853311911,127.021346538
HK.01211,比亚迪股份,2025-06-04,134.554679864,133.954679864,135.888013196,132.954679865,28.397,0.01134,41781123,5663529202.0,1.4131991388103924,132.088013199
HK.01211,比亚迪股份,2025-06-05,135.754679862,135.888013196,136.154679862,131.2880132,28.803,0.00976,35955627,4875187279.0,1.4432741983802595,133.954679864
HK.01211,比亚迪股份,2025-06-06,135.888013196,132.888013199,136.021346529,132.154679866,28.173,0.0238,87648522,11828493489.0,-2.2077002426055863,135.888013196
HK.01211,比亚迪股份,2025-06-09,134.154679864,130.754679867,134.154679864,127.888013204,50.132,0.00548,60526335,8007094756.0,-1.6053617483206228,132.888013199
HK.01211,比亚迪股份,2025-06-10,132.4,135.6,136.2,130.1,17.14,0.01076,39625855,5280808119.0,3.7056571420070976,130.754679867
HK.01211,比亚迪股份,2025-06-11,136.9,140.8,143.6,136.3,29.211,0.01371,50503441,7076243240.0,3.834808259587033,135.6
HK.01211,比亚迪股份,2025-06-12,139.6,134.4,139.9,134.2,27.883,0.00926,34098524,4653855780.0,-4.545454545454549,140.8
HK.01211,比亚迪股份,2025-06-13,132.5,131.1,132.9,127.2,27.199,0.01384,50962667,6618508937.0,-2.4553571428571512,134.4
HK.01211,比亚迪股份,2025-06-16,130.0,129.8,131.0,126.8,26.929,0.0065,23950200,3085999849.0,-0.9916094584286674,131.1
HK.01211,比亚迪股份,2025-06-17,128.6,129.0,130.3,127.8,26.763,0.00476,17529977,2255833373.0,-0.616332819722659,129.8
HK.01211,比亚迪股份,2025-06-18,128.4,127.5,130.0,127.1,26.452,0.00425,15640113,2004604700.0,-1.162790697674419,129.0
HK.01211,比亚迪股份,2025-06-19,126.5,124.5,127.2,123.8,25.829,0.00561,20648329,2580690004.0,-2.3529411764705883,127.5
HK.01211,比亚迪股份,2025-06-20,124.0,125.8,126.1,121.7,26.099,0.00582,21435409,2680363649.0,1.044176706827307,124.5
HK.01211,比亚迪股份,2025-06-23,124.4,126.1,126.5,122.4,26.161,0.0039,14350690,1794749284.0,0.2384737678855303,125.8
HK.01211,比亚迪股份,2025-06-24,127.4,130.2,131.3,127.3,27.012,0.00667,24577128,3195159206.0,3.2513877874702573,126.1
HK.01211,比亚迪股份,2025-06-25,133.0,129.9,133.6,129.0,26.95,0.00687,25293815,3328470509.0,-0.2304147465437657,130.2
HK.01211,比亚迪股份,2025-06-26,129.0,125.7,129.2,125.3,26.078,0.00918,33811201,4281592824.0,-3.2332563510392633,129.9
HK.01211,比亚迪股份,2025-06-27,123.0,124.2,124.7,122.6,25.767,0.01104,40657873,5026166597.0,-1.1933174224343674,125.7
HK.01211,比亚迪股份,2025-06-30,123.8,122.5,125.4,122.2,25.414,0.00629,23186063,2865165636.0,-1.3687600644122406,124.2
HK.01211,比亚迪股份,2025-07-02,125.0,122.3,125.8,121.1,25.373,0.00741,27281940,3355704585.0,-0.1632653061224513,122.5
HK.01211,比亚迪股份,2025-07-03,123.0,123.0,123.6,122.2,25.518,0.00465,17122687,2104677005.0,0.5723630417007383,122.3
HK.01211,比亚迪股份,2025-07-04,122.3,121.5,123.3,120.8,25.207,0.0055,20263203,2466347469.0,-1.2195121951219512,123.0
HK.01211,比亚迪股份,2025-07-07,120.2,121.5,123.2,120.2,25.207,0.00467,17193365,2086016367.0,0.0,121.5
HK.01211,比亚迪股份,2025-07-08,121.5,122.7,124.0,120.8,25.456,0.00376,13838177,1692767997.0,0.9876543209876568,121.5
HK.01211,比亚迪股份,2025-07-09,121.8,121.3,122.5,120.4,25.165,0.00419,15436702,1871391657.0,-1.1409942950285294,122.7
HK.01211,比亚迪股份,2025-07-10,121.3,119.5,121.3,116.8,24.792,0.00975,35910836,4256828038.0,-1.4839241549876316,121.3
HK.01211,比亚迪股份,2025-07-11,118.8,120.1,122.0,118.1,24.917,0.00537,19783006,2383859428.0,0.5020920502092002,119.5
HK.01211,比亚迪股份,2025-07-14,120.1,120.4,121.0,119.1,24.979,0.00386,14230919,1708380073.0,0.2497918401332318,120.1
HK.01211,比亚迪股份,2025-07-15,120.7,123.4,123.6,120.1,25.601,0.00708,26090205,3186559548.0,2.491694352159469,120.4
HK.01211,比亚迪股份,2025-07-16,124.0,122.5,125.0,122.3,25.414,0.00533,19614661,2428263566.0,-0.7293354943273951,123.4
HK.01211,比亚迪股份,2025-07-17,123.0,123.8,124.8,122.6,25.684,0.00529,19477455,2414238307.0,1.061224489795916,122.5
HK.01211,比亚迪股份,2025-07-18,125.4,126.4,126.4,124.0,26.224,0.00587,21635637,2715785281.0,2.100161550888537,123.8
HK.01211,比亚迪股份,2025-07-21,127.0,127.7,128.2,125.9,26.493,0.00487,17920034,2276067079.0,1.0284810126582256,126.4
HK.01211,比亚迪股份,2025-07-22,129.0,134.2,134.8,128.2,27.842,0.00995,36660871,4828333447.0,5.09005481597493,127.7
HK.01211,比亚迪股份,2025-07-23,134.8,133.4,134.8,131.5,27.676,0.00721,26556397,3533376027.0,-0.596125186289108,134.2
HK.01211,比亚迪股份,2025-07-24,133.1,132.1,136.3,131.5,27.406,0.0075,27635344,3701647790.0,-0.9745127436281944,133.4
HK.01211,比亚迪股份,2025-07-25,132.0,129.6,132.0,127.7,26.887,0.00713,26270427,3394387056.0,-1.8925056775170328,132.1
HK.01211,比亚迪股份,2025-07-28,129.6,128.1,129.6,127.7,26.576,0.00408,15043124,1931373231.0,-1.1574074074074074,129.6
HK.01211,比亚迪股份,2025-07-29,127.3,128.3,128.3,125.5,26.618,0.00581,21397126,2718009905.0,0.1561280249804973,128.1
HK.01211,比亚迪股份,2025-07-30,122.0,120.9,124.4,120.5,25.082,0.02064,76017822,9307569809.0,-5.767731878409981,128.3
HK.01211,比亚迪股份,2025-07-31,119.0,115.4,119.2,115.4,24.203,0.01687,62122627,7244337216.0,-4.549214226633581,120.9
HK.01211,比亚迪股份,2025-08-01,114.1,116.2,117.6,114.1,24.37,0.0106,39028300,4516801914.0,0.6932409012131691,115.4
HK.01211,比亚迪股份,2025-08-04,112.8,114.5,115.2,111.3,24.014,0.01156,42566291,4839749801.0,-1.4629948364888148,116.2
HK.01211,比亚迪股份,2025-08-05,111.0,112.1,113.8,111.0,23.51,0.01846,68009886,7630759509.0,-2.096069868995638,114.5
HK.01211,比亚迪股份,2025-08-06,111.0,111.6,111.9,110.1,23.406,0.01127,41494511,4604922931.0,-0.4460303300624442,112.1
HK.01211,比亚迪股份,2025-08-07,110.5,112.8,113.9,110.5,23.657,0.00945,34817751,3921004897.0,1.0752688172043037,111.6
HK.01211,比亚迪股份,2025-08-08,111.9,111.2,113.4,110.9,23.322,0.00697,25663397,2870423191.0,-1.4184397163120517,112.8
HK.01211,比亚迪股份,2025-08-11,111.2,111.5,112.7,109.3,23.385,0.00787,28977721,3228268396.0,0.2697841726618679,111.2
HK.01211,比亚迪股份,2025-08-12,110.9,111.3,112.3,110.8,23.343,0.00613,22566164,2516820432.0,-0.1793721973094195,111.5
HK.01211,比亚迪股份,2025-08-13,112.7,115.0,115.6,111.8,24.119,0.01097,40414547,4608373112.0,3.3243486073674777,111.3
HK.01211,比亚迪股份,2025-08-14,116.0,113.8,116.2,113.0,23.867,0.0093,34253977,3904177637.0,-1.0434782608695676,115.0
HK.01211,比亚迪股份,2025-08-15,111.8,112.8,113.0,110.9,23.657,0.00711,26179726,2937036107.0,-0.8787346221441126,113.8
HK.01211,比亚迪股份,2025-08-18,112.5,113.7,117.1,112.5,23.846,0.00761,28016012,3210863568.0,0.797872340425537,112.8
HK.01211,比亚迪股份,2025-08-19,114.2,114.0,115.3,112.8,23.909,0.00531,19568488,2229890114.0,0.2638522427440608,113.7
HK.01211,比亚迪股份,2025-08-20,113.0,113.4,113.8,111.9,23.783,0.00542,19957481,2253139919.0,-0.5263157894736793,114.0
HK.01211,比亚迪股份,2025-08-21,113.0,111.4,113.3,110.9,23.364,0.00766,28209945,3157728340.0,-1.763668430335097,113.4
HK.01211,比亚迪股份,2025-08-22,111.4,114.3,114.4,111.1,23.972,0.00832,30653476,3472988399.0,2.603231597845594,111.4
HK.01211,比亚迪股份,2025-08-25,114.8,115.8,116.9,114.4,24.286,0.00896,32985960,3823302560.0,1.3123359580052494,114.3
HK.01211,比亚迪股份,2025-08-26,115.9,117.6,120.8,115.3,24.664,0.01085,39952279,4737919217.0,1.5544041450777175,115.8
HK.01211,比亚迪股份,2025-08-27,119.0,115.1,119.3,114.8,24.14,0.00832,30644699,3580658050.0,-2.1258503401360542,117.6
HK.01211,比亚迪股份,2025-08-28,113.6,112.0,114.0,111.0,23.489,0.0131,48235207,5413426642.0,-2.693310165073844,115.1
HK.01211,比亚迪股份,2025-08-29,111.4,114.4,117.6,111.2,23.993,0.01275,46979584,5381148292.0,2.142857142857148,112.0
HK.01211,比亚迪股份,2025-09-01,105.2,108.4,109.2,105.2,22.734,0.03061,112757617,12118223479.0,-5.244755244755245,114.4
HK.01211,比亚迪股份,2025-09-02,108.0,110.8,112.2,107.7,23.238,0.01527,56243604,6213173887.0,2.214022140221394,108.4
HK.01211,比亚迪股份,2025-09-03,112.7,108.0,112.7,107.5,22.651,0.01121,41273829,4511894201.0,-2.5270758122743655,110.8
HK.01211,比亚迪股份,2025-09-04,109.8,104.5,110.0,104.3,21.916,0.01733,63818683,6755375627.0,-3.2407407407407405,108.0
HK.01211,比亚迪股份,2025-09-05,104.5,105.6,107.1,104.2,22.147,0.01746,64326956,6797921072.0,1.052631578947363,104.5
HK.01211,比亚迪股份,2025-09-08,104.6,105.6,106.4,104.0,22.147,0.0139,51203814,5389438724.0,0.0,105.6
HK.01211,比亚迪股份,2025-09-09,105.7,105.9,107.2,105.1,22.21,0.00806,29693000,3147263909.0,0.2840909090909198,105.6
HK.01211,比亚迪股份,2025-09-10,106.8,105.6,107.8,105.2,22.147,0.0078,28735255,3050374135.0,-0.2832861189801807,105.9
HK.01211,比亚迪股份,2025-09-11,105.6,105.2,106.9,104.7,22.063,0.00899,33114430,3490311130.0,-0.3787878787878707,105.6
HK.01211,比亚迪股份,2025-09-12,105.7,104.5,106.5,104.5,21.916,0.0087,32036845,3377723997.0,-0.6653992395437289,105.2
HK.01211,比亚迪股份,2025-09-15,103.9,108.1,109.4,102.8,22.671,0.01614,59442230,6395653641.0,3.4449760765550184,104.5
HK.01211,比亚迪股份,2025-09-16,108.3,109.9,110.8,108.3,23.049,0.00926,34109443,3736561570.0,1.665124884366338,108.1
HK.01211,比亚迪股份,2025-09-17,110.3,112.8,114.1,110.0,23.657,0.01491,54922563,6172630123.0,2.6387625113739688,109.9
HK.01211,比亚迪股份,2025-09-18,112.8,112.8,115.4,111.2,23.657,0.01023,37686070,4276299077.0,0.0,112.8
HK.01211,比亚迪股份,2025-09-19,112.2,113.5,113.8,111.4,23.804,0.00874,32179625,3636866080.0,0.6205673758865273,112.8
HK.01211,比亚迪股份,2025-09-22,113.5,109.7,113.5,109.1,23.007,0.00945,34820492,3838424388.0,-3.3480176211453716,113.5
HK.01211,比亚迪股份,2025-09-23,109.7,106.3,110.0,105.1,22.294,0.0097,35732701,3798161671.0,-3.099361896080224,109.7
HK.01211,比亚迪股份,2025-09-24,105.0,105.7,106.1,104.0,22.168,0.00693,25517457,2686532636.0,-0.564440263405451,106.3
HK.01211,比亚迪股份,2025-09-25,104.5,108.2,109.5,104.5,22.692,0.01046,38514026,4131386095.0,2.3651844843897827,105.7
HK.01211,比亚迪股份,2025-09-26,107.6,106.5,110.6,106.2,22.336,0.00773,28467638,3082169825.0,-1.5711645101663612,108.2
HK.01211,比亚迪股份,2025-09-29,106.5,108.6,109.2,105.8,22.776,0.0052,19149409,2072179971.0,1.9718309859154877,106.5
HK.01211,比亚迪股份,2025-09-30,106.1,110.2,110.5,106.1,23.112,0.01033,38052959,4150746099.0,1.473296500920818,108.6
HK.01211,比亚迪股份,2025-10-02,110.2,113.9,114.7,108.8,23.888,0.01237,45566769,5143510085.0,3.357531760435574,110.2
HK.01211,比亚迪股份,2025-10-03,112.2,109.4,113.0,107.7,22.944,0.00807,29734770,3245212885.0,-3.9508340649692713,113.9
HK.01211,比亚迪股份,2025-10-06,108.0,108.1,109.3,107.4,22.671,0.00299,11022981,1190602920.0,-1.188299817184654,109.4
HK.01211,比亚迪股份,2025-10-08,108.1,109.7,110.6,107.2,23.007,0.00585,21535231,2353930550.0,1.4801110083256326,108.1
HK.01211,比亚迪股份,2025-10-09,108.6,110.2,111.6,108.5,23.112,0.00694,25579133,2820844583.0,0.4557885141294439,109.7
HK.01211,比亚迪股份,2025-10-10,109.7,108.2,110.8,107.9,22.692,0.00623,22941770,2501889885.0,-1.8148820326678767,110.2
HK.01211,比亚迪股份,2025-10-13,106.2,106.3,106.8,102.8,22.294,0.01237,45554786,4782870315.0,-1.756007393715347,108.2
HK.01211,比亚迪股份,2025-10-14,106.7,105.4,110.5,105.2,22.105,0.01015,37393377,3999000384.0,-0.8466603951081764,106.3
HK.01211,比亚迪股份,2025-10-15,107.2,108.6,109.1,106.8,22.776,0.00683,25142373,2718739868.0,3.03605313092978,105.4
HK.01211,比亚迪股份,2025-10-16,108.0,107.6,109.6,106.2,22.567,0.00476,17529379,1887654208.0,-0.9208103130755064,108.6
HK.01211,比亚迪股份,2025-10-17,107.6,103.2,108.4,102.8,21.644,0.00877,32302387,3373548123.0,-4.089219330855011,107.6
HK.01211,比亚迪股份,2025-10-20,106.6,104.8,106.7,104.0,21.979,0.00431,15864029,1665474403.0,1.5503875968992191,103.2
HK.01211,比亚迪股份,2025-10-21,106.0,103.9,106.7,103.7,21.791,0.00631,23229704,2439833858.0,-0.8587786259541904,104.8
HK.01211,比亚迪股份,2025-10-22,103.5,102.9,103.9,101.8,21.581,0.00557,20530305,2112172112.0,-0.9624639076034648,103.9
HK.01211,比亚迪股份,2025-10-23,102.3,103.9,104.4,101.0,21.791,0.00427,15715171,1617090550.0,0.9718172983479106,102.9
HK.01211,比亚迪股份,2025-10-24,104.6,104.0,105.2,103.4,21.812,0.00397,14611592,1520780774.0,0.096246390760341,103.9
HK.01211,比亚迪股份,2025-10-27,105.0,105.7,106.6,104.6,22.168,0.00483,17781278,1877088941.0,1.6346153846153877,104.0
HK.01211,比亚迪股份,2025-10-28,106.3,104.8,106.4,104.1,21.979,0.00355,13071696,1371514918.0,-0.851466414380327,105.7
HK.01211,比亚迪股份,2025-10-30,104.0,104.2,106.3,103.4,21.854,0.0067,24683843,2579815389.0,-0.5725190839694603,104.8
HK.01211,比亚迪股份,2025-10-31,100.5,100.6,101.5,97.5,21.098,0.01485,54690818,5454224859.0,-3.454894433781198,104.2
HK.01211,比亚迪股份,2025-11-03,100.6,99.1,101.0,97.65,20.784,0.00807,29742978,2942239306.0,-1.4910536779324055,100.6
HK.01211,比亚迪股份,2025-11-04,98.7,97.1,100.0,97.0,20.364,0.00895,32962950,3224964161.0,-2.0181634712411705,99.1
HK.01211,比亚迪股份,2025-11-05,95.5,95.4,95.75,94.0,20.008,0.0104,38301893,3637417324.0,-1.750772399588042,97.1
HK.01211,比亚迪股份,2025-11-06,94.65,97.65,97.8,94.15,20.48,0.00854,31445844,3037753505.0,2.3584905660377355,95.4
HK.01211,比亚迪股份,2025-11-07,97.3,97.9,98.75,96.9,20.532,0.00552,20328719,1988948450.0,0.2560163850486431,97.65
HK.01211,比亚迪股份,2025-11-10,97.9,101.8,102.9,97.9,21.35,0.0092,33899737,3431362261.0,3.983656792645548,97.9
HK.01211,比亚迪股份,2025-11-11,102.9,101.3,103.3,100.6,21.245,0.00396,14575190,1481268089.0,-0.4911591355599214,101.8
HK.01211,比亚迪股份,2025-11-12,101.3,100.5,101.3,99.5,21.078,0.0044,16213089,1627174985.0,-0.7897334649555746,101.3
HK.01211,比亚迪股份,2025-11-13,99.5,102.8,103.2,99.2,21.56,0.00585,21563429,2196842133.0,2.2885572139303454,100.5
HK.01211,比亚迪股份,2025-11-14,100.8,100.6,102.7,100.5,21.098,0.00403,14847608,1504243359.0,-2.140077821011676,102.8
HK.01211,比亚迪股份,2025-11-17,99.7,100.7,101.2,99.65,21.119,0.0044,16202047,1629632900.0,0.0994035785288355,100.6
HK.01211,比亚迪股份,2025-11-18,99.5,96.9,99.7,96.2,20.322,0.0084,30954342,3009259102.0,-3.7735849056603743,100.7
HK.01211,比亚迪股份,2025-11-19,96.2,96.05,97.15,95.0,20.144,0.00672,24745435,2375498143.0,-0.8771929824561492,96.9
HK.01211,比亚迪股份,2025-11-20,96.05,95.2,96.8,93.95,19.966,0.00802,29523103,2799797460.0,-0.8849557522123834,96.05
HK.01211,比亚迪股份,2025-11-21,93.2,92.75,94.25,92.15,19.452,0.00864,31822058,2959393037.0,-2.5735294117647087,95.2
HK.01211,比亚迪股份,2025-11-24,94.15,94.85,96.45,94.1,19.893,0.00923,34012168,3238072689.0,2.2641509433962206,92.75
HK.01211,比亚迪股份,2025-11-25,96.15,95.75,97.2,95.1,20.081,0.00585,21541905,2065664850.0,0.9488666315234642,94.85
HK.01211,比亚迪股份,2025-11-26,97.95,98.35,99.1,97.05,20.627,0.0076,28008979,2756079050.0,2.7154046997388974,95.75
HK.01211,比亚迪股份,2025-11-27,97.55,97.0,98.1,96.65,20.343,0.00479,17635475,1715220998.0,-1.372648703609552,98.35
HK.01211,比亚迪股份,2025-11-28,97.55,97.5,98.05,96.9,20.448,0.00316,11623825,1134061673.0,0.5154639175257731,97.0
HK.01211,比亚迪股份,2025-12-01,97.95,97.95,99.2,97.35,20.543,0.00307,11324620,1112512070.0,0.4615384615384644,97.5
HK.01211,比亚迪股份,2025-12-02,99.05,100.1,101.9,98.65,20.994,0.00713,26253546,2634959972.0,2.1949974476773777,97.95
HK.01211,比亚迪股份,2025-12-03,100.1,98.15,100.1,97.75,20.585,0.00427,15719557,1546643508.0,-1.948051948051937,100.1
HK.01211,比亚迪股份,2025-12-04,97.95,98.4,98.65,96.85,20.637,0.0043,15838809,1548770104.0,0.2547121752419766,98.15
HK.01211,比亚迪股份,2025-12-05,98.0,99.15,100.2,97.25,20.794,0.00609,22415777,2223141458.0,0.7621951219512195,98.4
HK.01211,比亚迪股份,2025-12-08,99.15,99.3,100.3,98.7,20.826,0.00483,17797860,1767490839.0,0.1512859304084634,99.15
HK.01211,比亚迪股份,2025-12-09,99.3,98.0,99.7,97.65,20.553,0.00364,13406537,1317426753.0,-1.3091641490433004,99.3
HK.01211,比亚迪股份,2025-12-10,97.05,97.75,98.1,96.65,20.501,0.00378,13911962,1355997896.0,-0.2551020408163265,98.0
HK.01211,比亚迪股份,2025-12-11,98.4,97.35,98.75,96.7,20.417,0.00328,12068567,1175688783.0,-0.4092071611253254,97.75
HK.01211,比亚迪股份,2025-12-12,97.35,98.5,98.9,97.2,20.658,0.00455,16769669,1648230829.0,1.1813045711350854,97.35
HK.01211,比亚迪股份,2025-12-15,97.0,96.0,98.4,95.85,20.134,0.00482,17746101,1714534843.0,-2.538071065989848,98.5
HK.01211,比亚迪股份,2025-12-16,95.5,94.55,96.25,93.8,19.83,0.00578,21298070,2013914171.0,-1.5104166666666696,96.0
HK.01211,比亚迪股份,2025-12-17,94.1,95.25,95.9,92.95,19.976,0.00557,20502267,1937252443.0,0.740349021681653,94.55
HK.01211,比亚迪股份,2025-12-18,93.8,93.9,94.0,92.6,19.693,0.0051,18780011,1755759524.0,-1.4173228346456634,95.25
HK.01211,比亚迪股份,2025-12-19,94.3,93.7,94.45,93.25,19.651,0.00546,20108026,1885734475.0,-0.2129925452609188,93.9
HK.01211,比亚迪股份,2025-12-22,93.7,93.75,94.75,93.3,19.662,0.00386,14215706,1334941765.0,0.0533617929562403,93.7
HK.01211,比亚迪股份,2025-12-23,94.4,93.1,94.55,92.9,19.526,0.00414,15259388,1424378037.0,-0.6933333333333394,93.75
HK.01211,比亚迪股份,2025-12-24,92.5,93.6,94.25,92.5,19.63,0.00272,10027951,937124496.0,0.5370569280343717,93.1
HK.01211,比亚迪股份,2025-12-29,96.9,97.1,99.8,96.85,20.364,0.00876,32251687,3168899243.0,3.7393162393162394,93.6
HK.01211,比亚迪股份,2025-12-30,97.35,97.6,98.45,96.95,20.469,0.00405,14917046,1457579712.0,0.5149330587023687,97.1
HK.01211,比亚迪股份,2025-12-31,97.6,95.35,98.35,94.85,19.997,0.00392,14425437,1379209069.0,-2.305327868852459,97.6
HK.01211,比亚迪股份,2026-01-02,96.0,98.75,99.15,94.15,20.71,0.00459,16921910,1656615825.0,3.565810173046676,95.35
HK.01211,比亚迪股份,2026-01-05,98.3,95.8,98.3,95.8,20.092,0.00677,24938193,2407894350.0,-2.9873417721519018,98.75
HK.01211,比亚迪股份,2026-01-06,97.5,99.2,99.6,96.3,20.805,0.00856,31538952,3106830559.0,3.549060542797501,95.8
HK.01211,比亚迪股份,2026-01-07,99.2,95.3,99.75,94.75,19.987,0.0105,38683971,3705520849.0,-3.9314516129032313,99.2
HK.01211,比亚迪股份,2026-01-08,95.3,94.65,95.3,93.8,19.851,0.00435,16012272,1510135722.0,-0.6820566631689313,95.3
HK.01211,比亚迪股份,2026-01-09,94.5,94.55,95.75,94.4,19.83,0.0037,13612861,1290146230.0,-0.1056524035921907,94.65
HK.01211,比亚迪股份,2026-01-12,96.2,95.7,96.2,94.0,20.071,0.00416,15335541,1458797464.0,1.2162876784770025,94.55
HK.01211,比亚迪股份,2026-01-13,98.6,97.25,100.3,96.7,20.396,0.01076,39644118,3913090569.0,1.6196447230929958,95.7
HK.01211,比亚迪股份,2026-01-14,98.0,97.6,99.4,96.95,20.469,0.00556,20475885,2008489638.0,0.359897172236498,97.25
HK.01211,比亚迪股份,2026-01-15,98.0,99.1,100.1,97.6,20.784,0.00601,22153310,2200796250.0,1.5368852459016396,97.6
HK.01211,比亚迪股份,2026-01-16,101.0,99.2,101.6,98.95,20.805,0.0056,20613930,2062896711.0,0.1009081735620671,99.1
HK.01211,比亚迪股份,2026-01-19,100.5,100.7,101.8,99.4,21.119,0.00483,17793976,1791524129.0,1.5120967741935485,99.2
HK.01211,比亚迪股份,2026-01-20,100.8,97.0,101.0,97.0,20.343,0.00682,25116282,2456591848.0,-3.6742800397219497,100.7
HK.01211,比亚迪股份,2026-01-21,96.85,99.05,99.55,96.5,20.773,0.00522,19217521,1892773246.0,2.113402061855667,97.0
HK.01211,比亚迪股份,2026-01-22,99.5,99.75,100.2,98.35,20.92,0.00501,18458280,1829910502.0,0.7067137809187307,99.05
HK.01211,比亚迪股份,2026-01-23,100.0,99.6,100.2,98.55,20.889,0.00374,13763088,1368925610.0,-0.1503759398496297,99.75
HK.01211,比亚迪股份,2026-01-26,99.9,98.5,99.9,97.6,20.658,0.00402,14820339,1457032149.0,-1.1044176706827251,99.6
HK.01211,比亚迪股份,2026-01-27,99.5,98.3,99.5,98.1,20.616,0.00491,18089989,1783507683.0,-0.2030456852791907,98.5
HK.01211,比亚迪股份,2026-01-28,99.35,102.8,102.9,97.35,21.56,0.01042,38370529,3870483905.0,4.5778229908443535,98.3
HK.01211,比亚迪股份,2026-01-29,103.0,101.8,103.0,100.6,21.35,0.0096,35342444,3588594895.0,-0.9727626459143968,102.8
HK.01211,比亚迪股份,2026-01-30,101.8,97.75,101.8,97.4,20.501,0.00779,28686462,2823757313.0,-3.978388998035361,101.8
HK.01211,比亚迪股份,2026-02-02,96.45,91.0,96.45,89.4,19.085,0.0176,64818398,5925113990.0,-6.905370843989769,97.75
HK.01211,比亚迪股份,2026-02-03,91.1,90.0,91.7,88.9,18.875,0.00957,35262554,3169695606.0,-1.098901098901099,91.0
HK.01211,比亚迪股份,2026-02-04,88.9,90.0,91.55,88.5,18.875,0.00732,26973989,2425330578.0,0.0,90.0
HK.01211,比亚迪股份,2026-02-05,89.2,91.25,92.75,88.85,19.138,0.00868,31958133,2905373970.0,1.3888888888888888,90.0
HK.01211,比亚迪股份,2026-02-06,89.8,92.3,94.15,89.8,19.358,0.00781,28762257,2655259741.0,1.150684931506846,91.25
HK.01211,比亚迪股份,2026-02-09,93.9,93.55,94.45,93.35,19.62,0.00415,15298976,1436572429.0,1.3542795232936078,92.3
HK.01211,比亚迪股份,2026-02-10,94.6,95.8,97.3,94.15,20.092,0.00658,24228243,2325425832.0,2.4051309460181725,93.55
HK.01211,比亚迪股份,2026-02-11,97.0,99.15,100.4,96.05,20.794,0.0069,25412402,2517760123.0,3.496868475991658,95.8
HK.01211,比亚迪股份,2026-02-12,100.0,98.55,100.0,98.35,20.669,0.00403,14838306,1467384738.0,-0.6051437216338966,99.15
HK.01211,比亚迪股份,2026-02-13,96.45,97.75,98.7,96.35,20.501,0.00364,13394550,1309246503.0,-0.8117706747843706,98.55
HK.01211,比亚迪股份,2026-02-16,97.0,97.8,97.9,95.65,20.511,0.00237,8734638,846171249.0,0.051150895140662,97.75
HK.01211,比亚迪股份,2026-02-20,97.65,95.45,98.0,95.3,20.018,0.00381,14041718,1351402652.0,-2.402862985685066,97.8
HK.01211,比亚迪股份,2026-02-23,96.25,100.1,100.4,96.25,20.994,0.00627,23088416,2298336868.0,4.871660555264527,95.45
HK.01211,比亚迪股份,2026-02-24,99.05,99.35,99.6,97.4,20.836,0.00491,18072462,1787456679.0,-0.7492507492507493,100.1
HK.01211,比亚迪股份,2026-02-25,99.35,98.75,101.1,98.25,20.71,0.00525,19338320,1919197592.0,-0.6039255158530391,99.35
HK.01211,比亚迪股份,2026-02-26,99.65,94.95,99.65,94.75,19.914,0.00554,20402444,1960741810.0,-3.8481012658227822,98.75
HK.01211,比亚迪股份,2026-02-27,94.9,94.95,95.7,93.6,19.914,0.00571,21042119,1994304263.0,0.0,94.95
HK.01211,比亚迪股份,2026-03-02,93.0,99.1,99.9,92.1,20.784,0.01397,51441329,5039292121.0,4.370721432332798,94.95
HK.01211,比亚迪股份,2026-03-03,100.0,96.2,100.7,95.4,20.176,0.00987,36339812,3520721721.0,-2.9263370332996885,99.1
HK.01211,比亚迪股份,2026-03-04,94.55,95.05,95.7,92.7,19.934,0.01068,39344356,3702765366.0,-1.195426195426201,96.2
HK.01211,比亚迪股份,2026-03-05,96.5,92.6,97.2,90.9,19.421,0.01028,37866097,3539718889.0,-2.5775907417148898,95.05
HK.01211,比亚迪股份,2026-03-06,93.0,94.7,94.7,91.2,19.861,0.01606,59157310,5528932240.0,2.267818574514048,92.6
HK.01211,比亚迪股份,2026-03-09,90.4,98.05,98.3,90.4,20.564,0.01492,54953394,5271088473.0,3.5374868004223807,94.7
HK.01211,比亚迪股份,2026-03-10,98.85,96.95,98.9,95.65,20.333,0.00809,29806454,2883973174.0,-1.121876593574701,98.05
HK.01211,比亚迪股份,2026-03-11,97.2,98.15,99.45,96.3,20.585,0.00746,27470658,2699658249.0,1.2377514182568363,96.95
HK.01211,比亚迪股份,2026-03-12,98.15,98.2,98.95,96.85,20.595,0.00665,24477866,2395923677.0,0.0509424350483924,98.15
HK.01211,比亚迪股份,2026-03-13,97.5,96.75,98.8,96.2,20.291,0.00451,16595333,1618653210.0,-1.4765784114052982,98.2
HK.01211,比亚迪股份,2026-03-16,96.75,104.3,104.8,95.75,21.875,0.01542,56801892,5818092896.0,7.803617571059429,96.75
HK.01211,比亚迪股份,2026-03-17,105.2,104.5,107.6,103.3,21.916,0.01218,44880576,4735924146.0,0.1917545541706642,104.3
HK.01211,比亚迪股份,2026-03-18,105.4,102.2,105.6,101.3,21.434,0.00616,22677647,2325840377.0,-2.2009569377990403,104.5
HK.01211,比亚迪股份,2026-03-19,101.2,103.2,104.7,100.8,21.644,0.0071,26168510,2702787943.0,0.9784735812133072,102.2
HK.01211,比亚迪股份,2026-03-20,103.5,103.8,106.2,102.7,21.77,0.01053,38791788,4051943430.0,0.5813953488372038,103.2
HK.01211,比亚迪股份,2026-03-23,104.2,102.4,108.0,101.7,21.476,0.01932,71168848,7432435934.0,-1.3487475915221498,103.8
HK.01211,比亚迪股份,2026-03-24,104.5,107.0,107.1,100.9,22.441,0.01271,46800832,4903844180.0,4.492187499999995,102.4
HK.01211,比亚迪股份,2026-03-25,109.0,106.4,109.0,105.7,22.315,0.00867,31918636,3413285671.0,-0.5607476635513965,107.0
HK.01211,比亚迪股份,2026-03-26,106.7,102.7,107.8,102.5,21.539,0.00635,23372656,2433067132.0,-3.477443609022559,106.4
HK.01211,比亚迪股份,2026-03-27,105.5,106.5,107.8,103.5,26.887,0.00972,35805023,3810728367.0,3.700097370983444,102.7
HK.01211,比亚迪股份,2026-03-30,101.6,105.8,108.0,101.1,26.71,0.0147,54158463,5729638119.0,-0.6572769953051669,106.5
HK.01211,比亚迪股份,2026-03-31,106.5,105.8,108.3,105.3,26.71,0.00742,27327199,2903705207.0,0.0,105.8
HK.01211,比亚迪股份,2026-04-01,106.9,104.7,107.6,101.6,26.432,0.01137,41883096,4345302487.0,-1.039697542533076,105.8
HK.01211,比亚迪股份,2026-04-02,104.7,103.9,106.5,101.7,26.23,0.00701,25833489,2682997860.0,-0.7640878701050594,104.7
