code,name,time_key,open,close,high,low,pe_ratio,turnover_rate,volume,turnover,change_rate,last_close
HK.00388,香港交易所,2019-06-03,186.32,185.52,187.32,182.52,32.88,0.00283,3565386,877111009.0,-1.4868309260832535,188.32
HK.00388,香港交易所,2019-06-04,188.32,183.52,188.32,183.12,32.613,0.00322,4049820,994609875.0,-1.0780508840017249,185.52
HK.00388,香港交易所,2019-06-05,187.92,187.72,189.32,185.72,33.173,0.00377,4742195,1180872153.0,2.288578901482121,183.52
HK.00388,香港交易所,2019-06-06,188.92,189.52,192.92,188.32,33.413,0.00319,4017953,1010044475.0,0.9588749200937626,187.72
HK.00388,香港交易所,2019-06-10,195.92,196.92,196.92,192.12,34.4,0.00521,6555626,1683568485.0,3.904601097509486,189.52
HK.00388,香港交易所,2019-06-11,198.72,203.72,205.72,197.92,35.306,0.00666,8382651,2218032346.0,3.453178955921192,196.92
HK.00388,香港交易所,2019-06-12,200.92,198.12,201.12,197.319999999,34.56,0.00385,4844931,1259163193.0,-2.7488709994109533,203.72
HK.00388,香港交易所,2019-06-13,197.12,201.319999999,201.72,193.92,34.986,0.00457,5744564,1489774533.0,1.6151827170401774,198.12
HK.00388,香港交易所,2019-06-14,200.52,199.319999999,201.319999999,197.12,34.72,0.00262,3299767,857401674.0,-0.9934432743939672,201.319999999
HK.00388,香港交易所,2019-06-17,202.319999999,202.72,203.72,200.52,35.173,0.0042,5284843,1393049282.0,1.7057997195550136,199.319999999
HK.00388,香港交易所,2019-06-18,204.319999999,209.92,210.12,203.12,36.133,0.00912,11479952,3084265602.0,3.551696921862662,202.72
HK.00388,香港交易所,2019-06-19,216.92,216.72,217.52,214.52,37.04,0.0072,9060410,2511567343.0,3.2393292682926886,209.92
HK.00388,香港交易所,2019-06-20,216.72,217.12,217.92,214.92,37.093,0.00403,5070032,1407251548.0,0.184569952011815,216.72
HK.00388,香港交易所,2019-06-21,216.92,215.72,217.52,213.319999999,36.906,0.00519,6527586,1805017545.0,-0.6448047162859274,217.12
HK.00388,香港交易所,2019-06-24,214.12,215.32,217.92,214.12,36.853,0.00243,3057332,846910740.0,-0.1854255516410187,215.72
HK.00388,香港交易所,2019-06-25,215.32,211.12,215.92,210.52,36.293,0.00348,4373997,1194512659.0,-1.9505851755526604,215.32
HK.00388,香港交易所,2019-06-26,209.92,212.12,214.52,209.72,36.426,0.00191,2404531,657236631.0,0.473664266767715,211.12
HK.00388,香港交易所,2019-06-27,213.92,215.92,215.92,212.92,36.933,0.00275,3463492,955756973.0,1.7914388082217532,212.12
HK.00388,香港交易所,2019-06-28,215.92,214.72,215.92,211.52,36.773,0.00253,3182699,874855679.0,-0.5557613931085534,215.92
HK.00388,香港交易所,2019-07-02,218.92,218.92,220.92,217.92,37.333,0.00445,5599283,1569176195.0,1.956035767511172,214.72
HK.00388,香港交易所,2019-07-03,218.92,218.52,218.92,216.92,37.28,0.00179,2247413,627598102.0,-0.182715147085683,218.92
HK.00388,香港交易所,2019-07-04,217.32,216.92,220.12,216.92,37.066,0.00171,2148082,600183710.0,-0.732198425773395,218.52
HK.00388,香港交易所,2019-07-05,216.92,217.32,217.92,214.52,37.12,0.00142,1782118,495021425.0,0.1843997787202681,216.92
HK.00388,香港交易所,2019-07-08,214.92,213.12,214.92,211.12,36.56,0.00234,2939232,804320200.0,-1.9326339039204807,217.32
HK.00388,香港交易所,2019-07-09,211.319999999,209.52,212.92,209.12,36.08,0.0028,3525973,956185103.0,-1.6891891891891866,213.12
HK.00388,香港交易所,2019-07-10,211.12,209.72,213.12,209.72,36.106,0.00204,2564475,697603909.0,0.0954562810232859,209.52
HK.00388,香港交易所,2019-07-11,212.12,212.319999999,213.52,211.12,36.453,0.00167,2098834,573905872.0,1.2397482352660714,209.72
HK.00388,香港交易所,2019-07-12,213.72,214.32,214.92,211.72,36.72,0.00216,2715160,747407596.0,0.941974378772329,212.319999999
HK.00388,香港交易所,2019-07-15,210.92,211.12,212.319999999,208.319999999,36.293,0.00477,6003246,1629350204.0,-1.4930944382232123,214.32
HK.00388,香港交易所,2019-07-16,211.12,212.52,213.72,211.12,36.48,0.002,2521320,689245898.0,0.6631299734748037,211.12
HK.00388,香港交易所,2019-07-17,210.92,212.52,212.72,209.72,36.48,0.00141,1778548,485177636.0,0.0,212.52
HK.00388,香港交易所,2019-07-18,210.52,211.92,212.319999999,210.52,36.4,0.00111,1401058,381540478.0,-0.2823263692829017,212.52
HK.00388,香港交易所,2019-07-19,212.92,212.319999999,213.72,209.92,36.453,0.00329,4145022,1130537382.0,0.1887504714043112,211.92
HK.00388,香港交易所,2019-07-22,210.92,205.52,211.319999999,204.319999999,35.546,0.00489,6150997,1647053818.0,-3.202712885753589,212.319999999
HK.00388,香港交易所,2019-07-23,205.12,206.319999999,206.92,204.92,35.653,0.00184,2320258,619516296.0,0.3892565195601369,205.52
HK.00388,香港交易所,2019-07-24,206.319999999,205.72,209.319999999,204.319999999,35.573,0.00372,4683963,1252718519.0,-0.2908103911413886,206.319999999
HK.00388,香港交易所,2019-07-25,204.72,207.72,208.92,203.92,35.84,0.00239,3011046,808952536.0,0.9721952167995334,205.72
HK.00388,香港交易所,2019-07-26,206.92,207.52,209.12,206.319999999,35.813,0.00165,2074046,558337819.0,-0.0962834585018239,207.72
HK.00388,香港交易所,2019-07-29,205.92,203.92,206.92,202.12,35.333,0.00272,3426922,908356840.0,-1.7347725520431876,207.52
HK.00388,香港交易所,2019-07-30,205.92,205.319999999,206.72,204.319999999,35.52,0.00224,2813202,751069074.0,0.6865437421537939,203.92
HK.00388,香港交易所,2019-07-31,202.92,204.52,205.319999999,201.12,35.413,0.00202,2547077,673059190.0,-0.3896356901441115,205.319999999
HK.00388,香港交易所,2019-08-01,200.72,203.52,205.72,200.72,35.28,0.003,3779697,1000939368.0,-0.4889497359671426,204.52
HK.00388,香港交易所,2019-08-02,198.52,195.12,199.92,193.12,34.16,0.00646,8133449,2088503515.0,-4.12735849056604,203.52
HK.00388,香港交易所,2019-08-05,189.32,186.72,190.92,186.12,33.04,0.00674,8476649,2108450953.0,-4.305043050430507,195.12
HK.00388,香港交易所,2019-08-06,176.92,183.72,184.52,176.92,32.64,0.00953,11988318,2900265487.0,-1.6066838046272494,186.72
HK.00388,香港交易所,2019-08-07,182.12,185.52,185.72,180.72,32.88,0.00385,4839857,1182227859.0,0.9797517962116328,183.72
HK.00388,香港交易所,2019-08-08,183.72,185.72,187.72,183.72,32.906,0.00361,4542579,1123860575.0,0.1078050884001663,185.52
HK.00388,香港交易所,2019-08-09,188.12,181.12,188.32,180.72,32.293,0.00388,4886283,1190600442.0,-2.4768468662502663,185.72
HK.00388,香港交易所,2019-08-12,179.72,178.72,180.72,178.32,31.973,0.00397,4997493,1201459215.0,-1.325088339222618,181.12
HK.00388,香港交易所,2019-08-13,175.12,172.92,176.12,172.32,31.2,0.00631,7937918,1864016476.0,-3.2452999104744915,178.72
HK.00388,香港交易所,2019-08-14,178.92,174.12,179.72,170.12,31.36,0.00495,6228560,1466754392.0,0.6939625260236046,172.92
HK.00388,香港交易所,2019-08-15,170.12,176.92,178.32,168.92,31.733,0.00726,9130954,2146176898.0,1.6080863772111087,174.12
HK.00388,香港交易所,2019-08-16,176.12,183.92,184.12,174.92,32.666,0.00665,8368065,2033062161.0,3.95659054940086,176.92
HK.00388,香港交易所,2019-08-19,184.32,191.72,192.52,184.32,33.706,0.00686,8629233,2166155226.0,4.240974336668123,183.92
HK.00388,香港交易所,2019-08-20,189.92,191.32,192.32,189.12,33.653,0.00373,4690382,1181036683.0,-0.2086375964948913,191.72
HK.00388,香港交易所,2019-08-21,189.92,193.32,193.32,188.72,33.92,0.00258,3249303,821902692.0,1.0453690152623878,191.32
HK.00388,香港交易所,2019-08-22,194.12,190.52,194.52,189.52,33.546,0.00296,3724510,939472932.0,-1.448375750051719,193.32
HK.00388,香港交易所,2019-08-23,188.32,191.32,191.92,188.12,33.653,0.00224,2818063,708971320.0,0.419903422212882,190.52
HK.00388,香港交易所,2019-08-26,181.52,185.92,186.32,180.12,32.933,0.00442,5555816,1357994755.0,-2.8224963412084496,191.32
HK.00388,香港交易所,2019-08-27,186.84,184.04,188.24,182.84,32.186,0.00311,3915166,948266147.0,-1.0111876075731474,185.92
HK.00388,香港交易所,2019-08-28,185.64,184.24,185.64,182.84,32.213,0.00211,2653818,640766631.0,0.1086720278200484,184.04
HK.00388,香港交易所,2019-08-29,186.04,185.04,186.04,182.44,32.32,0.0022,2770727,669103234.0,0.434216239687355,184.24
HK.00388,香港交易所,2019-08-30,187.64,182.64,187.64,180.64,32.0,0.00335,4213790,1016056234.0,-1.297016861219199,185.04
HK.00388,香港交易所,2019-09-02,182.44,180.24,182.64,179.44,31.68,0.00258,3248019,772561972.0,-1.3140604467805397,182.64
HK.00388,香港交易所,2019-09-03,179.64,179.44,182.24,178.04,31.573,0.00254,3190522,757723395.0,-0.4438526409232197,180.24
HK.00388,香港交易所,2019-09-04,178.24,190.64,192.64,178.24,33.066,0.00949,11937487,2921549518.0,6.241640659830578,179.44
HK.00388,香港交易所,2019-09-05,190.24,189.84,196.64,185.84,32.96,0.00578,7276313,1807699925.0,-0.4196391103650771,190.64
HK.00388,香港交易所,2019-09-06,194.44,192.04,197.44,191.24,33.253,0.00465,5851775,1471768121.0,1.1588706278971703,189.84
HK.00388,香港交易所,2019-09-09,192.44,192.04,194.64,191.04,33.253,0.00229,2880620,719330286.0,0.0,192.04
HK.00388,香港交易所,2019-09-10,192.64,187.84,193.44,187.04,32.693,0.00269,3378697,831324754.0,-2.1870443657571284,192.04
HK.00388,香港交易所,2019-09-11,186.24,188.64,188.64,181.84,32.8,0.00622,7821852,1898650193.0,0.4258943781941987,187.84
HK.00388,香港交易所,2019-09-12,180.64,180.04,182.64,179.24,31.653,0.01583,19915954,4740914589.0,-4.558948261238335,188.64
HK.00388,香港交易所,2019-09-13,180.64,183.44,184.04,179.44,32.106,0.00739,9292271,2220762070.0,1.888469229060212,180.04
HK.00388,香港交易所,2019-09-16,180.64,177.64,181.64,177.04,31.333,0.00818,10297582,2428875206.0,-3.1617967727867486,183.44
HK.00388,香港交易所,2019-09-17,177.84,175.24,178.44,174.04,31.013,0.00544,6845012,1594043311.0,-1.3510470614726289,177.64
HK.00388,香港交易所,2019-09-18,175.44,175.84,177.44,175.24,31.093,0.00274,3449299,805691140.0,0.3423875827436625,175.24
HK.00388,香港交易所,2019-09-19,177.24,172.84,177.24,172.24,30.693,0.00468,5889296,1358951731.0,-1.7060964513193813,175.84
HK.00388,香港交易所,2019-09-20,172.64,172.84,175.24,172.24,30.693,0.00276,3466929,800260083.0,0.0,172.84
HK.00388,香港交易所,2019-09-23,171.04,168.44,172.64,166.84,30.106,0.00718,9032814,2040489822.0,-2.5457070122656824,172.84
HK.00388,香港交易所,2019-09-24,168.44,168.44,169.44,165.84,30.106,0.00533,6710108,1509063659.0,0.0,168.44
HK.00388,香港交易所,2019-09-25,166.64,165.24,167.64,164.64,29.68,0.00378,4760528,1062077750.0,-1.8997862740441631,168.44
HK.00388,香港交易所,2019-09-26,167.04,167.84,168.44,166.44,30.026,0.00485,6096681,1370529068.0,1.573468893730328,165.24
HK.00388,香港交易所,2019-09-27,167.84,169.44,169.84,165.64,30.24,0.00303,3816536,863133370.0,0.9532888465204924,167.84
HK.00388,香港交易所,2019-09-30,169.64,172.64,175.24,168.44,30.666,0.00732,9225860,2123256481.0,1.88857412653446,169.44
HK.00388,香港交易所,2019-10-02,169.64,171.04,171.44,168.04,30.453,0.00425,5354953,1216677021.0,-0.9267840593141766,172.64
HK.00388,香港交易所,2019-10-03,168.24,172.04,172.64,167.64,30.586,0.00269,3391158,772245399.0,0.5846585594013097,171.04
HK.00388,香港交易所,2019-10-04,171.64,168.64,171.84,166.64,30.133,0.00314,3964996,896603029.0,-1.9762845849802408,172.04
HK.00388,香港交易所,2019-10-08,174.84,173.84,176.84,170.64,30.826,0.00765,9642402,2236636513.0,3.0834914611005795,168.64
HK.00388,香港交易所,2019-10-09,171.04,172.24,173.44,170.04,30.613,0.00439,5532961,1270465328.0,-0.9203865623561864,173.84
HK.00388,香港交易所,2019-10-10,172.84,174.64,176.44,171.24,30.933,0.00369,4659778,1080329629.0,1.3934045517881892,172.24
HK.00388,香港交易所,2019-10-11,176.64,179.84,181.24,176.44,31.626,0.00676,8524168,2019856570.0,2.977553825011462,174.64
HK.00388,香港交易所,2019-10-14,180.04,179.84,181.04,178.44,31.626,0.00416,5249208,1246921334.0,0.0,179.84
HK.00388,香港交易所,2019-10-15,181.64,179.04,181.64,178.04,31.52,0.00249,3134601,741374482.0,-0.4448398576512518,179.84
HK.00388,香港交易所,2019-10-16,178.64,178.84,179.84,176.84,31.493,0.003,3779805,891836503.0,-0.1117068811438721,179.04
HK.00388,香港交易所,2019-10-17,178.24,179.64,179.84,177.04,31.6,0.0026,3279760,774760760.0,0.447327219861319,178.84
HK.00388,香港交易所,2019-10-18,180.64,180.84,183.24,179.84,31.76,0.00645,8140371,1942260337.0,0.6680026720106976,179.64
HK.00388,香港交易所,2019-10-21,181.84,185.24,185.84,181.64,32.859,0.00583,7348182,1777750443.0,2.433090024330903,180.84
HK.00388,香港交易所,2019-10-22,185.64,184.84,185.64,184.44,32.805,0.00246,3100384,750856066.0,-0.2159360829194588,185.24
HK.00388,香港交易所,2019-10-23,185.64,183.84,185.64,180.64,32.669,0.00262,3302937,794885501.0,-0.5410084397316598,184.84
HK.00388,香港交易所,2019-10-24,184.64,183.44,184.84,181.84,32.615,0.00164,2065159,496338137.0,-0.2175805047867741,183.84
HK.00388,香港交易所,2019-10-25,182.64,183.84,185.04,181.04,32.669,0.00252,3179476,764478915.0,0.2180549498473646,183.44
HK.00388,香港交易所,2019-10-28,183.64,185.84,186.24,183.64,32.94,0.00271,3413294,827337472.0,1.0879025239338556,183.84
HK.00388,香港交易所,2019-10-29,186.84,185.04,187.64,183.64,32.832,0.00352,4444556,1078714849.0,-0.4304778303917409,185.84
HK.00388,香港交易所,2019-10-30,185.04,183.64,186.24,182.64,32.642,0.00159,2005068,483837903.0,-0.756593169044534,185.04
HK.00388,香港交易所,2019-10-31,185.24,187.64,191.24,185.24,33.184,0.00406,5123308,1258814108.0,2.178174689610107,183.64
HK.00388,香港交易所,2019-11-01,186.64,190.04,190.64,186.64,33.509,0.00318,4008625,990058039.0,1.2790449797484575,187.64
HK.00388,香港交易所,2019-11-04,191.04,192.64,192.64,190.64,33.861,0.0031,3910008,974630920.0,1.3681330246263916,190.04
HK.00388,香港交易所,2019-11-05,192.64,192.84,193.64,190.84,33.888,0.00297,3748487,935871299.0,0.1038205980066533,192.64
HK.00388,香港交易所,2019-11-06,193.04,193.84,194.24,190.04,34.024,0.00292,3679425,920224169.0,0.5185646131507985,192.84
HK.00388,香港交易所,2019-11-07,193.84,195.64,195.64,192.04,34.267,0.00291,3674967,924264006.0,0.9286009079653236,193.84
HK.00388,香港交易所,2019-11-08,196.64,196.64,197.04,195.04,34.403,0.00303,3823799,969071456.0,0.5111429155591903,195.64
HK.00388,香港交易所,2019-11-11,192.44,188.84,195.84,187.24,33.346,0.00623,7858338,1948785906.0,-3.966639544344987,196.64
HK.00388,香港交易所,2019-11-12,191.24,190.04,191.64,187.04,33.509,0.00337,4255444,1048962543.0,0.6354585892819258,188.84
HK.00388,香港交易所,2019-11-13,182.64,184.84,186.84,182.64,32.805,0.0045,5677552,1372250389.0,-2.7362660492527833,190.04
HK.00388,香港交易所,2019-11-14,183.24,184.64,187.84,183.04,32.778,0.00341,4304165,1044193613.0,-0.1082016879463411,184.84
HK.00388,香港交易所,2019-11-15,186.24,183.44,187.64,182.24,32.615,0.00254,3209605,778195616.0,-0.6499133448873423,184.64
HK.00388,香港交易所,2019-11-18,183.64,187.64,189.24,183.64,33.184,0.00267,3368170,824842133.0,2.28957697339729,183.44
HK.00388,香港交易所,2019-11-19,188.64,194.44,194.64,186.84,34.105,0.00578,7284067,1820666456.0,3.623960775953961,187.64
HK.00388,香港交易所,2019-11-20,192.64,191.84,192.64,190.24,33.753,0.00355,4472866,1114536250.0,-1.3371734211067652,194.44
HK.00388,香港交易所,2019-11-21,188.84,188.84,190.04,185.84,33.346,0.00305,3844250,944080342.0,-1.5638031693077563,191.84
HK.00388,香港交易所,2019-11-22,189.64,188.44,190.64,187.24,33.292,0.00221,2788059,684722885.0,-0.2118195297606469,188.84
HK.00388,香港交易所,2019-11-25,191.84,192.24,195.44,189.64,33.807,0.00465,5859970,1465219869.0,2.016556994268739,188.44
HK.00388,香港交易所,2019-11-26,196.64,191.24,196.84,190.04,33.671,0.00305,3843619,958858521.0,-0.5201831044527674,192.24
HK.00388,香港交易所,2019-11-27,191.64,190.84,192.24,189.64,33.617,0.00211,2664183,661884900.0,-0.2091612633340335,191.24
HK.00388,香港交易所,2019-11-28,188.04,193.04,193.64,188.04,33.915,0.00263,3312654,827038306.0,1.1527981555229452,190.84
HK.00388,香港交易所,2019-11-29,188.84,189.84,192.64,188.84,33.482,0.00324,4082342,1010024064.0,-1.6576875259013617,193.04
HK.00388,香港交易所,2019-12-02,190.64,190.24,191.84,190.04,33.536,0.00271,3412698,846242169.0,0.2107037505267623,189.84
HK.00388,香港交易所,2019-12-03,189.84,190.04,192.04,187.84,33.509,0.00248,3128350,773077969.0,-0.105130361648453,190.24
HK.00388,香港交易所,2019-12-04,188.64,187.64,189.24,187.24,33.184,0.00231,2908526,713316247.0,-1.2628920227320597,190.04
HK.00388,香港交易所,2019-12-05,188.84,186.64,189.64,186.04,33.048,0.00156,1961298,479494903.0,-0.5329354082285228,187.64
HK.00388,香港交易所,2019-12-06,188.64,190.24,190.44,187.64,33.536,0.00223,2809842,694031419.0,1.9288469781397464,186.64
HK.00388,香港交易所,2019-12-09,189.04,189.44,190.84,188.04,33.428,0.00143,1801287,444756350.0,-0.4205214465937822,190.24
HK.00388,香港交易所,2019-12-10,189.64,188.04,189.84,187.04,33.238,0.00141,1776040,435990138.0,-0.7390202702702733,189.44
HK.00388,香港交易所,2019-12-11,186.64,188.44,188.44,183.64,33.292,0.0025,3154389,769587162.0,0.2127206977238915,188.04
HK.00388,香港交易所,2019-12-12,190.64,192.44,194.44,189.64,33.834,0.00401,5052908,1262915929.0,2.1226915729144555,188.44
HK.00388,香港交易所,2019-12-13,195.64,198.04,198.04,194.24,34.592,0.00581,7323135,1857547039.0,2.9099979214300533,192.44
HK.00388,香港交易所,2019-12-16,196.44,194.44,197.24,194.04,34.105,0.00214,2700134,681988666.0,-1.81781458291254,198.04
HK.00388,香港交易所,2019-12-17,193.44,199.24,200.44,193.44,34.755,0.00415,5239678,1341059432.0,2.4686278543509625,194.44
HK.00388,香港交易所,2019-12-18,200.44,200.24,202.44,197.64,34.89,0.00337,4246874,1094150682.0,0.5019072475406544,199.24
HK.00388,香港交易所,2019-12-19,200.44,197.64,200.64,196.64,34.538,0.00238,2999820,765945736.0,-1.2984418697563038,200.24
HK.00388,香港交易所,2019-12-20,197.64,199.039999999,199.039999999,196.04,34.728,0.005,6306235,1610101442.0,0.7083586313499374,197.64
HK.00388,香港交易所,2019-12-23,200.039999999,198.44,200.24,196.84,34.647,0.00231,2917476,745106610.0,-0.3014469448367259,199.039999999
HK.00388,香港交易所,2019-12-24,198.04,196.04,198.64,194.24,34.322,0.00154,1936533,489529417.0,-1.209433581939128,198.44
HK.00388,香港交易所,2019-12-27,197.44,199.44,200.24,196.84,34.782,0.00199,2508285,642571700.0,1.7343399306264058,196.04
HK.00388,香港交易所,2019-12-30,199.64,198.84,201.44,197.64,34.701,0.00266,3355919,862240753.0,-0.3008423586040886,199.44
HK.00388,香港交易所,2019-12-31,198.64,195.64,199.039999999,194.84,34.267,0.00151,1901889,481487624.0,-1.609334138000411,198.84
HK.00388,香港交易所,2020-01-02,196.04,203.039999999,205.44,195.04,35.27,0.00566,7135253,1848357965.0,3.782457574626874,195.64
HK.00388,香港交易所,2020-01-03,206.64,209.24,213.039999999,206.64,36.109,0.00858,10823936,2898922349.0,3.0535855009015673,203.039999999
HK.00388,香港交易所,2020-01-06,208.84,211.24,213.24,207.64,36.38,0.00452,5701213,1529147617.0,0.9558401835213152,209.24
HK.00388,香港交易所,2020-01-07,214.44,212.44,214.64,211.24,36.543,0.00278,3501948,945938835.0,0.5680742283658344,211.24
HK.00388,香港交易所,2020-01-08,210.44,210.84,211.44,207.84,36.326,0.00367,4634563,1236628323.0,-0.753153831670116,212.44
HK.00388,香港交易所,2020-01-09,216.84,217.44,217.44,213.64,37.22,0.00462,5823897,1590692880.0,3.130335799658506,210.84
HK.00388,香港交易所,2020-01-10,217.44,217.64,217.64,215.44,37.247,0.00266,3352012,918629465.0,0.0919793966151529,217.44
HK.00388,香港交易所,2020-01-13,219.24,222.84,223.24,217.64,37.952,0.00538,6789892,1894059497.0,2.389266678919324,217.64
HK.00388,香港交易所,2020-01-14,224.84,220.24,225.04,219.24,37.599,0.00374,4719690,1317922519.0,-1.1667564171602918,222.84
HK.00388,香港交易所,2020-01-15,218.84,222.44,222.44,216.84,37.897,0.00316,3981073,1103212919.0,0.9989102796948732,220.24
HK.00388,香港交易所,2020-01-16,222.64,220.64,224.24,219.04,37.654,0.00267,3373083,940446130.0,-0.8092069771623861,222.44
HK.00388,香港交易所,2020-01-17,222.24,222.64,223.44,219.64,37.924,0.00226,2849141,794577015.0,0.9064539521392314,220.64
HK.00388,香港交易所,2020-01-20,223.64,222.84,226.24,221.64,37.952,0.00423,5339574,1500670821.0,0.0898311174991093,222.64
HK.00388,香港交易所,2020-01-21,222.24,214.44,222.64,213.039999999,36.814,0.00612,7716198,2109289861.0,-3.7695207323640303,222.84
HK.00388,香港交易所,2020-01-22,214.44,217.64,217.64,212.44,37.247,0.0028,3526956,962432944.0,1.4922589069203454,214.44
HK.00388,香港交易所,2020-01-23,215.84,212.039999999,217.039999999,209.039999999,36.489,0.00392,4943325,1332689528.0,-2.5730564239110385,217.64
HK.00388,香港交易所,2020-01-24,212.64,214.039999999,214.64,211.039999999,36.76,0.00131,1650852,447204092.0,0.9432182607099756,212.039999999
HK.00388,香港交易所,2020-01-29,204.64,206.44,209.039999999,204.24,35.73,0.00444,5600820,1479650141.0,-3.5507381793288695,214.039999999
HK.00388,香港交易所,2020-01-30,207.64,200.64,208.84,198.04,34.945,0.00451,5688105,1472728401.0,-2.8095330362332938,206.44
HK.00388,香港交易所,2020-01-31,205.64,201.44,205.64,201.24,35.053,0.00398,5022051,1307393207.0,0.3987240829346149,200.64
HK.00388,香港交易所,2020-02-03,199.039999999,203.039999999,204.24,198.64,35.27,0.00326,4114799,1067833167.0,0.7942811750397165,201.44
HK.00388,香港交易所,2020-02-04,201.039999999,206.64,207.44,201.039999999,35.757,0.00455,5738311,1511088701.0,1.7730496458913094,203.039999999
HK.00388,香港交易所,2020-02-05,208.64,209.24,209.44,205.84,36.109,0.00505,6371086,1692813557.0,1.258226867982977,206.64
HK.00388,香港交易所,2020-02-06,212.64,215.64,217.44,212.039999999,36.976,0.0063,7939798,2164739810.0,3.0586885872681977,209.24
HK.00388,香港交易所,2020-02-07,215.64,213.24,215.64,209.84,36.651,0.00273,3445259,928033993.0,-1.1129660545353262,215.64
HK.00388,香港交易所,2020-02-10,210.44,211.039999999,212.44,209.64,36.353,0.00224,2822520,757195176.0,-1.0317013698180484,213.24
HK.00388,香港交易所,2020-02-11,212.64,212.84,213.64,210.24,36.597,0.00271,3420248,922174398.0,0.8529188784157173,211.039999999
HK.00388,香港交易所,2020-02-12,214.64,213.039999999,215.039999999,212.039999999,36.624,0.00236,2975436,805265352.0,0.0939672989099789,212.84
HK.00388,香港交易所,2020-02-13,214.64,211.44,214.64,209.84,36.407,0.00267,3371279,905857478.0,-0.7510326694552738,213.039999999
HK.00388,香港交易所,2020-02-14,209.84,212.24,213.64,209.84,36.516,0.00167,2100590,565851098.0,0.3783579265985676,211.44
HK.00388,香港交易所,2020-02-17,212.64,215.44,215.64,212.24,36.949,0.00216,2727836,741708490.0,1.5077271013946425,212.24
HK.00388,香港交易所,2020-02-18,215.24,212.64,215.24,211.64,36.57,0.00166,2088046,564080165.0,-1.2996658002228052,215.44
HK.00388,香港交易所,2020-02-19,214.44,213.039999999,214.44,212.039999999,36.624,0.00142,1789838,484153705.0,0.1881113614559896,212.64
HK.00388,香港交易所,2020-02-20,214.44,214.039999999,214.44,209.64,36.76,0.00257,3235987,875125264.0,0.4693954187029168,213.039999999
HK.00388,香港交易所,2020-02-21,213.039999999,210.24,213.64,208.84,36.245,0.00292,3685494,986059502.0,-1.7753690894308294,214.039999999
HK.00388,香港交易所,2020-02-24,207.64,203.44,207.64,202.24,35.324,0.00485,6114497,1598566630.0,-3.2343987823439933,210.24
HK.00388,香港交易所,2020-02-25,202.64,204.44,205.039999999,200.84,35.459,0.00331,4172326,1084817863.0,0.4915454187966968,203.44
HK.00388,香港交易所,2020-02-26,200.64,202.44,203.64,199.64,35.188,0.00308,3885392,1006895865.0,-0.9782821365681862,204.44
HK.00388,香港交易所,2020-02-27,202.44,203.44,203.44,198.84,35.025,0.00329,4145590,1071555807.0,0.4939735230191661,202.44
HK.00388,香港交易所,2020-02-28,199.039999999,198.44,199.84,192.64,34.354,0.0069,8706351,2211903168.0,-2.457727093983484,203.44
HK.00388,香港交易所,2020-03-02,198.84,197.44,200.64,195.84,34.219,0.00406,5124136,1308854527.0,-0.5039306591413021,198.44
HK.00388,香港交易所,2020-03-03,200.64,199.64,202.64,198.04,34.515,0.00368,4638528,1194815218.0,1.1142625607779522,197.44
HK.00388,香港交易所,2020-03-04,198.64,197.84,199.64,196.24,34.273,0.00381,4806574,1225191117.0,-0.9016229212582564,199.64
HK.00388,香港交易所,2020-03-05,199.84,202.24,202.64,197.64,34.864,0.00511,6438732,1658767315.0,2.224019409623941,197.84
HK.00388,香港交易所,2020-03-06,200.44,198.04,201.039999999,197.84,34.3,0.00255,3210325,822847466.0,-2.076740506329122,202.24
HK.00388,香港交易所,2020-03-09,194.04,190.64,194.44,190.64,33.306,0.00678,8555533,2135924319.0,-3.7366188648757857,198.04
HK.00388,香港交易所,2020-03-10,191.44,193.24,194.64,188.04,33.655,0.00571,7200182,1794777848.0,1.3638271086865417,190.64
HK.00388,香港交易所,2020-03-11,194.63,192.23,195.23,192.03,33.118,0.00354,4461430,1105040182.0,-0.5226661146760605,193.24
HK.00388,香港交易所,2020-03-12,188.63,184.03,190.23,182.63,32.017,0.00629,7937671,1898536923.0,-4.265723352234297,192.23
HK.00388,香港交易所,2020-03-13,175.63,183.83,185.43,171.63,31.99,0.00986,12435490,2887741297.0,-0.1086779329457092,184.03
HK.00388,香港交易所,2020-03-16,177.43,174.23,180.23,173.63,30.701,0.00692,8727347,2008705874.0,-5.222216177990547,183.83
HK.00388,香港交易所,2020-03-17,173.63,176.83,177.83,169.43,31.05,0.00652,8224395,1887860310.0,1.49228031911842,174.23
HK.00388,香港交易所,2020-03-18,177.63,167.43,180.23,167.43,29.787,0.00749,9442867,2144603829.0,-5.31584007238591,176.83
HK.00388,香港交易所,2020-03-19,163.83,158.63,165.83,151.63,28.605,0.01421,17920363,3812317860.0,-5.2559278504449685,167.43
HK.00388,香港交易所,2020-03-20,163.43,163.63,167.43,161.43,29.277,0.0108,13621900,2980181660.0,3.151988904999054,158.63
HK.00388,香港交易所,2020-03-23,154.63,157.03,160.63,154.43,28.391,0.00741,9343515,1979248189.0,-4.033490191285213,163.63
HK.00388,香港交易所,2020-03-24,163.83,169.43,169.63,163.23,30.056,0.00726,9158338,2029942576.0,7.896580271285745,157.03
HK.00388,香港交易所,2020-03-25,176.23,177.63,178.63,173.43,31.157,0.00766,9657066,2226097054.0,4.839756831729911,169.43
HK.00388,香港交易所,2020-03-26,179.63,177.43,179.63,174.23,31.13,0.00528,6661467,1543059368.0,-0.1125935934245277,177.63
HK.00388,香港交易所,2020-03-27,181.63,180.23,183.43,177.43,31.506,0.00539,6793499,1591129407.0,1.578087132953831,177.43
HK.00388,香港交易所,2020-03-30,174.43,177.63,180.63,174.43,31.157,0.00472,5956231,1381120455.0,-1.4426011207900986,180.23
HK.00388,香港交易所,2020-03-31,182.63,179.43,182.63,176.63,31.399,0.00382,4822887,1125876879.0,1.0133423408208135,177.63
HK.00388,香港交易所,2020-04-01,182.23,176.63,182.23,174.23,31.023,0.00416,5251052,1217611311.0,-1.5604971297999282,179.43
HK.00388,香港交易所,2020-04-02,176.63,180.63,180.63,174.83,31.56,0.00267,3364568,785094045.0,2.2646209590669764,176.63
HK.00388,香港交易所,2020-04-03,178.23,182.03,182.23,178.23,31.748,0.00322,4059519,955333488.0,0.7750650501024225,180.63
HK.00388,香港交易所,2020-04-06,183.63,186.03,186.03,180.43,32.285,0.0035,4420068,1053764820.0,2.19743998242048,182.03
HK.00388,香港交易所,2020-04-07,189.63,189.43,190.03,186.83,32.742,0.00358,4519948,1097487080.0,1.8276622050206988,186.03
HK.00388,香港交易所,2020-04-08,187.03,188.03,189.03,186.03,32.554,0.00218,2749718,664668893.0,-0.7390592831124984,189.43
HK.00388,香港交易所,2020-04-09,190.43,193.03,194.03,189.03,33.225,0.00416,5242656,1290188187.0,2.659150135616657,188.03
HK.00388,香港交易所,2020-04-14,192.83,195.03,195.63,192.43,33.494,0.00248,3125430,778470834.0,1.0361083769362276,193.03
HK.00388,香港交易所,2020-04-15,195.63,192.63,196.83,190.83,33.172,0.00337,4256171,1057263297.0,-1.2305799107829594,195.03
HK.00388,香港交易所,2020-04-16,191.43,190.43,192.63,188.83,33.049,0.00281,3539366,866092636.0,-1.142085864091776,192.63
HK.00388,香港交易所,2020-04-17,195.63,192.63,196.43,191.03,33.346,0.00253,3211940,797304625.0,1.1552801554376877,190.43
HK.00388,香港交易所,2020-04-20,192.83,189.83,193.63,189.43,32.968,0.00194,2460706,602227414.0,-1.4535638270258957,192.63
HK.00388,香港交易所,2020-04-21,192.63,188.03,192.63,185.23,32.725,0.00278,3520232,850792213.0,-0.9482168255807888,189.83
HK.00388,香港交易所,2020-04-22,185.63,188.23,188.63,184.63,32.752,0.00218,2765730,667790907.0,0.1063660054246602,188.03
HK.00388,香港交易所,2020-04-23,191.63,190.03,191.83,187.83,32.995,0.00252,3198414,780306540.0,0.956276895287686,188.23
HK.00388,香港交易所,2020-04-24,187.63,190.63,190.63,187.43,33.076,0.00176,2235381,545112552.0,0.3157396200599875,190.03
HK.00388,香港交易所,2020-04-27,191.23,192.63,192.83,190.63,33.346,0.002,2532890,624474067.0,1.0491528091066464,190.63
HK.00388,香港交易所,2020-04-28,193.63,198.23,198.43,192.23,34.102,0.00435,5517186,1381595155.0,2.9071276540518065,192.63
HK.00388,香港交易所,2020-04-29,198.63,197.63,200.23,197.63,34.021,0.00264,3347887,846598139.0,-0.3026787065529911,198.23
HK.00388,香港交易所,2020-05-04,192.63,192.03,192.63,189.63,33.265,0.00391,4951916,1215785502.0,-2.833577898092392,197.63
HK.00388,香港交易所,2020-05-05,195.23,199.23,199.23,192.83,34.237,0.00341,4326301,1086363342.0,3.749414154038426,192.03
HK.00388,香港交易所,2020-05-06,197.63,199.03,200.63,197.63,34.21,0.00357,4521808,1144890562.0,-0.1003864879787123,199.23
HK.00388,香港交易所,2020-05-07,199.43,192.03,199.43,188.63,33.265,0.00759,9624132,2372355983.0,-3.517057729990454,199.03
HK.00388,香港交易所,2020-05-08,194.03,188.43,194.03,187.83,32.779,0.00662,8393554,2051438169.0,-1.874707077019213,192.03
HK.00388,香港交易所,2020-05-11,191.63,195.63,197.23,191.43,33.751,0.00514,6513615,1625345923.0,3.821047603884726,188.43
HK.00388,香港交易所,2020-05-12,196.63,197.23,198.03,194.03,33.967,0.00409,5180274,1298449154.0,0.8178704697643482,195.63
HK.00388,香港交易所,2020-05-13,196.03,200.23,201.03,195.03,34.372,0.00382,4837463,1227012537.0,1.5210667748314153,197.23
HK.00388,香港交易所,2020-05-14,198.23,195.23,198.43,194.83,33.697,0.00265,3363018,843487882.0,-2.49712830245218,200.23
HK.00388,香港交易所,2020-05-15,195.43,198.03,198.63,194.03,34.075,0.00203,2579800,648100905.0,1.4342058085335303,195.23
HK.00388,香港交易所,2020-05-18,197.03,200.43,201.63,197.03,34.399,0.00286,3630823,924083622.0,1.2119375852143643,198.03
HK.00388,香港交易所,2020-05-19,206.63,210.83,212.029999999,206.43,35.803,0.00904,11463814,3027865836.0,5.188843985431325,200.43
HK.00388,香港交易所,2020-05-20,210.43,211.43,214.43,208.43,35.884,0.00493,6248734,1662523059.0,0.2845894796755652,210.83
HK.00388,香港交易所,2020-05-21,215.63,216.63,220.23,215.43,36.587,0.0101,12803812,3486742240.0,2.4594428416024163,211.43
HK.00388,香港交易所,2020-05-22,212.83,204.63,213.029999999,203.23,34.966,0.01066,13517566,3535861952.0,-5.539398975211189,216.63
HK.00388,香港交易所,2020-05-25,203.63,220.63,220.63,200.63,37.127,0.01159,14691447,3927725624.0,7.818990372868104,204.63
HK.00388,香港交易所,2020-05-26,223.63,218.029999999,226.43,218.029999999,36.776,0.00741,9395396,2591992903.0,-1.1784435484748148,220.63
HK.00388,香港交易所,2020-05-27,221.23,218.43,222.83,215.029999999,36.83,0.00539,6831271,1863400163.0,0.1834609920661513,218.029999999
HK.00388,香港交易所,2020-05-28,217.43,215.23,218.029999999,209.63,36.398,0.00828,10499383,2820099592.0,-1.4650002289062936,218.43
HK.00388,香港交易所,2020-05-29,210.83,215.83,220.029999999,210.83,36.479,0.00512,6496883,1759302281.0,0.2787715467174756,215.23
HK.00388,香港交易所,2020-06-01,224.63,228.43,229.23,221.83,38.18,0.01186,15034166,4223780790.0,5.837927998888011,215.83
HK.00388,香港交易所,2020-06-02,230.63,233.63,234.23,228.83,38.882,0.00949,12036797,3445991609.0,2.2764085277765567,228.43
HK.00388,香港交易所,2020-06-03,236.63,238.03,240.03,234.83,39.476,0.00924,11716826,3421998673.0,1.8833197791379557,233.63
HK.00388,香港交易所,2020-06-04,240.83,237.63,241.03,234.83,39.422,0.0055,6971498,2035382490.0,-0.1680460446162272,238.03
HK.00388,香港交易所,2020-06-05,237.23,239.83,240.43,235.83,39.719,0.00566,7169644,2102423531.0,0.9258090308462807,237.63
HK.00388,香港交易所,2020-06-08,240.63,238.43,244.43,237.63,39.53,0.00665,8429072,2489370184.0,-0.5837468206646398,239.83
HK.00388,香港交易所,2020-06-09,238.63,236.43,241.63,236.03,39.26,0.00659,8360605,2454161077.0,-0.8388206182107956,238.43
HK.00388,香港交易所,2020-06-10,239.63,242.03,242.63,238.63,40.016,0.00515,6524580,1926578549.0,2.3685657488474363,236.43
HK.00388,香港交易所,2020-06-11,243.23,240.03,245.23,240.03,39.746,0.00716,9078417,2699078304.0,-0.82634384167252,242.03
HK.00388,香港交易所,2020-06-12,234.63,241.83,241.83,234.03,39.989,0.00497,6301599,1847427378.0,0.74990626171729,240.03
HK.00388,香港交易所,2020-06-15,239.23,233.03,242.03,231.83,38.801,0.00658,8343223,2421476157.0,-3.6389199024107888,241.83
HK.00388,香港交易所,2020-06-16,238.83,241.43,241.43,238.43,39.935,0.00453,5745974,1692487900.0,3.604686091919498,233.03
HK.00388,香港交易所,2020-06-17,244.63,239.23,244.63,237.83,39.638,0.00465,5893851,1734384547.0,-0.9112372116141396,241.43
HK.00388,香港交易所,2020-06-18,240.43,241.63,241.63,235.83,39.962,0.00607,7694884,2261436568.0,1.0032186598670758,239.23
HK.00388,香港交易所,2020-06-19,241.63,246.03,246.43,241.43,40.556,0.00987,12513822,3747154026.0,1.8209659396598128,241.63
HK.00388,香港交易所,2020-06-22,246.03,257.23,257.63,245.43,42.068,0.01022,12955661,3970173219.0,4.552290371092963,246.03
HK.00388,香港交易所,2020-06-23,260.63,265.63,265.63,251.63,43.202,0.01022,12959881,4105353542.0,3.265560004665077,257.23
HK.00388,香港交易所,2020-06-24,265.63,263.43,267.43,262.63,42.905,0.00506,6410223,2045725953.0,-0.8282197040996833,265.63
HK.00388,香港交易所,2020-06-26,265.23,265.03,267.43,261.63,43.121,0.00468,5938642,1897695480.0,0.6073719773753808,263.43
HK.00388,香港交易所,2020-06-29,263.63,265.63,266.63,262.43,43.202,0.00449,5694721,1817971266.0,0.2263894653435546,265.03
HK.00388,香港交易所,2020-06-30,267.23,275.63,277.83,265.63,44.552,0.00885,11224546,3690982515.0,3.764635018634943,265.63
HK.00388,香港交易所,2020-07-02,278.63,295.63,295.63,277.03,47.252,0.01031,13069603,4462052278.0,7.256104197656279,275.63
HK.00388,香港交易所,2020-07-03,295.63,291.03,300.03,286.63,46.631,0.00844,10697868,3702399266.0,-1.5559990528701495,295.63
HK.00388,香港交易所,2020-07-06,291.63,299.03,300.63,291.03,47.711,0.00718,9104748,3203828260.0,2.748857506099028,291.03
HK.00388,香港交易所,2020-07-07,300.63,293.43,305.63,292.63,46.955,0.00746,9460517,3344558897.0,-1.8727218004882344,299.03
HK.00388,香港交易所,2020-07-08,295.63,303.63,303.63,293.83,48.332,0.00564,7153071,2541145518.0,3.4761271853593665,293.43
HK.00388,香港交易所,2020-07-09,305.63,316.23,316.63,304.23,50.033,0.00741,9399595,3449458171.0,4.14978757039819,303.63
HK.00388,香港交易所,2020-07-10,311.83,309.43,319.23,307.83,49.115,0.00633,8028498,2943015799.0,-2.1503336179363157,316.23
HK.00388,香港交易所,2020-07-13,309.63,306.83,315.23,306.83,48.764,0.00636,8063068,2943028167.0,-0.8402546617975061,309.43
HK.00388,香港交易所,2020-07-14,301.63,301.43,305.03,295.63,48.035,0.00689,8730639,3099923340.0,-1.7599322100185697,306.83
HK.00388,香港交易所,2020-07-15,310.63,302.23,310.63,298.83,48.143,0.00463,5872640,2102007177.0,0.2654015857744787,301.43
HK.00388,香港交易所,2020-07-16,302.03,281.83,302.43,281.03,45.389,0.00834,10573670,3621262266.0,-6.749826291235163,302.23
HK.00388,香港交易所,2020-07-17,284.63,292.43,294.43,284.63,46.82,0.00481,6100371,2101791664.0,3.7611325976652674,281.83
HK.00388,香港交易所,2020-07-20,295.23,291.63,297.83,287.23,46.712,0.0031,3935782,1367734828.0,-0.2735697431864075,292.43
HK.00388,香港交易所,2020-07-21,311.43,325.63,325.63,305.43,51.302,0.01146,14526198,5415336129.0,11.658608510784212,291.63
HK.00388,香港交易所,2020-07-22,325.63,306.83,326.63,306.63,48.764,0.00625,7919604,2949991923.0,-5.77342382458619,325.63
HK.00388,香港交易所,2020-07-23,311.63,321.43,321.43,310.03,50.735,0.00683,8663758,3211623120.0,4.7583352344946785,306.83
HK.00388,香港交易所,2020-07-24,316.63,306.03,317.43,303.83,48.656,0.00686,8702497,3160341033.0,-4.7910898173786,321.43
HK.00388,香港交易所,2020-07-27,307.23,299.43,311.63,296.83,47.765,0.0061,7739812,2771043670.0,-2.156651308695215,306.03
HK.00388,香港交易所,2020-07-28,305.63,308.83,313.03,304.63,49.034,0.0036,4558359,1652635325.0,3.1392979995324373,299.43
HK.00388,香港交易所,2020-07-29,306.63,313.03,314.63,306.43,49.601,0.00335,4249828,1557001937.0,1.3599715053589316,308.83
HK.00388,香港交易所,2020-07-30,314.43,308.23,320.23,308.03,48.953,0.0041,5191921,1916894995.0,-1.5333993546944238,313.03
HK.00388,香港交易所,2020-07-31,311.63,315.83,318.03,310.83,49.979,0.00418,5294034,1953798435.0,2.4656912046199153,308.23
HK.00388,香港交易所,2020-08-03,318.63,316.83,319.03,313.43,50.114,0.00239,3028743,1122911880.0,0.3166260329924327,315.83
HK.00388,香港交易所,2020-08-04,319.63,322.43,324.63,316.63,50.87,0.00408,5173621,1941980357.0,1.7675093898936411,316.83
HK.00388,香港交易所,2020-08-05,325.23,331.63,333.23,321.03,52.112,0.00497,6301703,2419921701.0,2.8533325062804296,322.43
HK.00388,香港交易所,2020-08-06,333.23,330.63,333.63,322.63,51.977,0.00451,5717924,2189830699.0,-0.3015408738654525,331.63
HK.00388,香港交易所,2020-08-07,331.63,327.03,332.03,316.63,51.491,0.00414,5254574,1995311214.0,-1.088830414662923,330.63
HK.00388,香港交易所,2020-08-10,323.63,319.63,323.63,317.03,50.492,0.00452,5728426,2145289007.0,-2.2627893465431237,327.03
HK.00388,香港交易所,2020-08-11,320.63,319.63,325.23,316.03,50.492,0.0048,6091648,2285214571.0,0.0,319.63
HK.00388,香港交易所,2020-08-12,316.63,315.43,317.83,303.83,49.925,0.00778,9859902,3596409904.0,-1.3140193348559237,319.63
HK.00388,香港交易所,2020-08-13,320.43,317.63,321.63,315.63,50.222,0.00218,2764840,1028939102.0,0.6974606093269469,315.43
HK.00388,香港交易所,2020-08-14,316.03,314.03,318.83,312.63,49.736,0.00233,2948889,1090723833.0,-1.1333942007996798,317.63
HK.00388,香港交易所,2020-08-17,311.03,322.23,322.23,311.03,50.843,0.0039,4939259,1849216317.0,2.611215488966037,314.03
HK.00388,香港交易所,2020-08-18,323.23,324.63,324.83,321.03,51.167,0.00231,2925996,1104179708.0,0.7448096080439367,322.23
HK.00388,香港交易所,2020-08-19,323.63,319.23,327.23,316.83,50.438,0.00236,2995328,1121831361.0,-1.6634322151372265,324.63
HK.00388,香港交易所,2020-08-20,318.63,316.63,318.63,311.63,50.087,0.00525,6658270,2452542039.0,-0.8144597938790286,319.23
HK.00388,香港交易所,2020-08-21,319.43,322.03,323.43,317.03,50.816,0.00248,3139012,1176486457.0,1.705460632283731,316.63
HK.00388,香港交易所,2020-08-24,323.63,326.63,327.23,322.23,51.437,0.00279,3539109,1342520490.0,1.428438344253648,322.03
HK.00388,香港交易所,2020-08-25,326.63,320.63,327.63,320.63,50.627,0.00279,3535702,1336050748.0,-1.8369408811193093,326.63
HK.00388,香港交易所,2020-08-26,318.63,327.63,328.23,318.63,51.572,0.00267,3379748,1284325845.0,2.1832018214140914,320.63
HK.00388,香港交易所,2020-08-27,327.63,325.03,330.83,323.63,51.221,0.00264,3341823,1273612759.0,-0.7935781216616375,327.63
HK.00388,香港交易所,2020-08-28,328.43,326.23,331.23,324.23,51.383,0.00468,5936037,2267794799.0,0.3691966895363645,325.03
HK.00388,香港交易所,2020-08-31,330.63,336.83,343.43,329.23,52.814,0.00644,8167226,3206133997.0,3.2492413328020007,326.23
HK.00388,香港交易所,2020-09-01,339.74,343.54,343.94,335.74,53.219,0.00409,5190038,2037315741.0,1.992102841195866,336.83
HK.00388,香港交易所,2020-09-02,344.34,343.34,346.14,339.74,53.192,0.00338,4289596,1689467031.0,-0.0582173837107892,343.54
HK.00388,香港交易所,2020-09-03,340.74,335.94,343.14,333.54,52.193,0.00276,3493541,1356708746.0,-2.1552979553795004,343.34
HK.00388,香港交易所,2020-09-04,327.34,329.94,329.94,319.34,51.383,0.00711,9019972,3403034614.0,-1.786033220217896,335.94
HK.00388,香港交易所,2020-09-07,324.34,319.34,327.74,319.34,49.952,0.00512,6492762,2420990091.0,-3.212705340364922,329.94
HK.00388,香港交易所,2020-09-08,323.14,317.34,323.94,310.74,49.682,0.00378,4795510,1763269139.0,-0.6262917266862905,319.34
HK.00388,香港交易所,2020-09-09,311.34,316.94,319.34,311.14,49.628,0.00332,4213711,1537863071.0,-0.1260477721056208,317.34
HK.00388,香港交易所,2020-09-10,318.54,312.74,320.94,312.74,49.061,0.00227,2880813,1060442175.0,-1.3251719568372526,316.94
HK.00388,香港交易所,2020-09-11,312.34,318.34,319.34,312.34,49.817,0.0022,2783637,1023961728.0,1.7906248001534713,312.74
HK.00388,香港交易所,2020-09-14,320.54,321.14,327.34,319.34,50.195,0.00214,2707320,1013383491.0,0.8795627316705446,318.34
HK.00388,香港交易所,2020-09-15,321.34,320.34,323.94,318.94,50.087,0.0014,1779603,662471140.0,-0.2491125365884073,321.14
HK.00388,香港交易所,2020-09-16,320.74,323.74,326.74,320.74,50.546,0.00169,2139899,802498553.0,1.0613722919398247,320.34
HK.00388,香港交易所,2020-09-17,323.74,319.34,325.14,318.34,49.952,0.00211,2673720,993234649.0,-1.3591153394699556,323.74
HK.00388,香港交易所,2020-09-18,320.94,321.94,321.94,317.34,50.303,0.0027,3422523,1270859720.0,0.8141792446921848,319.34
HK.00388,香港交易所,2020-09-21,323.14,316.34,324.54,316.34,49.547,0.00226,2865329,1059869634.0,-1.739454556749712,321.94
HK.00388,香港交易所,2020-09-22,316.14,313.54,318.14,313.54,49.169,0.0026,3297242,1207409587.0,-0.8851236011885804,316.34
HK.00388,香港交易所,2020-09-23,313.54,317.54,318.94,312.74,49.709,0.00153,1944877,714392067.0,1.275754289723799,313.54
HK.00388,香港交易所,2020-09-24,315.34,306.94,315.34,306.74,48.278,0.00451,5721780,2061095739.0,-3.3381621213075583,317.54
HK.00388,香港交易所,2020-09-25,306.34,305.14,311.74,303.74,48.035,0.0033,4186161,1495913661.0,-0.5864338307161046,306.94
HK.00388,香港交易所,2020-09-28,302.94,309.94,312.14,302.94,48.683,0.00265,3364064,1210122140.0,1.57304843678312,305.14
HK.00388,香港交易所,2020-09-29,312.94,308.34,313.54,305.94,48.467,0.00225,2848408,1025041497.0,-0.5162289475382406,309.94
HK.00388,香港交易所,2020-09-30,309.34,311.14,314.74,306.74,48.845,0.00246,3118842,1126906507.0,0.9080884737627332,308.34
HK.00388,香港交易所,2020-10-05,315.34,315.34,316.74,312.54,49.412,0.00239,3027347,1105787507.0,1.349874654496365,311.14
HK.00388,香港交易所,2020-10-06,318.34,324.34,325.34,317.74,50.627,0.00355,4500250,1678160947.0,2.8540622819813537,315.34
HK.00388,香港交易所,2020-10-07,327.34,326.34,327.34,321.34,50.897,0.0025,3170865,1191054102.0,0.6166368625516434,324.34
HK.00388,香港交易所,2020-10-08,329.34,327.14,329.34,322.34,51.005,0.00183,2326474,875181617.0,0.2451431022859629,326.34
HK.00388,香港交易所,2020-10-09,327.34,321.34,328.34,321.34,50.222,0.00195,2473918,928044361.0,-1.772941248395186,327.14
HK.00388,香港交易所,2020-10-12,321.74,326.14,331.14,321.34,50.87,0.00488,6191023,2337744776.0,1.4937449430509775,321.34
HK.00388,香港交易所,2020-10-14,323.94,322.34,325.14,318.94,50.357,0.00408,5168561,1919993335.0,-1.1651438032746708,326.14
HK.00388,香港交易所,2020-10-15,319.34,311.34,320.54,311.34,48.872,0.00408,5171806,1893240351.0,-3.4125457591363157,322.34
HK.00388,香港交易所,2020-10-16,311.14,310.54,315.54,309.34,48.764,0.00385,4880405,1767653276.0,-0.2569538125521791,311.34
HK.00388,香港交易所,2020-10-19,309.34,316.54,318.54,309.34,49.574,0.00267,3384560,1239674633.0,1.932118245636633,310.54
HK.00388,香港交易所,2020-10-20,315.54,316.34,317.54,314.34,49.547,0.00174,2206501,809036518.0,-0.063183168004058,316.54
HK.00388,香港交易所,2020-10-21,317.34,320.74,322.34,317.34,50.141,0.00284,3604832,1334545909.0,1.3909085161535166,316.34
HK.00388,香港交易所,2020-10-22,320.54,319.34,320.54,314.54,49.952,0.00254,3218224,1183303268.0,-0.4364906154517784,320.74
HK.00388,香港交易所,2020-10-23,320.34,317.34,320.34,314.74,49.682,0.00259,3286031,1209015695.0,-0.6262917266862905,319.34
HK.00388,香港交易所,2020-10-27,317.34,314.14,317.54,311.54,49.25,0.00372,4717452,1718614624.0,-1.0083821768450207,317.34
HK.00388,香港交易所,2020-10-28,314.14,326.94,329.74,313.14,50.978,0.00689,8730112,3270123936.0,4.074616413064243,314.14
HK.00388,香港交易所,2020-10-29,321.34,332.74,334.14,319.74,51.761,0.00651,8250993,3131353400.0,1.7740258151342787,326.94
HK.00388,香港交易所,2020-10-30,331.94,319.54,332.34,319.14,49.979,0.00582,7374458,2765207858.0,-3.9670613692372383,332.74
HK.00388,香港交易所,2020-11-02,319.74,323.74,324.34,315.54,50.546,0.00322,4085313,1517250549.0,1.3143894348125396,319.54
HK.00388,香港交易所,2020-11-03,327.34,327.34,333.34,324.74,51.032,0.00553,7010006,2664986974.0,1.112003459566308,323.74
HK.00388,香港交易所,2020-11-04,312.34,320.94,321.34,311.34,50.168,0.0087,11034254,4057874153.0,-1.9551536628581832,327.34
HK.00388,香港交易所,2020-11-05,327.34,332.54,333.74,325.34,51.734,0.00759,9625066,3664282956.0,3.614382750669914,320.94
HK.00388,香港交易所,2020-11-06,333.34,330.34,337.34,329.34,51.437,0.00381,4834083,1850989145.0,-0.66157454742288,332.54
HK.00388,香港交易所,2020-11-09,338.34,337.14,343.94,335.34,52.355,0.00564,7150862,2790134001.0,2.058485197069689,330.34
HK.00388,香港交易所,2020-11-10,339.34,329.94,341.34,324.94,51.383,0.00567,7192472,2747818949.0,-2.135611318739986,337.14
HK.00388,香港交易所,2020-11-11,325.94,314.74,327.74,314.34,49.331,0.0065,8236127,3055587332.0,-4.606898223919497,329.94
HK.00388,香港交易所,2020-11-12,317.34,318.74,324.34,317.34,49.871,0.00398,5040584,1872301034.0,1.2708902586261677,314.74
HK.00388,香港交易所,2020-11-13,323.14,320.34,326.34,319.54,50.087,0.00352,4462545,1666461773.0,0.5019765325970904,318.74
HK.00388,香港交易所,2020-11-16,323.94,323.34,325.14,315.34,50.492,0.00353,4481080,1667670021.0,0.9365049634763064,320.34
HK.00388,香港交易所,2020-11-17,327.34,322.34,327.34,320.34,50.357,0.00193,2447195,913092534.0,-0.3092719737737366,323.34
HK.00388,香港交易所,2020-11-18,322.94,319.34,323.34,317.54,49.952,0.00297,3769532,1395342795.0,-0.930694297946268,322.34
HK.00388,香港交易所,2020-11-19,318.54,319.74,321.34,316.34,50.006,0.00257,3262491,1208157379.0,0.1252583453372688,319.34
HK.00388,香港交易所,2020-11-20,320.94,325.54,327.14,320.94,50.789,0.00309,3923833,1474174079.0,1.8139738537561805,319.74
HK.00388,香港交易所,2020-11-23,328.54,326.14,329.34,324.74,50.87,0.00241,3059445,1156140107.0,0.1843091478773625,325.54
HK.00388,香港交易所,2020-11-24,329.34,341.34,341.34,327.54,52.922,0.00717,9088307,3525177689.0,4.6605752130986655,326.14
HK.00388,香港交易所,2020-11-25,343.74,332.34,347.74,330.74,51.707,0.00684,8665708,3384135818.0,-2.636667252592723,341.34
HK.00388,香港交易所,2020-11-26,335.94,332.14,335.94,330.14,51.68,0.00149,1887248,722750934.0,-0.0601793344165579,332.34
HK.00388,香港交易所,2020-11-27,331.34,335.54,338.54,330.94,52.139,0.00201,2550658,986161347.0,1.0236647196965238,332.14
HK.00388,香港交易所,2020-11-30,335.74,334.74,339.14,329.74,52.031,0.00482,6109399,2354673642.0,-0.238421648685704,335.54
HK.00388,香港交易所,2020-12-01,336.54,335.54,338.34,332.34,52.139,0.00261,3306955,1276521361.0,0.2389914560554494,334.74
HK.00388,香港交易所,2020-12-02,336.94,329.14,338.34,327.34,51.275,0.0035,4440677,1690609936.0,-1.9073731894856152,335.54
HK.00388,香港交易所,2020-12-03,334.34,334.14,335.34,330.74,51.95,0.00361,4582671,1759607683.0,1.519110408944522,329.14
HK.00388,香港交易所,2020-12-04,337.34,341.34,341.34,334.54,52.922,0.00386,4891068,1904378080.0,2.1547854192853264,334.14
HK.00388,香港交易所,2020-12-07,339.54,333.74,339.54,331.54,51.896,0.00329,4167750,1601726637.0,-2.226519013300512,341.34
HK.00388,香港交易所,2020-12-08,333.34,333.34,338.34,331.54,51.842,0.00213,2705795,1041828487.0,-0.1198537783903739,333.74
HK.00388,香港交易所,2020-12-09,336.54,333.94,337.14,331.74,51.923,0.0019,2409324,928466538.0,0.1799964000720054,333.34
HK.00388,香港交易所,2020-12-10,329.94,333.54,335.14,329.94,51.869,0.00157,1986228,761520415.0,-0.1197819967658792,333.94
HK.00388,香港交易所,2020-12-11,335.34,335.34,337.14,333.14,52.112,0.00204,2584766,997676930.0,0.5396654074473689,333.54
HK.00388,香港交易所,2020-12-14,338.34,337.14,338.34,334.34,52.355,0.00294,3726291,1441697594.0,0.5367686527106851,335.34
HK.00388,香港交易所,2020-12-15,337.34,331.74,337.34,328.74,51.626,0.00281,3557003,1359774891.0,-1.6017084890549853,337.14
HK.00388,香港交易所,2020-12-16,335.34,336.74,338.14,333.34,52.301,0.00279,3536979,1366850414.0,1.5072044372098632,331.74
HK.00388,香港交易所,2020-12-17,339.34,342.54,342.54,336.74,53.084,0.00329,4166768,1627547186.0,1.7223971016214323,336.74
HK.00388,香港交易所,2020-12-18,342.34,343.34,344.14,338.34,53.192,0.00324,4110715,1613474774.0,0.2335493664973301,342.54
HK.00388,香港交易所,2020-12-21,344.34,352.34,356.34,341.74,54.407,0.00786,9959184,4009014991.0,2.6213083241102115,343.34
HK.00388,香港交易所,2020-12-22,354.34,346.14,355.34,345.34,53.57,0.00288,3653927,1458953092.0,-1.7596639609468094,352.34
HK.00388,香港交易所,2020-12-23,344.34,353.14,353.14,343.74,54.515,0.00235,2983900,1197284429.0,2.022303114346796,346.14
HK.00388,香港交易所,2020-12-24,353.54,362.34,363.74,350.94,55.758,0.00372,4718024,1935276472.0,2.605199071189894,353.14
HK.00388,香港交易所,2020-12-28,364.34,363.54,370.74,361.34,55.92,0.00314,3984999,1662829962.0,0.3311806590495241,362.34
HK.00388,香港交易所,2020-12-29,366.14,362.54,368.74,361.54,55.785,0.00182,2302202,956063842.0,-0.275072894316994,363.54
HK.00388,香港交易所,2020-12-30,363.14,374.54,375.34,363.14,57.405,0.00366,4645458,1960179826.0,3.309979588459204,362.54
HK.00388,香港交易所,2020-12-31,375.34,374.34,381.34,374.34,57.378,0.00231,2924062,1252041016.0,-0.0533988359053894,374.54
HK.00388,香港交易所,2021-01-04,374.34,391.14,391.14,373.74,59.646,0.00396,5015593,2193131842.0,4.4878987017150225,374.34
HK.00388,香港交易所,2021-01-05,391.14,406.34,409.34,389.94,61.698,0.00606,7687814,3487151364.0,3.88607659661502,391.14
HK.00388,香港交易所,2021-01-06,405.34,398.34,408.34,397.74,60.618,0.00421,5333736,2409987909.0,-1.968794605502781,406.34
HK.00388,香港交易所,2021-01-07,402.94,392.34,409.14,392.34,59.808,0.0045,5704257,2562594525.0,-1.5062509414068386,398.34
HK.00388,香港交易所,2021-01-08,398.94,401.34,413.74,394.94,61.023,0.0081,10271690,4647146319.0,2.293928735280624,392.34
HK.00388,香港交易所,2021-01-11,406.34,399.54,407.34,399.54,60.78,0.00298,3779470,1715243662.0,-0.4484975332635557,401.34
HK.00388,香港交易所,2021-01-12,399.54,399.54,403.94,390.94,60.78,0.00286,3621313,1627433503.0,0.0,399.54
HK.00388,香港交易所,2021-01-13,399.74,402.74,406.14,397.74,61.212,0.00255,3231606,1465730294.0,0.8009210592180979,399.54
HK.00388,香港交易所,2021-01-14,403.34,407.34,408.94,398.34,61.833,0.00312,3956847,1803515658.0,1.1421760937577508,402.74
HK.00388,香港交易所,2021-01-15,405.34,407.74,420.94,402.74,61.887,0.00545,6907409,3198467231.0,0.098198065498118,407.34
HK.00388,香港交易所,2021-01-18,402.34,431.34,434.34,401.54,65.073,0.00847,10741474,5102161843.0,5.7880021582380845,407.74
HK.00388,香港交易所,2021-01-19,433.74,450.34,474.34,433.74,67.638,0.01354,17172323,8739087344.0,4.4048778225993415,431.34
HK.00388,香港交易所,2021-01-20,449.84,456.34,469.34,449.84,68.448,0.00956,12117751,6176617763.0,1.3323266865035308,450.34
HK.00388,香港交易所,2021-01-21,459.84,464.34,474.34,454.84,69.528,0.0065,8243153,4256148007.0,1.7530788447210413,456.34
HK.00388,香港交易所,2021-01-22,460.34,459.84,469.34,457.34,68.921,0.00616,7813752,4014920831.0,-0.9691174570357928,464.34
HK.00388,香港交易所,2021-01-25,468.34,502.34,502.84,467.34,74.659,0.00936,11868997,6419766406.0,9.242345163535145,459.84
HK.00388,香港交易所,2021-01-26,484.34,462.34,491.34,461.84,69.258,0.01497,18985693,9895939430.0,-7.962734402993989,502.34
HK.00388,香港交易所,2021-01-27,462.34,458.34,470.84,451.34,68.718,0.00966,12243662,6282934659.0,-0.8651641649002898,462.34
HK.00388,香港交易所,2021-01-28,444.34,442.74,461.34,442.34,66.612,0.01127,14294303,7115862117.0,-3.4035868569184378,458.34
HK.00388,香港交易所,2021-01-29,446.34,446.74,460.34,445.34,67.152,0.00789,9998874,5018055757.0,0.9034647874599088,442.74
HK.00388,香港交易所,2021-02-01,449.34,453.34,459.34,439.94,68.043,0.00528,6694803,3360520252.0,1.4773693871155409,446.74
HK.00388,香港交易所,2021-02-02,467.34,470.34,478.34,462.34,70.338,0.00604,7652162,3995162773.0,3.749944853752151,453.34
HK.00388,香港交易所,2021-02-03,474.34,470.34,477.34,467.84,70.338,0.0038,4814234,2517675679.0,0.0,470.34
HK.00388,香港交易所,2021-02-04,461.34,460.34,469.34,453.84,68.988,0.00522,6620948,3382001380.0,-2.126121529106604,470.34
HK.00388,香港交易所,2021-02-05,464.84,466.34,481.34,464.34,69.798,0.00525,6656415,3482645832.0,1.303384454968067,460.34
HK.00388,香港交易所,2021-02-08,474.84,467.84,478.84,464.84,70.001,0.00358,4538849,2371467050.0,0.3216537290388987,466.34
HK.00388,香港交易所,2021-02-09,468.84,463.84,469.34,462.34,69.461,0.00297,3770129,1943896222.0,-0.8549931600547196,467.84
HK.00388,香港交易所,2021-02-10,471.34,483.34,483.34,468.84,72.093,0.00428,5424291,2872451104.0,4.204035874439462,463.84
HK.00388,香港交易所,2021-02-11,479.34,484.34,490.84,476.84,72.228,0.0022,2792384,1492571415.0,0.2068936980179583,483.34
HK.00388,香港交易所,2021-02-16,493.34,497.34,502.84,487.34,73.984,0.00447,5662561,3092327980.0,2.68406491307759,484.34
HK.00388,香港交易所,2021-02-17,491.34,512.84,519.84,490.34,76.076,0.00476,6039425,3381106479.0,3.1165802066996537,497.34
HK.00388,香港交易所,2021-02-18,517.34,514.84,525.84,507.34,76.346,0.00593,7518475,4275517520.0,0.3899851805631386,512.84
HK.00388,香港交易所,2021-02-19,506.34,516.34,517.84,499.84,76.549,0.00474,6015649,3375942891.0,0.2913526532514955,514.84
HK.00388,香港交易所,2021-02-22,528.84,511.84,536.34,509.34,75.941,0.00669,8483046,4864419782.0,-0.8715187667041207,516.34
HK.00388,香港交易所,2021-02-23,506.34,507.34,516.34,491.34,75.334,0.00433,5486915,3049038493.0,-0.879180994060644,511.84
HK.00388,香港交易所,2021-02-24,508.34,458.34,514.34,438.94,68.718,0.03182,40339810,20709166823.0,-9.658217369022749,507.34
HK.00388,香港交易所,2021-02-25,465.84,449.34,471.84,444.34,55.096,0.01721,21813268,11028791413.0,-1.963607802068334,458.34
HK.00388,香港交易所,2021-02-26,439.14,422.54,439.34,417.34,52.143,0.0177,22444157,10698903912.0,-5.964303200249245,449.34
HK.00388,香港交易所,2021-03-01,428.54,438.94,440.34,422.54,53.95,0.00829,10509974,5089798941.0,3.8812893453874135,422.54
HK.00388,香港交易所,2021-03-02,446.34,436.94,458.34,429.34,53.73,0.009,11416451,5638041209.0,-0.4556431402925229,438.94
HK.00388,香港交易所,2021-03-03,442.34,447.34,448.94,436.14,54.876,0.00432,5474542,2709099152.0,2.380189499702471,436.94
HK.00388,香港交易所,2021-03-04,435.34,432.34,441.14,427.34,53.223,0.0068,8625288,4155505938.0,-3.3531542003844947,447.34
HK.00388,香港交易所,2021-03-05,422.94,429.14,438.14,414.34,52.87,0.00754,9559584,4544606310.0,-0.740158208817132,432.34
HK.00388,香港交易所,2021-03-08,433.94,404.74,435.14,397.94,50.181,0.01396,17693509,8106211131.0,-5.6857901850212,429.14
HK.00388,香港交易所,2021-03-09,402.6,394.6,408.6,384.0,48.573,0.01105,14013786,6185306473.0,-2.505312052181644,404.74
HK.00388,香港交易所,2021-03-10,407.8,398.6,408.8,394.8,49.013,0.00582,7375540,3294849495.0,1.0136847440446022,394.6
HK.00388,香港交易所,2021-03-11,400.4,415.0,418.4,399.0,50.82,0.00629,7973377,3644109428.0,4.114400401404912,398.6
HK.00388,香港交易所,2021-03-12,419.8,407.4,422.8,404.0,49.983,0.00541,6862165,3152926563.0,-1.8313253012048245,415.0
HK.00388,香港交易所,2021-03-15,406.8,399.8,411.6,392.8,49.146,0.00505,6403885,2851908429.0,-1.8654884634265991,407.4
HK.00388,香港交易所,2021-03-16,405.8,407.0,415.8,403.8,49.939,0.00396,5021633,2288517366.0,1.8009004502251096,399.8
HK.00388,香港交易所,2021-03-17,405.8,408.4,411.8,399.8,50.093,0.00237,3008874,1365755875.0,0.3439803439803384,407.0
HK.00388,香港交易所,2021-03-18,413.0,423.8,430.0,412.8,51.79,0.00659,8352973,3929507059.0,3.7708129285014778,408.4
HK.00388,香港交易所,2021-03-19,418.8,420.8,423.4,409.8,51.46,0.00501,6347720,2939543114.0,-0.7078810759792354,423.8
HK.00388,香港交易所,2021-03-22,413.6,410.0,419.6,409.8,50.269,0.00395,5002905,2298561730.0,-2.566539923954375,420.8
HK.00388,香港交易所,2021-03-23,412.6,402.8,417.0,400.4,49.476,0.00493,6247829,2817874011.0,-1.756097560975607,410.0
HK.00388,香港交易所,2021-03-24,400.6,389.6,403.0,388.0,48.022,0.00627,7947715,3479809523.0,-3.277060575968219,402.8
HK.00388,香港交易所,2021-03-25,386.0,403.4,410.4,374.8,49.542,0.00772,9788749,4354452270.0,3.542094455852144,389.6
HK.00388,香港交易所,2021-03-26,408.8,417.0,421.8,407.0,51.041,0.00605,7664306,3547418584.0,3.3713435795736304,403.4
HK.00388,香港交易所,2021-03-29,422.6,420.6,424.4,414.2,51.438,0.00468,5927791,2769516858.0,0.8633093525179911,417.0
HK.00388,香港交易所,2021-03-30,423.0,417.4,423.2,414.6,51.085,0.00268,3397691,1583471403.0,-0.7608178792201724,420.6
HK.00388,香港交易所,2021-03-31,421.0,411.2,427.6,408.8,50.402,0.00396,5022933,2321421946.0,-1.4853857211308072,417.4
HK.00388,香港交易所,2021-04-01,414.2,422.4,424.6,402.2,51.636,0.00627,7945089,3663308194.0,2.7237354085603087,411.2
HK.00388,香港交易所,2021-04-07,421.0,411.2,422.4,409.2,50.402,0.00446,5655011,2599727051.0,-2.6515151515151487,422.4
HK.00388,香港交易所,2021-04-08,409.2,418.0,422.4,409.2,51.151,0.00228,2896533,1345619696.0,1.6536964980544775,411.2
HK.00388,香港交易所,2021-04-09,428.2,416.6,428.2,415.2,50.997,0.00306,3878615,1816046642.0,-0.3349282296650663,418.0
HK.00388,香港交易所,2021-04-12,418.4,410.4,418.8,408.2,50.314,0.00192,2430976,1112732126.0,-1.4882381180989066,416.6
HK.00388,香港交易所,2021-04-13,410.0,407.8,416.6,407.0,50.027,0.00174,2205737,1007278642.0,-0.6335282651072042,410.4
HK.00388,香港交易所,2021-04-14,413.8,415.2,418.8,411.2,50.842,0.00243,3084799,1424995253.0,1.8146150073565417,407.8
HK.00388,香港交易所,2021-04-15,417.0,417.2,418.8,411.8,51.063,0.00175,2215430,1023892561.0,0.4816955684007707,415.2
HK.00388,香港交易所,2021-04-16,417.8,420.8,425.2,417.2,51.46,0.00244,3087729,1443493200.0,0.8628954937679824,417.2
HK.00388,香港交易所,2021-04-19,423.8,433.4,438.6,419.2,52.848,0.00473,6001039,2875857752.0,2.99429657794676,420.8
HK.00388,香港交易所,2021-04-20,434.6,440.6,441.8,427.0,53.641,0.00354,4486544,2168969681.0,1.6612828795570018,433.4
HK.00388,香港交易所,2021-04-21,434.4,433.4,437.8,429.8,52.848,0.00314,3977736,1912118639.0,-1.634135270086256,440.6
HK.00388,香港交易所,2021-04-22,433.8,432.6,438.4,432.6,52.76,0.003,3803016,1832058926.0,-0.184586986617433,433.4
HK.00388,香港交易所,2021-04-23,431.8,438.6,441.2,431.0,53.421,0.00227,2881423,1393106815.0,1.3869625520110955,432.6
HK.00388,香港交易所,2021-04-26,441.8,445.2,451.8,438.0,54.148,0.00387,4911101,2422537921.0,1.5047879616962987,438.6
HK.00388,香港交易所,2021-04-27,446.4,443.8,448.6,442.4,53.994,0.00281,3561380,1751281847.0,-0.3144654088050263,445.2
HK.00388,香港交易所,2021-04-28,442.8,442.6,450.0,439.8,53.862,0.00338,4288924,2109425358.0,-0.2703920684993214,443.8
HK.00388,香港交易所,2021-04-29,443.8,433.8,446.8,431.0,52.892,0.00346,4385722,2112161649.0,-1.9882512426570291,442.6
HK.00388,香港交易所,2021-04-30,430.0,423.8,432.8,422.0,51.79,0.0033,4189807,1977423319.0,-2.305209774089442,433.8
HK.00388,香港交易所,2021-05-03,423.8,418.8,423.8,417.0,51.239,0.00177,2243059,1043658639.0,-1.1798017932987257,423.8
HK.00388,香港交易所,2021-05-04,419.0,424.2,426.0,419.0,51.834,0.00109,1383311,650237208.0,1.2893982808022868,418.8
HK.00388,香港交易所,2021-05-05,423.4,422.6,425.8,419.0,51.658,0.00109,1378951,646530046.0,-0.3771805752003692,424.2
HK.00388,香港交易所,2021-05-06,425.6,420.8,428.0,418.2,51.46,0.00244,3099136,1452880966.0,-0.4259346900142005,422.6
HK.00388,香港交易所,2021-05-07,423.8,408.2,426.6,405.8,50.071,0.00439,5561936,2550393225.0,-2.9942965779467734,420.8
HK.00388,香港交易所,2021-05-10,412.4,409.8,415.8,407.2,50.247,0.00231,2926135,1335420646.0,0.3919647231749198,408.2
HK.00388,香港交易所,2021-05-11,404.8,398.0,404.8,394.8,48.947,0.00442,5607962,2488694330.0,-2.87945339189849,409.8
HK.00388,香港交易所,2021-05-12,399.2,401.0,401.8,394.8,49.278,0.00335,4249350,1890428154.0,0.7537688442211055,398.0
HK.00388,香港交易所,2021-05-13,396.6,394.0,398.2,393.8,48.506,0.00472,5986341,2632247181.0,-1.7456359102244388,401.0
HK.00388,香港交易所,2021-05-14,397.8,396.0,402.0,393.8,48.727,0.00269,3405703,1509835771.0,0.5076142131979695,394.0
HK.00388,香港交易所,2021-05-17,394.8,398.8,401.8,394.6,49.035,0.00386,4898808,2179101415.0,0.70707070707071,396.0
HK.00388,香港交易所,2021-05-18,403.0,408.0,414.8,401.8,50.049,0.00303,3839817,1748430382.0,2.306920762286858,398.8
HK.00388,香港交易所,2021-05-20,408.6,411.4,414.8,404.8,50.424,0.00286,3629375,1661440724.0,0.8333333333333278,408.0
HK.00388,香港交易所,2021-05-21,413.6,407.4,413.6,405.8,49.983,0.00168,2124916,965144612.0,-0.9722897423432184,411.4
HK.00388,香港交易所,2021-05-24,411.6,404.2,411.6,400.8,49.63,0.00156,1978023,889386471.0,-0.7854688267059373,407.4
HK.00388,香港交易所,2021-05-25,404.2,428.4,431.8,404.0,52.297,0.00699,8859520,4143136120.0,5.987135081642749,404.2
HK.00388,香港交易所,2021-05-26,435.8,436.6,443.8,432.4,53.201,0.00507,6430186,3108503681.0,1.9140989729225129,428.4
HK.00388,香港交易所,2021-05-27,435.6,436.8,437.4,429.8,53.223,0.00318,4026338,1939488156.0,0.0458085203847889,436.6
HK.00388,香港交易所,2021-05-28,439.4,431.2,439.4,430.6,52.606,0.00233,2947739,1415815452.0,-1.2820512820512873,436.8
HK.00388,香港交易所,2021-05-31,436.4,439.6,441.6,433.0,53.531,0.00248,3142675,1519788195.0,1.948051948051956,431.2
HK.00388,香港交易所,2021-06-01,440.8,441.6,443.8,438.8,53.752,0.002,2536293,1237181281.0,0.4549590536851683,439.6
HK.00388,香港交易所,2021-06-02,443.8,438.2,448.8,435.2,53.377,0.00261,3305667,1615758112.0,-0.7699275362318917,441.6
HK.00388,香港交易所,2021-06-03,441.6,429.6,441.6,425.2,52.429,0.00276,3502109,1674945983.0,-1.962574167047003,438.2
HK.00388,香港交易所,2021-06-04,426.0,432.2,432.4,418.0,52.716,0.00302,3824369,1811310756.0,0.6052141527001782,429.6
HK.00388,香港交易所,2021-06-07,431.4,425.2,433.4,422.6,51.944,0.00268,3394423,1603163087.0,-1.6196205460434985,432.2
HK.00388,香港交易所,2021-06-08,426.2,423.8,429.8,418.8,51.79,0.00195,2474584,1160925941.0,-0.3292568203198441,425.2
HK.00388,香港交易所,2021-06-09,427.8,420.2,427.8,418.8,51.393,0.00142,1804367,842142337.0,-0.8494572911750878,423.8
HK.00388,香港交易所,2021-06-10,421.0,420.8,426.6,419.8,51.46,0.0015,1899071,890065666.0,0.1427891480247555,420.2
HK.00388,香港交易所,2021-06-11,425.8,422.0,427.2,419.8,51.592,0.00191,2424925,1136886548.0,0.2851711026615942,420.8
HK.00388,香港交易所,2021-06-15,424.6,418.2,429.8,416.6,51.173,0.00252,3191469,1490907490.0,-0.9004739336492918,422.0
HK.00388,香港交易所,2021-06-16,419.8,417.4,424.4,415.8,51.085,0.00262,3326923,1547908144.0,-0.1912960306073676,418.2
HK.00388,香港交易所,2021-06-17,412.8,416.4,417.6,411.2,50.975,0.0022,2788852,1285578533.0,-0.2395783421178725,417.4
HK.00388,香港交易所,2021-06-18,420.2,423.6,426.4,417.6,51.768,0.00294,3723390,1749627161.0,1.7291066282420855,416.4
HK.00388,香港交易所,2021-06-21,416.8,413.8,419.8,411.8,50.688,0.00272,3448030,1588259204.0,-2.313503305004724,423.6
HK.00388,香港交易所,2021-06-22,418.4,405.6,418.4,403.8,49.785,0.00384,4870334,2219008323.0,-1.98163363943934,413.8
HK.00388,香港交易所,2021-06-23,409.0,413.0,415.4,407.8,50.6,0.00202,2560520,1173183365.0,1.8244575936883576,405.6
HK.00388,香港交易所,2021-06-24,413.4,413.4,416.2,410.2,50.644,0.00153,1934823,888026567.0,0.0968523002421252,413.0
HK.00388,香港交易所,2021-06-25,415.8,427.4,431.2,414.8,52.187,0.00443,5614706,2651993891.0,3.386550556361877,413.4
HK.00388,香港交易所,2021-06-28,428.2,427.6,430.4,424.8,52.209,0.00157,1985816,941617107.0,0.0467945718296784,427.4
HK.00388,香港交易所,2021-06-29,432.8,422.4,432.8,420.8,51.636,0.00266,3375888,1596170514.0,-1.2160898035547345,427.6
HK.00388,香港交易所,2021-06-30,421.2,416.6,423.8,414.8,50.997,0.00186,2364401,1097252755.0,-1.37310606060605,422.4
HK.00388,香港交易所,2021-07-02,416.0,409.6,417.6,408.2,50.225,0.00459,5813291,2653111873.0,-1.6802688430148822,416.6
HK.00388,香港交易所,2021-07-05,409.6,409.4,415.8,407.8,50.203,0.0034,4304578,1964778100.0,-0.0488281250000111,409.6
HK.00388,香港交易所,2021-07-06,409.8,420.0,421.6,409.6,51.371,0.00347,4394712,2037699710.0,2.5891548607718673,409.4
HK.00388,香港交易所,2021-07-07,430.8,444.8,448.8,419.6,54.104,0.01524,19324146,9407049771.0,5.904761904761908,420.0
HK.00388,香港交易所,2021-07-08,448.8,443.8,463.8,435.8,53.994,0.01156,14650691,7283471610.0,-0.224820143884892,444.8
HK.00388,香港交易所,2021-07-09,450.6,443.8,450.6,433.8,53.994,0.00634,8041791,3947454089.0,0.0,443.8
HK.00388,香港交易所,2021-07-12,456.8,456.8,461.8,451.8,55.426,0.00821,10410165,5236372283.0,2.9292474087426768,443.8
HK.00388,香港交易所,2021-07-13,463.8,459.8,465.3,456.8,55.757,0.00649,8223237,4169791875.0,0.6567425569176882,456.8
HK.00388,香港交易所,2021-07-14,461.3,460.8,463.8,457.3,55.867,0.00388,4914221,2491031664.0,0.2174858634188778,459.8
HK.00388,香港交易所,2021-07-15,462.8,458.8,465.3,455.8,55.647,0.0041,5192102,2628176089.0,-0.4340277777777778,460.8
HK.00388,香港交易所,2021-07-16,457.8,477.8,484.8,449.8,57.741,0.01333,16894102,8830981304.0,4.141238012205754,458.8
HK.00388,香港交易所,2021-07-19,477.8,475.8,481.8,471.8,57.52,0.00515,6526306,3411137772.0,-0.4185851820845542,477.8
HK.00388,香港交易所,2021-07-20,473.8,474.8,483.8,472.3,57.41,0.00327,4146530,2169791125.0,-0.2101723413198823,475.8
HK.00388,香港交易所,2021-07-21,480.3,488.8,488.8,472.8,58.953,0.00599,7588063,4017253201.0,2.9486099410278013,474.8
HK.00388,香港交易所,2021-07-22,492.8,493.8,497.8,485.8,59.504,0.00518,6565914,3536413000.0,1.02291325695581,488.8
HK.00388,香港交易所,2021-07-23,493.8,474.8,493.8,467.8,57.41,0.00561,7116870,3723826997.0,-3.847711624139328,493.8
HK.00388,香港交易所,2021-07-26,464.8,453.8,471.3,452.4,55.096,0.00976,12369435,6225418198.0,-4.422914911541702,474.8
HK.00388,香港交易所,2021-07-27,449.8,421.0,454.8,415.8,51.482,0.01349,17102762,8141796925.0,-7.227853680035261,453.8
HK.00388,香港交易所,2021-07-28,425.8,426.4,433.8,404.8,52.077,0.01032,13086182,6062161305.0,1.2826603325415622,421.0
HK.00388,香港交易所,2021-07-29,445.4,453.8,453.8,437.6,55.096,0.01068,13546806,6674229576.0,6.42589118198875,426.4
HK.00388,香港交易所,2021-07-30,447.4,449.8,450.2,438.4,54.655,0.00409,5184756,2548585884.0,-0.881445570736007,453.8
HK.00388,香港交易所,2021-08-02,464.3,471.3,472.3,454.3,57.024,0.00587,7435985,3811467521.0,4.779902178746109,449.8
HK.00388,香港交易所,2021-08-03,475.3,471.8,478.8,459.8,57.079,0.00371,4700768,2429924866.0,0.1060895395713982,471.3
HK.00388,香港交易所,2021-08-04,471.8,471.8,481.3,468.8,57.079,0.00228,2892462,1506016513.0,0.0,471.8
HK.00388,香港交易所,2021-08-05,474.3,475.8,480.8,470.3,57.52,0.00248,3150137,1647526076.0,0.8478168715557439,471.8
HK.00388,香港交易所,2021-08-06,479.3,483.3,484.8,474.8,58.347,0.00299,3791910,2004546713.0,1.576292559899117,475.8
HK.00388,香港交易所,2021-08-09,481.3,474.8,485.3,470.8,57.41,0.00268,3398186,1779499456.0,-1.7587419822056694,483.3
HK.00388,香港交易所,2021-08-10,474.8,469.3,476.3,462.3,56.804,0.00436,5532717,2845290135.0,-1.1583824768323503,474.8
HK.00388,香港交易所,2021-08-11,466.8,471.3,475.3,465.3,57.024,0.00349,4426918,2290011110.0,0.4261666311527807,469.3
HK.00388,香港交易所,2021-08-12,465.8,453.0,467.3,446.8,55.008,0.00661,8385251,4184877322.0,-3.882877148313179,471.3
HK.00388,香港交易所,2021-08-13,448.8,454.8,455.3,448.0,55.206,0.00245,3110132,1549335667.0,0.397350993377486,453.0
HK.00388,香港交易所,2021-08-16,450.6,443.0,451.6,439.2,53.906,0.00397,5039242,2468463292.0,-2.594547053649958,454.8
HK.00388,香港交易所,2021-08-17,439.4,428.6,442.4,422.0,52.319,0.0066,8366384,3976795264.0,-3.250564334085774,443.0
HK.00388,香港交易所,2021-08-18,429.2,436.2,443.0,429.2,53.157,0.00275,3484711,1683557269.0,1.773215118992059,428.6
HK.00388,香港交易所,2021-08-19,434.6,426.4,437.8,423.8,52.077,0.00401,5078934,2402313592.0,-2.2466758367721256,436.2
HK.00388,香港交易所,2021-08-20,423.8,417.0,425.2,408.0,51.041,0.00748,9480683,4378744913.0,-2.2045028142589067,426.4
HK.00388,香港交易所,2021-08-23,438.2,443.2,448.4,435.8,53.928,0.00788,9995056,4890437391.0,6.282973621103115,417.0
HK.00388,香港交易所,2021-08-24,448.49,448.69,450.49,443.89,54.016,0.00329,4171514,2046024678.0,1.2387184115523486,443.2
HK.00388,香港交易所,2021-08-25,453.49,449.49,458.29,448.09,54.104,0.00306,3876050,1915601823.0,0.1782968196304823,448.69
HK.00388,香港交易所,2021-08-26,446.09,445.29,448.29,442.29,53.641,0.00168,2133308,1037654633.0,-0.9343923112861218,449.49
HK.00388,香港交易所,2021-08-27,440.29,444.29,447.29,437.49,53.531,0.00155,1969136,955626418.0,-0.2245727503424734,445.29
HK.00388,香港交易所,2021-08-30,444.29,450.09,453.09,441.49,54.17,0.00169,2144080,1051380544.0,1.3054536451416765,444.29
HK.00388,香港交易所,2021-08-31,448.09,449.29,453.09,439.49,54.082,0.00274,3470278,1697720713.0,-0.1777422293319013,450.09
HK.00388,香港交易所,2021-09-01,446.69,452.69,457.49,445.09,54.457,0.0026,3297597,1629158284.0,0.7567495381602033,449.29
HK.00388,香港交易所,2021-09-02,459.49,456.89,472.49,453.89,54.92,0.00402,5097781,2568865627.0,0.9277872274624994,452.69
HK.00388,香港交易所,2021-09-03,453.49,446.09,453.49,441.09,53.73,0.00579,7340349,3572784155.0,-2.363807481012938,456.89
HK.00388,香港交易所,2021-09-06,444.49,456.49,458.49,441.09,54.876,0.00383,4857157,2390597156.0,2.331368109574309,446.09
HK.00388,香港交易所,2021-09-07,456.49,461.49,467.49,455.09,55.426,0.00231,2930244,1475844600.0,1.095314245657079,456.49
HK.00388,香港交易所,2021-09-08,460.99,456.49,463.49,453.69,54.876,0.00212,2688132,1342650006.0,-1.0834470952783375,461.49
HK.00388,香港交易所,2021-09-09,454.49,450.69,456.29,446.89,54.236,0.00227,2882895,1417462049.0,-1.270564524962214,456.49
HK.00388,香港交易所,2021-09-10,454.09,462.49,464.49,453.49,55.537,0.00375,4758167,2395916069.0,2.618207637178551,450.69
HK.00388,香港交易所,2021-09-13,459.49,466.49,466.49,457.49,55.977,0.00296,3751716,1893731408.0,0.8648835650500551,462.49
HK.00388,香港交易所,2021-09-14,465.99,462.99,473.49,461.49,55.592,0.0032,4059272,2071915554.0,-0.7502840360993804,466.49
HK.00388,香港交易所,2021-09-15,465.99,462.99,470.49,461.49,55.592,0.00263,3333209,1688065180.0,0.0,462.99
HK.00388,香港交易所,2021-09-16,468.49,450.69,468.49,447.09,54.236,0.00334,4233032,2092794810.0,-2.656644851940649,462.99
HK.00388,香港交易所,2021-09-17,450.69,450.29,454.49,446.69,54.192,0.00266,3377205,1662237562.0,-0.0887528012602847,450.69
HK.00388,香港交易所,2021-09-20,447.49,437.29,449.29,426.49,52.76,0.00422,5347562,2552196189.0,-2.887028359501654,450.29
HK.00388,香港交易所,2021-09-21,435.49,442.89,443.29,428.89,53.377,0.00243,3082590,1479770166.0,1.280614695053618,437.29
HK.00388,香港交易所,2021-09-23,447.89,442.89,450.49,438.69,53.377,0.00258,3266474,1586146970.0,0.0,442.89
HK.00388,香港交易所,2021-09-24,441.69,434.89,442.49,432.69,52.495,0.00207,2628239,1256164581.0,-1.8063175957912805,442.89
HK.00388,香港交易所,2021-09-27,433.49,433.49,440.09,431.89,52.341,0.00166,2110728,1006007198.0,-0.3219204856400417,434.89
HK.00388,香港交易所,2021-09-28,433.49,432.49,436.89,431.09,52.231,0.00256,3248548,1544435725.0,-0.2306858289695264,433.49
HK.00388,香港交易所,2021-09-29,428.69,433.29,435.09,419.69,52.319,0.00228,2884898,1362850401.0,0.1849753751531853,432.49
HK.00388,香港交易所,2021-09-30,428.69,438.29,438.29,427.29,52.87,0.00319,4043322,1928654426.0,1.153961550001154,433.29
HK.00388,香港交易所,2021-10-04,432.49,433.69,436.49,430.29,52.363,0.00263,3333718,1583641520.0,-1.0495334139496733,438.29
HK.00388,香港交易所,2021-10-05,428.69,432.49,435.49,426.69,52.231,0.00133,1690357,799664012.0,-0.2766953353778018,433.69
HK.00388,香港交易所,2021-10-06,435.69,429.69,435.69,423.49,51.922,0.00159,2011283,945324868.0,-0.6474138130361422,432.49
HK.00388,香港交易所,2021-10-07,434.49,437.29,438.49,432.29,52.76,0.00183,2324786,1109744300.0,1.768716982010292,429.69
HK.00388,香港交易所,2021-10-08,440.69,430.49,441.29,427.89,52.011,0.00285,3619347,1715967186.0,-1.5550321297079766,437.29
HK.00388,香港交易所,2021-10-11,430.49,429.69,438.29,429.69,51.922,0.00299,3795792,1802334120.0,-0.1858347464517204,430.49
HK.00388,香港交易所,2021-10-12,428.49,420.69,431.29,416.49,50.931,0.00387,4907619,2273496779.0,-2.094533268170076,429.69
HK.00388,香港交易所,2021-10-15,423.49,427.49,427.49,414.09,51.68,0.00335,4247153,1971378131.0,1.6163921177113818,420.69
HK.00388,香港交易所,2021-10-18,428.49,429.09,432.09,426.09,51.856,0.00135,1711446,804957507.0,0.3742777608832875,427.49
HK.00388,香港交易所,2021-10-19,429.49,441.29,441.49,428.69,53.201,0.00281,3566702,1710065424.0,2.8432263627677283,429.09
HK.00388,香港交易所,2021-10-20,443.49,449.29,453.49,442.49,54.082,0.00394,4999975,2448428958.0,1.8128668222710689,441.29
HK.00388,香港交易所,2021-10-21,446.89,439.89,449.29,434.49,53.046,0.00275,3481111,1675074556.0,-2.092189899619407,449.29
HK.00388,香港交易所,2021-10-22,441.69,438.49,442.89,432.09,52.892,0.00324,4101783,1959920725.0,-0.3182613835276949,439.89
HK.00388,香港交易所,2021-10-25,435.69,442.69,446.09,432.49,53.355,0.00238,3022705,1459812306.0,0.9578325617459892,438.49
HK.00388,香港交易所,2021-10-26,444.49,440.29,449.09,438.49,53.09,0.00164,2079665,1006745032.0,-0.5421400980369959,442.69
HK.00388,香港交易所,2021-10-27,438.49,433.29,439.69,431.49,52.319,0.00209,2650835,1260655949.0,-1.5898612278271138,440.29
HK.00388,香港交易所,2021-10-28,431.89,426.09,433.89,425.09,51.526,0.00342,4342199,2038353065.0,-1.6617046320016722,433.29
HK.00388,香港交易所,2021-10-29,427.29,429.29,432.49,426.49,51.878,0.00243,3083195,1451038135.0,0.7510150437701062,426.09
HK.00388,香港交易所,2021-11-01,429.89,426.69,431.29,423.89,51.592,0.00172,2178736,1019148004.0,-0.6056511915022531,429.29
HK.00388,香港交易所,2021-11-02,434.29,422.49,434.29,421.69,51.129,0.00221,2796711,1305202854.0,-0.9843211699360164,426.69
HK.00388,香港交易所,2021-11-03,421.69,421.29,424.49,414.29,50.997,0.00267,3382168,1553919340.0,-0.2840303912518612,422.49
HK.00388,香港交易所,2021-11-04,421.29,422.89,428.49,421.29,51.173,0.00164,2076888,966477647.0,0.3797858957012903,421.29
HK.00388,香港交易所,2021-11-05,422.49,424.49,426.09,416.49,51.349,0.00215,2729110,1264443061.0,0.3783489796401009,422.89
HK.00388,香港交易所,2021-11-08,424.49,425.29,427.09,418.69,51.438,0.00256,3250840,1507910234.0,0.1884614478550758,424.49
HK.00388,香港交易所,2021-11-09,428.09,423.49,428.09,419.49,51.239,0.00142,1796280,834118895.0,-0.4232406122880884,425.29
HK.00388,香港交易所,2021-11-10,421.29,422.49,424.09,416.49,51.129,0.00184,2335347,1077339528.0,-0.2361330846064842,423.49
HK.00388,香港交易所,2021-11-11,419.29,423.09,425.29,418.49,51.195,0.00194,2459065,1138700282.0,0.1420151956259239,422.49
HK.00388,香港交易所,2021-11-12,426.29,423.49,426.29,419.89,51.239,0.002,2533852,1176962316.0,0.0945425323217363,423.09
HK.00388,香港交易所,2021-11-15,423.49,423.69,426.49,419.69,51.261,0.00137,1741675,807781652.0,0.0472266169212941,423.49
HK.00388,香港交易所,2021-11-16,421.89,424.49,427.49,419.09,51.349,0.00202,2561839,1192946061.0,0.1888172956642855,423.69
HK.00388,香港交易所,2021-11-17,422.69,420.09,422.69,416.69,50.865,0.00268,3399004,1567909841.0,-1.0365379632029104,424.49
HK.00388,香港交易所,2021-11-18,418.69,423.29,425.29,418.49,51.217,0.00266,3377394,1566649201.0,0.7617415315765778,420.09
HK.00388,香港交易所,2021-11-19,420.29,422.89,423.69,418.69,51.173,0.00186,2361772,1092531156.0,-0.0944978619858806,423.29
HK.00388,香港交易所,2021-11-22,425.09,421.69,425.09,419.69,51.041,0.00151,1916967,888270720.0,-0.283761734730069,422.89
HK.00388,香港交易所,2021-11-23,416.69,416.29,420.29,415.49,50.446,0.00227,2874535,1317163379.0,-1.2805615499537522,421.69
HK.00388,香港交易所,2021-11-24,416.29,411.49,417.49,405.89,49.917,0.00383,4860170,2193583461.0,-1.15304235028466,416.29
HK.00388,香港交易所,2021-11-25,411.49,413.29,417.49,409.49,50.115,0.00144,1823528,829938858.0,0.4374346885708065,411.49
HK.00388,香港交易所,2021-11-26,413.29,407.09,413.29,406.49,49.432,0.0024,3040771,1367533760.0,-1.5001572745529883,413.29
HK.00388,香港交易所,2021-11-29,401.49,403.49,410.49,399.69,49.035,0.00246,3124668,1394277201.0,-0.8843253334643362,407.09
HK.00388,香港交易所,2021-11-30,401.49,388.49,403.29,385.49,47.382,0.00823,10435689,4510488018.0,-3.7175642519021537,403.49
HK.00388,香港交易所,2021-12-01,390.09,393.29,401.09,390.09,47.911,0.0039,4950587,2156562714.0,1.2355530386882574,388.49
HK.00388,香港交易所,2021-12-02,390.49,390.49,392.09,384.69,47.603,0.00364,4613427,1986174181.0,-0.7119428411604697,393.29
HK.00388,香港交易所,2021-12-03,388.49,409.29,412.69,386.49,49.674,0.00573,7261881,3231616623.0,4.814463878716487,390.49
HK.00388,香港交易所,2021-12-06,406.69,414.49,427.29,406.09,50.247,0.00694,8795590,4053492200.0,1.2704928046128634,409.29
HK.00388,香港交易所,2021-12-07,430.49,431.29,431.49,419.89,52.099,0.00615,7794854,3657752273.0,4.053173779825812,414.49
HK.00388,香港交易所,2021-12-08,433.49,429.69,433.49,426.89,51.922,0.00275,3482675,1643691670.0,-0.3709800830067988,431.29
HK.00388,香港交易所,2021-12-09,430.29,429.69,435.29,428.69,51.922,0.00214,2709193,1279360436.0,0.0,429.69
HK.00388,香港交易所,2021-12-10,424.49,426.69,428.89,424.09,51.592,0.00176,2225917,1042160459.0,-0.6981777560566921,429.69
HK.00388,香港交易所,2021-12-13,430.89,431.29,437.29,429.49,52.099,0.00235,2982680,1416419510.0,1.0780660432632645,426.69
HK.00388,香港交易所,2021-12-14,427.29,421.29,429.09,420.69,50.997,0.00167,2122950,988061417.0,-2.31862551879246,431.29
HK.00388,香港交易所,2021-12-15,414.69,414.29,419.09,412.09,50.225,0.00212,2691892,1229143898.0,-1.6615632936931806,421.29
HK.00388,香港交易所,2021-12-16,411.69,415.49,417.49,408.49,50.358,0.00241,3055726,1391087461.0,0.2896521760119696,414.29
HK.00388,香港交易所,2021-12-17,415.49,411.49,417.89,410.89,49.917,0.0022,2784836,1266455849.0,-0.962718717658668,415.49
HK.00388,香港交易所,2021-12-20,407.09,402.29,413.29,399.09,48.903,0.00262,3326459,1481385655.0,-2.235777297139661,411.49
HK.00388,香港交易所,2021-12-21,407.49,406.09,412.49,403.89,49.322,0.00171,2171543,974152737.0,0.9445922096000284,402.29
HK.00388,香港交易所,2021-12-22,408.49,406.49,409.69,404.29,49.366,0.00142,1804560,808328843.0,0.0985003324386303,406.09
HK.00388,香港交易所,2021-12-23,408.49,410.49,412.29,407.69,49.807,0.00112,1418396,640200432.0,0.984034047578046,406.49
HK.00388,香港交易所,2021-12-24,414.09,411.49,415.69,410.89,49.917,0.00076,957927,435280380.0,0.2436112938195814,410.49
HK.00388,香港交易所,2021-12-28,414.49,413.89,416.69,409.29,50.181,0.00127,1610618,733014251.0,0.5832462514277327,411.49
HK.00388,香港交易所,2021-12-29,414.49,412.09,414.89,410.09,49.983,0.00066,840475,381182857.0,-0.4348981613472206,413.89
HK.00388,香港交易所,2021-12-30,415.29,412.69,415.69,411.09,50.049,0.00095,1206822,549040426.0,0.1455992622970765,412.09
HK.00388,香港交易所,2021-12-31,417.49,413.89,417.49,413.09,50.181,0.00085,1080028,493206655.0,0.2907751581089894,412.69
HK.00388,香港交易所,2022-01-03,416.89,413.09,418.49,410.69,50.093,0.00067,853712,389461771.0,-0.1932880717098773,413.89
HK.00388,香港交易所,2022-01-04,415.29,408.09,415.89,402.09,49.542,0.00205,2599577,1165922868.0,-1.2103899876540225,413.09
HK.00388,香港交易所,2022-01-05,410.49,398.69,410.49,397.29,48.506,0.00246,3123277,1382070965.0,-2.303413462716552,408.09
HK.00388,香港交易所,2022-01-06,388.49,393.49,394.69,386.69,47.933,0.00345,4372394,1889735768.0,-1.3042714891268876,398.69
HK.00388,香港交易所,2022-01-07,396.89,407.89,409.49,391.69,49.52,0.00377,4773532,2123934488.0,3.65955932806424,393.49
HK.00388,香港交易所,2022-01-10,407.89,416.69,420.49,403.89,50.49,0.00362,4585695,2085954252.0,2.1574444090318496,407.89
HK.00388,香港交易所,2022-01-11,416.69,411.09,417.69,408.89,49.873,0.00266,3378343,1533390386.0,-1.3439247402145535,416.69
HK.00388,香港交易所,2022-01-12,416.49,420.29,423.89,411.69,50.887,0.00371,4701683,2161927627.0,2.2379527597363222,411.09
HK.00388,香港交易所,2022-01-13,425.69,415.09,425.69,412.29,50.314,0.00288,3651213,1667838096.0,-1.2372409526755443,420.29
HK.00388,香港交易所,2022-01-14,411.49,411.29,414.89,408.89,49.895,0.00183,2319167,1050809177.0,-0.9154641162157496,415.09
HK.00388,香港交易所,2022-01-17,410.29,409.29,413.29,407.69,49.674,0.00107,1362700,614821764.0,-0.486274891195993,411.29
HK.00388,香港交易所,2022-01-18,409.29,411.09,413.69,407.09,49.873,0.00132,1677603,757271554.0,0.4397859708275195,409.29
HK.00388,香港交易所,2022-01-19,416.29,414.89,416.29,410.69,50.292,0.00167,2111757,960769498.0,0.9243717920650008,411.09
HK.00388,香港交易所,2022-01-20,416.29,432.69,433.29,414.49,52.253,0.00509,6457949,3021797083.0,4.290293812817858,414.89
HK.00388,香港交易所,2022-01-21,432.69,439.29,442.09,431.29,52.98,0.00502,6362815,3050333766.0,1.5253414684878372,432.69
HK.00388,香港交易所,2022-01-24,440.69,431.89,440.69,430.29,52.165,0.00253,3212700,1527655659.0,-1.684536411026892,439.29
HK.00388,香港交易所,2022-01-25,427.09,426.29,430.89,422.69,51.548,0.00304,3850626,1801796376.0,-1.2966264558104994,431.89
HK.00388,香港交易所,2022-01-26,427.09,419.89,429.89,416.69,50.842,0.00301,3820025,1768142967.0,-1.5013253888198252,426.29
HK.00388,香港交易所,2022-01-27,410.69,413.89,414.29,409.09,50.181,0.00281,3557456,1613780408.0,-1.4289456762485413,419.89
HK.00388,香港交易所,2022-01-28,408.49,394.89,410.89,392.09,48.088,0.00809,10253484,4496604988.0,-4.5905917031095225,413.89
HK.00388,香港交易所,2022-01-31,390.49,396.89,399.09,389.89,48.308,0.00199,2518026,1098700986.0,0.5064701562460432,394.89
HK.00388,香港交易所,2022-02-04,405.89,401.09,405.89,397.09,48.771,0.00379,4800570,2126890382.0,1.0582277205270954,396.89
HK.00388,香港交易所,2022-02-07,401.89,404.09,406.09,398.89,49.101,0.00195,2471800,1097852446.0,0.7479618040838715,401.09
HK.00388,香港交易所,2022-02-08,403.49,400.09,405.89,397.29,48.661,0.00188,2388265,1057753862.0,-0.989878492415056,404.09
HK.00388,香港交易所,2022-02-09,402.09,408.29,409.29,402.09,49.564,0.00299,3791790,1699785924.0,2.049538853757916,400.09
HK.00388,香港交易所,2022-02-10,410.09,408.29,412.89,405.69,49.564,0.00193,2446926,1101663328.0,0.0,408.29
HK.00388,香港交易所,2022-02-11,405.89,402.89,406.49,400.49,48.969,0.00216,2738718,1215588270.0,-1.322589336011177,408.29
HK.00388,香港交易所,2022-02-14,399.49,395.89,399.49,393.89,48.198,0.00222,2817164,1231921978.0,-1.737446945816476,402.89
HK.00388,香港交易所,2022-02-15,393.49,395.69,399.29,392.09,48.176,0.00215,2729082,1192399292.0,-0.0505190835838209,395.89
HK.00388,香港交易所,2022-02-16,397.49,398.09,400.09,396.49,48.44,0.00156,1973976,866988483.0,0.6065354191412412,395.69
HK.00388,香港交易所,2022-02-17,394.09,395.89,398.49,391.49,48.198,0.00207,2621718,1144095448.0,-0.5526388505111881,398.09
HK.00388,香港交易所,2022-02-18,391.09,392.69,395.89,390.09,47.845,0.00189,2392756,1039757400.0,-0.8083053373411778,395.89
HK.00388,香港交易所,2022-02-21,389.69,389.29,391.49,386.69,47.471,0.00279,3532801,1519674796.0,-0.8658229137487529,392.69
HK.00388,香港交易所,2022-02-22,382.09,376.69,385.89,374.49,46.082,0.00562,7128409,2982752576.0,-3.236661614734522,389.29
HK.00388,香港交易所,2022-02-23,375.09,375.69,379.49,375.09,45.972,0.00294,3733588,1560664822.0,-0.2654702806020866,376.69
HK.00388,香港交易所,2022-02-24,371.29,353.09,371.29,350.89,43.482,0.01058,13410230,5352113111.0,-6.015597966408482,375.69
HK.00388,香港交易所,2022-02-25,356.69,348.49,359.69,343.49,39.445,0.00716,9081739,3545836334.0,-1.3027839927497142,353.09
HK.00388,香港交易所,2022-02-28,348.49,336.09,348.49,331.29,38.191,0.00826,10477797,3954680684.0,-3.5582082699647146,348.49
HK.00388,香港交易所,2022-03-01,333.29,334.49,337.09,329.49,38.029,0.00629,7970928,2987205785.0,-0.4760629593263608,336.09
HK.00388,香港交易所,2022-03-02,325.49,322.29,330.09,321.89,36.795,0.00649,8225892,3010679987.0,-3.6473437173009624,334.49
HK.00388,香港交易所,2022-03-03,326.09,321.69,326.69,320.69,36.735,0.00452,5731813,2094610031.0,-0.1861677371311622,322.29
HK.00388,香港交易所,2022-03-04,313.49,314.29,319.09,309.89,35.986,0.00728,9231532,3277913992.0,-2.3003512698560655,321.69
HK.00388,香港交易所,2022-03-07,305.29,298.49,306.49,298.49,34.388,0.00738,9351916,3213138412.0,-5.027204174488533,314.29
HK.00388,香港交易所,2022-03-08,299.29,298.89,307.69,298.49,34.429,0.00635,8053255,2763447705.0,0.1340078394586007,298.49
HK.00388,香港交易所,2022-03-09,298.67,291.67,302.67,276.67,33.276,0.01196,15160524,4911885294.0,-2.4156044029576,298.89
HK.00388,香港交易所,2022-03-10,299.47,300.67,305.47,294.67,34.186,0.00827,10479500,3537835102.0,3.0856790208111904,291.67
HK.00388,香港交易所,2022-03-11,290.47,309.27,315.27,286.47,35.056,0.01331,16874788,5740951554.0,2.860278710879025,300.67
HK.00388,香港交易所,2022-03-14,308.27,296.07,308.27,292.67,33.721,0.00955,12110865,4072969185.0,-4.268115239111452,309.27
HK.00388,香港交易所,2022-03-15,287.87,285.07,301.27,281.07,32.608,0.0102,12929578,4231953812.0,-3.715337589083663,296.07
HK.00388,香港交易所,2022-03-16,293.67,323.07,327.07,290.67,36.451,0.01494,18947029,6617931029.0,13.330059283684708,285.07
HK.00388,香港交易所,2022-03-17,348.87,345.27,356.67,332.87,38.697,0.01298,16462669,6281900888.0,6.871575819481842,323.07
HK.00388,香港交易所,2022-03-18,344.27,341.27,347.87,335.67,38.292,0.00474,6012437,2273220003.0,-1.158513627016538,345.27
HK.00388,香港交易所,2022-03-21,345.47,336.87,345.67,336.07,37.847,0.00301,3817968,1433946855.0,-1.2893017259061674,341.27
HK.00388,香港交易所,2022-03-22,339.07,342.67,343.67,334.47,38.434,0.00334,4236957,1599384889.0,1.721732419034052,336.87
HK.00388,香港交易所,2022-03-23,340.67,345.47,350.67,340.67,38.717,0.00428,5421773,2082751427.0,0.817112674001229,342.67
HK.00388,香港交易所,2022-03-24,343.07,346.67,349.27,341.07,38.838,0.00338,4285958,1641909401.0,0.3473528815816101,345.47
HK.00388,香港交易所,2022-03-25,342.67,336.27,347.67,333.47,37.786,0.00393,4984150,1875478082.0,-2.9999711541235277,346.67
HK.00388,香港交易所,2022-03-28,333.07,335.07,340.27,329.67,37.665,0.00303,3839918,1427775418.0,-0.3568560977785674,336.27
HK.00388,香港交易所,2022-03-29,337.87,334.67,339.47,332.67,37.625,0.00242,3072303,1142937467.0,-0.1193780404094598,335.07
HK.00388,香港交易所,2022-03-30,338.67,338.87,346.47,335.07,38.049,0.00408,5173799,1956050265.0,1.2549675800041795,334.67
HK.00388,香港交易所,2022-03-31,338.67,334.07,338.87,332.47,37.564,0.00327,4147679,1543688964.0,-1.41647239354325,338.87
HK.00388,香港交易所,2022-04-01,329.67,328.67,329.67,319.87,37.018,0.00437,5535422,2020384755.0,-1.616427694794497,334.07
HK.00388,香港交易所,2022-04-04,330.67,333.47,335.07,327.07,37.503,0.00318,4026899,1489967739.0,1.4604314357866588,328.67
HK.00388,香港交易所,2022-04-06,332.67,321.07,332.67,319.67,36.249,0.00565,7157883,2577418025.0,-3.718475425075729,333.47
HK.00388,香港交易所,2022-04-07,316.87,317.47,324.47,314.07,35.885,0.0031,3935719,1400003226.0,-1.1212508175787106,321.07
HK.00388,香港交易所,2022-04-08,315.07,318.07,319.27,312.87,35.946,0.00267,3390506,1196696064.0,0.1889942356758011,317.47
HK.00388,香港交易所,2022-04-11,313.87,305.87,315.07,305.67,34.712,0.00446,5656964,1958386623.0,-3.8356336655453167,318.07
HK.00388,香港交易所,2022-04-12,305.87,306.07,310.27,300.67,34.732,0.0032,4060040,1391133142.0,0.0653872560237972,305.87
HK.00388,香港交易所,2022-04-13,303.07,303.47,305.67,300.67,34.469,0.00268,3400520,1155621833.0,-0.8494788773809803,306.07
HK.00388,香港交易所,2022-04-14,303.67,304.47,308.27,302.67,34.57,0.00227,2871927,982759034.0,0.3295218637756615,303.47
HK.00388,香港交易所,2022-04-19,295.47,293.67,299.47,293.07,33.478,0.00361,4578430,1518014352.0,-3.5471475022169705,304.47
HK.00388,香港交易所,2022-04-20,292.87,288.87,296.87,287.67,32.992,0.00482,6110093,2002306763.0,-1.6344876902645866,293.67
HK.00388,香港交易所,2022-04-21,285.67,285.47,290.27,282.67,32.648,0.00468,5932093,1912316497.0,-1.1770000346176404,288.87
HK.00388,香港交易所,2022-04-22,281.67,298.27,298.67,281.07,33.943,0.00484,6138534,2028932026.0,4.483833677794498,285.47
HK.00388,香港交易所,2022-04-25,292.67,286.07,292.67,283.47,32.709,0.0037,4690221,1519953271.0,-4.090253796895427,298.27
HK.00388,香港交易所,2022-04-26,288.07,284.47,291.07,283.87,32.547,0.00334,4232094,1372477798.0,-0.5593036669346544,286.07
HK.00388,香港交易所,2022-04-27,282.07,284.07,288.07,281.67,32.507,0.00302,3832335,1231455515.0,-0.1406123668576771,284.47
HK.00388,香港交易所,2022-04-28,284.07,288.47,289.87,281.07,32.952,0.00216,2735413,886280453.0,1.5489140000704174,284.07
HK.00388,香港交易所,2022-04-29,290.67,300.47,304.07,288.67,34.166,0.0048,6082000,2043507309.0,4.159877976912677,288.47
HK.00388,香港交易所,2022-05-03,303.67,304.47,310.67,295.87,34.57,0.00411,5217095,1783039240.0,1.331247711917995,300.47
HK.00388,香港交易所,2022-05-04,304.67,299.87,304.87,298.67,34.105,0.00162,2056704,695394586.0,-1.5108220842776046,304.47
HK.00388,香港交易所,2022-05-05,305.27,304.27,308.67,302.87,34.55,0.00319,4038739,1384985457.0,1.467302497749017,299.87
HK.00388,香港交易所,2022-05-06,297.67,290.27,298.27,289.07,33.134,0.00471,5972284,1968642656.0,-4.601176586584284,304.27
HK.00388,香港交易所,2022-05-10,283.47,288.27,291.87,282.67,32.932,0.00367,4655168,1512082885.0,-0.689013676921487,290.27
HK.00388,香港交易所,2022-05-11,288.27,288.07,294.47,285.67,32.911,0.00289,3667322,1199986842.0,-0.0693794012557632,288.27
HK.00388,香港交易所,2022-05-12,283.67,283.67,287.07,282.07,32.466,0.00278,3524248,1132011331.0,-1.5274065331343,288.07
HK.00388,香港交易所,2022-05-13,287.67,291.27,292.07,286.07,33.235,0.00211,2677810,875495161.0,2.6791694574681726,283.67
HK.00388,香港交易所,2022-05-16,292.67,288.87,293.47,287.07,32.992,0.00192,2435729,794905561.0,-0.8239777526006721,291.27
HK.00388,香港交易所,2022-05-17,288.87,302.67,303.27,288.87,34.388,0.00422,5356188,1801915987.0,4.777235434624576,288.87
HK.00388,香港交易所,2022-05-18,306.67,304.07,306.67,298.87,34.53,0.00262,3322783,1128838155.0,0.4625499719166013,302.67
HK.00388,香港交易所,2022-05-19,293.67,293.67,296.27,290.07,33.478,0.00314,3981740,1316180059.0,-3.4202650705429596,304.07
HK.00388,香港交易所,2022-05-20,295.67,298.67,300.47,294.67,33.984,0.00417,5289553,1769828335.0,1.7025913440256069,293.67
HK.00388,香港交易所,2022-05-23,297.07,294.07,297.07,292.07,33.518,0.00283,3583434,1185593915.0,-1.5401613821274391,298.67
HK.00388,香港交易所,2022-05-24,294.07,287.47,294.47,283.87,32.851,0.00336,4260781,1385328063.0,-2.2443635869010667,294.07
HK.00388,香港交易所,2022-05-25,288.27,287.27,290.27,285.07,32.83,0.00204,2583876,839474662.0,-0.0695724771280639,287.47
HK.00388,香港交易所,2022-05-26,288.87,287.87,289.27,283.27,32.891,0.00222,2817485,911331915.0,0.2088627423678152,287.27
HK.00388,香港交易所,2022-05-27,294.67,293.47,298.07,289.27,33.458,0.00287,3634013,1202176257.0,1.9453225414249569,287.87
HK.00388,香港交易所,2022-05-30,296.47,300.67,307.07,295.87,34.186,0.00511,6483120,2198275197.0,2.4534023920673285,293.47
HK.00388,香港交易所,2022-05-31,300.47,301.87,303.07,297.07,34.307,0.01008,12777840,4321092356.0,0.3991086573319548,300.67
HK.00388,香港交易所,2022-06-01,300.07,306.67,309.27,298.07,34.793,0.00417,5284746,1809625810.0,1.5900884486699611,301.87
HK.00388,香港交易所,2022-06-02,303.47,304.67,306.07,300.47,34.59,0.00163,2065091,703871387.0,-0.6521668242736491,306.67
HK.00388,香港交易所,2022-06-06,304.47,310.27,310.27,300.47,35.157,0.00279,3542745,1218941163.0,1.838054288246288,304.67
HK.00388,香港交易所,2022-06-07,309.87,314.87,320.47,305.47,35.622,0.00599,7597184,2683828629.0,1.4825796886582727,310.27
HK.00388,香港交易所,2022-06-08,318.67,323.87,325.47,313.47,36.532,0.00658,8347757,2995057019.0,2.8583224822942803,314.87
HK.00388,香港交易所,2022-06-09,322.87,318.07,323.07,316.67,35.946,0.00394,4996685,1782484393.0,-1.7908420045079851,323.87
HK.00388,香港交易所,2022-06-10,310.47,317.87,317.87,308.87,35.925,0.0033,4186795,1475121830.0,-0.0628792404187721,318.07
HK.00388,香港交易所,2022-06-13,304.67,304.67,311.47,302.87,34.59,0.00324,4107754,1415421055.0,-4.152641016767857,317.87
HK.00388,香港交易所,2022-06-14,302.47,304.27,305.67,296.87,34.55,0.00274,3478255,1176757604.0,-0.1312895920176039,304.67
HK.00388,香港交易所,2022-06-15,304.27,318.07,322.47,303.87,35.946,0.00558,7071608,2502013973.0,4.5354454924902265,304.27
HK.00388,香港交易所,2022-06-16,322.67,311.47,322.67,310.07,35.278,0.00292,3696026,1302097012.0,-2.0750149338195887,318.07
HK.00388,香港交易所,2022-06-17,310.47,318.67,321.47,309.27,36.006,0.00415,5266963,1872595729.0,2.311619096542199,311.47
HK.00388,香港交易所,2022-06-20,318.67,321.07,323.87,315.67,36.249,0.00249,3154799,1129049325.0,0.7531301973828654,318.67
HK.00388,香港交易所,2022-06-21,322.07,326.87,329.27,317.87,36.836,0.00389,4929809,1786343020.0,1.8064596505434989,321.07
HK.00388,香港交易所,2022-06-22,328.87,322.47,334.07,321.67,36.391,0.00435,5520071,2017052010.0,-1.3461008963808172,326.87
HK.00388,香港交易所,2022-06-23,319.67,322.07,327.07,319.67,36.35,0.00251,3183033,1147882309.0,-0.1240425465934921,322.47
HK.00388,香港交易所,2022-06-24,326.67,336.87,339.67,323.67,37.847,0.00589,7463422,2769552341.0,4.595274319247372,322.07
HK.00388,香港交易所,2022-06-27,350.67,362.87,366.87,348.67,40.477,0.01639,20773978,8233303862.0,7.718110843945736,336.87
HK.00388,香港交易所,2022-06-28,361.47,359.27,361.47,348.87,40.113,0.00742,9409712,3688286059.0,-0.9920908314272392,362.87
HK.00388,香港交易所,2022-06-29,354.67,347.27,360.47,343.07,38.899,0.00591,7488932,2901883491.0,-3.3401063267180673,359.27
HK.00388,香港交易所,2022-06-30,349.47,348.67,357.07,344.87,39.041,0.00527,6676290,2589165234.0,0.4031445273130515,347.27
HK.00388,香港交易所,2022-07-04,341.67,336.67,342.07,328.87,37.827,0.00618,7834048,2912512856.0,-3.44164969742163,348.67
HK.00388,香港交易所,2022-07-05,336.67,333.07,339.67,329.67,37.463,0.00346,4391073,1626062672.0,-1.0692963436005651,336.67
HK.00388,香港交易所,2022-07-06,327.67,330.47,337.67,326.47,37.2,0.00265,3363576,1238071415.0,-0.7806166871828643,333.07
HK.00388,香港交易所,2022-07-07,330.47,333.27,334.27,325.27,37.483,0.00216,2733755,1009881720.0,0.8472781190425618,330.47
HK.00388,香港交易所,2022-07-08,340.67,338.47,341.47,335.67,38.009,0.00314,3983906,1495989786.0,1.5602964563267157,333.27
HK.00388,香港交易所,2022-07-11,332.87,329.07,336.07,325.67,37.058,0.00265,3363527,1229133351.0,-2.7772032971903076,338.47
HK.00388,香港交易所,2022-07-12,325.87,326.27,330.07,324.67,36.775,0.002,2540722,924169256.0,-0.8508827908955576,329.07
HK.00388,香港交易所,2022-07-13,326.67,323.47,328.27,321.27,36.492,0.00187,2372823,858407511.0,-0.8581849388543092,326.27
HK.00388,香港交易所,2022-07-14,322.07,324.67,326.27,319.87,36.613,0.00189,2396709,865057382.0,0.3709772158159917,323.47
HK.00388,香港交易所,2022-07-15,320.67,314.67,323.87,314.47,35.602,0.00265,3365452,1195101091.0,-3.08005051282841,324.67
HK.00388,香港交易所,2022-07-18,316.27,318.47,319.87,310.87,35.986,0.00289,3667455,1298140812.0,1.2076143261194303,314.67
HK.00388,香港交易所,2022-07-19,316.87,314.07,319.07,313.67,35.541,0.00165,2088729,736230997.0,-1.381605802744382,318.47
HK.00388,香港交易所,2022-07-20,317.47,322.67,326.27,317.47,36.411,0.00328,4156364,1498561004.0,2.738243066832242,314.07
HK.00388,香港交易所,2022-07-21,323.27,315.47,323.67,312.87,35.683,0.00219,2773759,983487607.0,-2.231381907211699,322.67
HK.00388,香港交易所,2022-07-22,316.27,314.27,318.47,311.87,35.561,0.00158,1999092,702964967.0,-0.3803848226455908,315.47
HK.00388,香港交易所,2022-07-25,314.67,318.47,319.07,312.67,35.986,0.00263,3330076,1177889486.0,1.3364304578865454,314.27
HK.00388,香港交易所,2022-07-26,325.87,330.87,332.47,323.87,37.24,0.00358,4543216,1664707845.0,3.893616353188676,318.47
HK.00388,香港交易所,2022-07-27,332.67,330.07,334.07,328.47,37.159,0.00204,2592570,954410517.0,-0.2417868044851486,330.87
HK.00388,香港交易所,2022-07-28,332.87,330.27,334.07,328.87,37.18,0.00203,2567595,946357436.0,0.0605932075014356,330.07
HK.00388,香港交易所,2022-07-29,331.47,321.67,333.67,319.87,36.31,0.00312,3961651,1429830685.0,-2.6039301177824106,330.27
HK.00388,香港交易所,2022-08-01,322.87,325.07,326.87,319.27,36.654,0.00185,2349820,849817182.0,1.0569838654521644,321.67
HK.00388,香港交易所,2022-08-02,320.07,313.07,321.27,308.87,35.44,0.0034,4313237,1509657775.0,-3.691512597286738,325.07
HK.00388,香港交易所,2022-08-03,315.67,311.67,317.27,310.47,35.298,0.00143,1809836,633805379.0,-0.4471843357715454,313.07
HK.00388,香港交易所,2022-08-04,315.67,319.47,321.27,313.27,36.087,0.00172,2179397,774016697.0,2.502647030513046,311.67
HK.00388,香港交易所,2022-08-05,320.07,320.67,322.27,316.27,36.209,0.00128,1620123,579114379.0,0.3756221241431084,319.47
HK.00388,香港交易所,2022-08-08,320.67,318.87,321.47,316.67,36.027,0.00128,1616537,574835051.0,-0.5613247263541994,320.67
HK.00388,香港交易所,2022-08-09,319.47,315.07,319.47,310.87,35.642,0.00247,3135963,1104325660.0,-1.191708219650645,318.87
HK.00388,香港交易所,2022-08-10,315.27,306.87,315.27,304.07,34.813,0.00316,4011607,1381363852.0,-2.602596248452721,315.07
HK.00388,香港交易所,2022-08-11,312.47,310.67,312.67,308.07,35.197,0.00197,2496946,867326721.0,1.2383093818229254,306.87
HK.00388,香港交易所,2022-08-12,311.47,311.27,311.87,308.67,35.258,0.00141,1788425,621838480.0,0.1931309749895277,310.67
HK.00388,香港交易所,2022-08-15,309.27,309.47,314.07,307.67,35.076,0.00161,2041089,709168421.0,-0.5782760947087591,311.27
HK.00388,香港交易所,2022-08-16,309.47,309.27,311.47,305.07,35.056,0.00227,2871783,993196018.0,-0.064626619704671,309.47
HK.00388,香港交易所,2022-08-17,309.27,303.87,310.07,303.27,34.509,0.00303,3847422,1318724898.0,-1.7460471432728613,309.27
HK.00388,香港交易所,2022-08-18,304.47,297.07,304.47,294.67,33.822,0.00482,6115184,2047931159.0,-2.2377990588080467,303.87
HK.00388,香港交易所,2022-08-19,293.27,296.87,299.47,293.27,33.801,0.00141,1788912,598203249.0,-0.0673241996835724,297.07
HK.00388,香港交易所,2022-08-22,293.87,292.67,294.47,291.47,33.377,0.00308,3900893,1286719391.0,-1.41476066965338,296.87
HK.00388,香港交易所,2022-08-23,291.07,290.07,292.27,286.87,33.114,0.00292,3702200,1209727005.0,-0.8883725697885068,292.67
HK.00388,香港交易所,2022-08-24,289.67,282.67,290.07,281.47,32.365,0.00374,4739357,1522266983.0,-2.551108353156127,290.07
HK.00388,香港交易所,2022-08-25,282.87,294.27,294.47,282.07,33.538,0.00271,3433443,1122531859.0,4.103725191919894,282.67
HK.00388,香港交易所,2022-08-26,295.07,291.47,295.87,288.07,33.255,0.00269,3414927,1120020277.0,-0.9515071193121808,294.27
HK.00388,香港交易所,2022-08-29,287.67,283.87,287.67,279.07,32.487,0.0038,4814956,1542871563.0,-2.6074724671492855,291.47
HK.00388,香港交易所,2022-08-30,285.52,282.52,286.52,280.72,32.001,0.00303,3846435,1217906800.0,-0.4755698030788821,283.87
HK.00388,香港交易所,2022-08-31,278.52,283.92,287.32,277.52,32.143,0.00297,3759956,1188863451.0,0.4955401387512509,282.52
HK.00388,香港交易所,2022-09-01,281.12,277.52,281.72,277.52,31.495,0.00369,4682291,1463150210.0,-2.2541561003099586,283.92
HK.00388,香港交易所,2022-09-02,276.72,280.52,280.52,276.72,31.799,0.00251,3177214,994291854.0,1.0810031709426349,277.52
HK.00388,香港交易所,2022-09-05,277.72,272.52,279.32,270.12,30.99,0.00389,4936243,1518659929.0,-2.851846570654499,280.52
HK.00388,香港交易所,2022-09-06,271.12,272.92,276.52,271.12,31.03,0.00149,1887211,580810166.0,0.1467782181124446,272.52
HK.00388,香港交易所,2022-09-07,270.72,270.52,270.72,266.32,30.787,0.00229,2908746,878318850.0,-0.8793785724754631,272.92
HK.00388,香港交易所,2022-09-08,271.32,268.12,272.32,267.12,30.545,0.00156,1981218,599535445.0,-0.887180245453193,270.52
HK.00388,香港交易所,2022-09-09,269.12,277.12,278.72,268.12,31.455,0.00271,3437230,1065110079.0,3.356705952558556,268.12
HK.00388,香港交易所,2022-09-13,275.32,274.92,279.52,274.12,31.232,0.00163,2062982,640352525.0,-0.793879907621243,277.12
HK.00388,香港交易所,2022-09-14,266.92,266.72,269.12,264.12,30.403,0.00329,4176724,1254889556.0,-2.982685872253742,274.92
HK.00388,香港交易所,2022-09-15,265.32,269.72,269.72,265.32,30.706,0.00155,1959606,592572832.0,1.1247750449910017,266.72
HK.00388,香港交易所,2022-09-16,265.32,261.72,267.52,261.32,29.897,0.00392,4967190,1473610003.0,-2.9660388551090016,269.72
HK.00388,香港交易所,2022-09-19,259.92,257.52,261.12,255.12,29.473,0.00203,2573624,751336012.0,-1.6047684548372478,261.72
HK.00388,香港交易所,2022-09-20,259.12,258.72,260.72,257.52,29.594,0.00159,2021564,592241377.0,0.4659832246039319,257.52
HK.00388,香港交易所,2022-09-21,257.52,255.32,258.12,254.32,29.25,0.00243,3075958,891246084.0,-1.3141620284477558,258.72
HK.00388,香港交易所,2022-09-22,249.12,247.12,251.32,242.52,28.421,0.0047,5957668,1666704281.0,-3.211655961146792,255.32
HK.00388,香港交易所,2022-09-23,244.72,243.52,247.52,243.32,28.057,0.00258,3275883,912448785.0,-1.4567821301392014,247.12
HK.00388,香港交易所,2022-09-26,241.12,245.72,249.72,241.12,28.279,0.00349,4420148,1238746599.0,0.9034165571616248,243.52
HK.00388,香港交易所,2022-09-27,246.72,246.92,252.52,244.72,28.4,0.00267,3379468,951978732.0,0.4883607357968372,245.72
HK.00388,香港交易所,2022-09-28,245.72,239.519999999,247.72,237.32,27.652,0.00369,4682493,1289973417.0,-2.996922080430907,246.92
HK.00388,香港交易所,2022-09-29,242.72,235.72,245.32,234.72,27.268,0.00361,4574438,1246986406.0,-1.5865063456145034,239.519999999
HK.00388,香港交易所,2022-09-30,232.12,235.72,239.92,232.12,27.268,0.00306,3880494,1046694468.0,0.0,235.72
HK.00388,香港交易所,2022-10-03,231.519999999,232.72,233.92,229.12,26.964,0.0023,2920119,774802371.0,-1.2726964194807395,235.72
HK.00388,香港交易所,2022-10-05,248.32,250.92,253.52,243.32,28.805,0.00461,5849089,1659489383.0,7.820556892402883,232.72
HK.00388,香港交易所,2022-10-06,253.92,250.52,253.92,249.52,28.765,0.00206,2616841,745854066.0,-0.1594133588394616,250.92
HK.00388,香港交易所,2022-10-07,249.12,247.12,250.12,245.12,28.421,0.0016,2024273,569041869.0,-1.3571770716908853,250.52
HK.00388,香港交易所,2022-10-10,241.12,238.72,241.72,236.519999999,27.571,0.00312,3956691,1079720581.0,-3.399158303658144,247.12
HK.00388,香港交易所,2022-10-11,238.72,234.519999999,238.72,232.12,27.146,0.0029,3678310,987737038.0,-1.7593833784349893,238.72
HK.00388,香港交易所,2022-10-12,233.12,236.32,242.52,229.12,27.328,0.00342,4340112,1169407263.0,0.7675251581987362,234.519999999
HK.00388,香港交易所,2022-10-13,234.519999999,224.519999999,235.519999999,224.519999999,26.135,0.00394,4989909,1306416047.0,-4.9932295197190255,236.32
HK.00388,香港交易所,2022-10-14,227.92,212.72,230.12,211.12,24.941,0.00956,12122162,3094520045.0,-5.25565651124735,224.519999999
HK.00388,香港交易所,2022-10-17,209.72,218.32,219.72,209.72,25.508,0.00655,8298135,2071345521.0,2.6325686348251196,212.72
HK.00388,香港交易所,2022-10-18,223.32,224.12,227.519999999,217.32,26.094,0.00457,5799789,1489555916.0,2.656650787834377,218.32
HK.00388,香港交易所,2022-10-19,224.12,218.92,226.92,218.72,25.568,0.00293,3718381,953538311.0,-2.3201856148491955,224.12
HK.00388,香港交易所,2022-10-20,218.32,221.92,228.72,212.72,25.872,0.00534,6766067,1716755431.0,1.370363603142701,218.92
HK.00388,香港交易所,2022-10-21,223.72,218.12,223.72,217.12,25.488,0.00279,3533425,896273116.0,-1.71232876712328,221.92
HK.00388,香港交易所,2022-10-24,214.72,194.32,216.12,191.72,23.08,0.01074,13620704,3184098030.0,-10.911424903722724,218.12
HK.00388,香港交易所,2022-10-25,194.32,190.12,195.52,187.12,22.656,0.01134,14376964,3237103690.0,-2.161383285302588,194.32
HK.00388,香港交易所,2022-10-26,192.72,199.72,205.12,192.12,23.626,0.00806,10222352,2399755459.0,5.049442457395326,190.12
HK.00388,香港交易所,2022-10-27,204.92,191.92,206.72,190.72,22.838,0.00903,11452321,2663171638.0,-3.9054676547166087,199.72
HK.00388,香港交易所,2022-10-28,190.72,180.92,196.92,179.72,21.725,0.01031,13070036,2859142483.0,-5.731554814506044,191.92
HK.00388,香港交易所,2022-10-31,181.92,175.12,181.92,174.32,21.138,0.00872,11053855,2338462906.0,-3.205836833959752,180.92
HK.00388,香港交易所,2022-11-01,175.32,192.52,195.92,175.32,22.898,0.01231,15611067,3423807218.0,9.936043855641849,175.12
HK.00388,香港交易所,2022-11-02,191.92,202.32,204.12,186.52,23.889,0.00716,9076309,2097275996.0,5.09038022023685,192.52
HK.00388,香港交易所,2022-11-03,198.12,195.92,200.12,193.12,23.242,0.00586,7425608,1711917751.0,-3.16330565440886,202.32
HK.00388,香港交易所,2022-11-04,196.72,212.32,217.32,196.72,24.901,0.01141,14470664,3554045670.0,8.370763576970196,195.92
HK.00388,香港交易所,2022-11-07,214.32,225.72,231.72,212.72,26.256,0.01026,13004266,3370391260.0,6.311228334589301,212.32
HK.00388,香港交易所,2022-11-08,226.12,227.72,233.92,223.519999999,26.458,0.00715,9062541,2376143576.0,0.886053517632465,225.72
HK.00388,香港交易所,2022-11-09,227.72,226.12,231.12,222.32,26.297,0.00418,5303460,1378454863.0,-0.7026172492534667,227.72
HK.00388,香港交易所,2022-11-10,220.92,221.92,223.72,216.32,25.872,0.00499,6324652,1604703670.0,-1.857420838492843,226.12
HK.00388,香港交易所,2022-11-11,248.12,250.72,253.92,240.519999999,28.785,0.0121,15345540,4334080817.0,12.977649603460712,221.92
HK.00388,香港交易所,2022-11-14,265.12,257.92,266.12,254.12,29.513,0.01195,15156009,4466411307.0,2.8717294192725022,250.72
HK.00388,香港交易所,2022-11-15,258.32,275.32,275.52,255.52,31.273,0.0118,14956179,4550560603.0,6.746277915632745,257.92
HK.00388,香港交易所,2022-11-16,275.52,270.92,279.92,265.12,30.828,0.00632,8018314,2456014484.0,-1.5981403457794483,275.32
HK.00388,香港交易所,2022-11-17,265.92,269.52,273.12,261.72,30.686,0.00458,5802841,1748560170.0,-0.5167577144544641,270.92
HK.00388,香港交易所,2022-11-18,278.12,267.12,279.12,264.32,30.444,0.004,5069832,1545960277.0,-0.8904719501335624,269.52
HK.00388,香港交易所,2022-11-21,261.12,258.32,261.12,253.12,29.553,0.00457,5788536,1684635504.0,-3.2943995208146193,267.12
HK.00388,香港交易所,2022-11-22,257.72,250.92,258.92,246.72,28.805,0.0048,6082540,1738848055.0,-2.8646639826571714,258.32
HK.00388,香港交易所,2022-11-23,249.72,254.72,257.52,247.32,29.189,0.00279,3535627,1015499952.0,1.514426908974977,250.92
HK.00388,香港交易所,2022-11-24,258.92,257.52,263.92,256.12,29.473,0.00241,3051742,893064126.0,1.0992462311557722,254.72
HK.00388,香港交易所,2022-11-25,257.52,253.72,257.52,251.32,29.088,0.00242,3066508,881953206.0,-1.4756135445790557,257.52
HK.00388,香港交易所,2022-11-28,242.12,245.12,248.52,235.12,28.218,0.00721,9145988,2521816267.0,-3.389563298123914,253.72
HK.00388,香港交易所,2022-11-29,245.92,266.12,266.92,245.92,30.342,0.0064,8108667,2386833793.0,8.567232375979113,245.12
HK.00388,香港交易所,2022-11-30,264.52,272.12,276.12,262.12,30.949,0.00602,7627170,2317494240.0,2.25462197504885,266.12
HK.00388,香港交易所,2022-12-01,280.12,283.32,290.12,279.72,32.082,0.00903,11450215,3653748809.0,4.115831250918708,272.12
HK.00388,香港交易所,2022-12-02,284.72,281.32,285.52,274.92,31.88,0.00407,5156838,1622649364.0,-0.7059155724975293,283.32
HK.00388,香港交易所,2022-12-05,286.52,295.52,297.92,284.92,33.316,0.00725,9197297,3008185760.0,5.047632589222234,281.32
HK.00388,香港交易所,2022-12-06,296.32,296.12,304.12,292.52,33.377,0.00533,6758970,2237273108.0,0.2030319436924819,295.52
HK.00388,香港交易所,2022-12-07,295.12,287.32,305.92,287.12,32.487,0.00876,11112022,3688100802.0,-2.9717682020802414,296.12
HK.00388,香港交易所,2022-12-08,289.52,301.72,304.12,289.52,33.943,0.00515,6534311,2175089051.0,5.011833495753875,287.32
HK.00388,香港交易所,2022-12-09,305.12,311.92,315.12,301.92,34.975,0.00699,8862820,3044154598.0,3.3806177913297057,301.72
HK.00388,香港交易所,2022-12-12,308.32,305.32,308.32,302.32,34.307,0.00444,5622983,1911882112.0,-2.1159271608104713,311.92
HK.00388,香港交易所,2022-12-13,306.92,309.32,309.92,301.72,34.712,0.00382,4839670,1649287080.0,1.3101008777675882,305.32
HK.00388,香港交易所,2022-12-14,315.12,309.72,319.52,308.52,34.752,0.00454,5762139,2000870881.0,0.129315918789614,309.32
HK.00388,香港交易所,2022-12-15,307.72,301.12,311.12,299.12,33.882,0.00319,4039519,1362323297.0,-2.7767015368720207,309.72
HK.00388,香港交易所,2022-12-16,299.32,298.92,306.52,292.12,33.66,0.00572,7253605,2418961933.0,-0.7306057385759792,301.12
HK.00388,香港交易所,2022-12-19,298.72,295.72,306.72,292.52,33.336,0.00326,4131711,1365787729.0,-1.0705205406128693,298.92
HK.00388,香港交易所,2022-12-20,291.72,291.12,295.92,284.12,32.871,0.00343,4343785,1404629814.0,-1.555525497091851,295.72
HK.00388,香港交易所,2022-12-21,294.72,293.92,298.12,291.72,33.154,0.00199,2519768,828148812.0,0.9618026930475444,291.12
HK.00388,香港交易所,2022-12-22,301.12,303.52,307.92,301.12,34.125,0.00314,3985326,1348794289.0,3.2661948829613383,293.92
HK.00388,香港交易所,2022-12-23,298.72,306.12,307.72,297.72,34.388,0.00219,2774564,939765376.0,0.8566157090142406,303.52
HK.00388,香港交易所,2022-12-28,310.52,308.72,315.72,305.52,34.651,0.0034,4307925,1483217551.0,0.8493401280543652,306.12
HK.00388,香港交易所,2022-12-29,303.92,306.12,306.72,302.12,34.388,0.00196,2479668,839962019.0,-0.8421870951023653,308.72
HK.00388,香港交易所,2022-12-30,311.32,303.32,311.52,303.12,34.105,0.00188,2381253,807674308.0,-0.9146739840585428,306.12
HK.00388,香港交易所,2023-01-03,296.72,309.12,311.12,295.12,34.692,0.00369,4683105,1584236797.0,1.9121719636027996,303.32
HK.00388,香港交易所,2023-01-04,310.92,320.12,320.12,309.32,35.804,0.00439,5561041,1948549663.0,3.558488612836439,309.12
HK.00388,香港交易所,2023-01-05,326.12,327.92,331.12,325.32,36.593,0.00605,7675714,2782018923.0,2.436586280144949,320.12
HK.00388,香港交易所,2023-01-06,326.32,328.52,332.12,324.32,36.654,0.00494,6264530,2266567242.0,0.1829714564527829,327.92
HK.00388,香港交易所,2023-01-09,336.12,343.52,348.52,333.12,38.171,0.00664,8422963,3174595452.0,4.565932058930963,328.52
HK.00388,香港交易所,2023-01-10,345.72,339.92,347.12,336.72,37.807,0.00437,5538044,2073689558.0,-1.047973917093609,343.52
HK.00388,香港交易所,2023-01-11,342.12,332.72,343.92,331.12,37.078,0.00416,5271888,1947854052.0,-2.1181454459872877,339.92
HK.00388,香港交易所,2023-01-12,336.32,336.32,342.52,332.12,37.443,0.00319,4041576,1497961412.0,1.0819908631882562,332.72
HK.00388,香港交易所,2023-01-13,339.32,334.92,342.12,329.32,37.301,0.00383,4858616,1783391125.0,-0.416270218839194,336.32
HK.00388,香港交易所,2023-01-16,334.72,329.52,339.72,326.32,36.755,0.00456,5777868,2113536281.0,-1.6123253314224393,334.92
HK.00388,香港交易所,2023-01-17,326.52,324.72,330.32,319.72,36.269,0.00431,5470248,1955181050.0,-1.4566642388929214,329.52
HK.00388,香港交易所,2023-01-18,319.52,324.72,325.72,319.52,36.269,0.00262,3317176,1184694298.0,0.0,324.72
HK.00388,香港交易所,2023-01-19,321.12,327.52,328.52,319.52,36.553,0.00205,2603373,933781274.0,0.862281350086214,324.72
HK.00388,香港交易所,2023-01-20,328.72,334.52,334.52,325.72,37.261,0.00266,3367773,1226277777.0,2.137274059599414,327.52
HK.00388,香港交易所,2023-01-26,338.12,341.12,342.72,336.52,37.928,0.00456,5785789,2157969724.0,1.972976204711235,334.52
HK.00388,香港交易所,2023-01-27,342.32,340.12,344.12,338.12,37.827,0.00231,2923621,1095009802.0,-0.2931519699812382,341.12
HK.00388,香港交易所,2023-01-30,340.12,325.72,344.12,325.12,36.37,0.00595,7541892,2767317194.0,-4.233799835352222,340.12
HK.00388,香港交易所,2023-01-31,328.12,318.52,331.32,312.92,35.642,0.00598,7575500,2671557250.0,-2.2104875353064117,325.72
HK.00388,香港交易所,2023-02-01,317.72,318.52,319.32,311.12,35.642,0.00471,5972337,2091202836.0,0.0,318.52
HK.00388,香港交易所,2023-02-02,322.12,318.52,327.72,318.12,35.642,0.00366,4635182,1648949578.0,0.0,318.52
HK.00388,香港交易所,2023-02-03,316.12,318.52,318.72,311.12,35.642,0.00367,4657440,1625619417.0,0.0,318.52
HK.00388,香港交易所,2023-02-06,313.52,303.72,313.52,296.52,34.145,0.00971,12313435,4144952378.0,-4.646490016325491,318.52
HK.00388,香港交易所,2023-02-07,306.12,305.32,310.12,303.72,34.307,0.0034,4308221,1466161067.0,0.5268010009218904,303.72
HK.00388,香港交易所,2023-02-08,305.52,303.32,307.52,300.72,34.105,0.0029,3671177,1239118979.0,-0.6550504388837941,305.32
HK.00388,香港交易所,2023-02-09,301.12,309.52,310.12,299.12,34.732,0.00364,4608976,1561406498.0,2.044045892127123,303.32
HK.00388,香港交易所,2023-02-10,307.12,301.12,308.72,300.12,33.882,0.00314,3985809,1339193350.0,-2.713879555440675,309.52
HK.00388,香港交易所,2023-02-13,299.12,301.12,302.32,296.12,33.882,0.00234,2963526,989216554.0,0.0,301.12
HK.00388,香港交易所,2023-02-14,301.12,303.32,304.12,298.32,34.105,0.00213,2695387,905287217.0,0.7306057385759792,301.12
HK.00388,香港交易所,2023-02-15,301.72,298.92,303.12,296.52,33.66,0.00243,3085041,1026773887.0,-1.4506132137676309,303.32
HK.00388,香港交易所,2023-02-16,302.92,300.72,309.12,299.52,33.842,0.00341,4326675,1461672512.0,0.6021678040947448,298.92
HK.00388,香港交易所,2023-02-17,301.12,296.92,302.52,296.12,33.458,0.00211,2669476,885852480.0,-1.2636339451981946,300.72
HK.00388,香港交易所,2023-02-20,298.32,298.92,300.12,293.52,33.66,0.00267,3384469,1120809601.0,0.6735821096591674,296.92
HK.00388,香港交易所,2023-02-21,300.32,295.52,301.52,293.12,33.316,0.00239,3025255,997422706.0,-1.1374280744011889,298.92
HK.00388,香港交易所,2023-02-22,291.72,293.52,295.72,286.32,33.114,0.00335,4251789,1385097683.0,-0.676773145641581,295.52
HK.00388,香港交易所,2023-02-23,295.12,293.72,299.92,291.92,33.134,0.00277,3512148,1157605545.0,0.0681384573453412,293.52
HK.00388,香港交易所,2023-02-24,290.72,285.52,291.32,282.12,40.181,0.00547,6937116,2215157570.0,-2.7917744790957526,293.72
HK.00388,香港交易所,2023-02-27,281.32,284.72,287.12,279.12,40.08,0.00313,3967241,1260956265.0,-0.2801905295600849,285.52
HK.00388,香港交易所,2023-02-28,284.92,280.72,288.52,278.32,39.577,0.00383,4857075,1530040566.0,-1.4048890137679122,284.72
HK.00388,香港交易所,2023-03-01,280.72,296.92,298.12,280.72,41.615,0.00464,5885870,1925280505.0,5.770874893131942,280.72
HK.00388,香港交易所,2023-03-02,294.32,302.52,305.92,294.12,42.319,0.00402,5093232,1710152669.0,1.8860299070456572,296.92
HK.00388,香港交易所,2023-03-03,306.92,303.92,308.72,302.32,42.495,0.00265,3358728,1137733634.0,0.4627793203755236,302.52
HK.00388,香港交易所,2023-03-06,302.32,305.92,310.12,302.12,42.747,0.00347,4399715,1501678031.0,0.6580679126085812,303.92
HK.00388,香港交易所,2023-03-07,306.12,303.52,315.92,301.12,42.445,0.00455,5772197,1970932058.0,-0.7845188284518939,305.92
HK.00388,香港交易所,2023-03-08,300.21,297.61,300.81,294.81,41.237,0.00351,4455762,1458513349.0,-1.9471534001054192,303.52
HK.00388,香港交易所,2023-03-09,299.81,294.81,299.81,293.81,40.885,0.002,2540218,828541449.0,-0.94082860118948,297.61
HK.00388,香港交易所,2023-03-10,290.01,288.21,291.21,287.01,40.055,0.00365,4629798,1475876268.0,-2.2387300295105397,294.81
HK.00388,香港交易所,2023-03-13,286.81,294.21,297.61,286.81,40.81,0.00379,4810488,1559043725.0,2.0818153429790778,288.21
HK.00388,香港交易所,2023-03-14,292.21,291.01,298.61,289.21,40.407,0.00256,3239628,1045548914.0,-1.0876584752387712,294.21
HK.00388,香港交易所,2023-03-15,296.41,300.41,306.41,296.41,41.59,0.00445,5640440,1871844927.0,3.230129548812767,291.01
HK.00388,香港交易所,2023-03-16,295.81,296.01,301.61,293.81,41.036,0.00281,3557995,1167468940.0,-1.4646649578908937,300.41
HK.00388,香港交易所,2023-03-17,300.01,302.81,305.61,299.81,41.892,0.00328,4164707,1387250336.0,2.29721968852404,296.01
HK.00388,香港交易所,2023-03-20,302.81,297.21,302.81,293.41,41.187,0.00294,3721819,1217351677.0,-1.8493444734321929,302.81
HK.00388,香港交易所,2023-03-21,297.21,294.61,299.41,290.81,40.86,0.00312,3950263,1279468070.0,-0.8748023283200316,297.21
HK.00388,香港交易所,2023-03-22,295.61,302.41,303.41,295.61,41.841,0.00319,4048112,1341593051.0,2.647567971216188,294.61
HK.00388,香港交易所,2023-03-23,302.61,311.81,314.61,299.81,43.024,0.00461,5846277,1982645865.0,3.10836281868985,302.41
HK.00388,香港交易所,2023-03-24,311.21,311.81,314.81,309.61,43.024,0.00349,4418846,1514621111.0,0.0,311.81
HK.00388,香港交易所,2023-03-27,310.61,303.01,311.81,302.41,41.917,0.00311,3948253,1326310781.0,-2.8222314871235725,311.81
HK.00388,香港交易所,2023-03-28,308.21,304.21,309.41,300.41,42.068,0.00199,2521532,841557921.0,0.3960265337777593,303.01
HK.00388,香港交易所,2023-03-29,314.81,313.41,317.81,311.61,43.225,0.00453,5746735,1979647325.0,3.0242266855133115,304.21
HK.00388,香港交易所,2023-03-30,312.21,312.41,315.41,307.81,43.099,0.00274,3469438,1187326783.0,-0.3190708656392584,313.41
HK.00388,香港交易所,2023-03-31,321.21,318.01,321.21,315.01,43.804,0.00617,7825933,2731994474.0,1.7925162446784562,312.41
HK.00388,香港交易所,2023-04-03,318.41,317.01,320.41,312.41,43.678,0.00239,3032828,1051875136.0,-0.3144555202666583,318.01
HK.00388,香港交易所,2023-04-04,319.01,312.81,319.01,311.61,43.15,0.00195,2469327,848902865.0,-1.3248793413456952,317.01
HK.00388,香港交易所,2023-04-06,309.81,318.41,321.81,309.81,43.854,0.00335,4244183,1478376753.0,1.7902240976950936,312.81
HK.00388,香港交易所,2023-04-11,323.21,318.41,324.21,316.01,43.854,0.00217,2754712,963074388.0,0.0,318.41
HK.00388,香港交易所,2023-04-12,318.41,313.81,319.81,310.81,43.275,0.00193,2445646,842908991.0,-1.44467824503,318.41
HK.00388,香港交易所,2023-04-13,309.21,315.01,315.01,306.21,43.426,0.00165,2086629,712439762.0,0.3823969918103275,313.81
HK.00388,香港交易所,2023-04-14,317.01,314.41,317.61,311.81,43.351,0.00112,1424550,490546084.0,-0.1904701438049477,315.01
HK.00388,香港交易所,2023-04-17,311.81,318.21,319.81,310.01,43.829,0.00245,3111316,1076552275.0,1.208612957603115,314.41
HK.00388,香港交易所,2023-04-18,317.21,317.01,319.41,313.61,43.678,0.00143,1807118,626127300.0,-0.3771094560196061,318.21
HK.00388,香港交易所,2023-04-19,316.01,309.21,316.01,306.81,42.697,0.0034,4305873,1465489163.0,-2.460490205356302,317.01
HK.00388,香港交易所,2023-04-20,306.41,308.01,311.41,306.41,42.546,0.00176,2234506,757138075.0,-0.3880857669544933,309.21
HK.00388,香港交易所,2023-04-21,305.81,301.41,306.81,300.21,41.715,0.00313,3964042,1321178468.0,-2.1427875718320726,308.01
HK.00388,香港交易所,2023-04-24,303.01,299.81,304.41,296.21,41.514,0.00308,3907946,1288305366.0,-0.530838392886773,301.41
HK.00388,香港交易所,2023-04-25,300.41,294.81,300.41,292.21,40.885,0.00267,3379491,1099886150.0,-1.667722891164404,299.81
HK.00388,香港交易所,2023-04-26,293.81,298.81,301.61,293.01,41.388,0.00319,4049456,1325791594.0,1.3568060784912317,294.81
HK.00388,香港交易所,2023-04-27,297.01,296.21,297.41,292.01,41.061,0.00303,3841661,1248349685.0,-0.8701181352699116,298.81
HK.00388,香港交易所,2023-04-28,300.61,293.81,301.01,290.81,40.759,0.0034,4307766,1400064382.0,-0.8102359812295256,296.21
HK.00388,香港交易所,2023-05-02,296.01,292.21,298.81,291.81,40.558,0.0019,2406738,778646043.0,-0.544569619822342,293.81
HK.00388,香港交易所,2023-05-03,289.81,289.81,290.81,287.21,40.256,0.00218,2768880,884539807.0,-0.8213271277505827,292.21
HK.00388,香港交易所,2023-05-04,288.61,291.61,294.01,288.61,40.483,0.00385,4886086,1570481701.0,0.6210965805182744,289.81
HK.00388,香港交易所,2023-05-05,292.01,289.41,294.41,287.81,40.206,0.00218,2764167,883630077.0,-0.7544322897019953,291.61
HK.00388,香港交易所,2023-05-08,290.21,289.21,293.01,287.61,40.181,0.00241,3059754,976000545.0,-0.0691061124356606,289.41
HK.00388,香港交易所,2023-05-09,288.61,285.81,292.41,283.81,39.753,0.00221,2805523,890810788.0,-1.1756163341516468,289.21
HK.00388,香港交易所,2023-05-10,284.01,282.61,285.21,280.21,39.35,0.00305,3865578,1206663340.0,-1.1196249256499031,285.81
HK.00388,香港交易所,2023-05-11,284.01,282.21,286.41,279.01,39.3,0.00272,3451362,1075850951.0,-0.1415378082870507,282.61
HK.00388,香港交易所,2023-05-12,280.81,279.41,284.41,278.61,38.948,0.00311,3943550,1223956784.0,-0.9921689521987012,282.21
HK.00388,香港交易所,2023-05-15,283.41,283.21,285.21,279.21,39.426,0.00239,3033384,947855148.0,1.3600085895279177,279.41
HK.00388,香港交易所,2023-05-16,287.61,281.61,287.61,280.41,39.225,0.00176,2229388,698576320.0,-0.564951802549333,283.21
HK.00388,香港交易所,2023-05-17,279.61,275.61,281.01,275.21,38.47,0.00268,3395438,1044138880.0,-2.130606157451795,281.61
HK.00388,香港交易所,2023-05-18,275.61,275.81,279.21,272.81,38.495,0.00355,4505379,1374849828.0,0.0725663074634405,275.61
HK.00388,香港交易所,2023-05-19,274.01,273.81,275.61,272.01,38.243,0.0015,1903069,578564839.0,-0.7251368695841339,275.81
HK.00388,香港交易所,2023-05-22,275.81,277.41,280.01,273.81,38.696,0.00281,3568121,1097728428.0,1.3147803221211871,273.81
HK.00388,香港交易所,2023-05-23,278.01,276.01,282.41,274.81,38.52,0.00167,2122770,653332632.0,-0.5046681806712209,277.41
HK.00388,香港交易所,2023-05-24,273.81,270.81,275.61,270.21,37.866,0.00241,3061610,924333000.0,-1.883989710517731,276.01
HK.00388,香港交易所,2023-05-25,270.21,263.81,270.41,260.41,36.985,0.00454,5761649,1697553942.0,-2.58483807835752,270.81
HK.00388,香港交易所,2023-05-29,265.01,258.81,268.81,258.01,36.356,0.00364,4611428,1344294664.0,-1.8953034380804368,263.81
HK.00388,香港交易所,2023-05-30,258.01,258.61,260.21,253.61,36.331,0.00448,5684458,1631659113.0,-0.0772767667400752,258.81
HK.00388,香港交易所,2023-05-31,256.41,256.41,256.61,252.01,36.054,0.00488,6190372,1763524317.0,-0.8507018290089279,258.61
HK.00388,香港交易所,2023-06-01,257.21,260.81,266.41,256.81,36.608,0.00368,4661473,1361632893.0,1.716001716001707,256.41
HK.00388,香港交易所,2023-06-02,267.41,272.21,276.81,267.41,38.042,0.00491,6230013,1884515992.0,4.370998044553498,260.81
HK.00388,香港交易所,2023-06-05,275.61,275.21,277.21,270.81,38.419,0.00269,3405053,1037817189.0,1.102090297931744,272.21
HK.00388,香港交易所,2023-06-06,275.01,274.61,280.61,272.01,38.344,0.00186,2363564,724984550.0,-0.2180153337451277,275.21
HK.00388,香港交易所,2023-06-07,279.21,278.21,281.21,276.61,38.797,0.00207,2620216,809511178.0,1.3109500746513112,274.61
HK.00388,香港交易所,2023-06-08,276.21,278.81,279.61,274.81,38.872,0.00165,2088557,642142496.0,0.2156644261529142,278.21
HK.00388,香港交易所,2023-06-09,279.61,278.61,279.81,277.21,38.847,0.00199,2519579,778416774.0,-0.0717334385423724,278.81
HK.00388,香港交易所,2023-06-12,280.41,280.21,280.81,276.61,39.048,0.00142,1794284,555364421.0,0.5742794587415978,278.61
HK.00388,香港交易所,2023-06-13,280.21,280.01,280.81,276.81,39.023,0.00154,1950720,603771206.0,-0.071375040148456,280.21
HK.00388,香港交易所,2023-06-14,282.01,281.01,285.61,280.21,39.149,0.00292,3705142,1158887217.0,0.3571301024963394,280.01
HK.00388,香港交易所,2023-06-15,282.81,285.21,285.81,279.81,39.677,0.00299,3789971,1188533628.0,1.494608732785306,281.01
HK.00388,香港交易所,2023-06-16,285.21,286.81,288.81,284.21,39.879,0.00468,5937361,1879522795.0,0.5609901476105407,285.21
HK.00388,香港交易所,2023-06-19,286.81,283.01,287.81,279.41,39.401,0.00273,3463755,1082409852.0,-1.3249189358809006,286.81
HK.00388,香港交易所,2023-06-20,282.41,277.41,283.21,275.01,38.696,0.00303,3842298,1182181665.0,-1.978728666831549,283.01
HK.00388,香港交易所,2023-06-21,275.01,273.01,277.81,272.21,38.143,0.00288,3645077,1110092968.0,-1.5860999963952394,277.41
HK.00388,香港交易所,2023-06-23,272.61,271.21,273.01,269.81,37.916,0.00281,3559882,1072782645.0,-0.6593165085528044,273.01
HK.00388,香港交易所,2023-06-26,269.01,268.01,272.21,264.81,37.514,0.003,3808427,1133149963.0,-1.1798974964049955,271.21
HK.00388,香港交易所,2023-06-27,269.81,271.21,273.41,267.81,37.916,0.00237,3000664,904654082.0,1.1939852990560011,268.01
HK.00388,香港交易所,2023-06-28,272.81,270.61,272.81,267.81,37.841,0.00212,2693383,807772066.0,-0.2212307805759249,271.21
HK.00388,香港交易所,2023-06-29,272.21,268.81,272.21,266.41,37.614,0.00209,2649569,790540773.0,-0.6651638889915418,270.61
HK.00388,香港交易所,2023-06-30,267.81,265.01,269.81,265.01,37.136,0.00247,3127270,927300618.0,-1.4136378854953355,268.81
HK.00388,香港交易所,2023-07-03,266.21,270.01,273.61,266.01,37.765,0.00227,2876923,864180411.0,1.886721255801668,265.01
HK.00388,香港交易所,2023-07-04,271.81,273.41,274.41,270.01,38.193,0.0016,2030897,615721826.0,1.2592126217547623,270.01
HK.00388,香港交易所,2023-07-05,273.21,267.21,274.61,265.61,37.413,0.00257,3259242,969958044.0,-2.2676566328956675,273.41
HK.00388,香港交易所,2023-07-06,265.01,259.81,266.61,256.81,36.482,0.00426,5400900,1566846536.0,-2.7693574342277527,267.21
HK.00388,香港交易所,2023-07-07,258.21,252.01,258.21,250.61,35.501,0.00661,8378693,2367200027.0,-3.0021939109349183,259.81
HK.00388,香港交易所,2023-07-10,257.21,252.61,258.61,249.81,35.576,0.00296,3757382,1063666264.0,0.2380857902464278,252.01
HK.00388,香港交易所,2023-07-11,255.01,256.01,258.61,253.41,36.004,0.00263,3336818,955896884.0,1.3459482997505945,252.61
HK.00388,香港交易所,2023-07-12,257.81,260.41,263.61,257.81,36.558,0.00233,2950723,859450644.0,1.7186828639506404,256.01
HK.00388,香港交易所,2023-07-13,266.41,273.01,274.41,265.21,38.143,0.00529,6710595,2021640297.0,4.838523866210961,260.41
HK.00388,香港交易所,2023-07-14,274.21,271.21,276.01,269.81,37.916,0.00233,2949877,890681786.0,-0.6593165085528044,273.01
HK.00388,香港交易所,2023-07-18,268.01,265.01,268.61,263.61,37.136,0.00267,3384033,999329063.0,-2.286051399284683,271.21
HK.00388,香港交易所,2023-07-19,262.21,265.61,266.81,260.21,37.212,0.00222,2815987,828016420.0,0.2264065506962087,265.01
HK.00388,香港交易所,2023-07-20,266.21,264.41,269.41,263.01,37.061,0.00212,2685800,793863871.0,-0.4517902187417599,265.61
HK.00388,香港交易所,2023-07-21,263.61,266.81,268.01,263.01,37.363,0.0013,1650874,489003773.0,0.90768125260012,264.41
HK.00388,香港交易所,2023-07-24,262.81,260.01,263.81,256.41,36.507,0.00291,3683457,1066914171.0,-2.5486301113151724,266.81
HK.00388,香港交易所,2023-07-25,267.41,275.81,276.61,267.41,38.495,0.00571,7236670,2188539462.0,6.076689358101616,260.01
HK.00388,香港交易所,2023-07-26,273.81,273.81,276.21,271.61,38.243,0.00209,2654248,806965341.0,-0.7251368695841339,275.81
HK.00388,香港交易所,2023-07-27,276.41,277.81,280.61,275.41,38.747,0.00294,3728462,1149596350.0,1.4608670245790876,273.81
HK.00388,香港交易所,2023-07-28,274.61,294.01,295.81,272.61,40.785,0.01075,13626271,4353862252.0,5.831323566466286,277.81
HK.00388,香港交易所,2023-07-31,300.41,295.61,305.81,294.81,40.986,0.00758,9605312,3167320054.0,0.5441991768987526,294.01
HK.00388,香港交易所,2023-08-01,297.81,294.01,298.21,290.21,40.785,0.00406,5146168,1667114764.0,-0.541253678833606,295.61
HK.00388,香港交易所,2023-08-02,290.41,287.41,292.61,285.21,39.954,0.00346,4391723,1395402230.0,-2.2448216047073113,294.01
HK.00388,香港交易所,2023-08-03,286.81,288.41,292.61,285.21,40.08,0.00209,2646456,843981155.0,0.3479350057409275,287.41
HK.00388,香港交易所,2023-08-04,291.81,288.81,299.21,288.01,40.13,0.00369,4677245,1512580447.0,0.1386914462050474,288.41
HK.00388,香港交易所,2023-08-07,287.81,287.01,288.61,284.21,39.904,0.00158,2000525,632796104.0,-0.6232471174820855,288.81
HK.00388,香港交易所,2023-08-08,283.01,281.41,283.81,278.01,39.199,0.00248,3145760,977491641.0,-1.9511515278213185,287.01
HK.00388,香港交易所,2023-08-09,278.81,282.01,283.81,277.81,39.275,0.00109,1383399,430855470.0,0.2132120393731444,281.41
HK.00388,香港交易所,2023-08-10,280.21,282.21,284.21,278.81,39.3,0.00117,1486007,463601906.0,0.0709194709407427,282.01
HK.00388,香港交易所,2023-08-11,280.61,279.81,283.81,278.81,38.998,0.00231,2933218,910849509.0,-0.8504305304560354,282.21
HK.00388,香港交易所,2023-08-14,275.01,274.41,275.01,272.01,38.319,0.00274,3477749,1057983522.0,-1.9298809906722336,279.81
HK.00388,香港交易所,2023-08-15,272.81,271.41,276.41,270.01,37.941,0.00218,2765712,834765008.0,-1.0932546190007653,274.41
HK.00388,香港交易所,2023-08-16,269.01,269.41,271.61,266.81,37.69,0.00278,3524719,1054512225.0,-0.7368925242253416,271.41
HK.00388,香港交易所,2023-08-17,263.41,267.01,268.01,257.41,37.388,0.00413,5235641,1535804654.0,-0.8908355294903805,269.41
HK.00388,香港交易所,2023-08-18,266.01,262.21,268.41,261.81,36.784,0.00251,3176466,934568285.0,-1.7976854799445756,267.01
HK.00388,香港交易所,2023-08-21,259.01,252.21,260.01,251.21,35.526,0.00627,7952037,2262549869.0,-3.813737080965628,262.21
HK.00388,香港交易所,2023-08-22,251.81,253.81,255.01,248.81,35.727,0.00465,5891471,1659828199.0,0.6343919749415147,252.21
HK.00388,香港交易所,2023-08-23,252.41,250.41,253.61,249.81,35.3,0.00284,3604477,1014494520.0,-1.3395847287340947,253.81
HK.00388,香港交易所,2023-08-24,254.21,260.01,262.21,252.41,36.507,0.00439,5562333,1604841331.0,3.8337127111537055,250.41
HK.00388,香港交易所,2023-08-25,257.41,257.41,260.61,255.21,36.18,0.00237,3010712,866861998.0,-0.9999615399407584,260.01
HK.00388,香港交易所,2023-08-28,278.01,267.01,280.41,266.61,37.388,0.00846,10720058,3239022258.0,3.729458839982893,257.41
HK.00388,香港交易所,2023-08-29,269.71,281.71,283.51,269.51,38.671,0.00755,9566747,2923524075.0,5.505411782330246,267.01
HK.00388,香港交易所,2023-08-30,286.91,283.31,294.11,282.31,38.872,0.00891,11296930,3547112473.0,0.5679599588229111,281.71
HK.00388,香港交易所,2023-08-31,285.71,278.31,289.11,276.71,38.243,0.00499,6329180,1938134276.0,-1.7648512230418978,283.31
HK.00388,香港交易所,2023-09-04,282.31,287.71,291.11,282.31,39.426,0.00568,7195598,2250692236.0,3.3775286550968264,278.31
HK.00388,香港交易所,2023-09-05,286.71,286.51,289.71,284.31,39.275,0.00351,4456267,1392680331.0,-0.4170866497514819,287.71
HK.00388,香港交易所,2023-09-06,287.11,286.31,287.11,282.31,39.25,0.00215,2721522,845262311.0,-0.0698055914278694,286.51
HK.00388,香港交易所,2023-09-07,286.31,281.51,286.31,279.51,38.646,0.00281,3559050,1092224432.0,-1.6765044881422275,286.31
HK.00388,香港交易所,2023-09-11,274.51,274.51,277.11,268.31,37.765,0.00714,9051650,2701685028.0,-2.4865901744165395,281.51
HK.00388,香港交易所,2023-09-12,271.31,276.91,278.11,269.91,38.067,0.0024,3043017,914917208.0,0.874285089796377,274.51
HK.00388,香港交易所,2023-09-13,276.91,275.51,277.31,273.31,37.891,0.00206,2612542,785856899.0,-0.5055794301397689,276.91
HK.00388,香港交易所,2023-09-14,276.31,274.51,277.31,271.11,37.765,0.00192,2436758,730599265.0,-0.3629632318246162,275.51
HK.00388,香港交易所,2023-09-15,273.91,274.11,278.71,270.91,37.715,0.00275,3481496,1047525156.0,-0.1457141816327191,274.51
HK.00388,香港交易所,2023-09-18,271.31,266.51,272.51,266.31,36.759,0.00344,4364349,1283512347.0,-2.772609536317545,274.11
HK.00388,香港交易所,2023-09-19,265.71,265.31,266.71,262.31,36.608,0.00283,3582053,1040020531.0,-0.4502645304116126,266.51
HK.00388,香港交易所,2023-09-20,262.31,260.91,264.31,257.51,36.054,0.0047,5953415,1701905563.0,-1.6584372997625334,265.31
HK.00388,香港交易所,2023-09-21,256.91,261.31,263.31,256.91,36.105,0.00221,2796735,800166334.0,0.1533095703499203,260.91
HK.00388,香港交易所,2023-09-22,259.51,270.31,270.31,259.51,37.237,0.00444,5623152,1645023608.0,3.444185067544296,261.31
HK.00388,香港交易所,2023-09-25,267.51,266.91,270.91,265.11,36.809,0.00261,3304284,969535450.0,-1.257815101180118,270.31
HK.00388,香港交易所,2023-09-26,264.71,262.51,266.71,260.51,36.256,0.00324,4112768,1188495854.0,-1.6484957476303,266.91
HK.00388,香港交易所,2023-09-27,260.71,264.51,267.91,260.51,36.507,0.00289,3660023,1063720450.0,0.7618757380671213,262.51
HK.00388,香港交易所,2023-09-28,262.51,257.91,264.31,257.51,35.677,0.00474,6015377,1714617648.0,-2.4951797663604274,264.51
HK.00388,香港交易所,2023-09-29,259.71,266.91,267.91,259.51,36.809,0.00363,4606657,1335999413.0,3.489589391648249,257.91
HK.00388,香港交易所,2023-10-03,261.31,260.11,261.31,258.31,35.954,0.00232,2935462,838633576.0,-2.547675246337721,266.91
HK.00388,香港交易所,2023-10-04,256.31,259.71,259.71,255.31,35.903,0.00262,3322602,941516659.0,-0.1537810926146761,260.11
HK.00388,香港交易所,2023-10-05,259.11,259.91,262.91,259.11,35.929,0.00177,2245698,641778244.0,0.0770089715452025,259.71
HK.00388,香港交易所,2023-10-06,262.71,262.91,266.91,261.51,36.306,0.00173,2195706,636074644.0,1.154245700434766,259.91
HK.00388,香港交易所,2023-10-09,260.31,263.11,266.31,260.31,36.331,0.00103,1305645,377573352.0,0.0760716595032477,262.91
HK.00388,香港交易所,2023-10-10,266.51,263.71,269.11,262.31,36.407,0.00235,2985091,869972491.0,0.2280415035536337,263.11
HK.00388,香港交易所,2023-10-11,267.31,266.31,271.11,265.51,36.734,0.0038,4811810,1413330770.0,0.9859315156801116,263.71
HK.00388,香港交易所,2023-10-12,271.51,272.31,273.31,269.91,37.488,0.0033,4183307,1244727808.0,2.2530134054297624,266.31
HK.00388,香港交易所,2023-10-13,267.31,266.71,270.31,265.91,36.784,0.00217,2751662,806532256.0,-2.056479747346782,272.31
HK.00388,香港交易所,2023-10-16,265.51,262.11,266.31,260.91,36.205,0.00229,2898872,836798117.0,-1.724719733043368,266.71
HK.00388,香港交易所,2023-10-17,264.51,266.31,266.91,263.91,36.734,0.00164,2077350,605234237.0,1.6023806798672269,262.11
HK.00388,香港交易所,2023-10-18,263.71,263.51,266.31,262.31,36.381,0.0016,2031297,588691752.0,-1.0514062558672268,266.31
HK.00388,香港交易所,2023-10-19,260.11,256.91,261.11,254.91,35.551,0.00352,4467505,1263752432.0,-2.5046487799324377,263.51
HK.00388,香港交易所,2023-10-20,254.31,259.51,262.91,254.31,35.878,0.00341,4323691,1226252346.0,1.0120275582888816,256.91
HK.00388,香港交易所,2023-10-24,256.91,264.31,267.31,256.31,36.482,0.00436,5525316,1595008594.0,1.849639705599018,259.51
HK.00388,香港交易所,2023-10-25,271.91,252.51,272.31,250.31,34.998,0.01098,13923221,3977130969.0,-4.464454617683785,264.31
HK.00388,香港交易所,2023-10-26,251.31,247.51,254.51,243.91,34.369,0.00632,8017738,2190287078.0,-1.9801195992237932,252.51
HK.00388,香港交易所,2023-10-27,247.11,252.31,253.91,244.709999999,34.972,0.00503,6373842,1758176496.0,1.939315583208764,247.51
HK.00388,香港交易所,2023-10-30,249.71,254.31,254.51,249.31,35.224,0.00244,3099058,863574812.0,0.792675676746859,252.31
HK.00388,香港交易所,2023-10-31,254.31,249.31,254.31,246.709999999,34.595,0.00303,3836327,1055468943.0,-1.9661043608194724,254.31
HK.00388,香港交易所,2023-11-01,248.11,248.11,251.71,245.91,34.444,0.00154,1953584,535062873.0,-0.4813284665677224,249.31
HK.00388,香港交易所,2023-11-02,251.31,249.91,253.91,249.31,34.671,0.00178,2250742,622796113.0,0.7254846640602889,248.11
HK.00388,香港交易所,2023-11-03,252.31,259.91,260.91,251.31,35.929,0.00457,5787714,1640318066.0,4.001440518586703,249.91
HK.00388,香港交易所,2023-11-06,266.31,269.11,269.91,264.51,37.086,0.00604,7660676,2248123482.0,3.5396868146666107,259.91
HK.00388,香港交易所,2023-11-07,266.11,266.51,269.31,265.11,36.759,0.00336,4261387,1246271664.0,-0.9661476719557142,269.11
HK.00388,香港交易所,2023-11-08,263.71,261.71,267.51,260.11,36.155,0.00365,4631028,1335344451.0,-1.8010581216464716,266.51
HK.00388,香港交易所,2023-11-09,263.91,261.31,264.11,260.51,36.105,0.00142,1805699,518613528.0,-0.1528409308012599,261.71
HK.00388,香港交易所,2023-11-10,257.31,256.91,259.31,255.91,35.551,0.00165,2095806,593431030.0,-1.6838238107994248,261.31
HK.00388,香港交易所,2023-11-13,258.11,259.91,261.11,254.91,35.929,0.00167,2115378,598906353.0,1.1677241057179557,256.91
HK.00388,香港交易所,2023-11-14,262.11,259.71,262.71,258.51,35.903,0.00192,2436633,695784921.0,-0.0769497133623352,259.91
HK.00388,香港交易所,2023-11-15,266.31,269.31,269.31,263.51,37.111,0.00409,5188593,1517682906.0,3.6964306341688897,259.71
HK.00388,香港交易所,2023-11-16,270.71,265.91,270.71,263.31,36.683,0.00277,3516339,1026812517.0,-1.262485611377215,269.31
HK.00388,香港交易所,2023-11-17,261.51,259.71,263.71,258.31,35.903,0.00309,3916159,1120915834.0,-2.331615960287332,265.91
HK.00388,香港交易所,2023-11-20,261.91,266.51,268.11,259.51,36.759,0.00286,3620340,1052025578.0,2.6183050325362953,259.71
HK.00388,香港交易所,2023-11-21,268.51,264.51,270.91,263.91,36.507,0.00296,3756889,1100973287.0,-0.7504408840193614,266.51
HK.00388,香港交易所,2023-11-22,262.91,265.31,266.71,262.51,36.608,0.00134,1696649,492806391.0,0.3024460322861182,264.51
HK.00388,香港交易所,2023-11-23,262.11,266.31,267.31,261.51,36.734,0.00214,2708559,784632398.0,0.3769175681278504,265.31
HK.00388,香港交易所,2023-11-24,264.11,261.91,265.71,261.51,36.18,0.00185,2340629,674257504.0,-1.6522098306484836,266.31
HK.00388,香港交易所,2023-11-27,262.51,261.31,263.91,258.71,36.105,0.00215,2731401,783245216.0,-0.2290863273643704,261.91
HK.00388,香港交易所,2023-11-28,261.51,258.51,261.51,258.31,35.752,0.00182,2309889,658049974.0,-1.0715242432360077,261.31
HK.00388,香港交易所,2023-11-29,261.91,253.91,261.91,252.31,35.174,0.00388,4914370,1379641891.0,-1.7794282619627848,258.51
HK.00388,香港交易所,2023-11-30,254.51,251.51,254.91,250.71,34.872,0.00413,5240539,1455198753.0,-0.9452168091055908,253.91
HK.00388,香港交易所,2023-12-01,251.71,254.11,257.11,251.11,35.199,0.00348,4418059,1234613766.0,1.033756113077024,251.51
HK.00388,香港交易所,2023-12-04,258.11,242.709999999,258.11,240.51,33.765,0.00626,7937979,2165179741.0,-4.486246114281226,254.11
HK.00388,香港交易所,2023-12-05,239.31,227.91,240.31,224.31,31.903,0.01356,17192302,4376075021.0,-6.097812203477802,242.709999999
HK.00388,香港交易所,2023-12-06,227.91,231.11,232.91,226.11,32.305,0.00609,7724499,1971927366.0,1.4040630073274614,227.91
HK.00388,香港交易所,2023-12-07,229.31,225.11,230.11,217.91,31.551,0.00676,8568459,2124442889.0,-2.596166327722729,231.11
HK.00388,香港交易所,2023-12-08,224.51,222.71,226.91,221.11,31.249,0.0039,4947948,1232006579.0,-1.06614544000711,225.11
HK.00388,香港交易所,2023-12-11,218.71,219.51,222.11,212.51,30.846,0.00552,7003151,1696631206.0,-1.4368461227605482,222.71
HK.00388,香港交易所,2023-12-12,220.91,223.91,224.71,219.31,31.4,0.00295,3744143,930525602.0,2.004464489089338,219.51
HK.00388,香港交易所,2023-12-13,222.71,221.51,223.71,219.91,31.098,0.00247,3133179,774825473.0,-1.0718592291545737,223.91
HK.00388,香港交易所,2023-12-14,224.11,223.11,228.71,220.71,31.299,0.00406,5143368,1280927956.0,0.7223150196379499,221.51
HK.00388,香港交易所,2023-12-15,226.31,234.11,235.51,226.31,32.683,0.00733,9293990,2404689326.0,4.930303437766124,223.11
HK.00388,香港交易所,2023-12-18,232.91,233.11,235.11,230.11,32.557,0.00218,2765108,715253420.0,-0.4271496305155695,234.11
HK.00388,香港交易所,2023-12-19,229.91,230.91,231.91,227.91,32.28,0.002,2538832,649516435.0,-0.9437604564368824,233.11
HK.00388,香港交易所,2023-12-20,232.51,231.51,236.11,230.91,32.356,0.00269,3409389,880812237.0,0.2598414966870184,230.91
HK.00388,香港交易所,2023-12-21,228.51,231.709999999,232.51,228.11,32.381,0.0018,2282849,585519246.0,0.0863893563992912,231.51
HK.00388,香港交易所,2023-12-22,233.91,229.71,236.11,227.31,32.129,0.00374,4747508,1215499567.0,-0.8631478999648757,231.709999999
HK.00388,香港交易所,2023-12-27,234.31,232.31,234.31,231.11,32.456,0.00248,3145132,810667141.0,1.1318619128466303,229.71
HK.00388,香港交易所,2023-12-28,231.91,241.91,243.51,231.51,33.664,0.00461,5846400,1553382194.0,4.1324092807025075,232.31
HK.00388,香港交易所,2023-12-29,239.31,242.31,242.31,238.11,33.714,0.00233,2950565,785979538.0,0.1653507502790317,241.91
HK.00388,香港交易所,2024-01-02,242.709999999,236.709999999,242.91,234.709999999,33.01,0.0018,2286702,600216499.0,-2.3110891011514223,242.31
HK.00388,香港交易所,2024-01-03,234.31,233.31,234.31,231.31,32.582,0.00154,1951173,503871350.0,-1.436356723000444,236.709999999
HK.00388,香港交易所,2024-01-04,233.31,232.11,233.51,229.71,32.431,0.0013,1652833,424526930.0,-0.5143371480005094,233.31
HK.00388,香港交易所,2024-01-05,230.31,230.11,233.51,229.11,32.18,0.00211,2675564,686020862.0,-0.8616604196286243,232.11
HK.00388,香港交易所,2024-01-08,230.31,222.11,231.11,219.51,31.173,0.00369,4677100,1159527473.0,-3.476598148711486,230.11
HK.00388,香港交易所,2024-01-09,222.11,219.51,224.51,219.31,30.846,0.00265,3363506,829349907.0,-1.1705911485300178,222.11
HK.00388,香港交易所,2024-01-10,220.11,219.71,223.11,218.11,30.871,0.00229,2903982,713887409.0,0.0911120222313412,219.51
HK.00388,香港交易所,2024-01-11,220.31,224.31,227.91,218.91,31.45,0.00284,3603801,902878613.0,2.093668927222245,219.71
HK.00388,香港交易所,2024-01-12,224.31,225.31,227.51,222.31,31.576,0.00225,2854274,716818150.0,0.4458116000178324,224.31
HK.00388,香港交易所,2024-01-15,226.91,226.11,227.31,222.71,31.676,0.00153,1939010,487149040.0,0.3550663530247265,225.31
HK.00388,香港交易所,2024-01-16,224.11,215.71,225.91,213.31,30.368,0.00616,7811761,1900016120.0,-4.599531201627529,226.11
HK.00388,香港交易所,2024-01-17,214.71,206.91,214.71,205.51,29.261,0.0068,8625697,2013498371.0,-4.079551249362575,215.71
HK.00388,香港交易所,2024-01-18,205.71,206.31,207.11,202.91,29.186,0.00401,5086417,1175956578.0,-0.2899811512251676,206.91
HK.00388,香港交易所,2024-01-19,206.31,203.91,209.71,202.31,28.884,0.00328,4161790,960217428.0,-1.1632979496873663,206.31
HK.00388,香港交易所,2024-01-22,203.11,195.91,204.31,193.71,27.877,0.0066,8370543,1855917625.0,-3.9232994948751903,203.91
HK.00388,香港交易所,2024-01-23,195.91,207.71,209.71,194.71,29.362,0.00667,8451124,1940556033.0,6.023173906385591,195.91
HK.00388,香港交易所,2024-01-24,212.31,213.51,215.51,204.31,30.091,0.0054,6841367,1615703466.0,2.7923547253382037,207.71
HK.00388,香港交易所,2024-01-25,220.91,219.31,220.91,213.11,30.821,0.00574,7280391,1772145866.0,2.716500398107822,213.51
HK.00388,香港交易所,2024-01-26,223.31,218.31,224.31,215.51,30.695,0.00545,6914852,1705611893.0,-0.4559755597099996,219.31
HK.00388,香港交易所,2024-01-29,221.71,220.31,225.11,217.31,30.947,0.00554,7018074,1733701278.0,0.9161284412074572,218.31
HK.00388,香港交易所,2024-01-30,217.31,214.31,219.51,213.51,30.192,0.00406,5153622,1242769273.0,-2.72343515954791,220.31
HK.00388,香港交易所,2024-01-31,213.51,210.91,215.71,209.71,29.764,0.00392,4976212,1180256639.0,-1.5864868648219894,214.31
HK.00388,香港交易所,2024-02-01,211.91,211.11,216.31,210.31,29.789,0.00375,4759047,1133980839.0,0.0948271774690707,210.91
HK.00388,香港交易所,2024-02-02,214.11,207.71,216.71,204.71,29.362,0.00408,5169392,1219478488.0,-1.610534792288383,211.11
HK.00388,香港交易所,2024-02-05,203.91,204.91,207.31,201.11,29.009,0.00396,5014329,1152394612.0,-1.3480333156805215,207.71
HK.00388,香港交易所,2024-02-06,205.31,217.91,220.31,204.31,30.645,0.00535,6777847,1632287698.0,6.344248694548826,204.91
HK.00388,香港交易所,2024-02-07,222.11,217.91,226.11,215.51,30.645,0.00443,5611465,1378241871.0,0.0,217.91
HK.00388,香港交易所,2024-02-08,217.91,216.31,221.51,214.31,30.444,0.00247,3135364,762735256.0,-0.7342480840714031,217.91
HK.00388,香港交易所,2024-02-09,214.31,216.91,218.11,212.71,30.519,0.00141,1781344,429906203.0,0.2773796865609516,216.31
HK.00388,香港交易所,2024-02-14,216.11,217.91,218.71,211.11,30.645,0.00239,3031722,730826521.0,0.4610206998294224,216.91
HK.00388,香港交易所,2024-02-15,218.51,221.31,223.51,217.71,31.073,0.00276,3495776,864114550.0,1.5602771786517395,217.91
HK.00388,香港交易所,2024-02-16,224.31,226.11,227.71,221.51,31.676,0.00364,4617241,1159194486.0,2.168903348244549,221.31
HK.00388,香港交易所,2024-02-19,226.31,220.51,226.71,218.91,30.972,0.00239,3030257,748037963.0,-2.4766706470302164,226.11
HK.00388,香港交易所,2024-02-20,220.91,219.11,222.91,215.51,30.796,0.00208,2639951,642064327.0,-0.6348918416398246,220.51
HK.00388,香港交易所,2024-02-21,217.31,224.31,229.11,216.91,31.45,0.00458,5804272,1452328497.0,2.373237186801145,219.11
HK.00388,香港交易所,2024-02-22,223.11,228.31,228.51,223.11,31.953,0.00287,3635607,916797417.0,1.7832464000713295,224.31
HK.00388,香港交易所,2024-02-23,228.71,227.51,230.709999999,227.11,31.853,0.00246,3114873,791458260.0,-0.3504007708817009,228.31
HK.00388,香港交易所,2024-02-26,225.51,225.91,229.31,223.71,31.651,0.00164,2079054,522573686.0,-0.7032657905147002,227.51
HK.00388,香港交易所,2024-02-27,225.11,224.71,225.31,217.51,31.5,0.00356,4515245,1115497452.0,-0.5311849851710808,225.91
HK.00388,香港交易所,2024-02-28,224.71,219.11,226.91,217.31,30.796,0.00389,4938109,1217792574.0,-2.4921009300876658,224.71
HK.00388,香港交易所,2024-02-29,217.91,217.11,221.51,217.11,25.951,0.00408,5173679,1261869602.0,-0.9127835333850576,219.11
HK.00388,香港交易所,2024-03-01,214.71,214.31,216.71,210.71,25.651,0.00459,5821620,1392939415.0,-1.2896688314679243,217.11
HK.00388,香港交易所,2024-03-04,214.31,214.31,215.71,211.71,25.651,0.00242,3061865,733060632.0,0.0,214.31
HK.00388,香港交易所,2024-03-05,210.91,208.11,211.91,206.91,24.989,0.00427,5410721,1268625717.0,-2.893005459381265,214.31
HK.00388,香港交易所,2024-03-06,208.11,212.91,215.71,207.91,25.502,0.00294,3731568,888286305.0,2.306472538561329,208.11
HK.00388,香港交易所,2024-03-07,213.91,208.51,214.11,206.51,25.032,0.00296,3751070,881165933.0,-2.066600911183132,212.91
HK.00388,香港交易所,2024-03-08,209.31,208.51,213.11,208.51,25.032,0.00265,3357206,791518252.0,0.0,208.51
HK.00388,香港交易所,2024-03-11,211.71,215.31,217.11,210.31,25.758,0.00318,4037939,970501980.0,3.2612344731667604,208.51
HK.00388,香港交易所,2024-03-12,218.31,224.11,224.11,216.11,26.699,0.00614,7780786,1924845370.0,4.087130184385311,215.31
HK.00388,香港交易所,2024-03-13,227.22,228.82,234.22,225.82,26.784,0.00775,9822313,2480342790.0,2.1016465128731334,224.11
HK.00388,香港交易所,2024-03-14,232.42,226.22,232.42,223.62,26.507,0.004,5072299,1260897118.0,-1.1362643125600884,228.82
HK.00388,香港交易所,2024-03-15,222.02,222.62,224.02,219.62,26.122,0.00471,5968157,1454078731.0,-1.591371231544512,226.22
HK.00388,香港交易所,2024-03-18,222.82,220.62,225.02,220.22,25.908,0.00354,4482381,1092675974.0,-0.898391878537418,222.62
HK.00388,香港交易所,2024-03-19,219.82,215.82,219.82,215.22,25.395,0.00398,5041869,1202127914.0,-2.1756867011150445,220.62
HK.00388,香港交易所,2024-03-20,215.02,218.42,220.42,215.02,25.673,0.00254,3215255,770884290.0,1.2047076267259726,215.82
HK.00388,香港交易所,2024-03-21,221.82,220.22,223.82,219.62,25.865,0.00293,3714003,903497898.0,0.82410035711016,218.42
HK.00388,香港交易所,2024-03-22,219.22,216.42,219.42,213.62,25.459,0.00436,5526474,1314284493.0,-1.72554718009264,220.22
HK.00388,香港交易所,2024-03-25,215.22,209.82,216.42,209.42,24.754,0.00725,9197646,2140983937.0,-3.0496257277515917,216.42
HK.00388,香港交易所,2024-03-26,208.22,211.22,212.82,208.22,24.903,0.00416,5278587,1226031002.0,0.6672385854542016,209.82
HK.00388,香港交易所,2024-03-27,210.82,207.02,210.82,206.22,24.454,0.00511,6478195,1488959009.0,-1.9884480636303328,211.22
HK.00388,香港交易所,2024-03-28,204.82,206.02,209.82,203.62,24.348,0.00566,7181678,1640260679.0,-0.4830451164138731,207.02
HK.00388,香港交易所,2024-04-02,208.22,212.22,214.02,208.22,25.01,0.00698,8851094,2058852337.0,3.009416561498878,206.02
HK.00388,香港交易所,2024-04-03,212.22,206.62,212.22,206.22,24.412,0.00344,4358685,1000846537.0,-2.638771086608234,212.22
HK.00388,香港交易所,2024-04-05,206.42,204.62,206.42,201.62,24.198,0.00407,5157297,1163253699.0,-0.9679605072113058,206.62
HK.00388,香港交易所,2024-04-08,204.62,206.42,208.22,202.42,24.39,0.00232,2939439,668970373.0,0.8796794057276821,204.62
HK.00388,香港交易所,2024-04-09,209.22,209.42,210.62,207.62,24.711,0.00288,3645167,843461870.0,1.4533475438426509,206.42
HK.00388,香港交易所,2024-04-10,211.02,212.82,213.62,208.62,25.074,0.00384,4871030,1137567979.0,1.623531658867351,209.42
HK.00388,香港交易所,2024-04-11,207.82,212.22,212.82,207.82,25.01,0.0023,2917508,678150675.0,-0.2819283901888894,212.82
HK.00388,香港交易所,2024-04-12,209.42,206.42,211.22,205.82,24.39,0.00473,5996171,1375678287.0,-2.733012911129965,212.22
HK.00388,香港交易所,2024-04-15,203.22,202.62,205.82,200.62,23.984,0.00435,5519553,1239679292.0,-1.8409068888673497,206.42
HK.00388,香港交易所,2024-04-16,200.22,195.82,201.82,195.22,23.257,0.00696,8818833,1932048915.0,-3.3560359293258375,202.62
HK.00388,香港交易所,2024-04-17,194.62,193.82,196.42,192.22,23.044,0.00388,4921109,1059871865.0,-1.021346134204882,195.82
HK.00388,香港交易所,2024-04-18,193.22,196.82,199.62,191.02,23.364,0.00388,4918301,1072405177.0,1.5478278815395727,193.82
HK.00388,香港交易所,2024-04-19,193.22,192.82,194.22,190.42,22.937,0.00474,6005197,1283624272.0,-2.03231378924906,196.82
HK.00388,香港交易所,2024-04-22,196.42,198.22,200.82,196.42,23.514,0.00528,6697945,1477593776.0,2.800539363136607,192.82
HK.00388,香港交易所,2024-04-23,200.42,209.02,209.22,198.82,24.668,0.00747,9470979,2153609979.0,5.4484915750176635,198.22
HK.00388,香港交易所,2024-04-24,210.62,217.22,218.02,208.82,25.545,0.00993,12591951,2979211461.0,3.923069562721265,209.02
HK.00388,香港交易所,2024-04-25,214.22,225.02,227.82,214.22,26.378,0.01341,16998276,4184127575.0,3.5908295737040836,217.22
HK.00388,香港交易所,2024-04-26,225.62,228.42,229.62,224.62,26.742,0.00876,11108570,2770055107.0,1.510976802062029,225.02
HK.00388,香港交易所,2024-04-29,228.42,233.22,241.02,228.02,27.255,0.01071,13577949,3489309185.0,2.101392172314163,228.42
HK.00388,香港交易所,2024-04-30,235.619999999,229.82,237.22,228.62,26.891,0.00458,5800517,1469563374.0,-1.4578509561787178,233.22
HK.00388,香港交易所,2024-05-02,228.62,243.02,243.02,228.42,28.302,0.00822,10416084,2721128087.0,5.743625446001226,229.82
HK.00388,香港交易所,2024-05-03,249.619999999,247.02,252.02,245.82,28.73,0.0066,8362424,2254453746.0,1.6459550654267137,243.02
HK.00388,香港交易所,2024-05-06,246.82,247.619999999,249.02,242.619999999,28.794,0.0041,5192064,1389496535.0,0.242895311715641,247.02
HK.00388,香港交易所,2024-05-07,248.22,244.22,249.02,241.619999999,28.43,0.00361,4576269,1215756811.0,-1.3730716416338418,247.619999999
HK.00388,香港交易所,2024-05-08,245.22,236.22,245.22,235.619999999,27.575,0.00531,6735815,1754383344.0,-3.275734993039063,244.22
HK.00388,香港交易所,2024-05-09,238.22,243.82,244.22,236.22,28.388,0.00487,6176895,1622304577.0,3.2173397680128666,236.22
HK.00388,香港交易所,2024-05-10,253.22,264.02,265.62,252.22,30.547,0.01677,21255435,6012518124.0,8.284800262488718,243.82
HK.00388,香港交易所,2024-05-13,266.82,261.42,266.82,257.82,30.269,0.00498,6313272,1789999790.0,-0.9847738807665956,264.02
HK.00388,香港交易所,2024-05-14,262.82,262.62,265.42,261.02,30.397,0.00397,5036204,1433597771.0,0.4590314436538859,261.42
HK.00388,香港交易所,2024-05-16,265.42,270.22,271.82,261.42,31.209,0.00703,8910691,2581439586.0,2.8939151625923474,262.62
HK.00388,香港交易所,2024-05-17,273.22,273.22,277.02,268.22,31.53,0.00709,8994092,2653329186.0,1.110206498408704,270.22
HK.00388,香港交易所,2024-05-20,275.82,274.02,277.02,272.02,31.616,0.00419,5318282,1575163506.0,0.2928043335041191,273.22
HK.00388,香港交易所,2024-05-21,270.22,263.42,271.22,261.82,30.483,0.00723,9171567,2630556352.0,-3.86833077877526,274.02
HK.00388,香港交易所,2024-05-22,262.62,262.02,266.42,259.62,30.333,0.00368,4669657,1328490417.0,-0.5314706552274064,263.42
HK.00388,香港交易所,2024-05-23,259.02,256.02,260.82,255.22,29.692,0.00668,8463925,2362945742.0,-2.289901534234028,262.02
HK.00388,香港交易所,2024-05-24,253.82,252.22,255.62,250.22,29.286,0.00397,5038949,1383113241.0,-1.4842590422623168,256.02
HK.00388,香港交易所,2024-05-27,251.82,257.22,257.62,250.619999999,29.82,0.00411,5206460,1438849007.0,1.98239632067244,252.22
HK.00388,香港交易所,2024-05-28,256.42,254.62,259.42,253.42,29.542,0.00276,3501176,971764877.0,-1.0108078687504949,257.22
HK.00388,香港交易所,2024-05-29,251.42,249.42,253.42,248.22,28.986,0.00403,5110465,1388335461.0,-2.042259052706,254.62
HK.00388,香港交易所,2024-05-30,248.22,241.619999999,248.619999999,239.22,28.153,0.00755,9578077,2531907198.0,-3.127255232539492,249.42
HK.00388,香港交易所,2024-05-31,245.22,241.02,248.619999999,240.02,28.088,0.00641,8122734,2149633229.0,-0.2483238138409319,241.619999999
HK.00388,香港交易所,2024-06-03,243.42,245.82,248.619999999,242.22,28.601,0.00425,5384777,1439458131.0,1.991535972118489,241.02
HK.00388,香港交易所,2024-06-04,245.619999999,249.22,251.22,245.619999999,28.965,0.00374,4744673,1287796754.0,1.3831258644536677,245.82
HK.00388,香港交易所,2024-06-05,251.42,252.22,258.42,251.02,29.286,0.00429,5445354,1507675648.0,1.2037557178396596,249.22
HK.00388,香港交易所,2024-06-06,256.22,251.22,257.22,248.82,29.179,0.00286,3622219,991705363.0,-0.3964792641344857,252.22
HK.00388,香港交易所,2024-06-07,252.02,249.02,253.82,247.82,28.943,0.00239,3036160,824602789.0,-0.8757264549000829,251.22
HK.00388,香港交易所,2024-06-11,248.22,244.42,248.42,239.82,28.452,0.00507,6423914,1699709829.0,-1.847241185446961,249.02
HK.00388,香港交易所,2024-06-12,242.42,240.82,243.22,239.42,28.067,0.00291,3691973,969242672.0,-1.4728745601832889,244.42
HK.00388,香港交易所,2024-06-13,244.22,242.22,245.42,240.42,28.217,0.00295,3734529,984517619.0,0.5813470641973282,240.82
HK.00388,香港交易所,2024-06-14,240.22,235.82,240.42,235.22,27.533,0.00512,6493092,1676892143.0,-2.6422260754685847,242.22
HK.00388,香港交易所,2024-06-17,234.82,237.619999999,240.22,231.42,27.725,0.00232,2942271,762334655.0,0.7632940374014051,235.82
HK.00388,香港交易所,2024-06-18,238.22,236.42,240.02,235.22,27.597,0.00237,2999110,775880991.0,-0.505007995541221,237.619999999
HK.00388,香港交易所,2024-06-19,238.619999999,243.619999999,243.82,238.22,28.366,0.00402,5101478,1344240754.0,3.045427628373234,236.42
HK.00388,香港交易所,2024-06-20,242.82,241.42,244.42,240.22,28.131,0.00255,3235755,852844355.0,-0.9030457265450412,243.619999999
HK.00388,香港交易所,2024-06-21,238.22,235.619999999,239.619999999,234.22,27.511,0.00361,4578870,1181154806.0,-2.402452158479,241.42
HK.00388,香港交易所,2024-06-24,233.22,236.02,236.22,232.62,27.554,0.00224,2835277,725548120.0,0.1697648760723712,235.619999999
HK.00388,香港交易所,2024-06-25,235.82,233.62,239.02,230.62,27.297,0.0031,3936237,1005904062.0,-1.0168629777137554,236.02
HK.00388,香港交易所,2024-06-26,230.82,234.22,235.619999999,230.82,27.362,0.00188,2379273,608766505.0,0.2568273264275295,233.62
HK.00388,香港交易所,2024-06-27,231.82,229.82,232.62,229.42,26.891,0.00393,4982771,1256123055.0,-1.878575698061654,234.22
HK.00388,香港交易所,2024-06-28,226.42,228.42,232.22,226.42,26.742,0.00379,4804572,1204652778.0,-0.6091723957880105,229.82
HK.00388,香港交易所,2024-07-02,228.42,227.02,232.42,225.22,26.592,0.00435,5510181,1379004098.0,-0.6129060502582862,228.42
HK.00388,香港交易所,2024-07-03,229.42,229.82,231.22,226.62,26.891,0.00247,3134030,785035335.0,1.233371509118132,227.02
HK.00388,香港交易所,2024-07-04,232.22,227.62,233.82,225.62,26.656,0.00304,3858860,963938691.0,-0.9572709076668648,229.82
HK.00388,香港交易所,2024-07-05,227.22,223.02,228.62,222.02,26.165,0.0051,6466626,1586532199.0,-2.020912046393109,227.62
HK.00388,香港交易所,2024-07-08,222.22,218.02,224.22,216.22,25.63,0.00626,7936515,1906880354.0,-2.2419513944937672,223.02
HK.00388,香港交易所,2024-07-09,216.22,218.22,220.22,215.42,25.651,0.0032,4059352,971284827.0,0.0917347032382298,218.02
HK.00388,香港交易所,2024-07-10,219.22,219.62,223.02,218.22,25.801,0.00284,3601705,871212547.0,0.6415543946476059,218.22
HK.00388,香港交易所,2024-07-11,223.02,226.42,227.22,221.42,26.528,0.00418,5303009,1309277742.0,3.096257171478,219.62
HK.00388,香港交易所,2024-07-12,229.62,232.42,233.82,229.62,27.169,0.00591,7497178,1903766162.0,2.6499425845773343,226.42
HK.00388,香港交易所,2024-07-15,229.22,225.82,230.02,223.42,26.464,0.00397,5029709,1248513723.0,-2.83968677394372,232.42
HK.00388,香港交易所,2024-07-16,222.62,220.02,222.62,218.82,25.844,0.00458,5805057,1404097358.0,-2.568417323532009,225.82
HK.00388,香港交易所,2024-07-17,219.62,221.22,222.22,218.82,25.972,0.00315,3999703,969916845.0,0.5454049631851597,220.02
HK.00388,香港交易所,2024-07-18,220.42,219.62,221.42,218.62,25.801,0.00244,3097725,748142575.0,-0.7232619112195978,221.22
HK.00388,香港交易所,2024-07-19,217.22,217.22,218.82,215.62,25.545,0.00366,4636352,1106121444.0,-1.0927966487569465,219.62
HK.00388,香港交易所,2024-07-22,218.02,217.42,220.02,214.62,25.566,0.00306,3876153,924950579.0,0.0920725531718942,217.22
HK.00388,香港交易所,2024-07-23,218.02,214.02,219.62,213.22,25.203,0.00346,4389657,1039106088.0,-1.5637935792475288,217.42
HK.00388,香港交易所,2024-07-24,213.22,211.02,214.22,208.82,24.882,0.00413,5232901,1216303782.0,-1.4017381553125876,214.02
HK.00388,香港交易所,2024-07-25,211.02,208.22,211.42,207.22,24.583,0.00349,4431062,1018879020.0,-1.3268884465927453,211.02
HK.00388,香港交易所,2024-07-26,208.02,207.22,210.02,205.82,24.476,0.00283,3583361,821718885.0,-0.4802612621265968,208.22
HK.00388,香港交易所,2024-07-29,210.22,209.22,211.42,208.62,24.69,0.002,2541509,588617916.0,0.9651578033008398,207.22
HK.00388,香港交易所,2024-07-30,209.22,205.82,210.02,205.42,24.326,0.00342,4340037,990449022.0,-1.6250836440110914,209.22
HK.00388,香港交易所,2024-07-31,206.02,210.02,212.02,203.42,24.775,0.00486,6167990,1425173522.0,2.0406180157419187,205.82
HK.00388,香港交易所,2024-08-01,209.02,208.62,210.42,206.82,24.625,0.00214,2717582,625456314.0,-0.6666031806494647,210.02
HK.00388,香港交易所,2024-08-02,205.22,204.82,205.42,203.22,24.219,0.00471,5969609,1349013015.0,-1.8214936247723184,208.62
HK.00388,香港交易所,2024-08-05,202.22,202.62,207.62,200.62,23.984,0.00586,7425548,1670673212.0,-1.0741138560687378,204.82
HK.00388,香港交易所,2024-08-06,204.22,204.42,206.62,203.42,24.176,0.00289,3660299,829148643.0,0.8883624518803588,202.62
HK.00388,香港交易所,2024-08-07,204.82,206.62,208.02,204.22,24.412,0.00232,2941148,671588054.0,1.0762156344780438,204.42
HK.00388,香港交易所,2024-08-08,204.02,205.82,209.62,202.42,24.326,0.00304,3851102,876694107.0,-0.3871842028845278,206.62
HK.00388,香港交易所,2024-08-09,209.22,207.62,211.02,207.22,24.519,0.00306,3881908,894577916.0,0.8745505781751101,205.82
HK.00388,香港交易所,2024-08-12,207.62,209.82,211.62,207.62,24.754,0.00253,3205812,743075658.0,1.059628166843266,207.62
HK.00388,香港交易所,2024-08-13,210.22,209.22,210.82,208.02,24.69,0.00222,2819716,651188360.0,-0.2859593937660825,209.82
HK.00388,香港交易所,2024-08-14,209.82,206.42,210.02,205.22,24.39,0.00286,3623240,827785456.0,-1.338304177420902,209.22
HK.00388,香港交易所,2024-08-15,204.62,205.62,209.42,203.62,24.305,0.00252,3196349,728758978.0,-0.3875593450246986,206.42
HK.00388,香港交易所,2024-08-16,207.22,208.62,209.42,206.02,24.625,0.00277,3508576,806868933.0,1.4590020426028596,205.62
HK.00388,香港交易所,2024-08-19,208.22,210.82,213.42,208.22,24.861,0.00335,4246430,990453696.0,1.0545489406576496,208.62
HK.00388,香港交易所,2024-08-20,211.62,210.22,212.62,209.02,24.796,0.00241,3049811,708207990.0,-0.2846029788445092,210.82
HK.00388,香港交易所,2024-08-21,209.02,206.82,210.02,203.62,24.433,0.0037,4692540,1071932063.0,-1.6173532489772646,210.22
HK.00388,香港交易所,2024-08-22,208.22,210.02,210.42,206.22,24.775,0.00345,4372461,1007560807.0,1.5472391451503806,206.82
HK.00388,香港交易所,2024-08-23,208.82,209.82,210.82,206.42,24.754,0.0018,2286599,528408719.0,-0.0952290258070741,210.02
HK.00388,香港交易所,2024-08-26,211.62,213.22,215.62,211.42,25.117,0.00318,4031103,947891396.0,1.6204365646744858,209.82
HK.00388,香港交易所,2024-08-27,211.42,213.82,214.22,210.42,25.181,0.00197,2491306,584648963.0,0.281399493480909,213.22
HK.00388,香港交易所,2024-08-28,214.22,210.62,214.42,209.82,24.839,0.00263,3329752,776030625.0,-1.496585913385085,213.82
HK.00388,香港交易所,2024-08-29,210.02,214.62,215.02,209.22,25.267,0.00301,3816503,895968209.0,1.899154876080144,210.62
HK.00388,香港交易所,2024-08-30,215.02,218.62,224.62,214.02,25.694,0.00942,11947427,2893384423.0,1.8637592023110612,214.62
HK.00388,香港交易所,2024-09-02,218.62,215.02,219.22,214.02,25.309,0.00397,5037494,1195060489.0,-1.6466928917756811,218.62
HK.00388,香港交易所,2024-09-03,215.58,215.38,218.38,213.58,24.882,0.00209,2650259,618027336.0,0.1674262859268836,215.02
HK.00388,香港交易所,2024-09-04,214.58,212.38,214.58,209.78,24.561,0.00349,4426765,1016160203.0,-1.3928869904355097,215.38
HK.00388,香港交易所,2024-09-05,214.38,212.58,214.78,210.18,24.583,0.00264,3346413,767705968.0,0.0941708258781509,212.38
HK.00388,香港交易所,2024-09-09,210.78,209.18,212.58,206.38,24.219,0.00514,6518252,1470810933.0,-1.5993978737416523,212.58
HK.00388,香港交易所,2024-09-10,208.58,205.98,209.98,205.38,23.877,0.00608,7713523,1728998480.0,-1.5297829620422685,209.18
HK.00388,香港交易所,2024-09-11,204.78,203.38,206.38,201.98,23.599,0.00612,7765121,1714227192.0,-1.2622584716962786,205.98
HK.00388,香港交易所,2024-09-12,205.18,203.58,206.38,202.58,23.621,0.00579,7346556,1626784293.0,0.0983380863408481,203.38
HK.00388,香港交易所,2024-09-13,203.58,206.58,208.18,203.58,23.941,0.00389,4934791,1104716786.0,1.4736221632773354,203.58
HK.00388,香港交易所,2024-09-16,204.58,203.78,205.58,200.98,23.642,0.00361,4581763,1009209291.0,-1.3554071062058335,206.58
HK.00388,香港交易所,2024-09-17,203.78,207.78,209.18,202.78,24.07,0.00341,4321548,969342624.0,1.962901167926195,203.78
HK.00388,香港交易所,2024-09-19,207.78,220.78,223.38,207.58,25.459,0.0128,16230231,3833144548.0,6.256617576282607,207.78
HK.00388,香港交易所,2024-09-20,222.38,224.18,226.18,221.38,25.823,0.00864,10958839,2641275522.0,1.539994564725068,220.78
HK.00388,香港交易所,2024-09-23,222.58,223.58,227.38,222.58,25.758,0.00476,6037887,1463003754.0,-0.2676420733339255,224.18
HK.00388,香港交易所,2024-09-24,227.58,241.38,241.38,227.58,27.661,0.019,24084632,6115925301.0,7.96135611414258,223.58
HK.00388,香港交易所,2024-09-25,251.38,245.18,252.58,243.38,28.067,0.01662,21069740,5593747770.0,1.574281216339387,241.38
HK.00388,香港交易所,2024-09-26,247.58,260.58,261.98,243.38,29.713,0.01672,21199606,5784268631.0,6.281099600293652,245.18
HK.00388,香港交易所,2024-09-27,274.58,291.18,291.18,270.58,32.984,0.0383,48563525,14436265359.0,11.743034768593148,260.58
HK.00388,香港交易所,2024-09-30,308.18,308.78,318.58,296.38,34.865,0.03357,42555163,13956392709.0,6.044371179339229,291.18
HK.00388,香港交易所,2024-10-02,318.38,355.38,362.18,318.38,39.846,0.0348,44118930,15962595842.0,15.091651013666697,308.78
HK.00388,香港交易所,2024-10-03,355.38,349.98,360.38,328.78,39.268,0.02497,31656924,11478040848.0,-1.519500253250036,355.38
HK.00388,香港交易所,2024-10-04,340.58,358.78,359.58,340.38,40.209,0.01543,19559214,7275900980.0,2.5144293959654704,349.98
HK.00388,香港交易所,2024-10-07,371.18,376.38,380.38,361.38,42.09,0.01694,21474808,8342257649.0,4.90551312782207,358.78
HK.00388,香港交易所,2024-10-08,374.38,323.38,374.58,312.98,36.425,0.04478,56770013,20100430783.0,-14.08151336415325,376.38
HK.00388,香港交易所,2024-10-09,330.58,304.58,333.58,295.18,34.416,0.03255,41266473,13552402174.0,-5.813593914280417,323.38
HK.00388,香港交易所,2024-10-10,312.58,316.78,324.38,307.58,35.72,0.01594,20212308,6740232938.0,4.005515792238489,304.58
HK.00388,香港交易所,2024-10-14,312.38,305.18,312.38,292.58,34.48,0.01373,17408617,5571782176.0,-3.661847338847139,316.78
HK.00388,香港交易所,2024-10-15,302.58,288.38,306.98,285.58,32.684,0.0181,22941873,7108779889.0,-5.50494789960024,305.18
HK.00388,香港交易所,2024-10-16,282.58,287.98,292.98,281.58,32.642,0.00869,11022160,3361886183.0,-0.1387058741937642,288.38
HK.00388,香港交易所,2024-10-17,292.38,282.58,298.18,279.58,32.064,0.00879,11145356,3402594382.0,-1.8751302173762183,287.98
HK.00388,香港交易所,2024-10-18,282.58,299.58,301.98,279.38,33.882,0.013,16483811,5125450032.0,6.015995470309293,282.58
HK.00388,香港交易所,2024-10-21,300.98,294.38,301.38,292.78,33.326,0.0068,8623242,2712574034.0,-1.7357634020962645,299.58
HK.00388,香港交易所,2024-10-22,291.98,293.58,296.78,290.58,33.24,0.0037,4685446,1457073269.0,-0.2717575922277367,294.38
HK.00388,香港交易所,2024-10-23,295.58,297.38,305.18,291.58,33.646,0.00667,8460052,2681837761.0,1.294366101233058,293.58
HK.00388,香港交易所,2024-10-24,298.38,294.18,301.38,292.78,33.304,0.00475,6026159,1886699750.0,-1.076064294841613,297.38
HK.00388,香港交易所,2024-10-25,294.98,295.38,297.78,292.78,33.433,0.00418,5301559,1657681172.0,0.4079135223332615,294.18
HK.00388,香港交易所,2024-10-28,296.38,295.98,297.98,293.58,33.497,0.00322,4084108,1278444546.0,0.2031281738777245,295.38
HK.00388,香港交易所,2024-10-29,297.78,295.58,300.38,293.98,33.454,0.00377,4780257,1501967795.0,-0.135144266504505,295.98
HK.00388,香港交易所,2024-10-30,297.18,291.98,297.18,289.18,33.069,0.00464,5882101,1822117059.0,-1.2179443805399437,295.58
HK.00388,香港交易所,2024-10-31,292.58,293.38,298.38,290.78,33.219,0.00435,5512732,1716096807.0,0.479484896225761,291.98
HK.00388,香港交易所,2024-11-01,293.78,294.18,297.38,291.38,33.304,0.00362,4590073,1431227550.0,0.2726838911991313,293.38
HK.00388,香港交易所,2024-11-04,296.58,297.38,297.98,294.78,33.646,0.00279,3532220,1109093408.0,1.0877693928887038,294.18
HK.00388,香港交易所,2024-11-05,297.58,312.98,313.58,295.78,35.314,0.01083,13724591,4473589428.0,5.24581343735289,297.38
HK.00388,香港交易所,2024-11-06,312.38,304.58,317.18,300.58,34.416,0.00935,11859400,3844928392.0,-2.683877564061612,312.98
HK.00388,香港交易所,2024-11-07,302.58,316.78,317.38,298.78,35.72,0.0072,9124446,3000752161.0,4.005515792238489,304.58
HK.00388,香港交易所,2024-11-08,326.98,321.98,330.98,316.78,36.276,0.01354,17164007,5844703141.0,1.6415177725866674,316.78
HK.00388,香港交易所,2024-11-11,311.38,308.58,311.38,303.38,34.843,0.00856,10848538,3518545769.0,-4.161749176967524,321.98
HK.00388,香港交易所,2024-11-12,309.58,294.98,311.18,291.38,33.39,0.00921,11680844,3675739933.0,-4.40728498282454,308.58
HK.00388,香港交易所,2024-11-13,288.78,291.78,291.78,285.58,33.048,0.00693,8789827,2692167467.0,-1.0848193097837295,294.98
HK.00388,香港交易所,2024-11-14,289.58,287.38,297.38,285.78,32.578,0.00454,5761354,1769113100.0,-1.5079854685036596,291.78
HK.00388,香港交易所,2024-11-15,287.38,282.18,289.58,281.98,32.022,0.006,7609898,2299234866.0,-1.8094509012457336,287.38
HK.00388,香港交易所,2024-11-18,286.58,282.18,287.58,280.18,32.022,0.00376,4772161,1435826644.0,0.0,282.18
HK.00388,香港交易所,2024-11-19,282.58,282.98,286.38,280.18,32.107,0.00306,3879471,1163825602.0,0.28350698135942,282.18
HK.00388,香港交易所,2024-11-20,282.58,283.98,284.58,278.98,32.214,0.00297,3767521,1129585542.0,0.3533818644427167,282.98
HK.00388,香港交易所,2024-11-21,283.98,280.98,283.98,278.78,31.893,0.00263,3328597,993627203.0,-1.056412423410099,283.98
HK.00388,香港交易所,2024-11-22,280.98,268.38,281.78,265.78,30.547,0.00926,11737719,3382837768.0,-4.4843049327354345,280.98
HK.00388,香港交易所,2024-11-25,269.38,266.98,271.58,265.98,30.397,0.00469,5945385,1693956553.0,-0.5216484089723442,268.38
HK.00388,香港交易所,2024-11-26,264.98,266.38,268.78,263.98,30.333,0.0031,3934555,1115505996.0,-0.2247359352760591,266.98
HK.00388,香港交易所,2024-11-27,265.98,273.18,275.58,263.98,31.06,0.00429,5435369,1565939017.0,2.55274420001502,266.38
HK.00388,香港交易所,2024-11-28,273.58,270.18,275.18,268.18,30.739,0.00281,3564955,1026326359.0,-1.0981770261366133,273.18
HK.00388,香港交易所,2024-11-29,269.38,272.38,278.58,267.78,30.974,0.00433,5485566,1589960518.0,0.8142719668369193,270.18
HK.00388,香港交易所,2024-12-02,275.38,274.38,277.98,271.58,31.188,0.00323,4097019,1196607131.0,0.7342683016374183,272.38
HK.00388,香港交易所,2024-12-03,275.78,276.38,278.18,272.58,31.402,0.00288,3655370,1070444240.0,0.7289161017566879,274.38
HK.00388,香港交易所,2024-12-04,276.38,274.98,277.38,273.58,31.252,0.00187,2370396,693934729.0,-0.5065489543382218,276.38
HK.00388,香港交易所,2024-12-05,272.58,273.38,275.18,271.98,31.081,0.00236,2990410,868650607.0,-0.581860498945386,274.98
HK.00388,香港交易所,2024-12-06,274.58,277.18,279.98,272.58,31.487,0.00393,4987004,1470450318.0,1.3900065842417189,273.38
HK.00388,香港交易所,2024-12-09,277.18,294.18,294.18,273.98,33.304,0.00794,10062663,3056735441.0,6.13319864348077,277.18
HK.00388,香港交易所,2024-12-10,312.58,290.98,313.78,289.78,32.962,0.01396,17694528,5632291081.0,-1.0877693928887038,294.18
HK.00388,香港交易所,2024-12-11,291.78,288.58,294.98,287.78,32.706,0.00369,4676923,1440640288.0,-0.8247989552546683,290.98
HK.00388,香港交易所,2024-12-12,289.38,293.18,297.78,286.98,33.197,0.00472,5990381,1862996812.0,1.594012059047759,288.58
HK.00388,香港交易所,2024-12-13,289.58,285.58,291.78,285.58,32.385,0.0051,6468759,1973907217.0,-2.592264138072182,293.18
HK.00388,香港交易所,2024-12-16,285.58,280.18,286.98,278.78,31.808,0.00359,4553777,1360381126.0,-1.89088871769731,285.58
HK.00388,香港交易所,2024-12-17,279.58,283.18,287.18,278.58,32.129,0.00392,4966838,1489640739.0,1.0707402384181597,280.18
HK.00388,香港交易所,2024-12-18,286.98,282.78,286.98,281.98,32.086,0.00203,2574962,776292999.0,-0.1412529133413497,283.18
HK.00388,香港交易所,2024-12-19,277.58,281.38,283.78,277.58,31.936,0.0027,3419654,1019233035.0,-0.4950845179998505,282.78
HK.00388,香港交易所,2024-12-20,281.38,278.58,282.78,278.58,31.637,0.00593,7517169,2230260209.0,-0.9950956002558858,281.38
HK.00388,香港交易所,2024-12-23,278.58,280.18,282.38,278.58,31.808,0.00186,2358353,702024856.0,0.5743413023189112,278.58
HK.00388,香港交易所,2024-12-24,281.38,283.78,284.98,279.58,32.193,0.00169,2147971,645164788.0,1.2848882861017794,280.18
HK.00388,香港交易所,2024-12-27,283.98,279.78,284.38,278.38,31.765,0.00312,3950396,1175472106.0,-1.4095426034251888,283.78
HK.00388,香港交易所,2024-12-30,279.98,277.58,281.18,276.18,31.53,0.00235,2983363,880320828.0,-0.7863321180927831,279.78
HK.00388,香港交易所,2024-12-31,275.98,277.38,278.58,275.58,31.509,0.00143,1808811,532946237.0,-0.0720513005259704,277.58
HK.00388,香港交易所,2025-01-02,276.18,269.58,276.78,268.98,30.675,0.00578,7329867,2113465148.0,-2.812026822409695,277.38
HK.00388,香港交易所,2025-01-03,269.98,269.58,271.58,267.78,30.675,0.00321,4067355,1165677167.0,0.0,269.58
HK.00388,香港交易所,2025-01-06,273.18,268.18,273.18,266.98,30.525,0.0022,2792600,798444955.0,-0.5193263595222114,269.58
HK.00388,香港交易所,2025-01-07,267.58,266.78,270.98,265.18,30.376,0.00408,5169797,1471001491.0,-0.5220374375419622,268.18
HK.00388,香港交易所,2025-01-08,266.78,266.58,267.98,262.78,30.354,0.00387,4900326,1384395236.0,-0.0749681385411157,266.78
HK.00388,香港交易所,2025-01-09,265.18,264.58,267.78,263.98,30.141,0.00246,3116442,880861987.0,-0.7502438292445045,266.58
HK.00388,香港交易所,2025-01-10,265.98,262.18,266.58,260.78,29.884,0.00309,3920584,1097015223.0,-0.9070980421800504,264.58
HK.00388,香港交易所,2025-01-13,259.38,257.98,259.78,253.58,29.435,0.00432,5476785,1502431805.0,-1.6019528568159236,262.18
HK.00388,香港交易所,2025-01-14,257.98,264.18,266.58,257.58,30.098,0.00435,5515397,1549083365.0,2.403287076517555,257.98
HK.00388,香港交易所,2025-01-15,264.58,264.98,267.18,261.98,30.183,0.00304,3851521,1087656701.0,0.3028238322356013,264.18
HK.00388,香港交易所,2025-01-16,268.58,269.38,272.18,266.98,30.654,0.00421,5342900,1532750969.0,1.6605026794474966,264.98
HK.00388,香港交易所,2025-01-17,268.18,270.18,271.98,267.58,30.739,0.00237,3010186,865700083.0,0.2969782463434595,269.38
HK.00388,香港交易所,2025-01-20,275.78,276.18,280.78,275.18,31.38,0.00558,7076136,2089721724.0,2.220741727737064,270.18
HK.00388,香港交易所,2025-01-21,279.58,276.58,279.58,273.58,31.423,0.00249,3163059,930093459.0,0.1448330798754353,276.18
HK.00388,香港交易所,2025-01-22,275.98,275.18,277.58,273.98,31.274,0.00366,4646233,1360463664.0,-0.5061826596283091,276.58
HK.00388,香港交易所,2025-01-23,278.18,275.98,283.78,275.18,31.359,0.00441,5594647,1658064401.0,0.2907188022385389,275.18
HK.00388,香港交易所,2025-01-24,281.18,283.18,285.58,277.78,32.129,0.00629,7969142,2392254454.0,2.608884701789981,275.98
HK.00388,香港交易所,2025-01-27,285.78,285.18,288.18,283.58,32.342,0.00472,5981389,1814468271.0,0.7062645667066882,283.18
HK.00388,香港交易所,2025-01-28,287.58,284.58,287.58,282.58,32.278,0.00177,2249524,680116144.0,-0.2103934357248133,285.18
HK.00388,香港交易所,2025-02-03,279.38,284.18,284.18,275.98,32.235,0.00456,5776779,1724807658.0,-0.1405580153208157,284.58
HK.00388,香港交易所,2025-02-04,285.58,294.58,294.58,285.38,33.347,0.00808,10245455,3163393163.0,3.659652333028354,284.18
HK.00388,香港交易所,2025-02-05,293.18,288.38,293.18,285.98,32.684,0.00389,4928588,1509275869.0,-2.104691425079771,294.58
HK.00388,香港交易所,2025-02-06,290.38,291.58,291.58,286.78,33.026,0.0029,3680742,1131310944.0,1.109646993550173,288.38
HK.00388,香港交易所,2025-02-07,292.58,299.18,301.98,289.58,33.839,0.0087,11034699,3480140596.0,2.6064887852390504,291.58
HK.00388,香港交易所,2025-02-10,298.58,302.98,305.58,298.18,34.245,0.00683,8664013,2773861544.0,1.270138378233843,299.18
HK.00388,香港交易所,2025-02-11,306.38,300.58,310.38,299.58,33.988,0.00661,8383454,2695612124.0,-0.7921314938279865,302.98
HK.00388,香港交易所,2025-02-12,302.58,318.38,318.58,300.38,35.891,0.01432,18157542,5979588890.0,5.921884356909978,300.58
HK.00388,香港交易所,2025-02-13,322.18,308.38,322.58,306.98,34.822,0.01578,20004332,6658506006.0,-3.1409008103524094,318.38
HK.00388,香港交易所,2025-02-14,314.78,322.38,322.38,312.58,36.318,0.01355,17173507,5774119471.0,4.539853427589338,308.38
HK.00388,香港交易所,2025-02-17,326.78,323.38,330.78,317.78,36.425,0.01033,13096595,4480405437.0,0.3101929400086854,322.38
HK.00388,香港交易所,2025-02-18,323.38,323.98,328.58,319.78,36.489,0.0089,11286843,3853236718.0,0.1855402313068287,323.38
HK.00388,香港交易所,2025-02-19,319.98,321.18,323.78,317.38,36.19,0.00542,6870841,2322809261.0,-0.8642508796839347,323.98
HK.00388,香港交易所,2025-02-20,314.18,310.18,317.58,309.58,35.014,0.00728,9225408,3040929638.0,-3.4248707889656886,321.18
HK.00388,香港交易所,2025-02-21,318.58,333.38,334.38,313.98,37.494,0.01782,22590766,7791524690.0,7.479528015990711,310.18
HK.00388,香港交易所,2025-02-24,330.58,328.18,334.38,324.78,36.938,0.00943,11959874,4140227359.0,-1.5597816305717165,333.38
HK.00388,香港交易所,2025-02-25,318.18,326.38,330.18,315.98,36.746,0.00821,10407773,3554074380.0,-0.5484794929611834,328.18
HK.00388,香港交易所,2025-02-26,326.98,343.78,347.18,326.98,38.606,0.01627,20626924,7384812481.0,5.331209020160542,326.38
HK.00388,香港交易所,2025-02-27,345.58,347.58,351.98,339.38,35.46,0.01384,17552053,6381673856.0,1.1053580778404828,343.78
HK.00388,香港交易所,2025-02-28,339.38,332.58,343.18,328.58,34.003,0.01201,15225066,5358925190.0,-4.3155532539271535,347.58
HK.00388,香港交易所,2025-03-03,332.58,322.38,334.78,318.58,33.012,0.01055,13377617,4584762558.0,-3.066931264658124,332.58
HK.00388,香港交易所,2025-03-04,318.58,319.98,322.18,315.78,32.779,0.00715,9068308,3053221246.0,-0.744463056020838,322.38
HK.00388,香港交易所,2025-03-05,324.18,330.18,331.78,320.98,33.77,0.00895,11348257,3914699171.0,3.1876992312019468,319.98
HK.00388,香港交易所,2025-03-06,338.98,348.18,349.18,338.38,35.519,0.01751,22196195,8048475608.0,5.451571869889151,330.18
HK.00388,香港交易所,2025-03-07,345.58,342.38,350.38,339.98,34.955,0.00808,10247064,3706114680.0,-1.665805043368376,348.18
HK.00388,香港交易所,2025-03-10,339.78,335.18,345.78,332.78,34.256,0.00663,8402110,2979970541.0,-2.1029265728138293,342.38
HK.00388,香港交易所,2025-03-11,323.98,332.58,334.18,323.98,34.003,0.00864,10948255,3796879915.0,-0.7757026075541568,335.18
HK.00388,香港交易所,2025-03-12,339.68,336.88,342.28,333.08,33.945,0.00605,7668706,2689963906.0,1.2929220037284297,332.58
HK.00388,香港交易所,2025-03-13,339.08,331.68,341.28,329.08,33.44,0.00505,6400647,2216366798.0,-1.5435763476608848,336.88
HK.00388,香港交易所,2025-03-14,337.48,341.68,345.08,333.08,34.411,0.00742,9410518,3325203169.0,3.014954172696575,331.68
HK.00388,香港交易所,2025-03-17,350.48,353.08,357.28,348.88,35.519,0.01179,14943120,5464478530.0,3.3364551627253505,341.68
HK.00388,香港交易所,2025-03-18,361.68,359.68,362.48,357.68,36.16,0.00876,11103657,4135794908.0,1.8692647558627005,353.08
HK.00388,香港交易所,2025-03-19,361.48,362.48,367.48,357.48,36.432,0.00811,10283970,3868994318.0,0.7784697508896828,359.68
HK.00388,香港交易所,2025-03-20,364.68,356.88,365.28,354.68,35.888,0.00912,11559530,4290146491.0,-1.5449128227764353,362.48
HK.00388,香港交易所,2025-03-21,353.48,348.48,361.68,344.68,35.072,0.00899,11398713,4146966149.0,-2.353732347007391,356.88
HK.00388,香港交易所,2025-03-24,348.88,347.68,349.28,341.08,34.994,0.00519,6575436,2355838315.0,-0.2295684113865964,348.48
HK.00388,香港交易所,2025-03-25,344.48,338.48,346.48,336.88,34.1,0.00608,7712981,2717369713.0,-2.6461113667740417,347.68
HK.00388,香港交易所,2025-03-26,341.08,341.48,342.28,338.08,34.392,0.0031,3936129,1388980328.0,0.8863152918931694,338.48
HK.00388,香港交易所,2025-03-27,340.48,345.28,349.48,337.08,34.761,0.00478,6054013,2166074139.0,1.1128030924212118,341.48
HK.00388,香港交易所,2025-03-28,347.88,341.08,349.48,338.88,34.353,0.00528,6696074,2378458895.0,-1.2164040778498575,345.28
HK.00388,香港交易所,2025-03-31,339.48,332.28,339.48,328.68,33.498,0.00836,10601725,3654235207.0,-2.5800398733435004,341.08
HK.00388,香港交易所,2025-04-01,333.08,335.48,339.28,333.08,33.809,0.00369,4679573,1632660367.0,0.9630432165643572,332.28
HK.00388,香港交易所,2025-04-02,333.28,341.28,344.68,333.28,34.372,0.00421,5341389,1881040085.0,1.7288661023011669,335.48
HK.00388,香港交易所,2025-04-03,332.48,333.88,341.28,330.28,33.653,0.00893,11324712,3931920024.0,-2.168307548054377,341.28
HK.00388,香港交易所,2025-04-07,296.28,284.48,304.28,281.28,28.854,0.02992,37928230,11462233905.0,-14.795734994608836,333.88
HK.00388,香港交易所,2025-04-08,290.48,286.08,291.48,278.28,29.01,0.01234,15650535,4669722558.0,0.562429696287952,284.48
HK.00388,香港交易所,2025-04-09,274.48,289.08,291.28,270.68,29.301,0.01188,15058282,4432117455.0,1.0486577181208054,286.08
HK.00388,香港交易所,2025-04-10,302.48,294.28,305.28,293.48,29.806,0.01133,14366044,4481884142.0,1.7988100179880964,289.08
HK.00388,香港交易所,2025-04-11,293.48,299.88,306.08,292.68,30.35,0.00803,10182313,3186426302.0,1.9029495718363545,294.28
HK.00388,香港交易所,2025-04-14,307.88,321.48,323.48,307.48,32.449,0.01366,17317705,5731033293.0,7.202881152460992,299.88
HK.00388,香港交易所,2025-04-15,323.48,315.88,325.08,314.48,31.905,0.00498,6309054,2083675497.0,-1.7419435112604271,321.48
HK.00388,香港交易所,2025-04-16,315.88,315.08,319.08,310.08,31.827,0.00507,6425770,2098144491.0,-0.2532607319235189,315.88
HK.00388,香港交易所,2025-04-17,315.08,318.88,321.28,313.28,32.196,0.00472,5986193,1982322072.0,1.2060429097372132,315.08
HK.00388,香港交易所,2025-04-22,318.88,322.08,326.48,315.68,32.507,0.00553,7009300,2337959974.0,1.003512293025586,318.88
HK.00388,香港交易所,2025-04-23,330.08,329.08,338.28,326.48,33.187,0.00769,9754193,3349042013.0,2.1733730750124196,322.08
HK.00388,香港交易所,2025-04-24,328.28,325.28,330.08,321.88,32.818,0.00426,5403355,1824353446.0,-1.1547344110854538,329.08
HK.00388,香港交易所,2025-04-25,327.28,326.08,332.28,324.88,32.896,0.00454,5755397,1963106053.0,0.2459419576979868,325.28
HK.00388,香港交易所,2025-04-28,327.28,324.48,327.48,320.28,32.74,0.00286,3631677,1223461411.0,-0.4906771344455243,326.08
HK.00388,香港交易所,2025-04-29,326.48,322.88,328.28,321.08,32.585,0.0033,4183418,1405907984.0,-0.4930966469428077,324.48
HK.00388,香港交易所,2025-04-30,324.48,328.28,330.48,323.28,33.109,0.00516,6539791,2224595243.0,1.6724479682854243,322.88
HK.00388,香港交易所,2025-05-02,333.28,338.68,340.08,328.68,34.12,0.00734,9306371,3258371574.0,3.1680272937736182,328.28
HK.00388,香港交易所,2025-05-06,345.48,346.68,349.28,342.08,34.897,0.00881,11169216,4004910869.0,2.362111727884729,338.68
HK.00388,香港交易所,2025-05-07,359.08,353.68,362.08,351.88,35.577,0.00997,12644311,4672991998.0,2.0191531094957886,346.68
HK.00388,香港交易所,2025-05-08,354.08,354.68,359.08,352.68,35.674,0.00462,5851677,2156266216.0,0.2827414612078715,353.68
HK.00388,香港交易所,2025-05-09,354.28,359.88,362.68,353.68,36.179,0.00629,7972749,2964629812.0,1.4661102966053874,354.68
HK.00388,香港交易所,2025-05-12,365.48,372.48,377.08,361.88,37.404,0.01136,14408676,5499211726.0,3.5011670556852352,359.88
HK.00388,香港交易所,2025-05-13,369.48,362.08,372.28,360.68,36.393,0.00569,7219217,2713530439.0,-2.7920962199312807,372.48
HK.00388,香港交易所,2025-05-14,366.48,368.48,370.48,362.28,37.015,0.00497,6297280,2387083424.0,1.767565178965984,362.08
HK.00388,香港交易所,2025-05-15,368.48,364.68,370.48,362.08,36.646,0.00498,6319573,2393246959.0,-1.0312635692574932,368.48
HK.00388,香港交易所,2025-05-16,360.48,366.28,367.68,359.48,36.801,0.00358,4533478,1709542295.0,0.4387408138642004,364.68
HK.00388,香港交易所,2025-05-19,360.48,366.48,368.88,360.48,36.821,0.00281,3567964,1349385276.0,0.05460303592881,366.28
HK.00388,香港交易所,2025-05-20,367.08,366.68,367.28,360.88,36.84,0.00401,5088344,1920053705.0,0.0545732372844326,366.48
HK.00388,香港交易所,2025-05-21,368.48,379.08,379.48,367.48,38.045,0.01202,15235886,5912229223.0,3.381695211083227,366.68
HK.00388,香港交易所,2025-05-22,376.48,373.08,379.28,372.08,37.462,0.00562,7126205,2766895064.0,-1.5827793605571383,379.08
HK.00388,香港交易所,2025-05-23,375.48,374.68,379.28,371.28,37.617,0.00334,4236480,1645039083.0,0.4288624423716154,373.08
HK.00388,香港交易所,2025-05-26,379.48,374.68,386.08,373.08,37.617,0.00659,8353064,3271046912.0,0.0,374.68
HK.00388,香港交易所,2025-05-27,376.28,385.68,387.08,375.08,38.686,0.00795,10081577,3995958194.0,2.935838582256859,374.68
HK.00388,香港交易所,2025-05-28,384.48,378.48,386.88,375.28,37.986,0.00573,7260741,2851502121.0,-1.866832607342872,385.68
HK.00388,香港交易所,2025-05-29,379.48,387.88,388.48,379.28,38.9,0.00907,11502675,4592285551.0,2.483618685267379,378.48
HK.00388,香港交易所,2025-05-30,385.68,383.28,386.88,380.48,38.453,0.0048,6081070,2406661931.0,-1.1859337939569,387.88
HK.00388,香港交易所,2025-06-02,379.28,382.88,383.08,371.48,38.414,0.00506,6415634,2493231313.0,-0.1043623460655336,383.28
HK.00388,香港交易所,2025-06-03,383.48,382.88,385.88,379.08,38.414,0.00353,4475620,1767369981.0,0.0,382.88
HK.00388,香港交易所,2025-06-04,382.48,390.48,391.08,381.68,39.152,0.00504,6389753,2561353614.0,1.984956122022572,382.88
HK.00388,香港交易所,2025-06-05,392.48,392.68,396.68,387.08,39.366,0.00596,7559849,3058063634.0,0.5634091374718266,390.48
HK.00388,香港交易所,2025-06-06,393.48,389.88,396.28,388.28,39.094,0.00342,4331240,1751389693.0,-0.7130487929102606,392.68
HK.00388,香港交易所,2025-06-09,391.48,403.28,403.68,391.48,40.396,0.00748,9483287,3904943468.0,3.4369549605006613,389.88
HK.00388,香港交易所,2025-06-10,402.48,402.28,407.28,397.28,40.299,0.00452,5734615,2380944444.0,-0.2479666732791113,403.28
HK.00388,香港交易所,2025-06-11,403.28,407.88,409.88,402.88,40.843,0.00535,6780545,2848209552.0,1.3920652281992698,402.28
HK.00388,香港交易所,2025-06-12,404.68,398.88,406.28,397.68,39.968,0.00631,8002826,3316595733.0,-2.206531332744925,407.88
HK.00388,香港交易所,2025-06-13,397.48,401.08,404.88,395.68,40.182,0.0056,7100795,2924820077.0,0.5515443241074981,398.88
HK.00388,香港交易所,2025-06-16,396.48,407.08,408.68,396.48,40.765,0.00431,5466219,2281701537.0,1.4959609055550014,401.08
HK.00388,香港交易所,2025-06-17,407.08,400.88,407.48,398.68,40.163,0.00431,5460889,2262478389.0,-1.5230421538763852,407.08
HK.00388,香港交易所,2025-06-18,395.08,391.48,397.28,388.68,39.249,0.00567,7186876,2909351456.0,-2.344841349032124,400.88
HK.00388,香港交易所,2025-06-19,387.48,377.28,390.08,376.68,37.87,0.00937,11879429,4668875888.0,-3.6272606518851656,391.48
HK.00388,香港交易所,2025-06-20,377.08,380.08,384.08,376.88,38.142,0.00513,6498349,2553353306.0,0.7421543681085696,377.28
HK.00388,香港交易所,2025-06-23,376.88,386.48,386.88,373.68,38.764,0.00474,6007784,2371031288.0,1.6838560303094177,380.08
HK.00388,香港交易所,2025-06-24,389.48,402.28,403.08,389.08,40.299,0.00791,10026047,4117461300.0,4.088180500931473,386.48
HK.00388,香港交易所,2025-06-25,404.88,409.48,410.08,399.68,40.998,0.00683,8657796,3629623961.0,1.7897981505419225,402.28
HK.00388,香港交易所,2025-06-26,408.28,407.48,412.28,403.48,40.804,0.00392,4974954,2090549546.0,-0.4884243430692586,409.48
HK.00388,香港交易所,2025-06-27,412.28,408.68,414.28,407.28,40.921,0.00514,6510572,2755757855.0,0.2944929812506107,407.48
HK.00388,香港交易所,2025-06-30,410.28,406.28,411.48,406.08,40.687,0.00275,3492327,1468116026.0,-0.5872565332289404,408.68
HK.00388,香港交易所,2025-07-02,410.28,410.68,413.88,408.08,41.115,0.00361,4575493,1937125145.0,1.0829969479177006,406.28
HK.00388,香港交易所,2025-07-03,410.48,404.68,412.48,400.28,40.532,0.00379,4807687,2005242282.0,-1.4609915262491475,410.68
HK.00388,香港交易所,2025-07-04,401.68,401.28,405.48,395.28,40.202,0.00391,4959242,2046746134.0,-0.8401700108727967,404.68
HK.00388,香港交易所,2025-07-07,399.88,395.68,399.88,392.88,39.658,0.00404,5121740,2087332453.0,-1.395534290271124,401.28
HK.00388,香港交易所,2025-07-08,396.48,404.88,405.08,394.48,40.551,0.00333,4216700,1747766767.0,2.325111200970478,395.68
HK.00388,香港交易所,2025-07-09,403.88,399.08,405.48,395.68,39.988,0.00387,4901318,2019511648.0,-1.4325232167555848,404.88
HK.00388,香港交易所,2025-07-10,395.48,400.88,403.08,395.48,40.163,0.00244,3095090,1278596301.0,0.4510373859877747,399.08
HK.00388,香港交易所,2025-07-11,402.28,413.08,419.68,402.28,41.348,0.01128,14304746,6095796661.0,3.0433047295948885,400.88
HK.00388,香港交易所,2025-07-14,412.48,411.08,415.68,407.88,41.154,0.0033,4181755,1772889506.0,-0.4841677156967173,413.08
HK.00388,香港交易所,2025-07-15,414.08,414.88,417.08,408.48,41.523,0.00417,5291559,2251319349.0,0.9243942784859422,411.08
HK.00388,香港交易所,2025-07-16,414.88,411.88,417.08,410.08,41.231,0.00309,3921884,1668406852.0,-0.723100655611261,414.88
HK.00388,香港交易所,2025-07-17,412.88,414.48,416.08,412.28,41.484,0.00202,2566959,1094713769.0,0.6312518209187198,411.88
HK.00388,香港交易所,2025-07-18,416.48,417.48,418.48,412.68,41.775,0.00329,4171000,1787742688.0,0.7237984944991314,414.48
HK.00388,香港交易所,2025-07-21,417.08,418.68,419.08,414.68,41.892,0.00276,3494109,1501762085.0,0.2874389192296609,417.48
HK.00388,香港交易所,2025-07-22,419.28,420.08,422.08,418.28,42.028,0.00293,3708904,1604779394.0,0.3343842552784888,418.68
HK.00388,香港交易所,2025-07-23,423.48,427.28,428.48,418.68,42.728,0.00616,7809206,3413676929.0,1.7139592458579291,420.08
HK.00388,香港交易所,2025-07-24,427.28,435.68,439.48,424.88,43.544,0.0081,10265301,4592072913.0,1.965923984272616,427.28
HK.00388,香港交易所,2025-07-25,434.48,423.28,435.08,421.48,42.339,0.00673,8532723,3744928531.0,-2.846125596768278,435.68
HK.00388,香港交易所,2025-07-28,426.48,436.88,439.48,423.28,43.66,0.00591,7488372,3346976445.0,3.213003213003219,423.28
HK.00388,香港交易所,2025-07-29,431.08,428.28,432.08,424.28,42.825,0.00709,8991861,3952024412.0,-1.9685039370078792,436.88
HK.00388,香港交易所,2025-07-30,428.28,420.68,428.28,417.68,42.086,0.00608,7707951,3354185429.0,-1.7745400205472976,428.28
HK.00388,香港交易所,2025-07-31,415.68,414.48,422.68,413.48,41.484,0.0056,7104129,3048978168.0,-1.4738043168203834,420.68
HK.00388,香港交易所,2025-08-01,413.68,404.48,415.68,403.88,40.512,0.00786,9964066,4185644437.0,-2.4126616483304377,414.48
HK.00388,香港交易所,2025-08-04,403.48,408.48,408.88,399.48,40.901,0.00461,5842805,2442870368.0,0.9889240506329112,404.48
HK.00388,香港交易所,2025-08-05,411.48,410.88,413.28,409.08,41.134,0.00342,4337801,1836755399.0,0.5875440658049297,408.48
HK.00388,香港交易所,2025-08-06,411.88,415.88,416.68,411.48,41.62,0.00327,4140934,1771475257.0,1.2169003115264798,410.88
HK.00388,香港交易所,2025-08-07,415.88,419.08,421.68,415.68,41.931,0.00302,3828273,1652065691.0,0.7694527267480977,415.88
HK.00388,香港交易所,2025-08-08,417.48,414.88,417.68,413.48,41.523,0.00195,2477690,1059198761.0,-1.0021952849097997,419.08
HK.00388,香港交易所,2025-08-11,419.28,418.08,419.28,414.28,41.834,0.00189,2390805,1027134796.0,0.7713073659853424,414.88
HK.00388,香港交易所,2025-08-12,417.08,417.48,418.08,413.88,41.775,0.00246,3115583,1336027030.0,-0.1435132032146876,418.08
HK.00388,香港交易所,2025-08-13,420.68,427.28,427.88,420.28,42.728,0.00489,6197033,2713518383.0,2.347417840375576,417.48
HK.00388,香港交易所,2025-08-14,435.28,426.68,435.28,424.08,42.669,0.00393,4987532,2196000574.0,-0.1404231417337497,427.28
HK.00388,香港交易所,2025-08-15,422.48,426.88,428.88,420.68,42.689,0.00425,5382653,2349690809.0,0.0468735352020222,426.68
HK.00388,香港交易所,2025-08-18,428.48,427.08,431.48,425.88,42.708,0.00358,4533380,1999682034.0,0.0468515742128908,426.88
HK.00388,香港交易所,2025-08-19,428.08,421.28,430.68,420.08,42.145,0.00386,4896694,2135684074.0,-1.3580593799756513,427.08
HK.00388,香港交易所,2025-08-20,417.48,428.68,429.88,414.68,42.864,0.00462,5863255,2560220316.0,1.7565514622104146,421.28
HK.00388,香港交易所,2025-08-21,432.48,429.68,434.48,426.88,42.961,0.00469,5946547,2636771649.0,0.2332742371932443,428.68
HK.00388,香港交易所,2025-08-22,430.88,435.48,436.48,430.88,43.524,0.00421,5341910,2387311849.0,1.3498417426922389,429.68
HK.00388,香港交易所,2025-08-25,441.48,450.28,453.48,441.08,44.962,0.00922,11684135,5388122423.0,3.3985487278405335,435.48
HK.00388,香港交易所,2025-08-26,447.48,442.88,449.68,442.88,44.243,0.00398,5040946,2309759116.0,-1.6434218708359194,450.28
HK.00388,香港交易所,2025-08-27,445.28,435.08,446.08,433.68,43.485,0.00571,7234406,3263204652.0,-1.7611994219653204,442.88
HK.00388,香港交易所,2025-08-28,433.48,437.28,438.28,429.48,43.699,0.00441,5590449,2498324707.0,0.5056541325733173,435.08
HK.00388,香港交易所,2025-08-29,440.48,438.48,442.08,437.48,43.816,0.00295,3743683,1692407694.0,0.2744237102085724,437.28
HK.00388,香港交易所,2025-09-01,442.08,441.48,443.48,439.28,44.107,0.00308,3906220,1771963279.0,0.6841817186644773,438.48
HK.00388,香港交易所,2025-09-02,441.48,437.08,443.48,434.08,43.097,0.00318,4027458,1791423873.0,-0.996647639757188,441.48
HK.00388,香港交易所,2025-09-03,438.48,431.08,441.48,427.48,42.514,0.00499,6321176,2778450715.0,-1.3727464079802325,437.08
HK.00388,香港交易所,2025-09-04,432.48,425.68,436.08,424.68,41.989,0.00452,5726476,2487325963.0,-1.2526677182889434,431.08
HK.00388,香港交易所,2025-09-05,427.48,429.08,431.08,424.48,42.32,0.0039,4940181,2147380393.0,0.7987220447284291,425.68
HK.00388,香港交易所,2025-09-08,430.48,429.68,431.08,425.48,42.378,0.0031,3925190,1708589783.0,0.1398340635778928,429.08
HK.00388,香港交易所,2025-09-09,432.48,432.08,436.88,430.28,42.611,0.00519,6585385,2895419296.0,0.5585552038726441,429.68
HK.00388,香港交易所,2025-09-10,436.48,438.08,442.28,435.28,43.194,0.00425,5388777,2401649951.0,1.388631734863914,432.08
HK.00388,香港交易所,2025-09-11,434.48,437.48,439.28,432.88,43.136,0.00272,3449989,1527589595.0,-0.1369612856099264,438.08
HK.00388,香港交易所,2025-09-12,443.48,441.88,445.88,439.48,43.563,0.00332,4212713,1890536952.0,1.0057602633263183,437.48
HK.00388,香港交易所,2025-09-15,438.48,442.88,444.88,438.28,43.66,0.00243,3077034,1381198547.0,0.2263057843758486,441.88
HK.00388,香港交易所,2025-09-16,444.48,445.28,448.08,442.48,43.893,0.0031,3931510,1775360615.0,0.5419075144508619,442.88
HK.00388,香港交易所,2025-09-17,446.48,451.48,452.48,443.68,44.496,0.00467,5922985,2700480736.0,1.3923823212360864,445.28
HK.00388,香港交易所,2025-09-18,448.68,437.48,450.68,435.28,43.136,0.00628,7957897,3567982976.0,-3.1009125542659697,451.48
HK.00388,香港交易所,2025-09-19,441.28,438.48,441.48,434.48,43.233,0.00515,6527488,2899457366.0,0.2285818780287098,437.48
HK.00388,香港交易所,2025-09-22,438.48,436.08,439.48,433.68,43.0,0.00331,4193607,1853207995.0,-0.5473453749315895,438.48
HK.00388,香港交易所,2025-09-23,440.48,430.88,440.48,427.48,42.494,0.00414,5244056,2292919170.0,-1.1924417538066383,436.08
HK.00388,香港交易所,2025-09-24,428.88,431.68,432.88,426.88,42.572,0.00407,5155356,2254257400.0,0.185666542888974,430.88
HK.00388,香港交易所,2025-09-25,430.28,429.08,431.68,427.48,42.32,0.00435,5514202,2402002381.0,-0.6022979985174256,431.68
HK.00388,香港交易所,2025-09-26,426.68,423.68,428.88,422.28,41.795,0.0044,5578807,2410881549.0,-1.258506572200983,429.08
HK.00388,香港交易所,2025-09-29,425.88,435.68,438.28,425.88,42.961,0.00492,6232701,2741917373.0,2.8323262839879155,423.68
HK.00388,香港交易所,2025-09-30,435.08,435.48,438.28,429.88,42.941,0.00389,4933131,2172352126.0,-0.0459052515607759,435.68
HK.00388,香港交易所,2025-10-02,438.28,444.68,446.08,435.68,43.835,0.00591,7496348,3367744358.0,2.112611371360335,435.48
HK.00388,香港交易所,2025-10-03,444.68,443.68,446.28,440.88,43.738,0.00216,2736862,1230812625.0,-0.2248808131690204,444.68
HK.00388,香港交易所,2025-10-06,440.88,441.88,443.48,439.48,43.563,0.00121,1532822,686347871.0,-0.4056978002163747,443.68
HK.00388,香港交易所,2025-10-08,442.48,438.48,443.28,433.88,43.233,0.0029,3671413,1628636711.0,-0.7694396668778802,441.88
HK.00388,香港交易所,2025-10-09,439.28,450.28,453.68,433.48,44.379,0.00699,8863671,4024788039.0,2.691114760080267,438.48
HK.00388,香港交易所,2025-10-10,445.48,438.08,447.28,435.88,43.194,0.00364,4617428,2062865943.0,-2.709425246513278,450.28
HK.00388,香港交易所,2025-10-13,422.48,426.28,428.88,415.08,42.047,0.01176,14909392,6395221520.0,-2.6935719503287094,438.08
HK.00388,香港交易所,2025-10-14,426.48,413.48,428.48,411.88,40.804,0.00932,11822195,5015136545.0,-3.0027212161020818,426.28
HK.00388,香港交易所,2025-10-15,416.68,421.28,423.88,416.68,41.562,0.00403,5114416,2186457526.0,1.8864273967301817,413.48
HK.00388,香港交易所,2025-10-16,420.48,417.88,424.68,415.08,41.231,0.00342,4332911,1841908802.0,-0.8070641853399112,421.28
HK.00388,香港交易所,2025-10-17,416.08,407.48,417.88,404.48,40.221,0.00638,8093205,3366060431.0,-2.488752751986211,417.88
HK.00388,香港交易所,2025-10-20,420.28,418.48,421.48,415.68,41.29,0.00368,4668109,1984276807.0,2.69951899479729,407.48
HK.00388,香港交易所,2025-10-21,421.48,422.68,428.28,421.48,41.698,0.00417,5285162,2281376911.0,1.003632192697378,418.48
HK.00388,香港交易所,2025-10-22,420.28,415.88,422.28,415.88,41.037,0.00328,4156310,1762940264.0,-1.6087820573483511,422.68
HK.00388,香港交易所,2025-10-23,415.28,415.28,418.08,412.08,40.979,0.0024,3042728,1281129561.0,-0.1442723862652743,415.88
HK.00388,香港交易所,2025-10-24,421.48,418.48,423.68,417.88,41.29,0.00212,2689754,1147279374.0,0.7705644384511765,415.28
HK.00388,香港交易所,2025-10-27,425.28,427.68,430.08,423.88,42.184,0.00438,5555573,2410408180.0,2.1984324220990223,418.48
HK.00388,香港交易所,2025-10-28,429.48,425.88,429.88,424.48,42.009,0.00248,3147448,1362904435.0,-0.4208754208754235,427.68
HK.00388,香港交易所,2025-10-30,430.28,425.88,430.48,423.08,42.009,0.0047,5957582,2581413069.0,0.0,425.88
HK.00388,香港交易所,2025-10-31,424.48,417.08,425.48,414.48,41.154,0.00448,5685831,2419216388.0,-2.0663097586174537,425.88
HK.00388,香港交易所,2025-11-03,418.08,422.28,422.28,415.08,41.659,0.00234,2971587,1266152981.0,1.2467632108947897,417.08
HK.00388,香港交易所,2025-11-04,422.48,419.08,424.48,417.88,41.348,0.0031,3934108,1682510454.0,-0.7577910391209598,422.28
HK.00388,香港交易所,2025-11-05,413.48,417.08,419.88,406.68,41.154,0.00525,6657368,2793843683.0,-0.4772358499570488,419.08
HK.00388,香港交易所,2025-11-06,422.28,426.48,427.48,421.28,42.067,0.00497,6297729,2721296520.0,2.253764265848287,417.08
HK.00388,香港交易所,2025-11-07,426.68,422.08,426.68,420.08,41.639,0.00417,5288774,2268423723.0,-1.0317013693490982,426.48
HK.00388,香港交易所,2025-11-10,423.48,429.48,430.28,422.48,42.358,0.00395,5012982,2175698850.0,1.7532221379833286,422.08
HK.00388,香港交易所,2025-11-11,432.28,428.88,433.68,425.28,42.3,0.00258,3271978,1423555996.0,-0.1397038278848893,429.48
HK.00388,香港交易所,2025-11-12,431.48,430.88,432.28,427.48,42.494,0.00239,3026961,1320876245.0,0.4663309084126096,428.88
HK.00388,香港交易所,2025-11-13,430.08,430.08,431.68,426.88,42.417,0.0023,2916061,1270759197.0,-0.185666542888974,430.88
HK.00388,香港交易所,2025-11-14,423.48,418.68,424.28,418.48,41.309,0.0046,5829378,2490106464.0,-2.6506696428571375,430.08
HK.00388,香港交易所,2025-11-17,417.68,415.68,419.48,413.48,41.018,0.00382,4837728,2038681470.0,-0.7165376898824879,418.68
HK.00388,香港交易所,2025-11-18,411.48,410.28,413.88,408.28,40.493,0.00439,5566980,2321998125.0,-1.29907621247114,415.68
HK.00388,香港交易所,2025-11-19,411.88,409.88,412.88,407.88,40.454,0.00232,2941268,1225184502.0,-0.0974943940723353,410.28
HK.00388,香港交易所,2025-11-20,414.08,411.08,414.28,408.48,40.571,0.00224,2843422,1187280238.0,0.2927686152044473,409.88
HK.00388,香港交易所,2025-11-21,403.68,402.68,406.28,400.68,39.755,0.00501,6353592,2603560527.0,-2.043397878758387,411.08
HK.00388,香港交易所,2025-11-24,405.68,408.68,410.28,403.48,40.338,0.00404,5120092,2119025153.0,1.490016886858051,402.68
HK.00388,香港交易所,2025-11-25,413.48,408.88,413.68,408.08,40.357,0.00207,2622853,1092281805.0,0.0489380444357415,408.68
HK.00388,香港交易所,2025-11-26,413.48,406.68,413.48,406.68,40.143,0.00252,3188838,1326612633.0,-0.5380551751124997,408.88
HK.00388,香港交易所,2025-11-27,406.08,405.28,409.48,404.48,40.007,0.0028,3551387,1468503690.0,-0.3442510081636751,406.68
HK.00388,香港交易所,2025-11-28,406.48,404.48,407.08,403.88,39.93,0.00159,2021076,831332796.0,-0.1973943939991992,405.28
HK.00388,香港交易所,2025-12-01,404.48,406.08,408.28,404.48,40.085,0.00204,2582051,1064466219.0,0.395569620253156,404.48
HK.00388,香港交易所,2025-12-02,406.88,403.68,408.08,402.28,39.852,0.00191,2416460,992444320.0,-0.5910165484633514,406.08
HK.00388,香港交易所,2025-12-03,402.08,397.68,403.68,396.88,39.269,0.00315,3989559,1617656263.0,-1.4863258026159334,403.68
HK.00388,香港交易所,2025-12-04,397.48,399.88,400.48,395.68,39.483,0.00331,4200405,1699202031.0,0.5532086099376354,397.68
HK.00388,香港交易所,2025-12-05,395.68,400.88,402.28,394.88,39.58,0.0027,3423195,1388577288.0,0.250075022506752,399.88
HK.00388,香港交易所,2025-12-08,401.88,398.08,406.08,397.68,39.308,0.00252,3197267,1302040281.0,-0.6984633805627648,400.88
HK.00388,香港交易所,2025-12-09,396.88,394.68,398.08,392.48,38.977,0.00336,4256421,1707396837.0,-0.8540996784565859,398.08
HK.00388,香港交易所,2025-12-10,392.48,396.28,396.68,387.48,39.133,0.00312,3949986,1575675912.0,0.4053917097395272,394.68
HK.00388,香港交易所,2025-12-11,397.08,394.28,398.48,393.68,38.939,0.00187,2366860,951837852.0,-0.504693650953871,396.28
HK.00388,香港交易所,2025-12-12,397.88,395.28,400.08,395.28,39.036,0.0044,5576007,2252608700.0,0.2536268641574515,394.28
HK.00388,香港交易所,2025-12-15,394.88,397.28,399.48,392.48,39.23,0.00304,3858835,1557524464.0,0.5059704513256426,395.28
HK.00388,香港交易所,2025-12-16,393.08,389.48,395.08,387.28,38.472,0.00497,6302511,2495682340.0,-1.9633507853403027,397.28
HK.00388,香港交易所,2025-12-17,388.48,391.88,393.48,386.28,38.705,0.00273,3460196,1372928367.0,0.6162062236828534,389.48
HK.00388,香港交易所,2025-12-18,388.48,395.28,396.88,388.48,39.036,0.0027,3423972,1371368102.0,0.8676125344493154,391.88
HK.00388,香港交易所,2025-12-19,398.08,400.48,400.48,396.28,39.541,0.00259,3281541,1332269827.0,1.315523173446682,395.28
HK.00388,香港交易所,2025-12-22,394.48,400.48,403.08,394.48,39.541,0.00242,3071851,1248462728.0,0.0,400.48
HK.00388,香港交易所,2025-12-23,404.08,401.08,405.88,400.48,39.599,0.00361,4581011,1874230473.0,0.1498202157411021,400.48
HK.00388,香港交易所,2025-12-24,399.48,403.48,408.08,399.48,39.832,0.00183,2322142,955958551.0,0.5983843622220092,401.08
HK.00388,香港交易所,2025-12-29,403.48,401.68,409.88,401.68,39.658,0.00281,3564631,1467681003.0,-0.4461187667294565,403.48
HK.00388,香港交易所,2025-12-30,400.88,402.08,404.28,397.48,39.696,0.0023,2919071,1189964393.0,0.0995817566221811,401.68
HK.00388,香港交易所,2025-12-31,402.28,401.08,403.28,399.28,39.599,0.00123,1558003,635040586.0,-0.2487067250298448,402.08
HK.00388,香港交易所,2026-01-02,402.48,409.28,410.28,400.08,40.396,0.00283,3592360,1485694717.0,2.0444799042584996,401.08
HK.00388,香港交易所,2026-01-05,410.28,413.68,414.68,407.68,40.823,0.00471,5966386,2496266510.0,1.0750586395621664,409.28
HK.00388,香港交易所,2026-01-06,418.28,425.88,427.28,416.08,42.009,0.00784,9937060,4276496961.0,2.949139431444592,413.68
HK.00388,香港交易所,2026-01-07,422.48,423.68,424.88,420.08,41.795,0.00325,4114142,1765353777.0,-0.5165774396543601,425.88
HK.00388,香港交易所,2026-01-08,421.88,418.68,422.88,414.68,41.309,0.00372,4720328,2003112819.0,-1.1801359516616314,423.68
HK.00388,香港交易所,2026-01-09,418.68,420.28,420.48,416.08,41.465,0.0022,2784013,1184018129.0,0.3821534346039854,418.68
HK.00388,香港交易所,2026-01-12,421.28,419.68,421.48,411.68,41.406,0.00355,4506490,1906080071.0,-0.1427619682116603,420.28
HK.00388,香港交易所,2026-01-13,423.48,425.28,431.68,422.48,41.95,0.00514,6518576,2823488995.0,1.3343499809378494,419.68
HK.00388,香港交易所,2026-01-14,428.48,428.28,431.88,424.88,42.242,0.00574,7276953,3164658342.0,0.7054176072234764,425.28
HK.00388,香港交易所,2026-01-15,430.28,432.08,433.28,427.68,42.611,0.00475,6027499,2635465543.0,0.8872700102736555,428.28
HK.00388,香港交易所,2026-01-16,433.08,431.88,435.48,429.48,42.592,0.00255,3234803,1418664171.0,-0.0462877244954611,432.08
HK.00388,香港交易所,2026-01-19,427.88,425.28,428.48,423.48,41.95,0.00232,2942636,1270362821.0,-1.528202278410675,431.88
HK.00388,香港交易所,2026-01-20,423.48,420.48,424.48,419.68,41.484,0.00292,3700867,1582743638.0,-1.1286681715575515,425.28
HK.00388,香港交易所,2026-01-21,415.08,420.88,421.68,415.08,41.523,0.00238,3019751,1282921117.0,0.0951293759512883,420.48
HK.00388,香港交易所,2026-01-22,421.88,419.88,423.88,417.88,41.426,0.00192,2439004,1040616619.0,-0.2375974149401254,420.88
HK.00388,香港交易所,2026-01-23,423.48,415.48,424.88,410.68,40.998,0.00469,5944903,2521922958.0,-1.0479184528912968,419.88
HK.00388,香港交易所,2026-01-26,417.88,416.48,420.08,413.88,41.095,0.00273,3461517,1462742126.0,0.2406854722248965,415.48
HK.00388,香港交易所,2026-01-27,416.48,423.88,425.28,416.48,41.814,0.00372,4713965,2023243748.0,1.77679600461006,416.48
HK.00388,香港交易所,2026-01-28,426.08,432.68,434.28,423.88,42.669,0.00619,7848056,3429453801.0,2.0760592620553013,423.88
HK.00388,香港交易所,2026-01-29,428.08,437.68,438.28,427.68,43.155,0.00571,7243158,3202638050.0,1.155588425626329,432.68
HK.00388,香港交易所,2026-01-30,431.48,425.68,436.08,422.48,41.989,0.00477,6051744,2616332361.0,-2.7417291171632243,437.68
HK.00388,香港交易所,2026-02-02,423.48,417.68,423.48,413.68,41.212,0.00446,5654965,2395283386.0,-1.8793459875963163,425.68
HK.00388,香港交易所,2026-02-03,417.68,415.48,418.68,408.48,40.998,0.00463,5866482,2469511423.0,-0.5267190193449504,417.68
HK.00388,香港交易所,2026-02-04,415.48,413.68,418.08,409.48,40.823,0.00296,3748322,1573125910.0,-0.4332338500048164,415.48
HK.00388,香港交易所,2026-02-05,408.48,407.88,410.48,402.88,40.26,0.00568,7204623,2971189881.0,-1.4020498936375971,413.68
HK.00388,香港交易所,2026-02-06,401.68,401.08,404.08,399.88,39.599,0.00585,7417464,3025654803.0,-1.6671570069628352,407.88
HK.00388,香港交易所,2026-02-09,408.08,412.08,413.48,407.68,40.668,0.00331,4200519,1755668288.0,2.742594993517503,401.08
HK.00388,香港交易所,2026-02-10,415.48,410.68,416.48,409.48,40.532,0.00244,3091696,1294347029.0,-0.3397398563385695,412.08
HK.00388,香港交易所,2026-02-11,413.48,411.48,414.08,410.88,40.61,0.00155,1963348,821365180.0,0.1947988701665558,410.68
HK.00388,香港交易所,2026-02-12,409.88,407.48,411.08,403.88,40.221,0.00258,3266535,1349459630.0,-0.972100709633518,411.48
HK.00388,香港交易所,2026-02-13,396.68,398.68,402.08,396.68,39.366,0.00699,8865258,3590987742.0,-2.1596151958378353,407.48
HK.00388,香港交易所,2026-02-16,396.48,402.28,402.48,396.48,39.716,0.00145,1832272,745009431.0,0.9029798334503778,398.68
HK.00388,香港交易所,2026-02-20,403.48,401.28,405.28,399.88,39.619,0.00306,3879006,1584324624.0,-0.2485830764641543,402.28
HK.00388,香港交易所,2026-02-23,410.08,411.28,412.28,407.68,40.59,0.0032,4059158,1690939417.0,2.492025518341308,401.28
HK.00388,香港交易所,2026-02-24,409.48,407.08,409.48,403.88,40.182,0.00316,4006411,1654674804.0,-1.0212021007586047,411.28
HK.00388,香港交易所,2026-02-25,409.28,405.68,411.88,404.68,40.046,0.00342,4338287,1797175539.0,-0.3439127444236949,407.08
HK.00388,香港交易所,2026-02-26,409.48,408.88,410.28,400.08,29.665,0.00658,8347844,3436649451.0,0.788799053441133,405.68
HK.00388,香港交易所,2026-02-27,408.88,412.48,414.88,408.48,29.922,0.00464,5886748,2462779595.0,0.8804539229113731,408.88
HK.00388,香港交易所,2026-03-02,405.68,404.48,408.88,400.48,29.35,0.00452,5733059,2355384033.0,-1.9394879751745535,412.48
HK.00388,香港交易所,2026-03-03,413.48,402.88,413.48,402.08,29.236,0.00378,4789309,1972519797.0,-0.3955696202531701,404.48
HK.00388,香港交易所,2026-03-04,401.48,398.28,401.88,391.88,28.908,0.00696,8824720,3556006222.0,-1.1417791898332066,402.88
HK.00388,香港交易所,2026-03-05,402.48,400.88,408.08,399.48,29.093,0.00536,6799645,2779651699.0,0.6528070704027376,398.28
HK.00388,香港交易所,2026-03-06,400.48,408.48,409.48,397.08,29.636,0.0042,5327704,2199628863.0,1.8958291758132169,400.88
HK.00388,香港交易所,2026-03-09,395.48,400.48,401.08,393.08,29.065,0.00593,7514150,3033055922.0,-1.9584802193497848,408.48
HK.00388,香港交易所,2026-03-10,406.28,410.08,410.08,403.48,29.75,0.00459,5820906,2410354526.0,2.397123451857762,400.48
HK.00388,香港交易所,2026-03-11,413.8,411.4,416.6,409.0,29.379,0.00238,3011930,1239597802.0,0.3218884120171657,410.08
HK.00388,香港交易所,2026-03-12,407.6,406.4,410.4,403.0,29.022,0.00324,4109636,1669184719.0,-1.215362177929023,411.4
HK.00388,香港交易所,2026-03-13,403.4,401.4,405.4,400.2,28.665,0.00255,3234997,1301273604.0,-1.2303149606299213,406.4
HK.00388,香港交易所,2026-03-16,401.4,406.2,407.6,398.4,29.008,0.00429,5443139,2197244326.0,1.1958146487294496,401.4
HK.00388,香港交易所,2026-03-17,406.6,404.4,412.8,403.6,28.879,0.00368,4666977,1901660256.0,-0.4431314623338285,406.2
HK.00388,香港交易所,2026-03-18,404.4,402.8,406.0,400.8,28.765,0.00287,3641560,1467663578.0,-0.3956478733926721,404.4
HK.00388,香港交易所,2026-03-19,398.4,398.6,399.6,396.6,28.465,0.00337,4273349,1701926402.0,-1.0427010923535225,402.8
HK.00388,香港交易所,2026-03-20,398.6,396.0,401.0,395.2,28.279,0.00348,4416051,1753220707.0,-0.6522829904666388,398.6
HK.00388,香港交易所,2026-03-23,387.8,382.6,390.0,379.0,27.322,0.00863,10938196,4182413101.0,-3.383838383838378,396.0
HK.00388,香港交易所,2026-03-24,389.2,391.6,391.6,385.8,27.965,0.00429,5441353,2117336581.0,2.352326189231573,382.6
HK.00388,香港交易所,2026-03-25,394.0,398.0,403.0,393.2,28.422,0.00354,4488853,1783709370.0,1.6343207354443252,391.6
HK.00388,香港交易所,2026-03-26,397.6,390.6,397.6,389.6,27.894,0.00276,3501779,1370094372.0,-1.8592964824120544,398.0
HK.00388,香港交易所,2026-03-27,390.6,390.4,392.4,387.6,27.879,0.00226,2860204,1116128278.0,-0.0512032770097402,390.6
HK.00388,香港交易所,2026-03-30,382.0,382.4,384.2,379.0,27.308,0.00361,4574428,1746131314.0,-2.0491803278688527,390.4
HK.00388,香港交易所,2026-03-31,385.4,388.6,388.8,383.8,27.751,0.00336,4259147,1648292326.0,1.621338912133903,382.4
HK.00388,香港交易所,2026-04-01,398.6,400.4,403.8,397.6,28.593,0.00542,6870429,2752275502.0,3.036541430777137,388.6
HK.00388,香港交易所,2026-04-02,400.4,396.0,400.6,393.2,28.279,0.00193,2452688,971061124.0,-1.0989010989010932,400.4
