code,name,time_key,open,close,high,low,pe_ratio,turnover_rate,volume,turnover,change_rate,last_close
SH.600276,恒瑞医药,2019-06-03 00:00:00,42.259896576,42.857118797,43.051563241,42.190452132,64.907,0.00446,28297458,1241401222.0,1.7476103978091322,42.121007687
SH.600276,恒瑞医药,2019-06-04 00:00:00,42.947396575,42.03072991,43.176563241,41.662674355,63.685,0.00369,23394562,1012575691.0,-1.9282418188547183,42.857118797
SH.600276,恒瑞医药,2019-06-05 00:00:00,42.009896577,39.926563248,42.259896576,39.850174359,60.574,0.0082,52018077,2160589197.0,-5.006257722636817,42.03072991
SH.600276,恒瑞医药,2019-06-06 00:00:00,39.96128547,39.218229916,40.19739658,38.662674361,59.527,0.00556,35248690,1422542435.0,-1.7740904159475435,39.926563248
SH.600276,恒瑞医药,2019-06-10 00:00:00,39.211285471,39.669618804,40.183507691,38.80156325,60.195,0.00375,23758220,966966307.0,1.150967009390317,39.218229916
SH.600276,恒瑞医药,2019-06-11 00:00:00,39.919618803,40.704341024,40.850174357,39.725174359,61.724,0.00537,34075713,1414923501.0,2.6083492889416546,39.669618804
SH.600276,恒瑞医药,2019-06-12 00:00:00,40.600174357,40.864063246,41.197396578,39.996007692,61.96,0.00359,22794059,951696658.0,0.39239603929670336,40.704341024
SH.600276,恒瑞医药,2019-06-13 00:00:00,41.176563245,41.523785466,41.836285466,40.621007691,62.936,0.00347,22027652,932626294.0,1.61443128165816,40.864063246
SH.600276,恒瑞医药,2019-06-14 00:00:00,41.593229911,41.509896578,42.343229909,41.315452134,62.915,0.00399,25299102,1085185353.0,-0.03344802947064906,41.523785466
SH.600276,恒瑞医药,2019-06-17 00:00:00,41.975174354,41.732118799,42.343229909,41.662674355,63.244,0.00315,19955348,860074449.0,0.5353475660495188,41.509896578
SH.600276,恒瑞医药,2019-06-18 00:00:00,42.009896577,42.419618798,42.586285464,41.912674354,64.26,0.0032,20300397,880646557.0,1.6474121582738273,41.732118799
SH.600276,恒瑞医药,2019-06-19 00:00:00,43.176563241,43.662674351,44.169618794,43.176563241,66.098,0.00623,39527988,1768840440.0,2.93037888652268,42.419618798
SH.600276,恒瑞医药,2019-06-20 00:00:00,43.884896573,44.447396571,44.787674349,43.419618796,67.258,0.00601,38130353,1727358960.0,1.7972381024847293,43.662674351
SH.600276,恒瑞医药,2019-06-21 00:00:00,44.371007683,44.718229904,45.225174348,44.329341016,67.659,0.00438,27754953,1275485220.0,0.6093345255157325,44.447396571
SH.600276,恒瑞医药,2019-06-24 00:00:00,45.07239657,44.829341015,45.447396569,44.496007682,67.823,0.00358,22717972,1047618782.0,0.24846938539054478,44.718229904
SH.600276,恒瑞医药,2019-06-25 00:00:00,44.877952126,44.808507682,45.593229902,44.155729905,67.792,0.00361,22873917,1049463421.0,-0.04647253902980173,44.829341015
SH.600276,恒瑞医药,2019-06-26 00:00:00,44.926563237,45.13489657,45.468229903,44.579341016,68.275,0.00296,18781031,866060090.0,0.7284082976303122,44.808507682
SH.600276,恒瑞医药,2019-06-27 00:00:00,45.023785459,45.412674347,45.884896568,45.023785459,68.685,0.00332,21040696,980522584.0,0.6154390463024321,45.13489657
SH.600276,恒瑞医药,2019-06-28 00:00:00,45.412674347,44.787674349,45.412674347,43.919618795,67.761,0.0043,27256430,1242668470.0,-1.3762677644226604,45.412674347
SH.600276,恒瑞医药,2019-07-01 00:00:00,45.482118792,46.336285456,46.614063234,45.468229903,70.051,0.00505,32018101,1512952857.0,3.45767251706959,44.787674349
SH.600276,恒瑞医药,2019-07-02 00:00:00,46.176563235,47.711285454,47.891841009,46.10711879,72.084,0.00673,42665964,2071546994.0,2.9674368250896417,46.336285456
SH.600276,恒瑞医药,2019-07-03 00:00:00,47.565452121,46.433507678,47.565452121,46.190452123,70.195,0.00498,31595559,1511320722.0,-2.678145775870884,47.711285454
SH.600276,恒瑞医药,2019-07-04 00:00:00,46.433507678,44.864063237,46.523785456,44.579341016,67.874,0.00603,38214135,1762786757.0,-3.3799825158235692,46.433507678
SH.600276,恒瑞医药,2019-07-05 00:00:00,45.030729904,45.759896569,46.10711879,44.961285459,69.199,0.0038,24101788,1125450115.0,1.9967726223718167,44.864063237
SH.600276,恒瑞医药,2019-07-08 00:00:00,45.252952125,45.13489657,46.023785457,44.787674349,68.275,0.00336,21301021,987839589.0,-1.3658247633002782,45.759896569
SH.600276,恒瑞医药,2019-07-09 00:00:00,45.440452125,45.121007681,45.759896569,44.975174348,68.254,0.0023,14610146,677676401.0,-0.030771952647459903,45.13489657
SH.600276,恒瑞医药,2019-07-10 00:00:00,45.523785458,45.766841013,46.405729901,45.204341014,69.209,0.00325,20637267,965978871.0,1.4313362338136544,45.121007681
SH.600276,恒瑞医药,2019-07-11 00:00:00,45.968229902,45.246007681,46.141841012,45.065452126,68.439,0.00261,16548013,772225847.0,-1.1380145984994972,45.766841013
SH.600276,恒瑞医药,2019-07-12 00:00:00,45.127952126,45.100174348,45.752952124,44.857118793,68.223,0.00258,16337505,756922765.0,-0.3223120458011991,45.246007681
SH.600276,恒瑞医药,2019-07-15 00:00:00,45.405729903,45.74600768,45.989063235,44.475174349,69.178,0.00414,26245582,1220550227.0,1.4319974176078436,45.100174348
SH.600276,恒瑞医药,2019-07-16 00:00:00,45.62100768,44.829341015,45.829341013,44.822396571,67.823,0.00277,17576706,811600651.0,-2.0038178444165404,45.74600768
SH.600276,恒瑞医药,2019-07-17 00:00:00,44.864063237,44.954341015,45.357118792,44.28767435,68.008,0.00214,13563047,623307168.0,0.2788352386401904,44.829341015
SH.600276,恒瑞医药,2019-07-18 00:00:00,44.857118793,44.801563237,45.086285459,44.544618793,67.782,0.00202,12828156,587408758.0,-0.3398510011502917,44.954341015
SH.600276,恒瑞医药,2019-07-19 00:00:00,45.13489657,44.801563237,45.49600768,44.683507682,67.782,0.00335,21218251,978163695.0,0.0,44.801563237
SH.600276,恒瑞医药,2019-07-22 00:00:00,44.780729904,45.162674348,45.49600768,44.336285461,68.316,0.00275,17409176,802851312.0,0.8060234619263705,44.801563237
SH.600276,恒瑞医药,2019-07-23 00:00:00,45.162674348,44.822396571,45.350174347,44.64878546,67.813,0.00217,13734118,631218885.0,-0.7534491300891556,45.162674348
SH.600276,恒瑞医药,2019-07-24 00:00:00,45.079341015,45.204341014,45.426563236,44.829341015,68.377,0.00245,15567492,719663019.0,0.8521285612093289,44.822396571
SH.600276,恒瑞医药,2019-07-25 00:00:00,45.19739657,45.287674347,45.475174347,45.065452126,68.501,0.00212,13421210,621290191.0,0.1843480761597433,45.204341014
SH.600276,恒瑞医药,2019-07-26 00:00:00,45.100174348,45.357118792,45.593229902,45.100174348,68.603,0.00273,17343180,803904236.0,0.15334071797970839,45.287674347
SH.600276,恒瑞医药,2019-07-29 00:00:00,45.357118792,45.239063236,45.794618791,44.926563237,68.429,0.00238,15062806,698771813.0,-0.26028010408109087,45.357118792
SH.600276,恒瑞医药,2019-07-30 00:00:00,45.308507681,45.454341014,45.655729902,45.225174348,68.747,0.00228,14450489,671404931.0,0.47586701094351724,45.239063236
SH.600276,恒瑞医药,2019-07-31 00:00:00,45.065452126,45.440452125,45.475174347,44.558507682,68.726,0.00333,21095051,974360618.0,-0.030555693230097884,45.454341014
SH.600276,恒瑞医药,2019-08-01 00:00:00,45.204341014,45.294618792,45.718229902,45.121007681,68.511,0.00237,15047899,698724689.0,-0.3209328388697206,45.440452125
SH.600276,恒瑞医药,2019-08-02 00:00:00,44.600174349,44.815452126,45.155729903,44.22517435,67.802,0.00313,19850280,908743997.0,-1.0578887266949155,45.294618792
SH.600276,恒瑞医药,2019-08-05 00:00:00,44.579341016,43.468229907,44.780729904,43.336285463,65.811,0.00445,28232140,1266816835.0,-3.006155589398584,44.815452126
SH.600276,恒瑞医药,2019-08-06 00:00:00,42.70434102,43.91267435,44.384896572,41.90572991,66.468,0.00417,26442650,1172077002.0,1.0224581123981535,43.468229907
SH.600276,恒瑞医药,2019-08-07 00:00:00,44.093229906,44.440452127,44.77378546,43.884896573,67.248,0.00315,20001813,909018094.0,1.2018802881223223,43.91267435
SH.600276,恒瑞医药,2019-08-08 00:00:00,44.704341015,45.246007681,45.343229903,44.704341015,68.439,0.00277,17555437,811105307.0,1.8126628228216934,44.440452127
SH.600276,恒瑞医药,2019-08-09 00:00:00,45.537674347,45.398785458,46.04461879,45.266841014,68.665,0.00373,23640416,1104026910.0,0.3376602375111929,45.246007681
SH.600276,恒瑞医药,2019-08-12 00:00:00,45.294618792,45.655729902,45.704341013,45.239063236,69.045,0.00254,16137116,750860223.0,0.5659720660097981,45.398785458
SH.600276,恒瑞医药,2019-08-13 00:00:00,45.655729902,45.523785458,45.926563235,45.412674347,68.85,0.00267,16939700,790717703.0,-0.28899865204918873,45.655729902
SH.600276,恒瑞医药,2019-08-14 00:00:00,45.891841013,46.6557299,47.148785455,45.891841013,70.523,0.00552,34975807,1668055885.0,2.4864901514930566,45.523785458
SH.600276,恒瑞医药,2019-08-15 00:00:00,46.211285457,46.871007678,47.07934101,46.176563235,70.841,0.00489,31007759,1481757643.0,0.46141766179935134,46.6557299
SH.600276,恒瑞医药,2019-08-16 00:00:00,46.871007678,46.954341011,47.357118788,46.405729901,70.965,0.00386,24478156,1175186118.0,0.17779291960713112,46.871007678
SH.600276,恒瑞医药,2019-08-19 00:00:00,47.225174343,48.91267434,49.058507673,47.07934101,73.86,0.00562,35615174,1764894946.0,4.170718376265203,46.954341011
SH.600276,恒瑞医药,2019-08-20 00:00:00,48.919618784,48.926563229,49.266841006,48.329341008,73.88,0.00293,18596325,925971150.0,0.02839527624978439,48.91267434
SH.600276,恒瑞医药,2019-08-21 00:00:00,49.093229895,48.752952118,49.162674339,48.232118786,73.624,0.0025,15836921,786846293.0,-0.3548401922027827,48.926563229
SH.600276,恒瑞医药,2019-08-22 00:00:00,49.641841005,48.766841007,49.641841005,48.398785452,73.644,0.00284,18033180,900585754.0,0.028488303572626942,48.752952118
SH.600276,恒瑞医药,2019-08-23 00:00:00,49.301563228,52.148785444,52.982118776,49.162674339,78.644,0.00801,50812410,2671032042.0,6.9349262063428645,48.766841007
SH.600276,恒瑞医药,2019-08-26 00:00:00,51.773785445,51.419618779,52.155729889,51.155729891,77.566,0.00581,36857096,1940273652.0,-1.398242852238653,52.148785444
SH.600276,恒瑞医药,2019-08-27 00:00:00,51.801563223,51.59322989,52.968229887,51.454341001,77.823,0.0067,42473262,2253521472.0,0.3376359357041952,51.419618779
SH.600276,恒瑞医药,2019-08-28 00:00:00,51.766841001,52.509896555,53.002952109,51.391841001,79.178,0.00498,31554698,1678565061.0,1.7767188969451704,51.59322989
SH.600276,恒瑞医药,2019-08-29 00:00:00,51.752952112,52.384896555,53.190452109,51.523785446,78.993,0.00425,26981680,1439857492.0,-0.23805036421862363,52.509896555
SH.600276,恒瑞医药,2019-08-30 00:00:00,53.037674331,54.544618773,54.898785439,52.773785443,77.492,0.00654,41442854,2291276981.0,4.12279561482472,52.384896555
SH.600276,恒瑞医药,2019-09-02 00:00:00,54.850174328,54.239063218,54.982118772,53.697396552,77.066,0.00502,31819163,1755447525.0,-0.5601937677328811,54.544618773
SH.600276,恒瑞医药,2019-09-03 00:00:00,54.322396551,53.468229886,54.412674328,53.121007665,75.992,0.00535,33948560,1850872524.0,-1.4211774434632625,54.239063218
SH.600276,恒瑞医药,2019-09-04 00:00:00,53.66267433,53.315452109,54.155729885,52.641840999,75.779,0.00411,26088161,1415418060.0,-0.2857356178159308,53.468229886
SH.600276,恒瑞医药,2019-09-05 00:00:00,53.669618774,53.454340997,53.78767433,53.121007665,75.972,0.00403,25526676,1389628869.0,0.26050400494786113,53.315452109
SH.600276,恒瑞医药,2019-09-06 00:00:00,53.91267433,54.586285439,54.63489655,52.982118776,77.55,0.00459,29117600,1604860398.0,2.1175912393411154,53.454340997
SH.600276,恒瑞医药,2019-09-09 00:00:00,54.669618772,53.989063218,54.669618772,53.350174331,76.718,0.00409,25961101,1427326684.0,-1.094088407366346,54.586285439
SH.600276,恒瑞医药,2019-09-10 00:00:00,54.204340996,54.905729883,55.377952104,53.919618774,77.996,0.00444,28126385,1569940990.0,1.6978747367751765,53.989063218
SH.600276,恒瑞医药,2019-09-11 00:00:00,54.752952106,53.183507664,54.752952106,52.634896554,75.595,0.00539,34160955,1856140354.0,-3.136689417789235,54.905729883
SH.600276,恒瑞医药,2019-09-12 00:00:00,53.454340997,53.53767433,53.780729885,52.829340998,76.089,0.00281,17811822,970106267.0,0.6659332593057615,53.183507664
SH.600276,恒瑞医药,2019-09-16 00:00:00,54.093229885,54.343229884,54.836285439,53.468229886,77.212,0.00337,21384159,1184042936.0,1.5046517505311319,53.53767433
SH.600276,恒瑞医药,2019-09-17 00:00:00,54.232118773,53.836285441,54.773785439,53.690452108,76.505,0.00257,16298475,901908825.0,-0.9328566669337018,54.343229884
SH.600276,恒瑞医药,2019-09-18 00:00:00,53.815452108,54.377952106,54.579340995,53.593229886,77.26,0.00359,22780779,1258841125.0,1.0061367729272885,53.836285441
SH.600276,恒瑞医药,2019-09-19 00:00:00,54.621007661,54.607118773,55.461285437,54.141840996,77.579,0.00387,24534681,1368763062.0,0.4214330590333416,54.377952106
SH.600276,恒瑞医药,2019-09-20 00:00:00,54.607118773,55.551563215,56.898785434,54.509896551,78.896,0.00594,37700352,2154121094.0,1.7295262288530966,54.607118773
SH.600276,恒瑞医药,2019-09-23 00:00:00,55.926563214,55.273785438,55.926563214,54.912674327,78.509,0.0038,24085012,1358101517.0,-0.5000359322471756,55.551563215
SH.600276,恒瑞医药,2019-09-24 00:00:00,55.204340994,56.246007658,56.857118768,55.030729883,79.864,0.00494,31317366,1792244895.0,1.7589210007889495,55.273785438
SH.600276,恒瑞医药,2019-09-25 00:00:00,55.996007659,56.475174324,57.134896545,55.60711877,80.183,0.00385,24394667,1400599942.0,0.4074363240026382,56.246007658
SH.600276,恒瑞医药,2019-09-26 00:00:00,56.940452101,55.419618771,57.169618767,55.24600766,78.712,0.0034,21576985,1232291888.0,-1.869061168265262,56.475174324
SH.600276,恒瑞医药,2019-09-27 00:00:00,55.482118771,55.239063216,55.898785437,54.968229883,78.46,0.00284,18008085,1014729226.0,-0.32579717977866396,55.419618771
SH.600276,恒瑞医药,2019-09-30 00:00:00,55.065452105,54.982118772,56.176563214,54.891840994,78.102,0.0028,17766990,1004395888.0,-0.4651498940075697,55.239063216
SH.600276,恒瑞医药,2019-10-08 00:00:00,54.593229884,54.752952106,55.655729881,54.593229884,77.783,0.0037,23470574,1314598542.0,-0.4168021733580449,54.982118772
SH.600276,恒瑞医药,2019-10-09 00:00:00,54.752952106,53.60017433,54.75989655,52.822396554,76.176,0.00508,32245583,1755019282.0,-2.1054166609469003,54.752952106
SH.600276,恒瑞医药,2019-10-10 00:00:00,53.66267433,56.59322988,56.850174323,53.607118775,80.348,0.00598,37954009,2143745265.0,5.584040700264642,53.60017433
SH.600276,恒瑞医药,2019-10-11 00:00:00,57.218229878,56.864063212,57.496007655,56.329340991,80.726,0.00345,21869496,1263936437.0,0.47856136250620224,56.59322988
SH.600276,恒瑞医药,2019-10-14 00:00:00,57.162674323,56.982118768,57.912674321,56.371007658,80.89,0.00439,27852903,1618096010.0,0.20761013077779572,56.864063212
SH.600276,恒瑞医药,2019-10-15 00:00:00,57.405729878,58.155729876,58.641840986,57.107118767,82.526,0.00352,22315085,1315074838.0,2.0596129687249873,56.982118768
SH.600276,恒瑞医药,2019-10-16 00:00:00,58.398785431,58.655729875,58.912674319,57.461285433,83.223,0.00326,20669081,1227676723.0,0.8597605086654392,58.155729876
SH.600276,恒瑞医药,2019-10-17 00:00:00,58.843229875,58.53767432,59.273785429,57.704340988,83.059,0.00287,18219690,1079264631.0,-0.20126858066822065,58.655729875
SH.600276,恒瑞医药,2019-10-18 00:00:00,58.53767432,57.475174322,58.593229875,57.051563212,81.577,0.00354,22473050,1320389345.0,-1.8150703975558964,58.53767432
SH.600276,恒瑞医药,2019-10-21 00:00:00,57.468229878,56.322396547,57.773785433,55.759896548,79.97,0.00452,28677412,1648115020.0,-2.0056968745177874,57.475174322
SH.600276,恒瑞医药,2019-10-22 00:00:00,56.871007657,57.072396545,57.162674323,56.266840991,81.016,0.00231,14627377,845994622.0,1.3316194693067414,56.322396547
SH.600276,恒瑞医药,2019-10-23 00:00:00,56.940452101,56.440452102,57.579340989,56.287674325,80.135,0.00261,16553908,957241084.0,-1.1072681037701373,57.072396545
SH.600276,恒瑞医药,2019-10-24 00:00:00,56.732118768,56.391840991,56.926563212,55.655729881,80.067,0.00275,17449727,995053519.0,-0.08612813893153956,56.440452102
SH.600276,恒瑞医药,2019-10-25 00:00:00,58.05156321,59.746007651,59.766840984,58.030729877,79.221,0.00952,60386999,3619006700.0,5.947964459141019,56.391840991
SH.600276,恒瑞医药,2019-10-28 00:00:00,59.627952095,62.204340979,62.25295209,59.516840985,82.425,0.00572,36271611,2259617357.0,4.114640332723312,59.746007651
SH.600276,恒瑞医药,2019-10-29 00:00:00,62.00295209,61.982118757,62.537674312,61.586285425,82.135,0.00318,20156070,1272517276.0,-0.3572455209758122,62.204340979
SH.600276,恒瑞医药,2019-10-30 00:00:00,62.655729867,61.57934098,62.669618756,61.141840981,81.61,0.00326,20699192,1297919799.0,-0.6498289911306335,61.982118757
SH.600276,恒瑞医药,2019-10-31 00:00:00,62.148785424,62.06545209,63.301563199,61.371007647,82.244,0.00384,24369786,1540013972.0,0.7894061584028389,61.57934098
SH.600276,恒瑞医药,2019-11-01 00:00:00,61.954340979,63.190452088,63.190452088,61.76684098,83.71,0.00398,25250060,1606097979.0,1.812602599540655,62.06545209
SH.600276,恒瑞医药,2019-11-04 00:00:00,63.190452088,62.982118755,63.53767431,62.530729867,83.438,0.0039,24715431,1580146779.0,-0.3296911576291155,63.190452088
SH.600276,恒瑞医药,2019-11-05 00:00:00,62.843229867,62.357118756,62.954340977,61.787674313,82.624,0.00401,25411705,1611074098.0,-0.9923451470904766,62.982118755
SH.600276,恒瑞医药,2019-11-06 00:00:00,62.391840979,62.280729868,62.773785422,61.801563202,82.524,0.00289,18343163,1160834508.0,-0.12250227323507733,62.357118756
SH.600276,恒瑞医药,2019-11-07 00:00:00,62.489063201,61.857118757,62.752952089,61.739063202,81.972,0.00344,21815501,1379075725.0,-0.6801640120432373,62.280729868
SH.600276,恒瑞医药,2019-11-08 00:00:00,62.496007645,62.357118756,63.482118754,62.06545209,82.624,0.0037,23440474,1493203887.0,0.8083144010703123,61.857118757
SH.600276,恒瑞医药,2019-11-11 00:00:00,62.016840979,60.676563204,62.016840979,60.065452095,80.434,0.00593,37584542,2327508204.0,-2.6950500368304753,62.357118756
SH.600276,恒瑞医药,2019-11-12 00:00:00,61.072396537,61.225174314,61.391840981,60.127952094,81.149,0.00361,22919892,1417002287.0,0.9041565326558193,60.676563204
SH.600276,恒瑞医药,2019-11-13 00:00:00,61.162674314,62.419618756,62.843229867,60.315452094,82.705,0.00477,30218991,1899056795.0,1.9509041099240638,61.225174314
SH.600276,恒瑞医药,2019-11-14 00:00:00,62.843229867,64.461285419,64.919618751,62.843229867,85.366,0.00571,36186721,2368093256.0,3.2708733306765922,62.419618756
SH.600276,恒瑞医药,2019-11-15 00:00:00,64.301563197,63.329340977,64.68350764,63.322396532,83.891,0.00323,20463435,1327257245.0,-1.756006624196737,64.461285419
SH.600276,恒瑞医药,2019-11-18 00:00:00,64.02378542,63.468229865,64.127952086,63.051563199,84.072,0.00246,15625513,1007938283.0,0.21931206903043338,63.329340977
SH.600276,恒瑞医药,2019-11-19 00:00:00,63.468229865,65.364063195,65.364063195,63.329340977,86.542,0.00455,28840792,1893704403.0,2.9870587757568337,63.468229865
SH.600276,恒瑞医药,2019-11-20 00:00:00,64.940452084,64.926563196,65.947396527,64.586285418,85.972,0.00347,22020454,1457346206.0,-0.669328033807823,65.364063195
SH.600276,恒瑞医药,2019-11-21 00:00:00,64.926563196,63.259896532,64.926563196,62.704340978,83.8,0.00544,34471108,2219509074.0,-2.5670027519686807,64.926563196
SH.600276,恒瑞医药,2019-11-22 00:00:00,63.53767431,60.746007649,63.989063197,60.086285428,80.524,0.00756,47911809,3000208886.0,-3.9739060934574084,63.259896532
SH.600276,恒瑞医药,2019-11-25 00:00:00,60.759896538,60.148785428,61.100174315,59.079340985,79.746,0.00514,32574134,1985651293.0,-0.9831464554030395,60.746007649
SH.600276,恒瑞医药,2019-11-26 00:00:00,60.676563204,60.690452093,61.523785425,60.190452094,80.452,0.00465,29491102,1822588353.0,0.9005446429976434,60.148785428
SH.600276,恒瑞医药,2019-11-27 00:00:00,60.697396538,61.211285425,61.627952091,60.190452094,81.131,0.00276,17471851,1083920166.0,0.8581800168532191,60.690452093
SH.600276,恒瑞医药,2019-11-28 00:00:00,61.21822987,61.232118759,61.551563203,60.614063204,81.158,0.00215,13614278,845613348.0,0.03403511926820874,61.211285425
SH.600276,恒瑞医药,2019-11-29 00:00:00,60.759896538,58.607118764,60.759896538,57.093229878,77.737,0.00996,63188082,3766386330.0,-4.2869658084698825,61.232118759
SH.600276,恒瑞医药,2019-12-02 00:00:00,56.648785435,57.100174323,58.322396543,56.621007657,75.773,0.00613,38845772,2269166553.0,-2.5712651854942528,58.607118764
SH.600276,恒瑞医药,2019-12-03 00:00:00,56.926563212,57.669618766,57.829340988,55.544618771,76.515,0.0067,42497903,2450531380.0,0.997272687433161,57.100174323
SH.600276,恒瑞医药,2019-12-04 00:00:00,57.634896544,58.433507653,58.843229875,57.127952101,77.511,0.00467,29622062,1756211192.0,1.3245950005314802,57.669618766
SH.600276,恒瑞医药,2019-12-05 00:00:00,58.669618764,58.614063209,59.565452096,58.489063209,77.746,0.00378,23964801,1436901064.0,0.30899318430823625,58.433507653
SH.600276,恒瑞医药,2019-12-06 00:00:00,58.968229875,59.440452096,59.461285429,58.433507653,78.823,0.00294,18657113,1121859506.0,1.4098815911351303,58.614063209
SH.600276,恒瑞医药,2019-12-09 00:00:00,59.648785429,57.023785434,59.648785429,56.579340991,75.674,0.00769,48758065,2847501444.0,-4.065693608953274,59.440452096
SH.600276,恒瑞医药,2019-12-10 00:00:00,56.59322988,57.634896544,57.704340988,56.509896546,76.47,0.00434,27518454,1608843713.0,1.0716775558636145,57.023785434
SH.600276,恒瑞医药,2019-12-11 00:00:00,58.17656321,57.982118766,58.259896543,57.364063211,76.923,0.00284,18022763,1062644168.0,0.6024513668293316,57.634896544
SH.600276,恒瑞医药,2019-12-12 00:00:00,58.565452098,58.05156321,58.565452098,57.496007655,77.013,0.00286,18158304,1073462612.0,0.1197687243549295,57.982118766
SH.600276,恒瑞医药,2019-12-13 00:00:00,58.391840987,59.266840985,59.371007652,58.058507654,78.597,0.0048,30423679,1820039266.0,2.0934453919936122,58.05156321
SH.600276,恒瑞医药,2019-12-16 00:00:00,59.176563207,58.155729876,59.225174318,57.773785433,77.149,0.00544,34486600,2040908636.0,-1.8747601365849977,59.266840985
SH.600276,恒瑞医药,2019-12-17 00:00:00,58.134896543,58.704340986,59.058507652,57.329340989,77.864,0.00495,31401133,1864597770.0,0.943348335872919,58.155729876
SH.600276,恒瑞医药,2019-12-18 00:00:00,58.676563209,57.808507655,58.676563209,57.516840989,76.696,0.00528,33456104,1970320759.0,-1.5260086664010757,58.704340986
SH.600276,恒瑞医药,2019-12-19 00:00:00,58.093229876,57.884896543,58.093229876,57.426563211,76.796,0.00292,18492445,1087802709.0,0.13214125584402076,57.808507655
SH.600276,恒瑞医药,2019-12-20 00:00:00,58.121007654,57.912674321,58.155729876,57.496007655,76.832,0.00262,16609249,978635994.0,0.047987954818851375,57.884896543
SH.600276,恒瑞医药,2019-12-23 00:00:00,57.919618766,58.141840987,58.621007653,57.600174322,77.131,0.00395,25061963,1484263548.0,0.3957107294506436,57.912674321
SH.600276,恒瑞医药,2019-12-24 00:00:00,57.905729877,57.634896544,58.280729876,57.614063211,76.47,0.00223,14152744,834170918.0,-0.8719098576760755,58.141840987
SH.600276,恒瑞医药,2019-12-25 00:00:00,57.357118767,56.857118768,57.398785433,55.898785437,75.457,0.00387,24572894,1416283775.0,-1.3494910594768303,57.634896544
SH.600276,恒瑞医药,2019-12-26 00:00:00,56.940452101,57.551563211,57.787674321,56.871007657,76.361,0.00212,13453053,787103347.0,1.2213852162182464,56.857118768
SH.600276,恒瑞医药,2019-12-27 00:00:00,57.287674323,57.551563211,58.037674321,57.280729878,76.361,0.00324,20550875,1207783000.0,0.0,57.551563211
SH.600276,恒瑞医药,2019-12-30 00:00:00,57.496007655,58.329340987,58.384896542,56.759896546,77.375,0.00411,26041919,1536935523.0,1.3514450913321876,57.551563211
SH.600276,恒瑞医药,2019-12-31 00:00:00,58.169618765,59.732118762,60.190452094,58.169618765,79.203,0.00501,31794212,1927149667.0,2.404926493705179,58.329340987
SH.600276,恒瑞医药,2020-01-02 00:00:00,60.065452095,59.843229873,60.134896539,59.266840985,79.348,0.00479,30356627,1843430819.0,0.18601568687478998,59.732118762
SH.600276,恒瑞医药,2020-01-03 00:00:00,60.079340983,58.641840986,60.204340983,58.468229876,77.782,0.00495,31417601,1888231586.0,-2.007560236219873,59.843229873
SH.600276,恒瑞医药,2020-01-06 00:00:00,58.364063209,57.350174322,58.47517432,56.975174323,76.099,0.00675,42818168,2508527265.0,-2.2026366196592746,58.641840986
SH.600276,恒瑞医药,2020-01-07 00:00:00,57.357118767,57.891840988,58.280729876,57.065452101,76.805,0.0043,27274921,1603978430.0,0.944490007926985,57.350174322
SH.600276,恒瑞医药,2020-01-08 00:00:00,57.308507656,57.759896544,57.871007655,57.287674323,76.633,0.00279,17718006,1038810518.0,-0.22791543980670478,57.891840988
SH.600276,恒瑞医药,2020-01-09 00:00:00,57.982118766,59.287674318,59.50989654,57.961285432,78.624,0.00591,37464756,2246442616.0,2.645049360218606,57.759896544
SH.600276,恒瑞医药,2020-01-10 00:00:00,59.648785429,59.718229873,60.412674316,59.440452096,79.185,0.00528,33489597,2041426812.0,0.726214276327718,59.287674318
SH.600276,恒瑞医药,2020-01-13 00:00:00,60.329340983,59.954340984,60.398785427,59.02378543,79.493,0.00488,30965333,1878457191.0,0.39537526732142964,59.718229873
SH.600276,恒瑞医药,2020-01-14 00:00:00,59.926563206,59.030729874,59.926563206,58.732118764,78.289,0.00487,30914098,1864841428.0,-1.5405241636239149,59.954340984
SH.600276,恒瑞医药,2020-01-15 00:00:00,59.127952096,59.32239654,60.030729872,58.718229875,78.669,0.00375,23754365,1436762675.0,0.49409293536189486,59.030729874
SH.600276,恒瑞医药,2020-01-16 00:00:00,59.815452095,58.982118763,59.891840984,58.398785431,78.226,0.0047,29825847,1785398548.0,-0.5736076032777168,59.32239654
SH.600276,恒瑞医药,2020-01-17 00:00:00,59.02378543,61.912674313,61.926563202,59.02378543,82.045,0.01195,75778728,4707819765.0,4.968549132281015,58.982118763
SH.600276,恒瑞医药,2020-01-20 00:00:00,63.384896532,61.523785425,63.871007642,60.815452093,81.538,0.00665,42267906,2653002810.0,-0.6281248424740401,61.912674313
SH.600276,恒瑞医药,2020-01-21 00:00:00,61.523785425,61.711285424,62.836285422,61.357118758,81.782,0.00452,28729352,1809663671.0,0.30476017966835545,61.523785425
SH.600276,恒瑞医药,2020-01-22 00:00:00,61.697396536,61.683507647,62.273785423,61.114063203,81.746,0.00368,23365784,1464485309.0,-0.045012475123717456,61.711285424
SH.600276,恒瑞医药,2020-01-23 00:00:00,61.468229869,60.05850765,61.871007646,59.50989654,79.628,0.00537,34130239,2099350021.0,-2.6344156793084523,61.683507647
SH.600276,恒瑞医药,2020-02-03 00:00:00,54.912674327,58.301563209,59.287674318,54.787674328,77.339,0.0093,59100491,3455638211.0,-2.9253881086071267,60.05850765
SH.600276,恒瑞医药,2020-02-04 00:00:00,58.28767432,59.197396541,60.12100765,56.912674323,78.506,0.00735,46703642,2781000930.0,1.5365511363539437,58.301563209
SH.600276,恒瑞医药,2020-02-05 00:00:00,59.371007652,60.697396538,60.739063204,58.877952097,80.461,0.00672,42733192,2594153242.0,2.533895212707706,59.197396541
SH.600276,恒瑞医药,2020-02-06 00:00:00,61.072396537,61.51684098,62.426563201,60.266840983,81.529,0.00699,44398771,2772379774.0,1.350048747950795,60.697396538
SH.600276,恒瑞医药,2020-02-07 00:00:00,61.801563202,61.211285425,61.871007646,59.954340984,81.131,0.00509,32353420,2000843763.0,-0.49670228531295757,61.51684098
SH.600276,恒瑞医药,2020-02-10 00:00:00,60.551563205,60.412674316,60.690452093,59.579340984,80.09,0.00375,23829727,1459245759.0,-1.304679526749212,61.211285425
SH.600276,恒瑞医药,2020-02-11 00:00:00,60.759896538,61.558507647,62.072396535,60.41961876,81.583,0.00519,33002988,2068042638.0,1.8966770532396882,60.412674316
SH.600276,恒瑞医药,2020-02-12 00:00:00,61.808507646,63.509896532,63.509896532,61.662674313,84.126,0.00566,35946787,2304729552.0,3.169974321323723,61.558507647
SH.600276,恒瑞医药,2020-02-13 00:00:00,63.683507643,62.461285423,63.982118753,62.329340979,82.76,0.0042,26671148,1705612843.0,-1.6510987519427744,63.509896532
SH.600276,恒瑞医药,2020-02-14 00:00:00,62.600174311,62.530729867,63.155729866,62.155729868,82.85,0.0034,21614868,1377251110.0,0.1111799789737068,62.461285423
SH.600276,恒瑞医药,2020-02-17 00:00:00,62.530729867,63.107118755,63.391840976,62.183507646,83.601,0.00368,23410067,1497322211.0,0.9217690073759841,62.530729867
SH.600276,恒瑞医药,2020-02-18 00:00:00,63.114063199,61.871007646,63.919618753,61.621007647,81.99,0.00516,32766503,2074194351.0,-1.9587506661474094,63.107118755
SH.600276,恒瑞医药,2020-02-19 00:00:00,61.725174313,61.232118759,62.079340979,61.03072987,81.158,0.00382,24265916,1515228293.0,-1.0326143234250442,61.871007646
SH.600276,恒瑞医药,2020-02-20 00:00:00,61.57934098,62.009896535,62.204340979,60.933507648,82.171,0.00363,23079676,1451548142.0,1.2702120909145929,61.232118759
SH.600276,恒瑞医药,2020-02-21 00:00:00,61.669618758,61.593229869,61.940452091,61.371007647,81.628,0.00438,27841993,1743549903.0,-0.6719357542627525,62.009896535
SH.600276,恒瑞医药,2020-02-24 00:00:00,61.433507647,60.329340983,61.489063203,59.752952095,79.981,0.00633,40249088,2473859353.0,-2.051993195823807,61.593229869
SH.600276,恒瑞医药,2020-02-25 00:00:00,59.627952095,60.280729872,61.447396536,59.50989654,79.918,0.00525,33385465,2056139171.0,-0.08057623406444561,60.329340983
SH.600276,恒瑞医药,2020-02-26 00:00:00,59.99600765,59.14878543,60.05850765,59.02378543,78.443,0.00521,33117891,2000880351.0,-1.8777882159084243,60.280729872
SH.600276,恒瑞医药,2020-02-27 00:00:00,59.371007652,59.516840985,60.065452095,58.884896541,78.923,0.00431,27363137,1655869339.0,0.6222537831069799,59.14878543
SH.600276,恒瑞医药,2020-02-28 00:00:00,58.676563209,57.350174322,59.079340985,57.051563212,76.099,0.00611,38821936,2290273511.0,-3.6404261838192395,59.516840985
SH.600276,恒瑞医药,2020-03-02 00:00:00,58.016840988,58.121007654,58.96128543,56.676563213,77.104,0.00612,38864393,2293961247.0,1.344081933686999,57.350174322
SH.600276,恒瑞医药,2020-03-03 00:00:00,58.857118764,60.301563205,60.933507648,58.857118764,79.945,0.00663,42109918,2585791390.0,3.7517511120609885,58.121007654
SH.600276,恒瑞医药,2020-03-04 00:00:00,60.065452095,59.926563206,60.141840983,58.954340986,79.457,0.00341,21676464,1316422943.0,-0.6218744242585568,60.301563205
SH.600276,恒瑞医药,2020-03-05 00:00:00,61.183507648,62.634896534,63.190452088,60.766840982,82.986,0.01001,63637279,4032311153.0,4.519420409093036,59.926563206
SH.600276,恒瑞医药,2020-03-06 00:00:00,62.843229867,63.016840977,64.093229864,62.634896534,83.484,0.00708,45011895,2902987358.0,0.6097949611725973,62.634896534
SH.600276,恒瑞医药,2020-03-09 00:00:00,61.489063203,60.683507649,62.357118756,60.614063204,80.443,0.00744,47261057,2951425664.0,-3.7027138965147843,63.016840977
SH.600276,恒瑞医药,2020-03-10 00:00:00,60.933507648,61.871007646,62.565452089,60.169618761,81.99,0.00596,37849633,2370345097.0,1.9568743518727234,60.683507649
SH.600276,恒瑞医药,2020-03-11 00:00:00,62.697396533,60.780729871,62.697396533,60.627952093,80.57,0.00363,23054749,1436872955.0,-1.762178791782602,61.871007646
SH.600276,恒瑞医药,2020-03-12 00:00:00,59.725174317,58.940452097,60.759896538,58.676563209,78.171,0.00568,36111533,2177872617.0,-3.027732272886119,60.780729871
SH.600276,恒瑞医药,2020-03-13 00:00:00,56.037674325,57.773785433,58.676563209,55.898785437,76.651,0.00792,50352667,2922931307.0,-1.9793989060008912,58.940452097
SH.600276,恒瑞医药,2020-03-16 00:00:00,57.982118766,55.933507659,58.468229876,55.586285437,74.253,0.00657,41751496,2414261469.0,-3.1853162471657015,57.773785433
SH.600276,恒瑞医药,2020-03-17 00:00:00,55.933507659,55.266840993,57.259896545,53.871007663,73.384,0.00618,39302596,2216055124.0,-1.1918913973075804,55.933507659
SH.600276,恒瑞医药,2020-03-18 00:00:00,55.343229882,54.926563216,57.468229878,54.711285439,72.941,0.00643,40881147,2335986719.0,-0.6156997050783186,55.266840993
SH.600276,恒瑞医药,2020-03-19 00:00:00,54.857118772,53.815452108,55.759896548,52.551563221,71.493,0.0073,46412766,2538661497.0,-2.022903023497985,54.926563216
SH.600276,恒瑞医药,2020-03-20 00:00:00,54.496007662,54.621007661,55.197396549,53.579340997,72.542,0.00564,35831842,1986863668.0,1.4968852280258869,53.815452108
SH.600276,恒瑞医药,2020-03-23 00:00:00,54.509896551,56.107118769,56.933507657,54.030729885,68.298,0.00941,59789908,3397352302.0,2.720768384983682,54.621007661
SH.600276,恒瑞医药,2020-03-24 00:00:00,56.621007657,58.440452098,58.676563209,56.509896546,71.087,0.00723,45936790,2710737795.0,4.158711728910234,56.107118769
SH.600276,恒瑞医药,2020-03-25 00:00:00,60.169618761,60.739063204,61.440452092,59.100174319,73.834,0.00722,45856291,2820988078.0,3.9332534631070395,58.440452098
SH.600276,恒瑞医药,2020-03-26 00:00:00,60.690452093,61.648785425,62.496007645,60.169618761,74.921,0.0072,45749312,2877001105.0,1.4977547775878317,60.739063204
SH.600276,恒瑞医药,2020-03-27 00:00:00,62.183507646,62.072396535,63.71128542,61.509896536,75.427,0.00645,40996596,2609107608.0,0.6871361813208067,61.648785425
SH.600276,恒瑞医药,2020-03-30 00:00:00,61.454340981,61.940452091,63.155729866,60.537674316,75.269,0.00582,36985887,2322353833.0,-0.21256540969158103,62.072396535
SH.600276,恒瑞医药,2020-03-31 00:00:00,62.266840979,62.8640632,62.968229866,61.454340981,76.373,0.00596,37878433,2400236989.0,1.4911274907116814,61.940452091
SH.600276,恒瑞医药,2020-04-01 00:00:00,62.412674312,61.454340981,62.489063201,60.898785426,74.688,0.00437,27798477,1744533553.0,-2.24249300353846,62.8640632
SH.600276,恒瑞医药,2020-04-02 00:00:00,61.489063203,62.7390632,62.836285422,61.190452092,76.224,0.00411,26119972,1648761214.0,2.0905312765410606,61.454340981
SH.600276,恒瑞医药,2020-04-03 00:00:00,62.704340978,64.044618753,64.926563196,62.516840978,77.784,0.00662,42062895,2735078003.0,2.080929306894716,62.7390632
SH.600276,恒瑞医药,2020-04-07 00:00:00,64.579340974,65.273785417,65.60711875,63.940452086,79.253,0.00539,34226500,2257928667.0,1.9192348833248811,64.044618753
SH.600276,恒瑞医药,2020-04-08 00:00:00,64.857118751,64.773785418,65.96822986,64.391840974,78.655,0.00365,23212595,1536416732.0,-0.7660042937693263,65.273785417
SH.600276,恒瑞医药,2020-04-09 00:00:00,64.780729862,66.169618748,66.871007636,64.544618752,80.323,0.00401,25499615,1710399981.0,2.1549355514617083,64.773785418
SH.600276,恒瑞医药,2020-04-10 00:00:00,66.162674304,65.766840972,68.176563189,65.551563194,79.842,0.00388,24634984,1670871609.0,-0.6087049972797098,66.169618748
SH.600276,恒瑞医药,2020-04-13 00:00:00,66.301563193,66.086285415,66.572396525,65.12100764,80.224,0.00211,13439412,900406333.0,0.4857226503185873,65.766840972
SH.600276,恒瑞医药,2020-04-14 00:00:00,66.81545208,67.350174302,67.384896524,65.676563194,81.734,0.00438,27857531,1889381723.0,1.9124828685152888,66.086285415
SH.600276,恒瑞医药,2020-04-15 00:00:00,67.36406319,66.614063192,68.086285411,66.232118748,80.854,0.00328,20831482,1415306445.0,-1.092960957605327,67.350174302
SH.600276,恒瑞医药,2020-04-16 00:00:00,65.739063194,66.600174303,66.954340969,65.287674306,80.838,0.00317,20137371,1358631624.0,-0.020849785067109352,66.614063192
SH.600276,恒瑞医药,2020-04-17 00:00:00,66.697396525,66.037674304,67.148785413,65.871007638,80.165,0.00334,21239344,1432127410.0,-0.8445923826578612,66.600174303
SH.600276,恒瑞医药,2020-04-20 00:00:00,66.037674304,66.107118749,66.662674303,65.627952083,80.248,0.00291,18510033,1242369641.0,0.10515882900464509,66.037674304
SH.600276,恒瑞医药,2020-04-21 00:00:00,66.315452082,65.134896528,66.32934097,64.405729863,79.087,0.00415,26381265,1741681263.0,-1.4706770456770246,66.107118749
SH.600276,恒瑞医药,2020-04-22 00:00:00,65.127952084,66.662674303,66.662674303,64.308507641,80.912,0.00402,25552870,1708014972.0,2.3455595332729935,65.134896528
SH.600276,恒瑞医药,2020-04-23 00:00:00,67.009896525,65.655729861,67.544618746,64.926563196,79.709,0.00439,27902270,1870197545.0,-1.5105071204061942,66.662674303
SH.600276,恒瑞医药,2020-04-24 00:00:00,65.60711875,65.12100764,65.614063194,64.579340974,79.07,0.00246,15625009,1032161869.0,-0.8144334426440131,65.655729861
SH.600276,恒瑞医药,2020-04-27 00:00:00,65.551563194,65.864063194,66.523785414,64.433507641,79.958,0.00417,26475808,1769049089.0,1.1410381702134151,65.12100764
SH.600276,恒瑞医药,2020-04-28 00:00:00,65.898785416,65.655729861,66.315452082,64.961285418,77.899,0.00501,31866017,2124684725.0,-0.3163080485732579,65.864063194
SH.600276,恒瑞医药,2020-04-29 00:00:00,65.315452084,63.808507642,65.621007639,62.600174311,75.742,0.00546,34708294,2258366953.0,-2.813497348838794,65.655729861
SH.600276,恒瑞医药,2020-04-30 00:00:00,63.815452087,63.53767431,64.648785418,63.148785421,75.425,0.00445,28295634,1838839151.0,-0.4244470557429782,63.808507642
SH.600276,恒瑞医药,2020-05-06 00:00:00,63.197396532,65.912674305,65.912674305,62.912674311,78.199,0.00589,37441977,2455778612.0,3.7379397669048804,63.53767431
SH.600276,恒瑞医药,2020-05-07 00:00:00,66.002952082,66.037674304,66.544618748,65.343229861,78.345,0.00282,17940384,1201384790.0,0.1896448601396353,65.912674305
SH.600276,恒瑞医药,2020-05-08 00:00:00,66.287674304,66.350174304,67.48906319,65.919618749,78.71,0.00379,24094203,1633145984.0,0.4732147267352681,66.037674304
SH.600276,恒瑞医药,2020-05-11 00:00:00,66.107118749,64.009896531,66.162674304,63.808507642,75.977,0.00746,47432122,3102541443.0,-3.5271614544333225,66.350174304
SH.600276,恒瑞医药,2020-05-12 00:00:00,64.009896531,65.23211875,65.29461875,63.89878542,77.404,0.00414,26331304,1732154239.0,1.9094269562021247,64.009896531
SH.600276,恒瑞医药,2020-05-13 00:00:00,65.23211875,65.412674306,66.315452082,64.301563197,77.615,0.0051,32388492,2144887797.0,0.2767893477321732,65.23211875
SH.600276,恒瑞医药,2020-05-14 00:00:00,65.246007639,66.45434097,67.009896525,64.718229863,78.832,0.00504,32056817,2155706452.0,1.5924538708310498,65.412674306
SH.600276,恒瑞医药,2020-05-15 00:00:00,66.871007636,64.80850764,67.114063191,64.586285418,76.909,0.00575,36527126,2426297766.0,-2.476637802702751,66.45434097
SH.600276,恒瑞医药,2020-05-18 00:00:00,64.891840973,66.45434097,67.148785413,64.301563197,78.832,0.00682,43367502,2909787600.0,2.5395328328532427,64.80850764
SH.600276,恒瑞医药,2020-05-19 00:00:00,67.704340968,66.968229858,68.377952077,66.530729859,79.432,0.0042,26690166,1822548174.0,0.7732961917897667,66.45434097
SH.600276,恒瑞医药,2020-05-20 00:00:00,67.371007635,66.94045208,68.377952077,66.419618748,79.399,0.00438,27827363,1903175329.0,-0.04147903873060561,66.968229858
SH.600276,恒瑞医药,2020-05-21 00:00:00,67.218229857,68.218229855,69.093229854,67.030729858,80.892,0.00613,38980628,2696444112.0,1.9088275255042229,66.94045208
SH.600276,恒瑞医药,2020-05-22 00:00:00,68.239063189,65.537674305,68.315452077,65.190452084,77.761,0.00645,40964810,2753874329.0,-3.929383033974369,68.218229855
SH.600276,恒瑞医药,2020-05-25 00:00:00,66.280729972,66.572396639,67.222396639,65.822396639,78.821,0.00376,23924206,1612062894.0,1.578820647776736,65.537674305
SH.600276,恒瑞医药,2020-05-26 00:00:00,66.322396639,67.030729972,67.364063305,65.997396639,79.357,0.00399,25364520,1715356622.0,0.6884735357889971,66.572396639
SH.600276,恒瑞医药,2020-05-27 00:00:00,66.722396639,65.672396639,66.722396639,64.455729973,77.77,0.00588,37373054,2473825775.0,-2.0264337469805356,67.030729972
SH.600276,恒瑞医药,2020-05-28 00:00:00,65.539063306,64.530729973,65.722396639,63.555729973,76.436,0.00438,27830020,1821259569.0,-1.738426986722768,65.672396639
SH.600276,恒瑞医药,2020-05-29 00:00:00,64.19739664,64.69739664,65.239063306,63.94739664,76.63,0.00327,20782761,1364918181.0,0.25827488247803987,64.530729973
SH.600276,恒瑞医药,2020-06-01 00:00:00,65.614063306,65.964063306,66.447396639,65.439063306,78.111,0.00494,31378082,2101270422.0,1.9578325122542464,64.69739664
SH.600276,恒瑞医药,2020-06-02 00:00:00,66.005729972,66.114063306,66.280729972,65.389063306,78.286,0.00333,21131182,1410531585.0,0.2273965436364529,65.964063306
SH.600276,恒瑞医药,2020-06-03 00:00:00,66.330729972,65.922396639,66.439063306,65.697396639,78.062,0.00396,25144525,1681758206.0,-0.2899030212572228,66.114063306
SH.600276,恒瑞医药,2020-06-04 00:00:00,66.264063306,66.780729972,66.830729972,65.705729973,79.065,0.00396,25175750,1692441924.0,1.3020359949902223,65.922396639
SH.600276,恒瑞医药,2020-06-05 00:00:00,66.780729972,67.697396638,67.714063305,66.130729972,80.136,0.00351,22294717,1515416333.0,1.3726514615583567,66.780729972
SH.600276,恒瑞医药,2020-06-08 00:00:00,67.880729972,66.030729972,68.022396638,65.514063306,78.188,0.00624,39645958,2666552970.0,-2.461936128670067,67.697396638
SH.600276,恒瑞医药,2020-06-09 00:00:00,66.030729972,68.255729972,68.280729972,66.030729972,80.788,0.00666,42323982,2896055339.0,3.3696431963473583,66.030729972
SH.600276,恒瑞医药,2020-06-10 00:00:00,68.289063305,69.564063304,70.364063304,67.897396638,82.317,0.00603,38294984,2688996821.0,1.9168109879371458,68.255729972
SH.600276,恒瑞医药,2020-06-11 00:00:00,69.405729971,69.497396638,70.247396637,68.764063305,82.239,0.00418,26541434,1868953181.0,-0.09583492227684444,69.564063304
SH.600276,恒瑞医药,2020-06-12 00:00:00,68.372396638,70.647396637,70.655729971,68.372396638,83.583,0.00442,28075012,1985845994.0,1.654738241477094,69.497396638
SH.600276,恒瑞医药,2020-06-15 00:00:00,70.030729971,69.314063304,71.28072997,69.180729971,82.025,0.00481,30573825,2163193926.0,-1.8873071004313484,70.647396637
SH.600276,恒瑞医药,2020-06-16 00:00:00,70.030729971,71.73072997,72.122396637,69.597396638,84.849,0.00518,32914338,2370702141.0,3.4865459486928327,69.314063304
SH.600276,恒瑞医药,2020-06-17 00:00:00,71.864063303,73.822396636,74.155729969,71.739063303,87.293,0.00626,39752881,2947855892.0,2.9159980204785234,71.73072997
SH.600276,恒瑞医药,2020-06-18 00:00:00,73.780729969,73.530729969,74.080729969,72.097396637,86.952,0.00406,25785168,1906117604.0,-0.39509238427752935,73.822396636
SH.600276,恒瑞医药,2020-06-19 00:00:00,73.697396636,76.597396635,76.880729968,73.530729969,90.535,0.00632,40138203,3084702033.0,4.170591897146774,73.530729969
SH.600276,恒瑞医药,2020-06-22 00:00:00,76.530729968,76.805729968,78.622396634,75.947396635,90.778,0.00553,35133337,2742046491.0,0.27198487435903806,76.597396635
SH.600276,恒瑞医药,2020-06-23 00:00:00,76.005729968,77.864063301,77.864063301,75.780729969,92.015,0.00481,30543672,2382353716.0,1.3779353876865004,76.805729968
SH.600276,恒瑞医药,2020-06-24 00:00:00,77.447396635,76.572396635,77.780729968,75.805729968,90.506,0.00587,37309509,2883479437.0,-1.6588739544798565,77.864063301
SH.600276,恒瑞医药,2020-06-29 00:00:00,76.114063302,75.972396635,76.980729968,75.280729969,89.805,0.00512,32556684,2496861137.0,-0.7835721831459017,76.572396635
SH.600276,恒瑞医药,2020-06-30 00:00:00,76.514063302,76.030729968,77.114063301,75.572396635,89.873,0.00487,30920259,2381145837.0,0.07678227301458268,75.972396635
SH.600276,恒瑞医药,2020-07-01 00:00:00,76.114063302,74.989063302,76.247396635,73.539063303,88.656,0.00794,50481655,3806871755.0,-1.3700600618176582,76.030729968
SH.600276,恒瑞医药,2020-07-02 00:00:00,74.930729969,75.114063302,75.572396635,74.114063303,88.802,0.00652,41432545,3133501054.0,0.16669097398455723,74.989063302
SH.600276,恒瑞医药,2020-07-03 00:00:00,75.214063302,75.680729969,75.780729969,74.530729969,89.464,0.00565,35892898,2732248764.0,0.7544082187668105,75.114063302
SH.600276,恒瑞医药,2020-07-06 00:00:00,75.780729969,76.722396635,76.947396635,75.072396635,90.681,0.00938,59583373,4586141609.0,1.3763961664041564,75.680729969
SH.600276,恒瑞医药,2020-07-07 00:00:00,77.005729968,80.1890633,80.9640633,76.572396635,94.732,0.00897,56993306,4572860843.0,4.518454606537339,76.722396635
SH.600276,恒瑞医药,2020-07-08 00:00:00,80.755729967,79.997396633,82.247396633,79.1640633,94.508,0.00677,43045249,3498289572.0,-0.239018463506615,80.1890633
SH.600276,恒瑞医药,2020-07-09 00:00:00,80.030729967,81.205729966,81.797396633,79.622396634,95.92,0.00534,33920956,2775336379.0,1.5104658199608954,79.997396633
SH.600276,恒瑞医药,2020-07-10 00:00:00,81.280729966,81.905729966,82.789063299,80.822396633,96.738,0.00555,35277130,2930401054.0,0.8620081369788454,81.205729966
SH.600276,恒瑞医药,2020-07-13 00:00:00,82.097396633,82.297396633,83.180729966,81.655729966,97.195,0.00611,38845809,3235758046.0,0.4781920229055953,81.905729966
SH.600276,恒瑞医药,2020-07-14 00:00:00,82.280729966,81.1390633,82.280729966,79.947396634,95.842,0.00627,39871552,3260726004.0,-1.407496932333735,82.297396633
SH.600276,恒瑞医药,2020-07-15 00:00:00,82.364063299,84.939063298,86.614063298,81.664063299,100.282,0.00904,57467941,4911463744.0,4.683317558091639,81.1390633
SH.600276,恒瑞医药,2020-07-16 00:00:00,85.197396631,79.405729967,85.914063298,79.330729967,93.816,0.00898,57068935,4706824226.0,-6.51447416083088,84.939063298
SH.600276,恒瑞医药,2020-07-17 00:00:00,79.039063301,79.3890633,80.680729967,78.280729968,93.797,0.00692,43995782,3529785170.0,-0.020989249776964435,79.405729967
SH.600276,恒瑞医药,2020-07-20 00:00:00,79.497396634,79.522396634,80.430729967,77.630729968,93.953,0.00484,30763365,2454392145.0,0.16794924698399807,79.3890633
SH.600276,恒瑞医药,2020-07-21 00:00:00,80.280729967,81.864063299,82.430729966,79.5140633,96.689,0.00612,38902628,3203921896.0,2.9446630938167746,79.522396634
SH.600276,恒瑞医药,2020-07-22 00:00:00,81.605729966,81.922396633,83.330729965,80.3390633,96.757,0.00569,36153130,3007068768.0,0.07125633843381864,81.864063299
SH.600276,恒瑞医药,2020-07-23 00:00:00,81.455729966,81.922396633,83.180729966,80.780729967,96.757,0.00653,41466762,3430336196.0,0.0,81.922396633
SH.600276,恒瑞医药,2020-07-24 00:00:00,80.872396633,78.105729968,81.4390633,77.447396635,92.297,0.00839,53299224,4253626821.0,-4.65888062589049,81.922396633
SH.600276,恒瑞医药,2020-07-27 00:00:00,78.097396634,78.605729967,79.9140633,77.855729968,92.882,0.00472,29979493,2383712809.0,0.640157897768636,78.105729968
SH.600276,恒瑞医药,2020-07-28 00:00:00,78.614063301,77.947396634,79.2890633,77.614063301,92.112,0.00539,34224288,2708493907.0,-0.8375131600156642,78.605729967
SH.600276,恒瑞医药,2020-07-29 00:00:00,77.647396634,78.989063301,79.430729967,77.447396635,93.33,0.00502,31924407,2540596895.0,1.336371337571568,77.947396634
SH.600276,恒瑞医药,2020-07-30 00:00:00,78.997396634,78.255729968,79.355729967,77.955729968,92.473,0.00516,32759574,2602558977.0,-0.9283985685531234,78.989063301
SH.600276,恒瑞医药,2020-07-31 00:00:00,78.172396634,77.764063301,78.680729967,75.647396635,91.898,0.01058,67204100,5254218157.0,-0.6282820020988295,78.255729968
SH.600276,恒瑞医药,2020-08-03 00:00:00,76.364063302,76.780729968,77.230729968,75.364063302,88.677,0.01208,76797411,5931855419.0,-1.2645086833925063,77.764063301
SH.600276,恒瑞医药,2020-08-04 00:00:00,77.030729968,77.430729968,78.964063301,76.989063301,89.419,0.00769,48886208,3857608926.0,0.8465665802746245,76.780729968
SH.600276,恒瑞医药,2020-08-05 00:00:00,77.355729968,76.439063302,77.539063301,76.105729968,88.287,0.00723,45973795,3559444304.0,-1.2807146031166556,77.430729968
SH.600276,恒瑞医药,2020-08-06 00:00:00,76.622396635,74.947396636,76.855729968,74.539063302,86.584,0.00902,57299644,4363187157.0,-1.9514455064770158,76.439063302
SH.600276,恒瑞医药,2020-08-07 00:00:00,75.197396635,75.114063302,75.755729969,73.714063303,86.774,0.00623,39585951,2987964692.0,0.22237819254679173,74.947396636
SH.600276,恒瑞医药,2020-08-10 00:00:00,75.214063302,74.772396636,75.439063302,73.889063303,86.384,0.00544,34552737,2612249558.0,-0.4548637778072534,75.114063302
SH.600276,恒瑞医药,2020-08-11 00:00:00,75.339063302,75.597396635,76.714063301,75.114063302,87.326,0.00663,42101128,3240241662.0,1.103348342592504,74.772396636
SH.600276,恒瑞医药,2020-08-12 00:00:00,75.597396635,74.122396636,75.922396635,73.28072997,85.642,0.00667,42400647,3175711819.0,-1.9511253887770745,75.597396635
SH.600276,恒瑞医药,2020-08-13 00:00:00,74.889063302,73.18072997,74.889063302,73.114063303,84.567,0.00498,31662974,2357707889.0,-1.2704212339818646,74.122396636
SH.600276,恒瑞医药,2020-08-14 00:00:00,73.264063303,73.697396636,73.947396636,72.422396637,85.156,0.00458,29085006,2154357300.0,0.7060146382958961,73.18072997
SH.600276,恒瑞医药,2020-08-17 00:00:00,74.097396636,74.864063302,75.355729969,73.430729969,86.489,0.00649,41241214,3104127440.0,1.583050038744671,73.697396636
SH.600276,恒瑞医药,2020-08-18 00:00:00,75.114063302,76.947396635,77.997396634,75.114063302,88.867,0.00848,53914881,4198792292.0,2.782821611746984,74.864063302
SH.600276,恒瑞医药,2020-08-19 00:00:00,77.280729968,76.389063302,78.164063301,76.214063302,88.23,0.00619,39324471,3077103786.0,-0.7256039286793049,76.947396635
SH.600276,恒瑞医药,2020-08-20 00:00:00,76.389063302,75.530729969,76.897396635,75.114063302,87.25,0.00384,24373701,1869239761.0,-1.1236337976898816,76.389063302
SH.600276,恒瑞医药,2020-08-21 00:00:00,76.689063301,75.614063302,77.155729968,74.780729969,87.345,0.00388,24680268,1892059476.0,0.11033036888985608,75.530729969
SH.600276,恒瑞医药,2020-08-24 00:00:00,76.597396635,76.130729968,76.614063302,75.489063302,87.935,0.00335,21291998,1641506974.0,0.6832944077300049,75.614063302
SH.600276,恒瑞医药,2020-08-25 00:00:00,76.605729968,77.439063301,77.989063301,76.447396635,89.429,0.00472,29975067,2347765539.0,1.718535121822605,76.130729968
SH.600276,恒瑞医药,2020-08-26 00:00:00,77.472396634,77.930729968,79.064063301,77.197396635,89.99,0.00507,32246755,2551454995.0,0.6349078178914913,77.439063301
SH.600276,恒瑞医药,2020-08-27 00:00:00,77.930729968,77.539063301,78.180729968,76.272396635,89.543,0.00402,25571953,1994485346.0,-0.5025830852101888,77.930729968
SH.600276,恒瑞医药,2020-08-28 00:00:00,76.864063301,78.605729967,78.697396634,76.539063302,90.761,0.00532,33785772,2663680871.0,1.3756506986153478,77.539063301
SH.600276,恒瑞医药,2020-08-31 00:00:00,78.947396634,78.172396634,79.572396634,78.039063301,90.266,0.00515,32758345,2617730528.0,-0.5512744849286788,78.605729967
SH.600276,恒瑞医药,2020-09-01 00:00:00,77.855729968,77.439063301,78.739063301,76.897396635,89.429,0.00396,25160320,1973872645.0,-0.9380975441157667,78.172396634
SH.600276,恒瑞医药,2020-09-02 00:00:00,78.280729968,78.030729968,78.280729968,76.289063302,90.104,0.00516,32808871,2571096454.0,0.7640416112734126,77.439063301
SH.600276,恒瑞医药,2020-09-03 00:00:00,78.030729968,78.280729968,79.014063301,77.347396635,90.39,0.00372,23628975,1871630212.0,0.3203865965402652,78.030729968
SH.600276,恒瑞医药,2020-09-04 00:00:00,77.347396635,77.039063301,77.697396634,76.089063302,88.972,0.00481,30535742,2370058028.0,-1.5861715488697907,78.280729968
SH.600276,恒瑞医药,2020-09-07 00:00:00,76.614063302,75.447396635,77.272396635,75.364063302,87.155,0.00442,28075869,2161112125.0,-2.0660514261202527,77.039063301
SH.600276,恒瑞医药,2020-09-08 00:00:00,75.464063302,76.055729968,76.522396635,75.114063302,87.849,0.00387,24621100,1891551098.0,0.8063012908755354,75.447396635
SH.600276,恒瑞医药,2020-09-09 00:00:00,75.397396635,74.364063302,75.839063302,73.697396636,85.918,0.00398,25296343,1913411105.0,-2.2242461767334927,76.055729968
SH.600276,恒瑞医药,2020-09-10 00:00:00,75.364063302,74.730729969,75.747396635,74.372396636,86.336,0.00307,19517811,1482657248.0,0.49306970426147817,74.364063302
SH.600276,恒瑞医药,2020-09-11 00:00:00,73.780729969,75.622396635,75.997396635,73.780729969,87.354,0.00346,22006780,1671006199.0,1.1931726966535583,74.730729969
SH.600276,恒瑞医药,2020-09-14 00:00:00,75.864063302,75.247396635,76.097396635,75.214063302,86.926,0.00292,18578900,1422039462.0,-0.49588483926260585,75.622396635
SH.600276,恒瑞医药,2020-09-15 00:00:00,75.197396635,75.030729969,75.222396635,74.130729969,86.679,0.00281,17865757,1351095829.0,-0.2879390858543218,75.247396635
SH.600276,恒瑞医药,2020-09-16 00:00:00,75.280729969,73.897396636,75.697396635,73.780729969,85.385,0.00369,23420553,1759609151.0,-1.5104922122819047,75.030729969
SH.600276,恒瑞医药,2020-09-17 00:00:00,73.347396636,71.022396637,73.814063303,70.780729971,82.102,0.00799,50765414,3676808557.0,-3.8905294771905483,73.897396636
SH.600276,恒瑞医药,2020-09-18 00:00:00,71.114063304,73.264063303,73.264063303,70.964063304,84.662,0.00562,35726072,2604300144.0,3.156281359325709,71.022396637
SH.600276,恒瑞医药,2020-09-21 00:00:00,73.114063303,72.864063303,73.664063303,72.239063303,84.205,0.00318,20195775,1492692224.0,-0.5459702642286106,73.264063303
SH.600276,恒瑞医药,2020-09-22 00:00:00,72.447396637,73.530729969,74.197396636,72.439063303,84.966,0.00387,24592856,1833962325.0,0.9149457713162744,72.864063303
SH.600276,恒瑞医药,2020-09-23 00:00:00,73.655729969,73.980729969,74.530729969,73.15572997,85.48,0.00293,18623373,1395971894.0,0.6119890285186957,73.530729969
SH.600276,恒瑞医药,2020-09-24 00:00:00,73.739063303,72.33072997,73.739063303,71.864063303,83.596,0.00327,20763280,1524073590.0,-2.2303105142263373,73.980729969
SH.600276,恒瑞医药,2020-09-25 00:00:00,72.697396636,72.822396636,72.964063303,71.90572997,84.157,0.00266,16933530,1241797264.0,0.6797479663262418,72.33072997
SH.600276,恒瑞医药,2020-09-28 00:00:00,72.85572997,72.93072997,73.755729969,72.539063303,84.281,0.00275,17482189,1293975166.0,0.14876375813543766,72.822396636
SH.600276,恒瑞医药,2020-09-29 00:00:00,73.514063303,74.022396636,74.447396636,73.197396636,85.528,0.00336,21337735,1597437968.0,1.4968541607207977,72.93072997
SH.600276,恒瑞医药,2020-09-30 00:00:00,74.439063302,73.964063303,75.764063302,73.697396636,85.461,0.00442,28117914,2128600261.0,-0.07880497748113077,74.022396636
SH.600276,恒瑞医药,2020-10-09 00:00:00,75.780729969,75.739063302,76.147396635,74.822396636,87.488,0.0037,23491282,1796369484.0,2.399814071501947,73.964063303
SH.600276,恒瑞医药,2020-10-12 00:00:00,76.105729968,77.614063301,77.697396634,76.097396635,89.628,0.00465,29522422,2303160320.0,2.4756049484315237,75.739063302
SH.600276,恒瑞医药,2020-10-13 00:00:00,77.614063301,77.197396635,78.022396634,76.705729968,89.153,0.00353,22435629,1754510426.0,-0.536844288623437,77.614063301
SH.600276,恒瑞医药,2020-10-14 00:00:00,77.022396635,76.614063302,77.505729968,76.414063302,88.487,0.00398,25308040,1967489716.0,-0.7556386075531533,77.197396635
SH.600276,恒瑞医药,2020-10-15 00:00:00,76.614063302,76.747396635,77.155729968,76.247396635,88.639,0.00336,21364174,1658769730.0,0.1740324520766089,76.614063302
SH.600276,恒瑞医药,2020-10-16 00:00:00,77.414063301,76.697396635,77.614063301,75.880729968,88.582,0.00333,21180260,1643256678.0,-0.0651487896557459,76.747396635
SH.600276,恒瑞医药,2020-10-19 00:00:00,77.180729968,75.380729969,77.447396635,75.039063302,87.078,0.00391,24859120,1913343152.0,-1.7167032047593087,76.697396635
SH.600276,恒瑞医药,2020-10-20 00:00:00,75.272396635,74.955729969,75.380729969,73.830729969,82.511,0.00421,26756005,2021368413.0,-0.5638045693836827,75.380729969
SH.600276,恒瑞医药,2020-10-21 00:00:00,74.964063302,73.764063303,75.114063302,73.289063303,81.214,0.00544,34600315,2585180269.0,-1.5898273107244096,74.955729969
SH.600276,恒瑞医药,2020-10-22 00:00:00,73.730729969,73.747396636,73.747396636,72.864063303,81.196,0.00305,19383498,1438790907.0,-0.02259456197733306,73.764063303
SH.600276,恒瑞医药,2020-10-23 00:00:00,73.747396636,72.572396636,73.997396636,72.514063303,79.918,0.00276,17509482,1296443335.0,-1.5932765814087486,73.747396636
SH.600276,恒瑞医药,2020-10-26 00:00:00,72.53072997,73.430729969,73.730729969,72.114063303,80.852,0.00237,15051823,1114391281.0,1.1827270047386347,72.572396636
SH.600276,恒瑞医药,2020-10-27 00:00:00,73.414063303,73.472396636,73.905729969,72.70572997,81.265,0.00288,18289144,1360018209.0,0.05674282009397358,73.430729969
SH.600276,恒瑞医药,2020-10-28 00:00:00,73.472396636,75.247396635,75.780729969,72.872396636,83.205,0.00491,31231682,2360524352.0,2.4158732806740755,73.472396636
SH.600276,恒瑞医药,2020-10-29 00:00:00,74.689063302,74.980729969,75.780729969,73.947396636,82.914,0.0045,28622617,2170210899.0,-0.3543865674097897,75.247396635
SH.600276,恒瑞医药,2020-10-30 00:00:00,75.080729969,73.147396636,75.272396635,72.722396636,80.91,0.00573,36418923,2707793124.0,-2.445072665680864,74.980729969
SH.600276,恒瑞医药,2020-11-02 00:00:00,72.93072997,73.472396636,73.697396636,72.28072997,81.265,0.00404,25696380,1897108220.0,0.44430836222003267,73.147396636
SH.600276,恒瑞医药,2020-11-03 00:00:00,73.639063303,74.239063302,74.472396636,73.289063303,82.103,0.00371,23555967,1762618071.0,1.0434757828824586,73.472396636
SH.600276,恒瑞医药,2020-11-04 00:00:00,74.272396636,74.255729969,74.530729969,73.764063303,82.122,0.00264,16767064,1258240944.0,0.02244999634787489,74.239063302
SH.600276,恒瑞医药,2020-11-05 00:00:00,75.264063302,75.114063302,75.947396635,74.664063302,83.06,0.00342,21708708,1652154725.0,1.1559152854040196,74.255729969
SH.600276,恒瑞医药,2020-11-06 00:00:00,75.530729969,73.189063303,75.605729969,72.447396637,80.956,0.00604,38371428,2851289084.0,-2.562769093266124,75.114063302
SH.600276,恒瑞医药,2020-11-09 00:00:00,73.347396636,73.589063303,74.064063303,72.95572997,81.393,0.00595,37782387,2809943997.0,0.5465297435820712,73.189063303
SH.600276,恒瑞医药,2020-11-10 00:00:00,73.780729969,72.40572997,73.980729969,72.172396637,80.1,0.00567,36049554,2656505957.0,-1.6080288019534643,73.589063303
SH.600276,恒瑞医药,2020-11-11 00:00:00,72.40572997,70.922396637,72.40572997,70.697396637,78.479,0.00663,42125222,3030086197.0,-2.048640810077576,72.40572997
SH.600276,恒瑞医药,2020-11-12 00:00:00,71.197396637,71.239063304,71.75572997,70.947396637,78.825,0.00369,23419452,1693198276.0,0.4464974140972396,70.922396637
SH.600276,恒瑞医药,2020-11-13 00:00:00,71.28072997,70.364063304,71.397396637,70.097396637,77.868,0.00556,35330457,2515636747.0,-1.2282587100648608,71.239063304
SH.600276,恒瑞医药,2020-11-16 00:00:00,70.864063304,70.472396637,71.072396637,69.897396638,77.987,0.00385,24462910,1741000258.0,0.1539611669837237,70.364063304
SH.600276,恒瑞医药,2020-11-17 00:00:00,70.480729971,70.389063304,70.639063304,69.864063304,77.896,0.00407,25883533,1840888134.0,-0.11824960832429875,70.472396637
SH.600276,恒瑞医药,2020-11-18 00:00:00,70.405729971,71.289063304,71.847396637,70.405729971,78.879,0.00454,28882610,2086505922.0,1.2786077236360198,70.389063304
SH.600276,恒瑞医药,2020-11-19 00:00:00,71.614063304,71.864063303,72.114063303,71.197396637,79.508,0.0034,21620235,1570090302.0,0.806575331966434,71.289063304
SH.600276,恒瑞医药,2020-11-20 00:00:00,71.864063303,71.539063304,72.18072997,71.339063304,79.153,0.00324,20596123,1494494229.0,-0.4522427261449214,71.864063303
SH.600276,恒瑞医药,2020-11-23 00:00:00,71.539063304,70.88072997,71.614063304,69.947396638,78.433,0.00621,39460615,2812155514.0,-0.9202431561096234,71.539063304
SH.600276,恒瑞医药,2020-11-24 00:00:00,70.872396637,71.75572997,71.789063303,70.389063304,79.389,0.0045,28605308,2060373704.0,1.2344680992567942,70.88072997
SH.600276,恒瑞医药,2020-11-25 00:00:00,71.75572997,70.889063304,71.889063303,70.697396637,78.442,0.00378,24028510,1731392436.0,-1.2078013370672152,71.75572997
SH.600276,恒瑞医药,2020-11-26 00:00:00,71.439063304,70.780729971,71.58072997,70.022396637,78.324,0.00295,18728599,1340917681.0,-0.15282094014337416,70.889063304
SH.600276,恒瑞医药,2020-11-27 00:00:00,70.680729971,71.572396637,71.60572997,69.972396637,79.189,0.00306,19456596,1398744580.0,1.1184776793406286,70.780729971
SH.600276,恒瑞医药,2020-11-30 00:00:00,71.364063304,70.772396637,72.03072997,70.772396637,78.315,0.00457,29032136,2096641064.0,-1.1177493525296174,71.572396637
SH.600276,恒瑞医药,2020-12-01 00:00:00,71.022396637,72.122396637,72.347396637,70.90572997,79.79,0.00463,29442392,2140841785.0,1.9075233624266028,70.772396637
SH.600276,恒瑞医药,2020-12-02 00:00:00,72.289063303,72.05572997,72.347396637,71.589063304,79.717,0.00301,19159558,1396299716.0,-0.09243545709598835,72.122396637
SH.600276,恒瑞医药,2020-12-03 00:00:00,72.28072997,74.105729969,74.197396636,72.13072997,81.958,0.00608,38614695,2876193235.0,2.8450200974349986,72.05572997
SH.600276,恒瑞医药,2020-12-04 00:00:00,74.022396636,75.214063302,75.364063302,73.697396636,83.169,0.0057,36215656,2741646543.0,1.4956108434039364,74.105729969
SH.600276,恒瑞医药,2020-12-07 00:00:00,75.597396635,74.014063303,75.597396635,73.539063303,81.857,0.00453,28789410,2159562314.0,-1.5954463119240765,75.214063302
SH.600276,恒瑞医药,2020-12-08 00:00:00,74.747396636,74.172396636,74.772396636,73.864063303,82.03,0.00275,17473584,1313065804.0,0.21392330853639802,74.014063303
SH.600276,恒瑞医药,2020-12-09 00:00:00,74.664063302,72.647396636,74.664063302,72.55572997,80.364,0.00423,26862631,1989629038.0,-2.056020931188083,74.172396636
SH.600276,恒瑞医药,2020-12-10 00:00:00,72.447396637,73.28072997,73.864063303,72.097396637,81.056,0.00325,20682171,1534308954.0,0.8717908188414765,72.647396636
SH.600276,恒瑞医药,2020-12-11 00:00:00,73.780729969,73.697396636,74.805729969,72.947396636,81.511,0.00489,31081448,2326177765.0,0.5685896772187921,73.28072997
SH.600276,恒瑞医药,2020-12-14 00:00:00,73.297396636,74.205729969,74.439063302,72.472396636,82.067,0.00338,21462914,1608695421.0,0.6897575168234606,73.697396636
SH.600276,恒瑞医药,2020-12-15 00:00:00,74.214063302,79.9640633,80.1890633,74.214063302,88.36,0.01457,92585424,7378730119.0,7.759957800301391,74.205729969
SH.600276,恒瑞医药,2020-12-16 00:00:00,80.0140633,79.955729967,80.680729967,78.764063301,88.351,0.00775,49275020,3982147118.0,-0.010421347610546144,79.9640633
SH.600276,恒瑞医药,2020-12-17 00:00:00,84.114063299,86.764063297,88.039063297,83.289063299,95.792,0.01707,108465051,9495304072.0,8.515128725370905,79.955729967
SH.600276,恒瑞医药,2020-12-18 00:00:00,87.289063297,87.164063297,88.655729963,86.130729964,96.229,0.00876,55658478,4920007084.0,0.4610203635009128,86.764063297
SH.600276,恒瑞医药,2020-12-21 00:00:00,87.239063297,88.99739663,89.59739663,86.514063298,98.233,0.00698,44368292,3961393648.0,2.103313296390461,87.164063297
SH.600276,恒瑞医药,2020-12-22 00:00:00,88.94739663,87.614063297,89.930729963,87.447396631,96.721,0.00538,34180377,3053487975.0,-1.5543525826391311,88.99739663
SH.600276,恒瑞医药,2020-12-23 00:00:00,88.605729963,87.447396631,89.239063296,86.905729964,96.539,0.00565,35875950,3188306595.0,-0.19022821191960904,87.614063297
SH.600276,恒瑞医药,2020-12-24 00:00:00,87.864063297,89.780729963,91.705729962,87.539063297,99.089,0.00535,34000124,3099032241.0,2.668270779799099,87.447396631
SH.600276,恒瑞医药,2020-12-25 00:00:00,89.79739663,94.955729961,96.197396627,89.530729963,104.744,0.00612,38919645,3706407247.0,5.764043130561202,89.780729963
SH.600276,恒瑞医药,2020-12-28 00:00:00,95.780729961,91.614063296,96.15572996,90.780729963,101.092,0.00745,47320857,4419219611.0,-3.519183798989789,94.955729961
SH.600276,恒瑞医药,2020-12-29 00:00:00,92.297396629,89.34739663,92.972396628,87.489063297,98.615,0.00714,45357040,4096371020.0,-2.474147073551925,91.614063296
SH.600276,恒瑞医药,2020-12-30 00:00:00,89.930729963,93.030729962,93.605729961,89.780729963,102.641,0.00684,43460546,4048968057.0,4.122485344764084,89.34739663
SH.600276,恒瑞医药,2020-12-31 00:00:00,92.905729962,91.997396629,92.997396628,90.789063296,101.511,0.00532,33788262,3139202856.0,-1.1107440879181367,93.030729962
SH.600276,恒瑞医药,2021-01-04 00:00:00,92.439063295,91.780729962,93.855729961,91.614063296,101.275,0.00686,43610718,4072713009.0,-0.2355139111965907,91.997396629
SH.600276,恒瑞医药,2021-01-05 00:00:00,91.780729962,93.472396628,96.33072996,91.772396629,103.123,0.00789,50115354,4763614447.0,1.843161049928895,91.780729962
SH.600276,恒瑞医药,2021-01-06 00:00:00,93.489063295,93.880729961,95.672396627,92.447396629,103.57,0.00536,34044020,3219508646.0,0.4368491102513188,93.472396628
SH.600276,恒瑞医药,2021-01-07 00:00:00,94.830729961,94.947396628,94.947396628,92.280729962,104.735,0.00622,39513126,3720602728.0,1.1361934099182254,93.880729961
SH.600276,恒瑞医药,2021-01-08 00:00:00,95.047396627,93.464063295,96.50572996,92.572396628,103.114,0.00581,36921126,3499188267.0,-1.562268567311691,94.947396628
SH.600276,恒瑞医药,2021-01-11 00:00:00,92.714063295,91.864063295,94.239063294,90.780729963,101.366,0.00514,32641365,3055535865.0,-1.7118879102762088,93.464063295
SH.600276,恒瑞医药,2021-01-12 00:00:00,91.855729962,94.197396628,94.547396628,90.780729963,103.916,0.00541,34366549,3236967861.0,2.539984896495442,91.864063295
SH.600276,恒瑞医药,2021-01-13 00:00:00,94.122396628,92.922396628,94.522396628,92.130729962,102.522,0.00449,28526287,2677656700.0,-1.353540592034806,94.197396628
SH.600276,恒瑞医药,2021-01-14 00:00:00,92.922396628,90.930729962,93.222396628,89.614063296,100.346,0.00567,36049940,3321158495.0,-2.1433655806073535,92.922396628
SH.600276,恒瑞医药,2021-01-15 00:00:00,92.030729962,90.639063296,92.030729962,89.12239663,100.027,0.00467,29648517,2712379687.0,-0.3207569829494223,90.930729962
SH.600276,恒瑞医药,2021-01-18 00:00:00,89.972396629,88.97239663,91.064063296,88.605729963,98.205,0.00444,28215835,2543706268.0,-1.838795112607424,90.639063296
SH.600276,恒瑞医药,2021-01-19 00:00:00,89.530729963,86.572396631,89.530729963,86.014063298,95.582,0.00657,41777072,3676873518.0,-2.6974658319935174,88.97239663
SH.600276,恒瑞医药,2021-01-20 00:00:00,87.364063297,87.422396631,88.72239663,86.614063298,96.511,0.00576,36603272,3235274872.0,0.9818372057123168,86.572396631
SH.600276,恒瑞医药,2021-01-21 00:00:00,87.447396631,89.239063296,89.780729963,86.930729964,98.497,0.00722,45952146,4101405937.0,2.0780334731246763,87.422396631
SH.600276,恒瑞医药,2021-01-22 00:00:00,89.080729963,92.947396628,93.280729962,88.37239663,102.55,0.00775,49356958,4580183780.0,4.155504545918099,89.239063296
SH.600276,恒瑞医药,2021-01-25 00:00:00,93.097396628,91.989063295,93.805729961,90.364063296,101.502,0.00731,46553338,4327402199.0,-1.0310491393702137,92.947396628
SH.600276,恒瑞医药,2021-01-26 00:00:00,91.239063296,88.280729964,91.847396629,88.07239663,97.449,0.00641,40771320,3679207532.0,-4.031276325869007,91.989063295
SH.600276,恒瑞医药,2021-01-27 00:00:00,88.864063297,87.964063297,89.264063296,87.030729964,97.103,0.00434,27632454,2461916682.0,-0.35870417828346046,88.280729964
SH.600276,恒瑞医药,2021-01-28 00:00:00,87.905729964,86.330729964,89.105729963,85.264063298,95.318,0.00533,33928497,2965224339.0,-1.8568188778242813,87.964063297
SH.600276,恒瑞医药,2021-01-29 00:00:00,85.989063298,85.580729965,86.714063297,83.289063299,94.499,0.00617,39273063,3368922623.0,-0.8687520646619658,86.330729964
SH.600276,恒瑞医药,2021-02-01 00:00:00,84.497396632,84.572396632,85.855729964,83.280729966,93.397,0.00473,30091930,2572231369.0,-1.1782247398595325,85.580729965
SH.600276,恒瑞医药,2021-02-02 00:00:00,85.539063298,87.447396631,88.280729964,84.155729965,96.539,0.00588,37433553,3291860651.0,3.399454329655576,84.572396632
SH.600276,恒瑞医药,2021-02-03 00:00:00,87.397396631,86.614063298,88.239063297,86.214063298,95.628,0.00407,25888282,2279848995.0,-0.9529538500916139,87.447396631
SH.600276,恒瑞医药,2021-02-04 00:00:00,85.780729965,84.780729965,86.114063298,83.705729965,93.624,0.00538,34257853,2932116080.0,-2.1166693527497076,86.614063298
SH.600276,恒瑞医药,2021-02-05 00:00:00,85.739063298,88.530729963,89.355729963,84.530729965,97.723,0.00717,45685408,4059241108.0,4.4231749355639,84.780729965
SH.600276,恒瑞医药,2021-02-08 00:00:00,88.539063297,87.680729964,90.239063296,87.322396631,96.794,0.00704,44816149,4011442131.0,-0.9601185931204326,88.530729963
SH.600276,恒瑞医药,2021-02-09 00:00:00,88.905729963,90.564063296,91.464063296,87.280729964,99.945,0.00643,40961473,3712038167.0,3.2884458571271558,87.680729964
SH.600276,恒瑞医药,2021-02-10 00:00:00,90.114063296,90.114063296,91.405729962,88.380729963,99.453,0.00648,41237428,3755577138.0,-0.49688583266104214,90.564063296
SH.600276,恒瑞医药,2021-02-18 00:00:00,91.947396629,86.530729964,91.947396629,86.197396631,95.537,0.00849,54049876,4802022748.0,-3.976441857060343,90.114063296
SH.600276,恒瑞医药,2021-02-19 00:00:00,86.255729964,86.747396631,87.264063297,84.789063298,95.774,0.0054,34387618,2988179675.0,0.2503927415036713,86.530729964
SH.600276,恒瑞医药,2021-02-22 00:00:00,87.780729964,82.455729966,87.780729964,82.447396633,91.083,0.0086,54751254,4647867286.0,-4.947314653436327,86.747396631
SH.600276,恒瑞医药,2021-02-23 00:00:00,81.897396633,83.030729966,84.080729965,81.6140633,91.712,0.0048,30586636,2561642243.0,0.6973438962181105,82.455729966
SH.600276,恒瑞医药,2021-02-24 00:00:00,83.272396632,82.197396633,83.280729966,81.280729966,90.801,0.00599,38136795,3169255795.0,-1.0036444739691412,83.030729966
SH.600276,恒瑞医药,2021-02-25 00:00:00,82.447396633,83.322396632,84.314063298,81.739063299,92.03,0.00596,37931662,3175504052.0,1.368656484368922,82.197396633
SH.600276,恒瑞医药,2021-02-26 00:00:00,81.622396633,83.947396632,85.497396631,81.622396633,92.714,0.0066,41995639,3573877073.0,0.7500984432317307,83.322396632
SH.600276,恒瑞医药,2021-03-01 00:00:00,84.780729965,82.705729966,84.780729965,81.872396633,91.357,0.00575,36640725,3058360107.0,-1.4791008605580438,83.947396632
SH.600276,恒瑞医药,2021-03-02 00:00:00,82.705729966,81.072396633,83.122396632,80.3640633,89.571,0.00573,36504688,3009376810.0,-1.9748732447817905,82.705729966
SH.600276,恒瑞医药,2021-03-03 00:00:00,81.197396633,83.572396632,83.680729965,80.397396633,92.304,0.00499,31755820,2649105245.0,3.0836636177379115,81.072396633
SH.600276,恒瑞医药,2021-03-04 00:00:00,82.597396632,82.864063299,83.572396632,81.272396633,91.53,0.00473,30099748,2509954478.0,-0.8475685292585913,83.572396632
SH.600276,恒瑞医药,2021-03-05 00:00:00,81.2140633,82.697396632,83.389063299,81.1890633,91.347,0.0043,27403590,2277798365.0,-0.20113262657494196,82.864063299
SH.600276,恒瑞医药,2021-03-08 00:00:00,83.039063299,75.880729968,83.739063299,75.530729969,83.897,0.00871,55445202,4407903276.0,-8.24290357571216,82.697396632
SH.600276,恒瑞医药,2021-03-09 00:00:00,76.514063302,75.597396635,78.022396634,73.605729969,83.588,0.0081,51558741,3970887714.0,-0.3733929986170236,75.880729968
SH.600276,恒瑞医药,2021-03-10 00:00:00,77.439063301,76.947396635,77.889063301,76.230729968,85.063,0.00456,29056098,2265100248.0,1.7857757807693961,75.597396635
SH.600276,恒瑞医药,2021-03-11 00:00:00,77.439063301,77.014063301,78.180729968,76.197396635,85.136,0.00514,32701969,2554052750.0,0.08663927425150249,76.947396635
SH.600276,恒瑞医药,2021-03-12 00:00:00,77.864063301,75.939063302,78.530729967,75.430729969,83.961,0.00432,27501426,2127934279.0,-1.3958489565710797,77.014063301
SH.600276,恒瑞医药,2021-03-15 00:00:00,75.055729969,73.772396636,75.822396635,72.922396636,81.593,0.00568,36149289,2702706981.0,-2.853164855857439,75.939063302
SH.600276,恒瑞医药,2021-03-16 00:00:00,74.530729969,73.439063303,74.764063302,72.53072997,81.229,0.00453,28850360,2142583645.0,-0.4518401844048758,73.772396636
SH.600276,恒瑞医药,2021-03-17 00:00:00,73.447396636,72.964063303,73.914063303,72.097396637,80.71,0.00473,30103604,2221734363.0,-0.6467947419756789,73.439063303
SH.600276,恒瑞医药,2021-03-18 00:00:00,73.289063303,73.455729969,74.522396636,72.697396636,81.247,0.00586,37335301,2776569676.0,0.6738477049424205,72.964063303
SH.600276,恒瑞医药,2021-03-19 00:00:00,72.447396637,72.489063303,73.23072997,71.78072997,80.191,0.00423,26940174,1979612740.0,-1.3159853784149504,73.455729969
SH.600276,恒瑞医药,2021-03-22 00:00:00,72.489063303,72.539063303,74.355729969,72.114063303,80.245,0.0048,30579235,2255795600.0,0.06897592232777837,72.489063303
SH.600276,恒瑞医药,2021-03-23 00:00:00,71.664063303,72.15572997,72.822396636,71.622396637,79.826,0.00459,29215851,2130891334.0,-0.5284509001705797,72.539063303
SH.600276,恒瑞医药,2021-03-24 00:00:00,72.15572997,71.214063304,72.614063303,70.572396637,78.797,0.00379,24136224,1747979556.0,-1.3050476606521801,72.15572997
SH.600276,恒瑞医药,2021-03-25 00:00:00,70.530729971,71.80572997,72.339063303,70.022396637,79.444,0.0041,26082282,1886763645.0,0.8308284046007546,71.214063304
SH.600276,恒瑞医药,2021-03-26 00:00:00,72.10572997,75.130729969,75.864063302,71.939063303,83.078,0.00713,45388126,3422124864.0,4.630549679516056,71.80572997
SH.600276,恒瑞医药,2021-03-29 00:00:00,75.197396635,74.555729969,75.697396635,74.222396636,82.449,0.0047,29957052,2272148835.0,-0.7653326411672773,75.130729969
SH.600276,恒瑞医药,2021-03-30 00:00:00,74.414063302,77.114063301,77.180729968,74.114063303,85.245,0.00559,35562685,2732047809.0,3.4314375743671874,74.555729969
SH.600276,恒瑞医药,2021-03-31 00:00:00,76.789063301,75.855729968,76.789063301,74.955729969,83.87,0.00354,22566166,1730748831.0,-1.6317819073913047,77.114063301
SH.600276,恒瑞医药,2021-04-01 00:00:00,75.447396635,77.322396635,77.864063301,75.447396635,85.473,0.00363,23131234,1807448032.0,1.9334948956640674,75.855729968
SH.600276,恒瑞医药,2021-04-02 00:00:00,77.447396635,76.347396635,78.147396634,75.680729969,84.408,0.00373,23758212,1840689780.0,-1.2609541897705154,77.322396635
SH.600276,恒瑞医药,2021-04-06 00:00:00,76.114063302,74.864063302,76.139063302,74.664063302,82.786,0.0032,20374195,1546041596.0,-1.942873494549498,76.347396635
SH.600276,恒瑞医药,2021-04-07 00:00:00,75.114063302,74.680729969,75.197396635,73.897396636,82.586,0.00319,20288577,1524879347.0,-0.24488830142767515,74.864063302
SH.600276,恒瑞医药,2021-04-08 00:00:00,74.364063302,76.147396635,76.489063302,73.864063303,84.189,0.00348,22171368,1697072603.0,1.9639158141716382,74.680729969
SH.600276,恒瑞医药,2021-04-09 00:00:00,76.614063302,75.114063302,76.780729968,74.530729969,83.06,0.00339,21586690,1640481243.0,-1.3570172831424752,76.147396635
SH.600276,恒瑞医药,2021-04-12 00:00:00,74.822396636,73.722396636,75.764063302,73.18072997,81.539,0.00402,25613266,1919193024.0,-1.8527378294058434,75.114063302
SH.600276,恒瑞医药,2021-04-13 00:00:00,73.605729969,73.264063303,74.364063302,72.164063303,81.038,0.00422,26857066,1988503417.0,-0.6217016183874118,73.722396636
SH.600276,恒瑞医药,2021-04-14 00:00:00,73.655729969,70.380729971,73.655729969,67.630729972,77.887,0.01738,110698912,7812080555.0,-3.935535652827954,73.264063303
SH.600276,恒瑞医药,2021-04-15 00:00:00,69.547396638,67.597396638,69.597396638,67.497396638,74.845,0.01128,71842059,4973531360.0,-3.9546809675700225,70.380729971
SH.600276,恒瑞医药,2021-04-16 00:00:00,67.739063305,66.297396639,67.739063305,65.205729973,73.424,0.00997,63456758,4248106020.0,-1.923150984588673,67.597396638
SH.600276,恒瑞医药,2021-04-19 00:00:00,66.364063306,67.522396638,67.622396638,65.364063306,74.763,0.00998,63554127,4297304579.0,1.8477346941243065,66.297396639
SH.600276,恒瑞医药,2021-04-20 00:00:00,67.355729972,66.039063306,67.355729972,65.280729973,65.773,0.01399,89088627,5955990599.0,-2.19680195884104,67.522396638
SH.600276,恒瑞医药,2021-04-21 00:00:00,65.939063306,68.430729971,68.580729971,65.455729973,68.124,0.01297,82571582,5641888383.0,3.6215938647069015,66.039063306
SH.600276,恒瑞医药,2021-04-22 00:00:00,68.014063305,67.614063305,68.197396638,67.280729972,67.321,0.00694,44220433,3026890530.0,-1.1934209474984343,68.430729971
SH.600276,恒瑞医药,2021-04-23 00:00:00,68.197396638,68.280729972,69.097396638,67.447396639,67.977,0.00883,56236552,3890314475.0,0.9859881723018734,67.614063305
SH.600276,恒瑞医药,2021-04-26 00:00:00,68.430729971,67.047396639,69.589063304,66.930729972,66.764,0.01022,65096725,4504099658.0,-1.8062685233531623,68.280729972
SH.600276,恒瑞医药,2021-04-27 00:00:00,67.064063305,68.322396638,68.430729971,66.489063306,68.018,0.00633,40321408,2772491254.0,1.9016398293060084,67.047396639
SH.600276,恒瑞医药,2021-04-28 00:00:00,68.364063305,68.164063305,68.597396638,67.364063305,67.862,0.00512,32597683,2237534282.0,-0.23174440709232783,68.322396638
SH.600276,恒瑞医药,2021-04-29 00:00:00,68.272396638,67.739063305,68.364063305,67.280729972,67.444,0.00598,38104274,2613342979.0,-0.6234956946424031,68.164063305
SH.600276,恒瑞医药,2021-04-30 00:00:00,68.280729972,69.197396638,70.197396637,67.789063305,68.877,0.00967,61604329,4313992973.0,2.152869056416898,67.739063305
SH.600276,恒瑞医药,2021-05-06 00:00:00,69.197396638,67.547396638,70.197396637,67.455729972,67.256,0.00794,50573760,3516693111.0,-2.384482769824179,69.197396638
SH.600276,恒瑞医药,2021-05-07 00:00:00,67.547396638,65.772396639,67.739063305,65.772396639,65.511,0.00699,44526463,2992772699.0,-2.627784470380971,67.547396638
SH.600276,恒瑞医药,2021-05-10 00:00:00,65.697396639,66.055729972,66.514063306,64.12239664,65.79,0.00477,30379347,2018887218.0,0.4307784837993847,65.772396639
SH.600276,恒瑞医药,2021-05-11 00:00:00,65.364063306,68.872396638,68.947396638,65.239063306,68.558,0.00731,46558407,3187696920.0,4.2640762083682135,66.055729972
SH.600276,恒瑞医药,2021-05-12 00:00:00,68.805729971,68.430729971,69.064063305,67.864063305,68.124,0.00459,29215500,2023942845.0,-0.641282558121849,68.872396638
SH.600276,恒瑞医药,2021-05-13 00:00:00,67.964063305,67.222396639,68.205729972,66.722396639,66.936,0.00467,29710921,2022298799.0,-1.7657758911998809,68.430729971
SH.600276,恒瑞医药,2021-05-14 00:00:00,67.705729972,68.972396638,69.280729971,66.955729972,68.656,0.00655,41685394,2898254768.0,2.6032990290392655,67.222396639
SH.600276,恒瑞医药,2021-05-17 00:00:00,69.447396638,70.264063304,71.322396637,69.414063304,69.926,0.00675,42987445,3070196388.0,1.8727298585538206,68.972396638
SH.600276,恒瑞医药,2021-05-18 00:00:00,70.280729971,70.555729971,71.064063304,69.564063304,70.212,0.00361,22986198,1634106462.0,0.41510076884978153,70.264063304
SH.600276,恒瑞医药,2021-05-19 00:00:00,70.530729971,69.989063304,70.530729971,69.530729971,69.656,0.00315,20057659,1419469460.0,-0.8031476213667119,70.555729971
SH.600276,恒瑞医药,2021-05-20 00:00:00,70.089063304,68.872396638,70.230729971,68.530729971,68.558,0.00654,41660970,2914466329.0,-1.5954873708621,69.989063304
SH.600276,恒瑞医药,2021-05-21 00:00:00,69.155729971,67.589063305,70.155729971,67.447396639,67.297,0.0069,43951944,3052830936.0,-1.8633493179354947,68.872396638
SH.600276,恒瑞医药,2021-05-24 00:00:00,67.372396639,68.580729971,68.580729971,66.530729972,68.271,0.00527,33532173,2294658788.0,1.4671998952331102,67.589063305
SH.600276,恒瑞医药,2021-05-25 00:00:00,68.572396638,70.989063304,71.33072997,68.489063305,70.638,0.00875,55734816,3960893277.0,3.511676434500461,68.580729971
SH.600276,恒瑞医药,2021-05-26 00:00:00,71.68072997,71.022396637,72.00572997,70.472396637,70.671,0.00787,50098611,3603633112.0,0.04695558928176956,70.989063304
SH.600276,恒瑞医药,2021-05-27 00:00:00,70.747396637,71.039063304,71.53072997,70.064063304,70.687,0.00615,39164100,2808456373.0,0.02346677638207554,71.022396637
SH.600276,恒瑞医药,2021-05-28 00:00:00,71.522396637,70.655729971,71.88072997,70.164063304,70.311,0.00605,38554086,2769742232.0,-0.5396092166356191,71.039063304
SH.600276,恒瑞医药,2021-05-31 00:00:00,70.530729971,71.03072997,71.097396637,69.955729971,70.679,0.00489,31144470,2225081410.0,0.5307425160760658,70.655729971
SH.600276,恒瑞医药,2021-06-01 00:00:00,71.10572997,72.00572997,72.03072997,70.447396637,71.638,0.0074,47104591,3406034206.0,1.3726453330999164,71.03072997
SH.600276,恒瑞医药,2021-06-02 00:00:00,72.039063303,69.414063304,72.239063303,68.780729971,69.09,0.00988,62915845,4456483943.0,-3.5992505972507796,72.00572997
SH.600276,恒瑞医药,2021-06-03 00:00:00,68.722396638,67.930729972,69.030729971,67.914063305,67.633,0.0078,49692405,3441142200.0,-2.1369348823504524,69.414063304
SH.600276,恒瑞医药,2021-06-04 00:00:00,67.505729972,67.989063305,68.689063305,67.189063305,67.69,0.00631,40173742,2765748570.0,0.08587178884144395,67.930729972
SH.600276,恒瑞医药,2021-06-07 00:00:00,67.864063305,67.814063305,67.889063305,66.822396639,67.518,0.00477,30361335,2070589227.0,-0.25739433887321617,67.989063305
SH.600276,恒瑞医药,2021-06-08 00:00:00,68.155729972,68.264063305,69.389063304,67.955729972,67.96,0.00561,35739501,2480664129.0,0.6635791723260589,67.814063305
SH.600276,恒瑞医药,2021-06-09 00:00:00,68.355729971,69.239063304,69.530729971,68.355729971,68.918,0.00484,30790911,2156957769.0,1.4282771223912643,68.264063305
SH.600276,恒瑞医药,2021-06-10 00:00:00,70.29073,72.28073,74.74073,69.40073,71.709,0.0097,61779045,4544921867.0,4.392992266006417,69.239063304
SH.600276,恒瑞医药,2021-06-11 00:00:00,72.38073,72.24073,72.73073,70.38073,71.669,0.00704,44820874,3227502819.0,-0.05533978419975317,72.28073
SH.600276,恒瑞医药,2021-06-15 00:00:00,72.24073,71.16073,73.43073,70.83073,70.609,0.00689,43843803,3177815768.0,-1.4950015039991957,72.24073
SH.600276,恒瑞医药,2021-06-16 00:00:00,71.16073,70.09073,71.68073,69.78073,69.557,0.0044,28037761,1991163808.0,-1.5036383128728548,71.16073
SH.600276,恒瑞医药,2021-06-17 00:00:00,70.12073,70.43073,70.57073,69.44073,69.891,0.00367,23354801,1653726264.0,0.48508554554932365,70.09073
SH.600276,恒瑞医药,2021-06-18 00:00:00,70.78073,70.72073,71.73073,70.11073,70.176,0.00488,31060655,2222493326.0,0.4117520860567628,70.43073
SH.600276,恒瑞医药,2021-06-21 00:00:00,70.48073,68.79073,70.48073,68.39073,68.28,0.00711,45286231,3169713382.0,-2.729044227908856,70.72073
SH.600276,恒瑞医药,2021-06-22 00:00:00,68.79073,69.76073,69.77073,68.28073,69.233,0.00685,43612983,3040863642.0,1.4100737119667126,68.79073
SH.600276,恒瑞医药,2021-06-23 00:00:00,69.85073,70.43073,71.74073,69.83073,69.891,0.00899,57215569,4081587083.0,0.9604257294899319,69.76073
SH.600276,恒瑞医药,2021-06-24 00:00:00,69.27073,67.28073,69.27073,67.15073,66.797,0.01213,77212794,5274271877.0,-4.472479555444039,70.43073
SH.600276,恒瑞医药,2021-06-25 00:00:00,66.95073,67.34073,67.72073,66.26073,66.856,0.00844,53724003,3623945403.0,0.08917858055343345,67.28073
SH.600276,恒瑞医药,2021-06-28 00:00:00,67.34073,67.880729999,67.880729999,66.78073,67.387,0.00646,41106770,2796214015.0,0.8018921074957202,67.34073
SH.600276,恒瑞医药,2021-06-29 00:00:00,67.89073,67.48073,68.10073,67.09073,66.994,0.00472,30062702,2052623672.0,-0.5892688528922637,67.880729999
SH.600276,恒瑞医药,2021-06-30 00:00:00,67.53073,67.25073,67.98073,67.18073,66.768,0.00419,26682514,1817637464.0,-0.3408380436903836,67.48073
SH.600276,恒瑞医药,2021-07-01 00:00:00,67.28073,68.97073,70.08073,67.03073,68.457,0.00776,49410176,3416187491.0,2.557593055123712,67.25073
SH.600276,恒瑞医药,2021-07-02 00:00:00,68.31073,66.19073,68.57073,66.130729999,65.726,0.00834,53131555,3589629268.0,-4.030695339892736,68.97073
SH.600276,恒瑞医药,2021-07-05 00:00:00,65.94073,62.23073,65.94073,61.60073,61.836,0.01249,79501891,5093697132.0,-5.9827108720511175,66.19073
SH.600276,恒瑞医药,2021-07-06 00:00:00,61.88073,61.34073,61.88073,60.11073,60.962,0.0103,65591779,4031806404.0,-1.4301615937977918,62.23073
SH.600276,恒瑞医药,2021-07-07 00:00:00,61.57073,61.73073,62.77073,61.54073,61.345,0.00662,42130978,2645435620.0,0.6357928899770194,61.34073
SH.600276,恒瑞医药,2021-07-08 00:00:00,61.74073,60.65073,62.16073,60.45073,60.284,0.00592,37669299,2325415956.0,-1.749533822133641,61.73073
SH.600276,恒瑞医药,2021-07-09 00:00:00,60.30073,61.38073,61.60073,60.18073,61.001,0.00498,31713965,1956917068.0,1.203612883142539,60.65073
SH.600276,恒瑞医药,2021-07-12 00:00:00,62.78073,62.40073,63.78073,62.27073,62.003,0.00942,59986695,3823509581.0,1.661759317622979,61.38073
SH.600276,恒瑞医药,2021-07-13 00:00:00,62.40073,61.22073,62.69073,61.04073,60.844,0.00599,38145468,2377792672.0,-1.891003518708835,62.40073
SH.600276,恒瑞医药,2021-07-14 00:00:00,60.98073,59.39073,61.08073,59.28073,59.047,0.01063,67679871,4079611626.0,-2.989183565762782,61.22073
SH.600276,恒瑞医药,2021-07-15 00:00:00,59.08073,59.55073,59.57073,57.66073,59.204,0.01018,64806122,3835157908.0,0.26940231244843044,59.39073
SH.600276,恒瑞医药,2021-07-16 00:00:00,59.55073,59.38073,59.55073,58.28073,59.037,0.00707,45006736,2675282713.0,-0.28547089179259716,59.55073
SH.600276,恒瑞医药,2021-07-19 00:00:00,59.12073,60.24073,60.28073,58.29073,59.882,0.00789,50233330,3006391945.0,1.448281285864959,59.38073
SH.600276,恒瑞医药,2021-07-20 00:00:00,60.13073,62.46073,62.46073,59.78073,62.062,0.01253,79808081,4984495029.0,3.6852143060019342,60.24073
SH.600276,恒瑞医药,2021-07-21 00:00:00,63.28073,62.26073,63.75073,61.94073,61.866,0.00871,55457124,3519441511.0,-0.32020118881094684,62.46073
SH.600276,恒瑞医药,2021-07-22 00:00:00,62.24073,60.56073,62.24073,60.55073,60.196,0.00738,47000640,2899861917.0,-2.7304530480127727,62.26073
SH.600276,恒瑞医药,2021-07-23 00:00:00,60.47073,60.77073,61.13073,59.51073,60.402,0.00567,36112011,2206411058.0,0.34675936039740746,60.56073
SH.600276,恒瑞医药,2021-07-26 00:00:00,60.58073,58.50073,60.58073,57.87073,58.172,0.00729,46401001,2770651170.0,-3.7353508835585867,60.77073
SH.600276,恒瑞医药,2021-07-27 00:00:00,58.49073,53.78073,58.86073,53.39073,53.536,0.01274,81094644,4581066032.0,-8.068275387332772,58.50073
SH.600276,恒瑞医药,2021-07-28 00:00:00,53.25073,55.19073,55.55073,52.88073,54.921,0.00823,52392023,2891590652.0,2.621756900659407,53.78073
SH.600276,恒瑞医药,2021-07-29 00:00:00,56.88073,54.39073,57.18073,53.95073,54.135,0.00833,53012507,2953856786.0,-1.4495187869412205,55.19073
SH.600276,恒瑞医药,2021-07-30 00:00:00,53.86073,53.66073,54.16073,52.28073,53.418,0.0076,48423569,2613309578.0,-1.3421404713634049,54.39073
SH.600276,恒瑞医药,2021-08-02 00:00:00,53.26073,54.53073,55.53073,51.53073,54.273,0.00949,60414095,3276024089.0,1.621297362149187,53.66073
SH.600276,恒瑞医药,2021-08-03 00:00:00,54.39073,56.68073,56.68073,53.88073,56.385,0.00864,54998221,3100529848.0,3.9427310069019774,54.53073
SH.600276,恒瑞医药,2021-08-04 00:00:00,56.88073,55.61073,57.05073,55.08073,55.333,0.00743,47326782,2662303075.0,-1.8877667948172163,56.68073
SH.600276,恒瑞医药,2021-08-05 00:00:00,55.62073,55.08073,56.76073,54.77073,54.813,0.00606,38578877,2183301491.0,-0.9530534844624303,55.61073
SH.600276,恒瑞医药,2021-08-06 00:00:00,54.78073,54.08073,54.82073,53.56073,53.831,0.00546,34743825,1898761300.0,-1.815516969364785,55.08073
SH.600276,恒瑞医药,2021-08-09 00:00:00,53.78073,56.20073,57.20073,53.54073,55.913,0.00846,53900047,3048950741.0,3.920065428110895,54.08073
SH.600276,恒瑞医药,2021-08-10 00:00:00,56.37073,57.02073,57.08073,55.02073,56.719,0.00884,56306095,3200866127.0,1.4590557809480416,56.20073
SH.600276,恒瑞医药,2021-08-11 00:00:00,56.48073,56.17073,57.65073,56.05073,55.884,0.00619,39412559,2257552049.0,-1.4906859312393956,57.02073
SH.600276,恒瑞医药,2021-08-12 00:00:00,55.81073,55.08073,56.95073,54.90073,54.813,0.0063,40083644,2260258000.0,-1.9405124341449653,56.17073
SH.600276,恒瑞医药,2021-08-13 00:00:00,54.84073,55.81073,55.93073,54.56073,55.53,0.00532,33859164,1904307300.0,1.3253273876362874,55.08073
SH.600276,恒瑞医药,2021-08-16 00:00:00,55.81073,55.75073,56.38073,55.33073,55.471,0.00394,25064484,1418005605.0,-0.1075062089315124,55.81073
SH.600276,恒瑞医药,2021-08-17 00:00:00,55.48073,54.03073,55.71073,53.93073,53.781,0.0057,36297864,2010145944.0,-3.085161396092928,55.75073
SH.600276,恒瑞医药,2021-08-18 00:00:00,54.10073,54.27073,54.49073,53.04073,54.017,0.00518,33002061,1799750670.0,0.44419166648313285,54.03073
SH.600276,恒瑞医药,2021-08-19 00:00:00,53.94073,53.12073,54.74073,53.06073,52.888,0.00522,33210110,1808649296.0,-2.1190059540382054,54.27073
SH.600276,恒瑞医药,2021-08-20 00:00:00,49.28073,47.74073,49.60073,47.74073,48.949,0.02209,140676443,6858016624.0,-10.127872866204967,53.12073
SH.600276,恒瑞医药,2021-08-23 00:00:00,46.83073,46.46073,47.48073,44.78073,47.656,0.02108,134200961,6276592761.0,-2.681148780087781,47.74073
SH.600276,恒瑞医药,2021-08-24 00:00:00,46.19073,46.48073,47.44073,45.38073,47.676,0.0153,97395100,4578425410.0,0.04304710666406474,46.46073
SH.600276,恒瑞医药,2021-08-25 00:00:00,46.49073,46.69073,47.39073,45.99073,47.888,0.00991,63107053,2990920447.0,0.45180013308741246,46.48073
SH.600276,恒瑞医药,2021-08-26 00:00:00,46.29073,44.59073,46.38073,44.53073,45.767,0.01263,80436521,3686107652.0,-4.4976808030202164,46.69073
SH.600276,恒瑞医药,2021-08-27 00:00:00,44.78073,45.33073,46.18073,44.77073,46.515,0.00845,53830432,2486358727.0,1.6595377559416542,44.59073
SH.600276,恒瑞医药,2021-08-30 00:00:00,45.10073,44.88073,45.56073,44.54073,46.06,0.00698,44456861,2025406947.0,-0.9927040663144026,45.33073
SH.600276,恒瑞医药,2021-08-31 00:00:00,44.73073,44.48073,45.42073,43.61073,45.656,0.00779,49574185,2237371941.0,-0.8912511004165898,44.88073
SH.600276,恒瑞医药,2021-09-01 00:00:00,44.68073,45.87073,46.48073,44.20073,47.06,0.01148,73127061,3380043296.0,3.1249487137463805,44.48073
SH.600276,恒瑞医药,2021-09-02 00:00:00,45.88073,45.14073,45.88073,44.78073,46.323,0.00731,46575210,2135153563.0,-1.5914287825809705,45.87073
SH.600276,恒瑞医药,2021-09-03 00:00:00,44.60073,45.38073,46.12073,44.33073,46.565,0.00726,46235755,2132747685.0,0.5316706220745698,45.14073
SH.600276,恒瑞医药,2021-09-06 00:00:00,45.47073,47.38073,48.17073,45.47073,48.585,0.01361,86663569,4132165375.0,4.407156958471139,45.38073
SH.600276,恒瑞医药,2021-09-07 00:00:00,47.38073,47.36073,47.61073,46.46073,48.565,0.00768,48897172,2333419067.0,-0.042211253393527555,47.38073
SH.600276,恒瑞医药,2021-09-08 00:00:00,47.36073,47.03073,47.60073,46.88073,48.232,0.0052,33106871,1584289690.0,-0.6967798004802678,47.36073
SH.600276,恒瑞医药,2021-09-09 00:00:00,47.00073,46.72073,47.44073,46.58073,47.919,0.00474,30166033,1435010678.0,-0.659143500430453,47.03073
SH.600276,恒瑞医药,2021-09-10 00:00:00,46.68073,46.73073,47.23073,46.37073,47.929,0.00531,33788585,1602166127.0,0.02140377515505004,46.72073
SH.600276,恒瑞医药,2021-09-13 00:00:00,46.73073,46.03073,47.22073,45.78073,47.222,0.00637,40587103,1912968153.0,-1.4979436443642178,46.73073
SH.600276,恒瑞医药,2021-09-14 00:00:00,46.05073,46.08073,46.80073,46.01073,47.272,0.00765,48735457,2293151060.0,0.10862308722891048,46.03073
SH.600276,恒瑞医药,2021-09-15 00:00:00,45.96073,45.00073,45.99073,44.78073,46.181,0.00704,44832955,2056689111.0,-2.34371287086816,46.08073
SH.600276,恒瑞医药,2021-09-16 00:00:00,45.18073,45.43073,45.73073,44.66073,46.616,0.00878,55890581,2563361939.0,0.9555400545724475,45.00073
SH.600276,恒瑞医药,2021-09-17 00:00:00,45.11073,46.23073,46.88073,44.98073,47.424,0.00998,63532750,2968608405.0,1.7609226177963777,45.43073
SH.600276,恒瑞医药,2021-09-22 00:00:00,46.23073,47.18073,47.43073,45.89073,48.383,0.00912,58051309,2758986266.0,2.054910229624312,46.23073
SH.600276,恒瑞医药,2021-09-23 00:00:00,47.28073,47.07073,48.07073,46.56073,48.272,0.00922,58686781,2817437483.0,-0.23314603228902867,47.18073
SH.600276,恒瑞医药,2021-09-24 00:00:00,46.98073,49.08073,49.38073,46.83073,50.303,0.01456,92719699,4591907051.0,4.270169593715681,47.07073
SH.600276,恒瑞医药,2021-09-27 00:00:00,49.12073,50.03073,51.44073,48.48073,51.262,0.01385,88159053,4483165537.0,1.9355865326371382,49.08073
SH.600276,恒瑞医药,2021-09-28 00:00:00,50.78073,49.67073,50.78073,48.61073,50.898,0.00852,54276640,2718214267.0,-0.7195577598008253,50.03073
SH.600276,恒瑞医药,2021-09-29 00:00:00,49.18073,49.20073,49.72073,48.04073,50.424,0.00761,48439125,2403983221.0,-0.9462313116799348,49.67073
SH.600276,恒瑞医药,2021-09-30 00:00:00,49.22073,49.51073,49.91073,48.72073,50.737,0.00646,41122129,2066473091.0,0.630071952184454,49.20073
SH.600276,恒瑞医药,2021-10-08 00:00:00,50.14073,53.47073,54.00073,49.36073,54.737,0.01766,112430883,5960888355.0,7.998266234410199,49.51073
SH.600276,恒瑞医药,2021-10-11 00:00:00,53.47073,52.89073,54.82073,52.29073,54.151,0.01162,73990926,3991927768.0,-1.0847055950049782,53.47073
SH.600276,恒瑞医药,2021-10-12 00:00:00,53.03073,53.08073,53.98073,52.38073,54.343,0.00863,54972050,2964962230.0,0.35923119230913403,52.89073
SH.600276,恒瑞医药,2021-10-13 00:00:00,52.83073,52.23073,52.83073,50.83073,53.484,0.00954,60765613,3188382885.0,-1.6013344202312239,53.08073
SH.600276,恒瑞医药,2021-10-14 00:00:00,51.73073,50.34073,51.97073,50.34073,51.575,0.00882,56168508,2894632515.0,-3.618559418947429,52.23073
SH.600276,恒瑞医药,2021-10-15 00:00:00,49.68073,49.33073,50.65073,49.02073,50.555,0.00895,56981151,2873134534.0,-2.006327679395984,50.34073
SH.600276,恒瑞医药,2021-10-18 00:00:00,49.02073,48.38073,49.28073,47.81073,49.595,0.00809,51512546,2522939156.0,-1.9257772994642546,49.33073
SH.600276,恒瑞医药,2021-10-19 00:00:00,48.02073,48.89073,50.02073,47.94073,50.111,0.00818,52117489,2600860189.0,1.0541387035706118,48.38073
SH.600276,恒瑞医药,2021-10-20 00:00:00,48.28073,50.86073,51.17073,47.08073,52.579,0.01517,96591664,4832594860.0,4.029393711241372,48.89073
SH.600276,恒瑞医药,2021-10-21 00:00:00,50.24073,49.78073,50.60073,49.65073,51.478,0.00687,43741124,2217575679.0,-2.123445731117108,50.86073
SH.600276,恒瑞医药,2021-10-22 00:00:00,49.89073,50.58073,51.14073,49.69073,52.293,0.00725,46196186,2366555937.0,1.6070475463095948,49.78073
SH.600276,恒瑞医药,2021-10-25 00:00:00,50.28073,50.49073,51.58073,50.08073,52.201,0.00721,45992167,2365503030.0,-0.17793337502247084,50.58073
SH.600276,恒瑞医药,2021-10-26 00:00:00,50.54073,48.68073,50.67073,48.68073,50.356,0.01001,63857332,3191722746.0,-3.584816460368076,50.49073
SH.600276,恒瑞医药,2021-10-27 00:00:00,48.58073,48.34073,49.15073,47.96073,50.01,0.00535,34107124,1679520648.0,-0.6984283103396278,48.68073
SH.600276,恒瑞医药,2021-10-28 00:00:00,47.84073,48.04073,49.43073,47.76073,49.704,0.00698,44555441,2192740599.0,-0.620594682786125,48.34073
SH.600276,恒瑞医药,2021-10-29 00:00:00,47.78073,48.52073,49.16073,47.78073,50.193,0.0067,42747645,2109798467.0,0.9991521777458353,48.04073
SH.600276,恒瑞医药,2021-11-01 00:00:00,48.30073,49.08073,49.38073,47.83073,50.764,0.00765,48770163,2405113965.0,1.1541458671376177,48.52073
SH.600276,恒瑞医药,2021-11-02 00:00:00,48.79073,47.78073,49.56073,47.28073,49.439,0.00753,48022525,2360199324.0,-2.648697360450841,49.08073
SH.600276,恒瑞医药,2021-11-03 00:00:00,47.79073,48.40073,49.46073,47.79073,50.071,0.00651,41553719,2050267691.0,1.297594239351313,47.78073
SH.600276,恒瑞医药,2021-11-04 00:00:00,48.53073,50.49073,51.08073,48.28073,52.201,0.01291,82335021,4189625772.0,4.318116689562319,48.40073
SH.600276,恒瑞医药,2021-11-05 00:00:00,50.53073,51.09073,52.96073,50.50073,52.813,0.01443,92066228,4838454314.0,1.188336948188314,50.49073
SH.600276,恒瑞医药,2021-11-08 00:00:00,51.28073,48.90073,51.51073,48.78073,50.581,0.01296,82690286,4150966640.0,-4.2864918939306556,51.09073
SH.600276,恒瑞医药,2021-11-09 00:00:00,48.96073,49.09073,49.66073,48.78073,50.774,0.00586,37359483,1865246455.0,0.388542256935628,48.90073
SH.600276,恒瑞医药,2021-11-10 00:00:00,49.09073,53.01073,53.78073,48.98073,54.77,0.0215,137161202,7216853531.0,7.98521431643001,49.09073
SH.600276,恒瑞医药,2021-11-11 00:00:00,52.78073,52.28073,53.07073,51.84073,54.026,0.01216,77586965,4111710412.0,-1.3770796968840155,53.01073
SH.600276,恒瑞医药,2021-11-12 00:00:00,52.33073,51.83073,52.73073,51.29073,53.567,0.00695,44342847,2336050942.0,-0.8607377900040718,52.28073
SH.600276,恒瑞医药,2021-11-15 00:00:00,51.85073,52.65073,53.23073,51.67073,54.403,0.00925,59007205,3142645540.0,1.5820730288768847,51.83073
SH.600276,恒瑞医药,2021-11-16 00:00:00,52.68073,53.63073,54.25073,52.65073,55.402,0.01061,67674990,3675390140.0,1.8613227205016851,52.65073
SH.600276,恒瑞医药,2021-11-17 00:00:00,53.78073,53.20073,54.43073,53.06073,54.964,0.00819,52225240,2832198105.0,-0.8017791292417608,53.63073
SH.600276,恒瑞医药,2021-11-18 00:00:00,52.78073,51.06073,52.86073,50.88073,52.782,0.01091,69615884,3631499025.0,-4.0225011950024,53.20073
SH.600276,恒瑞医药,2021-11-19 00:00:00,50.60073,51.27073,51.50073,50.52073,52.996,0.00575,36658638,1898746327.0,0.41127496610408987,51.06073
SH.600276,恒瑞医药,2021-11-22 00:00:00,51.87073,51.30073,52.45073,51.13073,53.027,0.00676,43102616,2252992615.0,0.05851291760425712,51.27073
SH.600276,恒瑞医药,2021-11-23 00:00:00,51.09073,51.36073,51.73073,50.89073,53.088,0.00467,29804426,1547512998.0,0.11695740002139379,51.30073
SH.600276,恒瑞医药,2021-11-24 00:00:00,51.23073,51.16073,51.48073,50.78073,52.884,0.00472,30130630,1562921149.0,-0.3894025649557468,51.36073
SH.600276,恒瑞医药,2021-11-25 00:00:00,51.18073,52.27073,52.38073,50.91073,54.016,0.00743,47393926,2488862273.0,2.1696328414391264,51.16073
SH.600276,恒瑞医药,2021-11-26 00:00:00,52.46073,51.63073,52.48073,51.53073,53.363,0.00661,42166255,2219333940.0,-1.224394608607916,52.27073
SH.600276,恒瑞医药,2021-11-29 00:00:00,51.66073,50.37073,52.47073,50.11073,52.079,0.00888,56636357,2926758473.0,-2.44040709864067,51.63073
SH.600276,恒瑞医药,2021-11-30 00:00:00,49.93073,49.45073,50.38073,49.34073,51.141,0.00757,48299412,2432124869.0,-1.826457547865599,50.37073
SH.600276,恒瑞医药,2021-12-01 00:00:00,49.46073,49.78073,49.93073,48.99073,51.478,0.00502,32040992,1608598523.0,0.6673308968340776,49.45073
SH.600276,恒瑞医药,2021-12-02 00:00:00,49.21073,48.34073,49.21073,48.30073,50.01,0.00821,52400722,2587430783.0,-2.8926855833572502,49.78073
SH.600276,恒瑞医药,2021-12-03 00:00:00,48.31073,48.48073,48.70073,48.16073,50.152,0.00609,38878252,1906744462.0,0.28961085196686226,48.34073
SH.600276,恒瑞医药,2021-12-06 00:00:00,48.48073,48.56073,49.08073,48.47073,50.234,0.00568,36211477,1790176212.0,0.16501401690939532,48.48073
SH.600276,恒瑞医药,2021-12-07 00:00:00,48.96073,49.46073,49.56073,48.57073,51.151,0.00651,41526486,2072751942.0,1.8533494039319396,48.56073
SH.600276,恒瑞医药,2021-12-08 00:00:00,49.47073,49.64073,49.66073,48.68073,51.335,0.00524,33428958,1672764831.0,0.3639250775312045,49.46073
SH.600276,恒瑞医药,2021-12-09 00:00:00,49.68073,50.67073,50.89073,49.29073,52.385,0.00903,57603892,2943428264.0,2.0749090514986404,49.64073
SH.600276,恒瑞医药,2021-12-10 00:00:00,50.29073,50.54073,50.96073,50.19073,52.252,0.00621,39611804,2026831790.0,-0.2565583720621263,50.67073
SH.600276,恒瑞医药,2021-12-13 00:00:00,50.77073,50.28073,51.28073,50.16073,51.987,0.00696,44410587,2282691516.0,-0.514436574224403,50.54073
SH.600276,恒瑞医药,2021-12-14 00:00:00,49.93073,50.28073,50.76073,49.90073,51.987,0.00485,30930105,1579648077.0,0.0,50.28073
SH.600276,恒瑞医药,2021-12-15 00:00:00,49.95073,49.28073,50.28073,48.84073,50.968,0.00664,42367271,2128092497.0,-1.9888334954564106,50.28073
SH.600276,恒瑞医药,2021-12-16 00:00:00,48.98073,49.51073,49.58073,48.61073,51.202,0.00497,31714685,1584599546.0,0.4667138656428263,49.28073
SH.600276,恒瑞医药,2021-12-17 00:00:00,49.56073,49.06073,49.77073,49.06073,50.744,0.00415,26485999,1324231762.0,-0.9088938902738918,49.51073
SH.600276,恒瑞医药,2021-12-20 00:00:00,48.73073,49.16073,49.73073,48.64073,50.846,0.00394,25147077,1256799948.0,0.20382900947458674,49.06073
SH.600276,恒瑞医药,2021-12-21 00:00:00,48.75073,49.32073,49.46073,48.74073,51.009,0.0035,22340217,1117217041.0,0.3254630270949935,49.16073
SH.600276,恒瑞医药,2021-12-22 00:00:00,49.28073,48.94073,49.37073,48.84073,50.621,0.00393,25101230,1249818864.0,-0.7704671037918447,49.32073
SH.600276,恒瑞医药,2021-12-23 00:00:00,48.99073,48.69073,49.18073,48.48073,50.366,0.004,25486648,1261839062.0,-0.5108219677148257,48.94073
SH.600276,恒瑞医药,2021-12-24 00:00:00,48.58073,49.40073,49.61073,48.53073,51.09,0.00518,33045803,1650578672.0,1.4581831079550478,48.69073
SH.600276,恒瑞医药,2021-12-27 00:00:00,49.40073,49.69073,49.78073,49.18073,51.386,0.0042,26823576,1345667368.0,0.5870358595915468,49.40073
SH.600276,恒瑞医药,2021-12-28 00:00:00,49.69073,49.45073,50.05073,49.20073,51.141,0.00435,27750953,1392384203.0,-0.4829874707012797,49.69073
SH.600276,恒瑞医药,2021-12-29 00:00:00,49.45073,49.00073,49.45073,48.91073,50.682,0.00337,21495080,1070424587.0,-0.9099966775010255,49.45073
SH.600276,恒瑞医药,2021-12-30 00:00:00,49.02073,49.29073,49.74073,48.71073,50.978,0.00448,28588126,1428754168.0,0.5918279176657293,49.00073
SH.600276,恒瑞医药,2021-12-31 00:00:00,49.48073,49.99073,50.26073,49.27073,51.692,0.00594,37903619,1916624424.0,1.420145329557902,49.29073
SH.600276,恒瑞医药,2022-01-04 00:00:00,50.06073,49.67073,50.24073,49.12073,51.365,0.00589,37558099,1888484349.0,-0.6401186780029022,49.99073
SH.600276,恒瑞医药,2022-01-05 00:00:00,49.62073,50.20073,50.80073,49.17073,51.906,0.00731,46626520,2364178390.0,1.0670267982773782,49.67073
SH.600276,恒瑞医药,2022-01-06 00:00:00,50.21073,49.39073,50.76073,49.28073,51.08,0.00696,44394613,2237642572.0,-1.6135223531610046,50.20073
SH.600276,恒瑞医药,2022-01-07 00:00:00,49.40073,50.16073,50.76073,49.09073,51.865,0.00758,48377382,2458510185.0,1.5589970020690183,49.39073
SH.600276,恒瑞医药,2022-01-10 00:00:00,50.18073,50.40073,50.76073,49.48073,52.11,0.00617,39354201,2007381521.0,0.4784619362597035,50.16073
SH.600276,恒瑞医药,2022-01-11 00:00:00,49.89073,49.46073,50.08073,49.29073,51.151,0.0058,37017198,1864009275.0,-1.8650523514242845,50.40073
SH.600276,恒瑞医药,2022-01-12 00:00:00,49.51073,48.87073,49.68073,48.74073,50.55,0.0081,51661589,2571709571.0,-1.1928655319078314,49.46073
SH.600276,恒瑞医药,2022-01-13 00:00:00,48.77073,46.76073,48.85073,46.29073,48.399,0.01427,91049534,4386484345.0,-4.3175127525207815,48.87073
SH.600276,恒瑞医药,2022-01-14 00:00:00,46.28073,45.93073,46.71073,45.86073,47.553,0.00773,49316842,2312333395.0,-1.7749936752484516,46.76073
SH.600276,恒瑞医药,2022-01-17 00:00:00,45.94073,45.69073,46.16073,45.34073,47.308,0.00618,39411435,1823738251.0,-0.5225259864147487,45.93073
SH.600276,恒瑞医药,2022-01-18 00:00:00,45.69073,45.49073,45.78073,45.28073,47.104,0.00555,35422094,1635215750.0,-0.4377255517694789,45.69073
SH.600276,恒瑞医药,2022-01-19 00:00:00,45.38073,45.01073,45.66073,44.57073,46.615,0.00648,41324758,1896409295.0,-1.0551600293070629,45.49073
SH.600276,恒瑞医药,2022-01-20 00:00:00,44.93073,44.97073,45.38073,44.86073,46.574,0.00549,35022531,1602248251.0,-0.08886769887979853,45.01073
SH.600276,恒瑞医药,2022-01-21 00:00:00,44.98073,44.22073,45.16073,43.78073,45.81,0.00701,44690111,2006159059.0,-1.6677514463296457,44.97073
SH.600276,恒瑞医药,2022-01-24 00:00:00,43.78073,42.57073,44.21073,42.56073,44.128,0.01017,64881390,2842696793.0,-3.7312816862136957,44.22073
SH.600276,恒瑞医药,2022-01-25 00:00:00,42.38073,42.10073,43.06073,41.95073,43.649,0.00633,40394976,1745560670.0,-1.1040449623485407,42.57073
SH.600276,恒瑞医药,2022-01-26 00:00:00,42.42073,41.37073,42.56073,41.32073,42.905,0.00595,37931518,1612771176.0,-1.7339366799577987,42.10073
SH.600276,恒瑞医药,2022-01-27 00:00:00,41.37073,40.37073,41.55073,40.29073,41.885,0.0073,46565830,1935136844.0,-2.4171678865710127,41.37073
SH.600276,恒瑞医药,2022-01-28 00:00:00,40.37073,40.23073,40.83073,40.16073,41.743,0.00548,34936921,1440188010.0,-0.3467859015677957,40.37073
SH.600276,恒瑞医药,2022-02-07 00:00:00,40.74073,40.42073,40.93073,40.31073,41.936,0.00492,31371384,1296168803.0,0.4722757951446512,40.23073
SH.600276,恒瑞医药,2022-02-08 00:00:00,40.42073,41.00073,41.05073,39.98073,42.528,0.00487,31068155,1283466066.0,1.4349072864344565,40.42073
SH.600276,恒瑞医药,2022-02-09 00:00:00,40.98073,41.29073,41.42073,40.86073,42.823,0.00502,32053783,1342822006.0,0.7073044797007426,41.00073
SH.600276,恒瑞医药,2022-02-10 00:00:00,41.39073,40.85073,41.39073,40.62073,42.375,0.00402,25644223,1067112309.0,-1.0656144853820815,41.29073
SH.600276,恒瑞医药,2022-02-11 00:00:00,40.63073,40.54073,40.78073,39.86073,42.059,0.00583,37166244,1526796361.0,-0.7588603679787244,40.85073
SH.600276,恒瑞医药,2022-02-14 00:00:00,40.28073,39.03073,40.50073,38.98073,40.519,0.00842,53708185,2162387200.0,-3.7246492601391368,40.54073
SH.600276,恒瑞医药,2022-02-15 00:00:00,39.03073,40.48073,40.64073,38.88073,41.997,0.01012,64533024,2630811777.0,3.715021471543071,39.03073
SH.600276,恒瑞医药,2022-02-16 00:00:00,40.28073,39.85073,40.36073,39.68073,41.355,0.00757,48305457,1962479501.0,-1.556296045056506,40.48073
SH.600276,恒瑞医药,2022-02-17 00:00:00,39.86073,39.89073,40.15073,39.69073,41.27,0.00426,27164921,1104067990.0,0.10037457281208938,39.85073
SH.600276,恒瑞医药,2022-02-18 00:00:00,39.49073,40.24073,40.36073,39.32073,41.626,0.00504,32142190,1307024473.0,0.8773968287870425,39.89073
SH.600276,恒瑞医药,2022-02-21 00:00:00,40.08073,40.21073,40.43073,39.88073,41.595,0.00398,25357956,1035019827.0,-0.07455133144950685,40.24073
SH.600276,恒瑞医药,2022-02-22 00:00:00,40.21073,39.39073,40.21073,39.29073,40.762,0.00504,32138660,1291738284.0,-2.03925668596417,40.21073
SH.600276,恒瑞医药,2022-02-23 00:00:00,39.53073,40.18073,40.22073,39.46073,41.565,0.00527,33611766,1365148882.0,2.0055480058379196,39.39073
SH.600276,恒瑞医药,2022-02-24 00:00:00,39.95073,38.96073,40.02073,38.61073,40.325,0.00877,55965819,2238371833.0,-3.0362813219172446,40.18073
SH.600276,恒瑞医药,2022-02-25 00:00:00,39.17073,39.39073,40.46073,39.15073,40.762,0.00841,53627857,2166885497.0,1.1036754188127373,38.96073
SH.600276,恒瑞医药,2022-02-28 00:00:00,39.40073,39.36073,39.72073,39.08073,40.731,0.005,31926340,1279675446.0,-0.07616005085460752,39.39073
SH.600276,恒瑞医药,2022-03-01 00:00:00,39.36073,40.34073,40.57073,39.36073,41.727,0.00854,54467042,2225294402.0,2.4897912208437294,39.36073
SH.600276,恒瑞医药,2022-03-02 00:00:00,40.11073,39.89073,40.11073,39.70073,41.27,0.00435,27758955,1125487359.0,-1.1154979099287565,40.34073
SH.600276,恒瑞医药,2022-03-03 00:00:00,40.05073,39.43073,40.13073,39.38073,40.802,0.00447,28509153,1148449836.0,-1.1531501178343961,39.89073
SH.600276,恒瑞医药,2022-03-04 00:00:00,39.08073,39.06073,39.61073,38.79073,40.426,0.00506,32260730,1285642437.0,-0.9383544255964764,39.43073
SH.600276,恒瑞医药,2022-03-07 00:00:00,38.68073,36.83073,38.78073,36.74073,38.16,0.01087,69311821,2630507639.0,-5.7090586888673025,39.06073
SH.600276,恒瑞医药,2022-03-08 00:00:00,36.91073,35.96073,37.13073,35.79073,37.276,0.00746,47570733,1766240378.0,-2.3621579045541714,36.83073
SH.600276,恒瑞医药,2022-03-09 00:00:00,36.08073,35.32073,36.32073,33.98073,36.626,0.00876,55880042,2008901471.0,-1.779719154755759,35.96073
SH.600276,恒瑞医药,2022-03-10 00:00:00,36.08073,35.45073,36.38073,35.38073,36.758,0.0072,45915501,1677358432.0,0.3680558131159876,35.32073
SH.600276,恒瑞医药,2022-03-11 00:00:00,34.71073,36.90073,36.95073,34.51073,38.231,0.01112,70909883,2612620905.0,4.090183756441695,35.45073
SH.600276,恒瑞医药,2022-03-14 00:00:00,37.06073,36.68073,38.17073,36.68073,38.008,0.01065,67936056,2583986084.0,-0.5961941674324761,36.90073
SH.600276,恒瑞医药,2022-03-15 00:00:00,36.24073,35.41073,37.28073,35.28073,36.717,0.00907,57855569,2140443284.0,-3.462308410983086,36.68073
SH.600276,恒瑞医药,2022-03-16 00:00:00,35.93073,36.02073,36.28073,34.08073,37.337,0.01066,68026140,2444375845.0,1.722641696457541,35.41073
SH.600276,恒瑞医药,2022-03-17 00:00:00,36.38073,36.70073,37.50073,36.12073,38.028,0.0121,77190522,2899634548.0,1.8878018296686374,36.02073
SH.600276,恒瑞医药,2022-03-18 00:00:00,36.31073,36.78073,36.88073,36.08073,38.109,0.00879,56052304,2089064225.0,0.21797931539780896,36.70073
SH.600276,恒瑞医药,2022-03-21 00:00:00,36.93073,36.58073,37.16073,36.08073,37.906,0.00795,50742401,1889540505.0,-0.5437629976348912,36.78073
SH.600276,恒瑞医药,2022-03-22 00:00:00,36.58073,36.22073,36.93073,36.18073,37.54,0.00448,28588195,1060452476.0,-0.9841247017213691,36.58073
SH.600276,恒瑞医药,2022-03-23 00:00:00,36.38073,36.64073,37.11073,35.84073,37.967,0.00781,49846281,1856684783.0,1.1595569719329084,36.22073
SH.600276,恒瑞医药,2022-03-24 00:00:00,36.27073,36.92073,37.14073,35.91073,38.252,0.00902,57564842,2151785491.0,0.7641769145975017,36.64073
SH.600276,恒瑞医药,2022-03-25 00:00:00,36.71073,35.65073,36.93073,35.63073,36.961,0.00833,53161448,1962057129.0,-3.439801975746406,36.92073
SH.600276,恒瑞医药,2022-03-28 00:00:00,35.18073,35.18073,35.44073,34.78073,36.483,0.00505,32210268,1155486443.0,-1.3183460759429217,35.65073
SH.600276,恒瑞医药,2022-03-29 00:00:00,35.18073,35.20073,35.64073,34.94073,36.504,0.00429,27391297,987709144.0,0.05684930358182768,35.18073
SH.600276,恒瑞医药,2022-03-30 00:00:00,35.45073,36.70073,36.70073,34.98073,38.028,0.00917,58491887,2152907566.0,4.261275263325505,35.20073
SH.600276,恒瑞医药,2022-03-31 00:00:00,36.42073,36.10073,36.69073,36.01073,37.418,0.0063,40177028,1487363641.0,-1.6348448654836059,36.70073
SH.600276,恒瑞医药,2022-04-01 00:00:00,35.88073,36.06073,36.35073,35.35073,37.378,0.00587,37443074,1370014577.0,-0.11080108352379342,36.10073
SH.600276,恒瑞医药,2022-04-06 00:00:00,36.06073,35.53073,36.57073,35.39073,36.839,0.00676,43128708,1578928614.0,-1.4697428476905519,36.06073
SH.600276,恒瑞医药,2022-04-07 00:00:00,35.56073,34.60073,35.77073,34.58073,35.894,0.0062,39544602,1415977367.0,-2.617452554450752,35.53073
SH.600276,恒瑞医药,2022-04-08 00:00:00,34.37073,33.21073,34.55073,33.00073,34.481,0.01133,72302050,2472620995.0,-4.017256283321192,34.60073
SH.600276,恒瑞医药,2022-04-11 00:00:00,32.89073,32.080729999,33.13073,31.98073,33.333,0.00894,57015653,1890034295.0,-3.4025147926588764,33.21073
SH.600276,恒瑞医药,2022-04-12 00:00:00,32.07073,32.95073,33.080729999,31.57073,34.217,0.00927,59154910,1953807801.0,2.711908366882924,32.080729999
SH.600276,恒瑞医药,2022-04-13 00:00:00,32.650729999,32.92073,33.43073,32.50073,34.186,0.00577,36837657,1240858462.0,-0.0910450238887003,32.95073
SH.600276,恒瑞医药,2022-04-14 00:00:00,32.89073,33.10073,33.67073,32.88073,34.369,0.00484,30884478,1049640273.0,0.5467679483413634,32.92073
SH.600276,恒瑞医药,2022-04-15 00:00:00,33.080729999,33.37073,33.73073,32.92073,34.644,0.00522,33295778,1136145008.0,0.8156919802070925,33.10073
SH.600276,恒瑞医药,2022-04-18 00:00:00,33.18073,33.24073,33.24073,32.62073,34.512,0.00351,22362702,752971126.0,-0.3895629493271575,33.37073
SH.600276,恒瑞医药,2022-04-19 00:00:00,33.10073,32.39073,33.63073,32.20073,33.648,0.00633,40355756,1352366932.0,-2.5571038903176957,33.24073
SH.600276,恒瑞医药,2022-04-20 00:00:00,32.580729999,33.60073,34.45073,32.49073,34.878,0.01183,75469579,2593993618.0,3.7356367084039195,32.39073
SH.600276,恒瑞医药,2022-04-21 00:00:00,33.48073,32.45073,33.88073,32.20073,33.709,0.00739,47158907,1595108819.0,-3.422544688761222,33.60073
SH.600276,恒瑞医药,2022-04-22 00:00:00,32.24073,32.28073,32.88073,30.89073,33.536,0.0071,45291438,1476474295.0,-0.5238711116822387,32.45073
SH.600276,恒瑞医药,2022-04-25 00:00:00,29.43073,28.98073,30.07073,28.98073,44.394,0.0163,103961707,3110633028.0,-10.222817141991513,32.28073
SH.600276,恒瑞医药,2022-04-26 00:00:00,28.28073,27.02073,28.31073,26.96073,41.464,0.01698,108285815,3058649159.0,-6.763114662743143,28.98073
SH.600276,恒瑞医药,2022-04-27 00:00:00,26.29073,27.34073,27.44073,26.28073,41.943,0.0111,70800384,1962999084.0,1.1842759244476382,27.02073
SH.600276,恒瑞医药,2022-04-28 00:00:00,27.24073,27.73073,28.00073,27.08073,42.526,0.00897,57221982,1622101987.0,1.426443258830326,27.34073
SH.600276,恒瑞医药,2022-04-29 00:00:00,27.72073,28.76073,28.97073,27.65073,44.065,0.00894,57047871,1663750490.0,3.714290968899836,27.73073
SH.600276,恒瑞医药,2022-05-05 00:00:00,28.75073,28.96073,29.35073,28.50073,44.364,0.00724,46188213,1371251001.0,0.6953926412855406,28.76073
SH.600276,恒瑞医药,2022-05-06 00:00:00,28.38073,28.62073,29.23073,28.29073,43.856,0.00481,30703506,903735077.0,-1.1740035558496054,28.96073
SH.600276,恒瑞医药,2022-05-09 00:00:00,28.70073,28.58073,28.95073,28.40073,43.796,0.00316,20167425,592745761.0,-0.1397588391351274,28.62073
SH.600276,恒瑞医药,2022-05-10 00:00:00,27.79073,28.67073,28.88073,27.53073,43.931,0.00603,38485915,1116464433.0,0.3148974851237175,28.58073
SH.600276,恒瑞医药,2022-05-11 00:00:00,28.68073,29.23073,30.08073,28.68073,44.768,0.00899,57337252,1736999002.0,1.9532115157165593,28.67073
SH.600276,恒瑞医药,2022-05-12 00:00:00,29.04073,29.31073,29.55073,28.98073,44.887,0.00404,25754613,773784089.0,0.2736845778398223,29.23073
SH.600276,恒瑞医药,2022-05-13 00:00:00,30.10073,29.26073,30.18073,29.08073,44.813,0.00532,33940652,1025971943.0,-0.17058599359347484,29.31073
SH.600276,恒瑞医药,2022-05-16 00:00:00,29.56073,28.71073,29.80073,28.65073,43.991,0.00533,34003837,1012740478.0,-1.8796523531709468,29.26073
SH.600276,恒瑞医药,2022-05-17 00:00:00,28.88073,28.74073,29.06073,28.48073,44.035,0.0039,24848083,731592076.0,0.10449055109360711,28.71073
SH.600276,恒瑞医药,2022-05-18 00:00:00,28.84073,28.66073,28.98073,28.53073,43.916,0.00376,24016408,706870578.0,-0.27835061948669465,28.74073
SH.600276,恒瑞医药,2022-05-19 00:00:00,28.32073,28.53073,28.64073,28.16073,43.721,0.00372,23759665,691461477.0,-0.4535823058240406,28.66073
SH.600276,恒瑞医药,2022-05-20 00:00:00,28.83073,29.52073,29.63073,28.78073,45.201,0.00813,51871653,1559577735.0,3.4699427599644386,28.53073
SH.600276,恒瑞医药,2022-05-23 00:00:00,29.76073,29.38073,29.83073,29.24073,44.992,0.00461,29397007,885797220.0,-0.4742430149931949,29.52073
SH.600276,恒瑞医药,2022-05-24 00:00:00,29.36073,27.89073,29.38073,27.80073,42.765,0.00919,58591864,1713745147.0,-5.071351188346915,29.38073
SH.600276,恒瑞医药,2022-05-25 00:00:00,27.98073,28.21073,28.24073,27.78073,43.243,0.00504,32155012,926139634.0,1.147334616196852,27.89073
SH.600276,恒瑞医药,2022-05-26 00:00:00,28.26073,28.32073,28.74073,27.84073,43.408,0.00594,37868062,1097434046.0,0.38992255783526136,28.21073
SH.600276,恒瑞医药,2022-05-27 00:00:00,28.78073,29.06073,29.64073,28.64073,44.514,0.01193,76123100,2285393466.0,2.612926997291378,28.32073
SH.600276,恒瑞医药,2022-05-30 00:00:00,29.11073,28.99073,29.33073,28.74073,44.409,0.00606,38684402,1152252024.0,-0.24087488511128347,29.06073
SH.600276,恒瑞医药,2022-05-31 00:00:00,28.78073,29.60073,29.68073,28.63073,45.321,0.00886,56494051,1693806564.0,2.1041208689812207,28.99073
SH.600276,恒瑞医药,2022-06-01 00:00:00,29.61073,29.26073,29.73073,29.09073,44.813,0.00573,36527466,1097750079.0,-1.1486203211880244,29.60073
SH.600276,恒瑞医药,2022-06-02 00:00:00,29.20073,29.12073,29.21073,28.73073,44.603,0.00547,34885911,1035131182.0,-0.4784569626253363,29.26073
SH.600276,恒瑞医药,2022-06-06 00:00:00,29.04073,29.81073,29.95073,29.00073,45.635,0.00866,55250628,1670869625.0,2.3694460956164263,29.12073
SH.600276,恒瑞医药,2022-06-07 00:00:00,29.99073,30.47073,30.93073,29.74073,46.621,0.01195,76249975,2369006964.0,2.2139679236301832,29.81073
SH.600276,恒瑞医药,2022-06-08 00:00:00,30.54073,31.37073,32.18073,30.45073,47.967,0.01857,118483139,3791645367.0,2.9536542117632187,30.47073
SH.600276,恒瑞医药,2022-06-09 00:00:00,31.18073,30.23073,31.23073,30.17073,46.263,0.01018,64919431,2033859243.0,-3.6339607015839195,31.37073
SH.600276,恒瑞医药,2022-06-10 00:00:00,29.97073,30.84073,30.96073,29.97073,47.174,0.00879,56098475,1755262468.0,2.017814323372275,30.23073
SH.600276,恒瑞医药,2022-06-13 00:00:00,30.52073,30.58073,31.06073,30.32073,46.786,0.00698,44504711,1394654472.0,-0.8430410045417263,30.84073
SH.600276,恒瑞医药,2022-06-14 00:00:00,30.33073,30.90073,30.93073,29.73073,47.264,0.00775,49408309,1532096109.0,1.046410599092959,30.58073
SH.600276,恒瑞医药,2022-06-15 00:00:00,31.03073,31.88073,32.43073,30.93073,48.729,0.01428,91066874,2957312702.0,3.171446111467271,30.90073
SH.600276,恒瑞医药,2022-06-16 00:00:00,31.99073,31.89073,32.61073,31.790729999,48.744,0.01044,66595322,2187749412.0,0.03136691035619813,31.88073
SH.600276,恒瑞医药,2022-06-17 00:00:00,31.64073,32.650729999,33.06073,31.540729999,49.88,0.01161,74071780,2447536003.0,2.3831376672782274,31.89073
SH.600276,恒瑞医药,2022-06-20 00:00:00,32.80073,32.74073,33.24073,32.28073,50.014,0.01027,65497153,2189656709.0,0.275644682378484,32.650729999
SH.600276,恒瑞医药,2022-06-21 00:00:00,32.68073,32.290729999,32.68073,31.93073,49.342,0.00833,53150873,1755215717.0,-1.3744348430838267,32.74073
SH.600276,恒瑞医药,2022-06-22 00:00:00,32.38073,31.92073,32.78073,31.89073,48.789,0.00662,42260559,1394757029.0,-1.1458396852950037,32.290729999
SH.600276,恒瑞医药,2022-06-23 00:00:00,32.03073,32.21073,32.23073,31.78073,49.222,0.00545,34749308,1137979593.0,0.9085005261471124,31.92073
SH.600276,恒瑞医药,2022-06-24 00:00:00,32.21073,32.80073,33.06073,32.21073,50.104,0.00881,56187724,1880178762.0,1.831687763673793,32.21073
SH.600276,恒瑞医药,2022-06-27 00:00:00,33.03073,34.84073,35.36073,33.03073,53.153,0.01746,111401072,3917627812.0,6.219373776132418,32.80073
SH.600276,恒瑞医药,2022-06-28 00:00:00,34.83073,34.94073,35.11073,34.13073,53.303,0.00921,58781599,2074696753.0,0.28702039251187167,34.84073
SH.600276,恒瑞医药,2022-06-29 00:00:00,34.93073,34.80073,36.06073,34.38073,53.094,0.01299,82848347,2982831284.0,-0.40067852045449703,34.94073
SH.600276,恒瑞医药,2022-06-30 00:00:00,35.08073,36.37073,36.76073,35.03073,55.44,0.0135,86126325,3175985619.0,4.511399617191938,34.80073
SH.600276,恒瑞医药,2022-07-01 00:00:00,36.37073,38.22073,38.28073,36.14073,58.206,0.01568,100034565,3827228102.0,5.08650774950077,36.37073
SH.600276,恒瑞医药,2022-07-04 00:00:00,38.28073,40.45073,40.78073,37.09073,61.539,0.0222,141605359,5671015849.0,5.8345301097074715,38.22073
SH.600276,恒瑞医药,2022-07-05 00:00:00,40.0307,39.9507,40.6007,39.2707,60.553,0.01372,87550696,3539004354.0,-1.2361458000881627,40.45073
SH.600276,恒瑞医药,2022-07-06 00:00:00,40.0507,38.8607,41.0307,38.5907,58.923,0.01489,94999076,3808844859.0,-2.728362707036413,39.9507
SH.600276,恒瑞医药,2022-07-07 00:00:00,38.4707,38.0907,38.8407,37.4507,57.772,0.0112,71418756,2757359948.0,-1.9814362582248983,38.8607
SH.600276,恒瑞医药,2022-07-08 00:00:00,38.4307,37.8907,38.7407,37.7407,57.473,0.00735,46915445,1815851563.0,-0.5250625480760284,38.0907
SH.600276,恒瑞医药,2022-07-11 00:00:00,37.9007,37.5107,38.3407,36.7207,56.905,0.00925,59025764,2234277973.0,-1.0028846128469584,37.8907
SH.600276,恒瑞医药,2022-07-12 00:00:00,37.5007,36.3107,37.6007,36.3007,55.112,0.0087,55510986,2064586720.0,-3.1990871937873804,37.5107
SH.600276,恒瑞医药,2022-07-13 00:00:00,36.3107,36.4207,36.6407,36.0207,55.276,0.00593,37840600,1396193589.0,0.30294100637002164,36.3107
SH.600276,恒瑞医药,2022-07-14 00:00:00,36.6407,37.9707,38.2707,36.6407,57.593,0.01185,75620590,2894945195.0,4.25582155202949,36.4207
SH.600276,恒瑞医药,2022-07-15 00:00:00,37.7407,36.6807,38.2307,36.6607,55.665,0.00766,48843622,1851315693.0,-3.397356382684541,37.9707
SH.600276,恒瑞医药,2022-07-18 00:00:00,36.6407,37.3707,37.4907,36.0607,56.696,0.00604,38523036,1444454140.0,1.8810982342212599,36.6807
SH.600276,恒瑞医药,2022-07-19 00:00:00,37.3107,37.0807,37.7607,36.6107,56.263,0.00533,33988854,1280131201.0,-0.7760090124081143,37.3707
SH.600276,恒瑞医药,2022-07-20 00:00:00,37.3407,37.4607,37.9007,37.1407,56.831,0.00561,35770240,1361588940.0,1.024791872861091,37.0807
SH.600276,恒瑞医药,2022-07-21 00:00:00,37.3907,38.1407,38.3907,37.1207,57.847,0.00692,44110802,1690511410.0,1.8152357003472963,37.4607
SH.600276,恒瑞医药,2022-07-22 00:00:00,38.1407,38.4407,39.0907,37.9307,58.295,0.00815,52003928,2035446487.0,0.7865613373640158,38.1407
SH.600276,恒瑞医药,2022-07-25 00:00:00,38.4407,37.9207,38.8207,37.7607,57.518,0.00413,26374181,1018720183.0,-1.3527329106910206,38.4407
SH.600276,恒瑞医药,2022-07-26 00:00:00,37.9507,35.6107,38.4407,35.4407,54.065,0.01564,99768428,3651388347.0,-6.091659700374717,37.9207
SH.600276,恒瑞医药,2022-07-27 00:00:00,35.4407,35.6707,36.3507,35.3407,54.155,0.00587,37437943,1359549314.0,0.16848868458074445,35.6107
SH.600276,恒瑞医药,2022-07-28 00:00:00,35.5607,35.5407,35.9307,34.9407,53.961,0.00684,43647016,1572673134.0,-0.36444476839533696,35.6707
SH.600276,恒瑞医药,2022-07-29 00:00:00,35.5607,34.7307,35.8407,34.6207,52.75,0.00591,37716187,1344080545.0,-2.279077226953893,35.5407
SH.600276,恒瑞医药,2022-08-01 00:00:00,34.7207,34.6207,35.0207,34.0507,52.585,0.00413,26327807,925327275.0,-0.316722668993137,34.7307
SH.600276,恒瑞医药,2022-08-02 00:00:00,34.4407,33.6407,34.4407,33.3207,51.121,0.00716,45681772,1564950103.0,-2.8306764450169895,34.6207
SH.600276,恒瑞医药,2022-08-03 00:00:00,33.6807,34.1407,34.6907,33.6807,51.868,0.00576,36713307,1277925186.0,1.486294874958012,33.6407
SH.600276,恒瑞医药,2022-08-04 00:00:00,34.4307,36.1507,36.2007,34.3907,54.872,0.01008,64300241,2330624975.0,5.887401254221495,34.1407
SH.600276,恒瑞医药,2022-08-05 00:00:00,36.3807,37.4707,37.5307,36.3507,56.846,0.00941,59997612,2269357410.0,3.6513815776734617,36.1507
SH.600276,恒瑞医药,2022-08-08 00:00:00,37.6207,37.5307,37.9907,36.9507,56.935,0.00546,34808447,1320758199.0,0.16012511108680189,37.4707
SH.600276,恒瑞医药,2022-08-09 00:00:00,37.4407,36.7707,37.4407,36.4907,55.799,0.0044,28071991,1048184781.0,-2.0250088594137736,37.5307
SH.600276,恒瑞医药,2022-08-10 00:00:00,36.7407,36.2907,36.9907,35.8707,55.082,0.00517,32982139,1213273947.0,-1.3053871696758474,36.7707
SH.600276,恒瑞医药,2022-08-11 00:00:00,36.4407,36.8707,37.1007,36.0607,55.949,0.00516,32924260,1224963358.0,1.5982056008839685,36.2907
SH.600276,恒瑞医药,2022-08-12 00:00:00,36.8507,36.8807,37.2407,36.5407,55.964,0.00356,22688667,849341902.0,0.027121806746272816,36.8707
SH.600276,恒瑞医药,2022-08-15 00:00:00,36.8107,36.3407,37.0907,36.3207,55.156,0.00406,25924769,959893241.0,-1.4641804521063841,36.8807
SH.600276,恒瑞医药,2022-08-16 00:00:00,36.3407,35.8907,36.8707,35.8007,54.484,0.00416,26536787,976069807.0,-1.2382810457696074,36.3407
SH.600276,恒瑞医药,2022-08-17 00:00:00,35.7407,36.0707,36.3007,35.5907,54.753,0.00405,25807037,942589784.0,0.5015226785769007,35.8907
SH.600276,恒瑞医药,2022-08-18 00:00:00,35.8607,35.4807,36.0407,35.1607,53.871,0.0043,27433098,989327210.0,-1.6356766017848374,36.0707
SH.600276,恒瑞医药,2022-08-19 00:00:00,35.3307,35.3407,35.8307,35.2407,53.662,0.00364,23214454,836152766.0,-0.39458071571305126,35.4807
SH.600276,恒瑞医药,2022-08-22 00:00:00,33.9507,34.4807,34.9707,33.0407,56.153,0.00948,60442002,2096241563.0,-2.433454911758962,35.3407
SH.600276,恒瑞医药,2022-08-23 00:00:00,34.4707,34.0607,35.0707,33.8707,55.48,0.00514,32782976,1138095496.0,-1.2180727189413258,34.4807
SH.600276,恒瑞医药,2022-08-24 00:00:00,34.0607,33.9207,34.6907,33.9007,55.256,0.00438,27963517,973119540.0,-0.41103089484361915,34.0607
SH.600276,恒瑞医药,2022-08-25 00:00:00,33.9807,34.4307,34.5807,33.3307,56.073,0.00413,26356437,909505289.0,1.5035067082931812,33.9207
SH.600276,恒瑞医药,2022-08-26 00:00:00,34.5307,34.2107,34.7707,34.1407,55.721,0.00332,21209525,740108568.0,-0.6389646449244392,34.4307
SH.600276,恒瑞医药,2022-08-29 00:00:00,33.5907,33.670699999,34.0507,33.490699999,54.855,0.00276,17626560,604223502.0,-1.5784535276974827,34.2107
SH.600276,恒瑞医药,2022-08-30 00:00:00,33.700699999,33.1107,34.0107,32.8407,53.958,0.00485,30931638,1043745825.0,-1.6631670830028193,33.670699999
SH.600276,恒瑞医药,2022-08-31 00:00:00,32.8607,34.1007,34.4307,32.8207,55.544,0.00559,35654624,1222592393.0,2.9899700096947575,33.1107
SH.600276,恒瑞医药,2022-09-01 00:00:00,34.0907,33.7807,34.3007,33.5307,55.032,0.0038,24254686,838039092.0,-0.9383971590026019,34.1007
SH.600276,恒瑞医药,2022-09-02 00:00:00,33.9307,33.3407,34.6207,33.1407,54.326,0.00417,26619403,912248135.0,-1.3025188939246515,33.7807
SH.600276,恒瑞医药,2022-09-05 00:00:00,33.240699999,33.170699999,33.5407,32.740699999,54.054,0.00348,22220387,746249973.0,-0.5098873179027382,33.3407
SH.600276,恒瑞医药,2022-09-06 00:00:00,33.3707,33.3207,33.6407,33.060699999,54.294,0.00283,18024431,610337253.0,0.45220631763732533,33.170699999
SH.600276,恒瑞医药,2022-09-07 00:00:00,33.0407,32.8707,33.1607,32.600699999,53.573,0.00389,24783801,828041581.0,-1.3505118439888801,33.3207
SH.600276,恒瑞医药,2022-09-08 00:00:00,33.0407,33.170699999,33.8407,32.9407,54.054,0.0043,27455526,933286783.0,0.9126669009178406,32.8707
SH.600276,恒瑞医药,2022-09-09 00:00:00,33.100699999,34.2207,34.3107,33.100699999,55.737,0.00649,41417442,1429733375.0,3.1654442053729803,33.170699999
SH.600276,恒瑞医药,2022-09-13 00:00:00,34.2407,34.9607,35.0907,34.0207,56.923,0.00568,36234031,1281773076.0,2.1624338485185928,34.2207
SH.600276,恒瑞医药,2022-09-14 00:00:00,34.5307,35.1207,35.2607,34.1607,57.179,0.00457,29178732,1030476158.0,0.45765674028265046,34.9607
SH.600276,恒瑞医药,2022-09-15 00:00:00,35.3307,34.9307,35.4307,34.8407,56.875,0.00431,27519277,980584351.0,-0.5409914950442267,35.1207
SH.600276,恒瑞医药,2022-09-16 00:00:00,34.9407,34.2707,35.1207,34.1707,55.817,0.00496,31629556,1112700148.0,-1.8894554074209897,34.9307
SH.600276,恒瑞医药,2022-09-19 00:00:00,34.3607,34.1307,34.7607,33.8507,55.592,0.00314,20049469,697982775.0,-0.4085122276463585,34.2707
SH.600276,恒瑞医药,2022-09-20 00:00:00,34.1507,33.5707,34.4007,33.3907,54.695,0.00317,20223730,693165029.0,-1.640751581420818,34.1307
SH.600276,恒瑞医药,2022-09-21 00:00:00,33.5707,32.8707,33.670699999,32.6907,53.573,0.00456,29076191,976866242.0,-2.0851516352057087,33.5707
SH.600276,恒瑞医药,2022-09-22 00:00:00,32.5407,32.0807,33.0107,31.7707,52.307,0.00489,31204576,1024440987.0,-2.40335618042816,32.8707
SH.600276,恒瑞医药,2022-09-23 00:00:00,31.9407,32.3707,33.100699999,31.8007,52.772,0.00536,34193106,1132384228.0,0.9039702998999372,32.0807
SH.600276,恒瑞医药,2022-09-26 00:00:00,32.3707,31.3407,32.740699999,31.3207,51.121,0.00542,34576805,1121133168.0,-3.1818897954014007,32.3707
SH.600276,恒瑞医药,2022-09-27 00:00:00,31.4607,33.0907,33.1407,31.3407,53.926,0.00728,46468107,1528691628.0,5.583793597462725,31.3407
SH.600276,恒瑞医药,2022-09-28 00:00:00,33.0707,32.9107,33.4307,32.6507,53.637,0.00466,29700983,999888265.0,-0.5439594810626542,33.0907
SH.600276,恒瑞医药,2022-09-29 00:00:00,33.3307,34.4107,35.3807,33.0307,56.041,0.00913,58271432,2046418485.0,4.5577881965439815,32.9107
SH.600276,恒瑞医药,2022-09-30 00:00:00,34.4007,34.5407,35.0307,34.1407,56.25,0.00537,34258836,1206056702.0,0.37778946664846275,34.4107
SH.600276,恒瑞医药,2022-10-10 00:00:00,34.4407,33.700699999,34.7907,33.670699999,54.903,0.00489,31217084,1078462403.0,-2.431913658379824,34.5407
SH.600276,恒瑞医药,2022-10-11 00:00:00,33.9907,33.5407,34.0207,33.2907,54.647,0.00313,19941630,681601746.0,-0.47476758347674597,33.700699999
SH.600276,恒瑞医药,2022-10-12 00:00:00,33.4407,32.6907,33.560699999,31.560699999,53.285,0.00657,41896196,1378197494.0,-2.5342345270074906,33.5407
SH.600276,恒瑞医药,2022-10-13 00:00:00,32.5407,33.9807,34.4107,32.3907,55.352,0.00624,39785398,1366707323.0,3.946076407051544,32.6907
SH.600276,恒瑞医药,2022-10-14 00:00:00,34.4407,37.4307,37.4307,34.3907,60.881,0.0149,95015743,3531437663.0,10.152822043100945,33.9807
SH.600276,恒瑞医药,2022-10-17 00:00:00,37.6707,38.9907,39.8407,37.6707,63.381,0.0222,141594113,5591331348.0,4.167701913135461,37.4307
SH.600276,恒瑞医药,2022-10-18 00:00:00,38.9907,38.9007,39.5907,38.2207,63.237,0.01296,82703342,3263104973.0,-0.2308242734805898,38.9907
SH.600276,恒瑞医药,2022-10-19 00:00:00,38.8907,38.4407,39.2607,37.9407,62.5,0.00862,55016799,2151997768.0,-1.182498001321315,38.9007
SH.600276,恒瑞医药,2022-10-20 00:00:00,38.0007,38.6207,40.1007,37.9407,62.788,0.01351,86164577,3424168327.0,0.46825369985458043,38.4407
SH.600276,恒瑞医药,2022-10-21 00:00:00,38.1407,39.4107,39.6207,38.0407,64.054,0.011,70174649,2773911827.0,2.045535166374507,38.6207
SH.600276,恒瑞医药,2022-10-24 00:00:00,39.4407,38.4207,39.8107,38.2207,62.467,0.01061,67690469,2666736980.0,-2.5120081602204527,39.4107
SH.600276,恒瑞医药,2022-10-25 00:00:00,38.1007,37.5607,38.5107,36.8607,61.089,0.00792,50504465,1931271723.0,-2.2383767083889663,38.4207
SH.600276,恒瑞医药,2022-10-26 00:00:00,37.5507,39.1607,39.7407,37.5307,63.653,0.01151,73405841,2912454130.0,4.259771516505287,37.5607
SH.600276,恒瑞医药,2022-10-27 00:00:00,39.1607,39.1607,39.5907,38.6407,63.653,0.00796,50758576,2018515314.0,0.0,39.1607
SH.600276,恒瑞医药,2022-10-28 00:00:00,39.0407,38.3907,39.8307,38.2707,62.419,0.00879,56042171,2216507437.0,-1.9662569872346407,39.1607
SH.600276,恒瑞医药,2022-10-31 00:00:00,37.6007,39.6407,39.9407,37.5907,73.357,0.01154,73643088,2943740835.0,3.2559968950813603,38.3907
SH.600276,恒瑞医药,2022-11-01 00:00:00,39.5207,40.9307,41.0207,38.9707,75.711,0.01309,83485570,3386698861.0,3.254231131135422,39.6407
SH.600276,恒瑞医药,2022-11-02 00:00:00,40.6407,41.4207,42.6507,40.3307,76.605,0.01481,94480798,3990735923.0,1.1971454189642368,40.9307
SH.600276,恒瑞医药,2022-11-03 00:00:00,40.9907,41.5307,42.0007,40.5107,76.806,0.00799,50993469,2126220579.0,0.26556769924218215,41.4207
SH.600276,恒瑞医药,2022-11-04 00:00:00,41.2407,41.2407,42.0007,41.0907,76.277,0.00836,53343596,2237835762.0,-0.6982786228019422,41.5307
SH.600276,恒瑞医药,2022-11-07 00:00:00,41.1907,41.4307,41.5207,40.6507,76.624,0.00755,48156312,2004142720.0,0.46070992975387143,41.2407
SH.600276,恒瑞医药,2022-11-08 00:00:00,41.4007,40.1407,41.4007,39.9707,74.27,0.00919,58638621,2398733014.0,-3.113633127125535,41.4307
SH.600276,恒瑞医药,2022-11-09 00:00:00,40.1407,40.1907,40.8407,39.8707,74.361,0.0052,33197794,1357326740.0,0.12456185367967464,40.1407
SH.600276,恒瑞医药,2022-11-10 00:00:00,39.9407,39.6307,40.5907,39.4707,73.339,0.00501,31987722,1294465502.0,-1.393357169693492,40.1907
SH.600276,恒瑞医药,2022-11-11 00:00:00,40.4807,38.6607,40.9007,38.6607,71.569,0.01064,67849700,2733982968.0,-2.4475974433961523,39.6307
SH.600276,恒瑞医药,2022-11-14 00:00:00,38.7807,40.2007,40.5707,38.7107,74.379,0.00891,56839680,2296583744.0,3.9833732963965973,38.6607
SH.600276,恒瑞医药,2022-11-15 00:00:00,40.2107,39.6807,40.2207,39.1907,73.43,0.00753,48004289,1930623270.0,-1.2935098145057078,40.2007
SH.600276,恒瑞医药,2022-11-16 00:00:00,39.6807,39.9407,41.0207,39.0707,73.905,0.00747,47633055,1936993184.0,0.6552303764802486,39.6807
SH.600276,恒瑞医药,2022-11-17 00:00:00,39.7407,39.8407,40.5507,39.4407,73.722,0.00435,27768265,1120911720.0,-0.2503711752673374,39.9407
SH.600276,恒瑞医药,2022-11-18 00:00:00,39.9307,39.7107,40.7407,39.6307,73.485,0.00547,34911340,1417054520.0,-0.3262994877097929,39.8407
SH.600276,恒瑞医药,2022-11-21 00:00:00,39.2407,40.2307,40.5207,38.6407,74.434,0.00656,41837061,1684539001.0,1.309470747178962,39.7107
SH.600276,恒瑞医药,2022-11-22 00:00:00,40.2707,39.3607,41.1907,39.2107,72.846,0.0064,40809956,1653432493.0,-2.162527621940452,40.2307
SH.600276,恒瑞医药,2022-11-23 00:00:00,39.1307,38.9407,39.3307,38.5007,72.08,0.00439,27988278,1104218482.0,-1.0670541936500155,39.3607
SH.600276,恒瑞医药,2022-11-24 00:00:00,39.0607,38.8107,39.5507,38.2507,71.843,0.00445,28407498,1116046415.0,-0.3338409427668289,38.9407
SH.600276,恒瑞医药,2022-11-25 00:00:00,38.6207,39.0707,39.2407,38.2407,72.317,0.0039,24863939,981440210.0,0.6699183472599184,38.8107
SH.600276,恒瑞医药,2022-11-28 00:00:00,38.3407,38.6207,38.9107,38.0507,71.496,0.00408,26013507,1014566782.0,-1.1517582229138532,39.0707
SH.600276,恒瑞医药,2022-11-29 00:00:00,38.8607,39.4907,39.6607,38.5307,73.083,0.00432,27573327,1099869108.0,2.2526779680326805,38.6207
SH.600276,恒瑞医药,2022-11-30 00:00:00,39.4907,39.2707,39.7407,39.0407,72.682,0.0046,29326372,1170428278.0,-0.5570931890293129,39.4907
SH.600276,恒瑞医药,2022-12-01 00:00:00,39.6607,39.9107,40.4007,39.2407,73.85,0.00595,37955816,1530958402.0,1.6297137560573165,39.2707
SH.600276,恒瑞医药,2022-12-02 00:00:00,39.8707,39.9407,40.3507,39.6707,73.905,0.00393,25060329,1017634127.0,0.07516781214060675,39.9107
SH.600276,恒瑞医药,2022-12-05 00:00:00,39.9407,39.3207,40.3007,39.0407,72.773,0.00711,45331741,1820773517.0,-1.5523012866574633,39.9407
SH.600276,恒瑞医药,2022-12-06 00:00:00,39.1407,39.3207,39.9407,39.1207,72.773,0.0043,27430804,1098865540.0,0.0,39.3207
SH.600276,恒瑞医药,2022-12-07 00:00:00,39.2407,40.0207,40.3207,38.7807,74.051,0.00621,39600331,1594275196.0,1.780232803586904,39.3207
SH.600276,恒瑞医药,2022-12-08 00:00:00,40.0107,38.3107,40.0207,38.3007,70.93,0.00961,61277745,2415374745.0,-4.272788831779557,40.0207
SH.600276,恒瑞医药,2022-12-09 00:00:00,38.3807,38.2607,38.7407,38.1407,70.839,0.00642,40982699,1597863492.0,-0.1305118413393573,38.3107
SH.600276,恒瑞医药,2022-12-12 00:00:00,38.3407,38.3207,38.9907,37.9407,70.948,0.00591,37690011,1469815693.0,0.15681887681093726,38.2607
SH.600276,恒瑞医药,2022-12-13 00:00:00,38.3307,37.8207,38.4407,37.3007,70.036,0.00603,38459977,1470661682.0,-1.3047778354779531,38.3207
SH.600276,恒瑞医药,2022-12-14 00:00:00,37.8207,37.8807,38.0207,37.2407,70.145,0.00412,26294084,1005170476.0,0.15864328264679173,37.8207
SH.600276,恒瑞医药,2022-12-15 00:00:00,37.6207,37.4007,38.2407,37.3007,69.27,0.00334,21286504,810989449.0,-1.2671360349729464,37.8807
SH.600276,恒瑞医药,2022-12-16 00:00:00,37.2507,37.4407,37.4907,37.1507,69.343,0.0039,24909248,943216013.0,0.10694986992221842,37.4007
SH.600276,恒瑞医药,2022-12-19 00:00:00,37.5207,36.6307,37.6807,36.5207,67.864,0.00457,29134505,1089921474.0,-2.163421089883475,37.4407
SH.600276,恒瑞医药,2022-12-20 00:00:00,36.6107,35.9507,36.9207,35.9407,66.624,0.00436,27843799,1023223014.0,-1.8563663812048357,36.6307
SH.600276,恒瑞医药,2022-12-21 00:00:00,35.9507,35.5807,36.1307,35.3707,65.948,0.00394,25131327,910631428.0,-1.0291871924607796,35.9507
SH.600276,恒瑞医药,2022-12-22 00:00:00,35.8907,36.0707,36.7907,35.7007,66.843,0.00558,35620632,1309943892.0,1.3771510959593318,35.5807
SH.600276,恒瑞医药,2022-12-23 00:00:00,35.7507,36.1907,36.3707,35.6407,67.062,0.0034,21684520,793292486.0,0.3326799868036867,36.0707
SH.600276,恒瑞医药,2022-12-26 00:00:00,36.1507,37.0007,37.4407,36.1207,68.54,0.00496,31640183,1188097328.0,2.238144053582833,36.1907
SH.600276,恒瑞医药,2022-12-27 00:00:00,37.3207,36.5107,37.3307,36.3207,67.645,0.00502,32014023,1187739097.0,-1.3242992700138159,37.0007
SH.600276,恒瑞医药,2022-12-28 00:00:00,36.4307,36.8407,37.2907,36.3607,68.248,0.00388,24749478,927033305.0,0.9038446263697992,36.5107
SH.600276,恒瑞医药,2022-12-29 00:00:00,36.6907,37.5707,37.7507,36.4907,69.58,0.0056,35750843,1356125789.0,1.981504151658367,36.8407
SH.600276,恒瑞医药,2022-12-30 00:00:00,37.6107,37.9707,38.2907,37.6107,70.31,0.00443,28241127,1088042969.0,1.0646594287569797,37.5707
SH.600276,恒瑞医药,2023-01-03 00:00:00,38.0607,37.8807,38.4907,37.5507,70.145,0.00404,25756493,991614860.0,-0.23702486390823294,37.9707
SH.600276,恒瑞医药,2023-01-04 00:00:00,38.0707,38.2107,38.4307,37.8507,70.748,0.00404,25766800,997834534.0,0.8711560240439206,37.8807
SH.600276,恒瑞医药,2023-01-05 00:00:00,38.4407,38.9907,39.3107,38.1507,72.171,0.0064,40846418,1613986781.0,2.0413130353539555,38.2107
SH.600276,恒瑞医药,2023-01-06 00:00:00,39.1407,38.7507,39.2807,38.6507,71.733,0.00314,20010679,787437452.0,-0.6155313959482515,38.9907
SH.600276,恒瑞医药,2023-01-09 00:00:00,38.7207,38.9907,39.2407,38.2107,72.171,0.00515,32836027,1293593370.0,0.6193436505662991,38.7507
SH.600276,恒瑞医药,2023-01-10 00:00:00,38.9707,38.8207,39.3407,38.7407,71.861,0.00587,37450772,1480991442.0,-0.43600140546334026,38.9907
SH.600276,恒瑞医药,2023-01-11 00:00:00,38.8207,37.8907,39.0907,37.7707,70.164,0.00833,53157259,2068893230.0,-2.3956291360021837,38.8207
SH.600276,恒瑞医药,2023-01-12 00:00:00,37.9107,37.2307,37.9807,37.1807,68.959,0.00776,49527676,1882797072.0,-1.7418522223131365,37.8907
SH.600276,恒瑞医药,2023-01-13 00:00:00,37.8907,38.7107,38.9507,37.2807,71.66,0.0111,70816302,2763485912.0,3.9752140034971246,37.2307
SH.600276,恒瑞医药,2023-01-16 00:00:00,38.7107,42.5707,42.6407,38.7107,78.704,0.02161,137880485,5856679147.0,9.971403255430666,38.7107
SH.600276,恒瑞医药,2023-01-17 00:00:00,42.2307,41.6207,42.7707,41.3207,76.97,0.01324,84431216,3578996621.0,-2.2315818156619525,42.5707
SH.600276,恒瑞医药,2023-01-18 00:00:00,41.7207,41.0107,42.1007,40.7707,75.857,0.00849,54131292,2257341222.0,-1.4656168685293602,41.6207
SH.600276,恒瑞医药,2023-01-19 00:00:00,41.6007,43.0807,44.2107,41.1007,79.635,0.01716,109486409,4757344051.0,5.047463223012532,41.0107
SH.600276,恒瑞医药,2023-01-20 00:00:00,43.1207,42.9807,44.3207,42.8307,79.452,0.00835,53246467,2337576257.0,-0.23212250497322795,43.0807
SH.600276,恒瑞医药,2023-01-30 00:00:00,43.3407,42.6907,43.8807,42.5307,78.923,0.00779,49662346,2164334277.0,-0.674721444741475,42.9807
SH.600276,恒瑞医药,2023-01-31 00:00:00,42.7107,41.6507,43.2407,41.5807,77.025,0.00641,40917558,1742218997.0,-2.4361277749017916,42.6907
SH.600276,恒瑞医药,2023-02-01 00:00:00,41.6707,42.0807,42.1407,41.4207,77.81,0.00621,39641365,1680608255.0,1.0323956139992838,41.6507
SH.600276,恒瑞医药,2023-02-02 00:00:00,42.1407,42.4407,43.5407,41.8907,78.467,0.01024,65348651,2842278053.0,0.8554990767739116,42.0807
SH.600276,恒瑞医药,2023-02-03 00:00:00,42.5107,42.2407,43.0307,42.1607,78.102,0.00781,49801817,2146527069.0,-0.4712457617334371,42.4407
SH.600276,恒瑞医药,2023-02-06 00:00:00,42.2407,41.9307,42.4107,41.3407,77.536,0.00594,37917265,1603885946.0,-0.7338893531593823,42.2407
SH.600276,恒瑞医药,2023-02-07 00:00:00,41.8307,41.5407,42.6207,41.2807,76.824,0.00482,30763310,1303480006.0,-0.93010610364244,41.9307
SH.600276,恒瑞医药,2023-02-08 00:00:00,41.6307,42.4007,42.9407,41.5907,78.394,0.00665,42394935,1824844440.0,2.0702588064235785,41.5407
SH.600276,恒瑞医药,2023-02-09 00:00:00,42.2607,43.0907,43.3107,42.1107,79.653,0.00585,37302195,1623294430.0,1.6273316242420472,42.4007
SH.600276,恒瑞医药,2023-02-10 00:00:00,43.0807,43.0407,43.4007,42.6707,79.562,0.00438,27969963,1220159160.0,-0.11603431830997676,43.0907
SH.600276,恒瑞医药,2023-02-13 00:00:00,43.7507,44.4107,45.4307,43.7507,82.062,0.01023,65267726,2952331992.0,3.183033733187419,43.0407
SH.600276,恒瑞医药,2023-02-14 00:00:00,44.3707,44.6607,44.8407,43.9807,82.518,0.00517,32976250,1484295714.0,0.5629274026304472,44.4107
SH.600276,恒瑞医药,2023-02-15 00:00:00,44.6407,44.2507,44.9707,43.8907,81.77,0.00422,26946978,1207715800.0,-0.9180330805383629,44.6607
SH.600276,恒瑞医药,2023-02-16 00:00:00,44.2407,43.2307,44.5107,42.7507,79.908,0.00719,45881524,2028582882.0,-2.305048281722104,44.2507
SH.600276,恒瑞医药,2023-02-17 00:00:00,43.1407,43.6107,44.3407,42.8207,80.602,0.0062,39571599,1758055625.0,0.879004966378066,43.2307
SH.600276,恒瑞医药,2023-02-20 00:00:00,43.6007,44.6607,44.8907,43.1307,82.518,0.00721,45992311,2057766373.0,2.4076660085712844,43.6107
SH.600276,恒瑞医药,2023-02-21 00:00:00,44.4607,43.9407,44.8807,43.7407,81.204,0.00529,33743404,1509418242.0,-1.6121556536283554,44.6607
SH.600276,恒瑞医药,2023-02-22 00:00:00,43.8407,43.5507,44.2407,43.4407,80.492,0.00349,22247659,987207396.0,-0.8875598249458944,43.9407
SH.600276,恒瑞医药,2023-02-23 00:00:00,43.4607,42.9607,43.7607,42.6207,79.416,0.00528,33706211,1466260510.0,-1.3547428629160871,43.5507
SH.600276,恒瑞医药,2023-02-24 00:00:00,42.8307,42.6307,43.6307,42.5307,78.813,0.00373,23817826,1035285454.0,-0.7681439082696636,42.9607
SH.600276,恒瑞医药,2023-02-27 00:00:00,42.3407,42.5707,42.8407,42.0407,78.704,0.00424,27040102,1165183030.0,-0.14074364249237092,42.6307
SH.600276,恒瑞医药,2023-02-28 00:00:00,42.6707,42.9407,43.8707,42.3607,79.379,0.00515,32849451,1425000851.0,0.8691423913630677,42.5707
SH.600276,恒瑞医药,2023-03-01 00:00:00,42.8707,43.2107,43.5807,42.6207,79.872,0.00416,26521282,1160326142.0,0.6287741000961865,42.9407
SH.600276,恒瑞医药,2023-03-02 00:00:00,42.9307,42.6307,43.2107,42.3207,78.813,0.00362,23068576,996391536.0,-1.3422601346425895,43.2107
SH.600276,恒瑞医药,2023-03-03 00:00:00,42.6007,42.8407,43.4207,42.5407,79.197,0.00298,19015612,828331823.0,0.49260274872333987,42.6307
SH.600276,恒瑞医药,2023-03-06 00:00:00,42.9407,42.8607,43.2007,42.5207,79.233,0.00331,21086872,914437005.0,0.04668457798309348,42.8407
SH.600276,恒瑞医药,2023-03-07 00:00:00,42.8407,41.5607,43.2407,41.5507,76.861,0.00524,33438682,1427706842.0,-3.0330815875615755,42.8607
SH.600276,恒瑞医药,2023-03-08 00:00:00,41.5507,41.4007,41.7707,41.0307,76.569,0.00424,27051028,1132653787.0,-0.38497907879317866,41.5607
SH.600276,恒瑞医药,2023-03-09 00:00:00,41.3707,41.1707,41.6707,41.1407,76.149,0.00277,17677388,741253794.0,-0.5555461622629665,41.4007
SH.600276,恒瑞医药,2023-03-10 00:00:00,40.8007,41.3007,41.6507,40.7707,76.386,0.00326,20826778,871034044.0,0.3157585370178369,41.1707
SH.600276,恒瑞医药,2023-03-13 00:00:00,40.9707,40.8607,41.3407,40.6507,75.583,0.00399,25468854,1057253671.0,-1.0653572457609621,41.3007
SH.600276,恒瑞医药,2023-03-14 00:00:00,40.8607,40.9207,41.9007,40.7207,75.693,0.0052,33139474,1385033745.0,0.14684036249989638,40.8607
SH.600276,恒瑞医药,2023-03-15 00:00:00,41.2907,40.8207,41.7107,40.7007,75.51,0.00332,21209571,883570353.0,-0.24437509622268028,40.9207
SH.600276,恒瑞医药,2023-03-16 00:00:00,40.5907,40.6307,41.3907,40.5007,75.164,0.00289,18424765,764647466.0,-0.4654501270189017,40.8207
SH.600276,恒瑞医药,2023-03-17 00:00:00,40.9907,40.2607,41.2307,40.1407,74.489,0.00608,38771555,1594954443.0,-0.9106414607673446,40.6307
SH.600276,恒瑞医药,2023-03-20 00:00:00,40.3207,39.8407,40.5307,39.5307,73.722,0.00525,33513318,1356733045.0,-1.0432009378873235,40.2607
SH.600276,恒瑞医药,2023-03-21 00:00:00,39.7907,41.0407,41.2207,39.7907,75.912,0.00523,33389663,1381649367.0,3.0119952711674314,39.8407
SH.600276,恒瑞医药,2023-03-22 00:00:00,41.0507,42.0707,42.2007,41.0507,77.791,0.00519,33114424,1400488361.0,2.5097037818555754,41.0407
SH.600276,恒瑞医药,2023-03-23 00:00:00,42.0307,42.1107,42.4007,41.7307,77.864,0.00412,26265561,1119244842.0,0.09507804719198669,42.0707
SH.600276,恒瑞医药,2023-03-24 00:00:00,42.0407,41.1407,42.3107,41.0707,76.094,0.00407,25985641,1090994993.0,-2.303452566687324,42.1107
SH.600276,恒瑞医药,2023-03-27 00:00:00,41.1407,42.7207,42.7407,40.3407,78.978,0.00736,46930086,1997213195.0,3.840479136232486,41.1407
SH.600276,恒瑞医药,2023-03-28 00:00:00,42.5307,42.4407,42.6407,41.7607,78.467,0.0041,26161118,1120913319.0,-0.6554199720510224,42.7207
SH.600276,恒瑞医药,2023-03-29 00:00:00,42.7907,42.6007,42.9007,42.2207,78.759,0.00288,18357576,791915355.0,0.37699660938675306,42.4407
SH.600276,恒瑞医药,2023-03-30 00:00:00,42.6007,42.4507,42.6907,41.9507,78.485,0.00324,20674689,886710468.0,-0.3521068902623799,42.6007
SH.600276,恒瑞医药,2023-03-31 00:00:00,42.4507,42.2607,42.8807,41.9407,78.138,0.00346,22069849,946650492.0,-0.4475780140256762,42.4507
SH.600276,恒瑞医药,2023-04-03 00:00:00,42.0907,42.0007,42.6207,41.8407,77.664,0.00383,24411361,1040547921.0,-0.6152288059591962,42.2607
SH.600276,恒瑞医药,2023-04-04 00:00:00,42.0007,42.5907,42.6007,41.5407,78.74,0.00531,33852719,1440361472.0,1.4047384924536883,42.0007
SH.600276,恒瑞医药,2023-04-06 00:00:00,42.6407,42.2207,42.6907,41.7407,78.065,0.00439,28035252,1195281141.0,-0.8687342541916369,42.5907
SH.600276,恒瑞医药,2023-04-07 00:00:00,42.2307,44.5907,44.7407,42.2307,82.39,0.0105,67000852,2995405582.0,5.613360271146611,42.2207
SH.600276,恒瑞医药,2023-04-10 00:00:00,44.5907,45.7107,46.1307,44.3407,84.434,0.01039,66271965,3063903640.0,2.5117345096623387,44.5907
SH.600276,恒瑞医药,2023-04-11 00:00:00,45.6407,45.4507,46.1007,45.1607,83.959,0.00513,32702606,1506697778.0,-0.5687946148276117,45.7107
SH.600276,恒瑞医药,2023-04-12 00:00:00,45.5407,45.0707,46.7907,45.0007,83.266,0.00527,33600869,1550776100.0,-0.836070731583882,45.4507
SH.600276,恒瑞医药,2023-04-13 00:00:00,45.0707,46.7907,47.1907,44.9107,86.405,0.01013,64601144,3044670870.0,3.8162265063555676,45.0707
SH.600276,恒瑞医药,2023-04-14 00:00:00,47.3807,47.1607,48.0707,46.4407,87.08,0.00948,60487952,2891168165.0,0.790755427894854,46.7907
SH.600276,恒瑞医药,2023-04-17 00:00:00,47.2407,48.7307,49.7407,47.2407,89.945,0.01259,80331157,3968648863.0,3.3290430379532117,47.1607
SH.600276,恒瑞医药,2023-04-18 00:00:00,48.7407,48.3707,49.1407,47.8207,89.288,0.0059,37630631,1838343934.0,-0.73875400927957,48.7307
SH.600276,恒瑞医药,2023-04-19 00:00:00,48.2407,48.1007,48.6407,47.8507,88.795,0.0042,26781979,1302378973.0,-0.5581891516971969,48.3707
SH.600276,恒瑞医药,2023-04-20 00:00:00,47.9407,47.2407,48.3507,46.9707,87.226,0.0065,41476607,1987866965.0,-1.7879157683776046,48.1007
SH.600276,恒瑞医药,2023-04-21 00:00:00,47.2407,46.7607,47.7907,46.7607,86.35,0.0064,40835484,1952335295.0,-1.0160730048453916,47.2407
SH.600276,恒瑞医药,2023-04-24 00:00:00,46.7707,47.7907,48.7607,46.7707,78.874,0.00945,60310483,2925086233.0,2.2027044077612206,46.7607
SH.600276,恒瑞医药,2023-04-25 00:00:00,47.7907,47.4207,48.4007,46.7207,78.27,0.00688,43867208,2110863168.0,-0.7742092080676879,47.7907
SH.600276,恒瑞医药,2023-04-26 00:00:00,47.4407,47.6407,48.2107,46.4607,78.629,0.00565,36025480,1727777631.0,0.4639324176994561,47.4207
SH.600276,恒瑞医药,2023-04-27 00:00:00,47.6207,47.6407,48.1907,46.8507,78.629,0.00628,40053833,1928356610.0,0.0,47.6407
SH.600276,恒瑞医药,2023-04-28 00:00:00,47.6407,48.0907,48.3907,47.2707,79.363,0.00444,28298296,1371262044.0,0.9445705037919169,47.6407
SH.600276,恒瑞医药,2023-05-04 00:00:00,47.9907,48.7107,49.3407,47.9207,80.375,0.00678,43250708,2136055052.0,1.2892305580912828,48.0907
SH.600276,恒瑞医药,2023-05-05 00:00:00,48.8207,46.9107,48.9207,46.5207,77.438,0.00662,42260825,2016143924.0,-3.6952866618628026,48.7107
SH.600276,恒瑞医药,2023-05-08 00:00:00,46.9107,45.9507,47.0407,45.5107,75.872,0.00734,46805247,2173812803.0,-2.0464414302067566,46.9107
SH.600276,恒瑞医药,2023-05-09 00:00:00,45.8307,45.3707,46.2607,45.1407,74.926,0.00454,28953561,1338169982.0,-1.2622223382886406,45.9507
SH.600276,恒瑞医药,2023-05-10 00:00:00,45.4407,45.7907,46.1407,45.0907,75.611,0.00395,25166512,1164998556.0,0.925707560165485,45.3707
SH.600276,恒瑞医药,2023-05-11 00:00:00,45.7907,45.8707,47.4307,45.6507,75.742,0.00449,28621814,1342559169.0,0.1747079647177228,45.7907
SH.600276,恒瑞医药,2023-05-12 00:00:00,45.8807,44.9507,46.3107,44.8107,74.241,0.0057,36376710,1664150284.0,-2.005637585648359,45.8707
SH.600276,恒瑞医药,2023-05-15 00:00:00,44.9507,46.8807,47.0507,44.9407,77.389,0.00511,32602493,1521748663.0,4.293592758288525,44.9507
SH.600276,恒瑞医药,2023-05-16 00:00:00,48.5407,48.5707,49.1507,48.1407,80.146,0.00924,58884571,2901294223.0,3.6048949781040065,46.8807
SH.600276,恒瑞医药,2023-05-17 00:00:00,48.6907,47.9407,48.7907,47.6007,79.119,0.00425,27133092,1319909080.0,-1.2970782797036124,48.5707
SH.600276,恒瑞医药,2023-05-18 00:00:00,47.9407,47.4607,48.3107,47.2207,78.336,0.00359,22902166,1103908779.0,-1.001236944808893,47.9407
SH.600276,恒瑞医药,2023-05-19 00:00:00,47.5207,48.5707,49.1907,47.5207,80.146,0.00535,34109283,1678078977.0,2.3387771356090394,47.4607
SH.600276,恒瑞医药,2023-05-22 00:00:00,48.6207,48.1407,49.6407,47.7707,79.445,0.00457,29132991,1429543987.0,-0.885307397258017,48.5707
SH.600276,恒瑞医药,2023-05-23 00:00:00,48.1907,48.5407,49.3407,48.1807,80.097,0.00516,32898260,1627856977.0,0.8308977642618379,48.1407
SH.600276,恒瑞医药,2023-05-24 00:00:00,48.5407,47.4007,48.6207,47.0707,78.238,0.0045,28712039,1381356168.0,-2.348544623377909,48.5407
SH.600276,恒瑞医药,2023-05-25 00:00:00,47.1107,47.5007,47.6907,46.6207,78.401,0.00288,18370535,878653565.0,0.21096734858346272,47.4007
SH.600276,恒瑞医药,2023-05-26 00:00:00,47.3907,47.8407,48.4907,47.3307,78.955,0.00274,17498595,849836856.0,0.7157789253631973,47.5007
SH.600276,恒瑞医药,2023-05-29 00:00:00,47.8907,47.7407,48.4707,47.2707,78.792,0.00343,21862470,1056765398.0,-0.20902704182840431,47.8407
SH.600276,恒瑞医药,2023-05-30 00:00:00,47.7407,47.7307,48.6407,46.7407,78.776,0.00545,34762660,1679739747.0,-0.020946488007084128,47.7407
SH.600276,恒瑞医药,2023-05-31 00:00:00,47.9407,44.9907,48.0707,44.4507,74.306,0.01347,85934909,3959239718.0,-5.74054015549741,47.7307
SH.600276,恒瑞医药,2023-06-01 00:00:00,45.0007,45.3707,46.3307,44.8907,74.926,0.00718,45827591,2118563584.0,0.8446189990375848,44.9907
SH.600276,恒瑞医药,2023-06-02 00:00:00,45.6207,45.4707,46.2807,45.3107,75.089,0.0045,28695031,1327951617.0,0.22040656194416533,45.3707
SH.600276,恒瑞医药,2023-06-05 00:00:00,45.6407,45.9407,46.3407,45.4807,75.856,0.00425,27091140,1259519912.0,1.0336326469572688,45.4707
SH.600276,恒瑞医药,2023-06-06 00:00:00,45.9807,45.7507,46.6107,45.5907,75.546,0.0042,26781998,1253088436.0,-0.4135766324849158,45.9407
SH.600276,恒瑞医药,2023-06-07 00:00:00,45.7407,44.9407,46.1307,44.7907,74.225,0.00389,24821752,1135394748.0,-1.770464714201099,45.7507
SH.600276,恒瑞医药,2023-06-08 00:00:00,45.10058,45.19058,45.28058,44.45058,74.371,0.0035,22328368,1009002559.0,0.5560216017996993,44.9407
SH.600276,恒瑞医药,2023-06-09 00:00:00,44.94058,45.39058,45.75058,44.71058,74.698,0.00494,31495725,1435337094.0,0.442570110850542,45.19058
SH.600276,恒瑞医药,2023-06-12 00:00:00,45.23058,44.30058,45.23058,43.30058,72.92,0.00783,49949418,2227022806.0,-2.4013793170301048,45.39058
SH.600276,恒瑞医药,2023-06-13 00:00:00,44.21058,44.60058,44.94058,43.87058,73.409,0.00308,19617974,879416555.0,0.677192036763411,44.30058
SH.600276,恒瑞医药,2023-06-14 00:00:00,44.70058,45.60058,45.98058,44.42058,75.04,0.00645,41155584,1890579169.0,2.242123308710335,44.60058
SH.600276,恒瑞医药,2023-06-15 00:00:00,46.00058,46.53058,46.59058,45.64058,76.557,0.00497,31730099,1477897989.0,2.039447743866415,45.60058
SH.600276,恒瑞医药,2023-06-16 00:00:00,46.40058,47.10058,48.08058,46.30058,77.487,0.00596,38034366,1814534587.0,1.2250008489040976,46.53058
SH.600276,恒瑞医药,2023-06-19 00:00:00,47.10058,46.48058,47.48058,46.23058,76.476,0.00342,21812681,1023984130.0,-1.316331985720765,47.10058
SH.600276,恒瑞医药,2023-06-20 00:00:00,46.57058,46.38058,47.09058,46.30058,76.313,0.00234,14896722,699886986.0,-0.21514361481720198,46.48058
SH.600276,恒瑞医药,2023-06-21 00:00:00,46.11058,46.00058,46.77058,46.00058,75.693,0.00268,17086261,798760481.0,-0.8193084260697098,46.38058
SH.600276,恒瑞医药,2023-06-26 00:00:00,45.88058,45.96058,46.68058,45.28058,75.628,0.00335,21399989,989068485.0,-0.0869554253446351,46.00058
SH.600276,恒瑞医药,2023-06-27 00:00:00,45.78058,45.55058,46.40058,45.43058,74.959,0.00298,18978355,876672322.0,-0.8920688120123891,45.96058
SH.600276,恒瑞医药,2023-06-28 00:00:00,45.73058,45.80058,46.00058,45.31058,75.367,0.00337,21520319,992111162.0,0.5488404318891219,45.55058
SH.600276,恒瑞医药,2023-06-29 00:00:00,45.75058,46.65058,47.04058,45.70058,76.753,0.00475,30294997,1423288085.0,1.8558716942012559,45.80058
SH.600276,恒瑞医药,2023-06-30 00:00:00,46.50058,47.50058,48.08058,46.46058,78.14,0.00445,28356163,1360379379.0,1.8220566603887915,46.65058
SH.600276,恒瑞医药,2023-07-03 00:00:00,47.52058,46.96058,47.52058,46.63058,77.259,0.0032,20398424,967058795.0,-1.1368282239922105,47.50058
SH.600276,恒瑞医药,2023-07-04 00:00:00,46.90058,48.45058,50.10058,46.11058,79.69,0.01319,84157068,4123867419.0,3.1728739295809425,46.96058
SH.600276,恒瑞医药,2023-07-05 00:00:00,48.45058,48.79058,49.45058,48.13058,80.244,0.00723,46108311,2275614523.0,0.7017459852905709,48.45058
SH.600276,恒瑞医药,2023-07-06 00:00:00,48.76058,47.71058,48.80058,47.49058,78.482,0.00395,25224843,1219395802.0,-2.2135420402872814,48.79058
SH.600276,恒瑞医药,2023-07-07 00:00:00,47.60058,47.99058,48.19058,47.41058,78.939,0.0027,17226779,831988640.0,0.5868719265202836,47.71058
SH.600276,恒瑞医药,2023-07-10 00:00:00,47.98058,47.21058,48.09058,46.96058,77.667,0.0034,21679425,1034167999.0,-1.6253189688476388,47.99058
SH.600276,恒瑞医药,2023-07-11 00:00:00,47.60058,47.84058,48.16058,46.81058,78.694,0.0038,24212838,1164154726.0,1.334446643104157,47.21058
SH.600276,恒瑞医药,2023-07-12 00:00:00,47.84058,47.37058,48.00058,47.15058,77.928,0.0023,14681110,703955313.0,-0.9824295608456376,47.84058
SH.600276,恒瑞医药,2023-07-13 00:00:00,47.54058,47.61058,47.80058,47.10058,78.319,0.00386,24604015,1180018589.0,0.506643574978398,47.37058
SH.600276,恒瑞医药,2023-07-14 00:00:00,47.58058,47.12058,47.59058,47.10058,77.52,0.00211,13461016,641622957.0,-1.0291830093227219,47.61058
SH.600276,恒瑞医药,2023-07-17 00:00:00,47.12058,46.80058,47.12058,46.33058,76.998,0.00335,21394359,1006066369.0,-0.6791087885590549,47.12058
SH.600276,恒瑞医药,2023-07-18 00:00:00,47.00058,46.80058,47.45058,46.60058,76.998,0.0019,12113452,572775268.0,0.0,46.80058
SH.600276,恒瑞医药,2023-07-19 00:00:00,46.60058,46.29058,46.97058,46.15058,76.166,0.00304,19415049,909126296.0,-1.089730084541683,46.80058
SH.600276,恒瑞医药,2023-07-20 00:00:00,46.59058,45.56058,47.00058,45.47058,74.975,0.00284,18098829,840875002.0,-1.5769947146914056,46.29058
SH.600276,恒瑞医药,2023-07-21 00:00:00,45.63058,45.53058,45.90058,45.25058,74.926,0.00329,20976558,963680908.0,-0.0658463961608942,45.56058
SH.600276,恒瑞医药,2023-07-24 00:00:00,45.50058,46.89058,47.60058,45.49058,77.145,0.00743,47398816,2245495190.0,2.987003460092095,45.53058
SH.600276,恒瑞医药,2023-07-25 00:00:00,47.35058,47.36058,47.50058,46.73058,77.911,0.0039,24909769,1185933141.0,1.0023335177342632,46.89058
SH.600276,恒瑞医药,2023-07-26 00:00:00,47.37058,47.68058,47.76058,47.15058,78.433,0.00263,16778804,805101338.0,0.6756674010326738,47.36058
SH.600276,恒瑞医药,2023-07-27 00:00:00,47.93058,47.71058,48.07058,47.40058,78.482,0.00254,16225472,780565524.0,0.0629186977171862,47.68058
SH.600276,恒瑞医药,2023-07-28 00:00:00,47.48058,48.65058,48.80058,47.19058,80.016,0.00592,37757340,1831117114.0,1.970212896175225,47.71058
SH.600276,恒瑞医药,2023-07-31 00:00:00,48.64058,44.18058,48.93058,43.82058,72.724,0.02131,135924169,6226335069.0,-9.187968570981063,48.65058
SH.600276,恒瑞医药,2023-08-01 00:00:00,43.91058,42.98058,43.91058,41.90058,70.766,0.02107,134400131,5837540230.0,-2.7161255012949033,44.18058
SH.600276,恒瑞医药,2023-08-02 00:00:00,42.85058,41.88058,43.59058,41.66058,68.972,0.01465,93481863,4002903506.0,-2.559295384101381,42.98058
SH.600276,恒瑞医药,2023-08-03 00:00:00,41.45058,41.87058,42.49058,40.78058,68.955,0.01241,79188796,3340548136.0,-0.023877415260259327,41.88058
SH.600276,恒瑞医药,2023-08-04 00:00:00,42.15058,40.67058,42.27058,40.60058,66.998,0.01669,106460887,4420471054.0,-2.865974151779115,41.87058
SH.600276,恒瑞医药,2023-08-07 00:00:00,40.26058,38.73058,40.26058,38.16058,63.833,0.02113,134789310,5280883460.0,-4.770032785369664,40.67058
SH.600276,恒瑞医药,2023-08-08 00:00:00,38.20058,39.74058,40.29058,38.18058,65.481,0.01527,97417696,3876529259.0,2.607758520528218,38.73058
SH.600276,恒瑞医药,2023-08-09 00:00:00,39.50058,39.81058,40.27058,39.40058,65.595,0.009,57386328,2309143090.0,0.17614237134938718,39.74058
SH.600276,恒瑞医药,2023-08-10 00:00:00,39.81058,39.50058,39.98058,39.20058,65.089,0.00558,35595251,1420732108.0,-0.7786874745356693,39.81058
SH.600276,恒瑞医药,2023-08-11 00:00:00,39.56058,38.80058,39.83058,38.80058,63.947,0.0053,33789776,1337250935.0,-1.7721258776453481,39.50058
SH.600276,恒瑞医药,2023-08-14 00:00:00,38.43058,40.22058,40.39058,38.40058,66.264,0.00945,60278981,2413358863.0,3.6597391069927356,38.80058
SH.600276,恒瑞医药,2023-08-15 00:00:00,40.21058,40.10058,40.70058,39.58058,66.068,0.00669,42658221,1726457704.0,-0.29835472288066817,40.22058
SH.600276,恒瑞医药,2023-08-16 00:00:00,39.99058,40.61058,41.51058,39.85058,66.9,0.00988,63040895,2598200518.0,1.271802053735876,40.10058
SH.600276,恒瑞医药,2023-08-17 00:00:00,40.32058,40.17058,40.46058,39.70058,66.182,0.0062,39559904,1599099728.0,-1.083461501904178,40.61058
SH.600276,恒瑞医药,2023-08-18 00:00:00,40.10058,39.55058,40.18058,39.40058,65.171,0.00411,26186208,1051772611.0,-1.5434180935401096,40.17058
SH.600276,恒瑞医药,2023-08-21 00:00:00,37.56058,38.40058,38.93058,36.70058,60.436,0.00953,60792050,2340167373.0,-2.9076691163568236,39.55058
SH.600276,恒瑞医药,2023-08-22 00:00:00,38.75058,38.75058,39.00058,37.93058,60.981,0.00683,43538559,1693144201.0,0.9114445667226939,38.40058
SH.600276,恒瑞医药,2023-08-23 00:00:00,38.70058,38.30058,38.91058,38.28058,60.28,0.00405,25817058,1006532647.2,-1.1612729409469558,38.75058
SH.600276,恒瑞医药,2023-08-24 00:00:00,38.31058,40.04058,40.48058,38.00058,62.99,0.00749,47773653,1910733102.0,4.543012142374873,38.30058
SH.600276,恒瑞医药,2023-08-25 00:00:00,39.86058,40.32058,40.93058,39.76058,63.426,0.00675,43030579,1756092212.0,0.699290569717025,40.04058
SH.600276,恒瑞医药,2023-08-28 00:00:00,42.59058,41.52058,42.95058,41.12058,65.295,0.01132,72210177,3043511380.0,2.976147664542531,40.32058
SH.600276,恒瑞医药,2023-08-29 00:00:00,41.51058,41.85058,42.09058,41.20058,65.809,0.00591,37699685,1588977336.0,0.7947865853511639,41.52058
SH.600276,恒瑞医药,2023-08-30 00:00:00,42.10058,41.75058,42.10058,41.60058,65.654,0.00397,25350381,1070521274.0,-0.23894531449743686,41.85058
SH.600276,恒瑞医药,2023-08-31 00:00:00,41.75058,41.38058,41.84058,41.30058,65.077,0.00407,25963264,1088210681.0,-0.8862152334171105,41.75058
SH.600276,恒瑞医药,2023-09-01 00:00:00,41.45058,41.13058,41.62058,41.03058,64.688,0.00259,16531303,688552632.0,-0.6041481293882299,41.38058
SH.600276,恒瑞医药,2023-09-04 00:00:00,41.53058,40.80058,41.57058,40.70058,64.174,0.00509,32468808,1341074606.0,-0.8023227486702238,41.13058
SH.600276,恒瑞医药,2023-09-05 00:00:00,40.81058,40.81058,41.18058,40.69058,64.19,0.00317,20244428,837077292.0,0.024509455502850983,40.80058
SH.600276,恒瑞医药,2023-09-06 00:00:00,40.61058,40.33058,40.79058,40.20058,63.442,0.00332,21181611,864434723.0,-1.1761655923537573,40.81058
SH.600276,恒瑞医药,2023-09-07 00:00:00,40.48058,39.89058,40.48058,39.53058,62.757,0.00449,28664943,1152145076.0,-1.0909835663161744,40.33058
SH.600276,恒瑞医药,2023-09-08 00:00:00,39.85058,40.18058,40.21058,39.60058,63.208,0.0028,17849659,720117159.0,0.726988677527374,39.89058
SH.600276,恒瑞医药,2023-09-11 00:00:00,40.35058,42.60058,42.76058,40.35058,66.978,0.01187,75735706,3231973811.0,6.022810024145997,40.18058
SH.600276,恒瑞医药,2023-09-12 00:00:00,42.41058,42.51058,42.78058,42.28058,66.838,0.00411,26204255,1124850924.0,-0.2112647292595627,42.60058
SH.600276,恒瑞医药,2023-09-13 00:00:00,42.45058,41.80058,42.68058,41.61058,65.732,0.0035,22314129,946141604.0,-1.67017246059687,42.51058
SH.600276,恒瑞医药,2023-09-14 00:00:00,41.93058,42.19058,42.39058,41.65058,66.339,0.00361,23008852,977473280.0,0.9330014081144342,41.80058
SH.600276,恒瑞医药,2023-09-15 00:00:00,42.30058,43.20058,43.55058,41.95058,67.912,0.0105,66959064,2917106850.0,2.3938993016924757,42.19058
SH.600276,恒瑞医药,2023-09-18 00:00:00,43.21058,43.96058,44.55058,43.19058,69.096,0.00751,47897373,2129867026.0,1.7592356398918672,43.20058
SH.600276,恒瑞医药,2023-09-19 00:00:00,43.96058,44.23058,44.42058,43.69058,69.517,0.00403,25726585,1144955600.0,0.6141866190118581,43.96058
SH.600276,恒瑞医药,2023-09-20 00:00:00,44.10058,43.95058,44.20058,43.48058,69.08,0.00342,21810368,964374254.0,-0.6330461865976009,44.23058
SH.600276,恒瑞医药,2023-09-21 00:00:00,43.95058,43.49058,43.99058,43.38058,68.364,0.00301,19223792,845940881.0,-1.0466301013547508,43.95058
SH.600276,恒瑞医药,2023-09-22 00:00:00,43.57058,43.66058,43.74058,43.00058,68.629,0.00443,28240836,1236954485.0,0.39088924544120063,43.49058
SH.600276,恒瑞医药,2023-09-25 00:00:00,43.70058,44.45058,44.65058,43.31058,69.859,0.00639,40740339,1820689408.0,1.809412518111301,43.66058
SH.600276,恒瑞医药,2023-09-26 00:00:00,44.40058,44.30058,44.68058,43.75058,69.626,0.00428,27301792,1216854602.0,-0.3374534145561333,44.45058
SH.600276,恒瑞医药,2023-09-27 00:00:00,44.28058,44.91058,45.28058,44.25058,70.576,0.0056,35724335,1617557677.0,1.3769571414189308,44.30058
SH.600276,恒瑞医药,2023-09-28 00:00:00,45.15058,44.54058,45.48058,44.36058,70.0,0.00394,25130745,1135092321.0,-0.8238593222354387,44.91058
SH.600276,恒瑞医药,2023-10-09 00:00:00,44.49058,44.36058,44.80058,43.72058,69.719,0.0052,33142248,1475154936.0,-0.40412585556811276,44.54058
SH.600276,恒瑞医药,2023-10-10 00:00:00,44.52058,43.97058,44.59058,43.88058,69.112,0.0026,16601862,740031441.0,-0.8791589289409665,44.36058
SH.600276,恒瑞医药,2023-10-11 00:00:00,44.30058,44.65058,45.17058,44.30058,70.171,0.00517,32957719,1488505889.0,1.5464885839577276,43.97058
SH.600276,恒瑞医药,2023-10-12 00:00:00,45.20058,44.55058,45.25058,44.30058,70.015,0.00383,24460777,1099547113.0,-0.22396125649431975,44.65058
SH.600276,恒瑞医药,2023-10-13 00:00:00,44.18058,44.25058,44.72058,43.97058,69.548,0.00294,18751325,837370916.0,-0.6733919064577771,44.55058
SH.600276,恒瑞医药,2023-10-16 00:00:00,44.42058,43.83058,44.72058,43.70058,68.894,0.00336,21440014,953935321.0,-0.9491401016664678,44.25058
SH.600276,恒瑞医药,2023-10-17 00:00:00,43.83058,44.07058,44.13058,43.20058,69.267,0.00336,21429257,943523855.0,0.5475629115562741,43.83058
SH.600276,恒瑞医药,2023-10-18 00:00:00,44.08058,43.42058,44.09058,43.36058,68.255,0.00246,15701071,690070188.0,-1.4749068426147298,44.07058
SH.600276,恒瑞医药,2023-10-19 00:00:00,43.26058,43.01058,43.68058,42.80058,67.616,0.00412,26274650,1145345846.0,-0.9442527022900284,43.42058
SH.600276,恒瑞医药,2023-10-20 00:00:00,42.72058,42.32058,43.10058,42.15058,66.542,0.00475,30303433,1296586797.0,-1.6042564410896059,43.01058
SH.600276,恒瑞医药,2023-10-23 00:00:00,42.33058,42.67058,42.96058,41.93058,67.087,0.00352,22463199,964201611.0,0.8270208016997911,42.32058
SH.600276,恒瑞医药,2023-10-24 00:00:00,42.66058,42.83058,43.10058,42.21058,67.336,0.00409,26085607,1124684898.0,0.3749656086230761,42.67058
SH.600276,恒瑞医药,2023-10-25 00:00:00,43.29058,42.77058,43.47058,42.66058,67.242,0.00431,27514540,1192763487.0,-0.14008682581462864,42.83058
SH.600276,恒瑞医药,2023-10-26 00:00:00,43.49058,44.05058,44.45058,43.05058,67.45,0.00655,41809167,1856368719.0,2.992711345041367,42.77058
SH.600276,恒瑞医药,2023-10-27 00:00:00,43.86058,45.00058,45.15058,43.48058,68.892,0.00649,41407204,1862059500.0,2.156611785815312,44.05058
SH.600276,恒瑞医药,2023-10-30 00:00:00,45.05058,46.18058,46.60058,44.80058,70.682,0.00863,55065386,2552988940.0,2.6221884251269643,45.00058
SH.600276,恒瑞医药,2023-10-31 00:00:00,48.13058,47.54058,48.38058,46.83058,72.746,0.01108,70656935,3387726474.0,2.944960847178618,46.18058
SH.600276,恒瑞医药,2023-11-01 00:00:00,47.55058,47.57058,47.78058,46.89058,72.792,0.00526,33568663,1601908875.0,0.06310398400692868,47.54058
SH.600276,恒瑞医药,2023-11-02 00:00:00,47.77058,47.50058,47.80058,47.31058,72.685,0.00322,20514154,983703283.0,-0.14714977198091822,47.57058
SH.600276,恒瑞医药,2023-11-03 00:00:00,47.40058,47.11058,47.70058,47.00058,72.094,0.00334,21283811,1015296077.0,-0.821042606216599,47.50058
SH.600276,恒瑞医药,2023-11-06 00:00:00,48.09058,47.93058,48.48058,47.76058,73.338,0.00593,37813766,1834312514.0,1.7405856603760774,47.11058
SH.600276,恒瑞医药,2023-11-07 00:00:00,48.10058,48.03058,48.41058,47.78058,73.49,0.0041,26149197,1270647902.0,0.20863507180593563,47.93058
SH.600276,恒瑞医药,2023-11-08 00:00:00,48.07058,48.88058,49.34058,48.07058,74.779,0.00499,31846619,1567457009.0,1.769705883210241,48.03058
SH.600276,恒瑞医药,2023-11-09 00:00:00,48.74058,47.98058,48.97058,47.87058,73.414,0.00462,29470018,1431770225.0,-1.8412220149597214,48.88058
SH.600276,恒瑞医药,2023-11-10 00:00:00,47.70058,47.99058,48.28058,47.63058,73.429,0.00292,18655843,902627142.0,0.02084176556431375,47.98058
SH.600276,恒瑞医药,2023-11-13 00:00:00,48.11058,46.90058,48.24058,46.66058,71.775,0.00531,33864122,1606447219.0,-2.2712790718511915,47.99058
SH.600276,恒瑞医药,2023-11-14 00:00:00,46.97058,46.64058,47.28058,46.40058,71.38,0.00324,20678755,973364199.0,-0.5543641464561804,46.90058
SH.600276,恒瑞医药,2023-11-15 00:00:00,47.28058,46.93058,47.58058,46.76058,71.82,0.00246,15672204,743383344.0,0.6217761442932296,46.64058
SH.600276,恒瑞医药,2023-11-16 00:00:00,46.63058,46.40058,47.08058,46.36058,71.016,0.00219,13957572,655045907.0,-1.1293276153842573,46.93058
SH.600276,恒瑞医药,2023-11-17 00:00:00,46.39058,46.74058,46.93058,46.28058,71.532,0.00332,21179904,995487699.0,0.732749461321396,46.40058
SH.600276,恒瑞医药,2023-11-20 00:00:00,46.81058,47.09058,47.58058,46.56058,72.063,0.00362,23108019,1096914505.0,0.7488139856202072,46.74058
SH.600276,恒瑞医药,2023-11-21 00:00:00,47.20058,47.18058,47.68058,46.91058,72.2,0.00322,20546593,981885820.0,0.19112102675311346,47.09058
SH.600276,恒瑞医药,2023-11-22 00:00:00,47.18058,46.74058,47.27058,46.74058,71.532,0.00199,12690197,600591031.0,-0.9325870940967613,47.18058
SH.600276,恒瑞医药,2023-11-23 00:00:00,46.75058,46.77058,46.87058,46.25058,71.578,0.00199,12684710,596480165.0,0.06418405591030564,46.74058
SH.600276,恒瑞医药,2023-11-24 00:00:00,46.61058,46.53058,46.81058,46.32058,71.213,0.0023,14647110,688379061.0,-0.5131430912338525,46.77058
SH.600276,恒瑞医药,2023-11-27 00:00:00,46.52058,46.40058,46.70058,46.02058,71.016,0.00289,18443196,863329196.0,-0.27938615852199256,46.53058
SH.600276,恒瑞医药,2023-11-28 00:00:00,46.30058,47.10058,47.10058,46.18058,72.078,0.0032,20418019,963092934.0,1.508601832132277,46.40058
SH.600276,恒瑞医药,2023-11-29 00:00:00,47.10058,47.27058,47.50058,46.93058,72.336,0.00275,17545365,835534026.0,0.36092973802021483,47.10058
SH.600276,恒瑞医药,2023-11-30 00:00:00,47.30058,47.62058,47.68058,47.03058,72.867,0.00339,21598333,1034052589.0,0.7404182474596129,47.27058
SH.600276,恒瑞医药,2023-12-01 00:00:00,47.55058,46.18058,47.73058,45.43058,70.682,0.0064,40816647,1904555696.0,-3.023902690811405,47.62058
SH.600276,恒瑞医药,2023-12-04 00:00:00,46.16058,45.59058,46.24058,45.10058,69.787,0.00434,27686101,1277259197.0,-1.2775933087024813,46.18058
SH.600276,恒瑞医药,2023-12-05 00:00:00,45.43058,44.85058,45.90058,44.75058,68.664,0.00417,26579143,1213967601.0,-1.623142324576704,45.59058
SH.600276,恒瑞医药,2023-12-06 00:00:00,44.82058,45.01058,45.62058,44.45058,68.907,0.00345,22028902,1000552801.0,0.3567400912095152,44.85058
SH.600276,恒瑞医药,2023-12-07 00:00:00,45.08058,44.38058,45.35058,44.33058,67.951,0.00372,23743794,1069538351.0,-1.3996709218143724,45.01058
SH.600276,恒瑞医药,2023-12-08 00:00:00,44.37058,45.19058,45.26058,44.25058,69.18,0.00458,29241298,1326068365.0,1.825122609934334,44.38058
SH.600276,恒瑞医药,2023-12-11 00:00:00,44.97058,46.13058,46.20058,44.66058,70.606,0.0042,26769468,1225504470.0,2.0800795209975282,45.19058
SH.600276,恒瑞医药,2023-12-12 00:00:00,46.13058,45.40058,46.26058,45.05058,69.499,0.00334,21297004,974828671.0,-1.5824643869641437,46.13058
SH.600276,恒瑞医药,2023-12-13 00:00:00,45.14058,45.22058,45.69058,45.12058,69.226,0.00293,18676447,856154192.0,-0.39647070588084943,45.40058
SH.600276,恒瑞医药,2023-12-14 00:00:00,45.68058,45.33058,45.79058,45.17058,69.393,0.00304,19406117,890571700.0,0.24325207681988917,45.22058
SH.600276,恒瑞医药,2023-12-15 00:00:00,45.35058,44.26058,45.44058,44.05058,67.769,0.00406,25906571,1163993227.0,-2.3604374795116243,45.33058
SH.600276,恒瑞医药,2023-12-18 00:00:00,44.19058,45.09058,45.38058,43.78058,69.028,0.00384,24478562,1110849272.0,1.8752578479541058,44.26058
SH.600276,恒瑞医药,2023-12-19 00:00:00,45.01058,44.38058,45.04058,43.81058,67.951,0.00336,21434676,958138755.0,-1.5746082662942034,45.09058
SH.600276,恒瑞医药,2023-12-20 00:00:00,44.30058,43.83058,44.78058,43.79058,67.116,0.00298,18982063,846390828.0,-1.2392807845233305,44.38058
SH.600276,恒瑞医药,2023-12-21 00:00:00,43.78058,44.09058,44.23058,43.65058,67.511,0.00295,18835212,835984122.0,0.5931931541859704,43.83058
SH.600276,恒瑞医药,2023-12-22 00:00:00,44.08058,43.61058,44.17058,43.11058,66.783,0.0038,24235823,1067834266.0,-1.0886679195420064,44.09058
SH.600276,恒瑞医药,2023-12-25 00:00:00,43.61058,43.60058,44.15058,43.50058,66.767,0.00209,13361150,590059431.0,-0.022930215557779812,43.61058
SH.600276,恒瑞医药,2023-12-26 00:00:00,43.60058,43.58058,43.67058,42.90058,66.737,0.00236,15055393,657505418.0,-0.045870949423157045,43.60058
SH.600276,恒瑞医药,2023-12-27 00:00:00,43.50058,43.69058,43.81058,42.96058,66.904,0.00339,21601490,947551025.0,0.25240600285723463,43.58058
SH.600276,恒瑞医药,2023-12-28 00:00:00,43.70058,44.35058,44.45058,43.53058,67.905,0.00482,30763447,1370257485.0,1.5106231137238364,43.69058
SH.600276,恒瑞医药,2023-12-29 00:00:00,44.48058,44.83058,45.00058,44.25058,68.634,0.0038,24238046,1094134425.0,1.082285733354551,44.35058
SH.600276,恒瑞医药,2024-01-02 00:00:00,44.84058,44.07058,45.04058,43.96058,67.481,0.00286,18260797,815829089.0,-1.6952713973363676,44.83058
SH.600276,恒瑞医药,2024-01-03 00:00:00,43.81058,43.83058,44.48058,43.65058,67.116,0.0023,14669379,651690508.0,-0.5445809880423674,44.07058
SH.600276,恒瑞医药,2024-01-04 00:00:00,43.90058,43.39058,43.94058,42.48058,66.449,0.00532,33904543,1468337357.0,-1.003865337853156,43.83058
SH.600276,恒瑞医药,2024-01-05 00:00:00,42.91058,41.55058,43.10058,40.88058,63.657,0.00776,49522687,2085701637.0,-4.24055175109437,43.39058
SH.600276,恒瑞医药,2024-01-08 00:00:00,41.40058,40.71058,41.40058,40.60058,62.382,0.0047,30009112,1238699559.0,-2.0216324296796735,41.55058
SH.600276,恒瑞医药,2024-01-09 00:00:00,40.75058,40.80058,41.16058,40.48058,62.518,0.00332,21174933,872816754.0,0.22107275307793775,40.71058
SH.600276,恒瑞医药,2024-01-10 00:00:00,40.80058,41.10058,41.59058,40.37058,62.974,0.00324,20674583,860280445.0,0.7352836650851637,40.80058
SH.600276,恒瑞医药,2024-01-11 00:00:00,41.11058,41.08058,41.45058,40.78058,62.943,0.00297,18971994,788171079.0,-0.048661113784776576,41.10058
SH.600276,恒瑞医药,2024-01-12 00:00:00,40.81058,40.70058,41.20058,40.52058,62.367,0.00208,13270135,548157565.0,-0.9250112827033977,41.08058
SH.600276,恒瑞医药,2024-01-15 00:00:00,40.30058,41.11058,41.50058,40.28058,62.989,0.00233,14893496,617603018.0,1.0073566519199395,40.70058
SH.600276,恒瑞医药,2024-01-16 00:00:00,40.80058,41.01058,41.25058,40.40058,62.837,0.00292,18657709,768555374.0,-0.2432463857235812,41.11058
SH.600276,恒瑞医药,2024-01-17 00:00:00,40.73058,39.71058,40.89058,39.71058,60.864,0.00377,24023217,974124257.0,-3.1699137149486725,41.01058
SH.600276,恒瑞医药,2024-01-18 00:00:00,39.60058,40.89058,41.00058,39.07058,62.655,0.00607,38716460,1559153303.0,2.971500290350833,39.71058
SH.600276,恒瑞医药,2024-01-19 00:00:00,40.69058,41.01058,41.20058,40.41058,62.837,0.00498,31739489,1309874297.0,0.2934661234934732,40.89058
SH.600276,恒瑞医药,2024-01-22 00:00:00,41.00058,40.38058,41.30058,39.73058,61.881,0.00548,34937745,1430463188.0,-1.5361889541674258,41.01058
SH.600276,恒瑞医药,2024-01-23 00:00:00,40.28058,39.90058,40.52058,39.83058,61.153,0.00327,20886214,846394265.0,-1.188690207025268,40.38058
SH.600276,恒瑞医药,2024-01-24 00:00:00,40.28058,40.12058,40.33058,39.10058,61.487,0.00392,25004207,1001342749.0,0.5513704312067615,39.90058
SH.600276,恒瑞医药,2024-01-25 00:00:00,40.44058,40.80058,40.80058,39.65058,62.518,0.00437,27891163,1134726996.0,1.6948907518286123,40.12058
SH.600276,恒瑞医药,2024-01-26 00:00:00,40.50058,39.90058,40.82058,39.61058,61.153,0.00475,30279954,1230888858.0,-2.205850995255456,40.80058
SH.600276,恒瑞医药,2024-01-29 00:00:00,39.85058,38.85058,40.15058,38.63058,59.559,0.00441,28105100,1112608513.0,-2.631540694395914,39.90058
SH.600276,恒瑞医药,2024-01-30 00:00:00,38.82058,38.29058,39.04058,38.16058,58.71,0.00365,23301300,905581935.0,-1.441419922173626,38.85058
SH.600276,恒瑞医药,2024-01-31 00:00:00,38.00058,37.05058,38.20058,36.82058,56.828,0.00597,38059705,1433750351.0,-3.238394404054475,38.29058
SH.600276,恒瑞医药,2024-02-01 00:00:00,36.80058,36.76058,37.66058,36.48058,56.388,0.00471,30023460,1122310504.0,-0.7827137928744952,37.05058
SH.600276,恒瑞医药,2024-02-02 00:00:00,36.82058,35.55058,37.27058,35.11058,54.552,0.00565,36047509,1317464771.0,-3.291569393083572,36.76058
SH.600276,恒瑞医药,2024-02-05 00:00:00,35.58058,37.00058,37.56058,35.39058,56.752,0.00781,49793860,1835851264.0,4.078695762488271,35.55058
SH.600276,恒瑞医药,2024-02-06 00:00:00,37.00058,40.60058,40.65058,36.80058,62.215,0.00891,56819466,2272656933.0,9.729577212032897,37.00058
SH.600276,恒瑞医药,2024-02-07 00:00:00,40.85058,41.44058,41.46058,40.11058,63.49,0.00819,52212378,2164428888.0,2.0689359610133558,40.60058
SH.600276,恒瑞医药,2024-02-08 00:00:00,41.44058,41.47058,42.15058,40.78058,63.535,0.00596,37994404,1579175793.0,0.07239280917400562,41.44058
SH.600276,恒瑞医药,2024-02-19 00:00:00,41.46058,41.26058,41.77058,40.65058,63.216,0.00398,25380790,1055722627.0,-0.5063830792817483,41.47058
SH.600276,恒瑞医药,2024-02-20 00:00:00,41.33058,41.46058,41.83058,41.11058,63.52,0.00333,21225500,889338539.0,0.48472416044564287,41.26058
SH.600276,恒瑞医药,2024-02-21 00:00:00,41.48058,41.82058,42.06058,41.05058,64.066,0.00469,29901470,1260180460.0,0.8682946548263422,41.46058
SH.600276,恒瑞医药,2024-02-22 00:00:00,41.60058,42.03058,42.14058,41.56058,64.385,0.00275,17530089,740956883.0,0.5021451161126911,41.82058
SH.600276,恒瑞医药,2024-02-23 00:00:00,42.03058,41.99058,42.46058,41.48058,64.324,0.0036,22950641,971812476.0,-0.09516880328560573,42.03058
SH.600276,恒瑞医药,2024-02-26 00:00:00,41.81058,41.68058,42.09058,41.40058,63.854,0.00296,18878234,796444428.0,-0.7382608194504631,41.99058
SH.600276,恒瑞医药,2024-02-27 00:00:00,41.70058,41.87058,41.93058,41.44058,64.142,0.00276,17616119,740889142.0,0.4558477833081923,41.68058
SH.600276,恒瑞医药,2024-02-28 00:00:00,42.07058,41.83058,43.19058,41.83058,64.081,0.00533,34011785,1458671569.0,-0.0955324717259688,41.87058
SH.600276,恒瑞医药,2024-02-29 00:00:00,41.82058,42.24058,42.45058,41.70058,64.704,0.00397,25340841,1076844666.0,0.980144191163507,41.83058
SH.600276,恒瑞医药,2024-03-01 00:00:00,42.24058,42.12058,42.52058,41.70058,64.522,0.00338,21563699,916978866.0,-0.28408700827499184,42.24058
SH.600276,恒瑞医药,2024-03-04 00:00:00,42.12058,43.50058,43.58058,42.06058,66.616,0.0059,37656812,1640672142.0,3.2763081609987394,42.12058
SH.600276,恒瑞医药,2024-03-05 00:00:00,43.50058,44.16058,44.30058,43.22058,67.617,0.00582,37120036,1643167915.0,1.517221149695024,43.50058
SH.600276,恒瑞医药,2024-03-06 00:00:00,44.25058,43.56058,44.50058,43.30058,66.707,0.0034,21699075,957081998.0,-1.358677807220832,44.16058
SH.600276,恒瑞医药,2024-03-07 00:00:00,43.50058,41.55058,43.56058,41.20058,63.657,0.00717,45743263,1939466492.0,-4.614263630098601,43.56058
SH.600276,恒瑞医药,2024-03-08 00:00:00,41.54058,41.49058,42.30058,41.22058,63.566,0.00435,27741788,1164468604.0,-0.14440231640567996,41.55058
SH.600276,恒瑞医药,2024-03-11 00:00:00,41.50058,43.20058,43.30058,41.28058,66.16,0.0051,32546746,1400965850.0,4.121417439814051,41.49058
SH.600276,恒瑞医药,2024-03-12 00:00:00,43.31058,44.53058,44.89058,42.80058,68.179,0.00676,43140972,1921884773.0,3.078662369810772,43.20058
SH.600276,恒瑞医药,2024-03-13 00:00:00,44.60058,44.28058,44.63058,43.76058,67.799,0.00325,20749481,924209602.0,-0.5614119555595278,44.53058
SH.600276,恒瑞医药,2024-03-14 00:00:00,48.60058,46.63058,48.75058,46.11058,71.365,0.01723,109924476,5248912838.0,5.307066890271088,44.28058
SH.600276,恒瑞医药,2024-03-15 00:00:00,46.58058,46.73058,47.55058,46.10058,71.517,0.00688,43857939,2069250035.0,0.214451546603112,46.63058
SH.600276,恒瑞医药,2024-03-18 00:00:00,46.60058,46.88058,47.28058,46.05058,71.745,0.00467,29791431,1406103941.0,0.32098895412810746,46.73058
SH.600276,恒瑞医药,2024-03-19 00:00:00,46.51058,45.57058,46.93058,45.50058,69.757,0.00426,27204791,1262475448.0,-2.794334029143842,46.88058
SH.600276,恒瑞医药,2024-03-20 00:00:00,45.26058,45.23058,45.51058,44.91058,69.241,0.00353,22501410,1025230382.0,-0.7460953975130364,45.57058
SH.600276,恒瑞医药,2024-03-21 00:00:00,45.45058,45.23058,45.67058,45.05058,69.241,0.00287,18335706,839240724.0,0.0,45.23058
SH.600276,恒瑞医药,2024-03-22 00:00:00,45.14058,45.53058,45.60058,44.70058,69.696,0.0038,24225421,1103378348.0,0.6632680810195163,45.23058
SH.600276,恒瑞医药,2024-03-25 00:00:00,45.55058,45.76058,46.42058,45.41058,70.045,0.00365,23261953,1078638224.0,0.505154996927333,45.53058
SH.600276,恒瑞医药,2024-03-26 00:00:00,45.70058,45.87058,46.19058,45.47058,70.212,0.00314,20006073,925152065.0,0.240381568590257,45.76058
SH.600276,恒瑞医药,2024-03-27 00:00:00,45.80058,45.51058,45.95058,45.30058,69.666,0.00244,15566813,716342078.0,-0.784816760546737,45.87058
SH.600276,恒瑞医药,2024-03-28 00:00:00,45.51058,45.81058,46.46058,45.14058,70.121,0.00336,21401947,993801318.0,0.6591873801652369,45.51058
SH.600276,恒瑞医药,2024-03-29 00:00:00,45.81058,45.57058,45.97058,45.00058,69.757,0.00293,18703757,857879351.0,-0.5238964448823874,45.81058
SH.600276,恒瑞医药,2024-04-01 00:00:00,45.58058,45.92058,46.40058,45.58058,70.288,0.00317,20222435,937070924.0,0.7680393797928431,45.57058
SH.600276,恒瑞医药,2024-04-02 00:00:00,45.80058,45.06058,46.29058,44.66058,68.983,0.00353,22490309,1024255824.0,-1.872798644964849,45.92058
SH.600276,恒瑞医药,2024-04-03 00:00:00,44.70058,44.36058,44.93058,44.12058,67.921,0.00371,23690420,1064081572.0,-1.5534642474641978,45.06058
SH.600276,恒瑞医药,2024-04-08 00:00:00,44.40058,45.00058,45.47058,44.40058,68.892,0.0037,23626791,1071343514.0,1.4427223449287647,44.36058
SH.600276,恒瑞医药,2024-04-09 00:00:00,45.00058,45.14058,45.23058,43.88058,69.104,0.00337,21527235,967808523.0,0.31110710128625135,45.00058
SH.600276,恒瑞医药,2024-04-10 00:00:00,45.14058,45.05058,45.58058,44.50058,68.968,0.00256,16353062,744122727.0,-0.19937714579653917,45.14058
SH.600276,恒瑞医药,2024-04-11 00:00:00,44.65058,44.54058,45.09058,44.23058,68.194,0.00292,18609152,837102507.0,-1.13206089688523,45.05058
SH.600276,恒瑞医药,2024-04-12 00:00:00,44.40058,43.69058,44.95058,43.55058,66.904,0.00348,22211902,987099187.0,-1.9083720957383163,44.54058
SH.600276,恒瑞医药,2024-04-15 00:00:00,43.74058,44.16058,44.75058,43.69058,67.617,0.00345,22027768,984050772.0,1.0757467628033457,43.69058
SH.600276,恒瑞医药,2024-04-16 00:00:00,43.93058,43.86058,44.25058,43.39058,67.162,0.00367,23385721,1033684470.0,-0.6793389036104241,44.16058
SH.600276,恒瑞医药,2024-04-17 00:00:00,43.95058,43.99058,44.38058,43.44058,67.359,0.00365,23275600,1032367344.0,0.2963937093399188,43.86058
SH.600276,恒瑞医药,2024-04-18 00:00:00,44.80058,41.95058,45.10058,41.80058,60.935,0.00925,59016774,2541878651.0,-4.63735645222227,43.99058
SH.600276,恒瑞医药,2024-04-19 00:00:00,41.60058,41.28058,41.94058,40.82058,59.971,0.00602,38425460,1601560704.0,-1.5971173700101444,41.95058
SH.600276,恒瑞医药,2024-04-22 00:00:00,41.59058,41.46058,41.77058,41.06058,60.23,0.00436,27806445,1163954983.0,0.4360403850914878,41.28058
SH.600276,恒瑞医药,2024-04-23 00:00:00,41.46058,43.67058,43.87058,41.40058,63.41,0.00774,49366110,2134259117.0,5.330364408795055,41.46058
SH.600276,恒瑞医药,2024-04-24 00:00:00,43.56058,43.30058,43.80058,43.00058,62.877,0.00339,21625198,946244236.0,-0.8472523149452207,43.67058
SH.600276,恒瑞医药,2024-04-25 00:00:00,43.30058,43.90058,44.57058,43.10058,63.741,0.00384,24469103,1085861364.0,1.3856627324622477,43.30058
SH.600276,恒瑞医药,2024-04-26 00:00:00,43.80058,45.21058,45.39058,43.77058,65.625,0.00537,34278262,1550025297.0,2.9840152453566726,43.90058
SH.600276,恒瑞医药,2024-04-29 00:00:00,45.20058,45.78058,46.46058,45.13058,66.446,0.00537,34279567,1586424722.0,1.2607668382046864,45.21058
SH.600276,恒瑞医药,2024-04-30 00:00:00,45.99058,45.76058,46.45058,45.45058,66.417,0.00302,19250243,893082210.0,-0.043686646171811554,45.78058
SH.600276,恒瑞医药,2024-05-06 00:00:00,46.53058,46.76058,47.47058,46.02058,67.856,0.00511,32582423,1541063569.0,2.185286987184166,45.76058
SH.600276,恒瑞医药,2024-05-07 00:00:00,46.76058,46.83058,47.10058,46.62058,67.956,0.00319,20377965,964125270.0,0.14969874197454414,46.76058
SH.600276,恒瑞医药,2024-05-08 00:00:00,46.86058,46.02058,46.97058,45.85058,66.791,0.0041,26129151,1217234952.0,-1.729639052089458,46.83058
SH.600276,恒瑞医药,2024-05-09 00:00:00,46.11058,46.50058,46.83058,45.91058,67.482,0.00275,17514723,820722434.0,1.0430116265375118,46.02058
SH.600276,恒瑞医药,2024-05-10 00:00:00,46.39058,46.08058,46.65058,45.79058,66.877,0.00244,15577277,725489832.0,-0.9032145405498204,46.50058
SH.600276,恒瑞医药,2024-05-13 00:00:00,46.08058,45.13058,46.38058,44.97058,65.51,0.00457,29175692,1338054191.0,-2.061605995410639,46.08058
SH.600276,恒瑞医药,2024-05-14 00:00:00,45.13058,44.93058,45.38058,44.82058,65.223,0.00309,19723737,897260526.0,-0.44315849696592163,45.13058
SH.600276,恒瑞医药,2024-05-15 00:00:00,44.94058,44.27058,45.02058,44.13058,64.273,0.0025,15942898,713465989.0,-1.4689327402406036,44.93058
SH.600276,恒瑞医药,2024-05-16 00:00:00,44.60058,44.29058,44.71058,44.00058,64.302,0.00367,23437708,1048106878.0,0.045176729105414974,44.27058
SH.600276,恒瑞医药,2024-05-17 00:00:00,45.10058,44.35058,45.83058,43.67058,64.388,0.00591,37685549,1689843524.0,0.13546898685906186,44.29058
SH.600276,恒瑞医药,2024-05-20 00:00:00,43.88058,43.41058,44.39058,43.08058,63.035,0.00622,39702265,1742797464.0,-2.119476227819338,44.35058
SH.600276,恒瑞医药,2024-05-21 00:00:00,43.32058,43.40058,43.76058,43.02058,63.021,0.00383,24438325,1071157251.0,-0.023035859000283144,43.41058
SH.600276,恒瑞医药,2024-05-22 00:00:00,43.50058,43.14058,43.56058,43.00058,62.647,0.00396,25238847,1100081620.0,-0.599070335004735,43.40058
SH.600276,恒瑞医药,2024-05-23 00:00:00,43.14058,42.65058,43.19058,42.50058,61.942,0.00309,19702407,848668345.0,-1.135821539719684,43.14058
SH.600276,恒瑞医药,2024-05-24 00:00:00,42.65058,42.04058,42.78058,41.98058,61.064,0.00345,22038350,939654301.0,-1.4302267401756306,42.65058
SH.600276,恒瑞医药,2024-05-27 00:00:00,41.93058,42.30058,42.50058,41.42058,61.438,0.00481,30678196,1300950779.0,0.6184500784717957,42.04058
SH.600276,恒瑞医药,2024-05-28 00:00:00,42.30058,42.87058,43.19058,41.96058,62.258,0.00587,37427881,1616893172.0,1.3474992541473434,42.30058
SH.600276,恒瑞医药,2024-05-29 00:00:00,42.85058,42.62058,43.08058,42.55058,61.899,0.00261,16676675,719612073.0,-0.5831504962144203,42.87058
SH.600276,恒瑞医药,2024-05-30 00:00:00,42.65058,42.48058,42.84058,42.14058,61.697,0.00208,13247711,567669926.0,-0.3284798095192357,42.62058
SH.600276,恒瑞医药,2024-05-31 00:00:00,43.00058,41.96058,43.19058,41.96058,60.949,0.00358,22865066,980570414.0,-1.2240887483174736,42.48058
SH.600276,恒瑞医药,2024-06-03 00:00:00,41.82058,42.10058,42.29058,41.67058,61.151,0.00294,18780093,796785130.0,0.3336464843908272,41.96058
SH.600276,恒瑞医药,2024-06-04 00:00:00,42.05058,43.43058,43.60058,41.96058,63.064,0.00561,35813890,1561008549.0,3.159101371049991,42.10058
SH.600276,恒瑞医药,2024-06-05 00:00:00,43.43058,43.52058,43.90058,43.29058,63.194,0.00283,18067577,794605429.0,0.2072272578445957,43.43058
SH.600276,恒瑞医药,2024-06-06 00:00:00,43.25058,42.51058,43.70058,42.40058,61.741,0.00354,22586853,978566367.0,-2.320741129828704,43.52058
SH.600276,恒瑞医药,2024-06-07 00:00:00,42.59058,41.75058,42.86058,41.75058,60.647,0.00374,23854735,1013241225.0,-1.7877902395121357,42.51058
SH.600276,恒瑞医药,2024-06-11 00:00:00,41.60058,42.32058,42.41058,41.30058,61.467,0.00394,25112141,1062111846.0,1.3652504947236668,41.75058
SH.600276,恒瑞医药,2024-06-12 00:00:00,42.33058,41.70058,42.33058,41.51058,60.575,0.00343,21850545,922178802.0,-1.4650082772967608,42.32058
SH.600276,恒瑞医药,2024-06-13 00:00:00,41.70058,41.66058,42.03058,41.13058,60.517,0.00325,20729821,872698850.0,-0.09592192722499099,41.70058
SH.600276,恒瑞医药,2024-06-14 00:00:00,41.50058,41.50058,41.70058,40.68058,60.287,0.00651,41537240,1729630309.0,-0.3840561029155227,41.66058
SH.600276,恒瑞医药,2024-06-17 00:00:00,41.20058,42.13058,42.30058,41.19058,61.194,0.00379,24198112,1024367306.0,1.5180510730211543,41.50058
SH.600276,恒瑞医药,2024-06-18 00:00:00,42.10058,41.57058,42.31058,41.41058,60.388,0.0032,20392334,860147200.0,-1.3292007847981258,42.13058
SH.600276,恒瑞医药,2024-06-19 00:00:00,41.60058,40.96058,41.86058,40.81058,59.51,0.00315,20101128,836081465.0,-1.4673839046748913,41.57058
SH.600276,恒瑞医药,2024-06-20 00:00:00,40.94058,40.20058,41.37058,40.18058,58.417,0.00389,24782740,1013799895.0,-1.855442476644613,40.96058
SH.600276,恒瑞医药,2024-06-21 00:00:00,40.30058,39.64058,40.40058,39.37058,57.611,0.00571,36455301,1459102929.0,-1.3930147276482137,40.20058
SH.600276,恒瑞医药,2024-06-24 00:00:00,39.60058,39.89058,40.24058,39.14058,57.971,0.00437,27893044,1123508475.0,0.6306668570439685,39.64058
SH.600276,恒瑞医药,2024-06-25 00:00:00,40.11058,39.30058,40.18058,39.05058,57.122,0.00352,22458955,895023382.0,-1.4790459301419117,39.89058
SH.600276,恒瑞医药,2024-06-26 00:00:00,39.29058,39.50058,39.64058,39.03058,57.41,0.0035,22323523,887607506.0,0.5088983419583194,39.30058
SH.600276,恒瑞医药,2024-06-27 00:00:00,39.45058,38.84058,39.45058,38.60058,56.46,0.00426,27183773,1064851488.0,-1.6708615417798844,39.50058
SH.600276,恒瑞医药,2024-06-28 00:00:00,38.80058,38.06058,39.04058,37.93058,55.338,0.00485,30925798,1199640451.0,-2.0082089402372496,38.84058
SH.600276,恒瑞医药,2024-07-01 00:00:00,38.05058,37.87058,38.07058,37.40058,55.064,0.00375,23890913,911326444.0,-0.4992041634678316,38.06058
SH.600276,恒瑞医药,2024-07-02 00:00:00,37.83058,37.07058,37.85058,36.84058,53.913,0.00487,31084695,1168354207.0,-2.1124577442436774,37.87058
SH.600276,恒瑞医药,2024-07-03 00:00:00,37.20058,38.27058,39.20058,36.93058,55.64,0.00867,55275948,2137708980.0,3.2370683167082976,37.07058
SH.600276,恒瑞医药,2024-07-04 00:00:00,38.27058,38.05058,39.05058,37.93058,55.323,0.00453,28925733,1120476865.0,-0.5748541046412309,38.27058
SH.600276,恒瑞医药,2024-07-05 00:00:00,38.06058,39.63058,39.90058,37.70058,57.597,0.00774,49365271,1942122106.0,4.152367716865303,38.05058
SH.600276,恒瑞医药,2024-07-08 00:00:00,38.80058,38.81058,39.70058,38.04058,56.417,0.00784,49986820,1964892357.0,-2.0691092585574076,39.63058
SH.600276,恒瑞医药,2024-07-09 00:00:00,38.72058,38.59058,39.08058,37.61058,56.1,0.00629,40106262,1555216747.0,-0.5668557388217307,38.81058
SH.600276,恒瑞医药,2024-07-10 00:00:00,38.60058,39.01058,39.39058,38.48058,56.705,0.00317,20232304,796385785.0,1.0883485037021847,38.59058
SH.600276,恒瑞医药,2024-07-11 00:00:00,39.39058,40.20058,40.74058,38.90058,58.417,0.00595,37980200,1538773534.0,3.0504545177231535,39.01058
SH.600276,恒瑞医药,2024-07-12 00:00:00,40.64026,41.07026,41.30026,40.28026,59.381,0.00494,31501013,1296947586.0,2.1633518720376554,40.20058
SH.600276,恒瑞医药,2024-07-15 00:00:00,40.80026,40.58026,41.09026,40.26026,58.676,0.00325,20710958,845176103.0,-1.193077423907214,41.07026
SH.600276,恒瑞医药,2024-07-16 00:00:00,40.45026,40.75026,40.86026,40.22026,58.92,0.00355,22626802,924082558.0,0.41892289502333047,40.58026
SH.600276,恒瑞医药,2024-07-17 00:00:00,40.38026,41.54026,41.95026,40.30026,60.057,0.00559,35683208,1488713789.0,1.9386379375248315,40.75026
SH.600276,恒瑞医药,2024-07-18 00:00:00,41.60026,41.95026,42.22026,41.50026,60.647,0.00481,30712230,1292463143.0,0.9869943038392069,41.54026
SH.600276,恒瑞医药,2024-07-19 00:00:00,41.88026,42.03026,42.28026,41.73026,60.762,0.00435,27751083,1171709541.0,0.19070203617331166,41.95026
SH.600276,恒瑞医药,2024-07-22 00:00:00,42.02026,42.57026,42.90026,41.65026,61.539,0.00511,32570326,1391175548.0,1.2847886260993846,42.03026
SH.600276,恒瑞医药,2024-07-23 00:00:00,42.53026,41.21026,42.62026,41.15026,59.582,0.00575,36689667,1532779454.0,-3.1947185664358155,42.57026
SH.600276,恒瑞医药,2024-07-24 00:00:00,41.09026,41.20026,41.86026,41.00026,59.568,0.00314,20035166,832921592.0,-0.024265801768777996,41.21026
SH.600276,恒瑞医药,2024-07-25 00:00:00,41.02026,41.26026,41.68026,40.50026,59.654,0.00343,21908030,908502721.0,0.14563014893595883,41.20026
SH.600276,恒瑞医药,2024-07-26 00:00:00,41.26026,40.87026,41.38026,40.39026,59.093,0.00347,22115817,907314994.0,-0.9452194436002114,41.26026
SH.600276,恒瑞医药,2024-07-29 00:00:00,40.82026,40.29026,41.16026,40.19026,58.258,0.00368,23478909,956395685.0,-1.4191248110484207,40.87026
SH.600276,恒瑞医药,2024-07-30 00:00:00,40.30026,39.80026,40.46026,39.42026,57.553,0.0038,24261502,969474036.0,-1.216174827365229,40.29026
SH.600276,恒瑞医药,2024-07-31 00:00:00,39.79026,42.01026,42.16026,39.50026,60.733,0.0062,39572420,1638778249.0,5.552727544995939,39.80026
SH.600276,恒瑞医药,2024-08-01 00:00:00,41.99026,41.75026,42.30026,41.55026,60.359,0.00273,17431319,733290056.0,-0.6188964314907955,42.01026
SH.600276,恒瑞医药,2024-08-02 00:00:00,41.69026,41.97026,42.78026,41.60026,60.676,0.00401,25582033,1085719970.0,0.5269428262243301,41.75026
SH.600276,恒瑞医药,2024-08-05 00:00:00,41.97026,42.45026,43.38026,41.91026,61.366,0.00507,32358803,1386017875.0,1.1436669679911367,41.97026
SH.600276,恒瑞医药,2024-08-06 00:00:00,42.43026,42.71026,42.98026,42.28026,61.741,0.00341,21771513,931702111.0,0.6124815254370598,42.45026
SH.600276,恒瑞医药,2024-08-07 00:00:00,42.68026,41.95026,42.69026,41.91026,60.647,0.00278,17729345,751651391.0,-1.7794319210419185,42.71026
SH.600276,恒瑞医药,2024-08-08 00:00:00,41.91026,42.38026,42.69026,41.91026,61.266,0.00258,16488658,700866800.0,1.0250234444315713,41.95026
SH.600276,恒瑞医药,2024-08-09 00:00:00,42.50026,42.22026,43.10026,42.21026,61.035,0.00245,15598427,666579242.0,-0.37753425769449406,42.38026
SH.600276,恒瑞医药,2024-08-12 00:00:00,42.02026,43.43026,43.76026,42.01026,62.776,0.00522,33283489,1447922052.0,2.8659226636690387,42.22026
SH.600276,恒瑞医药,2024-08-13 00:00:00,43.40026,42.47026,43.40026,42.20026,61.395,0.00356,22723619,973012156.0,-2.2104403703776905,43.43026
SH.600276,恒瑞医药,2024-08-14 00:00:00,42.75026,42.30026,42.78026,41.89026,61.151,0.00222,14184673,602382871.0,-0.400280101887772,42.47026
SH.600276,恒瑞医药,2024-08-15 00:00:00,42.18026,42.72026,43.45026,42.12026,61.755,0.00336,21424655,921651490.0,0.9929016984765618,42.30026
SH.600276,恒瑞医药,2024-08-16 00:00:00,42.40026,42.92026,43.01026,42.10026,62.043,0.00246,15694280,673487375.0,0.4681619447072553,42.72026
SH.600276,恒瑞医药,2024-08-19 00:00:00,43.01026,41.91026,43.40026,41.57026,60.589,0.00376,23967290,1014833545.0,-2.3532010290711147,42.92026
SH.600276,恒瑞医药,2024-08-20 00:00:00,41.90026,42.05026,42.18026,41.60026,60.791,0.00241,15398722,648578631.0,0.33404708059554045,41.91026
SH.600276,恒瑞医药,2024-08-21 00:00:00,41.99026,42.11026,42.60026,41.84026,49.717,0.00254,16231298,688060044.0,0.14268639480468176,42.05026
SH.600276,恒瑞医药,2024-08-22 00:00:00,43.01026,43.73026,44.07026,42.43026,51.621,0.00842,53734750,2349925931.0,3.847043452118331,42.11026
SH.600276,恒瑞医药,2024-08-23 00:00:00,43.48026,43.42026,43.75026,42.88026,51.257,0.00435,27750880,1208090958.0,-0.7088912803171129,43.73026
SH.600276,恒瑞医药,2024-08-26 00:00:00,43.41026,43.12026,43.60026,42.60026,50.904,0.00384,24522498,1059543421.0,-0.690921703370724,43.42026
SH.600276,恒瑞医药,2024-08-27 00:00:00,43.07026,43.40026,43.78026,42.91026,51.233,0.00355,22626754,987526036.0,0.6493467339946493,43.12026
SH.600276,恒瑞医药,2024-08-28 00:00:00,43.40026,43.30026,43.88026,42.95026,51.116,0.00323,20622688,896690757.0,-0.23041336618721042,43.40026
SH.600276,恒瑞医药,2024-08-29 00:00:00,43.28026,44.12026,44.35026,43.10026,52.079,0.00478,30523004,1349314946.0,1.8937530629146344,43.30026
SH.600276,恒瑞医药,2024-08-30 00:00:00,44.24026,43.93026,44.30026,43.73026,51.856,0.00491,31328037,1385994563.0,-0.4306411612261687,44.12026
SH.600276,恒瑞医药,2024-09-02 00:00:00,43.81026,43.70026,44.17026,42.82026,51.586,0.00404,25800846,1128406266.0,-0.523557110747801,43.93026
SH.600276,恒瑞医药,2024-09-03 00:00:00,43.68026,44.38026,45.00026,43.52026,52.385,0.00496,31647968,1415250776.0,1.5560548152345084,43.70026
SH.600276,恒瑞医药,2024-09-04 00:00:00,44.18026,44.31026,44.95026,43.97026,52.303,0.00333,21257720,949655587.0,-0.1577277825772095,44.38026
SH.600276,恒瑞医药,2024-09-05 00:00:00,44.46026,44.80026,44.98026,44.22026,52.878,0.00311,19863861,892416905.0,1.1058386928896424,44.31026
SH.600276,恒瑞医药,2024-09-06 00:00:00,44.95026,44.20026,44.95026,44.20026,52.173,0.00222,14147570,632592170.0,-1.3392779416905203,44.80026
SH.600276,恒瑞医药,2024-09-09 00:00:00,44.20026,44.35026,45.22026,44.10026,52.35,0.00401,25601684,1144505482.0,0.33936451957522096,44.20026
SH.600276,恒瑞医药,2024-09-10 00:00:00,44.20026,44.28026,44.50026,43.51026,52.267,0.00312,19918291,883221376.0,-0.15783447492754335,44.35026
SH.600276,恒瑞医药,2024-09-11 00:00:00,44.10026,45.23026,45.35026,43.91026,53.384,0.00457,29157838,1318678749.0,2.1454255236983766,44.28026
SH.600276,恒瑞医药,2024-09-12 00:00:00,45.03026,44.77026,45.58026,44.55026,52.843,0.00292,18657815,842058821.0,-1.0170182528245488,45.23026
SH.600276,恒瑞医药,2024-09-13 00:00:00,44.75026,44.57026,45.10026,44.20026,52.608,0.00306,19509734,874100288.0,-0.4467251251165458,44.77026
SH.600276,恒瑞医药,2024-09-18 00:00:00,44.69026,44.92026,45.39026,44.58026,53.019,0.00274,17507905,791075183.0,0.7852769986084924,44.57026
SH.600276,恒瑞医药,2024-09-19 00:00:00,44.93026,44.80026,45.13026,44.20026,52.878,0.00351,22401152,1006153997.0,-0.26714003881544196,44.92026
SH.600276,恒瑞医药,2024-09-20 00:00:00,44.70026,42.51026,44.70026,42.12026,50.188,0.01049,66915599,2879104757.0,-5.111577477452138,44.80026
SH.600276,恒瑞医药,2024-09-23 00:00:00,42.68026,42.51026,43.28026,42.32026,50.188,0.00446,28475378,1219950847.0,0.0,42.51026
SH.600276,恒瑞医药,2024-09-24 00:00:00,43.18026,43.46026,43.52026,42.04026,51.304,0.00679,43328054,1866263527.0,2.234754621590166,42.51026
SH.600276,恒瑞医药,2024-09-25 00:00:00,43.81026,43.64026,44.45026,43.49026,51.515,0.0068,43382501,1914228800.0,0.4141714752741924,43.46026
SH.600276,恒瑞医药,2024-09-26 00:00:00,43.94026,46.26026,46.30026,43.51026,54.594,0.00748,47693338,2151506359.0,6.003630592485024,43.64026
SH.600276,恒瑞医药,2024-09-27 00:00:00,47.18026,48.48026,48.70026,46.75026,57.203,0.00597,38062085,1826081206.0,4.7989354145437115,46.26026
SH.600276,恒瑞医药,2024-09-30 00:00:00,50.00026,52.10026,52.54026,49.80026,61.457,0.01597,101848211,5250200815.0,7.466956654110348,48.48026
SH.600276,恒瑞医药,2024-10-08 00:00:00,57.33026,55.81026,57.33026,53.20026,65.816,0.0187,119259493,6658937520.0,7.120885769092133,52.10026
SH.600276,恒瑞医药,2024-10-09 00:00:00,54.80026,51.48026,54.80026,51.36026,60.728,0.01412,90059068,4785336951.0,-7.758430080777259,55.81026
SH.600276,恒瑞医药,2024-10-10 00:00:00,51.48026,52.37026,53.62026,51.48026,61.774,0.00918,58528066,3089484854.0,1.7288179974227027,51.48026
SH.600276,恒瑞医药,2024-10-11 00:00:00,51.93026,50.00026,52.37026,49.48026,58.989,0.00777,49542203,2518858627.0,-4.525469226236426,52.37026
SH.600276,恒瑞医药,2024-10-14 00:00:00,50.30026,51.19026,51.47026,49.86026,60.387,0.00621,39584123,2016817820.0,2.3799876240643645,50.00026
SH.600276,恒瑞医药,2024-10-15 00:00:00,51.19026,50.40026,52.42026,50.35026,59.459,0.00569,36326359,1870266585.0,-1.5432623315451008,51.19026
SH.600276,恒瑞医药,2024-10-16 00:00:00,49.69026,48.98026,50.48026,48.81026,57.79,0.00623,39738816,1971863407.0,-2.817445783017789,50.40026
SH.600276,恒瑞医药,2024-10-17 00:00:00,49.10026,49.02026,50.33026,49.02026,57.837,0.00538,34296311,1711600383.0,0.08166555261241804,48.98026
SH.600276,恒瑞医药,2024-10-18 00:00:00,48.80026,50.28026,51.31026,48.56026,59.318,0.00841,53672595,2684309741.0,2.5703658038533415,49.02026
SH.600276,恒瑞医药,2024-10-21 00:00:00,50.40026,50.36026,50.87026,49.13026,59.412,0.0074,47185178,2372525724.0,0.1591081669028726,50.28026
SH.600276,恒瑞医药,2024-10-22 00:00:00,50.01026,50.56026,51.59026,50.01026,59.647,0.00629,40107748,2046102371.0,0.39713853741025734,50.36026
SH.600276,恒瑞医药,2024-10-23 00:00:00,50.63026,50.49026,50.98026,49.94026,59.565,0.00581,37059732,1875687445.0,-0.13844865512954302,50.56026
SH.600276,恒瑞医药,2024-10-24 00:00:00,50.40026,48.47026,50.40026,47.62026,56.99,0.01413,90154712,4383045856.0,-4.000771633974544,50.49026
SH.600276,恒瑞医药,2024-10-25 00:00:00,48.40026,47.80026,48.40026,46.52026,56.206,0.01479,94314886,4498732087.0,-1.382290914057407,48.47026
SH.600276,恒瑞医药,2024-10-28 00:00:00,47.83026,48.39026,48.70026,47.77026,56.896,0.00895,57114104,2769377026.0,1.2343029096494378,47.80026
SH.600276,恒瑞医药,2024-10-29 00:00:00,48.42026,47.98026,48.71026,47.90026,56.416,0.00623,39770039,1926235120.0,-0.8472779439498704,48.39026
SH.600276,恒瑞医药,2024-10-30 00:00:00,47.98026,47.00026,48.28026,46.76026,55.269,0.00745,47548494,2256717311.0,-2.04250664752547,47.98026
SH.600276,恒瑞医药,2024-10-31 00:00:00,47.01026,46.40026,47.20026,46.36026,54.566,0.00716,45672171,2138254363.0,-1.276588682700892,47.00026
SH.600276,恒瑞医药,2024-11-01 00:00:00,46.52026,47.36026,48.30026,46.52026,55.69,0.00972,61995884,2962180401.0,2.0689539239650676,46.40026
SH.600276,恒瑞医药,2024-11-04 00:00:00,47.90026,47.79026,48.19026,47.06026,56.194,0.00637,40659229,1942430936.0,0.9079342047531134,47.36026
SH.600276,恒瑞医药,2024-11-05 00:00:00,47.42026,48.48026,48.64026,47.30026,57.002,0.00806,51436998,2489509350.0,1.4438088430571367,47.79026
SH.600276,恒瑞医药,2024-11-06 00:00:00,48.51026,48.55026,49.48026,48.05026,57.084,0.00843,53755839,2624774467.0,0.144388664582245,48.48026
SH.600276,恒瑞医药,2024-11-07 00:00:00,48.40026,49.80026,49.80026,48.21026,58.548,0.00916,58406608,2882919254.0,2.5746515054708254,48.55026
SH.600276,恒瑞医药,2024-11-08 00:00:00,49.90026,49.30026,50.30026,48.95026,57.962,0.01023,65231445,3240522917.0,-1.004010822433457,49.80026
SH.600276,恒瑞医药,2024-11-11 00:00:00,48.79026,49.23026,49.47026,48.10026,57.88,0.0092,58679168,2870267472.0,-0.1419870807983574,49.30026
SH.600276,恒瑞医药,2024-11-12 00:00:00,49.23026,49.09026,50.58026,48.85026,57.716,0.01203,76735680,3839811096.0,-0.2843779415343339,49.23026
SH.600276,恒瑞医药,2024-11-13 00:00:00,48.96026,49.15026,50.06026,48.86026,57.786,0.00641,40914137,2023644063.0,0.1222238382929776,49.09026
SH.600276,恒瑞医药,2024-11-14 00:00:00,49.07026,48.25026,49.50026,48.23026,56.733,0.0061,38909169,1911896966.0,-1.831119509845941,49.15026
SH.600276,恒瑞医药,2024-11-15 00:00:00,48.07026,47.50026,48.50026,47.50026,55.854,0.00519,33086981,1593427809.0,-1.5543957690590684,48.25026
SH.600276,恒瑞医药,2024-11-18 00:00:00,47.51026,47.00026,47.86026,46.80026,55.269,0.00476,30353555,1443825224.0,-1.0526258172060532,47.50026
SH.600276,恒瑞医药,2024-11-19 00:00:00,47.04026,47.23026,47.60026,46.64026,55.538,0.00408,26030458,1230951482.0,0.4893589950353551,47.00026
SH.600276,恒瑞医药,2024-11-20 00:00:00,47.24026,50.26026,50.59026,47.24026,59.086,0.01718,109567359,5459304163.0,6.415378615319926,47.23026
SH.600276,恒瑞医药,2024-11-21 00:00:00,50.11026,49.99026,50.77026,49.55026,58.77,0.00766,48847493,2454422663.0,-0.5372037470558313,50.26026
SH.600276,恒瑞医药,2024-11-22 00:00:00,49.99026,48.07026,50.43026,48.00026,56.522,0.00786,50154761,2463628941.0,-3.8407481777450285,49.99026
SH.600276,恒瑞医药,2024-11-25 00:00:00,48.40026,47.56026,49.29026,47.56026,55.925,0.00684,43612870,2119573829.0,-1.0609470387719933,48.07026
SH.600276,恒瑞医药,2024-11-26 00:00:00,47.66026,48.48026,49.36026,47.60026,57.002,0.00627,39975602,1955082311.0,1.9343880794596195,47.56026
SH.600276,恒瑞医药,2024-11-27 00:00:00,48.42026,49.79026,50.00026,48.38026,58.536,0.00901,57454360,2862205754.0,2.7021307228962925,48.48026
SH.600276,恒瑞医药,2024-11-28 00:00:00,49.75026,49.50026,50.55026,49.12026,58.196,0.00576,36721023,1836357877.0,-0.5824432328732693,49.79026
SH.600276,恒瑞医药,2024-11-29 00:00:00,49.91026,50.49026,51.10026,49.60026,59.355,0.01086,69304072,3512492251.0,1.9999894950046768,49.50026
SH.600276,恒瑞医药,2024-12-02 00:00:00,50.40026,50.25026,50.59026,49.82026,59.074,0.00658,41976462,2116109033.0,-0.4753392040365845,50.49026
SH.600276,恒瑞医药,2024-12-03 00:00:00,50.15026,49.43026,50.21026,49.33026,58.114,0.00621,39619749,1972432253.0,-1.6318323527082255,50.25026
SH.600276,恒瑞医药,2024-12-04 00:00:00,49.45026,49.20026,49.78026,49.05026,57.845,0.00405,25826013,1281641897.0,-0.4653020234973413,49.43026
SH.600276,恒瑞医药,2024-12-05 00:00:00,49.22026,48.75026,49.25026,48.25026,57.318,0.00467,29810775,1454359603.0,-0.9146293129345309,49.20026
SH.600276,恒瑞医药,2024-12-06 00:00:00,48.75026,49.33026,49.60026,48.64026,57.997,0.00537,34229110,1688375559.0,1.189737244478297,48.75026
SH.600276,恒瑞医药,2024-12-09 00:00:00,49.78026,49.18026,49.89026,48.86026,57.822,0.00434,27661358,1368832175.0,-0.3040729969799585,49.33026
SH.600276,恒瑞医药,2024-12-10 00:00:00,50.05026,47.93026,50.05026,47.41026,56.358,0.01602,102210021,4957092802.0,-2.5416701741715073,49.18026
SH.600276,恒瑞医药,2024-12-11 00:00:00,47.66026,47.95026,47.97026,47.31026,56.381,0.00673,42944859,2056039720.0,0.041727292946049384,47.93026
SH.600276,恒瑞医药,2024-12-12 00:00:00,47.95026,47.84026,47.95026,47.40026,56.252,0.00567,36160892,1732532838.0,-0.22940438696265553,47.95026
SH.600276,恒瑞医药,2024-12-13 00:00:00,47.60026,46.39026,47.71026,46.36026,54.555,0.0102,65077716,3061019957.0,-3.030919982458295,47.84026
SH.600276,恒瑞医药,2024-12-16 00:00:00,46.38026,45.87026,46.38026,45.60026,53.946,0.00555,35407912,1630463503.0,-1.1209249527810279,46.39026
SH.600276,恒瑞医药,2024-12-17 00:00:00,45.85026,46.30026,46.77026,45.70026,54.449,0.00495,31587486,1470663476.0,0.9374265591692738,45.87026
SH.600276,恒瑞医药,2024-12-18 00:00:00,46.50026,46.39026,46.85026,46.33026,54.555,0.00387,24713965,1154970052.0,0.19438335767444137,46.30026
SH.600276,恒瑞医药,2024-12-19 00:00:00,45.98026,46.34026,46.46026,45.68026,54.496,0.00341,21746077,1007124998.0,-0.10778124545970892,46.39026
SH.600276,恒瑞医药,2024-12-20 00:00:00,46.34026,46.05026,46.68026,46.02026,54.156,0.00409,26073276,1212975576.0,-0.6258057248707692,46.34026
SH.600276,恒瑞医药,2024-12-23 00:00:00,46.05026,45.65026,46.13026,45.31026,53.688,0.00567,36192684,1660614929.0,-0.8686161598218958,46.05026
SH.600276,恒瑞医药,2024-12-24 00:00:00,45.65026,46.13026,46.46026,45.58026,54.25,0.00461,29399109,1362414863.0,1.0514726531677954,45.65026
SH.600276,恒瑞医药,2024-12-25 00:00:00,46.36026,46.42026,46.80026,46.13026,54.59,0.00494,31525766,1472155113.0,0.6286545967874431,46.13026
SH.600276,恒瑞医药,2024-12-26 00:00:00,46.30026,45.91026,46.34026,45.56026,53.992,0.00401,25582787,1178284148.0,-1.0986582151844864,46.42026
SH.600276,恒瑞医药,2024-12-27 00:00:00,46.00026,45.90026,46.16026,45.70026,53.981,0.00333,21250538,980779073.0,-0.021781623541225884,45.91026
SH.600276,恒瑞医药,2024-12-30 00:00:00,46.09026,45.94026,46.56026,45.85026,54.028,0.00402,25626685,1186680455.0,0.087145475864405,45.90026
SH.600276,恒瑞医药,2024-12-31 00:00:00,45.93026,45.70026,46.37026,45.65026,53.747,0.00609,38816593,1793640701.0,-0.5224175918899936,45.94026
SH.600276,恒瑞医药,2025-01-02 00:00:00,45.68026,44.75026,45.90026,44.50026,52.634,0.00546,34813241,1575496086.0,-2.0787627904086383,45.70026
SH.600276,恒瑞医药,2025-01-03 00:00:00,44.80026,44.16026,44.97026,43.96026,51.943,0.00429,27387320,1223704155.0,-1.3184280940490543,44.75026
SH.600276,恒瑞医药,2025-01-06 00:00:00,44.55026,44.81026,44.91026,44.18026,52.704,0.00473,30148116,1351231040.0,1.471911623708734,44.16026
SH.600276,恒瑞医药,2025-01-07 00:00:00,44.85026,43.84026,44.89026,43.81026,51.569,0.00404,25742175,1139218012.0,-2.1646828204076454,44.81026
SH.600276,恒瑞医药,2025-01-08 00:00:00,43.85026,43.35026,43.98026,42.75026,50.995,0.00549,35032742,1524946448.0,-1.1176941012667398,43.84026
SH.600276,恒瑞医药,2025-01-09 00:00:00,43.38026,42.88026,43.67026,42.86026,50.444,0.00404,25776764,1116825881.0,-1.0841918825861687,43.35026
SH.600276,恒瑞医药,2025-01-10 00:00:00,42.86026,42.47026,43.21026,42.33026,49.964,0.00417,26575159,1138717521.0,-0.956150918861025,42.88026
SH.600276,恒瑞医药,2025-01-13 00:00:00,42.31026,42.61026,42.97026,42.20026,50.128,0.003,19112933,819457430.0,0.32964243684873473,42.47026
SH.600276,恒瑞医药,2025-01-14 00:00:00,42.61026,44.09026,44.21026,42.61026,51.861,0.00529,33775503,1481294682.0,3.473341866489442,42.61026
SH.600276,恒瑞医药,2025-01-15 00:00:00,44.06026,43.68026,44.08026,43.46026,51.381,0.0029,18496457,810779951.0,-0.9299105970343647,44.09026
SH.600276,恒瑞医药,2025-01-16 00:00:00,43.88026,42.70026,43.95026,42.66026,50.234,0.00486,31015771,1344908224.0,-2.2435763889683735,43.68026
SH.600276,恒瑞医药,2025-01-17 00:00:00,42.30026,42.64026,42.88026,42.24026,50.163,0.00314,20061220,857835007.0,-0.14051436689144814,42.70026
SH.600276,恒瑞医药,2025-01-20 00:00:00,43.09026,44.32026,45.16026,43.08026,52.131,0.00876,55860298,2490393185.0,3.9399384525328873,42.64026
SH.600276,恒瑞医药,2025-01-21 00:00:00,44.65026,44.93026,45.10026,44.35026,52.845,0.00555,35398018,1593272360.0,1.3763457163834316,44.32026
SH.600276,恒瑞医药,2025-01-22 00:00:00,44.83026,44.23026,45.04026,44.04026,52.025,0.0033,21075095,939501099.0,-1.55797006293753,44.93026
SH.600276,恒瑞医药,2025-01-23 00:00:00,44.35026,43.76026,44.62026,43.57026,51.475,0.00448,28608225,1264462646.0,-1.0626209296531353,44.23026
SH.600276,恒瑞医药,2025-01-24 00:00:00,43.67026,44.44026,44.95026,43.62026,52.271,0.00549,35046072,1569811205.0,1.5539212975425643,43.76026
SH.600276,恒瑞医药,2025-01-27 00:00:00,44.60026,44.45026,44.98026,44.38026,52.283,0.00303,19306771,864900093.0,0.022502118574459308,44.44026
SH.600276,恒瑞医药,2025-02-05 00:00:00,44.47026,43.81026,44.60026,43.67026,51.533,0.0043,27440678,1209865781.0,-1.4398116006520558,44.45026
SH.600276,恒瑞医药,2025-02-06 00:00:00,43.93026,44.16026,44.35026,43.47026,51.943,0.00395,25217720,1113529253.0,0.798899618491197,43.81026
SH.600276,恒瑞医药,2025-02-07 00:00:00,44.16026,45.09026,46.13026,43.80026,53.032,0.00792,50542235,2283393395.0,2.1059658616140386,44.16026
SH.600276,恒瑞医药,2025-02-10 00:00:00,45.30026,44.68026,45.30026,44.47026,52.552,0.00594,37889246,1702769263.0,-0.9092872828854917,45.09026
SH.600276,恒瑞医药,2025-02-11 00:00:00,44.80026,43.99026,44.90026,43.85026,51.744,0.00487,31067830,1376208094.0,-1.5443061432498328,44.68026
SH.600276,恒瑞医药,2025-02-12 00:00:00,44.00026,44.24026,44.35026,43.82026,52.037,0.00395,25175738,1113067394.0,0.5683076208233369,43.99026
SH.600276,恒瑞医药,2025-02-13 00:00:00,44.10026,44.44026,44.86026,43.86026,52.271,0.00594,37862524,1692124022.0,0.4520769091320956,44.24026
SH.600276,恒瑞医药,2025-02-14 00:00:00,44.42026,45.30026,45.57026,44.36026,53.278,0.00819,52217434,2363013539.0,1.935182197403884,44.44026
SH.600276,恒瑞医药,2025-02-17 00:00:00,45.60026,45.06026,46.11026,44.75026,52.997,0.00874,55765326,2543137861.0,-0.5297982837184643,45.30026
SH.600276,恒瑞医药,2025-02-18 00:00:00,45.11026,44.62026,45.57026,44.46026,52.482,0.00549,35021947,1582024379.0,-0.9764701757158032,45.06026
SH.600276,恒瑞医药,2025-02-19 00:00:00,44.54026,44.51026,44.98026,44.00026,52.353,0.00576,36761103,1642055731.0,-0.24652478492953522,44.62026
SH.600276,恒瑞医药,2025-02-20 00:00:00,44.55026,46.30026,46.78026,44.55026,54.449,0.01339,85405751,3962875924.0,4.021544695537611,44.51026
SH.600276,恒瑞医药,2025-02-21 00:00:00,46.50026,48.08026,48.28026,46.33026,56.533,0.01529,97511816,4658378219.0,3.844470851783556,46.30026
SH.600276,恒瑞医药,2025-02-24 00:00:00,48.20026,47.89026,48.45026,47.40026,56.311,0.00836,53308063,2562457640.0,-0.3951725718621423,48.08026
SH.600276,恒瑞医药,2025-02-25 00:00:00,47.44026,47.17026,48.05026,46.97026,55.468,0.00555,35433199,1689640415.0,-1.503437233374801,47.89026
SH.600276,恒瑞医药,2025-02-26 00:00:00,47.40026,47.35026,47.54026,46.75026,55.679,0.00514,32811280,1551997435.0,0.38159637025532556,47.17026
SH.600276,恒瑞医药,2025-02-27 00:00:00,47.20026,47.71026,48.16026,46.99026,56.1,0.00579,36908148,1768169581.0,0.760291495759473,47.35026
SH.600276,恒瑞医药,2025-02-28 00:00:00,47.51026,45.76026,47.90026,45.61026,53.817,0.00771,49161519,2294571489.0,-4.08717118707799,47.71026
SH.600276,恒瑞医药,2025-03-03 00:00:00,45.75026,45.72026,46.61026,45.57026,53.77,0.005,31894554,1476382971.0,-0.087412090752979,45.76026
SH.600276,恒瑞医药,2025-03-04 00:00:00,45.61026,45.66026,45.89026,45.18026,53.7,0.00381,24333671,1113598159.0,-0.13123284950698502,45.72026
SH.600276,恒瑞医药,2025-03-05 00:00:00,45.66026,45.78026,45.92026,45.26026,53.84,0.00396,25266965,1157331477.0,0.2628105928437496,45.66026
SH.600276,恒瑞医药,2025-03-06 00:00:00,46.10026,46.32026,46.66026,45.85026,54.473,0.00519,33138915,1539946176.0,1.1795476915159486,45.78026
SH.600276,恒瑞医药,2025-03-07 00:00:00,46.20026,45.48026,46.20026,45.32026,53.489,0.00528,33661440,1544840662.0,-1.8134613234036174,46.32026
SH.600276,恒瑞医药,2025-03-10 00:00:00,45.62026,45.29026,45.96026,44.80026,53.266,0.00539,34360556,1561460747.0,-0.41776366274070936,45.48026
SH.600276,恒瑞医药,2025-03-11 00:00:00,44.85026,45.14026,45.29026,44.75026,53.091,0.00457,29153512,1317152158.0,-0.3311970388335277,45.29026
SH.600276,恒瑞医药,2025-03-12 00:00:00,45.18026,44.80026,45.59026,44.75026,52.693,0.00532,33955147,1533371103.0,-0.7532078902513993,45.14026
SH.600276,恒瑞医药,2025-03-13 00:00:00,44.85026,44.83026,45.08026,44.57026,52.728,0.00381,24334895,1095003467.0,0.06696389708452838,44.80026
SH.600276,恒瑞医药,2025-03-14 00:00:00,44.92026,46.34026,46.67026,44.68026,54.496,0.00899,57320676,2648874641.0,3.3682606346695247,44.83026
SH.600276,恒瑞医药,2025-03-17 00:00:00,47.12026,46.28026,47.15026,46.18026,54.426,0.00435,27743095,1295638303.0,-0.12947704652499203,46.34026
SH.600276,恒瑞医药,2025-03-18 00:00:00,46.68026,46.30026,47.28026,46.22026,54.449,0.00483,30830946,1443933601.0,0.04321496897381978,46.28026
SH.600276,恒瑞医药,2025-03-19 00:00:00,46.32026,47.09026,47.92026,46.10026,55.374,0.00761,48516179,2295409175.0,1.706253917364609,46.30026
SH.600276,恒瑞医药,2025-03-20 00:00:00,47.00026,46.43026,47.27026,46.28026,54.601,0.0051,32518757,1521454257.0,-1.4015637203956905,47.09026
SH.600276,恒瑞医药,2025-03-21 00:00:00,46.20026,44.65026,46.43026,44.63026,52.517,0.00849,54153818,2458827778.0,-3.833706724881562,46.43026
SH.600276,恒瑞医药,2025-03-24 00:00:00,44.66026,44.15026,44.84026,44.00026,51.932,0.00513,32707594,1454999354.0,-1.1198143079122047,44.65026
SH.600276,恒瑞医药,2025-03-25 00:00:00,44.27026,44.67026,44.82026,44.03026,52.54,0.00359,22910500,1026660592.0,1.1777960084493182,44.15026
SH.600276,恒瑞医药,2025-03-26 00:00:00,46.00026,46.03026,46.74026,45.87026,54.133,0.00958,61103593,2832596084.0,3.0445311936845667,44.67026
SH.600276,恒瑞医药,2025-03-27 00:00:00,45.88026,48.19026,48.22026,45.40026,56.662,0.01362,86863207,4127696681.0,4.692565282055769,46.03026
SH.600276,恒瑞医药,2025-03-28 00:00:00,48.19026,48.41026,49.33026,48.19026,48.952,0.01212,77299809,3782798004.0,0.45652378717192826,48.19026
SH.600276,恒瑞医药,2025-03-31 00:00:00,48.78026,49.00026,49.88026,48.65026,49.546,0.01228,78316591,3863528326.0,1.218749909626588,48.41026
SH.600276,恒瑞医药,2025-04-01 00:00:00,49.00026,51.60026,52.30026,48.71026,52.165,0.02131,135906280,6963773597.0,5.306094294193544,49.00026
SH.600276,恒瑞医药,2025-04-02 00:00:00,51.12026,50.65026,51.56026,50.46026,51.208,0.00991,63187882,3230471821.0,-1.8410759945783137,51.60026
SH.600276,恒瑞医药,2025-04-03 00:00:00,50.21026,50.84026,51.40026,50.21026,51.399,0.00812,51785846,2643033087.0,0.3751214702550347,50.65026
SH.600276,恒瑞医药,2025-04-07 00:00:00,48.60026,48.50026,49.65026,46.56026,49.043,0.01811,115503305,5580749462.0,-4.602651520664929,50.84026
SH.600276,恒瑞医药,2025-04-08 00:00:00,48.60026,48.50026,49.09026,47.06026,49.043,0.01548,98764578,4739094856.0,0.0,48.50026
SH.600276,恒瑞医药,2025-04-09 00:00:00,47.53026,48.02026,48.02026,45.66026,48.559,0.01529,97519951,4574095268.0,-0.9896854161194124,48.50026
SH.600276,恒瑞医药,2025-04-10 00:00:00,48.77026,48.30026,48.89026,47.66026,48.841,0.01147,73171260,3541702205.0,0.5830872219350772,48.02026
SH.600276,恒瑞医药,2025-04-11 00:00:00,47.96026,48.18026,48.48026,47.60026,48.721,0.00667,42579799,2053266781.0,-0.24844586757919013,48.30026
SH.600276,恒瑞医药,2025-04-14 00:00:00,48.18026,48.67026,49.80026,47.90026,49.214,0.00896,57183442,2811326097.0,1.0170140219251662,48.18026
SH.600276,恒瑞医药,2025-04-15 00:00:00,48.40026,48.07026,48.73026,47.72026,48.61,0.00512,32628885,1571241599.0,-1.2327856888374984,48.67026
SH.600276,恒瑞医药,2025-04-16 00:00:00,48.20026,48.70026,48.70026,47.16026,49.244,0.00714,45534414,2184411134.0,1.31058163613012,48.07026
SH.600276,恒瑞医药,2025-04-17 00:00:00,48.34026,48.58026,48.67026,48.12026,49.123,0.00476,30390040,1477059115.0,-0.24640525533128044,48.70026
SH.600276,恒瑞医药,2025-04-18 00:00:00,48.38026,47.80026,48.72026,47.66026,48.338,0.00397,25330179,1217785121.0,-1.6055904188244385,48.58026
SH.600276,恒瑞医药,2025-04-21 00:00:00,47.50026,48.97026,49.20026,47.43026,49.516,0.00581,37068001,1811287012.0,2.4476854309997513,47.80026
SH.600276,恒瑞医药,2025-04-22 00:00:00,48.84026,50.77026,51.10026,48.84026,51.329,0.00969,61789198,3116791043.0,3.6757003128020904,48.97026
SH.600276,恒瑞医药,2025-04-23 00:00:00,50.76026,50.89026,51.25026,50.42026,51.45,0.00604,38543044,1964625809.0,0.2363588447252337,50.77026
SH.600276,恒瑞医药,2025-04-24 00:00:00,50.77026,50.93026,51.52026,50.22026,47.651,0.00527,33607741,1721477004.0,0.07860050233580876,50.89026
SH.600276,恒瑞医药,2025-04-25 00:00:00,51.48026,50.07026,51.80026,49.77026,46.849,0.00822,52432914,2660676971.0,-1.6885835650554297,50.93026
SH.600276,恒瑞医药,2025-04-28 00:00:00,49.48026,49.77026,49.95026,48.80026,46.57,0.00621,39621032,1969933552.0,-0.5991580630897406,50.07026
SH.600276,恒瑞医药,2025-04-29 00:00:00,49.51026,49.40026,49.53026,48.68026,46.225,0.00543,34666988,1708826486.0,-0.7434158471344081,49.77026
SH.600276,恒瑞医药,2025-04-30 00:00:00,49.25026,50.90026,51.16026,49.10026,47.623,0.00673,42933848,2173618447.0,3.0364212657990057,49.40026
SH.600276,恒瑞医药,2025-05-06 00:00:00,51.90026,50.80026,51.98026,50.53026,47.53,0.00604,38543945,1971965956.0,-0.1964626506819443,50.90026
SH.600276,恒瑞医药,2025-05-07 00:00:00,51.90026,51.31026,52.05026,50.81026,48.005,0.00623,39728794,2044498617.0,1.0039318696400334,50.80026
SH.600276,恒瑞医药,2025-05-08 00:00:00,51.02026,51.36026,51.53026,50.83026,48.052,0.00455,29014812,1493108281.0,0.0974463976600336,51.31026
SH.600276,恒瑞医药,2025-05-09 00:00:00,51.36026,52.61026,52.79026,51.25026,49.217,0.00919,58603714,3078537820.0,2.433788302473547,51.36026
SH.600276,恒瑞医药,2025-05-12 00:00:00,51.80026,50.49026,51.80026,50.00026,47.241,0.01323,84391222,4279425861.0,-4.0296322428362785,52.61026
SH.600276,恒瑞医药,2025-05-13 00:00:00,50.99026,51.03026,52.03026,50.68026,47.744,0.00814,51913233,2667979498.0,1.0695132090823045,50.49026
SH.600276,恒瑞医药,2025-05-14 00:00:00,50.82026,52.70026,53.05026,50.81026,49.301,0.00982,62634690,3280790285.0,3.2725680801939903,51.03026
SH.600276,恒瑞医药,2025-05-15 00:00:00,52.70026,53.49026,53.75026,52.50026,50.037,0.00837,53361459,2853103030.0,1.4990438377343853,52.70026
SH.600276,恒瑞医药,2025-05-16 00:00:00,53.29026,53.65026,53.80026,52.70026,50.186,0.00599,38217660,2047406426.0,0.29911987715147337,53.49026
SH.600276,恒瑞医药,2025-05-19 00:00:00,53.60026,53.25026,54.13026,52.85026,49.813,0.00549,35019068,1875209002.0,-0.7455695461681,53.65026
SH.600276,恒瑞医药,2025-05-20 00:00:00,54.09026,54.25026,54.95026,53.59026,50.745,0.0093,59335691,3233612042.0,1.8779251030886988,53.25026
SH.600276,恒瑞医药,2025-05-21 00:00:00,54.08026,55.74026,56.30026,53.83026,52.134,0.0096,61240349,3398156910.0,2.746530615705809,54.25026
SH.600276,恒瑞医药,2025-05-22 00:00:00,55.80026,55.40026,56.16026,54.96026,51.817,0.00648,41314629,2298821740.0,-0.6099720381641497,55.74026
SH.600276,恒瑞医药,2025-05-23 00:00:00,55.9,54.5,56.0,54.3,52.606,0.00849,54184027,2981192924.0,-1.6250104241388088,55.40026
SH.600276,恒瑞医药,2025-05-26 00:00:00,54.2,53.35,54.63,53.06,51.496,0.00834,53228437,2850955759.0,-2.1100917431192636,54.5
SH.600276,恒瑞医药,2025-05-27 00:00:00,53.22,53.42,54.09,53.13,51.563,0.00565,36032348,1930051269.0,0.13120899718837917,53.35
SH.600276,恒瑞医药,2025-05-28 00:00:00,53.59,54.25,54.93,53.33,52.364,0.00561,35804983,1943962412.0,1.5537251965555938,53.42
SH.600276,恒瑞医药,2025-05-29 00:00:00,54.15,54.1,54.59,53.86,52.22,0.00556,35485276,1924548694.0,-0.276497695852532,54.25
SH.600276,恒瑞医药,2025-05-30 00:00:00,54.29,54.74,55.66,54.25,52.837,0.00739,47142160,2590435177.0,1.1829944547134945,54.1
SH.600276,恒瑞医药,2025-06-03 00:00:00,54.74,54.88,55.78,54.25,52.972,0.00681,43445035,2397345666.0,0.2557544757033258,54.74
SH.600276,恒瑞医药,2025-06-04 00:00:00,54.84,55.29,55.84,54.61,53.368,0.00578,36859302,2038925051.0,0.74708454810495,54.88
SH.600276,恒瑞医药,2025-06-05 00:00:00,55.1,53.88,55.1,53.55,52.007,0.00776,49527267,2675359811.0,-2.5501899077590826,55.29
SH.600276,恒瑞医药,2025-06-06 00:00:00,53.9,53.8,54.18,53.38,51.93,0.0054,34453388,1849932993.0,-0.14847809948033666,53.88
SH.600276,恒瑞医药,2025-06-09 00:00:00,54.0,54.36,55.79,53.78,52.471,0.0103,65690582,3607525589.0,1.0408921933085544,53.8
SH.600276,恒瑞医药,2025-06-10 00:00:00,54.38,55.13,55.8,54.38,53.214,0.00754,48073517,2654117466.0,1.416482707873442,54.36
SH.600276,恒瑞医药,2025-06-11 00:00:00,55.0,54.71,55.81,54.55,52.808,0.00592,37773566,2080608921.0,-0.7618356611645233,55.13
SH.600276,恒瑞医药,2025-06-12 00:00:00,54.4,55.82,56.2,54.0,53.88,0.00773,49318822,2730556453.0,2.028879546700785,54.71
SH.600276,恒瑞医药,2025-06-13 00:00:00,55.69,53.89,56.06,53.56,52.017,0.01035,66023830,3593704539.0,-3.457542099605875,55.82
SH.600276,恒瑞医药,2025-06-16 00:00:00,53.41,53.76,54.08,53.1,51.891,0.00615,39224137,2100282375.0,-0.2412321395435193,53.89
SH.600276,恒瑞医药,2025-06-17 00:00:00,54.0,51.84,54.21,51.6,50.038,0.0109,69518032,3648258374.0,-3.5714285714285614,53.76
SH.600276,恒瑞医药,2025-06-18 00:00:00,51.7,51.81,52.23,51.32,50.009,0.00524,33409543,1728559051.0,-0.057870370370372556,51.84
SH.600276,恒瑞医药,2025-06-19 00:00:00,51.84,51.58,52.39,51.31,49.787,0.00585,37316694,1930536852.0,-0.4439297432928083,51.81
SH.600276,恒瑞医药,2025-06-20 00:00:00,51.75,51.76,52.33,51.63,49.961,0.00377,24060775,1249132876.0,0.34897246994959236,51.58
SH.600276,恒瑞医药,2025-06-23 00:00:00,51.68,51.96,52.18,51.2,50.397,0.00491,31328106,1620281115.0,0.38639876352396224,51.76
SH.600276,恒瑞医药,2025-06-24 00:00:00,52.09,52.15,52.5,51.73,50.581,0.00707,45103539,2347206997.0,0.3656658968437215,51.96
SH.600276,恒瑞医药,2025-06-25 00:00:00,52.15,52.95,53.03,51.31,51.357,0.00841,53648196,2799316482.0,1.5340364333653007,52.15
SH.600276,恒瑞医药,2025-06-26 00:00:00,52.6,52.08,52.95,51.9,50.514,0.00615,39226868,2050704854.0,-1.6430594900849944,52.95
SH.600276,恒瑞医药,2025-06-27 00:00:00,51.91,51.95,52.07,51.67,50.387,0.00451,28776507,1492711802.0,-0.2496159754224183,52.08
SH.600276,恒瑞医药,2025-06-30 00:00:00,51.91,51.9,52.19,50.99,50.339,0.00698,44535488,2292910157.0,-0.09624639076035468,51.95
SH.600276,恒瑞医药,2025-07-01 00:00:00,51.89,52.46,52.74,51.8,50.882,0.00623,39772496,2084478374.0,1.0789980732177307,51.9
SH.600276,恒瑞医药,2025-07-02 00:00:00,52.4,52.25,53.44,52.1,50.678,0.00511,32571223,1714632081.0,-0.40030499428135885,52.46
SH.600276,恒瑞医药,2025-07-03 00:00:00,52.26,52.47,52.58,51.81,50.892,0.0046,29367818,1536828863.0,0.4210526315789452,52.25
SH.600276,恒瑞医药,2025-07-04 00:00:00,52.61,53.26,53.79,52.6,51.658,0.00749,47792312,2548289616.0,1.50562226033924,52.47
SH.600276,恒瑞医药,2025-07-07 00:00:00,53.38,52.65,53.59,52.56,51.066,0.00449,28638794,1516132786.0,-1.14532482162974,53.26
SH.600276,恒瑞医药,2025-07-08 00:00:00,52.69,53.4,53.69,52.5,51.794,0.00563,35926315,1916547623.0,1.4245014245014245,52.65
SH.600276,恒瑞医药,2025-07-09 00:00:00,53.4,57.19,57.94,53.02,55.47,0.01816,115821169,6507788433.0,7.097378277153557,53.4
SH.600276,恒瑞医药,2025-07-10 00:00:00,57.13,57.6,58.28,56.61,55.868,0.01417,90371570,5204345946.0,0.7169085504458886,57.19
SH.600276,恒瑞医药,2025-07-11 00:00:00,57.51,56.9,58.12,56.88,55.189,0.01032,65863171,3779524292.0,-1.2152777777777826,57.6
SH.600276,恒瑞医药,2025-07-14 00:00:00,56.75,57.21,58.05,56.56,55.489,0.00743,47375836,2714468293.0,0.5448154657293538,56.9
SH.600276,恒瑞医药,2025-07-15 00:00:00,57.25,57.22,57.53,56.52,55.499,0.00685,43692847,2491977102.0,0.017479461632578238,57.21
SH.600276,恒瑞医药,2025-07-16 00:00:00,57.65,57.22,58.9,57.04,55.499,0.00624,39819120,2293530537.0,0.0,57.22
SH.600276,恒瑞医药,2025-07-17 00:00:00,56.9,57.73,57.9,56.84,55.994,0.00696,44414628,2553187389.0,0.8912967493883224,57.22
SH.600276,恒瑞医药,2025-07-18 00:00:00,58.21,58.76,59.86,57.9,56.993,0.01036,66098565,3881474081.0,1.7841676771176187,57.73
SH.600276,恒瑞医药,2025-07-21 00:00:00,58.5,58.0,58.8,57.68,56.256,0.00799,50944185,2960736582.0,-1.293396868618104,58.76
SH.600276,恒瑞医药,2025-07-22 00:00:00,58.0,57.41,58.85,57.2,55.683,0.00746,47557025,2753253571.0,-1.0172413793103507,58.0
SH.600276,恒瑞医药,2025-07-23 00:00:00,57.2,57.13,58.08,56.87,55.412,0.00667,42529511,2440208239.0,-0.487719909423435,57.41
SH.600276,恒瑞医药,2025-07-24 00:00:00,57.44,57.5,57.98,56.95,55.771,0.0073,46583415,2670846698.0,0.6476457202870601,57.13
SH.600276,恒瑞医药,2025-07-25 00:00:00,57.5,56.4,57.55,56.35,54.704,0.00792,50539423,2873987055.0,-1.9130434782608718,57.5
SH.600276,恒瑞医药,2025-07-28 00:00:00,60.1,62.04,62.04,59.66,60.174,0.02555,163009595,9943549097.0,10.000000000000002,56.4
SH.600276,恒瑞医药,2025-07-29 00:00:00,63.0,63.8,65.43,62.13,61.881,0.02638,168276889,10731327179.0,2.8368794326241105,62.04
SH.600276,恒瑞医药,2025-07-30 00:00:00,63.81,63.59,64.73,62.65,61.677,0.01538,98084933,6247901661.0,-0.3291536050156642,63.8
SH.600276,恒瑞医药,2025-07-31 00:00:00,63.4,62.9,64.25,62.5,61.008,0.01163,74203875,4690208201.0,-1.0850762698537582,63.59
SH.600276,恒瑞医药,2025-08-01 00:00:00,62.83,61.31,63.58,60.76,59.466,0.01152,73465464,4545894531.0,-2.5278219395866395,62.9
SH.600276,恒瑞医药,2025-08-04 00:00:00,60.6,62.0,62.05,60.0,60.135,0.01081,68961349,4217834709.0,1.1254281520143496,61.31
SH.600276,恒瑞医药,2025-08-05 00:00:00,62.11,62.3,62.46,61.56,60.426,0.00849,54144318,3356911222.0,0.4838709677419309,62.0
SH.600276,恒瑞医药,2025-08-06 00:00:00,62.19,61.58,62.55,61.38,59.728,0.00897,57247861,3539622159.0,-1.1556982343499178,62.3
SH.600276,恒瑞医药,2025-08-07 00:00:00,61.25,60.81,62.1,60.7,58.981,0.00791,50476397,3088025792.0,-1.2504059759662165,61.58
SH.600276,恒瑞医药,2025-08-08 00:00:00,60.7,60.99,61.13,60.0,59.156,0.00569,36297073,2203721883.0,0.2960039467192891,60.81
SH.600276,恒瑞医药,2025-08-11 00:00:00,60.99,61.07,61.42,60.68,59.233,0.00667,42575238,2600063209.0,0.1311690441055883,60.99
SH.600276,恒瑞医药,2025-08-12 00:00:00,61.32,60.85,61.45,60.26,59.02,0.00614,39183475,2380971082.0,-0.36024234485017004,61.07
SH.600276,恒瑞医药,2025-08-13 00:00:00,60.85,62.61,63.51,60.85,60.727,0.01278,81529632,5079201588.0,2.8923582580115004,60.85
SH.600276,恒瑞医药,2025-08-14 00:00:00,62.85,62.82,63.6,62.36,60.931,0.00896,57126647,3597162010.0,0.33540967896502294,62.61
SH.600276,恒瑞医药,2025-08-15 00:00:00,62.64,63.4,64.27,62.46,61.493,0.00964,61493254,3908038788.0,0.9232728430436139,62.82
SH.600276,恒瑞医药,2025-08-18 00:00:00,63.4,63.08,63.95,62.81,61.183,0.01143,72885756,4616557070.0,-0.5047318611987386,63.4
SH.600276,恒瑞医药,2025-08-19 00:00:00,63.4,61.69,65.4,61.63,59.835,0.01564,99770049,6322095612.0,-2.2035510462904258,63.08
SH.600276,恒瑞医药,2025-08-20 00:00:00,61.66,62.85,62.97,61.11,56.723,0.0102,65042442,4025484233.0,1.8803695898849142,61.69
SH.600276,恒瑞医药,2025-08-21 00:00:00,63.98,63.99,65.33,62.95,57.752,0.01346,85862923,5507421603.0,1.8138424821002395,62.85
SH.600276,恒瑞医药,2025-08-22 00:00:00,64.71,64.98,65.2,63.83,58.646,0.01,63771891,4115097233.0,1.5471167369901577,63.99
SH.600276,恒瑞医药,2025-08-25 00:00:00,64.98,66.26,66.4,64.37,59.801,0.01331,84923381,5551997681.0,1.969836872883966,64.98
SH.600276,恒瑞医药,2025-08-26 00:00:00,66.2,65.3,66.2,65.0,58.935,0.00902,57512937,3761929156.0,-1.44883791125869,66.26
SH.600276,恒瑞医药,2025-08-27 00:00:00,65.01,63.05,65.71,63.04,56.904,0.01311,83616934,5375767159.0,-3.4456355283307807,65.3
SH.600276,恒瑞医药,2025-08-28 00:00:00,62.95,63.03,63.22,61.41,56.886,0.01122,71590154,4469129644.0,-0.031720856463118195,63.05
SH.600276,恒瑞医药,2025-08-29 00:00:00,63.03,66.23,66.87,63.03,59.774,0.01604,102318607,6677635302.0,5.076947485324453,63.03
SH.600276,恒瑞医药,2025-09-01 00:00:00,66.4,68.35,68.88,65.92,61.687,0.01367,87218089,5917826674.0,3.200966329457935,66.23
SH.600276,恒瑞医药,2025-09-02 00:00:00,69.8,68.87,70.77,67.8,62.157,0.017,108448969,7512721689.0,0.7607900512070377,68.35
SH.600276,恒瑞医药,2025-09-03 00:00:00,68.8,71.98,73.42,68.8,64.963,0.0177,112936901,8078844874.0,4.515754319732829,68.87
SH.600276,恒瑞医药,2025-09-04 00:00:00,71.27,68.65,71.58,67.5,61.958,0.01729,110289406,7625423229.0,-4.62628507918866,71.98
SH.600276,恒瑞医药,2025-09-05 00:00:00,69.0,72.47,72.98,69.0,65.406,0.01468,93647856,6663122815.0,5.5644573925710015,68.65
SH.600276,恒瑞医药,2025-09-08 00:00:00,73.0,72.31,73.87,71.64,65.261,0.01173,74820928,5423039921.0,-0.22078101283289167,72.47
SH.600276,恒瑞医药,2025-09-09 00:00:00,72.17,71.09,74.04,70.48,64.16,0.01203,76767009,5517534684.0,-1.6871801963767097,72.31
SH.600276,恒瑞医药,2025-09-10 00:00:00,70.84,70.32,71.77,70.08,63.465,0.00734,46820413,3306783039.0,-1.083134055422718,71.09
SH.600276,恒瑞医药,2025-09-11 00:00:00,66.58,68.29,68.47,64.0,61.633,0.03045,194235937,12928573364.0,-2.8868031854379796,70.32
SH.600276,恒瑞医药,2025-09-12 00:00:00,68.28,69.01,69.51,67.86,62.283,0.01303,83121521,5710845365.0,1.0543271342802736,68.29
SH.600276,恒瑞医药,2025-09-15 00:00:00,68.85,69.1,69.69,68.26,62.364,0.00959,61188153,4225790379.0,0.13041588175625154,69.01
SH.600276,恒瑞医药,2025-09-16 00:00:00,69.1,69.15,69.34,68.34,62.409,0.00681,43458205,2991348434.0,0.07235890014473427,69.1
SH.600276,恒瑞医药,2025-09-17 00:00:00,69.3,70.13,70.8,69.3,63.294,0.00919,58603371,4103135889.0,1.4172089660158924,69.15
SH.600276,恒瑞医药,2025-09-18 00:00:00,70.56,71.09,73.12,69.9,64.16,0.01357,86563888,6173830340.0,1.3688863539141707,70.13
SH.600276,恒瑞医药,2025-09-19 00:00:00,71.1,69.65,71.24,69.49,62.861,0.00822,52439242,3681125692.0,-2.025601350400897,71.09
SH.600276,恒瑞医药,2025-09-22 00:00:00,70.49,71.05,72.7,70.4,64.124,0.00904,57654243,4118513261.0,2.010050251256269,69.65
SH.600276,恒瑞医药,2025-09-23 00:00:00,71.0,69.7,71.19,68.5,62.906,0.0088,56132957,3909219697.0,-1.9000703729767692,71.05
SH.600276,恒瑞医药,2025-09-24 00:00:00,69.7,70.11,70.38,69.3,63.276,0.0062,39530211,2763214641.0,0.5882352941176421,69.7
SH.600276,恒瑞医药,2025-09-25 00:00:00,72.4,72.27,73.08,71.55,65.225,0.01159,73903918,5347121399.0,3.0808729139922932,70.11
SH.600276,恒瑞医药,2025-09-26 00:00:00,70.8,70.08,71.37,69.23,63.249,0.01096,69904485,4900954441.0,-3.030303030303027,72.27
SH.600276,恒瑞医药,2025-09-29 00:00:00,69.79,69.2,69.79,67.76,62.454,0.01016,64799104,4442889453.0,-1.2557077625570712,70.08
SH.600276,恒瑞医药,2025-09-30 00:00:00,69.0,71.55,71.58,68.8,64.575,0.00908,57945078,4079739679.0,3.395953757225425,69.2
SH.600276,恒瑞医药,2025-10-09 00:00:00,71.56,71.15,71.66,69.11,64.214,0.00929,59279340,4173571948.0,-0.5590496156533773,71.55
SH.600276,恒瑞医药,2025-10-10 00:00:00,70.38,68.2,70.88,67.85,61.552,0.01107,70610070,4868800903.0,-4.146170063246666,71.15
SH.600276,恒瑞医药,2025-10-13 00:00:00,66.0,66.98,68.03,65.7,60.451,0.00834,53228709,3555005478.0,-1.7888563049853354,68.2
SH.600276,恒瑞医药,2025-10-14 00:00:00,67.61,64.27,67.66,63.7,58.005,0.01102,70294663,4593967583.0,-4.045983875783827,66.98
SH.600276,恒瑞医药,2025-10-15 00:00:00,64.2,66.4,66.42,63.68,59.927,0.00801,51123163,3335928393.0,3.3141434572895747,64.27
SH.600276,恒瑞医药,2025-10-16 00:00:00,66.43,66.84,68.5,65.72,60.324,0.00722,46037757,3096812048.0,0.662650602409635,66.4
SH.600276,恒瑞医药,2025-10-17 00:00:00,66.85,65.1,67.4,65.0,58.754,0.00548,34950734,2298728245.0,-2.603231597845615,66.84
SH.600276,恒瑞医药,2025-10-20 00:00:00,65.99,65.13,66.51,64.83,58.781,0.00512,32671694,2146357392.0,0.04608294930875751,65.1
SH.600276,恒瑞医药,2025-10-21 00:00:00,65.5,66.0,66.58,65.14,59.566,0.00579,36956031,2436269459.0,1.3357899585444566,65.13
SH.600276,恒瑞医药,2025-10-22 00:00:00,66.25,65.26,66.79,65.01,58.898,0.00624,39804808,2610971756.0,-1.1212121212121136,66.0
SH.600276,恒瑞医药,2025-10-23 00:00:00,65.01,65.14,65.43,64.02,58.79,0.00537,34278526,2219041425.0,-0.1838798651547725,65.26
SH.600276,恒瑞医药,2025-10-24 00:00:00,65.26,65.5,66.36,65.01,59.115,0.00584,37275277,2441099938.0,0.5526558182376411,65.14
SH.600276,恒瑞医药,2025-10-27 00:00:00,66.55,67.01,67.85,66.51,59.564,0.00798,50892492,3413538793.0,2.3053435114503897,65.5
SH.600276,恒瑞医药,2025-10-28 00:00:00,65.22,63.62,65.46,63.5,56.551,0.01696,108208999,6923383033.0,-5.058946425906592,67.01
SH.600276,恒瑞医药,2025-10-29 00:00:00,63.6,64.02,64.48,62.71,56.906,0.00881,56217455,3577122185.0,0.6287331027978601,63.62
SH.600276,恒瑞医药,2025-10-30 00:00:00,64.02,62.88,64.02,62.87,55.893,0.00954,60874000,3856500507.0,-1.7806935332708427,64.02
SH.600276,恒瑞医药,2025-10-31 00:00:00,63.36,64.15,65.49,63.2,57.022,0.01312,83706390,5386074734.0,2.0197201017811754,62.88
SH.600276,恒瑞医药,2025-11-03 00:00:00,64.96,63.4,64.99,62.82,56.355,0.00722,46030561,2924454178.0,-1.1691348402182495,64.15
SH.600276,恒瑞医药,2025-11-04 00:00:00,63.42,61.92,63.45,61.55,55.04,0.00808,51560966,3215841267.0,-2.3343848580441593,63.4
SH.600276,恒瑞医药,2025-11-05 00:00:00,61.3,61.96,62.49,61.22,55.075,0.00524,33438078,2074291419.0,0.06459948320413299,61.92
SH.600276,恒瑞医药,2025-11-06 00:00:00,61.95,62.42,62.5,61.47,55.484,0.00396,25252395,1567372106.0,0.7424144609425449,61.96
SH.600276,恒瑞医药,2025-11-07 00:00:00,62.0,61.58,62.49,61.5,54.737,0.00424,27065428,1670988958.0,-1.3457225248317901,62.42
SH.600276,恒瑞医药,2025-11-10 00:00:00,61.57,61.83,61.93,60.96,54.96,0.00621,39624830,2431973885.0,0.4059759662227996,61.58
SH.600276,恒瑞医药,2025-11-11 00:00:00,61.95,61.06,62.2,61.0,54.275,0.00431,27515998,1687561580.0,-1.2453501536470906,61.83
SH.600276,恒瑞医药,2025-11-12 00:00:00,61.09,62.1,62.86,61.09,55.2,0.00806,51426776,3203516791.0,1.703242712086471,61.06
SH.600276,恒瑞医药,2025-11-13 00:00:00,62.69,63.56,63.79,62.23,56.497,0.00797,50831837,3211808939.0,2.351046698872787,62.1
SH.600276,恒瑞医药,2025-11-14 00:00:00,63.45,62.9,63.9,62.76,55.911,0.00501,31950414,2021555066.0,-1.0383889238514847,63.56
SH.600276,恒瑞医药,2025-11-17 00:00:00,62.89,61.8,63.05,61.41,54.933,0.00494,31538452,1952561578.0,-1.7488076311605747,62.9
SH.600276,恒瑞医药,2025-11-18 00:00:00,61.61,61.78,62.85,61.52,54.915,0.00343,21910059,1359324791.0,-0.032362459546919124,61.8
SH.600276,恒瑞医药,2025-11-19 00:00:00,61.5,61.11,61.78,61.02,54.32,0.00331,21116242,1295307075.0,-1.0844933635480767,61.78
SH.600276,恒瑞医药,2025-11-20 00:00:00,61.23,60.63,61.65,60.54,53.893,0.00397,25348006,1544020770.0,-0.7854688267059351,61.11
SH.600276,恒瑞医药,2025-11-21 00:00:00,60.33,59.5,61.1,59.31,52.888,0.00701,44733534,2679336097.0,-1.863763813293753,60.63
SH.600276,恒瑞医药,2025-11-24 00:00:00,60.04,60.66,61.1,59.96,53.92,0.00539,34397324,2083464658.0,1.9495798319327673,59.5
SH.600276,恒瑞医药,2025-11-25 00:00:00,61.1,60.88,61.61,60.53,54.115,0.00415,26504513,1620797704.0,0.36267721727663366,60.66
SH.600276,恒瑞医药,2025-11-26 00:00:00,61.5,62.36,62.8,61.03,55.431,0.0069,43986195,2739532775.0,2.4310118265440157,60.88
SH.600276,恒瑞医药,2025-11-27 00:00:00,62.6,62.09,62.96,61.94,55.191,0.00403,25730763,1604386052.0,-0.4329698524695254,62.36
SH.600276,恒瑞医药,2025-11-28 00:00:00,62.36,62.08,62.36,61.61,55.182,0.00318,20277619,1257510631.0,-0.016105653084240803,62.09
SH.600276,恒瑞医药,2025-12-01 00:00:00,62.08,61.94,62.09,61.06,55.057,0.00399,25483095,1567868103.0,-0.2255154639175267,62.08
SH.600276,恒瑞医药,2025-12-02 00:00:00,61.9,61.12,61.9,61.0,54.328,0.00286,18230614,1115986037.0,-1.3238618017436234,61.94
SH.600276,恒瑞医药,2025-12-03 00:00:00,61.1,60.97,61.55,60.7,54.195,0.00311,19852976,1211357997.0,-0.24541884816753698,61.12
SH.600276,恒瑞医药,2025-12-04 00:00:00,61.01,61.25,61.49,60.97,54.444,0.00283,18040766,1103403553.0,0.45924225028702825,60.97
SH.600276,恒瑞医药,2025-12-05 00:00:00,61.19,61.62,61.79,60.7,54.773,0.00362,23117615,1418750952.0,0.6040816326530571,61.25
SH.600276,恒瑞医药,2025-12-08 00:00:00,62.6,62.46,63.55,61.92,55.52,0.00797,50861759,3186857202.0,1.363193768257065,61.62
SH.600276,恒瑞医药,2025-12-09 00:00:00,62.32,63.08,64.15,62.3,56.071,0.00774,49359339,3131342824.0,0.9926352865834093,62.46
SH.600276,恒瑞医药,2025-12-10 00:00:00,63.15,63.38,63.56,62.27,56.337,0.00453,28895961,1820981675.0,0.47558655675333583,63.08
SH.600276,恒瑞医药,2025-12-11 00:00:00,63.56,63.4,63.94,63.11,56.355,0.00387,24706127,1569053154.0,0.031555695803086176,63.38
SH.600276,恒瑞医药,2025-12-12 00:00:00,63.28,63.28,63.28,62.26,56.248,0.00495,31562926,1984535365.0,-0.18927444794952278,63.4
SH.600276,恒瑞医药,2025-12-15 00:00:00,62.68,61.38,62.68,61.38,54.56,0.00455,29007220,1796682727.0,-3.0025284450063188,63.28
SH.600276,恒瑞医药,2025-12-16 00:00:00,61.38,59.15,61.49,58.68,52.577,0.00821,52378486,3112549391.0,-3.633105246008478,61.38
SH.600276,恒瑞医药,2025-12-17 00:00:00,59.35,60.3,60.8,59.01,53.6,0.00518,33041782,1980882810.0,1.9442096365173265,59.15
SH.600276,恒瑞医药,2025-12-18 00:00:00,60.05,60.0,60.57,59.95,53.333,0.00281,17930929,1078752360.0,-0.49751243781094057,60.3
SH.600276,恒瑞医药,2025-12-19 00:00:00,60.07,60.85,61.38,59.91,54.088,0.00452,28835842,1753822164.0,1.416666666666669,60.0
SH.600276,恒瑞医药,2025-12-22 00:00:00,60.81,60.93,61.5,60.33,54.16,0.00371,23670924,1444845737.0,0.131470829909611,60.85
SH.600276,恒瑞医药,2025-12-23 00:00:00,60.85,61.8,62.56,60.84,54.933,0.00516,32919095,2037549674.0,1.4278680452978787,60.93
SH.600276,恒瑞医药,2025-12-24 00:00:00,61.67,61.23,62.0,61.08,54.426,0.00393,25050206,1539580672.0,-0.9223300970873791,61.8
SH.600276,恒瑞医药,2025-12-25 00:00:00,61.22,61.4,61.66,61.03,54.577,0.00243,15518175,952122260.0,0.27764167891556707,61.23
SH.600276,恒瑞医药,2025-12-26 00:00:00,61.3,61.06,61.66,60.6,54.275,0.00336,21430781,1311044160.0,-0.5537459283387562,61.4
SH.600276,恒瑞医药,2025-12-29 00:00:00,61.06,60.51,61.27,60.41,53.786,0.00448,28575162,1737055879.0,-0.9007533573534298,61.06
SH.600276,恒瑞医药,2025-12-30 00:00:00,60.4,60.18,60.6,59.9,53.493,0.00397,25330461,1525944032.0,-0.5453644025780835,60.51
SH.600276,恒瑞医药,2025-12-31 00:00:00,60.16,59.57,60.36,59.5,52.951,0.00421,26827896,1603948702.0,-1.0136257892987692,60.18
SH.600276,恒瑞医药,2026-01-05 00:00:00,60.06,63.08,63.49,59.99,56.071,0.01334,85117028,5316701689.0,5.892227631358063,59.57
SH.600276,恒瑞医药,2026-01-06 00:00:00,63.36,63.06,63.48,62.4,56.053,0.00727,46352457,2919198722.0,-0.03170577045021564,63.08
SH.600276,恒瑞医药,2026-01-07 00:00:00,63.01,63.85,64.8,63.0,56.755,0.00822,52465173,3364332736.0,1.25277513479226,63.06
SH.600276,恒瑞医药,2026-01-08 00:00:00,65.0,63.6,65.05,63.03,56.533,0.00702,44774854,2854769456.0,-0.39154267815191857,63.85
SH.600276,恒瑞医药,2026-01-09 00:00:00,63.58,63.78,64.2,62.8,56.693,0.00668,42635753,2709908741.0,0.28301886792452785,63.6
SH.600276,恒瑞医药,2026-01-12 00:00:00,64.1,63.85,64.3,63.21,56.755,0.00672,42877019,2735494019.0,0.10975227343995027,63.78
SH.600276,恒瑞医药,2026-01-13 00:00:00,64.3,64.52,65.83,64.05,57.351,0.01161,74034035,4818680909.0,1.0493343774471333,63.85
SH.600276,恒瑞医药,2026-01-14 00:00:00,64.55,63.61,65.6,63.2,56.542,0.00986,62925534,4049394399.0,-1.4104153750774902,64.52
SH.600276,恒瑞医药,2026-01-15 00:00:00,63.18,63.17,63.83,62.7,56.151,0.00733,46761236,2956591609.0,-0.6917151391290642,63.61
SH.600276,恒瑞医药,2026-01-16 00:00:00,63.35,61.94,63.52,61.66,55.057,0.00821,52378628,3262750168.0,-1.9471268006965394,63.17
SH.600276,恒瑞医药,2026-01-19 00:00:00,61.8,61.12,62.38,60.66,54.328,0.00743,47389096,2909640710.0,-1.3238618017436234,61.94
SH.600276,恒瑞医药,2026-01-20 00:00:00,61.13,60.5,61.65,60.4,53.777,0.00671,42775492,2599009142.0,-1.0143979057591581,61.12
SH.600276,恒瑞医药,2026-01-21 00:00:00,60.51,60.1,60.88,59.86,53.422,0.00856,54603508,3291737381.0,-0.6611570247933861,60.5
SH.600276,恒瑞医药,2026-01-22 00:00:00,60.36,59.44,60.36,59.3,52.835,0.00842,53706813,3203889161.0,-1.0981697171381093,60.1
SH.600276,恒瑞医药,2026-01-23 00:00:00,59.73,58.99,60.27,58.76,52.435,0.01267,80804300,4801931324.0,-0.7570659488559821,59.44
SH.600276,恒瑞医药,2026-01-26 00:00:00,58.99,58.16,59.16,58.05,51.697,0.0114,72732888,4244912106.0,-1.4070181386675797,58.99
SH.600276,恒瑞医药,2026-01-27 00:00:00,58.39,57.2,58.49,57.14,50.844,0.00999,63725548,3659971231.0,-1.6506189821182837,58.16
SH.600276,恒瑞医药,2026-01-28 00:00:00,57.44,56.55,57.8,56.3,50.266,0.01378,87875043,4992876575.0,-1.1363636363636462,57.2
SH.600276,恒瑞医药,2026-01-29 00:00:00,56.35,58.11,58.37,56.08,51.653,0.01784,113782475,6528912261.0,2.7586206896551766,56.55
SH.600276,恒瑞医药,2026-01-30 00:00:00,58.0,58.16,59.79,57.76,51.697,0.01336,85204489,4988191673.0,0.08604371020477913,58.11
SH.600276,恒瑞医药,2026-02-02 00:00:00,57.76,56.49,58.33,56.31,50.213,0.00956,60957998,3482011262.0,-2.871389270976607,58.16
SH.600276,恒瑞医药,2026-02-03 00:00:00,57.0,57.47,57.69,56.5,51.084,0.00782,49883453,2850875660.0,1.7348203221809113,56.49
SH.600276,恒瑞医药,2026-02-04 00:00:00,57.3,57.6,57.7,56.23,51.2,0.00767,48924296,2781889093.0,0.22620497650948768,57.47
SH.600276,恒瑞医药,2026-02-05 00:00:00,57.5,58.16,58.47,57.3,51.697,0.00812,51774555,3003455269.0,0.9722222222222138,57.6
SH.600276,恒瑞医药,2026-02-06 00:00:00,57.74,57.31,58.15,57.24,50.942,0.00566,36090365,2078633870.0,-1.4614855570838967,58.16
SH.600276,恒瑞医药,2026-02-09 00:00:00,57.75,57.45,57.89,57.0,51.066,0.00574,36611688,2100347755.0,0.24428546501483261,57.31
SH.600276,恒瑞医药,2026-02-10 00:00:00,57.46,58.4,59.04,57.05,51.911,0.01017,64886069,3782364995.0,1.6536118363794527,57.45
SH.600276,恒瑞医药,2026-02-11 00:00:00,58.4,58.9,59.95,58.35,52.355,0.00899,57368008,3389452542.0,0.8561643835616438,58.4
SH.600276,恒瑞医药,2026-02-12 00:00:00,58.6,58.74,59.49,58.5,52.213,0.00547,34868980,2051201547.0,-0.27164685908318603,58.9
SH.600276,恒瑞医药,2026-02-13 00:00:00,58.76,58.23,59.05,58.13,51.76,0.00539,34356810,2009040552.0,-0.8682328907048095,58.74
SH.600276,恒瑞医药,2026-02-24 00:00:00,58.31,58.01,58.48,57.72,51.564,0.00531,33898134,1967937990.0,-0.37781212433453354,58.23
SH.600276,恒瑞医药,2026-02-25 00:00:00,57.98,57.86,58.2,57.58,51.431,0.00661,42157937,2436801368.0,-0.2585761075676583,58.01
SH.600276,恒瑞医药,2026-02-26 00:00:00,57.86,56.72,58.1,56.6,50.417,0.00798,50898707,2904851185.0,-1.970273072934671,57.86
SH.600276,恒瑞医药,2026-02-27 00:00:00,56.62,56.56,57.27,56.3,50.275,0.0057,36364110,2063125422.0,-0.2820874471085977,56.72
SH.600276,恒瑞医药,2026-03-02 00:00:00,55.58,54.54,56.08,54.2,48.48,0.01163,74206195,4067670783.0,-3.571428571428577,56.56
SH.600276,恒瑞医药,2026-03-03 00:00:00,54.7,53.61,55.33,53.45,47.653,0.00943,60139910,3257388812.0,-1.7051705170517044,54.54
SH.600276,恒瑞医药,2026-03-04 00:00:00,53.22,52.98,53.9,52.67,47.093,0.00739,47151820,2502294687.0,-1.175153889199781,53.61
SH.600276,恒瑞医药,2026-03-05 00:00:00,53.41,53.72,54.84,53.1,47.751,0.0076,48485984,2609662194.0,1.3967534918837337,52.98
SH.600276,恒瑞医药,2026-03-06 00:00:00,53.6,55.56,55.67,53.4,49.386,0.00986,62911930,3465527848.0,3.425167535368584,53.72
SH.600276,恒瑞医药,2026-03-09 00:00:00,54.78,54.94,55.18,54.05,48.835,0.00668,42623328,2329596366.0,-1.115910727141837,55.56
SH.600276,恒瑞医药,2026-03-10 00:00:00,55.3,56.55,56.75,55.3,50.266,0.00742,47360492,2669120574.0,2.930469603203494,54.94
SH.600276,恒瑞医药,2026-03-11 00:00:00,56.45,55.83,56.55,55.6,49.626,0.00504,32125928,1795447675.0,-1.2732095490716162,56.55
SH.600276,恒瑞医药,2026-03-12 00:00:00,55.8,55.3,56.04,55.23,49.155,0.00418,26669135,1480023552.0,-0.9493104065914403,55.83
SH.600276,恒瑞医药,2026-03-13 00:00:00,55.3,55.11,55.63,54.95,48.986,0.00383,24416444,1347312522.0,-0.34358047016274457,55.3
SH.600276,恒瑞医药,2026-03-16 00:00:00,55.21,55.59,56.05,54.52,49.413,0.00482,30775144,1706961132.0,0.8709853021230338,55.11
SH.600276,恒瑞医药,2026-03-17 00:00:00,55.69,56.3,57.44,55.38,50.044,0.0079,50411099,2853748290.0,1.2772081309587942,55.59
SH.600276,恒瑞医药,2026-03-18 00:00:00,56.26,56.88,57.08,56.02,50.56,0.00617,39379311,2228050343.0,1.0301953818827805,56.3
SH.600276,恒瑞医药,2026-03-19 00:00:00,56.17,56.02,57.03,55.91,49.795,0.00539,34364651,1935908148.0,-1.5119549929676501,56.88
SH.600276,恒瑞医药,2026-03-20 00:00:00,56.19,55.14,56.76,55.05,49.013,0.00545,34739510,1936270337.0,-1.5708675473045386,56.02
SH.600276,恒瑞医药,2026-03-23 00:00:00,54.18,52.78,54.35,52.41,46.915,0.00765,48770157,2600360832.0,-4.280014508523757,55.14
SH.600276,恒瑞医药,2026-03-24 00:00:00,53.27,53.64,53.74,52.81,47.68,0.00546,34835504,1854905816.0,1.6294050776809386,52.78
SH.600276,恒瑞医药,2026-03-25 00:00:00,54.0,54.1,54.86,53.84,46.557,0.00645,41152562,2230992166.0,0.8575689783743491,53.64
SH.600276,恒瑞医药,2026-03-26 00:00:00,53.28,51.63,54.1,51.54,44.432,0.01018,64941653,3412838811.0,-4.565619223659887,54.1
SH.600276,恒瑞医药,2026-03-27 00:00:00,51.3,55.18,55.48,51.11,47.487,0.01554,99119628,5393542863.0,6.875847375556841,51.63
SH.600276,恒瑞医药,2026-03-30 00:00:00,54.73,55.76,56.1,54.61,47.986,0.01093,69727079,3866003912.0,1.0511054729974596,55.18
SH.600276,恒瑞医药,2026-03-31 00:00:00,55.86,55.22,57.38,55.2,47.521,0.01086,69292392,3885745233.0,-0.9684361549497833,55.76
SH.600276,恒瑞医药,2026-04-01 00:00:00,56.03,57.73,57.78,55.6,49.681,0.01576,100551656,5750559322.0,4.545454545454542,55.22
