code,name,time_key,open,close,high,low,pe_ratio,turnover_rate,volume,turnover,change_rate,last_close
SH.601012,隆基绿能,2019-06-03 00:00:00,10.953476006,10.683067843,11.101435189,10.662659679,31.931,0.00838,59410943,712386454.0,-3.145408584196372,11.030006618
SH.601012,隆基绿能,2019-06-04 00:00:00,10.892251516,10.769802536,11.009598454,10.693271924,32.165,0.00615,43589690,521338529.0,0.8118893774210432,10.683067843
SH.601012,隆基绿能,2019-06-05 00:00:00,10.933067842,10.611639271,10.933067842,10.514700496,31.737,0.00565,40028043,472317745.0,-1.4685809184644893,10.769802536
SH.601012,隆基绿能,2019-06-06 00:00:00,10.626945394,10.055516823,10.66776172,10.014700497,30.234,0.01037,73499582,838735794.0,-5.240683685128634,10.611639271
SH.601012,隆基绿能,2019-06-10 00:00:00,10.177965802,10.509598455,10.575924986,10.070822945,31.324,0.00623,44180422,505063581.0,4.5157463310227834,10.055516823
SH.601012,隆基绿能,2019-06-11 00:00:00,10.723884169,10.764700496,10.820822944,10.509598455,32.013,0.00743,52638020,619782565.0,2.4273243368173847,10.509598455
SH.601012,隆基绿能,2019-06-12 00:00:00,10.785108659,10.371843353,10.785108659,10.280006619,30.951,0.00646,45772638,528802673.0,-3.6494944113492087,10.764700496
SH.601012,隆基绿能,2019-06-13 00:00:00,10.448373965,10.438169884,10.626945394,10.218782129,31.131,0.00592,41972059,482377104.0,0.6394864320894011,10.371843353
SH.601012,隆基绿能,2019-06-14 00:00:00,10.672863761,10.300414782,10.749394373,10.203476006,30.758,0.00633,44865007,516125870.0,-1.3197246598865553,10.438169884
SH.601012,隆基绿能,2019-06-17 00:00:00,10.183067843,9.876945395,10.239190292,9.315720905,29.613,0.0144,102007592,1105757245.0,-4.111187713916284,10.300414782
SH.601012,隆基绿能,2019-06-18 00:00:00,9.866741313,10.030006619,10.137149476,9.841231109,30.027,0.00743,52682220,583327897.0,1.5496817880301745,9.876945395
SH.601012,隆基绿能,2019-06-19 00:00:00,10.438169884,10.346333149,10.596333149,10.331027027,30.882,0.01028,72825901,838981904.0,3.1538018070773473,10.030006619
SH.601012,隆基绿能,2019-06-20 00:00:00,10.239190292,10.677965802,10.953476005,10.239190292,31.779,0.01003,71065193,833819935.0,3.2053158179238888,10.346333149
SH.601012,隆基绿能,2019-06-21 00:00:00,10.892251516,10.72898621,10.897353557,10.560618863,31.917,0.00668,47341483,558151314.0,0.4778101835692804,10.677965802
SH.601012,隆基绿能,2019-06-24 00:00:00,10.754496414,10.907557638,11.208578046,10.621843353,32.4,0.00914,64770971,776301129.0,1.6643830507822015,10.72898621
SH.601012,隆基绿能,2019-06-25 00:00:00,10.820822944,10.524904577,10.876945393,10.371843353,31.365,0.00709,50253331,584225712.0,-3.5081461285788254,10.907557638
SH.601012,隆基绿能,2019-06-26 00:00:00,10.555516822,10.545312741,10.677965802,10.336129067,31.42,0.00521,36914651,428533822.0,0.19390355371580958,10.524904577
SH.601012,隆基绿能,2019-06-27 00:00:00,10.637149475,10.744292332,10.882047434,10.637149475,31.958,0.00674,47767612,565681202.0,1.8869008050028824,10.545312741
SH.601012,隆基绿能,2019-06-28 00:00:00,10.841231108,10.713680087,10.887149475,10.621843353,31.875,0.00373,26429259,312158205.0,-0.28491634492136014,10.744292332
SH.601012,隆基绿能,2019-07-01 00:00:00,11.009598454,10.876945393,11.193271924,10.825924985,32.317,0.01016,72008532,869193445.0,1.523895661194009,10.713680087
SH.601012,隆基绿能,2019-07-02 00:00:00,10.708578047,10.453476006,10.734088251,10.264700496,31.172,0.01817,128763223,1482619310.0,-3.8932749195608567,10.876945393
SH.601012,隆基绿能,2019-07-03 00:00:00,10.427965802,10.453476006,10.575924986,10.218782129,31.172,0.01221,86544468,991898069.0,0.0,10.453476006
SH.601012,隆基绿能,2019-07-04 00:00:00,10.453476006,10.2902107,10.596333149,10.137149476,30.731,0.00748,53006345,605060327.0,-1.5618279116562916,10.453476006
SH.601012,隆基绿能,2019-07-05 00:00:00,10.35143519,10.356537231,10.47898621,10.264700496,30.91,0.00648,45922584,526704465.0,0.6445595035289357,10.2902107
SH.601012,隆基绿能,2019-07-08 00:00:00,10.2902107,10.070822945,10.346333149,9.927965803,30.137,0.00774,54820200,611541184.0,-2.7587820101180016,10.356537231
SH.601012,隆基绿能,2019-07-09 00:00:00,9.994292333,9.978986211,10.167761721,9.856537231,29.889,0.0052,36872460,406742979.0,-0.9119089323836708,10.070822945
SH.601012,隆基绿能,2019-07-10 00:00:00,10.081027027,10.030006619,10.096333149,9.963680088,30.027,0.00296,20981061,232907484.0,0.5112784697884317,9.978986211
SH.601012,隆基绿能,2019-07-11 00:00:00,10.121843353,9.626945395,10.137149476,9.422863762,28.937,0.01461,103547691,1109138281.0,-4.018553918364069,10.030006619
SH.601012,隆基绿能,2019-07-12 00:00:00,9.688169885,10.315720904,10.376945394,9.688169885,30.8,0.01309,92784869,1037436999.0,7.154663091344989,9.626945395
SH.601012,隆基绿能,2019-07-15 00:00:00,10.320822945,10.626945394,10.703476006,10.183067843,31.641,0.01001,70907845,820425050.0,3.016992151070307,10.315720904
SH.601012,隆基绿能,2019-07-16 00:00:00,10.586129067,10.708578047,10.744292332,10.47898621,31.862,0.00597,42324316,495842425.0,0.7681666741798615,10.626945394
SH.601012,隆基绿能,2019-07-17 00:00:00,10.785108659,10.677965802,10.938169883,10.60653723,31.779,0.00616,43679519,516914516.0,-0.2858665722530394,10.708578047
SH.601012,隆基绿能,2019-07-18 00:00:00,11.397353556,11.198373964,11.677965801,11.014700495,33.186,0.01794,127110537,1565677004.0,4.873663876152587,10.677965802
SH.601012,隆基绿能,2019-07-19 00:00:00,11.371843352,11.16776172,11.392251515,11.081027026,33.103,0.00785,55644850,685749320.0,-0.273363294514106,11.198373964
SH.601012,隆基绿能,2019-07-22 00:00:00,11.269802536,11.213680087,11.397353556,11.019802536,33.227,0.00562,39838056,491084681.0,0.4111689356495378,11.16776172
SH.601012,隆基绿能,2019-07-23 00:00:00,11.320822944,11.652455596,11.703476005,11.213680087,34.413,0.01178,83489363,1058745086.0,3.912859164839836,11.213680087
SH.601012,隆基绿能,2019-07-24 00:00:00,11.723884168,11.677965801,11.749394372,11.565720903,34.482,0.00696,49354150,628955574.0,0.21892557143712105,11.652455596
SH.601012,隆基绿能,2019-07-25 00:00:00,11.652455596,11.805516821,12.035108657,11.586129066,34.827,0.01086,76956171,996944111.0,1.092236628994734,11.677965801
SH.601012,隆基绿能,2019-07-26 00:00:00,11.785108658,12.213680086,12.320822943,11.728986209,35.931,0.01149,81422365,1070562275.0,3.4573942944534872,11.805516821
SH.601012,隆基绿能,2019-07-29 00:00:00,12.162659677,12.142251514,12.341231106,12.091231106,35.737,0.00872,61807874,821257330.0,-0.584824324012512,12.213680086
SH.601012,隆基绿能,2019-07-30 00:00:00,12.234088249,11.933067841,12.285108657,11.902455596,35.172,0.0082,58133984,761775730.0,-1.7227749957148522,12.142251514
SH.601012,隆基绿能,2019-07-31 00:00:00,11.933067841,12.05041478,12.218782126,11.902455596,35.489,0.00645,45720743,601551821.0,0.9833761155435371,11.933067841
SH.601012,隆基绿能,2019-08-01 00:00:00,12.05041478,11.984088249,12.142251514,11.938169882,35.31,0.00536,37983843,498373736.0,-0.5504086972183161,12.05041478
SH.601012,隆基绿能,2019-08-02 00:00:00,11.754496413,11.86674131,12.162659677,11.677965801,34.993,0.00802,56853576,736076401.0,-0.9791895433496239,11.984088249
SH.601012,隆基绿能,2019-08-05 00:00:00,11.836129066,11.621843352,11.984088249,11.581027025,34.331,0.00753,53350978,686332814.0,-2.0637338558448715,11.86674131
SH.601012,隆基绿能,2019-08-06 00:00:00,11.412659678,11.626945392,11.723884168,11.274904577,34.344,0.00756,53560384,672430742.0,0.04390043683664691,11.621843352
SH.601012,隆基绿能,2019-08-07 00:00:00,11.769802535,11.402455597,11.820822943,11.371843352,33.737,0.00791,56031482,707504770.0,-1.9307719046694927,11.626945392
SH.601012,隆基绿能,2019-08-08 00:00:00,11.575924984,11.637149474,11.754496413,11.473884168,34.372,0.00708,50158665,637170928.0,2.0582748602129883,11.402455597
SH.601012,隆基绿能,2019-08-09 00:00:00,11.718782127,11.514700495,11.882047433,11.427965801,34.041,0.00634,44911530,573029133.0,-1.052224853462423,11.637149474
SH.601012,隆基绿能,2019-08-12 00:00:00,11.626945392,11.759598453,11.774904576,11.535108658,34.703,0.00634,44935159,573554738.0,2.1268287273849844,11.514700495
SH.601012,隆基绿能,2019-08-13 00:00:00,11.708578045,11.438169882,11.723884168,11.412659678,33.834,0.00606,42953656,540706349.0,-2.7333294779125756,11.759598453
SH.601012,隆基绿能,2019-08-14 00:00:00,11.606537229,11.402455597,11.616741311,11.193271924,33.737,0.00951,67380783,836775150.0,-0.3122377562883005,11.438169882
SH.601012,隆基绿能,2019-08-15 00:00:00,11.198373964,11.67286376,11.683067841,11.198373964,34.468,0.00766,54252208,680149468.0,2.371490603051728,11.402455597
SH.601012,隆基绿能,2019-08-16 00:00:00,11.677965801,11.371843352,11.73919029,11.218782128,33.655,0.00979,69373708,867487060.0,-2.5788051174855777,11.67286376
SH.601012,隆基绿能,2019-08-19 00:00:00,11.473884168,11.555516821,11.703476005,11.264700495,34.151,0.01064,75431121,949377294.0,1.6151600344344823,11.371843352
SH.601012,隆基绿能,2019-08-20 00:00:00,11.524904576,11.468782127,11.540210699,11.280006617,33.917,0.00975,69069061,861572579.0,-0.7505912140803128,11.555516821
SH.601012,隆基绿能,2019-08-21 00:00:00,11.468782127,12.723884167,12.723884167,11.412659678,37.31,0.02744,194417960,2606824097.0,10.943638357600467,11.468782127
SH.601012,隆基绿能,2019-08-22 00:00:00,12.902455595,12.514700493,12.994292329,12.468782126,36.744,0.0227,160848830,2218151786.0,-1.6440237214869338,12.723884167
SH.601012,隆基绿能,2019-08-23 00:00:00,12.688169881,12.688169881,12.785108656,12.387149473,37.213,0.01649,116828718,1597685099.0,1.3861249663707866,12.514700493
SH.601012,隆基绿能,2019-08-26 00:00:00,12.43306784,12.315720902,12.586129065,12.126945392,36.206,0.01482,105048375,1412209802.0,-2.935403470265056,12.688169881
SH.601012,隆基绿能,2019-08-27 00:00:00,12.43306784,12.55551682,12.642251514,12.269802534,36.855,0.01727,122390445,1660056699.0,1.9470717135288216,12.315720902
SH.601012,隆基绿能,2019-08-28 00:00:00,12.514700493,13.157557635,13.351435186,12.473884167,38.482,0.01812,128376883,1800303177.0,4.795030134012441,12.55551682
SH.601012,隆基绿能,2019-08-29 00:00:00,13.244292329,13.030006615,13.43816988,13.014700493,30.722,0.01624,115093287,1638242213.0,-0.969412588098462,13.157557635
SH.601012,隆基绿能,2019-08-30 00:00:00,13.234088248,13.030006615,13.433067839,12.841231105,30.722,0.01455,103105635,1467694518.0,0.0,13.030006615
SH.601012,隆基绿能,2019-09-02 00:00:00,13.045312738,13.570822941,13.963680083,13.045312738,31.9,0.01646,116663061,1700804160.0,4.150545291185179,13.030006615
SH.601012,隆基绿能,2019-09-03 00:00:00,13.560618859,13.667761716,13.897353553,13.443271921,32.111,0.01386,98190435,1446225100.0,0.7143175872343726,13.570822941
SH.601012,隆基绿能,2019-09-04 00:00:00,13.723884165,13.611639267,13.785108655,13.468782125,31.988,0.00683,48428326,710433180.0,-0.41061916476273513,13.667761716
SH.601012,隆基绿能,2019-09-05 00:00:00,13.718782125,13.69327192,13.759598451,13.5657209,33.506,0.00986,72733687,1072171316.0,0.5997268322994087,13.611639267
SH.601012,隆基绿能,2019-09-06 00:00:00,13.734088247,13.234088248,13.795312737,12.99939437,32.465,0.01741,128459442,1843673483.0,-3.3533524688816665,13.69327192
SH.601012,隆基绿能,2019-09-09 00:00:00,13.198373962,13.193271921,13.484088247,12.81061886,32.372,0.01631,120320501,1713575803.0,-0.30841812624432263,13.234088248
SH.601012,隆基绿能,2019-09-10 00:00:00,13.361639268,13.081027023,13.422863758,12.902455595,32.118,0.0101,74491007,1054582465.0,-0.8507737782720591,13.193271921
SH.601012,隆基绿能,2019-09-11 00:00:00,13.208578044,13.014700493,13.244292329,12.851435187,31.967,0.00869,64089542,901838292.0,-0.5070437503368908,13.081027023
SH.601012,隆基绿能,2019-09-12 00:00:00,13.157557635,13.198373962,13.407557635,13.06061886,32.384,0.01161,85616833,1223076416.0,1.411276956383205,13.014700493
SH.601012,隆基绿能,2019-09-16 00:00:00,13.280006615,13.31061886,13.412659676,12.953476003,32.638,0.00817,60288665,861664585.0,0.8504448981607068,13.198373962
SH.601012,隆基绿能,2019-09-17 00:00:00,13.382047431,12.984088248,13.382047431,12.887149472,31.898,0.00718,52946752,746600975.0,-2.4531587556853767,13.31061886
SH.601012,隆基绿能,2019-09-18 00:00:00,12.978986207,12.80551682,13.004496411,12.550414779,31.493,0.01123,82831316,1140976326.0,-1.3753097220939456,12.984088248
SH.601012,隆基绿能,2019-09-19 00:00:00,12.780006615,12.785108656,13.050414778,12.652455595,31.446,0.00837,61743273,857249326.0,-0.15937009249111367,12.80551682
SH.601012,隆基绿能,2019-09-20 00:00:00,12.846333146,12.978986207,13.030006615,12.713680085,31.886,0.00791,58349578,815685485.0,1.5164325639814877,12.785108656
SH.601012,隆基绿能,2019-09-23 00:00:00,12.953476003,12.728986207,12.978986207,12.499394371,31.319,0.00924,68134692,936612195.0,-1.926190505273568,12.978986207
SH.601012,隆基绿能,2019-09-24 00:00:00,12.841231105,13.31061886,13.433067839,12.74429233,32.638,0.01388,102389098,1464774999.0,4.569355670132983,12.728986207
SH.601012,隆基绿能,2019-09-25 00:00:00,13.106537227,12.387149473,13.203476003,12.218782126,30.543,0.01792,132236688,1815132725.0,-6.937839605453182,13.31061886
SH.601012,隆基绿能,2019-09-26 00:00:00,12.438169881,12.397353555,12.841231105,12.1779658,30.567,0.01178,86890786,1182629598.0,0.0823763531895934,12.387149473
SH.601012,隆基绿能,2019-09-27 00:00:00,12.290210698,12.4279658,12.565720901,12.065720902,30.636,0.00697,51385635,689339400.0,0.2469256431559467,12.397353555
SH.601012,隆基绿能,2019-09-30 00:00:00,12.412659677,12.30551682,12.61674131,12.188169882,30.358,0.00507,37388417,501001596.0,-0.9852696891071383,12.4279658
SH.601012,隆基绿能,2019-10-08 00:00:00,12.081027024,12.086129065,12.387149473,12.05551682,29.861,0.00588,43350325,576228651.0,-1.782840641389653,12.30551682
SH.601012,隆基绿能,2019-10-09 00:00:00,12.081027024,12.346333147,12.443271922,11.9279658,30.451,0.00571,42118292,561629997.0,2.1529149705468544,12.086129065
SH.601012,隆基绿能,2019-10-10 00:00:00,12.36674131,12.484088248,12.62184335,12.24429233,30.763,0.0079,58302408,790670630.0,1.115757199808546,12.346333147
SH.601012,隆基绿能,2019-10-11 00:00:00,12.596333146,12.453476004,12.677965799,12.23919029,30.694,0.00757,55841844,753965516.0,-0.24521008977090888,12.484088248
SH.601012,隆基绿能,2019-10-14 00:00:00,12.453476004,12.540210697,12.723884167,12.382047432,30.891,0.01042,76870909,1046725065.0,0.6964697484633189,12.453476004
SH.601012,隆基绿能,2019-10-15 00:00:00,12.601435187,12.382047432,12.647353554,12.091231106,30.532,0.00936,69087896,924409929.0,-1.2612488643259907,12.540210697
SH.601012,隆基绿能,2019-10-16 00:00:00,12.285108657,11.223884168,12.285108657,11.04531274,27.905,0.03866,285247888,3539474026.0,-9.353568304114704,12.382047432
SH.601012,隆基绿能,2019-10-17 00:00:00,11.16776172,11.269802536,11.473884168,11.116741311,28.009,0.01318,97205319,1200495641.0,0.409112988985727,11.223884168
SH.601012,隆基绿能,2019-10-18 00:00:00,11.274904577,10.836129067,11.29531274,10.657557639,27.025,0.02088,154067648,1839646004.0,-3.8481017534662545,11.269802536
SH.601012,隆基绿能,2019-10-21 00:00:00,10.657557639,10.805516822,10.815720904,10.60653723,26.956,0.01052,77631019,914271847.0,-0.282501664669406,10.836129067
SH.601012,隆基绿能,2019-10-22 00:00:00,10.79531274,10.764700496,10.810618863,10.555516822,26.863,0.00963,71011319,835684224.0,-0.3777359905349269,10.805516822
SH.601012,隆基绿能,2019-10-23 00:00:00,10.749394373,10.810618863,10.994292332,10.688169883,26.967,0.00999,73691915,879322230.0,0.4265642784679712,10.764700496
SH.601012,隆基绿能,2019-10-24 00:00:00,10.820822944,10.723884169,10.836129067,10.453476006,26.77,0.01008,74336892,870182259.0,-0.8023101646553762,10.810618863
SH.601012,隆基绿能,2019-10-25 00:00:00,10.754496414,10.7902107,10.851435189,10.60653723,26.921,0.00748,55169421,651917902.0,0.6184935416566009,10.723884169
SH.601012,隆基绿能,2019-10-28 00:00:00,10.815720904,10.769802536,10.897353557,10.657557639,26.875,0.00858,63319013,748644213.0,-0.18913591742929653,10.7902107
SH.601012,隆基绿能,2019-10-29 00:00:00,10.759598455,10.530006618,10.769802536,10.524904577,26.331,0.01138,83937607,981989695.0,-2.22655816760279,10.769802536
SH.601012,隆基绿能,2019-10-30 00:00:00,10.499394373,10.575924986,10.672863761,10.35143519,26.435,0.00835,61632821,716153576.0,0.43607159677855956,10.530006618
SH.601012,隆基绿能,2019-10-31 00:00:00,10.759598455,10.575924986,10.810618863,10.509598455,19.809,0.00832,61402041,717766620.0,0.0,10.575924986
SH.601012,隆基绿能,2019-11-01 00:00:00,10.555516822,10.341231108,10.555516822,10.147353558,19.41,0.01269,93630040,1066605940.0,-2.219133345883963,10.575924986
SH.601012,隆基绿能,2019-11-04 00:00:00,10.41265968,10.555516822,10.616741312,10.249394374,19.774,0.0133,98084954,1128844380.0,2.072148971066192,10.341231108
SH.601012,隆基绿能,2019-11-05 00:00:00,10.555516822,10.5402107,10.611639271,10.331027027,19.748,0.01247,92004062,1063412740.0,-0.14500589841417189,10.555516822
SH.601012,隆基绿能,2019-11-06 00:00:00,10.565720904,10.657557639,10.999394373,10.555516822,19.947,0.0159,117289169,1389832554.0,1.113326311399077,10.5402107
SH.601012,隆基绿能,2019-11-07 00:00:00,10.708578047,10.565720904,10.800414781,10.489190292,19.791,0.01012,74629485,872260376.0,-0.861705262225693,10.657557639
SH.601012,隆基绿能,2019-11-08 00:00:00,10.616741312,10.427965802,10.672863761,10.402455598,19.557,0.00994,73349544,848893301.0,-1.3037927392900366,10.565720904
SH.601012,隆基绿能,2019-11-11 00:00:00,10.315720904,10.264700496,10.438169884,10.188169884,19.28,0.00934,68882300,782865949.0,-1.565648651903774,10.427965802
SH.601012,隆基绿能,2019-11-12 00:00:00,10.300414782,9.84633315,10.325924986,9.688169885,18.568,0.01586,117016290,1282279315.0,-4.075787171413639,10.264700496
SH.601012,隆基绿能,2019-11-13 00:00:00,9.938169884,10.172863762,10.213680088,9.851435191,19.124,0.01265,93302816,1041390449.0,3.3162661371050692,9.84633315
SH.601012,隆基绿能,2019-11-14 00:00:00,10.300414782,10.300414782,10.489190292,10.239190292,19.34,0.00826,60960631,697004993.0,1.2538359205837193,10.172863762
SH.601012,隆基绿能,2019-11-15 00:00:00,10.376945394,10.132047435,10.402455598,10.132047435,19.054,0.00602,44401012,503258839.0,-1.634568612656478,10.300414782
SH.601012,隆基绿能,2019-11-18 00:00:00,10.070822945,10.203476006,10.280006619,9.994292333,19.176,0.00583,43019087,483105586.0,0.7049766738483515,10.132047435
SH.601012,隆基绿能,2019-11-19 00:00:00,10.22898621,10.550414781,10.565720904,10.157557639,19.765,0.01002,73931484,853221757.0,3.4002018017780196,10.203476006
SH.601012,隆基绿能,2019-11-20 00:00:00,10.499394373,10.41265968,10.688169883,10.402455598,19.514,0.00686,50581131,586204197.0,-1.3056842205680839,10.550414781
SH.601012,隆基绿能,2019-11-21 00:00:00,10.361639272,10.657557639,10.698373965,10.341231108,19.93,0.00786,58015629,677121032.0,2.3519251231304943,10.41265968
SH.601012,隆基绿能,2019-11-22 00:00:00,10.652455598,10.626945394,10.851435189,10.453476006,19.878,0.01059,78128343,917805280.0,-0.28723508740856996,10.657557639
SH.601012,隆基绿能,2019-11-25 00:00:00,10.586129067,10.530006618,10.647353557,10.336129067,19.714,0.00732,54001853,624588940.0,-0.9121979308817366,10.626945394
SH.601012,隆基绿能,2019-11-26 00:00:00,10.555516822,10.785108659,10.785108659,10.443271924,20.147,0.01247,91996543,1082592928.0,2.4226199493923306,10.530006618
SH.601012,隆基绿能,2019-11-27 00:00:00,10.683067843,10.713680087,10.892251516,10.642251516,20.025,0.00829,61149753,724570177.0,-0.6622888489898923,10.785108659
SH.601012,隆基绿能,2019-11-28 00:00:00,10.66776172,10.882047434,10.912659679,10.66776172,20.311,0.01115,82293869,980638871.0,1.5715174023564273,10.713680087
SH.601012,隆基绿能,2019-11-29 00:00:00,10.907557638,11.091231107,11.23408825,10.876945393,20.667,0.01311,96840708,1176059736.0,1.9222823119335437,10.882047434
SH.601012,隆基绿能,2019-12-02 00:00:00,11.331027025,11.259598454,11.514700495,11.208578046,20.953,0.01287,95010537,1177742181.0,1.518022168826134,11.091231107
SH.601012,隆基绿能,2019-12-03 00:00:00,11.300414781,11.397353556,11.433067842,11.147353556,21.187,0.00825,60931594,756697623.0,1.2234459564680302,11.259598454
SH.601012,隆基绿能,2019-12-04 00:00:00,11.249394372,11.371843352,11.499394372,11.218782128,21.143,0.00572,42257888,526052377.0,-0.22382567913382104,11.397353556
SH.601012,隆基绿能,2019-12-05 00:00:00,11.463680086,11.647353556,11.693271923,11.427965801,21.611,0.00946,69844662,885553723.0,2.422740056048564,11.371843352
SH.601012,隆基绿能,2019-12-06 00:00:00,11.647353556,11.984088249,12.213680086,11.642251515,22.183,0.01373,101402989,1323042301.0,2.8910832952824173,11.647353556
SH.601012,隆基绿能,2019-12-09 00:00:00,12.045312739,11.790210698,12.228986208,11.708578045,21.854,0.01145,84550029,1096748008.0,-1.6177914161820184,11.984088249
SH.601012,隆基绿能,2019-12-10 00:00:00,11.820822943,11.703476005,11.907557637,11.575924984,21.707,0.00922,68109362,871243660.0,-0.7356500678542716,11.790210698
SH.601012,隆基绿能,2019-12-11 00:00:00,11.80041478,11.565720903,11.917761719,11.489190291,21.473,0.0098,72378184,917128920.0,-1.1770443408535005,11.703476005
SH.601012,隆基绿能,2019-12-12 00:00:00,11.621843352,11.667761719,11.815720902,11.565720903,21.646,0.0095,70180973,895906582.0,0.8822693963982022,11.565720903
SH.601012,隆基绿能,2019-12-13 00:00:00,11.790210698,11.677965801,11.994292331,11.67286376,21.663,0.01164,85962746,1111215235.0,0.08745535129829608,11.667761719
SH.601012,隆基绿能,2019-12-16 00:00:00,11.769802535,11.953476004,11.953476004,11.703476005,22.131,0.01047,77306284,999964661.0,2.359231116916005,11.677965801
SH.601012,隆基绿能,2019-12-17 00:00:00,11.958578045,12.065720902,12.188169882,11.774904576,22.322,0.01206,89080520,1159275294.0,0.9390147097165674,11.953476004
SH.601012,隆基绿能,2019-12-18 00:00:00,11.933067841,11.968782127,12.014700494,11.831027025,22.157,0.00671,49559958,643882467.0,-0.8034229847296688,12.065720902
SH.601012,隆基绿能,2019-12-19 00:00:00,11.999394372,11.575924984,11.999394372,11.55041478,21.49,0.00815,60189920,768043235.0,-3.28234851993643,11.968782127
SH.601012,隆基绿能,2019-12-20 00:00:00,11.575924984,11.448373964,11.713680086,11.42286376,21.273,0.00633,46726013,589007175.0,-1.1018646041357267,11.575924984
SH.601012,隆基绿能,2019-12-23 00:00:00,11.218782128,11.285108658,11.621843352,11.218782128,20.996,0.00779,57544968,719067945.0,-1.4261003921901545,11.448373964
SH.601012,隆基绿能,2019-12-24 00:00:00,11.29531274,11.382047434,11.448373964,11.228986209,21.161,0.0044,32520104,404008052.0,0.8589972763025212,11.285108658
SH.601012,隆基绿能,2019-12-25 00:00:00,11.371843352,11.575924984,11.759598453,11.249394372,21.49,0.00849,62671601,792299884.0,1.7033626957207761,11.382047434
SH.601012,隆基绿能,2019-12-26 00:00:00,11.586129066,11.392251515,11.677965801,11.320822944,21.178,0.00772,57038404,713536711.0,-1.5866850316831698,11.575924984
SH.601012,隆基绿能,2019-12-27 00:00:00,11.320822944,11.376945393,11.55041478,11.193271924,21.152,0.00997,73628697,914607907.0,-0.13435554841680605,11.392251515
SH.601012,隆基绿能,2019-12-30 00:00:00,11.387149474,11.667761719,11.67286376,11.218782128,21.646,0.00888,65568734,823231969.0,2.5561898730649895,11.376945393
SH.601012,隆基绿能,2019-12-31 00:00:00,11.67286376,11.591231107,11.825924984,11.535108658,21.516,0.00653,48239915,613393400.0,-0.6559151090253689,11.667761719
SH.601012,隆基绿能,2020-01-02 00:00:00,11.718782127,12.458578044,12.652455595,11.703476005,22.989,0.02055,151776108,2030589187.0,7.482785296862936,11.591231107
SH.601012,隆基绿能,2020-01-03 00:00:00,12.596333146,12.688169881,12.825924983,12.407557636,23.379,0.01629,120260664,1650919134.0,1.8428414237094373,12.458578044
SH.601012,隆基绿能,2020-01-06 00:00:00,12.581027024,13.004496411,13.300414778,12.545312738,23.916,0.01647,121599875,1716774125.0,2.493082398539487,12.688169881
SH.601012,隆基绿能,2020-01-07 00:00:00,13.004496411,13.019802534,13.177965799,12.795312738,23.942,0.00933,68915577,970942770.0,0.11769869832909002,13.004496411
SH.601012,隆基绿能,2020-01-08 00:00:00,13.06061886,13.06061886,13.341231105,12.99939437,24.012,0.01215,89704801,1276585641.0,0.3134942015703527,13.019802534
SH.601012,隆基绿能,2020-01-09 00:00:00,13.234088248,13.69327192,13.769802533,13.234088248,25.086,0.01396,103070349,1504748429.0,4.843974598612557,13.06061886
SH.601012,隆基绿能,2020-01-10 00:00:00,13.642251512,13.50449641,13.718782125,13.285108656,24.766,0.01286,94969798,1383970128.0,-1.3786004623502797,13.69327192
SH.601012,隆基绿能,2020-01-13 00:00:00,13.672863757,13.632047431,13.764700492,13.366741309,24.982,0.01166,86093466,1264199638.0,0.9445077930158847,13.50449641
SH.601012,隆基绿能,2020-01-14 00:00:00,13.718782125,13.5657209,13.810618859,13.366741309,24.87,0.00972,71769531,1048342533.0,-0.48654856385820355,13.632047431
SH.601012,隆基绿能,2020-01-15 00:00:00,13.484088247,13.555516819,13.642251512,13.208578044,24.852,0.00882,65145725,946253757.0,-0.07521960001404165,13.5657209
SH.601012,隆基绿能,2020-01-16 00:00:00,13.50449641,13.43816988,13.570822941,13.300414778,24.653,0.00935,69069447,1001975857.0,-0.8656766139341916,13.555516819
SH.601012,隆基绿能,2020-01-17 00:00:00,13.846333145,13.657557635,14.055516818,13.417761717,25.025,0.01403,103576286,1530882523.0,1.632571674261344,13.43816988
SH.601012,隆基绿能,2020-01-20 00:00:00,13.632047431,13.713680084,13.764700492,13.43816988,25.121,0.00815,60171268,884075524.0,0.41092595396541465,13.657557635
SH.601012,隆基绿能,2020-01-21 00:00:00,13.810618859,14.055516818,14.177965797,13.728986206,25.701,0.0124,91550719,1380874180.0,2.492669596389567,13.713680084
SH.601012,隆基绿能,2020-01-22 00:00:00,13.88204743,14.157557634,14.218782124,13.667761716,25.875,0.0125,92327226,1386310033.0,0.725984090953692,14.055516818
SH.601012,隆基绿能,2020-01-23 00:00:00,14.310618858,13.744292329,14.346333144,13.208578044,25.173,0.01609,118781305,1785890009.0,-2.919043776361006,14.157557634
SH.601012,隆基绿能,2020-02-03 00:00:00,12.264700494,13.208578044,13.5657209,12.264700494,24.263,0.02265,167260835,2334242454.0,-3.897721848287974,13.744292329
SH.601012,隆基绿能,2020-02-04 00:00:00,13.351435186,14.177965797,14.280006614,13.152455595,25.909,0.0206,152098953,2254140032.0,7.339077300908602,13.208578044
SH.601012,隆基绿能,2020-02-05 00:00:00,14.177965797,14.126945389,14.453476001,13.800414777,25.823,0.01766,130391914,1975177579.0,-0.3598570396523096,14.177965797
SH.601012,隆基绿能,2020-02-06 00:00:00,13.999394369,14.433067838,14.433067838,13.769802533,26.343,0.0154,113724096,1733124259.0,2.1669401315755317,14.126945389
SH.601012,隆基绿能,2020-02-07 00:00:00,14.535108654,15.64225151,15.647353551,14.397353552,28.396,0.02725,201242909,3277776358.0,8.377870079820518,14.433067838
SH.601012,隆基绿能,2020-02-10 00:00:00,15.530006612,15.836129061,16.361639264,15.351435184,28.726,0.01851,136698271,2322734947.0,1.2394478561865288,15.64225151
SH.601012,隆基绿能,2020-02-11 00:00:00,15.657557632,15.662659673,16.320822938,15.51980253,28.431,0.01241,91674580,1548348842.0,-1.0954027169884981,15.836129061
SH.601012,隆基绿能,2020-02-12 00:00:00,16.575924978,16.024904571,16.984088243,15.667761714,29.046,0.02477,182894930,3165396036.0,2.312793009379207,15.662659673
SH.601012,隆基绿能,2020-02-13 00:00:00,16.575924978,15.637149469,16.575924978,14.999394368,28.388,0.02591,191348330,3229380333.0,-2.419703033375398,16.024904571
SH.601012,隆基绿能,2020-02-14 00:00:00,15.351435184,15.341231102,15.657557632,15.091231102,27.885,0.01288,95080891,1566574500.0,-1.8924060781451657,15.637149469
SH.601012,隆基绿能,2020-02-17 00:00:00,15.152455592,15.805516816,15.912659673,15.147353551,28.674,0.01674,123614377,2061100961.0,3.0263914995679384,15.341231102
SH.601012,隆基绿能,2020-02-18 00:00:00,15.728986204,15.933067836,16.499394366,15.718782122,28.89,0.01611,118939187,2038892440.0,0.8070031589911567,15.805516816
SH.601012,隆基绿能,2020-02-19 00:00:00,15.815720897,15.575924979,16.08102702,15.504496408,28.284,0.01426,105279561,1770748590.0,-2.241519716579957,15.933067836
SH.601012,隆基绿能,2020-02-20 00:00:00,15.657557632,15.887149469,16.014700489,15.32592498,28.812,0.01436,106069353,1785369045.0,1.998112410143246,15.575924979
SH.601012,隆基绿能,2020-02-21 00:00:00,15.907557632,16.218782121,16.52490457,15.718782122,29.376,0.01694,125114142,2163090556.0,2.0874270280335816,15.887149469
SH.601012,隆基绿能,2020-02-24 00:00:00,16.52490457,16.26980253,16.677965794,15.917761714,29.462,0.01608,118776205,2053881315.0,0.3145760798767899,16.218782121
SH.601012,隆基绿能,2020-02-25 00:00:00,15.810618857,16.01980253,16.259598448,15.249394368,29.038,0.01688,124642185,2115156381.0,-1.5365890245995506,16.26980253
SH.601012,隆基绿能,2020-02-26 00:00:00,15.683067836,15.157557633,15.795312734,15.147353551,27.573,0.01625,119986262,1981862862.0,-5.382369073434515,16.01980253
SH.601012,隆基绿能,2020-02-27 00:00:00,15.280006612,15.540210694,15.810618857,14.999394368,28.223,0.01258,92862820,1530955562.0,2.5245034210980988,15.157557633
SH.601012,隆基绿能,2020-02-28 00:00:00,14.968782123,14.586129062,15.218782123,14.392251511,26.603,0.0138,101878449,1617010251.0,-6.1394382018795115,15.540210694
SH.601012,隆基绿能,2020-03-02 00:00:00,14.69837396,14.994292327,15.13714947,14.586129062,27.296,0.01042,76952585,1232791205.0,2.7982973636463537,14.586129062
SH.601012,隆基绿能,2020-03-03 00:00:00,15.213680082,14.744292327,15.361639265,14.601435185,26.871,0.01503,110953285,1785464569.0,-1.6673010939624584,14.994292327
SH.601012,隆基绿能,2020-03-04 00:00:00,14.463680083,14.458578042,14.550414777,14.075924981,26.386,0.01726,127433670,1957495372.0,-1.937795851190471,14.744292327
SH.601012,隆基绿能,2020-03-05 00:00:00,14.611639266,14.912659674,14.978986205,14.397353552,27.157,0.01222,90219719,1428134476.0,3.1405690841863025,14.458578042
SH.601012,隆基绿能,2020-03-06 00:00:00,14.728986205,14.586129062,14.795312735,14.44837396,26.603,0.00932,68845709,1080285596.0,-2.189620222939186,14.912659674
SH.601012,隆基绿能,2020-03-09 00:00:00,14.152455593,13.575924982,14.183067838,13.555516819,24.887,0.02242,165546648,2464242547.0,-6.925785969025861,14.586129062
SH.601012,隆基绿能,2020-03-10 00:00:00,13.259598452,13.88204743,13.953476002,13.152455595,25.407,0.01336,98688896,1449724577.0,2.254892012189818,13.575924982
SH.601012,隆基绿能,2020-03-11 00:00:00,13.963680083,14.101435185,14.780006613,13.963680083,25.779,0.01867,137835085,2132225615.0,1.5803703027688014,13.88204743
SH.601012,隆基绿能,2020-03-12 00:00:00,13.739190288,13.422863758,13.861639267,13.320822941,24.627,0.01411,104204848,1521557260.0,-4.812073509523418,14.101435185
SH.601012,隆基绿能,2020-03-13 00:00:00,12.637149473,13.208578044,13.392251513,12.443271922,24.263,0.01838,135752006,1897069326.0,-1.5964232213285103,13.422863758
SH.601012,隆基绿能,2020-03-16 00:00:00,13.218782125,11.780006617,13.259598452,11.780006617,21.837,0.02702,199539573,2658159790.0,-10.815482349736568,13.208578044
SH.601012,隆基绿能,2020-03-17 00:00:00,11.846333147,11.626945392,12.183067841,11.198373964,21.577,0.01625,119960543,1521554496.0,-1.2993305519804539,11.780006617
SH.601012,隆基绿能,2020-03-18 00:00:00,11.831027025,11.325924985,12.167761718,11.290210699,21.065,0.01911,141083894,1811093144.0,-2.5889896000295876,11.626945392
SH.601012,隆基绿能,2020-03-19 00:00:00,11.519802535,11.111639271,11.693271923,10.560618863,20.701,0.026,192000280,2311315097.0,-1.8919930538459302,11.325924985
SH.601012,隆基绿能,2020-03-20 00:00:00,11.320822944,11.198373964,11.453476005,10.876945393,20.849,0.015,110772167,1356572788.0,0.7805751328372147,11.111639271
SH.601012,隆基绿能,2020-03-23 00:00:00,10.60653723,10.285108659,10.683067843,10.193271925,19.298,0.01503,110992988,1276976943.0,-8.155338515537357,11.198373964
SH.601012,隆基绿能,2020-03-24 00:00:00,10.657557639,10.397353557,10.759598455,10.019802537,19.488,0.01698,125415276,1432307906.0,1.0913340998277163,10.285108659
SH.601012,隆基绿能,2020-03-25 00:00:00,10.938169883,11.126945393,11.42286376,10.866741312,20.727,0.02155,159161172,1947163887.0,7.0170917243532855,10.397353557
SH.601012,隆基绿能,2020-03-26 00:00:00,11.014700495,10.968782128,11.285108658,10.769802536,20.459,0.0173,127758127,1548287454.0,-1.4214437063697638,11.126945393
SH.601012,隆基绿能,2020-03-27 00:00:00,11.223884168,11.290210699,11.825924984,10.989190291,21.005,0.01972,145601257,1806859611.0,2.9303943432287527,10.968782128
SH.601012,隆基绿能,2020-03-30 00:00:00,10.989190291,11.555516821,11.810618862,10.657557639,21.455,0.02091,154416583,1900554399.0,2.349877509580038,11.290210699
SH.601012,隆基绿能,2020-03-31 00:00:00,11.632047433,11.596333148,11.820822943,11.489190291,21.525,0.01353,99917583,1270699548.0,0.35321939842468886,11.555516821
SH.601012,隆基绿能,2020-04-01 00:00:00,11.504496413,11.856537229,12.228986208,11.504496413,21.967,0.01759,129925530,1697274479.0,2.2438479274362537,11.596333148
SH.601012,隆基绿能,2020-04-02 00:00:00,11.851435188,12.167761718,12.167761718,11.780006617,22.495,0.01198,88496736,1159569882.0,2.6249189201613805,11.856537229
SH.601012,隆基绿能,2020-04-03 00:00:00,12.188169882,11.846333147,12.188169882,11.759598453,21.949,0.01161,85763079,1112235614.0,-2.64164090692625,12.167761718
SH.601012,隆基绿能,2020-04-07 00:00:00,12.162659677,12.065720902,12.269802534,11.938169882,22.322,0.01377,101696299,1338746442.0,1.8519465245290676,11.846333147
SH.601012,隆基绿能,2020-04-08 00:00:00,11.948373963,12.019802535,12.188169882,11.851435188,22.244,0.00884,65269660,852599511.0,-0.380568781367959,12.065720902
SH.601012,隆基绿能,2020-04-09 00:00:00,11.9279658,11.723884168,12.05551682,11.667761719,21.741,0.01195,88224178,1133252875.0,-2.4619236974844405,12.019802535
SH.601012,隆基绿能,2020-04-10 00:00:00,11.642251515,11.55041478,11.805516821,11.499394372,21.447,0.00647,47746470,607222579.0,-1.4796238645335542,11.723884168
SH.601012,隆基绿能,2020-04-13 00:00:00,11.341231107,11.10653723,11.458578046,11.04531274,20.693,0.00932,68794269,842194690.0,-3.842957663897849,11.55041478
SH.601012,隆基绿能,2020-04-14 00:00:00,11.392251515,11.820822943,11.831027025,11.23408825,21.906,0.01329,98163369,1248299198.0,6.431218823726923,11.10653723
SH.601012,隆基绿能,2020-04-15 00:00:00,11.912659678,11.80041478,12.075924984,11.754496413,21.871,0.0104,76795459,997834842.0,-0.1726458732899324,11.820822943
SH.601012,隆基绿能,2020-04-16 00:00:00,11.677965801,12.336129065,12.417761718,11.626945392,22.781,0.01212,89534646,1179203532.0,4.5397919902608646,11.80041478
SH.601012,隆基绿能,2020-04-17 00:00:00,13.213680084,13.677965798,13.677965798,13.142251513,25.06,0.0435,321206236,4709383809.0,10.877291619840888,12.336129065
SH.601012,隆基绿能,2020-04-20 00:00:00,13.325924982,13.157557635,13.325924982,12.703476003,24.176,0.03022,223158643,3143693273.0,-3.8047189961251044,13.677965798
SH.601012,隆基绿能,2020-04-21 00:00:00,12.953476003,13.055516819,13.081027023,12.652455595,24.003,0.01544,114012306,1586502170.0,-0.7755300704787723,13.157557635
SH.601012,隆基绿能,2020-04-22 00:00:00,12.769802534,13.285108656,13.387149472,12.769802534,24.393,0.0129,95289610,1352864825.0,1.758580990573047,13.055516819
SH.601012,隆基绿能,2020-04-23 00:00:00,13.489190288,13.132047431,13.632047431,13.019802534,16.079,0.01211,89423324,1278729349.0,-1.1521262562716978,13.285108656
SH.601012,隆基绿能,2020-04-24 00:00:00,13.126945391,13.06061886,13.239190288,12.917761717,15.998,0.00758,55989789,792425747.0,-0.5439256245098786,13.132047431
SH.601012,隆基绿能,2020-04-27 00:00:00,13.040210697,13.382047431,13.509598451,12.876945391,16.362,0.01098,81114625,1165598198.0,2.461051612067334,13.06061886
SH.601012,隆基绿能,2020-04-28 00:00:00,13.463680084,14.126945389,14.228986206,13.070822942,17.205,0.01783,131671480,1967967943.0,5.56639753252119,13.382047431
SH.601012,隆基绿能,2020-04-29 00:00:00,14.060618859,14.218782124,14.325924981,13.88204743,17.309,0.01144,84445600,1289273046.0,0.6500820415962685,14.126945389
SH.601012,隆基绿能,2020-04-30 00:00:00,14.218782124,14.642251511,14.953476001,14.218782124,17.788,0.01513,111714792,1765933023.0,2.9782395095935925,14.218782124
SH.601012,隆基绿能,2020-05-06 00:00:00,14.438169879,14.499394368,14.820822939,14.177965797,17.627,0.01719,126920972,1969447728.0,-0.9756501101806456,14.642251511
SH.601012,隆基绿能,2020-05-07 00:00:00,14.632047429,14.836129062,15.040210694,14.489190287,18.008,0.01255,92653294,1472036271.0,2.3224052360639855,14.499394368
SH.601012,隆基绿能,2020-05-08 00:00:00,14.917761715,14.841231103,15.050414776,14.739190287,18.013,0.00808,59680028,952862041.0,0.03438930046159144,14.836129062
SH.601012,隆基绿能,2020-05-11 00:00:00,14.407557634,14.63714947,14.994292327,14.387149471,17.782,0.01405,103777507,1635755438.0,-1.3750990843256023,14.841231103
SH.601012,隆基绿能,2020-05-12 00:00:00,14.621843348,15.249394368,15.285108653,14.489190287,18.475,0.01338,98815418,1588558289.0,4.18281509835535,14.63714947
SH.601012,隆基绿能,2020-05-13 00:00:00,15.177965796,15.269802531,15.32592498,14.922863756,18.498,0.00772,56991629,923707877.0,0.13382933451327367,15.249394368
SH.601012,隆基绿能,2020-05-14 00:00:00,15.132047429,14.499394368,15.13714947,14.478986205,17.627,0.01312,96877378,1531466392.0,-5.0453053432482475,15.269802531
SH.601012,隆基绿能,2020-05-15 00:00:00,14.626945389,14.560618858,14.953476001,14.484088246,17.696,0.00926,68393866,1077126523.0,0.4222554987201446,14.499394368
SH.601012,隆基绿能,2020-05-18 00:00:00,14.723884164,15.116741306,15.677965796,14.596333144,18.325,0.01644,121417311,1982394845.0,3.8193599696791125,14.560618858
SH.601012,隆基绿能,2020-05-19 00:00:00,15.412659673,15.463680082,15.912659673,15.387149469,18.718,0.01239,91470526,1527923946.0,2.2950632611692323,15.116741306
SH.601012,隆基绿能,2020-05-20 00:00:00,15.657557632,15.177965796,15.698373959,15.091231102,18.394,0.0083,61271066,1005749636.0,-1.8476474195335675,15.463680082
SH.601012,隆基绿能,2020-05-21 00:00:00,15.177965796,15.121843347,15.305516816,14.897353552,18.331,0.00786,58017540,939994831.0,-0.3697626530084195,15.177965796
SH.601012,隆基绿能,2020-05-22 00:00:00,15.030006613,14.723884164,15.157557633,14.530006613,17.881,0.00917,67750828,1073731581.0,-2.6316843381329673,15.121843347
SH.601012,隆基绿能,2020-05-25 00:00:00,14.626945389,14.769802531,14.846333144,14.412659675,17.933,0.00625,46123319,725454956.0,0.31186313671409643,14.723884164
SH.601012,隆基绿能,2020-05-26 00:00:00,14.851435184,14.978986205,15.070822939,14.550414777,18.169,0.01073,79219123,1261776163.0,1.4162929637071946,14.769802531
SH.601012,隆基绿能,2020-05-27 00:00:00,14.943271919,14.882047429,15.198373959,14.805516817,18.06,0.00576,42552793,683296057.0,-0.6471651330291082,14.978986205
SH.601012,隆基绿能,2020-05-28 00:00:00,14.897353552,14.662659674,15.081027021,14.295312736,17.811,0.00683,50463541,791462948.0,-1.4741772329826623,14.882047429
SH.601012,隆基绿能,2020-05-29 00:00:00,14.632047429,15.458578041,15.504496408,14.494292328,18.712,0.01067,78798056,1282991573.0,5.428199144602205,14.662659674
SH.601012,隆基绿能,2020-06-01 00:00:00,15.70857804,15.754496408,15.810618857,15.249394368,19.047,0.01058,78162571,1303423328.0,1.9142664106307157,15.458578041
SH.601012,隆基绿能,2020-06-02 00:00:00,15.601435183,15.280006612,15.698373959,15.213680082,18.51,0.00896,66157165,1087101879.0,-3.0117738054709156,15.754496408
SH.601012,隆基绿能,2020-06-03 00:00:00,15.280006612,15.259598449,15.356537225,15.086129062,18.487,0.00634,46791885,762095472.0,-0.1335612183830581,15.280006612
SH.601012,隆基绿能,2020-06-04 00:00:00,15.21877702,15.014695388,15.320817837,14.90245049,18.094,0.00596,43993558,705754133.0,-1.604911569714664,15.259598449
SH.601012,隆基绿能,2020-06-05 00:00:00,14.943266817,14.999389266,15.121838245,14.810613756,18.077,0.00556,41055665,653170357.0,-0.10194094255307408,15.014695388
SH.601012,隆基绿能,2020-06-08 00:00:00,14.943266817,15.300409673,15.565715796,14.943266817,18.418,0.01098,81071093,1318684242.0,2.0068844248368287,14.999389266
SH.601012,隆基绿能,2020-06-09 00:00:00,15.351430082,15.586123959,15.606532122,15.121838245,18.741,0.00977,72120894,1186089249.0,1.8673636334338644,15.300409673
SH.601012,隆基绿能,2020-06-10 00:00:00,15.504491306,15.305511714,15.535103551,14.978981102,18.423,0.00899,66384878,1074055620.0,-1.8003978778698508,15.586123959
SH.601012,隆基绿能,2020-06-11 00:00:00,15.305511714,16.132042325,16.524899468,15.21367498,19.359,0.01909,140951822,2405483805.0,5.4002154677649274,15.305511714
SH.601012,隆基绿能,2020-06-12 00:00:00,15.836123958,16.03510355,16.040205591,15.647348448,19.249,0.01315,97124373,1633053986.0,-0.6009082610065721,16.132042325
SH.601012,隆基绿能,2020-06-15 00:00:00,15.84632804,15.759593346,15.892246407,15.545307632,18.937,0.00948,69967397,1166321573.0,-1.7181691601860467,16.03510355
SH.601012,隆基绿能,2020-06-16 00:00:00,15.866736203,15.861634163,16.234083142,15.774899469,19.053,0.00686,50666587,858113480.0,0.6474838199165732,15.759593346
SH.601012,隆基绿能,2020-06-17 00:00:00,16.167756611,15.989185183,16.22387906,15.703470897,19.197,0.00699,51640170,872471586.0,0.8041480385264154,15.861634163
SH.601012,隆基绿能,2020-06-18 00:00:00,15.861634163,15.989185183,16.147348448,15.611634163,19.197,0.00554,40908437,690508644.0,0.0,15.989185183
SH.601012,隆基绿能,2020-06-19 00:00:00,16.142246407,16.346328039,16.499389264,16.040205591,19.601,0.01262,93219953,1613390239.0,2.2336526340299088,15.989185183
SH.601012,隆基绿能,2020-06-22 00:00:00,16.366736203,16.718777019,16.933062733,16.234083142,20.023,0.01152,85064721,1504121491.0,2.278487126352729,16.346328039
SH.601012,隆基绿能,2020-06-23 00:00:00,16.718777019,17.392246406,17.519797426,16.545307631,20.785,0.0159,117428470,2140768095.0,4.028221599191369,16.718777019
SH.601012,隆基绿能,2020-06-24 00:00:00,17.596328038,18.412654568,18.412654568,17.575919875,21.939,0.01735,128126881,2451092268.0,5.867029124242267,17.392246406
SH.601012,隆基绿能,2020-06-29 00:00:00,18.922858649,19.586123954,19.958572933,18.922858649,23.267,0.02267,167374419,3448248770.0,6.373167875746795,18.412654568
SH.601012,隆基绿能,2020-06-30 00:00:00,19.902450484,19.805511709,20.009593341,19.188164771,23.516,0.0118,87166574,1798968926.0,1.120118281265114,19.586123954
SH.601012,隆基绿能,2020-07-01 00:00:00,20.055511708,20.264695382,20.407552524,19.662654566,24.035,0.0108,79721283,1676870124.0,2.3184640707431785,19.805511709
SH.601012,隆基绿能,2020-07-02 00:00:00,20.239185177,19.912654566,20.861634156,19.739185178,23.637,0.01611,118986788,2522995827.0,-1.737212474028586,20.264695382
SH.601012,隆基绿能,2020-07-03 00:00:00,19.739185178,20.300409667,20.749389258,19.739185178,24.076,0.01301,96079570,2027133525.0,1.9472798049842883,19.912654566
SH.601012,隆基绿能,2020-07-06 00:00:00,20.672858646,21.708572931,22.162654563,20.657552524,25.669,0.01549,114417657,2574875351.0,6.93662486175875,20.300409667
SH.601012,隆基绿能,2020-07-07 00:00:00,21.856532114,21.57591987,22.831021909,21.331021911,25.519,0.01975,145808600,3363136672.0,-0.611063018382796,21.708572931
SH.601012,隆基绿能,2020-07-08 00:00:00,21.652450482,22.560613746,22.58612395,21.626940278,26.633,0.01489,109986301,2556978757.0,4.563855825999606,21.57591987
SH.601012,隆基绿能,2020-07-09 00:00:00,22.545307624,22.672858644,23.172858643,22.371838236,26.76,0.01502,110936734,2642634205.0,0.49752590627061805,22.560613746
SH.601012,隆基绿能,2020-07-10 00:00:00,22.290205583,22.601430073,23.009593337,22.218777012,26.68,0.01114,82287122,1936221969.0,-0.31503998733262684,22.672858644
SH.601012,隆基绿能,2020-07-13 00:00:00,22.550409664,23.310613745,23.545307622,22.468777011,27.482,0.01363,100678361,2427848842.0,3.137782298329887,22.601430073
SH.601012,隆基绿能,2020-07-14 00:00:00,23.310613745,23.96877701,24.422858642,23.157552521,28.227,0.01516,111945368,2778240593.0,2.823448889848176,23.310613745
SH.601012,隆基绿能,2020-07-15 00:00:00,24.331021907,23.851430071,24.984083131,23.71877701,28.094,0.02026,149619195,3802311167.0,-0.4895825054029355,23.96877701
SH.601012,隆基绿能,2020-07-16 00:00:00,24.075919867,22.392246399,24.382042315,22.346328032,26.443,0.02145,158431709,3838065965.0,-6.117803702571954,23.851430071
SH.601012,隆基绿能,2020-07-17 00:00:00,22.091225992,22.626940277,23.361634153,21.780001502,26.709,0.01359,100359994,2374205609.0,1.0481033203103691,22.392246399
SH.601012,隆基绿能,2020-07-20 00:00:00,23.310613745,23.376940276,23.810613744,22.882042317,27.557,0.01396,103049804,2503420063.0,3.314632866036976,22.626940277
SH.601012,隆基绿能,2020-07-21 00:00:00,23.616736194,23.871838234,24.514695376,23.453470888,28.117,0.0198,146223977,3648731684.0,2.117034787944801,23.376940276
SH.601012,隆基绿能,2020-07-22 00:00:00,23.820817826,23.473879051,24.101430071,23.397348439,27.667,0.01738,128314645,3165397660.0,-1.6670655150184257,23.871838234
SH.601012,隆基绿能,2020-07-23 00:00:00,23.672858643,25.917756599,25.917756599,23.672858643,30.433,0.02645,195301418,5179381471.0,10.411051120653573,23.473879051
SH.601012,隆基绿能,2020-07-24 00:00:00,26.065715783,25.147348437,26.968777006,24.805511702,29.561,0.02729,201549263,5393239943.0,-2.9725109851125158,25.917756599
SH.601012,隆基绿能,2020-07-27 00:00:00,26.198368844,26.473879047,27.198368842,25.902450477,31.062,0.02366,174743897,4806268961.0,5.27503173276208,25.147348437
SH.601012,隆基绿能,2020-07-28 00:00:00,26.473879047,26.101430068,26.61673619,25.397348436,30.64,0.01513,111720229,3007849470.0,-1.4068545766896485,26.473879047
SH.601012,隆基绿能,2020-07-29 00:00:00,26.473879047,26.820817822,27.402450475,25.61163415,31.454,0.01908,140881785,3907025480.0,2.7561239063370677,26.101430068
SH.601012,隆基绿能,2020-07-30 00:00:00,27.014695373,28.269797412,28.422858637,26.325919864,33.094,0.02301,169930859,4796791149.0,5.402443727168762,26.820817822
SH.601012,隆基绿能,2020-07-31 00:00:00,27.596328026,28.00449129,28.601430065,27.111634149,32.794,0.01817,134148166,3877601578.0,-0.93847903518184,28.269797412
SH.601012,隆基绿能,2020-08-03 00:00:00,28.718777004,28.463674963,29.581021901,28.320817821,33.314,0.01533,113190109,3378813794.0,1.6396786795551117,28.00449129
SH.601012,隆基绿能,2020-08-04 00:00:00,28.489185167,28.876940269,29.096328024,28.075919862,33.781,0.01063,78523001,2319835238.0,1.4519042482645133,28.463674963
SH.601012,隆基绿能,2020-08-05 00:00:00,28.795307616,28.575919861,28.871838228,27.382042311,33.441,0.01351,99727208,2902694584.0,-1.042424873258304,28.876940269
SH.601012,隆基绿能,2020-08-06 00:00:00,28.361634147,27.341225985,28.50959333,27.004491292,32.043,0.01578,116547625,3319178077.0,-4.320749365220226,28.575919861
SH.601012,隆基绿能,2020-08-07 00:00:00,27.346328026,28.718777004,29.305511697,27.346328026,33.602,0.01999,147646619,4334283312.0,5.038365945096073,27.341225985
SH.601012,隆基绿能,2020-08-10 00:00:00,28.616736188,28.963674963,29.693266798,28.096328025,33.879,0.01522,112415558,3366979977.0,0.852745083698688,28.718777004
SH.601012,隆基绿能,2020-08-11 00:00:00,29.126940269,28.106532107,29.560613737,27.841225984,32.909,0.01218,89945042,2672887742.0,-2.959371892879502,28.963674963
SH.601012,隆基绿能,2020-08-12 00:00:00,28.106532107,27.269797414,28.106532107,26.581021904,31.963,0.01625,120028047,3370903462.0,-2.9770114997275297,28.106532107
SH.601012,隆基绿能,2020-08-13 00:00:00,27.851430066,27.642246393,28.157552515,27.280001495,32.384,0.00916,67653204,1947171915.0,1.3657929809511178,27.269797414
SH.601012,隆基绿能,2020-08-14 00:00:00,27.320817822,27.774899454,27.958572923,26.943266802,32.534,0.00805,59435359,1692248312.0,0.4798924773117993,27.642246393
SH.601012,隆基绿能,2020-08-17 00:00:00,27.49938925,27.606532107,28.050409658,27.24428721,32.344,0.01205,88998809,2538416102.0,-0.606185261908312,27.774899454
SH.601012,隆基绿能,2020-08-18 00:00:00,27.606532107,28.00449129,28.769797412,27.43306272,32.794,0.0123,90832499,2635906585.0,1.4415399277879357,27.606532107
SH.601012,隆基绿能,2020-08-19 00:00:00,28.203470882,26.341225986,28.259593331,26.341225986,30.912,0.01483,109517069,3073200641.0,-5.939280548880841,28.00449129
SH.601012,隆基绿能,2020-08-20 00:00:00,26.331021905,25.259593335,26.87183823,25.198368845,29.688,0.01622,119760919,3200701875.0,-4.10623503847115,26.341225986
SH.601012,隆基绿能,2020-08-21 00:00:00,26.045307619,26.575919864,27.096328026,25.963674966,31.177,0.01606,118593620,3265198173.0,5.211194462010912,25.259593335
SH.601012,隆基绿能,2020-08-24 00:00:00,27.086123945,28.769797412,28.989185167,26.927960679,33.66,0.02114,156069758,4512003896.0,8.255133064921104,26.575919864
SH.601012,隆基绿能,2020-08-25 00:00:00,28.795307616,29.050409656,29.443266799,28.463674963,33.978,0.01147,84695161,2538451376.0,0.9753709418994928,28.769797412
SH.601012,隆基绿能,2020-08-26 00:00:00,28.718777004,28.412654555,29.218777003,27.800409658,33.256,0.01123,82924146,2431459160.0,-2.1953394411712863,29.050409656
SH.601012,隆基绿能,2020-08-27 00:00:00,28.575919861,29.943266798,30.070817818,28.473879045,34.988,0.01554,114745936,3495231087.0,5.3870793383177435,28.412654555
SH.601012,隆基绿能,2020-08-28 00:00:00,31.167756593,31.147348429,31.499389245,29.38714435,32.155,0.02104,155376722,4902063645.0,4.021209973924506,29.943266798
SH.601012,隆基绿能,2020-08-31 00:00:00,31.162654552,31.310613735,32.530001489,30.815715777,32.318,0.0145,107050190,3497798248.0,0.5241708018008686,31.147348429
SH.601012,隆基绿能,2020-09-01 00:00:00,31.320817817,33.351430059,33.351430059,31.269797409,34.361,0.01419,104780018,3516669709.0,6.517969725130977,31.310613735
SH.601012,隆基绿能,2020-09-02 00:00:00,33.718776998,33.723879038,33.968776997,32.693266795,34.734,0.01145,84547100,2904928284.0,1.1167406565209375,33.351430059
SH.601012,隆基绿能,2020-09-03 00:00:00,33.693266793,32.927960672,33.820817814,32.570817815,33.937,0.01126,83131234,2836005738.0,-2.3601032523665593,33.723879038
SH.601012,隆基绿能,2020-09-04 00:00:00,32.188164755,32.902450468,33.376940263,31.616736184,33.912,0.01255,92667578,3102108064.0,-0.07747277231684767,32.927960672
SH.601012,隆基绿能,2020-09-07 00:00:00,32.698368836,30.922858634,33.208572917,30.606532103,31.93,0.01314,97013173,3168745443.0,-6.016548329509052,32.902450468
SH.601012,隆基绿能,2020-09-08 00:00:00,30.856532103,31.422858633,32.336123938,30.402450471,32.431,0.0126,93029079,3010739852.0,1.6169268336991485,30.922858634
SH.601012,隆基绿能,2020-09-09 00:00:00,30.565715777,31.09122598,31.489185164,29.494287207,32.099,0.01404,103685644,3271746854.0,-1.0553866434409063,31.422858633
SH.601012,隆基绿能,2020-09-10 00:00:00,31.463674959,31.632042306,32.41265455,31.035103531,32.64,0.01071,79094627,2592634614.0,1.7394499861404245,31.09122598
SH.601012,隆基绿能,2020-09-11 00:00:00,32.065715775,34.647348425,34.790205568,31.759593326,35.658,0.02068,152724916,5251141043.0,9.532442103581948,31.632042306
SH.601012,隆基绿能,2020-09-14 00:00:00,35.606532097,36.177960668,37.050409646,35.402450465,37.191,0.02288,168953658,6290525693.0,4.417689412259837,34.647348425
SH.601012,隆基绿能,2020-09-15 00:00:00,35.708572913,35.744287199,36.269797403,35.172858628,36.756,0.01127,83195747,3052536080.0,-1.1987228163017765,36.177960668
SH.601012,隆基绿能,2020-09-16 00:00:00,36.264695362,36.371838219,37.902450462,35.683062709,37.385,0.01736,128199305,4830262422.0,1.7556680218749898,35.744287199
SH.601012,隆基绿能,2020-09-17 00:00:00,35.820817811,37.035103524,37.540205564,35.555511689,38.049,0.01368,101007921,3803223152.0,1.823568281059617,36.371838219
SH.601012,隆基绿能,2020-09-18 00:00:00,36.8820423,35.785103526,37.142246381,35.300409649,36.797,0.0173,127741547,4723911392.0,-3.3751761951737422,37.035103524
SH.601012,隆基绿能,2020-09-21 00:00:00,36.249389239,35.346328016,36.606532096,34.7442872,36.358,0.01326,97927838,3561680672.0,-1.2261401163229912,35.785103526
SH.601012,隆基绿能,2020-09-22 00:00:00,35.249389241,34.734083119,35.458572914,34.402450466,35.745,0.00992,73272359,2633542173.0,-1.7321315434034974,35.346328016
SH.601012,隆基绿能,2020-09-23 00:00:00,35.305511689,38.305511686,38.305511686,34.688164751,39.32,0.02146,158500870,5948487931.0,10.282201936248569,34.734083119
SH.601012,隆基绿能,2020-09-24 00:00:00,37.744287197,34.581021894,38.004491278,34.540205568,35.592,0.02542,187723445,6915747939.0,-9.723117191412525,38.305511686
SH.601012,隆基绿能,2020-09-25 00:00:00,35.228981077,35.31061373,36.280001484,34.101430058,36.322,0.01435,105985382,3854105389.0,2.109804152799156,34.581021894
SH.601012,隆基绿能,2020-09-28 00:00:00,36.106532097,36.780001484,37.800409646,35.836123934,37.793,0.01593,117615438,4447064454.0,4.161320347574721,35.31061373
SH.601012,隆基绿能,2020-09-29 00:00:00,37.341225973,37.336123932,37.749389237,36.427960668,38.35,0.01089,80417480,3072972383.0,1.512023995545297,36.780001484
SH.601012,隆基绿能,2020-09-30 00:00:00,37.065715769,37.295307605,38.162654543,37.065715769,38.309,0.01031,76167046,2941760171.0,-0.10932127575519135,37.336123932
SH.601012,隆基绿能,2020-10-09 00:00:00,39.978981071,40.861634132,41.121838213,39.382042297,41.879,0.02347,173334855,7207571769.0,9.562400087355444,37.295307605
SH.601012,隆基绿能,2020-10-12 00:00:00,41.280001478,41.234083111,41.422858621,40.09632801,42.252,0.01564,115525185,4832335519.0,0.911488213606028,40.861634132
SH.601012,隆基绿能,2020-10-13 00:00:00,40.759593315,41.213674947,41.509593314,39.59122597,42.231,0.01186,87554228,3643901933.0,-0.04949343470317469,41.234083111
SH.601012,隆基绿能,2020-10-14 00:00:00,39.78000148,39.749389235,40.708572907,39.075919848,40.766,0.01955,144370446,5894438409.0,-3.5529122648806304,41.213674947
SH.601012,隆基绿能,2020-10-15 00:00:00,40.325919846,38.769797399,40.351430051,37.295307605,39.785,0.01695,125129973,4945880069.0,-2.464419843556885,39.749389235
SH.601012,隆基绿能,2020-10-16 00:00:00,38.677960665,37.963674951,39.106532093,37.739185156,38.978,0.01142,84349901,3299249611.0,-2.0792537028341265,38.769797399
SH.601012,隆基绿能,2020-10-19 00:00:00,38.045307604,35.504491281,38.203470869,35.004491282,36.516,0.02746,202808736,7500260185.0,-6.477728178776392,37.963674951
SH.601012,隆基绿能,2020-10-20 00:00:00,35.62183822,36.31571577,36.514695361,35.300409649,37.328,0.01512,111663816,4117928678.0,2.2848503378898393,35.504491281
SH.601012,隆基绿能,2020-10-21 00:00:00,36.774899443,35.759593322,36.958572912,35.096328016,36.772,0.01299,95932664,3523062752.0,-1.5313547763235962,36.31571577
SH.601012,隆基绿能,2020-10-22 00:00:00,35.586123934,34.9942872,35.586123934,34.244287201,36.006,0.0135,99698635,3587022989.0,-2.1401421294384995,35.759593322
SH.601012,隆基绿能,2020-10-23 00:00:00,35.300409649,33.693266793,35.825919852,33.463674957,34.703,0.01511,111580753,3957170732.0,-3.7178079941002564,34.9942872
SH.601012,隆基绿能,2020-10-26 00:00:00,33.300408121,34.989183629,35.484081587,32.637142815,35.909,0.01943,143476325,5056808782.0,3.8462190204401283,33.693266793
SH.601012,隆基绿能,2020-10-27 00:00:00,34.677959139,35.514693832,35.647346893,34.157550977,36.435,0.0125,92275618,3304922269.0,1.5019218755491015,34.989183629
SH.601012,隆基绿能,2020-10-28 00:00:00,34.831020364,35.933061178,36.336122402,34.831020364,36.853,0.01419,104749914,3836261223.0,1.1780119743649315,35.514693832
SH.601012,隆基绿能,2020-10-29 00:00:00,35.341224445,36.973877504,37.509591789,35.086122404,37.895,0.01444,106598231,3990578693.0,2.8965423258657332,35.933061178
SH.601012,隆基绿能,2020-10-30 00:00:00,37.376938728,37.887142809,38.305510155,36.545306076,38.81,0.01679,123971201,4754890095.0,2.470028481327647,36.973877504
SH.601012,隆基绿能,2020-11-02 00:00:00,35.091224445,36.734081586,37.718775462,34.892244853,34.118,0.02392,176632675,6636313517.0,-3.0434103432209403,37.887142809
SH.601012,隆基绿能,2020-11-03 00:00:00,36.922857096,35.320816281,37.13714281,34.841224445,32.836,0.01905,140662510,5124332771.0,-3.8472863454918196,36.734081586
SH.601012,隆基绿能,2020-11-04 00:00:00,35.320816281,34.728979547,35.764693832,33.795306079,32.299,0.02052,151509023,5404993892.0,-1.6756032173536206,35.320816281
SH.601012,隆基绿能,2020-11-05 00:00:00,35.851428526,36.866734647,36.978979545,35.749387709,34.238,0.02255,166534579,6201404471.0,6.155536753122553,34.728979547
SH.601012,隆基绿能,2020-11-06 00:00:00,37.637142809,35.509591791,37.994285666,35.101428526,33.007,0.01943,143460437,5297353038.0,-3.6812125320961653,36.866734647
SH.601012,隆基绿能,2020-11-09 00:00:00,35.570816281,35.938163219,36.978979545,34.74428567,33.396,0.01948,143828667,5301783737.0,1.2069173605893933,35.509591791
SH.601012,隆基绿能,2020-11-10 00:00:00,36.055510158,37.274897911,37.938163217,34.99938771,34.608,0.01949,143957662,5421538281.0,3.7195409343938874,35.938163219
SH.601012,隆基绿能,2020-11-11 00:00:00,36.871836688,36.361632607,38.351428522,36.361632607,33.78,0.01691,124875525,4769818203.0,-2.450081301847082,37.274897911
SH.601012,隆基绿能,2020-11-12 00:00:00,37.172857095,34.856530568,37.279999952,34.728979547,32.415,0.02328,171908352,6214710308.0,-4.139258694094645,36.361632607
SH.601012,隆基绿能,2020-11-13 00:00:00,34.866734649,33.075918325,34.927959139,31.805510163,30.8,0.03775,278726000,9493407770.0,-5.108403544427001,34.856530568
SH.601012,隆基绿能,2020-11-16 00:00:00,33.142244855,33.23408159,33.734081589,31.820816286,30.944,0.01729,127647714,4302979129.0,0.47818253584346665,33.075918325
SH.601012,隆基绿能,2020-11-17 00:00:00,33.259591794,32.376938734,33.448367304,32.024897918,30.166,0.01354,99996414,3327658456.0,-2.57910799694827,33.23408159
SH.601012,隆基绿能,2020-11-18 00:00:00,32.22897955,31.126938735,32.494285673,30.749387716,29.032,0.02342,172971836,5581719641.0,-3.8607726606571893,32.376938734
SH.601012,隆基绿能,2020-11-19 00:00:00,31.310612205,32.193265265,32.279999959,30.917755062,30.0,0.01558,115041500,3767211834.0,3.4257353062509615,31.126938735
SH.601012,隆基绿能,2020-11-20 00:00:00,32.72897955,33.244285672,33.443265263,32.22387751,30.953,0.01373,101361484,3432420863.0,3.2647213581737797,32.193265265
SH.601012,隆基绿能,2020-11-23 00:00:00,33.601428528,33.657550977,34.014693834,32.683061182,31.328,0.01508,111374087,3828114753.0,1.243116814352476,33.244285672
SH.601012,隆基绿能,2020-11-24 00:00:00,33.626938732,33.239183631,33.626938732,32.621836693,30.948,0.00974,71931609,2449920986.0,-1.2430118468390328,33.657550977
SH.601012,隆基绿能,2020-11-25 00:00:00,33.331020365,33.188163223,34.096326487,32.882040774,30.902,0.00934,68947298,2364771490.0,-0.15349476860323105,33.239183631
SH.601012,隆基绿能,2020-11-26 00:00:00,32.994285672,33.540204039,33.606530569,32.331020367,31.221,0.01013,74818889,2534575011.0,1.0607420893845527,33.188163223
SH.601012,隆基绿能,2020-11-27 00:00:00,33.48918363,34.575918323,34.779999955,33.198367304,32.161,0.01483,109663027,3836510118.0,3.0879784833619057,33.540204039
SH.601012,隆基绿能,2020-11-30 00:00:00,34.325918323,34.167755058,34.601428527,33.708571385,31.79,0.01106,81761347,2867889792.0,-1.180484235261785,34.575918323
SH.601012,隆基绿能,2020-12-01 00:00:00,34.295306078,34.790204037,35.081020363,34.096326487,32.355,0.01165,86148217,3070193657.0,1.821743857456814,34.167755058
SH.601012,隆基绿能,2020-12-02 00:00:00,35.086122404,34.688163221,35.494285669,34.259591793,32.262,0.00883,65279775,2332341272.0,-0.29330329851321535,34.790204037
SH.601012,隆基绿能,2020-12-03 00:00:00,34.831020364,34.540204037,35.004489751,34.325918323,32.128,0.0064,47302986,1679295066.0,-0.42654084350718113,34.688163221
SH.601012,隆基绿能,2020-12-04 00:00:00,34.550408119,34.443265262,34.657550976,33.606530569,32.04,0.00986,72867343,2544614028.0,-0.2806548997109656,34.540204037
SH.601012,隆基绿能,2020-12-07 00:00:00,34.718775466,35.708571383,35.978979546,34.422857099,33.188,0.01466,108393003,3928961600.0,3.673595146613373,34.443265262
SH.601012,隆基绿能,2020-12-08 00:00:00,35.851428526,36.126938729,36.606530565,35.596326485,33.567,0.0119,87954141,3258636603.0,1.17161602885961,35.708571383
SH.601012,隆基绿能,2020-12-09 00:00:00,36.147346892,36.550408116,36.922857096,35.902448934,33.951,0.01206,89136699,3342658303.0,1.1721706900675417,36.126938729
SH.601012,隆基绿能,2020-12-10 00:00:00,36.361632607,36.922857096,37.509591789,35.723877505,34.289,0.01529,113066100,4269499816.0,1.0190008790543745,36.550408116
SH.601012,隆基绿能,2020-12-11 00:00:00,37.382040769,36.25959179,37.422857095,35.861632607,33.688,0.01383,102265818,3837048788.0,-1.796354231947705,36.922857096
SH.601012,隆基绿能,2020-12-14 00:00:00,36.871836688,37.774897911,38.65244893,36.514693831,35.062,0.01718,127032605,4883935396.0,4.1790490355655345,36.25959179
SH.601012,隆基绿能,2020-12-15 00:00:00,37.774897911,38.050408115,38.172857094,36.9483673,35.312,0.01317,97392539,3739938366.0,0.7293473159057264,37.774897911
SH.601012,隆基绿能,2020-12-16 00:00:00,38.912653012,37.89224485,38.912653012,37.616734646,35.168,0.01151,85053696,3316647407.0,-0.41566772298995613,38.050408115
SH.601012,隆基绿能,2020-12-17 00:00:00,37.51979587,37.285101993,37.621836687,36.361632607,34.618,0.01211,89494084,3392596236.0,-1.602287907204842,37.89224485
SH.601012,隆基绿能,2020-12-18 00:00:00,37.254489748,38.734081583,38.810612195,37.096326483,35.932,0.01307,96631627,3794209833.0,3.886215975142124,37.285101993
SH.601012,隆基绿能,2020-12-21 00:00:00,41.973877498,42.698367293,42.698367293,40.958571376,39.527,0.0278,205509916,8877337592.0,10.234619095086234,38.734081583
SH.601012,隆基绿能,2020-12-22 00:00:00,43.2493877,43.963673413,45.51469382,42.99428566,40.675,0.03301,243999427,11025683393.0,2.9633594917514343,42.698367293
SH.601012,隆基绿能,2020-12-23 00:00:00,44.973877494,46.157550962,46.84122443,44.57081627,42.665,0.02472,182769016,8516037881.0,4.990205273318387,43.963673413
SH.601012,隆基绿能,2020-12-24 00:00:00,45.535101983,45.341224432,46.244285655,44.764693821,41.925,0.01577,116556056,5390501948.0,-1.7685655174211037,46.157550962
SH.601012,隆基绿能,2020-12-25 00:00:00,45.800408105,46.795306063,47.040204022,45.1371428,43.243,0.02064,152604292,7164351204.0,3.206974776741515,45.341224432
SH.601012,隆基绿能,2020-12-28 00:00:00,46.805510145,46.132040758,47.433061164,45.443265248,42.642,0.0168,124179282,5841807809.0,-1.417375717357312,46.795306063
SH.601012,隆基绿能,2020-12-29 00:00:00,46.254489737,44.218775454,46.259591778,43.810612189,40.906,0.0231,170739494,7765578092.0,-4.147367583490678,46.132040758
SH.601012,隆基绿能,2020-12-30 00:00:00,45.035101984,45.412653003,46.218775451,44.290204025,41.989,0.02011,148632658,6900215129.0,2.699933538960094,44.218775454
SH.601012,隆基绿能,2020-12-31 00:00:00,45.953469329,46.157550962,46.938163206,44.591224433,42.665,0.02259,166987889,7816656715.0,1.6402872541949725,45.412653003
SH.601012,隆基绿能,2021-01-04 00:00:00,46.157550962,50.188163202,50.861632589,46.157550962,46.321,0.03002,221922848,11107838801.0,8.732292238204465,46.157550962
SH.601012,隆基绿能,2021-01-05 00:00:00,49.632040753,52.621836668,53.647346871,49.065714223,48.528,0.0263,194427927,10227506681.0,4.849098494011074,50.188163202
SH.601012,隆基绿能,2021-01-06 00:00:00,52.642244831,53.708571361,54.371836666,51.948367281,49.514,0.02287,169039731,9133467682.0,2.0651781880142046,52.621836668
SH.601012,隆基绿能,2021-01-07 00:00:00,55.024897889,57.050408091,57.677959111,53.963673401,52.545,0.02622,193841493,10989799382.0,6.222166490964698,53.708571361
SH.601012,隆基绿能,2021-01-08 00:00:00,58.30040809,55.443265236,58.810612171,53.677959116,51.087,0.03357,248175233,14076783500.0,-2.8170575965670164,57.050408091
SH.601012,隆基绿能,2021-01-11 00:00:00,55.647346868,53.274897892,55.647346868,52.57081626,49.12,0.02612,193116153,10531442591.0,-3.9109661647273537,55.443265236
SH.601012,隆基绿能,2021-01-12 00:00:00,53.024897892,55.213673399,55.555510134,52.626938709,50.879,0.02264,167394991,9233938404.0,3.6391914085510386,53.274897892
SH.601012,隆基绿能,2021-01-13 00:00:00,55.300408093,54.310612176,57.468775437,53.529999932,50.06,0.02333,172475372,9710763814.0,-1.63557533380193,55.213673399
SH.601012,隆基绿能,2021-01-14 00:00:00,53.19836728,50.642244834,53.259591769,50.132040753,46.732,0.03208,237155101,12378368035.0,-6.7544209041728624,54.310612176
SH.601012,隆基绿能,2021-01-15 00:00:00,50.086122385,51.336122384,51.846326465,49.376938713,47.362,0.02095,154845144,7994646885.0,1.3701555929727336,50.642244834
SH.601012,隆基绿能,2021-01-18 00:00:00,50.137142794,51.75448973,52.331020342,49.815714222,47.741,0.01889,139640776,7286087238.0,0.8149570450034551,51.336122384
SH.601012,隆基绿能,2021-01-19 00:00:00,52.943265239,51.412652996,53.64224483,50.688163201,47.431,0.01633,120684277,6385967870.0,-0.6604967719387165,51.75448973
SH.601012,隆基绿能,2021-01-20 00:00:00,51.820816261,54.376938707,54.412652992,51.055510139,50.12,0.01962,145022706,7813323733.0,5.765673503039475,51.412652996
SH.601012,隆基绿能,2021-01-21 00:00:00,55.116734624,57.290204009,58.126938702,53.963673401,52.762,0.0253,186995440,10625267305.0,5.357538271320469,54.376938707
SH.601012,隆基绿能,2021-01-22 00:00:00,57.305510132,60.188163189,61.315714208,57.305510132,55.391,0.02355,174125866,10499090030.0,5.058385163971045,57.290204009
SH.601012,隆基绿能,2021-01-25 00:00:00,60.616734617,58.693265232,62.892244819,57.126938703,54.035,0.03064,226501294,13953031411.0,-2.483707556095028,60.188163189
SH.601012,隆基绿能,2021-01-26 00:00:00,58.295306049,57.320816254,58.657550946,56.371836663,52.79,0.01903,140667498,8207925448.0,-2.338341498935268,58.693265232
SH.601012,隆基绿能,2021-01-27 00:00:00,57.024897887,61.871836657,61.871836657,56.157550949,56.918,0.02621,193766601,11587186543.0,7.939559658106614,57.320816254
SH.601012,隆基绿能,2021-01-28 00:00:00,59.402448904,56.892244826,60.38204074,56.703469316,52.401,0.02441,180433068,10692473802.0,-8.0482366453827,61.871836657
SH.601012,隆基绿能,2021-01-29 00:00:00,56.769795847,53.989183605,56.769795847,52.035101975,49.768,0.03642,269256485,14790282560.0,-5.102736286604198,56.892244826
SH.601012,隆基绿能,2021-02-01 00:00:00,53.19836728,53.667755034,54.443265237,52.06571422,49.477,0.01995,147498247,7970232996.0,-0.5953573466708812,53.989183605
SH.601012,隆基绿能,2021-02-02 00:00:00,54.371836666,54.734081563,56.024897888,52.728979525,50.444,0.01895,140123179,7762243270.0,1.9869035481816721,53.667755034
SH.601012,隆基绿能,2021-02-03 00:00:00,55.647346868,54.637142788,57.228979519,53.917755034,50.356,0.02094,154804592,8716825126.0,-0.1771086172121473,54.734081563
SH.601012,隆基绿能,2021-02-04 00:00:00,53.708571361,55.616734623,56.672857071,53.438163198,51.244,0.01931,142720175,8021496018.0,1.792904579218131,54.637142788
SH.601012,隆基绿能,2021-02-05 00:00:00,56.820816255,57.596326458,59.632040741,56.769795847,53.04,0.02658,196481387,11604988852.0,3.5593456689227336,55.616734623
SH.601012,隆基绿能,2021-02-08 00:00:00,57.596326458,56.361632582,57.596326458,53.356530545,51.92,0.02217,163920589,9227796642.0,-2.1437024753659535,57.596326458
SH.601012,隆基绿能,2021-02-09 00:00:00,56.769795847,59.019795844,59.259591762,56.519795847,54.331,0.02158,159560887,9467527910.0,4.716263777726215,56.361632582
SH.601012,隆基绿能,2021-02-10 00:00:00,60.336122373,61.351428494,61.973877473,59.065714211,56.446,0.02147,158727491,9813001061.0,3.9505942314048714,59.019795844
SH.601012,隆基绿能,2021-02-18 00:00:00,62.575918288,61.5146938,63.239183594,60.346326454,56.594,0.02065,152663557,9556334113.0,0.2661149218652237,61.351428494
SH.601012,隆基绿能,2021-02-19 00:00:00,60.223877475,58.810612171,60.69836727,57.126938703,54.141,0.02062,152443923,9080595691.0,-4.395830430029712,61.5146938
SH.601012,隆基绿能,2021-02-22 00:00:00,57.790204009,54.667755033,60.035101965,54.473877482,50.384,0.02353,173957257,10113635301.0,-7.044404037070848,58.810612171
SH.601012,隆基绿能,2021-02-23 00:00:00,53.19836728,55.887142786,57.050408091,52.433061158,51.49,0.01738,128449209,7225816019.0,2.2305429448564706,54.667755033
SH.601012,隆基绿能,2021-02-24 00:00:00,55.234081563,52.177959118,56.050408092,50.652448915,48.125,0.02665,197009639,10619546981.0,-6.636917693579372,55.887142786
SH.601012,隆基绿能,2021-02-25 00:00:00,53.708571361,52.177959118,53.764693809,51.779999934,48.125,0.01597,118089455,6342391915.0,0.0,52.177959118
SH.601012,隆基绿能,2021-02-26 00:00:00,50.137142794,52.412652995,53.448367279,49.626938713,48.338,0.02026,149741892,7876848195.0,0.44979504941779525,52.177959118
SH.601012,隆基绿能,2021-03-01 00:00:00,53.963673401,54.938163196,55.800408093,53.20346932,50.629,0.01862,137663210,7666880794.0,4.818512432944239,52.412652995
SH.601012,隆基绿能,2021-03-02 00:00:00,55.739183603,55.234081563,57.024897887,53.723877483,50.897,0.01764,130368868,7372388197.0,0.53863898933837,54.938163196
SH.601012,隆基绿能,2021-03-03 00:00:00,54.820816257,54.218775442,54.846326461,52.769795851,49.976,0.0156,115306494,6283668160.0,-1.8381877497898405,55.234081563
SH.601012,隆基绿能,2021-03-04 00:00:00,52.433061158,49.16775504,52.688163199,48.999387693,45.395,0.02994,221298337,11368577224.0,-9.315998675409551,54.218775442
SH.601012,隆基绿能,2021-03-05 00:00:00,47.106530552,49.851428508,50.540204017,46.315714227,46.015,0.01972,145808745,7246979183.0,1.3904915273105276,49.16775504
SH.601012,隆基绿能,2021-03-08 00:00:00,50.137142794,44.779999943,50.382040752,44.779999943,41.416,0.03113,230117116,10921840485.0,-10.1730857405343,49.851428508
SH.601012,隆基绿能,2021-03-09 00:00:00,43.407550965,41.973877498,44.769795861,41.065714233,38.87,0.03414,252358241,11022831928.0,-6.266463708289156,44.779999943
SH.601012,隆基绿能,2021-03-10 00:00:00,44.014693822,42.484081579,44.422857086,42.198367293,39.333,0.02692,199031690,8772560886.0,1.2155276362645036,41.973877498
SH.601012,隆基绿能,2021-03-11 00:00:00,42.943265251,44.519795862,45.126938718,42.489183619,41.18,0.02135,157862766,7091615570.0,4.791710700429178,42.484081579
SH.601012,隆基绿能,2021-03-12 00:00:00,45.790204023,45.586122391,45.790204023,43.800408107,42.147,0.02172,160575479,7375988790.0,2.395173895912149,44.519795862
SH.601012,隆基绿能,2021-03-15 00:00:00,44.504489739,40.938163213,44.504489739,40.938163213,37.931,0.02921,215966776,9238958127.0,-10.195995917647165,45.586122391
SH.601012,隆基绿能,2021-03-16 00:00:00,40.29020403,40.749387703,41.203469335,39.820816276,37.76,0.0194,143381894,5942593516.0,-0.46112354630522434,40.938163213
SH.601012,隆基绿能,2021-03-17 00:00:00,40.754489744,41.290204029,41.621836682,39.524897909,38.25,0.01609,118982005,4964088163.0,1.3271765699689027,40.749387703
SH.601012,隆基绿能,2021-03-18 00:00:00,41.290204029,41.387142804,41.80040811,40.581020356,38.338,0.01805,133427025,5606462993.0,0.2347742697805843,41.290204029
SH.601012,隆基绿能,2021-03-19 00:00:00,39.933061174,39.402448929,40.341224438,38.831020359,36.538,0.02001,147950239,5972434766.0,-4.7954358299123285,41.387142804
SH.601012,隆基绿能,2021-03-22 00:00:00,39.933061174,39.958571378,40.72897954,39.524897909,37.043,0.01464,108202131,4434728211.0,1.4113905711852768,39.402448929
SH.601012,隆基绿能,2021-03-23 00:00:00,39.933061174,39.203469338,40.188163214,38.65244893,36.358,0.01539,113777219,4541002790.0,-1.8897123044187232,39.958571378
SH.601012,隆基绿能,2021-03-24 00:00:00,39.412653011,38.295306073,39.626938725,38.060612196,35.534,0.01283,94843302,3746514555.0,-2.3165380011909162,39.203469338
SH.601012,隆基绿能,2021-03-25 00:00:00,37.637142809,38.402448931,38.759591787,37.387142809,35.631,0.01255,92797556,3623893918.0,0.27978065456837775,38.295306073
SH.601012,隆基绿能,2021-03-26 00:00:00,38.917755052,40.147346888,40.504489744,38.657550971,37.214,0.02313,170954288,6951002456.0,4.5437153243408055,38.402448931
SH.601012,隆基绿能,2021-03-29 00:00:00,40.147346888,40.03510199,40.683061173,39.371836684,37.112,0.01531,113171368,4637820542.0,-0.2795823552503541,40.147346888
SH.601012,隆基绿能,2021-03-30 00:00:00,40.029999949,43.820816271,44.060612189,39.728979541,40.546,0.0277,204741958,8887659620.0,9.455987602943026,40.03510199
SH.601012,隆基绿能,2021-03-31 00:00:00,44.009591781,44.014693822,45.376938718,43.162653006,40.721,0.02152,159118295,7161190354.0,0.4424325411945952,43.820816271
SH.601012,隆基绿能,2021-04-01 00:00:00,44.652448923,44.841224433,46.438163206,43.851428516,42.514,0.01691,128140603,5894871561.0,1.87785155189896,44.014693822
SH.601012,隆基绿能,2021-04-02 00:00:00,44.718775453,44.468775454,45.193265249,43.341224435,42.167,0.01459,110563572,4984790631.0,-0.8305950243542001,44.841224433
SH.601012,隆基绿能,2021-04-06 00:00:00,45.422857085,46.662653002,47.397346879,45.132040759,44.207,0.01981,150149919,7082562610.0,4.933523636758149,44.468775454
SH.601012,隆基绿能,2021-04-07 00:00:00,46.672857084,44.586122392,46.688163206,44.351428515,42.277,0.01702,128998824,5907819803.0,-4.450091189437937,46.662653002
SH.601012,隆基绿能,2021-04-08 00:00:00,43.504489741,43.866734638,44.438163209,42.882040762,41.608,0.01334,101077525,4514426142.0,-1.6134790724233992,44.586122392
SH.601012,隆基绿能,2021-04-09 00:00:00,41.973877498,41.856530559,43.075918312,41.489183621,39.739,0.01688,127904970,5500628414.0,-4.582524994369282,43.866734638
SH.601012,隆基绿能,2021-04-12 00:00:00,41.463673417,40.693265254,42.126938722,40.188163214,38.657,0.01496,113399596,4742177442.0,-2.779172782513075,41.856530559
SH.601012,隆基绿能,2021-04-13 00:00:00,40.677959132,40.749387703,41.6116326,40.443265255,38.709,0.01073,81327450,3399308664.0,0.1379158164125852,40.693265254
SH.601012,隆基绿能,2021-04-14 00:00:00,40.54020403,41.019795866,41.458571376,40.285101989,38.961,0.01334,101093640,4217656634.0,0.6635882849844601,40.749387703
SH.601012,隆基绿能,2021-04-15 00:00:00,40.902448927,43.392244843,43.759591781,40.494285663,41.166,0.0213,161425815,7021186720.0,5.783668414026518,41.019795866
SH.601012,隆基绿能,2021-04-16 00:00:00,43.2493877,42.662653007,43.259591782,41.55040811,40.488,0.01394,105605039,4556901793.0,-1.6813876273047774,43.392244843
SH.601012,隆基绿能,2021-04-19 00:00:00,42.943265251,44.836122392,45.116734636,42.36673464,42.509,0.01945,147412517,6647395645.0,5.094548115991236,42.662653007
SH.601012,隆基绿能,2021-04-20 00:00:00,44.831020351,46.259591778,47.331020348,44.453469331,43.833,0.02171,164530053,7759799161.0,3.1748271484199244,44.836122392
SH.601012,隆基绿能,2021-04-21 00:00:00,47.075918308,46.279999941,47.876938715,45.371836677,38.889,0.02252,170690243,8130256251.0,0.044116608503460004,46.259591778
SH.601012,隆基绿能,2021-04-22 00:00:00,46.825918308,45.346326473,47.014693818,44.208571372,38.119,0.01509,114322964,5283325129.0,-2.0174448340326157,46.279999941
SH.601012,隆基绿能,2021-04-23 00:00:00,45.39224484,46.050408105,46.718775451,45.39224484,38.7,0.01191,90230614,4246057601.0,1.5526762292844765,45.346326473
SH.601012,隆基绿能,2021-04-26 00:00:00,46.310612186,45.790204023,47.677959123,45.550408105,38.485,0.01508,114280177,5456355919.0,-0.5650418589270857,46.050408105
SH.601012,隆基绿能,2021-04-27 00:00:00,45.953469329,45.994285656,46.601428512,45.040204024,38.653,0.01147,86902828,4055311102.0,0.44568841164693856,45.790204023
SH.601012,隆基绿能,2021-04-28 00:00:00,46.055510146,47.34632647,47.463673409,45.632040758,39.768,0.0141,106829051,5101771058.0,2.9395843303495757,45.994285656
SH.601012,隆基绿能,2021-04-29 00:00:00,47.662653001,47.126938716,47.662653001,45.989183615,39.587,0.01169,88597174,4237030075.0,-0.46336805905947853,47.34632647
SH.601012,隆基绿能,2021-04-30 00:00:00,47.40755096,49.831020345,50.43306116,47.387142797,41.817,0.02097,158923638,8006832808.0,5.737868197413685,47.126938716
SH.601012,隆基绿能,2021-05-06 00:00:00,49.61163259,50.137142794,52.024897893,49.132040754,42.069,0.0187,141744089,7293459241.0,0.6143210531925545,49.831020345
SH.601012,隆基绿能,2021-05-07 00:00:00,50.142244834,48.468775449,51.56571422,48.09632647,40.694,0.01386,105036143,5300692479.0,-3.327607542086855,50.137142794
SH.601012,隆基绿能,2021-05-10 00:00:00,48.126938714,48.912652999,49.882040753,47.081020348,41.06,0.01108,83928372,4159614960.0,0.9158010407485164,48.468775449
SH.601012,隆基绿能,2021-05-11 00:00:00,48.070816265,48.198367286,48.315714224,46.581020349,40.471,0.01125,85272757,4120827652.0,-1.4603291156883387,48.912652999
SH.601012,隆基绿能,2021-05-12 00:00:00,47.841224429,48.392244836,48.994285652,47.790204021,40.631,0.00661,50061132,2470196189.0,0.402249206595673,48.198367286
SH.601012,隆基绿能,2021-05-13 00:00:00,47.269795858,47.331020348,47.994285653,46.871836675,39.755,0.00784,59418713,2864799428.0,-2.192963958577374,48.392244836
SH.601012,隆基绿能,2021-05-14 00:00:00,47.46877545,47.994285653,48.213673408,46.244285655,40.302,0.00959,72709951,3505900046.0,1.4013332062637913,47.331020348
SH.601012,隆基绿能,2021-05-17 00:00:00,48.019795857,49.805510141,50.075918304,48.019795857,41.796,0.01355,102667132,5177124822.0,3.773833620725607,47.994285653
SH.601012,隆基绿能,2021-05-18 00:00:00,49.973877488,49.968775447,50.642244834,49.320816264,41.931,0.00906,68679470,3487572157.0,0.3278057097252764,49.805510141
SH.601012,隆基绿能,2021-05-19 00:00:00,49.973877488,50.473877487,51.055510139,49.371836672,42.347,0.01091,82685947,4240619496.0,1.0108353376314911,49.968775447
SH.601012,隆基绿能,2021-05-20 00:00:00,50.478979528,49.463673407,50.749387691,49.116734632,41.514,0.01024,77613001,3923539886.0,-2.0014394183608903,50.473877487
SH.601012,隆基绿能,2021-05-21 00:00:00,50.23918361,49.407550958,51.662652996,48.897346877,41.468,0.01402,106280343,5412352039.0,-0.11346195123481818,49.463673407
SH.601012,隆基绿能,2021-05-24 00:00:00,48.861632591,48.228979531,48.861632591,47.126938716,40.496,0.01407,106658989,5201493939.0,-2.3854075017842367,49.407550958
SH.601012,隆基绿能,2021-05-25 00:00:00,47.637142797,49.116734632,49.116734632,46.749387696,41.228,0.02018,152924133,7455623402.0,1.8407088634943571,48.228979531
SH.601012,隆基绿能,2021-05-26 00:00:00,49.116734632,48.075918306,49.596326468,47.999387694,40.37,0.01223,92677823,4579287890.0,-2.11906661507155,49.116734632
SH.601012,隆基绿能,2021-05-27 00:00:00,47.841224429,47.647346878,48.545306061,47.46877545,40.016,0.01182,89598971,4368723698.0,-0.8914472008047137,48.075918306
SH.601012,隆基绿能,2021-05-28 00:00:00,47.647346878,48.734081571,49.871836671,47.177959124,40.912,0.01702,128949730,6408757675.0,2.280787418830596,47.647346878
SH.601012,隆基绿能,2021-05-31 00:00:00,49.116734632,51.208571364,51.412652996,48.371836673,42.953,0.02047,155104221,7942206489.0,5.077534475323915,48.734081571
SH.601012,隆基绿能,2021-06-01 00:00:00,51.285101976,50.698367283,51.463673404,49.575918304,42.532,0.01301,98560381,5051251819.0,-0.9963255513874283,51.208571364
SH.601012,隆基绿能,2021-06-02 00:00:00,52.177959118,50.795306058,52.943265239,50.407550956,42.612,0.01444,109391527,5725840124.0,0.1912068971745828,50.698367283
SH.601012,隆基绿能,2021-06-03 00:00:00,50.137142794,48.453469326,50.545306058,48.371836673,40.681,0.01745,132227736,6626517359.0,-4.610340824260428,50.795306058
SH.601012,隆基绿能,2021-06-04 00:00:00,47.897346878,47.90755096,48.637142795,46.973877491,40.231,0.01491,113020252,5481255116.0,-1.1266858154717456,48.453469326
SH.601012,隆基绿能,2021-06-07 00:00:00,47.922857082,46.973877491,47.943265245,46.351428512,39.461,0.01347,102109669,4871897493.0,-1.9489066969412845,47.90755096
SH.601012,隆基绿能,2021-06-08 00:00:00,46.810612185,47.800408103,48.045306061,46.361632594,40.143,0.011,83386196,4043160810.0,1.7595537267673058,46.973877491
SH.601012,隆基绿能,2021-06-09 00:00:00,47.841224429,48.66775504,48.887142795,47.075918308,40.858,0.01051,79681730,3901269998.0,1.8145178491594618,47.800408103
SH.601012,隆基绿能,2021-06-10 00:00:00,49.412652998,51.999387689,52.984081565,49.142244836,43.605,0.03384,256472842,13417585414.0,6.845667416263051,48.66775504
SH.601012,隆基绿能,2021-06-11 00:00:00,52.831020341,54.984081563,56.259591766,52.279999934,46.066,0.03163,239704826,13226970917.0,5.73986349964536,51.999387689
SH.601012,隆基绿能,2021-06-15 00:00:00,54.984081563,53.20346932,55.749387685,52.739183607,44.598,0.02007,152105015,8323894281.0,-3.238414087102268,54.984081563
SH.601012,隆基绿能,2021-06-16 00:00:00,52.565714219,50.458571365,53.19836728,49.677959121,42.334,0.02025,153466098,7959864213.0,-5.159246173384706,53.20346932
SH.601012,隆基绿能,2021-06-17 00:00:00,50.978979527,51.473877486,51.749387689,50.341224426,43.172,0.01293,97974257,5100039304.0,2.0121578822666732,50.458571365
SH.601012,隆基绿能,2021-06-18 00:00:00,51.749387689,53.468775442,54.519795849,51.259591772,44.816,0.01714,129901757,7032931926.0,3.875554074088513,51.473877486
SH.601012,隆基绿能,2021-06-21 00:00:00,53.300408096,54.754489727,55.749387685,52.167755036,45.877,0.01564,118557199,6565352165.0,2.404607688078942,53.468775442
SH.601012,隆基绿能,2021-06-22 00:00:00,55.443265236,55.086122379,55.72387748,53.448367279,46.15,0.01213,91934382,5092806482.0,0.6056720711917654,54.754489727
SH.601012,隆基绿能,2021-06-23 00:00:00,55.872857119,56.229999976,58.108571404,55.529999977,46.984,0.01662,125910181,7269308582.0,2.0765258972667677,55.086122379
SH.601012,隆基绿能,2021-06-24 00:00:00,57.529999976,59.351428547,60.229999975,56.115714262,49.558,0.02299,174228947,10301049890.0,5.551180103738713,56.229999976
SH.601012,隆基绿能,2021-06-25 00:00:00,59.351428547,60.787142832,62.31571426,58.765714261,50.742,0.01958,148382382,9172484221.0,2.4190054395456895,59.351428547
SH.601012,隆基绿能,2021-06-28 00:00:00,60.81571426,60.458571403,62.094285688,60.087142832,50.471,0.01602,121420717,7484516048.0,-0.5405278381122253,60.787142832
SH.601012,隆基绿能,2021-06-29 00:00:00,60.729999975,62.672857117,63.637142831,60.729999975,52.296,0.02304,174600480,11073919843.0,3.6624843469095345,60.458571403
SH.601012,隆基绿能,2021-06-30 00:00:00,61.772857117,62.701428545,63.451428545,61.222857117,52.32,0.01306,98996219,6236438217.0,0.04558820088042444,62.672857117
SH.601012,隆基绿能,2021-07-01 00:00:00,62.729999974,60.044285689,63.165714259,59.958571404,50.129,0.01832,138832475,8542296904.0,-4.237770841366084,62.701428545
SH.601012,隆基绿能,2021-07-02 00:00:00,58.879999975,58.287142833,60.294285689,57.529999976,48.68,0.02008,152146985,9032383081.0,-2.926411457538426,60.044285689
SH.601012,隆基绿能,2021-07-05 00:00:00,58.279999976,59.287142832,59.822857118,58.172857119,49.505,0.01321,100132834,5972121444.0,1.7156442234012557,58.287142833
SH.601012,隆基绿能,2021-07-06 00:00:00,59.344285689,58.365714261,60.129999975,57.037142833,48.745,0.01755,132975026,7858809845.0,-1.5541794172996686,59.287142832
SH.601012,隆基绿能,2021-07-07 00:00:00,57.387142833,63.444285688,63.444285688,56.865714262,52.932,0.0273,206909829,12778774860.0,8.701292344833863,58.365714261
SH.601012,隆基绿能,2021-07-08 00:00:00,63.529999974,64.029999973,65.672857116,62.81571426,53.415,0.02304,174582686,11369312638.0,0.923194703271417,63.444285688
SH.601012,隆基绿能,2021-07-09 00:00:00,63.072857117,64.908571402,65.665714258,61.494285689,54.14,0.02151,162972005,10494977357.0,1.3721246749499891,64.029999973
SH.601012,隆基绿能,2021-07-12 00:00:00,64.994285687,64.508571402,66.587142829,64.001428545,53.81,0.01971,149371357,9849152814.0,-0.6162514308359598,64.908571402
SH.601012,隆基绿能,2021-07-13 00:00:00,63.887142831,63.072857117,65.529999973,62.829999974,52.626,0.01811,137237237,8843854205.0,-2.2256178579014243,64.508571402
SH.601012,隆基绿能,2021-07-14 00:00:00,62.987142831,61.744285689,63.637142831,61.158571403,51.531,0.0162,122779837,7727611558.0,-2.1064075558452977,63.072857117
SH.601012,隆基绿能,2021-07-15 00:00:00,61.029999975,65.765714258,65.922857115,60.872857117,54.846,0.02354,178412320,11590975162.0,6.513037642471965,61.744285689
SH.601012,隆基绿能,2021-07-16 00:00:00,65.672857116,62.81571426,65.994285687,62.729999974,52.414,0.01812,137310087,8926463820.0,-4.485619948453845,65.765714258
SH.601012,隆基绿能,2021-07-19 00:00:00,62.458571403,62.187142831,64.101428545,61.244285689,51.896,0.01522,115338878,7284720050.0,-1.00065952668831,62.81571426
SH.601012,隆基绿能,2021-07-20 00:00:00,61.494285689,63.208571402,63.958571402,61.287142832,52.738,0.01179,89348610,5701557030.0,1.6425076382361417,62.187142831
SH.601012,隆基绿能,2021-07-21 00:00:00,64.229999973,65.83714283,66.744285687,63.572857116,54.905,0.02023,153278490,10150943843.0,4.15856800699159,63.208571402
SH.601012,隆基绿能,2021-07-22 00:00:00,66.38714283,65.658571401,66.879999972,64.672857116,54.758,0.0148,112182578,7439512377.0,-0.27123204520143895,65.83714283
SH.601012,隆基绿能,2021-07-23 00:00:00,65.351428544,65.165714259,67.422857115,64.958571402,54.352,0.01485,112495688,7511485544.0,-0.750636408139241,65.658571401
SH.601012,隆基绿能,2021-07-26 00:00:00,64.494285687,62.422857117,64.729999973,59.394285689,52.09,0.0257,194719397,12280092219.0,-4.209049456741256,65.165714259
SH.601012,隆基绿能,2021-07-27 00:00:00,62.101428546,59.022857118,63.515714259,58.965714261,49.287,0.01997,151332140,9393704697.0,-5.446722812810917,62.422857117
SH.601012,隆基绿能,2021-07-28 00:00:00,57.815714262,60.294285689,60.979999975,56.622857119,50.335,0.0207,156873012,9416049095.0,2.1541291511153533,59.022857118
SH.601012,隆基绿能,2021-07-29 00:00:00,62.101428546,63.315714259,63.837142831,60.601428546,52.826,0.02024,153413367,9672878658.0,5.01113585719323,60.294285689
SH.601012,隆基绿能,2021-07-30 00:00:00,63.087142831,60.61571426,63.087142831,60.215714261,50.6,0.01933,146453106,9115571578.0,-4.26434421627995,63.315714259
SH.601012,隆基绿能,2021-08-02 00:00:00,59.851428546,61.11571426,62.81571426,58.972857118,51.012,0.01627,123268331,7621433710.0,0.8248686105641544,60.61571426
SH.601012,隆基绿能,2021-08-03 00:00:00,61.958571403,60.079999975,62.229999974,59.137142832,50.159,0.0139,105317770,6457124460.0,-1.6946775433137145,61.11571426
SH.601012,隆基绿能,2021-08-04 00:00:00,60.079999975,64.944285687,65.372857116,59.972857118,54.169,0.0316,239477701,15460749539.0,8.096347726404945,60.079999975
SH.601012,隆基绿能,2021-08-05 00:00:00,64.729999973,65.794285687,67.208571401,63.537142831,54.87,0.02263,171496400,11373091051.0,1.3088141489408054,64.944285687
SH.601012,隆基绿能,2021-08-06 00:00:00,65.801428544,64.88714283,67.329999972,64.529999973,54.122,0.01487,112692461,7491539097.0,-1.3787562970369551,65.794285687
SH.601012,隆基绿能,2021-08-09 00:00:00,64.808571402,62.122857117,64.808571402,61.101428546,51.843,0.01884,142737929,8965651868.0,-4.260143986062453,64.88714283
SH.601012,隆基绿能,2021-08-10 00:00:00,62.458571403,61.587142831,62.872857117,60.587142832,51.401,0.01592,120614464,7492294317.0,-0.8623465031414373,62.122857117
SH.601012,隆基绿能,2021-08-11 00:00:00,61.601428546,60.758571403,61.66571426,59.958571404,50.718,0.01383,104765747,6423120943.0,-1.345364291819267,61.587142831
SH.601012,隆基绿能,2021-08-12 00:00:00,60.672857118,61.129999974,61.451428546,59.101428547,51.024,0.01608,121840482,7433154632.0,0.6113188023075591,60.758571403
SH.601012,隆基绿能,2021-08-13 00:00:00,59.958571404,59.358571404,60.672857118,59.201428547,49.564,0.01486,112623278,6800290559.0,-2.897805612225466,61.129999974
SH.601012,隆基绿能,2021-08-16 00:00:00,58.622857118,59.794285689,60.308571403,58.24428569,49.923,0.0111,84099764,5073982578.0,0.7340376877241261,59.358571404
SH.601012,隆基绿能,2021-08-17 00:00:00,60.101428546,59.958571404,61.158571403,59.229999975,50.058,0.0137,103829591,6350971129.0,0.27475153036274336,59.794285689
SH.601012,隆基绿能,2021-08-18 00:00:00,59.344285689,57.801428547,60.315714261,56.801428548,48.28,0.01799,136334510,8050117083.0,-3.597722238018646,59.958571404
SH.601012,隆基绿能,2021-08-19 00:00:00,57.74428569,56.665714262,58.387142833,54.32285712,47.343,0.02295,173935994,9902694459.0,-1.9648550451941114,57.801428547
SH.601012,隆基绿能,2021-08-20 00:00:00,56.094285691,55.758571405,57.387142833,55.158571405,46.595,0.01302,98653634,5607786097.0,-1.6008672418840988,56.665714262
SH.601012,隆基绿能,2021-08-23 00:00:00,56.065714262,56.922857119,57.24428569,54.601428549,47.555,0.01535,116284334,6605005820.0,2.088083831171467,55.758571405
SH.601012,隆基绿能,2021-08-24 00:00:00,57.49428569,59.344285689,60.672857118,56.858571405,49.552,0.0221,167499827,10048701932.0,4.253877427371379,56.922857119
SH.601012,隆基绿能,2021-08-25 00:00:00,59.965714261,62.194285688,62.729999974,59.451428547,51.902,0.02391,181186786,11228242129.0,4.802484292987742,59.344285689
SH.601012,隆基绿能,2021-08-26 00:00:00,62.601428545,60.672857118,63.387142831,60.658571403,50.647,0.01674,126867565,7949342292.0,-2.4462513769067176,62.194285688
SH.601012,隆基绿能,2021-08-27 00:00:00,60.672857118,64.108571402,64.472857116,60.672857118,53.48,0.02523,191207846,12300172718.0,5.6626874803637826,60.672857118
SH.601012,隆基绿能,2021-08-30 00:00:00,65.494285687,68.744285686,69.6585714,64.601428545,57.302,0.03361,254723474,17373353033.0,7.2310366346041866,64.108571402
SH.601012,隆基绿能,2021-08-31 00:00:00,67.015714258,63.144285688,67.015714258,62.229999974,51.354,0.03302,250256137,16270744090.0,-8.146131626967302,68.744285686
SH.601012,隆基绿能,2021-09-01 00:00:00,61.81571426,59.979999975,62.529999974,58.729999975,48.811,0.02411,182724106,11191296413.0,-5.011198841705073,63.144285688
SH.601012,隆基绿能,2021-09-02 00:00:00,60.444285689,62.201428545,62.729999974,60.444285689,50.597,0.01561,118258853,7404629660.0,3.703615490039854,59.979999975
SH.601012,隆基绿能,2021-09-03 00:00:00,63.101428545,60.379999975,64.458571402,59.929999975,49.133,0.01753,132832788,8352280944.0,-2.928274498844152,62.201428545
SH.601012,隆基绿能,2021-09-06 00:00:00,61.387142832,60.694285689,61.772857117,58.665714261,49.385,0.01399,105977943,6448861515.0,0.5205129415868311,60.379999975
SH.601012,隆基绿能,2021-09-07 00:00:00,61.029999975,61.751428546,61.751428546,59.658571404,50.235,0.01203,91137967,5626859215.0,1.7417502240933282,60.694285689
SH.601012,隆基绿能,2021-09-08 00:00:00,62.022857117,59.729999975,62.672857117,59.24428569,48.61,0.01633,123735761,7571000404.0,-3.27349280591006,61.751428546
SH.601012,隆基绿能,2021-09-09 00:00:00,59.24428569,58.379999976,59.601428547,57.101428548,47.525,0.02022,153255282,9005172540.0,-2.2601707677298517,59.729999975
SH.601012,隆基绿能,2021-09-10 00:00:00,57.815714262,59.108571404,59.487142832,57.251428547,48.111,0.01296,98229448,5823971111.0,1.2479812064054774,58.379999976
SH.601012,隆基绿能,2021-09-13 00:00:00,59.122857118,57.387142833,59.122857118,56.79428569,46.727,0.01605,121643628,7087003428.0,-2.912316319124423,59.108571404
SH.601012,隆基绿能,2021-09-14 00:00:00,57.215714262,57.751428547,58.865714261,56.829999976,47.02,0.01479,112077357,6562793676.0,0.634786288385358,57.387142833
SH.601012,隆基绿能,2021-09-15 00:00:00,58.672857118,59.315714261,59.744285689,58.308571404,48.277,0.01598,121108675,7249086737.0,2.7086528478285627,57.751428547
SH.601012,隆基绿能,2021-09-16 00:00:00,59.958571404,57.108571405,59.965714261,57.108571405,46.504,0.01483,112360823,6573777930.0,-3.721008645850853,59.315714261
SH.601012,隆基绿能,2021-09-17 00:00:00,56.851428548,56.529999976,57.587142833,55.67285712,46.039,0.01264,95783731,5469904506.0,-1.0131078658874397,57.108571405
SH.601012,隆基绿能,2021-09-22 00:00:00,55.515714262,56.637142833,57.458571405,55.329999977,46.125,0.00766,58011975,3329593451.0,0.18953273844947344,56.529999976
SH.601012,隆基绿能,2021-09-23 00:00:00,57.137142833,56.522857119,57.34428569,56.179999976,46.033,0.00956,72432343,4147301497.0,-0.20178580395020956,56.637142833
SH.601012,隆基绿能,2021-09-24 00:00:00,56.565714262,57.679999976,58.64428569,55.401428548,46.963,0.01434,108690066,6315356336.0,2.0472122535557853,56.522857119
SH.601012,隆基绿能,2021-09-27 00:00:00,58.379999976,58.515714261,58.879999975,56.751428548,47.634,0.01495,113261724,6669234399.0,1.448880522447526,57.679999976
SH.601012,隆基绿能,2021-09-28 00:00:00,58.49428569,57.501428547,58.99428569,57.14428569,46.819,0.00893,67664664,3970659443.0,-1.7333561194791822,58.515714261
SH.601012,隆基绿能,2021-09-29 00:00:00,56.458571405,57.151428547,58.172857119,55.922857119,46.538,0.01028,77916685,4524582855.0,-0.6086805299348721,57.501428547
SH.601012,隆基绿能,2021-09-30 00:00:00,57.172857119,58.158571404,58.672857118,57.172857119,47.347,0.00909,68879829,4061710412.0,1.7622356651535793,57.151428547
SH.601012,隆基绿能,2021-10-08 00:00:00,58.672857118,56.065714262,58.779999975,55.501428548,45.665,0.01505,114081735,6559348626.0,-3.5985360222518437,58.158571404
SH.601012,隆基绿能,2021-10-11 00:00:00,56.137142834,55.279999977,56.651428548,54.558571406,45.034,0.01193,90408987,5090438826.0,-1.4014167042058638,56.065714262
SH.601012,隆基绿能,2021-10-12 00:00:00,55.32285712,55.065714263,55.844285691,54.429999977,44.862,0.00916,69403236,3875041400.0,-0.3876369647054315,55.279999977
SH.601012,隆基绿能,2021-10-13 00:00:00,55.587142834,58.679999975,58.79428569,55.587142834,47.766,0.01925,145868185,8514613645.0,6.563586362900466,55.065714263
SH.601012,隆基绿能,2021-10-14 00:00:00,58.551428547,57.851428547,58.979999975,57.54428569,47.101,0.0098,74290161,4381512070.0,-1.4120167490678388,58.679999975
SH.601012,隆基绿能,2021-10-15 00:00:00,57.815714262,59.958571404,60.315714261,57.329999976,48.794,0.0182,137891762,8300943441.0,3.6423350467276747,57.851428547
SH.601012,隆基绿能,2021-10-18 00:00:00,61.244285689,60.694285689,62.101428546,59.24428569,49.385,0.01304,98819502,6052956799.0,1.2270377158300987,59.958571404
SH.601012,隆基绿能,2021-10-19 00:00:00,61.61571426,59.951428546,61.637142831,59.729999975,48.788,0.00905,68609329,4189600311.0,-1.2239325903041767,60.694285689
SH.601012,隆基绿能,2021-10-20 00:00:00,59.815714261,62.001428546,63.522857116,59.708571404,50.436,0.01975,149631690,9453783713.0,3.419434781986983,59.951428546
SH.601012,隆基绿能,2021-10-21 00:00:00,61.394285689,59.544285689,61.61571426,58.958571404,48.461,0.0157,119011220,7224332995.0,-3.963042327608632,62.001428546
SH.601012,隆基绿能,2021-10-22 00:00:00,59.158571404,59.687142832,60.351428546,58.522857118,48.576,0.01036,78514081,4733585769.0,0.23991746873267378,59.544285689
SH.601012,隆基绿能,2021-10-25 00:00:00,59.687142832,62.101428546,62.972857117,59.601428547,50.516,0.01817,137707228,8657123837.0,4.044900793451339,59.687142832
SH.601012,隆基绿能,2021-10-26 00:00:00,62.601428545,60.958571403,63.122857117,60.944285689,49.598,0.01115,84480492,5276105072.0,-1.840307332307918,62.101428546
SH.601012,隆基绿能,2021-10-27 00:00:00,61.029999975,62.394285688,63.244285688,60.672857118,50.752,0.01699,128754900,8130554230.0,2.3552295468153623,60.958571403
SH.601012,隆基绿能,2021-10-28 00:00:00,62.722857117,62.901428545,63.601428545,62.008571403,51.159,0.01685,127680286,8152928250.0,0.8128033703854737,62.394285688
SH.601012,隆基绿能,2021-10-29 00:00:00,63.029999974,69.022857114,69.1585714,61.608571403,54.211,0.04145,314107564,20935018521.0,9.731779882583592,62.901428545
SH.601012,隆基绿能,2021-11-01 00:00:00,68.879999971,70.815714256,73.02999997,68.251428543,55.604,0.03592,272170144,19424256083.0,2.5974832352113033,69.022857114
SH.601012,隆基绿能,2021-11-02 00:00:00,70.672857114,70.658571399,72.651428541,69.772857114,55.482,0.02264,171532452,12328218343.0,-0.2219039356602925,70.815714256
SH.601012,隆基绿能,2021-11-03 00:00:00,69.244285686,64.244285688,69.972857114,63.658571402,50.499,0.03682,279045834,18736269021.0,-9.077859322656458,70.658571399
SH.601012,隆基绿能,2021-11-04 00:00:00,65.672857116,65.315714259,67.229999972,64.515714259,51.331,0.02398,181703643,12132851485.0,1.6677414333834322,64.244285688
SH.601012,隆基绿能,2021-11-05 00:00:00,62.822857117,63.529999974,65.029999973,60.829999975,49.944,0.02221,168327024,10722588125.0,-2.733973447674496,65.315714259
SH.601012,隆基绿能,2021-11-08 00:00:00,62.801428545,64.744285687,65.108571401,62.458571403,50.887,0.01295,98133833,6370719745.0,1.9113579623751857,63.529999974
SH.601012,隆基绿能,2021-11-09 00:00:00,66.708571401,65.765714258,67.029999972,65.179999973,51.681,0.01322,100149582,6693126099.0,1.5776350919029352,64.744285687
SH.601012,隆基绿能,2021-11-10 00:00:00,65.029999973,66.958571401,68.137142829,64.815714259,52.608,0.01463,110856277,7439220804.0,1.813797898279336,65.765714258
SH.601012,隆基绿能,2021-11-11 00:00:00,68.522857114,67.665714258,69.244285686,65.994285687,53.157,0.01402,106276060,7281845505.0,1.0560901199117174,66.958571401
SH.601012,隆基绿能,2021-11-12 00:00:00,68.6085714,66.937142829,69.137142828,66.744285687,52.591,0.0116,87866886,6029396184.0,-1.0767217001834295,67.665714258
SH.601012,隆基绿能,2021-11-15 00:00:00,66.308571401,65.165714259,66.308571401,64.172857116,51.215,0.01183,89674751,5898307672.0,-2.6464060088811263,66.937142829
SH.601012,隆基绿能,2021-11-16 00:00:00,65.172857116,63.515714259,65.53714283,63.351428545,49.933,0.00986,74689846,4844123957.0,-2.532006314612163,65.165714259
SH.601012,隆基绿能,2021-11-17 00:00:00,64.029999973,64.451428545,65.801428544,62.772857117,50.66,0.01579,119683415,7779495324.0,1.473201233610329,63.515714259
SH.601012,隆基绿能,2021-11-18 00:00:00,64.38714283,63.329999974,64.38714283,61.858571403,49.789,0.01338,101427422,6466310692.0,-1.7399592162910926,64.451428545
SH.601012,隆基绿能,2021-11-19 00:00:00,63.237142831,64.879999973,65.408571401,62.122857117,50.993,0.01623,123002892,7934764925.0,2.4474972361224423,63.329999974
SH.601012,隆基绿能,2021-11-22 00:00:00,65.529999973,65.08714283,65.865714258,63.787142831,51.154,0.01662,125923614,8255305045.0,0.31927074150155843,64.879999973
SH.601012,隆基绿能,2021-11-23 00:00:00,64.58714283,65.515714258,67.279999972,64.408571402,51.487,0.0151,114437611,7654805876.0,0.6584578910144763,65.08714283
SH.601012,隆基绿能,2021-11-24 00:00:00,66.108571401,64.079999973,66.172857115,63.294285688,50.371,0.01387,105075461,6839301494.0,-2.191404461143749,65.515714258
SH.601012,隆基绿能,2021-11-25 00:00:00,63.529999974,61.701428546,63.529999974,61.137142832,48.523,0.01972,149444827,9373395937.0,-3.711878008742516,64.079999973
SH.601012,隆基绿能,2021-11-26 00:00:00,61.387142832,61.637142831,62.208571403,60.858571403,48.473,0.01041,78898199,4907340358.0,-0.10418837377821386,61.701428546
SH.601012,隆基绿能,2021-11-29 00:00:00,60.672857118,62.094285688,62.21571426,60.258571403,48.829,0.01001,75865780,4720275017.0,0.7416678256054463,61.637142831
SH.601012,隆基绿能,2021-11-30 00:00:00,62.237142831,61.687142831,62.51571426,60.987142832,48.512,0.00796,60334286,3772926278.0,-0.65568490319018,62.094285688
SH.601012,隆基绿能,2021-12-01 00:00:00,60.508571403,59.287142832,60.822857117,58.54428569,46.648,0.02209,167401012,10072294774.0,-3.8906000324494134,61.687142831
SH.601012,隆基绿能,2021-12-02 00:00:00,58.74428569,58.622857118,59.458571404,58.358571404,46.132,0.01173,88914089,5291846726.0,-1.1204549287901528,59.287142832
SH.601012,隆基绿能,2021-12-03 00:00:00,58.387142833,57.987142833,58.39428569,56.422857119,45.638,0.01887,142999467,8287662740.0,-1.0844136847857666,58.622857118
SH.601012,隆基绿能,2021-12-06 00:00:00,57.815714262,57.737142833,58.879999975,57.49428569,45.443,0.01163,88146119,5185917704.0,-0.431130053639627,57.987142833
SH.601012,隆基绿能,2021-12-07 00:00:00,58.24428569,59.222857118,59.229999975,57.137142833,46.598,0.01383,104832464,6160668492.0,2.573238321295718,57.737142833
SH.601012,隆基绿能,2021-12-08 00:00:00,59.601428547,59.358571404,59.737142832,58.237142833,46.703,0.0135,102311552,6125878363.0,0.22915862659174863,59.222857118
SH.601012,隆基绿能,2021-12-09 00:00:00,59.015714261,59.958571404,60.387142832,58.837142833,47.169,0.0114,86398902,5237739072.0,1.0108059978673307,59.358571404
SH.601012,隆基绿能,2021-12-10 00:00:00,59.615714261,61.251428546,61.744285689,59.237142832,48.174,0.01391,105402386,6483385137.0,2.1562507440158134,59.958571404
SH.601012,隆基绿能,2021-12-13 00:00:00,61.251428546,61.872857117,62.979999974,60.744285689,48.657,0.01481,112248367,7064169374.0,1.014553596139081,61.251428546
SH.601012,隆基绿能,2021-12-14 00:00:00,61.958571403,61.058571403,62.329999974,60.679999975,48.024,0.00896,67897515,4216633690.0,-1.3160628940412542,61.872857117
SH.601012,隆基绿能,2021-12-15 00:00:00,60.658571403,60.172857118,61.601428546,59.958571404,47.336,0.00915,69307569,4245867010.0,-1.4505977861062123,61.058571403
SH.601012,隆基绿能,2021-12-16 00:00:00,59.994285689,60.301428546,60.772857117,59.822857118,47.436,0.00705,53408614,3254688183.0,0.21367013992349224,60.172857118
SH.601012,隆基绿能,2021-12-17 00:00:00,58.887142833,57.74428569,59.479999975,57.458571405,45.449,0.01518,115059812,6786065372.0,-4.240600791155922,60.301428546
SH.601012,隆基绿能,2021-12-20 00:00:00,57.122857119,56.737142833,57.601428547,55.794285691,44.667,0.01214,91995355,5268908782.0,-1.7441428965055368,57.74428569
SH.601012,隆基绿能,2021-12-21 00:00:00,56.615714262,57.087142833,57.101428548,55.829999977,44.938,0.00898,68023495,3890425826.0,0.6168798471755809,56.737142833
SH.601012,隆基绿能,2021-12-22 00:00:00,57.672857119,56.465714262,57.672857119,56.365714262,44.456,0.00744,56381129,3234249928.0,-1.0885613470232696,57.087142833
SH.601012,隆基绿能,2021-12-23 00:00:00,56.072857119,56.529999976,57.101428548,55.887142834,44.506,0.00814,61651797,3531361326.0,0.11384911151874517,56.465714262
SH.601012,隆基绿能,2021-12-24 00:00:00,56.394285691,54.87285712,56.515714262,54.815714263,43.218,0.01248,94572067,5289874960.0,-2.9314396899054405,56.529999976
SH.601012,隆基绿能,2021-12-27 00:00:00,54.744285691,55.058571405,55.851428548,54.429999977,43.362,0.00754,57106240,3192025306.0,0.33844471519656694,54.87285712
SH.601012,隆基绿能,2021-12-28 00:00:00,54.958571406,57.49428569,57.74428569,54.67285712,45.255,0.01269,96172179,5504813491.0,4.4238603052072705,55.058571405
SH.601012,隆基绿能,2021-12-29 00:00:00,57.229999976,57.822857119,58.49428569,56.958571405,45.51,0.00977,74026918,4344087235.0,0.5714853659920306,57.49428569
SH.601012,隆基绿能,2021-12-30 00:00:00,58.029999976,57.265714262,59.237142832,56.751428548,45.077,0.01169,88602411,5210227414.0,-0.9635339461925754,57.822857119
SH.601012,隆基绿能,2021-12-31 00:00:00,59.24428569,60.81571426,61.622857117,59.24428569,47.835,0.02242,169928033,10420525923.0,6.199171779746196,57.265714262
SH.601012,隆基绿能,2022-01-04 00:00:00,61.01571426,59.858571404,62.11571426,58.258571404,47.092,0.01628,123374067,7463050368.0,-1.573841346182353,60.81571426
SH.601012,隆基绿能,2022-01-05 00:00:00,59.815714261,57.437142833,59.815714261,57.237142833,45.21,0.01166,88345381,5206534639.0,-4.045249517662544,59.858571404
SH.601012,隆基绿能,2022-01-06 00:00:00,56.387142834,56.779999976,57.672857119,55.929999977,44.7,0.00807,61164996,3520049198.0,-1.1441078448325046,57.437142833
SH.601012,隆基绿能,2022-01-07 00:00:00,56.89428569,56.579999976,57.79428569,56.144285691,44.544,0.00889,67363863,3880542651.0,-0.35223670321333667,56.779999976
SH.601012,隆基绿能,2022-01-10 00:00:00,56.672857119,56.172857119,57.29428569,55.801428548,44.228,0.00749,56766994,3236932099.0,-0.7195879412737802,56.579999976
SH.601012,隆基绿能,2022-01-11 00:00:00,55.958571405,54.944285691,56.365714262,54.67285712,43.274,0.00988,74867539,4183417242.0,-2.187126471771449,56.172857119
SH.601012,隆基绿能,2022-01-12 00:00:00,55.52285712,56.529999976,56.858571405,55.029999977,44.506,0.00918,69602965,3960998763.0,2.88604040448877,54.944285691
SH.601012,隆基绿能,2022-01-13 00:00:00,56.744285691,55.851428548,56.815714262,55.315714263,43.978,0.00644,48838125,2766337478.0,-1.2003740107696579,56.529999976
SH.601012,隆基绿能,2022-01-14 00:00:00,55.601428548,55.851428548,56.737142833,55.165714263,43.978,0.00647,49037840,2776847736.0,0.0,55.851428548
SH.601012,隆基绿能,2022-01-17 00:00:00,57.015714262,57.108571405,58.108571404,56.458571405,44.955,0.00922,69861009,4056716936.0,2.2508696548729823,55.851428548
SH.601012,隆基绿能,2022-01-18 00:00:00,56.837142833,56.037142834,57.315714262,55.665714262,44.123,0.00799,60545839,3461272634.0,-1.8761256754291566,57.108571405
SH.601012,隆基绿能,2022-01-19 00:00:00,55.808571405,55.32285712,55.887142834,54.879999977,43.568,0.00639,48393690,2707394711.0,-1.2746647631838448,56.037142834
SH.601012,隆基绿能,2022-01-20 00:00:00,54.958571406,55.101428548,55.37285712,54.658571406,43.396,0.00523,39655120,2210017372.0,-0.40024789666900823,55.32285712
SH.601012,隆基绿能,2022-01-21 00:00:00,54.958571406,53.529999978,54.958571406,53.258571406,42.175,0.01076,81532077,4448835188.0,-2.851883538066709,55.101428548
SH.601012,隆基绿能,2022-01-24 00:00:00,53.172857121,53.915714263,54.744285691,51.979999978,42.475,0.0094,71255017,3867749416.0,0.7205572298870193,53.529999978
SH.601012,隆基绿能,2022-01-25 00:00:00,53.101428549,52.422857121,54.244285692,52.322857121,41.315,0.00816,61869898,3340132478.0,-2.7688720485420353,53.915714263
SH.601012,隆基绿能,2022-01-26 00:00:00,52.965714263,54.465714263,54.744285691,52.679999978,42.902,0.01046,79287612,4329721561.0,3.8968824939945086,52.422857121
SH.601012,隆基绿能,2022-01-27 00:00:00,54.17285712,52.408571407,54.244285692,52.315714264,41.304,0.0097,73519181,3960290547.0,-3.7769501122607645,54.465714263
SH.601012,隆基绿能,2022-01-28 00:00:00,52.851428549,49.322857122,53.187142835,47.244285694,38.906,0.01922,145665515,7340734965.0,-5.887804613174112,52.408571407
SH.601012,隆基绿能,2022-02-07 00:00:00,50.387142836,51.544285693,52.337142835,49.894285693,40.632,0.01217,92245253,4810433612.0,4.503852170415224,49.322857122
SH.601012,隆基绿能,2022-02-08 00:00:00,51.529999978,50.572857122,51.537142835,49.101428551,39.877,0.00899,68132603,3466510961.0,-1.884648429868381,51.544285693
SH.601012,隆基绿能,2022-02-09 00:00:00,50.729999979,50.087142836,50.979999979,49.444285693,39.5,0.00854,64733142,3289853745.0,-0.9604248477168011,50.572857122
SH.601012,隆基绿能,2022-02-10 00:00:00,50.315714265,48.172857123,50.329999979,47.472857123,38.013,0.01469,111357730,5474501841.0,-3.821910383804345,50.087142836
SH.601012,隆基绿能,2022-02-11 00:00:00,47.101428552,45.779999981,47.915714265,45.529999981,36.154,0.01886,142916365,6757660080.0,-4.967231102548688,48.172857123
SH.601012,隆基绿能,2022-02-14 00:00:00,45.487142838,45.908571409,46.558571409,44.629999981,36.254,0.01038,78676050,3668216729.0,0.28084628233585507,45.779999981
SH.601012,隆基绿能,2022-02-15 00:00:00,46.358571409,48.222857122,48.394285694,46.051428552,38.052,0.01322,100186993,4824525032.0,5.041075428773432,45.908571409
SH.601012,隆基绿能,2022-02-16 00:00:00,48.815714265,47.865714265,48.815714265,47.601428551,37.774,0.00777,58852281,2871941998.0,-0.740609076928927,48.222857122
SH.601012,隆基绿能,2022-02-17 00:00:00,47.52999998,48.887142837,49.487142836,47.358571409,38.568,0.0115,87146892,4334748980.0,2.1339461610142085,47.865714265
SH.601012,隆基绿能,2022-02-18 00:00:00,48.52999998,48.208571408,48.744285694,47.615714266,38.041,0.00784,59432067,2907300629.0,-1.3880365871707847,48.887142837
SH.601012,隆基绿能,2022-02-21 00:00:00,48.158571408,48.02999998,48.444285694,47.351428551,37.902,0.00602,45644821,2218727040.0,-0.37041427029377766,48.208571408
SH.601012,隆基绿能,2022-02-22 00:00:00,47.508571408,48.594285694,49.372857122,46.815714266,38.34,0.0117,88688553,4358814443.0,1.1748609498958413,48.02999998
SH.601012,隆基绿能,2022-02-23 00:00:00,49.394285693,50.672857122,50.865714264,49.265714265,39.955,0.01461,110727397,5649033257.0,4.277398871729166,48.594285694
SH.601012,隆基绿能,2022-02-24 00:00:00,50.422857122,51.422857121,53.029999978,50.008571407,40.538,0.01999,151520210,7934986683.0,1.4800823194048363,50.672857122
SH.601012,隆基绿能,2022-02-25 00:00:00,52.815714264,52.501428549,53.708571406,51.744285693,41.376,0.01375,104185009,5582305873.0,2.09745527258838,51.422857121
SH.601012,隆基绿能,2022-02-28 00:00:00,52.501428549,54.72285712,54.851428548,52.208571407,43.102,0.01606,121702587,6647010934.0,4.231177383919602,52.501428549
SH.601012,隆基绿能,2022-03-01 00:00:00,56.744285691,56.422857119,57.715714262,55.901428548,44.422,0.0199,150790323,8664020971.0,3.1065629400016954,54.72285712
SH.601012,隆基绿能,2022-03-02 00:00:00,56.401428548,56.422857119,56.729999976,54.437142834,44.422,0.01246,94412277,5331833376.0,0.0,56.422857119
SH.601012,隆基绿能,2022-03-03 00:00:00,56.637142833,55.308571405,56.837142833,55.094285691,43.557,0.00792,60000362,3389613931.0,-1.974883532838272,56.422857119
SH.601012,隆基绿能,2022-03-04 00:00:00,54.201428549,54.815714263,55.958571405,53.844285692,43.174,0.0076,57576062,3209014195.0,-0.8911044517693874,55.308571405
SH.601012,隆基绿能,2022-03-07 00:00:00,54.215714263,54.101428549,55.508571405,53.165714263,42.619,0.01001,75856894,4167608872.0,-1.3030674207270778,54.815714263
SH.601012,隆基绿能,2022-03-08 00:00:00,53.601428549,54.77285712,56.301428548,53.601428549,43.14,0.01606,121684942,6821768626.0,1.2410551606634246,54.101428549
SH.601012,隆基绿能,2022-03-09 00:00:00,56.379999976,55.065714263,57.029999976,52.10142855,43.368,0.01725,130695441,7257176498.0,0.5346756740448801,54.77285712
SH.601012,隆基绿能,2022-03-10 00:00:00,57.529999976,57.629999976,58.408571404,57.24428569,45.36,0.02157,163455352,9573904982.0,4.656773724486146,55.065714263
SH.601012,隆基绿能,2022-03-11 00:00:00,56.472857119,56.751428548,58.029999976,55.429999977,44.678,0.01419,107507666,6184126516.0,-1.5245036063957689,57.629999976
SH.601012,隆基绿能,2022-03-14 00:00:00,56.829999976,56.158571405,58.372857118,55.858571405,44.217,0.01184,89719039,5199609882.0,-1.0446558935491137,56.751428548
SH.601012,隆基绿能,2022-03-15 00:00:00,55.229999977,54.529999977,56.929999976,54.001428549,42.952,0.01408,106662229,5967391277.0,-2.8999516676718793,56.158571405
SH.601012,隆基绿能,2022-03-16 00:00:00,55.887142834,57.101428548,57.24428569,53.444285692,44.95,0.01805,136785202,7729154526.0,4.715621808334112,54.529999977
SH.601012,隆基绿能,2022-03-17 00:00:00,58.529999976,56.901428548,58.951428547,56.637142833,44.794,0.01735,131453474,7686029331.0,-0.3502539342459374,57.101428548
SH.601012,隆基绿能,2022-03-18 00:00:00,56.672857119,56.872857119,57.229999976,55.458571405,44.772,0.00818,61992401,3539321731.0,-0.05021214709204364,56.901428548
SH.601012,隆基绿能,2022-03-21 00:00:00,56.951428548,58.237142833,58.529999976,56.744285691,45.832,0.01237,93735538,5494079065.0,2.3988344934832173,56.872857119
SH.601012,隆基绿能,2022-03-22 00:00:00,58.537142833,56.737142833,58.801428547,55.815714262,44.667,0.00939,71125261,4122897547.0,-2.575675809339374,58.237142833
SH.601012,隆基绿能,2022-03-23 00:00:00,57.108571405,56.744285691,57.808571404,55.979999977,44.672,0.00739,55972634,3233477340.0,0.012589386146965437,56.737142833
SH.601012,隆基绿能,2022-03-24 00:00:00,56.244285691,55.537142834,56.244285691,54.287142834,43.734,0.00965,73103644,4086884976.0,-2.1273381844534547,56.744285691
SH.601012,隆基绿能,2022-03-25 00:00:00,55.529999977,53.458571406,55.529999977,53.387142835,42.119,0.00903,68416413,3755647628.0,-3.742668999398896,55.537142834
SH.601012,隆基绿能,2022-03-28 00:00:00,52.794285692,53.42285712,54.444285691,52.465714264,42.092,0.00872,66091016,3591873830.0,-0.0668074081680108,53.458571406
SH.601012,隆基绿能,2022-03-29 00:00:00,53.87285712,52.344285692,54.729999977,51.672857121,41.254,0.01008,76399279,4105629836.0,-2.0189325059445706,53.42285712
SH.601012,隆基绿能,2022-03-30 00:00:00,52.587142835,53.094285692,53.094285692,51.437142835,41.836,0.01193,90373081,4819761039.0,1.4328211572378486,52.344285692
SH.601012,隆基绿能,2022-03-31 00:00:00,53.029999978,50.808571407,53.029999978,50.408571407,40.061,0.012,90958841,4718237571.0,-4.305009955797179,53.094285692
SH.601012,隆基绿能,2022-04-01 00:00:00,49.958571408,51.10142855,52.337142835,49.244285694,40.288,0.00933,70732397,3661966027.0,0.5763931850279332,50.808571407
SH.601012,隆基绿能,2022-04-06 00:00:00,49.244285694,48.244285694,49.301428551,47.815714266,38.068,0.01599,121173128,5951088531.0,-5.591121299484695,51.10142855
SH.601012,隆基绿能,2022-04-07 00:00:00,48.208571408,48.408571408,48.758571408,47.27999998,38.196,0.00919,69632556,3406152306.0,0.3405288556701204,48.244285694
SH.601012,隆基绿能,2022-04-08 00:00:00,48.408571408,47.744285694,49.001428551,46.987142837,37.68,0.00831,62994541,3067662338.0,-1.3722481260626953,48.408571408
SH.601012,隆基绿能,2022-04-11 00:00:00,47.387142837,46.258571409,47.458571409,45.679999981,36.526,0.01045,79184907,3736122338.0,-3.1118159239456573,47.744285694
SH.601012,隆基绿能,2022-04-12 00:00:00,47.087142837,47.001428552,47.287142837,46.029999981,37.103,0.00779,59033420,2804527742.0,1.6058799923412093,46.258571409
SH.601012,隆基绿能,2022-04-13 00:00:00,46.887142837,46.87999998,47.37999998,46.094285695,37.008,0.00683,51784150,2468088457.0,-0.25835081132833404,47.001428552
SH.601012,隆基绿能,2022-04-14 00:00:00,47.458571409,47.122857123,47.72999998,46.244285695,37.197,0.00743,56296116,2679158353.0,0.5180399810230587,46.87999998
SH.601012,隆基绿能,2022-04-15 00:00:00,46.387142838,46.672857123,47.008571409,45.672857124,36.847,0.00831,62956836,2962970249.0,-0.9549505854991212,47.122857123
SH.601012,隆基绿能,2022-04-18 00:00:00,46.337142838,48.672857122,49.044285694,45.915714266,38.401,0.01175,89070794,4352382946.0,4.285145847680321,46.672857123
SH.601012,隆基绿能,2022-04-19 00:00:00,48.52999998,48.601428551,49.708571408,48.365714265,38.346,0.00863,65423579,3252055445.0,-0.14675236923315937,48.672857122
SH.601012,隆基绿能,2022-04-20 00:00:00,47.244285694,46.958571409,48.137142837,46.858571409,37.069,0.0091,68981980,3308356457.0,-3.3802651300178588,48.601428551
SH.601012,隆基绿能,2022-04-21 00:00:00,46.565714266,43.944285696,47.137142837,43.529999982,34.728,0.01571,119082062,5436471738.0,-6.41903197340941,46.958571409
SH.601012,隆基绿能,2022-04-22 00:00:00,42.815714268,43.529999982,43.815714267,42.672857125,34.406,0.01059,80239037,3535533385.0,-0.9427521859519311,43.944285696
SH.601012,隆基绿能,2022-04-25 00:00:00,42.101428554,39.679999983,42.451428553,39.601428555,31.415,0.01294,98065353,4085597518.0,-8.844475076021142,43.529999982
SH.601012,隆基绿能,2022-04-26 00:00:00,39.679999983,40.079999983,41.294285697,39.38714284,31.725,0.01073,81332746,3339825278.0,1.008064516560911,39.679999983
SH.601012,隆基绿能,2022-04-27 00:00:00,39.644285697,43.029999982,43.137142839,39.629999983,34.017,0.01407,106626116,4523392247.0,7.360279441744627,40.079999983
SH.601012,隆基绿能,2022-04-28 00:00:00,42.101428554,45.372857124,46.387142838,39.98714284,37.81,0.01977,149798327,6788961420.0,5.444706351336386,43.029999982
SH.601012,隆基绿能,2022-04-29 00:00:00,45.665714266,47.787142837,48.315714265,45.015714267,39.789,0.01531,116004442,5518580028.0,5.320991152049273,45.372857124
SH.601012,隆基绿能,2022-05-05 00:00:00,48.044285694,48.587142837,49.894285693,47.787142837,40.444,0.01215,92101438,4565492426.0,1.6740904613794798,47.787142837
SH.601012,隆基绿能,2022-05-06 00:00:00,47.37999998,47.122857123,48.165714265,47.101428552,39.244,0.00721,54654896,2637870701.0,-3.013730852444607,48.587142837
SH.601012,隆基绿能,2022-05-09 00:00:00,46.87999998,48.765714265,49.244285694,46.672857123,40.591,0.00857,64914257,3189375422.0,3.4863275325428886,47.122857123
SH.601012,隆基绿能,2022-05-10 00:00:00,46.644285695,48.115714265,50.194285693,46.644285695,40.058,0.01121,84960173,4199569357.0,-1.3329036799662235,48.765714265
SH.601012,隆基绿能,2022-05-11 00:00:00,48.458571408,50.244285693,51.387142836,48.437142837,41.803,0.01494,113229145,5796750859.0,4.423859149792049,48.115714265
SH.601012,隆基绿能,2022-05-12 00:00:00,50.172857122,49.087142836,50.172857122,48.708571408,40.854,0.00973,73767554,3687166181.0,-2.3030337500871587,50.244285693
SH.601012,隆基绿能,2022-05-13 00:00:00,49.865714265,49.072857122,49.979999979,48.687142837,40.843,0.00558,42313257,2112679235.0,-0.029102761282571787,49.087142836
SH.601012,隆基绿能,2022-05-16 00:00:00,49.208571408,47.815714266,49.944285693,47.815714266,39.812,0.0078,59140212,2907133788.0,-2.561788592978435,49.072857122
SH.601012,隆基绿能,2022-05-17 00:00:00,48.172857123,49.465714265,49.958571408,47.958571408,41.165,0.01046,79263580,3950175784.0,3.4507484084019144,47.815714266
SH.601012,隆基绿能,2022-05-18 00:00:00,49.929999979,49.794285693,50.308571407,49.101428551,41.434,0.00913,69156595,3488765919.0,0.6642407430725826,49.465714265
SH.601012,隆基绿能,2022-05-19 00:00:00,49.387142836,52.937142835,53.465714263,49.101428551,44.01,0.01956,148258286,7795093262.0,6.311682351217705,49.794285693
SH.601012,隆基绿能,2022-05-20 00:00:00,53.244285692,54.015714263,54.558571406,53.022857121,44.894,0.01223,92642873,5051233566.0,2.0374568218798665,52.937142835
SH.601012,隆基绿能,2022-05-23 00:00:00,54.015714263,53.458571406,54.244285692,52.515714264,44.437,0.0078,59103001,3195763289.0,-1.0314458757081313,54.015714263
SH.601012,隆基绿能,2022-05-24 00:00:00,53.47285712,51.694285693,53.815714263,51.644285693,42.991,0.00757,57350143,3063350429.0,-3.3002859346929396,53.458571406
SH.601012,隆基绿能,2022-05-25 00:00:00,51.508571407,52.087142835,52.551428549,51.194285693,43.313,0.0063,47723284,2514086153.0,0.7599624150589653,51.694285693
SH.601012,隆基绿能,2022-05-26 00:00:00,52.10142855,52.887142835,53.172857121,51.10142855,43.969,0.00812,61526950,3272632653.0,1.5358876614411578,52.087142835
SH.601012,隆基绿能,2022-05-27 00:00:00,53.537142835,52.901428549,54.587142834,52.587142835,43.981,0.00608,46039870,2500213779.0,0.027011695535477352,52.887142835
SH.601012,隆基绿能,2022-05-30 00:00:00,53.144285692,53.751428549,54.158571406,52.815714264,44.677,0.00771,58455433,3185049753.0,1.606761902871277,52.901428549
SH.601012,隆基绿能,2022-05-31 00:00:00,55.079999977,55.815714262,55.879999977,54.365714263,46.37,0.01068,80968641,4545943820.0,3.840429489456613,53.751428549
SH.601012,隆基绿能,2022-06-01 00:00:00,55.815714262,55.458571405,56.015714262,54.67285712,46.077,0.00619,46902149,2632366586.0,-0.6398607663131646,55.815714262
SH.601012,隆基绿能,2022-06-02 00:00:00,55.67285712,56.372857119,56.508571405,54.958571406,46.826,0.00697,52811540,3003191420.0,1.6485922569537594,55.458571405
SH.601012,隆基绿能,2022-06-06 00:00:00,57.15,60.05,61.73,56.43,49.688,0.0141,106850203,6382247895.0,6.522896069003116,56.372857119
SH.601012,隆基绿能,2022-06-07 00:00:00,62.13,60.06,62.99,60.03,49.696,0.01936,146726439,9075963991.0,0.01665278934222334,60.05
SH.601012,隆基绿能,2022-06-08 00:00:00,60.51,59.64,60.73,58.44,49.352,0.01286,97431852,5842896395.0,-0.699300699300702,60.06
SH.601012,隆基绿能,2022-06-09 00:00:00,59.64,60.41,61.02,59.33,49.983,0.01049,79466060,4828508525.0,1.291079812206566,59.64
SH.601012,隆基绿能,2022-06-10 00:00:00,59.43,60.49,60.92,57.41,50.049,0.01242,94122809,5680432226.0,0.132428405893073,60.41
SH.601012,隆基绿能,2022-06-13 00:00:00,59.44,60.17,60.97,59.33,49.786,0.00763,57838524,3502771215.0,-0.5290130600099194,60.49
SH.601012,隆基绿能,2022-06-14 00:00:00,59.55,58.76,59.63,57.03,48.631,0.01284,97331585,5729026686.0,-2.343360478643848,60.17
SH.601012,隆基绿能,2022-06-15 00:00:00,58.76,57.93,59.4,56.93,47.95,0.01295,98114394,5740287899.0,-1.4125255275697726,58.76
SH.601012,隆基绿能,2022-06-16 00:00:00,57.92,59.38,59.97,57.83,49.139,0.00994,75299662,4512323107.0,2.5030208872777537,57.93
SH.601012,隆基绿能,2022-06-17 00:00:00,58.71,60.28,60.53,58.44,49.877,0.0105,79561442,4821308216.0,1.515661839003029,59.38
SH.601012,隆基绿能,2022-06-20 00:00:00,60.89,60.2,61.03,59.48,49.811,0.01072,81262693,4952559763.0,-0.13271400132713718,60.28
SH.601012,隆基绿能,2022-06-21 00:00:00,60.23,60.38,62.68,59.13,49.959,0.01248,94543295,5784532703.0,0.29900332225913573,60.2
SH.601012,隆基绿能,2022-06-22 00:00:00,60.38,60.78,62.29,59.93,50.286,0.01035,78396099,4842506223.0,0.6624710168930086,60.38
SH.601012,隆基绿能,2022-06-23 00:00:00,60.98,61.23,61.57,60.01,50.655,0.00832,63082332,3877894445.0,0.7403751233958469,60.78
SH.601012,隆基绿能,2022-06-24 00:00:00,62.38,63.779999999,63.93,61.94,52.745,0.01611,122096597,7805779997.0,4.164625182100279,61.23
SH.601012,隆基绿能,2022-06-27 00:00:00,64.91,64.01,64.93,63.31,52.934,0.01138,86273276,5579044599.0,0.36061461430481934,63.779999999
SH.601012,隆基绿能,2022-06-28 00:00:00,64.07,67.029999999,67.249999999,62.93,55.409,0.01602,121405619,7984170241.0,4.718012808936091,64.01
SH.601012,隆基绿能,2022-06-29 00:00:00,66.33,63.59,67.38,63.41,52.59,0.01339,101455338,6694290261.0,-5.132030432718655,67.029999999
SH.601012,隆基绿能,2022-06-30 00:00:00,63.529999999,66.059999999,67.029999999,62.61,54.614,0.01428,108237692,7087642427.0,3.884258529643018,63.59
SH.601012,隆基绿能,2022-07-01 00:00:00,66.91,64.32,67.43,63.529999999,53.188,0.01273,96494222,6383687588.0,-2.6339691175088484,66.059999999
SH.601012,隆基绿能,2022-07-04 00:00:00,62.13,63.8,64.919999999,62.11,52.762,0.01201,90995490,5835528469.0,-0.80845771144278,64.32
SH.601012,隆基绿能,2022-07-05 00:00:00,63.93,63.58,64.419999999,62.53,52.581,0.00998,75624540,4829987096.0,-0.34482758620689474,63.8
SH.601012,隆基绿能,2022-07-06 00:00:00,63.58,62.93,64.34,62.11,52.049,0.00851,64482993,4104494368.0,-1.022334067316764,63.58
SH.601012,隆基绿能,2022-07-07 00:00:00,62.86,63.73,64.13,61.55,52.704,0.01098,83172308,5292281990.0,1.2712537740346372,62.93
SH.601012,隆基绿能,2022-07-08 00:00:00,64.55,61.61,64.82,61.51,50.967,0.01086,82311998,5200413615.0,-3.326533814530045,63.73
SH.601012,隆基绿能,2022-07-11 00:00:00,60.73,59.67,60.91,58.91,49.377,0.01111,84187362,5065270866.0,-3.1488394741113415,61.61
SH.601012,隆基绿能,2022-07-12 00:00:00,59.99,58.36,60.37,58.06,48.303,0.00934,70807836,4204998300.0,-2.1954080777610225,59.67
SH.601012,隆基绿能,2022-07-13 00:00:00,58.36,61.0,61.61,58.17,50.467,0.01233,93418626,5684181899.0,4.5236463331048675,58.36
SH.601012,隆基绿能,2022-07-14 00:00:00,61.0,61.34,62.42,60.38,50.745,0.01057,80066519,4969889431.0,0.5573770491803335,61.0
SH.601012,隆基绿能,2022-07-15 00:00:00,61.1,61.47,63.91,60.94,50.852,0.0118,89454330,5650569124.0,0.21193348549070012,61.34
SH.601012,隆基绿能,2022-07-18 00:00:00,62.12,61.53,62.31,60.23,50.901,0.00767,58142948,3594079180.0,0.09760858955588461,61.47
SH.601012,隆基绿能,2022-07-19 00:00:00,61.54,59.58,61.72,59.13,49.303,0.01017,77031934,4654383895.0,-3.169185763042423,61.53
SH.601012,隆基绿能,2022-07-20 00:00:00,60.31,59.25,60.42,58.94,49.032,0.00699,52961604,3177985545.0,-0.5538771399798562,59.58
SH.601012,隆基绿能,2022-07-21 00:00:00,59.21,58.56,59.71,58.44,48.467,0.0066,50010158,2981266274.0,-1.1645569620253127,59.25
SH.601012,隆基绿能,2022-07-22 00:00:00,59.4,59.57,60.66,58.93,49.295,0.01047,79303837,4778758043.0,1.7247267759562805,58.56
SH.601012,隆基绿能,2022-07-25 00:00:00,59.93,58.24,60.05,58.03,48.204,0.00665,50360016,2974756362.0,-2.2326674500587513,59.57
SH.601012,隆基绿能,2022-07-26 00:00:00,58.43,59.08,59.92,58.11,48.893,0.00702,53219150,3179138216.0,1.442307692307686,58.24
SH.601012,隆基绿能,2022-07-27 00:00:00,59.13,60.69,61.18,58.89,50.213,0.01063,80522567,4904723492.0,2.7251184834123214,59.08
SH.601012,隆基绿能,2022-07-28 00:00:00,60.93,60.61,62.03,59.94,50.147,0.00967,73277563,4527758669.0,-0.13181743285549233,60.69
SH.601012,隆基绿能,2022-07-29 00:00:00,60.81,60.93,62.31,60.64,50.409,0.00955,72344973,4485751569.0,0.5279656822306555,60.61
SH.601012,隆基绿能,2022-08-01 00:00:00,61.13,60.64,61.23,58.93,50.172,0.00861,65237086,3952084411.0,-0.47595601509929286,60.93
SH.601012,隆基绿能,2022-08-02 00:00:00,59.53,59.02,59.9,57.89,48.844,0.0116,87874031,5216848666.0,-2.671503957783637,60.64
SH.601012,隆基绿能,2022-08-03 00:00:00,59.02,56.29,60.03,55.63,46.606,0.01518,115070431,6661195326.0,-4.625550660792959,59.02
SH.601012,隆基绿能,2022-08-04 00:00:00,56.29,55.19,56.63,54.13,45.704,0.01444,109406674,6095707092.0,-1.954165926452303,56.29
SH.601012,隆基绿能,2022-08-05 00:00:00,55.62,56.16,56.22,54.75,46.5,0.00795,60235290,3378928661.0,1.7575647762275757,55.19
SH.601012,隆基绿能,2022-08-08 00:00:00,56.22,55.98,56.42,54.44,46.352,0.00879,66609898,3740454585.0,-0.32051282051282004,56.16
SH.601012,隆基绿能,2022-08-09 00:00:00,55.98,57.51,58.29,55.24,47.606,0.01195,90564517,5240197680.0,2.7331189710610952,55.98
SH.601012,隆基绿能,2022-08-10 00:00:00,57.51,57.17,58.23,56.83,47.327,0.00688,52105837,3015462561.0,-0.59120153016866,57.51
SH.601012,隆基绿能,2022-08-11 00:00:00,57.78,57.43,57.92,55.93,47.54,0.00811,61488470,3542737515.0,0.45478397761063144,57.17
SH.601012,隆基绿能,2022-08-12 00:00:00,57.69,58.01,58.5,57.4,48.016,0.00731,55361683,3243473875.0,1.009925126240638,57.43
SH.601012,隆基绿能,2022-08-15 00:00:00,58.43,59.49,60.31,58.02,49.229,0.00851,64450812,3873562073.0,2.5512842613342595,58.01
SH.601012,隆基绿能,2022-08-16 00:00:00,59.49,59.82,60.75,59.22,49.5,0.0088,66659274,4044248292.0,0.5547150781643945,59.49
SH.601012,隆基绿能,2022-08-17 00:00:00,59.54,60.04,60.66,59.19,49.68,0.0075,56832242,3451521773.0,0.36776997659645416,59.82
SH.601012,隆基绿能,2022-08-18 00:00:00,60.53,60.36,61.17,60.06,49.942,0.00789,59790895,3653974634.0,0.5329780146568959,60.04
SH.601012,隆基绿能,2022-08-19 00:00:00,60.31,55.55,60.31,55.35,46.0,0.02719,206066211,11805893746.0,-7.968853545394304,60.36
SH.601012,隆基绿能,2022-08-22 00:00:00,54.32,52.84,54.33,51.52,43.778,0.02848,215794850,11499256648.0,-4.878487848784867,55.55
SH.601012,隆基绿能,2022-08-23 00:00:00,52.85,53.63,54.98,52.85,44.426,0.01606,121696910,6618376678.0,1.495079485238454,52.84
SH.601012,隆基绿能,2022-08-24 00:00:00,53.62,52.11,53.62,51.81,43.18,0.01057,80135382,4252953111.0,-2.8342345702032503,53.63
SH.601012,隆基绿能,2022-08-25 00:00:00,52.64,52.28,53.13,51.43,37.885,0.0112,84850210,4488515436.0,0.3262329687200186,52.11
SH.601012,隆基绿能,2022-08-26 00:00:00,52.56,52.49,53.23,52.27,38.035,0.00881,66788575,3556473102.0,0.40168324407039185,52.28
SH.601012,隆基绿能,2022-08-29 00:00:00,51.6,52.84,53.41,51.3,38.286,0.00828,62725578,3341097965.0,0.6667936749857143,52.49
SH.601012,隆基绿能,2022-08-30 00:00:00,52.88,52.23,53.21,51.73,37.849,0.00747,56585732,2988106431.0,-1.154428463285402,52.84
SH.601012,隆基绿能,2022-08-31 00:00:00,51.88,50.63,52.5,50.26,36.702,0.01178,89249489,4602954293.0,-3.0633735401110367,52.23
SH.601012,隆基绿能,2022-09-01 00:00:00,50.73,51.08,51.6,50.65,37.025,0.00704,53374586,2763635597.0,0.8888011060635902,50.63
SH.601012,隆基绿能,2022-09-02 00:00:00,51.06,50.38,51.33,49.93,36.523,0.00663,50214700,2563631969.0,-1.3703993735317066,51.08
SH.601012,隆基绿能,2022-09-05 00:00:00,50.21,49.92,50.72,49.23,36.193,0.00762,57716395,2910545446.0,-0.913060738388251,50.38
SH.601012,隆基绿能,2022-09-06 00:00:00,50.31,52.59,52.73,49.49,38.107,0.01339,101490325,5304717802.0,5.348557692307695,49.92
SH.601012,隆基绿能,2022-09-07 00:00:00,52.43,52.89,53.71,52.14,38.322,0.00942,71398567,3842027239.0,0.570450656018249,52.59
SH.601012,隆基绿能,2022-09-08 00:00:00,52.99,52.82,53.71,52.43,38.272,0.00572,43317052,2318732972.0,-0.13235016071090996,52.89
SH.601012,隆基绿能,2022-09-09 00:00:00,53.18,52.61,53.21,51.82,38.121,0.00582,44094299,2332712620.0,-0.39757667550170556,52.82
SH.601012,隆基绿能,2022-09-13 00:00:00,53.05,52.7,53.23,51.71,38.186,0.00647,49046902,2596031517.0,0.1710701387568968,52.61
SH.601012,隆基绿能,2022-09-14 00:00:00,51.98,51.98,52.95,51.9,37.67,0.005,37889762,2001975750.0,-1.3662239089184174,52.7
SH.601012,隆基绿能,2022-09-15 00:00:00,52.13,48.09,52.45,47.93,34.881,0.0162,122774167,6114269592.0,-7.483647556752585,51.98
SH.601012,隆基绿能,2022-09-16 00:00:00,48.09,47.73,48.73,47.73,34.623,0.00782,59273257,2894756037.0,-0.7485963817841682,48.09
SH.601012,隆基绿能,2022-09-19 00:00:00,47.72,47.55,48.43,46.9,34.494,0.00794,60166434,2885633078.0,-0.37712130735386495,47.73
SH.601012,隆基绿能,2022-09-20 00:00:00,48.28,49.47,50.08,48.28,35.87,0.00858,65014355,3251547769.0,4.037854889589909,47.55
SH.601012,隆基绿能,2022-09-21 00:00:00,49.35,48.62,49.83,48.56,35.261,0.00563,42638594,2117558887.0,-1.718213058419247,49.47
SH.601012,隆基绿能,2022-09-22 00:00:00,48.13,48.61,49.2,47.38,35.254,0.00458,34740844,1704428786.0,-0.020567667626487065,48.62
SH.601012,隆基绿能,2022-09-23 00:00:00,48.23,47.97,49.21,47.71,34.795,0.00481,36464579,1780360928.0,-1.3166015223205114,48.61
SH.601012,隆基绿能,2022-09-26 00:00:00,47.48,48.23,49.22,47.33,34.982,0.00671,50841155,2489454332.0,0.5420054200541964,47.97
SH.601012,隆基绿能,2022-09-27 00:00:00,48.15,48.42,49.03,47.73,35.118,0.0054,40924903,1998378065.0,0.39394567696455496,48.23
SH.601012,隆基绿能,2022-09-28 00:00:00,48.48,47.33,49.48,47.33,34.336,0.00667,50513078,2470768789.0,-2.251135894258578,48.42
SH.601012,隆基绿能,2022-09-29 00:00:00,47.99,49.51,49.73,47.73,35.899,0.01328,100628860,4998200449.0,4.605958166068032,47.33
SH.601012,隆基绿能,2022-09-30 00:00:00,49.21,47.34,49.58,47.23,34.344,0.00901,68274527,3323563189.0,-4.382952938800232,49.51
SH.601012,隆基绿能,2022-10-10 00:00:00,47.68,45.32,47.83,45.19,32.896,0.0076,57621863,2679649512.0,-4.26700464723279,47.34
SH.601012,隆基绿能,2022-10-11 00:00:00,45.28,45.94,46.39,44.88,33.34,0.00598,45328397,2100616386.0,1.368049426301848,45.32
SH.601012,隆基绿能,2022-10-12 00:00:00,46.22,47.81,48.18,44.51,34.681,0.00986,74735217,3497421394.0,4.070526774053123,45.94
SH.601012,隆基绿能,2022-10-13 00:00:00,47.65,46.43,48.09,46.32,33.691,0.00773,58610990,2790192907.0,-2.8864254340096265,47.81
SH.601012,隆基绿能,2022-10-14 00:00:00,48.2,50.65,51.13,47.45,36.716,0.01992,150922310,7588160635.0,9.088951109196637,46.43
SH.601012,隆基绿能,2022-10-17 00:00:00,49.93,49.88,50.18,48.54,36.164,0.01138,86232930,4313162734.0,-1.5202369200394787,50.65
SH.601012,隆基绿能,2022-10-18 00:00:00,49.93,49.48,50.71,49.13,35.878,0.00845,64050013,3224643601.0,-0.8019246190858174,49.88
SH.601012,隆基绿能,2022-10-19 00:00:00,49.03,48.56,49.69,48.31,35.218,0.0067,50767561,2508901791.0,-1.8593371059013635,49.48
SH.601012,隆基绿能,2022-10-20 00:00:00,47.73,46.61,47.87,46.28,33.82,0.00962,72871600,3454094001.0,-4.015650741350911,48.56
SH.601012,隆基绿能,2022-10-21 00:00:00,46.38,46.93,47.13,45.7,34.05,0.00829,62850470,2957506854.0,0.6865479510834591,46.61
SH.601012,隆基绿能,2022-10-24 00:00:00,46.42,45.31,47.04,44.61,32.888,0.01024,77594691,3590767689.0,-3.4519497123375187,46.93
SH.601012,隆基绿能,2022-10-25 00:00:00,45.53,48.13,48.53,45.52,34.91,0.01521,115276948,5528064606.0,6.223791657470757,45.31
SH.601012,隆基绿能,2022-10-26 00:00:00,48.33,49.36,49.73,47.72,35.792,0.01076,81521460,4040059324.0,2.5555786411801305,48.13
SH.601012,隆基绿能,2022-10-27 00:00:00,50.42,49.78,51.61,49.78,36.093,0.01191,90262457,4625099787.0,0.8508914100486258,49.36
SH.601012,隆基绿能,2022-10-28 00:00:00,49.68,48.68,50.3,48.33,35.304,0.00763,57829728,2876476339.0,-2.209722780233028,49.78
SH.601012,隆基绿能,2022-10-31 00:00:00,48.43,47.41,48.98,47.05,29.096,0.0085,64390895,3121113105.0,-2.608874281018905,48.68
SH.601012,隆基绿能,2022-11-01 00:00:00,47.94,50.48,50.53,47.91,30.958,0.01272,96391307,4836044679.0,6.475427125079099,47.41
SH.601012,隆基绿能,2022-11-02 00:00:00,49.92,50.99,51.79,49.68,31.267,0.01108,83932964,4319704412.0,1.0103011093502479,50.48
SH.601012,隆基绿能,2022-11-03 00:00:00,51.23,49.55,52.79,49.34,30.394,0.01471,111493020,5718115317.0,-2.8240831535595308,50.99
SH.601012,隆基绿能,2022-11-04 00:00:00,49.85,51.83,52.06,49.47,31.776,0.01362,103229337,5355406928.0,4.6014127144298715,49.55
SH.601012,隆基绿能,2022-11-07 00:00:00,51.41,51.54,51.93,50.88,31.6,0.00932,70637200,3675547850.0,-0.559521512637467,51.83
SH.601012,隆基绿能,2022-11-08 00:00:00,51.54,50.75,51.66,50.32,31.121,0.00645,48857938,2506862868.0,-1.5327900659681786,51.54
SH.601012,隆基绿能,2022-11-09 00:00:00,50.76,49.39,50.76,49.03,30.297,0.00806,61063667,3059615401.0,-2.6798029556650236,50.75
SH.601012,隆基绿能,2022-11-10 00:00:00,48.44,47.79,48.74,47.45,29.326,0.01003,76025138,3686003571.0,-3.239522170479857,49.39
SH.601012,隆基绿能,2022-11-11 00:00:00,49.61,47.77,49.8,47.23,29.314,0.01581,119830448,5836039549.0,-0.04184975936387533,47.79
SH.601012,隆基绿能,2022-11-14 00:00:00,47.77,46.78,48.01,46.43,28.714,0.01231,93259158,4435893602.0,-2.072430395645807,47.77
SH.601012,隆基绿能,2022-11-15 00:00:00,46.86,47.4,47.68,46.59,29.09,0.0139,105363039,5026287057.0,1.3253527148353943,46.78
SH.601012,隆基绿能,2022-11-16 00:00:00,47.28,46.08,47.28,45.93,28.289,0.0144,109158342,5132416171.0,-2.784810126582279,47.4
SH.601012,隆基绿能,2022-11-17 00:00:00,46.09,45.9,46.15,45.15,28.18,0.01097,83164309,3828332588.0,-0.3906249999999994,46.08
SH.601012,隆基绿能,2022-11-18 00:00:00,46.33,46.43,47.33,45.55,28.502,0.01207,91501342,4330786523.0,1.1546840958605689,45.9
SH.601012,隆基绿能,2022-11-21 00:00:00,47.01,47.18,47.37,46.43,28.956,0.00948,71873987,3419607830.0,1.6153349127719148,46.43
SH.601012,隆基绿能,2022-11-22 00:00:00,47.18,45.99,47.18,45.83,28.235,0.00934,70747270,3313857129.0,-2.522255192878333,47.18
SH.601012,隆基绿能,2022-11-23 00:00:00,45.82,47.02,47.23,45.47,28.859,0.01113,84360067,3980504855.0,2.239617308110461,45.99
SH.601012,隆基绿能,2022-11-24 00:00:00,47.23,46.58,47.23,46.53,28.593,0.00617,46779147,2215107178.0,-0.9357720119098358,47.02
SH.601012,隆基绿能,2022-11-25 00:00:00,46.43,45.16,46.43,45.09,27.731,0.00993,75284957,3456733207.0,-3.048518677544014,46.58
SH.601012,隆基绿能,2022-11-28 00:00:00,43.73,44.02,44.4,43.46,27.04,0.00896,67861683,3016934257.0,-2.52435783879538,45.16
SH.601012,隆基绿能,2022-11-29 00:00:00,44.02,44.39,44.88,43.8,27.265,0.00855,64797544,2910527222.0,0.8405270331667365,44.02
SH.601012,隆基绿能,2022-11-30 00:00:00,44.39,45.21,45.21,44.11,27.762,0.00879,66644591,3025002653.0,1.8472628970488854,44.39
SH.601012,隆基绿能,2022-12-01 00:00:00,45.94,46.44,46.93,45.94,28.508,0.01274,96543787,4543057814.0,2.7206370272063634,45.21
SH.601012,隆基绿能,2022-12-02 00:00:00,46.33,47.41,47.83,46.12,29.096,0.01315,99617346,4774896836.0,2.088716623600342,46.44
SH.601012,隆基绿能,2022-12-05 00:00:00,47.33,45.79,47.36,45.43,28.114,0.01641,124350952,5786696452.0,-3.41700063277789,47.41
SH.601012,隆基绿能,2022-12-06 00:00:00,45.43,45.29,45.98,44.92,27.81,0.01121,84968007,3897823765.0,-1.0919414719371043,45.79
SH.601012,隆基绿能,2022-12-07 00:00:00,44.95,45.36,45.87,44.71,27.853,0.00776,58811468,2710572713.0,0.15455950540958333,45.29
SH.601012,隆基绿能,2022-12-08 00:00:00,45.41,45.93,46.6,45.31,28.198,0.0091,68925431,3214286025.0,1.2566137566137572,45.36
SH.601012,隆基绿能,2022-12-09 00:00:00,45.65,45.73,46.08,45.44,28.077,0.00931,70575911,3260858385.0,-0.43544524276072905,45.93
SH.601012,隆基绿能,2022-12-12 00:00:00,45.43,44.92,45.61,44.79,27.586,0.00669,50667057,2312372333.0,-1.7712661272687409,45.73
SH.601012,隆基绿能,2022-12-13 00:00:00,44.83,44.33,45.15,44.23,27.228,0.00726,55034318,2480051237.0,-1.3134461264470245,44.92
SH.601012,隆基绿能,2022-12-14 00:00:00,44.21,44.06,44.71,43.68,27.064,0.00778,58962618,2628313251.0,-0.609068351003826,44.33
SH.601012,隆基绿能,2022-12-15 00:00:00,43.83,44.61,44.62,43.73,27.398,0.00671,50811241,2275752113.0,1.2482977757603204,44.06
SH.601012,隆基绿能,2022-12-16 00:00:00,44.43,44.06,44.49,43.73,27.064,0.0064,48531124,2162305373.0,-1.2329074198610113,44.61
SH.601012,隆基绿能,2022-12-19 00:00:00,43.93,44.03,44.7,43.79,27.046,0.006,45499456,2038604701.0,-0.0680889695869295,44.06
SH.601012,隆基绿能,2022-12-20 00:00:00,43.98,44.23,44.31,43.47,27.167,0.00676,51226348,2276086652.0,0.45423574835338576,44.03
SH.601012,隆基绿能,2022-12-21 00:00:00,44.03,43.04,44.12,42.98,26.446,0.0068,51499534,2266710525.0,-2.690481573592579,44.23
SH.601012,隆基绿能,2022-12-22 00:00:00,42.98,40.29,43.03,39.91,24.778,0.01958,148383137,6146677326.0,-6.389405204460967,43.04
SH.601012,隆基绿能,2022-12-23 00:00:00,39.63,39.97,40.52,39.31,24.584,0.00932,70631987,2845628393.0,-0.7942417473318449,40.29
SH.601012,隆基绿能,2022-12-26 00:00:00,39.64,41.43,41.66,38.93,25.469,0.01111,84183458,3480750587.0,3.652739554666002,39.97
SH.601012,隆基绿能,2022-12-27 00:00:00,41.43,41.82,42.18,41.2,25.706,0.00829,62786689,2656951174.0,0.9413468501086183,41.43
SH.601012,隆基绿能,2022-12-28 00:00:00,41.46,42.23,42.53,41.14,25.955,0.00901,68258322,2904246278.0,0.980392156862737,41.82
SH.601012,隆基绿能,2022-12-29 00:00:00,42.03,42.05,42.81,41.84,25.845,0.00548,41541943,1778084670.0,-0.426237272081458,42.23
SH.601012,隆基绿能,2022-12-30 00:00:00,42.28,41.69,42.72,41.48,25.627,0.00704,53364259,2269837811.0,-0.8561236623067764,42.05
SH.601012,隆基绿能,2023-01-03 00:00:00,41.49,41.46,41.81,40.38,25.488,0.0097,73504032,3067024452.0,-0.5516910530103067,41.69
SH.601012,隆基绿能,2023-01-04 00:00:00,41.55,40.08,41.62,39.86,24.651,0.01215,92043169,3770403422.0,-3.328509406657025,41.46
SH.601012,隆基绿能,2023-01-05 00:00:00,40.31,40.5,41.08,40.04,24.906,0.01166,88368211,3629623858.0,1.0479041916167708,40.08
SH.601012,隆基绿能,2023-01-06 00:00:00,40.58,42.1,43.01,40.58,25.876,0.02094,158692569,6808257111.0,3.9506172839506206,40.5
SH.601012,隆基绿能,2023-01-09 00:00:00,42.33,41.7,42.51,41.54,25.633,0.01042,78935081,3356704065.0,-0.9501187648456023,42.1
SH.601012,隆基绿能,2023-01-10 00:00:00,42.31,42.0,42.83,41.69,25.815,0.01266,95953738,4105434896.0,0.7194244604316478,41.7
SH.601012,隆基绿能,2023-01-11 00:00:00,42.39,41.83,42.59,41.73,25.712,0.01009,76434176,3264290150.0,-0.4047619047619088,42.0
SH.601012,隆基绿能,2023-01-12 00:00:00,42.02,42.82,43.36,41.91,26.312,0.01595,120881361,5251753058.0,2.36672244800383,41.83
SH.601012,隆基绿能,2023-01-13 00:00:00,43.68,42.83,43.73,42.24,26.318,0.01129,85540860,3710122294.0,0.023353573096679146,42.82
SH.601012,隆基绿能,2023-01-16 00:00:00,42.83,43.43,43.88,42.29,26.682,0.0127,96258196,4221534374.0,1.4008872285781027,42.83
SH.601012,隆基绿能,2023-01-17 00:00:00,43.53,43.71,43.98,43.13,26.852,0.00872,66065670,2917159096.0,0.6447156343541357,43.43
SH.601012,隆基绿能,2023-01-18 00:00:00,44.13,44.16,44.93,43.66,27.125,0.0113,85596377,3840111057.0,1.0295126973232573,43.71
SH.601012,隆基绿能,2023-01-19 00:00:00,43.74,44.16,44.42,43.65,27.125,0.00821,62234261,2778735209.0,0.0,44.16
SH.601012,隆基绿能,2023-01-20 00:00:00,44.58,46.58,46.58,44.56,28.593,0.01917,145232876,6748289962.0,5.48007246376812,44.16
SH.601012,隆基绿能,2023-01-30 00:00:00,47.78,47.43,47.99,46.93,29.108,0.01879,142424836,6859257403.0,1.824817518248178,46.58
SH.601012,隆基绿能,2023-01-31 00:00:00,47.53,47.58,48.25,47.41,29.199,0.0122,92416260,4465740315.0,0.31625553447185023,47.43
SH.601012,隆基绿能,2023-02-01 00:00:00,47.91,48.12,48.21,47.26,29.526,0.01149,87038364,4203974416.0,1.1349306431273627,47.58
SH.601012,隆基绿能,2023-02-02 00:00:00,48.13,48.08,48.91,47.75,29.502,0.01128,85505962,4180582235.0,-0.08312551953449532,48.12
SH.601012,隆基绿能,2023-02-03 00:00:00,47.8,46.44,47.8,45.63,28.508,0.01481,112250452,5278838432.0,-3.410981697171382,48.08
SH.601012,隆基绿能,2023-02-06 00:00:00,46.01,45.83,46.28,45.23,28.138,0.00864,65482739,3022893579.0,-1.313522825150731,46.44
SH.601012,隆基绿能,2023-02-07 00:00:00,46.15,45.47,46.22,45.24,27.919,0.00684,51815895,2392084765.0,-0.7855116735762588,45.83
SH.601012,隆基绿能,2023-02-08 00:00:00,45.49,45.31,45.87,45.24,27.822,0.00525,39754530,1829622546.0,-0.35188036067736217,45.47
SH.601012,隆基绿能,2023-02-09 00:00:00,44.83,45.67,45.76,44.73,28.041,0.00745,56488286,2597848804.0,0.7945265945707337,45.31
SH.601012,隆基绿能,2023-02-10 00:00:00,45.67,44.81,45.67,44.58,27.519,0.00775,58748278,2673747825.0,-1.8830742281585273,45.67
SH.601012,隆基绿能,2023-02-13 00:00:00,44.83,45.05,45.23,44.53,27.665,0.00629,47668945,2170518460.0,0.5355947333184442,44.81
SH.601012,隆基绿能,2023-02-14 00:00:00,45.23,44.87,45.28,44.35,27.556,0.00763,57853949,2615525826.0,-0.39955604883462764,45.05
SH.601012,隆基绿能,2023-02-15 00:00:00,45.05,44.67,45.73,44.51,27.434,0.00747,56625095,2581315291.0,-0.4457321149988762,44.87
SH.601012,隆基绿能,2023-02-16 00:00:00,44.53,43.87,45.03,43.58,26.949,0.00909,68909770,3099747920.0,-1.7909111260353798,44.67
SH.601012,隆基绿能,2023-02-17 00:00:00,43.73,42.8,44.11,42.74,26.3,0.00942,71372588,3127003785.0,-2.4390243902439033,43.87
SH.601012,隆基绿能,2023-02-20 00:00:00,42.81,43.55,43.72,42.33,26.755,0.00877,66480707,2893884679.0,1.752336448598131,42.8
SH.601012,隆基绿能,2023-02-21 00:00:00,43.63,44.62,44.99,43.43,27.404,0.00968,73357681,3288794928.0,2.4569460390355924,43.55
SH.601012,隆基绿能,2023-02-22 00:00:00,44.31,43.8,44.7,43.73,26.907,0.00678,51384686,2294479330.0,-1.8377409233527573,44.62
SH.601012,隆基绿能,2023-02-23 00:00:00,44.05,45.22,45.53,43.99,27.751,0.01363,103269122,4707853471.0,3.2420091324200957,43.8
SH.601012,隆基绿能,2023-02-24 00:00:00,45.28,44.14,45.28,44.06,27.096,0.00828,62764591,2824730568.0,-2.388323750552849,45.22
SH.601012,隆基绿能,2023-02-27 00:00:00,43.73,43.63,44.53,43.43,26.787,0.00608,46065886,2047017354.0,-1.155414589941092,44.14
SH.601012,隆基绿能,2023-02-28 00:00:00,43.65,43.67,43.98,42.97,26.812,0.00641,48597658,2137203053.0,0.09168003667201272,43.63
SH.601012,隆基绿能,2023-03-01 00:00:00,43.67,43.57,43.87,43.31,26.751,0.00636,48180419,2126098694.0,-0.228990153423406,43.67
SH.601012,隆基绿能,2023-03-02 00:00:00,43.74,42.83,43.87,42.79,26.303,0.00732,55478604,2426053947.0,-1.6984163415193987,43.57
SH.601012,隆基绿能,2023-03-03 00:00:00,42.84,42.79,43.26,42.69,26.278,0.00486,36838492,1600723964.0,-0.09339248190520463,42.83
SH.601012,隆基绿能,2023-03-06 00:00:00,42.95,44.45,44.77,42.53,27.284,0.01434,108645926,4823252432.0,3.879411077354531,42.79
SH.601012,隆基绿能,2023-03-07 00:00:00,44.33,43.87,44.71,43.66,26.933,0.00843,63859730,2848335436.0,-1.3048368953880884,44.45
SH.601012,隆基绿能,2023-03-08 00:00:00,43.68,43.29,44.56,42.96,26.581,0.00766,58059610,2562340116.0,-1.3220879872350089,43.87
SH.601012,隆基绿能,2023-03-09 00:00:00,43.42,42.45,43.53,42.43,26.072,0.00729,55241472,2389827792.0,-1.940401940401932,43.29
SH.601012,隆基绿能,2023-03-10 00:00:00,41.71,41.55,41.98,41.38,25.527,0.0076,57616674,2430854168.0,-2.120141342756197,42.45
SH.601012,隆基绿能,2023-03-13 00:00:00,41.35,41.42,42.21,41.14,25.448,0.00724,54839711,2311789028.0,-0.31287605294824417,41.55
SH.601012,隆基绿能,2023-03-14 00:00:00,41.65,41.31,41.68,40.31,25.381,0.0096,72782609,3023175646.0,-0.2655721873491053,41.42
SH.601012,隆基绿能,2023-03-15 00:00:00,41.66,41.67,42.78,41.39,25.6,0.00774,58653805,2492932721.0,0.8714596949891052,41.31
SH.601012,隆基绿能,2023-03-16 00:00:00,41.23,39.43,41.38,39.3,24.242,0.01514,114734454,4655310119.0,-5.375569954403652,41.67
SH.601012,隆基绿能,2023-03-17 00:00:00,39.87,38.76,40.11,38.61,23.836,0.01259,95380266,3792663098.0,-1.6992137966015768,39.43
SH.601012,隆基绿能,2023-03-20 00:00:00,38.51,38.64,39.16,37.83,23.763,0.01062,80514820,3148980826.0,-0.30959752321980766,38.76
SH.601012,隆基绿能,2023-03-21 00:00:00,38.47,38.88,38.93,38.05,23.909,0.00943,71459004,2788823424.0,0.6211180124223654,38.64
SH.601012,隆基绿能,2023-03-22 00:00:00,39.23,38.81,39.4,38.48,23.866,0.00938,71049725,2805450003.0,-0.1800411522633752,38.88
SH.601012,隆基绿能,2023-03-23 00:00:00,38.44,38.94,38.95,38.44,23.945,0.00554,41981681,1649362093.0,0.33496521515072264,38.81
SH.601012,隆基绿能,2023-03-24 00:00:00,39.02,39.48,39.72,38.64,24.272,0.00926,70157845,2801708515.0,1.386748844375961,38.94
SH.601012,隆基绿能,2023-03-27 00:00:00,39.63,39.72,40.13,39.17,24.418,0.00866,65618957,2639927513.0,0.6079027355623151,39.48
SH.601012,隆基绿能,2023-03-28 00:00:00,40.02,39.28,40.02,39.28,24.151,0.00563,42659242,1707068071.0,-1.1077542799597124,39.72
SH.601012,隆基绿能,2023-03-29 00:00:00,39.54,39.46,40.17,39.36,24.26,0.00608,46043444,1851672596.0,0.45824847250509093,39.28
SH.601012,隆基绿能,2023-03-30 00:00:00,39.44,39.94,40.01,39.13,24.551,0.00921,69791210,2813220439.0,1.2164216928535148,39.46
SH.601012,隆基绿能,2023-03-31 00:00:00,39.98,39.84,40.4,39.78,24.49,0.00738,55930641,2270277549.0,-0.2503755633450033,39.94
SH.601012,隆基绿能,2023-04-03 00:00:00,40.18,40.06,40.55,39.55,24.624,0.00818,61996398,2518115664.0,0.5522088353413626,39.84
SH.601012,隆基绿能,2023-04-04 00:00:00,40.12,39.62,40.12,39.18,24.357,0.00883,66944340,2678956498.0,-1.0983524712930726,40.06
SH.601012,隆基绿能,2023-04-06 00:00:00,39.43,39.72,39.9,39.31,24.418,0.00584,44238690,1774400429.0,0.2523977788995493,39.62
SH.601012,隆基绿能,2023-04-07 00:00:00,39.71,39.9,40.41,39.51,24.527,0.00622,47116142,1912241528.0,0.45317220543806574,39.72
SH.601012,隆基绿能,2023-04-10 00:00:00,40.15,40.66,40.69,39.91,24.987,0.00839,63590494,2604302777.0,1.9047619047618998,39.9
SH.601012,隆基绿能,2023-04-11 00:00:00,40.92,39.89,40.93,39.81,24.521,0.01017,77047463,3134487790.0,-1.8937530742744617,40.66
SH.601012,隆基绿能,2023-04-12 00:00:00,39.83,39.04,39.83,38.93,24.006,0.00928,70316676,2794776310.0,-2.13085986462773,39.89
SH.601012,隆基绿能,2023-04-13 00:00:00,39.14,38.81,39.52,38.71,23.866,0.00664,50323092,1993140281.0,-0.5891393442622871,39.04
SH.601012,隆基绿能,2023-04-14 00:00:00,38.55,38.69,39.23,37.95,23.793,0.0087,65955544,2587382887.0,-0.3091986601391511,38.81
SH.601012,隆基绿能,2023-04-17 00:00:00,38.61,39.05,39.18,38.45,24.012,0.00708,53645967,2118102885.0,0.930472990436804,38.69
SH.601012,隆基绿能,2023-04-18 00:00:00,39.3,39.44,39.78,39.12,24.248,0.00835,63250295,2532040966.0,0.9987195902688876,39.05
SH.601012,隆基绿能,2023-04-19 00:00:00,39.5,38.36,39.56,38.3,23.593,0.01118,84715089,3316621785.0,-2.738336713995939,39.44
SH.601012,隆基绿能,2023-04-20 00:00:00,38.23,37.04,38.28,36.73,22.793,0.01586,120177554,4547548371.0,-3.441084462982274,38.36
SH.601012,隆基绿能,2023-04-21 00:00:00,36.99,36.87,37.74,36.48,22.69,0.01239,93891753,3534855794.0,-0.4589632829373696,37.04
SH.601012,隆基绿能,2023-04-24 00:00:00,36.7,35.66,36.73,35.43,21.957,0.01182,89548737,3258702229.0,-3.2818009221589395,36.87
SH.601012,隆基绿能,2023-04-25 00:00:00,35.57,34.44,35.92,34.3,21.218,0.01271,96318169,3400448225.0,-3.421200224340996,35.66
SH.601012,隆基绿能,2023-04-26 00:00:00,34.41,35.69,36.68,34.13,21.975,0.01546,117170889,4241878374.0,3.629500580720093,34.44
SH.601012,隆基绿能,2023-04-27 00:00:00,35.71,35.4,35.82,34.63,21.8,0.01045,79208402,2825318697.0,-0.8125525357242902,35.69
SH.601012,隆基绿能,2023-04-28 00:00:00,34.93,34.3,35.16,33.88,16.748,0.01987,150595943,5256435706.0,-3.1073446327683656,35.4
SH.601012,隆基绿能,2023-05-04 00:00:00,34.02,33.52,34.47,33.46,16.373,0.0137,103790546,3566181762.0,-2.2740524781340934,34.3
SH.601012,隆基绿能,2023-05-05 00:00:00,33.33,32.589999999,33.33,32.299999999,15.926,0.0164,124302529,4134979218.0,-2.774463010143208,33.52
SH.601012,隆基绿能,2023-05-08 00:00:00,32.65,32.96,33.229999999,32.33,16.104,0.01088,82477157,2752822163.0,1.1353175851836583,32.589999999
SH.601012,隆基绿能,2023-05-09 00:00:00,33.13,32.46,33.17,32.409999999,15.864,0.0098,74279450,2467768797.0,-1.516990291262136,32.96
SH.601012,隆基绿能,2023-05-10 00:00:00,32.33,32.839999999,33.01,32.15,16.047,0.00998,75643640,2511216032.0,1.17067159272951,32.46
SH.601012,隆基绿能,2023-05-11 00:00:00,33.07,33.18,33.619999999,32.63,16.21,0.01092,82717289,2794777595.0,1.0353227801776892,32.839999999
SH.601012,隆基绿能,2023-05-12 00:00:00,33.13,32.229999999,33.28,32.18,15.754,0.0105,79579043,2632738662.0,-2.8631705877034337,33.18
SH.601012,隆基绿能,2023-05-15 00:00:00,32.229999999,33.26,33.26,32.229999999,16.248,0.01215,92095666,3088262127.0,3.195780332087979,32.229999999
SH.601012,隆基绿能,2023-05-16 00:00:00,33.28,33.07,33.63,32.909999999,16.157,0.0091,68947721,2329331018.0,-0.5712567648827352,33.26
SH.601012,隆基绿能,2023-05-17 00:00:00,33.439999999,33.08,33.78,32.88,16.162,0.00851,64493086,2177000579.0,0.030238887208944694,33.07
SH.601012,隆基绿能,2023-05-18 00:00:00,32.96,32.51,33.04,32.33,15.888,0.00852,64558693,2139815414.0,-1.7230955259975824,33.08
SH.601012,隆基绿能,2023-05-19 00:00:00,32.42,32.39,32.43,32.049999999,15.83,0.00797,60420935,1982730804.0,-0.36911719470931237,32.51
SH.601012,隆基绿能,2023-05-22 00:00:00,32.25,32.78,32.979999999,32.18,16.018,0.00879,66584525,2210809614.0,1.2040753318925612,32.39
SH.601012,隆基绿能,2023-05-23 00:00:00,32.63,32.33,33.119999999,32.29,15.802,0.00806,61042761,2024011562.0,-1.372788285539972,32.78
SH.601012,隆基绿能,2023-05-24 00:00:00,32.2,32.54,33.17,31.88,15.902,0.01522,115322445,3820680994.0,0.6495515001546578,32.33
SH.601012,隆基绿能,2023-05-25 00:00:00,32.14,31.869999999,32.57,31.58,15.581,0.0184,139412088,4544351658.0,-2.0590043054701854,32.54
SH.601012,隆基绿能,2023-05-26 00:00:00,31.56,30.92,31.56,30.31,15.124,0.01892,143373275,4489110018.0,-2.98085973966052,31.869999999
SH.601012,隆基绿能,2023-05-29 00:00:00,31.17,29.68,31.17,29.45,14.529,0.02079,157555675,4791851635.0,-4.010349288486423,30.92
SH.601012,隆基绿能,2023-05-30 00:00:00,29.43,28.93,29.68,28.44,14.169,0.02185,165612489,4881820766.0,-2.526954177897574,29.68
SH.601012,隆基绿能,2023-05-31 00:00:00,28.83,28.25,29.0,28.21,13.842,0.01509,114333417,3313375499.0,-2.350501209816798,28.93
SH.601012,隆基绿能,2023-06-01 00:00:00,28.25,28.06,28.51,28.03,13.751,0.01252,94846019,2733247894.0,-0.6725663716814205,28.25
SH.601012,隆基绿能,2023-06-02 00:00:00,28.23,28.67,28.87,27.98,14.044,0.0142,107596279,3136148389.0,2.1739130434782714,28.06
SH.601012,隆基绿能,2023-06-05 00:00:00,28.63,27.84,28.74,27.77,13.645,0.01426,108063213,3095760290.0,-2.8950122078828104,28.67
SH.601012,隆基绿能,2023-06-06 00:00:00,27.82,27.09,27.82,27.07,13.285,0.01507,114212162,3185390666.0,-2.6939655172413794,27.84
SH.601012,隆基绿能,2023-06-07 00:00:00,27.49,26.93,27.71,26.71,13.208,0.01237,93772434,2591066173.0,-0.5906238464378004,27.09
SH.601012,隆基绿能,2023-06-08 00:00:00,26.93,26.77,27.27,26.75,13.131,0.01217,92243880,2541337212.0,-0.5941329372447091,26.93
SH.601012,隆基绿能,2023-06-09 00:00:00,26.73,27.03,27.2,26.44,13.256,0.01532,116106907,3196323205.0,0.9712364587224563,26.77
SH.601012,隆基绿能,2023-06-12 00:00:00,26.97,27.25,27.51,26.61,13.362,0.0132,100009802,2771123739.0,0.8139104698483125,27.03
SH.601012,隆基绿能,2023-06-13 00:00:00,27.13,27.18,27.39,26.91,13.328,0.00992,75198693,2080492205.0,-0.25688073394495514,27.25
SH.601012,隆基绿能,2023-06-14 00:00:00,27.19,26.75,27.31,26.75,13.121,0.01246,94396045,2600302020.0,-1.58204562178072,27.18
SH.601012,隆基绿能,2023-06-15 00:00:00,26.75,28.61,28.7,26.66,14.015,0.0355,269027727,7642940566.0,6.95327102803738,26.75
SH.601012,隆基绿能,2023-06-16 00:00:00,28.67,29.06,29.18,28.43,14.231,0.02789,211363122,6219801113.0,1.5728766165676311,28.61
SH.601012,隆基绿能,2023-06-19 00:00:00,29.16,28.81,29.16,28.38,13.919,0.01582,119855768,3462429940.0,-0.8602890571231934,29.06
SH.601012,隆基绿能,2023-06-20 00:00:00,28.64,28.56,28.98,28.39,13.799,0.01161,87968553,2533980105.0,-0.8677542519958349,28.81
SH.601012,隆基绿能,2023-06-21 00:00:00,28.48,27.82,28.89,27.8,13.443,0.01522,115369186,3281017932.0,-2.591036414565821,28.56
SH.601012,隆基绿能,2023-06-26 00:00:00,27.52,27.84,28.38,27.19,13.453,0.01406,106561009,2969480797.0,0.07189072609633204,27.82
SH.601012,隆基绿能,2023-06-27 00:00:00,27.88,28.01,28.58,27.48,13.535,0.01321,100090104,2823086142.0,0.6106321839080521,27.84
SH.601012,隆基绿能,2023-06-28 00:00:00,27.96,29.15,29.25,27.74,14.082,0.02872,217675194,6310237819.0,4.069975008925373,28.01
SH.601012,隆基绿能,2023-06-29 00:00:00,29.18,28.68,29.71,28.65,13.856,0.02208,167319578,4897457037.0,-1.6123499142367028,29.15
SH.601012,隆基绿能,2023-06-30 00:00:00,28.6,28.5,29.01,28.26,13.77,0.01842,139580113,4017050293.0,-0.6276150627615054,28.68
SH.601012,隆基绿能,2023-07-03 00:00:00,28.5,28.71,29.13,28.4,13.871,0.01518,115034620,3329319984.0,0.736842105263161,28.5
SH.601012,隆基绿能,2023-07-04 00:00:00,28.72,28.65,28.88,28.43,13.842,0.01145,86753623,2497224482.0,-0.2089864158829755,28.71
SH.601012,隆基绿能,2023-07-05 00:00:00,28.65,27.98,28.65,27.93,13.52,0.01281,97080942,2753408960.0,-2.338568935427568,28.65
SH.601012,隆基绿能,2023-07-06 00:00:00,27.85,27.72,28.01,27.53,13.395,0.00903,68420511,1910525414.0,-0.9292351679771321,27.98
SH.601012,隆基绿能,2023-07-07 00:00:00,27.58,27.19,27.66,27.15,13.141,0.01002,75908787,2087565631.0,-1.9119769119769032,27.72
SH.601012,隆基绿能,2023-07-10 00:00:00,27.41,29.52,29.57,27.33,14.26,0.03797,287700164,8392411402.0,8.569326958440596,27.19
SH.601012,隆基绿能,2023-07-11 00:00:00,29.48,29.07,29.48,28.72,14.044,0.01744,132139951,3853372340.0,-1.5243902439024366,29.52
SH.601012,隆基绿能,2023-07-12 00:00:00,29.06,30.38,30.81,28.54,14.673,0.03758,284773478,8599331681.0,4.506363949088403,29.07
SH.601012,隆基绿能,2023-07-13 00:00:00,30.41,30.5,31.14,30.23,14.731,0.02471,187284715,5750139118.0,0.394996708360767,30.38
SH.601012,隆基绿能,2023-07-14 00:00:00,30.31,29.87,30.68,29.82,14.428,0.01964,148801028,4501547319.0,-2.0655737704918,30.5
SH.601012,隆基绿能,2023-07-17 00:00:00,29.59,29.62,30.02,29.39,14.308,0.01082,82001642,2442225177.0,-0.8369601606963508,29.87
SH.601012,隆基绿能,2023-07-18 00:00:00,29.83,29.33,29.91,29.09,14.169,0.01164,88232170,2600239433.0,-0.9790681971640874,29.62
SH.601012,隆基绿能,2023-07-19 00:00:00,29.33,29.07,29.35,28.89,14.044,0.00852,64572233,1886337313.0,-0.8864643709512378,29.33
SH.601012,隆基绿能,2023-07-20 00:00:00,29.18,29.39,30.1,28.92,14.197,0.02018,152913618,4533131818.0,1.1007911936704518,29.07
SH.601012,隆基绿能,2023-07-21 00:00:00,29.13,28.52,29.28,28.43,13.78,0.01873,141951442,4108657000.0,-2.9601905410003435,29.39
SH.601012,隆基绿能,2023-07-24 00:00:00,28.3,28.17,28.62,28.02,13.611,0.00855,64768818,1841754220.0,-1.2272089761570752,28.52
SH.601012,隆基绿能,2023-07-25 00:00:00,28.61,29.05,29.3,28.48,14.034,0.01665,126207317,3680517625.0,3.1238906638267623,28.17
SH.601012,隆基绿能,2023-07-26 00:00:00,28.96,29.12,29.5,28.82,14.068,0.01328,100655387,2952125389.0,0.24096385542168772,29.05
SH.601012,隆基绿能,2023-07-27 00:00:00,29.01,28.48,29.21,28.4,13.76,0.01474,111683288,3232654920.0,-2.1978021978021998,29.12
SH.601012,隆基绿能,2023-07-28 00:00:00,28.34,29.33,29.48,28.15,14.169,0.01815,137567129,4011861437.0,2.9845505617977452,28.48
SH.601012,隆基绿能,2023-07-31 00:00:00,29.63,29.68,30.32,29.53,14.337,0.01883,142726346,4284580271.0,1.1933174224343726,29.33
SH.601012,隆基绿能,2023-08-01 00:00:00,29.68,29.13,29.87,28.96,14.073,0.01558,118055701,3477943851.0,-1.8530997304582235,29.68
SH.601012,隆基绿能,2023-08-02 00:00:00,29.14,28.92,29.3,28.83,13.972,0.00966,73225752,2134347186.0,-0.7209062821833069,29.13
SH.601012,隆基绿能,2023-08-03 00:00:00,29.71,30.68,30.71,29.62,14.817,0.03886,294502147,8985302113.0,6.08575380359612,28.92
SH.601012,隆基绿能,2023-08-04 00:00:00,31.0,30.59,31.03,30.29,14.774,0.0248,187951466,5793661287.0,-0.29335071707953014,30.68
SH.601012,隆基绿能,2023-08-07 00:00:00,30.6,30.34,30.71,30.13,14.654,0.01249,94648310,2879540930.0,-0.8172605426610003,30.59
SH.601012,隆基绿能,2023-08-08 00:00:00,30.64,30.06,30.73,29.71,14.519,0.01518,115000012,3475408734.0,-0.9228740936058046,30.34
SH.601012,隆基绿能,2023-08-09 00:00:00,29.85,29.94,30.24,29.82,14.462,0.01106,83830392,2528543708.0,-0.3992015968063787,30.06
SH.601012,隆基绿能,2023-08-10 00:00:00,29.85,30.04,30.31,29.85,14.51,0.01077,81608964,2467101833.0,0.3340013360053369,29.94
SH.601012,隆基绿能,2023-08-11 00:00:00,29.98,29.25,29.98,29.23,14.13,0.01337,101319980,3011237243.0,-2.6298268974700374,30.04
SH.601012,隆基绿能,2023-08-14 00:00:00,28.85,29.14,29.15,28.6,14.077,0.01157,87698275,2548216659.0,-0.3760683760683741,29.25
SH.601012,隆基绿能,2023-08-15 00:00:00,29.04,28.22,29.11,28.1,13.635,0.01653,125272991,3581741597.0,-3.157172271791358,29.14
SH.601012,隆基绿能,2023-08-16 00:00:00,28.03,27.77,28.4,27.74,13.419,0.01179,89310530,2513336043.0,-1.5946137491141008,28.22
SH.601012,隆基绿能,2023-08-17 00:00:00,27.54,28.01,28.1,27.35,13.535,0.00991,75107940,2097194770.0,0.8642419877565791,27.77
SH.601012,隆基绿能,2023-08-18 00:00:00,27.93,27.74,28.31,27.73,13.405,0.01179,89352082,2519992054.0,-0.9639414494823387,28.01
SH.601012,隆基绿能,2023-08-21 00:00:00,27.42,26.84,27.54,26.84,12.973,0.0146,110615040,3020626559.0,-3.244412400865172,27.74
SH.601012,隆基绿能,2023-08-22 00:00:00,26.98,25.67,27.08,25.22,12.411,0.03233,244960434,6357169944.0,-4.359165424739189,26.84
SH.601012,隆基绿能,2023-08-23 00:00:00,25.38,24.64,25.49,24.62,11.916,0.01761,133432720,3364687282.99,-4.01246591351773,25.67
SH.601012,隆基绿能,2023-08-24 00:00:00,24.64,25.59,25.92,24.64,12.372,0.02026,153524018,3932404569.0,3.8555194805194772,24.64
SH.601012,隆基绿能,2023-08-25 00:00:00,25.39,25.36,25.73,25.14,12.262,0.01008,76417812,1954007718.0,-0.8987885892926941,25.59
SH.601012,隆基绿能,2023-08-28 00:00:00,27.33,26.31,27.38,26.11,12.718,0.02483,188183985,5057315453.0,3.7460567823343824,25.36
SH.601012,隆基绿能,2023-08-29 00:00:00,26.31,26.93,27.09,26.25,13.016,0.01638,124133279,3348455115.0,2.3565184340554963,26.31
SH.601012,隆基绿能,2023-08-30 00:00:00,26.96,26.68,27.27,26.58,12.896,0.01336,101226157,2734086791.0,-0.928332714444857,26.93
SH.601012,隆基绿能,2023-08-31 00:00:00,26.64,26.38,26.79,26.25,11.493,0.00959,72665862,1935398295.0,-1.124437781109448,26.68
SH.601012,隆基绿能,2023-09-01 00:00:00,26.54,26.41,26.63,26.26,11.506,0.00642,48686646,1292837165.0,0.11372251705838188,26.38
SH.601012,隆基绿能,2023-09-04 00:00:00,26.63,26.87,26.91,26.17,11.705,0.01314,99568116,2673181359.0,1.7417644831503252,26.41
SH.601012,隆基绿能,2023-09-05 00:00:00,26.71,27.93,28.28,26.51,12.164,0.02908,220343826,6101814324.0,3.944919985113505,26.87
SH.601012,隆基绿能,2023-09-06 00:00:00,27.56,27.7,28.21,27.43,12.064,0.02029,153774286,4290199689.0,-0.8234872896527048,27.93
SH.601012,隆基绿能,2023-09-07 00:00:00,27.48,26.57,27.48,26.57,11.575,0.0156,118236730,3206173540.0,-4.079422382671476,27.7
SH.601012,隆基绿能,2023-09-08 00:00:00,26.43,26.15,26.64,26.03,11.393,0.01004,76072836,2009039339.0,-1.5807301467820913,26.57
SH.601012,隆基绿能,2023-09-11 00:00:00,25.98,26.49,26.7,25.83,11.541,0.01238,93810277,2484803883.0,1.3001912045889097,26.15
SH.601012,隆基绿能,2023-09-12 00:00:00,26.31,26.68,26.98,26.13,11.623,0.01258,95325850,2549099537.0,0.7172517931294877,26.49
SH.601012,隆基绿能,2023-09-13 00:00:00,26.54,26.24,26.82,26.14,11.432,0.00785,59515509,1581734077.0,-1.649175412293858,26.68
SH.601012,隆基绿能,2023-09-14 00:00:00,26.24,25.96,26.31,25.85,11.311,0.00759,57496401,1506241855.0,-1.0670731707316983,26.24
SH.601012,隆基绿能,2023-09-15 00:00:00,26.12,26.09,26.53,25.9,11.367,0.01121,84923298,2238194451.0,0.5007704160246494,25.96
SH.601012,隆基绿能,2023-09-18 00:00:00,25.92,26.15,26.56,25.61,11.393,0.0095,71963525,1895927723.0,0.22997316979685212,26.09
SH.601012,隆基绿能,2023-09-19 00:00:00,26.07,25.78,26.1,25.68,11.233,0.0083,62864890,1633045260.0,-1.4149139579349808,26.15
SH.601012,隆基绿能,2023-09-20 00:00:00,25.86,25.57,25.95,25.48,11.142,0.00656,49699353,1283810819.0,-0.814584949573316,25.78
SH.601012,隆基绿能,2023-09-21 00:00:00,25.42,25.21,25.62,25.21,10.987,0.00814,61657192,1573694066.0,-1.4078998826750075,25.57
SH.601012,隆基绿能,2023-09-22 00:00:00,25.03,25.78,25.81,25.01,11.233,0.01251,94814299,2430765787.0,2.26100753669179,25.21
SH.601012,隆基绿能,2023-09-25 00:00:00,25.63,26.01,26.18,25.55,11.333,0.01134,85949750,2240496531.0,0.8921644685802964,25.78
SH.601012,隆基绿能,2023-09-26 00:00:00,25.93,25.97,26.26,25.89,11.316,0.00831,62986317,1651556553.0,-0.15378700499808803,26.01
SH.601012,隆基绿能,2023-09-27 00:00:00,25.97,27.57,27.81,25.94,12.008,0.03164,239748843,6569522908.0,6.160954948016949,25.97
SH.601012,隆基绿能,2023-09-28 00:00:00,27.55,27.11,27.77,27.08,11.809,0.0176,133371320,3669438036.0,-1.6684802321363834,27.57
SH.601012,隆基绿能,2023-10-09 00:00:00,26.98,26.93,27.19,26.61,11.731,0.01218,92318767,2499365827.0,-0.6639616377720388,27.11
SH.601012,隆基绿能,2023-10-10 00:00:00,26.93,26.54,27.07,26.52,11.562,0.00991,75115036,2018932509.0,-1.4481990345339792,26.93
SH.601012,隆基绿能,2023-10-11 00:00:00,26.81,26.79,27.43,26.68,11.67,0.01292,97900704,2659249558.0,0.9419743782969104,26.54
SH.601012,隆基绿能,2023-10-12 00:00:00,26.99,27.15,27.25,26.68,11.826,0.01348,102125938,2775269446.0,1.3437849944008937,26.79
SH.601012,隆基绿能,2023-10-13 00:00:00,26.81,26.63,26.81,26.4,11.601,0.01119,84795892,2264826037.0,-1.9152854511970518,27.15
SH.601012,隆基绿能,2023-10-16 00:00:00,26.47,26.16,26.91,26.0,11.398,0.01049,79521331,2109172218.0,-1.7649267743146784,26.63
SH.601012,隆基绿能,2023-10-17 00:00:00,26.28,26.05,26.35,25.9,11.35,0.00734,55629040,1461519893.0,-0.4204892966360834,26.16
SH.601012,隆基绿能,2023-10-18 00:00:00,26.04,25.7,26.04,25.64,11.199,0.00694,52581628,1362958248.0,-1.3435700575815792,26.05
SH.601012,隆基绿能,2023-10-19 00:00:00,25.44,25.29,25.79,25.23,11.021,0.01014,76849730,1967808636.0,-1.5953307392996114,25.7
SH.601012,隆基绿能,2023-10-20 00:00:00,25.1,25.38,25.59,25.0,11.055,0.01212,91872001,2344863075.0,0.3558718861209959,25.29
SH.601012,隆基绿能,2023-10-23 00:00:00,25.13,24.53,25.17,24.3,10.688,0.01299,98435573,2443261753.0,-3.3490937746256813,25.38
SH.601012,隆基绿能,2023-10-24 00:00:00,24.53,24.53,24.71,24.07,10.688,0.01085,82216949,2019425714.0,0.0,24.53
SH.601012,隆基绿能,2023-10-25 00:00:00,24.74,24.48,24.93,24.37,10.666,0.01077,81609932,2025264429.0,-0.20383204239706768,24.53
SH.601012,隆基绿能,2023-10-26 00:00:00,23.89,23.73,24.01,23.19,10.341,0.01749,132566302,3144111382.0,-3.063725490196078,24.48
SH.601012,隆基绿能,2023-10-27 00:00:00,23.41,24.81,24.9,23.38,10.809,0.01766,133811722,3272042799.0,4.551201011377995,23.73
SH.601012,隆基绿能,2023-10-30 00:00:00,24.55,24.99,25.21,24.48,10.887,0.01267,96013873,2406053716.0,0.7255139056831912,24.81
SH.601012,隆基绿能,2023-10-31 00:00:00,23.8,23.96,24.36,23.77,11.776,0.02052,155497107,3760351672.0,-4.121648659463776,24.99
SH.601012,隆基绿能,2023-11-01 00:00:00,23.78,23.16,23.91,23.06,11.386,0.02049,155287398,3653692188.0,-3.3388981636060127,23.96
SH.601012,隆基绿能,2023-11-02 00:00:00,23.08,22.24,23.22,22.23,10.937,0.02334,176863156,4032721244.0,-3.9723661485319592,23.16
SH.601012,隆基绿能,2023-11-03 00:00:00,22.23,22.7,22.86,22.21,11.161,0.01696,128526726,2933232088.0,2.068345323741011,22.24
SH.601012,隆基绿能,2023-11-06 00:00:00,22.87,23.28,23.59,22.85,11.444,0.01877,142217748,3334656164.0,2.5550660792951625,22.7
SH.601012,隆基绿能,2023-11-07 00:00:00,23.29,23.26,23.33,22.9,11.434,0.01272,96384547,2241677535.0,-0.08591065292096037,23.28
SH.601012,隆基绿能,2023-11-08 00:00:00,23.18,23.25,23.56,23.04,11.429,0.01307,99070912,2323813301.0,-0.042992261392955984,23.26
SH.601012,隆基绿能,2023-11-09 00:00:00,23.11,24.07,24.39,23.03,11.83,0.03093,234394450,5675198292.0,3.5268817204301093,23.25
SH.601012,隆基绿能,2023-11-10 00:00:00,23.85,23.36,23.87,23.36,11.483,0.01647,124791728,2954913312.0,-2.9497299542999618,24.07
SH.601012,隆基绿能,2023-11-13 00:00:00,23.53,23.67,23.9,23.39,11.634,0.01179,89379897,2125224008.0,1.3270547945205577,23.36
SH.601012,隆基绿能,2023-11-14 00:00:00,23.75,23.56,23.97,23.41,11.581,0.01403,106310423,2528189498.0,-0.4647232784115039,23.67
SH.601012,隆基绿能,2023-11-15 00:00:00,24.01,24.22,24.47,23.81,11.903,0.02378,180220263,4388281024.0,2.801358234295417,23.56
SH.601012,隆基绿能,2023-11-16 00:00:00,24.04,23.54,24.07,23.53,11.571,0.01615,122351654,2919005575.0,-2.8075970272502055,24.22
SH.601012,隆基绿能,2023-11-17 00:00:00,23.34,23.42,23.43,23.18,11.512,0.01076,81540878,1913708561.0,-0.5097706032285363,23.54
SH.601012,隆基绿能,2023-11-20 00:00:00,23.41,23.32,23.51,23.03,11.464,0.01013,76748622,1796891969.0,-0.4269854824936013,23.42
SH.601012,隆基绿能,2023-11-21 00:00:00,23.4,23.12,23.57,23.09,11.366,0.0117,88626397,2083796038.0,-0.8576329331046282,23.32
SH.601012,隆基绿能,2023-11-22 00:00:00,22.99,22.62,23.09,22.62,11.122,0.01085,82250799,1889651351.0,-2.162629757785467,23.12
SH.601012,隆基绿能,2023-11-23 00:00:00,22.61,22.71,22.77,22.43,11.166,0.00931,70521330,1605082333.0,0.39787798408488,22.62
SH.601012,隆基绿能,2023-11-24 00:00:00,22.67,22.35,22.67,22.33,10.99,0.00938,71101943,1606269172.0,-1.5852047556142643,22.71
SH.601012,隆基绿能,2023-11-27 00:00:00,22.33,21.7,22.33,21.65,10.673,0.0139,105333810,2314160457.0,-2.9082774049217095,22.35
SH.601012,隆基绿能,2023-11-28 00:00:00,21.6,21.73,21.8,21.43,10.688,0.00918,69585855,1516713166.0,0.13824884792627254,21.7
SH.601012,隆基绿能,2023-11-29 00:00:00,21.73,21.29,21.78,21.23,10.473,0.01099,83308408,1795537037.0,-2.024850437183623,21.73
SH.601012,隆基绿能,2023-11-30 00:00:00,21.24,21.06,21.45,21.02,10.361,0.01001,75831939,1619503172.0,-1.0803193987787714,21.29
SH.601012,隆基绿能,2023-12-01 00:00:00,20.93,21.04,21.12,20.71,10.351,0.01244,94275318,1987593611.0,-0.09496676163342628,21.06
SH.601012,隆基绿能,2023-12-04 00:00:00,21.05,20.89,21.2,20.89,10.278,0.00844,63928704,1352736166.0,-0.7129277566539857,21.04
SH.601012,隆基绿能,2023-12-05 00:00:00,20.84,20.44,21.11,20.42,10.058,0.01235,93581349,1960918832.0,-2.1541407371948265,20.89
SH.601012,隆基绿能,2023-12-06 00:00:00,20.33,20.93,21.13,20.29,10.297,0.01489,112859804,2375564526.0,2.397260273972595,20.44
SH.601012,隆基绿能,2023-12-07 00:00:00,20.78,20.61,20.83,20.46,10.141,0.0111,84114882,1747690036.0,-1.528905876731965,20.93
SH.601012,隆基绿能,2023-12-08 00:00:00,20.79,20.56,20.83,20.43,10.117,0.00928,70311689,1462786866.0,-0.24260067928190543,20.61
SH.601012,隆基绿能,2023-12-11 00:00:00,20.32,20.63,20.67,20.04,10.151,0.01267,96010247,1964585569.0,0.3404669260700403,20.56
SH.601012,隆基绿能,2023-12-12 00:00:00,20.58,20.65,20.87,20.52,10.161,0.00937,71017043,1479629370.0,0.0969461948618496,20.63
SH.601012,隆基绿能,2023-12-13 00:00:00,20.43,20.12,20.6,20.11,9.902,0.00958,72573079,1486211330.0,-2.5665859564164535,20.65
SH.601012,隆基绿能,2023-12-14 00:00:00,20.33,20.16,20.66,20.14,9.921,0.00861,65268613,1338634084.0,0.19880715705764984,20.12
SH.601012,隆基绿能,2023-12-15 00:00:00,20.31,20.51,20.91,20.31,10.092,0.02085,158029221,3286300138.0,1.736111111111118,20.16
SH.601012,隆基绿能,2023-12-18 00:00:00,20.36,20.02,20.51,19.98,9.853,0.01043,79044490,1607566044.0,-2.3890784982935247,20.51
SH.601012,隆基绿能,2023-12-19 00:00:00,19.96,20.2,20.43,19.84,9.941,0.01162,88068507,1791144879.0,0.8991008991008976,20.02
SH.601012,隆基绿能,2023-12-20 00:00:00,20.29,20.11,20.4,20.1,9.897,0.00954,72312893,1474750757.0,-0.4455445544554449,20.2
SH.601012,隆基绿能,2023-12-21 00:00:00,19.96,21.11,21.28,19.91,10.385,0.03254,246619481,5202143498.0,4.972650422675286,20.11
SH.601012,隆基绿能,2023-12-22 00:00:00,20.98,21.05,21.37,20.74,10.356,0.01951,147876015,3135909898.0,-0.2842254855518651,21.11
SH.601012,隆基绿能,2023-12-25 00:00:00,21.07,21.11,21.19,20.87,10.385,0.00914,69229858,1466873184.0,0.2850356294536756,21.05
SH.601012,隆基绿能,2023-12-26 00:00:00,21.05,20.81,21.05,20.69,10.239,0.0096,72784618,1529795804.0,-1.421127427759359,21.11
SH.601012,隆基绿能,2023-12-27 00:00:00,20.81,20.51,20.89,20.31,10.092,0.01072,81230465,1676695270.0,-1.4416146083613512,20.81
SH.601012,隆基绿能,2023-12-28 00:00:00,20.44,22.58,22.58,20.34,11.102,0.04115,311857893,6888607315.0,10.092637737688916,20.51
SH.601012,隆基绿能,2023-12-29 00:00:00,23.03,22.73,23.03,22.55,11.176,0.03498,265105103,6085166247.0,0.6643046944198501,22.58
SH.601012,隆基绿能,2024-01-02 00:00:00,22.44,22.03,22.72,22.03,10.834,0.02096,158862023,3561320754.0,-3.0796304443466753,22.73
SH.601012,隆基绿能,2024-01-03 00:00:00,22.03,22.22,22.41,21.92,10.927,0.01706,129243542,2882721820.0,0.8624602814343972,22.03
SH.601012,隆基绿能,2024-01-04 00:00:00,22.11,21.81,22.13,21.58,10.727,0.01469,111338146,2444688691.0,-1.8451845184518458,22.22
SH.601012,隆基绿能,2024-01-05 00:00:00,21.69,21.41,22.08,21.2,10.531,0.01497,113427161,2472077498.0,-1.834021091242543,21.81
SH.601012,隆基绿能,2024-01-08 00:00:00,21.24,21.44,22.01,21.19,10.546,0.01559,118135678,2572504539.0,0.14012143858010806,21.41
SH.601012,隆基绿能,2024-01-09 00:00:00,21.45,22.07,22.7,21.27,10.854,0.02736,207367024,4612609293.0,2.938432835820891,21.44
SH.601012,隆基绿能,2024-01-10 00:00:00,21.83,22.06,22.63,21.69,10.849,0.02213,167731454,3755500025.0,-0.04531037607612851,22.07
SH.601012,隆基绿能,2024-01-11 00:00:00,21.85,22.19,22.33,21.75,10.912,0.02081,157721001,3504532528.0,0.5893019038984704,22.06
SH.601012,隆基绿能,2024-01-12 00:00:00,22.03,21.94,22.63,21.86,10.79,0.02067,156650159,3505886714.0,-1.1266336187471833,22.19
SH.601012,隆基绿能,2024-01-15 00:00:00,21.73,21.67,22.11,21.59,10.658,0.01418,107490517,2358263661.0,-1.2306289881494965,21.94
SH.601012,隆基绿能,2024-01-16 00:00:00,21.53,21.95,22.16,21.41,10.795,0.01762,133489043,2938793848.0,1.292108906322093,21.67
SH.601012,隆基绿能,2024-01-17 00:00:00,21.83,21.13,21.83,21.11,10.395,0.01531,116013802,2507187825.0,-3.7357630979498873,21.95
SH.601012,隆基绿能,2024-01-18 00:00:00,20.89,22.63,22.65,20.84,11.127,0.04192,317669951,7033198433.0,7.098911500236631,21.13
SH.601012,隆基绿能,2024-01-19 00:00:00,22.47,21.93,22.61,21.93,10.785,0.02338,177203728,3958954246.0,-3.093239063190452,22.63
SH.601012,隆基绿能,2024-01-22 00:00:00,21.83,21.55,22.03,21.24,10.6,0.02066,156563145,3418198049.0,-1.7327861377108937,21.93
SH.601012,隆基绿能,2024-01-23 00:00:00,21.52,21.89,22.38,21.29,10.766,0.02101,159178081,3518887773.0,1.5777262180974472,21.55
SH.601012,隆基绿能,2024-01-24 00:00:00,21.92,21.61,22.02,20.94,10.629,0.02195,166323771,3595040079.0,-1.2791228871630933,21.89
SH.601012,隆基绿能,2024-01-25 00:00:00,21.49,22.13,22.13,21.19,10.883,0.02067,156629139,3424201706.0,2.406293382693196,21.61
SH.601012,隆基绿能,2024-01-26 00:00:00,21.88,21.79,22.25,21.65,10.717,0.01525,115554208,2551259029.0,-1.5363759602349747,22.13
SH.601012,隆基绿能,2024-01-29 00:00:00,21.53,20.23,21.54,20.23,9.956,0.02714,205640594,4295463545.0,-7.159247361174844,21.79
SH.601012,隆基绿能,2024-01-30 00:00:00,20.1,20.06,20.51,20.01,9.873,0.01294,98092688,2001228177.0,-0.84033613445379,20.23
SH.601012,隆基绿能,2024-01-31 00:00:00,19.98,19.18,20.29,19.18,9.443,0.02045,154970173,3060176664.0,-4.38683948155533,20.06
SH.601012,隆基绿能,2024-02-01 00:00:00,18.92,19.42,19.92,18.92,9.56,0.01484,112429056,2212673585.0,1.2513034410844734,19.18
SH.601012,隆基绿能,2024-02-02 00:00:00,19.33,18.7,19.55,18.04,9.209,0.01912,144909967,2748174116.0,-3.7075180226570663,19.42
SH.601012,隆基绿能,2024-02-05 00:00:00,18.63,18.0,18.69,17.43,8.867,0.01982,150172934,2740768426.0,-3.7433155080213867,18.7
SH.601012,隆基绿能,2024-02-06 00:00:00,17.94,19.43,19.47,17.87,9.565,0.02171,164509778,3142216366.0,7.944444444444443,18.0
SH.601012,隆基绿能,2024-02-07 00:00:00,19.49,19.6,19.94,19.25,9.648,0.02195,166356017,3295976579.0,0.8749356664951194,19.43
SH.601012,隆基绿能,2024-02-08 00:00:00,19.73,20.04,20.19,19.73,9.863,0.01625,123119019,2478967593.0,2.2448979591836618,19.6
SH.601012,隆基绿能,2024-02-19 00:00:00,20.04,20.02,20.18,19.83,9.853,0.01287,97520976,1962738592.0,-0.09980039920159467,20.04
SH.601012,隆基绿能,2024-02-20 00:00:00,20.01,19.81,20.01,19.57,9.751,0.01167,88467178,1757737151.0,-1.0489510489510532,20.02
SH.601012,隆基绿能,2024-02-21 00:00:00,19.64,20.23,20.57,19.51,9.956,0.01791,135713889,2757569346.0,2.1201413427561926,19.81
SH.601012,隆基绿能,2024-02-22 00:00:00,20.13,20.45,20.82,20.13,10.063,0.01334,101104877,2082462224.0,1.0874938210578293,20.23
SH.601012,隆基绿能,2024-02-23 00:00:00,20.45,20.71,20.92,20.45,10.19,0.01523,115406792,2411162032.0,1.2713936430317925,20.45
SH.601012,隆基绿能,2024-02-26 00:00:00,20.73,20.51,20.82,20.38,10.092,0.01219,92406540,1917118519.0,-0.9657170449058391,20.71
SH.601012,隆基绿能,2024-02-27 00:00:00,20.43,20.83,20.83,20.34,10.248,0.01352,102484010,2128543456.0,1.5602145294977898,20.51
SH.601012,隆基绿能,2024-02-28 00:00:00,21.05,20.45,21.67,20.45,10.063,0.02389,181017366,3852192703.0,-1.8242918867018676,20.83
SH.601012,隆基绿能,2024-02-29 00:00:00,20.28,21.07,21.08,20.19,10.366,0.01839,139351275,2920787468.0,3.0317848410757997,20.45
SH.601012,隆基绿能,2024-03-01 00:00:00,21.33,21.43,21.51,20.92,10.541,0.02139,162120062,3475248721.0,1.7085904129093472,21.07
SH.601012,隆基绿能,2024-03-04 00:00:00,21.39,21.36,21.81,21.2,10.507,0.0187,141672831,3061363899.0,-0.3266448903406453,21.43
SH.601012,隆基绿能,2024-03-05 00:00:00,21.13,20.85,21.16,20.68,10.258,0.01789,135556278,2850175247.0,-2.387640449438193,21.36
SH.601012,隆基绿能,2024-03-06 00:00:00,20.83,21.26,21.67,20.57,10.458,0.02049,155308871,3313587664.0,1.96642685851319,20.85
SH.601012,隆基绿能,2024-03-07 00:00:00,21.13,20.63,21.31,20.63,10.151,0.01449,109826856,2315713399.0,-2.9633113828786573,21.26
SH.601012,隆基绿能,2024-03-08 00:00:00,20.65,21.36,21.48,20.65,10.507,0.02216,167907180,3595525702.0,3.5385361124575883,20.63
SH.601012,隆基绿能,2024-03-11 00:00:00,21.81,21.99,22.17,21.41,10.815,0.02864,217045156,4767220656.0,2.9494382022471863,21.36
SH.601012,隆基绿能,2024-03-12 00:00:00,22.05,22.15,22.39,21.89,10.893,0.02259,171224489,3815728131.0,0.7276034561164172,21.99
SH.601012,隆基绿能,2024-03-13 00:00:00,22.09,21.72,22.09,21.67,10.683,0.01659,125699278,2764116455.0,-1.9413092550790056,22.15
SH.601012,隆基绿能,2024-03-14 00:00:00,21.72,21.38,21.81,21.16,10.517,0.0146,110653657,2394231759.0,-1.5653775322283605,21.72
SH.601012,隆基绿能,2024-03-15 00:00:00,21.29,21.24,21.39,20.95,10.448,0.01231,93310753,1987194354.0,-0.6548175865294695,21.38
SH.601012,隆基绿能,2024-03-18 00:00:00,21.27,21.5,21.5,21.14,10.575,0.01433,108590171,2336927185.0,1.2241054613936044,21.24
SH.601012,隆基绿能,2024-03-19 00:00:00,21.32,20.98,21.66,20.98,10.322,0.01799,136318535,2916690370.0,-2.4186046511627888,21.5
SH.601012,隆基绿能,2024-03-20 00:00:00,20.95,20.94,21.22,20.75,10.302,0.01239,93926679,1983439091.0,-0.1906577693040951,20.98
SH.601012,隆基绿能,2024-03-21 00:00:00,20.86,20.68,20.99,20.6,10.175,0.01313,99508222,2079052565.0,-1.2416427889207333,20.94
SH.601012,隆基绿能,2024-03-22 00:00:00,20.55,19.92,20.61,19.9,9.804,0.01807,136915125,2776339340.0,-3.6750483558994103,20.68
SH.601012,隆基绿能,2024-03-25 00:00:00,19.83,19.77,20.12,19.7,9.731,0.01059,80229775,1609005780.0,-0.7530120481927818,19.92
SH.601012,隆基绿能,2024-03-26 00:00:00,19.83,20.05,20.17,19.73,9.868,0.01127,85389396,1715647130.0,1.4162873039959591,19.77
SH.601012,隆基绿能,2024-03-27 00:00:00,20.04,19.37,20.04,19.37,9.536,0.01206,91370469,1811244817.0,-3.3915211970074797,20.05
SH.601012,隆基绿能,2024-03-28 00:00:00,19.37,19.44,19.66,19.34,9.57,0.00929,70429251,1384672899.0,0.36138358286009437,19.37
SH.601012,隆基绿能,2024-03-29 00:00:00,19.48,19.34,19.6,19.11,9.521,0.00961,72830409,1420515920.0,-0.5144032921810773,19.44
SH.601012,隆基绿能,2024-04-01 00:00:00,19.49,19.98,20.0,19.45,9.834,0.01345,101911923,2038910511.0,3.3092037228541913,19.34
SH.601012,隆基绿能,2024-04-02 00:00:00,19.98,19.88,20.09,19.63,9.785,0.01166,88354180,1766602099.0,-0.5005005005005077,19.98
SH.601012,隆基绿能,2024-04-03 00:00:00,19.78,19.68,19.92,19.62,9.687,0.00776,58842673,1170345857.0,-1.0060362173038195,19.88
SH.601012,隆基绿能,2024-04-08 00:00:00,19.63,19.24,19.63,19.23,9.472,0.00967,73266119,1431786921.0,-2.235772357723584,19.68
SH.601012,隆基绿能,2024-04-09 00:00:00,19.23,19.5,19.61,19.2,9.599,0.00815,61760066,1213041343.0,1.3513513513513595,19.24
SH.601012,隆基绿能,2024-04-10 00:00:00,19.5,19.0,19.52,18.91,9.355,0.00891,67519588,1302305275.0,-2.564102564102564,19.5
SH.601012,隆基绿能,2024-04-11 00:00:00,18.92,18.85,19.06,18.67,9.282,0.008,60596159,1154142990.0,-0.7894736842105189,19.0
SH.601012,隆基绿能,2024-04-12 00:00:00,18.85,18.39,18.92,18.36,9.058,0.01002,75958905,1421011642.0,-2.440318302387272,18.85
SH.601012,隆基绿能,2024-04-15 00:00:00,18.38,18.52,18.87,18.34,9.121,0.01059,80228365,1506081290.0,0.7069059271343067,18.39
SH.601012,隆基绿能,2024-04-16 00:00:00,18.5,18.03,18.5,17.99,8.882,0.00964,73071814,1339533054.0,-2.645788336933037,18.52
SH.601012,隆基绿能,2024-04-17 00:00:00,18.06,18.43,18.43,18.06,9.077,0.00936,70902674,1309818550.0,2.2185246810870694,18.03
SH.601012,隆基绿能,2024-04-18 00:00:00,18.37,18.62,18.75,18.05,9.17,0.01132,85820272,1602270218.0,1.0309278350515534,18.43
SH.601012,隆基绿能,2024-04-19 00:00:00,18.51,18.28,18.51,18.08,9.004,0.01189,90072914,1658497546.0,-1.8259935553168627,18.62
SH.601012,隆基绿能,2024-04-22 00:00:00,18.83,19.08,19.51,18.82,9.394,0.0222,168203680,3255373716.0,4.3763676148796335,18.28
SH.601012,隆基绿能,2024-04-23 00:00:00,18.87,18.61,19.16,18.56,9.165,0.01213,91924394,1739279979.0,-2.4633123689727405,19.08
SH.601012,隆基绿能,2024-04-24 00:00:00,18.63,18.33,18.67,18.18,9.028,0.00928,70340445,1300237522.0,-1.5045674368619084,18.61
SH.601012,隆基绿能,2024-04-25 00:00:00,18.23,18.1,18.41,17.93,8.916,0.0101,76537608,1399919826.0,-1.2547735951991101,18.33
SH.601012,隆基绿能,2024-04-26 00:00:00,18.03,18.45,18.53,17.98,9.087,0.01291,97796975,1814623706.0,1.9337016574585517,18.1
SH.601012,隆基绿能,2024-04-29 00:00:00,18.47,18.83,19.16,18.44,9.272,0.01709,129473597,2460590224.0,2.059620596205957,18.45
SH.601012,隆基绿能,2024-04-30 00:00:00,18.43,18.03,18.53,17.94,28.934,0.02387,180880696,3306061395.0,-4.24853956452468,18.83
SH.601012,隆基绿能,2024-05-06 00:00:00,18.13,18.34,18.51,18.13,29.427,0.01478,111996885,2074242531.0,1.7193566278424777,18.03
SH.601012,隆基绿能,2024-05-07 00:00:00,18.23,18.6,18.6,18.06,29.841,0.01341,101616515,1886072659.0,1.4176663031624948,18.34
SH.601012,隆基绿能,2024-05-08 00:00:00,18.6,18.34,18.6,18.33,29.427,0.00892,67601841,1255470468.0,-1.3978494623655997,18.6
SH.601012,隆基绿能,2024-05-09 00:00:00,18.42,18.79,19.13,18.4,30.143,0.01932,146389948,2789006257.0,2.4536532170119916,18.34
SH.601012,隆基绿能,2024-05-10 00:00:00,18.75,18.45,18.75,18.34,29.602,0.01391,105445146,1965177639.0,-1.809473124002128,18.79
SH.601012,隆基绿能,2024-05-13 00:00:00,18.43,18.75,18.92,18.14,30.079,0.0162,122782706,2308094699.0,1.6260162601626056,18.45
SH.601012,隆基绿能,2024-05-14 00:00:00,18.82,18.66,18.83,18.55,29.936,0.00877,66436989,1250412006.0,-0.47999999999999926,18.75
SH.601012,隆基绿能,2024-05-15 00:00:00,18.66,18.5,18.88,18.48,29.682,0.00756,57277051,1075756255.0,-0.8574490889603437,18.66
SH.601012,隆基绿能,2024-05-16 00:00:00,18.44,18.37,18.5,18.23,29.475,0.00934,70768296,1311818671.0,-0.7027027027026973,18.5
SH.601012,隆基绿能,2024-05-17 00:00:00,18.18,18.45,18.45,17.99,29.602,0.01046,79274478,1456614251.0,0.43549265106150403,18.37
SH.601012,隆基绿能,2024-05-20 00:00:00,18.33,18.33,18.57,18.28,29.411,0.00823,62363263,1157588691.0,-0.6504065040650461,18.45
SH.601012,隆基绿能,2024-05-21 00:00:00,18.3,18.13,18.32,18.09,29.093,0.00701,53146244,973606667.0,-1.0911074740861937,18.33
SH.601012,隆基绿能,2024-05-22 00:00:00,18.34,19.39,19.69,18.34,31.096,0.03968,300693205,5765513882.0,6.949806949806958,18.13
SH.601012,隆基绿能,2024-05-23 00:00:00,19.33,18.76,19.38,18.69,30.095,0.0234,177308015,3394936375.0,-3.2490974729241824,19.39
SH.601012,隆基绿能,2024-05-24 00:00:00,18.69,18.59,19.13,18.55,29.825,0.01492,113040047,2145871399.0,-0.906183368869945,18.76
SH.601012,隆基绿能,2024-05-27 00:00:00,18.61,18.36,18.69,18.11,29.459,0.01289,97675581,1800967636.0,-1.2372243141473933,18.59
SH.601012,隆基绿能,2024-05-28 00:00:00,18.27,18.32,18.53,18.2,29.395,0.00891,67522872,1247997775.0,-0.21786492374727207,18.36
SH.601012,隆基绿能,2024-05-29 00:00:00,18.52,18.83,19.22,18.52,30.206,0.02508,190074122,3645745737.0,2.7838427947598143,18.32
SH.601012,隆基绿能,2024-05-30 00:00:00,18.94,18.73,19.13,18.66,30.047,0.0129,97719717,1856844567.0,-0.5310674455655756,18.83
SH.601012,隆基绿能,2024-05-31 00:00:00,18.75,18.42,18.78,18.4,29.554,0.01097,83109102,1552557291.0,-1.6550987720234847,18.73
SH.601012,隆基绿能,2024-06-03 00:00:00,18.37,18.35,18.39,18.18,29.443,0.00921,69763786,1286583824.0,-0.380021715526603,18.42
SH.601012,隆基绿能,2024-06-04 00:00:00,18.27,18.46,18.48,18.13,29.618,0.00879,66617027,1231272622.0,0.5994550408719315,18.35
SH.601012,隆基绿能,2024-06-05 00:00:00,18.23,18.11,18.25,18.04,29.062,0.00961,72848417,1334767802.0,-1.8959913326110585,18.46
SH.601012,隆基绿能,2024-06-06 00:00:00,18.08,17.01,18.28,16.94,27.313,0.02535,192123427,3376060586.0,-6.073992269464372,18.11
SH.601012,隆基绿能,2024-06-07 00:00:00,16.88,16.569999999,17.11,16.37,26.613,0.02159,163618929,2739495927.0,-2.5867137037037113,17.01
SH.601012,隆基绿能,2024-06-11 00:00:00,16.44,16.42,16.52,16.24,26.375,0.01009,76439093,1266989618.0,-0.9052504466448461,16.569999999
SH.601012,隆基绿能,2024-06-12 00:00:00,16.479999999,16.479999999,16.51,16.29,26.47,0.00886,67113587,1113468906.0,0.3654080328867152,16.42
SH.601012,隆基绿能,2024-06-13 00:00:00,16.479999999,16.34,16.56,16.31,26.248,0.00871,65970756,1093118058.0,-0.8495145570903861,16.479999999
SH.601012,隆基绿能,2024-06-14 00:00:00,16.35,16.549999999,16.62,16.08,26.581,0.01099,83305395,1386972976.0,1.285189712362306,16.34
SH.601012,隆基绿能,2024-06-17 00:00:00,16.549999999,16.549999999,16.709999999,16.28,26.581,0.00871,66002552,1101457019.0,0.0,16.549999999
SH.601012,隆基绿能,2024-06-18 00:00:00,16.52,16.569999999,16.77,16.479999999,26.613,0.00756,57319469,961572891.0,0.12084592145745034,16.549999999
SH.601012,隆基绿能,2024-06-19 00:00:00,16.569999999,16.19,16.569999999,16.159999999,26.009,0.00987,74791398,1229311837.0,-2.2933011407539645,16.569999999
SH.601012,隆基绿能,2024-06-20 00:00:00,16.13,15.41,16.13,15.4,24.769,0.01763,133603956,2114995523.0,-4.817788758492904,16.19
SH.601012,隆基绿能,2024-06-21 00:00:00,15.41,15.29,15.81,15.29,24.578,0.01396,105776216,1656667322.0,-0.7787151200519208,15.41
SH.601012,隆基绿能,2024-06-24 00:00:00,15.16,14.86,15.29,14.83,23.895,0.01339,101494997,1541305225.0,-2.8122956180510124,15.29
SH.601012,隆基绿能,2024-06-25 00:00:00,14.85,14.27,15.0,14.14,22.957,0.02032,154008165,2251920621.0,-3.970390309555854,14.86
SH.601012,隆基绿能,2024-06-26 00:00:00,14.27,14.49,14.53,14.06,23.306,0.01508,114266965,1654972376.0,1.5416958654520019,14.27
SH.601012,隆基绿能,2024-06-27 00:00:00,14.36,14.09,14.45,14.09,22.67,0.01099,83292783,1197505307.0,-2.7605244996549367,14.49
SH.601012,隆基绿能,2024-06-28 00:00:00,14.11,13.85,14.27,13.81,22.289,0.01343,101795794,1445147114.0,-1.7033356990773612,14.09
SH.601012,隆基绿能,2024-07-01 00:00:00,13.84,13.88,14.02,13.6,22.337,0.01115,84507015,1180658759.0,0.21660649819495403,13.85
SH.601012,隆基绿能,2024-07-02 00:00:00,13.81,13.65,13.91,13.61,21.971,0.01001,75838881,1053524534.0,-1.6570605187319916,13.88
SH.601012,隆基绿能,2024-07-03 00:00:00,13.6,13.68,13.84,13.44,22.019,0.01112,84253170,1163233797.0,0.21978021978021509,13.65
SH.601012,隆基绿能,2024-07-04 00:00:00,13.7,13.29,13.74,13.28,21.399,0.01122,85024086,1154990920.0,-2.8508771929824603,13.68
SH.601012,隆基绿能,2024-07-05 00:00:00,13.23,13.34,13.5,13.17,21.478,0.01037,78547206,1060008206.0,0.3762227238525261,13.29
SH.601012,隆基绿能,2024-07-08 00:00:00,13.22,12.92,13.22,12.85,20.81,0.0128,97012313,1275748237.0,-3.1484257871064467,13.34
SH.601012,隆基绿能,2024-07-09 00:00:00,12.89,12.99,13.06,12.61,20.922,0.01965,148944930,1937575320.0,0.5417956656346771,12.92
SH.601012,隆基绿能,2024-07-10 00:00:00,12.72,13.39,13.83,12.64,21.558,0.02856,216412012,2942658170.0,3.0792917628945373,12.99
SH.601012,隆基绿能,2024-07-11 00:00:00,13.63,14.05,14.44,13.54,22.607,0.02964,224628399,3193918854.0,4.92905153099328,13.39
SH.601012,隆基绿能,2024-07-12 00:00:00,13.94,14.01,14.23,13.9,22.543,0.01612,122187551,1737603228.0,-0.28469750889680373,14.05
SH.601012,隆基绿能,2024-07-15 00:00:00,14.08,13.89,14.09,13.73,22.082,0.01064,80608921,1118632993.0,-0.8565310492505298,14.01
SH.601012,隆基绿能,2024-07-16 00:00:00,13.8,14.07,14.08,13.7,22.368,0.01169,88603897,1233759733.0,1.2958963282937344,13.89
SH.601012,隆基绿能,2024-07-17 00:00:00,14.24,14.1,14.35,14.04,22.416,0.01292,97903009,1387114496.0,0.21321961620468627,14.07
SH.601012,隆基绿能,2024-07-18 00:00:00,13.95,14.11,14.17,13.81,22.432,0.01094,82913668,1160895097.0,0.07092198581560133,14.1
SH.601012,隆基绿能,2024-07-19 00:00:00,14.01,14.39,14.5,13.95,22.877,0.01426,108092133,1542319214.0,1.9844082211197815,14.11
SH.601012,隆基绿能,2024-07-22 00:00:00,14.28,14.38,14.6,14.25,22.861,0.01204,91263939,1316820492.0,-0.06949270326615557,14.39
SH.601012,隆基绿能,2024-07-23 00:00:00,14.33,14.02,14.47,14.0,22.289,0.00929,70437376,1001641776.0,-2.50347705146037,14.38
SH.601012,隆基绿能,2024-07-24 00:00:00,13.95,13.65,14.13,13.58,21.701,0.01005,76165723,1048446683.0,-2.63908701854493,14.02
SH.601012,隆基绿能,2024-07-25 00:00:00,13.55,13.98,14.28,13.51,22.225,0.01542,116835305,1636616592.0,2.417582417582418,13.65
SH.601012,隆基绿能,2024-07-26 00:00:00,13.92,14.14,14.23,13.82,22.48,0.00977,74002434,1042080400.0,1.1444921316165961,13.98
SH.601012,隆基绿能,2024-07-29 00:00:00,14.14,13.83,14.17,13.8,21.987,0.00861,65220310,906148619.0,-2.192362093352196,14.14
SH.601012,隆基绿能,2024-07-30 00:00:00,13.83,13.88,14.06,13.74,22.066,0.00714,54100945,749656952.0,0.3615328994938591,13.83
SH.601012,隆基绿能,2024-07-31 00:00:00,13.88,14.5,14.5,13.78,23.052,0.01581,119831895,1711856167.0,4.466858789625355,13.88
SH.601012,隆基绿能,2024-08-01 00:00:00,14.48,14.37,14.57,14.28,22.845,0.00904,68484842,985603978.0,-0.8965517241379364,14.5
SH.601012,隆基绿能,2024-08-02 00:00:00,14.31,14.22,14.54,14.18,22.607,0.009,68235196,977642917.0,-1.0438413361169003,14.37
SH.601012,隆基绿能,2024-08-05 00:00:00,14.18,14.09,14.88,14.07,22.4,0.01819,137818031,1996329778.0,-0.9142053445850968,14.22
SH.601012,隆基绿能,2024-08-06 00:00:00,14.35,14.45,14.68,14.25,22.972,0.01569,118874157,1718248810.0,2.555003548616036,14.09
SH.601012,隆基绿能,2024-08-07 00:00:00,14.4,14.23,14.4,14.12,22.623,0.01068,80946235,1151181241.0,-1.522491349480961,14.45
SH.601012,隆基绿能,2024-08-08 00:00:00,14.2,14.15,14.35,14.06,22.496,0.00843,63903153,905747461.0,-0.5621925509487005,14.23
SH.601012,隆基绿能,2024-08-09 00:00:00,14.2,13.81,14.26,13.81,21.955,0.00987,74800994,1045273754.0,-2.4028268551236738,14.15
SH.601012,隆基绿能,2024-08-12 00:00:00,14.05,13.93,14.23,13.86,22.146,0.00878,66517081,930598240.0,0.86893555394641,13.81
SH.601012,隆基绿能,2024-08-13 00:00:00,13.85,14.01,14.18,13.67,22.273,0.00908,68789846,957666632.0,0.5743000717875095,13.93
SH.601012,隆基绿能,2024-08-14 00:00:00,14.02,13.82,14.3,13.81,21.971,0.00709,53696263,748831833.0,-1.356174161313344,14.01
SH.601012,隆基绿能,2024-08-15 00:00:00,13.75,14.07,14.24,13.65,22.368,0.01151,87214414,1219783240.0,1.808972503617945,13.82
SH.601012,隆基绿能,2024-08-16 00:00:00,14.06,13.72,14.1,13.7,21.812,0.00906,68626908,949536519.0,-2.487562189054724,14.07
SH.601012,隆基绿能,2024-08-19 00:00:00,13.71,13.48,13.71,13.47,21.43,0.00717,54337660,735997544.0,-1.7492711370262406,13.72
SH.601012,隆基绿能,2024-08-20 00:00:00,13.55,13.3,13.58,13.25,21.144,0.00657,49785582,666636336.0,-1.3353115727002947,13.48
SH.601012,隆基绿能,2024-08-21 00:00:00,13.25,13.22,13.41,13.21,21.017,0.00539,40856629,543335694.0,-0.6015037593984968,13.3
SH.601012,隆基绿能,2024-08-22 00:00:00,13.25,12.88,13.32,12.84,20.476,0.00829,62854835,816112102.0,-2.571860816944023,13.22
SH.601012,隆基绿能,2024-08-23 00:00:00,12.86,12.9,13.01,12.79,20.508,0.00502,38021931,490883241.0,0.15527950310558675,12.88
SH.601012,隆基绿能,2024-08-26 00:00:00,12.92,12.99,13.23,12.91,20.651,0.00699,52978050,691398180.0,0.6976744186046501,12.9
SH.601012,隆基绿能,2024-08-27 00:00:00,13.02,13.23,13.56,12.7,21.033,0.0156,118238712,1560061210.0,1.8475750577367223,12.99
SH.601012,隆基绿能,2024-08-28 00:00:00,13.0,13.14,13.33,12.8,20.89,0.01161,88004042,1144573875.0,-0.6802721088435364,13.23
SH.601012,隆基绿能,2024-08-29 00:00:00,13.1,13.56,13.76,13.05,21.558,0.01652,125203217,1681021266.0,3.1963470319634695,13.14
SH.601012,隆基绿能,2024-08-30 00:00:00,13.42,13.81,14.03,13.36,0.0,0.01945,147359160,2024480108.0,1.8436578171091444,13.56
SH.601012,隆基绿能,2024-09-02 00:00:00,13.66,13.19,13.86,13.19,0.0,0.01361,103147438,1386609640.0,-4.489500362056488,13.81
SH.601012,隆基绿能,2024-09-03 00:00:00,13.19,13.51,13.62,13.1,0.0,0.01107,83896692,1128573716.0,2.426080363912057,13.19
SH.601012,隆基绿能,2024-09-04 00:00:00,13.46,13.67,13.9,13.44,0.0,0.01278,96883427,1328252740.0,1.1843079200592164,13.51
SH.601012,隆基绿能,2024-09-05 00:00:00,13.66,13.76,14.04,13.66,0.0,0.01205,91287801,1266618014.0,0.6583760058522301,13.67
SH.601012,隆基绿能,2024-09-06 00:00:00,13.76,13.53,13.76,13.48,0.0,0.00595,45070111,611884045.0,-1.6715116279069797,13.76
SH.601012,隆基绿能,2024-09-09 00:00:00,13.44,13.31,13.59,13.25,0.0,0.0074,56056204,750079454.0,-1.6260162601625934,13.53
SH.601012,隆基绿能,2024-09-10 00:00:00,13.3,13.13,13.37,13.03,0.0,0.00761,57679299,759058414.0,-1.352366641622838,13.31
SH.601012,隆基绿能,2024-09-11 00:00:00,13.03,13.36,13.45,13.03,0.0,0.0098,74278751,986430133.0,1.7517136329017413,13.13
SH.601012,隆基绿能,2024-09-12 00:00:00,13.33,13.43,13.92,13.29,0.0,0.01431,108466838,1483005238.0,0.5239520958083854,13.36
SH.601012,隆基绿能,2024-09-13 00:00:00,13.43,13.14,13.56,13.14,0.0,0.00697,52844146,702573447.0,-2.1593447505584447,13.43
SH.601012,隆基绿能,2024-09-18 00:00:00,13.13,12.96,13.19,12.87,0.0,0.00737,55884229,724535112.0,-1.369863013698628,13.14
SH.601012,隆基绿能,2024-09-19 00:00:00,13.04,13.32,13.51,12.85,0.0,0.01121,84957323,1126781661.0,2.7777777777777732,12.96
SH.601012,隆基绿能,2024-09-20 00:00:00,13.29,12.8,13.29,12.71,0.0,0.01767,133902626,1723833529.0,-3.9039039039039007,13.32
SH.601012,隆基绿能,2024-09-23 00:00:00,12.77,12.73,12.87,12.71,0.0,0.00737,55858362,712384070.0,-0.5468750000000022,12.8
SH.601012,隆基绿能,2024-09-24 00:00:00,12.98,13.59,13.6,12.85,0.0,0.03046,230834270,3067870682.0,6.755695208169674,12.73
SH.601012,隆基绿能,2024-09-25 00:00:00,13.8,13.74,14.1,13.71,0.0,0.02295,173952523,2418916448.0,1.1037527593819012,13.59
SH.601012,隆基绿能,2024-09-26 00:00:00,13.67,14.56,14.57,13.65,0.0,0.02356,178539557,2528859957.0,5.967976710334791,13.74
SH.601012,隆基绿能,2024-09-27 00:00:00,14.8,15.96,16.0,14.79,0.0,0.02654,201126291,3112951174.0,9.615384615384617,14.56
SH.601012,隆基绿能,2024-09-30 00:00:00,16.9,17.56,17.56,16.51,0.0,0.05225,395953400,6817840793.0,10.02506265664159,15.96
SH.601012,隆基绿能,2024-10-08 00:00:00,19.32,19.28,19.32,18.01,0.0,0.06482,491217898,9315052949.0,9.794988610478374,17.56
SH.601012,隆基绿能,2024-10-09 00:00:00,18.6,17.35,18.6,17.35,0.0,0.04399,333385539,5958697374.0,-10.0103734439834,19.28
SH.601012,隆基绿能,2024-10-10 00:00:00,17.03,16.95,17.68,16.58,0.0,0.02672,202509769,3468415805.0,-2.3054755043227786,17.35
SH.601012,隆基绿能,2024-10-11 00:00:00,16.7,16.2,16.82,15.99,0.0,0.02118,160525512,2624754416.0,-4.424778761061947,16.95
SH.601012,隆基绿能,2024-10-14 00:00:00,16.35,16.75,16.92,16.13,0.0,0.02241,169800138,2808827279.0,3.3950617283950666,16.2
SH.601012,隆基绿能,2024-10-15 00:00:00,16.48,16.3,16.79,16.3,0.0,0.01567,118726288,1963020925.0,-2.6865671641791002,16.75
SH.601012,隆基绿能,2024-10-16 00:00:00,16.05,15.93,16.2,15.81,0.0,0.01482,112272848,1794073983.0,-2.2699386503067545,16.3
SH.601012,隆基绿能,2024-10-17 00:00:00,15.95,15.61,16.1,15.59,0.0,0.01428,108221616,1714793397.0,-2.0087884494664174,15.93
SH.601012,隆基绿能,2024-10-18 00:00:00,15.55,16.45,16.54,15.45,0.0,0.02397,181629574,2900552385.0,5.381165919282511,15.61
SH.601012,隆基绿能,2024-10-21 00:00:00,16.58,17.51,18.0,16.58,0.0,0.03936,298251162,5173065245.0,6.4437689969605,16.45
SH.601012,隆基绿能,2024-10-22 00:00:00,17.3,18.38,18.78,16.91,0.0,0.04507,341557297,6083088682.0,4.9685893774985574,17.51
SH.601012,隆基绿能,2024-10-23 00:00:00,18.38,19.58,20.22,17.94,0.0,0.0654,495626116,9517227564.0,6.528835690968441,18.38
SH.601012,隆基绿能,2024-10-24 00:00:00,19.7,18.6,19.73,18.54,0.0,0.03724,282227937,5360615295.0,-5.005107252298248,19.58
SH.601012,隆基绿能,2024-10-25 00:00:00,18.6,20.46,20.46,18.59,0.0,0.06346,480935416,9636191051.0,9.999999999999996,18.6
SH.601012,隆基绿能,2024-10-28 00:00:00,20.88,20.08,20.88,19.63,0.0,0.0561,425165388,8535400530.0,-1.8572825024438053,20.46
SH.601012,隆基绿能,2024-10-29 00:00:00,20.5,19.24,21.15,19.16,0.0,0.04808,364336232,7241822670.0,-4.183266932270916,20.08
SH.601012,隆基绿能,2024-10-30 00:00:00,19.0,19.25,19.85,18.85,0.0,0.0273,206869055,3984188417.0,0.051975051975060096,19.24
SH.601012,隆基绿能,2024-10-31 00:00:00,19.8,19.74,20.1,19.4,0.0,0.04026,305103822,6047425601.0,2.5454545454545374,19.25
SH.601012,隆基绿能,2024-11-01 00:00:00,19.63,19.01,19.8,18.9,0.0,0.02823,213943923,4116409990.0,-3.698074974670704,19.74
SH.601012,隆基绿能,2024-11-04 00:00:00,19.01,19.26,19.42,18.93,0.0,0.01759,133270993,2554980762.0,1.3150973172014728,19.01
SH.601012,隆基绿能,2024-11-05 00:00:00,19.2,19.63,19.79,19.0,0.0,0.02253,170740823,3326352847.0,1.9210799584631226,19.26
SH.601012,隆基绿能,2024-11-06 00:00:00,19.63,19.21,19.97,19.08,0.0,0.02838,215069589,4193886605.0,-2.139582272032594,19.63
SH.601012,隆基绿能,2024-11-07 00:00:00,18.71,19.18,19.19,18.39,0.0,0.02702,204755080,3856961665.0,-0.15616866215513345,19.21
SH.601012,隆基绿能,2024-11-08 00:00:00,19.25,19.23,19.75,19.11,0.0,0.02295,173910153,3373517689.0,0.2606882168926002,19.18
SH.601012,隆基绿能,2024-11-11 00:00:00,19.08,20.02,20.18,19.03,0.0,0.03168,240059554,4752825093.0,4.108164326573059,19.23
SH.601012,隆基绿能,2024-11-12 00:00:00,20.07,20.1,21.17,19.91,0.0,0.03855,292140868,5999069500.0,0.3996003996004088,20.02
SH.601012,隆基绿能,2024-11-13 00:00:00,19.8,20.08,20.18,19.68,0.0,0.02038,154407796,3070609819.0,-0.09950248756220459,20.1
SH.601012,隆基绿能,2024-11-14 00:00:00,20.3,19.19,20.34,19.16,0.0,0.01873,141929945,2785287620.0,-4.432270916334647,20.08
SH.601012,隆基绿能,2024-11-15 00:00:00,19.19,18.52,19.38,18.5,0.0,0.01875,142101284,2694306667.0,-3.4914017717561316,19.19
SH.601012,隆基绿能,2024-11-18 00:00:00,18.49,18.21,18.76,18.11,0.0,0.01435,108782288,1997738213.0,-1.6738660907127363,18.52
SH.601012,隆基绿能,2024-11-19 00:00:00,18.34,18.64,18.73,17.89,0.0,0.01294,98080366,1798205881.0,2.3613399231191634,18.21
SH.601012,隆基绿能,2024-11-20 00:00:00,18.65,18.6,18.71,18.35,0.0,0.00984,74567709,1381754452.0,-0.214592274678107,18.64
SH.601012,隆基绿能,2024-11-21 00:00:00,18.98,18.61,19.15,18.45,0.0,0.01273,96446881,1806966949.0,0.053763440860204355,18.6
SH.601012,隆基绿能,2024-11-22 00:00:00,18.5,17.75,18.57,17.71,0.0,0.01383,104835783,1902125473.0,-4.621171413218696,18.61
SH.601012,隆基绿能,2024-11-25 00:00:00,17.7,17.81,17.92,17.55,0.0,0.00939,71174377,1263982359.0,0.3380281690140773,17.75
SH.601012,隆基绿能,2024-11-26 00:00:00,17.99,18.0,18.55,17.9,0.0,0.01237,93722756,1709683460.0,1.0668163952835559,17.81
SH.601012,隆基绿能,2024-11-27 00:00:00,18.05,18.35,18.39,17.87,0.0,0.00996,75487903,1367008140.0,1.9444444444444524,18.0
SH.601012,隆基绿能,2024-11-28 00:00:00,18.2,18.27,18.76,18.14,0.0,0.00908,68824250,1268653008.0,-0.43596730245232607,18.35
SH.601012,隆基绿能,2024-11-29 00:00:00,18.3,18.5,18.64,18.18,0.0,0.0107,81069399,1495120558.0,1.2588943623426405,18.27
SH.601012,隆基绿能,2024-12-02 00:00:00,18.18,18.43,18.45,17.77,0.0,0.0135,102282432,1862712745.0,-0.37837837837837995,18.5
SH.601012,隆基绿能,2024-12-03 00:00:00,18.55,18.48,18.69,18.25,0.0,0.01022,77452289,1426455960.0,0.27129679869777923,18.43
SH.601012,隆基绿能,2024-12-04 00:00:00,18.36,17.93,18.5,17.9,0.0,0.0111,84109629,1523541153.0,-2.97619047619048,18.48
SH.601012,隆基绿能,2024-12-05 00:00:00,17.78,17.94,18.0,17.78,0.0,0.00688,52114950,931582332.0,0.05577244841049394,17.93
SH.601012,隆基绿能,2024-12-06 00:00:00,17.95,17.85,17.96,17.38,0.0,0.01413,107096301,1896650647.0,-0.5016722408026747,17.94
SH.601012,隆基绿能,2024-12-09 00:00:00,17.86,17.63,17.9,17.55,0.0,0.0094,71200924,1260159814.0,-1.232492997198893,17.85
SH.601012,隆基绿能,2024-12-10 00:00:00,18.16,17.62,18.24,17.56,0.0,0.01235,93592783,1673014321.0,-0.056721497447521335,17.63
SH.601012,隆基绿能,2024-12-11 00:00:00,17.55,17.69,17.78,17.53,0.0,0.00733,55553522,981421663.0,0.3972758229284919,17.62
SH.601012,隆基绿能,2024-12-12 00:00:00,17.57,17.78,17.87,17.52,0.0,0.00815,61791364,1094649199.0,0.508762012436404,17.69
SH.601012,隆基绿能,2024-12-13 00:00:00,17.69,17.02,17.69,17.01,0.0,0.01666,126250329,2179286417.0,-4.274465691788535,17.78
SH.601012,隆基绿能,2024-12-16 00:00:00,17.09,16.86,17.16,16.74,0.0,0.00981,74362004,1255440826.0,-0.9400705052878975,17.02
SH.601012,隆基绿能,2024-12-17 00:00:00,16.75,16.68,16.85,16.6,0.0,0.00879,66575973,1112520077.0,-1.0676156583629877,16.86
SH.601012,隆基绿能,2024-12-18 00:00:00,16.79,16.63,16.83,16.58,0.0,0.0064,48528898,810443880.0,-0.299760191846527,16.68
SH.601012,隆基绿能,2024-12-19 00:00:00,16.4,16.62,16.74,16.25,0.0,0.00857,64976901,1073593550.0,-0.06013229104027668,16.63
SH.601012,隆基绿能,2024-12-20 00:00:00,16.63,16.34,16.69,16.31,0.0,0.00993,75248402,1238069616.0,-1.684717208182919,16.62
SH.601012,隆基绿能,2024-12-23 00:00:00,16.31,16.24,16.6,16.2,0.0,0.01095,82953216,1356910143.0,-0.6119951040391763,16.34
SH.601012,隆基绿能,2024-12-24 00:00:00,16.22,16.39,16.59,16.2,0.0,0.01059,80271169,1319262920.0,0.9236453201970576,16.24
SH.601012,隆基绿能,2024-12-25 00:00:00,16.65,16.36,16.69,16.31,0.0,0.00734,55585923,914200229.0,-0.18303843807200204,16.39
SH.601012,隆基绿能,2024-12-26 00:00:00,16.42,16.19,16.42,16.13,0.0,0.00769,58244075,945650138.0,-1.0391198044009669,16.36
SH.601012,隆基绿能,2024-12-27 00:00:00,16.23,16.15,16.32,16.05,0.0,0.00806,61083079,990279529.0,-0.24706609017913958,16.19
SH.601012,隆基绿能,2024-12-30 00:00:00,16.17,16.24,16.27,16.02,0.0,0.00756,57291361,925326617.0,0.5572755417956649,16.15
SH.601012,隆基绿能,2024-12-31 00:00:00,16.2,15.71,16.4,15.7,0.0,0.0115,87113389,1390268494.0,-3.2635467980295423,16.24
SH.601012,隆基绿能,2025-01-02 00:00:00,15.7,15.43,15.8,15.3,0.0,0.01093,82825307,1287616503.0,-1.7823042647994978,15.71
SH.601012,隆基绿能,2025-01-03 00:00:00,15.43,15.0,15.56,14.97,0.0,0.00953,72200723,1101114343.0,-2.7867790019442626,15.43
SH.601012,隆基绿能,2025-01-06 00:00:00,15.0,15.17,15.28,14.91,0.0,0.00855,64829229,979232009.0,1.1333333333333329,15.0
SH.601012,隆基绿能,2025-01-07 00:00:00,15.05,15.24,15.27,15.02,0.0,0.00615,46637103,707882488.0,0.4614370468029023,15.17
SH.601012,隆基绿能,2025-01-08 00:00:00,15.24,15.09,15.28,14.81,0.0,0.00793,60062092,903552090.0,-0.9842519685039393,15.24
SH.601012,隆基绿能,2025-01-09 00:00:00,15.0,14.98,15.17,14.93,0.0,0.00669,50701098,761659148.0,-0.7289595758780612,15.09
SH.601012,隆基绿能,2025-01-10 00:00:00,14.95,14.46,15.0,14.46,0.0,0.00843,63916311,938941440.0,-3.471295060080104,14.98
SH.601012,隆基绿能,2025-01-13 00:00:00,14.35,14.63,14.72,14.29,0.0,0.00703,53287864,776602990.0,1.1756569847856149,14.46
SH.601012,隆基绿能,2025-01-14 00:00:00,14.7,15.11,15.15,14.6,0.0,0.00888,67300762,1004866708.0,3.280929596719061,14.63
SH.601012,隆基绿能,2025-01-15 00:00:00,15.06,15.26,15.75,14.88,0.0,0.01464,110917934,1697709224.0,0.9927200529450718,15.11
SH.601012,隆基绿能,2025-01-16 00:00:00,15.2,15.4,15.6,15.17,0.0,0.00955,72388466,1112620997.0,0.9174311926605542,15.26
SH.601012,隆基绿能,2025-01-17 00:00:00,15.19,15.16,15.63,15.09,0.0,0.00986,74709947,1139120440.0,-1.5584415584415598,15.4
SH.601012,隆基绿能,2025-01-20 00:00:00,15.22,15.14,15.35,15.13,0.0,0.00663,50221355,764214989.0,-0.13192612137202883,15.16
SH.601012,隆基绿能,2025-01-21 00:00:00,15.2,14.8,15.24,14.72,0.0,0.00875,66324390,986145005.0,-2.2457067371202104,15.14
SH.601012,隆基绿能,2025-01-22 00:00:00,14.75,14.61,14.76,14.44,0.0,0.00714,54116013,788366302.0,-1.2837837837837924,14.8
SH.601012,隆基绿能,2025-01-23 00:00:00,14.68,14.53,14.94,14.52,0.0,0.00904,68503277,1008420686.0,-0.5475701574264208,14.61
SH.601012,隆基绿能,2025-01-24 00:00:00,14.5,14.96,15.04,14.46,0.0,0.01151,87251250,1292681977.0,2.959394356503796,14.53
SH.601012,隆基绿能,2025-01-27 00:00:00,14.96,14.9,15.29,14.8,0.0,0.0084,63660381,954286489.0,-0.40106951871658086,14.96
SH.601012,隆基绿能,2025-02-05 00:00:00,15.01,15.08,15.28,14.86,0.0,0.0085,64403335,969896083.0,1.2080536912751658,14.9
SH.601012,隆基绿能,2025-02-06 00:00:00,15.01,15.43,15.44,14.81,0.0,0.01083,82076989,1250605841.0,2.320954907161801,15.08
SH.601012,隆基绿能,2025-02-07 00:00:00,15.44,16.23,16.55,15.4,0.0,0.0262,198533145,3195290593.0,5.184705119896311,15.43
SH.601012,隆基绿能,2025-02-10 00:00:00,16.3,16.03,16.3,15.78,0.0,0.01599,121138517,1929731046.0,-1.2322858903265514,16.23
SH.601012,隆基绿能,2025-02-11 00:00:00,16.08,15.68,16.14,15.58,0.0,0.01296,98180582,1543449901.0,-2.1834061135371265,16.03
SH.601012,隆基绿能,2025-02-12 00:00:00,15.7,15.85,15.85,15.56,0.0,0.01059,80259537,1260615368.0,1.0841836734693875,15.68
SH.601012,隆基绿能,2025-02-13 00:00:00,15.8,15.72,15.91,15.7,0.0,0.00927,70244018,1110070261.0,-0.8201892744479433,15.85
SH.601012,隆基绿能,2025-02-14 00:00:00,15.71,15.81,16.02,15.68,0.0,0.00834,63170778,1001485234.0,0.5725190839694647,15.72
SH.601012,隆基绿能,2025-02-17 00:00:00,15.71,16.04,16.16,15.71,0.0,0.01345,101910124,1629038807.0,1.4547754585705164,15.81
SH.601012,隆基绿能,2025-02-18 00:00:00,16.06,15.83,16.36,15.79,0.0,0.01506,114096394,1838039504.0,-1.3092269326683235,16.04
SH.601012,隆基绿能,2025-02-19 00:00:00,15.7,16.35,16.66,15.68,0.0,0.0195,147753489,2401647540.0,3.284902084649408,15.83
SH.601012,隆基绿能,2025-02-20 00:00:00,16.34,16.04,16.34,15.97,0.0,0.01155,87543674,1407786861.0,-1.896024464831818,16.35
SH.601012,隆基绿能,2025-02-21 00:00:00,16.09,16.15,16.25,15.96,0.0,0.00988,74850146,1206176997.0,0.6857855361595975,16.04
SH.601012,隆基绿能,2025-02-24 00:00:00,16.15,16.36,16.47,16.05,0.0,0.01288,97591238,1590802955.0,1.3003095975232253,16.15
SH.601012,隆基绿能,2025-02-25 00:00:00,16.23,16.45,16.7,16.16,0.0,0.01694,128376030,2115512292.0,0.5501222493887522,16.36
SH.601012,隆基绿能,2025-02-26 00:00:00,16.63,17.43,17.49,16.56,0.0,0.03309,250774618,4279579459.0,5.957446808510642,16.45
SH.601012,隆基绿能,2025-02-27 00:00:00,17.49,17.1,17.5,16.84,0.0,0.01983,150262991,2568978065.0,-1.8932874354561005,17.43
SH.601012,隆基绿能,2025-02-28 00:00:00,17.1,16.71,17.3,16.64,0.0,0.01491,112993068,1915809517.0,-2.280701754385968,17.1
SH.601012,隆基绿能,2025-03-03 00:00:00,16.7,17.01,17.3,16.7,0.0,0.01695,128477102,2196117440.0,1.7953321364452466,16.71
SH.601012,隆基绿能,2025-03-04 00:00:00,16.95,17.43,17.49,16.8,0.0,0.01873,141920605,2454627943.0,2.4691358024691246,17.01
SH.601012,隆基绿能,2025-03-05 00:00:00,17.37,17.06,17.37,16.88,0.0,0.01363,103316987,1761565352.0,-2.122776821572008,17.43
SH.601012,隆基绿能,2025-03-06 00:00:00,17.17,17.13,17.26,16.91,0.0,0.01217,92256510,1577909152.0,0.41031652989449174,17.06
SH.601012,隆基绿能,2025-03-07 00:00:00,17.13,17.35,17.55,16.85,0.0,0.01963,148750692,2563603535.0,1.2842965557501602,17.13
SH.601012,隆基绿能,2025-03-10 00:00:00,17.41,17.22,17.55,17.07,0.0,0.01187,89986800,1554372682.0,-0.7492795389049138,17.35
SH.601012,隆基绿能,2025-03-11 00:00:00,17.0,17.33,17.33,16.8,0.0,0.01122,85021431,1452929871.0,0.6387921022067331,17.22
SH.601012,隆基绿能,2025-03-12 00:00:00,17.3,17.03,17.39,17.0,0.0,0.00866,65633035,1124377462.0,-1.7311021350259501,17.33
SH.601012,隆基绿能,2025-03-13 00:00:00,17.1,16.81,17.13,16.72,0.0,0.00813,61605074,1039732835.0,-1.291837933059321,17.03
SH.601012,隆基绿能,2025-03-14 00:00:00,16.89,17.52,17.65,16.83,0.0,0.02489,188600350,3280948686.0,4.2236763831053,16.81
SH.601012,隆基绿能,2025-03-17 00:00:00,17.7,17.67,17.99,17.55,0.0,0.01398,105926981,1878658779.0,0.8561643835616561,17.52
SH.601012,隆基绿能,2025-03-18 00:00:00,17.67,17.9,17.97,17.63,0.0,0.0115,87154831,1551810019.0,1.3016411997736097,17.67
SH.601012,隆基绿能,2025-03-19 00:00:00,17.86,17.66,17.86,17.58,0.0,0.00887,67185740,1188455117.0,-1.3407821229050192,17.9
SH.601012,隆基绿能,2025-03-20 00:00:00,17.6,17.43,17.69,17.37,0.0,0.00853,64635649,1131237530.0,-1.3023782559456423,17.66
SH.601012,隆基绿能,2025-03-21 00:00:00,17.45,17.06,17.53,17.05,0.0,0.01068,80968476,1394690756.0,-2.122776821572008,17.43
SH.601012,隆基绿能,2025-03-24 00:00:00,17.08,17.05,17.23,16.85,0.0,0.00893,67638630,1151645829.0,-0.058616647127772634,17.06
SH.601012,隆基绿能,2025-03-25 00:00:00,17.1,17.17,17.47,16.99,0.0,0.00884,66999979,1155843974.0,0.7038123167155483,17.05
SH.601012,隆基绿能,2025-03-26 00:00:00,17.1,17.36,17.65,17.03,0.0,0.01018,77109605,1342127283.0,1.1065812463599167,17.17
SH.601012,隆基绿能,2025-03-27 00:00:00,17.27,17.04,17.33,17.01,0.0,0.0077,58344355,998057210.0,-1.8433179723502322,17.36
SH.601012,隆基绿能,2025-03-28 00:00:00,17.01,16.87,17.25,16.86,0.0,0.00636,48176585,818938803.0,-0.9976525821596136,17.04
SH.601012,隆基绿能,2025-03-31 00:00:00,16.82,15.85,16.83,15.8,0.0,0.0182,137934424,2227587397.0,-6.046235921754602,16.87
SH.601012,隆基绿能,2025-04-01 00:00:00,15.85,16.04,16.21,15.71,0.0,0.00877,66493317,1063764206.0,1.1987381703470001,15.85
SH.601012,隆基绿能,2025-04-02 00:00:00,15.99,15.96,16.13,15.92,0.0,0.0059,44738069,716440082.0,-0.49875311720697196,16.04
SH.601012,隆基绿能,2025-04-03 00:00:00,15.65,15.76,16.09,15.56,0.0,0.00676,51242757,811316063.0,-1.253132832080207,15.96
SH.601012,隆基绿能,2025-04-07 00:00:00,15.0,14.18,15.0,14.18,0.0,0.02028,153699632,2208421130.0,-10.025380710659899,15.76
SH.601012,隆基绿能,2025-04-08 00:00:00,14.39,14.52,14.65,14.25,0.0,0.01592,120651323,1736527369.0,2.39774330042313,14.18
SH.601012,隆基绿能,2025-04-09 00:00:00,14.34,14.71,14.71,14.01,0.0,0.0133,100811229,1453952422.0,1.3085399449035902,14.52
SH.601012,隆基绿能,2025-04-10 00:00:00,15.29,15.03,15.33,14.91,0.0,0.01091,82702234,1243323650.0,2.1753908905506356,14.71
SH.601012,隆基绿能,2025-04-11 00:00:00,14.98,14.8,14.98,14.73,0.0,0.01043,79030264,1172564272.0,-1.5302727877578088,15.03
SH.601012,隆基绿能,2025-04-14 00:00:00,14.94,14.9,15.15,14.9,0.0,0.00873,66135437,991448454.0,0.6756756756756733,14.8
SH.601012,隆基绿能,2025-04-15 00:00:00,14.89,14.73,14.91,14.66,0.0,0.00635,48122381,709303445.0,-1.1409395973154357,14.9
SH.601012,隆基绿能,2025-04-16 00:00:00,14.75,14.98,14.98,14.4,0.0,0.00915,69318313,1008031182.0,1.6972165648336728,14.73
SH.601012,隆基绿能,2025-04-17 00:00:00,14.8,14.97,15.02,14.71,0.0,0.00713,54062151,804286565.0,-0.06675567423230833,14.98
SH.601012,隆基绿能,2025-04-18 00:00:00,14.88,14.85,14.95,14.77,0.0,0.00429,32496418,482603371.0,-0.8016032064128322,14.97
SH.601012,隆基绿能,2025-04-21 00:00:00,14.8,14.87,14.92,14.72,0.0,0.00439,33240350,493156315.0,0.1346801346801318,14.85
SH.601012,隆基绿能,2025-04-22 00:00:00,14.86,14.8,14.93,14.66,0.0,0.00516,39106385,578932672.0,-0.47074646940146947,14.87
SH.601012,隆基绿能,2025-04-23 00:00:00,14.85,14.9,15.07,14.82,0.0,0.00674,51057120,762252905.0,0.6756756756756733,14.8
SH.601012,隆基绿能,2025-04-24 00:00:00,14.92,14.71,15.13,14.71,0.0,0.00726,55009842,818367524.0,-1.275167785234896,14.9
SH.601012,隆基绿能,2025-04-25 00:00:00,14.71,14.89,14.98,14.66,0.0,0.00658,49858241,738475260.0,1.2236573759347364,14.71
SH.601012,隆基绿能,2025-04-28 00:00:00,14.89,14.95,15.25,14.83,0.0,0.00928,70294672,1056992522.0,0.40295500335794976,14.89
SH.601012,隆基绿能,2025-04-29 00:00:00,14.95,14.86,15.11,14.83,0.0,0.005,37879393,566080849.0,-0.6020066889632099,14.95
SH.601012,隆基绿能,2025-04-30 00:00:00,14.7,14.7,15.04,14.61,0.0,0.00899,68110306,1008039346.0,-1.0767160161507412,14.86
SH.601012,隆基绿能,2025-05-06 00:00:00,14.82,15.03,15.14,14.75,0.0,0.01116,84579146,1269076687.0,2.244897959183674,14.7
SH.601012,隆基绿能,2025-05-07 00:00:00,15.34,15.1,15.37,14.96,0.0,0.00807,61118931,921366124.0,0.4657351962741203,15.03
SH.601012,隆基绿能,2025-05-08 00:00:00,15.01,15.27,15.35,14.98,0.0,0.00877,66488295,1013941618.0,1.125827814569536,15.1
SH.601012,隆基绿能,2025-05-09 00:00:00,15.28,14.92,15.28,14.92,0.0,0.00701,53092116,797244309.0,-2.2920759659462977,15.27
SH.601012,隆基绿能,2025-05-12 00:00:00,15.09,15.39,15.39,15.08,0.0,0.01311,99346258,1517265367.0,3.1501340482573768,14.92
SH.601012,隆基绿能,2025-05-13 00:00:00,15.64,15.63,16.13,15.53,0.0,0.02056,155788623,2465768378.0,1.5594541910331396,15.39
SH.601012,隆基绿能,2025-05-14 00:00:00,15.49,15.53,15.65,15.31,0.0,0.01004,76118090,1176080371.0,-0.6397952655150443,15.63
SH.601012,隆基绿能,2025-05-15 00:00:00,15.49,15.09,15.49,15.09,0.0,0.00877,66450676,1010161820.0,-2.833226014166127,15.53
SH.601012,隆基绿能,2025-05-16 00:00:00,15.08,15.15,15.18,15.05,0.0,0.00578,43780807,661757848.0,0.3976143141153115,15.09
SH.601012,隆基绿能,2025-05-19 00:00:00,15.1,15.09,15.13,14.91,0.0,0.00479,36278046,545336701.0,-0.39603960396039933,15.15
SH.601012,隆基绿能,2025-05-20 00:00:00,15.1,15.11,15.12,14.97,0.0,0.00397,30116891,453421117.0,0.1325381047050999,15.09
SH.601012,隆基绿能,2025-05-21 00:00:00,15.12,15.13,15.23,15.05,0.0,0.00537,40698816,617024153.0,0.1323626737260182,15.11
SH.601012,隆基绿能,2025-05-22 00:00:00,15.08,15.01,15.12,14.97,0.0,0.00399,30219036,454481130.0,-0.7931262392597553,15.13
SH.601012,隆基绿能,2025-05-23 00:00:00,15.0,14.92,15.22,14.92,0.0,0.00607,45995597,692593713.0,-0.5996002664890064,15.01
SH.601012,隆基绿能,2025-05-26 00:00:00,14.93,14.99,15.15,14.9,0.0,0.00485,36720120,550921118.0,0.4691689008042914,14.92
SH.601012,隆基绿能,2025-05-27 00:00:00,14.91,14.44,14.98,14.38,0.0,0.01483,112400532,1633303771.0,-3.66911274182789,14.99
SH.601012,隆基绿能,2025-05-28 00:00:00,14.46,14.35,14.49,14.31,0.0,0.00514,38955608,560052880.0,-0.6232686980609409,14.44
SH.601012,隆基绿能,2025-05-29 00:00:00,14.35,14.53,14.54,14.31,0.0,0.00573,43385098,626880166.0,1.2543554006968622,14.35
SH.601012,隆基绿能,2025-05-30 00:00:00,14.49,14.38,14.53,14.37,0.0,0.00667,50510967,728441639.0,-1.0323468685478223,14.53
SH.601012,隆基绿能,2025-06-03 00:00:00,14.32,14.35,14.42,14.24,0.0,0.00432,32764258,469992048.0,-0.2086230876217047,14.38
SH.601012,隆基绿能,2025-06-04 00:00:00,14.4,14.48,14.55,14.39,0.0,0.00512,38805343,561672358.0,0.9059233449477406,14.35
SH.601012,隆基绿能,2025-06-05 00:00:00,14.48,14.5,14.54,14.4,0.0,0.00407,30876307,446328806.0,0.138121546961323,14.48
SH.601012,隆基绿能,2025-06-06 00:00:00,14.51,14.47,14.54,14.41,0.0,0.00469,35512024,513919733.0,-0.20689655172413352,14.5
SH.601012,隆基绿能,2025-06-09 00:00:00,14.26,14.48,14.57,14.07,0.0,0.011,83383371,1197979083.0,0.06910850034554103,14.47
SH.601012,隆基绿能,2025-06-10 00:00:00,14.43,14.3,14.64,14.27,0.0,0.00905,68546562,989361101.0,-1.2430939226519317,14.48
SH.601012,隆基绿能,2025-06-11 00:00:00,14.32,14.72,14.72,14.32,0.0,0.01293,97979745,1435315923.0,2.937062937062936,14.3
SH.601012,隆基绿能,2025-06-12 00:00:00,14.61,14.74,14.79,14.58,0.0,0.00678,51390170,756075947.0,0.13586956521738838,14.72
SH.601012,隆基绿能,2025-06-13 00:00:00,14.68,14.42,14.72,14.38,0.0,0.00796,60291819,874908405.0,-2.170963364993218,14.74
SH.601012,隆基绿能,2025-06-16 00:00:00,14.43,14.64,14.69,14.41,0.0,0.00678,51363319,748669103.0,1.5256588072122097,14.42
SH.601012,隆基绿能,2025-06-17 00:00:00,14.65,14.58,14.68,14.48,0.0,0.00452,34222684,497606694.0,-0.4098360655737739,14.64
SH.601012,隆基绿能,2025-06-18 00:00:00,14.54,14.59,14.68,14.49,0.0,0.00476,36100991,526557421.0,0.0685871056241412,14.58
SH.601012,隆基绿能,2025-06-19 00:00:00,14.53,14.33,14.72,14.32,0.0,0.00688,52158994,756133678.0,-1.7820424948594913,14.59
SH.601012,隆基绿能,2025-06-20 00:00:00,14.45,14.24,14.79,14.2,0.0,0.01105,83756030,1212495276.0,-0.628053035589671,14.33
SH.601012,隆基绿能,2025-06-23 00:00:00,14.15,14.29,14.43,14.08,0.0,0.00666,50439486,717926979.0,0.3511235955056105,14.24
SH.601012,隆基绿能,2025-06-24 00:00:00,14.29,14.51,14.53,14.29,0.0,0.00916,69402562,1002883775.0,1.539538138558437,14.29
SH.601012,隆基绿能,2025-06-25 00:00:00,14.55,14.64,14.66,14.36,0.0,0.01023,77500707,1125039221.0,0.8959338387319145,14.51
SH.601012,隆基绿能,2025-06-26 00:00:00,14.59,14.47,14.79,14.47,0.0,0.00851,64464156,942710353.0,-1.1612021857923494,14.64
SH.601012,隆基绿能,2025-06-27 00:00:00,14.48,14.57,14.88,14.48,0.0,0.00956,72478796,1063024012.0,0.6910850034554226,14.47
SH.601012,隆基绿能,2025-06-30 00:00:00,14.81,15.02,15.2,14.81,0.0,0.01429,108319500,1621976530.0,3.088538091969796,14.57
SH.601012,隆基绿能,2025-07-01 00:00:00,14.93,14.86,14.95,14.75,0.0,0.00838,63491858,942363553.0,-1.0652463382157134,15.02
SH.601012,隆基绿能,2025-07-02 00:00:00,14.96,15.56,15.61,14.93,0.0,0.0277,209882275,3215872899.0,4.710632570659496,14.86
SH.601012,隆基绿能,2025-07-03 00:00:00,15.56,15.54,15.67,15.33,0.0,0.01439,109059164,1687486007.0,-0.1285347043701886,15.56
SH.601012,隆基绿能,2025-07-04 00:00:00,15.8,15.57,15.95,15.5,0.0,0.01708,129398270,2028999626.0,0.19305019305020038,15.54
SH.601012,隆基绿能,2025-07-07 00:00:00,15.45,15.47,15.64,15.41,0.0,0.00682,51664448,800112618.0,-0.642260757867692,15.57
SH.601012,隆基绿能,2025-07-08 00:00:00,15.41,16.47,16.5,15.4,0.0,0.02942,222980267,3603593421.0,6.464124111182922,15.47
SH.601012,隆基绿能,2025-07-09 00:00:00,16.35,16.37,16.75,16.27,0.0,0.01966,148994088,2462427050.0,-0.6071645415907583,16.47
SH.601012,隆基绿能,2025-07-10 00:00:00,16.3,16.46,16.82,16.3,0.0,0.02189,165854856,2752068610.0,0.5497861942577877,16.37
SH.601012,隆基绿能,2025-07-11 00:00:00,16.53,16.25,16.56,16.24,0.0,0.01552,117601029,1919925271.0,-1.275820170109361,16.46
SH.601012,隆基绿能,2025-07-14 00:00:00,16.2,16.16,16.38,16.07,0.0,0.01178,89263490,1444926449.0,-0.553846153846153,16.25
SH.601012,隆基绿能,2025-07-15 00:00:00,16.15,16.02,16.26,15.87,0.0,0.0123,93218572,1493745062.0,-0.8663366336633699,16.16
SH.601012,隆基绿能,2025-07-16 00:00:00,16.02,15.91,16.07,15.75,0.0,0.01111,84228181,1336311192.0,-0.6866416978776494,16.02
SH.601012,隆基绿能,2025-07-17 00:00:00,16.18,16.21,16.36,15.96,0.0,0.01595,120886920,1953775775.0,1.8856065367693318,15.91
SH.601012,隆基绿能,2025-07-18 00:00:00,16.1,16.07,16.4,16.0,0.0,0.01064,80595606,1301639696.0,-0.8636644046884674,16.21
SH.601012,隆基绿能,2025-07-21 00:00:00,16.1,16.31,16.36,16.04,0.0,0.01064,80640345,1309532199.0,1.4934660858742903,16.07
SH.601012,隆基绿能,2025-07-22 00:00:00,16.28,16.57,16.65,16.18,0.0,0.01611,122046160,2007611624.0,1.5941140404659815,16.31
SH.601012,隆基绿能,2025-07-23 00:00:00,16.66,16.36,16.72,16.34,0.0,0.01374,104135028,1720972204.0,-1.267350633675322,16.57
SH.601012,隆基绿能,2025-07-24 00:00:00,16.27,16.88,16.88,16.25,0.0,0.01641,124333839,2069868451.0,3.178484107579459,16.36
SH.601012,隆基绿能,2025-07-25 00:00:00,16.88,16.52,16.88,16.47,0.0,0.01201,91042684,1513165941.0,-2.1327014218009444,16.88
SH.601012,隆基绿能,2025-07-28 00:00:00,16.4,16.41,16.59,16.25,0.0,0.00997,75549999,1239477502.0,-0.6658595641646454,16.52
SH.601012,隆基绿能,2025-07-29 00:00:00,16.41,16.56,16.56,16.26,0.0,0.01035,78420198,1288865023.0,0.9140767824497171,16.41
SH.601012,隆基绿能,2025-07-30 00:00:00,16.57,16.38,16.72,16.31,0.0,0.01126,85300086,1409445113.0,-1.0869565217391288,16.56
SH.601012,隆基绿能,2025-07-31 00:00:00,16.26,15.76,16.3,15.68,0.0,0.01695,128435942,2045926013.0,-3.7851037851037805,16.38
SH.601012,隆基绿能,2025-08-01 00:00:00,15.77,15.92,16.17,15.77,0.0,0.00963,73006498,1166848956.0,1.0152284263959401,15.76
SH.601012,隆基绿能,2025-08-04 00:00:00,15.78,15.78,15.87,15.59,0.0,0.00872,66055488,1036215323.0,-0.8793969849246267,15.92
SH.601012,隆基绿能,2025-08-05 00:00:00,15.77,15.92,15.92,15.69,0.0,0.00726,55017401,869796099.0,0.8871989860583053,15.78
SH.601012,隆基绿能,2025-08-06 00:00:00,15.86,15.94,16.02,15.78,0.0,0.00571,43235357,687706352.0,0.1256281407035149,15.92
SH.601012,隆基绿能,2025-08-07 00:00:00,16.0,15.84,16.09,15.77,0.0,0.00633,47971614,762028498.0,-0.6273525721455435,15.94
SH.601012,隆基绿能,2025-08-08 00:00:00,15.84,15.82,16.03,15.76,0.0,0.00811,61465129,976494489.0,-0.12626262626262355,15.84
SH.601012,隆基绿能,2025-08-11 00:00:00,15.86,16.01,16.1,15.8,0.0,0.00912,69100117,1103728328.0,1.2010113780025364,15.82
SH.601012,隆基绿能,2025-08-12 00:00:00,16.0,15.84,16.01,15.75,0.0,0.0091,68997798,1091781724.0,-1.0618363522798357,16.01
SH.601012,隆基绿能,2025-08-13 00:00:00,15.85,15.83,15.95,15.76,0.0,0.00968,73335522,1161049476.0,-0.06313131313131178,15.84
SH.601012,隆基绿能,2025-08-14 00:00:00,15.83,15.56,15.86,15.52,0.0,0.01155,87492570,1374152542.0,-1.7056222362602629,15.83
SH.601012,隆基绿能,2025-08-15 00:00:00,15.52,16.16,16.18,15.5,0.0,0.02054,155680825,2488498436.0,3.856041131105396,15.56
SH.601012,隆基绿能,2025-08-18 00:00:00,16.3,16.31,16.6,16.22,0.0,0.02079,157541848,2587967729.0,0.9282178217821695,16.16
SH.601012,隆基绿能,2025-08-19 00:00:00,16.37,15.97,16.45,15.96,0.0,0.01653,125239882,2023846783.0,-2.084610668301644,16.31
SH.601012,隆基绿能,2025-08-20 00:00:00,16.21,16.2,16.4,15.88,0.0,0.01836,139107645,2244340968.0,1.4402003757044373,15.97
SH.601012,隆基绿能,2025-08-21 00:00:00,16.13,16.2,16.47,16.09,0.0,0.01355,102652532,1669520799.0,0.0,16.2
SH.601012,隆基绿能,2025-08-22 00:00:00,16.2,16.52,16.58,16.12,0.0,0.01783,135135078,2220132731.0,1.9753086419753103,16.2
SH.601012,隆基绿能,2025-08-25 00:00:00,16.52,16.77,16.98,16.49,0.0,0.02461,186489890,3121220247.0,1.513317191283293,16.52
SH.601012,隆基绿能,2025-08-26 00:00:00,16.79,16.85,17.04,16.58,0.0,0.01827,138440095,2339696846.0,0.4770423375074648,16.77
SH.601012,隆基绿能,2025-08-27 00:00:00,16.86,16.55,17.34,16.55,0.0,0.0201,152330048,2580395397.0,-1.7804154302670665,16.85
SH.601012,隆基绿能,2025-08-28 00:00:00,16.51,16.89,17.04,16.41,0.0,0.02118,160517844,2692371996.0,2.0543806646525673,16.55
SH.601012,隆基绿能,2025-08-29 00:00:00,16.93,17.17,17.3,16.79,0.0,0.02345,177731547,3040019681.0,1.65778567199527,16.89
SH.601012,隆基绿能,2025-09-01 00:00:00,17.14,17.08,17.14,16.8,0.0,0.01869,141622645,2399715327.0,-0.5241700640652498,17.17
SH.601012,隆基绿能,2025-09-02 00:00:00,17.08,16.74,17.47,16.62,0.0,0.02207,167230605,2840008508.0,-1.9906323185011705,17.08
SH.601012,隆基绿能,2025-09-03 00:00:00,16.81,17.18,17.29,16.76,0.0,0.03428,259791261,4450596885.0,2.6284348864994107,16.74
SH.601012,隆基绿能,2025-09-04 00:00:00,17.17,17.4,18.1,17.11,0.0,0.04469,338670513,5975921430.0,1.2805587892898653,17.18
SH.601012,隆基绿能,2025-09-05 00:00:00,17.48,18.1,18.2,17.3,0.0,0.04464,338285539,6071716055.0,4.022988505747143,17.4
SH.601012,隆基绿能,2025-09-08 00:00:00,18.39,17.99,18.45,17.85,0.0,0.02872,217614487,3922496632.0,-0.6077348066298507,18.1
SH.601012,隆基绿能,2025-09-09 00:00:00,17.81,17.61,18.05,17.53,0.0,0.01938,146856909,2603150424.0,-2.112284602556971,17.99
SH.601012,隆基绿能,2025-09-10 00:00:00,17.5,17.2,17.58,17.0,0.0,0.02029,153766867,2648424099.0,-2.3282226007950038,17.61
SH.601012,隆基绿能,2025-09-11 00:00:00,17.14,17.28,17.36,17.01,0.0,0.01451,109961425,1891692039.0,0.4651162790697782,17.2
SH.601012,隆基绿能,2025-09-12 00:00:00,17.29,17.12,17.36,16.98,0.0,0.01447,109656683,1881430322.0,-0.9259259259259267,17.28
SH.601012,隆基绿能,2025-09-15 00:00:00,17.13,17.16,17.5,17.1,0.0,0.01409,106744870,1843544711.0,0.23364485981307911,17.12
SH.601012,隆基绿能,2025-09-16 00:00:00,17.29,17.05,17.5,16.85,0.0,0.01581,119800928,2045195615.0,-0.6410256410256377,17.16
SH.601012,隆基绿能,2025-09-17 00:00:00,17.0,17.3,17.47,16.82,0.0,0.01747,132376823,2279274111.0,1.4662756598240467,17.05
SH.601012,隆基绿能,2025-09-18 00:00:00,17.31,16.82,17.4,16.64,0.0,0.02031,153904661,2622599869.0,-2.774566473988442,17.3
SH.601012,隆基绿能,2025-09-19 00:00:00,16.82,16.9,17.11,16.78,0.0,0.01453,110138554,1869844831.0,0.4756242568370886,16.82
SH.601012,隆基绿能,2025-09-22 00:00:00,16.9,16.6,16.91,16.43,0.0,0.0141,106842351,1771746495.0,-1.7751479289940661,16.9
SH.601012,隆基绿能,2025-09-23 00:00:00,16.55,16.29,16.7,16.07,0.0,0.01365,103434227,1687496776.0,-1.867469879518086,16.6
SH.601012,隆基绿能,2025-09-24 00:00:00,16.28,17.4,17.4,16.18,0.0,0.02381,180419126,3038409287.0,6.813996316758744,16.29
SH.601012,隆基绿能,2025-09-25 00:00:00,17.38,17.76,18.05,17.23,0.0,0.02983,226022677,4013782259.0,2.0689655172413968,17.4
SH.601012,隆基绿能,2025-09-26 00:00:00,17.65,17.5,17.83,17.48,0.0,0.01272,96418760,1698219493.0,-1.4639639639639725,17.76
SH.601012,隆基绿能,2025-09-29 00:00:00,17.48,17.58,17.7,17.39,0.0,0.01545,117091910,2053870973.0,0.45714285714284736,17.5
SH.601012,隆基绿能,2025-09-30 00:00:00,17.59,18.0,18.05,17.46,0.0,0.02233,169237697,3014925216.0,2.389078498293525,17.58
SH.601012,隆基绿能,2025-10-09 00:00:00,18.05,18.88,19.11,17.87,0.0,0.03633,275340655,5131257215.0,4.888888888888884,18.0
SH.601012,隆基绿能,2025-10-10 00:00:00,18.97,18.4,19.22,18.26,0.0,0.02492,188872474,3528008334.0,-2.5423728813559343,18.88
SH.601012,隆基绿能,2025-10-13 00:00:00,17.65,18.13,18.29,17.63,0.0,0.02078,157447206,2824417781.0,-1.467391304347824,18.4
SH.601012,隆基绿能,2025-10-14 00:00:00,18.4,19.28,19.94,18.4,0.0,0.07349,556940097,10927964906.0,6.343077771649212,18.13
SH.601012,隆基绿能,2025-10-15 00:00:00,19.27,19.72,20.24,18.84,0.0,0.06087,461251232,9042907864.0,2.2821576763485356,19.28
SH.601012,隆基绿能,2025-10-16 00:00:00,19.65,20.25,20.35,19.51,0.0,0.04699,356063887,7120042855.0,2.687626774847876,19.72
SH.601012,隆基绿能,2025-10-17 00:00:00,20.09,19.7,20.74,19.52,0.0,0.04479,339417902,6805387264.0,-2.716049382716053,20.25
SH.601012,隆基绿能,2025-10-20 00:00:00,19.65,19.06,19.67,18.92,0.0,0.0288,218274742,4185835833.0,-3.248730964467008,19.7
SH.601012,隆基绿能,2025-10-21 00:00:00,19.08,19.01,19.26,18.93,0.0,0.01855,140583302,2680751281.0,-0.26232948583419285,19.06
SH.601012,隆基绿能,2025-10-22 00:00:00,19.17,18.77,19.39,18.72,0.0,0.01809,137123602,2597092644.0,-1.2624934245134243,19.01
SH.601012,隆基绿能,2025-10-23 00:00:00,18.65,19.04,19.11,18.38,0.0,0.02306,174756453,3274446752.0,1.4384656366542332,18.77
SH.601012,隆基绿能,2025-10-24 00:00:00,19.05,18.84,19.48,18.69,0.0,0.01882,142630836,2710507388.0,-1.0504201680672232,19.04
SH.601012,隆基绿能,2025-10-27 00:00:00,19.0,19.06,19.38,18.87,0.0,0.02174,164710636,3152114268.0,1.167728237791926,18.84
SH.601012,隆基绿能,2025-10-28 00:00:00,19.19,18.9,19.22,18.76,0.0,0.01536,116418558,2207676661.0,-0.8394543546694656,19.06
SH.601012,隆基绿能,2025-10-29 00:00:00,18.9,20.79,20.79,18.81,0.0,0.05147,390006627,7852274544.0,10.000000000000004,18.9
SH.601012,隆基绿能,2025-10-30 00:00:00,21.01,21.51,22.14,21.0,0.0,0.065,492543812,10673662671.0,3.463203463203475,20.79
SH.601012,隆基绿能,2025-10-31 00:00:00,21.41,21.11,22.24,21.0,0.0,0.0421,319061395,6863229668.0,-1.8596001859600284,21.51
SH.601012,隆基绿能,2025-11-03 00:00:00,21.37,21.76,21.88,21.2,0.0,0.03824,289819163,6249206921.0,3.0791094268119474,21.11
SH.601012,隆基绿能,2025-11-04 00:00:00,21.78,21.35,21.93,21.18,0.0,0.02583,195737981,4212139097.0,-1.8841911764705888,21.76
SH.601012,隆基绿能,2025-11-05 00:00:00,21.01,21.85,22.52,20.73,0.0,0.04359,330328825,7153463684.0,2.34192037470726,21.35
SH.601012,隆基绿能,2025-11-06 00:00:00,21.85,21.77,22.16,21.42,0.0,0.02925,221645802,4818581107.0,-0.36613272311213657,21.85
SH.601012,隆基绿能,2025-11-07 00:00:00,21.64,22.43,23.3,21.64,0.0,0.05573,422335016,9584105295.0,3.0316949931097845,21.77
SH.601012,隆基绿能,2025-11-10 00:00:00,22.88,22.8,23.57,22.6,0.0,0.05319,403103509,9280405739.0,1.6495764600980873,22.43
SH.601012,隆基绿能,2025-11-11 00:00:00,22.8,22.44,23.09,22.41,0.0,0.03706,280837054,6387793972.0,-1.5789473684210502,22.8
SH.601012,隆基绿能,2025-11-12 00:00:00,22.3,20.79,22.3,20.22,0.0,0.06893,522345318,10945020730.0,-7.352941176470597,22.44
SH.601012,隆基绿能,2025-11-13 00:00:00,20.8,21.3,21.64,20.69,0.0,0.04248,321939600,6821922566.0,2.453102453102461,20.79
SH.601012,隆基绿能,2025-11-14 00:00:00,21.0,21.88,23.11,20.8,0.0,0.05342,404831662,8888797854.0,2.7230046948356725,21.3
SH.601012,隆基绿能,2025-11-17 00:00:00,22.0,21.69,22.1,21.26,0.0,0.03052,231245721,4997065752.0,-0.868372943327229,21.88
SH.601012,隆基绿能,2025-11-18 00:00:00,21.54,21.15,21.88,21.01,0.0,0.02289,173462373,3693621417.0,-2.48962655601661,21.69
SH.601012,隆基绿能,2025-11-19 00:00:00,21.15,21.2,21.44,20.64,0.0,0.0259,196251424,4120662266.0,0.23640661938534616,21.15
SH.601012,隆基绿能,2025-11-20 00:00:00,21.2,20.1,21.3,20.0,0.0,0.03086,233883865,4822149607.0,-5.188679245283009,21.2
SH.601012,隆基绿能,2025-11-21 00:00:00,19.7,18.84,19.9,18.81,0.0,0.03789,287123974,5515259064.0,-6.268656716417918,20.1
SH.601012,隆基绿能,2025-11-24 00:00:00,19.02,18.76,19.09,18.51,0.0,0.02131,161506415,3026319105.0,-0.4246284501061481,18.84
SH.601012,隆基绿能,2025-11-25 00:00:00,18.91,18.98,19.23,18.8,0.0,0.01818,137779698,2619061640.0,1.1727078891257934,18.76
SH.601012,隆基绿能,2025-11-26 00:00:00,19.12,18.81,19.2,18.7,0.0,0.01946,147489566,2791746110.0,-0.8956796628029595,18.98
SH.601012,隆基绿能,2025-11-27 00:00:00,18.76,18.58,19.07,18.52,0.0,0.02072,157044053,2953523047.0,-1.222753854332804,18.81
SH.601012,隆基绿能,2025-11-28 00:00:00,18.49,18.57,18.72,18.35,0.0,0.01663,125989153,2337017110.0,-0.05382131324003235,18.58
SH.601012,隆基绿能,2025-12-01 00:00:00,18.7,18.75,18.85,18.5,0.0,0.01682,127434712,2380406032.0,0.9693053311793199,18.57
SH.601012,隆基绿能,2025-12-02 00:00:00,18.65,18.31,18.66,18.25,0.0,0.01666,126276537,2319595364.0,-2.346666666666674,18.75
SH.601012,隆基绿能,2025-12-03 00:00:00,18.3,18.02,18.34,17.98,0.0,0.01479,112054210,2028587487.0,-1.5838339705079147,18.31
SH.601012,隆基绿能,2025-12-04 00:00:00,17.87,17.91,18.03,17.8,0.0,0.01146,86869694,1555532232.0,-0.6104328523862345,18.02
SH.601012,隆基绿能,2025-12-05 00:00:00,17.92,18.02,18.07,17.81,0.0,0.01358,102873797,1849427406.0,0.6141820212171939,17.91
SH.601012,隆基绿能,2025-12-08 00:00:00,17.99,18.08,18.17,17.9,0.0,0.01429,108315049,1956004320.0,0.33296337402884973,18.02
SH.601012,隆基绿能,2025-12-09 00:00:00,18.06,18.2,18.26,17.9,0.0,0.0198,150069026,2715269483.0,0.6637168141592976,18.08
SH.601012,隆基绿能,2025-12-10 00:00:00,18.29,18.2,18.54,17.8,0.0,0.02268,171883421,3112585783.0,0.0,18.2
SH.601012,隆基绿能,2025-12-11 00:00:00,18.16,17.88,18.26,17.86,0.0,0.01332,100935567,1822141144.0,-1.75824175824176,18.2
SH.601012,隆基绿能,2025-12-12 00:00:00,17.95,18.19,18.25,17.86,0.0,0.01712,129753760,2349187324.0,1.7337807606264108,17.88
SH.601012,隆基绿能,2025-12-15 00:00:00,18.15,18.0,18.37,17.96,0.0,0.01589,120415202,2188971476.0,-1.0445299615173242,18.19
SH.601012,隆基绿能,2025-12-16 00:00:00,17.99,17.46,17.99,17.3,0.0,0.0176,133384102,2338261249.0,-2.9999999999999956,18.0
SH.601012,隆基绿能,2025-12-17 00:00:00,17.49,17.78,17.82,17.44,0.0,0.01204,91202372,1607351227.0,1.832760595647195,17.46
SH.601012,隆基绿能,2025-12-18 00:00:00,17.7,17.7,17.9,17.61,0.0,0.00923,69934436,1243572701.0,-0.4499437570303816,17.78
SH.601012,隆基绿能,2025-12-19 00:00:00,17.71,18.08,18.41,17.71,0.0,0.01833,138915627,2517253951.0,2.146892655367226,17.7
SH.601012,隆基绿能,2025-12-22 00:00:00,18.09,18.11,18.28,18.09,0.0,0.01189,90095066,1635920071.0,0.16592920353982932,18.08
SH.601012,隆基绿能,2025-12-23 00:00:00,18.12,18.02,18.18,17.92,0.0,0.01127,85374901,1540542116.0,-0.49696300386526704,18.11
SH.601012,隆基绿能,2025-12-24 00:00:00,17.94,18.13,18.23,17.77,0.0,0.01148,87031250,1570606116.0,0.6104328523862345,18.02
SH.601012,隆基绿能,2025-12-25 00:00:00,18.04,18.27,18.31,17.95,0.0,0.01261,95561755,1734543765.0,0.7722007722007753,18.13
SH.601012,隆基绿能,2025-12-26 00:00:00,18.84,19.02,19.33,18.7,0.0,0.03633,275273234,5236282801.0,4.105090311986864,18.27
SH.601012,隆基绿能,2025-12-29 00:00:00,19.03,18.7,19.18,18.61,0.0,0.02019,152993339,2885659169.0,-1.682439537329129,19.02
SH.601012,隆基绿能,2025-12-30 00:00:00,18.55,18.44,18.75,18.4,0.0,0.01297,98250988,1817628693.0,-1.3903743315507917,18.7
SH.601012,隆基绿能,2025-12-31 00:00:00,18.42,18.2,18.54,18.17,0.0,0.01347,102076729,1868825732.0,-1.3015184381778848,18.44
SH.601012,隆基绿能,2026-01-05 00:00:00,18.43,18.49,18.5,18.23,0.0,0.01403,106353240,1958453795.0,1.5934065934065889,18.2
SH.601012,隆基绿能,2026-01-06 00:00:00,18.49,18.83,18.88,18.45,0.0,0.01953,147992462,2771718349.0,1.8388318009734985,18.49
SH.601012,隆基绿能,2026-01-07 00:00:00,18.83,18.65,18.85,18.56,0.0,0.01941,147104468,2746859052.0,-0.9559214020180549,18.83
SH.601012,隆基绿能,2026-01-08 00:00:00,18.53,18.77,18.93,18.39,0.0,0.02027,153637712,2873301340.0,0.6434316353887453,18.65
SH.601012,隆基绿能,2026-01-09 00:00:00,18.61,18.39,18.77,18.28,0.0,0.03022,229018741,4231356213.0,-2.024507192328178,18.77
SH.601012,隆基绿能,2026-01-12 00:00:00,18.1,19.23,19.45,18.02,0.0,0.04808,364382289,6919241186.0,4.567699836867862,18.39
SH.601012,隆基绿能,2026-01-13 00:00:00,19.23,18.5,19.23,18.42,0.0,0.03676,278558180,5201821676.0,-3.7961518460738453,19.23
SH.601012,隆基绿能,2026-01-14 00:00:00,18.43,18.59,19.07,18.37,0.0,0.03369,255312684,4786478140.0,0.4864864864864857,18.5
SH.601012,隆基绿能,2026-01-15 00:00:00,18.5,18.5,18.99,18.4,0.0,0.02113,160109424,2981575224.0,-0.4841312533620219,18.59
SH.601012,隆基绿能,2026-01-16 00:00:00,18.61,18.73,18.95,18.47,0.0,0.02571,194850570,3645110363.0,1.2432432432432454,18.5
SH.601012,隆基绿能,2026-01-19 00:00:00,18.4,18.32,18.59,17.8,0.0,0.03018,228742554,4184561250.0,-2.18900160170849,18.73
SH.601012,隆基绿能,2026-01-20 00:00:00,18.23,17.38,18.39,17.3,0.0,0.04177,316555022,5578437512.0,-5.131004366812234,18.32
SH.601012,隆基绿能,2026-01-21 00:00:00,17.31,17.22,17.47,17.1,0.0,0.02027,153578284,2658057827.0,-0.9205983889528202,17.38
SH.601012,隆基绿能,2026-01-22 00:00:00,17.2,17.59,17.93,17.15,0.0,0.02528,191560397,3360706958.0,2.148664343786301,17.22
SH.601012,隆基绿能,2026-01-23 00:00:00,17.61,19.35,19.35,17.61,0.0,0.06579,498597065,9394050972.0,10.005685048322919,17.59
SH.601012,隆基绿能,2026-01-26 00:00:00,19.83,19.09,20.05,18.98,0.0,0.07083,536787523,10439391593.0,-1.3436692506460028,19.35
SH.601012,隆基绿能,2026-01-27 00:00:00,18.8,19.2,19.39,18.36,0.0,0.05099,386428304,7306070379.0,0.5762179151388132,19.09
SH.601012,隆基绿能,2026-01-28 00:00:00,19.16,18.82,19.44,18.8,0.0,0.0341,258433969,4916577972.0,-1.9791666666666616,19.2
SH.601012,隆基绿能,2026-01-29 00:00:00,18.68,18.77,19.3,18.6,0.0,0.03635,275455171,5210968053.0,-0.26567481402763393,18.82
SH.601012,隆基绿能,2026-01-30 00:00:00,18.58,17.88,18.82,17.71,0.0,0.03849,291651273,5264912030.0,-4.741608950452854,18.77
SH.601012,隆基绿能,2026-02-02 00:00:00,18.16,17.64,18.25,17.61,0.0,0.02258,171096790,3067558742.0,-1.3422818791946223,17.88
SH.601012,隆基绿能,2026-02-03 00:00:00,17.83,18.57,18.58,17.83,0.0,0.03736,283126265,5170147381.0,5.2721088435374135,17.64
SH.601012,隆基绿能,2026-02-04 00:00:00,18.4,19.31,19.44,18.3,0.0,0.05403,409458710,7779064977.0,3.984921917070535,18.57
SH.601012,隆基绿能,2026-02-05 00:00:00,19.01,18.23,19.01,18.16,0.0,0.043,325825007,6013712042.0,-5.592957017089582,19.31
SH.601012,隆基绿能,2026-02-06 00:00:00,18.05,18.36,18.67,18.0,0.0,0.02787,211197425,3887739122.0,0.7131102578167801,18.23
SH.601012,隆基绿能,2026-02-09 00:00:00,18.78,19.18,19.75,18.74,0.0,0.05659,428820049,8275472542.0,4.466230936819174,18.36
SH.601012,隆基绿能,2026-02-10 00:00:00,19.0,18.81,19.28,18.77,0.0,0.02986,226249434,4280477047.0,-1.929092805005219,19.18
SH.601012,隆基绿能,2026-02-11 00:00:00,18.8,18.59,18.99,18.55,0.0,0.02086,158110407,2959090907.0,-1.1695906432748477,18.81
SH.601012,隆基绿能,2026-02-12 00:00:00,18.59,18.49,18.65,18.4,0.0,0.01887,142980786,2647753652.0,-0.5379236148466994,18.59
SH.601012,隆基绿能,2026-02-13 00:00:00,18.4,18.13,18.44,18.1,0.0,0.01958,148402387,2707298690.0,-1.946998377501349,18.49
SH.601012,隆基绿能,2026-02-24 00:00:00,18.35,18.28,18.43,18.19,0.0,0.01722,130471940,2391080125.0,0.8273579702151248,18.13
SH.601012,隆基绿能,2026-02-25 00:00:00,18.32,18.57,18.62,18.29,0.0,0.01879,142362468,2628915859.0,1.5864332603938682,18.28
SH.601012,隆基绿能,2026-02-26 00:00:00,18.54,18.27,18.54,18.16,0.0,0.01787,135456546,2475716261.0,-1.615508885298873,18.57
SH.601012,隆基绿能,2026-02-27 00:00:00,18.17,18.32,18.5,18.16,0.0,0.01526,115607932,2120773487.0,0.2736726874657948,18.27
SH.601012,隆基绿能,2026-03-02 00:00:00,17.97,18.12,18.55,17.9,0.0,0.02159,163628686,2976079934.0,-1.091703056768555,18.32
SH.601012,隆基绿能,2026-03-03 00:00:00,18.2,17.99,18.73,17.9,0.0,0.03005,227733841,4166800912.0,-0.7174392935982481,18.12
SH.601012,隆基绿能,2026-03-04 00:00:00,17.61,17.66,18.06,17.58,0.0,0.02058,155940111,2771722872.0,-1.8343524180099964,17.99
SH.601012,隆基绿能,2026-03-05 00:00:00,17.93,17.76,18.0,17.71,0.0,0.01576,119452315,2130166382.0,0.5662514156285471,17.66
SH.601012,隆基绿能,2026-03-06 00:00:00,17.76,18.0,18.08,17.58,0.0,0.01588,120323418,2154129920.0,1.3513513513513424,17.76
SH.601012,隆基绿能,2026-03-09 00:00:00,18.01,18.39,18.49,17.92,0.0,0.02722,206275509,3764605465.0,2.16666666666667,18.0
SH.601012,隆基绿能,2026-03-10 00:00:00,18.25,18.56,18.62,18.1,0.0,0.02413,182834037,3357305878.0,0.9244154431756288,18.39
SH.601012,隆基绿能,2026-03-11 00:00:00,18.55,18.79,18.95,18.39,0.0,0.03051,231193577,4333875458.0,1.2392241379310367,18.56
SH.601012,隆基绿能,2026-03-12 00:00:00,18.74,18.94,19.07,18.46,0.0,0.033,250082130,4690086895.0,0.7982969664715388,18.79
SH.601012,隆基绿能,2026-03-13 00:00:00,18.92,18.87,19.47,18.78,0.0,0.04512,341948340,6538240298.0,-0.36958817317845977,18.94
SH.601012,隆基绿能,2026-03-16 00:00:00,18.95,18.68,19.19,18.61,0.0,0.02657,201316284,3784642047.0,-1.0068892421833666,18.87
SH.601012,隆基绿能,2026-03-17 00:00:00,18.77,18.79,19.43,18.76,0.0,0.03577,271053214,5173834238.0,0.58886509635974,18.68
SH.601012,隆基绿能,2026-03-18 00:00:00,18.76,18.54,18.97,18.29,0.0,0.02421,183500858,3402104019.0,-1.3304949441192124,18.79
SH.601012,隆基绿能,2026-03-19 00:00:00,18.35,18.52,18.79,18.31,0.0,0.02268,171859699,3195484336.0,-0.10787486515641627,18.54
SH.601012,隆基绿能,2026-03-20 00:00:00,18.5,18.99,19.6,18.42,0.0,0.05898,446958792,8522747284.0,2.5377969762418946,18.52
SH.601012,隆基绿能,2026-03-23 00:00:00,19.05,18.81,19.4,18.69,0.0,0.05314,402690738,7694518391.0,-0.9478672985781975,18.99
SH.601012,隆基绿能,2026-03-24 00:00:00,18.94,19.04,19.2,17.77,0.0,0.05147,390051589,7216531581.0,1.222753854332804,18.81
SH.601012,隆基绿能,2026-03-25 00:00:00,18.81,18.89,19.18,18.73,0.0,0.03473,263203670,4980370423.0,-0.7878151260504127,19.04
SH.601012,隆基绿能,2026-03-26 00:00:00,18.89,18.37,19.06,18.31,0.0,0.03245,245895227,4577231092.0,-2.7527792482795106,18.89
SH.601012,隆基绿能,2026-03-27 00:00:00,18.1,18.52,18.74,18.08,0.0,0.02739,207588734,3819551092.0,0.8165487207403297,18.37
SH.601012,隆基绿能,2026-03-30 00:00:00,18.4,17.96,18.57,17.8,0.0,0.02868,217317199,3916247299.0,-3.023758099352045,18.52
SH.601012,隆基绿能,2026-03-31 00:00:00,17.9,17.54,18.02,17.53,0.0,0.02112,160019139,2842679053.0,-2.3385300668151543,17.96
SH.601012,隆基绿能,2026-04-01 00:00:00,17.72,17.89,18.03,17.54,0.0,0.0178,134902214,2398083291.0,1.9954389965792556,17.54
