code,name,time_key,open,close,high,low,pe_ratio,turnover_rate,volume,turnover,change_rate,last_close
SH.601888,中国中免,2019-06-03 00:00:00,69.86,69.1,70.91,68.37,35.276,0.00347,6773053,521090024.0,-1.1020466580793047,69.87
SH.601888,中国中免,2019-06-04 00:00:00,68.99,68.18,69.48,67.58,34.852,0.00305,5962995,452173798.0,-1.3314037626627897,69.1
SH.601888,中国中免,2019-06-05 00:00:00,68.77,67.03,68.98,66.89,34.323,0.00304,5938424,446426955.0,-1.686711645643892,68.18
SH.601888,中国中免,2019-06-06 00:00:00,67.55,66.41,67.97,65.92,34.037,0.00383,7469753,554939197.0,-0.9249589735939199,67.03
SH.601888,中国中免,2019-06-10 00:00:00,67.04,68.42,68.98,66.5,34.963,0.00313,6119269,462580444.0,3.0266526125583577,66.41
SH.601888,中国中免,2019-06-11 00:00:00,68.8,71.18,71.46,68.8,36.233,0.0055,10730225,835186999.0,4.03390821397253,68.42
SH.601888,中国中免,2019-06-12 00:00:00,71.13,71.53,71.64,70.53,36.395,0.00307,5999056,471844516.0,0.49171115481876126,71.18
SH.601888,中国中免,2019-06-13 00:00:00,71.63,70.98,71.68,70.25,36.141,0.00236,4601788,361120804.0,-0.7689081504263905,71.53
SH.601888,中国中免,2019-06-14 00:00:00,71.47,71.94,74.08,71.36,36.583,0.0043,8392011,672783421.0,1.352493660185959,70.98
SH.601888,中国中免,2019-06-17 00:00:00,72.4,73.78,74.54,72.0,37.43,0.00398,7765397,629353185.0,2.557686961356691,71.94
SH.601888,中国中免,2019-06-18 00:00:00,73.88,72.51,74.06,72.27,36.846,0.00284,5538518,445827925.0,-1.7213336947682245,73.78
SH.601888,中国中免,2019-06-19 00:00:00,73.96,75.15,75.46,73.36,38.061,0.00431,8406712,690780620.0,3.6408771203971875,72.51
SH.601888,中国中免,2019-06-20 00:00:00,75.16,78.16,80.37,74.51,39.447,0.00644,12566352,1070179970.0,4.005322687957406,75.15
SH.601888,中国中免,2019-06-21 00:00:00,78.08,77.52,79.68,76.78,39.152,0.00469,9147510,780237910.0,-0.8188331627430918,78.16
SH.601888,中国中免,2019-06-24 00:00:00,77.9,78.54,79.52,76.81,39.369,0.00355,6930904,590280377.0,1.3157894736842237,77.52
SH.601888,中国中免,2019-06-25 00:00:00,78.65,77.55,79.02,76.63,38.913,0.00366,7139584,604595987.0,-1.2605042016806838,78.54
SH.601888,中国中免,2019-06-26 00:00:00,77.4,78.03,78.43,77.1,39.134,0.00274,5341223,452591434.0,0.618955512572539,77.55
SH.601888,中国中免,2019-06-27 00:00:00,78.44,79.61,80.26,77.63,39.861,0.00437,8534183,737800150.0,2.0248622324746868,78.03
SH.601888,中国中免,2019-06-28 00:00:00,79.61,81.68,81.72,78.84,40.814,0.00317,6196363,540173325.0,2.600175857304368,79.61
SH.601888,中国中免,2019-07-01 00:00:00,82.63,83.23,84.31,82.44,41.528,0.00463,9037056,813870695.0,1.8976493633692422,81.68
SH.601888,中国中免,2019-07-02 00:00:00,83.23,84.21,84.63,81.61,41.979,0.00467,9113747,822380513.0,1.1774600504625612,83.23
SH.601888,中国中免,2019-07-03 00:00:00,84.03,81.21,84.72,80.53,40.598,0.00486,9482575,846385614.0,-3.5625222657641613,84.21
SH.601888,中国中免,2019-07-04 00:00:00,79.33,76.33,79.36,74.68,38.351,0.01474,28774383,2401866198.0,-6.00911217830316,81.21
SH.601888,中国中免,2019-07-05 00:00:00,76.53,79.53,80.36,76.29,39.825,0.00776,15145428,1295168829.0,4.192322808856286,76.33
SH.601888,中国中免,2019-07-08 00:00:00,79.92,78.03,79.93,77.01,39.134,0.00478,9327576,792950902.0,-1.886080724254998,79.53
SH.601888,中国中免,2019-07-09 00:00:00,78.65,78.05,78.82,77.6,39.143,0.00256,4992551,425099144.0,0.025631167499674506,78.03
SH.601888,中国中免,2019-07-10 00:00:00,78.91,80.97,81.8,78.13,40.488,0.00513,10008802,874445226.0,3.741191543882129,78.05
SH.601888,中国中免,2019-07-11 00:00:00,81.62,79.15,82.63,78.36,39.65,0.00564,11008846,963700892.0,-2.247746078794607,80.97
SH.601888,中国中免,2019-07-12 00:00:00,79.03,80.74,81.89,79.03,40.382,0.00391,7633825,670242271.0,2.0088439671509652,79.15
SH.601888,中国中免,2019-07-15 00:00:00,81.43,80.85,81.44,79.63,40.432,0.00301,5877709,514621208.0,0.13623978201634807,80.74
SH.601888,中国中免,2019-07-16 00:00:00,81.15,79.23,81.15,79.08,39.686,0.00328,6410423,555410112.0,-2.003710575139135,80.85
SH.601888,中国中免,2019-07-17 00:00:00,78.83,77.74,78.83,75.53,39.0,0.0065,12694211,1070902048.0,-1.8806007825318807,79.23
SH.601888,中国中免,2019-07-18 00:00:00,78.04,78.23,78.73,77.78,39.226,0.00316,6163777,525353524.0,0.6303061487008094,77.74
SH.601888,中国中免,2019-07-19 00:00:00,78.83,78.91,80.38,78.37,39.539,0.00306,5966276,513830690.0,0.8692317525245975,78.23
SH.601888,中国中免,2019-07-22 00:00:00,78.22,81.05,81.43,78.04,40.524,0.00367,7156852,621372045.0,2.7119503231529603,78.91
SH.601888,中国中免,2019-07-23 00:00:00,81.0,79.16,81.03,78.63,39.654,0.00385,7507842,647601469.0,-2.331893892658853,81.05
SH.601888,中国中免,2019-07-24 00:00:00,79.32,79.0,79.58,78.65,39.581,0.00237,4631924,398256339.0,-0.20212228398180468,79.16
SH.601888,中国中免,2019-07-25 00:00:00,79.32,81.13,81.15,78.7,40.561,0.00389,7586960,662139006.0,2.696202531645564,79.0
SH.601888,中国中免,2019-07-26 00:00:00,80.88,82.63,83.52,80.67,41.252,0.00431,8419780,753897861.0,1.848884506347837,81.13
SH.601888,中国中免,2019-07-29 00:00:00,83.01,83.53,83.53,82.43,41.666,0.00249,4852679,437034458.0,1.0891927871233278,82.63
SH.601888,中国中免,2019-07-30 00:00:00,83.71,82.97,83.83,81.83,41.408,0.00308,6013815,538850255.0,-0.6704178139590593,83.53
SH.601888,中国中免,2019-07-31 00:00:00,82.29,83.53,83.59,81.06,41.666,0.00321,6276069,559590460.0,0.6749427503917106,82.97
SH.601888,中国中免,2019-08-01 00:00:00,83.03,82.53,84.96,81.21,41.206,0.00445,8690726,783723595.0,-1.1971746677840296,83.53
SH.601888,中国中免,2019-08-02 00:00:00,81.93,83.5,84.13,80.78,41.652,0.0036,7029276,627538802.0,1.1753301829637695,82.53
SH.601888,中国中免,2019-08-05 00:00:00,82.36,78.83,82.91,78.76,39.502,0.00622,12151267,1065522288.0,-5.592814371257488,83.5
SH.601888,中国中免,2019-08-06 00:00:00,75.33,78.88,78.93,75.3,39.525,0.00766,14950964,1254524369.0,0.06342762907522156,78.83
SH.601888,中国中免,2019-08-07 00:00:00,79.2,79.23,80.62,78.23,39.686,0.00382,7458770,644292133.0,0.4437119675456498,78.88
SH.601888,中国中免,2019-08-08 00:00:00,79.53,80.55,80.83,79.43,40.294,0.00274,5356716,467536255.0,1.66603559257856,79.23
SH.601888,中国中免,2019-08-09 00:00:00,81.33,80.43,81.52,80.18,40.239,0.00231,4506398,395412363.0,-0.14897579143387998,80.55
SH.601888,中国中免,2019-08-12 00:00:00,80.63,80.63,81.17,79.91,40.331,0.0023,4498658,393001472.0,0.24866343404200997,80.43
SH.601888,中国中免,2019-08-13 00:00:00,79.93,79.83,80.22,77.51,39.963,0.00419,8181558,702058189.0,-0.9921865310678372,80.63
SH.601888,中国中免,2019-08-14 00:00:00,80.44,81.68,81.83,80.44,40.814,0.00376,7343634,648288593.0,2.3174245271201412,79.83
SH.601888,中国中免,2019-08-15 00:00:00,80.03,80.46,81.31,79.53,40.253,0.00263,5140620,449050432.0,-1.49363369245839,81.68
SH.601888,中国中免,2019-08-16 00:00:00,80.58,83.75,84.79,79.89,41.767,0.00529,10333841,930620676.0,4.088988317176245,80.46
SH.601888,中国中免,2019-08-19 00:00:00,84.23,83.93,85.48,82.63,41.85,0.00381,7444993,674633920.0,0.21492537313433652,83.75
SH.601888,中国中免,2019-08-20 00:00:00,83.83,84.23,84.4,83.06,41.988,0.0023,4482275,406422006.0,0.3574407244131981,83.93
SH.601888,中国中免,2019-08-21 00:00:00,84.33,83.83,84.38,83.22,41.804,0.00166,3242627,294338289.0,-0.4748901816455012,84.23
SH.601888,中国中免,2019-08-22 00:00:00,84.55,87.38,87.83,84.23,43.439,0.00495,9672725,905871781.0,4.2347608254801345,83.83
SH.601888,中国中免,2019-08-23 00:00:00,87.78,88.31,89.91,87.04,43.867,0.00334,6512897,621860364.0,1.0643167772945832,87.38
SH.601888,中国中免,2019-08-26 00:00:00,87.53,87.87,89.53,86.78,43.664,0.0039,7611889,724128471.0,-0.49824481938625037,88.31
SH.601888,中国中免,2019-08-27 00:00:00,88.4,88.6,89.67,87.87,44.0,0.00389,7594415,726377950.0,0.8307727324456466,87.87
SH.601888,中国中免,2019-08-28 00:00:00,88.05,87.92,88.73,86.41,43.687,0.00319,6222079,588588616.0,-0.7674943566591339,88.6
SH.601888,中国中免,2019-08-29 00:00:00,88.03,87.93,88.33,86.56,43.692,0.00263,5140858,485173172.0,0.011373976342135026,87.92
SH.601888,中国中免,2019-08-30 00:00:00,88.03,88.51,89.38,87.46,43.959,0.00448,8751967,835741000.0,0.6596156033208214,87.93
SH.601888,中国中免,2019-09-02 00:00:00,89.06,87.42,89.21,85.18,41.362,0.00557,10878446,1022034880.0,-1.2314992656197077,88.51
SH.601888,中国中免,2019-09-03 00:00:00,87.21,87.61,88.48,86.78,41.446,0.00333,6507787,614370752.0,0.21734156943490932,87.42
SH.601888,中国中免,2019-09-04 00:00:00,87.03,85.27,87.03,84.34,40.42,0.00608,11864239,1093515594.0,-2.670927976258422,87.61
SH.601888,中国中免,2019-09-05 00:00:00,86.28,86.08,88.03,85.89,40.775,0.00561,10957130,1026695424.0,0.9499237715491995,85.27
SH.601888,中国中免,2019-09-06 00:00:00,87.03,87.21,88.33,85.45,41.27,0.00434,8479111,797720806.0,1.3127323420074297,86.08
SH.601888,中国中免,2019-09-09 00:00:00,87.89,86.83,88.48,86.56,41.104,0.00356,6948887,655056006.0,-0.43572984749454824,87.21
SH.601888,中国中免,2019-09-10 00:00:00,86.72,86.02,87.32,85.4,40.749,0.00329,6430649,599675182.0,-0.9328573073822437,86.83
SH.601888,中国中免,2019-09-11 00:00:00,86.12,84.14,86.33,83.43,39.925,0.0056,10940851,998087111.0,-2.185538246919316,86.02
SH.601888,中国中免,2019-09-12 00:00:00,84.13,85.42,85.68,83.03,40.486,0.00346,6765101,619206501.0,1.52127406703114,84.14
SH.601888,中国中免,2019-09-16 00:00:00,86.03,85.78,86.12,84.83,40.644,0.0027,5263857,486828252.0,0.42144696792320235,85.42
SH.601888,中国中免,2019-09-17 00:00:00,85.83,85.07,86.5,84.73,40.333,0.00288,5619990,520414412.0,-0.8276987642807274,85.78
SH.601888,中国中免,2019-09-18 00:00:00,85.33,86.83,88.09,85.11,41.104,0.00429,8378126,786154077.0,2.06888444810157,85.07
SH.601888,中国中免,2019-09-19 00:00:00,87.72,88.64,88.93,87.03,41.897,0.00458,8949698,851250985.0,2.0845329955084675,86.83
SH.601888,中国中免,2019-09-20 00:00:00,88.89,86.4,88.99,86.4,40.915,0.00819,15988823,1510244800.0,-2.5270758122743624,88.64
SH.601888,中国中免,2019-09-23 00:00:00,86.68,85.82,86.68,85.03,40.661,0.00331,6466568,598508878.0,-0.6712962962963107,86.4
SH.601888,中国中免,2019-09-24 00:00:00,86.23,86.83,87.18,85.23,41.104,0.00294,5746471,537529209.0,1.1768818457236137,85.82
SH.601888,中国中免,2019-09-25 00:00:00,86.81,87.22,88.38,86.25,41.275,0.00337,6583848,623668975.0,0.4491535183692279,86.83
SH.601888,中国中免,2019-09-26 00:00:00,87.85,86.56,88.43,86.41,40.985,0.00275,5368567,506043095.0,-0.7567071772529198,87.22
SH.601888,中国中免,2019-09-27 00:00:00,86.93,86.04,87.38,85.03,40.758,0.00283,5527726,514389134.0,-0.6007393715341913,86.56
SH.601888,中国中免,2019-09-30 00:00:00,85.61,86.09,87.61,85.61,40.78,0.00292,5693641,534488265.0,0.05811250581124728,86.04
SH.601888,中国中免,2019-10-08 00:00:00,86.82,90.13,91.3,86.7,42.55,0.00967,18886420,1826621093.0,4.6927633871529695,86.09
SH.601888,中国中免,2019-10-09 00:00:00,89.82,86.28,89.83,85.59,40.863,0.00815,15904853,1489980697.0,-4.2716076777987295,90.13
SH.601888,中国中免,2019-10-10 00:00:00,86.96,88.31,88.52,84.94,41.752,0.0043,8392574,788027476.0,2.3528048215113597,86.28
SH.601888,中国中免,2019-10-11 00:00:00,88.83,87.84,88.91,87.83,41.546,0.00239,4675319,444897708.0,-0.5322160570716781,88.31
SH.601888,中国中免,2019-10-14 00:00:00,88.63,87.66,88.88,87.12,41.468,0.00258,5031276,476394139.0,-0.20491803278689302,87.84
SH.601888,中国中免,2019-10-15 00:00:00,87.66,88.34,88.53,87.11,41.765,0.00194,3797162,361146427.0,0.7757243896874365,87.66
SH.601888,中国中免,2019-10-16 00:00:00,88.53,88.73,89.93,88.34,41.936,0.00226,4416712,424640878.0,0.4414761150101886,88.34
SH.601888,中国中免,2019-10-17 00:00:00,88.73,89.28,90.53,88.58,42.177,0.00185,3612458,348044344.0,0.6198579961681473,88.73
SH.601888,中国中免,2019-10-18 00:00:00,89.73,88.28,89.92,88.02,41.739,0.00188,3665504,351000455.0,-1.1200716845878136,89.28
SH.601888,中国中免,2019-10-21 00:00:00,88.11,87.78,89.08,87.13,41.52,0.00162,3163095,300191067.0,-0.5663797009515179,88.28
SH.601888,中国中免,2019-10-22 00:00:00,88.69,87.35,88.69,86.03,41.332,0.00292,5696754,534045704.0,-0.4898610161768134,87.78
SH.601888,中国中免,2019-10-23 00:00:00,86.53,85.1,87.34,85.03,40.346,0.00316,6174107,572412911.0,-2.575844304522038,87.35
SH.601888,中国中免,2019-10-24 00:00:00,85.1,81.68,85.23,80.14,38.847,0.00907,17714052,1575564330.0,-4.018801410105743,85.1
SH.601888,中国中免,2019-10-25 00:00:00,81.66,83.42,83.66,81.13,39.609,0.00433,8454271,759785797.0,2.1302644466209535,81.68
SH.601888,中国中免,2019-10-28 00:00:00,83.42,84.6,85.17,83.23,40.127,0.00337,6572520,601497786.0,1.4145288899544384,83.42
SH.601888,中国中免,2019-10-29 00:00:00,85.14,84.96,85.82,83.53,40.284,0.00449,8769970,807650381.0,0.4255319148936164,84.6
SH.601888,中国中免,2019-10-30 00:00:00,82.21,83.18,84.39,82.21,38.394,0.00519,10141181,916032544.0,-2.0951035781544105,84.96
SH.601888,中国中免,2019-10-31 00:00:00,83.33,83.38,83.73,81.73,38.479,0.00402,7845534,704966552.0,0.24044241404182332,83.18
SH.601888,中国中免,2019-11-01 00:00:00,83.48,83.84,84.48,82.58,38.675,0.00273,5330422,482530694.0,0.5516910530103238,83.38
SH.601888,中国中免,2019-11-04 00:00:00,84.83,85.95,86.36,83.73,39.574,0.00418,8168173,754292426.0,2.516698473282442,83.84
SH.601888,中国中免,2019-11-05 00:00:00,85.85,85.85,86.93,84.81,39.531,0.00328,6397783,594853708.0,-0.11634671320536187,85.95
SH.601888,中国中免,2019-11-06 00:00:00,85.71,85.42,85.96,84.97,39.348,0.0025,4875423,450182716.0,-0.5008736167734334,85.85
SH.601888,中国中免,2019-11-07 00:00:00,85.06,83.68,85.33,83.03,38.607,0.00386,7537132,683548898.0,-2.036993678295475,85.42
SH.601888,中国中免,2019-11-08 00:00:00,84.53,83.53,84.91,83.53,38.543,0.00211,4118468,375145068.0,-0.17925430210325727,83.68
SH.601888,中国中免,2019-11-11 00:00:00,83.08,80.73,83.18,80.03,37.35,0.00634,12376956,1091371889.0,-3.3520890697952797,83.53
SH.601888,中国中免,2019-11-12 00:00:00,81.41,79.95,81.72,79.31,37.018,0.0037,7223013,628886021.0,-0.9661835748792283,80.73
SH.601888,中国中免,2019-11-13 00:00:00,80.03,78.33,80.21,78.01,36.328,0.00885,17285076,1479513687.0,-2.0262664165103246,79.95
SH.601888,中国中免,2019-11-14 00:00:00,78.6,77.75,78.97,77.41,36.081,0.00637,12436690,1056224094.0,-0.7404570407251351,78.33
SH.601888,中国中免,2019-11-15 00:00:00,78.38,77.53,78.5,77.44,35.988,0.00407,7943433,673804210.0,-0.2829581993569117,77.75
SH.601888,中国中免,2019-11-18 00:00:00,77.83,79.68,80.13,77.55,36.903,0.00694,13554494,1167570356.0,2.773120082548698,77.53
SH.601888,中国中免,2019-11-19 00:00:00,79.32,79.98,80.28,78.83,37.031,0.00478,9328373,807120703.0,0.37650602409638195,79.68
SH.601888,中国中免,2019-11-20 00:00:00,79.98,79.44,80.23,79.03,36.801,0.00297,5802238,501417937.0,-0.6751687921980573,79.98
SH.601888,中国中免,2019-11-21 00:00:00,78.88,79.31,79.36,77.99,36.746,0.0028,5472531,469291448.0,-0.1636455186304072,79.44
SH.601888,中国中免,2019-11-22 00:00:00,79.29,77.73,80.11,76.84,36.073,0.00426,8321577,709831926.0,-1.9921825747068442,79.31
SH.601888,中国中免,2019-11-25 00:00:00,77.71,76.06,77.72,75.21,35.362,0.00614,11990310,995937637.0,-2.148462627042328,77.73
SH.601888,中国中免,2019-11-26 00:00:00,76.59,77.41,79.36,76.59,35.936,0.00746,14565790,1240748952.0,1.7749145411517149,76.06
SH.601888,中国中免,2019-11-27 00:00:00,78.39,77.1,79.93,76.23,35.804,0.00437,8522623,720538629.0,-0.40046505619429307,77.41
SH.601888,中国中免,2019-11-28 00:00:00,76.87,76.13,77.22,75.93,35.391,0.00261,5099245,424948816.0,-1.2581063553826186,77.1
SH.601888,中国中免,2019-11-29 00:00:00,76.08,76.83,76.98,75.11,35.689,0.00357,6961683,578314505.0,0.9194798371207183,76.13
SH.601888,中国中免,2019-12-02 00:00:00,76.83,76.51,77.15,76.02,35.553,0.0031,6045789,503541853.0,-0.41650396980345333,76.83
SH.601888,中国中免,2019-12-03 00:00:00,76.53,76.91,77.21,75.23,35.724,0.00368,7191277,600073179.0,0.5228074761468977,76.51
SH.601888,中国中免,2019-12-04 00:00:00,76.61,77.85,78.14,75.85,36.124,0.0041,7999263,674094287.0,1.222207775321802,76.91
SH.601888,中国中免,2019-12-05 00:00:00,78.3,79.31,79.68,78.03,36.746,0.00349,6815437,588291038.0,1.8754014129736776,77.85
SH.601888,中国中免,2019-12-06 00:00:00,79.91,80.23,80.74,79.11,37.137,0.00293,5713546,496816662.0,1.1600050435001912,79.31
SH.601888,中国中免,2019-12-09 00:00:00,80.6,78.33,80.99,78.13,36.328,0.00317,6181680,530328296.0,-2.3681914495824574,80.23
SH.601888,中国中免,2019-12-10 00:00:00,78.54,81.5,81.69,78.4,37.678,0.00616,12020989,1057749583.0,4.046980722583942,78.33
SH.601888,中国中免,2019-12-11 00:00:00,81.81,81.63,82.13,80.41,37.734,0.00299,5830118,514367758.0,0.15950920245398215,81.5
SH.601888,中国中免,2019-12-12 00:00:00,81.91,81.83,82.02,81.13,37.819,0.00211,4128652,366099199.0,0.24500796275879316,81.63
SH.601888,中国中免,2019-12-13 00:00:00,83.03,83.15,84.33,82.39,38.381,0.00499,9748324,881791390.0,1.6131003299523494,81.83
SH.601888,中国中免,2019-12-16 00:00:00,83.54,79.15,84.15,78.03,36.678,0.01546,30185374,2602225648.0,-4.810583283223091,83.15
SH.601888,中国中免,2019-12-17 00:00:00,78.61,78.64,79.37,77.78,36.46,0.00864,16869245,1439212597.0,-0.6443461781427734,79.15
SH.601888,中国中免,2019-12-18 00:00:00,78.62,78.14,78.83,78.03,36.247,0.00369,7207668,614551108.0,-0.6358087487283826,78.64
SH.601888,中国中免,2019-12-19 00:00:00,78.23,78.5,79.03,78.11,36.401,0.00366,7144451,611801768.0,0.4607115433836696,78.14
SH.601888,中国中免,2019-12-20 00:00:00,79.02,80.72,81.48,78.42,37.346,0.00614,11980844,1046879766.0,2.828025477707005,78.5
SH.601888,中国中免,2019-12-23 00:00:00,81.03,79.86,82.57,79.71,36.98,0.00479,9360193,824079230.0,-1.065411298315163,80.72
SH.601888,中国中免,2019-12-24 00:00:00,79.87,80.24,80.96,78.32,37.142,0.00222,4340970,376269145.0,0.47583270723766025,79.86
SH.601888,中国中免,2019-12-25 00:00:00,80.13,80.15,80.58,79.23,37.103,0.00195,3807458,330535713.0,-0.11216350947157179,80.24
SH.601888,中国中免,2019-12-26 00:00:00,80.43,81.19,81.58,80.35,37.546,0.00248,4844329,427207278.0,1.2975670617591915,80.15
SH.601888,中国中免,2019-12-27 00:00:00,81.6,81.15,82.8,81.03,37.529,0.00308,6013113,534452286.0,-0.049267151126976286,81.19
SH.601888,中国中免,2019-12-30 00:00:00,81.03,82.03,82.14,80.63,37.904,0.00405,7905490,698639588.0,1.0844115834873633,81.15
SH.601888,中国中免,2019-12-31 00:00:00,81.53,81.98,82.12,80.86,37.883,0.00297,5799795,513171140.0,-0.06095330976471676,82.03
SH.601888,中国中免,2020-01-02 00:00:00,82.04,83.08,83.71,82.03,38.351,0.00376,7349100,661588548.0,1.3417906806538111,81.98
SH.601888,中国中免,2020-01-03 00:00:00,84.03,84.01,84.25,83.02,38.747,0.0036,7027068,638071700.0,1.1194029850746352,83.08
SH.601888,中国中免,2020-01-06 00:00:00,83.25,83.03,84.94,82.53,38.33,0.00351,6857535,622208272.0,-1.166527794310206,84.01
SH.601888,中国中免,2020-01-07 00:00:00,83.77,83.94,84.91,83.75,38.718,0.00283,5520850,503235896.0,1.0959894014211689,83.03
SH.601888,中国中免,2020-01-08 00:00:00,83.08,84.33,84.91,82.71,38.884,0.00359,7012107,638936099.0,0.4646175839885639,83.94
SH.601888,中国中免,2020-01-09 00:00:00,85.02,87.03,87.75,84.91,40.034,0.00452,8816756,828397786.0,3.201707577374603,84.33
SH.601888,中国中免,2020-01-10 00:00:00,88.21,87.37,88.21,87.08,40.178,0.00288,5615992,530632620.0,0.3906698839480678,87.03
SH.601888,中国中免,2020-01-13 00:00:00,84.03,84.03,85.76,83.13,38.756,0.01051,20527994,1869588777.0,-3.8228224791118275,87.37
SH.601888,中国中免,2020-01-14 00:00:00,84.83,81.87,84.98,81.34,37.836,0.00739,14429420,1290106631.0,-2.57051053195287,84.03
SH.601888,中国中免,2020-01-15 00:00:00,81.87,82.39,82.62,81.44,38.057,0.00328,6413698,571498450.0,0.6351532918040748,81.87
SH.601888,中国中免,2020-01-16 00:00:00,82.84,83.42,83.86,81.95,38.496,0.00358,6995922,631389477.0,1.2501517174414385,82.39
SH.601888,中国中免,2020-01-17 00:00:00,83.87,82.88,84.33,82.34,38.266,0.00346,6749953,607820896.0,-0.6473267801486529,83.42
SH.601888,中国中免,2020-01-20 00:00:00,83.18,79.93,83.33,78.18,37.01,0.01073,20940870,1818156994.0,-3.559362934362921,82.88
SH.601888,中国中免,2020-01-21 00:00:00,78.71,76.78,78.71,76.03,35.668,0.01189,23207206,1956222664.0,-3.9409483297885717,79.93
SH.601888,中国中免,2020-01-22 00:00:00,76.03,77.61,78.39,75.64,36.022,0.00632,12334011,1037811862.0,1.0810106798645458,76.78
SH.601888,中国中免,2020-01-23 00:00:00,76.03,75.03,76.56,73.43,34.923,0.01271,24809160,2029471153.0,-3.324313877077694,77.61
SH.601888,中国中免,2020-02-03 00:00:00,66.83,66.83,66.83,66.83,31.431,0.01035,20200100,1490767380.0,-10.928961748633883,75.03
SH.601888,中国中免,2020-02-04 00:00:00,66.83,68.11,69.83,66.53,31.976,0.0158,30846961,2303948958.0,1.9153074966332502,66.83
SH.601888,中国中免,2020-02-05 00:00:00,70.73,70.81,71.5,69.17,33.126,0.01328,25933551,2003658818.0,3.964175598296877,68.11
SH.601888,中国中免,2020-02-06 00:00:00,71.93,73.83,73.83,71.25,34.412,0.01036,20230570,1600933910.0,4.2649343313091315,70.81
SH.601888,中国中免,2020-02-07 00:00:00,73.3,73.23,73.63,71.31,34.156,0.00888,17347672,1375231977.0,-0.8126777732628937,73.83
SH.601888,中国中免,2020-02-10 00:00:00,72.53,72.03,73.31,71.54,33.645,0.0069,13469702,1067957914.0,-1.638672675133146,73.23
SH.601888,中国中免,2020-02-11 00:00:00,72.55,73.08,73.43,72.0,34.092,0.00702,13707566,1092564614.0,1.457725947521862,72.03
SH.601888,中国中免,2020-02-12 00:00:00,73.03,73.43,73.75,72.53,34.241,0.00468,9128680,732737062.0,0.4789272030651458,73.08
SH.601888,中国中免,2020-02-13 00:00:00,73.51,72.19,73.51,71.73,33.713,0.00653,12748841,1009948940.0,-1.6886830995506048,73.43
SH.601888,中国中免,2020-02-14 00:00:00,71.65,73.97,74.46,71.65,34.471,0.00674,13165946,1060223342.0,2.4657154730572115,72.19
SH.601888,中国中免,2020-02-17 00:00:00,73.97,74.28,74.84,73.8,34.603,0.00733,14315389,1163417812.0,0.41908881979181056,73.97
SH.601888,中国中免,2020-02-18 00:00:00,74.33,73.23,74.63,72.63,34.156,0.00675,13184002,1059153938.0,-1.4135702746365066,74.28
SH.601888,中国中免,2020-02-19 00:00:00,72.78,76.34,76.45,72.44,35.481,0.00936,18278421,1497985444.0,4.246893349720059,73.23
SH.601888,中国中免,2020-02-20 00:00:00,77.87,78.83,79.86,77.63,36.541,0.01161,22674222,1937098355.0,3.26172386691118,76.34
SH.601888,中国中免,2020-02-21 00:00:00,78.75,78.1,79.23,77.52,36.23,0.00592,11552129,984310579.0,-0.9260433844982926,78.83
SH.601888,中国中免,2020-02-24 00:00:00,76.63,76.0,78.1,75.76,35.336,0.00871,17000108,1422738802.0,-2.6888604353393015,78.1
SH.601888,中国中免,2020-02-25 00:00:00,74.99,74.87,75.01,73.8,34.855,0.00654,12763540,1040408374.0,-1.486842105263152,76.0
SH.601888,中国中免,2020-02-26 00:00:00,73.91,73.23,74.31,72.86,34.156,0.00755,14742432,1186768031.0,-2.1904634700146928,74.87
SH.601888,中国中免,2020-02-27 00:00:00,73.61,73.48,75.04,73.03,34.263,0.00851,16617075,1345307270.0,0.34139014065273793,73.23
SH.601888,中国中免,2020-02-28 00:00:00,69.46,71.53,73.03,69.46,33.432,0.00893,17442171,1359287664.0,-2.6537833424061006,73.48
SH.601888,中国中免,2020-03-02 00:00:00,71.08,71.42,72.3,69.91,33.385,0.00727,14189668,1113261959.0,-0.15378163008527812,71.53
SH.601888,中国中免,2020-03-03 00:00:00,72.53,72.2,73.01,71.42,33.718,0.00732,14290492,1130769280.0,1.0921310557266888,71.42
SH.601888,中国中免,2020-03-04 00:00:00,72.2,72.09,72.83,70.7,33.671,0.0058,11327460,891765606.0,-0.15235457063711833,72.2
SH.601888,中国中免,2020-03-05 00:00:00,72.93,77.14,77.86,72.93,35.821,0.01323,25830099,2137294451.0,7.005132473297262,72.09
SH.601888,中国中免,2020-03-06 00:00:00,76.13,76.3,77.63,75.73,35.464,0.00625,12206534,1019853489.0,-1.0889292196007305,77.14
SH.601888,中国中免,2020-03-09 00:00:00,74.63,72.16,74.63,71.37,33.701,0.00967,18881920,1497980880.0,-5.4259501965923995,76.3
SH.601888,中国中免,2020-03-10 00:00:00,72.03,74.51,75.91,71.65,34.701,0.00591,11543459,934642044.0,3.2566518847006773,72.16
SH.601888,中国中免,2020-03-11 00:00:00,74.15,75.69,77.83,73.15,35.204,0.00941,18367495,1518985579.0,1.5836800429472453,74.51
SH.601888,中国中免,2020-03-12 00:00:00,74.01,72.11,74.61,71.91,33.679,0.0072,14049871,1121514481.0,-4.729818998546702,75.69
SH.601888,中国中免,2020-03-13 00:00:00,68.03,76.62,77.53,68.03,35.6,0.01475,28794093,2321040948.0,6.254333656913056,72.11
SH.601888,中国中免,2020-03-16 00:00:00,75.53,70.83,75.62,70.83,33.134,0.01043,20365545,1629645705.0,-7.5567736883320356,76.62
SH.601888,中国中免,2020-03-17 00:00:00,70.78,70.25,72.93,67.83,32.887,0.00614,11981262,924176839.0,-0.8188620640971317,70.83
SH.601888,中国中免,2020-03-18 00:00:00,70.73,68.41,71.32,67.15,32.103,0.00647,12631684,966255361.0,-2.6192170818505387,70.25
SH.601888,中国中免,2020-03-19 00:00:00,66.89,64.95,69.02,63.09,30.63,0.00805,15713522,1133991371.0,-5.057740096477115,68.41
SH.601888,中国中免,2020-03-20 00:00:00,66.31,68.63,69.53,65.83,32.197,0.00828,16159931,1208841409.0,5.665896843725932,64.95
SH.601888,中国中免,2020-03-23 00:00:00,66.18,65.18,67.63,64.53,30.728,0.00617,12042046,872219103.0,-5.026956141629009,68.63
SH.601888,中国中免,2020-03-24 00:00:00,66.53,66.3,68.88,65.16,31.205,0.00675,13174659,968756447.0,1.7183185026081471,65.18
SH.601888,中国中免,2020-03-25 00:00:00,68.83,67.83,69.31,65.23,31.856,0.01335,26063694,1935453584.0,2.3076923076923097,66.3
SH.601888,中国中免,2020-03-26 00:00:00,66.15,65.93,67.17,65.41,31.047,0.00693,13537841,990551820.0,-2.8011204481792595,67.83
SH.601888,中国中免,2020-03-27 00:00:00,66.65,65.45,66.73,65.08,30.843,0.00514,10027334,729344032.0,-0.7280448961019322,65.93
SH.601888,中国中免,2020-03-30 00:00:00,64.03,60.98,64.3,59.53,28.939,0.0123,24011953,1629242859.0,-6.8296409472880155,65.45
SH.601888,中国中免,2020-03-31 00:00:00,61.599999999,60.23,61.599999999,60.2,28.62,0.00571,11143646,754359525.0,-1.229911446375861,60.98
SH.601888,中国中免,2020-04-01 00:00:00,60.28,61.56,63.27,60.049999999,29.186,0.00693,13530752,934069206.0,2.208201892744489,60.23
SH.601888,中国中免,2020-04-02 00:00:00,61.53,64.86,65.03,61.14,30.591,0.00639,12468240,878208506.0,5.360623781676408,61.56
SH.601888,中国中免,2020-04-03 00:00:00,64.98,65.66,67.44,64.86,30.932,0.00625,12197973,893666825.0,1.2334258402713494,64.86
SH.601888,中国中免,2020-04-07 00:00:00,68.33,68.58,69.01,67.65,32.176,0.0094,18350062,1383363745.0,4.447151995126411,65.66
SH.601888,中国中免,2020-04-08 00:00:00,67.68,68.65,70.47,67.67,32.206,0.00589,11507600,876968082.0,0.10207057451153018,68.58
SH.601888,中国中免,2020-04-09 00:00:00,69.1,70.53,70.71,68.38,33.006,0.00389,7596178,583268884.0,2.738528769118711,68.65
SH.601888,中国中免,2020-04-10 00:00:00,70.23,70.35,72.87,69.6,32.93,0.0039,7618216,595023162.0,-0.2552105487026894,70.53
SH.601888,中国中免,2020-04-13 00:00:00,69.53,71.46,71.98,69.44,33.402,0.00386,7541331,588396710.0,1.5778251599147115,70.35
SH.601888,中国中免,2020-04-14 00:00:00,72.03,72.42,72.57,70.75,33.811,0.00674,13162033,1036029763.0,1.3434089000839744,71.46
SH.601888,中国中免,2020-04-15 00:00:00,72.38,69.63,72.38,68.63,32.623,0.00621,12115489,929312642.0,-3.8525269262634714,72.42
SH.601888,中国中免,2020-04-16 00:00:00,68.88,70.03,70.33,68.59,32.793,0.00365,7120635,544862090.0,0.574465029441341,69.63
SH.601888,中国中免,2020-04-17 00:00:00,72.03,74.33,75.6,72.03,34.625,0.00991,19345651,1573014757.0,6.140225617592456,70.03
SH.601888,中国中免,2020-04-20 00:00:00,75.21,75.83,76.72,73.4,35.264,0.00728,14213588,1171848697.0,2.0180277142472756,74.33
SH.601888,中国中免,2020-04-21 00:00:00,76.02,75.25,76.31,73.88,35.017,0.00482,9410607,770930083.0,-0.764868785441116,75.83
SH.601888,中国中免,2020-04-22 00:00:00,76.31,78.95,79.38,75.58,36.592,0.01084,21173422,1795291305.0,4.916943521594688,75.25
SH.601888,中国中免,2020-04-23 00:00:00,81.53,79.59,82.03,78.83,76.737,0.00806,15735588,1371769753.0,0.810639645345156,78.95
SH.601888,中国中免,2020-04-24 00:00:00,79.42,80.72,81.78,79.42,77.739,0.00503,9817038,862546465.0,1.4197763538132873,79.59
SH.601888,中国中免,2020-04-27 00:00:00,80.89,79.43,81.39,78.57,76.595,0.00467,9116149,790048328.0,-1.5981169474727355,80.72
SH.601888,中国中免,2020-04-28 00:00:00,78.94,82.65,83.63,78.61,79.45,0.0074,14449076,1277349346.0,4.053883922951025,79.43
SH.601888,中国中免,2020-04-29 00:00:00,82.37,83.33,84.83,82.37,80.053,0.0052,10154268,924140295.0,0.8227465214760951,82.65
SH.601888,中国中免,2020-04-30 00:00:00,83.63,84.33,86.82,82.03,80.939,0.00505,9858547,902860671.0,1.2000480019200768,83.33
SH.601888,中国中免,2020-05-06 00:00:00,82.53,83.28,84.47,82.33,80.008,0.00816,15924814,1440042525.0,-1.245108502312341,84.33
SH.601888,中国中免,2020-05-07 00:00:00,83.47,84.23,84.47,82.14,80.851,0.00378,7374345,668242828.0,1.140730067243039,83.28
SH.601888,中国中免,2020-05-08 00:00:00,86.03,85.71,86.63,84.25,82.163,0.00403,7859952,728679390.0,1.7570936720883175,84.23
SH.601888,中国中免,2020-05-11 00:00:00,85.91,81.93,86.52,81.69,78.812,0.00736,14375650,1295563619.0,-4.410220511025536,85.71
SH.601888,中国中免,2020-05-12 00:00:00,82.87,83.47,84.83,82.72,80.177,0.00663,12935256,1172005457.0,1.8796533626266227,81.93
SH.601888,中国中免,2020-05-13 00:00:00,83.53,83.02,84.21,82.53,79.778,0.00349,6816418,614451856.0,-0.5391158500059936,83.47
SH.601888,中国中免,2020-05-14 00:00:00,82.15,81.88,82.83,81.53,78.767,0.00318,6214624,553480374.0,-1.3731630932305476,83.02
SH.601888,中国中免,2020-05-15 00:00:00,82.32,80.6,82.77,80.39,77.632,0.00464,9057261,797709805.0,-1.563263312164144,81.88
SH.601888,中国中免,2020-05-18 00:00:00,80.92,80.53,81.73,80.51,77.57,0.00379,7391889,649928963.0,-0.08684863523572356,80.6
SH.601888,中国中免,2020-05-19 00:00:00,81.73,82.43,84.44,81.23,79.255,0.00656,12808911,1156034294.0,2.3593691791878872,80.53
SH.601888,中国中免,2020-05-20 00:00:00,82.41,80.69,83.68,80.39,77.712,0.0045,8794297,779961444.0,-2.110881960451303,82.43
SH.601888,中国中免,2020-05-21 00:00:00,81.53,80.81,81.85,80.08,77.819,0.00414,8092557,711711769.0,0.14871731317388096,80.69
SH.601888,中国中免,2020-05-22 00:00:00,81.04,79.2,81.93,78.57,76.391,0.00642,12527835,1084653525.0,-1.9923276822175466,80.81
SH.601888,中国中免,2020-05-25 00:00:00,79.81,81.82,82.97,78.93,78.714,0.00565,11038086,976285697.0,3.308080808080796,79.2
SH.601888,中国中免,2020-05-26 00:00:00,82.91,89.05,89.9,82.85,85.124,0.00938,18313232,1723349780.0,8.83647030065999,81.82
SH.601888,中国中免,2020-05-27 00:00:00,88.31,89.63,89.67,86.72,85.638,0.00644,12582080,1198803432.0,0.6513194834362699,89.05
SH.601888,中国中免,2020-05-28 00:00:00,90.23,88.03,90.52,87.12,84.219,0.0062,12114901,1155449370.0,-1.785116590427306,89.63
SH.601888,中国中免,2020-05-29 00:00:00,87.59,94.26,94.26,86.78,89.742,0.00959,18717928,1857281707.0,7.077132795637856,88.03
SH.601888,中国中免,2020-06-01 00:00:00,94.53,95.21,97.57,92.25,90.585,0.00815,15912591,1613941833.0,1.0078506259282713,94.26
SH.601888,中国中免,2020-06-02 00:00:00,96.93,92.9,98.4,92.47,88.537,0.01336,26091405,2660591939.0,-2.4262157336414116,95.21
SH.601888,中国中免,2020-06-03 00:00:00,95.03,95.21,95.69,91.11,90.585,0.00667,13016335,1315602868.0,2.486544671689976,92.9
SH.601888,中国中免,2020-06-04 00:00:00,94.03,92.95,94.78,92.93,88.581,0.00405,7900830,792503153.0,-2.373700241571254,95.21
SH.601888,中国中免,2020-06-05 00:00:00,92.89,99.44,101.11,92.89,94.335,0.00893,17432735,1827206274.0,6.982248520710053,92.95
SH.601888,中国中免,2020-06-08 00:00:00,98.13,99.21,101.23,97.28,94.131,0.00472,9211903,975094498.0,-0.23129525341915122,99.44
SH.601888,中国中免,2020-06-09 00:00:00,99.03,103.03,105.03,98.03,97.517,0.00512,9991381,1093130393.0,3.8504183046063982,99.21
SH.601888,中国中免,2020-06-10 00:00:00,99.03,99.37,101.03,95.71,94.273,0.0122,23811075,2516114958.0,-3.552363389304083,103.03
SH.601888,中国中免,2020-06-11 00:00:00,98.03,101.98,104.09,97.02,96.586,0.00804,15689726,1706290262.0,2.626547247660259,99.37
SH.601888,中国中免,2020-06-12 00:00:00,100.83,112.88,112.88,100.49,106.25,0.01025,20009963,2304092730.0,10.688370268680124,101.98
SH.601888,中国中免,2020-06-15 00:00:00,113.04,113.03,121.53,111.78,106.382,0.01235,24121046,2962942324.0,0.13288447909284698,112.88
SH.601888,中国中免,2020-06-16 00:00:00,114.93,119.53,119.6,111.93,112.145,0.00655,12796915,1582013093.0,5.750685658674688,113.03
SH.601888,中国中免,2020-06-17 00:00:00,118.52,117.91,119.13,115.83,110.709,0.00506,9875818,1226534103.0,-1.3553082908056593,119.53
SH.601888,中国中免,2020-06-18 00:00:00,117.03,122.11,122.509999999,115.63,114.432,0.00572,11160344,1411013297.0,3.5620388431854835,117.91
SH.601888,中国中免,2020-06-19 00:00:00,120.47,123.84,124.43,118.53,115.966,0.00658,12841412,1645113679.0,1.416755384489398,122.11
SH.601888,中国中免,2020-06-22 00:00:00,123.05,119.28,123.34,117.63,111.923,0.00663,12940588,1636893965.0,-3.6821705426356606,123.84
SH.601888,中国中免,2020-06-23 00:00:00,119.23,119.53,122.53,116.75,112.145,0.006,11705371,1482398960.0,0.20959087860496312,119.28
SH.601888,中国中免,2020-06-24 00:00:00,120.58,120.33,122.8,118.53,112.854,0.00554,10808903,1380284801.0,0.6692880448422966,119.53
SH.601888,中国中免,2020-06-29 00:00:00,119.96,133.06,133.06,118.24,124.14,0.00865,16883854,2238653071.0,10.579240422172363,120.33
SH.601888,中国中免,2020-06-30 00:00:00,139.53,147.06,147.06,138.13,136.551,0.01497,29230329,4476877604.0,10.521569216894635,133.06
SH.601888,中国中免,2020-07-01 00:00:00,151.18,160.31,161.21,147.93,148.297,0.01489,29070088,4701863807.0,9.009927920576635,147.06
SH.601888,中国中免,2020-07-02 00:00:00,159.03,159.17,166.22,155.03,147.287,0.01226,23932560,3992653456.0,-0.7111222007360831,160.31
SH.601888,中国中免,2020-07-03 00:00:00,159.03,175.78,175.78,158.53,162.012,0.01198,23398363,4101604994.0,10.435383552176928,159.17
SH.601888,中国中免,2020-07-06 00:00:00,181.26,194.06,194.06,175.03,178.218,0.00937,18299997,3567655257.0,10.399362839913529,175.78
SH.601888,中国中免,2020-07-07 00:00:00,207.03,185.43,211.91,180.05,170.567,0.02359,46052331,9194448462.0,-4.447078223229926,194.06
SH.601888,中国中免,2020-07-08 00:00:00,178.03,188.89,192.43,175.11,173.634,0.02121,41410775,7796627396.0,1.865933236261651,185.43
SH.601888,中国中免,2020-07-09 00:00:00,184.03,186.82,189.89,180.03,171.799,0.01391,27154600,5219135837.0,-1.0958759066123105,188.89
SH.601888,中国中免,2020-07-10 00:00:00,184.43,196.52,205.97,180.55,180.398,0.01623,31684765,6356391281.0,5.192163579916507,186.82
SH.601888,中国中免,2020-07-13 00:00:00,199.03,187.7,201.03,180.03,172.579,0.01642,32054175,6225333122.0,-4.488092814980674,196.52
SH.601888,中国中免,2020-07-14 00:00:00,181.87,183.03,190.0,181.84,168.439,0.01175,22931936,4382942070.0,-2.4880127863612085,187.7
SH.601888,中国中免,2020-07-15 00:00:00,183.13,183.56,188.71,179.54,168.909,0.01358,26508470,5066537046.0,0.28957001584439773,183.03
SH.601888,中国中免,2020-07-16 00:00:00,183.76,164.75,185.55,164.75,151.595,0.01607,31373197,5666417039.0,-10.247330573109611,183.56
SH.601888,中国中免,2020-07-17 00:00:00,173.75,181.85,181.85,173.75,166.755,0.01485,29000203,5405770232.0,10.379362670713197,164.75
SH.601888,中国中免,2020-07-20 00:00:00,185.74,189.75,198.14,183.16,173.758,0.01441,28139723,5521597269.0,4.344239758042346,181.85
SH.601888,中国中免,2020-07-21 00:00:00,187.75,190.5,194.05,183.75,174.423,0.00892,17412946,3410968509.0,0.3952569169960474,189.75
SH.601888,中国中免,2020-07-22 00:00:00,193.72,200.36,210.18,189.76,183.164,0.0168,32808322,6834022921.0,5.1758530183727105,190.5
SH.601888,中国中免,2020-07-23 00:00:00,197.75,221.02,221.02,194.91,201.48,0.01748,34129351,7430557789.0,10.311439409063683,200.36
SH.601888,中国中免,2020-07-24 00:00:00,219.75,198.29,222.25,198.29,181.329,0.02119,41367020,8694186564.0,-10.284137182155469,221.02
SH.601888,中国中免,2020-07-27 00:00:00,193.75,193.44,203.74,189.7,177.03,0.01261,24623619,4975795436.0,-2.445912552322353,198.29
SH.601888,中国中免,2020-07-28 00:00:00,195.75,200.45,206.63,188.75,183.244,0.01173,22909725,4660667704.0,3.623862696443337,193.44
SH.601888,中国中免,2020-07-29 00:00:00,196.95,207.75,212.43,196.75,189.716,0.00974,19026136,4064244654.0,3.64180593664256,200.45
SH.601888,中国中免,2020-07-30 00:00:00,208.69,217.05,226.5,205.75,197.96,0.01168,22796230,5099010063.0,4.476534296028886,207.75
SH.601888,中国中免,2020-07-31 00:00:00,217.75,236.75,238.11,217.75,215.425,0.01209,23598343,5551811703.0,9.07624971204791,217.05
SH.601888,中国中免,2020-08-03 00:00:00,240.74,232.25,242.75,219.75,211.436,0.01345,26255221,6159119065.0,-1.9007391763463568,236.75
SH.601888,中国中免,2020-08-04 00:00:00,227.75,217.3,227.75,213.87,198.182,0.01284,25065997,5649908852.0,-6.4370290635091445,232.25
SH.601888,中国中免,2020-08-05 00:00:00,213.75,217.6,221.75,211.95,198.448,0.00709,13835000,3091291054.0,0.1380579843534206,217.3
SH.601888,中国中免,2020-08-06 00:00:00,217.75,212.01,218.6,207.86,193.492,0.00939,18325124,3998244435.0,-2.5689338235294135,217.6
SH.601888,中国中免,2020-08-07 00:00:00,213.75,214.63,222.6,208.75,195.815,0.00913,17832930,3967825867.0,1.2357907645865782,212.01
SH.601888,中国中免,2020-08-10 00:00:00,207.85,207.45,213.34,203.45,189.45,0.00828,16161924,3455937533.0,-3.3452918976843904,214.63
SH.601888,中国中免,2020-08-11 00:00:00,205.7,208.03,217.19,205.7,189.964,0.00715,13965347,3051845050.0,0.27958544227525306,207.45
SH.601888,中国中免,2020-08-12 00:00:00,208.25,200.4,211.72,197.35,183.2,0.01043,20370127,4217509177.0,-3.6677402297745494,208.03
SH.601888,中国中免,2020-08-13 00:00:00,200.75,198.24,204.35,193.76,181.285,0.00716,13972472,2851195762.0,-1.0778443113772438,200.4
SH.601888,中国中免,2020-08-14 00:00:00,195.75,201.0,202.71,194.89,183.732,0.00581,11350482,2334799567.0,1.3922518159806248,198.24
SH.601888,中国中免,2020-08-17 00:00:00,201.45,200.95,205.65,197.81,183.687,0.0064,12495839,2589702956.0,-0.02487562189055292,201.0
SH.601888,中国中免,2020-08-18 00:00:00,202.57,204.7,209.25,200.95,187.012,0.00688,13438149,2833127000.0,1.8661358546902214,200.95
SH.601888,中国中免,2020-08-19 00:00:00,204.75,193.75,204.75,192.25,177.304,0.00829,16180419,3265582862.0,-5.349291646311671,204.7
SH.601888,中国中免,2020-08-20 00:00:00,184.75,187.75,198.71,184.75,171.985,0.01084,21170331,4131679656.0,-3.096774193548387,193.75
SH.601888,中国中免,2020-08-21 00:00:00,189.75,193.13,200.35,188.41,176.755,0.00783,15284854,3065809531.0,2.8655126498002637,187.75
SH.601888,中国中免,2020-08-24 00:00:00,194.75,197.27,199.33,190.55,180.425,0.00616,12036140,2432392310.0,2.143633821778085,193.13
SH.601888,中国中免,2020-08-25 00:00:00,201.54,204.06,210.55,197.34,186.445,0.00891,17389785,3678078746.0,3.441983068890349,197.27
SH.601888,中国中免,2020-08-26 00:00:00,201.95,197.28,206.55,195.95,180.434,0.00524,10237288,2111143794.0,-3.322552190532197,204.06
SH.601888,中国中免,2020-08-27 00:00:00,195.25,197.74,200.37,193.77,180.842,0.00374,7292497,1484456568.0,0.2331711273317153,197.28
SH.601888,中国中免,2020-08-28 00:00:00,198.14,214.05,216.75,197.76,195.301,0.00988,19295429,4165551812.0,8.248204713259836,197.74
SH.601888,中国中免,2020-08-31 00:00:00,214.75,201.75,214.75,201.75,178.082,0.01078,21047606,4458311565.0,-5.746320953048358,214.05
SH.601888,中国中免,2020-09-01 00:00:00,200.75,210.55,212.58,199.85,185.616,0.00737,14395127,3098797022.0,4.361833952912026,201.75
SH.601888,中国中免,2020-09-02 00:00:00,215.49,216.75,220.72,212.63,190.924,0.0077,15042961,3367046128.0,2.944668724768458,210.55
SH.601888,中国中免,2020-09-03 00:00:00,215.25,218.05,223.35,215.25,192.037,0.00589,11493062,2597512347.0,0.5997693194925081,216.75
SH.601888,中国中免,2020-09-04 00:00:00,212.75,213.55,214.85,203.75,188.184,0.00629,12271377,2661042505.0,-2.063746847053428,218.05
SH.601888,中国中免,2020-09-07 00:00:00,210.75,203.03,215.25,200.77,179.178,0.00807,15760300,3356102991.0,-4.926246780613444,213.55
SH.601888,中国中免,2020-09-08 00:00:00,205.03,197.95,206.5,194.75,174.828,0.00623,12158133,2491327274.0,-2.5020932867064043,203.03
SH.601888,中国中免,2020-09-09 00:00:00,194.05,190.93,196.85,189.55,168.818,0.00601,11743345,2335200579.0,-3.5463500884061543,197.95
SH.601888,中国中免,2020-09-10 00:00:00,194.74,199.35,201.75,194.2,176.027,0.0071,13866147,2846403296.0,4.409993191221908,190.93
SH.601888,中国中免,2020-09-11 00:00:00,197.75,200.96,202.55,196.75,177.405,0.00476,9298956,1917802031.0,0.8076247805367512,199.35
SH.601888,中国中免,2020-09-14 00:00:00,201.75,208.05,211.25,201.29,183.476,0.00616,12029955,2563845317.0,3.5280652866242055,200.96
SH.601888,中国中免,2020-09-15 00:00:00,208.06,216.33,218.53,205.88,190.565,0.00596,11634649,2554501136.0,3.9798125450612836,208.05
SH.601888,中国中免,2020-09-16 00:00:00,216.97,211.01,218.11,208.26,186.01,0.0051,9961956,2172382776.0,-2.4592058429251704,216.33
SH.601888,中国中免,2020-09-17 00:00:00,213.55,205.88,213.55,202.33,181.618,0.00484,9440749,2005546456.0,-2.4311643997914767,211.01
SH.601888,中国中免,2020-09-18 00:00:00,205.75,209.75,209.75,203.65,184.931,0.00518,10119671,2158433828.0,1.8797357684087839,205.88
SH.601888,中国中免,2020-09-21 00:00:00,210.75,202.76,213.65,201.75,178.946,0.00605,11804392,2519154289.0,-3.332538736591184,209.75
SH.601888,中国中免,2020-09-22 00:00:00,203.75,200.46,204.93,197.33,176.977,0.00499,9738532,2026799383.0,-1.1343460248569655,202.76
SH.601888,中国中免,2020-09-23 00:00:00,200.8,211.25,213.08,199.03,186.215,0.00593,11584058,2477849594.0,5.382619974059659,200.46
SH.601888,中国中免,2020-09-24 00:00:00,211.96,206.85,212.73,204.41,182.448,0.00424,8287592,1774859971.0,-2.082840236686393,211.25
SH.601888,中国中免,2020-09-25 00:00:00,209.74,212.95,216.55,208.98,187.671,0.00564,11013597,2412014302.0,2.948996857626297,206.85
SH.601888,中国中免,2020-09-28 00:00:00,214.75,218.65,224.29,212.23,192.551,0.00809,15785956,3573426764.0,2.6766846677623937,212.95
SH.601888,中国中免,2020-09-29 00:00:00,217.75,218.05,220.69,213.75,192.037,0.00481,9385551,2098176738.0,-0.27441115938714583,218.65
SH.601888,中国中免,2020-09-30 00:00:00,220.75,216.69,222.65,215.08,190.873,0.00451,8813447,1980609207.0,-0.6237101582205978,218.05
SH.601888,中国中免,2020-10-09 00:00:00,216.75,197.85,216.75,194.4,174.743,0.01669,32584769,6645559394.0,-8.694448290184136,216.69
SH.601888,中国中免,2020-10-12 00:00:00,197.91,205.75,206.65,194.75,181.506,0.00911,17785047,3695843758.0,3.992923932271926,197.85
SH.601888,中国中免,2020-10-13 00:00:00,212.75,207.85,213.25,202.55,183.304,0.00717,14002887,2982560475.0,1.0206561360874822,205.75
SH.601888,中国中免,2020-10-14 00:00:00,205.67,202.95,207.75,200.25,179.109,0.00706,13789731,2887420087.0,-2.3574693288429183,207.85
SH.601888,中国中免,2020-10-15 00:00:00,200.75,196.58,203.23,195.75,173.655,0.00722,14087353,2867273590.0,-3.138704114313859,202.95
SH.601888,中国中免,2020-10-16 00:00:00,196.86,197.18,199.19,195.39,174.169,0.00355,6930594,1411966323.0,0.30521924916064413,196.58
SH.601888,中国中免,2020-10-19 00:00:00,194.76,193.85,198.76,192.55,171.318,0.0051,9952792,1997467038.0,-1.6888122527639784,197.18
SH.601888,中国中免,2020-10-20 00:00:00,193.85,193.77,196.8,192.22,171.25,0.00364,7113670,1431084744.0,-0.04126902244002274,193.85
SH.601888,中国中免,2020-10-21 00:00:00,198.75,189.35,198.75,187.77,167.465,0.00679,13266731,2609191352.0,-2.2810548588532877,193.77
SH.601888,中国中免,2020-10-22 00:00:00,187.75,189.74,190.53,180.55,167.799,0.00646,12610837,2430034013.0,0.20596778452601786,189.35
SH.601888,中国中免,2020-10-23 00:00:00,190.63,186.81,192.98,186.75,165.291,0.00345,6745782,1319756863.0,-1.5442184041319735,189.74
SH.601888,中国中免,2020-10-26 00:00:00,186.4,179.43,186.4,175.63,158.972,0.00551,10755371,1994843530.0,-3.9505379797655347,186.81
SH.601888,中国中免,2020-10-27 00:00:00,176.36,178.56,180.12,173.35,158.227,0.00605,11814912,2167257935.0,-0.4848687510449783,179.43
SH.601888,中国中免,2020-10-28 00:00:00,183.75,192.16,194.75,181.86,107.655,0.00925,18051726,3524103657.0,7.616487455197129,178.56
SH.601888,中国中免,2020-10-29 00:00:00,189.75,194.18,197.25,188.35,108.752,0.00647,12628802,2528883551.0,1.051207327227316,192.16
SH.601888,中国中免,2020-10-30 00:00:00,196.78,193.15,198.75,192.36,108.193,0.00528,10312899,2087217528.0,-0.5304356782366881,194.18
SH.601888,中国中免,2020-11-02 00:00:00,191.97,188.15,197.93,185.97,105.48,0.00766,14961467,2928894558.0,-2.588661661920787,193.15
SH.601888,中国中免,2020-11-03 00:00:00,190.09,191.51,193.52,186.78,107.303,0.00551,10750544,2122463286.0,1.785809194791382,188.15
SH.601888,中国中免,2020-11-04 00:00:00,191.17,196.18,197.55,191.17,109.837,0.00535,10441175,2096993690.0,2.438514960054314,191.51
SH.601888,中国中免,2020-11-05 00:00:00,198.75,193.85,200.58,192.26,108.572,0.00642,12542210,2521465398.0,-1.187684779284337,196.18
SH.601888,中国中免,2020-11-06 00:00:00,193.75,190.07,195.25,186.58,106.521,0.00612,11942986,2338144778.0,-1.949961310291463,193.85
SH.601888,中国中免,2020-11-09 00:00:00,190.95,193.25,193.35,187.39,108.247,0.00548,10698714,2111615999.0,1.6730678171200122,190.07
SH.601888,中国中免,2020-11-10 00:00:00,183.28,179.02,187.27,177.25,100.526,0.0157,30663379,5705313086.0,-7.363518758085376,193.25
SH.601888,中国中免,2020-11-11 00:00:00,181.75,178.35,183.54,177.5,100.162,0.00683,13342860,2490642532.0,-0.37425985923361405,179.02
SH.601888,中国中免,2020-11-12 00:00:00,179.25,189.9,190.55,177.29,106.429,0.01103,21534849,4117884796.0,6.476030277544162,178.35
SH.601888,中国中免,2020-11-13 00:00:00,188.95,186.25,188.95,180.63,104.449,0.00646,12621626,2412886369.0,-1.922064244339129,189.9
SH.601888,中国中免,2020-11-16 00:00:00,182.75,180.2,183.65,177.85,101.166,0.00844,16487477,3067825647.0,-3.248322147651013,186.25
SH.601888,中国中免,2020-11-17 00:00:00,180.21,174.75,180.71,173.54,98.209,0.00682,13321850,2437431884.0,-3.0244173140954436,180.2
SH.601888,中国中免,2020-11-18 00:00:00,175.36,169.0,177.85,166.52,95.089,0.00925,18068153,3192302518.0,-3.290414878397711,174.75
SH.601888,中国中免,2020-11-19 00:00:00,169.47,177.06,178.33,167.75,99.462,0.00815,15912226,2890863457.0,4.769230769230771,169.0
SH.601888,中国中免,2020-11-20 00:00:00,179.06,178.75,181.53,176.01,100.379,0.00459,8963883,1665324574.0,0.9544787077826713,177.06
SH.601888,中国中免,2020-11-23 00:00:00,178.75,181.64,183.93,175.25,101.947,0.00636,12408274,2317678416.0,1.6167832167832092,178.75
SH.601888,中国中免,2020-11-24 00:00:00,182.69,187.14,190.23,179.14,104.932,0.00697,13613436,2619219138.0,3.027967408059899,181.64
SH.601888,中国中免,2020-11-25 00:00:00,188.68,182.75,189.2,182.75,102.55,0.00407,7947801,1525829253.0,-2.3458373410281,187.14
SH.601888,中国中免,2020-11-26 00:00:00,182.26,185.0,191.55,182.26,103.771,0.00487,9508333,1829455143.0,1.231190150478796,182.75
SH.601888,中国中免,2020-11-27 00:00:00,184.08,186.95,187.63,181.95,104.829,0.00311,6068129,1162208528.0,1.054054054054048,185.0
SH.601888,中国中免,2020-11-30 00:00:00,184.26,186.95,191.01,184.26,104.829,0.00509,9938451,1934284196.0,0.0,186.95
SH.601888,中国中免,2020-12-01 00:00:00,187.75,189.75,192.13,186.95,106.348,0.00446,8706746,1711937213.0,1.497726664883665,186.95
SH.601888,中国中免,2020-12-02 00:00:00,191.17,189.27,193.25,187.78,106.087,0.0031,6043092,1187615985.0,-0.252964426877465,189.75
SH.601888,中国中免,2020-12-03 00:00:00,187.83,188.68,191.03,187.76,105.767,0.00295,5755564,1126580618.0,-0.3117239921804847,189.27
SH.601888,中国中免,2020-12-04 00:00:00,187.75,190.18,191.35,186.05,106.581,0.00374,7311364,1429941155.0,0.79499682001272,188.68
SH.601888,中国中免,2020-12-07 00:00:00,190.75,201.5,202.73,189.25,112.723,0.00913,17817611,3645248607.0,5.952255757703225,190.18
SH.601888,中国中免,2020-12-08 00:00:00,203.38,201.78,204.05,197.85,112.875,0.00435,8492411,1761170640.0,0.13895781637717178,201.5
SH.601888,中国中免,2020-12-09 00:00:00,201.58,196.08,203.1,195.97,109.782,0.00376,7343258,1508165187.0,-2.8248587570621413,201.78
SH.601888,中国中免,2020-12-10 00:00:00,197.99,201.55,203.12,194.87,112.75,0.00467,9114946,1887302313.0,2.7896776825785388,196.08
SH.601888,中国中免,2020-12-11 00:00:00,204.63,199.75,204.63,196.42,111.774,0.00488,9533017,1970732703.0,-0.8930786405358527,201.55
SH.601888,中国中免,2020-12-14 00:00:00,199.56,207.35,209.75,196.76,115.897,0.00788,15376628,3266180639.0,3.804755944931161,199.75
SH.601888,中国中免,2020-12-15 00:00:00,207.81,212.13,213.45,206.3,118.491,0.00626,12213398,2655271358.0,2.3052809259705818,207.35
SH.601888,中国中免,2020-12-16 00:00:00,214.25,214.11,217.05,210.95,119.565,0.00399,7798420,1719934554.0,0.933389902418337,212.13
SH.601888,中国中免,2020-12-17 00:00:00,214.25,219.24,219.63,212.75,122.349,0.00511,9974441,2225424381.0,2.395964691046656,214.11
SH.601888,中国中免,2020-12-18 00:00:00,216.53,211.0,218.53,210.6,117.878,0.00587,11464456,2510594483.0,-3.758438241196866,219.24
SH.601888,中国中免,2020-12-21 00:00:00,211.75,222.88,223.65,210.75,124.324,0.00621,12120162,2735604994.0,5.6303317535545006,211.0
SH.601888,中国中免,2020-12-22 00:00:00,222.88,230.7,238.92,220.25,128.567,0.00826,16125032,3806786873.0,3.5086145010768095,222.88
SH.601888,中国中免,2020-12-23 00:00:00,230.75,240.63,249.07,230.75,133.955,0.00875,17086827,4243747876.0,4.304291287386219,230.7
SH.601888,中国中免,2020-12-24 00:00:00,246.75,245.95,256.24,243.32,136.842,0.00645,12603214,3222722179.0,2.210863150895563,240.63
SH.601888,中国中免,2020-12-25 00:00:00,243.75,252.75,255.62,239.75,140.531,0.00475,9279388,2375891757.0,2.764789591380367,245.95
SH.601888,中国中免,2020-12-28 00:00:00,257.63,251.35,258.649999999,247.66,139.772,0.00526,10264200,2644445262.0,-0.553907022749755,252.75
SH.601888,中国中免,2020-12-29 00:00:00,249.75,248.9,252.75,241.95,138.442,0.00504,9836743,2498594693.0,-0.9747364233140994,251.35
SH.601888,中国中免,2020-12-30 00:00:00,246.85,256.87,259.8,246.85,142.767,0.00576,11246424,2941588678.0,3.202089192446765,248.9
SH.601888,中国中免,2020-12-31 00:00:00,263.769999999,276.2,279.55,261.269999999,153.255,0.00757,14788181,4111681198.0,7.525207303305168,256.87
SH.601888,中国中免,2021-01-04 00:00:00,275.75,286.0,294.37,275.5,158.572,0.00719,14034748,4127327801.0,3.5481535119478678,276.2
SH.601888,中国中免,2021-01-05 00:00:00,283.75,286.77,293.44,282.75,158.99,0.00608,11871365,3480973443.0,0.2692307692307629,286.0
SH.601888,中国中免,2021-01-06 00:00:00,283.75,281.75,287.58,277.77,156.266,0.00647,12638099,3640459354.0,-1.7505317850542186,286.77
SH.601888,中国中免,2021-01-07 00:00:00,287.1,304.75,304.75,283.75,168.746,0.00774,15115316,4534780266.0,8.16326530612245,281.75
SH.601888,中国中免,2021-01-08 00:00:00,304.75,284.75,305.15,280.75,157.894,0.01005,19617712,5823692598.0,-6.562756357670222,304.75
SH.601888,中国中免,2021-01-11 00:00:00,283.75,292.15,299.83,277.85,161.909,0.00873,17050041,5065001160.0,2.5987708516242236,284.75
SH.601888,中国中免,2021-01-12 00:00:00,289.7,312.85,315.61,289.34,173.141,0.00636,12410766,3857765101.0,7.085401334930702,292.15
SH.601888,中国中免,2021-01-13 00:00:00,311.75,293.74,312.75,286.35,162.772,0.00928,18116575,5483084018.0,-6.10835863832508,312.85
SH.601888,中国中免,2021-01-14 00:00:00,287.31,274.3,288.09,270.43,152.224,0.01231,24030570,6809999499.0,-6.618097637366377,293.74
SH.601888,中国中免,2021-01-15 00:00:00,273.24,273.76,280.45,266.25,151.931,0.00776,15142461,4237712893.0,-0.19686474662778727,274.3
SH.601888,中国中免,2021-01-18 00:00:00,271.97,267.95,272.75,261.75,148.779,0.00889,17356624,4748017549.0,-2.1222969023962603,273.76
SH.601888,中国中免,2021-01-19 00:00:00,270.86,261.899999999,275.68,261.75,145.496,0.00693,13525147,3693985646.0,-2.2578839339429004,267.95
SH.601888,中国中免,2021-01-20 00:00:00,264.019999999,266.69,268.74,256.75,148.095,0.00719,14038571,3800141223.0,1.8289423447950741,261.899999999
SH.601888,中国中免,2021-01-21 00:00:00,265.24,265.75,269.73,256.75,147.585,0.01009,19695482,5298221443.0,-0.35246915894859115,266.69
SH.601888,中国中免,2021-01-22 00:00:00,265.779999999,276.75,278.75,263.85,153.553,0.00931,18172016,5103052340.0,4.13922859830668,265.75
SH.601888,中国中免,2021-01-25 00:00:00,281.76,301.75,304.75,281.76,167.118,0.0122,23816136,7181651412.0,9.033423667570009,276.75
SH.601888,中国中免,2021-01-26 00:00:00,295.3,291.73,299.54,287.67,161.682,0.00683,13339169,3993548612.0,-3.3206296603148244,301.75
SH.601888,中国中免,2021-01-27 00:00:00,292.85,290.75,292.85,276.78,161.15,0.00678,13233197,3844437373.0,-0.33592705583930965,291.73
SH.601888,中国中免,2021-01-28 00:00:00,283.32,280.75,288.9,279.35,155.724,0.00461,9000755,2608105507.0,-3.4393809114359417,290.75
SH.601888,中国中免,2021-01-29 00:00:00,286.65,287.75,294.63,283.76,159.522,0.00687,13404385,3954648924.0,2.4933214603739984,280.75
SH.601888,中国中免,2021-02-01 00:00:00,301.65,299.75,309.62,291.75,166.033,0.01043,20364209,6250768198.0,4.170286707211121,287.75
SH.601888,中国中免,2021-02-02 00:00:00,302.15,324.76,327.05,294.86,179.603,0.00931,18185374,5839697786.0,8.343619683069221,299.75
SH.601888,中国中免,2021-02-03 00:00:00,324.43,334.73,342.63,321.75,185.013,0.00777,15161444,5170358000.0,3.069959354600329,324.76
SH.601888,中国中免,2021-02-04 00:00:00,329.23,322.69,335.15,315.1,178.48,0.00688,13435147,4447164474.0,-3.596928868042906,334.73
SH.601888,中国中免,2021-02-05 00:00:00,328.83,340.7,347.55,326.75,188.252,0.00705,13760066,4763194483.0,5.581207970497998,322.69
SH.601888,中国中免,2021-02-08 00:00:00,340.75,351.74,355.75,336.95,194.243,0.00598,11673965,4138020636.0,3.2403874376284185,340.7
SH.601888,中国中免,2021-02-09 00:00:00,355.03,353.48,356.93,342.79,195.187,0.00499,9751513,3477865598.0,0.494683573093765,351.74
SH.601888,中国中免,2021-02-10 00:00:00,351.75,381.61,381.61,349.81,210.45,0.00595,11616904,4374248841.0,7.958017426728527,353.48
SH.601888,中国中免,2021-02-18 00:00:00,389.41,373.65,397.53,365.75,206.131,0.00927,18094953,7020478713.0,-2.085899216477565,381.61
SH.601888,中国中免,2021-02-19 00:00:00,372.75,365.65,381.31,348.86,201.79,0.00738,14416880,5314429469.0,-2.141041081225746,373.65
SH.601888,中国中免,2021-02-22 00:00:00,372.73,332.75,372.75,332.51,183.939,0.01117,21811517,7642625077.0,-8.997675372624087,365.65
SH.601888,中国中免,2021-02-23 00:00:00,323.63,326.53,337.65,321.55,180.564,0.00821,16034210,5351670901.0,-1.8692712246431338,332.75
SH.601888,中国中免,2021-02-24 00:00:00,329.74,308.38,333.35,305.05,170.716,0.00971,18956382,6062374902.0,-5.558447922089847,326.53
SH.601888,中国中免,2021-02-25 00:00:00,315.75,312.85,320.63,307.28,174.086,0.00687,13418028,4302677014.0,1.449510344380319,308.38
SH.601888,中国中免,2021-02-26 00:00:00,299.75,301.66,308.4,294.75,167.981,0.00818,15971308,4907611708.0,-3.5767939907303807,312.85
SH.601888,中国中免,2021-03-01 00:00:00,308.71,318.31,320.55,308.55,177.064,0.00727,14186312,4568370025.0,5.519458993568911,301.66
SH.601888,中国中免,2021-03-02 00:00:00,326.75,309.85,328.05,302.6,172.449,0.00828,16173676,5186296790.0,-2.657786434607766,318.31
SH.601888,中国中免,2021-03-03 00:00:00,308.55,318.25,322.46,305.75,177.032,0.00541,10562723,3393191026.0,2.71098918831692,309.85
SH.601888,中国中免,2021-03-04 00:00:00,311.69,303.38,311.69,294.62,168.919,0.00861,16813634,5158625436.0,-4.672427336999216,318.25
SH.601888,中国中免,2021-03-05 00:00:00,293.55,299.63,306.22,288.75,166.873,0.00558,10901758,3321489084.0,-1.2360735710989519,303.38
SH.601888,中国中免,2021-03-08 00:00:00,298.65,272.74,301.29,269.75,152.204,0.01091,21297372,6166108097.0,-8.974401762173342,299.63
SH.601888,中国中免,2021-03-09 00:00:00,273.75,276.04,289.05,263.649999999,154.004,0.01083,21144596,5967938721.0,1.2099435359683255,272.74
SH.601888,中国中免,2021-03-10 00:00:00,284.75,293.37,298.63,283.76,163.458,0.00867,16933609,5057281953.0,6.278075641211413,276.04
SH.601888,中国中免,2021-03-11 00:00:00,292.75,295.53,301.03,288.8,164.637,0.00623,12164834,3675489474.0,0.7362716024133238,293.37
SH.601888,中国中免,2021-03-12 00:00:00,300.05,303.16,308.69,296.76,168.799,0.0072,14059687,4347307560.0,2.5818021859033102,295.53
SH.601888,中国中免,2021-03-15 00:00:00,297.61,291.55,302.75,284.25,162.465,0.00645,12591754,3756021126.0,-3.8296609051326076,303.16
SH.601888,中国中免,2021-03-16 00:00:00,292.75,290.32,295.63,279.37,161.794,0.0054,10540830,3094994030.0,-0.4218830389298639,291.55
SH.601888,中国中免,2021-03-17 00:00:00,286.7,301.82,303.54,280.86,168.068,0.00539,10521673,3180866761.0,3.961146321300634,290.32
SH.601888,中国中免,2021-03-18 00:00:00,306.75,306.45,314.0,302.55,170.594,0.00598,11684927,3660964980.0,1.5340269034523875,301.82
SH.601888,中国中免,2021-03-19 00:00:00,298.75,300.31,316.35,297.07,167.244,0.00638,12453559,3877645766.0,-2.003589492576272,306.45
SH.601888,中国中免,2021-03-22 00:00:00,299.75,305.4,311.75,295.63,170.021,0.00506,9885122,3061244918.0,1.6949152542372798,300.31
SH.601888,中国中免,2021-03-23 00:00:00,308.75,293.77,308.85,284.76,163.677,0.00603,11764277,3528611968.0,-3.808120497707923,305.4
SH.601888,中国中免,2021-03-24 00:00:00,290.75,288.79,296.75,286.35,160.96,0.00435,8490633,2528291225.0,-1.695203730809804,293.77
SH.601888,中国中免,2021-03-25 00:00:00,281.85,292.75,293.05,277.81,163.12,0.00521,10173926,2959680627.0,1.371238616295571,288.79
SH.601888,中国中免,2021-03-26 00:00:00,294.62,307.18,307.89,293.08,170.992,0.00596,11645534,3588654788.0,4.929120409906066,292.75
SH.601888,中国中免,2021-03-29 00:00:00,306.72,309.6,316.63,300.43,172.313,0.0063,12294615,3878409089.0,0.7878117064913133,307.18
SH.601888,中国中免,2021-03-30 00:00:00,306.75,311.63,319.13,304.86,173.42,0.00488,9522877,3048259092.0,0.655684754521955,309.6
SH.601888,中国中免,2021-03-31 00:00:00,310.0,299.83,311.47,295.28,166.983,0.00561,10944626,3366921055.0,-3.7865417321823998,311.63
SH.601888,中国中免,2021-04-01 00:00:00,302.45,315.7,315.7,300.05,175.641,0.00457,8928275,2807005785.0,5.292999366307576,299.83
SH.601888,中国中免,2021-04-02 00:00:00,314.75,327.25,331.57,313.75,181.942,0.00535,10455159,3455129967.0,3.658536585365858,315.7
SH.601888,中国中免,2021-04-06 00:00:00,328.73,310.95,328.73,306.42,173.049,0.00711,13886691,4445332911.0,-4.98090145148969,327.25
SH.601888,中国中免,2021-04-07 00:00:00,309.66,305.65,310.7,300.75,170.158,0.00525,10251860,3181247677.0,-1.7044540922978006,310.95
SH.601888,中国中免,2021-04-08 00:00:00,301.25,306.03,308.75,299.28,170.365,0.00439,8572967,2662657714.0,0.12432520857189448,305.65
SH.601888,中国中免,2021-04-09 00:00:00,303.75,295.35,305.75,294.79,164.539,0.00489,9539539,2896177559.0,-3.4898539358886227,306.03
SH.601888,中国中免,2021-04-12 00:00:00,289.76,289.14,298.34,282.75,161.151,0.0075,14637262,4304374209.0,-2.102590147282897,295.35
SH.601888,中国中免,2021-04-13 00:00:00,286.57,259.6,296.63,259.6,145.035,0.01206,23538076,6553860063.0,-10.216504115653304,289.14
SH.601888,中国中免,2021-04-14 00:00:00,253.75,281.95,283.13,253.75,157.228,0.01322,25806610,7208830725.0,8.609399075500757,259.6
SH.601888,中国中免,2021-04-15 00:00:00,280.71,276.81,280.71,271.85,154.424,0.00521,10169105,2864860304.0,-1.8230182656499332,281.95
SH.601888,中国中免,2021-04-16 00:00:00,280.93,279.6,281.91,271.25,155.946,0.00481,9392501,2662067586.0,1.0079115638885952,276.81
SH.601888,中国中免,2021-04-19 00:00:00,279.33,288.25,291.76,277.6,160.665,0.00563,11002066,3234316952.0,3.0937052932761,279.6
SH.601888,中国中免,2021-04-20 00:00:00,287.96,286.74,296.22,285.33,159.841,0.00543,10602279,3142971502.0,-0.523850823937551,288.25
SH.601888,中国中免,2021-04-21 00:00:00,281.75,292.41,292.44,281.74,162.935,0.004,7804830,2307619029.0,1.9774011299435081,286.74
SH.601888,中国中免,2021-04-22 00:00:00,290.75,289.75,291.65,277.25,64.138,0.00704,13740587,3986803757.0,-0.9096816114360059,292.41
SH.601888,中国中免,2021-04-23 00:00:00,291.9,293.04,297.02,289.81,64.851,0.00547,10677520,3204828432.0,1.1354616048317585,289.75
SH.601888,中国中免,2021-04-26 00:00:00,294.75,292.19,303.64,291.05,64.667,0.00575,11224543,3422768840.0,-0.2900627900627978,293.04
SH.601888,中国中免,2021-04-27 00:00:00,295.3,300.73,301.6,292.77,66.517,0.00496,9683443,2955423133.0,2.922755741127356,292.19
SH.601888,中国中免,2021-04-28 00:00:00,300.42,303.75,305.24,288.75,67.172,0.00526,10271619,3139965249.0,1.0042230572274071,300.73
SH.601888,中国中免,2021-04-29 00:00:00,300.97,304.07,309.85,298.75,67.241,0.00453,8852475,2748613798.0,0.10534979423868088,303.75
SH.601888,中国中免,2021-04-30 00:00:00,301.83,305.74,311.63,298.75,67.603,0.00514,10035089,3132227992.0,0.5492156411352702,304.07
SH.601888,中国中免,2021-05-06 00:00:00,312.75,289.45,312.75,289.45,64.073,0.00674,13152381,3972604983.0,-5.32805651861059,305.74
SH.601888,中国中免,2021-05-07 00:00:00,288.78,281.75,294.55,281.28,62.405,0.00454,8871386,2602939209.0,-2.660217654171701,289.45
SH.601888,中国中免,2021-05-10 00:00:00,283.1,292.64,296.75,283.1,64.764,0.00449,8771814,2618300311.0,3.8651286601597112,281.75
SH.601888,中国中免,2021-05-11 00:00:00,288.25,292.75,295.55,286.06,64.788,0.0032,6255937,1858703389.0,0.03758884636413807,292.64
SH.601888,中国中免,2021-05-12 00:00:00,293.14,296.75,298.25,288.76,65.655,0.00317,6179889,1857947024.0,1.3663535439795047,292.75
SH.601888,中国中免,2021-05-13 00:00:00,291.74,288.75,295.52,281.85,63.921,0.00506,9879030,2900389995.0,-2.695871946082561,296.75
SH.601888,中国中免,2021-05-14 00:00:00,290.75,303.33,303.75,286.75,67.081,0.00678,13243688,4032866270.0,5.049350649350644,288.75
SH.601888,中国中免,2021-05-17 00:00:00,306.75,313.14,315.85,304.0,69.206,0.00638,12451300,3972405796.0,3.2341014736425686,303.33
SH.601888,中国中免,2021-05-18 00:00:00,313.06,311.8,315.75,307.75,68.916,0.00282,5509840,1744413987.0,-0.4279236124417114,313.14
SH.601888,中国中免,2021-05-19 00:00:00,311.12,320.27,323.73,308.87,70.751,0.00375,7313013,2383748369.0,2.7164849262347563,311.8
SH.601888,中国中免,2021-05-20 00:00:00,318.31,318.76,323.55,314.75,70.424,0.00385,7520377,2446860596.0,-0.4714771911199897,320.27
SH.601888,中国中免,2021-05-21 00:00:00,322.29,311.75,323.85,307.77,68.905,0.00367,7174291,2294108740.0,-2.199146693437066,318.76
SH.601888,中国中免,2021-05-24 00:00:00,311.75,314.04,316.75,307.25,69.401,0.00282,5512583,1756716299.0,0.7345629510826048,311.75
SH.601888,中国中免,2021-05-25 00:00:00,316.57,333.03,333.27,313.76,73.516,0.00665,12988839,4331541435.0,6.047000382116912,314.04
SH.601888,中国中免,2021-05-26 00:00:00,335.75,333.74,342.45,328.65,73.67,0.00462,9024351,3074087078.0,0.21319400654596776,333.03
SH.601888,中国中免,2021-05-27 00:00:00,333.73,338.29,342.05,330.75,74.656,0.00432,8433242,2896663233.0,1.363336729190391,333.74
SH.601888,中国中免,2021-05-28 00:00:00,335.75,338.04,343.03,332.75,74.602,0.0035,6829905,2357981402.0,-0.0739010907800999,338.29
SH.601888,中国中免,2021-05-31 00:00:00,336.74,328.25,337.74,323.35,72.481,0.00575,11220941,3735633093.0,-2.8961069695894035,338.04
SH.601888,中国中免,2021-06-01 00:00:00,325.74,327.87,331.06,322.4,72.398,0.00431,8408658,2805332626.0,-0.11576542269611438,328.25
SH.601888,中国中免,2021-06-02 00:00:00,329.75,319.05,331.15,317.75,70.487,0.00369,7199074,2359810455.0,-2.6900905846829515,327.87
SH.601888,中国中免,2021-06-03 00:00:00,321.74,319.59,325.6,315.77,70.604,0.0032,6251916,2049074942.0,0.1692524682651508,319.05
SH.601888,中国中免,2021-06-04 00:00:00,315.76,313.31,318.75,310.75,69.243,0.00504,9845121,3148155234.0,-1.9650176789010838,319.59
SH.601888,中国中免,2021-06-07 00:00:00,313.67,310.75,313.67,304.38,68.689,0.00399,7789663,2447473550.0,-0.8170821231368302,313.31
SH.601888,中国中免,2021-06-08 00:00:00,310.49,311.13,318.33,308.22,68.771,0.00409,7978689,2542852738.0,0.12228479485116507,310.75
SH.601888,中国中免,2021-06-09 00:00:00,308.05,306.55,312.75,304.71,67.778,0.00365,7121652,2232948852.0,-1.472053482467131,311.13
SH.601888,中国中免,2021-06-10 00:00:00,304.77,307.21,311.12,304.45,67.921,0.0039,7609906,2396773127.0,0.21529929864621372,306.55
SH.601888,中国中免,2021-06-11 00:00:00,308.3,304.75,310.75,299.13,67.388,0.00475,9280411,2875240466.0,-0.8007551837505223,307.21
SH.601888,中国中免,2021-06-15 00:00:00,304.44,291.43,304.44,289.25,64.502,0.00669,13058715,3913995665.0,-4.370795734208365,304.75
SH.601888,中国中免,2021-06-16 00:00:00,294.25,283.45,294.75,281.95,62.773,0.00543,10592977,3110465033.0,-2.7382218714614206,291.43
SH.601888,中国中免,2021-06-17 00:00:00,283.45,279.75,287.69,277.43,61.971,0.00616,12022446,3449965534.0,-1.3053448579996434,283.45
SH.601888,中国中免,2021-06-18 00:00:00,278.75,281.23,281.5,270.17,62.292,0.00666,12995060,3671374728.0,0.5290437890974149,279.75
SH.601888,中国中免,2021-06-21 00:00:00,278.75,275.73,278.75,268.05,61.1,0.00748,14604664,4073868106.0,-1.9556946271734876,281.23
SH.601888,中国中免,2021-06-22 00:00:00,277.75,281.24,282.75,269.05,62.078,0.0062,12097595,3423877620.0,1.998331701301995,275.73
SH.601888,中国中免,2021-06-23 00:00:00,283.75,291.65,295.02,283.73,64.333,0.00853,16655036,4955347839.0,3.7014649409756677,281.24
SH.601888,中国中免,2021-06-24 00:00:00,296.25,288.93,297.2,283.26,63.744,0.00527,10296668,3008152024.0,-0.9326247214126421,291.65
SH.601888,中国中免,2021-06-25 00:00:00,288.65,291.45,294.25,284.93,64.29,0.00511,9971896,2954988454.0,0.8721835738760191,288.93
SH.601888,中国中免,2021-06-28 00:00:00,295.75,302.58,304.71,295.75,66.702,0.00514,10042096,3085281132.0,3.8188368502315995,291.45
SH.601888,中国中免,2021-06-29 00:00:00,302.68,296.5,303.75,293.76,65.384,0.0053,10345389,3129803929.0,-2.0093859475180067,302.58
SH.601888,中国中免,2021-06-30 00:00:00,292.93,294.85,298.73,290.83,65.027,0.00348,6804353,2040071043.0,-0.5564924114671087,296.5
SH.601888,中国中免,2021-07-01 00:00:00,293.75,294.75,294.84,287.35,65.005,0.00454,8867175,2627435713.0,-0.033915550279811,294.85
SH.601888,中国中免,2021-07-02 00:00:00,288.05,275.84,288.05,273.75,60.907,0.00901,17588831,4979170854.0,-6.415606446140806,294.75
SH.601888,中国中免,2021-07-05 00:00:00,272.25,274.64,279.73,270.25,60.647,0.00468,9135990,2560788528.0,-0.43503480278421863,275.84
SH.601888,中国中免,2021-07-06 00:00:00,278.71,276.25,283.82,269.75,60.996,0.00602,11745092,3300594715.0,0.5862219632974125,274.64
SH.601888,中国中免,2021-07-07 00:00:00,270.62,269.75,274.68,266.76,59.588,0.00702,13709181,3781120212.0,-2.3529411764705883,276.25
SH.601888,中国中免,2021-07-08 00:00:00,271.74,264.14,272.58,262.75,58.372,0.0069,13472523,3666642312.0,-2.079703429101025,269.75
SH.601888,中国中免,2021-07-09 00:00:00,262.74,259.91,266.529999999,259.149999999,57.456,0.00549,10727815,2859414841.0,-1.6014234875444695,264.14
SH.601888,中国中免,2021-07-12 00:00:00,265.75,280.45,281.75,258.87,61.906,0.01041,20329583,5691852395.0,7.902735562310016,259.91
SH.601888,中国中免,2021-07-13 00:00:00,282.21,283.54,293.75,280.75,62.576,0.00768,15002509,4390420301.0,1.1018006774826288,280.45
SH.601888,中国中免,2021-07-14 00:00:00,283.44,277.05,283.44,275.69,61.17,0.00556,10853475,3081845526.0,-2.2889186710869747,283.54
SH.601888,中国中免,2021-07-15 00:00:00,275.75,279.68,281.41,273.76,61.739,0.00371,7236523,2053258985.0,0.9492871322865892,277.05
SH.601888,中国中免,2021-07-16 00:00:00,279.75,269.75,281.1,269.55,59.588,0.00584,11409698,3158462130.0,-3.550486270022886,279.68
SH.601888,中国中免,2021-07-19 00:00:00,269.23,284.97,284.97,263.75,62.886,0.00756,14758540,4156961700.0,5.642261353104737,269.75
SH.601888,中国中免,2021-07-20 00:00:00,285.25,288.2,291.42,282.63,63.586,0.00724,14129398,4136827958.0,1.1334526441379658,284.97
SH.601888,中国中免,2021-07-21 00:00:00,289.85,279.44,292.42,279.33,61.687,0.00672,13121862,3782193591.0,-3.0395558639833418,288.2
SH.601888,中国中免,2021-07-22 00:00:00,276.84,276.71,286.75,273.76,61.096,0.00516,10076274,2856338206.0,-0.9769539078156377,279.44
SH.601888,中国中免,2021-07-23 00:00:00,276.7,272.43,277.75,268.279999999,60.169,0.00541,10553345,2917578724.0,-1.5467456904340187,276.71
SH.601888,中国中免,2021-07-26 00:00:00,268.75,257.73,268.75,250.75,56.983,0.00989,19310264,5086692598.0,-5.395881510846818,272.43
SH.601888,中国中免,2021-07-27 00:00:00,255.95,248.75,259.769999999,247.74,55.037,0.00686,13390636,3461482429.0,-3.4842664804252585,257.73
SH.601888,中国中免,2021-07-28 00:00:00,244.85,245.59,254.42,239.75,54.353,0.00703,13724892,3443777887.0,-1.2703517587939683,248.75
SH.601888,中国中免,2021-07-29 00:00:00,249.9,252.76,260.25,249.77,55.906,0.00724,14143180,3679353772.0,2.9194999796408596,245.59
SH.601888,中国中免,2021-07-30 00:00:00,247.75,235.75,249.19,235.25,52.221,0.00953,18610342,4555811380.0,-6.729704067099221,252.76
SH.601888,中国中免,2021-08-02 00:00:00,222.65,234.1,236.15,218.88,51.863,0.01367,26696827,6204401324.0,-0.6998939554612962,235.75
SH.601888,中国中免,2021-08-03 00:00:00,231.11,248.62,250.11,230.49,55.009,0.01032,20157821,5025146133.0,6.202477573686464,234.1
SH.601888,中国中免,2021-08-04 00:00:00,249.64,249.75,253.75,243.69,55.254,0.00721,14080819,3561130676.0,0.45450888906765163,248.62
SH.601888,中国中免,2021-08-05 00:00:00,250.55,249.75,258.75,244.77,55.254,0.0065,12691262,3272173302.0,0.0,249.75
SH.601888,中国中免,2021-08-06 00:00:00,245.75,246.75,250.15,242.42,54.604,0.00481,9393911,2358028390.0,-1.2012012012012012,249.75
SH.601888,中国中免,2021-08-09 00:00:00,246.77,255.149999999,263.54,246.77,56.424,0.00824,16084698,4239459420.0,3.4042553187436626,246.75
SH.601888,中国中免,2021-08-10 00:00:00,252.75,262.1,262.75,246.19,57.93,0.00805,15715110,4097919750.0,2.72388790947571,255.149999999
SH.601888,中国中免,2021-08-11 00:00:00,262.25,253.75,263.32,252.73,56.121,0.0052,10147027,2653005018.0,-3.1858069439145447,262.1
SH.601888,中国中免,2021-08-12 00:00:00,249.75,247.83,253.23,246.26,54.838,0.00442,8629727,2189914306.0,-2.3330049261083694,253.75
SH.601888,中国中免,2021-08-13 00:00:00,246.26,252.399999999,254.25,245.75,55.828,0.00404,7888155,2021004845.0,1.8440059714320198,247.83
SH.601888,中国中免,2021-08-16 00:00:00,253.75,257.589999999,263.2,251.75,56.953,0.00694,13543553,3590725702.0,2.056259904920983,252.399999999
SH.601888,中国中免,2021-08-17 00:00:00,258.079999999,239.73,262.709999999,238.47,53.083,0.00893,17444713,4384061973.0,-6.933498970872057,257.589999999
SH.601888,中国中免,2021-08-18 00:00:00,241.32,230.47,242.01,227.74,51.076,0.00956,18668073,4407020289.0,-3.8626788470362454,239.73
SH.601888,中国中免,2021-08-19 00:00:00,230.49,230.84,236.23,224.67,51.157,0.00644,12565888,2949792411.0,0.16054150214778695,230.47
SH.601888,中国中免,2021-08-20 00:00:00,229.87,223.02,229.87,218.89,49.462,0.00801,15636652,3576077812.0,-3.387627794143126,230.84
SH.601888,中国中免,2021-08-23 00:00:00,226.75,226.85,231.74,223.78,50.292,0.00586,11443609,2675067574.0,1.7173347681822189,223.02
SH.601888,中国中免,2021-08-24 00:00:00,229.03,234.85,235.93,226.33,52.026,0.00555,10832803,2583026842.0,3.526559400484902,226.85
SH.601888,中国中免,2021-08-25 00:00:00,236.75,241.69,248.61,234.39,53.508,0.00717,13996877,3465408645.0,2.9124973387268485,234.85
SH.601888,中国中免,2021-08-26 00:00:00,241.75,239.89,241.75,231.75,53.118,0.0048,9373510,2258774444.0,-0.7447556787620553,241.69
SH.601888,中国中免,2021-08-27 00:00:00,236.75,234.98,240.75,232.93,52.054,0.00425,8293815,1997464446.0,-2.046771436908582,239.89
SH.601888,中国中免,2021-08-30 00:00:00,237.05,234.25,237.95,227.95,44.245,0.00563,10993757,2610439448.0,-0.31066473742445727,234.98
SH.601888,中国中免,2021-08-31 00:00:00,235.16,223.04,235.43,215.75,42.174,0.01063,20752651,4721717632.0,-4.785485592315905,234.25
SH.601888,中国中免,2021-09-01 00:00:00,223.54,231.04,234.92,218.75,43.652,0.00793,15478059,3626276605.0,3.5868005738880915,223.04
SH.601888,中国中免,2021-09-02 00:00:00,233.75,222.8,236.62,221.82,42.13,0.00752,14689022,3423609361.0,-3.5664819944598256,231.04
SH.601888,中国中免,2021-09-03 00:00:00,220.75,231.15,231.75,217.25,43.672,0.00695,13567389,3160015735.0,3.747755834829441,222.8
SH.601888,中国中免,2021-09-06 00:00:00,231.43,237.75,240.45,226.26,44.891,0.00908,17721092,4269376766.0,2.855288773523683,231.15
SH.601888,中国中免,2021-09-07 00:00:00,238.25,244.31,246.85,237.79,46.103,0.00745,14545009,3616523534.0,2.7592008412197697,237.75
SH.601888,中国中免,2021-09-08 00:00:00,244.34,244.08,245.73,240.8,46.061,0.00502,9793224,2433812265.0,-0.09414268756906789,244.31
SH.601888,中国中免,2021-09-09 00:00:00,243.41,239.82,245.35,237.85,45.274,0.00379,7395601,1818162344.0,-1.7453294001966646,244.08
SH.601888,中国中免,2021-09-10 00:00:00,237.93,249.75,250.33,237.93,47.108,0.00665,12979110,3280476142.0,4.14060545409057,239.82
SH.601888,中国中免,2021-09-13 00:00:00,246.93,246.0,259.75,244.76,46.416,0.0075,14651043,3767335825.0,-1.5015015015015014,249.75
SH.601888,中国中免,2021-09-14 00:00:00,246.05,241.6,251.41,240.83,45.603,0.00516,10065409,2526958368.0,-1.788617886178864,246.0
SH.601888,中国中免,2021-09-15 00:00:00,239.76,229.72,240.45,227.15,43.408,0.00614,11989711,2850825080.0,-4.917218543046356,241.6
SH.601888,中国中免,2021-09-16 00:00:00,227.75,236.11,236.54,223.23,44.588,0.0066,12893598,3051284128.0,2.7816472227059093,229.72
SH.601888,中国中免,2021-09-17 00:00:00,232.78,244.25,246.75,227.83,46.092,0.00614,11981046,2922310880.0,3.4475456355088667,236.11
SH.601888,中国中免,2021-09-22 00:00:00,239.75,232.87,242.75,231.11,43.99,0.00443,8642789,2072753293.0,-4.659160696008186,244.25
SH.601888,中国中免,2021-09-23 00:00:00,228.75,229.35,233.72,227.83,43.34,0.00495,9669938,2273130016.0,-1.5115729806329756,232.87
SH.601888,中国中免,2021-09-24 00:00:00,227.78,241.75,245.48,226.75,45.63,0.00705,13768632,3377118242.0,5.4065838238500135,229.35
SH.601888,中国中免,2021-09-27 00:00:00,242.75,251.47,256.92,242.35,47.426,0.00849,16576768,4268883352.0,4.020682523267839,241.75
SH.601888,中国中免,2021-09-28 00:00:00,249.75,248.73,251.519999999,241.35,46.92,0.00468,9135249,2308453397.0,-1.0895931920308621,251.47
SH.601888,中国中免,2021-09-29 00:00:00,244.62,246.03,248.45,239.19,46.421,0.00415,8101706,2020772847.0,-1.0855144132191488,248.73
SH.601888,中国中免,2021-09-30 00:00:00,256.75,254.75,260.75,250.37,48.032,0.00869,16962736,4443265688.0,3.544283217493801,246.03
SH.601888,中国中免,2021-10-08 00:00:00,266.75,265.05,270.15,261.76,49.935,0.00811,15829328,4303197664.0,4.043179587831212,254.75
SH.601888,中国中免,2021-10-11 00:00:00,265.05,258.25,270.94,257.13,48.679,0.00616,12032446,3233411687.0,-2.5655536691190384,265.05
SH.601888,中国中免,2021-10-12 00:00:00,260.44,261.95,264.47,256.44,49.362,0.00442,8635991,2310194612.0,1.4327202323330064,258.25
SH.601888,中国中免,2021-10-13 00:00:00,260.75,272.95,273.43,257.769999999,51.394,0.00564,11012653,3015947184.0,4.199274670738691,261.95
SH.601888,中国中免,2021-10-14 00:00:00,271.75,267.839999999,274.12,263.98,50.45,0.00475,9277206,2535195390.0,-1.8721377545337987,272.95
SH.601888,中国中免,2021-10-15 00:00:00,267.75,264.3,267.75,258.41,49.796,0.00473,9244602,2474570481.0,-1.321684587445188,267.839999999
SH.601888,中国中免,2021-10-18 00:00:00,263.3,254.589999999,263.3,250.76,48.002,0.00464,9055151,2351444074.0,-3.6738554676503963,264.3
SH.601888,中国中免,2021-10-19 00:00:00,254.13,253.87,259.25,252.75,47.869,0.0032,6247065,1629992558.0,-0.2828076511264533,254.589999999
SH.601888,中国中免,2021-10-20 00:00:00,259.1,254.25,261.519999999,251.05,47.94,0.00372,7267157,1888054323.0,0.14968290857525327,253.87
SH.601888,中国中免,2021-10-21 00:00:00,252.75,251.75,255.72,248.98,47.478,0.00342,6680052,1715329827.0,-0.983284169124877,254.25
SH.601888,中国中免,2021-10-22 00:00:00,253.69,263.75,267.31,252.3,49.695,0.00562,10969819,2916982413.0,4.766633565044687,251.75
SH.601888,中国中免,2021-10-25 00:00:00,260.779999999,259.22,262.68,255.81,48.858,0.00382,7456203,1960368611.0,-1.7175355450236864,263.75
SH.601888,中国中免,2021-10-26 00:00:00,259.75,259.75,265.22,258.079999999,48.956,0.00263,5130310,1362585753.0,0.20445953244347376,259.22
SH.601888,中国中免,2021-10-27 00:00:00,256.75,252.75,256.75,252.399999999,47.663,0.00285,5554989,1438538931.0,-2.6948989412897015,259.75
SH.601888,中国中免,2021-10-28 00:00:00,252.0,259.23,261.35,251.579999999,48.86,0.00354,6905781,1819180708.0,2.563798219584577,252.75
SH.601888,中国中免,2021-10-29 00:00:00,256.829999999,263.209999999,266.25,256.75,49.595,0.00418,8157649,2177786981.0,1.5353161281487373,259.23
SH.601888,中国中免,2021-11-01 00:00:00,240.99,236.36,241.75,236.36,41.139,0.00492,9605400,2328676041.0,-10.20098020557805,263.209999999
SH.601888,中国中免,2021-11-02 00:00:00,224.75,217.63,227.75,212.7,37.949,0.02443,47707725,10732991966.0,-7.924352682348966,236.36
SH.601888,中国中免,2021-11-03 00:00:00,219.63,223.05,224.6,217.65,38.872,0.00925,18054446,4103398471.0,2.4904654689151386,217.63
SH.601888,中国中免,2021-11-04 00:00:00,225.6,228.41,231.4,225.45,39.785,0.00595,11617874,2717028805.0,2.4030486438018315,223.05
SH.601888,中国中免,2021-11-05 00:00:00,229.9,225.53,230.25,224.83,39.295,0.004,7807141,1812521117.0,-1.2608905039183904,228.41
SH.601888,中国中免,2021-11-08 00:00:00,225.65,224.17,231.35,223.26,39.063,0.00503,9814735,2271535038.0,-0.6030239879395263,225.53
SH.601888,中国中免,2021-11-09 00:00:00,226.41,222.37,226.41,220.15,38.757,0.00349,6814899,1551439347.0,-0.8029620377392083,224.17
SH.601888,中国中免,2021-11-10 00:00:00,223.36,221.86,223.52,217.52,38.67,0.00343,6693829,1510850574.0,-0.229347483923187,222.37
SH.601888,中国中免,2021-11-11 00:00:00,220.75,223.55,225.93,219.75,38.957,0.00324,6329651,1445539403.0,0.7617416388713593,221.86
SH.601888,中国中免,2021-11-12 00:00:00,228.06,218.31,228.23,216.78,38.065,0.00553,10804723,2429975795.0,-2.3439946320733656,223.55
SH.601888,中国中免,2021-11-15 00:00:00,223.69,224.63,224.75,217.75,39.141,0.0053,10355377,2359867477.0,2.8949658742155617,218.31
SH.601888,中国中免,2021-11-16 00:00:00,224.75,228.75,230.75,223.26,39.843,0.00476,9302240,2170333568.0,1.834127231447271,224.63
SH.601888,中国中免,2021-11-17 00:00:00,227.05,225.19,228.06,224.41,39.237,0.00274,5347140,1235433065.0,-1.5562841530054656,228.75
SH.601888,中国中免,2021-11-18 00:00:00,223.2,218.85,223.25,218.65,38.157,0.00409,7982773,1797312559.0,-2.815400328611396,225.19
SH.601888,中国中免,2021-11-19 00:00:00,218.75,220.05,221.43,218.13,38.361,0.00263,5137619,1156644778.0,0.5483207676490826,218.85
SH.601888,中国中免,2021-11-22 00:00:00,218.85,218.31,221.25,217.25,38.065,0.00501,9772199,2184699165.0,-0.790729379686439,220.05
SH.601888,中国中免,2021-11-23 00:00:00,218.75,215.25,220.35,212.93,37.544,0.00618,12074034,2668308323.0,-1.4016765150474106,218.31
SH.601888,中国中免,2021-11-24 00:00:00,214.75,215.74,216.44,213.31,37.628,0.00383,7474261,1645521045.0,0.22764227642276844,215.25
SH.601888,中国中免,2021-11-25 00:00:00,214.75,206.55,215.85,206.25,36.063,0.00921,17979134,3862184034.0,-4.259757115045888,215.74
SH.601888,中国中免,2021-11-26 00:00:00,205.6,206.07,208.62,201.75,35.981,0.00468,9146624,1926550114.0,-0.23238925199710395,206.55
SH.601888,中国中免,2021-11-29 00:00:00,199.73,198.05,203.75,196.03,34.616,0.01029,20097560,4095370434.0,-3.8918813995244244,206.07
SH.601888,中国中免,2021-11-30 00:00:00,198.75,200.2,204.64,198.75,34.982,0.00596,11632280,2403797667.0,1.0855844483716117,198.05
SH.601888,中国中免,2021-12-01 00:00:00,198.75,197.64,200.75,196.06,34.546,0.00482,9407130,1906373031.0,-1.2787212787212798,200.2
SH.601888,中国中免,2021-12-02 00:00:00,197.25,196.57,199.55,196.56,34.364,0.00322,6278143,1272913186.0,-0.5413883829184342,197.64
SH.601888,中国中免,2021-12-03 00:00:00,196.88,198.81,199.13,191.95,34.745,0.00645,12599793,2534763866.0,1.1395431652846362,196.57
SH.601888,中国中免,2021-12-06 00:00:00,203.91,206.74,208.35,201.75,36.095,0.01015,19812543,4178501735.0,3.9887329611186595,198.81
SH.601888,中国中免,2021-12-07 00:00:00,206.35,207.75,209.32,203.85,36.267,0.00521,10172085,2160458075.0,0.48853632581986595,206.74
SH.601888,中国中免,2021-12-08 00:00:00,207.25,210.21,210.98,204.93,36.686,0.00517,10093732,2167111727.0,1.1841155234657077,207.75
SH.601888,中国中免,2021-12-09 00:00:00,210.65,223.13,224.79,209.75,38.886,0.01239,24182974,5465319968.0,6.146234717663282,210.21
SH.601888,中国中免,2021-12-10 00:00:00,220.78,224.43,226.25,220.75,39.107,0.00696,13579619,3110904289.0,0.5826199973109897,223.13
SH.601888,中国中免,2021-12-13 00:00:00,225.75,223.95,229.55,222.75,39.026,0.00538,10507701,2430628557.0,-0.2138751503809732,224.43
SH.601888,中国中免,2021-12-14 00:00:00,221.65,222.75,225.25,220.75,38.821,0.00427,8337858,1899538459.0,-0.5358338914936319,223.95
SH.601888,中国中免,2021-12-15 00:00:00,222.68,218.04,224.25,218.04,38.019,0.00399,7794460,1754103421.0,-2.114478114478118,222.75
SH.601888,中国中免,2021-12-16 00:00:00,219.63,219.8,220.63,214.95,38.319,0.00374,7300221,1630349313.0,0.8071913410383504,218.04
SH.601888,中国中免,2021-12-17 00:00:00,219.63,212.03,219.63,211.76,36.996,0.00491,9594492,2103206980.0,-3.5350318471337627,219.8
SH.601888,中国中免,2021-12-20 00:00:00,206.75,207.25,211.75,206.56,36.182,0.004,7811831,1670160808.0,-2.2543979625524697,212.03
SH.601888,中国中免,2021-12-21 00:00:00,209.35,209.75,211.89,208.33,36.608,0.00262,5118842,1102044872.0,1.2062726176115801,207.25
SH.601888,中国中免,2021-12-22 00:00:00,212.63,206.76,213.74,205.35,36.099,0.00405,7908132,1686463738.0,-1.4255065554231272,209.75
SH.601888,中国中免,2021-12-23 00:00:00,207.78,205.1,208.74,203.82,35.816,0.00406,7925980,1668350303.0,-0.8028632230605517,206.76
SH.601888,中国中免,2021-12-24 00:00:00,204.75,212.65,214.22,200.75,37.101,0.00606,11830193,2522862411.0,3.6811311555338913,205.1
SH.601888,中国中免,2021-12-27 00:00:00,211.75,214.75,215.74,211.03,37.459,0.0043,8392723,1837323136.0,0.9875382083235336,212.65
SH.601888,中国中免,2021-12-28 00:00:00,214.75,217.47,220.61,213.96,37.922,0.00484,9446621,2109087508.0,1.2665890570430727,214.75
SH.601888,中国中免,2021-12-29 00:00:00,216.75,210.73,217.54,209.24,36.775,0.00388,7576311,1645674822.0,-3.0992780613417983,217.47
SH.601888,中国中免,2021-12-30 00:00:00,210.51,212.25,214.98,210.23,37.033,0.00305,5950006,1299196296.0,0.7213021401793813,210.73
SH.601888,中国中免,2021-12-31 00:00:00,214.09,214.16,216.25,211.41,37.359,0.00316,6169115,1352592731.0,0.8998822143698453,212.25
SH.601888,中国中免,2022-01-04 00:00:00,216.43,208.81,217.22,205.34,36.448,0.00571,11143443,2383922190.0,-2.498132237579377,214.16
SH.601888,中国中免,2022-01-05 00:00:00,208.85,208.95,213.25,206.28,36.471,0.00486,9493875,2036222831.0,0.06704659738517617,208.81
SH.601888,中国中免,2022-01-06 00:00:00,205.87,204.86,208.65,202.25,35.775,0.00478,9327694,1957378261.0,-1.9574060780090812,208.95
SH.601888,中国中免,2022-01-07 00:00:00,204.73,202.53,207.35,201.65,35.378,0.00358,6991135,1463731050.0,-1.1373621009469943,204.86
SH.601888,中国中免,2022-01-10 00:00:00,198.75,201.86,202.55,189.03,35.264,0.00717,13997810,2813601810.0,-0.3308151878733953,202.53
SH.601888,中国中免,2022-01-11 00:00:00,198.78,195.96,200.63,194.75,34.26,0.00469,9160645,1851608900.0,-2.9228177945110496,201.86
SH.601888,中国中免,2022-01-12 00:00:00,195.75,206.75,208.54,195.75,36.097,0.00665,12977521,2715587466.0,5.506225760359253,195.96
SH.601888,中国中免,2022-01-13 00:00:00,207.66,201.78,208.41,201.4,35.251,0.00359,7009396,1470628656.0,-2.4038694074969764,206.75
SH.601888,中国中免,2022-01-14 00:00:00,200.25,195.24,200.25,194.95,34.137,0.00497,9697009,1957433695.0,-3.2411537317870907,201.78
SH.601888,中国中免,2022-01-17 00:00:00,184.75,185.18,190.79,182.54,32.424,0.01083,21138579,4056995454.0,-5.1526326572423695,195.24
SH.601888,中国中免,2022-01-18 00:00:00,186.74,185.46,187.7,182.75,32.472,0.00505,9853726,1880747425.0,0.15120423371854472,185.18
SH.601888,中国中免,2022-01-19 00:00:00,183.95,183.37,186.41,179.87,32.116,0.00471,9189528,1731091104.0,-1.126927639383157,185.46
SH.601888,中国中免,2022-01-20 00:00:00,182.78,188.63,189.52,181.77,33.012,0.00582,11368650,2187758671.0,2.8685172056497743,183.37
SH.601888,中国中免,2022-01-21 00:00:00,191.75,195.41,197.75,191.55,34.166,0.00797,15563149,3112539312.0,3.594338122249908,188.63
SH.601888,中国中免,2022-01-24 00:00:00,198.75,202.05,204.73,196.95,35.297,0.0061,11905571,2462726554.0,3.397983726523727,195.41
SH.601888,中国中免,2022-01-25 00:00:00,199.76,201.38,205.61,199.45,35.183,0.00532,10381817,2162184652.0,-0.33160108883940403,202.05
SH.601888,中国中免,2022-01-26 00:00:00,202.1,202.1,203.75,198.12,35.305,0.00364,7104769,1462685453.0,0.35753302214718385,201.38
SH.601888,中国中免,2022-01-27 00:00:00,201.75,198.45,203.25,196.37,34.684,0.00381,7441510,1527117436.0,-1.8060366155368657,202.1
SH.601888,中国中免,2022-01-28 00:00:00,201.5,201.31,209.23,198.15,35.171,0.00729,14243291,2975884053.0,1.4411690602166862,198.45
SH.601888,中国中免,2022-02-07 00:00:00,209.35,205.56,211.75,203.12,35.894,0.00541,10561734,2242957571.0,2.111171824549203,201.31
SH.601888,中国中免,2022-02-08 00:00:00,205.49,205.13,207.24,199.71,35.821,0.00366,7143579,1483621383.0,-0.2091846662774892,205.56
SH.601888,中国中免,2022-02-09 00:00:00,204.26,207.35,209.85,201.55,36.199,0.00468,9139946,1927562397.0,1.0822405303953584,205.13
SH.601888,中国中免,2022-02-10 00:00:00,207.72,218.75,219.93,205.55,38.14,0.00904,17647856,3869996397.0,5.497950325536535,207.35
SH.601888,中国中免,2022-02-11 00:00:00,215.95,220.18,225.25,215.91,38.384,0.00804,15691423,3548097379.0,0.6537142857142888,218.75
SH.601888,中国中免,2022-02-14 00:00:00,224.63,222.25,226.63,218.75,38.736,0.00725,14155273,3234608806.0,0.9401398855481847,220.18
SH.601888,中国中免,2022-02-15 00:00:00,219.75,217.59,219.75,213.62,37.943,0.00501,9773345,2171354025.0,-2.0967379077615282,222.25
SH.601888,中国中免,2022-02-16 00:00:00,218.85,218.95,222.83,215.75,38.174,0.00318,6213690,1392784353.0,0.6250287237464889,217.59
SH.601888,中国中免,2022-02-17 00:00:00,218.75,215.28,220.28,213.45,37.549,0.00353,6899615,1525881863.0,-1.6761817766613327,218.95
SH.601888,中国中免,2022-02-18 00:00:00,213.25,216.1,217.63,212.76,37.689,0.00214,4183630,924054846.0,0.38089929394276906,215.28
SH.601888,中国中免,2022-02-21 00:00:00,213.75,210.3,214.75,209.43,36.701,0.00303,5925666,1282804686.0,-2.6839426191577895,216.1
SH.601888,中国中免,2022-02-22 00:00:00,208.01,205.55,208.14,202.75,35.893,0.00398,7768752,1635319722.0,-2.258678078934855,210.3
SH.601888,中国中免,2022-02-23 00:00:00,205.83,205.64,207.28,201.41,35.908,0.00333,6500623,1361054329.0,0.043784967161262456,205.55
SH.601888,中国中免,2022-02-24 00:00:00,203.25,198.74,204.75,196.35,34.733,0.00517,10087131,2066748681.0,-3.355378331063984,205.64
SH.601888,中国中免,2022-02-25 00:00:00,201.33,204.87,207.64,200.3,35.777,0.00437,8538927,1794524315.0,3.084431921102946,198.74
SH.601888,中国中免,2022-02-28 00:00:00,202.75,197.25,204.85,196.33,34.479,0.00549,10711033,2183403220.0,-3.7194318348220845,204.87
SH.601888,中国中免,2022-03-01 00:00:00,196.8,203.0,203.35,195.26,35.458,0.00514,10037612,2063187599.0,2.915082382762991,197.25
SH.601888,中国中免,2022-03-02 00:00:00,200.95,197.25,201.23,195.93,34.479,0.00398,7769226,1576069909.0,-2.832512315270936,203.0
SH.601888,中国中免,2022-03-03 00:00:00,199.74,193.02,202.74,192.0,33.759,0.00802,15664295,3161735770.0,-2.144486692015204,197.25
SH.601888,中国中免,2022-03-04 00:00:00,189.75,196.2,197.75,188.75,34.301,0.00488,9533347,1907422569.0,1.6474976686353633,193.02
SH.601888,中国中免,2022-03-07 00:00:00,191.95,183.03,192.75,181.16,32.058,0.00959,18719771,3555237097.0,-6.712538226299689,196.2
SH.601888,中国中免,2022-03-08 00:00:00,185.85,184.25,191.9,182.77,32.266,0.00693,13530759,2611402706.0,0.6665573949625738,183.03
SH.601888,中国中免,2022-03-09 00:00:00,186.75,182.58,187.25,175.73,31.981,0.00652,12736599,2376359660.0,-0.9063772048846609,184.25
SH.601888,中国中免,2022-03-10 00:00:00,186.75,181.52,187.3,180.97,31.801,0.00553,10805072,2035085641.0,-0.5805674224997274,182.58
SH.601888,中国中免,2022-03-11 00:00:00,179.75,181.35,184.71,173.76,31.772,0.00675,13169503,2420959385.0,-0.09365359189070951,181.52
SH.601888,中国中免,2022-03-14 00:00:00,173.63,165.75,173.75,165.35,29.116,0.01211,23636327,4127953314.0,-8.602150537634405,181.35
SH.601888,中国中免,2022-03-15 00:00:00,162.33,154.75,164.53,154.64,27.243,0.01004,19612022,3214909134.0,-6.636500754147813,165.75
SH.601888,中国中免,2022-03-16 00:00:00,158.55,164.75,165.33,156.47,28.946,0.00979,19115351,3175698640.0,6.462035541195476,154.75
SH.601888,中国中免,2022-03-17 00:00:00,171.41,170.25,174.83,166.25,29.882,0.00976,19061060,3355257098.0,3.338391502276176,164.75
SH.601888,中国中免,2022-03-18 00:00:00,170.25,171.2,172.14,167.85,30.044,0.00471,9196495,1616455584.0,0.5580029368575558,170.25
SH.601888,中国中免,2022-03-21 00:00:00,170.55,167.7,170.74,165.86,29.448,0.00416,8126963,1407798593.0,-2.044392523364486,171.2
SH.601888,中国中免,2022-03-22 00:00:00,164.7,164.9,167.75,163.08,28.971,0.00391,7640862,1300898034.0,-1.6696481812760782,167.7
SH.601888,中国中免,2022-03-23 00:00:00,166.25,163.86,166.68,162.97,28.794,0.0038,7420857,1259504204.0,-0.6306852637962354,164.9
SH.601888,中国中免,2022-03-24 00:00:00,162.75,161.37,163.55,160.35,28.37,0.0037,7225312,1204626973.0,-1.519589893811796,163.86
SH.601888,中国中免,2022-03-25 00:00:00,162.08,157.6,163.65,157.25,27.728,0.00385,7524638,1241733167.0,-2.3362458945281097,161.37
SH.601888,中国中免,2022-03-28 00:00:00,152.57,154.25,156.72,151.83,27.158,0.00502,9803836,1562455940.0,-2.125634517766494,157.6
SH.601888,中国中免,2022-03-29 00:00:00,154.56,150.85,156.4,150.48,26.579,0.00423,8267156,1304886697.0,-2.204213938411673,154.25
SH.601888,中国中免,2022-03-30 00:00:00,153.97,161.95,163.14,151.63,28.469,0.0078,15229175,2480408824.0,7.358302949950278,150.85
SH.601888,中国中免,2022-03-31 00:00:00,158.77,159.12,161.85,158.15,27.987,0.00423,8257219,1361564180.0,-1.7474529175671407,161.95
SH.601888,中国中免,2022-04-01 00:00:00,157.39,169.01,172.05,156.97,29.671,0.00988,19300145,3331938288.0,6.215434891905471,159.12
SH.601888,中国中免,2022-04-06 00:00:00,162.95,158.85,163.35,157.75,27.941,0.01057,20632182,3419982041.0,-6.011478610733091,169.01
SH.601888,中国中免,2022-04-07 00:00:00,156.55,159.7,162.15,156.12,28.086,0.00666,12995661,2144947552.0,0.5350960025180953,158.85
SH.601888,中国中免,2022-04-08 00:00:00,158.66,159.23,160.45,155.56,28.006,0.00477,9303584,1519190774.0,-0.29430181590482085,159.7
SH.601888,中国中免,2022-04-11 00:00:00,155.94,150.86,155.94,148.34,26.58,0.00865,16885384,2644726616.0,-5.256547133077922,159.23
SH.601888,中国中免,2022-04-12 00:00:00,152.55,166.47,166.47,152.3,29.238,0.00983,19192813,3168752228.0,10.347341906403278,150.86
SH.601888,中国中免,2022-04-13 00:00:00,170.55,166.75,171.55,164.47,29.286,0.01187,23182403,4015525249.0,0.16819847419955616,166.47
SH.601888,中国中免,2022-04-14 00:00:00,169.51,176.33,179.85,169.51,30.917,0.01203,23491915,4253569857.0,5.745127436281867,166.75
SH.601888,中国中免,2022-04-15 00:00:00,173.05,176.99,180.55,171.92,31.03,0.00737,14388167,2626712041.0,0.3742981908920754,176.33
SH.601888,中国中免,2022-04-18 00:00:00,173.77,175.63,176.74,172.26,30.798,0.00399,7792368,1399944298.0,-0.7684049946324728,176.99
SH.601888,中国中免,2022-04-19 00:00:00,173.35,173.38,178.42,171.78,30.415,0.00623,12167285,2189459799.0,-1.2811023173717473,175.63
SH.601888,中国中免,2022-04-20 00:00:00,173.09,177.01,180.75,169.51,31.033,0.00749,14627905,2656381497.0,2.0936670896297125,173.38
SH.601888,中国中免,2022-04-21 00:00:00,173.85,169.91,176.52,168.25,29.824,0.0063,12306425,2175255751.0,-4.011072820744587,177.01
SH.601888,中国中免,2022-04-22 00:00:00,168.75,171.73,173.74,166.07,30.134,0.00533,10400305,1825978803.0,1.0711553175210367,169.91
SH.601888,中国中免,2022-04-25 00:00:00,163.13,168.24,176.05,160.85,36.151,0.01046,20419444,3588737517.0,-2.032259942933664,171.73
SH.601888,中国中免,2022-04-26 00:00:00,169.75,174.77,179.8,169.75,37.511,0.01038,20267012,3655558199.0,3.8813599619591064,168.24
SH.601888,中国中免,2022-04-27 00:00:00,173.25,178.74,180.08,171.75,38.339,0.00923,18030720,3275885094.0,2.2715569033586993,174.77
SH.601888,中国中免,2022-04-28 00:00:00,175.75,176.33,182.41,172.75,37.837,0.00816,15936045,2909670521.0,-1.3483271791428872,178.74
SH.601888,中国中免,2022-04-29 00:00:00,177.55,176.74,178.25,169.05,37.922,0.00834,16288771,2917724187.0,0.2325185731299249,176.33
SH.601888,中国中免,2022-05-05 00:00:00,173.75,174.49,177.55,170.19,37.453,0.0063,12301210,2207277275.0,-1.273056467126853,176.74
SH.601888,中国中免,2022-05-06 00:00:00,168.75,158.44,169.98,156.63,34.109,0.01095,21377960,3576514825.0,-9.198234855865673,174.49
SH.601888,中国中免,2022-05-09 00:00:00,154.25,154.75,158.35,150.97,33.34,0.00693,13538176,2157599611.0,-2.328957334006563,158.44
SH.601888,中国中免,2022-05-10 00:00:00,150.75,160.7,163.15,149.93,34.58,0.00777,15164964,2477067809.0,3.844911147011301,154.75
SH.601888,中国中免,2022-05-11 00:00:00,161.7,171.4,174.24,161.7,36.809,0.01094,21362944,3720667846.0,6.658369632856265,160.7
SH.601888,中国中免,2022-05-12 00:00:00,168.3,166.7,169.6,165.11,35.83,0.00419,8189062,1412509652.0,-2.7421236872812234,171.4
SH.601888,中国中免,2022-05-13 00:00:00,168.25,167.75,168.75,164.86,36.049,0.00334,6517026,1121364968.0,0.6298740251949678,166.7
SH.601888,中国中免,2022-05-16 00:00:00,169.3,169.07,172.75,166.63,36.324,0.00518,10117378,1767318476.0,0.7868852459016353,167.75
SH.601888,中国中免,2022-05-17 00:00:00,168.73,169.67,171.43,167.33,36.449,0.00352,6881349,1201129107.0,0.3548825930088096,169.07
SH.601888,中国中免,2022-05-18 00:00:00,170.45,165.1,170.69,162.9,35.496,0.00487,9499730,1625549294.0,-2.6934637826368792,169.67
SH.601888,中国中免,2022-05-19 00:00:00,160.75,162.55,164.2,160.07,34.965,0.00434,8477869,1417758005.0,-1.5445184736523216,165.1
SH.601888,中国中免,2022-05-20 00:00:00,163.91,170.5,170.75,163.91,36.622,0.00702,13699612,2385927522.0,4.890802829898486,162.55
SH.601888,中国中免,2022-05-23 00:00:00,170.78,161.52,171.25,161.2,34.75,0.00978,19099896,3220303641.0,-5.266862170087971,170.5
SH.601888,中国中免,2022-05-24 00:00:00,161.99,159.15,162.95,158.73,34.257,0.00472,9223957,1531477193.0,-1.4673105497771202,161.52
SH.601888,中国中免,2022-05-25 00:00:00,157.8,160.4,161.85,157.18,34.517,0.00487,9507726,1565762793.0,0.7854225573358466,159.15
SH.601888,中国中免,2022-05-26 00:00:00,160.44,157.8,161.65,155.75,33.975,0.00614,11988996,1953119304.0,-1.6209476309226898,160.4
SH.601888,中国中免,2022-05-27 00:00:00,160.05,159.7,163.35,158.75,34.371,0.00603,11774721,1957997495.0,1.2040557667933949,157.8
SH.601888,中国中免,2022-05-30 00:00:00,164.64,166.75,167.27,161.05,35.84,0.009,17570470,2993308400.0,4.41452723857233,159.7
SH.601888,中国中免,2022-05-31 00:00:00,165.75,171.45,172.64,164.35,36.82,0.00953,18613617,3261895535.0,2.8185907046476695,166.75
SH.601888,中国中免,2022-06-01 00:00:00,172.75,170.67,174.55,170.08,36.657,0.0065,12698166,2254678701.0,-0.4549431321084871,171.45
SH.601888,中国中免,2022-06-02 00:00:00,169.75,170.14,171.41,169.36,36.547,0.00443,8656521,1518497215.0,-0.31054080974981024,170.67
SH.601888,中国中免,2022-06-06 00:00:00,171.75,175.72,176.28,167.17,37.709,0.00758,14791744,2632981473.0,3.2796520512519174,170.14
SH.601888,中国中免,2022-06-07 00:00:00,176.57,179.55,181.74,174.25,38.508,0.00802,15664826,2896471582.0,2.1796039153198343,175.72
SH.601888,中国中免,2022-06-08 00:00:00,182.75,186.31,187.75,181.55,39.916,0.00911,17791609,3388404928.0,3.7649679754942857,179.55
SH.601888,中国中免,2022-06-09 00:00:00,188.76,181.65,189.24,180.04,38.945,0.00623,12169435,2295700221.0,-2.501207664644945,186.31
SH.601888,中国中免,2022-06-10 00:00:00,178.83,182.5,184.15,178.82,39.122,0.00603,11769796,2201439757.0,0.46793283787503126,181.65
SH.601888,中国中免,2022-06-13 00:00:00,177.75,173.06,179.24,170.53,37.155,0.0093,18166168,3251375979.0,-5.172602739726026,182.5
SH.601888,中国中免,2022-06-14 00:00:00,170.25,175.76,176.22,169.76,37.718,0.00499,9746851,1734260571.0,1.5601525482491556,173.06
SH.601888,中国中免,2022-06-15 00:00:00,175.36,176.73,181.73,171.45,37.92,0.00789,15404563,2806344267.0,0.5518889394629033,175.76
SH.601888,中国中免,2022-06-16 00:00:00,177.05,176.75,179.75,176.11,37.924,0.00394,7698050,1409520311.0,0.011316697787591373,176.73
SH.601888,中国中免,2022-06-17 00:00:00,174.75,185.14,186.64,174.26,39.672,0.00942,18397737,3455391185.0,4.74681753889674,176.75
SH.601888,中国中免,2022-06-20 00:00:00,185.65,191.75,193.1,185.65,41.05,0.0082,16008991,3122034134.0,3.57027114615967,185.14
SH.601888,中国中免,2022-06-21 00:00:00,191.76,192.18,195.74,189.55,41.139,0.00751,14655270,2900037662.0,0.22425032594524477,191.75
SH.601888,中国中免,2022-06-22 00:00:00,191.75,187.05,192.65,186.84,40.07,0.00601,11742104,2281754702.0,-2.6693724633156393,192.18
SH.601888,中国中免,2022-06-23 00:00:00,189.55,194.25,195.77,189.01,41.571,0.00764,14920748,2957993128.0,3.849238171611862,187.05
SH.601888,中国中免,2022-06-24 00:00:00,193.44,195.87,198.98,192.19,41.908,0.00721,14076384,2820792663.0,0.8339768339768363,194.25
SH.601888,中国中免,2022-06-27 00:00:00,205.75,209.15,215.98,204.75,44.675,0.01575,30755104,6646711907.0,6.780007147597897,195.87
SH.601888,中国中免,2022-06-28 00:00:00,208.14,217.63,217.63,205.88,46.443,0.01163,22710725,4939883150.0,4.054506335166144,209.15
SH.601888,中国中免,2022-06-29 00:00:00,219.75,213.8,225.93,213.15,45.644,0.00987,19275960,4299565627.0,-1.7598676653034895,217.63
SH.601888,中国中免,2022-06-30 00:00:00,219.15,227.68,232.55,215.99,48.537,0.01281,25013099,5758900171.0,6.492048643592139,213.8
SH.601888,中国中免,2022-07-01 00:00:00,223.85,219.86,225.38,214.95,46.907,0.00853,16656578,3751108256.0,-3.4346451159522102,227.68
SH.601888,中国中免,2022-07-04 00:00:00,214.55,220.87,223.95,211.73,47.118,0.00734,14332831,3222489748.0,0.4593832438824665,219.86
SH.601888,中国中免,2022-07-05 00:00:00,221.05,215.66,223.87,212.71,46.032,0.00793,15479355,3418618058.0,-2.3588536243038924,220.87
SH.601888,中国中免,2022-07-06 00:00:00,211.24,204.24,211.73,202.65,43.652,0.01191,23245980,4914514810.0,-5.2953723453584285,215.66
SH.601888,中国中免,2022-07-07 00:00:00,202.75,204.16,205.74,199.25,43.636,0.00775,15133952,3147499956.0,-0.03916960438700181,204.24
SH.601888,中国中免,2022-07-08 00:00:00,209.45,206.72,212.91,206.31,44.169,0.00634,12372547,2653308484.0,1.2539184952978069,204.16
SH.601888,中国中免,2022-07-11 00:00:00,201.25,202.1,203.25,198.31,43.206,0.00582,11361850,2342840274.0,-2.234907120743036,206.72
SH.601888,中国中免,2022-07-12 00:00:00,202.08,198.29,204.13,195.62,42.413,0.00496,9680358,1975673666.0,-1.885205343889165,202.1
SH.601888,中国中免,2022-07-13 00:00:00,198.8,200.35,202.26,198.16,42.842,0.0048,9369933,1925390223.0,1.0388824449039298,198.29
SH.601888,中国中免,2022-07-14 00:00:00,197.75,204.25,206.75,197.75,43.654,0.00642,12526777,2617031320.0,1.9465934614424787,200.35
SH.601888,中国中免,2022-07-15 00:00:00,202.25,200.61,209.14,200.25,42.583,0.00559,10920150,2276786892.0,-1.7821297429620495,204.25
SH.601888,中国中免,2022-07-18 00:00:00,202.25,202.83,205.53,197.27,43.046,0.00427,8335400,1715601810.0,1.106624794377149,200.61
SH.601888,中国中免,2022-07-19 00:00:00,207.25,205.25,207.5,201.26,43.55,0.00483,9421848,1962955883.0,1.1931173889464022,202.83
SH.601888,中国中免,2022-07-20 00:00:00,206.58,211.2,212.76,204.99,44.79,0.00592,11554916,2471578688.0,2.898903775883064,205.25
SH.601888,中国中免,2022-07-21 00:00:00,210.81,205.2,210.81,204.95,43.54,0.00422,8242854,1737955528.0,-2.8409090909090913,211.2
SH.601888,中国中免,2022-07-22 00:00:00,204.25,210.87,211.3,204.25,44.721,0.00546,10661762,2271975739.0,2.76315789473685,205.2
SH.601888,中国中免,2022-07-25 00:00:00,210.85,215.86,217.53,209.75,45.761,0.00554,10815473,2366044826.0,2.366386873429131,210.87
SH.601888,中国中免,2022-07-26 00:00:00,219.15,215.25,222.29,214.05,45.634,0.00535,10442671,2316825772.0,-0.2825905679607216,215.86
SH.601888,中国中免,2022-07-27 00:00:00,213.3,211.08,215.48,210.25,44.765,0.00412,8036773,1732717148.0,-1.937282229965151,215.25
SH.601888,中国中免,2022-07-28 00:00:00,218.25,216.23,222.91,214.21,45.838,0.00766,14965221,3328966356.0,2.439833238582517,211.08
SH.601888,中国中免,2022-07-29 00:00:00,210.75,206.15,214.85,205.43,43.738,0.00692,13520126,2873554987.0,-4.661702816445445,216.23
SH.601888,中国中免,2022-08-01 00:00:00,204.25,207.95,209.75,202.58,44.113,0.00376,7342765,1551504728.0,0.8731506184816797,206.15
SH.601888,中国中免,2022-08-02 00:00:00,203.25,202.51,206.85,201.8,42.979,0.00577,11264547,2337141939.0,-2.616013464775185,207.95
SH.601888,中国中免,2022-08-03 00:00:00,202.51,196.3,205.5,195.63,41.685,0.00788,15378069,3109713337.0,-3.066515233815604,202.51
SH.601888,中国中免,2022-08-04 00:00:00,197.25,196.7,198.01,191.61,41.769,0.00643,12557650,2497859219.0,0.20376974019356967,196.3
SH.601888,中国中免,2022-08-05 00:00:00,191.33,195.15,196.72,189.33,41.446,0.00678,13241390,2603945733.0,-0.7880020335536263,196.7
SH.601888,中国中免,2022-08-08 00:00:00,182.25,185.84,189.15,180.25,39.506,0.01095,21379946,4038401018.0,-4.770689213425571,195.15
SH.601888,中国中免,2022-08-09 00:00:00,186.77,193.71,194.25,186.25,41.146,0.00654,12764667,2495761297.0,4.234825656478694,185.84
SH.601888,中国中免,2022-08-10 00:00:00,192.75,192.25,194.28,189.88,40.841,0.00328,6408346,1255800096.0,-0.7537039905012689,193.71
SH.601888,中国中免,2022-08-11 00:00:00,191.84,197.44,198.74,191.16,41.923,0.00456,8896429,1776783903.0,2.6996098829648885,192.25
SH.601888,中国中免,2022-08-12 00:00:00,194.25,191.91,196.22,190.29,40.77,0.00573,11185995,2189587732.0,-2.800850891410049,197.44
SH.601888,中国中免,2022-08-15 00:00:00,190.26,191.0,192.74,188.35,40.581,0.00381,7431639,1444213627.0,-0.47418060549215596,191.91
SH.601888,中国中免,2022-08-16 00:00:00,191.35,186.43,192.23,186.34,39.629,0.00568,11094206,2123027160.0,-2.3926701570680593,191.0
SH.601888,中国中免,2022-08-17 00:00:00,186.51,189.41,190.75,184.85,40.25,0.00418,8158108,1566842264.0,1.598455184251456,186.43
SH.601888,中国中免,2022-08-18 00:00:00,187.89,184.87,189.24,184.25,39.304,0.00612,11948376,2256266073.0,-2.39691674146032,189.41
SH.601888,中国中免,2022-08-19 00:00:00,185.05,184.25,187.03,183.25,39.174,0.00459,8966012,1693937631.0,-0.3353708011034806,184.87
SH.601888,中国中免,2022-08-22 00:00:00,183.25,189.38,190.45,182.91,40.243,0.00542,10575452,2034300703.0,2.7842605156037967,184.25
SH.601888,中国中免,2022-08-23 00:00:00,190.8,189.23,192.14,185.95,40.212,0.00448,8744018,1684239536.0,-0.07920582954905782,189.38
SH.601888,中国中免,2022-08-24 00:00:00,189.25,186.05,191.69,185.25,39.549,0.00405,7900781,1520581280.0,-1.6804946361570463,189.23
SH.601888,中国中免,2022-08-25 00:00:00,185.95,189.07,189.95,183.98,40.179,0.00418,8160758,1557189041.0,1.623219564633153,186.05
SH.601888,中国中免,2022-08-26 00:00:00,190.25,188.66,197.43,188.36,42.204,0.00643,12549155,2457992280.0,-0.21685090178240685,189.07
SH.601888,中国中免,2022-08-29 00:00:00,185.94,188.5,189.94,185.26,42.169,0.00289,5642371,1081563417.0,-0.08480865048234738,188.66
SH.601888,中国中免,2022-08-30 00:00:00,188.5,186.65,190.13,183.85,41.763,0.0034,6646719,1260054021.0,-0.9814323607427025,188.5
SH.601888,中国中免,2022-08-31 00:00:00,185.0,191.75,194.02,184.26,48.789,0.00856,16707728,3258767133.0,2.732386820251805,186.65
SH.601888,中国中免,2022-09-01 00:00:00,190.26,183.05,191.21,182.31,46.618,0.00668,13044347,2469429477.0,-4.537157757496734,191.75
SH.601888,中国中免,2022-09-02 00:00:00,181.15,176.56,182.85,175.71,44.998,0.0063,12308949,2235391806.0,-3.545479377219344,183.05
SH.601888,中国中免,2022-09-05 00:00:00,175.25,176.35,176.35,171.45,44.946,0.0056,10936472,1939802106.0,-0.11893973719982326,176.56
SH.601888,中国中免,2022-09-06 00:00:00,176.93,178.97,181.09,174.45,45.6,0.00422,8240623,1499029257.0,1.4856818826197928,176.35
SH.601888,中国中免,2022-09-07 00:00:00,175.35,180.2,180.64,175.35,45.907,0.00257,5014394,917572965.0,0.6872660222383583,178.97
SH.601888,中国中免,2022-09-08 00:00:00,181.09,182.25,185.74,180.75,46.418,0.00387,7553241,1415446126.0,1.1376248612652673,180.2
SH.601888,中国中免,2022-09-09 00:00:00,180.75,187.34,187.85,179.8,47.689,0.00483,9422967,1783484679.0,2.792866941015091,182.25
SH.601888,中国中免,2022-09-13 00:00:00,191.24,188.72,191.25,186.8,48.033,0.00341,6665235,1282157233.0,0.7366285897299004,187.34
SH.601888,中国中免,2022-09-14 00:00:00,185.72,187.8,189.91,185.16,47.803,0.00303,5906860,1129763837.0,-0.4874947011445462,188.72
SH.601888,中国中免,2022-09-15 00:00:00,188.75,187.6,190.43,186.16,47.753,0.00362,7069396,1357898295.0,-0.10649627263046701,187.8
SH.601888,中国中免,2022-09-16 00:00:00,186.45,184.76,189.96,184.25,47.045,0.00393,7668401,1461408876.0,-1.5138592750533066,187.6
SH.601888,中国中免,2022-09-19 00:00:00,186.25,184.7,188.45,183.05,47.03,0.00303,5916822,1119993478.0,-0.03247456159341972,184.76
SH.601888,中国中免,2022-09-20 00:00:00,186.26,190.48,191.25,183.95,48.472,0.00426,8321647,1600419744.0,3.1293990254466713,184.7
SH.601888,中国中免,2022-09-21 00:00:00,189.86,181.79,191.8,181.26,46.618,0.0059,11527978,2175096386.0,-4.5621587568248625,190.48
SH.601888,中国中免,2022-09-22 00:00:00,180.25,183.35,184.4,177.3,47.01,0.00379,7400059,1370944621.0,0.8581330106166468,181.79
SH.601888,中国中免,2022-09-23 00:00:00,182.13,181.66,185.07,179.63,46.585,0.00286,5577961,1039080990.0,-0.9217343877829276,183.35
SH.601888,中国中免,2022-09-26 00:00:00,181.58,190.76,194.71,181.55,48.871,0.00893,17426980,3385505655.0,5.009358141583174,181.66
SH.601888,中国中免,2022-09-27 00:00:00,190.78,198.7,199.83,189.25,50.866,0.00803,15671588,3124713717.0,4.1622981757181785,190.76
SH.601888,中国中免,2022-09-28 00:00:00,196.25,198.73,200.7,194.82,50.874,0.00512,9991705,2012978420.0,0.015098137896326691,198.7
SH.601888,中国中免,2022-09-29 00:00:00,199.58,193.5,199.75,192.31,49.56,0.0049,9569693,1900485778.0,-2.631711367181598,198.73
SH.601888,中国中免,2022-09-30 00:00:00,194.49,194.5,196.75,191.96,49.811,0.00415,8099833,1607802934.0,0.516795865633075,193.5
SH.601888,中国中免,2022-10-10 00:00:00,193.45,184.05,193.9,184.05,47.185,0.00503,9827300,1880812881.0,-5.372750642673516,194.5
SH.601888,中国中免,2022-10-11 00:00:00,185.75,181.88,185.75,181.25,46.64,0.00246,4797370,894272269.0,-1.179027438196151,184.05
SH.601888,中国中免,2022-10-12 00:00:00,181.9,177.28,182.23,170.69,45.484,0.00657,12827631,2286524967.0,-2.5291400923685914,181.88
SH.601888,中国中免,2022-10-13 00:00:00,175.31,176.4,179.17,175.06,45.263,0.00316,6173205,1118653678.0,-0.49638989169674835,177.28
SH.601888,中国中免,2022-10-14 00:00:00,178.13,181.71,186.45,177.25,46.597,0.00541,10558036,1969901664.0,3.0102040816326543,176.4
SH.601888,中国中免,2022-10-17 00:00:00,181.21,183.18,184.45,179.83,46.967,0.00395,7714976,1433788567.0,0.8089813438996196,181.71
SH.601888,中国中免,2022-10-18 00:00:00,186.25,185.25,188.75,183.59,47.487,0.00305,5952963,1128654822.0,1.1300360301342904,183.18
SH.601888,中国中免,2022-10-19 00:00:00,184.26,175.85,185.13,175.85,45.125,0.0043,8393533,1531349719.0,-5.074224021592446,185.25
SH.601888,中国中免,2022-10-20 00:00:00,171.25,175.65,179.35,170.4,45.075,0.00725,14162345,2517777962.0,-0.11373329542222839,175.85
SH.601888,中国中免,2022-10-21 00:00:00,172.86,171.82,175.35,170.8,44.113,0.00423,8261573,1456487156.0,-2.180472530600633,175.65
SH.601888,中国中免,2022-10-24 00:00:00,170.3,163.25,170.55,161.28,41.959,0.00874,17073947,2872709296.0,-4.987777907112091,171.82
SH.601888,中国中免,2022-10-25 00:00:00,164.05,167.64,170.05,162.48,43.062,0.00562,10976161,1873233841.0,2.689127105666148,163.25
SH.601888,中国中免,2022-10-26 00:00:00,167.85,169.26,171.74,167.55,43.469,0.00487,9518130,1651802399.0,0.9663564781675046,167.64
SH.601888,中国中免,2022-10-27 00:00:00,168.25,165.25,174.25,164.73,42.462,0.00606,11828843,2047246517.0,-2.369136240103977,169.26
SH.601888,中国中免,2022-10-28 00:00:00,164.78,163.7,169.11,163.3,42.072,0.00472,9211967,1564496972.0,-0.9379727685325334,165.25
SH.601888,中国中免,2022-10-31 00:00:00,160.35,156.61,162.75,155.85,57.271,0.00661,12901464,2089352000.0,-4.3310934636530085,163.7
SH.601888,中国中免,2022-11-01 00:00:00,156.43,172.65,172.65,152.76,63.0,0.01063,20756380,3471948726.0,10.242002426409547,156.61
SH.601888,中国中免,2022-11-02 00:00:00,171.75,178.55,186.85,170.28,65.107,0.01501,29315194,5330716124.0,3.4173182739646717,172.65
SH.601888,中国中免,2022-11-03 00:00:00,174.25,178.86,181.02,173.4,65.217,0.00685,13365091,2431603029.0,0.1736208345001413,178.55
SH.601888,中国中免,2022-11-04 00:00:00,178.75,193.34,195.25,178.67,70.389,0.01181,23056938,4466993240.0,8.095717320809566,178.86
SH.601888,中国中免,2022-11-07 00:00:00,188.25,187.55,193.15,185.82,68.321,0.00719,14040124,2695898036.0,-2.9947243198510356,193.34
SH.601888,中国中免,2022-11-08 00:00:00,187.44,187.6,190.12,185.48,68.339,0.00395,7705226,1471508860.0,0.026659557451337215,187.55
SH.601888,中国中免,2022-11-09 00:00:00,187.25,185.36,189.43,184.18,67.539,0.00298,5810863,1101275730.0,-1.1940298507462583,187.6
SH.601888,中国中免,2022-11-10 00:00:00,181.25,185.24,187.25,180.35,67.496,0.00476,9289899,1744344476.0,-0.0647388864911548,185.36
SH.601888,中国中免,2022-11-11 00:00:00,195.25,192.13,197.76,186.43,69.957,0.01342,26203927,5133073288.0,3.7194990282876192,185.24
SH.601888,中国中免,2022-11-14 00:00:00,192.13,183.75,196.02,182.38,66.964,0.00899,17557853,3360435118.0,-4.361630146255138,192.13
SH.601888,中国中免,2022-11-15 00:00:00,185.19,187.25,190.75,184.62,68.214,0.00615,12002440,2297702411.0,1.9047619047619049,183.75
SH.601888,中国中免,2022-11-16 00:00:00,191.25,190.45,197.12,187.93,69.357,0.0088,17174324,3372811321.0,1.7089452603471234,187.25
SH.601888,中国中免,2022-11-17 00:00:00,188.25,189.24,191.39,185.25,68.925,0.00521,10164727,1943954248.0,-0.6353373588868363,190.45
SH.601888,中国中免,2022-11-18 00:00:00,188.95,187.05,190.31,186.76,68.142,0.00314,6139165,1178312367.0,-1.1572606214330994,189.24
SH.601888,中国中免,2022-11-21 00:00:00,182.75,180.77,182.75,176.25,65.9,0.00631,12319789,2251973741.0,-3.357391071905908,187.05
SH.601888,中国中免,2022-11-22 00:00:00,180.35,179.5,183.24,177.76,65.446,0.00381,7441524,1365133999.0,-0.70255020191404,180.77
SH.601888,中国中免,2022-11-23 00:00:00,177.76,177.41,179.0,176.1,64.7,0.00342,6679201,1208621647.0,-1.1643454038997234,179.5
SH.601888,中国中免,2022-11-24 00:00:00,179.01,175.35,179.22,174.65,63.964,0.0031,6052545,1089599269.0,-1.1611521334761299,177.41
SH.601888,中国中免,2022-11-25 00:00:00,176.2,174.91,176.75,173.26,63.807,0.00243,4748980,849646185.0,-0.250926717992585,175.35
SH.601888,中国中免,2022-11-28 00:00:00,170.23,180.11,180.91,168.36,65.664,0.00666,12997188,2323467933.0,2.9729575210108155,174.91
SH.601888,中国中免,2022-11-29 00:00:00,180.26,191.22,194.15,179.75,69.632,0.01049,20490063,3920238617.0,6.168452612292479,180.11
SH.601888,中国中免,2022-11-30 00:00:00,191.05,193.73,193.85,188.76,70.528,0.00804,15703911,3075272281.0,1.3126242024892745,191.22
SH.601888,中国中免,2022-12-01 00:00:00,207.25,200.25,209.45,197.05,72.857,0.01234,24103286,4952023694.0,3.3655086976720234,193.73
SH.601888,中国中免,2022-12-02 00:00:00,200.09,195.65,201.04,195.25,71.214,0.0066,12884403,2591707565.0,-2.297128589263418,200.25
SH.601888,中国中免,2022-12-05 00:00:00,201.25,201.17,206.07,198.02,73.185,0.00957,18682919,3845613915.0,2.8213646818297886,195.65
SH.601888,中国中免,2022-12-06 00:00:00,201.94,206.25,211.36,201.19,75.0,0.00921,17980149,3789553199.0,2.5252274195953732,201.17
SH.601888,中国中免,2022-12-07 00:00:00,209.25,210.65,214.5,206.2,76.571,0.0109,21291139,4556668309.0,2.133333333333336,206.25
SH.601888,中国中免,2022-12-08 00:00:00,212.04,210.75,212.25,207.26,76.607,0.00708,13829415,2956084301.0,0.04747211013529282,210.65
SH.601888,中国中免,2022-12-09 00:00:00,210.66,209.48,210.75,203.55,76.153,0.00773,15082905,3180358584.0,-0.6026097271648921,210.75
SH.601888,中国中免,2022-12-12 00:00:00,207.25,212.02,215.09,206.82,77.06,0.00715,13966637,3021774480.0,1.2125262554897942,209.48
SH.601888,中国中免,2022-12-13 00:00:00,213.25,209.99,214.12,209.23,76.335,0.00465,9077253,1954930868.0,-0.9574568436939916,212.02
SH.601888,中国中免,2022-12-14 00:00:00,210.95,215.09,216.85,210.25,78.157,0.00677,13226286,2886867129.0,2.428687080337156,209.99
SH.601888,中国中免,2022-12-15 00:00:00,218.63,215.95,220.27,212.68,78.464,0.00578,11294082,2492280090.0,0.39983262820214105,215.09
SH.601888,中国中免,2022-12-16 00:00:00,214.25,217.95,218.25,213.75,79.178,0.00394,7697767,1692185379.0,0.926140310257004,215.95
SH.601888,中国中免,2022-12-19 00:00:00,216.31,214.25,219.12,213.05,77.857,0.00421,8216153,1795762258.0,-1.6976370727230965,217.95
SH.601888,中国中免,2022-12-20 00:00:00,213.3,209.45,214.65,208.55,76.142,0.00524,10227315,2195068195.0,-2.240373395565933,214.25
SH.601888,中国中免,2022-12-21 00:00:00,211.65,211.34,213.25,209.51,76.817,0.00338,6603712,1421589578.0,0.9023633325376056,209.45
SH.601888,中国中免,2022-12-22 00:00:00,213.68,217.29,220.16,211.75,78.942,0.00591,11547219,2555154391.0,2.8153686003596046,211.34
SH.601888,中国中免,2022-12-23 00:00:00,216.75,219.58,223.03,214.63,79.76,0.00426,8311983,1859172586.0,1.053891113258788,217.29
SH.601888,中国中免,2022-12-26 00:00:00,221.73,214.4,225.8,213.3,77.91,0.00794,15509612,3463131632.0,-2.3590490937243858,219.58
SH.601888,中国中免,2022-12-27 00:00:00,216.75,214.46,216.75,211.21,77.932,0.00558,10887860,2379013731.0,0.02798507462686673,214.4
SH.601888,中国中免,2022-12-28 00:00:00,214.25,215.05,216.41,213.15,78.142,0.0039,7616085,1665375526.0,0.27510957754359944,214.46
SH.601888,中国中免,2022-12-29 00:00:00,213.25,212.4,215.71,211.79,77.196,0.00491,9585063,2080115845.0,-1.2322715647523856,215.05
SH.601888,中国中免,2022-12-30 00:00:00,214.13,212.28,214.97,209.3,77.153,0.00449,8775809,1896340551.0,-0.056497175141245075,212.4
SH.601888,中国中免,2023-01-03 00:00:00,213.25,210.35,214.75,208.43,76.464,0.00451,8805656,1887601443.0,-0.9091765592613561,212.28
SH.601888,中国中免,2023-01-04 00:00:00,210.05,211.36,213.16,209.09,76.825,0.00357,6978537,1498138373.0,0.48015212740671226,210.35
SH.601888,中国中免,2023-01-05 00:00:00,214.05,222.15,222.94,211.05,80.678,0.00899,17553110,3914000876.0,5.105034065102191,211.36
SH.601888,中国中免,2023-01-06 00:00:00,221.98,220.92,222.09,219.11,80.239,0.00395,7719521,1732324753.0,-0.5536799459824525,222.15
SH.601888,中国中免,2023-01-09 00:00:00,221.7,221.93,223.05,219.55,80.6,0.00428,8362259,1881160729.0,0.4571790693463785,220.92
SH.601888,中国中免,2023-01-10 00:00:00,221.75,228.23,229.58,220.7,82.85,0.00676,13193843,3050861781.0,2.83873293380795,221.93
SH.601888,中国中免,2023-01-11 00:00:00,228.25,224.85,229.08,224.75,81.642,0.00317,6182126,1423463109.0,-1.4809621872672285,228.23
SH.601888,中国中免,2023-01-12 00:00:00,225.94,221.27,228.93,219.65,80.364,0.00498,9717990,2200024086.0,-1.5921725594840934,224.85
SH.601888,中国中免,2023-01-13 00:00:00,221.27,224.75,225.13,220.36,81.607,0.00507,9892266,2246783419.0,1.5727391874180818,221.27
SH.601888,中国中免,2023-01-16 00:00:00,227.13,229.05,232.25,225.83,83.142,0.00759,14809818,3460836439.0,1.9132369299221408,224.75
SH.601888,中国中免,2023-01-17 00:00:00,229.31,227.24,229.96,224.39,82.496,0.00334,6526234,1506678398.0,-0.7902204758786301,229.05
SH.601888,中国中免,2023-01-18 00:00:00,229.25,225.55,231.25,225.25,81.892,0.00318,6211084,1439472876.0,-0.7437070938215093,227.24
SH.601888,中国中免,2023-01-19 00:00:00,226.37,227.89,229.1,220.8,82.728,0.00525,10243863,2340350330.0,1.0374639769452338,225.55
SH.601888,中国中免,2023-01-20 00:00:00,230.21,226.75,230.45,226.04,82.321,0.00368,7191393,1662370152.0,-0.5002413445083095,227.89
SH.601888,中国中免,2023-01-30 00:00:00,235.75,213.74,236.24,212.65,77.675,0.0154,30059580,6730601758.0,-5.7375964718853325,226.75
SH.601888,中国中免,2023-01-31 00:00:00,214.45,208.55,216.15,207.23,75.821,0.0091,17760681,3807148859.0,-2.4281837746795163,213.74
SH.601888,中国中免,2023-02-01 00:00:00,210.24,209.1,210.24,205.13,76.017,0.00811,15838828,3339232501.0,0.26372572524573623,208.55
SH.601888,中国中免,2023-02-02 00:00:00,209.83,211.47,211.82,206.95,76.864,0.00636,12411060,2651656825.0,1.1334289813486391,209.1
SH.601888,中国中免,2023-02-03 00:00:00,210.16,207.21,210.25,204.18,75.342,0.00572,11167110,2345878528.0,-2.014470137608167,211.47
SH.601888,中国中免,2023-02-06 00:00:00,204.25,202.41,205.25,200.28,73.628,0.00693,13534677,2787672279.0,-2.316490516866952,207.21
SH.601888,中国中免,2023-02-07 00:00:00,202.26,201.81,203.7,200.75,73.414,0.00433,8453203,1739326680.0,-0.2964280420927792,202.41
SH.601888,中国中免,2023-02-08 00:00:00,202.26,200.56,203.24,200.29,72.967,0.00318,6214598,1276909165.0,-0.6193944799563946,201.81
SH.601888,中国中免,2023-02-09 00:00:00,200.25,201.94,204.24,200.06,73.46,0.00569,11106837,2283160768.0,0.6880733944954105,200.56
SH.601888,中国中免,2023-02-10 00:00:00,201.25,200.67,201.45,198.26,73.007,0.00483,9431756,1920875053.0,-0.6288996731702536,201.94
SH.601888,中国中免,2023-02-13 00:00:00,199.58,204.25,204.93,198.46,74.285,0.00767,14974041,3088843577.0,1.7840235212039728,200.67
SH.601888,中国中免,2023-02-14 00:00:00,203.45,201.7,204.05,199.33,73.375,0.00709,13846768,2828032692.0,-1.2484700122399077,204.25
SH.601888,中国中免,2023-02-15 00:00:00,201.25,196.75,201.7,196.64,71.607,0.0072,14055521,2833275652.0,-2.4541398116013826,201.7
SH.601888,中国中免,2023-02-16 00:00:00,196.9,200.43,203.25,196.9,72.921,0.00846,16511015,3384291573.0,1.8703939008894572,196.75
SH.601888,中国中免,2023-02-17 00:00:00,199.36,196.79,203.05,196.76,71.621,0.00527,10298613,2090272681.0,-1.8160953949009702,200.43
SH.601888,中国中免,2023-02-20 00:00:00,197.32,202.22,202.25,195.02,73.56,0.00602,11759614,2389184781.0,2.7592865491132716,196.79
SH.601888,中国中免,2023-02-21 00:00:00,201.25,199.75,202.15,197.55,72.678,0.00494,9653374,1957352283.0,-1.2214419938680638,202.22
SH.601888,中国中免,2023-02-22 00:00:00,197.82,196.79,199.25,196.36,71.621,0.00403,7874977,1582361681.0,-1.4818523153942469,199.75
SH.601888,中国中免,2023-02-23 00:00:00,196.45,196.24,198.13,195.45,71.425,0.00331,6454419,1290616596.0,-0.2794857462269338,196.79
SH.601888,中国中免,2023-02-24 00:00:00,196.92,193.76,197.13,193.26,70.539,0.00443,8652075,1713111187.0,-1.2637586628618112,196.24
SH.601888,中国中免,2023-02-27 00:00:00,191.95,193.56,194.83,191.1,70.467,0.0041,8000856,1574683341.0,-0.10322047894301643,193.76
SH.601888,中国中免,2023-02-28 00:00:00,194.55,193.83,195.54,191.16,70.564,0.00453,8848910,1739191785.0,0.13949163050217514,193.56
SH.601888,中国中免,2023-03-01 00:00:00,193.35,193.1,194.95,192.02,70.303,0.00511,9984782,1965451733.0,-0.3766186864778508,193.83
SH.601888,中国中免,2023-03-02 00:00:00,193.11,191.77,194.05,191.35,69.828,0.00376,7339223,1439004758.0,-0.6887622993267655,193.1
SH.601888,中国中免,2023-03-03 00:00:00,192.54,192.31,193.45,190.8,70.021,0.0039,7619296,1493622545.0,0.28158731814151955,191.77
SH.601888,中国中免,2023-03-06 00:00:00,193.21,188.18,193.74,186.13,68.546,0.00974,19025496,3654944819.0,-2.147574229109248,192.31
SH.601888,中国中免,2023-03-07 00:00:00,188.09,184.85,188.95,184.82,67.357,0.00591,11536539,2196986702.0,-1.7695823148049805,188.18
SH.601888,中国中免,2023-03-08 00:00:00,183.67,183.9,184.7,182.93,67.017,0.00355,6929708,1299084751.0,-0.513930213686767,184.85
SH.601888,中国中免,2023-03-09 00:00:00,184.03,180.74,184.58,179.73,65.889,0.00631,12328694,2281501632.0,-1.71832517672648,183.9
SH.601888,中国中免,2023-03-10 00:00:00,178.25,177.98,180.14,177.91,64.903,0.00469,9158250,1670820063.0,-1.5270554387518087,180.74
SH.601888,中国中免,2023-03-13 00:00:00,177.78,183.06,184.64,177.75,66.717,0.0077,15024419,2801211305.0,2.8542532868861743,177.98
SH.601888,中国中免,2023-03-14 00:00:00,182.35,182.6,183.16,179.97,66.553,0.00414,8074972,1499754067.0,-0.2512837321096951,183.06
SH.601888,中国中免,2023-03-15 00:00:00,185.86,179.2,186.45,178.8,65.339,0.00634,12377581,2296215358.0,-1.8619934282584916,182.6
SH.601888,中国中免,2023-03-16 00:00:00,177.25,180.51,182.24,176.25,65.807,0.00565,11033593,2029892403.0,0.731026785714287,179.2
SH.601888,中国中免,2023-03-17 00:00:00,182.39,181.55,185.05,180.75,66.178,0.00627,12235057,2283431511.0,0.5761453659077173,180.51
SH.601888,中国中免,2023-03-20 00:00:00,182.05,178.92,182.05,176.75,65.239,0.00464,9050409,1652859005.0,-1.4486367391903188,181.55
SH.601888,中国中免,2023-03-21 00:00:00,179.75,184.25,184.48,179.36,67.142,0.00592,11561956,2155499241.0,2.9789850212385494,178.92
SH.601888,中国中免,2023-03-22 00:00:00,185.25,180.94,185.99,180.29,65.96,0.00633,12359461,2298382220.0,-1.7964721845318874,184.25
SH.601888,中国中免,2023-03-23 00:00:00,179.75,180.81,181.35,178.25,65.914,0.00396,7724564,1418145375.0,-0.0718470211119683,180.94
SH.601888,中国中免,2023-03-24 00:00:00,179.95,182.57,183.75,179.86,66.542,0.00419,8183845,1523835514.0,0.9733974890769265,180.81
SH.601888,中国中免,2023-03-27 00:00:00,182.58,181.0,182.58,180.05,65.982,0.00359,7007979,1293425255.0,-0.8599441310182359,182.57
SH.601888,中国中免,2023-03-28 00:00:00,181.85,178.86,182.12,177.92,65.217,0.00504,9844256,1799425495.0,-1.1823204419889428,181.0
SH.601888,中国中免,2023-03-29 00:00:00,179.65,178.79,181.74,178.14,65.192,0.00413,8070433,1479806736.0,-0.03913675500392575,178.86
SH.601888,中国中免,2023-03-30 00:00:00,178.84,183.72,183.82,178.82,66.953,0.00674,13150171,2436582532.0,2.7574249119078287,178.79
SH.601888,中国中免,2023-03-31 00:00:00,183.77,179.49,184.24,179.03,75.376,0.00736,14372198,2654025680.0,-2.3024167210973165,183.72
SH.601888,中国中免,2023-04-03 00:00:00,179.25,180.64,183.25,177.26,75.849,0.00806,15742223,2899838015.0,0.6407042175051408,179.49
SH.601888,中国中免,2023-04-04 00:00:00,180.35,174.29,180.55,172.15,73.237,0.01328,25928016,4657942478.0,-3.5152790079716536,180.64
SH.601888,中国中免,2023-04-06 00:00:00,171.26,173.07,176.73,169.89,72.735,0.00737,14394786,2546608757.0,-0.6999827873085082,174.29
SH.601888,中国中免,2023-04-07 00:00:00,173.25,178.07,179.68,173.12,74.792,0.00777,15165773,2754444070.0,2.8890044490668516,173.07
SH.601888,中国中免,2023-04-10 00:00:00,177.41,176.1,178.05,174.94,73.981,0.00453,8841722,1591044642.0,-1.1063065086763626,178.07
SH.601888,中国中免,2023-04-11 00:00:00,176.12,175.52,179.07,174.46,73.743,0.00567,11063031,1995413329.0,-0.32935831913684505,176.1
SH.601888,中国中免,2023-04-12 00:00:00,175.52,172.25,176.25,172.04,72.398,0.00668,13040393,2306412820.0,-1.8630355515041077,175.52
SH.601888,中国中免,2023-04-13 00:00:00,172.2,172.9,173.57,170.71,72.665,0.00566,11045998,1938712916.0,0.37735849056604104,172.25
SH.601888,中国中免,2023-04-14 00:00:00,173.03,171.03,173.75,170.59,71.896,0.00571,11148532,1957030927.0,-1.0815500289184525,172.9
SH.601888,中国中免,2023-04-17 00:00:00,172.31,176.06,176.57,171.4,73.965,0.00932,18201643,3255067340.0,2.9410045021341293,171.03
SH.601888,中国中免,2023-04-18 00:00:00,176.57,176.55,177.49,174.53,74.167,0.0051,9949832,1787537931.0,0.278314211064415,176.06
SH.601888,中国中免,2023-04-19 00:00:00,176.65,173.21,176.65,171.56,72.793,0.00618,12075305,2137285311.0,-1.891815349759277,176.55
SH.601888,中国中免,2023-04-20 00:00:00,172.85,167.25,173.21,166.45,70.341,0.0094,18343636,3170302235.0,-3.4409098781825573,173.21
SH.601888,中国中免,2023-04-21 00:00:00,167.25,163.42,167.73,162.91,68.765,0.00855,16686101,2809562365.0,-2.2899850523168985,167.25
SH.601888,中国中免,2023-04-24 00:00:00,163.35,160.14,163.36,159.26,67.416,0.0072,14055615,2312850122.0,-2.007098274385021,163.42
SH.601888,中国中免,2023-04-25 00:00:00,158.36,158.2,159.03,155.37,66.618,0.00754,14728785,2372490208.0,-1.2114399900087411,160.14
SH.601888,中国中免,2023-04-26 00:00:00,157.92,158.25,161.33,157.76,66.639,0.00617,12045004,1959599371.0,0.0316055625790211,158.2
SH.601888,中国中免,2023-04-27 00:00:00,158.35,157.85,159.2,156.97,66.474,0.00581,11345885,1833217807.0,-0.25276461295419,158.25
SH.601888,中国中免,2023-04-28 00:00:00,161.02,157.23,162.63,153.86,69.869,0.01165,22747272,3660437107.0,-0.3927779537535664,157.85
SH.601888,中国中免,2023-05-04 00:00:00,154.25,149.57,155.23,148.05,66.545,0.01584,30936599,4768652388.0,-4.871843795713284,157.23
SH.601888,中国中免,2023-05-05 00:00:00,149.5,149.13,150.75,147.24,66.354,0.00678,13228761,2020904523.0,-0.2941766397004732,149.57
SH.601888,中国中免,2023-05-08 00:00:00,148.75,146.11,148.75,144.36,65.043,0.00967,18878429,2823446696.0,-2.0250787903171608,149.13
SH.601888,中国中免,2023-05-09 00:00:00,145.25,143.86,147.2,143.85,64.066,0.0082,16012699,2388177895.0,-1.5399356649099991,146.11
SH.601888,中国中免,2023-05-10 00:00:00,143.24,141.23,144.0,140.97,62.925,0.00859,16777431,2444882592.0,-1.8281662727652046,143.86
SH.601888,中国中免,2023-05-11 00:00:00,141.78,140.3,142.45,140.05,62.521,0.00619,12093675,1755092126.0,-0.6585003186291712,141.23
SH.601888,中国中免,2023-05-12 00:00:00,140.6,135.95,141.4,135.94,60.633,0.00959,18728641,2652235490.0,-3.1004989308624538,140.3
SH.601888,中国中免,2023-05-15 00:00:00,135.25,138.25,138.39,134.97,61.631,0.0076,14840193,2084065560.0,1.6917984553144625,135.95
SH.601888,中国中免,2023-05-16 00:00:00,138.25,135.03,138.25,134.13,60.234,0.00857,16725429,2325536055.0,-2.329113924050632,138.25
SH.601888,中国中免,2023-05-17 00:00:00,134.75,132.69,135.35,131.919999999,59.218,0.00697,13599572,1861414183.0,-1.7329482337258413,135.03
SH.601888,中国中免,2023-05-18 00:00:00,132.25,130.13,133.15,129.32,58.107,0.00752,14681288,1981037051.0,-1.929308915517373,132.69
SH.601888,中国中免,2023-05-19 00:00:00,130.6,131.41,132.07,127.759999999,58.663,0.00999,19495808,2605367417.0,0.9836317528625229,130.13
SH.601888,中国中免,2023-05-22 00:00:00,130.25,135.12,136.82,128.78,60.273,0.01153,22506481,3096653097.0,2.823225020926876,131.41
SH.601888,中国中免,2023-05-23 00:00:00,133.539999999,132.759999999,135.05,132.75,59.249,0.00583,11388145,1567829765.0,-1.7465956194493804,135.12
SH.601888,中国中免,2023-05-24 00:00:00,132.25,129.759999999,132.25,129.759999999,57.947,0.00538,10494967,1412311803.0,-2.2597167821803232,132.759999999
SH.601888,中国中免,2023-05-25 00:00:00,128.479999999,127.65,129.75,126.919999999,57.031,0.0065,12688579,1672087716.0,-1.6260789141617267,129.759999999
SH.601888,中国中免,2023-05-26 00:00:00,127.9,126.949999999,128.5,125.13,56.727,0.00558,10900242,1420327024.0,-0.5483744622013368,127.65
SH.601888,中国中免,2023-05-29 00:00:00,126.949999999,123.69,127.389999999,123.64,55.312,0.00691,13493251,1733127345.0,-2.567940133143506,126.949999999
SH.601888,中国中免,2023-05-30 00:00:00,124.12,124.05,125.479999999,121.46,55.468,0.00624,12189211,1551244055.0,0.2910502061605622,123.69
SH.601888,中国中免,2023-05-31 00:00:00,122.25,119.35,122.69,118.33,53.428,0.01235,24103441,2974548552.0,-3.7887948407900067,124.05
SH.601888,中国中免,2023-06-01 00:00:00,119.73,117.2,120.27,117.05,52.495,0.0101,19716048,2409214423.0,-1.8014243820695361,119.35
SH.601888,中国中免,2023-06-02 00:00:00,118.25,119.06,120.19,117.11,53.302,0.00958,18707293,2293208482.0,1.587030716723549,117.2
SH.601888,中国中免,2023-06-05 00:00:00,119.17,115.8,119.17,115.79,51.888,0.00744,14523015,1747528323.0,-2.7381152360154584,119.06
SH.601888,中国中免,2023-06-06 00:00:00,116.44,113.96,117.55,113.12,51.089,0.00966,18870151,2245338580.0,-1.5889464594127836,115.8
SH.601888,中国中免,2023-06-07 00:00:00,114.69,112.83,115.22,112.36,50.598,0.00782,15271350,1790341312.0,-0.9915759915759875,113.96
SH.601888,中国中免,2023-06-08 00:00:00,113.03,113.83,115.13,111.85,51.032,0.00798,15578898,1821550978.0,0.8862891075068687,112.83
SH.601888,中国中免,2023-06-09 00:00:00,114.24,113.05,115.62,112.21,50.694,0.00823,16062727,1886286102.0,-0.685232364051657,113.83
SH.601888,中国中免,2023-06-12 00:00:00,112.25,116.26,118.05,111.25,52.087,0.01159,22628422,2689565866.0,2.839451570101732,113.05
SH.601888,中国中免,2023-06-13 00:00:00,115.75,117.05,117.45,114.85,52.43,0.00731,14271083,1711753043.0,0.6795114398761328,116.26
SH.601888,中国中免,2023-06-14 00:00:00,117.72,117.38,120.56,116.58,52.573,0.01288,25145167,3076538873.0,0.2819307988039285,117.05
SH.601888,中国中免,2023-06-15 00:00:00,117.63,126.25,127.15,116.45,56.423,0.02343,45750011,5788862155.0,7.556653603680359,117.38
SH.601888,中国中免,2023-06-16 00:00:00,126.75,126.41,127.25,123.53,56.493,0.01412,27568571,3558988188.0,0.12673267326732401,126.25
SH.601888,中国中免,2023-06-19 00:00:00,125.75,123.55,125.979999999,123.01,55.251,0.0087,16994593,2172702862.0,-2.262479234237797,126.41
SH.601888,中国中免,2023-06-20 00:00:00,123.12,122.53,124.85,122.27,54.809,0.00649,12671787,1607250339.0,-0.8255766895993493,123.55
SH.601888,中国中免,2023-06-21 00:00:00,122.26,118.4,123.45,118.27,53.016,0.0093,18152967,2252640020.0,-3.3706031176038485,122.53
SH.601888,中国中免,2023-06-26 00:00:00,116.25,113.69,117.91,113.48,50.972,0.01053,20562105,2441275260.0,-3.978040540540547,118.4
SH.601888,中国中免,2023-06-27 00:00:00,115.47,112.94,115.61,112.06,50.646,0.00974,19022651,2226383502.0,-0.6596886269680711,113.69
SH.601888,中国中免,2023-06-28 00:00:00,112.95,112.04,113.42,111.45,50.256,0.00674,13168996,1526198294.0,-0.7968833008677099,112.94
SH.601888,中国中免,2023-06-29 00:00:00,112.08,107.14,112.19,106.88,48.129,0.01576,30764546,3449144950.0,-4.373438057836491,112.04
SH.601888,中国中免,2023-06-30 00:00:00,107.01,106.78,108.1,105.16,47.973,0.01121,21889922,2420874708.0,-0.33600896023893917,107.14
SH.601888,中国中免,2023-07-03 00:00:00,106.73,111.48,112.59,105.85,50.013,0.01478,28855299,3290570459.0,4.4015733283386425,106.78
SH.601888,中国中免,2023-07-04 00:00:00,111.15,111.54,112.7,109.92,50.039,0.00838,16356310,1883111749.0,0.05382131324004509,111.48
SH.601888,中国中免,2023-07-05 00:00:00,111.7,109.07,111.91,108.9,48.967,0.00713,13919043,1580213536.0,-2.2144522144522263,111.54
SH.601888,中国中免,2023-07-06 00:00:00,109.24,107.26,110.75,106.83,48.181,0.00891,17401290,1950276423.0,-1.6594847345741157,109.07
SH.601888,中国中免,2023-07-07 00:00:00,106.84,105.91,107.78,105.85,47.595,0.00627,12240501,1349143600.0,-1.2586239045310539,107.26
SH.601888,中国中免,2023-07-10 00:00:00,109.24,113.81,116.88,108.6,51.024,0.02621,51171635,6025865927.0,7.459163440657167,105.91
SH.601888,中国中免,2023-07-11 00:00:00,113.41,112.12,114.12,111.66,50.29,0.01131,22077932,2568927774.0,-1.484931025393197,113.81
SH.601888,中国中免,2023-07-12 00:00:00,112.71,112.4,114.78,111.58,50.412,0.0101,19720337,2298415811.0,0.2497324295397798,112.12
SH.601888,中国中免,2023-07-13 00:00:00,114.47,115.35,116.73,113.61,51.692,0.0139,27147066,3234590176.0,2.6245551601423385,112.4
SH.601888,中国中免,2023-07-14 00:00:00,116.39,113.3,116.39,113.06,50.802,0.00866,16914996,1990368634.0,-1.7771998266146487,115.35
SH.601888,中国中免,2023-07-17 00:00:00,112.25,111.65,112.45,110.85,50.086,0.00519,10137823,1167331212.0,-1.4563106796116432,113.3
SH.601888,中国中免,2023-07-18 00:00:00,112.21,110.76,112.22,109.85,49.7,0.00553,10804786,1234838407.0,-0.7971339005821769,111.65
SH.601888,中国中免,2023-07-19 00:00:00,110.19,110.48,111.55,110.05,49.578,0.00501,9777936,1118318073.0,-0.25279884434814115,110.76
SH.601888,中国中免,2023-07-20 00:00:00,111.25,109.4,112.91,109.25,49.11,0.0076,14835146,1699699076.0,-0.977552498189716,110.48
SH.601888,中国中免,2023-07-21 00:00:00,109.18,110.77,113.25,108.86,49.357,0.00934,18229689,2079053658.0,1.2522851919561155,109.4
SH.601888,中国中免,2023-07-24 00:00:00,109.07,108.32,109.83,107.94,48.294,0.00648,12650167,1412564368.0,-2.21179019590142,110.77
SH.601888,中国中免,2023-07-25 00:00:00,112.05,115.26,115.5,111.56,51.306,0.01746,34082108,3990373838.0,6.406942392909907,108.32
SH.601888,中国中免,2023-07-26 00:00:00,115.27,115.35,115.95,114.27,51.345,0.00772,15078838,1781658732.0,0.0780843310775544,115.26
SH.601888,中国中免,2023-07-27 00:00:00,115.35,118.04,120.44,114.61,52.513,0.01603,31297929,3791316141.0,2.332032943216309,115.35
SH.601888,中国中免,2023-07-28 00:00:00,117.07,123.02,123.62,116.58,54.674,0.0167,32601514,4036739136.0,4.218908844459497,118.04
SH.601888,中国中免,2023-07-31 00:00:00,125.29,122.82,127.309999999,121.52,54.587,0.01963,38326972,4873303043.0,-0.16257519102585177,123.02
SH.601888,中国中免,2023-08-01 00:00:00,122.2,120.69,124.55,119.83,53.663,0.01152,22492405,2804134958.0,-1.7342452369320922,122.82
SH.601888,中国中免,2023-08-02 00:00:00,119.75,119.99,122.55,119.36,53.359,0.00836,16328476,2014579905.0,-0.5799983428618799,120.69
SH.601888,中国中免,2023-08-03 00:00:00,119.4,121.18,121.85,118.05,53.875,0.00848,16564206,2037613788.0,0.9917493124427135,119.99
SH.601888,中国中免,2023-08-04 00:00:00,122.55,122.91,125.15,122.26,54.626,0.01432,27954868,3537292931.0,1.4276283215051904,121.18
SH.601888,中国中免,2023-08-07 00:00:00,121.75,122.01,123.13,121.03,54.236,0.00715,13956850,1746704954.0,-0.732243104710757,122.91
SH.601888,中国中免,2023-08-08 00:00:00,121.85,120.9,122.01,119.23,53.754,0.00657,12829516,1584242516.0,-0.909761494959429,122.01
SH.601888,中国中免,2023-08-09 00:00:00,120.05,120.52,122.3,120.05,53.589,0.00465,9069645,1125323965.0,-0.31430934656741905,120.9
SH.601888,中国中免,2023-08-10 00:00:00,120.6,119.67,121.45,118.13,53.22,0.00695,13577328,1662367550.0,-0.7052771324261486,120.52
SH.601888,中国中免,2023-08-11 00:00:00,119.83,117.55,120.71,117.55,52.3,0.00641,12513761,1524215191.0,-1.7715383972591332,119.67
SH.601888,中国中免,2023-08-14 00:00:00,115.05,115.33,116.17,113.83,51.336,0.00753,14698698,1734374476.0,-1.8885580603998289,117.55
SH.601888,中国中免,2023-08-15 00:00:00,115.33,113.15,115.82,111.71,50.39,0.00784,15300284,1775147736.0,-1.8902280412728627,115.33
SH.601888,中国中免,2023-08-16 00:00:00,112.55,113.86,114.49,112.24,50.698,0.00634,12374463,1440469604.0,0.6274856385329154,113.15
SH.601888,中国中免,2023-08-17 00:00:00,112.62,117.08,117.37,112.61,52.096,0.00922,18004299,2131408581.0,2.8280344282452123,113.86
SH.601888,中国中免,2023-08-18 00:00:00,116.85,111.14,117.01,111.14,49.518,0.00934,18241191,2123208603.0,-5.073454048513835,117.08
SH.601888,中国中免,2023-08-21 00:00:00,112.5,113.05,115.62,110.81,50.347,0.0089,17386014,2020375775.0,1.7185531761741917,111.14
SH.601888,中国中免,2023-08-22 00:00:00,113.05,110.14,113.41,107.71,49.084,0.01022,19944853,2240015976.0,-2.5740822644847383,113.05
SH.601888,中国中免,2023-08-23 00:00:00,110.0,107.39,110.6,107.22,47.89,0.00606,11830582,1317694132.83,-2.4968222262574904,110.14
SH.601888,中国中免,2023-08-24 00:00:00,108.15,109.0,109.86,107.39,48.589,0.00492,9606143,1074431207.0,1.4992084924108384,107.39
SH.601888,中国中免,2023-08-25 00:00:00,108.04,104.55,108.04,103.94,44.847,0.00908,17732575,1921733498.0,-4.0825688073394515,109.0
SH.601888,中国中免,2023-08-28 00:00:00,111.53,106.83,111.54,106.48,45.798,0.01025,20012203,2241077495.0,2.180774748923961,104.55
SH.601888,中国中免,2023-08-29 00:00:00,107.81,109.2,109.85,106.39,46.787,0.00774,15113953,1684221054.0,2.218477955630445,106.83
SH.601888,中国中免,2023-08-30 00:00:00,109.23,108.45,109.76,108.23,46.474,0.00518,10111021,1130826582.0,-0.6868131868131868,109.2
SH.601888,中国中免,2023-08-31 00:00:00,108.45,105.97,108.71,105.87,45.44,0.00588,11473977,1255728306.0,-2.2867680958967305,108.45
SH.601888,中国中免,2023-09-01 00:00:00,106.95,106.4,108.38,106.13,45.619,0.00474,9259254,1019951928.0,0.40577521940172395,105.97
SH.601888,中国中免,2023-09-04 00:00:00,107.67,112.97,113.01,107.16,48.36,0.01296,25302406,2879859563.0,6.174812030075181,106.4
SH.601888,中国中免,2023-09-05 00:00:00,112.06,111.55,113.05,111.26,47.768,0.00588,11472106,1318657812.0,-1.2569708772240433,112.97
SH.601888,中国中免,2023-09-06 00:00:00,111.04,110.05,111.05,109.43,47.142,0.00466,9089770,1026967044.0,-1.3446884805020172,111.55
SH.601888,中国中免,2023-09-07 00:00:00,109.95,107.29,109.95,107.2,45.99,0.00541,10564679,1172375703.0,-2.5079509313948125,110.05
SH.601888,中国中免,2023-09-08 00:00:00,106.85,105.45,106.85,105.05,45.223,0.00478,9337241,1014276254.0,-1.714978096747137,107.29
SH.601888,中国中免,2023-09-11 00:00:00,105.47,107.28,108.43,104.18,45.986,0.00668,13042576,1425777704.0,1.7354196301564706,105.45
SH.601888,中国中免,2023-09-12 00:00:00,106.54,106.05,107.28,105.57,45.473,0.00432,8425028,921106676.0,-1.146532438478751,107.28
SH.601888,中国中免,2023-09-13 00:00:00,106.04,104.57,107.01,103.95,44.856,0.00587,11460571,1238383871.0,-1.3955681282413994,106.05
SH.601888,中国中免,2023-09-14 00:00:00,104.57,102.5,105.0,101.9,43.992,0.00724,14127755,1493888854.0,-1.9795352395524466,104.57
SH.601888,中国中免,2023-09-15 00:00:00,103.1,103.11,104.33,101.19,44.246,0.00695,13573102,1437397752.0,0.5951219512195117,102.5
SH.601888,中国中免,2023-09-18 00:00:00,102.95,108.83,109.27,102.33,46.633,0.01421,27753907,3065327298.0,5.547473571913489,103.11
SH.601888,中国中免,2023-09-19 00:00:00,108.4,106.73,108.65,106.23,45.757,0.0057,11137797,1224812164.0,-1.9296149958651057,108.83
SH.601888,中国中免,2023-09-20 00:00:00,106.07,106.65,107.31,105.58,45.723,0.00474,9247621,1011651763.0,-0.0749554951747384,106.73
SH.601888,中国中免,2023-09-21 00:00:00,105.85,103.0,105.85,102.85,44.201,0.00767,14970940,1595893317.0,-3.4224097515236807,106.65
SH.601888,中国中免,2023-09-22 00:00:00,102.55,106.35,106.4,101.97,45.598,0.00833,16268057,1751380061.0,3.252427184466014,103.0
SH.601888,中国中免,2023-09-25 00:00:00,105.75,104.77,106.9,104.7,44.939,0.00641,12513042,1358306466.0,-1.4856605547719777,106.35
SH.601888,中国中免,2023-09-26 00:00:00,104.35,103.88,105.53,103.55,44.568,0.00497,9709385,1039940497.0,-0.8494798129235475,104.77
SH.601888,中国中免,2023-09-27 00:00:00,103.94,104.55,106.64,103.33,44.847,0.00658,12854421,1385295164.0,0.6449749711205254,103.88
SH.601888,中国中免,2023-09-28 00:00:00,105.2,103.02,105.2,102.56,44.209,0.00844,16475744,1749292490.0,-1.4634146341463425,104.55
SH.601888,中国中免,2023-10-09 00:00:00,101.36,97.45,101.55,97.43,41.885,0.01345,26257932,2664824968.0,-5.406717142302459,103.02
SH.601888,中国中免,2023-10-10 00:00:00,98.05,97.92,100.44,97.45,42.081,0.0105,20499687,2089652421.0,0.4822986146741907,97.45
SH.601888,中国中免,2023-10-11 00:00:00,98.35,97.28,99.05,96.86,41.814,0.00836,16324713,1641792486.0,-0.6535947712418306,97.92
SH.601888,中国中免,2023-10-12 00:00:00,97.35,98.11,99.05,97.05,42.161,0.00829,16176478,1633552472.0,0.8532072368421035,97.28
SH.601888,中国中免,2023-10-13 00:00:00,96.79,94.23,96.79,93.82,40.542,0.01208,23580864,2304705804.0,-3.9547446743451182,98.11
SH.601888,中国中免,2023-10-16 00:00:00,93.35,91.93,94.54,91.49,39.582,0.0093,18162851,1735716661.0,-2.440836251724501,94.23
SH.601888,中国中免,2023-10-17 00:00:00,91.93,92.98,94.35,91.76,40.02,0.00783,15296661,1470314027.0,1.1421733927988655,91.93
SH.601888,中国中免,2023-10-18 00:00:00,92.45,91.3,92.62,91.26,39.319,0.00581,11336647,1073304869.0,-1.8068401806840253,92.98
SH.601888,中国中免,2023-10-19 00:00:00,90.87,89.88,91.41,89.83,38.727,0.007,13672272,1276235952.0,-1.555312157721798,91.3
SH.601888,中国中免,2023-10-20 00:00:00,89.24,89.41,90.6,89.11,38.531,0.00678,13241374,1226649046.0,-0.5229194481530918,89.88
SH.601888,中国中免,2023-10-23 00:00:00,88.96,87.12,89.7,86.63,37.576,0.00635,12400227,1125175440.0,-2.5612347612123836,89.41
SH.601888,中国中免,2023-10-24 00:00:00,88.05,87.25,88.48,86.56,37.63,0.00713,13923831,1257807815.0,0.14921946740128036,87.12
SH.601888,中国中免,2023-10-25 00:00:00,88.55,87.26,89.84,87.19,37.634,0.00858,16743057,1528682583.0,0.011461318051581794,87.25
SH.601888,中国中免,2023-10-26 00:00:00,85.75,86.67,86.9,84.66,37.388,0.00847,16528693,1466893158.0,-0.6761402704561121,87.26
SH.601888,中国中免,2023-10-27 00:00:00,87.04,90.95,91.75,86.33,34.636,0.01632,31863456,2953637235.0,4.938271604938273,86.67
SH.601888,中国中免,2023-10-30 00:00:00,90.35,92.47,92.93,90.25,35.197,0.00913,17832170,1692941189.0,1.6712479384277033,90.95
SH.601888,中国中免,2023-10-31 00:00:00,91.95,91.65,92.35,90.65,34.894,0.00541,10562158,996404953.0,-0.8867740888936879,92.47
SH.601888,中国中免,2023-11-01 00:00:00,93.05,90.89,93.56,90.3,34.614,0.00577,11271697,1062515078.0,-0.8292416803055156,91.65
SH.601888,中国中免,2023-11-02 00:00:00,92.0,89.78,92.29,89.75,34.205,0.00553,10805310,1014138607.0,-1.2212564638574095,90.89
SH.601888,中国中免,2023-11-03 00:00:00,90.46,91.63,92.1,89.95,34.887,0.00558,10898080,1027122763.0,2.060592559590103,89.78
SH.601888,中国中免,2023-11-06 00:00:00,92.55,93.24,94.19,92.25,35.481,0.00731,14275365,1372815546.0,1.7570664629488153,91.63
SH.601888,中国中免,2023-11-07 00:00:00,92.63,92.66,93.03,91.79,35.267,0.00553,10791223,1027891728.0,-0.6220506220506202,93.24
SH.601888,中国中免,2023-11-08 00:00:00,92.64,93.35,94.55,92.16,35.521,0.00764,14923181,1438183415.0,0.7446578890567643,92.66
SH.601888,中国中免,2023-11-09 00:00:00,93.31,93.03,93.97,92.73,35.403,0.0048,9373025,901424772.0,-0.3427959292983323,93.35
SH.601888,中国中免,2023-11-10 00:00:00,92.07,91.45,92.55,91.35,34.821,0.00422,8234389,779243275.0,-1.6983768676770916,93.03
SH.601888,中国中免,2023-11-13 00:00:00,92.23,92.17,94.15,91.97,35.086,0.00647,12641055,1208319745.0,0.7873154729360293,91.45
SH.601888,中国中免,2023-11-14 00:00:00,92.37,92.29,93.63,91.78,35.13,0.00441,8611960,822097538.0,0.130194206357822,92.17
SH.601888,中国中免,2023-11-15 00:00:00,93.95,93.2,94.27,92.72,35.466,0.00575,11218242,1081021068.0,0.9860223209448441,92.29
SH.601888,中国中免,2023-11-16 00:00:00,93.22,91.41,93.25,91.29,34.806,0.00506,9877367,936796341.0,-1.9206008583691054,93.2
SH.601888,中国中免,2023-11-17 00:00:00,90.95,90.63,91.7,89.65,34.518,0.00606,11833641,1103349373.0,-0.8532983262225152,91.41
SH.601888,中国中免,2023-11-20 00:00:00,91.2,91.51,92.37,89.67,34.843,0.00587,11464714,1077679513.0,0.9709809113980025,90.63
SH.601888,中国中免,2023-11-21 00:00:00,92.55,92.08,94.05,91.85,35.053,0.0082,16004450,1536015700.0,0.6228827450551777,91.51
SH.601888,中国中免,2023-11-22 00:00:00,91.52,90.32,91.93,90.18,34.404,0.00516,10082448,944309014.0,-1.9113814074717694,92.08
SH.601888,中国中免,2023-11-23 00:00:00,90.08,90.89,91.05,88.92,34.614,0.00461,9005659,836764970.0,0.6310894596988568,90.32
SH.601888,中国中免,2023-11-24 00:00:00,90.76,89.05,90.76,88.85,33.935,0.00459,8966072,828948093.0,-2.024425129277152,90.89
SH.601888,中国中免,2023-11-27 00:00:00,89.06,87.94,89.55,86.94,33.526,0.00592,11555560,1045961984.0,-1.2464907355418298,89.05
SH.601888,中国中免,2023-11-28 00:00:00,87.81,88.05,88.48,87.4,33.566,0.00323,6302640,572676936.0,0.1250852854218779,87.94
SH.601888,中国中免,2023-11-29 00:00:00,87.76,86.55,88.18,85.95,33.013,0.00483,9437797,846422296.0,-1.7035775127768313,88.05
SH.601888,中国中免,2023-11-30 00:00:00,86.71,86.2,87.24,85.56,32.884,0.00513,10015048,894126043.0,-0.4043905257076768,86.55
SH.601888,中国中免,2023-12-01 00:00:00,85.65,84.95,85.94,83.57,32.423,0.00759,14810360,1296529512.0,-1.4501160092807424,86.2
SH.601888,中国中免,2023-12-04 00:00:00,84.95,83.65,85.27,83.64,31.943,0.00492,9608810,837780457.0,-1.530311948204823,84.95
SH.601888,中国中免,2023-12-05 00:00:00,83.29,81.05,83.42,81.04,30.984,0.00638,12463138,1062860487.0,-3.10818888224747,83.65
SH.601888,中国中免,2023-12-06 00:00:00,80.75,81.53,82.58,80.35,31.161,0.00564,11021425,931502157.0,0.5922270203578088,81.05
SH.601888,中国中免,2023-12-07 00:00:00,81.5,79.93,81.5,79.47,30.571,0.00657,12827497,1065515847.0,-1.9624678032625957,81.53
SH.601888,中国中免,2023-12-08 00:00:00,79.93,79.35,80.77,78.85,30.357,0.00617,12054975,995600130.0,-0.7256349305642593,79.93
SH.601888,中国中免,2023-12-11 00:00:00,78.65,79.45,79.74,77.55,30.394,0.00756,14762458,1201456768.0,0.12602394454947516,79.35
SH.601888,中国中免,2023-12-12 00:00:00,79.25,79.19,80.48,78.9,30.298,0.00525,10258839,845941816.0,-0.32724984266835133,79.45
SH.601888,中国中免,2023-12-13 00:00:00,78.56,75.95,78.81,75.93,29.103,0.01011,19737412,1574488045.0,-4.091425685061239,79.19
SH.601888,中国中免,2023-12-14 00:00:00,76.63,75.55,78.01,75.37,28.956,0.00715,13960265,1109577153.0,-0.526662277814359,75.95
SH.601888,中国中免,2023-12-15 00:00:00,75.96,75.24,77.35,75.16,28.841,0.00961,18760412,1483050556.0,-0.41032428855063174,75.55
SH.601888,中国中免,2023-12-18 00:00:00,74.45,73.51,75.2,73.05,28.203,0.0079,15434198,1186711138.0,-2.2993088782562334,75.24
SH.601888,中国中免,2023-12-19 00:00:00,73.3,73.94,74.49,73.19,28.362,0.00627,12236319,938028185.0,0.5849544279689738,73.51
SH.601888,中国中免,2023-12-20 00:00:00,73.95,72.88,74.2,72.87,27.971,0.00522,10192715,778608091.0,-1.433594806599949,73.94
SH.601888,中国中免,2023-12-21 00:00:00,72.47,76.8,77.71,72.47,29.417,0.01772,34598613,2728211819.0,5.378704720087818,72.88
SH.601888,中国中免,2023-12-22 00:00:00,76.13,76.15,77.23,74.85,29.177,0.01117,21807407,1720085164.0,-0.8463541666666556,76.8
SH.601888,中国中免,2023-12-25 00:00:00,75.93,76.66,76.69,75.33,29.365,0.00637,12443175,982978679.0,0.6697307944845579,76.15
SH.601888,中国中免,2023-12-26 00:00:00,76.66,75.9,76.69,75.11,29.085,0.00595,11620145,913774793.0,-0.9913905557004838,76.66
SH.601888,中国中免,2023-12-27 00:00:00,77.55,75.42,78.03,75.12,28.908,0.01053,20564213,1624235329.0,-0.6324110671936811,75.9
SH.601888,中国中免,2023-12-28 00:00:00,74.47,82.07,82.9,74.46,31.361,0.02287,44653854,3690013364.0,8.817289843542815,75.42
SH.601888,中国中免,2023-12-29 00:00:00,81.3,80.74,82.23,80.32,30.87,0.01141,22271465,1869988332.0,-1.6205678079688053,82.07
SH.601888,中国中免,2024-01-02 00:00:00,80.74,77.65,80.93,77.6,29.73,0.01081,21099910,1717472576.0,-3.827099331186511,80.74
SH.601888,中国中免,2024-01-03 00:00:00,77.26,77.48,78.17,77.01,29.668,0.00684,13361912,1073653607.0,-0.2189311010946577,77.65
SH.601888,中国中免,2024-01-04 00:00:00,77.48,75.65,77.68,74.86,28.992,0.00837,16343072,1284656176.0,-2.3618998451213193,77.48
SH.601888,中国中免,2024-01-05 00:00:00,75.54,74.07,76.33,73.76,28.41,0.00876,17111423,1333555411.0,-2.088565763384022,75.65
SH.601888,中国中免,2024-01-08 00:00:00,74.06,72.45,74.84,72.17,27.812,0.00788,15387219,1171150703.0,-2.187120291616026,74.07
SH.601888,中国中免,2024-01-09 00:00:00,74.23,77.27,79.99,73.96,29.59,0.02813,54925875,4428099196.0,6.652864044168383,72.45
SH.601888,中国中免,2024-01-10 00:00:00,76.3,78.75,80.55,75.71,30.136,0.02079,40597513,3314620869.0,1.915361718648899,77.27
SH.601888,中国中免,2024-01-11 00:00:00,78.32,79.12,80.05,77.64,30.272,0.01418,27692742,2262394464.0,0.4698412698412756,78.75
SH.601888,中国中免,2024-01-12 00:00:00,78.54,77.86,79.43,77.76,29.808,0.00804,15696053,1277274251.0,-1.5925176946410582,79.12
SH.601888,中国中免,2024-01-15 00:00:00,77.08,79.3,81.95,77.08,30.339,0.01533,29934178,2478036216.0,1.8494734138196733,77.86
SH.601888,中国中免,2024-01-16 00:00:00,78.54,79.45,79.66,77.65,30.394,0.01135,22165397,1809395229.0,0.18915510718790124,79.3
SH.601888,中国中免,2024-01-17 00:00:00,79.03,76.05,79.05,76.05,29.14,0.01073,20950486,1681219920.0,-4.279421019509132,79.45
SH.601888,中国中免,2024-01-18 00:00:00,75.43,81.05,81.3,75.43,30.984,0.02254,44014449,3607700176.0,6.574621959237343,76.05
SH.601888,中国中免,2024-01-19 00:00:00,80.45,81.06,82.26,80.45,30.988,0.01516,29591387,2493718296.0,0.012338062924127226,81.05
SH.601888,中国中免,2024-01-22 00:00:00,81.05,79.02,81.55,78.18,30.236,0.01499,29260130,2424025118.0,-2.5166543301258404,81.06
SH.601888,中国中免,2024-01-23 00:00:00,79.07,78.2,79.73,76.74,29.933,0.0124,24205629,1969292382.0,-1.0377119716527377,79.02
SH.601888,中国中免,2024-01-24 00:00:00,79.04,78.98,79.73,75.77,30.221,0.01447,28257482,2279521237.0,0.9974424552429682,78.2
SH.601888,中国中免,2024-01-25 00:00:00,78.05,83.95,85.01,77.44,32.054,0.02511,49023326,4149042630.0,6.29273233730058,78.98
SH.601888,中国中免,2024-01-26 00:00:00,83.23,82.67,84.11,81.85,31.582,0.01569,30641970,2627853852.0,-1.5247170935080419,83.95
SH.601888,中国中免,2024-01-29 00:00:00,82.25,81.97,86.03,81.73,31.324,0.01857,36257420,3148120804.0,-0.8467400508044065,82.67
SH.601888,中国中免,2024-01-30 00:00:00,81.05,79.3,81.95,79.08,30.339,0.01219,23795625,1980112123.0,-3.2572892521654286,81.97
SH.601888,中国中免,2024-01-31 00:00:00,78.57,76.86,79.55,76.52,29.439,0.01287,25120649,2021930480.0,-3.0769230769230744,79.3
SH.601888,中国中免,2024-02-01 00:00:00,76.44,78.0,79.35,74.33,29.859,0.0142,27732523,2217138512.0,1.4832162373145987,76.86
SH.601888,中国中免,2024-02-02 00:00:00,77.47,75.57,78.2,72.88,28.963,0.01529,29862330,2353281004.0,-3.115384615384624,78.0
SH.601888,中国中免,2024-02-05 00:00:00,74.54,74.92,76.58,73.28,28.723,0.01376,26872237,2098572272.0,-0.8601296810903686,75.57
SH.601888,中国中免,2024-02-06 00:00:00,74.85,79.75,79.76,74.22,30.505,0.01424,27803920,2247951198.0,6.44687666844634,74.92
SH.601888,中国中免,2024-02-07 00:00:00,79.95,81.05,81.9,79.19,30.984,0.01419,27701825,2318914487.0,1.6300940438871439,79.75
SH.601888,中国中免,2024-02-08 00:00:00,81.98,81.5,82.7,80.43,31.15,0.01316,25693564,2168764194.0,0.5552128315854445,81.05
SH.601888,中国中免,2024-02-19 00:00:00,86.73,82.34,86.73,81.71,31.46,0.0195,38074509,3296938367.0,1.0306748466257711,81.5
SH.601888,中国中免,2024-02-20 00:00:00,82.55,81.58,82.98,80.71,31.18,0.01039,20282010,1713284770.0,-0.9230021860578151,82.34
SH.601888,中国中免,2024-02-21 00:00:00,80.85,83.91,85.49,80.48,32.039,0.01897,37038926,3208821204.0,2.856092179455747,81.58
SH.601888,中国中免,2024-02-22 00:00:00,83.05,84.56,84.64,82.97,32.279,0.0104,20299484,1762153712.0,0.7746394946967056,83.91
SH.601888,中国中免,2024-02-23 00:00:00,84.56,84.63,85.18,83.71,32.305,0.00957,18680083,1630565081.0,0.08278145695363431,84.56
SH.601888,中国中免,2024-02-26 00:00:00,84.45,82.69,84.45,81.95,31.589,0.01187,23174248,1987052749.0,-2.2923313245893864,84.63
SH.601888,中国中免,2024-02-27 00:00:00,81.8,83.24,83.25,81.8,31.792,0.01041,20322447,1734810695.0,0.6651348409723028,82.69
SH.601888,中国中免,2024-02-28 00:00:00,82.85,82.28,85.93,82.24,31.438,0.01629,31796138,2764692395.0,-1.1532916866890843,83.24
SH.601888,中国中免,2024-02-29 00:00:00,81.55,84.15,84.15,81.53,32.128,0.01322,25807452,2217392200.0,2.2727272727272783,82.28
SH.601888,中国中免,2024-03-01 00:00:00,83.85,83.7,84.1,82.86,31.962,0.01023,19967749,1725717233.0,-0.5347593582887734,84.15
SH.601888,中国中免,2024-03-04 00:00:00,83.11,82.18,83.6,81.88,31.401,0.01029,20093028,1714596860.0,-1.816009557945037,83.7
SH.601888,中国中免,2024-03-05 00:00:00,81.95,82.05,82.99,81.27,31.353,0.00931,18183857,1544729290.0,-0.15818934047214608,82.18
SH.601888,中国中免,2024-03-06 00:00:00,81.85,81.9,82.64,81.45,31.298,0.00758,14807364,1257272690.0,-0.18281535648993477,82.05
SH.601888,中国中免,2024-03-07 00:00:00,81.86,79.35,82.14,79.25,30.357,0.01195,23339313,1947501487.0,-3.113553113553127,81.9
SH.601888,中国中免,2024-03-08 00:00:00,78.75,78.42,79.67,78.04,30.014,0.00896,17496966,1428795210.0,-1.1720226843100097,79.35
SH.601888,中国中免,2024-03-11 00:00:00,78.26,81.94,81.98,78.18,31.313,0.01449,28295457,2363887116.0,4.488650854373879,78.42
SH.601888,中国中免,2024-03-12 00:00:00,81.95,84.67,84.93,81.46,32.32,0.01764,34435881,2986414249.0,3.331706126433981,81.94
SH.601888,中国中免,2024-03-13 00:00:00,84.55,84.39,85.54,83.45,32.216,0.01238,24172464,2116945125.0,-0.3306956419038634,84.67
SH.601888,中国中免,2024-03-14 00:00:00,84.09,85.1,86.72,84.09,32.478,0.01291,25214440,2228141481.0,0.8413319113638983,84.39
SH.601888,中国中免,2024-03-15 00:00:00,84.94,86.4,88.53,84.7,32.958,0.01549,30252815,2722857788.0,1.5276145710928455,85.1
SH.601888,中国中免,2024-03-18 00:00:00,86.05,86.73,87.79,85.22,33.08,0.01115,21774093,1950530102.0,0.3819444444444424,86.4
SH.601888,中国中免,2024-03-19 00:00:00,86.35,84.55,86.46,84.51,32.275,0.00907,17707291,1564031185.0,-2.513547791998163,86.73
SH.601888,中国中免,2024-03-20 00:00:00,84.66,84.58,85.18,83.84,32.286,0.00585,11427703,998229044.0,0.0354819633353059,84.55
SH.601888,中国中免,2024-03-21 00:00:00,84.64,83.6,85.44,83.56,31.925,0.00728,14215103,1240309496.0,-1.1586663513833104,84.58
SH.601888,中国中免,2024-03-22 00:00:00,83.06,81.36,83.24,80.99,31.099,0.01014,19803951,1675848787.0,-2.679425837320568,83.6
SH.601888,中国中免,2024-03-25 00:00:00,81.11,81.86,83.04,80.56,31.283,0.00815,15921032,1347584910.0,0.6145526057030481,81.36
SH.601888,中国中免,2024-03-26 00:00:00,82.0,82.11,82.71,81.01,31.375,0.00775,15133334,1284913515.0,0.30539946249694605,81.86
SH.601888,中国中免,2024-03-27 00:00:00,82.0,80.23,82.0,80.23,30.682,0.00742,14487818,1213468826.0,-2.2896114967726167,82.11
SH.601888,中国中免,2024-03-28 00:00:00,80.65,83.23,84.34,80.65,26.557,0.01445,28205012,2423314680.0,3.739249657235448,80.23
SH.601888,中国中免,2024-03-29 00:00:00,83.33,82.47,83.34,81.76,26.323,0.00715,13951278,1189844687.0,-0.9131322840322061,83.23
SH.601888,中国中免,2024-04-01 00:00:00,82.75,84.55,84.55,82.75,26.964,0.00984,19212835,1668678173.0,2.522129259124528,82.47
SH.601888,中国中免,2024-04-02 00:00:00,84.12,82.74,84.33,82.41,26.406,0.00971,18950636,1631957819.0,-2.140745121230044,84.55
SH.601888,中国中免,2024-04-03 00:00:00,82.15,81.55,82.54,81.28,26.04,0.00738,14406816,1219085432.0,-1.4382402707275777,82.74
SH.601888,中国中免,2024-04-08 00:00:00,81.41,78.92,81.41,78.78,25.229,0.01123,21917476,1815785631.0,-3.225015328019614,81.55
SH.601888,中国中免,2024-04-09 00:00:00,78.95,79.06,81.3,78.91,25.272,0.01028,20065160,1656033199.0,0.17739483020780608,78.92
SH.601888,中国中免,2024-04-10 00:00:00,79.05,76.08,79.05,75.53,24.354,0.01526,29791173,2363692742.0,-3.7692891474829295,79.06
SH.601888,中国中免,2024-04-11 00:00:00,75.13,75.29,75.74,74.48,24.11,0.01119,21857586,1704935257.0,-1.0383806519453103,76.08
SH.601888,中国中免,2024-04-12 00:00:00,75.15,73.03,75.25,72.87,23.414,0.01262,24632856,1884604864.0,-3.0017266569265573,75.29
SH.601888,中国中免,2024-04-15 00:00:00,72.59,74.38,75.02,72.28,23.83,0.01303,25450011,1958697761.0,1.848555388196624,73.03
SH.601888,中国中免,2024-04-16 00:00:00,73.73,72.9,74.36,72.83,23.374,0.00926,18075941,1381812144.0,-1.9897821995159855,74.38
SH.601888,中国中免,2024-04-17 00:00:00,72.99,74.22,74.25,72.79,23.781,0.01122,21910243,1676257484.0,1.8106995884773567,72.9
SH.601888,中国中免,2024-04-18 00:00:00,73.67,73.46,74.29,73.06,23.546,0.01031,20123945,1541310098.0,-1.0239827539746769,74.22
SH.601888,中国中免,2024-04-19 00:00:00,72.36,69.4,72.52,69.21,22.295,0.02068,40369334,2951060397.0,-5.526817315545859,73.46
SH.601888,中国中免,2024-04-22 00:00:00,68.44,69.59,70.32,68.25,22.354,0.01085,21185818,1533412742.0,0.27377521613832523,69.4
SH.601888,中国中免,2024-04-23 00:00:00,69.07,68.77,69.85,67.87,22.101,0.01008,19681023,1411177531.0,-1.1783302198591856,69.59
SH.601888,中国中免,2024-04-24 00:00:00,69.49,69.34,69.71,68.36,22.256,0.0081,15810345,1139113259.0,0.8288497891522574,68.77
SH.601888,中国中免,2024-04-25 00:00:00,68.95,68.98,69.74,68.38,22.145,0.00873,17052042,1226596973.0,-0.5191808479953842,69.34
SH.601888,中国中免,2024-04-26 00:00:00,69.15,71.31,71.38,69.02,22.863,0.01462,28553937,2096392449.0,3.3777906639605657,68.98
SH.601888,中国中免,2024-04-29 00:00:00,71.32,73.47,74.15,70.94,23.528,0.0155,30257894,2294529785.0,3.029028186790067,71.31
SH.601888,中国中免,2024-04-30 00:00:00,73.23,71.95,73.45,71.95,23.06,0.0109,21280770,1603781750.0,-2.068871648291814,73.47
SH.601888,中国中免,2024-05-06 00:00:00,71.92,73.31,74.52,71.75,23.479,0.01622,31676431,2409702533.0,1.890201528839471,71.95
SH.601888,中国中免,2024-05-07 00:00:00,72.75,72.77,72.97,72.27,23.312,0.00911,17791239,1344500582.0,-0.7365980084572449,73.31
SH.601888,中国中免,2024-05-08 00:00:00,72.45,70.41,72.45,70.39,22.586,0.01188,23193999,1716995104.0,-3.2430946818743984,72.77
SH.601888,中国中免,2024-05-09 00:00:00,70.36,71.43,71.92,70.3,22.9,0.00852,16637534,1236270291.0,1.4486578610992902,70.41
SH.601888,中国中免,2024-05-10 00:00:00,71.46,71.08,72.19,70.18,22.792,0.00839,16371570,1209975902.0,-0.489990200196008,71.43
SH.601888,中国中免,2024-05-13 00:00:00,70.71,70.52,70.71,69.63,22.62,0.00734,14324001,1047895032.0,-0.7878446820483994,71.08
SH.601888,中国中免,2024-05-14 00:00:00,70.6,70.73,71.63,70.55,22.684,0.0069,13466176,994592687.0,0.29778786159955756,70.52
SH.601888,中国中免,2024-05-15 00:00:00,70.52,70.48,71.35,69.98,22.607,0.00581,11349653,834310777.0,-0.35345680757811393,70.73
SH.601888,中国中免,2024-05-16 00:00:00,70.53,70.84,71.85,69.87,22.718,0.0105,20503757,1517717606.0,0.5107832009080582,70.48
SH.601888,中国中免,2024-05-17 00:00:00,71.26,73.54,73.68,70.49,23.549,0.01972,38508214,2909867329.0,3.811405985319033,70.84
SH.601888,中国中免,2024-05-20 00:00:00,74.61,75.27,76.0,73.83,24.082,0.02089,40785687,3178601275.0,2.3524612455806224,73.54
SH.601888,中国中免,2024-05-21 00:00:00,74.55,74.46,75.45,74.06,23.833,0.01155,22545785,1750178647.0,-1.0761259465922708,75.27
SH.601888,中国中免,2024-05-22 00:00:00,74.46,75.06,75.73,74.12,24.017,0.01032,20152837,1569746450.0,0.8058017727639116,74.46
SH.601888,中国中免,2024-05-23 00:00:00,74.65,72.86,74.79,72.79,23.34,0.01021,19939209,1523716417.0,-2.9309885424993376,75.06
SH.601888,中国中免,2024-05-24 00:00:00,72.55,70.71,72.65,70.66,22.678,0.01018,19878231,1479075049.0,-2.950864671973656,72.86
SH.601888,中国中免,2024-05-27 00:00:00,70.83,70.46,71.2,68.96,22.601,0.01009,19699488,1432867383.0,-0.3535567812190638,70.71
SH.601888,中国中免,2024-05-28 00:00:00,69.94,69.53,70.45,69.45,22.315,0.00624,12179223,886942064.0,-1.3198978143627487,70.46
SH.601888,中国中免,2024-05-29 00:00:00,69.55,69.8,70.6,69.38,22.398,0.00565,11022217,802094148.0,0.38832158780382,69.53
SH.601888,中国中免,2024-05-30 00:00:00,69.38,68.44,69.4,68.15,21.979,0.00949,18527927,1326586198.0,-1.9484240687679077,69.8
SH.601888,中国中免,2024-05-31 00:00:00,68.71,68.05,69.14,68.05,21.859,0.00855,16688891,1191278011.0,-0.569842197545296,68.44
SH.601888,中国中免,2024-06-03 00:00:00,68.08,67.52,68.33,67.05,21.696,0.00793,15486355,1091008205.0,-0.7788390889052185,68.05
SH.601888,中国中免,2024-06-04 00:00:00,67.35,70.46,70.52,67.23,22.601,0.0151,29486414,2133527592.0,4.354265402843599,67.52
SH.601888,中国中免,2024-06-05 00:00:00,70.05,70.39,71.43,69.77,22.58,0.01114,21755678,1602846764.0,-0.09934714731761735,70.46
SH.601888,中国中免,2024-06-06 00:00:00,70.89,69.46,71.21,69.46,22.293,0.00958,18703367,1369365849.0,-1.3212103992044422,70.39
SH.601888,中国中免,2024-06-07 00:00:00,69.94,69.65,70.43,69.08,22.352,0.00791,15449120,1121858532.0,0.27353872732509643,69.46
SH.601888,中国中免,2024-06-11 00:00:00,69.2,68.1,69.2,67.85,21.875,0.00873,17045154,1213550388.0,-2.2254127781766133,69.65
SH.601888,中国中免,2024-06-12 00:00:00,67.8,68.28,68.68,67.35,21.93,0.00851,16605905,1178658576.0,0.26431718061675014,68.1
SH.601888,中国中免,2024-06-13 00:00:00,68.21,67.85,68.46,67.69,21.798,0.00603,11778600,836203283.0,-0.6297598125366238,68.28
SH.601888,中国中免,2024-06-14 00:00:00,68.28,67.98,68.28,66.32,21.33,0.00906,17688421,1212897893.0,0.19159911569640334,67.85
SH.601888,中国中免,2024-06-17 00:00:00,67.2,67.48,67.77,67.079999999,21.176,0.00581,11352469,779581263.0,-0.7355104442483082,67.98
SH.601888,中国中免,2024-06-18 00:00:00,67.65,67.99,69.21,67.62,21.333,0.00786,15338193,1069120060.0,0.7557794902193107,67.48
SH.601888,中国中免,2024-06-19 00:00:00,67.75,66.21,67.86,66.2,20.785,0.00862,16829732,1145134295.0,-2.6180320635387577,67.99
SH.601888,中国中免,2024-06-20 00:00:00,65.799999999,64.06,65.96,63.75,20.123,0.0121,23615463,1551473922.0,-3.24724361878869,66.21
SH.601888,中国中免,2024-06-21 00:00:00,63.7,63.36,64.25,63.0,19.907,0.00703,13733365,889821620.0,-1.0927255697783371,64.06
SH.601888,中国中免,2024-06-24 00:00:00,62.76,63.18,63.9,62.03,19.852,0.00838,16364157,1050105617.0,-0.28409090909090867,63.36
SH.601888,中国中免,2024-06-25 00:00:00,63.18,61.7,64.079999999,61.55,19.396,0.00888,17341196,1108657884.0,-2.3425134536245595,63.18
SH.601888,中国中免,2024-06-26 00:00:00,61.51,63.11,63.28,61.23,19.83,0.00756,14751269,939185257.0,2.2852512155591516,61.7
SH.601888,中国中免,2024-06-27 00:00:00,62.7,61.65,63.03,61.62,19.381,0.0065,12693938,805905315.0,-2.3134210109332924,63.11
SH.601888,中国中免,2024-06-28 00:00:00,61.2,61.19,62.05,60.83,19.239,0.00743,14501670,910629501.0,-0.7461476074614776,61.65
SH.601888,中国中免,2024-07-01 00:00:00,61.12,61.2,61.45,60.45,19.242,0.00595,11613637,721378444.0,0.016342539630666966,61.19
SH.601888,中国中免,2024-07-02 00:00:00,61.18,60.51,61.89,60.48,19.03,0.00704,13740728,856714134.0,-1.1274509803921646,61.2
SH.601888,中国中免,2024-07-03 00:00:00,60.73,66.68,66.689999999,60.73,20.929,0.034,66386923,4405745036.0,10.196661708808476,60.51
SH.601888,中国中免,2024-07-04 00:00:00,65.019999999,63.45,65.579999999,63.35,19.935,0.0215,41976297,2749103774.0,-4.844031193761253,66.68
SH.601888,中国中免,2024-07-05 00:00:00,63.35,64.43,66.5,63.35,20.237,0.02066,40332445,2676115774.0,1.5445232466509125,63.45
SH.601888,中国中免,2024-07-08 00:00:00,63.799999999,61.8,64.579999999,61.7,19.427,0.01457,28446642,1814418108.0,-4.081949402452288,64.43
SH.601888,中国中免,2024-07-09 00:00:00,61.77,61.85,62.1,60.72,19.442,0.01244,24287886,1523087141.0,0.08090614886732081,61.8
SH.601888,中国中免,2024-07-10 00:00:00,61.56,62.05,63.469999999,60.97,19.504,0.01012,19768427,1256752272.0,0.3233629749393625,61.85
SH.601888,中国中免,2024-07-11 00:00:00,63.39,66.03,66.56,62.53,20.729,0.01978,38625465,2555573974.0,6.414182111200652,62.05
SH.601888,中国中免,2024-07-12 00:00:00,65.85,66.45,68.48,65.7,20.858,0.01948,38030674,2604574072.0,0.6360745115856454,66.03
SH.601888,中国中免,2024-07-15 00:00:00,64.7,65.579999999,66.25,64.67,20.591,0.00995,19430110,1298898750.0,-1.3092550805116752,66.45
SH.601888,中国中免,2024-07-16 00:00:00,65.6,66.17,67.219999999,65.6,20.772,0.01294,25258185,1711514320.0,0.899664533408057,65.579999999
SH.601888,中国中免,2024-07-17 00:00:00,65.7,69.21,70.6,65.21,21.708,0.02319,45270139,3153992436.0,4.59422699108356,66.17
SH.601888,中国中免,2024-07-18 00:00:00,69.0,68.87,69.8,68.1,21.604,0.0136,26544551,1859823612.0,-0.49125848865769284,69.21
SH.601888,中国中免,2024-07-19 00:00:00,68.19,68.53,68.73,67.29,21.499,0.0117,22847965,1586063268.0,-0.49368375199652004,68.87
SH.601888,中国中免,2024-07-22 00:00:00,68.54,67.38,68.63,66.88,21.145,0.01075,20996003,1444288274.0,-1.6780971837151695,68.53
SH.601888,中国中免,2024-07-23 00:00:00,67.4,65.43,68.08,65.38,20.544,0.00998,19494645,1325071942.0,-2.8940338379340886,67.38
SH.601888,中国中免,2024-07-24 00:00:00,65.2,63.89,66.079999999,63.51,20.07,0.01013,19778489,1301672927.0,-2.3536604004279473,65.43
SH.601888,中国中免,2024-07-25 00:00:00,63.53,65.45,66.4,63.45,20.551,0.0119,23237211,1553922974.0,2.44169666614494,63.89
SH.601888,中国中免,2024-07-26 00:00:00,65.469999999,65.82,66.45,64.98,20.665,0.00735,14355190,960700947.0,0.5653170359052564,65.45
SH.601888,中国中免,2024-07-29 00:00:00,65.82,63.59,65.82,63.549999999,19.978,0.00923,18020555,1180099986.0,-3.3880279550288517,65.82
SH.601888,中国中免,2024-07-30 00:00:00,63.28,63.64,64.329999999,63.06,19.993,0.00645,12595688,817390982.0,0.07862871520678905,63.59
SH.601888,中国中免,2024-07-31 00:00:00,63.82,67.31,67.72,63.799999999,21.123,0.01597,31182442,2104693570.0,5.766813324952862,63.64
SH.601888,中国中免,2024-08-01 00:00:00,67.07,65.9,67.18,65.799999999,20.689,0.00978,19098172,1289705132.0,-2.0947853216461096,67.31
SH.601888,中国中免,2024-08-02 00:00:00,65.469999999,65.299999999,66.63,65.1,20.504,0.00777,15166130,1017647283.0,-0.9104704112291534,65.9
SH.601888,中国中免,2024-08-05 00:00:00,65.99,65.13,67.23,65.12,20.452,0.01119,21852116,1473460126.0,-0.26033690505758267,65.299999999
SH.601888,中国中免,2024-08-06 00:00:00,65.9,66.74,67.049999999,65.18,20.948,0.01053,20551458,1385243418.0,2.471979118685705,65.13
SH.601888,中国中免,2024-08-07 00:00:00,66.299999999,65.329999999,66.299999999,65.1,20.514,0.008,15611357,1043856720.0,-2.1126760578363806,66.74
SH.601888,中国中免,2024-08-08 00:00:00,65.04,64.719999999,65.53,64.1,20.326,0.0063,12292621,811797026.0,-0.9337211082340988,65.329999999
SH.601888,中国中免,2024-08-09 00:00:00,65.049999999,63.53,65.2,63.51,19.959,0.00714,13934172,911809254.0,-1.8386897389035552,64.719999999
SH.601888,中国中免,2024-08-12 00:00:00,63.21,62.65,63.469999999,62.24,19.689,0.00558,10891777,695732051.0,-1.3851723595151937,63.53
SH.601888,中国中免,2024-08-13 00:00:00,62.71,62.87,62.88,61.81,19.756,0.00454,8864218,563467154.0,0.35115722266560073,62.65
SH.601888,中国中免,2024-08-14 00:00:00,63.0,61.94,63.0,61.91,19.47,0.0039,7623697,483973327.0,-1.4792428821377441,62.87
SH.601888,中国中免,2024-08-15 00:00:00,61.8,62.6,63.28,61.71,19.673,0.00583,11386587,726616046.0,1.0655473038424341,61.94
SH.601888,中国中免,2024-08-16 00:00:00,62.34,62.19,62.58,62.02,19.547,0.00337,6571454,417335164.0,-0.6549520766773221,62.6
SH.601888,中国中免,2024-08-19 00:00:00,61.82,62.1,62.909999999,61.72,19.519,0.00385,7521403,478270641.0,-0.14471780028942968,62.19
SH.601888,中国中免,2024-08-20 00:00:00,61.82,60.88,61.92,60.73,19.144,0.00538,10508504,655383701.0,-1.964573268921093,62.1
SH.601888,中国中免,2024-08-21 00:00:00,60.69,60.04,61.0,59.99,18.885,0.00499,9751695,600174796.0,-1.379763469119585,60.88
SH.601888,中国中免,2024-08-22 00:00:00,60.37,58.97,60.49,58.87,18.556,0.00567,11074926,671672214.0,-1.7821452365089945,60.04
SH.601888,中国中免,2024-08-23 00:00:00,58.95,59.65,60.14,58.4,18.765,0.00484,9444178,572907690.0,1.1531287095133114,58.97
SH.601888,中国中免,2024-08-26 00:00:00,59.65,59.5,60.24,59.05,18.719,0.00373,7290375,443520125.0,-0.2514668901927889,59.65
SH.601888,中国中免,2024-08-27 00:00:00,59.26,58.38,59.3,58.21,18.374,0.00507,9906580,593989166.0,-1.8823529411764663,59.5
SH.601888,中国中免,2024-08-28 00:00:00,60.7,59.11,61.1,59.02,18.599,0.00958,18703372,1145054393.0,1.2504282288454895,58.38
SH.601888,中国中免,2024-08-29 00:00:00,57.93,58.18,58.25,56.95,18.312,0.00915,17867995,1053738482.0,-1.5733378446963284,59.11
SH.601888,中国中免,2024-08-30 00:00:00,57.73,59.71,60.7,57.5,20.59,0.01194,23315928,1415121936.0,2.6297696803025112,58.18
SH.601888,中国中免,2024-09-02 00:00:00,58.7,57.63,59.01,57.59,19.888,0.00741,14473682,860555625.0,-3.4835036007368916,59.71
SH.601888,中国中免,2024-09-03 00:00:00,57.62,57.84,58.19,57.35,19.959,0.00448,8749418,516957533.0,0.3643935450286324,57.63
SH.601888,中国中免,2024-09-04 00:00:00,57.3,57.25,58.09,57.05,19.76,0.00496,9680560,567709232.0,-1.020055325034584,57.84
SH.601888,中国中免,2024-09-05 00:00:00,57.25,57.43,57.65,57.16,19.821,0.00528,10299591,604128238.0,0.3144104803493445,57.25
SH.601888,中国中免,2024-09-06 00:00:00,57.38,55.52,57.38,55.5,19.176,0.00951,18567206,1066413777.0,-3.3257879157234833,57.43
SH.601888,中国中免,2024-09-09 00:00:00,54.99,54.29,55.29,54.13,18.761,0.00763,14890777,832706684.0,-2.2154178674351654,55.52
SH.601888,中国中免,2024-09-10 00:00:00,54.28,53.78,54.41,52.7,18.589,0.00795,15528978,849867415.0,-0.9393995210904366,54.29
SH.601888,中国中免,2024-09-11 00:00:00,53.28,53.88,54.2,53.19,18.623,0.00449,8760351,482374452.0,0.18594272963927375,53.78
SH.601888,中国中免,2024-09-12 00:00:00,53.9,53.49,54.5,53.47,18.491,0.00488,9531142,526467084.0,-0.7238307349665934,53.88
SH.601888,中国中免,2024-09-13 00:00:00,53.4,53.54,54.4,53.24,18.508,0.00651,12706109,700952315.0,0.09347541596559573,53.49
SH.601888,中国中免,2024-09-18 00:00:00,53.28,52.46,53.43,52.22,18.143,0.00587,11453855,617122404.0,-2.017183414269702,53.54
SH.601888,中国中免,2024-09-19 00:00:00,52.87,53.84,54.85,52.73,18.609,0.0099,19320530,1066497825.0,2.6305756767060666,52.46
SH.601888,中国中免,2024-09-20 00:00:00,53.43,53.01,53.6,52.38,18.329,0.00879,17154661,930543870.0,-1.5416047548291334,53.84
SH.601888,中国中免,2024-09-23 00:00:00,52.98,53.0,53.48,52.42,18.326,0.00475,9268723,503887936.0,-0.018864365214106792,53.01
SH.601888,中国中免,2024-09-24 00:00:00,53.88,56.02,56.03,53.36,19.345,0.01501,29297316,1646281449.0,5.698113207547176,53.0
SH.601888,中国中免,2024-09-25 00:00:00,56.85,56.71,58.39,56.6,19.578,0.01646,32140533,1885960869.0,1.2317029632274146,56.02
SH.601888,中国中免,2024-09-26 00:00:00,56.43,62.51,62.51,56.25,21.535,0.02696,52629794,3230709262.0,10.227473108799149,56.71
SH.601888,中国中免,2024-09-27 00:00:00,65.6,68.88,68.88,65.2,23.685,0.025,48820095,3307102201.0,10.190369540873457,62.51
SH.601888,中国中免,2024-09-30 00:00:00,75.88,75.9,75.9,73.11,26.054,0.03057,59678247,4568816140.0,10.191637630662036,68.88
SH.601888,中国中免,2024-10-08 00:00:00,83.62,83.59,83.62,76.71,28.65,0.06218,121400190,10050112547.0,10.131752305665346,75.9
SH.601888,中国中免,2024-10-09 00:00:00,78.7,75.1,79.89,75.1,25.784,0.03538,69084199,5430920208.0,-10.156717310683106,83.59
SH.601888,中国中免,2024-10-10 00:00:00,73.3,73.25,76.72,71.12,25.16,0.02504,48888761,3684213372.0,-2.4633821571238275,75.1
SH.601888,中国中免,2024-10-11 00:00:00,72.09,70.33,73.03,69.53,24.174,0.01633,31877159,2303430482.0,-3.9863481228668967,73.25
SH.601888,中国中免,2024-10-14 00:00:00,70.3,70.06,71.21,67.51,24.083,0.01762,34410491,2421839171.0,-0.38390445044788285,70.33
SH.601888,中国中免,2024-10-15 00:00:00,69.3,67.73,69.7,67.7,23.297,0.01299,25363250,1776954663.0,-3.3257208107336544,70.06
SH.601888,中国中免,2024-10-16 00:00:00,65.51,64.799999999,66.219999999,64.26,22.308,0.01894,36980550,2457505448.0,-4.326000296766589,67.73
SH.601888,中国中免,2024-10-17 00:00:00,64.9,64.14,66.019999999,63.99,22.085,0.01179,23020565,1528812737.0,-1.0185185169910158,64.799999999
SH.601888,中国中免,2024-10-18 00:00:00,64.15,66.719999999,68.7,63.59,22.956,0.02127,41532477,2794104095.0,4.022450887121912,64.14
SH.601888,中国中免,2024-10-21 00:00:00,67.35,66.89,67.56,65.579999999,23.013,0.0171,33393332,2267489696.0,0.25479616457217225,66.719999999
SH.601888,中国中免,2024-10-22 00:00:00,66.469999999,67.84,68.27,66.299999999,23.334,0.01353,26407953,1818461694.0,1.4202421886679666,66.89
SH.601888,中国中免,2024-10-23 00:00:00,68.19,68.2,69.28,67.2,23.455,0.01615,31536172,2183682830.0,0.5306603773584897,67.84
SH.601888,中国中免,2024-10-24 00:00:00,67.48,66.5,67.77,66.269999999,22.882,0.01033,20178737,1376512249.0,-2.4926686217008838,68.2
SH.601888,中国中免,2024-10-25 00:00:00,66.5,67.69,68.7,65.82,23.283,0.01327,25906527,1784728953.0,1.789473684210523,66.5
SH.601888,中国中免,2024-10-28 00:00:00,67.7,69.0,69.22,67.32,23.725,0.01387,27078110,1889784030.0,1.9352932486334795,67.69
SH.601888,中国中免,2024-10-29 00:00:00,69.67,67.53,69.72,67.17,23.229,0.01468,28670172,1991783632.0,-2.130434782608694,69.0
SH.601888,中国中免,2024-10-30 00:00:00,66.5,66.6,67.5,66.15,25.886,0.00877,17119331,1164114880.0,-1.3771657041315073,67.53
SH.601888,中国中免,2024-10-31 00:00:00,66.25,66.53,67.53,65.7,25.859,0.00999,19514709,1322527265.0,-0.10510510510509487,66.6
SH.601888,中国中免,2024-11-01 00:00:00,66.53,67.019999999,68.68,66.0,26.046,0.01555,30367604,2085816744.0,0.7365098436795513,66.53
SH.601888,中国中免,2024-11-04 00:00:00,67.58,68.91,69.2,67.03,26.767,0.01537,30003150,2080836281.0,2.8200537168430175,67.019999999
SH.601888,中国中免,2024-11-05 00:00:00,68.7,71.6,72.22,67.97,27.792,0.02116,41309611,2984308875.0,3.903642432157884,68.91
SH.601888,中国中免,2024-11-06 00:00:00,71.56,71.35,72.4,70.36,27.697,0.01834,35805827,2601916823.0,-0.3491620111731844,71.6
SH.601888,中国中免,2024-11-07 00:00:00,70.41,75.62,75.66,70.35,29.325,0.02824,55135560,4152258228.0,5.984583041345495,71.35
SH.601888,中国中免,2024-11-08 00:00:00,76.7,74.5,77.21,73.7,28.898,0.02334,45575346,3467246710.0,-1.4810896588204236,75.62
SH.601888,中国中免,2024-11-11 00:00:00,73.12,73.13,73.28,71.56,28.375,0.0193,37677400,2780059464.0,-1.8389261744966505,74.5
SH.601888,中国中免,2024-11-12 00:00:00,73.13,72.9,75.12,72.47,28.288,0.01647,32148798,2417154149.0,-0.31450840968137533,73.13
SH.601888,中国中免,2024-11-13 00:00:00,72.42,72.86,74.66,72.2,28.272,0.01067,20839741,1545215437.0,-0.054869684499322696,72.9
SH.601888,中国中免,2024-11-14 00:00:00,72.87,70.79,73.01,70.59,27.483,0.01008,19687490,1436893793.0,-2.841065056272294,72.86
SH.601888,中国中免,2024-11-15 00:00:00,70.72,69.42,71.2,69.41,26.961,0.0109,21290032,1523964891.0,-1.935301596270666,70.79
SH.601888,中国中免,2024-11-18 00:00:00,69.45,68.47,70.23,67.98,26.599,0.00979,19119798,1346254643.0,-1.3684817055603613,69.42
SH.601888,中国中免,2024-11-19 00:00:00,68.7,69.01,69.1,67.17,26.805,0.00864,16875959,1175245646.0,0.7886665693004327,68.47
SH.601888,中国中免,2024-11-20 00:00:00,68.89,69.1,69.49,68.5,26.839,0.007,13658827,959384481.0,0.13041588175625154,69.01
SH.601888,中国中免,2024-11-21 00:00:00,68.89,68.71,69.07,68.24,26.69,0.0062,12105306,846281885.0,-0.5643994211287997,69.1
SH.601888,中国中免,2024-11-22 00:00:00,68.65,66.1,69.14,66.1,25.695,0.00917,17907850,1233493636.0,-3.798573715616358,68.71
SH.601888,中国中免,2024-11-25 00:00:00,66.299999999,66.7,67.35,66.15,25.924,0.00762,14871642,1012194591.0,0.9077155824508452,66.1
SH.601888,中国中免,2024-11-26 00:00:00,66.4,66.54,67.45,66.29,25.863,0.00548,10690796,727803248.0,-0.23988005997000986,66.7
SH.601888,中国中免,2024-11-27 00:00:00,66.299999999,67.38,67.39,65.769999999,26.183,0.0064,12504021,849260237.0,1.2623985572587755,66.54
SH.601888,中国中免,2024-11-28 00:00:00,67.38,66.98,67.9,66.78,26.031,0.00699,13656372,936430440.0,-0.5936479667557013,67.38
SH.601888,中国中免,2024-11-29 00:00:00,66.95,68.25,69.04,66.799999999,26.515,0.00969,18911364,1309933894.0,1.8960883845924097,66.98
SH.601888,中国中免,2024-12-02 00:00:00,68.25,71.32,71.87,67.93,27.685,0.01744,34046345,2455608798.0,4.498168498168488,68.25
SH.601888,中国中免,2024-12-03 00:00:00,71.32,70.33,71.33,69.75,27.308,0.0102,19915422,1427191835.0,-1.3881099270891686,71.32
SH.601888,中国中免,2024-12-04 00:00:00,69.94,68.77,69.94,68.52,26.713,0.00761,14858663,1048667595.0,-2.218114602587804,70.33
SH.601888,中国中免,2024-12-05 00:00:00,68.53,68.6,69.0,68.2,26.648,0.00605,11809592,824569338.0,-0.24720081430856725,68.77
SH.601888,中国中免,2024-12-06 00:00:00,68.6,69.26,69.68,68.2,26.9,0.0076,14843704,1044767679.0,0.9620991253644472,68.6
SH.601888,中国中免,2024-12-09 00:00:00,68.9,67.99,69.09,67.7,26.416,0.00722,14097857,982222381.0,-1.8336702281259172,69.26
SH.601888,中国中免,2024-12-10 00:00:00,71.7,69.35,72.2,69.2,26.934,0.01828,35683024,2577118763.0,2.000294160906015,67.99
SH.601888,中国中免,2024-12-11 00:00:00,69.03,70.55,71.35,69.03,27.392,0.01084,21161469,1516908894.0,1.7303532804614317,69.35
SH.601888,中国中免,2024-12-12 00:00:00,70.25,72.51,72.87,69.98,28.139,0.01984,38737528,2827569169.0,2.778171509567694,70.55
SH.601888,中国中免,2024-12-13 00:00:00,71.69,70.0,71.7,70.0,27.182,0.01516,29593462,2130633725.0,-3.461591504620059,72.51
SH.601888,中国中免,2024-12-16 00:00:00,70.05,70.5,72.05,69.2,27.373,0.01401,27358484,1970005197.0,0.7142857142857143,70.0
SH.601888,中国中免,2024-12-17 00:00:00,70.0,69.67,70.48,68.75,27.056,0.00978,19088461,1352470463.0,-1.1773049645390046,70.5
SH.601888,中国中免,2024-12-18 00:00:00,70.41,69.33,70.56,69.21,26.927,0.00824,16081300,1141694310.0,-0.48801492751543474,69.67
SH.601888,中国中免,2024-12-19 00:00:00,68.3,68.73,68.95,67.84,26.698,0.00864,16860969,1173752657.0,-0.8654262224145309,69.33
SH.601888,中国中免,2024-12-20 00:00:00,68.7,68.12,69.08,67.95,26.465,0.00696,13588031,948867396.0,-0.8875309180852603,68.73
SH.601888,中国中免,2024-12-23 00:00:00,68.18,67.4,68.19,67.39,26.191,0.0069,13463289,928452089.0,-1.056958308866704,68.12
SH.601888,中国中免,2024-12-24 00:00:00,67.36,68.13,68.23,67.219999999,26.469,0.00514,10033633,693604004.0,1.0830860534124476,67.4
SH.601888,中国中免,2024-12-25 00:00:00,68.28,67.9,68.28,67.23,26.382,0.00488,9520960,656942014.0,-0.3375899016585789,68.13
SH.601888,中国中免,2024-12-26 00:00:00,67.9,67.77,68.1,67.43,26.332,0.00481,9394114,648303294.0,-0.19145802650958713,67.9
SH.601888,中国中免,2024-12-27 00:00:00,67.61,67.58,68.3,67.299999999,26.26,0.00608,11869594,819745674.0,-0.2803600413162133,67.77
SH.601888,中国中免,2024-12-30 00:00:00,67.57,66.96,67.57,66.28,26.023,0.00793,15486856,1055263837.0,-0.9174311926605573,67.58
SH.601888,中国中免,2024-12-31 00:00:00,66.7,65.71,67.299999999,65.7,25.547,0.00701,13690035,926572134.0,-1.8667861409796895,66.96
SH.601888,中国中免,2025-01-02 00:00:00,65.73,63.4,65.89,63.03,24.666,0.00956,18671166,1227701233.0,-3.515446659564747,65.71
SH.601888,中国中免,2025-01-03 00:00:00,63.689999999,61.53,63.9,61.46,23.953,0.00788,15383769,979895136.0,-2.949526813880122,63.4
SH.601888,中国中免,2025-01-06 00:00:00,61.53,61.24,61.99,60.85,23.842,0.00491,9595563,601081040.0,-0.4713148057857942,61.53
SH.601888,中国中免,2025-01-07 00:00:00,61.24,61.17,61.41,60.56,23.816,0.00493,9616460,599735313.0,-0.11430437622469021,61.24
SH.601888,中国中免,2025-01-08 00:00:00,61.17,60.49,61.17,59.36,23.556,0.00705,13764819,846538814.0,-1.1116560405427494,61.17
SH.601888,中国中免,2025-01-09 00:00:00,60.3,59.71,60.69,59.52,23.259,0.00657,12824021,786838965.0,-1.2894693337741794,60.49
SH.601888,中国中免,2025-01-10 00:00:00,59.5,58.68,59.7,58.63,22.866,0.00577,11265146,680046801.0,-1.7250041869033683,59.71
SH.601888,中国中免,2025-01-13 00:00:00,58.2,58.87,59.35,58.07,22.939,0.00471,9198864,552403607.0,0.3237900477164242,58.68
SH.601888,中国中免,2025-01-14 00:00:00,58.9,60.57,60.68,58.9,23.587,0.00847,16542556,1012419547.0,2.887718702225247,58.87
SH.601888,中国中免,2025-01-15 00:00:00,60.49,59.99,60.49,59.75,23.366,0.0048,9372462,574830485.0,-0.9575697540036293,60.57
SH.601888,中国中免,2025-01-16 00:00:00,60.07,60.3,61.08,59.81,23.484,0.00528,10309258,636356291.0,0.5167527921320139,59.99
SH.601888,中国中免,2025-01-17 00:00:00,59.13,59.72,60.08,58.7,23.263,0.00551,10755629,654759281.0,-0.9618573797678248,60.3
SH.601888,中国中免,2025-01-20 00:00:00,59.98,60.58,61.18,59.98,23.591,0.00677,13210014,818951687.0,1.4400535833891484,59.72
SH.601888,中国中免,2025-01-21 00:00:00,61.19,60.23,61.3,60.04,23.457,0.00446,8708531,537580744.0,-0.5777484318256875,60.58
SH.601888,中国中免,2025-01-22 00:00:00,59.92,59.08,60.02,58.73,23.019,0.00595,11611984,701639134.0,-1.9093475012452243,60.23
SH.601888,中国中免,2025-01-23 00:00:00,59.9,59.22,60.59,59.22,23.072,0.00581,11341300,693548986.0,0.23696682464455074,59.08
SH.601888,中国中免,2025-01-24 00:00:00,58.88,59.95,59.96,58.81,23.351,0.00492,9598093,584040869.0,1.2326916582235798,59.22
SH.601888,中国中免,2025-01-27 00:00:00,60.1,59.4,60.87,59.38,23.141,0.00515,10053883,616498485.0,-0.9174311926605574,59.95
SH.601888,中国中免,2025-02-05 00:00:00,59.9,58.92,60.06,58.88,22.958,0.00564,11013599,667079316.0,-0.8080808080808028,59.4
SH.601888,中国中免,2025-02-06 00:00:00,58.83,59.65,59.66,57.85,23.236,0.00734,14338401,863950564.0,1.2389680923285757,58.92
SH.601888,中国中免,2025-02-07 00:00:00,59.46,60.34,60.93,59.31,23.499,0.00995,19425961,1197663729.0,1.156747694886848,59.65
SH.601888,中国中免,2025-02-10 00:00:00,60.35,60.75,61.03,60.02,23.656,0.00752,14677906,907967172.0,0.6794829300629708,60.34
SH.601888,中国中免,2025-02-11 00:00:00,60.8,59.67,61.03,59.59,23.244,0.00688,13430300,822547087.0,-1.777777777777775,60.75
SH.601888,中国中免,2025-02-12 00:00:00,59.57,60.18,60.2,59.1,23.438,0.00765,14934332,908759842.0,0.8547008547008513,59.67
SH.601888,中国中免,2025-02-13 00:00:00,59.9,60.69,61.14,59.82,23.633,0.01102,21522803,1332058052.0,0.8474576271186408,60.18
SH.601888,中国中免,2025-02-14 00:00:00,60.5,60.79,61.3,60.38,23.671,0.00803,15681526,973622350.0,0.16477179106937126,60.69
SH.601888,中国中免,2025-02-17 00:00:00,60.9,60.45,61.69,60.21,23.541,0.0088,17180496,1067312999.0,-0.5593025168613198,60.79
SH.601888,中国中免,2025-02-18 00:00:00,60.25,59.01,60.39,58.97,22.992,0.00808,15767220,960338481.0,-2.3821339950372287,60.45
SH.601888,中国中免,2025-02-19 00:00:00,58.86,59.56,59.65,58.61,23.202,0.00625,12202334,738797707.0,0.9320454160311884,59.01
SH.601888,中国中免,2025-02-20 00:00:00,59.3,59.17,59.94,59.04,23.053,0.00586,11435935,693701504.0,-0.6548018804566833,59.56
SH.601888,中国中免,2025-02-21 00:00:00,59.27,59.75,60.81,59.26,23.274,0.01072,20924517,1282888638.0,0.9802264661145822,59.17
SH.601888,中国中免,2025-02-24 00:00:00,59.75,59.42,60.07,59.16,23.149,0.00773,15098468,919090119.0,-0.5523012552301226,59.75
SH.601888,中国中免,2025-02-25 00:00:00,58.92,58.75,59.19,58.7,22.893,0.00682,13322419,801946131.0,-1.1275664759340318,59.42
SH.601888,中国中免,2025-02-26 00:00:00,58.81,59.74,59.78,58.56,23.271,0.00921,17975503,1085365110.0,1.685106382978727,58.75
SH.601888,中国中免,2025-02-27 00:00:00,59.7,61.37,62.2,59.55,23.892,0.01862,36356163,2275773575.0,2.7284901238700963,59.74
SH.601888,中国中免,2025-02-28 00:00:00,61.5,59.87,62.5,59.79,23.32,0.01445,28209580,1757179594.0,-2.4441909727880073,61.37
SH.601888,中国中免,2025-03-03 00:00:00,59.89,59.81,60.96,59.38,23.297,0.00829,16177681,994564596.0,-0.10021713713044124,59.87
SH.601888,中国中免,2025-03-04 00:00:00,59.37,59.83,59.85,58.92,23.305,0.00644,12572490,763144810.0,0.03343922420999167,59.81
SH.601888,中国中免,2025-03-05 00:00:00,60.13,59.93,60.39,59.29,23.343,0.00642,12528359,765570437.0,0.16714023065352068,59.83
SH.601888,中国中免,2025-03-06 00:00:00,60.28,61.04,62.07,59.9,23.766,0.01239,24182992,1503671005.0,1.8521608543300507,59.93
SH.601888,中国中免,2025-03-07 00:00:00,60.55,60.62,61.54,60.11,23.606,0.00857,16734674,1036325992.0,-0.6880733944954156,61.04
SH.601888,中国中免,2025-03-10 00:00:00,60.54,59.97,60.73,59.69,23.358,0.00696,13587770,833254751.0,-1.0722533817222015,60.62
SH.601888,中国中免,2025-03-11 00:00:00,59.2,60.9,60.9,59.18,23.713,0.0084,16391508,1007476012.0,1.5507753876938466,59.97
SH.601888,中国中免,2025-03-12 00:00:00,61.1,60.42,61.81,60.37,23.53,0.0066,12895569,800329596.0,-0.7881773399014728,60.9
SH.601888,中国中免,2025-03-13 00:00:00,60.31,60.82,61.82,60.22,23.682,0.01116,21780899,1356653594.0,0.6620324395895375,60.42
SH.601888,中国中免,2025-03-14 00:00:00,61.3,62.78,63.469999999,61.14,24.43,0.02196,42883274,2731161354.0,3.222624136797107,60.82
SH.601888,中国中免,2025-03-17 00:00:00,63.92,62.82,63.92,62.75,24.445,0.01581,30862171,1990813918.0,0.06371455877667911,62.78
SH.601888,中国中免,2025-03-18 00:00:00,63.019999999,62.29,63.189999999,62.12,24.243,0.00904,17651206,1124539453.0,-0.8436803565743412,62.82
SH.601888,中国中免,2025-03-19 00:00:00,62.09,62.04,62.68,61.84,24.147,0.00743,14512086,919821468.0,-0.4013485310643763,62.29
SH.601888,中国中免,2025-03-20 00:00:00,62.0,61.42,62.1,61.35,23.911,0.00637,12440128,782607127.0,-0.9993552546743995,62.04
SH.601888,中国中免,2025-03-21 00:00:00,61.22,60.52,61.68,60.11,23.568,0.00944,18430119,1144253217.0,-1.4653207424291739,61.42
SH.601888,中国中免,2025-03-24 00:00:00,60.55,60.72,61.09,60.16,23.644,0.00715,13967215,865584964.0,0.3304692663582216,60.52
SH.601888,中国中免,2025-03-25 00:00:00,60.73,60.85,60.91,60.07,23.694,0.00516,10083763,624126281.0,0.21409749670619654,60.72
SH.601888,中国中免,2025-03-26 00:00:00,61.32,61.08,61.4,60.87,23.781,0.00578,11285734,704260983.0,0.37797863599013454,60.85
SH.601888,中国中免,2025-03-27 00:00:00,61.6,61.09,61.9,61.03,23.785,0.0061,11918247,746208053.0,0.01637197118533909,61.08
SH.601888,中国中免,2025-03-28 00:00:00,60.73,60.31,60.95,60.22,29.864,0.00594,11601035,717575515.0,-1.2768047143558703,61.09
SH.601888,中国中免,2025-03-31 00:00:00,59.7,58.9,59.7,58.76,29.18,0.00885,17280316,1044687182.0,-2.3379207428287243,60.31
SH.601888,中国中免,2025-04-01 00:00:00,58.92,59.13,59.39,58.79,29.292,0.00451,8813291,532371231.0,0.390492359932095,58.9
SH.601888,中国中免,2025-04-02 00:00:00,59.1,59.12,59.22,58.88,29.287,0.00289,5646377,340993234.0,-0.01691188905801643,59.13
SH.601888,中国中免,2025-04-03 00:00:00,58.7,59.3,59.51,58.5,29.374,0.0048,9364542,566519222.0,0.3044654939106896,59.12
SH.601888,中国中免,2025-04-07 00:00:00,57.7,55.27,57.7,53.45,27.421,0.01607,31385364,1784184603.0,-6.795952782462048,59.3
SH.601888,中国中免,2025-04-08 00:00:00,55.27,59.49,60.05,55.26,29.466,0.01767,34491573,2029881148.0,7.635245160123031,55.27
SH.601888,中国中免,2025-04-09 00:00:00,59.5,65.57,65.57,58.3,32.413,0.03519,68709317,4408998942.0,10.220205076483428,59.49
SH.601888,中国中免,2025-04-10 00:00:00,67.7,68.91,72.16,66.59,34.032,0.05764,112535425,7933717170.0,5.093792893091358,65.57
SH.601888,中国中免,2025-04-11 00:00:00,68.59,66.65,69.25,66.09,32.937,0.03321,64846365,4433433706.0,-3.2796401102887693,68.91
SH.601888,中国中免,2025-04-14 00:00:00,66.31,66.68,68.25,65.78,32.952,0.02379,46445464,3178627985.0,0.045011252813205005,66.65
SH.601888,中国中免,2025-04-15 00:00:00,65.909999999,64.38,66.64,63.939999999,31.837,0.0204,39823886,2631925139.0,-3.4493101379724225,66.68
SH.601888,中国中免,2025-04-16 00:00:00,64.45,66.1,66.59,63.01,32.67,0.02774,54163107,3584633095.0,2.6716371543957735,64.38
SH.601888,中国中免,2025-04-17 00:00:00,65.36,64.719999999,65.469999999,64.49,32.001,0.0136,26558473,1758044269.0,-2.087745841149772,66.1
SH.601888,中国中免,2025-04-18 00:00:00,64.95,63.57,64.95,63.049999999,31.444,0.01063,20750380,1347617338.0,-1.776885041745618,64.719999999
SH.601888,中国中免,2025-04-21 00:00:00,63.15,63.35,63.89,62.71,31.337,0.0082,16019118,1036625454.0,-0.34607519270095777,63.57
SH.601888,中国中免,2025-04-22 00:00:00,63.299999999,63.019999999,63.87,62.909999999,31.177,0.00915,17855404,1152708512.0,-0.520915550118393,63.35
SH.601888,中国中免,2025-04-23 00:00:00,63.04,61.66,63.269999999,61.59,30.518,0.01369,26722989,1693523275.0,-2.158045063506162,63.019999999
SH.601888,中国中免,2025-04-24 00:00:00,61.67,61.36,61.9,61.11,30.373,0.008,15617089,980497405.0,-0.486539085306515,61.66
SH.601888,中国中免,2025-04-25 00:00:00,61.38,61.7,62.08,61.38,30.538,0.00722,14101296,889342366.0,0.554106910039119,61.36
SH.601888,中国中免,2025-04-28 00:00:00,63.6,61.75,63.6,61.75,30.562,0.01151,22479533,1436847764.0,0.08103727714748324,61.7
SH.601888,中国中免,2025-04-29 00:00:00,61.57,61.02,61.58,60.76,33.078,0.00736,14379897,896771574.0,-1.1821862348178087,61.75
SH.601888,中国中免,2025-04-30 00:00:00,60.9,62.1,62.2,60.9,33.651,0.00809,15787094,994341526.0,1.769911504424776,61.02
SH.601888,中国中免,2025-05-06 00:00:00,62.18,62.26,62.3,61.38,33.736,0.00888,17332317,1094066308.0,0.2576489533011217,62.1
SH.601888,中国中免,2025-05-07 00:00:00,62.98,62.1,63.06,61.6,33.651,0.0091,17771925,1126718349.0,-0.25698682942498646,62.26
SH.601888,中国中免,2025-05-08 00:00:00,61.7,61.97,62.12,61.48,33.582,0.00538,10494620,663408476.0,-0.20933977455716998,62.1
SH.601888,中国中免,2025-05-09 00:00:00,61.7,61.42,61.85,61.33,33.29,0.00511,9973527,626272398.0,-0.8875262223656563,61.97
SH.601888,中国中免,2025-05-12 00:00:00,61.45,61.27,61.6,61.06,33.211,0.00719,14044051,879134853.0,-0.2442201237381937,61.42
SH.601888,中国中免,2025-05-13 00:00:00,61.6,61.21,61.8,61.18,33.179,0.00627,12242073,768088888.0,-0.09792720744247146,61.27
SH.601888,中国中免,2025-05-14 00:00:00,61.25,61.28,61.66,60.14,33.216,0.01004,19612182,1217459892.0,0.11436039862767569,61.21
SH.601888,中国中免,2025-05-15 00:00:00,61.04,60.43,61.27,60.43,32.765,0.00561,10947800,678878683.0,-1.387075718015668,61.28
SH.601888,中国中免,2025-05-16 00:00:00,60.43,61.57,61.8,60.2,33.37,0.00977,19078872,1191031616.0,1.8864802250537822,60.43
SH.601888,中国中免,2025-05-19 00:00:00,61.08,60.58,61.17,60.54,32.845,0.00566,11054482,685087603.0,-1.6079259379568005,61.57
SH.601888,中国中免,2025-05-20 00:00:00,60.6,60.61,60.82,60.46,32.86,0.00409,7979561,494391606.0,0.04952129415648917,60.58
SH.601888,中国中免,2025-05-21 00:00:00,60.48,60.6,60.9,60.4,32.855,0.00431,8417982,521574450.0,-0.016498927569704686,60.61
SH.601888,中国中免,2025-05-22 00:00:00,60.5,59.94,60.7,59.94,32.505,0.0049,9568375,588990595.0,-1.0891089108910952,60.6
SH.601888,中国中免,2025-05-23 00:00:00,59.94,59.58,60.33,59.51,32.314,0.0046,8985011,549770980.0,-0.6006006006005996,59.94
SH.601888,中国中免,2025-05-26 00:00:00,59.51,59.85,59.86,59.44,32.457,0.00299,5845003,356523147.0,0.4531722054380717,59.58
SH.601888,中国中免,2025-05-27 00:00:00,59.7,59.88,60.03,59.65,32.473,0.00244,4767386,291629334.0,0.05012531328320992,59.85
SH.601888,中国中免,2025-05-28 00:00:00,59.88,59.93,60.15,59.58,32.5,0.00278,5421794,332096880.0,0.08350033400133126,59.88
SH.601888,中国中免,2025-05-29 00:00:00,59.8,60.33,60.4,59.65,32.712,0.00436,8509358,522912038.0,0.667445352911728,59.93
SH.601888,中国中免,2025-05-30 00:00:00,60.26,59.29,60.26,59.29,32.16,0.00405,7905246,482983623.0,-1.7238521465274312,60.33
SH.601888,中国中免,2025-06-03 00:00:00,58.9,59.62,59.79,58.9,32.335,0.00305,5958115,361991878.0,0.5565862708719823,59.29
SH.601888,中国中免,2025-06-04 00:00:00,59.63,60.34,60.48,59.42,32.717,0.00489,9554118,585971362.0,1.207648440120775,59.62
SH.601888,中国中免,2025-06-05 00:00:00,60.17,60.05,60.32,59.95,32.563,0.00365,7129454,437361854.0,-0.48060987736162786,60.34
SH.601888,中国中免,2025-06-06 00:00:00,60.0,60.31,60.65,59.73,32.701,0.00451,8813267,541589689.0,0.43297252289759386,60.05
SH.601888,中国中免,2025-06-09 00:00:00,60.31,60.36,60.58,60.03,32.728,0.00392,7652743,471774120.0,0.08290499088044628,60.31
SH.601888,中国中免,2025-06-10 00:00:00,60.36,59.86,60.39,59.35,32.462,0.00504,9840796,601824629.0,-0.828363154406892,60.36
SH.601888,中国中免,2025-06-11 00:00:00,59.72,60.08,60.47,59.72,32.579,0.00402,7855676,482934886.0,0.3675242231874355,59.86
SH.601888,中国中免,2025-06-12 00:00:00,60.1,59.88,60.15,59.76,32.473,0.00312,6098829,373093703.0,-0.33288948069240304,60.08
SH.601888,中国中免,2025-06-13 00:00:00,59.9,59.1,60.14,59.05,32.059,0.00606,11822607,717435497.0,-1.3026052104208434,59.88
SH.601888,中国中免,2025-06-16 00:00:00,58.93,59.15,59.3,58.81,32.085,0.00308,6012787,363209935.0,0.08460236886632345,59.1
SH.601888,中国中免,2025-06-17 00:00:00,59.21,59.33,59.65,59.2,32.181,0.0032,6249692,379208301.0,0.30431107354184234,59.15
SH.601888,中国中免,2025-06-18 00:00:00,59.31,59.36,59.54,59.05,32.197,0.00306,5981136,362741588.0,0.05056463846283691,59.33
SH.601888,中国中免,2025-06-19 00:00:00,59.16,59.51,59.85,59.16,32.277,0.00541,10571309,643408519.0,0.252695417789755,59.36
SH.601888,中国中免,2025-06-20 00:00:00,59.53,59.93,60.84,59.25,31.942,0.00788,15392329,930636846.0,0.7057637371870303,59.51
SH.601888,中国中免,2025-06-23 00:00:00,59.62,59.46,59.62,58.54,31.693,0.00565,11036590,655031544.0,-0.7842482896712812,59.93
SH.601888,中国中免,2025-06-24 00:00:00,59.69,60.63,60.64,59.68,32.314,0.00687,13407471,812431769.0,1.967709384460144,59.46
SH.601888,中国中免,2025-06-25 00:00:00,60.65,61.05,61.1,60.26,32.537,0.00672,13118590,799601156.0,0.6927263730826234,60.63
SH.601888,中国中免,2025-06-26 00:00:00,60.75,60.85,61.37,60.57,32.43,0.00613,11960119,731347893.0,-0.32760032760032065,61.05
SH.601888,中国中免,2025-06-27 00:00:00,60.77,60.34,61.07,60.33,32.16,0.00591,11539508,702066882.0,-0.8381265406737847,60.85
SH.601888,中国中免,2025-06-30 00:00:00,60.34,60.72,60.82,60.32,32.361,0.00492,9607044,584505776.0,0.6297646668876291,60.34
SH.601888,中国中免,2025-07-01 00:00:00,60.71,60.36,60.81,60.31,32.17,0.00384,7504691,455519065.0,-0.5928853754940703,60.72
SH.601888,中国中免,2025-07-02 00:00:00,60.4,60.43,60.67,60.15,32.208,0.00419,8183723,496314172.0,0.11597084161696534,60.36
SH.601888,中国中免,2025-07-03 00:00:00,60.38,60.48,60.67,60.22,32.234,0.00401,7833404,475569082.0,0.08274036074796816,60.43
SH.601888,中国中免,2025-07-04 00:00:00,60.5,60.78,61.3,60.44,32.393,0.00736,14378065,879630874.0,0.4960317460317531,60.48
SH.601888,中国中免,2025-07-07 00:00:00,60.61,60.55,60.78,60.39,32.271,0.00342,6682688,406454739.0,-0.3784139519578874,60.78
SH.601888,中国中免,2025-07-08 00:00:00,60.55,61.09,61.15,60.41,32.558,0.006,11708978,715155313.0,0.8918249380677231,60.55
SH.601888,中国中免,2025-07-09 00:00:00,61.0,60.93,61.66,60.88,32.473,0.00662,12918177,794589998.0,-0.261908659355056,61.09
SH.601888,中国中免,2025-07-10 00:00:00,60.93,61.61,62.25,60.85,32.834,0.00903,17622374,1089416714.0,1.116034794025931,60.93
SH.601888,中国中免,2025-07-11 00:00:00,61.67,62.0,62.38,61.49,33.041,0.00932,18195230,1132345718.0,0.6330141210842405,61.61
SH.601888,中国中免,2025-07-14 00:00:00,61.74,61.35,61.91,61.35,32.696,0.00583,11374291,702827047.0,-1.0483870967741913,62.0
SH.601888,中国中免,2025-07-15 00:00:00,61.33,60.83,61.41,60.55,32.42,0.0058,11331411,693210364.0,-0.847595762021195,61.35
SH.601888,中国中免,2025-07-16 00:00:00,60.85,60.9,61.3,60.75,32.457,0.00364,7107554,435452014.0,0.1150747986191029,60.83
SH.601888,中国中免,2025-07-17 00:00:00,60.97,61.4,61.89,60.97,32.722,0.00532,10385004,639523317.0,0.8210180623973727,60.9
SH.601888,中国中免,2025-07-18 00:00:00,61.47,62.52,62.95,61.46,33.317,0.01139,22248395,1391731819.0,1.8241042345276948,61.4
SH.601888,中国中免,2025-07-21 00:00:00,62.42,63.53,63.989999999,62.16,33.853,0.01123,21926436,1387580611.0,1.6154830454254605,62.52
SH.601888,中国中免,2025-07-22 00:00:00,64.75,65.18,65.239999999,63.38,34.729,0.02184,42648470,2759863226.0,2.5971981740909893,63.53
SH.601888,中国中免,2025-07-23 00:00:00,65.75,64.15,66.43,64.15,34.182,0.02342,45718366,2982712616.0,-1.5802393372200079,65.18
SH.601888,中国中免,2025-07-24 00:00:00,64.64,70.59,70.59,64.64,37.6,0.03661,71488095,4932577448.0,10.038971161340605,64.15
SH.601888,中国中免,2025-07-25 00:00:00,71.97,67.8,71.97,67.45,36.119,0.03994,77990227,5399088548.0,-3.9524011899702596,70.59
SH.601888,中国中免,2025-07-28 00:00:00,66.95,66.12,68.2,65.849999999,35.228,0.02205,43049725,2878510842.0,-2.4778761061946795,67.8
SH.601888,中国中免,2025-07-29 00:00:00,66.12,65.98,66.84,65.5,35.153,0.01243,24277969,1606357041.0,-0.21173623714458642,66.12
SH.601888,中国中免,2025-07-30 00:00:00,65.93,66.03,66.769999999,65.5,35.18,0.01372,26787039,1779647052.0,0.07578053955743734,65.98
SH.601888,中国中免,2025-07-31 00:00:00,65.94,64.709999999,65.95,64.41,34.479,0.01305,25486901,1661247182.0,-1.9990913236407646,66.03
SH.601888,中国中免,2025-08-01 00:00:00,64.5,64.34,65.15,64.16,34.283,0.00625,12211655,791343898.0,-0.5717817941673909,64.709999999
SH.601888,中国中免,2025-08-04 00:00:00,64.18,64.379999999,64.7,63.9,34.304,0.00712,13896276,896943847.0,0.06216972179049209,64.34
SH.601888,中国中免,2025-08-05 00:00:00,64.43,64.629999999,64.72,64.2,34.437,0.00598,11678896,756488873.0,0.38831935384262684,64.379999999
SH.601888,中国中免,2025-08-06 00:00:00,64.66,64.61,64.66,64.17,34.426,0.00581,11336211,733128559.0,-0.03094537985504572,64.629999999
SH.601888,中国中免,2025-08-07 00:00:00,64.64,64.64,65.05,64.459999999,34.442,0.00745,14537548,944336954.0,0.04643244079863974,64.61
SH.601888,中国中免,2025-08-08 00:00:00,64.55,64.79,65.09,64.11,34.522,0.00689,13444165,871832543.0,0.23205445544555334,64.64
SH.601888,中国中免,2025-08-11 00:00:00,64.79,65.39,65.55,64.55,34.84,0.00954,18618683,1218766748.0,0.9260688377835996,64.79
SH.601888,中国中免,2025-08-12 00:00:00,65.29,65.4,65.93,65.069999999,34.846,0.00811,15837466,1039689518.0,0.015292858235211983,65.39
SH.601888,中国中免,2025-08-13 00:00:00,65.9,65.379999999,66.55,65.25,34.835,0.01254,24482753,1616940904.0,-0.030581041284403143,65.4
SH.601888,中国中免,2025-08-14 00:00:00,65.15,64.18,65.59,64.15,34.198,0.01117,21816920,1421561680.0,-1.835423675463985,65.379999999
SH.601888,中国中免,2025-08-15 00:00:00,64.12,64.41,64.73,63.769999999,34.32,0.00997,19466378,1258267546.0,0.35836709255218097,64.18
SH.601888,中国中免,2025-08-18 00:00:00,64.41,65.16,66.03,64.36,34.718,0.01668,32558876,2139907844.0,1.1644154634373545,64.41
SH.601888,中国中免,2025-08-19 00:00:00,65.43,65.48,66.269999999,65.25,34.888,0.01159,22619529,1491233416.0,0.4910988336402815,65.16
SH.601888,中国中免,2025-08-20 00:00:00,65.48,66.4,66.45,64.95,35.376,0.0142,27730796,1836826646.0,1.4050091631032402,65.48
SH.601888,中国中免,2025-08-21 00:00:00,66.43,66.879999999,68.01,66.15,35.631,0.01706,33303080,2240773743.0,0.7228915647590366,66.4
SH.601888,中国中免,2025-08-22 00:00:00,66.75,67.23,67.23,66.41,35.817,0.013,25382143,1701682860.0,0.5233253603547117,66.879999999
SH.601888,中国中免,2025-08-25 00:00:00,67.75,68.99,69.02,67.41,36.751,0.02,39056544,2681487066.0,2.617878923099793,67.23
SH.601888,中国中免,2025-08-26 00:00:00,68.76,71.16,73.05,68.25,41.229,0.02904,56700462,4024706945.0,3.145383388896944,68.99
SH.601888,中国中免,2025-08-27 00:00:00,70.01,68.44,70.67,68.43,39.659,0.02516,49129196,3433772430.0,-3.8223721191680706,71.16
SH.601888,中国中免,2025-08-28 00:00:00,68.41,68.67,69.58,67.25,39.792,0.01887,36837668,2527774162.0,0.33606078316774396,68.44
SH.601888,中国中免,2025-08-29 00:00:00,68.67,69.04,70.69,68.45,40.005,0.02057,40155516,2806559421.0,0.5388087956895362,68.67
SH.601888,中国中免,2025-09-01 00:00:00,68.75,69.06,70.4,68.47,40.017,0.01843,35979129,2504697264.0,0.028968713789101996,69.04
SH.601888,中国中免,2025-09-02 00:00:00,68.87,68.54,70.01,67.959999999,39.717,0.01627,31768918,2195143369.0,-0.7529684332464466,69.06
SH.601888,中国中免,2025-09-03 00:00:00,68.75,67.2,69.25,66.95,38.943,0.01389,27110474,1841326755.0,-1.9550627370878366,68.54
SH.601888,中国中免,2025-09-04 00:00:00,66.95,67.5,68.37,66.68,39.116,0.01534,29950431,2030172773.0,0.4464285714285672,67.2
SH.601888,中国中免,2025-09-05 00:00:00,67.75,70.24,70.44,66.86,40.698,0.02491,48645067,3377644271.0,4.059259259259251,67.5
SH.601888,中国中免,2025-09-08 00:00:00,70.2,71.25,72.1,69.85,41.281,0.02204,43034007,3072591425.0,1.4379271070615107,70.24
SH.601888,中国中免,2025-09-09 00:00:00,70.95,70.77,71.38,70.09,41.004,0.01377,26878736,1906281346.0,-0.6736842105263213,71.25
SH.601888,中国中免,2025-09-10 00:00:00,70.53,70.43,71.33,70.16,40.808,0.0115,22454003,1590895987.0,-0.4804295605482397,70.77
SH.601888,中国中免,2025-09-11 00:00:00,70.06,71.1,71.1,69.38,41.195,0.0153,29876297,2105687999.0,0.9512991622887795,70.43
SH.601888,中国中免,2025-09-12 00:00:00,71.15,70.15,73.31,69.99,40.646,0.02336,45600897,3258045016.0,-1.3361462728551177,71.1
SH.601888,中国中免,2025-09-15 00:00:00,70.03,69.69,70.56,69.55,40.381,0.01262,24630792,1727584027.0,-0.6557377049180441,70.15
SH.601888,中国中免,2025-09-16 00:00:00,70.25,71.29,71.75,70.1,41.304,0.01786,34870072,2479170067.0,2.2958817620892646,69.69
SH.601888,中国中免,2025-09-17 00:00:00,71.86,70.9,71.86,70.26,41.079,0.0145,28303414,2011370196.0,-0.5470612989199054,71.29
SH.601888,中国中免,2025-09-18 00:00:00,70.92,71.43,73.75,70.92,41.385,0.03656,71375886,5176956916.0,0.7475317348378012,70.9
SH.601888,中国中免,2025-09-19 00:00:00,71.44,73.72,74.04,70.04,42.707,0.03577,69840274,5060856078.0,3.2059358812823633,71.43
SH.601888,中国中免,2025-09-22 00:00:00,73.71,72.79,73.72,72.27,42.17,0.02045,39935091,2916041302.0,-1.2615301139446455,73.72
SH.601888,中国中免,2025-09-23 00:00:00,72.27,69.76,72.39,69.44,40.421,0.02321,45310952,3203215402.0,-4.1626597060035735,72.79
SH.601888,中国中免,2025-09-24 00:00:00,69.32,70.01,70.12,69.22,40.565,0.01233,24075880,1686083165.0,0.3583715596330275,69.76
SH.601888,中国中免,2025-09-25 00:00:00,69.99,69.9,70.33,69.35,40.502,0.01253,24472818,1712049971.0,-0.15712041136980348,70.01
SH.601888,中国中免,2025-09-26 00:00:00,69.65,69.95,70.98,68.69,40.531,0.01458,28466317,1994616818.0,0.07153075822603312,69.9
SH.601888,中国中免,2025-09-29 00:00:00,69.56,70.45,70.65,68.93,40.819,0.013,25380723,1778942186.0,0.7147962830593281,69.95
SH.601888,中国中免,2025-09-30 00:00:00,70.46,71.32,71.51,70.15,41.322,0.01413,27584320,1965317957.0,1.234918381831072,70.45
SH.601888,中国中免,2025-10-09 00:00:00,70.45,69.41,70.45,69.3,40.219,0.01823,35588706,2486217640.0,-2.6780706674144654,71.32
SH.601888,中国中免,2025-10-10 00:00:00,69.26,68.349999999,69.9,67.98,39.607,0.01353,26418365,1832211198.0,-1.527157471545875,69.41
SH.601888,中国中免,2025-10-13 00:00:00,66.65,67.819999999,67.92,66.41,39.301,0.01085,21178567,1431545005.0,-0.7754206291261965,68.349999999
SH.601888,中国中免,2025-10-14 00:00:00,67.94,68.209999999,69.12,67.92,39.526,0.01053,20552887,1410658277.0,0.5750516072039974,67.819999999
SH.601888,中国中免,2025-10-15 00:00:00,68.69,69.24,69.75,68.55,40.121,0.01102,21508389,1493780318.0,1.5100425172483374,68.209999999
SH.601888,中国中免,2025-10-16 00:00:00,68.95,69.71,70.93,68.85,40.392,0.01266,24714035,1737971644.0,0.6787983824378956,69.24
SH.601888,中国中免,2025-10-17 00:00:00,69.76,69.77,71.04,69.14,40.427,0.01769,34532595,2428476191.0,0.08607086501219664,69.71
SH.601888,中国中免,2025-10-20 00:00:00,70.4,70.07,71.55,69.73,40.6,0.01421,27741760,1965895560.0,0.4299842339114192,69.77
SH.601888,中国中免,2025-10-21 00:00:00,70.2,70.46,70.7,68.86,40.825,0.0121,23624099,1656513943.0,0.556586270871986,70.07
SH.601888,中国中免,2025-10-22 00:00:00,70.13,69.42,70.44,69.25,40.225,0.00887,17309848,1209238976.0,-1.4760147601475904,70.46
SH.601888,中国中免,2025-10-23 00:00:00,69.04,69.85,69.95,68.82,40.473,0.00755,14737859,1026247098.0,0.6194180351483616,69.42
SH.601888,中国中免,2025-10-24 00:00:00,69.77,70.27,71.72,69.63,40.715,0.01245,24300583,1719601382.0,0.6012884753042258,69.85
SH.601888,中国中免,2025-10-27 00:00:00,70.28,69.68,70.52,69.65,40.375,0.00917,17907035,1256065783.0,-0.8396186139177305,70.27
SH.601888,中国中免,2025-10-28 00:00:00,69.68,69.21,70.08,69.16,40.103,0.00775,15129600,1056324383.0,-0.6745120551090887,69.68
SH.601888,中国中免,2025-10-29 00:00:00,69.03,71.12,71.94,69.02,41.206,0.01828,35695954,2531722166.0,2.759716803930084,69.21
SH.601888,中国中免,2025-10-30 00:00:00,71.13,72.85,75.25,70.92,44.491,0.03398,66343248,4906873593.0,2.4325084364454295,71.12
SH.601888,中国中免,2025-10-31 00:00:00,74.65,75.82,77.14,73.68,46.299,0.04239,82775074,6265608029.0,4.0768702814001365,72.85
SH.601888,中国中免,2025-11-03 00:00:00,75.75,76.42,77.05,74.75,46.664,0.02462,48062756,3657155214.0,0.7913479293062629,75.82
SH.601888,中国中免,2025-11-04 00:00:00,75.85,75.2,77.02,74.59,45.922,0.0185,36112710,2736932855.0,-1.5964407223239976,76.42
SH.601888,中国中免,2025-11-05 00:00:00,74.36,77.35,79.69,74.14,47.23,0.03319,64801179,5043849963.0,2.859042553191478,75.2
SH.601888,中国中免,2025-11-06 00:00:00,77.22,75.09,77.29,74.95,45.855,0.02178,42517919,3228687723.0,-2.921784098254675,77.35
SH.601888,中国中免,2025-11-07 00:00:00,76.26,78.74,80.55,75.88,48.076,0.03915,76439770,6029437477.0,4.860833666267134,75.09
SH.601888,中国中免,2025-11-10 00:00:00,79.05,86.64,86.64,78.73,52.884,0.0468,91381547,7686644247.0,10.03302006604014,78.74
SH.601888,中国中免,2025-11-11 00:00:00,88.4,90.28,93.14,86.25,55.1,0.07082,138266342,12320088257.0,4.201292705447831,86.64
SH.601888,中国中免,2025-11-12 00:00:00,89.69,88.96,93.55,88.27,54.297,0.05449,106388193,9695093564.0,-1.4621178555604866,90.28
SH.601888,中国中免,2025-11-13 00:00:00,88.02,90.27,91.19,87.26,55.094,0.04374,85396172,7623732987.0,1.4725719424460457,88.96
SH.601888,中国中免,2025-11-14 00:00:00,89.75,88.03,92.02,87.97,53.73,0.03417,66716405,5983442282.0,-2.4814445552232134,90.27
SH.601888,中国中免,2025-11-17 00:00:00,87.35,87.55,89.95,86.36,53.438,0.0283,55250738,4854304393.0,-0.5452686584119095,88.03
SH.601888,中国中免,2025-11-18 00:00:00,87.15,84.79,87.64,84.01,51.758,0.02919,56999795,4880233589.0,-3.152484294688739,87.55
SH.601888,中国中免,2025-11-19 00:00:00,84.34,82.15,85.57,81.52,50.152,0.0269,52516302,4353125281.0,-3.113574713999293,84.79
SH.601888,中国中免,2025-11-20 00:00:00,82.55,81.48,83.63,81.41,49.744,0.02076,40535745,3346967149.0,-0.815581253804019,82.15
SH.601888,中国中免,2025-11-21 00:00:00,80.29,78.8,82.23,78.8,48.113,0.02326,45408838,3656913062.0,-3.2891507118311325,81.48
SH.601888,中国中免,2025-11-24 00:00:00,79.25,78.28,79.83,77.51,47.796,0.01844,36008245,2833888408.0,-0.6598984771573554,78.8
SH.601888,中国中免,2025-11-25 00:00:00,78.95,79.44,79.8,78.65,48.502,0.01564,30537777,2427729497.0,1.4818599897802716,78.28
SH.601888,中国中免,2025-11-26 00:00:00,79.46,80.09,80.54,78.93,48.898,0.02016,39365499,3151195069.0,0.8182275931520716,79.44
SH.601888,中国中免,2025-11-27 00:00:00,80.65,78.25,80.66,78.17,47.778,0.01883,36764533,2914795673.0,-2.2974154076663793,80.09
SH.601888,中国中免,2025-11-28 00:00:00,78.27,78.78,78.9,76.85,48.101,0.01623,31696371,2475410981.0,0.6773162939297139,78.25
SH.601888,中国中免,2025-12-01 00:00:00,78.77,84.21,85.48,78.73,51.405,0.03771,73627167,6093773779.0,6.892612338156884,78.78
SH.601888,中国中免,2025-12-02 00:00:00,83.75,83.17,84.17,82.15,50.772,0.01827,35676995,2970633358.0,-1.2350077187982331,84.21
SH.601888,中国中免,2025-12-03 00:00:00,82.75,81.58,84.05,81.45,49.805,0.01528,29842778,2468607684.0,-1.911747024167372,83.17
SH.601888,中国中免,2025-12-04 00:00:00,80.9,80.97,81.55,80.05,49.433,0.01066,20812198,1685400773.0,-0.7477322873253242,81.58
SH.601888,中国中免,2025-12-05 00:00:00,80.92,80.77,81.52,79.91,49.312,0.01141,22278101,1802652110.0,-0.2470050636038074,80.97
SH.601888,中国中免,2025-12-08 00:00:00,80.86,81.86,82.7,80.86,49.975,0.01602,31270598,2564195840.0,1.3495109570385087,80.77
SH.601888,中国中免,2025-12-09 00:00:00,81.33,79.99,81.84,79.66,48.837,0.01477,28835812,2329500128.0,-2.2843879794771618,81.86
SH.601888,中国中免,2025-12-10 00:00:00,79.65,82.58,83.51,79.59,50.413,0.02652,51785315,4249257303.0,3.2379047380922663,79.99
SH.601888,中国中免,2025-12-11 00:00:00,82.35,79.23,82.35,79.16,48.374,0.01903,37149961,2991723364.0,-4.056672317752476,82.58
SH.601888,中国中免,2025-12-12 00:00:00,79.25,78.95,79.81,77.66,48.204,0.01436,28028199,2214801761.0,-0.35340148933484933,79.23
SH.601888,中国中免,2025-12-15 00:00:00,78.97,79.17,80.22,78.19,48.338,0.01129,22052604,1752136067.0,0.27865737808739566,78.95
SH.601888,中国中免,2025-12-16 00:00:00,79.36,80.1,80.95,79.0,48.752,0.01615,31532943,2526386584.0,1.174687381583924,79.17
SH.601888,中国中免,2025-12-17 00:00:00,80.5,79.72,80.88,76.92,48.52,0.01711,33410395,2623197704.0,-0.4744069912609182,80.1
SH.601888,中国中免,2025-12-18 00:00:00,78.8,76.5,79.52,76.5,46.561,0.01665,32515518,2523786980.0,-4.0391369794279965,79.72
SH.601888,中国中免,2025-12-19 00:00:00,76.5,82.81,84.15,76.5,50.401,0.03993,77956042,6330492622.0,8.248366013071898,76.5
SH.601888,中国中免,2025-12-22 00:00:00,84.0,91.09,91.09,83.4,55.441,0.04545,88745767,7833995856.0,9.998792416374835,82.81
SH.601888,中国中免,2025-12-23 00:00:00,92.67,88.91,95.64,88.87,54.114,0.06865,134030007,12272912960.0,-2.3932374574596627,91.09
SH.601888,中国中免,2025-12-24 00:00:00,87.26,87.86,88.66,86.15,53.475,0.03658,71430991,6244445892.0,-1.1809695197390588,88.91
SH.601888,中国中免,2025-12-25 00:00:00,87.0,85.21,87.26,85.01,51.862,0.02639,51523589,4417559296.0,-3.0161620760300543,87.86
SH.601888,中国中免,2025-12-26 00:00:00,84.84,92.3,92.88,84.53,56.177,0.05164,100830349,9084441270.0,8.320619645581509,85.21
SH.601888,中国中免,2025-12-29 00:00:00,93.0,91.48,95.1,90.1,55.678,0.03436,67085921,6185787244.0,-0.8884073672805994,92.3
SH.601888,中国中免,2025-12-30 00:00:00,91.38,90.21,91.38,88.88,54.905,0.02389,46653236,4194057122.0,-1.3882815916047335,91.48
SH.601888,中国中免,2025-12-31 00:00:00,90.57,94.56,95.66,88.88,57.553,0.04258,83146168,7700568730.0,4.822081809112082,90.21
SH.601888,中国中免,2026-01-05 00:00:00,92.97,90.29,93.3,89.5,54.954,0.04018,78449295,7105066803.0,-4.515651438240266,94.56
SH.601888,中国中免,2026-01-06 00:00:00,89.97,90.59,91.3,89.0,55.136,0.02962,57830493,5208861277.0,0.33226270904861793,90.29
SH.601888,中国中免,2026-01-07 00:00:00,90.6,93.41,94.79,90.1,56.853,0.03545,69224280,6453766913.0,3.112926371564183,90.59
SH.601888,中国中免,2026-01-08 00:00:00,92.46,92.95,96.41,92.16,56.573,0.02916,56929362,5356620318.0,-0.492452628198259,93.41
SH.601888,中国中免,2026-01-09 00:00:00,93.84,95.78,97.48,93.46,58.295,0.03493,68204901,6554581055.0,3.0446476600322736,92.95
SH.601888,中国中免,2026-01-12 00:00:00,95.79,95.4,97.5,93.93,58.064,0.03031,59171154,5640929534.0,-0.39674253497598183,95.78
SH.601888,中国中免,2026-01-13 00:00:00,95.4,91.91,95.82,91.81,55.94,0.02861,55861016,5219205396.0,-3.6582809224318753,95.4
SH.601888,中国中免,2026-01-14 00:00:00,92.0,90.05,93.09,89.93,54.808,0.03001,58599037,5347525518.0,-2.023718855402023,91.91
SH.601888,中国中免,2026-01-15 00:00:00,89.71,89.61,91.75,89.3,54.54,0.01953,38141134,3438573633.0,-0.48861743475846503,90.05
SH.601888,中国中免,2026-01-16 00:00:00,90.15,88.43,90.88,88.0,53.822,0.021,41008015,3643538196.0,-1.316817319495584,89.61
SH.601888,中国中免,2026-01-19 00:00:00,88.77,93.4,94.0,88.77,56.847,0.03663,71518903,6578229139.0,5.620264616080514,88.43
SH.601888,中国中免,2026-01-20 00:00:00,94.9,96.09,99.81,94.0,58.484,0.04348,84885643,8238635530.0,2.8800856531049224,93.4
SH.601888,中国中免,2026-01-21 00:00:00,96.09,95.09,97.5,94.18,57.875,0.02288,44680193,4258496281.0,-1.0406910188365073,96.09
SH.601888,中国中免,2026-01-22 00:00:00,97.0,93.61,97.45,92.91,56.975,0.0225,43923500,4147289399.0,-1.5564202334630393,95.09
SH.601888,中国中免,2026-01-23 00:00:00,93.62,93.32,97.5,92.81,56.798,0.0377,73605161,6998827502.0,-0.3097959619698817,93.61
SH.601888,中国中免,2026-01-26 00:00:00,93.14,92.66,95.5,92.62,56.396,0.02954,57672603,5411887727.0,-0.7072438919845656,93.32
SH.601888,中国中免,2026-01-27 00:00:00,92.67,90.8,93.16,90.01,55.264,0.02349,45868206,4161538055.0,-2.0073386574573706,92.66
SH.601888,中国中免,2026-01-28 00:00:00,90.75,89.84,91.5,89.8,54.68,0.02312,45146062,4075335008.0,-1.0572687224669535,90.8
SH.601888,中国中免,2026-01-29 00:00:00,89.13,92.3,92.3,87.17,56.177,0.03394,66275041,5986716274.0,2.738201246660723,89.84
SH.601888,中国中免,2026-01-30 00:00:00,92.39,89.37,92.39,89.0,54.394,0.02379,46444564,4182028918.0,-3.174431202600209,92.3
SH.601888,中国中免,2026-02-02 00:00:00,88.27,88.95,91.79,88.22,54.138,0.01696,33111155,2980272482.0,-0.4699563611950338,89.37
SH.601888,中国中免,2026-02-03 00:00:00,89.0,91.6,91.88,89.0,55.751,0.02353,45942349,4163725342.0,2.9792017987633406,88.95
SH.601888,中国中免,2026-02-04 00:00:00,91.1,91.49,91.77,90.25,55.684,0.01359,26532223,2417532551.0,-0.12008733624454086,91.6
SH.601888,中国中免,2026-02-05 00:00:00,90.91,92.47,93.3,90.72,56.281,0.02611,50981415,4697761100.0,1.0711553175210449,91.49
SH.601888,中国中免,2026-02-06 00:00:00,91.5,92.35,93.45,89.5,56.208,0.02041,39841702,3643115425.0,-0.12977181788688716,92.47
SH.601888,中国中免,2026-02-09 00:00:00,92.99,97.1,97.88,92.99,59.099,0.0367,71660717,6895475132.0,5.143475906876016,92.35
SH.601888,中国中免,2026-02-10 00:00:00,96.75,95.1,96.75,93.71,57.881,0.0223,43542050,4122756712.0,-2.059732234809475,97.1
SH.601888,中国中免,2026-02-11 00:00:00,94.45,97.0,98.72,94.3,59.038,0.02567,50123752,4854012113.0,1.9978969505783446,95.1
SH.601888,中国中免,2026-02-12 00:00:00,96.78,94.17,97.07,93.9,57.315,0.02218,43302754,4100219848.0,-2.917525773195875,97.0
SH.601888,中国中免,2026-02-13 00:00:00,94.47,94.64,95.59,93.42,57.601,0.0188,36714561,3473124221.0,0.4990973770839958,94.17
SH.601888,中国中免,2026-02-24 00:00:00,88.0,85.18,88.96,85.18,51.844,0.02491,48629402,4180062206.0,-9.995773457311913,94.64
SH.601888,中国中免,2026-02-25 00:00:00,83.0,82.1,83.94,80.61,49.969,0.03494,68228159,5605710670.0,-3.6158722704860438,85.18
SH.601888,中国中免,2026-02-26 00:00:00,81.22,80.1,82.0,80.01,48.752,0.02661,51961656,4186762476.0,-2.43605359317905,82.1
SH.601888,中国中免,2026-02-27 00:00:00,79.88,80.58,81.34,79.85,49.044,0.01464,28587504,2307044074.0,0.599250936329593,80.1
SH.601888,中国中免,2026-03-02 00:00:00,77.82,78.1,79.41,77.14,47.534,0.02187,42695443,3325599840.0,-3.0776867709109013,80.58
SH.601888,中国中免,2026-03-03 00:00:00,77.9,75.73,78.55,75.45,46.092,0.02382,46517528,3559379459.0,-3.034571062740065,78.1
SH.601888,中国中免,2026-03-04 00:00:00,75.06,76.76,76.98,75.02,46.719,0.01672,32655022,2484792515.0,1.3600950746071583,75.73
SH.601888,中国中免,2026-03-05 00:00:00,77.5,76.45,77.7,76.16,46.53,0.01224,23906753,1840674764.0,-0.40385617509119626,76.76
SH.601888,中国中免,2026-03-06 00:00:00,75.98,76.62,77.1,75.64,46.634,0.00907,17714766,1356833771.0,0.2223675604970591,76.45
SH.601888,中国中免,2026-03-09 00:00:00,75.0,75.1,75.5,74.17,45.709,0.01492,29131295,2177251028.0,-1.983816235969734,76.62
SH.601888,中国中免,2026-03-10 00:00:00,75.81,75.4,76.58,75.08,45.891,0.00918,17923553,1355162912.0,0.39946737683090733,75.1
SH.601888,中国中免,2026-03-11 00:00:00,75.41,74.33,75.65,74.06,45.24,0.01125,21958778,1636698127.0,-1.419098143236084,75.4
SH.601888,中国中免,2026-03-12 00:00:00,74.21,73.74,74.5,73.01,44.881,0.01212,23670439,1743452192.0,-0.7937575676039331,74.33
SH.601888,中国中免,2026-03-13 00:00:00,73.22,73.29,74.2,73.2,44.607,0.00912,17800916,1310670533.0,-0.6102522375915225,73.74
SH.601888,中国中免,2026-03-16 00:00:00,73.2,75.17,75.86,72.9,45.751,0.01706,33312040,2489599502.0,2.565152135352702,73.29
SH.601888,中国中免,2026-03-17 00:00:00,75.0,75.35,76.5,74.63,45.861,0.01351,26377040,2000710828.0,0.23945723027802662,75.17
SH.601888,中国中免,2026-03-18 00:00:00,75.0,74.96,75.5,74.27,45.623,0.00741,14458872,1081035668.0,-0.5175846051758468,75.35
SH.601888,中国中免,2026-03-19 00:00:00,74.0,72.56,74.2,72.36,44.163,0.01026,20031351,1462559407.0,-3.2017075773745884,74.96
SH.601888,中国中免,2026-03-20 00:00:00,73.0,72.2,73.86,72.15,44.132,0.00848,16554122,1207999441.0,-0.49614112458654824,72.56
SH.601888,中国中免,2026-03-23 00:00:00,71.8,70.77,72.15,70.2,43.257,0.01255,24495671,1743720249.0,-1.9806094182825578,72.2
SH.601888,中国中免,2026-03-24 00:00:00,71.51,70.82,71.6,69.53,43.288,0.00998,19492140,1370159646.0,0.07065140596297466,70.77
SH.601888,中国中免,2026-03-25 00:00:00,71.13,71.82,71.96,70.7,43.899,0.00889,17356841,1240622226.0,1.4120304998587971,70.82
SH.601888,中国中免,2026-03-26 00:00:00,71.52,70.69,72.12,70.41,43.209,0.00785,15324013,1089117512.0,-1.5733778891673564,71.82
SH.601888,中国中免,2026-03-27 00:00:00,70.0,71.65,71.85,69.9,43.795,0.00741,14464527,1031218721.0,1.3580421558919338,70.69
SH.601888,中国中免,2026-03-30 00:00:00,70.51,70.86,71.16,70.07,41.054,0.00688,13439196,949102945.0,-1.1025819958129883,71.65
SH.601888,中国中免,2026-03-31 00:00:00,71.35,70.38,73.24,70.38,40.776,0.01087,21218819,1522296670.0,-0.6773920406435281,70.86
SH.601888,中国中免,2026-04-01 00:00:00,71.58,71.4,71.91,70.5,41.367,0.00943,18418858,1311907596.0,1.4492753623188552,70.38
